# https://github.com/mikedh/trimesh
v -0.01170000 0.00000000 -0.04900000
v -0.01120000 -0.00422705 -0.04831544
v -0.01170000 -0.00427063 -0.04881354
v -0.01120000 -0.00842194 -0.04776318
v -0.01170000 -0.00850876 -0.04825558
v -0.01120000 -0.01255272 -0.04684740
v -0.01170000 -0.01268213 -0.04733036
v -0.01120000 -0.01658798 -0.04557509
v -0.01170000 -0.01675899 -0.04604494
v -0.01120000 -0.02049698 -0.04395593
v -0.01170000 -0.02070829 -0.04440908
v -0.01120000 -0.02425000 -0.04200223
v -0.01170000 -0.02450000 -0.04243524
v -0.01120000 -0.02781846 -0.03972887
v -0.01170000 -0.02810525 -0.04013845
v -0.01120000 -0.03117520 -0.03715315
v -0.01170000 -0.03149659 -0.03753618
v -0.01120000 -0.03429468 -0.03429468
v -0.01170000 -0.03464823 -0.03464823
v -0.01120000 -0.03715315 -0.03117520
v -0.01170000 -0.03753618 -0.03149659
v -0.01120000 -0.03972887 -0.02781846
v -0.01170000 -0.04013845 -0.02810525
v -0.01120000 -0.04200223 -0.02425000
v -0.01170000 -0.04243524 -0.02450000
v -0.01120000 -0.04395593 -0.02049698
v -0.01170000 -0.04440908 -0.02070829
v -0.01120000 -0.04557509 -0.01658798
v -0.01170000 -0.04604494 -0.01675899
v -0.01120000 -0.04684740 -0.01255272
v -0.01170000 -0.04733036 -0.01268213
v -0.01120000 -0.04776318 -0.00842194
v -0.01170000 -0.04825558 -0.00850876
v -0.01120000 -0.04831544 -0.00422705
v -0.01170000 -0.04881354 -0.00427063
v -0.01120000 -0.04850000 -0.00000000
v -0.01170000 -0.04900000 -0.00000000
v -0.01120000 -0.04831544 0.00422705
v -0.01170000 -0.04881354 0.00427063
v -0.01120000 -0.04776318 0.00842194
v -0.01170000 -0.04825558 0.00850876
v -0.01120000 -0.04684740 0.01255272
v -0.01170000 -0.04733036 0.01268213
v -0.01120000 -0.04557509 0.01658798
v -0.01170000 -0.04604494 0.01675899
v -0.01120000 -0.04395593 0.02049698
v -0.01170000 -0.04440908 0.02070829
v -0.01120000 -0.04200223 0.02425000
v -0.01170000 -0.04243524 0.02450000
v -0.01120000 -0.03972887 0.02781846
v -0.01170000 -0.04013845 0.02810525
v -0.01120000 -0.03715315 0.03117520
v -0.01170000 -0.03753618 0.03149659
v -0.01120000 -0.03429468 0.03429468
v -0.01170000 -0.03464823 0.03464823
v -0.01120000 -0.03117520 0.03715315
v -0.01170000 -0.03149659 0.03753618
v -0.01120000 -0.02781846 0.03972887
v -0.01170000 -0.02810525 0.04013845
v -0.01120000 -0.02425000 0.04200223
v -0.01170000 -0.02450000 0.04243524
v -0.01120000 -0.02049698 0.04395593
v -0.01170000 -0.02070829 0.04440908
v -0.01120000 -0.01658798 0.04557509
v -0.01170000 -0.01675899 0.04604494
v -0.01120000 -0.01255272 0.04684740
v -0.01170000 -0.01268213 0.04733036
v -0.01120000 -0.00842194 0.04776318
v -0.01170000 -0.00850876 0.04825558
v -0.01120000 -0.00422705 0.04831544
v -0.01170000 -0.00427063 0.04881354
v -0.01120000 -0.00000000 0.04850000
v -0.01170000 -0.00000000 0.04900000
v -0.01120000 0.00422705 0.04831544
v -0.01170000 0.00427063 0.04881354
v -0.01120000 0.00842194 0.04776318
v -0.01170000 0.00850876 0.04825558
v -0.01120000 0.01255272 0.04684740
v -0.01170000 0.01268213 0.04733036
v -0.01120000 0.01658798 0.04557509
v -0.01170000 0.01675899 0.04604494
v -0.01120000 0.02049698 0.04395593
v -0.01170000 0.02070829 0.04440908
v -0.01120000 0.02425000 0.04200223
v -0.01170000 0.02450000 0.04243524
v -0.01120000 0.02781846 0.03972887
v -0.01170000 0.02810525 0.04013845
v -0.01120000 0.03117520 0.03715315
v -0.01170000 0.03149659 0.03753618
v -0.01120000 0.03429468 0.03429468
v -0.01170000 0.03464823 0.03464823
v -0.01120000 0.03715315 0.03117520
v -0.01170000 0.03753618 0.03149659
v -0.01120000 0.03972887 0.02781846
v -0.01170000 0.04013845 0.02810525
v -0.01120000 0.04200223 0.02425000
v -0.01170000 0.04243524 0.02450000
v -0.01120000 0.04395593 0.02049698
v -0.01170000 0.04440908 0.02070829
v -0.01120000 0.04557509 0.01658798
v -0.01170000 0.04604494 0.01675899
v -0.01120000 0.04684740 0.01255272
v -0.01170000 0.04733036 0.01268213
v -0.01120000 0.04776318 0.00842194
v -0.01170000 0.04825558 0.00850876
v -0.01120000 0.04831544 0.00422705
v -0.01170000 0.04881354 0.00427063
v -0.01120000 0.04850000 0.00000000
v -0.01170000 0.04900000 0.00000000
v -0.01120000 0.04831544 -0.00422705
v -0.01170000 0.04881354 -0.00427063
v -0.01120000 0.04776318 -0.00842194
v -0.01170000 0.04825558 -0.00850876
v -0.01120000 0.04684740 -0.01255272
v -0.01170000 0.04733036 -0.01268213
v -0.01120000 0.04557509 -0.01658798
v -0.01170000 0.04604494 -0.01675899
v -0.01120000 0.04395593 -0.02049698
v -0.01170000 0.04440908 -0.02070829
v -0.01120000 0.04200223 -0.02425000
v -0.01170000 0.04243524 -0.02450000
v -0.01120000 0.03972887 -0.02781846
v -0.01170000 0.04013845 -0.02810525
v -0.01120000 0.03715315 -0.03117520
v -0.01170000 0.03753618 -0.03149659
v -0.01120000 0.03429468 -0.03429468
v -0.01170000 0.03464823 -0.03464823
v -0.01120000 0.03117520 -0.03715315
v -0.01170000 0.03149659 -0.03753618
v -0.01120000 0.02781846 -0.03972887
v -0.01170000 0.02810525 -0.04013845
v -0.01120000 0.02425000 -0.04200223
v -0.01170000 0.02450000 -0.04243524
v -0.01120000 0.02049698 -0.04395593
v -0.01170000 0.02070829 -0.04440908
v -0.01120000 0.01658798 -0.04557509
v -0.01170000 0.01675899 -0.04604494
v -0.01120000 0.01255272 -0.04684740
v -0.01170000 0.01268213 -0.04733036
v -0.01120000 0.00842194 -0.04776318
v -0.01170000 0.00850876 -0.04825558
v -0.01120000 0.00422705 -0.04831544
v -0.01170000 0.00427063 -0.04881354
v -0.01120000 0.00000000 -0.04850000
v -0.04040000 -0.00427063 0.04881354
v -0.04040000 -0.00850876 0.04825558
v -0.04040000 -0.01268213 0.04733036
v -0.04040000 -0.01675899 0.04604494
v -0.04040000 -0.02070829 0.04440908
v -0.04040000 -0.02450000 0.04243524
v -0.04040000 -0.02810525 0.04013845
v -0.04040000 -0.03149659 0.03753618
v -0.04040000 -0.03464823 0.03464823
v -0.04040000 -0.03753618 0.03149659
v -0.04040000 -0.04013845 0.02810525
v -0.04040000 -0.04243524 0.02450000
v -0.04040000 -0.04440908 0.02070829
v -0.04040000 -0.04604494 0.01675899
v -0.04040000 -0.04733036 0.01268213
v -0.04040000 -0.04825558 0.00850876
v -0.04040000 -0.04881354 0.00427063
v -0.04040000 -0.04900000 0.00000000
v -0.04040000 -0.04881354 -0.00427063
v -0.04040000 -0.04825558 -0.00850876
v -0.04040000 -0.04733036 -0.01268213
v -0.04040000 -0.04604494 -0.01675899
v -0.04040000 -0.04440908 -0.02070829
v -0.04040000 -0.04243524 -0.02450000
v -0.04040000 -0.04013845 -0.02810525
v -0.04040000 -0.03753618 -0.03149659
v -0.04040000 -0.03464823 -0.03464823
v -0.04040000 -0.03149659 -0.03753618
v -0.04040000 -0.02810525 -0.04013845
v -0.04040000 -0.02450000 -0.04243524
v -0.04040000 -0.02070829 -0.04440908
v -0.04040000 -0.01675899 -0.04604494
v -0.04040000 -0.01268213 -0.04733036
v -0.04040000 -0.00850876 -0.04825558
v -0.04040000 -0.00427063 -0.04881354
v -0.04040000 -0.00000000 -0.04900000
v -0.04040000 0.00427063 -0.04881354
v -0.04040000 0.00850876 -0.04825558
v -0.04040000 0.01268213 -0.04733036
v -0.04040000 0.01675899 -0.04604494
v -0.04040000 0.02070829 -0.04440908
v -0.04040000 0.02450000 -0.04243524
v -0.04040000 0.02810525 -0.04013845
v -0.04040000 0.03149659 -0.03753618
v -0.04040000 0.03464823 -0.03464823
v -0.04040000 0.03753618 -0.03149659
v -0.04040000 0.04013845 -0.02810525
v -0.04040000 0.04243524 -0.02450000
v -0.04040000 0.04440908 -0.02070829
v -0.04040000 0.04604494 -0.01675899
v -0.04040000 0.04733036 -0.01268213
v -0.04040000 0.04825558 -0.00850876
v -0.04040000 0.04881354 -0.00427063
v -0.04040000 0.04900000 -0.00000000
v -0.04040000 0.04881354 0.00427063
v -0.04040000 0.04825558 0.00850876
v -0.04040000 0.04733036 0.01268213
v -0.04040000 0.04604494 0.01675899
v -0.04040000 0.04440908 0.02070829
v -0.04040000 0.04243524 0.02450000
v -0.04040000 0.04013845 0.02810525
v -0.04040000 0.03753618 0.03149659
v -0.04040000 0.03464823 0.03464823
v -0.04040000 0.03149659 0.03753618
v -0.04040000 0.02810525 0.04013845
v -0.04040000 0.02450000 0.04243524
v -0.04040000 0.02070829 0.04440908
v -0.04040000 0.01675899 0.04604494
v -0.04040000 0.01268213 0.04733036
v -0.04040000 0.00850876 0.04825558
v -0.04040000 0.00427063 0.04881354
v -0.04040000 0.00000000 0.04900000
v -0.04090000 -0.00422705 0.04831544
v -0.04090000 -0.00842194 0.04776318
v -0.04090000 -0.01255272 0.04684740
v -0.04090000 -0.01658798 0.04557509
v -0.04090000 -0.02049698 0.04395593
v -0.04090000 -0.02425000 0.04200223
v -0.04090000 -0.02781846 0.03972887
v -0.04090000 -0.03117520 0.03715315
v -0.04090000 -0.03429468 0.03429468
v -0.04090000 -0.03715315 0.03117520
v -0.04090000 -0.03972887 0.02781846
v -0.04090000 -0.04200223 0.02425000
v -0.04090000 -0.04395593 0.02049698
v -0.04090000 -0.04557509 0.01658798
v -0.04090000 -0.04684740 0.01255272
v -0.04090000 -0.04776318 0.00842194
v -0.04090000 -0.04831544 0.00422705
v -0.04090000 -0.04850000 0.00000000
v -0.04090000 -0.04831544 -0.00422705
v -0.04090000 -0.04776318 -0.00842194
v -0.04090000 -0.04684740 -0.01255272
v -0.04090000 -0.04557509 -0.01658798
v -0.04090000 -0.04395593 -0.02049698
v -0.04090000 -0.04200223 -0.02425000
v -0.04090000 -0.03972887 -0.02781846
v -0.04090000 -0.03715315 -0.03117520
v -0.04090000 -0.03429468 -0.03429468
v -0.04090000 -0.03117520 -0.03715315
v -0.04090000 -0.02781846 -0.03972887
v -0.04090000 -0.02425000 -0.04200223
v -0.04090000 -0.02049698 -0.04395593
v -0.04090000 -0.01658798 -0.04557509
v -0.04090000 -0.01255272 -0.04684740
v -0.04090000 -0.00842194 -0.04776318
v -0.04090000 -0.00422705 -0.04831544
v -0.04090000 -0.00000000 -0.04850000
v -0.04090000 0.00422705 -0.04831544
v -0.04090000 0.00842194 -0.04776318
v -0.04090000 0.01255272 -0.04684740
v -0.04090000 0.01658798 -0.04557509
v -0.04090000 0.02049698 -0.04395593
v -0.04090000 0.02425000 -0.04200223
v -0.04090000 0.02781846 -0.03972887
v -0.04090000 0.03117520 -0.03715315
v -0.04090000 0.03429468 -0.03429468
v -0.04090000 0.03715315 -0.03117520
v -0.04090000 0.03972887 -0.02781846
v -0.04090000 0.04200223 -0.02425000
v -0.04090000 0.04395593 -0.02049698
v -0.04090000 0.04557509 -0.01658798
v -0.04090000 0.04684740 -0.01255272
v -0.04090000 0.04776318 -0.00842194
v -0.04090000 0.04831544 -0.00422705
v -0.04090000 0.04850000 -0.00000000
v -0.04090000 0.04831544 0.00422705
v -0.04090000 0.04776318 0.00842194
v -0.04090000 0.04684740 0.01255272
v -0.04090000 0.04557509 0.01658798
v -0.04090000 0.04395593 0.02049698
v -0.04090000 0.04200223 0.02425000
v -0.04090000 0.03972887 0.02781846
v -0.04090000 0.03715315 0.03117520
v -0.04090000 0.03429468 0.03429468
v -0.04090000 0.03117520 0.03715315
v -0.04090000 0.02781846 0.03972887
v -0.04090000 0.02425000 0.04200223
v -0.04090000 0.02049698 0.04395593
v -0.04090000 0.01658798 0.04557509
v -0.04090000 0.01255272 0.04684740
v -0.04090000 0.00842194 0.04776318
v -0.04090000 0.00422705 0.04831544
v -0.04090000 0.00000000 0.04850000
v -0.04090000 0.02764239 0.01288986
v -0.04090000 0.02641377 0.01525000
v -0.04090000 0.03102602 0.01502602
v -0.04090000 -0.04236927 0.00149429
v -0.04090000 -0.04250000 0.00150000
v -0.04090000 0.03627602 0.03102602
v -0.04090000 0.04263073 0.00149429
v -0.04090000 0.04250000 0.00150000
v -0.04090000 0.03102602 -0.03627602
v -0.04090000 -0.00000000 -0.04100000
v -0.04090000 -0.00013073 -0.04100571
v -0.04090000 -0.01502602 -0.03627602
v -0.04090000 -0.00026047 -0.04102279
v -0.04090000 -0.00038823 -0.04105111
v -0.04090000 -0.00051303 -0.04109046
v -0.04090000 -0.00063393 -0.04114054
v -0.04090000 -0.00075000 -0.04120096
v -0.04090000 -0.00086036 -0.04127127
v -0.04090000 -0.00026047 -0.04397721
v -0.04090000 -0.00013073 -0.04399429
v -0.04090000 0.00000000 -0.04400000
v -0.04090000 0.00013073 -0.04399429
v -0.04090000 0.00075000 -0.04379904
v -0.04090000 0.00086036 -0.04372873
v -0.04090000 0.00075000 -0.04120096
v -0.04090000 0.00063393 -0.04114054
v -0.04090000 0.01502602 -0.03627602
v -0.04090000 0.00051303 -0.04109046
v -0.04090000 -0.00096418 -0.04364907
v -0.04090000 -0.00086036 -0.04372873
v -0.04090000 -0.00075000 -0.04379904
v -0.04090000 0.00063393 -0.04385946
v -0.04090000 -0.00063393 -0.04385946
v -0.04090000 -0.00051303 -0.04390954
v -0.04090000 -0.00038823 -0.04394889
v -0.04090000 0.00026047 -0.04397721
v -0.04090000 0.00038823 -0.04394889
v -0.04090000 0.00051303 -0.04390954
v -0.04090000 0.00140954 -0.04198697
v -0.04090000 0.00135946 -0.04186607
v -0.04090000 0.00114907 -0.04153582
v -0.04090000 0.00106066 -0.04143934
v -0.04090000 0.00038823 -0.04105111
v -0.04090000 0.00026047 -0.04102279
v -0.04090000 0.00013073 -0.04100571
v -0.04090000 -0.00149429 -0.04236927
v -0.04090000 -0.00150000 -0.04250000
v -0.04090000 -0.00129904 -0.04325000
v -0.04090000 -0.00122873 -0.04336036
v -0.04090000 -0.00114907 -0.04346418
v -0.04090000 -0.00106066 -0.04356066
v -0.04090000 0.00096418 -0.04135093
v -0.04090000 0.00086036 -0.04127127
v -0.04090000 -0.00096418 -0.04135093
v -0.04090000 -0.00106066 -0.04143934
v -0.04090000 -0.00114907 -0.04153582
v -0.04090000 -0.00122873 -0.04163964
v -0.04090000 -0.00129904 -0.04175000
v -0.04090000 -0.00135946 -0.04186607
v -0.04090000 0.00129904 -0.04175000
v -0.04090000 0.00122873 -0.04163964
v -0.04090000 -0.00140954 -0.04198697
v -0.04090000 -0.00144889 -0.04211177
v -0.04090000 -0.00147721 -0.04223953
v -0.04090000 -0.00135946 -0.04313393
v -0.04090000 -0.00140954 -0.04301303
v -0.04090000 -0.00149429 -0.04263073
v -0.04090000 -0.00147721 -0.04276047
v -0.04090000 -0.00144889 -0.04288823
v -0.04090000 0.00096418 -0.04364907
v -0.04090000 0.00106066 -0.04356066
v -0.04090000 0.00114907 -0.04346418
v -0.04090000 0.00149429 -0.04263073
v -0.04090000 0.00150000 -0.04250000
v -0.04090000 0.00122873 -0.04336036
v -0.04090000 0.00129904 -0.04325000
v -0.04090000 0.00135946 -0.04313393
v -0.04090000 0.00140954 -0.04301303
v -0.04090000 0.00144889 -0.04288823
v -0.04090000 0.00147721 -0.04276047
v -0.04090000 0.00149429 -0.04236927
v -0.04090000 0.00147721 -0.04223953
v -0.04090000 0.00144889 -0.04211177
v -0.04090000 0.03627602 -0.01502602
v -0.04090000 0.03627602 -0.03102602
v -0.04090000 0.04105111 -0.00038823
v -0.04090000 0.04109046 -0.00051303
v -0.04090000 0.04198697 0.00140954
v -0.04090000 0.04186607 0.00135946
v -0.04090000 0.03627602 0.01502602
v -0.04090000 0.04175000 0.00129904
v -0.04090000 0.04120096 0.00075000
v -0.04090000 0.04114054 0.00063393
v -0.04090000 0.04102279 -0.00026047
v -0.04090000 0.04163964 0.00122873
v -0.04090000 0.04153582 0.00114907
v -0.04090000 0.04143934 0.00106066
v -0.04090000 0.04135093 0.00096418
v -0.04090000 0.04127127 0.00086036
v -0.04090000 0.04109046 0.00051303
v -0.04090000 0.04105111 0.00038823
v -0.04090000 0.04102279 0.00026047
v -0.04090000 0.04100571 0.00013073
v -0.04090000 0.04100000 -0.00000000
v -0.04090000 0.04100571 -0.00013073
v -0.04090000 0.04127127 -0.00086036
v -0.04090000 0.04135093 -0.00096418
v -0.04090000 0.04379904 0.00075000
v -0.04090000 0.04372873 0.00086036
v -0.04090000 0.04236927 0.00149429
v -0.04090000 0.04223953 0.00147721
v -0.04090000 0.04211177 0.00144889
v -0.04090000 0.04114054 -0.00063393
v -0.04090000 0.04120096 -0.00075000
v -0.04090000 0.04364907 -0.00096418
v -0.04090000 0.04372873 -0.00086036
v -0.04090000 0.04379904 -0.00075000
v -0.04090000 0.04397721 -0.00026047
v -0.04090000 0.04399429 -0.00013073
v -0.04090000 0.04400000 0.00000000
v -0.04090000 0.04399429 0.00013073
v -0.04090000 0.04385946 0.00063393
v -0.04090000 0.04143934 -0.00106066
v -0.04090000 0.04153582 -0.00114907
v -0.04090000 0.04163964 -0.00122873
v -0.04090000 0.04397721 0.00026047
v -0.04090000 0.04394889 0.00038823
v -0.04090000 0.04390954 0.00051303
v -0.04090000 0.04385946 -0.00063393
v -0.04090000 0.04390954 -0.00051303
v -0.04090000 0.04394889 -0.00038823
v -0.04090000 0.04364907 0.00096418
v -0.04090000 0.04356066 0.00106066
v -0.04090000 0.04346418 0.00114907
v -0.04090000 0.04325000 -0.00129904
v -0.04090000 0.04336036 -0.00122873
v -0.04090000 0.04346418 -0.00114907
v -0.04090000 0.04356066 -0.00106066
v -0.04090000 0.04336036 0.00122873
v -0.04090000 0.04325000 0.00129904
v -0.04090000 0.04313393 0.00135946
v -0.04090000 0.04301303 0.00140954
v -0.04090000 0.04288823 0.00144889
v -0.04090000 0.04276047 0.00147721
v -0.04090000 0.04175000 -0.00129904
v -0.04090000 0.04186607 -0.00135946
v -0.04090000 0.04198697 -0.00140954
v -0.04090000 0.04211177 -0.00144889
v -0.04090000 0.04223953 -0.00147721
v -0.04090000 0.04236927 -0.00149429
v -0.04090000 0.04250000 -0.00150000
v -0.04090000 0.04313393 -0.00135946
v -0.04090000 0.04301303 -0.00140954
v -0.04090000 0.04263073 -0.00149429
v -0.04090000 0.04276047 -0.00147721
v -0.04090000 0.04288823 -0.00144889
v -0.04090000 0.03091240 0.03128077
v -0.04090000 0.03080204 0.03135107
v -0.04090000 0.03068596 0.03141150
v -0.04090000 0.02941811 0.03141150
v -0.04090000 0.02930204 0.03135107
v -0.04090000 0.03056507 0.03146158
v -0.04090000 0.03044027 0.03150093
v -0.04090000 0.03031251 0.03152925
v -0.04090000 0.02919167 0.03128077
v -0.04090000 0.02992130 0.03154633
v -0.04090000 0.03005204 0.03155204
v -0.04090000 0.03018277 0.03154633
v -0.04090000 0.02979157 0.03152925
v -0.04090000 0.02966381 0.03150093
v -0.04090000 0.02953901 0.03146158
v -0.04090000 0.00026047 0.04397721
v -0.04090000 0.00013073 0.04399429
v -0.04090000 -0.00000000 0.04400000
v -0.04090000 -0.00013073 0.04399429
v -0.04090000 -0.00075000 0.04379904
v -0.04090000 -0.00086036 0.04372873
v -0.04090000 -0.00129904 0.04175000
v -0.04090000 -0.00122873 0.04163964
v -0.04090000 -0.01502602 0.03102602
v -0.04090000 -0.00114907 0.04153582
v -0.04090000 0.00013073 0.04100571
v -0.04090000 0.00026047 0.04102279
v -0.04090000 0.01502602 0.03102602
v -0.04090000 0.00038823 0.04105111
v -0.04090000 0.00051303 0.04109046
v -0.04090000 0.00063393 0.04114054
v -0.04090000 0.00075000 0.04120096
v -0.04090000 0.00086036 0.04127127
v -0.04090000 0.00096418 0.04364907
v -0.04090000 0.00086036 0.04372873
v -0.04090000 0.00075000 0.04379904
v -0.04090000 -0.00063393 0.04385946
v -0.04090000 -0.00106066 0.04143934
v -0.04090000 -0.00096418 0.04135093
v -0.04090000 -0.00086036 0.04127127
v -0.04090000 -0.00075000 0.04120096
v -0.04090000 -0.00063393 0.04114054
v -0.04090000 -0.00051303 0.04109046
v -0.04090000 -0.00013073 0.04100571
v -0.04090000 0.00000000 0.04100000
v -0.04090000 0.00096418 0.04135093
v -0.04090000 0.00106066 0.04143934
v -0.04090000 0.00114907 0.04153582
v -0.04090000 0.00063393 0.04385946
v -0.04090000 0.00051303 0.04390954
v -0.04090000 0.00038823 0.04394889
v -0.04090000 -0.00026047 0.04397721
v -0.04090000 -0.00038823 0.04394889
v -0.04090000 -0.00051303 0.04390954
v -0.04090000 -0.00038823 0.04105111
v -0.04090000 -0.00026047 0.04102279
v -0.04090000 -0.00144889 0.04211177
v -0.04090000 -0.00140954 0.04198697
v -0.04090000 -0.00135946 0.04186607
v -0.04090000 0.00149429 0.04236927
v -0.04090000 0.00150000 0.04250000
v -0.04090000 0.00129904 0.04325000
v -0.04090000 0.00122873 0.04336036
v -0.04090000 0.00114907 0.04346418
v -0.04090000 0.00106066 0.04356066
v -0.04090000 -0.00096418 0.04364907
v -0.04090000 -0.00106066 0.04356066
v -0.04090000 -0.00114907 0.04346418
v -0.04090000 0.00122873 0.04163964
v -0.04090000 0.00129904 0.04175000
v -0.04090000 0.00135946 0.04186607
v -0.04090000 0.00140954 0.04198697
v -0.04090000 0.00144889 0.04211177
v -0.04090000 0.00147721 0.04223953
v -0.04090000 0.00135946 0.04313393
v -0.04090000 0.00140954 0.04301303
v -0.04090000 -0.00122873 0.04336036
v -0.04090000 -0.00129904 0.04325000
v -0.04090000 -0.00135946 0.04313393
v -0.04090000 -0.00140954 0.04301303
v -0.04090000 -0.00144889 0.04288823
v -0.04090000 -0.00147721 0.04276047
v -0.04090000 -0.00149429 0.04263073
v -0.04090000 -0.00150000 0.04250000
v -0.04090000 -0.00149429 0.04236927
v -0.04090000 -0.00147721 0.04223953
v -0.04090000 0.00149429 0.04263073
v -0.04090000 0.00147721 0.04276047
v -0.04090000 0.00144889 0.04288823
v -0.04090000 -0.02890297 0.03101622
v -0.04090000 -0.02930204 0.03135107
v -0.04090000 -0.02919167 0.03128077
v -0.04090000 -0.02908786 0.03120111
v -0.04090000 -0.02899138 0.03111270
v -0.04090000 -0.02966381 0.03150093
v -0.04090000 -0.02953901 0.03146158
v -0.04090000 -0.02941811 0.03141150
v -0.04090000 -0.03018277 0.03154633
v -0.04090000 -0.03031251 0.03152925
v -0.04090000 -0.03044027 0.03150093
v -0.04090000 -0.02979157 0.03152925
v -0.04090000 -0.02992130 0.03154633
v -0.04090000 -0.03005204 0.03155204
v -0.04090000 -0.03056507 0.03146158
v -0.04090000 -0.03068596 0.03141150
v -0.04090000 -0.03080204 0.03135107
v -0.04090000 -0.03120111 0.03101622
v -0.04090000 -0.03111270 0.03111270
v -0.04090000 -0.03101622 0.03120111
v -0.04090000 -0.03091240 0.03128077
v -0.04090000 -0.03128077 0.03091240
v -0.04090000 -0.03135107 0.03080204
v -0.04090000 -0.03141150 0.03068596
v -0.04090000 -0.03141150 0.02941811
v -0.04090000 -0.03135107 0.02930204
v -0.04090000 -0.03146158 0.03056507
v -0.04090000 -0.03150093 0.03044027
v -0.04090000 -0.03152925 0.03031251
v -0.04090000 -0.03128077 0.02919167
v -0.04090000 -0.03154633 0.02992130
v -0.04090000 -0.03155204 0.03005204
v -0.04090000 -0.03154633 0.03018277
v -0.04090000 -0.03152925 0.02979157
v -0.04090000 -0.03150093 0.02966381
v -0.04090000 -0.03146158 0.02953901
v -0.04090000 -0.04109046 0.00051303
v -0.04090000 -0.04114054 0.00063393
v -0.04090000 -0.03102602 0.01502602
v -0.04090000 -0.04120096 0.00075000
v -0.04090000 -0.04127127 0.00086036
v -0.04090000 -0.04356066 0.00106066
v -0.04090000 -0.04364907 0.00096418
v -0.04090000 -0.04372873 0.00086036
v -0.04090000 -0.04379904 0.00075000
v -0.04090000 -0.04397721 0.00026047
v -0.04090000 -0.04399429 0.00013073
v -0.04090000 -0.04400000 -0.00000000
v -0.04090000 -0.04399429 -0.00013073
v -0.04090000 -0.04379904 -0.00075000
v -0.04090000 -0.04372873 -0.00086036
v -0.04090000 -0.04346418 0.00114907
v -0.04090000 -0.04336036 0.00122873
v -0.04090000 -0.04385946 0.00063393
v -0.04090000 -0.04390954 0.00051303
v -0.04090000 -0.04394889 0.00038823
v -0.04090000 -0.04385946 -0.00063393
v -0.04090000 -0.04135093 0.00096418
v -0.04090000 -0.04143934 0.00106066
v -0.04090000 -0.04153582 0.00114907
v -0.04090000 -0.04163964 0.00122873
v -0.04090000 -0.04175000 0.00129904
v -0.04090000 -0.04186607 0.00135946
v -0.04090000 -0.04288823 0.00144889
v -0.04090000 -0.04276047 0.00147721
v -0.04090000 -0.04263073 0.00149429
v -0.04090000 -0.04301303 0.00140954
v -0.04090000 -0.04313393 0.00135946
v -0.04090000 -0.04325000 0.00129904
v -0.04090000 -0.04397721 -0.00026047
v -0.04090000 -0.04394889 -0.00038823
v -0.04090000 -0.04390954 -0.00051303
v -0.04090000 -0.04198697 -0.00140954
v -0.04090000 -0.04186607 -0.00135946
v -0.04090000 -0.03102602 -0.01502602
v -0.04090000 -0.04153582 -0.00114907
v -0.04090000 -0.04143934 -0.00106066
v -0.04090000 -0.04120096 -0.00075000
v -0.04090000 -0.04114054 -0.00063393
v -0.04090000 -0.04109046 -0.00051303
v -0.04090000 -0.04105111 -0.00038823
v -0.04090000 -0.04102279 -0.00026047
v -0.04090000 -0.04100571 -0.00013073
v -0.04090000 -0.04100000 0.00000000
v -0.04090000 -0.04100571 0.00013073
v -0.04090000 -0.04102279 0.00026047
v -0.04090000 -0.04105111 0.00038823
v -0.04090000 -0.04198697 0.00140954
v -0.04090000 -0.04211177 0.00144889
v -0.04090000 -0.04223953 0.00147721
v -0.04090000 -0.04135093 -0.00096418
v -0.04090000 -0.04127127 -0.00086036
v -0.04090000 -0.04211177 -0.00144889
v -0.04090000 -0.04175000 -0.00129904
v -0.04090000 -0.04163964 -0.00122873
v -0.04090000 -0.04364907 -0.00096418
v -0.04090000 -0.04356066 -0.00106066
v -0.04090000 -0.04346418 -0.00114907
v -0.04090000 -0.04336036 -0.00122873
v -0.04090000 -0.04325000 -0.00129904
v -0.04090000 -0.04313393 -0.00135946
v -0.04090000 -0.04301303 -0.00140954
v -0.04090000 -0.04288823 -0.00144889
v -0.04090000 -0.04276047 -0.00147721
v -0.04090000 -0.04263073 -0.00149429
v -0.04090000 -0.04250000 -0.00150000
v -0.04090000 -0.04236927 -0.00149429
v -0.04090000 -0.04223953 -0.00147721
v -0.04090000 -0.03101622 -0.02890297
v -0.04090000 -0.03135107 -0.02930204
v -0.04090000 -0.03128077 -0.02919167
v -0.04090000 -0.03120111 -0.02908786
v -0.04090000 -0.03111270 -0.02899138
v -0.04090000 -0.03154633 -0.03018277
v -0.04090000 -0.03152925 -0.03031251
v -0.04090000 -0.03150093 -0.03044027
v -0.04090000 -0.03150093 -0.02966381
v -0.04090000 -0.03146158 -0.02953901
v -0.04090000 -0.03141150 -0.02941811
v -0.04090000 -0.03152925 -0.02979157
v -0.04090000 -0.03154633 -0.02992130
v -0.04090000 -0.03155204 -0.03005204
v -0.04090000 -0.03146158 -0.03056507
v -0.04090000 -0.03141150 -0.03068596
v -0.04090000 -0.03135107 -0.03080204
v -0.04090000 -0.03128077 -0.03091240
v -0.04090000 -0.03120111 -0.03101622
v -0.04090000 -0.03102602 -0.03627602
v -0.04090000 -0.01043161 -0.02866063
v -0.04090000 -0.01502602 -0.03102602
v -0.04090000 -0.01288986 -0.02764239
v -0.04090000 -0.01525000 -0.02641377
v -0.04090000 0.00789398 -0.02946074
v -0.04090000 0.01043161 -0.02866063
v -0.04090000 0.01502602 -0.03102602
v -0.04090000 0.01288986 -0.02764239
v -0.04090000 0.01525000 -0.02641377
v -0.04090000 -0.00789398 -0.02946074
v -0.04090000 -0.00529627 -0.03003664
v -0.04090000 -0.00265825 -0.03038394
v -0.04090000 -0.00000000 -0.03050000
v -0.04090000 0.00265825 -0.03038394
v -0.04090000 0.00529627 -0.03003664
v -0.04090000 -0.03018277 -0.02855775
v -0.04090000 -0.03031251 -0.02857483
v -0.04090000 -0.02882331 -0.03091240
v -0.04090000 -0.02875300 -0.03080204
v -0.04090000 -0.02869258 -0.03068596
v -0.04090000 -0.02864250 -0.03056507
v -0.04090000 -0.02860315 -0.03044027
v -0.04090000 -0.02857483 -0.03031251
v -0.04090000 -0.02855775 -0.03018277
v -0.04090000 -0.02498414 -0.01749408
v -0.04090000 -0.02336436 -0.01960502
v -0.04090000 -0.02930204 -0.02875300
v -0.04090000 -0.02979157 -0.02857483
v -0.04090000 -0.02992130 -0.02855775
v -0.04090000 -0.03005204 -0.02855204
v -0.04090000 -0.03044027 -0.02860315
v -0.04090000 -0.03056507 -0.02864250
v -0.04090000 -0.03068596 -0.02869258
v -0.04090000 -0.02966381 -0.02860315
v -0.04090000 -0.02641377 -0.01525000
v -0.04090000 -0.02953901 -0.02864250
v -0.04090000 -0.02941811 -0.02869258
v -0.04090000 -0.03080204 -0.02875300
v -0.04090000 -0.03091240 -0.02882331
v -0.04090000 -0.01749408 -0.02498414
v -0.04090000 -0.02860315 -0.02966381
v -0.04090000 -0.02864250 -0.02953901
v -0.04090000 -0.02869258 -0.02941811
v -0.04090000 -0.01960502 -0.02336436
v -0.04090000 -0.02875300 -0.02930204
v -0.04090000 -0.02882331 -0.02919167
v -0.04090000 -0.02156676 -0.02156676
v -0.04090000 -0.02890297 -0.02908786
v -0.04090000 -0.02899138 -0.02899138
v -0.04090000 -0.02908786 -0.02890297
v -0.04090000 -0.02919167 -0.02882331
v -0.04090000 -0.02855204 -0.03005204
v -0.04090000 -0.02855775 -0.02992130
v -0.04090000 -0.02857483 -0.02979157
v -0.04090000 -0.02641377 0.01525000
v -0.04090000 -0.02764239 0.01288986
v -0.04090000 -0.02866063 0.01043161
v -0.04090000 -0.02946074 0.00789398
v -0.04090000 -0.03003664 0.00529627
v -0.04090000 -0.02866063 -0.01043161
v -0.04090000 -0.02946074 -0.00789398
v -0.04090000 -0.03003664 -0.00529627
v -0.04090000 -0.02764239 -0.01288986
v -0.04090000 -0.03038394 0.00265825
v -0.04090000 -0.03050000 0.00000000
v -0.04090000 -0.03038394 -0.00265825
v -0.04090000 -0.02855775 0.03018277
v -0.04090000 -0.02857483 0.03031251
v -0.04090000 -0.03120111 0.02908786
v -0.04090000 -0.03111270 0.02899138
v -0.04090000 -0.03101622 0.02890297
v -0.04090000 -0.03091240 0.02882331
v -0.04090000 -0.03080204 0.02875300
v -0.04090000 -0.03068596 0.02869258
v -0.04090000 -0.03056507 0.02864250
v -0.04090000 -0.02882331 0.02919167
v -0.04090000 -0.02875300 0.02930204
v -0.04090000 -0.01960502 0.02336436
v -0.04090000 -0.01749408 0.02498414
v -0.04090000 -0.02864250 0.02953901
v -0.04090000 -0.01525000 0.02641377
v -0.04090000 -0.02860315 0.02966381
v -0.04090000 -0.03044027 0.02860315
v -0.04090000 -0.03031251 0.02857483
v -0.04090000 -0.03018277 0.02855775
v -0.04090000 -0.02857483 0.02979157
v -0.04090000 -0.02855775 0.02992130
v -0.04090000 -0.02855204 0.03005204
v -0.04090000 -0.02860315 0.03044027
v -0.04090000 -0.02864250 0.03056507
v -0.04090000 -0.02869258 0.03068596
v -0.04090000 -0.02869258 0.02941811
v -0.04090000 -0.02875300 0.03080204
v -0.04090000 -0.02882331 0.03091240
v -0.04090000 -0.02498414 0.01749408
v -0.04090000 -0.02966381 0.02860315
v -0.04090000 -0.02953901 0.02864250
v -0.04090000 -0.02941811 0.02869258
v -0.04090000 -0.02336436 0.01960502
v -0.04090000 -0.02890297 0.02908786
v -0.04090000 -0.02156676 0.02156676
v -0.04090000 -0.02899138 0.02899138
v -0.04090000 -0.02930204 0.02875300
v -0.04090000 -0.02919167 0.02882331
v -0.04090000 -0.02908786 0.02890297
v -0.04090000 -0.03005204 0.02855204
v -0.04090000 -0.02992130 0.02855775
v -0.04090000 -0.02979157 0.02857483
v -0.04090000 0.01525000 0.02641377
v -0.04090000 0.01288986 0.02764239
v -0.04090000 0.01043161 0.02866063
v -0.04090000 0.00789398 0.02946074
v -0.04090000 0.00529627 0.03003664
v -0.04090000 -0.01043161 0.02866063
v -0.04090000 -0.00789398 0.02946074
v -0.04090000 -0.00529627 0.03003664
v -0.04090000 -0.01288986 0.02764239
v -0.04090000 0.00265825 0.03038394
v -0.04090000 0.00000000 0.03050000
v -0.04090000 -0.00265825 0.03038394
v -0.04090000 0.02908786 0.03120111
v -0.04090000 0.02899138 0.03111270
v -0.04090000 0.02890297 0.03101622
v -0.04090000 0.02882331 0.03091240
v -0.04090000 0.02875300 0.03080204
v -0.04090000 0.02869258 0.03068596
v -0.04090000 0.02864250 0.03056507
v -0.04090000 0.02860315 0.03044027
v -0.04090000 0.02857483 0.03031251
v -0.04090000 0.02855775 0.03018277
v -0.04090000 0.03005204 0.02855204
v -0.04090000 0.03018277 0.02855775
v -0.04090000 0.02855204 0.03005204
v -0.04090000 0.02855775 0.02992130
v -0.04090000 0.02979157 0.02857483
v -0.04090000 0.02992130 0.02855775
v -0.04090000 0.03031251 0.02857483
v -0.04090000 0.03044027 0.02860315
v -0.04090000 0.03056507 0.02864250
v -0.04090000 0.03068596 0.02869258
v -0.04090000 0.03080204 0.02875300
v -0.04090000 0.03091240 0.02882331
v -0.04090000 0.02498414 0.01749408
v -0.04090000 0.02336436 0.01960502
v -0.04090000 0.02930204 0.02875300
v -0.04090000 0.02857483 0.02979157
v -0.04090000 0.02860315 0.02966381
v -0.04090000 0.01749408 0.02498414
v -0.04090000 0.02864250 0.02953901
v -0.04090000 0.02869258 0.02941811
v -0.04090000 0.01960502 0.02336436
v -0.04090000 0.02941811 0.02869258
v -0.04090000 0.02953901 0.02864250
v -0.04090000 0.02966381 0.02860315
v -0.04090000 0.02875300 0.02930204
v -0.04090000 0.02882331 0.02919167
v -0.04090000 0.02156676 0.02156676
v -0.04090000 0.02890297 0.02908786
v -0.04090000 0.02899138 0.02899138
v -0.04090000 0.02908786 0.02890297
v -0.04090000 0.02919167 0.02882331
v -0.04090000 0.03102602 -0.01502602
v -0.04090000 0.02641377 -0.01525000
v -0.04090000 0.02764239 -0.01288986
v -0.04090000 0.02866063 -0.01043161
v -0.04090000 0.02946074 -0.00789398
v -0.04090000 0.03003664 -0.00529627
v -0.04090000 0.03038394 -0.00265825
v -0.04090000 0.03050000 -0.00000000
v -0.04090000 0.03038394 0.00265825
v -0.04090000 0.03003664 0.00529627
v -0.04090000 0.02946074 0.00789398
v -0.04090000 0.02866063 0.01043161
v -0.04090000 0.03111270 -0.02899138
v -0.04090000 0.03101622 -0.02890297
v -0.04090000 0.03091240 -0.02882331
v -0.04090000 0.03080204 -0.02875300
v -0.04090000 0.03068596 -0.02869258
v -0.04090000 0.03056507 -0.02864250
v -0.04090000 0.03044027 -0.02860315
v -0.04090000 0.03031251 -0.02857483
v -0.04090000 0.03018277 -0.02855775
v -0.04090000 0.01749408 -0.02498414
v -0.04090000 0.01960502 -0.02336436
v -0.04090000 0.02875300 -0.02930204
v -0.04090000 0.02857483 -0.02979157
v -0.04090000 0.02855775 -0.02992130
v -0.04090000 0.02855204 -0.03005204
v -0.04090000 0.02855775 -0.03018277
v -0.04090000 0.02857483 -0.03031251
v -0.04090000 0.02860315 -0.03044027
v -0.04090000 0.02869258 -0.02941811
v -0.04090000 0.02864250 -0.02953901
v -0.04090000 0.02860315 -0.02966381
v -0.04090000 0.02864250 -0.03056507
v -0.04090000 0.02869258 -0.03068596
v -0.04090000 0.02875300 -0.03080204
v -0.04090000 0.02498414 -0.01749408
v -0.04090000 0.02966381 -0.02860315
v -0.04090000 0.02953901 -0.02864250
v -0.04090000 0.02941811 -0.02869258
v -0.04090000 0.02336436 -0.01960502
v -0.04090000 0.02930204 -0.02875300
v -0.04090000 0.02919167 -0.02882331
v -0.04090000 0.02156676 -0.02156676
v -0.04090000 0.02908786 -0.02890297
v -0.04090000 0.02899138 -0.02899138
v -0.04090000 0.02890297 -0.02908786
v -0.04090000 0.02882331 -0.02919167
v -0.04090000 0.03005204 -0.02855204
v -0.04090000 0.02992130 -0.02855775
v -0.04090000 0.02979157 -0.02857483
v -0.04090000 0.03128077 -0.02919167
v -0.04090000 0.03120111 -0.02908786
v -0.04090000 0.03120111 -0.03101622
v -0.04090000 0.03128077 -0.03091240
v -0.04090000 0.03135107 -0.03080204
v -0.04090000 0.03141150 -0.03068596
v -0.04090000 0.03146158 -0.03056507
v -0.04090000 0.03150093 -0.03044027
v -0.04090000 0.03152925 -0.03031251
v -0.04090000 0.03154633 -0.03018277
v -0.04090000 0.03155204 -0.03005204
v -0.04090000 0.03154633 -0.02992130
v -0.04090000 0.03152925 -0.02979157
v -0.04090000 0.03150093 -0.02966381
v -0.04090000 0.03146158 -0.02953901
v -0.04090000 0.03141150 -0.02941811
v -0.04090000 0.03135107 -0.02930204
v -0.04090000 0.02953901 -0.03146158
v -0.04090000 0.02966381 -0.03150093
v -0.04090000 0.03080204 -0.03135107
v -0.04090000 0.03091240 -0.03128077
v -0.04090000 0.03101622 -0.03120111
v -0.04090000 0.03111270 -0.03111270
v -0.04090000 0.02882331 -0.03091240
v -0.04090000 0.02890297 -0.03101622
v -0.04090000 0.02899138 -0.03111270
v -0.04090000 0.02908786 -0.03120111
v -0.04090000 0.02919167 -0.03128077
v -0.04090000 0.02930204 -0.03135107
v -0.04090000 0.02941811 -0.03141150
v -0.04090000 0.02979157 -0.03152925
v -0.04090000 0.02992130 -0.03154633
v -0.04090000 0.03005204 -0.03155204
v -0.04090000 0.03018277 -0.03154633
v -0.04090000 0.03031251 -0.03152925
v -0.04090000 0.03044027 -0.03150093
v -0.04090000 0.03056507 -0.03146158
v -0.04090000 0.03068596 -0.03141150
v -0.04090000 0.03111270 0.02899138
v -0.04090000 0.03120111 0.02908786
v -0.04090000 0.03146158 0.02953901
v -0.04090000 0.03150093 0.02966381
v -0.04090000 0.03101622 0.02890297
v -0.04090000 0.03128077 0.02919167
v -0.04090000 0.03135107 0.02930204
v -0.04090000 0.03141150 0.02941811
v -0.04090000 0.03135107 0.03080204
v -0.04090000 0.03128077 0.03091240
v -0.04090000 0.03120111 0.03101622
v -0.04090000 0.03111270 0.03111270
v -0.04090000 0.03101622 0.03120111
v -0.04090000 0.03152925 0.02979157
v -0.04090000 0.03154633 0.02992130
v -0.04090000 0.03155204 0.03005204
v -0.04090000 0.03154633 0.03018277
v -0.04090000 0.03152925 0.03031251
v -0.04090000 0.03150093 0.03044027
v -0.04090000 0.03146158 0.03056507
v -0.04090000 0.03141150 0.03068596
v -0.04090000 -0.02919167 -0.03128077
v -0.04090000 -0.02908786 -0.03120111
v -0.04090000 -0.02899138 -0.03111270
v -0.04090000 -0.02890297 -0.03101622
v -0.04090000 -0.03111270 -0.03111270
v -0.04090000 -0.03101622 -0.03120111
v -0.04090000 -0.03091240 -0.03128077
v -0.04090000 -0.03080204 -0.03135107
v -0.04090000 -0.03068596 -0.03141150
v -0.04090000 -0.03056507 -0.03146158
v -0.04090000 -0.03044027 -0.03150093
v -0.04090000 -0.03031251 -0.03152925
v -0.04090000 -0.03018277 -0.03154633
v -0.04090000 -0.03005204 -0.03155204
v -0.04090000 -0.02992130 -0.03154633
v -0.04090000 -0.02979157 -0.03152925
v -0.04090000 -0.02966381 -0.03150093
v -0.04090000 -0.02953901 -0.03146158
v -0.04090000 -0.02941811 -0.03141150
v -0.04090000 -0.02930204 -0.03135107
v -0.04240000 -0.00265825 0.03038394
v -0.04240000 -0.00529627 0.03003664
v -0.04240000 -0.00789398 0.02946074
v -0.04240000 -0.01043161 0.02866063
v -0.04240000 -0.01288986 0.02764239
v -0.04240000 -0.01525000 0.02641377
v -0.04240000 -0.01749408 0.02498414
v -0.04240000 -0.01960502 0.02336436
v -0.04240000 -0.02156676 0.02156676
v -0.04240000 -0.02336436 0.01960502
v -0.04240000 -0.02498414 0.01749408
v -0.04240000 -0.02641377 0.01525000
v -0.04240000 -0.02764239 0.01288986
v -0.04240000 -0.02866063 0.01043161
v -0.04240000 -0.02946074 0.00789398
v -0.04240000 -0.03003664 0.00529627
v -0.04240000 -0.03038394 0.00265825
v -0.04240000 -0.03050000 0.00000000
v -0.04240000 -0.03038394 -0.00265825
v -0.04240000 -0.03003664 -0.00529627
v -0.04240000 -0.02946074 -0.00789398
v -0.04240000 -0.02866063 -0.01043161
v -0.04240000 -0.02764239 -0.01288986
v -0.04240000 -0.02641377 -0.01525000
v -0.04240000 -0.02498414 -0.01749408
v -0.04240000 -0.02336436 -0.01960502
v -0.04240000 -0.02156676 -0.02156676
v -0.04240000 -0.01960502 -0.02336436
v -0.04240000 -0.01749408 -0.02498414
v -0.04240000 -0.01525000 -0.02641377
v -0.04240000 -0.01288986 -0.02764239
v -0.04240000 -0.01043161 -0.02866063
v -0.04240000 -0.00789398 -0.02946074
v -0.04240000 -0.00529627 -0.03003664
v -0.04240000 -0.00265825 -0.03038394
v -0.04240000 -0.00000000 -0.03050000
v -0.04240000 0.00265825 -0.03038394
v -0.04240000 0.00529627 -0.03003664
v -0.04240000 0.00789398 -0.02946074
v -0.04240000 0.01043161 -0.02866063
v -0.04240000 0.01288986 -0.02764239
v -0.04240000 0.01525000 -0.02641377
v -0.04240000 0.01749408 -0.02498414
v -0.04240000 0.01960502 -0.02336436
v -0.04240000 0.02156676 -0.02156676
v -0.04240000 0.02336436 -0.01960502
v -0.04240000 0.02498414 -0.01749408
v -0.04240000 0.02641377 -0.01525000
v -0.04240000 0.02764239 -0.01288986
v -0.04240000 0.02866063 -0.01043161
v -0.04240000 0.02946074 -0.00789398
v -0.04240000 0.03003664 -0.00529627
v -0.04240000 0.03038394 -0.00265825
v -0.04240000 0.03050000 -0.00000000
v -0.04240000 0.03038394 0.00265825
v -0.04240000 0.03003664 0.00529627
v -0.04240000 0.02946074 0.00789398
v -0.04240000 0.02866063 0.01043161
v -0.04240000 0.02764239 0.01288986
v -0.04240000 0.02641377 0.01525000
v -0.04240000 0.02498414 0.01749408
v -0.04240000 0.02336436 0.01960502
v -0.04240000 0.02156676 0.02156676
v -0.04240000 0.01960502 0.02336436
v -0.04240000 0.01749408 0.02498414
v -0.04240000 0.01525000 0.02641377
v -0.04240000 0.01288986 0.02764239
v -0.04240000 0.01043161 0.02866063
v -0.04240000 0.00789398 0.02946074
v -0.04240000 0.00529627 0.03003664
v -0.04240000 0.00265825 0.03038394
v -0.04240000 0.00000000 0.03050000
v -0.04290000 -0.00261467 0.02988584
v -0.04290000 -0.00520945 0.02954423
v -0.04290000 -0.00776457 0.02897777
v -0.04290000 -0.01026060 0.02819078
v -0.04290000 -0.01267855 0.02718923
v -0.04290000 -0.01500000 0.02598076
v -0.04290000 -0.01720729 0.02457456
v -0.04290000 -0.01928363 0.02298133
v -0.04290000 -0.02121320 0.02121320
v -0.04290000 -0.02298133 0.01928363
v -0.04290000 -0.02457456 0.01720729
v -0.04290000 -0.02598076 0.01500000
v -0.04290000 -0.02718923 0.01267855
v -0.04290000 -0.02819078 0.01026060
v -0.04290000 -0.02897777 0.00776457
v -0.04290000 -0.02954423 0.00520945
v -0.04290000 -0.02988584 0.00261467
v -0.04290000 -0.03000000 0.00000000
v -0.04290000 -0.02988584 -0.00261467
v -0.04290000 -0.02954423 -0.00520945
v -0.04290000 -0.02897777 -0.00776457
v -0.04290000 -0.02819078 -0.01026060
v -0.04290000 -0.02718923 -0.01267855
v -0.04290000 -0.02598076 -0.01500000
v -0.04290000 -0.02457456 -0.01720729
v -0.04290000 -0.02298133 -0.01928363
v -0.04290000 -0.02121320 -0.02121320
v -0.04290000 -0.01928363 -0.02298133
v -0.04290000 -0.01720729 -0.02457456
v -0.04290000 -0.01500000 -0.02598076
v -0.04290000 -0.01267855 -0.02718923
v -0.04290000 -0.01026060 -0.02819078
v -0.04290000 -0.00776457 -0.02897777
v -0.04290000 -0.00520945 -0.02954423
v -0.04290000 -0.00261467 -0.02988584
v -0.04290000 -0.00000000 -0.03000000
v -0.04290000 0.00261467 -0.02988584
v -0.04290000 0.00520945 -0.02954423
v -0.04290000 0.00776457 -0.02897777
v -0.04290000 0.01026060 -0.02819078
v -0.04290000 0.01267855 -0.02718923
v -0.04290000 0.01500000 -0.02598076
v -0.04290000 0.01720729 -0.02457456
v -0.04290000 0.01928363 -0.02298133
v -0.04290000 0.02121320 -0.02121320
v -0.04290000 0.02298133 -0.01928363
v -0.04290000 0.02457456 -0.01720729
v -0.04290000 0.02598076 -0.01500000
v -0.04290000 0.02718923 -0.01267855
v -0.04290000 0.02819078 -0.01026060
v -0.04290000 0.02897777 -0.00776457
v -0.04290000 0.02954423 -0.00520945
v -0.04290000 0.02988584 -0.00261467
v -0.04290000 0.03000000 -0.00000000
v -0.04290000 0.02988584 0.00261467
v -0.04290000 0.02954423 0.00520945
v -0.04290000 0.02897777 0.00776457
v -0.04290000 0.02819078 0.01026060
v -0.04290000 0.02718923 0.01267855
v -0.04290000 0.02598076 0.01500000
v -0.04290000 0.02457456 0.01720729
v -0.04290000 0.02298133 0.01928363
v -0.04290000 0.02121320 0.02121320
v -0.04290000 0.01928363 0.02298133
v -0.04290000 0.01720729 0.02457456
v -0.04290000 0.01500000 0.02598076
v -0.04290000 0.01267855 0.02718923
v -0.04290000 0.01026060 0.02819078
v -0.04290000 0.00776457 0.02897777
v -0.04290000 0.00520945 0.02954423
v -0.04290000 0.00261467 0.02988584
v -0.04290000 0.00000000 0.03000000
v -0.04290000 0.01638304 -0.01147153
v -0.04290000 0.01532089 -0.01285575
v -0.04290000 0.01414214 -0.01414214
v -0.04290000 0.01285575 -0.01532089
v -0.04290000 0.01147153 -0.01638304
v -0.04290000 0.01000000 -0.01732051
v -0.04290000 0.00845237 -0.01812616
v -0.04290000 0.00684040 -0.01879385
v -0.04290000 0.00517638 -0.01931852
v -0.04290000 0.00347296 -0.01969616
v -0.04290000 0.00174311 -0.01992389
v -0.04290000 -0.00000000 -0.02000000
v -0.04290000 -0.00174311 -0.01992389
v -0.04290000 -0.00347296 -0.01969616
v -0.04290000 -0.00517638 -0.01931852
v -0.04290000 -0.00684040 -0.01879385
v -0.04290000 -0.00845237 -0.01812616
v -0.04290000 -0.01000000 -0.01732051
v -0.04290000 -0.01147153 -0.01638304
v -0.04290000 -0.01285575 -0.01532089
v -0.04290000 -0.01414214 -0.01414214
v -0.04290000 -0.01532089 -0.01285575
v -0.04290000 -0.01638304 -0.01147153
v -0.04290000 -0.01732051 -0.01000000
v -0.04290000 -0.01812616 -0.00845237
v -0.04290000 -0.01879385 -0.00684040
v -0.04290000 -0.01931852 -0.00517638
v -0.04290000 -0.01969616 -0.00347296
v -0.04290000 -0.01992389 -0.00174311
v -0.04290000 -0.02000000 0.00000000
v -0.04290000 -0.01992389 0.00174311
v -0.04290000 -0.01969616 0.00347296
v -0.04290000 -0.01931852 0.00517638
v -0.04290000 -0.01879385 0.00684040
v -0.04290000 -0.01812616 0.00845237
v -0.04290000 -0.01732051 0.01000000
v -0.04290000 -0.01638304 0.01147153
v -0.04290000 -0.01532089 0.01285575
v -0.04290000 -0.01414214 0.01414214
v -0.04290000 -0.01285575 0.01532089
v -0.04290000 -0.01147153 0.01638304
v -0.04290000 -0.01000000 0.01732051
v -0.04290000 -0.00845237 0.01812616
v -0.04290000 -0.00684040 0.01879385
v -0.04290000 -0.00517638 0.01931852
v -0.04290000 -0.00347296 0.01969616
v -0.04290000 -0.00174311 0.01992389
v -0.04290000 0.00000000 0.02000000
v -0.04290000 0.00174311 0.01992389
v -0.04290000 0.00347296 0.01969616
v -0.04290000 0.00517638 0.01931852
v -0.04290000 0.00684040 0.01879385
v -0.04290000 0.00845237 0.01812616
v -0.04290000 0.01000000 0.01732051
v -0.04290000 0.01147153 0.01638304
v -0.04290000 0.01285575 0.01532089
v -0.04290000 0.01414214 0.01414214
v -0.04290000 0.01532089 0.01285575
v -0.04290000 0.01638304 0.01147153
v -0.04290000 0.01732051 0.01000000
v -0.04290000 0.01812616 0.00845237
v -0.04290000 0.01879385 0.00684040
v -0.04290000 0.01931852 0.00517638
v -0.04290000 0.01969616 0.00347296
v -0.04290000 0.01992389 0.00174311
v -0.04290000 0.02000000 -0.00000000
v -0.04290000 0.01992389 -0.00174311
v -0.04290000 0.01969616 -0.00347296
v -0.04290000 0.01931852 -0.00517638
v -0.04290000 0.01879385 -0.00684040
v -0.04290000 0.01812616 -0.00845237
v -0.04290000 0.01732051 -0.01000000
v -0.04340000 -0.00174311 0.01992389
v -0.04340000 -0.00347296 0.01969616
v -0.04340000 -0.00517638 0.01931852
v -0.04340000 -0.00684040 0.01879385
v -0.04340000 -0.00845237 0.01812616
v -0.04340000 -0.01000000 0.01732051
v -0.04340000 -0.01147153 0.01638304
v -0.04340000 -0.01285575 0.01532089
v -0.04340000 -0.01414214 0.01414214
v -0.04340000 -0.01532089 0.01285575
v -0.04340000 -0.01638304 0.01147153
v -0.04340000 -0.01732051 0.01000000
v -0.04340000 -0.01812616 0.00845237
v -0.04340000 -0.01879385 0.00684040
v -0.04340000 -0.01931852 0.00517638
v -0.04340000 -0.01969616 0.00347296
v -0.04340000 -0.01992389 0.00174311
v -0.04340000 -0.02000000 0.00000000
v -0.04340000 -0.01992389 -0.00174311
v -0.04340000 -0.01969616 -0.00347296
v -0.04340000 -0.01931852 -0.00517638
v -0.04340000 -0.01879385 -0.00684040
v -0.04340000 -0.01812616 -0.00845237
v -0.04340000 -0.01732051 -0.01000000
v -0.04340000 -0.01638304 -0.01147153
v -0.04340000 -0.01532089 -0.01285575
v -0.04340000 -0.01414214 -0.01414214
v -0.04340000 -0.01285575 -0.01532089
v -0.04340000 -0.01147153 -0.01638304
v -0.04340000 -0.01000000 -0.01732051
v -0.04340000 -0.00845237 -0.01812616
v -0.04340000 -0.00684040 -0.01879385
v -0.04340000 -0.00517638 -0.01931852
v -0.04340000 -0.00347296 -0.01969616
v -0.04340000 -0.00174311 -0.01992389
v -0.04340000 -0.00000000 -0.02000000
v -0.04340000 0.00174311 -0.01992389
v -0.04340000 0.00347296 -0.01969616
v -0.04340000 0.00517638 -0.01931852
v -0.04340000 0.00684040 -0.01879385
v -0.04340000 0.00845237 -0.01812616
v -0.04340000 0.01000000 -0.01732051
v -0.04340000 0.01147153 -0.01638304
v -0.04340000 0.01285575 -0.01532089
v -0.04340000 0.01414214 -0.01414214
v -0.04340000 0.01532089 -0.01285575
v -0.04340000 0.01638304 -0.01147153
v -0.04340000 0.01732051 -0.01000000
v -0.04340000 0.01812616 -0.00845237
v -0.04340000 0.01879385 -0.00684040
v -0.04340000 0.01931852 -0.00517638
v -0.04340000 0.01969616 -0.00347296
v -0.04340000 0.01992389 -0.00174311
v -0.04340000 0.02000000 -0.00000000
v -0.04340000 0.01992389 0.00174311
v -0.04340000 0.01969616 0.00347296
v -0.04340000 0.01931852 0.00517638
v -0.04340000 0.01879385 0.00684040
v -0.04340000 0.01812616 0.00845237
v -0.04340000 0.01732051 0.01000000
v -0.04340000 0.01638304 0.01147153
v -0.04340000 0.01532089 0.01285575
v -0.04340000 0.01414214 0.01414214
v -0.04340000 0.01285575 0.01532089
v -0.04340000 0.01147153 0.01638304
v -0.04340000 0.01000000 0.01732051
v -0.04340000 0.00845237 0.01812616
v -0.04340000 0.00684040 0.01879385
v -0.04340000 0.00517638 0.01931852
v -0.04340000 0.00347296 0.01969616
v -0.04340000 0.00174311 0.01992389
v -0.04340000 0.00000000 0.02000000
v -0.04390000 -0.00169954 0.01942580
v -0.04390000 -0.00338614 0.01920375
v -0.04390000 -0.00504697 0.01883555
v -0.04390000 -0.00666939 0.01832401
v -0.04390000 -0.00824106 0.01767300
v -0.04390000 -0.00975000 0.01688750
v -0.04390000 -0.01118474 0.01597347
v -0.04390000 -0.01253436 0.01493787
v -0.04390000 -0.01378858 0.01378858
v -0.04390000 -0.01493787 0.01253436
v -0.04390000 -0.01597347 0.01118474
v -0.04390000 -0.01688750 0.00975000
v -0.04390000 -0.01767300 0.00824106
v -0.04390000 -0.01832401 0.00666939
v -0.04390000 -0.01883555 0.00504697
v -0.04390000 -0.01920375 0.00338614
v -0.04390000 -0.01942580 0.00169954
v -0.04390000 -0.01950000 0.00000000
v -0.04390000 -0.01942580 -0.00169954
v -0.04390000 -0.01920375 -0.00338614
v -0.04390000 -0.01883555 -0.00504697
v -0.04390000 -0.01832401 -0.00666939
v -0.04390000 -0.01767300 -0.00824106
v -0.04390000 -0.01688750 -0.00975000
v -0.04390000 -0.01597347 -0.01118474
v -0.04390000 -0.01493787 -0.01253436
v -0.04390000 -0.01378858 -0.01378858
v -0.04390000 -0.01253436 -0.01493787
v -0.04390000 -0.01118474 -0.01597347
v -0.04390000 -0.00975000 -0.01688750
v -0.04390000 -0.00824106 -0.01767300
v -0.04390000 -0.00666939 -0.01832401
v -0.04390000 -0.00504697 -0.01883555
v -0.04390000 -0.00338614 -0.01920375
v -0.04390000 -0.00169954 -0.01942580
v -0.04390000 -0.00000000 -0.01950000
v -0.04390000 0.00169954 -0.01942580
v -0.04390000 0.00338614 -0.01920375
v -0.04390000 0.00504697 -0.01883555
v -0.04390000 0.00666939 -0.01832401
v -0.04390000 0.00824106 -0.01767300
v -0.04390000 0.00975000 -0.01688750
v -0.04390000 0.01118474 -0.01597347
v -0.04390000 0.01253436 -0.01493787
v -0.04390000 0.01378858 -0.01378858
v -0.04390000 0.01493787 -0.01253436
v -0.04390000 0.01597347 -0.01118474
v -0.04390000 0.01688750 -0.00975000
v -0.04390000 0.01767300 -0.00824106
v -0.04390000 0.01832401 -0.00666939
v -0.04390000 0.01883555 -0.00504697
v -0.04390000 0.01920375 -0.00338614
v -0.04390000 0.01942580 -0.00169954
v -0.04390000 0.01950000 -0.00000000
v -0.04390000 0.01942580 0.00169954
v -0.04390000 0.01920375 0.00338614
v -0.04390000 0.01883555 0.00504697
v -0.04390000 0.01832401 0.00666939
v -0.04390000 0.01767300 0.00824106
v -0.04390000 0.01688750 0.00975000
v -0.04390000 0.01597347 0.01118474
v -0.04390000 0.01493787 0.01253436
v -0.04390000 0.01378858 0.01378858
v -0.04390000 0.01253436 0.01493787
v -0.04390000 0.01118474 0.01597347
v -0.04390000 0.00975000 0.01688750
v -0.04390000 0.00824106 0.01767300
v -0.04390000 0.00666939 0.01832401
v -0.04390000 0.00504697 0.01883555
v -0.04390000 0.00338614 0.01920375
v -0.04390000 0.00169954 0.01942580
v -0.04390000 0.00000000 0.01950000
v -0.04390000 0.01475000 -0.00129904
v -0.04390000 0.01486036 -0.00122873
v -0.04390000 0.01481218 -0.00325000
v -0.04390000 0.01150000 0.00975000
v -0.04390000 0.01481218 0.00975000
v -0.04390000 0.01481218 0.00325000
v -0.04390000 -0.00606218 -0.01125000
v -0.04390000 -0.00034730 -0.01203038
v -0.04390000 -0.00051764 -0.01206815
v -0.04390000 -0.00141421 -0.01541421
v -0.04390000 -0.00128558 -0.01553209
v -0.04390000 0.00606218 -0.01125000
v -0.04390000 -0.00000000 -0.01200000
v -0.04390000 -0.00017431 -0.01200761
v -0.04390000 -0.00068404 -0.01212061
v -0.04390000 -0.00084524 -0.01218738
v -0.04390000 -0.00100000 -0.01226795
v -0.04390000 0.00051764 -0.01593185
v -0.04390000 0.00068404 -0.01587939
v -0.04390000 0.00084524 -0.01581261
v -0.04390000 0.00051764 -0.01206815
v -0.04390000 0.00068404 -0.01212061
v -0.04390000 0.00084524 -0.01218738
v -0.04390000 0.00034730 -0.01203038
v -0.04390000 0.00017431 -0.01200761
v -0.04390000 -0.00114715 -0.01563830
v -0.04390000 -0.00100000 -0.01573205
v -0.04390000 -0.00084524 -0.01581261
v -0.04390000 -0.00068404 -0.01587939
v -0.04390000 0.00100000 -0.01573205
v -0.04390000 0.00114715 -0.01563830
v -0.04390000 0.00128558 -0.01553209
v -0.04390000 0.00173205 -0.01300000
v -0.04390000 0.00163830 -0.01285285
v -0.04390000 0.00128558 -0.01246791
v -0.04390000 0.00114715 -0.01236170
v -0.04390000 0.00100000 -0.01226795
v -0.04390000 -0.00114715 -0.01236170
v -0.04390000 -0.00128558 -0.01246791
v -0.04390000 -0.00141421 -0.01258579
v -0.04390000 -0.00199239 -0.01417431
v -0.04390000 -0.00196962 -0.01434730
v -0.04390000 0.00173205 -0.01500000
v -0.04390000 0.00181262 -0.01484524
v -0.04390000 0.00199239 -0.01417431
v -0.04390000 0.00200000 -0.01400000
v -0.04390000 0.00153209 -0.01271443
v -0.04390000 0.00141421 -0.01258579
v -0.04390000 -0.00153209 -0.01271443
v -0.04390000 -0.00163830 -0.01285285
v -0.04390000 -0.00173205 -0.01300000
v -0.04390000 -0.00181262 -0.01315476
v -0.04390000 -0.00187939 -0.01331596
v -0.04390000 -0.00193185 -0.01348236
v -0.04390000 -0.00193185 -0.01451764
v -0.04390000 -0.00187939 -0.01468404
v -0.04390000 -0.00181262 -0.01484524
v -0.04390000 -0.00173205 -0.01500000
v -0.04390000 -0.00163830 -0.01514715
v -0.04390000 -0.00153209 -0.01528557
v -0.04390000 -0.00017431 -0.01599239
v -0.04390000 -0.00034730 -0.01596962
v -0.04390000 -0.00051764 -0.01593185
v -0.04390000 -0.00196962 -0.01365270
v -0.04390000 -0.00199239 -0.01382569
v -0.04390000 -0.00200000 -0.01400000
v -0.04390000 0.00000000 -0.01600000
v -0.04390000 0.00017431 -0.01599239
v -0.04390000 0.00034730 -0.01596962
v -0.04390000 0.00187939 -0.01468404
v -0.04390000 0.00193185 -0.01451764
v -0.04390000 0.00196962 -0.01434730
v -0.04390000 0.00199239 -0.01382569
v -0.04390000 0.00196962 -0.01365270
v -0.04390000 0.00193185 -0.01348236
v -0.04390000 0.00187939 -0.01331596
v -0.04390000 0.00181262 -0.01315476
v -0.04390000 0.00141421 -0.01541421
v -0.04390000 0.00153209 -0.01528557
v -0.04390000 0.00163830 -0.01514715
v -0.04390000 0.01150000 -0.01125000
v -0.04390000 0.01481218 -0.01125000
v -0.04390000 0.01481218 -0.00975000
v -0.04390000 0.01506066 -0.00106066
v -0.04390000 0.01514907 -0.00096418
v -0.04390000 0.01522873 0.00086036
v -0.04390000 0.01514907 0.00096418
v -0.04390000 0.01496418 -0.00114907
v -0.04390000 0.01522873 -0.00086036
v -0.04390000 0.01529904 -0.00075000
v -0.04390000 0.01535946 -0.00063393
v -0.04390000 0.01540954 -0.00051303
v -0.04390000 0.01549429 -0.00013073
v -0.04390000 0.01547721 -0.00026047
v -0.04390000 0.01544889 -0.00038823
v -0.04390000 0.01550000 0.00000000
v -0.04390000 0.01549429 0.00013073
v -0.04390000 0.01547721 0.00026047
v -0.04390000 0.01544889 0.00038823
v -0.04390000 0.01540954 0.00051303
v -0.04390000 0.01535946 0.00063393
v -0.04390000 0.01529904 0.00075000
v -0.04390000 0.00606218 0.00975000
v -0.04390000 -0.00000000 0.01600000
v -0.04390000 -0.00017431 0.01599239
v -0.04390000 0.00141421 0.01541421
v -0.04390000 0.00128558 0.01553209
v -0.04390000 0.00034730 0.01203038
v -0.04390000 0.00051764 0.01206815
v -0.04390000 0.00091514 0.01046004
v -0.04390000 0.00068404 0.01212061
v -0.04390000 0.00182331 0.01034048
v -0.04390000 0.00084524 0.01218738
v -0.04390000 0.00100000 0.01226795
v -0.04390000 0.00271760 0.01014222
v -0.04390000 -0.00034730 0.01596962
v -0.04390000 -0.00051764 0.01593185
v -0.04390000 -0.00068404 0.01587939
v -0.04390000 -0.00084524 0.01581261
v -0.04390000 0.00017431 0.01200761
v -0.04390000 -0.00000000 0.01050000
v -0.04390000 0.00000000 0.01200000
v -0.04390000 0.00068404 0.01587939
v -0.04390000 0.00051764 0.01593185
v -0.04390000 0.00034730 0.01596962
v -0.04390000 0.00017431 0.01599239
v -0.04390000 -0.00100000 0.01573205
v -0.04390000 -0.00114715 0.01563830
v -0.04390000 -0.00128558 0.01553209
v -0.04390000 -0.00182331 0.01034048
v -0.04390000 -0.00084524 0.01218738
v -0.04390000 -0.00091514 0.01046004
v -0.04390000 -0.00068404 0.01212061
v -0.04390000 -0.00051764 0.01206815
v -0.04390000 -0.00034730 0.01203038
v -0.04390000 -0.00017431 0.01200761
v -0.04390000 0.00114715 0.01563830
v -0.04390000 0.00100000 0.01573205
v -0.04390000 0.00084524 0.01581261
v -0.04390000 -0.00193185 0.01348236
v -0.04390000 -0.00606218 0.00975000
v -0.04390000 -0.00196962 0.01365270
v -0.04390000 -0.00199239 0.01382569
v -0.04390000 0.00114715 0.01236170
v -0.04390000 0.00128558 0.01246791
v -0.04390000 0.00359121 0.00986677
v -0.04390000 0.00443749 0.00951623
v -0.04390000 0.00141421 0.01258579
v -0.04390000 0.00153209 0.01271443
v -0.04390000 0.00163830 0.01285285
v -0.04390000 0.00173205 0.01300000
v -0.04390000 0.00181262 0.01315476
v -0.04390000 0.00187939 0.01331596
v -0.04390000 0.00193185 0.01348236
v -0.04390000 0.00187939 0.01468404
v -0.04390000 0.00181262 0.01484524
v -0.04390000 -0.00173205 0.01500000
v -0.04390000 -0.00181262 0.01484524
v -0.04390000 -0.00187939 0.01468404
v -0.04390000 -0.00200000 0.01400000
v -0.04390000 -0.00199239 0.01417431
v -0.04390000 0.00199239 0.01417431
v -0.04390000 0.00196962 0.01434730
v -0.04390000 0.00193185 0.01451764
v -0.04390000 -0.00193185 0.01451764
v -0.04390000 -0.00196962 0.01434730
v -0.04390000 0.00196962 0.01365270
v -0.04390000 0.00199239 0.01382569
v -0.04390000 0.00200000 0.01400000
v -0.04390000 0.00173205 0.01500000
v -0.04390000 0.00163830 0.01514715
v -0.04390000 0.00153209 0.01528557
v -0.04390000 -0.00187939 0.01331596
v -0.04390000 -0.00181262 0.01315476
v -0.04390000 -0.00173205 0.01300000
v -0.04390000 -0.00163830 0.01285285
v -0.04390000 -0.00153209 0.01271443
v -0.04390000 -0.00443749 0.00951623
v -0.04390000 -0.00141421 0.01258579
v -0.04390000 -0.00359121 0.00986677
v -0.04390000 -0.00128558 0.01246791
v -0.04390000 -0.00271760 0.01014222
v -0.04390000 -0.00114715 0.01236170
v -0.04390000 -0.00100000 0.01226795
v -0.04390000 -0.00141421 0.01541421
v -0.04390000 -0.00153209 0.01528557
v -0.04390000 -0.00163830 0.01514715
v -0.04390000 -0.01231218 0.00975000
v -0.04390000 -0.01385641 0.00600000
v -0.04390000 -0.01376266 0.00585285
v -0.04390000 -0.01365644 0.00571442
v -0.04390000 -0.01353857 0.00558579
v -0.04390000 -0.01340993 0.00546791
v -0.04390000 -0.01327151 0.00536170
v -0.04390000 -0.01247165 0.00896962
v -0.04390000 -0.01264199 0.00893185
v -0.04390000 -0.01280840 0.00887938
v -0.04390000 -0.01296959 0.00881262
v -0.04390000 -0.01312436 0.00873205
v -0.04390000 -0.01376266 0.00814715
v -0.04390000 -0.01365644 0.00828558
v -0.04390000 -0.01353857 0.00841421
v -0.04390000 -0.01405621 0.00751764
v -0.04390000 -0.01409397 0.00734730
v -0.04390000 -0.01411675 0.00717431
v -0.04390000 -0.01327151 0.00863830
v -0.04390000 -0.01340993 0.00853209
v -0.04390000 -0.01385641 0.00800000
v -0.04390000 -0.01393697 0.00784524
v -0.04390000 -0.01400374 0.00768404
v -0.04390000 -0.01412436 0.00700000
v -0.04390000 -0.01411675 0.00682569
v -0.04390000 -0.01409397 0.00665270
v -0.04390000 -0.01312436 0.00526795
v -0.04390000 -0.01296959 0.00518738
v -0.04390000 -0.01231218 0.00325000
v -0.04390000 -0.01280840 0.00512061
v -0.04390000 -0.01264199 0.00506815
v -0.04390000 -0.01405621 0.00648236
v -0.04390000 -0.01400374 0.00631596
v -0.04390000 -0.01393697 0.00615476
v -0.04390000 -0.01231218 -0.00325000
v -0.04390000 -0.01327151 -0.00536170
v -0.04390000 -0.01340993 -0.00546791
v -0.04390000 -0.01353857 -0.00558579
v -0.04390000 -0.01365644 -0.00571442
v -0.04390000 -0.01376266 -0.00585285
v -0.04390000 -0.01296959 -0.00881262
v -0.04390000 -0.01280840 -0.00887938
v -0.04390000 -0.01231218 -0.00975000
v -0.04390000 -0.01264199 -0.00893185
v -0.04390000 -0.01247165 -0.00896962
v -0.04390000 -0.01400374 -0.00631596
v -0.04390000 -0.01393697 -0.00615476
v -0.04390000 -0.01385641 -0.00600000
v -0.04390000 -0.01247165 -0.00503038
v -0.04390000 -0.01264199 -0.00506815
v -0.04390000 -0.01353857 -0.00841421
v -0.04390000 -0.01340993 -0.00853209
v -0.04390000 -0.01327151 -0.00863830
v -0.04390000 -0.01312436 -0.00873205
v -0.04390000 -0.01280840 -0.00512061
v -0.04390000 -0.01296959 -0.00518738
v -0.04390000 -0.01312436 -0.00526795
v -0.04390000 -0.01405621 -0.00648236
v -0.04390000 -0.01409397 -0.00665270
v -0.04390000 -0.01411675 -0.00682569
v -0.04390000 -0.01412436 -0.00700000
v -0.04390000 -0.01411675 -0.00717431
v -0.04390000 -0.01409397 -0.00734730
v -0.04390000 -0.01405621 -0.00751764
v -0.04390000 -0.01400374 -0.00768404
v -0.04390000 -0.01393697 -0.00784524
v -0.04390000 -0.01385641 -0.00800000
v -0.04390000 -0.01376266 -0.00814715
v -0.04390000 -0.01365644 -0.00828558
v -0.04390000 -0.01231218 -0.01125000
v -0.04390000 0.01150000 -0.00325000
v -0.04390000 0.01014222 -0.00271760
v -0.04390000 0.01034048 -0.00182331
v -0.04390000 0.00986677 0.00359121
v -0.04390000 0.01150000 0.00325000
v -0.04390000 0.01014222 0.00271760
v -0.04390000 0.01034048 0.00182331
v -0.04390000 0.01046004 -0.00091514
v -0.04390000 0.01050000 0.00000000
v -0.04390000 0.01046004 0.00091514
v -0.04390000 0.01127912 -0.00518738
v -0.04390000 0.01112436 -0.00526795
v -0.04390000 0.00986677 -0.00359121
v -0.04390000 0.01097720 -0.00536170
v -0.04390000 0.00951623 -0.00443749
v -0.04390000 0.01083878 -0.00546791
v -0.04390000 0.01144032 -0.00512061
v -0.04390000 0.01048605 -0.00585285
v -0.04390000 0.00909327 -0.00525000
v -0.04390000 0.01059227 -0.00571442
v -0.04390000 0.01071014 -0.00558579
v -0.04390000 0.01024497 -0.00631596
v -0.04390000 0.00860110 -0.00602255
v -0.04390000 0.01031174 -0.00615476
v -0.04390000 0.01039230 -0.00600000
v -0.04390000 0.01083878 -0.00853209
v -0.04390000 0.01097720 -0.00863830
v -0.04390000 0.00606218 -0.00975000
v -0.04390000 0.01112436 -0.00873205
v -0.04390000 0.01150000 -0.00975000
v -0.04390000 0.01048605 -0.00814715
v -0.04390000 0.01039230 -0.00800000
v -0.04390000 0.01031174 -0.00784524
v -0.04390000 0.01059227 -0.00828558
v -0.04390000 0.01071014 -0.00841421
v -0.04390000 0.00804347 -0.00674927
v -0.04390000 0.01012436 -0.00700000
v -0.04390000 0.00742462 -0.00742462
v -0.04390000 0.01013197 -0.00717431
v -0.04390000 0.00674927 -0.00804347
v -0.04390000 0.01015474 -0.00734730
v -0.04390000 0.00602255 -0.00860110
v -0.04390000 0.01019250 -0.00751764
v -0.04390000 0.01024497 -0.00768404
v -0.04390000 0.01019250 -0.00648236
v -0.04390000 0.01015474 -0.00665270
v -0.04390000 0.01013197 -0.00682569
v -0.04390000 0.00359121 -0.00986677
v -0.04390000 0.00443749 -0.00951623
v -0.04390000 0.00525000 -0.00909327
v -0.04390000 0.00182331 -0.01034048
v -0.04390000 0.00271760 -0.01014222
v -0.04390000 -0.00271760 -0.01014222
v -0.04390000 -0.00182331 -0.01034048
v -0.04390000 -0.00091514 -0.01046004
v -0.04390000 0.00000000 -0.01050000
v -0.04390000 0.00091514 -0.01046004
v -0.04390000 -0.00602255 -0.00860110
v -0.04390000 -0.00525000 -0.00909327
v -0.04390000 -0.00606218 -0.00975000
v -0.04390000 -0.00443749 -0.00951623
v -0.04390000 -0.00359121 -0.00986677
v -0.04390000 -0.01229867 -0.00899239
v -0.04390000 -0.01212436 -0.00900000
v -0.04390000 -0.01195004 -0.00899239
v -0.04390000 -0.01127912 -0.00881262
v -0.04390000 -0.01112436 -0.00873205
v -0.04390000 -0.01097720 -0.00863830
v -0.04390000 -0.01083878 -0.00853209
v -0.04390000 -0.01071014 -0.00841421
v -0.04390000 -0.01195004 -0.00500761
v -0.04390000 -0.01212436 -0.00500000
v -0.04390000 -0.01229867 -0.00500761
v -0.04390000 -0.01177706 -0.00896962
v -0.04390000 -0.01160672 -0.00893185
v -0.04390000 -0.01144032 -0.00887938
v -0.04390000 -0.01059227 -0.00828558
v -0.04390000 -0.01048605 -0.00814715
v -0.04390000 -0.01039230 -0.00800000
v -0.04390000 -0.01031174 -0.00615476
v -0.04390000 -0.00909327 -0.00525000
v -0.04390000 -0.01024497 -0.00631596
v -0.04390000 -0.00860110 -0.00602255
v -0.04390000 -0.01019250 -0.00648236
v -0.04390000 -0.01059227 -0.00571442
v -0.04390000 -0.00951623 -0.00443749
v -0.04390000 -0.01048605 -0.00585285
v -0.04390000 -0.01039230 -0.00600000
v -0.04390000 -0.01071014 -0.00558579
v -0.04390000 -0.01083878 -0.00546791
v -0.04390000 -0.00986677 -0.00359121
v -0.04390000 -0.01097720 -0.00536170
v -0.04390000 -0.01112436 -0.00526795
v -0.04390000 -0.01127912 -0.00518738
v -0.04390000 -0.01031174 -0.00784524
v -0.04390000 -0.01024497 -0.00768404
v -0.04390000 -0.01019250 -0.00751764
v -0.04390000 -0.00674927 -0.00804347
v -0.04390000 -0.01015474 -0.00734730
v -0.04390000 -0.01013197 -0.00717431
v -0.04390000 -0.00804347 -0.00674927
v -0.04390000 -0.01144032 -0.00512061
v -0.04390000 -0.01160672 -0.00506815
v -0.04390000 -0.01177706 -0.00503038
v -0.04390000 -0.00742462 -0.00742462
v -0.04390000 -0.01012436 -0.00700000
v -0.04390000 -0.01013197 -0.00682569
v -0.04390000 -0.01015474 -0.00665270
v -0.04390000 -0.00986677 0.00359121
v -0.04390000 -0.01014222 0.00271760
v -0.04390000 -0.01046004 -0.00091514
v -0.04390000 -0.01034048 -0.00182331
v -0.04390000 -0.01014222 -0.00271760
v -0.04390000 -0.01034048 0.00182331
v -0.04390000 -0.01046004 0.00091514
v -0.04390000 -0.01050000 -0.00000000
v -0.04390000 -0.01247165 0.00503038
v -0.04390000 -0.01229867 0.00500761
v -0.04390000 -0.01212436 0.00500000
v -0.04390000 -0.01177706 0.00896962
v -0.04390000 -0.01195004 0.00899239
v -0.04390000 -0.01195004 0.00500761
v -0.04390000 -0.01177706 0.00503038
v -0.04390000 -0.01160672 0.00506815
v -0.04390000 -0.01144032 0.00512061
v -0.04390000 -0.01097720 0.00536170
v -0.04390000 -0.00951623 0.00443749
v -0.04390000 -0.01083878 0.00546791
v -0.04390000 -0.01024497 0.00631596
v -0.04390000 -0.00860110 0.00602255
v -0.04390000 -0.01031174 0.00615476
v -0.04390000 -0.00909327 0.00525000
v -0.04390000 -0.01039230 0.00600000
v -0.04390000 -0.01212436 0.00900000
v -0.04390000 -0.01229867 0.00899239
v -0.04390000 -0.01127912 0.00518738
v -0.04390000 -0.01112436 0.00526795
v -0.04390000 -0.01071014 0.00558579
v -0.04390000 -0.01059227 0.00571442
v -0.04390000 -0.01048605 0.00585285
v -0.04390000 -0.01039230 0.00800000
v -0.04390000 -0.01048605 0.00814715
v -0.04390000 -0.01112436 0.00873205
v -0.04390000 -0.01097720 0.00863830
v -0.04390000 -0.01083878 0.00853209
v -0.04390000 -0.01127912 0.00881262
v -0.04390000 -0.01144032 0.00887938
v -0.04390000 -0.01160672 0.00893185
v -0.04390000 -0.01059227 0.00828558
v -0.04390000 -0.01071014 0.00841421
v -0.04390000 -0.01019250 0.00751764
v -0.04390000 -0.01024497 0.00768404
v -0.04390000 -0.01031174 0.00784524
v -0.04390000 -0.00804347 0.00674927
v -0.04390000 -0.01012436 0.00700000
v -0.04390000 -0.00742462 0.00742462
v -0.04390000 -0.01013197 0.00717431
v -0.04390000 -0.00674927 0.00804347
v -0.04390000 -0.01015474 0.00734730
v -0.04390000 -0.00602255 0.00860110
v -0.04390000 -0.01019250 0.00648236
v -0.04390000 -0.01015474 0.00665270
v -0.04390000 -0.01013197 0.00682569
v -0.04390000 -0.00525000 0.00909327
v -0.04390000 0.00525000 0.00909327
v -0.04390000 0.00602255 0.00860110
v -0.04390000 0.01019250 0.00648236
v -0.04390000 0.01024497 0.00631596
v -0.04390000 0.00860110 0.00602255
v -0.04390000 0.01112436 0.00873205
v -0.04390000 0.01097720 0.00863830
v -0.04390000 0.01083878 0.00853209
v -0.04390000 0.01071014 0.00841421
v -0.04390000 0.01059227 0.00828558
v -0.04390000 0.01048605 0.00814715
v -0.04390000 0.01039230 0.00800000
v -0.04390000 0.01127912 0.00881262
v -0.04390000 0.01059227 0.00571442
v -0.04390000 0.00951623 0.00443749
v -0.04390000 0.01048605 0.00585285
v -0.04390000 0.00909327 0.00525000
v -0.04390000 0.01039230 0.00600000
v -0.04390000 0.01031174 0.00615476
v -0.04390000 0.01097720 0.00536170
v -0.04390000 0.01083878 0.00546791
v -0.04390000 0.01071014 0.00558579
v -0.04390000 0.01031174 0.00784524
v -0.04390000 0.01024497 0.00768404
v -0.04390000 0.01019250 0.00751764
v -0.04390000 0.00674927 0.00804347
v -0.04390000 0.01015474 0.00734730
v -0.04390000 0.00742462 0.00742462
v -0.04390000 0.01013197 0.00717431
v -0.04390000 0.00804347 0.00674927
v -0.04390000 0.01012436 0.00700000
v -0.04390000 0.01013197 0.00682569
v -0.04390000 0.01015474 0.00665270
v -0.04390000 0.01127912 -0.00881262
v -0.04390000 0.01144032 -0.00887938
v -0.04390000 0.01160672 -0.00893185
v -0.04390000 0.01385641 -0.00600000
v -0.04390000 0.01376266 -0.00585285
v -0.04390000 0.01409397 -0.00665270
v -0.04390000 0.01405621 -0.00648236
v -0.04390000 0.01365644 -0.00571442
v -0.04390000 0.01353857 -0.00558579
v -0.04390000 0.01340993 -0.00546791
v -0.04390000 0.01195004 -0.00500761
v -0.04390000 0.01212436 -0.00500000
v -0.04390000 0.01229867 -0.00500761
v -0.04390000 0.01177706 -0.00503038
v -0.04390000 0.01160672 -0.00506815
v -0.04390000 0.01177706 -0.00896962
v -0.04390000 0.01195004 -0.00899239
v -0.04390000 0.01212436 -0.00900000
v -0.04390000 0.01280840 -0.00887938
v -0.04390000 0.01296959 -0.00881262
v -0.04390000 0.01312436 -0.00873205
v -0.04390000 0.01327151 -0.00863830
v -0.04390000 0.01340993 -0.00853209
v -0.04390000 0.01353857 -0.00841421
v -0.04390000 0.01365644 -0.00828558
v -0.04390000 0.01393697 -0.00784524
v -0.04390000 0.01400374 -0.00768404
v -0.04390000 0.01405621 -0.00751764
v -0.04390000 0.01409397 -0.00734730
v -0.04390000 0.01400374 -0.00631596
v -0.04390000 0.01393697 -0.00615476
v -0.04390000 0.01327151 -0.00536170
v -0.04390000 0.01312436 -0.00526795
v -0.04390000 0.01296959 -0.00518738
v -0.04390000 0.01229867 -0.00899239
v -0.04390000 0.01247165 -0.00896962
v -0.04390000 0.01264199 -0.00893185
v -0.04390000 0.01376266 -0.00814715
v -0.04390000 0.01385641 -0.00800000
v -0.04390000 0.01280840 -0.00512061
v -0.04390000 0.01264199 -0.00506815
v -0.04390000 0.01247165 -0.00503038
v -0.04390000 0.01411675 -0.00717431
v -0.04390000 0.01412436 -0.00700000
v -0.04390000 0.01411675 -0.00682569
v -0.04390000 0.01177706 0.00896962
v -0.04390000 0.01160672 0.00893185
v -0.04390000 0.01144032 0.00887938
v -0.04390000 0.01296959 0.00518738
v -0.04390000 0.01312436 0.00526795
v -0.04390000 0.01353857 0.00558579
v -0.04390000 0.01365644 0.00571442
v -0.04390000 0.01353857 0.00841421
v -0.04390000 0.01340993 0.00853209
v -0.04390000 0.01296959 0.00881262
v -0.04390000 0.01280840 0.00887938
v -0.04390000 0.01264199 0.00893185
v -0.04390000 0.01247165 0.00896962
v -0.04390000 0.01229867 0.00899239
v -0.04390000 0.01112436 0.00526795
v -0.04390000 0.01127912 0.00518738
v -0.04390000 0.01144032 0.00512061
v -0.04390000 0.01160672 0.00506815
v -0.04390000 0.01280840 0.00512061
v -0.04390000 0.01327151 0.00536170
v -0.04390000 0.01340993 0.00546791
v -0.04390000 0.01376266 0.00585285
v -0.04390000 0.01385641 0.00600000
v -0.04390000 0.01393697 0.00615476
v -0.04390000 0.01409397 0.00734730
v -0.04390000 0.01405621 0.00751764
v -0.04390000 0.01212436 0.00900000
v -0.04390000 0.01195004 0.00899239
v -0.04390000 0.01400374 0.00631596
v -0.04390000 0.01405621 0.00648236
v -0.04390000 0.01409397 0.00665270
v -0.04390000 0.01327151 0.00863830
v -0.04390000 0.01312436 0.00873205
v -0.04390000 0.01177706 0.00503038
v -0.04390000 0.01195004 0.00500761
v -0.04390000 0.01212436 0.00500000
v -0.04390000 0.01411675 0.00682569
v -0.04390000 0.01412436 0.00700000
v -0.04390000 0.01411675 0.00717431
v -0.04390000 0.01400374 0.00768404
v -0.04390000 0.01393697 0.00784524
v -0.04390000 0.01385641 0.00800000
v -0.04390000 0.01229867 0.00500761
v -0.04390000 0.01247165 0.00503038
v -0.04390000 0.01264199 0.00506815
v -0.04390000 0.01376266 0.00814715
v -0.04390000 0.01365644 0.00828558
v -0.04390000 0.01506066 0.00106066
v -0.04390000 0.01496418 0.00114907
v -0.04390000 0.01486036 0.00122873
v -0.04390000 0.01475000 0.00129904
v -0.04390000 0.01259046 -0.00051303
v -0.04390000 0.01255111 -0.00038823
v -0.04390000 0.01252279 -0.00026047
v -0.04390000 0.01264054 -0.00063393
v -0.04390000 0.01270096 -0.00075000
v -0.04390000 0.01277127 -0.00086036
v -0.04390000 0.01285093 -0.00096418
v -0.04390000 0.01293934 -0.00106066
v -0.04390000 0.01303582 -0.00114907
v -0.04390000 0.01426047 -0.00147721
v -0.04390000 0.01438823 -0.00144889
v -0.04390000 0.01285093 0.00096418
v -0.04390000 0.01277127 0.00086036
v -0.04390000 0.01270096 0.00075000
v -0.04390000 0.01264054 0.00063393
v -0.04390000 0.01252279 0.00026047
v -0.04390000 0.01250571 0.00013073
v -0.04390000 0.01250000 -0.00000000
v -0.04390000 0.01250571 -0.00013073
v -0.04390000 0.01463393 0.00135946
v -0.04390000 0.01451303 0.00140954
v -0.04390000 0.01438823 0.00144889
v -0.04390000 0.01313964 0.00122873
v -0.04390000 0.01303582 0.00114907
v -0.04390000 0.01293934 0.00106066
v -0.04390000 0.01259046 0.00051303
v -0.04390000 0.01255111 0.00038823
v -0.04390000 0.01313964 -0.00122873
v -0.04390000 0.01325000 -0.00129904
v -0.04390000 0.01336607 -0.00135946
v -0.04390000 0.01348697 -0.00140954
v -0.04390000 0.01361177 -0.00144889
v -0.04390000 0.01373953 -0.00147721
v -0.04390000 0.01386927 -0.00149429
v -0.04390000 0.01400000 -0.00150000
v -0.04390000 0.01413073 -0.00149429
v -0.04390000 0.01451303 -0.00140954
v -0.04390000 0.01463393 -0.00135946
v -0.04390000 0.01348697 0.00140954
v -0.04390000 0.01336607 0.00135946
v -0.04390000 0.01325000 0.00129904
v -0.04390000 0.01426047 0.00147721
v -0.04390000 0.01413073 0.00149429
v -0.04390000 0.01400000 0.00150000
v -0.04390000 0.01386927 0.00149429
v -0.04390000 0.01373953 0.00147721
v -0.04390000 0.01361177 0.00144889
v -0.03890000 0.01050000 0.00000000
v -0.03890000 0.01046004 -0.00091514
v -0.03890000 0.01034048 -0.00182331
v -0.03890000 0.01014222 -0.00271760
v -0.03890000 0.00986677 -0.00359121
v -0.03890000 0.00951623 -0.00443749
v -0.03890000 0.00909327 -0.00525000
v -0.03890000 0.00860110 -0.00602255
v -0.03890000 0.00804347 -0.00674927
v -0.03890000 0.00742462 -0.00742462
v -0.03890000 0.00674927 -0.00804347
v -0.03890000 0.00602255 -0.00860110
v -0.03890000 0.00525000 -0.00909327
v -0.03890000 0.00443749 -0.00951623
v -0.03890000 0.00359121 -0.00986677
v -0.03890000 0.00271760 -0.01014222
v -0.03890000 0.00182331 -0.01034048
v -0.03890000 0.00091514 -0.01046004
v -0.03890000 0.00000000 -0.01050000
v -0.03890000 -0.00091514 -0.01046004
v -0.03890000 -0.00182331 -0.01034048
v -0.03890000 -0.00271760 -0.01014222
v -0.03890000 -0.00359121 -0.00986677
v -0.03890000 -0.00443749 -0.00951623
v -0.03890000 -0.00525000 -0.00909327
v -0.03890000 -0.00602255 -0.00860110
v -0.03890000 -0.00674927 -0.00804347
v -0.03890000 -0.00742462 -0.00742462
v -0.03890000 -0.00804347 -0.00674927
v -0.03890000 -0.00860110 -0.00602255
v -0.03890000 -0.00909327 -0.00525000
v -0.03890000 -0.00951623 -0.00443749
v -0.03890000 -0.00986677 -0.00359121
v -0.03890000 -0.01014222 -0.00271760
v -0.03890000 -0.01034048 -0.00182331
v -0.03890000 -0.01046004 -0.00091514
v -0.03890000 -0.01050000 -0.00000000
v -0.03890000 -0.01046004 0.00091514
v -0.03890000 -0.01034048 0.00182331
v -0.03890000 -0.01014222 0.00271760
v -0.03890000 -0.00986677 0.00359121
v -0.03890000 -0.00951623 0.00443749
v -0.03890000 -0.00909327 0.00525000
v -0.03890000 -0.00860110 0.00602255
v -0.03890000 -0.00804347 0.00674927
v -0.03890000 -0.00742462 0.00742462
v -0.03890000 -0.00674927 0.00804347
v -0.03890000 -0.00602255 0.00860110
v -0.03890000 -0.00525000 0.00909327
v -0.03890000 -0.00443749 0.00951623
v -0.03890000 -0.00359121 0.00986677
v -0.03890000 -0.00271760 0.01014222
v -0.03890000 -0.00182331 0.01034048
v -0.03890000 -0.00091514 0.01046004
v -0.03890000 -0.00000000 0.01050000
v -0.03890000 0.00091514 0.01046004
v -0.03890000 0.00182331 0.01034048
v -0.03890000 0.00271760 0.01014222
v -0.03890000 0.00359121 0.00986677
v -0.03890000 0.00443749 0.00951623
v -0.03890000 0.00525000 0.00909327
v -0.03890000 0.00602255 0.00860110
v -0.03890000 0.00674927 0.00804347
v -0.03890000 0.00742462 0.00742462
v -0.03890000 0.00804347 0.00674927
v -0.03890000 0.00860110 0.00602255
v -0.03890000 0.00909327 0.00525000
v -0.03890000 0.00951623 0.00443749
v -0.03890000 0.00986677 0.00359121
v -0.03890000 0.01014222 0.00271760
v -0.03890000 0.01034048 0.00182331
v -0.03890000 0.01046004 0.00091514
v -0.03890000 0.00000000 0.00000000
v -0.03790000 0.00200000 -0.01400000
v -0.03790000 0.00199239 -0.01417431
v -0.03790000 0.00196962 -0.01434730
v -0.03790000 0.00193185 -0.01451764
v -0.03790000 0.00187939 -0.01468404
v -0.03790000 0.00181262 -0.01484524
v -0.03790000 0.00173205 -0.01500000
v -0.03790000 0.00163830 -0.01514715
v -0.03790000 0.00153209 -0.01528557
v -0.03790000 0.00141421 -0.01541421
v -0.03790000 0.00128558 -0.01553209
v -0.03790000 0.00114715 -0.01563830
v -0.03790000 0.00100000 -0.01573205
v -0.03790000 0.00084524 -0.01581261
v -0.03790000 0.00068404 -0.01587939
v -0.03790000 0.00051764 -0.01593185
v -0.03790000 0.00034730 -0.01596962
v -0.03790000 0.00017431 -0.01599239
v -0.03790000 0.00000000 -0.01600000
v -0.03790000 -0.00017431 -0.01599239
v -0.03790000 -0.00034730 -0.01596962
v -0.03790000 -0.00051764 -0.01593185
v -0.03790000 -0.00068404 -0.01587939
v -0.03790000 -0.00084524 -0.01581261
v -0.03790000 -0.00100000 -0.01573205
v -0.03790000 -0.00114715 -0.01563830
v -0.03790000 -0.00128558 -0.01553209
v -0.03790000 -0.00141421 -0.01541421
v -0.03790000 -0.00153209 -0.01528557
v -0.03790000 -0.00163830 -0.01514715
v -0.03790000 -0.00173205 -0.01500000
v -0.03790000 -0.00181262 -0.01484524
v -0.03790000 -0.00187939 -0.01468404
v -0.03790000 -0.00193185 -0.01451764
v -0.03790000 -0.00196962 -0.01434730
v -0.03790000 -0.00199239 -0.01417431
v -0.03790000 -0.00200000 -0.01400000
v -0.03790000 -0.00199239 -0.01382569
v -0.03790000 -0.00196962 -0.01365270
v -0.03790000 -0.00193185 -0.01348236
v -0.03790000 -0.00187939 -0.01331596
v -0.03790000 -0.00181262 -0.01315476
v -0.03790000 -0.00173205 -0.01300000
v -0.03790000 -0.00163830 -0.01285285
v -0.03790000 -0.00153209 -0.01271443
v -0.03790000 -0.00141421 -0.01258579
v -0.03790000 -0.00128558 -0.01246791
v -0.03790000 -0.00114715 -0.01236170
v -0.03790000 -0.00100000 -0.01226795
v -0.03790000 -0.00084524 -0.01218738
v -0.03790000 -0.00068404 -0.01212061
v -0.03790000 -0.00051764 -0.01206815
v -0.03790000 -0.00034730 -0.01203038
v -0.03790000 -0.00017431 -0.01200761
v -0.03790000 -0.00000000 -0.01200000
v -0.03790000 0.00017431 -0.01200761
v -0.03790000 0.00034730 -0.01203038
v -0.03790000 0.00051764 -0.01206815
v -0.03790000 0.00068404 -0.01212061
v -0.03790000 0.00084524 -0.01218738
v -0.03790000 0.00100000 -0.01226795
v -0.03790000 0.00114715 -0.01236170
v -0.03790000 0.00128558 -0.01246791
v -0.03790000 0.00141421 -0.01258579
v -0.03790000 0.00153209 -0.01271443
v -0.03790000 0.00163830 -0.01285285
v -0.03790000 0.00173205 -0.01300000
v -0.03790000 0.00181262 -0.01315476
v -0.03790000 0.00187939 -0.01331596
v -0.03790000 0.00193185 -0.01348236
v -0.03790000 0.00196962 -0.01365270
v -0.03790000 0.00199239 -0.01382569
v -0.03790000 0.00000000 -0.01400000
v -0.03790000 0.01312436 -0.00526795
v -0.03790000 0.01327151 -0.00536170
v -0.03790000 0.01340993 -0.00546791
v -0.03790000 0.01353857 -0.00558579
v -0.03790000 0.01365644 -0.00571442
v -0.03790000 0.01376266 -0.00585285
v -0.03790000 0.01385641 -0.00600000
v -0.03790000 0.01393697 -0.00615476
v -0.03790000 0.01400374 -0.00631596
v -0.03790000 0.01405621 -0.00648236
v -0.03790000 0.01409397 -0.00665270
v -0.03790000 0.01411675 -0.00682569
v -0.03790000 0.01412436 -0.00700000
v -0.03790000 0.01411675 -0.00717431
v -0.03790000 0.01409397 -0.00734730
v -0.03790000 0.01405621 -0.00751764
v -0.03790000 0.01400374 -0.00768404
v -0.03790000 0.01393697 -0.00784524
v -0.03790000 0.01385641 -0.00800000
v -0.03790000 0.01376266 -0.00814715
v -0.03790000 0.01365644 -0.00828558
v -0.03790000 0.01353857 -0.00841421
v -0.03790000 0.01340993 -0.00853209
v -0.03790000 0.01327151 -0.00863830
v -0.03790000 0.01312436 -0.00873205
v -0.03790000 0.01296959 -0.00881262
v -0.03790000 0.01280840 -0.00887938
v -0.03790000 0.01264199 -0.00893185
v -0.03790000 0.01247165 -0.00896962
v -0.03790000 0.01229867 -0.00899239
v -0.03790000 0.01212436 -0.00900000
v -0.03790000 0.01195004 -0.00899239
v -0.03790000 0.01177706 -0.00896962
v -0.03790000 0.01160672 -0.00893185
v -0.03790000 0.01144032 -0.00887938
v -0.03790000 0.01127912 -0.00881262
v -0.03790000 0.01112436 -0.00873205
v -0.03790000 0.01097720 -0.00863830
v -0.03790000 0.01083878 -0.00853209
v -0.03790000 0.01071014 -0.00841421
v -0.03790000 0.01059227 -0.00828558
v -0.03790000 0.01048605 -0.00814715
v -0.03790000 0.01039230 -0.00800000
v -0.03790000 0.01031174 -0.00784524
v -0.03790000 0.01024497 -0.00768404
v -0.03790000 0.01019250 -0.00751764
v -0.03790000 0.01015474 -0.00734730
v -0.03790000 0.01013197 -0.00717431
v -0.03790000 0.01012436 -0.00700000
v -0.03790000 0.01013197 -0.00682569
v -0.03790000 0.01015474 -0.00665270
v -0.03790000 0.01019250 -0.00648236
v -0.03790000 0.01024497 -0.00631596
v -0.03790000 0.01031174 -0.00615476
v -0.03790000 0.01039230 -0.00600000
v -0.03790000 0.01048605 -0.00585285
v -0.03790000 0.01059227 -0.00571442
v -0.03790000 0.01071014 -0.00558579
v -0.03790000 0.01083878 -0.00546791
v -0.03790000 0.01097720 -0.00536170
v -0.03790000 0.01112436 -0.00526795
v -0.03790000 0.01127912 -0.00518738
v -0.03790000 0.01144032 -0.00512061
v -0.03790000 0.01160672 -0.00506815
v -0.03790000 0.01177706 -0.00503038
v -0.03790000 0.01195004 -0.00500761
v -0.03790000 0.01212436 -0.00500000
v -0.03790000 0.01229867 -0.00500761
v -0.03790000 0.01247165 -0.00503038
v -0.03790000 0.01264199 -0.00506815
v -0.03790000 0.01280840 -0.00512061
v -0.03790000 0.01296959 -0.00518738
v -0.03790000 0.01212436 -0.00700000
v -0.03790000 0.01112436 0.00873205
v -0.03790000 0.01127912 0.00881262
v -0.03790000 0.01144032 0.00887938
v -0.03790000 0.01160672 0.00893185
v -0.03790000 0.01177706 0.00896962
v -0.03790000 0.01195004 0.00899239
v -0.03790000 0.01212436 0.00900000
v -0.03790000 0.01229867 0.00899239
v -0.03790000 0.01247165 0.00896962
v -0.03790000 0.01264199 0.00893185
v -0.03790000 0.01280840 0.00887938
v -0.03790000 0.01296959 0.00881262
v -0.03790000 0.01312436 0.00873205
v -0.03790000 0.01327151 0.00863830
v -0.03790000 0.01340993 0.00853209
v -0.03790000 0.01353857 0.00841421
v -0.03790000 0.01365644 0.00828558
v -0.03790000 0.01376266 0.00814715
v -0.03790000 0.01385641 0.00800000
v -0.03790000 0.01393697 0.00784524
v -0.03790000 0.01400374 0.00768404
v -0.03790000 0.01405621 0.00751764
v -0.03790000 0.01409397 0.00734730
v -0.03790000 0.01411675 0.00717431
v -0.03790000 0.01412436 0.00700000
v -0.03790000 0.01411675 0.00682569
v -0.03790000 0.01409397 0.00665270
v -0.03790000 0.01405621 0.00648236
v -0.03790000 0.01400374 0.00631596
v -0.03790000 0.01393697 0.00615476
v -0.03790000 0.01385641 0.00600000
v -0.03790000 0.01376266 0.00585285
v -0.03790000 0.01365644 0.00571442
v -0.03790000 0.01353857 0.00558579
v -0.03790000 0.01340993 0.00546791
v -0.03790000 0.01327151 0.00536170
v -0.03790000 0.01312436 0.00526795
v -0.03790000 0.01296959 0.00518738
v -0.03790000 0.01280840 0.00512061
v -0.03790000 0.01264199 0.00506815
v -0.03790000 0.01247165 0.00503038
v -0.03790000 0.01229867 0.00500761
v -0.03790000 0.01212436 0.00500000
v -0.03790000 0.01195004 0.00500761
v -0.03790000 0.01177706 0.00503038
v -0.03790000 0.01160672 0.00506815
v -0.03790000 0.01144032 0.00512061
v -0.03790000 0.01127912 0.00518738
v -0.03790000 0.01112436 0.00526795
v -0.03790000 0.01097720 0.00536170
v -0.03790000 0.01083878 0.00546791
v -0.03790000 0.01071014 0.00558579
v -0.03790000 0.01059227 0.00571442
v -0.03790000 0.01048605 0.00585285
v -0.03790000 0.01039230 0.00600000
v -0.03790000 0.01031174 0.00615476
v -0.03790000 0.01024497 0.00631596
v -0.03790000 0.01019250 0.00648236
v -0.03790000 0.01015474 0.00665270
v -0.03790000 0.01013197 0.00682569
v -0.03790000 0.01012436 0.00700000
v -0.03790000 0.01013197 0.00717431
v -0.03790000 0.01015474 0.00734730
v -0.03790000 0.01019250 0.00751764
v -0.03790000 0.01024497 0.00768404
v -0.03790000 0.01031174 0.00784524
v -0.03790000 0.01039230 0.00800000
v -0.03790000 0.01048605 0.00814715
v -0.03790000 0.01059227 0.00828558
v -0.03790000 0.01071014 0.00841421
v -0.03790000 0.01083878 0.00853209
v -0.03790000 0.01097720 0.00863830
v -0.03790000 0.01212436 0.00700000
v -0.03790000 -0.00200000 0.01400000
v -0.03790000 -0.00199239 0.01417431
v -0.03790000 -0.00196962 0.01434730
v -0.03790000 -0.00193185 0.01451764
v -0.03790000 -0.00187939 0.01468404
v -0.03790000 -0.00181262 0.01484524
v -0.03790000 -0.00173205 0.01500000
v -0.03790000 -0.00163830 0.01514715
v -0.03790000 -0.00153209 0.01528557
v -0.03790000 -0.00141421 0.01541421
v -0.03790000 -0.00128558 0.01553209
v -0.03790000 -0.00114715 0.01563830
v -0.03790000 -0.00100000 0.01573205
v -0.03790000 -0.00084524 0.01581261
v -0.03790000 -0.00068404 0.01587939
v -0.03790000 -0.00051764 0.01593185
v -0.03790000 -0.00034730 0.01596962
v -0.03790000 -0.00017431 0.01599239
v -0.03790000 -0.00000000 0.01600000
v -0.03790000 0.00017431 0.01599239
v -0.03790000 0.00034730 0.01596962
v -0.03790000 0.00051764 0.01593185
v -0.03790000 0.00068404 0.01587939
v -0.03790000 0.00084524 0.01581261
v -0.03790000 0.00100000 0.01573205
v -0.03790000 0.00114715 0.01563830
v -0.03790000 0.00128558 0.01553209
v -0.03790000 0.00141421 0.01541421
v -0.03790000 0.00153209 0.01528557
v -0.03790000 0.00163830 0.01514715
v -0.03790000 0.00173205 0.01500000
v -0.03790000 0.00181262 0.01484524
v -0.03790000 0.00187939 0.01468404
v -0.03790000 0.00193185 0.01451764
v -0.03790000 0.00196962 0.01434730
v -0.03790000 0.00199239 0.01417431
v -0.03790000 0.00200000 0.01400000
v -0.03790000 0.00199239 0.01382569
v -0.03790000 0.00196962 0.01365270
v -0.03790000 0.00193185 0.01348236
v -0.03790000 0.00187939 0.01331596
v -0.03790000 0.00181262 0.01315476
v -0.03790000 0.00173205 0.01300000
v -0.03790000 0.00163830 0.01285285
v -0.03790000 0.00153209 0.01271443
v -0.03790000 0.00141421 0.01258579
v -0.03790000 0.00128558 0.01246791
v -0.03790000 0.00114715 0.01236170
v -0.03790000 0.00100000 0.01226795
v -0.03790000 0.00084524 0.01218738
v -0.03790000 0.00068404 0.01212061
v -0.03790000 0.00051764 0.01206815
v -0.03790000 0.00034730 0.01203038
v -0.03790000 0.00017431 0.01200761
v -0.03790000 0.00000000 0.01200000
v -0.03790000 -0.00017431 0.01200761
v -0.03790000 -0.00034730 0.01203038
v -0.03790000 -0.00051764 0.01206815
v -0.03790000 -0.00068404 0.01212061
v -0.03790000 -0.00084524 0.01218738
v -0.03790000 -0.00100000 0.01226795
v -0.03790000 -0.00114715 0.01236170
v -0.03790000 -0.00128558 0.01246791
v -0.03790000 -0.00141421 0.01258579
v -0.03790000 -0.00153209 0.01271443
v -0.03790000 -0.00163830 0.01285285
v -0.03790000 -0.00173205 0.01300000
v -0.03790000 -0.00181262 0.01315476
v -0.03790000 -0.00187939 0.01331596
v -0.03790000 -0.00193185 0.01348236
v -0.03790000 -0.00196962 0.01365270
v -0.03790000 -0.00199239 0.01382569
v -0.03790000 0.00000000 0.01400000
v -0.03790000 -0.01312436 0.00526795
v -0.03790000 -0.01327151 0.00536170
v -0.03790000 -0.01340993 0.00546791
v -0.03790000 -0.01353857 0.00558579
v -0.03790000 -0.01365644 0.00571442
v -0.03790000 -0.01376266 0.00585285
v -0.03790000 -0.01385641 0.00600000
v -0.03790000 -0.01393697 0.00615476
v -0.03790000 -0.01400374 0.00631596
v -0.03790000 -0.01405621 0.00648236
v -0.03790000 -0.01409397 0.00665270
v -0.03790000 -0.01411675 0.00682569
v -0.03790000 -0.01412436 0.00700000
v -0.03790000 -0.01411675 0.00717431
v -0.03790000 -0.01409397 0.00734730
v -0.03790000 -0.01405621 0.00751764
v -0.03790000 -0.01400374 0.00768404
v -0.03790000 -0.01393697 0.00784524
v -0.03790000 -0.01385641 0.00800000
v -0.03790000 -0.01376266 0.00814715
v -0.03790000 -0.01365644 0.00828558
v -0.03790000 -0.01353857 0.00841421
v -0.03790000 -0.01340993 0.00853209
v -0.03790000 -0.01327151 0.00863830
v -0.03790000 -0.01312436 0.00873205
v -0.03790000 -0.01296959 0.00881262
v -0.03790000 -0.01280840 0.00887938
v -0.03790000 -0.01264199 0.00893185
v -0.03790000 -0.01247165 0.00896962
v -0.03790000 -0.01229867 0.00899239
v -0.03790000 -0.01212436 0.00900000
v -0.03790000 -0.01195004 0.00899239
v -0.03790000 -0.01177706 0.00896962
v -0.03790000 -0.01160672 0.00893185
v -0.03790000 -0.01144032 0.00887938
v -0.03790000 -0.01127912 0.00881262
v -0.03790000 -0.01112436 0.00873205
v -0.03790000 -0.01097720 0.00863830
v -0.03790000 -0.01083878 0.00853209
v -0.03790000 -0.01071014 0.00841421
v -0.03790000 -0.01059227 0.00828558
v -0.03790000 -0.01048605 0.00814715
v -0.03790000 -0.01039230 0.00800000
v -0.03790000 -0.01031174 0.00784524
v -0.03790000 -0.01024497 0.00768404
v -0.03790000 -0.01019250 0.00751764
v -0.03790000 -0.01015474 0.00734730
v -0.03790000 -0.01013197 0.00717431
v -0.03790000 -0.01012436 0.00700000
v -0.03790000 -0.01013197 0.00682569
v -0.03790000 -0.01015474 0.00665270
v -0.03790000 -0.01019250 0.00648236
v -0.03790000 -0.01024497 0.00631596
v -0.03790000 -0.01031174 0.00615476
v -0.03790000 -0.01039230 0.00600000
v -0.03790000 -0.01048605 0.00585285
v -0.03790000 -0.01059227 0.00571442
v -0.03790000 -0.01071014 0.00558579
v -0.03790000 -0.01083878 0.00546791
v -0.03790000 -0.01097720 0.00536170
v -0.03790000 -0.01112436 0.00526795
v -0.03790000 -0.01127912 0.00518738
v -0.03790000 -0.01144032 0.00512061
v -0.03790000 -0.01160672 0.00506815
v -0.03790000 -0.01177706 0.00503038
v -0.03790000 -0.01195004 0.00500761
v -0.03790000 -0.01212436 0.00500000
v -0.03790000 -0.01229867 0.00500761
v -0.03790000 -0.01247165 0.00503038
v -0.03790000 -0.01264199 0.00506815
v -0.03790000 -0.01280840 0.00512061
v -0.03790000 -0.01296959 0.00518738
v -0.03790000 -0.01212436 0.00700000
v -0.03790000 -0.01112436 -0.00873205
v -0.03790000 -0.01127912 -0.00881262
v -0.03790000 -0.01144032 -0.00887938
v -0.03790000 -0.01160672 -0.00893185
v -0.03790000 -0.01177706 -0.00896962
v -0.03790000 -0.01195004 -0.00899239
v -0.03790000 -0.01212436 -0.00900000
v -0.03790000 -0.01229867 -0.00899239
v -0.03790000 -0.01247165 -0.00896962
v -0.03790000 -0.01264199 -0.00893185
v -0.03790000 -0.01280840 -0.00887938
v -0.03790000 -0.01296959 -0.00881262
v -0.03790000 -0.01312436 -0.00873205
v -0.03790000 -0.01327151 -0.00863830
v -0.03790000 -0.01340993 -0.00853209
v -0.03790000 -0.01353857 -0.00841421
v -0.03790000 -0.01365644 -0.00828558
v -0.03790000 -0.01376266 -0.00814715
v -0.03790000 -0.01385641 -0.00800000
v -0.03790000 -0.01393697 -0.00784524
v -0.03790000 -0.01400374 -0.00768404
v -0.03790000 -0.01405621 -0.00751764
v -0.03790000 -0.01409397 -0.00734730
v -0.03790000 -0.01411675 -0.00717431
v -0.03790000 -0.01412436 -0.00700000
v -0.03790000 -0.01411675 -0.00682569
v -0.03790000 -0.01409397 -0.00665270
v -0.03790000 -0.01405621 -0.00648236
v -0.03790000 -0.01400374 -0.00631596
v -0.03790000 -0.01393697 -0.00615476
v -0.03790000 -0.01385641 -0.00600000
v -0.03790000 -0.01376266 -0.00585285
v -0.03790000 -0.01365644 -0.00571442
v -0.03790000 -0.01353857 -0.00558579
v -0.03790000 -0.01340993 -0.00546791
v -0.03790000 -0.01327151 -0.00536170
v -0.03790000 -0.01312436 -0.00526795
v -0.03790000 -0.01296959 -0.00518738
v -0.03790000 -0.01280840 -0.00512061
v -0.03790000 -0.01264199 -0.00506815
v -0.03790000 -0.01247165 -0.00503038
v -0.03790000 -0.01229867 -0.00500761
v -0.03790000 -0.01212436 -0.00500000
v -0.03790000 -0.01195004 -0.00500761
v -0.03790000 -0.01177706 -0.00503038
v -0.03790000 -0.01160672 -0.00506815
v -0.03790000 -0.01144032 -0.00512061
v -0.03790000 -0.01127912 -0.00518738
v -0.03790000 -0.01112436 -0.00526795
v -0.03790000 -0.01097720 -0.00536170
v -0.03790000 -0.01083878 -0.00546791
v -0.03790000 -0.01071014 -0.00558579
v -0.03790000 -0.01059227 -0.00571442
v -0.03790000 -0.01048605 -0.00585285
v -0.03790000 -0.01039230 -0.00600000
v -0.03790000 -0.01031174 -0.00615476
v -0.03790000 -0.01024497 -0.00631596
v -0.03790000 -0.01019250 -0.00648236
v -0.03790000 -0.01015474 -0.00665270
v -0.03790000 -0.01013197 -0.00682569
v -0.03790000 -0.01012436 -0.00700000
v -0.03790000 -0.01013197 -0.00717431
v -0.03790000 -0.01015474 -0.00734730
v -0.03790000 -0.01019250 -0.00751764
v -0.03790000 -0.01024497 -0.00768404
v -0.03790000 -0.01031174 -0.00784524
v -0.03790000 -0.01039230 -0.00800000
v -0.03790000 -0.01048605 -0.00814715
v -0.03790000 -0.01059227 -0.00828558
v -0.03790000 -0.01071014 -0.00841421
v -0.03790000 -0.01083878 -0.00853209
v -0.03790000 -0.01097720 -0.00863830
v -0.03790000 -0.01212436 -0.00700000
v -0.04090000 0.01550000 0.00000000
v -0.04090000 0.01549429 -0.00013073
v -0.04090000 0.01547721 -0.00026047
v -0.04090000 0.01544889 -0.00038823
v -0.04090000 0.01540954 -0.00051303
v -0.04090000 0.01535946 -0.00063393
v -0.04090000 0.01529904 -0.00075000
v -0.04090000 0.01522873 -0.00086036
v -0.04090000 0.01514907 -0.00096418
v -0.04090000 0.01506066 -0.00106066
v -0.04090000 0.01496418 -0.00114907
v -0.04090000 0.01486036 -0.00122873
v -0.04090000 0.01475000 -0.00129904
v -0.04090000 0.01463393 -0.00135946
v -0.04090000 0.01451303 -0.00140954
v -0.04090000 0.01438823 -0.00144889
v -0.04090000 0.01426047 -0.00147721
v -0.04090000 0.01413073 -0.00149429
v -0.04090000 0.01400000 -0.00150000
v -0.04090000 0.01386927 -0.00149429
v -0.04090000 0.01373953 -0.00147721
v -0.04090000 0.01361177 -0.00144889
v -0.04090000 0.01348697 -0.00140954
v -0.04090000 0.01336607 -0.00135946
v -0.04090000 0.01325000 -0.00129904
v -0.04090000 0.01313964 -0.00122873
v -0.04090000 0.01303582 -0.00114907
v -0.04090000 0.01293934 -0.00106066
v -0.04090000 0.01285093 -0.00096418
v -0.04090000 0.01277127 -0.00086036
v -0.04090000 0.01270096 -0.00075000
v -0.04090000 0.01264054 -0.00063393
v -0.04090000 0.01259046 -0.00051303
v -0.04090000 0.01255111 -0.00038823
v -0.04090000 0.01252279 -0.00026047
v -0.04090000 0.01250571 -0.00013073
v -0.04090000 0.01250000 -0.00000000
v -0.04090000 0.01250571 0.00013073
v -0.04090000 0.01252279 0.00026047
v -0.04090000 0.01255111 0.00038823
v -0.04090000 0.01259046 0.00051303
v -0.04090000 0.01264054 0.00063393
v -0.04090000 0.01270096 0.00075000
v -0.04090000 0.01277127 0.00086036
v -0.04090000 0.01285093 0.00096418
v -0.04090000 0.01293934 0.00106066
v -0.04090000 0.01303582 0.00114907
v -0.04090000 0.01313964 0.00122873
v -0.04090000 0.01325000 0.00129904
v -0.04090000 0.01336607 0.00135946
v -0.04090000 0.01348697 0.00140954
v -0.04090000 0.01361177 0.00144889
v -0.04090000 0.01373953 0.00147721
v -0.04090000 0.01386927 0.00149429
v -0.04090000 0.01400000 0.00150000
v -0.04090000 0.01413073 0.00149429
v -0.04090000 0.01426047 0.00147721
v -0.04090000 0.01438823 0.00144889
v -0.04090000 0.01451303 0.00140954
v -0.04090000 0.01463393 0.00135946
v -0.04090000 0.01475000 0.00129904
v -0.04090000 0.01486036 0.00122873
v -0.04090000 0.01496418 0.00114907
v -0.04090000 0.01506066 0.00106066
v -0.04090000 0.01514907 0.00096418
v -0.04090000 0.01522873 0.00086036
v -0.04090000 0.01529904 0.00075000
v -0.04090000 0.01535946 0.00063393
v -0.04090000 0.01540954 0.00051303
v -0.04090000 0.01544889 0.00038823
v -0.04090000 0.01547721 0.00026047
v -0.04090000 0.01549429 0.00013073
v -0.04090000 0.01400000 0.00000000
v -0.03690000 0.00150000 -0.04250000
v -0.03690000 0.00149429 -0.04263073
v -0.03690000 0.00147721 -0.04276047
v -0.03690000 0.00144889 -0.04288823
v -0.03690000 0.00140954 -0.04301303
v -0.03690000 0.00135946 -0.04313393
v -0.03690000 0.00129904 -0.04325000
v -0.03690000 0.00122873 -0.04336036
v -0.03690000 0.00114907 -0.04346418
v -0.03690000 0.00106066 -0.04356066
v -0.03690000 0.00096418 -0.04364907
v -0.03690000 0.00086036 -0.04372873
v -0.03690000 0.00075000 -0.04379904
v -0.03690000 0.00063393 -0.04385946
v -0.03690000 0.00051303 -0.04390954
v -0.03690000 0.00038823 -0.04394889
v -0.03690000 0.00026047 -0.04397721
v -0.03690000 0.00013073 -0.04399429
v -0.03690000 0.00000000 -0.04400000
v -0.03690000 -0.00013073 -0.04399429
v -0.03690000 -0.00026047 -0.04397721
v -0.03690000 -0.00038823 -0.04394889
v -0.03690000 -0.00051303 -0.04390954
v -0.03690000 -0.00063393 -0.04385946
v -0.03690000 -0.00075000 -0.04379904
v -0.03690000 -0.00086036 -0.04372873
v -0.03690000 -0.00096418 -0.04364907
v -0.03690000 -0.00106066 -0.04356066
v -0.03690000 -0.00114907 -0.04346418
v -0.03690000 -0.00122873 -0.04336036
v -0.03690000 -0.00129904 -0.04325000
v -0.03690000 -0.00135946 -0.04313393
v -0.03690000 -0.00140954 -0.04301303
v -0.03690000 -0.00144889 -0.04288823
v -0.03690000 -0.00147721 -0.04276047
v -0.03690000 -0.00149429 -0.04263073
v -0.03690000 -0.00150000 -0.04250000
v -0.03690000 -0.00149429 -0.04236927
v -0.03690000 -0.00147721 -0.04223953
v -0.03690000 -0.00144889 -0.04211177
v -0.03690000 -0.00140954 -0.04198697
v -0.03690000 -0.00135946 -0.04186607
v -0.03690000 -0.00129904 -0.04175000
v -0.03690000 -0.00122873 -0.04163964
v -0.03690000 -0.00114907 -0.04153582
v -0.03690000 -0.00106066 -0.04143934
v -0.03690000 -0.00096418 -0.04135093
v -0.03690000 -0.00086036 -0.04127127
v -0.03690000 -0.00075000 -0.04120096
v -0.03690000 -0.00063393 -0.04114054
v -0.03690000 -0.00051303 -0.04109046
v -0.03690000 -0.00038823 -0.04105111
v -0.03690000 -0.00026047 -0.04102279
v -0.03690000 -0.00013073 -0.04100571
v -0.03690000 -0.00000000 -0.04100000
v -0.03690000 0.00013073 -0.04100571
v -0.03690000 0.00026047 -0.04102279
v -0.03690000 0.00038823 -0.04105111
v -0.03690000 0.00051303 -0.04109046
v -0.03690000 0.00063393 -0.04114054
v -0.03690000 0.00075000 -0.04120096
v -0.03690000 0.00086036 -0.04127127
v -0.03690000 0.00096418 -0.04135093
v -0.03690000 0.00106066 -0.04143934
v -0.03690000 0.00114907 -0.04153582
v -0.03690000 0.00122873 -0.04163964
v -0.03690000 0.00129904 -0.04175000
v -0.03690000 0.00135946 -0.04186607
v -0.03690000 0.00140954 -0.04198697
v -0.03690000 0.00144889 -0.04211177
v -0.03690000 0.00147721 -0.04223953
v -0.03690000 0.00149429 -0.04236927
v -0.03690000 0.00000000 -0.04250000
v -0.03690000 0.03111270 -0.02899138
v -0.03690000 0.03120111 -0.02908786
v -0.03690000 0.03128077 -0.02919167
v -0.03690000 0.03135107 -0.02930204
v -0.03690000 0.03141150 -0.02941811
v -0.03690000 0.03146158 -0.02953901
v -0.03690000 0.03150093 -0.02966381
v -0.03690000 0.03152925 -0.02979157
v -0.03690000 0.03154633 -0.02992130
v -0.03690000 0.03155204 -0.03005204
v -0.03690000 0.03154633 -0.03018277
v -0.03690000 0.03152925 -0.03031251
v -0.03690000 0.03150093 -0.03044027
v -0.03690000 0.03146158 -0.03056507
v -0.03690000 0.03141150 -0.03068596
v -0.03690000 0.03135107 -0.03080204
v -0.03690000 0.03128077 -0.03091240
v -0.03690000 0.03120111 -0.03101622
v -0.03690000 0.03111270 -0.03111270
v -0.03690000 0.03101622 -0.03120111
v -0.03690000 0.03091240 -0.03128077
v -0.03690000 0.03080204 -0.03135107
v -0.03690000 0.03068596 -0.03141150
v -0.03690000 0.03056507 -0.03146158
v -0.03690000 0.03044027 -0.03150093
v -0.03690000 0.03031251 -0.03152925
v -0.03690000 0.03018277 -0.03154633
v -0.03690000 0.03005204 -0.03155204
v -0.03690000 0.02992130 -0.03154633
v -0.03690000 0.02979157 -0.03152925
v -0.03690000 0.02966381 -0.03150093
v -0.03690000 0.02953901 -0.03146158
v -0.03690000 0.02941811 -0.03141150
v -0.03690000 0.02930204 -0.03135107
v -0.03690000 0.02919167 -0.03128077
v -0.03690000 0.02908786 -0.03120111
v -0.03690000 0.02899138 -0.03111270
v -0.03690000 0.02890297 -0.03101622
v -0.03690000 0.02882331 -0.03091240
v -0.03690000 0.02875300 -0.03080204
v -0.03690000 0.02869258 -0.03068596
v -0.03690000 0.02864250 -0.03056507
v -0.03690000 0.02860315 -0.03044027
v -0.03690000 0.02857483 -0.03031251
v -0.03690000 0.02855775 -0.03018277
v -0.03690000 0.02855204 -0.03005204
v -0.03690000 0.02855775 -0.02992130
v -0.03690000 0.02857483 -0.02979157
v -0.03690000 0.02860315 -0.02966381
v -0.03690000 0.02864250 -0.02953901
v -0.03690000 0.02869258 -0.02941811
v -0.03690000 0.02875300 -0.02930204
v -0.03690000 0.02882331 -0.02919167
v -0.03690000 0.02890297 -0.02908786
v -0.03690000 0.02899138 -0.02899138
v -0.03690000 0.02908786 -0.02890297
v -0.03690000 0.02919167 -0.02882331
v -0.03690000 0.02930204 -0.02875300
v -0.03690000 0.02941811 -0.02869258
v -0.03690000 0.02953901 -0.02864250
v -0.03690000 0.02966381 -0.02860315
v -0.03690000 0.02979157 -0.02857483
v -0.03690000 0.02992130 -0.02855775
v -0.03690000 0.03005204 -0.02855204
v -0.03690000 0.03018277 -0.02855775
v -0.03690000 0.03031251 -0.02857483
v -0.03690000 0.03044027 -0.02860315
v -0.03690000 0.03056507 -0.02864250
v -0.03690000 0.03068596 -0.02869258
v -0.03690000 0.03080204 -0.02875300
v -0.03690000 0.03091240 -0.02882331
v -0.03690000 0.03101622 -0.02890297
v -0.03690000 0.03005204 -0.03005204
v -0.03690000 0.04250000 0.00150000
v -0.03690000 0.04263073 0.00149429
v -0.03690000 0.04276047 0.00147721
v -0.03690000 0.04288823 0.00144889
v -0.03690000 0.04301303 0.00140954
v -0.03690000 0.04313393 0.00135946
v -0.03690000 0.04325000 0.00129904
v -0.03690000 0.04336036 0.00122873
v -0.03690000 0.04346418 0.00114907
v -0.03690000 0.04356066 0.00106066
v -0.03690000 0.04364907 0.00096418
v -0.03690000 0.04372873 0.00086036
v -0.03690000 0.04379904 0.00075000
v -0.03690000 0.04385946 0.00063393
v -0.03690000 0.04390954 0.00051303
v -0.03690000 0.04394889 0.00038823
v -0.03690000 0.04397721 0.00026047
v -0.03690000 0.04399429 0.00013073
v -0.03690000 0.04400000 0.00000000
v -0.03690000 0.04399429 -0.00013073
v -0.03690000 0.04397721 -0.00026047
v -0.03690000 0.04394889 -0.00038823
v -0.03690000 0.04390954 -0.00051303
v -0.03690000 0.04385946 -0.00063393
v -0.03690000 0.04379904 -0.00075000
v -0.03690000 0.04372873 -0.00086036
v -0.03690000 0.04364907 -0.00096418
v -0.03690000 0.04356066 -0.00106066
v -0.03690000 0.04346418 -0.00114907
v -0.03690000 0.04336036 -0.00122873
v -0.03690000 0.04325000 -0.00129904
v -0.03690000 0.04313393 -0.00135946
v -0.03690000 0.04301303 -0.00140954
v -0.03690000 0.04288823 -0.00144889
v -0.03690000 0.04276047 -0.00147721
v -0.03690000 0.04263073 -0.00149429
v -0.03690000 0.04250000 -0.00150000
v -0.03690000 0.04236927 -0.00149429
v -0.03690000 0.04223953 -0.00147721
v -0.03690000 0.04211177 -0.00144889
v -0.03690000 0.04198697 -0.00140954
v -0.03690000 0.04186607 -0.00135946
v -0.03690000 0.04175000 -0.00129904
v -0.03690000 0.04163964 -0.00122873
v -0.03690000 0.04153582 -0.00114907
v -0.03690000 0.04143934 -0.00106066
v -0.03690000 0.04135093 -0.00096418
v -0.03690000 0.04127127 -0.00086036
v -0.03690000 0.04120096 -0.00075000
v -0.03690000 0.04114054 -0.00063393
v -0.03690000 0.04109046 -0.00051303
v -0.03690000 0.04105111 -0.00038823
v -0.03690000 0.04102279 -0.00026047
v -0.03690000 0.04100571 -0.00013073
v -0.03690000 0.04100000 -0.00000000
v -0.03690000 0.04100571 0.00013073
v -0.03690000 0.04102279 0.00026047
v -0.03690000 0.04105111 0.00038823
v -0.03690000 0.04109046 0.00051303
v -0.03690000 0.04114054 0.00063393
v -0.03690000 0.04120096 0.00075000
v -0.03690000 0.04127127 0.00086036
v -0.03690000 0.04135093 0.00096418
v -0.03690000 0.04143934 0.00106066
v -0.03690000 0.04153582 0.00114907
v -0.03690000 0.04163964 0.00122873
v -0.03690000 0.04175000 0.00129904
v -0.03690000 0.04186607 0.00135946
v -0.03690000 0.04198697 0.00140954
v -0.03690000 0.04211177 0.00144889
v -0.03690000 0.04223953 0.00147721
v -0.03690000 0.04236927 0.00149429
v -0.01520000 -0.03091240 -0.02882331
v -0.01520000 -0.03101622 -0.02890297
v -0.01520000 -0.03005204 -0.03005204
v -0.01520000 -0.03111270 -0.02899138
v -0.01520000 -0.03120111 -0.02908786
v -0.01520000 -0.03056507 -0.02864250
v -0.01520000 -0.03068596 -0.02869258
v -0.01520000 -0.03080204 -0.02875300
v -0.01520000 -0.03018277 -0.02855775
v -0.01520000 -0.03031251 -0.02857483
v -0.01520000 -0.03044027 -0.02860315
v -0.01520000 -0.02979157 -0.02857483
v -0.01520000 -0.02992130 -0.02855775
v -0.01520000 -0.03005204 -0.02855204
v -0.01520000 -0.02941811 -0.02869258
v -0.01520000 -0.02953901 -0.02864250
v -0.01520000 -0.02966381 -0.02860315
v -0.01520000 -0.02908786 -0.02890297
v -0.01520000 -0.02919167 -0.02882331
v -0.01520000 -0.02930204 -0.02875300
v -0.01520000 -0.02882331 -0.02919167
v -0.01520000 -0.02890297 -0.02908786
v -0.01520000 -0.02899138 -0.02899138
v -0.01520000 -0.02864250 -0.02953901
v -0.01520000 -0.02869258 -0.02941811
v -0.01520000 -0.02875300 -0.02930204
v -0.01520000 -0.02855775 -0.02992130
v -0.01520000 -0.02857483 -0.02979157
v -0.01520000 -0.02860315 -0.02966381
v -0.01520000 -0.02857483 -0.03031251
v -0.01520000 -0.02855775 -0.03018277
v -0.01520000 -0.02855204 -0.03005204
v -0.01520000 -0.02869258 -0.03068596
v -0.01520000 -0.02864250 -0.03056507
v -0.01520000 -0.02860315 -0.03044027
v -0.01520000 -0.02890297 -0.03101622
v -0.01520000 -0.02882331 -0.03091240
v -0.01520000 -0.02875300 -0.03080204
v -0.01520000 -0.02919167 -0.03128077
v -0.01520000 -0.02908786 -0.03120111
v -0.01520000 -0.02899138 -0.03111270
v -0.01520000 -0.02953901 -0.03146158
v -0.01520000 -0.02941811 -0.03141150
v -0.01520000 -0.02930204 -0.03135107
v -0.01520000 -0.02992130 -0.03154633
v -0.01520000 -0.02979157 -0.03152925
v -0.01520000 -0.02966381 -0.03150093
v -0.01520000 -0.03031251 -0.03152925
v -0.01520000 -0.03018277 -0.03154633
v -0.01520000 -0.03005204 -0.03155204
v -0.01520000 -0.03068596 -0.03141150
v -0.01520000 -0.03056507 -0.03146158
v -0.01520000 -0.03044027 -0.03150093
v -0.01520000 -0.03101622 -0.03120111
v -0.01520000 -0.03091240 -0.03128077
v -0.01520000 -0.03080204 -0.03135107
v -0.01520000 -0.03128077 -0.03091240
v -0.01520000 -0.03120111 -0.03101622
v -0.01520000 -0.03111270 -0.03111270
v -0.01520000 -0.03146158 -0.03056507
v -0.01520000 -0.03141150 -0.03068596
v -0.01520000 -0.03135107 -0.03080204
v -0.01520000 -0.03154633 -0.03018277
v -0.01520000 -0.03152925 -0.03031251
v -0.01520000 -0.03150093 -0.03044027
v -0.01520000 -0.03152925 -0.02979157
v -0.01520000 -0.03154633 -0.02992130
v -0.01520000 -0.03155204 -0.03005204
v -0.01520000 -0.03141150 -0.02941811
v -0.01520000 -0.03146158 -0.02953901
v -0.01520000 -0.03150093 -0.02966381
v -0.01520000 -0.03128077 -0.02919167
v -0.01520000 -0.03135107 -0.02930204
v -0.01120000 0.00150000 -0.04250000
v -0.01520000 0.00150000 -0.04250000
v -0.01120000 0.00149429 -0.04263073
v -0.01520000 0.00149429 -0.04263073
v -0.01120000 0.00147721 -0.04276047
v -0.01520000 0.00147721 -0.04276047
v -0.01120000 0.00144889 -0.04288823
v -0.01520000 0.00144889 -0.04288823
v -0.01120000 0.00140954 -0.04301303
v -0.01520000 0.00140954 -0.04301303
v -0.01120000 0.00135946 -0.04313393
v -0.01520000 0.00135946 -0.04313393
v -0.01120000 0.00129904 -0.04325000
v -0.01520000 0.00129904 -0.04325000
v -0.01120000 0.00122873 -0.04336036
v -0.01520000 0.00122873 -0.04336036
v -0.01120000 0.00114907 -0.04346418
v -0.01520000 0.00114907 -0.04346418
v -0.01120000 0.00106066 -0.04356066
v -0.01520000 0.00106066 -0.04356066
v -0.01120000 0.00096418 -0.04364907
v -0.01520000 0.00096418 -0.04364907
v -0.01120000 0.00086036 -0.04372873
v -0.01520000 0.00086036 -0.04372873
v -0.01120000 0.00075000 -0.04379904
v -0.01520000 0.00075000 -0.04379904
v -0.01120000 0.00063393 -0.04385946
v -0.01520000 0.00063393 -0.04385946
v -0.01120000 0.00051303 -0.04390954
v -0.01520000 0.00051303 -0.04390954
v -0.01120000 0.00038823 -0.04394889
v -0.01520000 0.00038823 -0.04394889
v -0.01120000 0.00026047 -0.04397721
v -0.01520000 0.00026047 -0.04397721
v -0.01120000 0.00013073 -0.04399429
v -0.01520000 0.00013073 -0.04399429
v -0.01120000 0.00000000 -0.04400000
v -0.01520000 0.00000000 -0.04400000
v -0.01120000 -0.00013073 -0.04399429
v -0.01520000 -0.00013073 -0.04399429
v -0.01120000 -0.00026047 -0.04397721
v -0.01520000 -0.00026047 -0.04397721
v -0.01120000 -0.00038823 -0.04394889
v -0.01520000 -0.00038823 -0.04394889
v -0.01120000 -0.00051303 -0.04390954
v -0.01520000 -0.00051303 -0.04390954
v -0.01120000 -0.00063393 -0.04385946
v -0.01520000 -0.00063393 -0.04385946
v -0.01120000 -0.00075000 -0.04379904
v -0.01520000 -0.00075000 -0.04379904
v -0.01120000 -0.00086036 -0.04372873
v -0.01520000 -0.00086036 -0.04372873
v -0.01120000 -0.00096418 -0.04364907
v -0.01520000 -0.00096418 -0.04364907
v -0.01120000 -0.00106066 -0.04356066
v -0.01520000 -0.00106066 -0.04356066
v -0.01120000 -0.00114907 -0.04346418
v -0.01520000 -0.00114907 -0.04346418
v -0.01120000 -0.00122873 -0.04336036
v -0.01520000 -0.00122873 -0.04336036
v -0.01120000 -0.00129904 -0.04325000
v -0.01520000 -0.00129904 -0.04325000
v -0.01120000 -0.00135946 -0.04313393
v -0.01520000 -0.00135946 -0.04313393
v -0.01120000 -0.00140954 -0.04301303
v -0.01520000 -0.00140954 -0.04301303
v -0.01120000 -0.00144889 -0.04288823
v -0.01520000 -0.00144889 -0.04288823
v -0.01120000 -0.00147721 -0.04276047
v -0.01520000 -0.00147721 -0.04276047
v -0.01120000 -0.00149429 -0.04263073
v -0.01520000 -0.00149429 -0.04263073
v -0.01120000 -0.00150000 -0.04250000
v -0.01520000 -0.00150000 -0.04250000
v -0.01120000 -0.00149429 -0.04236927
v -0.01520000 -0.00149429 -0.04236927
v -0.01120000 -0.00147721 -0.04223953
v -0.01520000 -0.00147721 -0.04223953
v -0.01120000 -0.00144889 -0.04211177
v -0.01520000 -0.00144889 -0.04211177
v -0.01120000 -0.00140954 -0.04198697
v -0.01520000 -0.00140954 -0.04198697
v -0.01120000 -0.00135946 -0.04186607
v -0.01520000 -0.00135946 -0.04186607
v -0.01120000 -0.00129904 -0.04175000
v -0.01520000 -0.00129904 -0.04175000
v -0.01120000 -0.00122873 -0.04163964
v -0.01520000 -0.00122873 -0.04163964
v -0.01120000 -0.00114907 -0.04153582
v -0.01520000 -0.00114907 -0.04153582
v -0.01120000 -0.00106066 -0.04143934
v -0.01520000 -0.00106066 -0.04143934
v -0.01120000 -0.00096418 -0.04135093
v -0.01520000 -0.00096418 -0.04135093
v -0.01120000 -0.00086036 -0.04127127
v -0.01520000 -0.00086036 -0.04127127
v -0.01120000 -0.00075000 -0.04120096
v -0.01520000 -0.00075000 -0.04120096
v -0.01120000 -0.00063393 -0.04114054
v -0.01520000 -0.00063393 -0.04114054
v -0.01120000 -0.00051303 -0.04109046
v -0.01520000 -0.00051303 -0.04109046
v -0.01120000 -0.00038823 -0.04105111
v -0.01520000 -0.00038823 -0.04105111
v -0.01120000 -0.00026047 -0.04102279
v -0.01520000 -0.00026047 -0.04102279
v -0.01120000 -0.00013073 -0.04100571
v -0.01520000 -0.00013073 -0.04100571
v -0.01120000 -0.00000000 -0.04100000
v -0.01520000 -0.00000000 -0.04100000
v -0.01120000 0.00013073 -0.04100571
v -0.01520000 0.00013073 -0.04100571
v -0.01120000 0.00026047 -0.04102279
v -0.01520000 0.00026047 -0.04102279
v -0.01120000 0.00038823 -0.04105111
v -0.01520000 0.00038823 -0.04105111
v -0.01120000 0.00051303 -0.04109046
v -0.01520000 0.00051303 -0.04109046
v -0.01120000 0.00063393 -0.04114054
v -0.01520000 0.00063393 -0.04114054
v -0.01120000 0.00075000 -0.04120096
v -0.01520000 0.00075000 -0.04120096
v -0.01120000 0.00086036 -0.04127127
v -0.01520000 0.00086036 -0.04127127
v -0.01120000 0.00096418 -0.04135093
v -0.01520000 0.00096418 -0.04135093
v -0.01120000 0.00106066 -0.04143934
v -0.01520000 0.00106066 -0.04143934
v -0.01120000 0.00114907 -0.04153582
v -0.01520000 0.00114907 -0.04153582
v -0.01120000 0.00122873 -0.04163964
v -0.01520000 0.00122873 -0.04163964
v -0.01120000 0.00129904 -0.04175000
v -0.01520000 0.00129904 -0.04175000
v -0.01120000 0.00135946 -0.04186607
v -0.01520000 0.00135946 -0.04186607
v -0.01120000 0.00140954 -0.04198697
v -0.01520000 0.00140954 -0.04198697
v -0.01120000 0.00144889 -0.04211177
v -0.01520000 0.00144889 -0.04211177
v -0.01120000 0.00147721 -0.04223953
v -0.01520000 0.00147721 -0.04223953
v -0.01120000 0.00149429 -0.04236927
v -0.01520000 0.00149429 -0.04236927
v -0.01520000 0.00000000 -0.04250000
v -0.01120000 0.03111270 -0.02899138
v -0.01520000 0.03111270 -0.02899138
v -0.01120000 0.03120111 -0.02908786
v -0.01520000 0.03120111 -0.02908786
v -0.01120000 0.03128077 -0.02919167
v -0.01520000 0.03128077 -0.02919167
v -0.01120000 0.03135107 -0.02930204
v -0.01520000 0.03135107 -0.02930204
v -0.01120000 0.03141150 -0.02941811
v -0.01520000 0.03141150 -0.02941811
v -0.01120000 0.03146158 -0.02953901
v -0.01520000 0.03146158 -0.02953901
v -0.01120000 0.03150093 -0.02966381
v -0.01520000 0.03150093 -0.02966381
v -0.01120000 0.03152925 -0.02979157
v -0.01520000 0.03152925 -0.02979157
v -0.01120000 0.03154633 -0.02992130
v -0.01520000 0.03154633 -0.02992130
v -0.01120000 0.03155204 -0.03005204
v -0.01520000 0.03155204 -0.03005204
v -0.01120000 0.03154633 -0.03018277
v -0.01520000 0.03154633 -0.03018277
v -0.01120000 0.03152925 -0.03031251
v -0.01520000 0.03152925 -0.03031251
v -0.01120000 0.03150093 -0.03044027
v -0.01520000 0.03150093 -0.03044027
v -0.01120000 0.03146158 -0.03056507
v -0.01520000 0.03146158 -0.03056507
v -0.01120000 0.03141150 -0.03068596
v -0.01520000 0.03141150 -0.03068596
v -0.01120000 0.03135107 -0.03080204
v -0.01520000 0.03135107 -0.03080204
v -0.01120000 0.03128077 -0.03091240
v -0.01520000 0.03128077 -0.03091240
v -0.01120000 0.03120111 -0.03101622
v -0.01520000 0.03120111 -0.03101622
v -0.01120000 0.03111270 -0.03111270
v -0.01520000 0.03111270 -0.03111270
v -0.01120000 0.03101622 -0.03120111
v -0.01520000 0.03101622 -0.03120111
v -0.01120000 0.03091240 -0.03128077
v -0.01520000 0.03091240 -0.03128077
v -0.01120000 0.03080204 -0.03135107
v -0.01520000 0.03080204 -0.03135107
v -0.01120000 0.03068596 -0.03141150
v -0.01520000 0.03068596 -0.03141150
v -0.01120000 0.03056507 -0.03146158
v -0.01520000 0.03056507 -0.03146158
v -0.01120000 0.03044027 -0.03150093
v -0.01520000 0.03044027 -0.03150093
v -0.01120000 0.03031251 -0.03152925
v -0.01520000 0.03031251 -0.03152925
v -0.01120000 0.03018277 -0.03154633
v -0.01520000 0.03018277 -0.03154633
v -0.01120000 0.03005204 -0.03155204
v -0.01520000 0.03005204 -0.03155204
v -0.01120000 0.02992130 -0.03154633
v -0.01520000 0.02992130 -0.03154633
v -0.01120000 0.02979157 -0.03152925
v -0.01520000 0.02979157 -0.03152925
v -0.01120000 0.02966381 -0.03150093
v -0.01520000 0.02966381 -0.03150093
v -0.01120000 0.02953901 -0.03146158
v -0.01520000 0.02953901 -0.03146158
v -0.01120000 0.02941811 -0.03141150
v -0.01520000 0.02941811 -0.03141150
v -0.01120000 0.02930204 -0.03135107
v -0.01520000 0.02930204 -0.03135107
v -0.01120000 0.02919167 -0.03128077
v -0.01520000 0.02919167 -0.03128077
v -0.01120000 0.02908786 -0.03120111
v -0.01520000 0.02908786 -0.03120111
v -0.01120000 0.02899138 -0.03111270
v -0.01520000 0.02899138 -0.03111270
v -0.01120000 0.02890297 -0.03101622
v -0.01520000 0.02890297 -0.03101622
v -0.01120000 0.02882331 -0.03091240
v -0.01520000 0.02882331 -0.03091240
v -0.01120000 0.02875300 -0.03080204
v -0.01520000 0.02875300 -0.03080204
v -0.01120000 0.02869258 -0.03068596
v -0.01520000 0.02869258 -0.03068596
v -0.01120000 0.02864250 -0.03056507
v -0.01520000 0.02864250 -0.03056507
v -0.01120000 0.02860315 -0.03044027
v -0.01520000 0.02860315 -0.03044027
v -0.01120000 0.02857483 -0.03031251
v -0.01520000 0.02857483 -0.03031251
v -0.01120000 0.02855775 -0.03018277
v -0.01520000 0.02855775 -0.03018277
v -0.01120000 0.02855204 -0.03005204
v -0.01520000 0.02855204 -0.03005204
v -0.01120000 0.02855775 -0.02992130
v -0.01520000 0.02855775 -0.02992130
v -0.01120000 0.02857483 -0.02979157
v -0.01520000 0.02857483 -0.02979157
v -0.01120000 0.02860315 -0.02966381
v -0.01520000 0.02860315 -0.02966381
v -0.01120000 0.02864250 -0.02953901
v -0.01520000 0.02864250 -0.02953901
v -0.01120000 0.02869258 -0.02941811
v -0.01520000 0.02869258 -0.02941811
v -0.01120000 0.02875300 -0.02930204
v -0.01520000 0.02875300 -0.02930204
v -0.01120000 0.02882331 -0.02919167
v -0.01520000 0.02882331 -0.02919167
v -0.01120000 0.02890297 -0.02908786
v -0.01520000 0.02890297 -0.02908786
v -0.01120000 0.02899138 -0.02899138
v -0.01520000 0.02899138 -0.02899138
v -0.01120000 0.02908786 -0.02890297
v -0.01520000 0.02908786 -0.02890297
v -0.01120000 0.02919167 -0.02882331
v -0.01520000 0.02919167 -0.02882331
v -0.01120000 0.02930204 -0.02875300
v -0.01520000 0.02930204 -0.02875300
v -0.01120000 0.02941811 -0.02869258
v -0.01520000 0.02941811 -0.02869258
v -0.01120000 0.02953901 -0.02864250
v -0.01520000 0.02953901 -0.02864250
v -0.01120000 0.02966381 -0.02860315
v -0.01520000 0.02966381 -0.02860315
v -0.01120000 0.02979157 -0.02857483
v -0.01520000 0.02979157 -0.02857483
v -0.01120000 0.02992130 -0.02855775
v -0.01520000 0.02992130 -0.02855775
v -0.01120000 0.03005204 -0.02855204
v -0.01520000 0.03005204 -0.02855204
v -0.01120000 0.03018277 -0.02855775
v -0.01520000 0.03018277 -0.02855775
v -0.01120000 0.03031251 -0.02857483
v -0.01520000 0.03031251 -0.02857483
v -0.01120000 0.03044027 -0.02860315
v -0.01520000 0.03044027 -0.02860315
v -0.01120000 0.03056507 -0.02864250
v -0.01520000 0.03056507 -0.02864250
v -0.01120000 0.03068596 -0.02869258
v -0.01520000 0.03068596 -0.02869258
v -0.01120000 0.03080204 -0.02875300
v -0.01520000 0.03080204 -0.02875300
v -0.01120000 0.03091240 -0.02882331
v -0.01520000 0.03091240 -0.02882331
v -0.01120000 0.03101622 -0.02890297
v -0.01520000 0.03101622 -0.02890297
v -0.01520000 0.03005204 -0.03005204
v -0.01120000 0.04250000 0.00150000
v -0.01520000 0.04250000 0.00150000
v -0.01120000 0.04263073 0.00149429
v -0.01520000 0.04263073 0.00149429
v -0.01120000 0.04276047 0.00147721
v -0.01520000 0.04276047 0.00147721
v -0.01120000 0.04288823 0.00144889
v -0.01520000 0.04288823 0.00144889
v -0.01120000 0.04301303 0.00140954
v -0.01520000 0.04301303 0.00140954
v -0.01120000 0.04313393 0.00135946
v -0.01520000 0.04313393 0.00135946
v -0.01120000 0.04325000 0.00129904
v -0.01520000 0.04325000 0.00129904
v -0.01120000 0.04336036 0.00122873
v -0.01520000 0.04336036 0.00122873
v -0.01120000 0.04346418 0.00114907
v -0.01520000 0.04346418 0.00114907
v -0.01120000 0.04356066 0.00106066
v -0.01520000 0.04356066 0.00106066
v -0.01120000 0.04364907 0.00096418
v -0.01520000 0.04364907 0.00096418
v -0.01120000 0.04372873 0.00086036
v -0.01520000 0.04372873 0.00086036
v -0.01120000 0.04379904 0.00075000
v -0.01520000 0.04379904 0.00075000
v -0.01120000 0.04385946 0.00063393
v -0.01520000 0.04385946 0.00063393
v -0.01120000 0.04390954 0.00051303
v -0.01520000 0.04390954 0.00051303
v -0.01120000 0.04394889 0.00038823
v -0.01520000 0.04394889 0.00038823
v -0.01120000 0.04397721 0.00026047
v -0.01520000 0.04397721 0.00026047
v -0.01120000 0.04399429 0.00013073
v -0.01520000 0.04399429 0.00013073
v -0.01120000 0.04400000 0.00000000
v -0.01520000 0.04400000 0.00000000
v -0.01120000 0.04399429 -0.00013073
v -0.01520000 0.04399429 -0.00013073
v -0.01120000 0.04397721 -0.00026047
v -0.01520000 0.04397721 -0.00026047
v -0.01120000 0.04394889 -0.00038823
v -0.01520000 0.04394889 -0.00038823
v -0.01120000 0.04390954 -0.00051303
v -0.01520000 0.04390954 -0.00051303
v -0.01120000 0.04385946 -0.00063393
v -0.01520000 0.04385946 -0.00063393
v -0.01120000 0.04379904 -0.00075000
v -0.01520000 0.04379904 -0.00075000
v -0.01120000 0.04372873 -0.00086036
v -0.01520000 0.04372873 -0.00086036
v -0.01120000 0.04364907 -0.00096418
v -0.01520000 0.04364907 -0.00096418
v -0.01120000 0.04356066 -0.00106066
v -0.01520000 0.04356066 -0.00106066
v -0.01120000 0.04346418 -0.00114907
v -0.01520000 0.04346418 -0.00114907
v -0.01120000 0.04336036 -0.00122873
v -0.01520000 0.04336036 -0.00122873
v -0.01120000 0.04325000 -0.00129904
v -0.01520000 0.04325000 -0.00129904
v -0.01120000 0.04313393 -0.00135946
v -0.01520000 0.04313393 -0.00135946
v -0.01120000 0.04301303 -0.00140954
v -0.01520000 0.04301303 -0.00140954
v -0.01120000 0.04288823 -0.00144889
v -0.01520000 0.04288823 -0.00144889
v -0.01120000 0.04276047 -0.00147721
v -0.01520000 0.04276047 -0.00147721
v -0.01120000 0.04263073 -0.00149429
v -0.01520000 0.04263073 -0.00149429
v -0.01120000 0.04250000 -0.00150000
v -0.01520000 0.04250000 -0.00150000
v -0.01120000 0.04236927 -0.00149429
v -0.01520000 0.04236927 -0.00149429
v -0.01120000 0.04223953 -0.00147721
v -0.01520000 0.04223953 -0.00147721
v -0.01120000 0.04211177 -0.00144889
v -0.01520000 0.04211177 -0.00144889
v -0.01120000 0.04198697 -0.00140954
v -0.01520000 0.04198697 -0.00140954
v -0.01120000 0.04186607 -0.00135946
v -0.01520000 0.04186607 -0.00135946
v -0.01120000 0.04175000 -0.00129904
v -0.01520000 0.04175000 -0.00129904
v -0.01120000 0.04163964 -0.00122873
v -0.01520000 0.04163964 -0.00122873
v -0.01120000 0.04153582 -0.00114907
v -0.01520000 0.04153582 -0.00114907
v -0.01120000 0.04143934 -0.00106066
v -0.01520000 0.04143934 -0.00106066
v -0.01120000 0.04135093 -0.00096418
v -0.01520000 0.04135093 -0.00096418
v -0.01120000 0.04127127 -0.00086036
v -0.01520000 0.04127127 -0.00086036
v -0.01120000 0.04120096 -0.00075000
v -0.01520000 0.04120096 -0.00075000
v -0.01120000 0.04114054 -0.00063393
v -0.01520000 0.04114054 -0.00063393
v -0.01120000 0.04109046 -0.00051303
v -0.01520000 0.04109046 -0.00051303
v -0.01120000 0.04105111 -0.00038823
v -0.01520000 0.04105111 -0.00038823
v -0.01120000 0.04102279 -0.00026047
v -0.01520000 0.04102279 -0.00026047
v -0.01120000 0.04100571 -0.00013073
v -0.01520000 0.04100571 -0.00013073
v -0.01120000 0.04100000 -0.00000000
v -0.01520000 0.04100000 -0.00000000
v -0.01120000 0.04100571 0.00013073
v -0.01520000 0.04100571 0.00013073
v -0.01120000 0.04102279 0.00026047
v -0.01520000 0.04102279 0.00026047
v -0.01120000 0.04105111 0.00038823
v -0.01520000 0.04105111 0.00038823
v -0.01120000 0.04109046 0.00051303
v -0.01520000 0.04109046 0.00051303
v -0.01120000 0.04114054 0.00063393
v -0.01520000 0.04114054 0.00063393
v -0.01120000 0.04120096 0.00075000
v -0.01520000 0.04120096 0.00075000
v -0.01120000 0.04127127 0.00086036
v -0.01520000 0.04127127 0.00086036
v -0.01120000 0.04135093 0.00096418
v -0.01520000 0.04135093 0.00096418
v -0.01120000 0.04143934 0.00106066
v -0.01520000 0.04143934 0.00106066
v -0.01120000 0.04153582 0.00114907
v -0.01520000 0.04153582 0.00114907
v -0.01120000 0.04163964 0.00122873
v -0.01520000 0.04163964 0.00122873
v -0.01120000 0.04175000 0.00129904
v -0.01520000 0.04175000 0.00129904
v -0.01120000 0.04186607 0.00135946
v -0.01520000 0.04186607 0.00135946
v -0.01120000 0.04198697 0.00140954
v -0.01520000 0.04198697 0.00140954
v -0.01120000 0.04211177 0.00144889
v -0.01520000 0.04211177 0.00144889
v -0.01120000 0.04223953 0.00147721
v -0.01520000 0.04223953 0.00147721
v -0.01120000 0.04236927 0.00149429
v -0.01520000 0.04236927 0.00149429
v -0.01520000 0.04250000 0.00000000
v -0.01120000 0.02899138 0.03111270
v -0.01520000 0.02899138 0.03111270
v -0.01120000 0.02908786 0.03120111
v -0.01520000 0.02908786 0.03120111
v -0.01120000 0.02919167 0.03128077
v -0.01520000 0.02919167 0.03128077
v -0.01120000 0.02930204 0.03135107
v -0.01520000 0.02930204 0.03135107
v -0.01120000 0.02941811 0.03141150
v -0.01520000 0.02941811 0.03141150
v -0.01120000 0.02953901 0.03146158
v -0.01520000 0.02953901 0.03146158
v -0.01120000 0.02966381 0.03150093
v -0.01520000 0.02966381 0.03150093
v -0.01120000 0.02979157 0.03152925
v -0.01520000 0.02979157 0.03152925
v -0.01120000 0.02992130 0.03154633
v -0.01520000 0.02992130 0.03154633
v -0.01120000 0.03005204 0.03155204
v -0.01520000 0.03005204 0.03155204
v -0.01120000 0.03018277 0.03154633
v -0.01520000 0.03018277 0.03154633
v -0.01120000 0.03031251 0.03152925
v -0.01520000 0.03031251 0.03152925
v -0.01120000 0.03044027 0.03150093
v -0.01520000 0.03044027 0.03150093
v -0.01120000 0.03056507 0.03146158
v -0.01520000 0.03056507 0.03146158
v -0.01120000 0.03068596 0.03141150
v -0.01520000 0.03068596 0.03141150
v -0.01120000 0.03080204 0.03135107
v -0.01520000 0.03080204 0.03135107
v -0.01120000 0.03091240 0.03128077
v -0.01520000 0.03091240 0.03128077
v -0.01120000 0.03101622 0.03120111
v -0.01520000 0.03101622 0.03120111
v -0.01120000 0.03111270 0.03111270
v -0.01520000 0.03111270 0.03111270
v -0.01120000 0.03120111 0.03101622
v -0.01520000 0.03120111 0.03101622
v -0.01120000 0.03128077 0.03091240
v -0.01520000 0.03128077 0.03091240
v -0.01120000 0.03135107 0.03080204
v -0.01520000 0.03135107 0.03080204
v -0.01120000 0.03141150 0.03068596
v -0.01520000 0.03141150 0.03068596
v -0.01120000 0.03146158 0.03056507
v -0.01520000 0.03146158 0.03056507
v -0.01120000 0.03150093 0.03044027
v -0.01520000 0.03150093 0.03044027
v -0.01120000 0.03152925 0.03031251
v -0.01520000 0.03152925 0.03031251
v -0.01120000 0.03154633 0.03018277
v -0.01520000 0.03154633 0.03018277
v -0.01120000 0.03155204 0.03005204
v -0.01520000 0.03155204 0.03005204
v -0.01120000 0.03154633 0.02992130
v -0.01520000 0.03154633 0.02992130
v -0.01120000 0.03152925 0.02979157
v -0.01520000 0.03152925 0.02979157
v -0.01120000 0.03150093 0.02966381
v -0.01520000 0.03150093 0.02966381
v -0.01120000 0.03146158 0.02953901
v -0.01520000 0.03146158 0.02953901
v -0.01120000 0.03141150 0.02941811
v -0.01520000 0.03141150 0.02941811
v -0.01120000 0.03135107 0.02930204
v -0.01520000 0.03135107 0.02930204
v -0.01120000 0.03128077 0.02919167
v -0.01520000 0.03128077 0.02919167
v -0.01120000 0.03120111 0.02908786
v -0.01520000 0.03120111 0.02908786
v -0.01120000 0.03111270 0.02899138
v -0.01520000 0.03111270 0.02899138
v -0.01120000 0.03101622 0.02890297
v -0.01520000 0.03101622 0.02890297
v -0.01120000 0.03091240 0.02882331
v -0.01520000 0.03091240 0.02882331
v -0.01120000 0.03080204 0.02875300
v -0.01520000 0.03080204 0.02875300
v -0.01120000 0.03068596 0.02869258
v -0.01520000 0.03068596 0.02869258
v -0.01120000 0.03056507 0.02864250
v -0.01520000 0.03056507 0.02864250
v -0.01120000 0.03044027 0.02860315
v -0.01520000 0.03044027 0.02860315
v -0.01120000 0.03031251 0.02857483
v -0.01520000 0.03031251 0.02857483
v -0.01120000 0.03018277 0.02855775
v -0.01520000 0.03018277 0.02855775
v -0.01120000 0.03005204 0.02855204
v -0.01520000 0.03005204 0.02855204
v -0.01120000 0.02992130 0.02855775
v -0.01520000 0.02992130 0.02855775
v -0.01120000 0.02979157 0.02857483
v -0.01520000 0.02979157 0.02857483
v -0.01120000 0.02966381 0.02860315
v -0.01520000 0.02966381 0.02860315
v -0.01120000 0.02953901 0.02864250
v -0.01520000 0.02953901 0.02864250
v -0.01120000 0.02941811 0.02869258
v -0.01520000 0.02941811 0.02869258
v -0.01120000 0.02930204 0.02875300
v -0.01520000 0.02930204 0.02875300
v -0.01120000 0.02919167 0.02882331
v -0.01520000 0.02919167 0.02882331
v -0.01120000 0.02908786 0.02890297
v -0.01520000 0.02908786 0.02890297
v -0.01120000 0.02899138 0.02899138
v -0.01520000 0.02899138 0.02899138
v -0.01120000 0.02890297 0.02908786
v -0.01520000 0.02890297 0.02908786
v -0.01120000 0.02882331 0.02919167
v -0.01520000 0.02882331 0.02919167
v -0.01120000 0.02875300 0.02930204
v -0.01520000 0.02875300 0.02930204
v -0.01120000 0.02869258 0.02941811
v -0.01520000 0.02869258 0.02941811
v -0.01120000 0.02864250 0.02953901
v -0.01520000 0.02864250 0.02953901
v -0.01120000 0.02860315 0.02966381
v -0.01520000 0.02860315 0.02966381
v -0.01120000 0.02857483 0.02979157
v -0.01520000 0.02857483 0.02979157
v -0.01120000 0.02855775 0.02992130
v -0.01520000 0.02855775 0.02992130
v -0.01120000 0.02855204 0.03005204
v -0.01520000 0.02855204 0.03005204
v -0.01120000 0.02855775 0.03018277
v -0.01520000 0.02855775 0.03018277
v -0.01120000 0.02857483 0.03031251
v -0.01520000 0.02857483 0.03031251
v -0.01120000 0.02860315 0.03044027
v -0.01520000 0.02860315 0.03044027
v -0.01120000 0.02864250 0.03056507
v -0.01520000 0.02864250 0.03056507
v -0.01120000 0.02869258 0.03068596
v -0.01520000 0.02869258 0.03068596
v -0.01120000 0.02875300 0.03080204
v -0.01520000 0.02875300 0.03080204
v -0.01120000 0.02882331 0.03091240
v -0.01520000 0.02882331 0.03091240
v -0.01120000 0.02890297 0.03101622
v -0.01520000 0.02890297 0.03101622
v -0.01520000 0.03005204 0.03005204
v -0.01120000 0.02264014 0.02536580
v -0.01020000 0.02264014 0.02536580
v -0.01020000 0.02470366 0.02336085
v -0.01120000 0.02470366 0.02336085
v -0.01020000 0.02659028 0.02118861
v -0.01120000 0.02659028 0.02118861
v -0.01020000 0.02828649 0.01886464
v -0.01120000 0.02828649 0.01886464
v -0.01020000 0.02978014 0.01640558
v -0.01120000 0.02978014 0.01640558
v -0.01020000 0.03106054 0.01382905
v -0.01120000 0.03106054 0.01382905
v -0.01020000 0.03211853 0.01115348
v -0.01120000 0.03211853 0.01115348
v -0.01020000 0.03294651 0.00839805
v -0.01120000 0.03294651 0.00839805
v -0.01020000 0.03353857 0.00558248
v -0.01120000 0.03353857 0.00558248
v -0.01020000 0.03389047 0.00272694
v -0.01120000 0.03389047 0.00272694
v -0.01020000 0.03399968 -0.00014813
v -0.01120000 0.03399968 -0.00014813
v 0.00000000 0.03492860 -0.00223452
v 0.00000000 0.03485801 -0.00314945
v -0.00050000 0.03535598 -0.00319444
v 0.00000000 0.03445673 -0.00614276
v -0.00050000 0.03494897 -0.00623052
v 0.00000000 0.03379890 -0.00909033
v -0.00050000 0.03428175 -0.00922020
v 0.00000000 0.03288942 -0.01197022
v -0.00050000 0.03335927 -0.01214123
v 0.00000000 0.03173505 -0.01476099
v -0.00050000 0.03218840 -0.01497186
v 0.00000000 0.03034439 -0.01744184
v -0.00050000 0.03077788 -0.01769101
v 0.00000000 0.02872780 -0.01999284
v -0.00050000 0.02913820 -0.02027845
v 0.00000000 0.02689731 -0.02239497
v -0.00050000 0.02728156 -0.02271490
v 0.00000000 0.02486655 -0.02463036
v -0.00050000 0.02522179 -0.02498222
v 0.00000000 0.02265065 -0.02668235
v -0.00050000 0.02297423 -0.02706353
v 0.00000000 0.02026610 -0.02853568
v -0.00050000 0.02055561 -0.02894334
v 0.00000000 0.01773065 -0.03017655
v -0.00050000 0.01798395 -0.03060764
v 0.00000000 0.01506319 -0.03159273
v -0.00050000 0.01527837 -0.03204405
v 0.00000000 0.01228357 -0.03277368
v -0.00050000 0.01245905 -0.03324187
v 0.00000000 0.00941249 -0.03371061
v -0.00050000 0.00954695 -0.03419219
v 0.00000000 0.00647133 -0.03439654
v -0.00050000 0.00656378 -0.03488792
v 0.00000000 0.00348199 -0.03482636
v -0.00050000 0.00353173 -0.03532388
v 0.00000000 0.00046672 -0.03499689
v -0.00050000 0.00047338 -0.03549684
v 0.00000000 -0.00255203 -0.03490683
v -0.00050000 -0.00258849 -0.03540551
v 0.00000000 -0.00555177 -0.03455688
v -0.00050000 -0.00563108 -0.03505055
v 0.00000000 -0.00851018 -0.03394962
v -0.00050000 -0.00863175 -0.03443462
v 0.00000000 -0.01140522 -0.03308959
v -0.00050000 -0.01156815 -0.03356230
v 0.00000000 -0.01421534 -0.03198319
v -0.00050000 -0.01441842 -0.03244008
v 0.00000000 -0.01691962 -0.03063864
v -0.00050000 -0.01716133 -0.03107634
v 0.00000000 -0.01949793 -0.02906597
v -0.00050000 -0.01977647 -0.02948120
v 0.00000000 -0.02193105 -0.02727689
v -0.00050000 -0.02224435 -0.02766656
v 0.00000000 -0.02420089 -0.02528472
v -0.00050000 -0.02454662 -0.02564593
v 0.00000000 -0.02629054 -0.02310428
v -0.00050000 -0.02666612 -0.02343434
v 0.00000000 -0.02818443 -0.02075182
v -0.00050000 -0.02858707 -0.02104827
v 0.00000000 -0.02986848 -0.01824484
v -0.00050000 -0.03029517 -0.01850548
v 0.00000000 -0.03133013 -0.01560202
v -0.00050000 -0.03177770 -0.01582491
v 0.00000000 -0.03255851 -0.01284303
v -0.00050000 -0.03302363 -0.01302651
v 0.00000000 -0.03354447 -0.00998842
v -0.00050000 -0.03402368 -0.01013111
v 0.00000000 -0.03428067 -0.00705944
v -0.00050000 -0.03477039 -0.00716029
v 0.00000000 -0.03476163 -0.00407790
v -0.00050000 -0.03525822 -0.00413615
v 0.00000000 -0.03498376 -0.00106599
v -0.00050000 -0.03548353 -0.00108122
v 0.00000000 -0.03494542 0.00195385
v -0.00050000 -0.03544464 0.00198177
v 0.00000000 -0.03464689 0.00495915
v -0.00050000 -0.03514184 0.00503000
v 0.00000000 -0.03409038 0.00792752
v -0.00050000 -0.03457739 0.00804077
v 0.00000000 -0.03328006 0.01083687
v -0.00050000 -0.03375549 0.01099168
v 0.00000000 -0.03222194 0.01366553
v -0.00050000 -0.03268225 0.01386075
v 0.00000000 -0.03092391 0.01639244
v -0.00050000 -0.03136568 0.01662662
v 0.00000000 -0.02939562 0.01899729
v -0.00050000 -0.02981556 0.01926869
v 0.00000000 -0.02764847 0.02146071
v -0.00050000 -0.02804345 0.02176729
v 0.00000000 -0.02569546 0.02376433
v -0.00050000 -0.02606254 0.02410382
v 0.00000000 -0.02355113 0.02589101
v -0.00050000 -0.02388757 0.02626088
v 0.00000000 -0.02123144 0.02782491
v -0.00050000 -0.02153475 0.02822241
v 0.00000000 -0.01875368 0.02955164
v -0.00050000 -0.01902159 0.02997381
v 0.00000000 -0.01613628 0.03105834
v -0.00050000 -0.01636680 0.03150203
v 0.00000000 -0.01339873 0.03233379
v -0.00050000 -0.01359014 0.03279570
v 0.00000000 -0.01056142 0.03336849
v -0.00050000 -0.01071230 0.03384519
v 0.00000000 -0.00764548 0.03415475
v -0.00050000 -0.00775470 0.03464267
v 0.00000000 -0.00467261 0.03468669
v -0.00050000 -0.00473936 0.03518222
v 0.00000000 -0.00166495 0.03496038
v -0.00050000 -0.00168873 0.03545981
v 0.00000000 0.00135511 0.03497376
v -0.00050000 0.00137447 0.03547338
v 0.00000000 0.00436508 0.03472674
v -0.00050000 0.00442743 0.03522283
v 0.00000000 0.00734254 0.03422115
v -0.00050000 0.00744744 0.03471002
v 0.00000000 0.01026534 0.03346077
v -0.00050000 0.01041199 0.03393878
v 0.00000000 0.01311171 0.03245124
v -0.00050000 0.01329902 0.03291483
v 0.00000000 0.01586045 0.03120010
v -0.00050000 0.01608702 0.03164582
v 0.00000000 0.01849109 0.02971665
v -0.00050000 0.01875525 0.03014118
v 0.00000000 0.02098406 0.02801195
v -0.00050000 0.02128384 0.02841212
v 0.00000000 0.02171122 0.02745219
v -0.01120000 0.03535598 -0.00319444
v -0.01120000 0.03494897 -0.00623052
v -0.01120000 0.03428175 -0.00922020
v -0.01120000 0.03335927 -0.01214123
v -0.01120000 0.03218840 -0.01497186
v -0.01120000 0.03077788 -0.01769101
v -0.01120000 0.02913820 -0.02027845
v -0.01120000 0.02728156 -0.02271490
v -0.01120000 0.02522179 -0.02498222
v -0.01120000 0.02297423 -0.02706353
v -0.01120000 0.02055561 -0.02894334
v -0.01120000 0.01798395 -0.03060764
v -0.01120000 0.01527837 -0.03204405
v -0.01120000 0.01245905 -0.03324187
v -0.01120000 0.00954695 -0.03419219
v -0.01120000 0.00656378 -0.03488792
v -0.01120000 0.00353173 -0.03532388
v -0.01120000 0.00047338 -0.03549684
v -0.01120000 -0.00258849 -0.03540551
v -0.01120000 -0.00563108 -0.03505055
v -0.01120000 -0.00863175 -0.03443462
v -0.01120000 -0.01156815 -0.03356230
v -0.01120000 -0.01441842 -0.03244008
v -0.01120000 -0.01716133 -0.03107634
v -0.01120000 -0.01977647 -0.02948120
v -0.01120000 -0.02224435 -0.02766656
v -0.01120000 -0.02454662 -0.02564593
v -0.01120000 -0.02666612 -0.02343434
v -0.01120000 -0.02858707 -0.02104827
v -0.01120000 -0.03029517 -0.01850548
v -0.01120000 -0.03177770 -0.01582491
v -0.01120000 -0.03302363 -0.01302651
v -0.01120000 -0.03355726 -0.01158275
v -0.01120000 -0.03402368 -0.01013111
v -0.01120000 -0.03477039 -0.00716029
v -0.01120000 -0.03525822 -0.00413615
v -0.01120000 -0.03548353 -0.00108122
v -0.01120000 -0.03544464 0.00198177
v -0.01120000 -0.03514184 0.00503000
v -0.01120000 -0.03457739 0.00804077
v -0.01120000 -0.03375549 0.01099168
v -0.01120000 -0.03268225 0.01386075
v -0.01120000 -0.03215668 0.01503987
v -0.01120000 -0.03136568 0.01662662
v -0.01120000 -0.02981556 0.01926869
v -0.01120000 -0.02804345 0.02176729
v -0.01120000 -0.02606254 0.02410382
v -0.01120000 -0.02388757 0.02626088
v -0.01120000 -0.02153475 0.02822241
v -0.01120000 -0.01902159 0.02997381
v -0.01120000 -0.01636680 0.03150203
v -0.01120000 -0.01359014 0.03279570
v -0.01120000 -0.01159709 0.03355231
v -0.01120000 -0.01071230 0.03384519
v -0.01120000 -0.00775470 0.03464267
v -0.01120000 -0.00473936 0.03518222
v -0.01120000 -0.00168873 0.03545981
v -0.01120000 0.00137447 0.03547338
v -0.01120000 0.00442743 0.03522283
v -0.01120000 0.00744744 0.03471002
v -0.01120000 0.01041199 0.03393878
v -0.01120000 0.01329902 0.03291483
v -0.01120000 0.01503893 0.03215712
v -0.01120000 0.01608702 0.03164582
v -0.01120000 0.01875525 0.03014118
v -0.01120000 0.02128384 0.02841212
v -0.01120000 0.03228950 0.00369299
v -0.01020000 0.03228950 0.00369299
v -0.01120000 0.03184556 0.00648924
v -0.01020000 0.03184556 0.00648924
v -0.01120000 0.03115994 0.00923624
v -0.01020000 0.03115994 0.00923624
v -0.01120000 0.03023784 0.01191315
v -0.01020000 0.03023784 0.01191315
v -0.01120000 0.02908626 0.01449964
v -0.01020000 0.02908626 0.01449964
v -0.01120000 0.02771393 0.01697610
v -0.01020000 0.02771393 0.01697610
v -0.01120000 0.02613128 0.01932372
v -0.01020000 0.02613128 0.01932372
v -0.01120000 0.02435032 0.02152468
v -0.01020000 0.02435032 0.02152468
v -0.01120000 -0.02899138 -0.03111270
v -0.01120000 -0.02908786 -0.03120111
v -0.01120000 -0.02919167 -0.03128077
v -0.01120000 -0.02930204 -0.03135107
v -0.01120000 -0.02941811 -0.03141150
v -0.01120000 -0.02953901 -0.03146158
v -0.01120000 -0.02966381 -0.03150093
v -0.01120000 -0.02979157 -0.03152925
v -0.01120000 -0.02992130 -0.03154633
v -0.01120000 -0.03005204 -0.03155204
v -0.01120000 -0.03018277 -0.03154633
v -0.01120000 -0.03031251 -0.03152925
v -0.01120000 -0.03044027 -0.03150093
v -0.01120000 -0.03056507 -0.03146158
v -0.01120000 -0.03068596 -0.03141150
v -0.01120000 -0.03080204 -0.03135107
v -0.01120000 -0.03091240 -0.03128077
v -0.01120000 -0.03101622 -0.03120111
v -0.01120000 -0.03111270 -0.03111270
v -0.01120000 -0.03120111 -0.03101622
v -0.01120000 -0.03128077 -0.03091240
v -0.01120000 -0.03135107 -0.03080204
v -0.01120000 -0.03141150 -0.03068596
v -0.01120000 -0.03146158 -0.03056507
v -0.01120000 -0.03150093 -0.03044027
v -0.01120000 -0.03152925 -0.03031251
v -0.01120000 -0.03154633 -0.03018277
v -0.01120000 -0.03155204 -0.03005204
v -0.01120000 -0.03154633 -0.02992130
v -0.01120000 -0.03152925 -0.02979157
v -0.01120000 -0.03150093 -0.02966381
v -0.01120000 -0.03146158 -0.02953901
v -0.01120000 -0.03141150 -0.02941811
v -0.01120000 -0.03135107 -0.02930204
v -0.01120000 -0.03128077 -0.02919167
v -0.01120000 -0.03120111 -0.02908786
v -0.01120000 -0.03111270 -0.02899138
v -0.01120000 -0.03101622 -0.02890297
v -0.01120000 -0.03091240 -0.02882331
v -0.01120000 -0.03080204 -0.02875300
v -0.01120000 -0.03068596 -0.02869258
v -0.01120000 -0.03056507 -0.02864250
v -0.01120000 -0.03044027 -0.02860315
v -0.01120000 -0.03031251 -0.02857483
v -0.01120000 -0.03018277 -0.02855775
v -0.01120000 -0.03005204 -0.02855204
v -0.01120000 -0.02992130 -0.02855775
v -0.01120000 -0.02979157 -0.02857483
v -0.01120000 -0.02966381 -0.02860315
v -0.01120000 -0.02953901 -0.02864250
v -0.01120000 -0.02941811 -0.02869258
v -0.01120000 -0.02930204 -0.02875300
v -0.01120000 -0.02919167 -0.02882331
v -0.01120000 -0.02908786 -0.02890297
v -0.01120000 -0.02899138 -0.02899138
v -0.01120000 -0.02890297 -0.02908786
v -0.01120000 -0.02882331 -0.02919167
v -0.01120000 -0.02875300 -0.02930204
v -0.01120000 -0.02869258 -0.02941811
v -0.01120000 -0.02864250 -0.02953901
v -0.01120000 -0.02860315 -0.02966381
v -0.01120000 -0.02857483 -0.02979157
v -0.01120000 -0.02855775 -0.02992130
v -0.01120000 -0.02855204 -0.03005204
v -0.01120000 -0.02855775 -0.03018277
v -0.01120000 -0.02857483 -0.03031251
v -0.01120000 -0.02860315 -0.03044027
v -0.01120000 -0.02864250 -0.03056507
v -0.01120000 -0.02869258 -0.03068596
v -0.01120000 -0.02875300 -0.03080204
v -0.01120000 -0.02882331 -0.03091240
v -0.01120000 -0.02890297 -0.03101622
v -0.01520000 -0.04223953 0.00147721
v -0.01520000 -0.04236927 0.00149429
v -0.01520000 -0.04250000 0.00000000
v -0.01520000 -0.04250000 0.00150000
v -0.01520000 -0.04263073 0.00149429
v -0.01520000 -0.04186607 0.00135946
v -0.01520000 -0.04198697 0.00140954
v -0.01520000 -0.04211177 0.00144889
v -0.01520000 -0.04153582 0.00114907
v -0.01520000 -0.04163964 0.00122873
v -0.01520000 -0.04175000 0.00129904
v -0.01520000 -0.04127127 0.00086036
v -0.01520000 -0.04135093 0.00096418
v -0.01520000 -0.04143934 0.00106066
v -0.01520000 -0.04109046 0.00051303
v -0.01520000 -0.04114054 0.00063393
v -0.01520000 -0.04120096 0.00075000
v -0.01520000 -0.04100571 0.00013073
v -0.01520000 -0.04102279 0.00026047
v -0.01520000 -0.04105111 0.00038823
v -0.01520000 -0.04102279 -0.00026047
v -0.01520000 -0.04100571 -0.00013073
v -0.01520000 -0.04100000 0.00000000
v -0.01520000 -0.04114054 -0.00063393
v -0.01520000 -0.04109046 -0.00051303
v -0.01520000 -0.04105111 -0.00038823
v -0.01520000 -0.04135093 -0.00096418
v -0.01520000 -0.04127127 -0.00086036
v -0.01520000 -0.04120096 -0.00075000
v -0.01520000 -0.04163964 -0.00122873
v -0.01520000 -0.04153582 -0.00114907
v -0.01520000 -0.04143934 -0.00106066
v -0.01520000 -0.04198697 -0.00140954
v -0.01520000 -0.04186607 -0.00135946
v -0.01520000 -0.04175000 -0.00129904
v -0.01520000 -0.04236927 -0.00149429
v -0.01520000 -0.04223953 -0.00147721
v -0.01520000 -0.04211177 -0.00144889
v -0.01520000 -0.04276047 -0.00147721
v -0.01520000 -0.04263073 -0.00149429
v -0.01520000 -0.04250000 -0.00150000
v -0.01520000 -0.04313393 -0.00135946
v -0.01520000 -0.04301303 -0.00140954
v -0.01520000 -0.04288823 -0.00144889
v -0.01520000 -0.04346418 -0.00114907
v -0.01520000 -0.04336036 -0.00122873
v -0.01520000 -0.04325000 -0.00129904
v -0.01520000 -0.04372873 -0.00086036
v -0.01520000 -0.04364907 -0.00096418
v -0.01520000 -0.04356066 -0.00106066
v -0.01520000 -0.04390954 -0.00051303
v -0.01520000 -0.04385946 -0.00063393
v -0.01520000 -0.04379904 -0.00075000
v -0.01520000 -0.04399429 -0.00013073
v -0.01520000 -0.04397721 -0.00026047
v -0.01520000 -0.04394889 -0.00038823
v -0.01520000 -0.04397721 0.00026047
v -0.01520000 -0.04399429 0.00013073
v -0.01520000 -0.04400000 -0.00000000
v -0.01520000 -0.04385946 0.00063393
v -0.01520000 -0.04390954 0.00051303
v -0.01520000 -0.04394889 0.00038823
v -0.01520000 -0.04364907 0.00096418
v -0.01520000 -0.04372873 0.00086036
v -0.01520000 -0.04379904 0.00075000
v -0.01520000 -0.04336036 0.00122873
v -0.01520000 -0.04346418 0.00114907
v -0.01520000 -0.04356066 0.00106066
v -0.01520000 -0.04301303 0.00140954
v -0.01520000 -0.04313393 0.00135946
v -0.01520000 -0.04325000 0.00129904
v -0.01520000 -0.04276047 0.00147721
v -0.01520000 -0.04288823 0.00144889
v -0.01120000 -0.04250000 -0.00150000
v -0.01120000 -0.04263073 -0.00149429
v -0.01120000 -0.04276047 -0.00147721
v -0.01120000 -0.04288823 -0.00144889
v -0.01120000 -0.04301303 -0.00140954
v -0.01120000 -0.04313393 -0.00135946
v -0.01120000 -0.04325000 -0.00129904
v -0.01120000 -0.04336036 -0.00122873
v -0.01120000 -0.04346418 -0.00114907
v -0.01120000 -0.04356066 -0.00106066
v -0.01120000 -0.04364907 -0.00096418
v -0.01120000 -0.04372873 -0.00086036
v -0.01120000 -0.04379904 -0.00075000
v -0.01120000 -0.04385946 -0.00063393
v -0.01120000 -0.04390954 -0.00051303
v -0.01120000 -0.04394889 -0.00038823
v -0.01120000 -0.04397721 -0.00026047
v -0.01120000 -0.04399429 -0.00013073
v -0.01120000 -0.04400000 -0.00000000
v -0.01120000 -0.04399429 0.00013073
v -0.01120000 -0.04397721 0.00026047
v -0.01120000 -0.04394889 0.00038823
v -0.01120000 -0.04390954 0.00051303
v -0.01120000 -0.04385946 0.00063393
v -0.01120000 -0.04379904 0.00075000
v -0.01120000 -0.04372873 0.00086036
v -0.01120000 -0.04364907 0.00096418
v -0.01120000 -0.04356066 0.00106066
v -0.01120000 -0.04346418 0.00114907
v -0.01120000 -0.04336036 0.00122873
v -0.01120000 -0.04325000 0.00129904
v -0.01120000 -0.04313393 0.00135946
v -0.01120000 -0.04301303 0.00140954
v -0.01120000 -0.04288823 0.00144889
v -0.01120000 -0.04276047 0.00147721
v -0.01120000 -0.04263073 0.00149429
v -0.01120000 -0.04250000 0.00150000
v -0.01120000 -0.04236927 0.00149429
v -0.01120000 -0.04223953 0.00147721
v -0.01120000 -0.04211177 0.00144889
v -0.01120000 -0.04198697 0.00140954
v -0.01120000 -0.04186607 0.00135946
v -0.01120000 -0.04175000 0.00129904
v -0.01120000 -0.04163964 0.00122873
v -0.01120000 -0.04153582 0.00114907
v -0.01120000 -0.04143934 0.00106066
v -0.01120000 -0.04135093 0.00096418
v -0.01120000 -0.04127127 0.00086036
v -0.01120000 -0.04120096 0.00075000
v -0.01120000 -0.04114054 0.00063393
v -0.01120000 -0.04109046 0.00051303
v -0.01120000 -0.04105111 0.00038823
v -0.01120000 -0.04102279 0.00026047
v -0.01120000 -0.04100571 0.00013073
v -0.01120000 -0.04100000 0.00000000
v -0.01120000 -0.04100571 -0.00013073
v -0.01120000 -0.04102279 -0.00026047
v -0.01120000 -0.04105111 -0.00038823
v -0.01120000 -0.04109046 -0.00051303
v -0.01120000 -0.04114054 -0.00063393
v -0.01120000 -0.04120096 -0.00075000
v -0.01120000 -0.04127127 -0.00086036
v -0.01120000 -0.04135093 -0.00096418
v -0.01120000 -0.04143934 -0.00106066
v -0.01120000 -0.04153582 -0.00114907
v -0.01120000 -0.04163964 -0.00122873
v -0.01120000 -0.04175000 -0.00129904
v -0.01120000 -0.04186607 -0.00135946
v -0.01120000 -0.04198697 -0.00140954
v -0.01120000 -0.04211177 -0.00144889
v -0.01120000 -0.04223953 -0.00147721
v -0.01120000 -0.04236927 -0.00149429
v -0.01520000 -0.02882331 0.03091240
v -0.01520000 -0.02890297 0.03101622
v -0.01520000 -0.03005204 0.03005204
v -0.01520000 -0.02899138 0.03111270
v -0.01520000 -0.02908786 0.03120111
v -0.01520000 -0.02864250 0.03056507
v -0.01520000 -0.02869258 0.03068596
v -0.01520000 -0.02875300 0.03080204
v -0.01520000 -0.02855775 0.03018277
v -0.01520000 -0.02857483 0.03031251
v -0.01520000 -0.02860315 0.03044027
v -0.01520000 -0.02857483 0.02979157
v -0.01520000 -0.02855775 0.02992130
v -0.01520000 -0.02855204 0.03005204
v -0.01520000 -0.02869258 0.02941811
v -0.01520000 -0.02864250 0.02953901
v -0.01520000 -0.02860315 0.02966381
v -0.01520000 -0.02890297 0.02908786
v -0.01520000 -0.02882331 0.02919167
v -0.01520000 -0.02875300 0.02930204
v -0.01520000 -0.02919167 0.02882331
v -0.01520000 -0.02908786 0.02890297
v -0.01520000 -0.02899138 0.02899138
v -0.01520000 -0.02953901 0.02864250
v -0.01520000 -0.02941811 0.02869258
v -0.01520000 -0.02930204 0.02875300
v -0.01520000 -0.02992130 0.02855775
v -0.01520000 -0.02979157 0.02857483
v -0.01520000 -0.02966381 0.02860315
v -0.01520000 -0.03031251 0.02857483
v -0.01520000 -0.03018277 0.02855775
v -0.01520000 -0.03005204 0.02855204
v -0.01520000 -0.03068596 0.02869258
v -0.01520000 -0.03056507 0.02864250
v -0.01520000 -0.03044027 0.02860315
v -0.01520000 -0.03101622 0.02890297
v -0.01520000 -0.03091240 0.02882331
v -0.01520000 -0.03080204 0.02875300
v -0.01520000 -0.03128077 0.02919167
v -0.01520000 -0.03120111 0.02908786
v -0.01520000 -0.03111270 0.02899138
v -0.01520000 -0.03146158 0.02953901
v -0.01520000 -0.03141150 0.02941811
v -0.01520000 -0.03135107 0.02930204
v -0.01520000 -0.03154633 0.02992130
v -0.01520000 -0.03152925 0.02979157
v -0.01520000 -0.03150093 0.02966381
v -0.01520000 -0.03152925 0.03031251
v -0.01520000 -0.03154633 0.03018277
v -0.01520000 -0.03155204 0.03005204
v -0.01520000 -0.03141150 0.03068596
v -0.01520000 -0.03146158 0.03056507
v -0.01520000 -0.03150093 0.03044027
v -0.01520000 -0.03120111 0.03101622
v -0.01520000 -0.03128077 0.03091240
v -0.01520000 -0.03135107 0.03080204
v -0.01520000 -0.03091240 0.03128077
v -0.01520000 -0.03101622 0.03120111
v -0.01520000 -0.03111270 0.03111270
v -0.01520000 -0.03056507 0.03146158
v -0.01520000 -0.03068596 0.03141150
v -0.01520000 -0.03080204 0.03135107
v -0.01520000 -0.03018277 0.03154633
v -0.01520000 -0.03031251 0.03152925
v -0.01520000 -0.03044027 0.03150093
v -0.01520000 -0.02979157 0.03152925
v -0.01520000 -0.02992130 0.03154633
v -0.01520000 -0.03005204 0.03155204
v -0.01520000 -0.02941811 0.03141150
v -0.01520000 -0.02953901 0.03146158
v -0.01520000 -0.02966381 0.03150093
v -0.01520000 -0.02919167 0.03128077
v -0.01520000 -0.02930204 0.03135107
v -0.01120000 -0.03111270 0.02899138
v -0.01120000 -0.03120111 0.02908786
v -0.01120000 -0.03128077 0.02919167
v -0.01120000 -0.03135107 0.02930204
v -0.01120000 -0.03141150 0.02941811
v -0.01120000 -0.03146158 0.02953901
v -0.01120000 -0.03150093 0.02966381
v -0.01120000 -0.03152925 0.02979157
v -0.01120000 -0.03154633 0.02992130
v -0.01120000 -0.03155204 0.03005204
v -0.01120000 -0.03154633 0.03018277
v -0.01120000 -0.03152925 0.03031251
v -0.01120000 -0.03150093 0.03044027
v -0.01120000 -0.03146158 0.03056507
v -0.01120000 -0.03141150 0.03068596
v -0.01120000 -0.03135107 0.03080204
v -0.01120000 -0.03128077 0.03091240
v -0.01120000 -0.03120111 0.03101622
v -0.01120000 -0.03111270 0.03111270
v -0.01120000 -0.03101622 0.03120111
v -0.01120000 -0.03091240 0.03128077
v -0.01120000 -0.03080204 0.03135107
v -0.01120000 -0.03068596 0.03141150
v -0.01120000 -0.03056507 0.03146158
v -0.01120000 -0.03044027 0.03150093
v -0.01120000 -0.03031251 0.03152925
v -0.01120000 -0.03018277 0.03154633
v -0.01120000 -0.03005204 0.03155204
v -0.01120000 -0.02992130 0.03154633
v -0.01120000 -0.02979157 0.03152925
v -0.01120000 -0.02966381 0.03150093
v -0.01120000 -0.02953901 0.03146158
v -0.01120000 -0.02941811 0.03141150
v -0.01120000 -0.02930204 0.03135107
v -0.01120000 -0.02919167 0.03128077
v -0.01120000 -0.02908786 0.03120111
v -0.01120000 -0.02899138 0.03111270
v -0.01120000 -0.02890297 0.03101622
v -0.01120000 -0.02882331 0.03091240
v -0.01120000 -0.02875300 0.03080204
v -0.01120000 -0.02869258 0.03068596
v -0.01120000 -0.02864250 0.03056507
v -0.01120000 -0.02860315 0.03044027
v -0.01120000 -0.02857483 0.03031251
v -0.01120000 -0.02855775 0.03018277
v -0.01120000 -0.02855204 0.03005204
v -0.01120000 -0.02855775 0.02992130
v -0.01120000 -0.02857483 0.02979157
v -0.01120000 -0.02860315 0.02966381
v -0.01120000 -0.02864250 0.02953901
v -0.01120000 -0.02869258 0.02941811
v -0.01120000 -0.02875300 0.02930204
v -0.01120000 -0.02882331 0.02919167
v -0.01120000 -0.02890297 0.02908786
v -0.01120000 -0.02899138 0.02899138
v -0.01120000 -0.02908786 0.02890297
v -0.01120000 -0.02919167 0.02882331
v -0.01120000 -0.02930204 0.02875300
v -0.01120000 -0.02941811 0.02869258
v -0.01120000 -0.02953901 0.02864250
v -0.01120000 -0.02966381 0.02860315
v -0.01120000 -0.02979157 0.02857483
v -0.01120000 -0.02992130 0.02855775
v -0.01120000 -0.03005204 0.02855204
v -0.01120000 -0.03018277 0.02855775
v -0.01120000 -0.03031251 0.02857483
v -0.01120000 -0.03044027 0.02860315
v -0.01120000 -0.03056507 0.02864250
v -0.01120000 -0.03068596 0.02869258
v -0.01120000 -0.03080204 0.02875300
v -0.01120000 -0.03091240 0.02882331
v -0.01120000 -0.03101622 0.02890297
v -0.01520000 0.00147721 0.04223953
v -0.01520000 0.00149429 0.04236927
v -0.01520000 0.00000000 0.04250000
v -0.01520000 0.00150000 0.04250000
v -0.01520000 0.00149429 0.04263073
v -0.01520000 0.00135946 0.04186607
v -0.01520000 0.00140954 0.04198697
v -0.01520000 0.00144889 0.04211177
v -0.01520000 0.00114907 0.04153582
v -0.01520000 0.00122873 0.04163964
v -0.01520000 0.00129904 0.04175000
v -0.01520000 0.00086036 0.04127127
v -0.01520000 0.00096418 0.04135093
v -0.01520000 0.00106066 0.04143934
v -0.01520000 0.00051303 0.04109046
v -0.01520000 0.00063393 0.04114054
v -0.01520000 0.00075000 0.04120096
v -0.01520000 0.00013073 0.04100571
v -0.01520000 0.00026047 0.04102279
v -0.01520000 0.00038823 0.04105111
v -0.01520000 -0.00026047 0.04102279
v -0.01520000 -0.00013073 0.04100571
v -0.01520000 0.00000000 0.04100000
v -0.01520000 -0.00063393 0.04114054
v -0.01520000 -0.00051303 0.04109046
v -0.01520000 -0.00038823 0.04105111
v -0.01520000 -0.00096418 0.04135093
v -0.01520000 -0.00086036 0.04127127
v -0.01520000 -0.00075000 0.04120096
v -0.01520000 -0.00122873 0.04163964
v -0.01520000 -0.00114907 0.04153582
v -0.01520000 -0.00106066 0.04143934
v -0.01520000 -0.00140954 0.04198697
v -0.01520000 -0.00135946 0.04186607
v -0.01520000 -0.00129904 0.04175000
v -0.01520000 -0.00149429 0.04236927
v -0.01520000 -0.00147721 0.04223953
v -0.01520000 -0.00144889 0.04211177
v -0.01520000 -0.00147721 0.04276047
v -0.01520000 -0.00149429 0.04263073
v -0.01520000 -0.00150000 0.04250000
v -0.01520000 -0.00135946 0.04313393
v -0.01520000 -0.00140954 0.04301303
v -0.01520000 -0.00144889 0.04288823
v -0.01520000 -0.00114907 0.04346418
v -0.01520000 -0.00122873 0.04336036
v -0.01520000 -0.00129904 0.04325000
v -0.01520000 -0.00086036 0.04372873
v -0.01520000 -0.00096418 0.04364907
v -0.01520000 -0.00106066 0.04356066
v -0.01520000 -0.00051303 0.04390954
v -0.01520000 -0.00063393 0.04385946
v -0.01520000 -0.00075000 0.04379904
v -0.01520000 -0.00013073 0.04399429
v -0.01520000 -0.00026047 0.04397721
v -0.01520000 -0.00038823 0.04394889
v -0.01520000 0.00026047 0.04397721
v -0.01520000 0.00013073 0.04399429
v -0.01520000 -0.00000000 0.04400000
v -0.01520000 0.00063393 0.04385946
v -0.01520000 0.00051303 0.04390954
v -0.01520000 0.00038823 0.04394889
v -0.01520000 0.00096418 0.04364907
v -0.01520000 0.00086036 0.04372873
v -0.01520000 0.00075000 0.04379904
v -0.01520000 0.00122873 0.04336036
v -0.01520000 0.00114907 0.04346418
v -0.01520000 0.00106066 0.04356066
v -0.01520000 0.00140954 0.04301303
v -0.01520000 0.00135946 0.04313393
v -0.01520000 0.00129904 0.04325000
v -0.01520000 0.00147721 0.04276047
v -0.01520000 0.00144889 0.04288823
v -0.01120000 -0.00150000 0.04250000
v -0.01120000 -0.00149429 0.04263073
v -0.01120000 -0.00147721 0.04276047
v -0.01120000 -0.00144889 0.04288823
v -0.01120000 -0.00140954 0.04301303
v -0.01120000 -0.00135946 0.04313393
v -0.01120000 -0.00129904 0.04325000
v -0.01120000 -0.00122873 0.04336036
v -0.01120000 -0.00114907 0.04346418
v -0.01120000 -0.00106066 0.04356066
v -0.01120000 -0.00096418 0.04364907
v -0.01120000 -0.00086036 0.04372873
v -0.01120000 -0.00075000 0.04379904
v -0.01120000 -0.00063393 0.04385946
v -0.01120000 -0.00051303 0.04390954
v -0.01120000 -0.00038823 0.04394889
v -0.01120000 -0.00026047 0.04397721
v -0.01120000 -0.00013073 0.04399429
v -0.01120000 -0.00000000 0.04400000
v -0.01120000 0.00013073 0.04399429
v -0.01120000 0.00026047 0.04397721
v -0.01120000 0.00038823 0.04394889
v -0.01120000 0.00051303 0.04390954
v -0.01120000 0.00063393 0.04385946
v -0.01120000 0.00075000 0.04379904
v -0.01120000 0.00086036 0.04372873
v -0.01120000 0.00096418 0.04364907
v -0.01120000 0.00106066 0.04356066
v -0.01120000 0.00114907 0.04346418
v -0.01120000 0.00122873 0.04336036
v -0.01120000 0.00129904 0.04325000
v -0.01120000 0.00135946 0.04313393
v -0.01120000 0.00140954 0.04301303
v -0.01120000 0.00144889 0.04288823
v -0.01120000 0.00147721 0.04276047
v -0.01120000 0.00149429 0.04263073
v -0.01120000 0.00150000 0.04250000
v -0.01120000 0.00149429 0.04236927
v -0.01120000 0.00147721 0.04223953
v -0.01120000 0.00144889 0.04211177
v -0.01120000 0.00140954 0.04198697
v -0.01120000 0.00135946 0.04186607
v -0.01120000 0.00129904 0.04175000
v -0.01120000 0.00122873 0.04163964
v -0.01120000 0.00114907 0.04153582
v -0.01120000 0.00106066 0.04143934
v -0.01120000 0.00096418 0.04135093
v -0.01120000 0.00086036 0.04127127
v -0.01120000 0.00075000 0.04120096
v -0.01120000 0.00063393 0.04114054
v -0.01120000 0.00051303 0.04109046
v -0.01120000 0.00038823 0.04105111
v -0.01120000 0.00026047 0.04102279
v -0.01120000 0.00013073 0.04100571
v -0.01120000 0.00000000 0.04100000
v -0.01120000 -0.00013073 0.04100571
v -0.01120000 -0.00026047 0.04102279
v -0.01120000 -0.00038823 0.04105111
v -0.01120000 -0.00051303 0.04109046
v -0.01120000 -0.00063393 0.04114054
v -0.01120000 -0.00075000 0.04120096
v -0.01120000 -0.00086036 0.04127127
v -0.01120000 -0.00096418 0.04135093
v -0.01120000 -0.00106066 0.04143934
v -0.01120000 -0.00114907 0.04153582
v -0.01120000 -0.00122873 0.04163964
v -0.01120000 -0.00129904 0.04175000
v -0.01120000 -0.00135946 0.04186607
v -0.01120000 -0.00140954 0.04198697
v -0.01120000 -0.00144889 0.04211177
v -0.01120000 -0.00147721 0.04223953
v -0.01120000 -0.00149429 0.04236927
v -0.01120000 0.03345401 -0.01502602
v -0.01120000 0.01502602 -0.03352602
v -0.01120000 -0.03352602 -0.01502602
v -0.01120000 -0.03352602 0.01502602
v -0.01120000 -0.01502602 0.03352602
v -0.01120000 0.03345401 0.03352602
v -0.01120000 -0.01502602 -0.03825000
v -0.01120000 0.01502602 -0.03825000
v -0.01120000 -0.03352602 -0.03352602
v -0.01120000 -0.01502602 -0.03352602
v -0.01120000 -0.03352602 0.03352602
v -0.01120000 0.01502602 0.03352602
v -0.01120000 0.03817799 0.01502602
v -0.01120000 0.03817799 -0.01502602
v -0.01120000 0.03345401 0.01502602
v -0.01120000 0.03345401 -0.03352602
v -0.03690000 -0.02882331 -0.03091240
v -0.03690000 -0.02890297 -0.03101622
v -0.03690000 -0.03005204 -0.03005204
v -0.03690000 -0.02899138 -0.03111270
v -0.03690000 -0.02908786 -0.03120111
v -0.03690000 -0.02864250 -0.03056507
v -0.03690000 -0.02869258 -0.03068596
v -0.03690000 -0.02875300 -0.03080204
v -0.03690000 -0.02855775 -0.03018277
v -0.03690000 -0.02857483 -0.03031251
v -0.03690000 -0.02860315 -0.03044027
v -0.03690000 -0.02857483 -0.02979157
v -0.03690000 -0.02855775 -0.02992130
v -0.03690000 -0.02855204 -0.03005204
v -0.03690000 -0.02869258 -0.02941811
v -0.03690000 -0.02864250 -0.02953901
v -0.03690000 -0.02860315 -0.02966381
v -0.03690000 -0.02890297 -0.02908786
v -0.03690000 -0.02882331 -0.02919167
v -0.03690000 -0.02875300 -0.02930204
v -0.03690000 -0.02919167 -0.02882331
v -0.03690000 -0.02908786 -0.02890297
v -0.03690000 -0.02899138 -0.02899138
v -0.03690000 -0.02953901 -0.02864250
v -0.03690000 -0.02941811 -0.02869258
v -0.03690000 -0.02930204 -0.02875300
v -0.03690000 -0.02992130 -0.02855775
v -0.03690000 -0.02979157 -0.02857483
v -0.03690000 -0.02966381 -0.02860315
v -0.03690000 -0.03031251 -0.02857483
v -0.03690000 -0.03018277 -0.02855775
v -0.03690000 -0.03005204 -0.02855204
v -0.03690000 -0.03068596 -0.02869258
v -0.03690000 -0.03056507 -0.02864250
v -0.03690000 -0.03044027 -0.02860315
v -0.03690000 -0.03101622 -0.02890297
v -0.03690000 -0.03091240 -0.02882331
v -0.03690000 -0.03080204 -0.02875300
v -0.03690000 -0.03128077 -0.02919167
v -0.03690000 -0.03120111 -0.02908786
v -0.03690000 -0.03111270 -0.02899138
v -0.03690000 -0.03146158 -0.02953901
v -0.03690000 -0.03141150 -0.02941811
v -0.03690000 -0.03135107 -0.02930204
v -0.03690000 -0.03154633 -0.02992130
v -0.03690000 -0.03152925 -0.02979157
v -0.03690000 -0.03150093 -0.02966381
v -0.03690000 -0.03152925 -0.03031251
v -0.03690000 -0.03154633 -0.03018277
v -0.03690000 -0.03155204 -0.03005204
v -0.03690000 -0.03141150 -0.03068596
v -0.03690000 -0.03146158 -0.03056507
v -0.03690000 -0.03150093 -0.03044027
v -0.03690000 -0.03120111 -0.03101622
v -0.03690000 -0.03128077 -0.03091240
v -0.03690000 -0.03135107 -0.03080204
v -0.03690000 -0.03091240 -0.03128077
v -0.03690000 -0.03101622 -0.03120111
v -0.03690000 -0.03111270 -0.03111270
v -0.03690000 -0.03056507 -0.03146158
v -0.03690000 -0.03068596 -0.03141150
v -0.03690000 -0.03080204 -0.03135107
v -0.03690000 -0.03018277 -0.03154633
v -0.03690000 -0.03031251 -0.03152925
v -0.03690000 -0.03044027 -0.03150093
v -0.03690000 -0.02979157 -0.03152925
v -0.03690000 -0.02992130 -0.03154633
v -0.03690000 -0.03005204 -0.03155204
v -0.03690000 -0.02941811 -0.03141150
v -0.03690000 -0.02953901 -0.03146158
v -0.03690000 -0.02966381 -0.03150093
v -0.03690000 -0.02919167 -0.03128077
v -0.03690000 -0.02930204 -0.03135107
v -0.03690000 -0.04223953 -0.00147721
v -0.03690000 -0.04236927 -0.00149429
v -0.03690000 -0.04250000 0.00000000
v -0.03690000 -0.04250000 -0.00150000
v -0.03690000 -0.04263073 -0.00149429
v -0.03690000 -0.04186607 -0.00135946
v -0.03690000 -0.04198697 -0.00140954
v -0.03690000 -0.04211177 -0.00144889
v -0.03690000 -0.04153582 -0.00114907
v -0.03690000 -0.04163964 -0.00122873
v -0.03690000 -0.04175000 -0.00129904
v -0.03690000 -0.04127127 -0.00086036
v -0.03690000 -0.04135093 -0.00096418
v -0.03690000 -0.04143934 -0.00106066
v -0.03690000 -0.04109046 -0.00051303
v -0.03690000 -0.04114054 -0.00063393
v -0.03690000 -0.04120096 -0.00075000
v -0.03690000 -0.04100571 -0.00013073
v -0.03690000 -0.04102279 -0.00026047
v -0.03690000 -0.04105111 -0.00038823
v -0.03690000 -0.04102279 0.00026047
v -0.03690000 -0.04100571 0.00013073
v -0.03690000 -0.04100000 0.00000000
v -0.03690000 -0.04114054 0.00063393
v -0.03690000 -0.04109046 0.00051303
v -0.03690000 -0.04105111 0.00038823
v -0.03690000 -0.04135093 0.00096418
v -0.03690000 -0.04127127 0.00086036
v -0.03690000 -0.04120096 0.00075000
v -0.03690000 -0.04163964 0.00122873
v -0.03690000 -0.04153582 0.00114907
v -0.03690000 -0.04143934 0.00106066
v -0.03690000 -0.04198697 0.00140954
v -0.03690000 -0.04186607 0.00135946
v -0.03690000 -0.04175000 0.00129904
v -0.03690000 -0.04236927 0.00149429
v -0.03690000 -0.04223953 0.00147721
v -0.03690000 -0.04211177 0.00144889
v -0.03690000 -0.04276047 0.00147721
v -0.03690000 -0.04263073 0.00149429
v -0.03690000 -0.04250000 0.00150000
v -0.03690000 -0.04313393 0.00135946
v -0.03690000 -0.04301303 0.00140954
v -0.03690000 -0.04288823 0.00144889
v -0.03690000 -0.04346418 0.00114907
v -0.03690000 -0.04336036 0.00122873
v -0.03690000 -0.04325000 0.00129904
v -0.03690000 -0.04372873 0.00086036
v -0.03690000 -0.04364907 0.00096418
v -0.03690000 -0.04356066 0.00106066
v -0.03690000 -0.04390954 0.00051303
v -0.03690000 -0.04385946 0.00063393
v -0.03690000 -0.04379904 0.00075000
v -0.03690000 -0.04399429 0.00013073
v -0.03690000 -0.04397721 0.00026047
v -0.03690000 -0.04394889 0.00038823
v -0.03690000 -0.04397721 -0.00026047
v -0.03690000 -0.04399429 -0.00013073
v -0.03690000 -0.04400000 -0.00000000
v -0.03690000 -0.04385946 -0.00063393
v -0.03690000 -0.04390954 -0.00051303
v -0.03690000 -0.04394889 -0.00038823
v -0.03690000 -0.04364907 -0.00096418
v -0.03690000 -0.04372873 -0.00086036
v -0.03690000 -0.04379904 -0.00075000
v -0.03690000 -0.04336036 -0.00122873
v -0.03690000 -0.04346418 -0.00114907
v -0.03690000 -0.04356066 -0.00106066
v -0.03690000 -0.04301303 -0.00140954
v -0.03690000 -0.04313393 -0.00135946
v -0.03690000 -0.04325000 -0.00129904
v -0.03690000 -0.04276047 -0.00147721
v -0.03690000 -0.04288823 -0.00144889
v -0.03690000 -0.03091240 0.02882331
v -0.03690000 -0.03101622 0.02890297
v -0.03690000 -0.03005204 0.03005204
v -0.03690000 -0.03111270 0.02899138
v -0.03690000 -0.03120111 0.02908786
v -0.03690000 -0.03056507 0.02864250
v -0.03690000 -0.03068596 0.02869258
v -0.03690000 -0.03080204 0.02875300
v -0.03690000 -0.03018277 0.02855775
v -0.03690000 -0.03031251 0.02857483
v -0.03690000 -0.03044027 0.02860315
v -0.03690000 -0.02979157 0.02857483
v -0.03690000 -0.02992130 0.02855775
v -0.03690000 -0.03005204 0.02855204
v -0.03690000 -0.02941811 0.02869258
v -0.03690000 -0.02953901 0.02864250
v -0.03690000 -0.02966381 0.02860315
v -0.03690000 -0.02908786 0.02890297
v -0.03690000 -0.02919167 0.02882331
v -0.03690000 -0.02930204 0.02875300
v -0.03690000 -0.02882331 0.02919167
v -0.03690000 -0.02890297 0.02908786
v -0.03690000 -0.02899138 0.02899138
v -0.03690000 -0.02864250 0.02953901
v -0.03690000 -0.02869258 0.02941811
v -0.03690000 -0.02875300 0.02930204
v -0.03690000 -0.02855775 0.02992130
v -0.03690000 -0.02857483 0.02979157
v -0.03690000 -0.02860315 0.02966381
v -0.03690000 -0.02857483 0.03031251
v -0.03690000 -0.02855775 0.03018277
v -0.03690000 -0.02855204 0.03005204
v -0.03690000 -0.02869258 0.03068596
v -0.03690000 -0.02864250 0.03056507
v -0.03690000 -0.02860315 0.03044027
v -0.03690000 -0.02890297 0.03101622
v -0.03690000 -0.02882331 0.03091240
v -0.03690000 -0.02875300 0.03080204
v -0.03690000 -0.02919167 0.03128077
v -0.03690000 -0.02908786 0.03120111
v -0.03690000 -0.02899138 0.03111270
v -0.03690000 -0.02953901 0.03146158
v -0.03690000 -0.02941811 0.03141150
v -0.03690000 -0.02930204 0.03135107
v -0.03690000 -0.02992130 0.03154633
v -0.03690000 -0.02979157 0.03152925
v -0.03690000 -0.02966381 0.03150093
v -0.03690000 -0.03031251 0.03152925
v -0.03690000 -0.03018277 0.03154633
v -0.03690000 -0.03005204 0.03155204
v -0.03690000 -0.03068596 0.03141150
v -0.03690000 -0.03056507 0.03146158
v -0.03690000 -0.03044027 0.03150093
v -0.03690000 -0.03101622 0.03120111
v -0.03690000 -0.03091240 0.03128077
v -0.03690000 -0.03080204 0.03135107
v -0.03690000 -0.03128077 0.03091240
v -0.03690000 -0.03120111 0.03101622
v -0.03690000 -0.03111270 0.03111270
v -0.03690000 -0.03146158 0.03056507
v -0.03690000 -0.03141150 0.03068596
v -0.03690000 -0.03135107 0.03080204
v -0.03690000 -0.03154633 0.03018277
v -0.03690000 -0.03152925 0.03031251
v -0.03690000 -0.03150093 0.03044027
v -0.03690000 -0.03152925 0.02979157
v -0.03690000 -0.03154633 0.02992130
v -0.03690000 -0.03155204 0.03005204
v -0.03690000 -0.03141150 0.02941811
v -0.03690000 -0.03146158 0.02953901
v -0.03690000 -0.03150093 0.02966381
v -0.03690000 -0.03128077 0.02919167
v -0.03690000 -0.03135107 0.02930204
v -0.03690000 -0.00147721 0.04223953
v -0.03690000 -0.00149429 0.04236927
v -0.03690000 0.00000000 0.04250000
v -0.03690000 -0.00150000 0.04250000
v -0.03690000 -0.00149429 0.04263073
v -0.03690000 -0.00135946 0.04186607
v -0.03690000 -0.00140954 0.04198697
v -0.03690000 -0.00144889 0.04211177
v -0.03690000 -0.00114907 0.04153582
v -0.03690000 -0.00122873 0.04163964
v -0.03690000 -0.00129904 0.04175000
v -0.03690000 -0.00086036 0.04127127
v -0.03690000 -0.00096418 0.04135093
v -0.03690000 -0.00106066 0.04143934
v -0.03690000 -0.00051303 0.04109046
v -0.03690000 -0.00063393 0.04114054
v -0.03690000 -0.00075000 0.04120096
v -0.03690000 -0.00013073 0.04100571
v -0.03690000 -0.00026047 0.04102279
v -0.03690000 -0.00038823 0.04105111
v -0.03690000 0.00026047 0.04102279
v -0.03690000 0.00013073 0.04100571
v -0.03690000 0.00000000 0.04100000
v -0.03690000 0.00063393 0.04114054
v -0.03690000 0.00051303 0.04109046
v -0.03690000 0.00038823 0.04105111
v -0.03690000 0.00096418 0.04135093
v -0.03690000 0.00086036 0.04127127
v -0.03690000 0.00075000 0.04120096
v -0.03690000 0.00122873 0.04163964
v -0.03690000 0.00114907 0.04153582
v -0.03690000 0.00106066 0.04143934
v -0.03690000 0.00140954 0.04198697
v -0.03690000 0.00135946 0.04186607
v -0.03690000 0.00129904 0.04175000
v -0.03690000 0.00149429 0.04236927
v -0.03690000 0.00147721 0.04223953
v -0.03690000 0.00144889 0.04211177
v -0.03690000 0.00147721 0.04276047
v -0.03690000 0.00149429 0.04263073
v -0.03690000 0.00150000 0.04250000
v -0.03690000 0.00135946 0.04313393
v -0.03690000 0.00140954 0.04301303
v -0.03690000 0.00144889 0.04288823
v -0.03690000 0.00114907 0.04346418
v -0.03690000 0.00122873 0.04336036
v -0.03690000 0.00129904 0.04325000
v -0.03690000 0.00086036 0.04372873
v -0.03690000 0.00096418 0.04364907
v -0.03690000 0.00106066 0.04356066
v -0.03690000 0.00051303 0.04390954
v -0.03690000 0.00063393 0.04385946
v -0.03690000 0.00075000 0.04379904
v -0.03690000 0.00013073 0.04399429
v -0.03690000 0.00026047 0.04397721
v -0.03690000 0.00038823 0.04394889
v -0.03690000 -0.00026047 0.04397721
v -0.03690000 -0.00013073 0.04399429
v -0.03690000 -0.00000000 0.04400000
v -0.03690000 -0.00063393 0.04385946
v -0.03690000 -0.00051303 0.04390954
v -0.03690000 -0.00038823 0.04394889
v -0.03690000 -0.00096418 0.04364907
v -0.03690000 -0.00086036 0.04372873
v -0.03690000 -0.00075000 0.04379904
v -0.03690000 -0.00122873 0.04336036
v -0.03690000 -0.00114907 0.04346418
v -0.03690000 -0.00106066 0.04356066
v -0.03690000 -0.00140954 0.04301303
v -0.03690000 -0.00135946 0.04313393
v -0.03690000 -0.00129904 0.04325000
v -0.03690000 -0.00147721 0.04276047
v -0.03690000 -0.00144889 0.04288823
v -0.03690000 0.02882331 0.03091240
v -0.03690000 0.02890297 0.03101622
v -0.03690000 0.03005204 0.03005204
v -0.03690000 0.02899138 0.03111270
v -0.03690000 0.02908786 0.03120111
v -0.03690000 0.02864250 0.03056507
v -0.03690000 0.02869258 0.03068596
v -0.03690000 0.02875300 0.03080204
v -0.03690000 0.02855775 0.03018277
v -0.03690000 0.02857483 0.03031251
v -0.03690000 0.02860315 0.03044027
v -0.03690000 0.02857483 0.02979157
v -0.03690000 0.02855775 0.02992130
v -0.03690000 0.02855204 0.03005204
v -0.03690000 0.02869258 0.02941811
v -0.03690000 0.02864250 0.02953901
v -0.03690000 0.02860315 0.02966381
v -0.03690000 0.02890297 0.02908786
v -0.03690000 0.02882331 0.02919167
v -0.03690000 0.02875300 0.02930204
v -0.03690000 0.02919167 0.02882331
v -0.03690000 0.02908786 0.02890297
v -0.03690000 0.02899138 0.02899138
v -0.03690000 0.02953901 0.02864250
v -0.03690000 0.02941811 0.02869258
v -0.03690000 0.02930204 0.02875300
v -0.03690000 0.02992130 0.02855775
v -0.03690000 0.02979157 0.02857483
v -0.03690000 0.02966381 0.02860315
v -0.03690000 0.03031251 0.02857483
v -0.03690000 0.03018277 0.02855775
v -0.03690000 0.03005204 0.02855204
v -0.03690000 0.03068596 0.02869258
v -0.03690000 0.03056507 0.02864250
v -0.03690000 0.03044027 0.02860315
v -0.03690000 0.03101622 0.02890297
v -0.03690000 0.03091240 0.02882331
v -0.03690000 0.03080204 0.02875300
v -0.03690000 0.03128077 0.02919167
v -0.03690000 0.03120111 0.02908786
v -0.03690000 0.03111270 0.02899138
v -0.03690000 0.03146158 0.02953901
v -0.03690000 0.03141150 0.02941811
v -0.03690000 0.03135107 0.02930204
v -0.03690000 0.03154633 0.02992130
v -0.03690000 0.03152925 0.02979157
v -0.03690000 0.03150093 0.02966381
v -0.03690000 0.03152925 0.03031251
v -0.03690000 0.03154633 0.03018277
v -0.03690000 0.03155204 0.03005204
v -0.03690000 0.03141150 0.03068596
v -0.03690000 0.03146158 0.03056507
v -0.03690000 0.03150093 0.03044027
v -0.03690000 0.03120111 0.03101622
v -0.03690000 0.03128077 0.03091240
v -0.03690000 0.03135107 0.03080204
v -0.03690000 0.03091240 0.03128077
v -0.03690000 0.03101622 0.03120111
v -0.03690000 0.03111270 0.03111270
v -0.03690000 0.03056507 0.03146158
v -0.03690000 0.03068596 0.03141150
v -0.03690000 0.03080204 0.03135107
v -0.03690000 0.03018277 0.03154633
v -0.03690000 0.03031251 0.03152925
v -0.03690000 0.03044027 0.03150093
v -0.03690000 0.02979157 0.03152925
v -0.03690000 0.02992130 0.03154633
v -0.03690000 0.03005204 0.03155204
v -0.03690000 0.02941811 0.03141150
v -0.03690000 0.02953901 0.03146158
v -0.03690000 0.02966381 0.03150093
v -0.03690000 0.02919167 0.03128077
v -0.03690000 0.02930204 0.03135107
v -0.03690000 0.04250000 0.00000000
f 1 2 3
f 2 4 3
f 3 4 5
f 4 6 5
f 5 6 7
f 6 8 7
f 7 8 9
f 8 10 9
f 9 10 11
f 10 12 11
f 11 12 13
f 12 14 13
f 13 14 15
f 14 16 15
f 15 16 17
f 16 18 17
f 17 18 19
f 18 20 19
f 19 20 21
f 20 22 21
f 21 22 23
f 22 24 23
f 23 24 25
f 24 26 25
f 25 26 27
f 26 28 27
f 27 28 29
f 28 30 29
f 29 30 31
f 30 32 31
f 31 32 33
f 32 34 33
f 33 34 35
f 34 36 35
f 35 36 37
f 36 38 37
f 37 38 39
f 38 40 39
f 39 40 41
f 40 42 41
f 41 42 43
f 42 44 43
f 43 44 45
f 44 46 45
f 45 46 47
f 46 48 47
f 47 48 49
f 48 50 49
f 49 50 51
f 50 52 51
f 51 52 53
f 52 54 53
f 53 54 55
f 54 56 55
f 55 56 57
f 56 58 57
f 57 58 59
f 58 60 59
f 59 60 61
f 60 62 61
f 61 62 63
f 62 64 63
f 63 64 65
f 64 66 65
f 65 66 67
f 66 68 67
f 67 68 69
f 68 70 69
f 69 70 71
f 70 72 71
f 71 72 73
f 72 74 73
f 73 74 75
f 74 76 75
f 75 76 77
f 76 78 77
f 77 78 79
f 78 80 79
f 79 80 81
f 80 82 81
f 81 82 83
f 82 84 83
f 83 84 85
f 84 86 85
f 85 86 87
f 86 88 87
f 87 88 89
f 88 90 89
f 89 90 91
f 90 92 91
f 91 92 93
f 92 94 93
f 93 94 95
f 94 96 95
f 95 96 97
f 96 98 97
f 97 98 99
f 98 100 99
f 99 100 101
f 100 102 101
f 101 102 103
f 102 104 103
f 103 104 105
f 104 106 105
f 105 106 107
f 106 108 107
f 107 108 109
f 108 110 109
f 109 110 111
f 110 112 111
f 111 112 113
f 112 114 113
f 113 114 115
f 114 116 115
f 115 116 117
f 116 118 117
f 117 118 119
f 118 120 119
f 119 120 121
f 120 122 121
f 121 122 123
f 122 124 123
f 123 124 125
f 124 126 125
f 125 126 127
f 126 128 127
f 127 128 129
f 128 130 129
f 129 130 131
f 130 132 131
f 131 132 133
f 132 134 133
f 133 134 135
f 134 136 135
f 135 136 137
f 136 138 137
f 137 138 139
f 138 140 139
f 139 140 141
f 140 142 141
f 141 142 143
f 142 144 143
f 143 144 1
f 144 2 1
f 73 145 71
f 145 146 71
f 71 146 69
f 146 147 69
f 69 147 67
f 147 148 67
f 67 148 65
f 148 149 65
f 65 149 63
f 149 150 63
f 63 150 61
f 150 151 61
f 61 151 59
f 151 152 59
f 59 152 57
f 152 153 57
f 57 153 55
f 153 154 55
f 55 154 53
f 154 155 53
f 53 155 51
f 155 156 51
f 51 156 49
f 156 157 49
f 49 157 47
f 157 158 47
f 47 158 45
f 158 159 45
f 45 159 43
f 159 160 43
f 43 160 41
f 160 161 41
f 41 161 39
f 161 162 39
f 39 162 37
f 162 163 37
f 37 163 35
f 163 164 35
f 35 164 33
f 164 165 33
f 33 165 31
f 165 166 31
f 31 166 29
f 166 167 29
f 29 167 27
f 167 168 27
f 27 168 25
f 168 169 25
f 25 169 23
f 169 170 23
f 23 170 21
f 170 171 21
f 21 171 19
f 171 172 19
f 19 172 17
f 172 173 17
f 17 173 15
f 173 174 15
f 15 174 13
f 174 175 13
f 13 175 11
f 175 176 11
f 11 176 9
f 176 177 9
f 9 177 7
f 177 178 7
f 7 178 5
f 178 179 5
f 5 179 3
f 179 180 3
f 3 180 1
f 180 181 1
f 1 181 143
f 181 182 143
f 143 182 141
f 182 183 141
f 141 183 139
f 183 184 139
f 139 184 137
f 184 185 137
f 137 185 135
f 185 186 135
f 135 186 133
f 186 187 133
f 133 187 131
f 187 188 131
f 131 188 129
f 188 189 129
f 129 189 127
f 189 190 127
f 127 190 125
f 190 191 125
f 125 191 123
f 191 192 123
f 123 192 121
f 192 193 121
f 121 193 119
f 193 194 119
f 119 194 117
f 194 195 117
f 117 195 115
f 195 196 115
f 115 196 113
f 196 197 113
f 113 197 111
f 197 198 111
f 111 198 109
f 198 199 109
f 109 199 107
f 199 200 107
f 107 200 105
f 200 201 105
f 105 201 103
f 201 202 103
f 103 202 101
f 202 203 101
f 101 203 99
f 203 204 99
f 99 204 97
f 204 205 97
f 97 205 95
f 205 206 95
f 95 206 93
f 206 207 93
f 93 207 91
f 207 208 91
f 91 208 89
f 208 209 89
f 89 209 87
f 209 210 87
f 87 210 85
f 210 211 85
f 85 211 83
f 211 212 83
f 83 212 81
f 212 213 81
f 81 213 79
f 213 214 79
f 79 214 77
f 214 215 77
f 77 215 75
f 215 216 75
f 75 216 73
f 216 145 73
f 216 217 145
f 217 218 145
f 145 218 146
f 218 219 146
f 146 219 147
f 219 220 147
f 147 220 148
f 220 221 148
f 148 221 149
f 221 222 149
f 149 222 150
f 222 223 150
f 150 223 151
f 223 224 151
f 151 224 152
f 224 225 152
f 152 225 153
f 225 226 153
f 153 226 154
f 226 227 154
f 154 227 155
f 227 228 155
f 155 228 156
f 228 229 156
f 156 229 157
f 229 230 157
f 157 230 158
f 230 231 158
f 158 231 159
f 231 232 159
f 159 232 160
f 232 233 160
f 160 233 161
f 233 234 161
f 161 234 162
f 234 235 162
f 162 235 163
f 235 236 163
f 163 236 164
f 236 237 164
f 164 237 165
f 237 238 165
f 165 238 166
f 238 239 166
f 166 239 167
f 239 240 167
f 167 240 168
f 240 241 168
f 168 241 169
f 241 242 169
f 169 242 170
f 242 243 170
f 170 243 171
f 243 244 171
f 171 244 172
f 244 245 172
f 172 245 173
f 245 246 173
f 173 246 174
f 246 247 174
f 174 247 175
f 247 248 175
f 175 248 176
f 248 249 176
f 176 249 177
f 249 250 177
f 177 250 178
f 250 251 178
f 178 251 179
f 251 252 179
f 179 252 180
f 252 253 180
f 180 253 181
f 253 254 181
f 181 254 182
f 254 255 182
f 182 255 183
f 255 256 183
f 183 256 184
f 256 257 184
f 184 257 185
f 257 258 185
f 185 258 186
f 258 259 186
f 186 259 187
f 259 260 187
f 187 260 188
f 260 261 188
f 188 261 189
f 261 262 189
f 189 262 190
f 262 263 190
f 190 263 191
f 263 264 191
f 191 264 192
f 264 265 192
f 192 265 193
f 265 266 193
f 193 266 194
f 266 267 194
f 194 267 195
f 267 268 195
f 195 268 196
f 268 269 196
f 196 269 197
f 269 270 197
f 197 270 198
f 270 271 198
f 198 271 199
f 271 272 199
f 199 272 200
f 272 273 200
f 200 273 201
f 273 274 201
f 201 274 202
f 274 275 202
f 202 275 203
f 275 276 203
f 203 276 204
f 276 277 204
f 204 277 205
f 277 278 205
f 205 278 206
f 278 279 206
f 206 279 207
f 279 280 207
f 207 280 208
f 280 281 208
f 208 281 209
f 281 282 209
f 209 282 210
f 282 283 210
f 210 283 211
f 283 284 211
f 211 284 212
f 284 285 212
f 212 285 213
f 285 286 213
f 213 286 214
f 286 287 214
f 214 287 215
f 287 288 215
f 215 288 216
f 288 217 216
f 289 290 291
f 292 293 230
f 278 294 279
f 295 296 274
f 260 297 261
f 298 299 300
f 299 301 300
f 301 302 300
f 300 302 303
f 303 304 300
f 304 305 300
f 300 305 306
f 307 308 252
f 308 309 252
f 252 309 310
f 311 312 253
f 313 314 315
f 314 316 315
f 317 318 251
f 318 319 251
f 311 253 320
f 319 321 251
f 321 322 251
f 251 322 252
f 322 323 252
f 252 323 307
f 310 324 252
f 324 325 252
f 252 325 253
f 325 326 253
f 253 326 320
f 327 328 315
f 315 329 330
f 316 331 315
f 331 332 315
f 315 332 333
f 334 335 248
f 336 337 250
f 337 338 250
f 250 338 251
f 338 339 251
f 251 339 317
f 330 340 315
f 340 341 315
f 315 341 313
f 306 342 300
f 342 343 300
f 300 343 344
f 344 345 300
f 345 346 300
f 300 346 347
f 328 348 315
f 348 349 315
f 315 349 329
f 347 350 300
f 350 351 300
f 300 351 352
f 336 250 353
f 250 249 353
f 353 249 354
f 335 355 248
f 355 356 248
f 248 356 249
f 356 357 249
f 249 357 354
f 312 358 253
f 358 359 253
f 253 359 254
f 359 360 254
f 361 362 256
f 360 363 254
f 363 364 254
f 254 364 255
f 364 365 255
f 365 366 255
f 366 367 255
f 255 367 256
f 367 368 256
f 256 368 361
f 369 370 315
f 370 371 315
f 315 371 327
f 362 369 256
f 369 315 256
f 256 315 257
f 315 258 257
f 297 260 315
f 260 259 315
f 315 259 258
f 372 266 265
f 265 264 372
f 264 263 372
f 372 263 373
f 263 262 373
f 373 262 261
f 374 375 372
f 376 377 378
f 377 379 378
f 378 380 381
f 374 372 382
f 379 383 378
f 383 384 378
f 378 384 385
f 385 386 378
f 386 387 378
f 378 387 380
f 381 388 378
f 388 389 378
f 378 389 390
f 390 391 378
f 391 392 378
f 378 392 372
f 392 393 372
f 372 393 382
f 372 394 395
f 396 397 271
f 398 399 378
f 399 400 378
f 378 400 376
f 375 401 372
f 401 402 372
f 372 402 394
f 403 404 269
f 404 405 269
f 406 407 270
f 407 408 270
f 270 408 409
f 396 271 410
f 395 411 372
f 411 412 372
f 372 412 413
f 409 414 270
f 414 415 270
f 270 415 271
f 415 416 271
f 271 416 410
f 405 417 269
f 417 418 269
f 269 418 270
f 418 419 270
f 270 419 406
f 397 420 271
f 420 421 271
f 271 421 272
f 421 422 272
f 423 424 268
f 424 425 268
f 268 425 269
f 425 426 269
f 269 426 403
f 422 427 272
f 427 428 272
f 272 428 273
f 428 429 273
f 429 430 273
f 430 431 273
f 273 431 274
f 431 432 274
f 274 432 295
f 413 433 372
f 433 434 372
f 372 434 435
f 435 436 372
f 436 437 372
f 372 437 266
f 437 438 266
f 266 438 439
f 423 268 440
f 268 267 440
f 440 267 441
f 439 442 266
f 442 443 266
f 266 443 267
f 443 444 267
f 267 444 441
f 296 398 274
f 398 378 274
f 274 378 275
f 378 276 275
f 294 278 378
f 278 277 378
f 378 277 276
f 445 446 280
f 446 447 280
f 448 449 282
f 447 450 280
f 450 451 280
f 280 451 452
f 282 449 283
f 449 453 283
f 283 453 284
f 454 281 455
f 281 280 455
f 455 280 456
f 280 452 456
f 454 457 281
f 457 458 281
f 281 458 282
f 458 459 282
f 282 459 448
f 460 461 288
f 461 462 288
f 288 462 463
f 464 465 217
f 466 467 468
f 467 469 468
f 470 471 472
f 471 473 472
f 472 473 474
f 474 475 472
f 475 476 472
f 472 476 477
f 478 479 287
f 479 480 287
f 464 217 481
f 469 482 468
f 482 483 468
f 468 483 484
f 484 485 468
f 485 486 468
f 468 486 487
f 468 488 472
f 488 489 472
f 472 489 470
f 477 490 472
f 490 491 472
f 472 491 492
f 480 493 287
f 493 494 287
f 287 494 288
f 494 495 288
f 288 495 460
f 463 496 288
f 496 497 288
f 288 497 217
f 497 498 217
f 217 498 481
f 487 499 468
f 499 500 468
f 468 500 488
f 501 502 468
f 502 503 468
f 468 503 466
f 504 505 284
f 506 507 286
f 507 508 286
f 286 508 287
f 508 509 287
f 287 509 478
f 465 510 217
f 510 511 217
f 217 511 218
f 511 512 218
f 492 513 472
f 513 514 472
f 472 514 515
f 515 516 472
f 516 517 472
f 472 517 284
f 517 518 284
f 284 518 504
f 506 286 519
f 286 285 519
f 519 285 520
f 512 521 218
f 521 522 218
f 218 522 219
f 522 523 219
f 523 524 219
f 524 525 219
f 219 525 220
f 525 526 220
f 220 526 527
f 527 528 220
f 528 529 220
f 220 529 530
f 505 531 284
f 531 532 284
f 284 532 285
f 532 533 285
f 285 533 520
f 534 220 468
f 220 530 468
f 468 530 501
f 535 222 536
f 222 221 536
f 536 221 537
f 221 220 537
f 537 220 538
f 220 534 538
f 539 223 540
f 223 222 540
f 540 222 541
f 222 535 541
f 542 543 224
f 543 544 224
f 539 545 223
f 545 546 223
f 223 546 224
f 546 547 224
f 224 547 542
f 544 548 224
f 548 549 224
f 224 549 550
f 551 226 552
f 226 225 552
f 552 225 553
f 225 224 553
f 553 224 554
f 224 550 554
f 551 555 226
f 555 556 226
f 226 556 557
f 558 559 228
f 557 560 226
f 560 561 226
f 226 561 562
f 228 559 229
f 559 563 229
f 229 563 230
f 564 227 565
f 227 226 565
f 565 226 566
f 226 562 566
f 564 567 227
f 567 568 227
f 227 568 228
f 568 569 228
f 228 569 558
f 570 571 572
f 571 573 572
f 572 573 574
f 575 576 233
f 576 577 233
f 233 577 578
f 579 580 234
f 580 581 234
f 234 581 582
f 583 584 235
f 575 233 585
f 233 232 585
f 585 232 586
f 578 587 233
f 587 588 233
f 233 588 234
f 588 589 234
f 234 589 579
f 583 235 590
f 574 591 572
f 591 592 572
f 572 592 593
f 593 594 572
f 594 595 572
f 572 595 596
f 597 231 598
f 231 230 598
f 598 230 599
f 230 293 599
f 597 600 231
f 600 601 231
f 231 601 232
f 601 602 232
f 232 602 586
f 582 603 234
f 603 604 234
f 234 604 235
f 604 605 235
f 235 605 590
f 606 607 608
f 608 609 610
f 611 612 608
f 612 613 608
f 608 613 614
f 614 615 608
f 615 616 608
f 608 616 572
f 616 617 572
f 572 617 618
f 618 619 572
f 619 620 572
f 572 620 570
f 596 621 572
f 621 622 572
f 572 622 230
f 622 623 230
f 230 623 292
f 610 624 608
f 624 625 608
f 608 625 611
f 606 608 626
f 607 627 608
f 627 628 608
f 608 628 609
f 584 629 235
f 629 630 235
f 235 630 236
f 630 631 236
f 631 632 236
f 632 633 236
f 236 633 237
f 633 634 237
f 634 635 237
f 635 636 237
f 237 636 238
f 636 637 238
f 238 637 638
f 638 639 238
f 639 640 238
f 238 640 641
f 642 238 608
f 238 641 608
f 608 641 626
f 643 240 644
f 240 239 644
f 644 239 645
f 239 238 645
f 645 238 646
f 238 642 646
f 647 648 242
f 648 649 242
f 650 241 651
f 241 240 651
f 651 240 652
f 240 643 652
f 650 653 241
f 653 654 241
f 241 654 242
f 654 655 242
f 242 655 647
f 649 656 242
f 656 657 242
f 242 657 658
f 658 659 242
f 659 660 242
f 242 660 243
f 247 300 248
f 300 352 248
f 248 352 334
f 247 246 300
f 246 245 300
f 300 245 661
f 245 244 661
f 661 244 243
f 662 663 664
f 663 665 664
f 666 667 668
f 667 669 668
f 668 669 670
f 662 671 663
f 671 672 663
f 663 672 673
f 674 675 668
f 675 676 668
f 668 676 666
f 677 678 608
f 679 680 663
f 680 681 663
f 663 681 682
f 682 683 663
f 683 684 663
f 663 684 685
f 686 687 688
f 689 690 608
f 690 691 608
f 608 691 677
f 678 692 608
f 692 693 608
f 608 693 694
f 695 696 697
f 696 686 697
f 697 686 698
f 686 688 698
f 694 699 608
f 699 700 608
f 608 700 642
f 701 665 702
f 702 703 701
f 703 704 701
f 701 704 705
f 704 706 705
f 706 707 705
f 705 707 708
f 707 709 708
f 709 710 708
f 710 711 708
f 708 711 687
f 711 712 687
f 687 712 688
f 685 713 663
f 713 714 663
f 663 714 665
f 714 715 665
f 665 715 702
f 572 716 717
f 717 718 572
f 718 719 572
f 572 719 720
f 721 608 722
f 608 723 722
f 695 689 696
f 689 608 696
f 696 608 724
f 608 721 724
f 720 725 572
f 725 726 572
f 572 726 608
f 726 727 608
f 608 727 723
f 728 729 468
f 563 730 230
f 730 731 230
f 230 731 572
f 731 732 572
f 572 732 733
f 733 734 572
f 734 735 572
f 572 735 736
f 737 738 739
f 740 741 742
f 741 743 742
f 736 744 572
f 744 745 572
f 572 745 746
f 747 748 468
f 748 749 468
f 468 749 728
f 729 750 468
f 750 751 468
f 468 751 752
f 739 738 740
f 738 753 740
f 740 753 741
f 752 754 468
f 754 755 468
f 468 755 534
f 756 716 757
f 757 758 756
f 758 759 756
f 756 759 760
f 737 739 761
f 739 762 761
f 761 762 763
f 759 764 760
f 764 765 760
f 760 765 762
f 765 766 762
f 762 766 763
f 746 767 572
f 767 768 572
f 572 768 716
f 768 769 716
f 716 769 757
f 472 770 771
f 771 772 472
f 772 773 472
f 472 773 774
f 775 468 776
f 468 777 776
f 743 747 742
f 747 468 742
f 742 468 778
f 468 775 778
f 774 779 472
f 779 780 472
f 472 780 468
f 780 781 468
f 468 781 777
f 453 782 284
f 782 783 284
f 284 783 472
f 783 784 472
f 472 784 785
f 785 786 472
f 786 787 472
f 472 787 788
f 788 789 472
f 789 790 472
f 472 790 791
f 291 792 793
f 791 794 472
f 794 795 472
f 472 795 770
f 290 796 291
f 796 797 291
f 291 797 792
f 793 798 291
f 798 799 291
f 291 799 800
f 800 801 291
f 801 802 291
f 291 802 803
f 804 805 806
f 795 807 770
f 807 808 770
f 770 808 809
f 808 810 809
f 810 811 809
f 809 811 812
f 806 813 804
f 813 814 804
f 804 814 290
f 814 815 290
f 290 815 796
f 811 816 812
f 816 817 812
f 812 817 818
f 817 819 818
f 819 820 818
f 820 821 818
f 818 821 805
f 821 822 805
f 805 822 806
f 823 824 825
f 825 826 823
f 826 827 823
f 823 827 828
f 828 829 823
f 829 830 823
f 823 830 291
f 830 831 291
f 291 831 832
f 832 833 291
f 833 834 291
f 291 834 289
f 835 836 823
f 836 837 823
f 837 838 823
f 838 839 823
f 823 839 840
f 840 841 823
f 841 842 823
f 823 842 843
f 844 845 846
f 670 847 668
f 847 848 668
f 668 848 849
f 849 850 668
f 850 851 668
f 668 851 852
f 846 853 844
f 853 854 844
f 844 854 670
f 854 855 670
f 670 855 847
f 852 856 668
f 856 857 668
f 668 857 858
f 859 824 860
f 860 861 859
f 861 862 859
f 859 862 863
f 862 864 863
f 864 865 863
f 863 865 866
f 865 867 866
f 867 868 866
f 868 869 866
f 866 869 845
f 869 870 845
f 845 870 846
f 843 871 823
f 871 872 823
f 823 872 824
f 872 873 824
f 824 873 860
f 874 875 372
f 261 876 373
f 876 877 373
f 373 877 878
f 878 879 373
f 879 880 373
f 373 880 881
f 881 882 373
f 882 883 373
f 373 883 884
f 884 885 373
f 885 886 373
f 373 886 887
f 887 888 373
f 888 889 373
f 373 889 372
f 889 890 372
f 372 890 874
f 891 892 297
f 893 894 297
f 894 895 297
f 297 895 261
f 895 896 261
f 261 896 876
f 858 897 668
f 897 898 668
f 668 898 315
f 898 899 315
f 315 899 900
f 900 901 315
f 901 902 315
f 315 902 297
f 902 903 297
f 297 903 891
f 892 904 297
f 904 905 297
f 297 905 906
f 906 907 297
f 907 908 297
f 297 908 909
f 909 910 297
f 910 911 297
f 297 911 893
f 912 913 378
f 914 915 294
f 912 378 916
f 913 917 378
f 917 918 378
f 378 918 294
f 918 919 294
f 294 919 914
f 920 921 294
f 921 922 294
f 294 922 279
f 922 923 279
f 279 923 280
f 923 924 280
f 280 924 445
f 915 925 294
f 925 926 294
f 294 926 927
f 927 928 294
f 928 929 294
f 294 929 930
f 930 931 294
f 931 932 294
f 294 932 920
f 933 934 300
f 934 935 300
f 300 935 663
f 935 936 663
f 663 936 679
f 660 937 243
f 937 938 243
f 243 938 661
f 938 939 661
f 661 939 940
f 940 941 661
f 941 942 661
f 661 942 943
f 943 944 661
f 944 945 661
f 661 945 946
f 946 947 661
f 947 948 661
f 661 948 949
f 949 950 661
f 950 951 661
f 661 951 300
f 951 952 300
f 300 952 933
f 875 835 372
f 835 823 372
f 372 823 378
f 823 291 378
f 378 291 916
f 291 803 916
f 333 298 315
f 298 300 315
f 315 300 668
f 300 663 668
f 668 663 674
f 663 673 674
f 780 953 781
f 953 954 781
f 781 954 777
f 954 955 777
f 777 955 776
f 955 956 776
f 776 956 775
f 956 957 775
f 775 957 778
f 957 958 778
f 778 958 742
f 958 959 742
f 742 959 740
f 959 960 740
f 740 960 739
f 960 961 739
f 739 961 762
f 961 962 762
f 762 962 760
f 962 963 760
f 760 963 756
f 963 964 756
f 756 964 716
f 964 965 716
f 716 965 717
f 965 966 717
f 717 966 718
f 966 967 718
f 718 967 719
f 967 968 719
f 719 968 720
f 968 969 720
f 720 969 725
f 969 970 725
f 725 970 726
f 970 971 726
f 726 971 727
f 971 972 727
f 727 972 723
f 972 973 723
f 723 973 722
f 973 974 722
f 722 974 721
f 974 975 721
f 721 975 724
f 975 976 724
f 724 976 696
f 976 977 696
f 696 977 686
f 977 978 686
f 686 978 687
f 978 979 687
f 687 979 708
f 979 980 708
f 708 980 705
f 980 981 705
f 705 981 701
f 981 982 701
f 701 982 665
f 982 983 665
f 665 983 664
f 983 984 664
f 664 984 662
f 984 985 662
f 662 985 671
f 985 986 671
f 671 986 672
f 986 987 672
f 672 987 673
f 987 988 673
f 673 988 674
f 988 989 674
f 674 989 675
f 989 990 675
f 675 990 676
f 990 991 676
f 676 991 666
f 991 992 666
f 666 992 667
f 992 993 667
f 667 993 669
f 993 994 669
f 669 994 670
f 994 995 670
f 670 995 844
f 995 996 844
f 844 996 845
f 996 997 845
f 845 997 866
f 997 998 866
f 866 998 863
f 998 999 863
f 863 999 859
f 999 1000 859
f 859 1000 824
f 1000 1001 824
f 824 1001 825
f 1001 1002 825
f 825 1002 826
f 1002 1003 826
f 826 1003 827
f 1003 1004 827
f 827 1004 828
f 1004 1005 828
f 828 1005 829
f 1005 1006 829
f 829 1006 830
f 1006 1007 830
f 830 1007 831
f 1007 1008 831
f 831 1008 832
f 1008 1009 832
f 832 1009 833
f 1009 1010 833
f 833 1010 834
f 1010 1011 834
f 834 1011 289
f 1011 1012 289
f 289 1012 290
f 1012 1013 290
f 290 1013 804
f 1013 1014 804
f 804 1014 805
f 1014 1015 805
f 805 1015 818
f 1015 1016 818
f 818 1016 812
f 1016 1017 812
f 812 1017 809
f 1017 1018 809
f 809 1018 770
f 1018 1019 770
f 770 1019 771
f 1019 1020 771
f 771 1020 772
f 1020 1021 772
f 772 1021 773
f 1021 1022 773
f 773 1022 774
f 1022 1023 774
f 774 1023 779
f 1023 1024 779
f 779 1024 780
f 1024 953 780
f 1024 1025 953
f 1025 1026 953
f 953 1026 954
f 1026 1027 954
f 954 1027 955
f 1027 1028 955
f 955 1028 956
f 1028 1029 956
f 956 1029 957
f 1029 1030 957
f 957 1030 958
f 1030 1031 958
f 958 1031 959
f 1031 1032 959
f 959 1032 960
f 1032 1033 960
f 960 1033 961
f 1033 1034 961
f 961 1034 962
f 1034 1035 962
f 962 1035 963
f 1035 1036 963
f 963 1036 964
f 1036 1037 964
f 964 1037 965
f 1037 1038 965
f 965 1038 966
f 1038 1039 966
f 966 1039 967
f 1039 1040 967
f 967 1040 968
f 1040 1041 968
f 968 1041 969
f 1041 1042 969
f 969 1042 970
f 1042 1043 970
f 970 1043 971
f 1043 1044 971
f 971 1044 972
f 1044 1045 972
f 972 1045 973
f 1045 1046 973
f 973 1046 974
f 1046 1047 974
f 974 1047 975
f 1047 1048 975
f 975 1048 976
f 1048 1049 976
f 976 1049 977
f 1049 1050 977
f 977 1050 978
f 1050 1051 978
f 978 1051 979
f 1051 1052 979
f 979 1052 980
f 1052 1053 980
f 980 1053 981
f 1053 1054 981
f 981 1054 982
f 1054 1055 982
f 982 1055 983
f 1055 1056 983
f 983 1056 984
f 1056 1057 984
f 984 1057 985
f 1057 1058 985
f 985 1058 986
f 1058 1059 986
f 986 1059 987
f 1059 1060 987
f 987 1060 988
f 1060 1061 988
f 988 1061 989
f 1061 1062 989
f 989 1062 990
f 1062 1063 990
f 990 1063 991
f 1063 1064 991
f 991 1064 992
f 1064 1065 992
f 992 1065 993
f 1065 1066 993
f 993 1066 994
f 1066 1067 994
f 994 1067 995
f 1067 1068 995
f 995 1068 996
f 1068 1069 996
f 996 1069 997
f 1069 1070 997
f 997 1070 998
f 1070 1071 998
f 998 1071 999
f 1071 1072 999
f 999 1072 1000
f 1072 1073 1000
f 1000 1073 1001
f 1073 1074 1001
f 1001 1074 1002
f 1074 1075 1002
f 1002 1075 1003
f 1075 1076 1003
f 1003 1076 1004
f 1076 1077 1004
f 1004 1077 1005
f 1077 1078 1005
f 1005 1078 1006
f 1078 1079 1006
f 1006 1079 1007
f 1079 1080 1007
f 1007 1080 1008
f 1080 1081 1008
f 1008 1081 1009
f 1081 1082 1009
f 1009 1082 1010
f 1082 1083 1010
f 1010 1083 1011
f 1083 1084 1011
f 1011 1084 1012
f 1084 1085 1012
f 1012 1085 1013
f 1085 1086 1013
f 1013 1086 1014
f 1086 1087 1014
f 1014 1087 1015
f 1087 1088 1015
f 1015 1088 1016
f 1088 1089 1016
f 1016 1089 1017
f 1089 1090 1017
f 1017 1090 1018
f 1090 1091 1018
f 1018 1091 1019
f 1091 1092 1019
f 1019 1092 1020
f 1092 1093 1020
f 1020 1093 1021
f 1093 1094 1021
f 1021 1094 1022
f 1094 1095 1022
f 1022 1095 1023
f 1095 1096 1023
f 1023 1096 1024
f 1096 1025 1024
f 1097 1071 1098
f 1071 1070 1098
f 1098 1070 1099
f 1070 1069 1099
f 1099 1069 1100
f 1069 1068 1100
f 1100 1068 1101
f 1068 1067 1101
f 1101 1067 1102
f 1067 1066 1102
f 1102 1066 1103
f 1066 1065 1103
f 1103 1065 1104
f 1065 1064 1104
f 1104 1064 1105
f 1064 1063 1105
f 1105 1063 1106
f 1063 1062 1106
f 1106 1062 1107
f 1062 1061 1107
f 1107 1061 1108
f 1061 1060 1108
f 1108 1060 1109
f 1060 1059 1109
f 1109 1059 1110
f 1059 1058 1110
f 1110 1058 1111
f 1058 1057 1111
f 1111 1057 1112
f 1057 1056 1112
f 1112 1056 1113
f 1056 1055 1113
f 1113 1055 1114
f 1055 1054 1114
f 1114 1054 1115
f 1054 1053 1115
f 1115 1053 1116
f 1053 1052 1116
f 1116 1052 1117
f 1052 1051 1117
f 1117 1051 1118
f 1051 1050 1118
f 1118 1050 1119
f 1050 1049 1119
f 1119 1049 1120
f 1049 1048 1120
f 1120 1048 1121
f 1048 1047 1121
f 1121 1047 1122
f 1047 1046 1122
f 1122 1046 1123
f 1046 1045 1123
f 1123 1045 1124
f 1045 1044 1124
f 1124 1044 1125
f 1044 1043 1125
f 1125 1043 1126
f 1043 1042 1126
f 1126 1042 1127
f 1042 1041 1127
f 1127 1041 1128
f 1041 1040 1128
f 1128 1040 1129
f 1040 1039 1129
f 1129 1039 1130
f 1039 1038 1130
f 1130 1038 1131
f 1038 1037 1131
f 1131 1037 1132
f 1037 1036 1132
f 1132 1036 1133
f 1036 1035 1133
f 1133 1035 1134
f 1035 1034 1134
f 1134 1034 1135
f 1034 1033 1135
f 1135 1033 1136
f 1033 1032 1136
f 1136 1032 1137
f 1032 1031 1137
f 1137 1031 1138
f 1031 1030 1138
f 1138 1030 1139
f 1030 1029 1139
f 1139 1029 1140
f 1029 1028 1140
f 1140 1028 1141
f 1028 1027 1141
f 1141 1027 1142
f 1027 1026 1142
f 1142 1026 1143
f 1026 1025 1143
f 1143 1025 1144
f 1025 1096 1144
f 1144 1096 1145
f 1096 1095 1145
f 1145 1095 1146
f 1095 1094 1146
f 1146 1094 1147
f 1094 1093 1147
f 1147 1093 1148
f 1093 1092 1148
f 1148 1092 1149
f 1092 1091 1149
f 1149 1091 1150
f 1091 1090 1150
f 1150 1090 1151
f 1090 1089 1151
f 1151 1089 1152
f 1089 1088 1152
f 1152 1088 1153
f 1088 1087 1153
f 1153 1087 1154
f 1087 1086 1154
f 1154 1086 1155
f 1086 1085 1155
f 1155 1085 1156
f 1085 1084 1156
f 1156 1084 1157
f 1084 1083 1157
f 1157 1083 1158
f 1083 1082 1158
f 1158 1082 1159
f 1082 1081 1159
f 1159 1081 1160
f 1081 1080 1160
f 1160 1080 1161
f 1080 1079 1161
f 1161 1079 1162
f 1079 1078 1162
f 1162 1078 1163
f 1078 1077 1163
f 1163 1077 1164
f 1077 1076 1164
f 1164 1076 1165
f 1076 1075 1165
f 1165 1075 1166
f 1075 1074 1166
f 1166 1074 1167
f 1074 1073 1167
f 1167 1073 1168
f 1073 1072 1168
f 1168 1072 1097
f 1072 1071 1097
f 1144 1169 1143
f 1169 1170 1143
f 1143 1170 1142
f 1170 1171 1142
f 1142 1171 1141
f 1171 1172 1141
f 1141 1172 1140
f 1172 1173 1140
f 1140 1173 1139
f 1173 1174 1139
f 1139 1174 1138
f 1174 1175 1138
f 1138 1175 1137
f 1175 1176 1137
f 1137 1176 1136
f 1176 1177 1136
f 1136 1177 1135
f 1177 1178 1135
f 1135 1178 1134
f 1178 1179 1134
f 1134 1179 1133
f 1179 1180 1133
f 1133 1180 1132
f 1180 1181 1132
f 1132 1181 1131
f 1181 1182 1131
f 1131 1182 1130
f 1182 1183 1130
f 1130 1183 1129
f 1183 1184 1129
f 1129 1184 1128
f 1184 1185 1128
f 1128 1185 1127
f 1185 1186 1127
f 1127 1186 1126
f 1186 1187 1126
f 1126 1187 1125
f 1187 1188 1125
f 1125 1188 1124
f 1188 1189 1124
f 1124 1189 1123
f 1189 1190 1123
f 1123 1190 1122
f 1190 1191 1122
f 1122 1191 1121
f 1191 1192 1121
f 1121 1192 1120
f 1192 1193 1120
f 1120 1193 1119
f 1193 1194 1119
f 1119 1194 1118
f 1194 1195 1118
f 1118 1195 1117
f 1195 1196 1117
f 1117 1196 1116
f 1196 1197 1116
f 1116 1197 1115
f 1197 1198 1115
f 1115 1198 1114
f 1198 1199 1114
f 1114 1199 1113
f 1199 1200 1113
f 1113 1200 1112
f 1200 1201 1112
f 1112 1201 1111
f 1201 1202 1111
f 1111 1202 1110
f 1202 1203 1110
f 1110 1203 1109
f 1203 1204 1109
f 1109 1204 1108
f 1204 1205 1108
f 1108 1205 1107
f 1205 1206 1107
f 1107 1206 1106
f 1206 1207 1106
f 1106 1207 1105
f 1207 1208 1105
f 1105 1208 1104
f 1208 1209 1104
f 1104 1209 1103
f 1209 1210 1103
f 1103 1210 1102
f 1210 1211 1102
f 1102 1211 1101
f 1211 1212 1101
f 1101 1212 1100
f 1212 1213 1100
f 1100 1213 1099
f 1213 1214 1099
f 1099 1214 1098
f 1214 1215 1098
f 1098 1215 1097
f 1215 1216 1097
f 1097 1216 1168
f 1216 1217 1168
f 1168 1217 1167
f 1217 1218 1167
f 1167 1218 1166
f 1218 1219 1166
f 1166 1219 1165
f 1219 1220 1165
f 1165 1220 1164
f 1220 1221 1164
f 1164 1221 1163
f 1221 1222 1163
f 1163 1222 1162
f 1222 1223 1162
f 1162 1223 1161
f 1223 1224 1161
f 1161 1224 1160
f 1224 1225 1160
f 1160 1225 1159
f 1225 1226 1159
f 1159 1226 1158
f 1226 1227 1158
f 1158 1227 1157
f 1227 1228 1157
f 1157 1228 1156
f 1228 1229 1156
f 1156 1229 1155
f 1229 1230 1155
f 1155 1230 1154
f 1230 1231 1154
f 1154 1231 1153
f 1231 1232 1153
f 1153 1232 1152
f 1232 1233 1152
f 1152 1233 1151
f 1233 1234 1151
f 1151 1234 1150
f 1234 1235 1150
f 1150 1235 1149
f 1235 1236 1149
f 1149 1236 1148
f 1236 1237 1148
f 1148 1237 1147
f 1237 1238 1147
f 1147 1238 1146
f 1238 1239 1146
f 1146 1239 1145
f 1239 1240 1145
f 1145 1240 1144
f 1240 1169 1144
f 1240 1241 1169
f 1241 1242 1169
f 1169 1242 1170
f 1242 1243 1170
f 1170 1243 1171
f 1243 1244 1171
f 1171 1244 1172
f 1244 1245 1172
f 1172 1245 1173
f 1245 1246 1173
f 1173 1246 1174
f 1246 1247 1174
f 1174 1247 1175
f 1247 1248 1175
f 1175 1248 1176
f 1248 1249 1176
f 1176 1249 1177
f 1249 1250 1177
f 1177 1250 1178
f 1250 1251 1178
f 1178 1251 1179
f 1251 1252 1179
f 1179 1252 1180
f 1252 1253 1180
f 1180 1253 1181
f 1253 1254 1181
f 1181 1254 1182
f 1254 1255 1182
f 1182 1255 1183
f 1255 1256 1183
f 1183 1256 1184
f 1256 1257 1184
f 1184 1257 1185
f 1257 1258 1185
f 1185 1258 1186
f 1258 1259 1186
f 1186 1259 1187
f 1259 1260 1187
f 1187 1260 1188
f 1260 1261 1188
f 1188 1261 1189
f 1261 1262 1189
f 1189 1262 1190
f 1262 1263 1190
f 1190 1263 1191
f 1263 1264 1191
f 1191 1264 1192
f 1264 1265 1192
f 1192 1265 1193
f 1265 1266 1193
f 1193 1266 1194
f 1266 1267 1194
f 1194 1267 1195
f 1267 1268 1195
f 1195 1268 1196
f 1268 1269 1196
f 1196 1269 1197
f 1269 1270 1197
f 1197 1270 1198
f 1270 1271 1198
f 1198 1271 1199
f 1271 1272 1199
f 1199 1272 1200
f 1272 1273 1200
f 1200 1273 1201
f 1273 1274 1201
f 1201 1274 1202
f 1274 1275 1202
f 1202 1275 1203
f 1275 1276 1203
f 1203 1276 1204
f 1276 1277 1204
f 1204 1277 1205
f 1277 1278 1205
f 1205 1278 1206
f 1278 1279 1206
f 1206 1279 1207
f 1279 1280 1207
f 1207 1280 1208
f 1280 1281 1208
f 1208 1281 1209
f 1281 1282 1209
f 1209 1282 1210
f 1282 1283 1210
f 1210 1283 1211
f 1283 1284 1211
f 1211 1284 1212
f 1284 1285 1212
f 1212 1285 1213
f 1285 1286 1213
f 1213 1286 1214
f 1286 1287 1214
f 1214 1287 1215
f 1287 1288 1215
f 1215 1288 1216
f 1288 1289 1216
f 1216 1289 1217
f 1289 1290 1217
f 1217 1290 1218
f 1290 1291 1218
f 1218 1291 1219
f 1291 1292 1219
f 1219 1292 1220
f 1292 1293 1220
f 1220 1293 1221
f 1293 1294 1221
f 1221 1294 1222
f 1294 1295 1222
f 1222 1295 1223
f 1295 1296 1223
f 1223 1296 1224
f 1296 1297 1224
f 1224 1297 1225
f 1297 1298 1225
f 1225 1298 1226
f 1298 1299 1226
f 1226 1299 1227
f 1299 1300 1227
f 1227 1300 1228
f 1300 1301 1228
f 1228 1301 1229
f 1301 1302 1229
f 1229 1302 1230
f 1302 1303 1230
f 1230 1303 1231
f 1303 1304 1231
f 1231 1304 1232
f 1304 1305 1232
f 1232 1305 1233
f 1305 1306 1233
f 1233 1306 1234
f 1306 1307 1234
f 1234 1307 1235
f 1307 1308 1235
f 1235 1308 1236
f 1308 1309 1236
f 1236 1309 1237
f 1309 1310 1237
f 1237 1310 1238
f 1310 1311 1238
f 1238 1311 1239
f 1311 1312 1239
f 1239 1312 1240
f 1312 1241 1240
f 1313 1314 1315
f 1306 1305 1316
f 1301 1300 1317
f 1297 1296 1318
f 1319 1320 1321
f 1322 1323 1273
f 1324 1325 1319
f 1325 1326 1319
f 1319 1326 1320
f 1273 1323 1274
f 1321 1327 1319
f 1327 1328 1319
f 1319 1328 1329
f 1330 1331 1277
f 1331 1332 1277
f 1277 1332 1278
f 1333 1324 1334
f 1324 1335 1334
f 1333 1336 1324
f 1336 1337 1324
f 1324 1337 1325
f 1323 1338 1274
f 1338 1339 1274
f 1274 1339 1275
f 1339 1340 1275
f 1275 1340 1341
f 1332 1342 1278
f 1342 1343 1278
f 1278 1343 1279
f 1343 1344 1279
f 1345 1346 1324
f 1347 1348 1324
f 1348 1349 1324
f 1324 1349 1335
f 1329 1350 1319
f 1350 1351 1319
f 1319 1351 1352
f 1272 1353 1354
f 1355 1356 1280
f 1357 1358 1324
f 1346 1359 1324
f 1359 1360 1324
f 1324 1360 1347
f 1352 1361 1319
f 1361 1362 1319
f 1319 1362 1363
f 1363 1364 1319
f 1364 1365 1319
f 1319 1365 1366
f 1354 1367 1272
f 1367 1368 1272
f 1272 1368 1369
f 1369 1370 1272
f 1370 1371 1272
f 1272 1371 1273
f 1371 1372 1273
f 1273 1372 1322
f 1373 1276 1374
f 1276 1275 1374
f 1374 1275 1375
f 1275 1341 1375
f 1366 1376 1319
f 1376 1377 1319
f 1319 1377 1378
f 1373 1379 1276
f 1379 1380 1276
f 1276 1380 1277
f 1380 1381 1277
f 1277 1381 1330
f 1356 1382 1280
f 1382 1383 1280
f 1280 1383 1384
f 1358 1385 1324
f 1385 1386 1324
f 1324 1386 1387
f 1387 1388 1324
f 1388 1389 1324
f 1324 1389 1345
f 1344 1390 1279
f 1390 1391 1279
f 1279 1391 1280
f 1391 1392 1280
f 1280 1392 1355
f 1282 1324 1283
f 1324 1393 1283
f 1283 1393 1284
f 1384 1357 1280
f 1357 1324 1280
f 1280 1324 1281
f 1324 1282 1281
f 1394 1286 1393
f 1286 1285 1393
f 1393 1285 1284
f 1315 1289 1395
f 1289 1288 1395
f 1395 1288 1287
f 1292 1291 1315
f 1291 1290 1315
f 1315 1290 1289
f 1292 1396 1397
f 1296 1398 1399
f 1315 1314 1292
f 1314 1400 1292
f 1292 1400 1396
f 1397 1401 1292
f 1401 1402 1292
f 1292 1402 1293
f 1402 1403 1293
f 1293 1403 1404
f 1405 1294 1406
f 1294 1293 1406
f 1406 1293 1407
f 1293 1404 1407
f 1405 1408 1294
f 1408 1409 1294
f 1294 1409 1295
f 1409 1410 1295
f 1295 1410 1411
f 1411 1412 1295
f 1412 1413 1295
f 1295 1413 1296
f 1413 1414 1296
f 1296 1414 1398
f 1297 1318 1298
f 1317 1300 1318
f 1300 1299 1318
f 1318 1299 1298
f 1305 1304 1316
f 1304 1303 1316
f 1316 1303 1317
f 1303 1302 1317
f 1317 1302 1301
f 1308 1307 1415
f 1307 1306 1415
f 1312 1416 1417
f 1418 1419 1309
f 1420 1421 1422
f 1421 1423 1422
f 1422 1423 1424
f 1423 1425 1424
f 1425 1426 1424
f 1424 1426 1427
f 1312 1417 1241
f 1417 1428 1241
f 1241 1428 1429
f 1429 1430 1241
f 1430 1431 1241
f 1241 1431 1242
f 1420 1422 1432
f 1422 1433 1432
f 1432 1433 1434
f 1309 1419 1310
f 1435 1436 1311
f 1436 1437 1311
f 1311 1437 1312
f 1437 1438 1312
f 1312 1438 1416
f 1431 1439 1242
f 1439 1440 1242
f 1242 1440 1243
f 1440 1441 1243
f 1442 1443 1444
f 1443 1445 1444
f 1445 1446 1444
f 1446 1447 1444
f 1444 1447 1433
f 1447 1448 1433
f 1433 1448 1434
f 1419 1449 1310
f 1449 1450 1310
f 1310 1450 1311
f 1450 1451 1311
f 1311 1451 1435
f 1452 1453 1454
f 1453 1455 1454
f 1426 1456 1427
f 1456 1457 1427
f 1427 1457 1458
f 1457 1459 1458
f 1460 1461 1415
f 1461 1462 1415
f 1415 1462 1463
f 1463 1464 1415
f 1464 1465 1415
f 1415 1465 1466
f 1308 1467 1468
f 1469 1470 1244
f 1470 1471 1244
f 1455 1453 1472
f 1453 1244 1472
f 1472 1244 1473
f 1474 1475 1308
f 1475 1476 1308
f 1308 1476 1467
f 1471 1477 1244
f 1477 1478 1244
f 1244 1478 1473
f 1466 1479 1415
f 1479 1480 1415
f 1415 1480 1308
f 1480 1481 1308
f 1308 1481 1474
f 1468 1482 1308
f 1482 1483 1308
f 1308 1483 1309
f 1483 1484 1309
f 1309 1484 1418
f 1452 1485 1453
f 1485 1486 1453
f 1453 1486 1487
f 1487 1488 1453
f 1488 1489 1453
f 1453 1489 1490
f 1489 1491 1490
f 1490 1491 1492
f 1491 1493 1492
f 1492 1493 1494
f 1493 1495 1494
f 1494 1495 1442
f 1495 1496 1442
f 1442 1496 1443
f 1441 1497 1243
f 1497 1498 1243
f 1243 1498 1244
f 1498 1499 1244
f 1244 1499 1469
f 1500 1248 1453
f 1248 1247 1453
f 1247 1246 1453
f 1246 1245 1453
f 1453 1245 1244
f 1500 1252 1251
f 1251 1250 1500
f 1250 1249 1500
f 1500 1249 1248
f 1501 1502 1256
f 1502 1503 1256
f 1503 1504 1256
f 1504 1505 1256
f 1256 1505 1506
f 1507 1508 1500
f 1508 1509 1500
f 1500 1509 1252
f 1509 1510 1252
f 1252 1510 1511
f 1512 1252 1513
f 1252 1514 1513
f 1515 1516 1253
f 1516 1517 1253
f 1253 1517 1254
f 1511 1518 1252
f 1518 1519 1252
f 1252 1519 1514
f 1512 1520 1252
f 1520 1521 1252
f 1252 1521 1253
f 1521 1522 1253
f 1253 1522 1515
f 1517 1523 1254
f 1523 1524 1254
f 1254 1524 1255
f 1524 1525 1255
f 1526 1527 1528
f 1527 1529 1528
f 1528 1529 1530
f 1525 1531 1255
f 1531 1532 1255
f 1255 1532 1256
f 1532 1533 1256
f 1256 1533 1501
f 1506 1526 1256
f 1526 1528 1256
f 1256 1528 1257
f 1528 1258 1257
f 1258 1528 1259
f 1528 1534 1259
f 1259 1534 1260
f 1535 1536 1260
f 1536 1537 1260
f 1537 1538 1260
f 1260 1538 1539
f 1540 1541 1542
f 1541 1543 1542
f 1542 1543 1544
f 1545 1261 1546
f 1261 1260 1546
f 1546 1260 1547
f 1260 1539 1547
f 1534 1548 1549
f 1550 1551 1264
f 1551 1552 1264
f 1264 1552 1553
f 1549 1554 1534
f 1554 1555 1534
f 1534 1555 1260
f 1555 1556 1260
f 1260 1556 1535
f 1545 1557 1261
f 1557 1558 1261
f 1261 1558 1262
f 1558 1559 1262
f 1559 1560 1262
f 1262 1560 1263
f 1560 1561 1263
f 1263 1561 1562
f 1562 1563 1263
f 1563 1564 1263
f 1263 1564 1264
f 1564 1565 1264
f 1264 1565 1566
f 1566 1567 1264
f 1567 1568 1264
f 1264 1568 1550
f 1267 1266 1569
f 1266 1265 1569
f 1569 1265 1264
f 1271 1319 1272
f 1319 1378 1272
f 1272 1378 1353
f 1271 1270 1319
f 1270 1269 1319
f 1319 1269 1569
f 1269 1268 1569
f 1569 1268 1267
f 1570 1571 1572
f 1573 1574 1575
f 1574 1576 1575
f 1572 1577 1570
f 1577 1578 1570
f 1570 1578 1574
f 1578 1579 1574
f 1574 1579 1576
f 1580 1581 1582
f 1581 1583 1582
f 1582 1583 1584
f 1583 1585 1584
f 1571 1570 1582
f 1570 1586 1582
f 1582 1586 1580
f 1587 1588 1589
f 1588 1584 1589
f 1589 1584 1590
f 1584 1585 1590
f 1591 1592 1593
f 1592 1588 1593
f 1593 1588 1594
f 1588 1587 1594
f 1595 1596 1597
f 1596 1598 1597
f 1597 1598 1599
f 1600 1597 1601
f 1597 1602 1601
f 1600 1603 1597
f 1603 1604 1597
f 1597 1604 1595
f 1605 1606 1607
f 1606 1608 1607
f 1607 1608 1609
f 1608 1610 1609
f 1609 1610 1611
f 1610 1612 1611
f 1611 1612 1597
f 1612 1613 1597
f 1597 1613 1602
f 1591 1614 1592
f 1614 1615 1592
f 1592 1615 1605
f 1615 1616 1605
f 1605 1616 1606
f 1617 1618 1597
f 1618 1619 1597
f 1597 1619 1611
f 1620 1621 1324
f 1621 1617 1324
f 1319 1622 1623
f 1623 1624 1319
f 1624 1625 1319
f 1319 1625 1324
f 1625 1626 1324
f 1324 1626 1620
f 1627 1628 1629
f 1628 1630 1629
f 1629 1630 1631
f 1544 1632 1542
f 1632 1633 1542
f 1542 1633 1634
f 1635 1636 1629
f 1636 1637 1629
f 1637 1638 1629
f 1629 1638 1639
f 1640 1641 1534
f 1641 1642 1534
f 1534 1642 1548
f 1634 1643 1542
f 1643 1644 1542
f 1542 1644 1629
f 1644 1645 1629
f 1629 1645 1635
f 1639 1646 1629
f 1646 1647 1629
f 1629 1647 1648
f 1649 1650 1651
f 1650 1652 1651
f 1651 1652 1653
f 1654 1655 1656
f 1655 1650 1656
f 1656 1650 1657
f 1650 1649 1657
f 1654 1658 1655
f 1658 1659 1655
f 1655 1659 1660
f 1659 1661 1660
f 1661 1662 1660
f 1660 1662 1663
f 1648 1664 1629
f 1664 1665 1629
f 1629 1665 1627
f 1665 1666 1627
f 1627 1666 1667
f 1668 1669 1670
f 1663 1671 1660
f 1671 1672 1660
f 1660 1672 1534
f 1672 1673 1534
f 1534 1673 1640
f 1668 1670 1666
f 1670 1674 1666
f 1666 1674 1667
f 1669 1675 1670
f 1675 1676 1670
f 1670 1676 1652
f 1676 1677 1652
f 1652 1677 1653
f 1528 1678 1679
f 1680 1681 1534
f 1681 1682 1534
f 1534 1682 1660
f 1679 1683 1528
f 1683 1684 1528
f 1528 1684 1534
f 1684 1685 1534
f 1534 1685 1680
f 1530 1686 1528
f 1686 1687 1528
f 1528 1687 1688
f 1689 1690 1500
f 1688 1691 1528
f 1691 1692 1528
f 1528 1692 1678
f 1692 1693 1678
f 1678 1693 1694
f 1678 1695 1696
f 1695 1697 1696
f 1698 1699 1700
f 1699 1701 1700
f 1700 1701 1702
f 1690 1703 1500
f 1703 1704 1500
f 1500 1704 1507
f 1694 1705 1678
f 1705 1706 1678
f 1678 1706 1695
f 1697 1707 1696
f 1707 1708 1696
f 1696 1708 1701
f 1708 1709 1701
f 1701 1709 1702
f 1710 1711 1453
f 1712 1453 1713
f 1453 1714 1713
f 1712 1715 1453
f 1715 1716 1453
f 1453 1716 1500
f 1716 1717 1500
f 1500 1717 1689
f 1711 1718 1453
f 1718 1719 1453
f 1453 1719 1714
f 1720 1721 1453
f 1721 1722 1453
f 1453 1722 1710
f 1723 1724 1725
f 1724 1726 1725
f 1725 1726 1727
f 1726 1728 1727
f 1727 1728 1729
f 1698 1730 1699
f 1730 1731 1699
f 1699 1731 1723
f 1731 1732 1723
f 1723 1732 1724
f 1728 1720 1729
f 1720 1453 1729
f 1729 1453 1733
f 1453 1490 1733
f 1457 1460 1459
f 1460 1415 1459
f 1459 1415 1734
f 1415 1735 1734
f 1736 1737 1738
f 1739 1740 1415
f 1740 1741 1415
f 1415 1741 1742
f 1742 1743 1415
f 1743 1744 1415
f 1415 1744 1745
f 1306 1316 1415
f 1316 1746 1415
f 1415 1746 1739
f 1747 1748 1749
f 1748 1750 1749
f 1749 1750 1751
f 1738 1737 1750
f 1737 1752 1750
f 1750 1752 1751
f 1753 1573 1754
f 1573 1748 1754
f 1754 1748 1755
f 1748 1747 1755
f 1745 1756 1415
f 1756 1757 1415
f 1415 1757 1735
f 1757 1758 1735
f 1735 1758 1759
f 1758 1760 1759
f 1759 1760 1761
f 1760 1762 1761
f 1761 1762 1763
f 1762 1764 1763
f 1764 1765 1763
f 1763 1765 1738
f 1765 1766 1738
f 1738 1766 1736
f 1598 1767 1599
f 1767 1768 1599
f 1599 1768 1769
f 1770 1771 1315
f 1315 1772 1773
f 1771 1774 1315
f 1774 1775 1315
f 1315 1775 1776
f 1777 1570 1778
f 1570 1779 1778
f 1777 1780 1570
f 1780 1781 1570
f 1570 1781 1586
f 1769 1782 1599
f 1782 1783 1599
f 1599 1783 1784
f 1785 1786 1395
f 1786 1787 1395
f 1395 1787 1788
f 1788 1789 1395
f 1789 1790 1395
f 1395 1790 1791
f 1792 1793 1395
f 1793 1794 1395
f 1395 1794 1795
f 1773 1796 1315
f 1796 1797 1315
f 1315 1797 1770
f 1776 1798 1315
f 1798 1799 1315
f 1315 1799 1800
f 1784 1801 1599
f 1801 1802 1599
f 1599 1802 1395
f 1802 1803 1395
f 1395 1803 1785
f 1791 1804 1395
f 1804 1805 1395
f 1395 1805 1792
f 1800 1806 1315
f 1806 1807 1315
f 1315 1807 1570
f 1807 1808 1570
f 1570 1808 1779
f 1795 1809 1395
f 1809 1810 1395
f 1395 1810 1315
f 1810 1811 1315
f 1315 1811 1772
f 1812 1813 1316
f 1813 1814 1316
f 1316 1814 1746
f 1815 1816 1318
f 1318 1817 1818
f 1819 1820 1317
f 1821 1822 1317
f 1822 1823 1317
f 1317 1823 1316
f 1823 1824 1316
f 1316 1824 1825
f 1753 1826 1573
f 1826 1827 1573
f 1573 1827 1574
f 1827 1828 1574
f 1574 1828 1829
f 1815 1318 1830
f 1816 1831 1318
f 1831 1832 1318
f 1318 1832 1817
f 1818 1833 1318
f 1833 1834 1318
f 1318 1834 1835
f 1317 1836 1837
f 1825 1838 1316
f 1838 1839 1316
f 1316 1839 1812
f 1835 1840 1318
f 1840 1841 1318
f 1318 1841 1842
f 1820 1843 1317
f 1843 1844 1317
f 1317 1844 1821
f 1829 1845 1574
f 1845 1846 1574
f 1574 1846 1847
f 1842 1848 1318
f 1848 1849 1318
f 1318 1849 1317
f 1849 1850 1317
f 1317 1850 1836
f 1837 1851 1317
f 1851 1852 1317
f 1317 1852 1853
f 1847 1854 1574
f 1854 1855 1574
f 1574 1855 1318
f 1855 1856 1318
f 1318 1856 1830
f 1853 1857 1317
f 1857 1858 1317
f 1317 1858 1819
f 1399 1859 1296
f 1859 1860 1296
f 1296 1860 1318
f 1860 1861 1318
f 1318 1861 1862
f 1863 1570 1864
f 1570 1865 1864
f 1863 1866 1570
f 1866 1867 1570
f 1570 1867 1868
f 1868 1869 1570
f 1869 1870 1570
f 1570 1870 1871
f 1872 1873 1315
f 1874 1875 1574
f 1875 1876 1574
f 1574 1876 1877
f 1878 1879 1574
f 1879 1880 1574
f 1574 1880 1570
f 1880 1881 1570
f 1570 1881 1865
f 1862 1882 1318
f 1882 1883 1318
f 1318 1883 1884
f 1885 1886 1574
f 1886 1887 1574
f 1574 1887 1874
f 1877 1888 1574
f 1888 1889 1574
f 1574 1889 1878
f 1871 1890 1570
f 1890 1891 1570
f 1570 1891 1892
f 1892 1893 1570
f 1893 1894 1570
f 1570 1894 1315
f 1894 1895 1315
f 1315 1895 1896
f 1896 1897 1315
f 1897 1898 1315
f 1315 1898 1872
f 1873 1899 1315
f 1899 1900 1315
f 1315 1900 1313
f 1901 1902 1574
f 1902 1903 1574
f 1574 1903 1885
f 1884 1904 1318
f 1904 1905 1318
f 1318 1905 1906
f 1906 1907 1318
f 1907 1908 1318
f 1318 1908 1574
f 1908 1909 1574
f 1574 1909 1901
f 1617 1597 1324
f 1597 1599 1324
f 1324 1599 1393
f 1599 1395 1393
f 1393 1395 1394
f 1395 1287 1394
f 1394 1287 1286
f 1553 1540 1264
f 1540 1542 1264
f 1264 1542 1569
f 1542 1629 1569
f 1569 1629 1319
f 1629 1631 1319
f 1319 1631 1622
f 1910 1578 1911
f 1578 1577 1911
f 1911 1577 1912
f 1577 1572 1912
f 1912 1572 1913
f 1572 1571 1913
f 1913 1571 1914
f 1571 1582 1914
f 1914 1582 1915
f 1582 1584 1915
f 1915 1584 1916
f 1584 1588 1916
f 1916 1588 1917
f 1588 1592 1917
f 1917 1592 1918
f 1592 1605 1918
f 1918 1605 1919
f 1605 1607 1919
f 1919 1607 1920
f 1607 1609 1920
f 1920 1609 1921
f 1609 1611 1921
f 1921 1611 1922
f 1611 1619 1922
f 1922 1619 1923
f 1619 1618 1923
f 1923 1618 1924
f 1618 1617 1924
f 1924 1617 1925
f 1617 1621 1925
f 1925 1621 1926
f 1621 1620 1926
f 1926 1620 1927
f 1620 1626 1927
f 1927 1626 1928
f 1626 1625 1928
f 1928 1625 1929
f 1625 1624 1929
f 1929 1624 1930
f 1624 1623 1930
f 1930 1623 1931
f 1623 1622 1931
f 1931 1622 1932
f 1622 1631 1932
f 1932 1631 1933
f 1631 1630 1933
f 1933 1630 1934
f 1630 1628 1934
f 1934 1628 1935
f 1628 1627 1935
f 1935 1627 1936
f 1627 1667 1936
f 1936 1667 1937
f 1667 1674 1937
f 1937 1674 1938
f 1674 1670 1938
f 1938 1670 1939
f 1670 1652 1939
f 1939 1652 1940
f 1652 1650 1940
f 1940 1650 1941
f 1650 1655 1941
f 1941 1655 1942
f 1655 1660 1942
f 1942 1660 1943
f 1660 1682 1943
f 1943 1682 1944
f 1682 1681 1944
f 1944 1681 1945
f 1681 1680 1945
f 1945 1680 1946
f 1680 1685 1946
f 1946 1685 1947
f 1685 1684 1947
f 1947 1684 1948
f 1684 1683 1948
f 1948 1683 1949
f 1683 1679 1949
f 1949 1679 1950
f 1679 1678 1950
f 1950 1678 1951
f 1678 1696 1951
f 1951 1696 1952
f 1696 1701 1952
f 1952 1701 1953
f 1701 1699 1953
f 1953 1699 1954
f 1699 1723 1954
f 1954 1723 1955
f 1723 1725 1955
f 1955 1725 1956
f 1725 1727 1956
f 1956 1727 1957
f 1727 1729 1957
f 1957 1729 1958
f 1729 1733 1958
f 1958 1733 1959
f 1733 1490 1959
f 1959 1490 1960
f 1490 1492 1960
f 1960 1492 1961
f 1492 1494 1961
f 1961 1494 1962
f 1494 1442 1962
f 1962 1442 1963
f 1442 1444 1963
f 1963 1444 1964
f 1444 1433 1964
f 1964 1433 1965
f 1433 1422 1965
f 1965 1422 1966
f 1422 1424 1966
f 1966 1424 1967
f 1424 1427 1967
f 1967 1427 1968
f 1427 1458 1968
f 1968 1458 1969
f 1458 1459 1969
f 1969 1459 1970
f 1459 1734 1970
f 1970 1734 1971
f 1734 1735 1971
f 1971 1735 1972
f 1735 1759 1972
f 1972 1759 1973
f 1759 1761 1973
f 1973 1761 1974
f 1761 1763 1974
f 1974 1763 1975
f 1763 1738 1975
f 1975 1738 1976
f 1738 1750 1976
f 1976 1750 1977
f 1750 1748 1977
f 1977 1748 1978
f 1748 1573 1978
f 1978 1573 1979
f 1573 1575 1979
f 1979 1575 1980
f 1575 1576 1980
f 1980 1576 1981
f 1576 1579 1981
f 1981 1579 1910
f 1579 1578 1910
f 1980 1981 1982
f 1981 1910 1982
f 1982 1910 1911
f 1977 1978 1982
f 1978 1979 1982
f 1982 1979 1980
f 1974 1975 1982
f 1975 1976 1982
f 1982 1976 1977
f 1971 1972 1982
f 1972 1973 1982
f 1982 1973 1974
f 1968 1969 1982
f 1969 1970 1982
f 1982 1970 1971
f 1965 1966 1982
f 1966 1967 1982
f 1982 1967 1968
f 1962 1963 1982
f 1963 1964 1982
f 1982 1964 1965
f 1959 1960 1982
f 1960 1961 1982
f 1982 1961 1962
f 1956 1957 1982
f 1957 1958 1982
f 1982 1958 1959
f 1953 1954 1982
f 1954 1955 1982
f 1982 1955 1956
f 1950 1951 1982
f 1951 1952 1982
f 1982 1952 1953
f 1947 1948 1982
f 1948 1949 1982
f 1982 1949 1950
f 1944 1945 1982
f 1945 1946 1982
f 1982 1946 1947
f 1941 1942 1982
f 1942 1943 1982
f 1982 1943 1944
f 1938 1939 1982
f 1939 1940 1982
f 1982 1940 1941
f 1935 1936 1982
f 1936 1937 1982
f 1982 1937 1938
f 1932 1933 1982
f 1933 1934 1982
f 1982 1934 1935
f 1929 1930 1982
f 1930 1931 1982
f 1982 1931 1932
f 1926 1927 1982
f 1927 1928 1982
f 1982 1928 1929
f 1923 1924 1982
f 1924 1925 1982
f 1982 1925 1926
f 1920 1921 1982
f 1921 1922 1982
f 1982 1922 1923
f 1917 1918 1982
f 1918 1919 1982
f 1982 1919 1920
f 1914 1915 1982
f 1915 1916 1982
f 1982 1916 1917
f 1911 1912 1982
f 1912 1913 1982
f 1982 1913 1914
f 1983 1358 1984
f 1358 1357 1984
f 1984 1357 1985
f 1357 1384 1985
f 1985 1384 1986
f 1384 1383 1986
f 1986 1383 1987
f 1383 1382 1987
f 1987 1382 1988
f 1382 1356 1988
f 1988 1356 1989
f 1356 1355 1989
f 1989 1355 1990
f 1355 1392 1990
f 1990 1392 1991
f 1392 1391 1991
f 1991 1391 1992
f 1391 1390 1992
f 1992 1390 1993
f 1390 1344 1993
f 1993 1344 1994
f 1344 1343 1994
f 1994 1343 1995
f 1343 1342 1995
f 1995 1342 1996
f 1342 1332 1996
f 1996 1332 1997
f 1332 1331 1997
f 1997 1331 1998
f 1331 1330 1998
f 1998 1330 1999
f 1330 1381 1999
f 1999 1381 2000
f 1381 1380 2000
f 2000 1380 2001
f 1380 1379 2001
f 2001 1379 2002
f 1379 1373 2002
f 2002 1373 2003
f 1373 1374 2003
f 2003 1374 2004
f 1374 1375 2004
f 2004 1375 2005
f 1375 1341 2005
f 2005 1341 2006
f 1341 1340 2006
f 2006 1340 2007
f 1340 1339 2007
f 2007 1339 2008
f 1339 1338 2008
f 2008 1338 2009
f 1338 1323 2009
f 2009 1323 2010
f 1323 1322 2010
f 2010 1322 2011
f 1322 1372 2011
f 2011 1372 2012
f 1372 1371 2012
f 2012 1371 2013
f 1371 1370 2013
f 2013 1370 2014
f 1370 1369 2014
f 2014 1369 2015
f 1369 1368 2015
f 2015 1368 2016
f 1368 1367 2016
f 2016 1367 2017
f 1367 1354 2017
f 2017 1354 2018
f 1354 1353 2018
f 2018 1353 2019
f 1353 1378 2019
f 2019 1378 2020
f 1378 1377 2020
f 2020 1377 2021
f 1377 1376 2021
f 2021 1376 2022
f 1376 1366 2022
f 2022 1366 2023
f 1366 1365 2023
f 2023 1365 2024
f 1365 1364 2024
f 2024 1364 2025
f 1364 1363 2025
f 2025 1363 2026
f 1363 1362 2026
f 2026 1362 2027
f 1362 1361 2027
f 2027 1361 2028
f 1361 1352 2028
f 2028 1352 2029
f 1352 1351 2029
f 2029 1351 2030
f 1351 1350 2030
f 2030 1350 2031
f 1350 1329 2031
f 2031 1329 2032
f 1329 1328 2032
f 2032 1328 2033
f 1328 1327 2033
f 2033 1327 2034
f 1327 1321 2034
f 2034 1321 2035
f 1321 1320 2035
f 2035 1320 2036
f 1320 1326 2036
f 2036 1326 2037
f 1326 1325 2037
f 2037 1325 2038
f 1325 1337 2038
f 2038 1337 2039
f 1337 1336 2039
f 2039 1336 2040
f 1336 1333 2040
f 2040 1333 2041
f 1333 1334 2041
f 2041 1334 2042
f 1334 1335 2042
f 2042 1335 2043
f 1335 1349 2043
f 2043 1349 2044
f 1349 1348 2044
f 2044 1348 2045
f 1348 1347 2045
f 2045 1347 2046
f 1347 1360 2046
f 2046 1360 2047
f 1360 1359 2047
f 2047 1359 2048
f 1359 1346 2048
f 2048 1346 2049
f 1346 1345 2049
f 2049 1345 2050
f 1345 1389 2050
f 2050 1389 2051
f 1389 1388 2051
f 2051 1388 2052
f 1388 1387 2052
f 2052 1387 2053
f 1387 1386 2053
f 2053 1386 2054
f 1386 1385 2054
f 2054 1385 1983
f 1385 1358 1983
f 2017 2018 2055
f 2018 2019 2055
f 2055 2019 2020
f 2014 2015 2055
f 2015 2016 2055
f 2055 2016 2017
f 2011 2012 2055
f 2012 2013 2055
f 2055 2013 2014
f 2008 2009 2055
f 2009 2010 2055
f 2055 2010 2011
f 2005 2006 2055
f 2006 2007 2055
f 2055 2007 2008
f 2002 2003 2055
f 2003 2004 2055
f 2055 2004 2005
f 1999 2000 2055
f 2000 2001 2055
f 2055 2001 2002
f 1996 1997 2055
f 1997 1998 2055
f 2055 1998 1999
f 1993 1994 2055
f 1994 1995 2055
f 2055 1995 1996
f 1990 1991 2055
f 1991 1992 2055
f 2055 1992 1993
f 1987 1988 2055
f 1988 1989 2055
f 2055 1989 1990
f 1984 1985 2055
f 1985 1986 2055
f 2055 1986 1987
f 2053 2054 2055
f 2054 1983 2055
f 2055 1983 1984
f 2050 2051 2055
f 2051 2052 2055
f 2055 2052 2053
f 2047 2048 2055
f 2048 2049 2055
f 2055 2049 2050
f 2044 2045 2055
f 2045 2046 2055
f 2055 2046 2047
f 2041 2042 2055
f 2042 2043 2055
f 2055 2043 2044
f 2038 2039 2055
f 2039 2040 2055
f 2055 2040 2041
f 2035 2036 2055
f 2036 2037 2055
f 2055 2037 2038
f 2032 2033 2055
f 2033 2034 2055
f 2055 2034 2035
f 2029 2030 2055
f 2030 2031 2055
f 2055 2031 2032
f 2026 2027 2055
f 2027 2028 2055
f 2055 2028 2029
f 2023 2024 2055
f 2024 2025 2055
f 2055 2025 2026
f 2020 2021 2055
f 2021 2022 2055
f 2055 2022 2023
f 2056 1799 2057
f 1799 1798 2057
f 2057 1798 2058
f 1798 1776 2058
f 2058 1776 2059
f 1776 1775 2059
f 2059 1775 2060
f 1775 1774 2060
f 2060 1774 2061
f 1774 1771 2061
f 2061 1771 2062
f 1771 1770 2062
f 2062 1770 2063
f 1770 1797 2063
f 2063 1797 2064
f 1797 1796 2064
f 2064 1796 2065
f 1796 1773 2065
f 2065 1773 2066
f 1773 1772 2066
f 2066 1772 2067
f 1772 1811 2067
f 2067 1811 2068
f 1811 1810 2068
f 2068 1810 2069
f 1810 1809 2069
f 2069 1809 2070
f 1809 1795 2070
f 2070 1795 2071
f 1795 1794 2071
f 2071 1794 2072
f 1794 1793 2072
f 2072 1793 2073
f 1793 1792 2073
f 2073 1792 2074
f 1792 1805 2074
f 2074 1805 2075
f 1805 1804 2075
f 2075 1804 2076
f 1804 1791 2076
f 2076 1791 2077
f 1791 1790 2077
f 2077 1790 2078
f 1790 1789 2078
f 2078 1789 2079
f 1789 1788 2079
f 2079 1788 2080
f 1788 1787 2080
f 2080 1787 2081
f 1787 1786 2081
f 2081 1786 2082
f 1786 1785 2082
f 2082 1785 2083
f 1785 1803 2083
f 2083 1803 2084
f 1803 1802 2084
f 2084 1802 2085
f 1802 1801 2085
f 2085 1801 2086
f 1801 1784 2086
f 2086 1784 2087
f 1784 1783 2087
f 2087 1783 2088
f 1783 1782 2088
f 2088 1782 2089
f 1782 1769 2089
f 2089 1769 2090
f 1769 1768 2090
f 2090 1768 2091
f 1768 1767 2091
f 2091 1767 2092
f 1767 1598 2092
f 2092 1598 2093
f 1598 1596 2093
f 2093 1596 2094
f 1596 1595 2094
f 2094 1595 2095
f 1595 1604 2095
f 2095 1604 2096
f 1604 1603 2096
f 2096 1603 2097
f 1603 1600 2097
f 2097 1600 2098
f 1600 1601 2098
f 2098 1601 2099
f 1601 1602 2099
f 2099 1602 2100
f 1602 1613 2100
f 2100 1613 2101
f 1613 1612 2101
f 2101 1612 2102
f 1612 1610 2102
f 2102 1610 2103
f 1610 1608 2103
f 2103 1608 2104
f 1608 1606 2104
f 2104 1606 2105
f 1606 1616 2105
f 2105 1616 2106
f 1616 1615 2106
f 2106 1615 2107
f 1615 1614 2107
f 2107 1614 2108
f 1614 1591 2108
f 2108 1591 2109
f 1591 1593 2109
f 2109 1593 2110
f 1593 1594 2110
f 2110 1594 2111
f 1594 1587 2111
f 2111 1587 2112
f 1587 1589 2112
f 2112 1589 2113
f 1589 1590 2113
f 2113 1590 2114
f 1590 1585 2114
f 2114 1585 2115
f 1585 1583 2115
f 2115 1583 2116
f 1583 1581 2116
f 2116 1581 2117
f 1581 1580 2117
f 2117 1580 2118
f 1580 1586 2118
f 2118 1586 2119
f 1586 1781 2119
f 2119 1781 2120
f 1781 1780 2120
f 2120 1780 2121
f 1780 1777 2121
f 2121 1777 2122
f 1777 1778 2122
f 2122 1778 2123
f 1778 1779 2123
f 2123 1779 2124
f 1779 1808 2124
f 2124 1808 2125
f 1808 1807 2125
f 2125 1807 2126
f 1807 1806 2126
f 2126 1806 2127
f 1806 1800 2127
f 2127 1800 2056
f 1800 1799 2056
f 2126 2127 2128
f 2127 2056 2128
f 2128 2056 2057
f 2123 2124 2128
f 2124 2125 2128
f 2128 2125 2126
f 2120 2121 2128
f 2121 2122 2128
f 2128 2122 2123
f 2117 2118 2128
f 2118 2119 2128
f 2128 2119 2120
f 2114 2115 2128
f 2115 2116 2128
f 2128 2116 2117
f 2111 2112 2128
f 2112 2113 2128
f 2128 2113 2114
f 2108 2109 2128
f 2109 2110 2128
f 2128 2110 2111
f 2105 2106 2128
f 2106 2107 2128
f 2128 2107 2108
f 2102 2103 2128
f 2103 2104 2128
f 2128 2104 2105
f 2099 2100 2128
f 2100 2101 2128
f 2128 2101 2102
f 2096 2097 2128
f 2097 2098 2128
f 2128 2098 2099
f 2093 2094 2128
f 2094 2095 2128
f 2128 2095 2096
f 2090 2091 2128
f 2091 2092 2128
f 2128 2092 2093
f 2087 2088 2128
f 2088 2089 2128
f 2128 2089 2090
f 2084 2085 2128
f 2085 2086 2128
f 2128 2086 2087
f 2081 2082 2128
f 2082 2083 2128
f 2128 2083 2084
f 2078 2079 2128
f 2079 2080 2128
f 2128 2080 2081
f 2075 2076 2128
f 2076 2077 2128
f 2128 2077 2078
f 2072 2073 2128
f 2073 2074 2128
f 2128 2074 2075
f 2069 2070 2128
f 2070 2071 2128
f 2128 2071 2072
f 2066 2067 2128
f 2067 2068 2128
f 2128 2068 2069
f 2063 2064 2128
f 2064 2065 2128
f 2128 2065 2066
f 2060 2061 2128
f 2061 2062 2128
f 2128 2062 2063
f 2057 2058 2128
f 2058 2059 2128
f 2128 2059 2060
f 2129 1739 2130
f 1739 1746 2130
f 2130 1746 2131
f 1746 1814 2131
f 2131 1814 2132
f 1814 1813 2132
f 2132 1813 2133
f 1813 1812 2133
f 2133 1812 2134
f 1812 1839 2134
f 2134 1839 2135
f 1839 1838 2135
f 2135 1838 2136
f 1838 1825 2136
f 2136 1825 2137
f 1825 1824 2137
f 2137 1824 2138
f 1824 1823 2138
f 2138 1823 2139
f 1823 1822 2139
f 2139 1822 2140
f 1822 1821 2140
f 2140 1821 2141
f 1821 1844 2141
f 2141 1844 2142
f 1844 1843 2142
f 2142 1843 2143
f 1843 1820 2143
f 2143 1820 2144
f 1820 1819 2144
f 2144 1819 2145
f 1819 1858 2145
f 2145 1858 2146
f 1858 1857 2146
f 2146 1857 2147
f 1857 1853 2147
f 2147 1853 2148
f 1853 1852 2148
f 2148 1852 2149
f 1852 1851 2149
f 2149 1851 2150
f 1851 1837 2150
f 2150 1837 2151
f 1837 1836 2151
f 2151 1836 2152
f 1836 1850 2152
f 2152 1850 2153
f 1850 1849 2153
f 2153 1849 2154
f 1849 1848 2154
f 2154 1848 2155
f 1848 1842 2155
f 2155 1842 2156
f 1842 1841 2156
f 2156 1841 2157
f 1841 1840 2157
f 2157 1840 2158
f 1840 1835 2158
f 2158 1835 2159
f 1835 1834 2159
f 2159 1834 2160
f 1834 1833 2160
f 2160 1833 2161
f 1833 1818 2161
f 2161 1818 2162
f 1818 1817 2162
f 2162 1817 2163
f 1817 1832 2163
f 2163 1832 2164
f 1832 1831 2164
f 2164 1831 2165
f 1831 1816 2165
f 2165 1816 2166
f 1816 1815 2166
f 2166 1815 2167
f 1815 1830 2167
f 2167 1830 2168
f 1830 1856 2168
f 2168 1856 2169
f 1856 1855 2169
f 2169 1855 2170
f 1855 1854 2170
f 2170 1854 2171
f 1854 1847 2171
f 2171 1847 2172
f 1847 1846 2172
f 2172 1846 2173
f 1846 1845 2173
f 2173 1845 2174
f 1845 1829 2174
f 2174 1829 2175
f 1829 1828 2175
f 2175 1828 2176
f 1828 1827 2176
f 2176 1827 2177
f 1827 1826 2177
f 2177 1826 2178
f 1826 1753 2178
f 2178 1753 2179
f 1753 1754 2179
f 2179 1754 2180
f 1754 1755 2180
f 2180 1755 2181
f 1755 1747 2181
f 2181 1747 2182
f 1747 1749 2182
f 2182 1749 2183
f 1749 1751 2183
f 2183 1751 2184
f 1751 1752 2184
f 2184 1752 2185
f 1752 1737 2185
f 2185 1737 2186
f 1737 1736 2186
f 2186 1736 2187
f 1736 1766 2187
f 2187 1766 2188
f 1766 1765 2188
f 2188 1765 2189
f 1765 1764 2189
f 2189 1764 2190
f 1764 1762 2190
f 2190 1762 2191
f 1762 1760 2191
f 2191 1760 2192
f 1760 1758 2192
f 2192 1758 2193
f 1758 1757 2193
f 2193 1757 2194
f 1757 1756 2194
f 2194 1756 2195
f 1756 1745 2195
f 2195 1745 2196
f 1745 1744 2196
f 2196 1744 2197
f 1744 1743 2197
f 2197 1743 2198
f 1743 1742 2198
f 2198 1742 2199
f 1742 1741 2199
f 2199 1741 2200
f 1741 1740 2200
f 2200 1740 2129
f 1740 1739 2129
f 2199 2200 2201
f 2200 2129 2201
f 2201 2129 2130
f 2196 2197 2201
f 2197 2198 2201
f 2201 2198 2199
f 2193 2194 2201
f 2194 2195 2201
f 2201 2195 2196
f 2190 2191 2201
f 2191 2192 2201
f 2201 2192 2193
f 2187 2188 2201
f 2188 2189 2201
f 2201 2189 2190
f 2184 2185 2201
f 2185 2186 2201
f 2201 2186 2187
f 2181 2182 2201
f 2182 2183 2201
f 2201 2183 2184
f 2178 2179 2201
f 2179 2180 2201
f 2201 2180 2181
f 2175 2176 2201
f 2176 2177 2201
f 2201 2177 2178
f 2172 2173 2201
f 2173 2174 2201
f 2201 2174 2175
f 2169 2170 2201
f 2170 2171 2201
f 2201 2171 2172
f 2166 2167 2201
f 2167 2168 2201
f 2201 2168 2169
f 2163 2164 2201
f 2164 2165 2201
f 2201 2165 2166
f 2160 2161 2201
f 2161 2162 2201
f 2201 2162 2163
f 2157 2158 2201
f 2158 2159 2201
f 2201 2159 2160
f 2154 2155 2201
f 2155 2156 2201
f 2201 2156 2157
f 2151 2152 2201
f 2152 2153 2201
f 2201 2153 2154
f 2148 2149 2201
f 2149 2150 2201
f 2201 2150 2151
f 2145 2146 2201
f 2146 2147 2201
f 2201 2147 2148
f 2142 2143 2201
f 2143 2144 2201
f 2201 2144 2145
f 2139 2140 2201
f 2140 2141 2201
f 2201 2141 2142
f 2136 2137 2201
f 2137 2138 2201
f 2201 2138 2139
f 2133 2134 2201
f 2134 2135 2201
f 2201 2135 2136
f 2130 2131 2201
f 2131 2132 2201
f 2201 2132 2133
f 2202 1472 2203
f 1472 1473 2203
f 2203 1473 2204
f 1473 1478 2204
f 2204 1478 2205
f 1478 1477 2205
f 2205 1477 2206
f 1477 1471 2206
f 2206 1471 2207
f 1471 1470 2207
f 2207 1470 2208
f 1470 1469 2208
f 2208 1469 2209
f 1469 1499 2209
f 2209 1499 2210
f 1499 1498 2210
f 2210 1498 2211
f 1498 1497 2211
f 2211 1497 2212
f 1497 1441 2212
f 2212 1441 2213
f 1441 1440 2213
f 2213 1440 2214
f 1440 1439 2214
f 2214 1439 2215
f 1439 1431 2215
f 2215 1431 2216
f 1431 1430 2216
f 2216 1430 2217
f 1430 1429 2217
f 2217 1429 2218
f 1429 1428 2218
f 2218 1428 2219
f 1428 1417 2219
f 2219 1417 2220
f 1417 1416 2220
f 2220 1416 2221
f 1416 1438 2221
f 2221 1438 2222
f 1438 1437 2222
f 2222 1437 2223
f 1437 1436 2223
f 2223 1436 2224
f 1436 1435 2224
f 2224 1435 2225
f 1435 1451 2225
f 2225 1451 2226
f 1451 1450 2226
f 2226 1450 2227
f 1450 1449 2227
f 2227 1449 2228
f 1449 1419 2228
f 2228 1419 2229
f 1419 1418 2229
f 2229 1418 2230
f 1418 1484 2230
f 2230 1484 2231
f 1484 1483 2231
f 2231 1483 2232
f 1483 1482 2232
f 2232 1482 2233
f 1482 1468 2233
f 2233 1468 2234
f 1468 1467 2234
f 2234 1467 2235
f 1467 1476 2235
f 2235 1476 2236
f 1476 1475 2236
f 2236 1475 2237
f 1475 1474 2237
f 2237 1474 2238
f 1474 1481 2238
f 2238 1481 2239
f 1481 1480 2239
f 2239 1480 2240
f 1480 1479 2240
f 2240 1479 2241
f 1479 1466 2241
f 2241 1466 2242
f 1466 1465 2242
f 2242 1465 2243
f 1465 1464 2243
f 2243 1464 2244
f 1464 1463 2244
f 2244 1463 2245
f 1463 1462 2245
f 2245 1462 2246
f 1462 1461 2246
f 2246 1461 2247
f 1461 1460 2247
f 2247 1460 2248
f 1460 1457 2248
f 2248 1457 2249
f 1457 1456 2249
f 2249 1456 2250
f 1456 1426 2250
f 2250 1426 2251
f 1426 1425 2251
f 2251 1425 2252
f 1425 1423 2252
f 2252 1423 2253
f 1423 1421 2253
f 2253 1421 2254
f 1421 1420 2254
f 2254 1420 2255
f 1420 1432 2255
f 2255 1432 2256
f 1432 1434 2256
f 2256 1434 2257
f 1434 1448 2257
f 2257 1448 2258
f 1448 1447 2258
f 2258 1447 2259
f 1447 1446 2259
f 2259 1446 2260
f 1446 1445 2260
f 2260 1445 2261
f 1445 1443 2261
f 2261 1443 2262
f 1443 1496 2262
f 2262 1496 2263
f 1496 1495 2263
f 2263 1495 2264
f 1495 1493 2264
f 2264 1493 2265
f 1493 1491 2265
f 2265 1491 2266
f 1491 1489 2266
f 2266 1489 2267
f 1489 1488 2267
f 2267 1488 2268
f 1488 1487 2268
f 2268 1487 2269
f 1487 1486 2269
f 2269 1486 2270
f 1486 1485 2270
f 2270 1485 2271
f 1485 1452 2271
f 2271 1452 2272
f 1452 1454 2272
f 2272 1454 2273
f 1454 1455 2273
f 2273 1455 2202
f 1455 1472 2202
f 2272 2273 2274
f 2273 2202 2274
f 2274 2202 2203
f 2269 2270 2274
f 2270 2271 2274
f 2274 2271 2272
f 2266 2267 2274
f 2267 2268 2274
f 2274 2268 2269
f 2263 2264 2274
f 2264 2265 2274
f 2274 2265 2266
f 2260 2261 2274
f 2261 2262 2274
f 2274 2262 2263
f 2257 2258 2274
f 2258 2259 2274
f 2274 2259 2260
f 2254 2255 2274
f 2255 2256 2274
f 2274 2256 2257
f 2251 2252 2274
f 2252 2253 2274
f 2274 2253 2254
f 2248 2249 2274
f 2249 2250 2274
f 2274 2250 2251
f 2245 2246 2274
f 2246 2247 2274
f 2274 2247 2248
f 2242 2243 2274
f 2243 2244 2274
f 2274 2244 2245
f 2239 2240 2274
f 2240 2241 2274
f 2274 2241 2242
f 2236 2237 2274
f 2237 2238 2274
f 2274 2238 2239
f 2233 2234 2274
f 2234 2235 2274
f 2274 2235 2236
f 2230 2231 2274
f 2231 2232 2274
f 2274 2232 2233
f 2227 2228 2274
f 2228 2229 2274
f 2274 2229 2230
f 2224 2225 2274
f 2225 2226 2274
f 2274 2226 2227
f 2221 2222 2274
f 2222 2223 2274
f 2274 2223 2224
f 2218 2219 2274
f 2219 2220 2274
f 2274 2220 2221
f 2215 2216 2274
f 2216 2217 2274
f 2274 2217 2218
f 2212 2213 2274
f 2213 2214 2274
f 2274 2214 2215
f 2209 2210 2274
f 2210 2211 2274
f 2274 2211 2212
f 2206 2207 2274
f 2207 2208 2274
f 2274 2208 2209
f 2203 2204 2274
f 2204 2205 2274
f 2274 2205 2206
f 2275 1526 2276
f 1526 1506 2276
f 2276 1506 2277
f 1506 1505 2277
f 2277 1505 2278
f 1505 1504 2278
f 2278 1504 2279
f 1504 1503 2279
f 2279 1503 2280
f 1503 1502 2280
f 2280 1502 2281
f 1502 1501 2281
f 2281 1501 2282
f 1501 1533 2282
f 2282 1533 2283
f 1533 1532 2283
f 2283 1532 2284
f 1532 1531 2284
f 2284 1531 2285
f 1531 1525 2285
f 2285 1525 2286
f 1525 1524 2286
f 2286 1524 2287
f 1524 1523 2287
f 2287 1523 2288
f 1523 1517 2288
f 2288 1517 2289
f 1517 1516 2289
f 2289 1516 2290
f 1516 1515 2290
f 2290 1515 2291
f 1515 1522 2291
f 2291 1522 2292
f 1522 1521 2292
f 2292 1521 2293
f 1521 1520 2293
f 2293 1520 2294
f 1520 1512 2294
f 2294 1512 2295
f 1512 1513 2295
f 2295 1513 2296
f 1513 1514 2296
f 2296 1514 2297
f 1514 1519 2297
f 2297 1519 2298
f 1519 1518 2298
f 2298 1518 2299
f 1518 1511 2299
f 2299 1511 2300
f 1511 1510 2300
f 2300 1510 2301
f 1510 1509 2301
f 2301 1509 2302
f 1509 1508 2302
f 2302 1508 2303
f 1508 1507 2303
f 2303 1507 2304
f 1507 1704 2304
f 2304 1704 2305
f 1704 1703 2305
f 2305 1703 2306
f 1703 1690 2306
f 2306 1690 2307
f 1690 1689 2307
f 2307 1689 2308
f 1689 1717 2308
f 2308 1717 2309
f 1717 1716 2309
f 2309 1716 2310
f 1716 1715 2310
f 2310 1715 2311
f 1715 1712 2311
f 2311 1712 2312
f 1712 1713 2312
f 2312 1713 2313
f 1713 1714 2313
f 2313 1714 2314
f 1714 1719 2314
f 2314 1719 2315
f 1719 1718 2315
f 2315 1718 2316
f 1718 1711 2316
f 2316 1711 2317
f 1711 1710 2317
f 2317 1710 2318
f 1710 1722 2318
f 2318 1722 2319
f 1722 1721 2319
f 2319 1721 2320
f 1721 1720 2320
f 2320 1720 2321
f 1720 1728 2321
f 2321 1728 2322
f 1728 1726 2322
f 2322 1726 2323
f 1726 1724 2323
f 2323 1724 2324
f 1724 1732 2324
f 2324 1732 2325
f 1732 1731 2325
f 2325 1731 2326
f 1731 1730 2326
f 2326 1730 2327
f 1730 1698 2327
f 2327 1698 2328
f 1698 1700 2328
f 2328 1700 2329
f 1700 1702 2329
f 2329 1702 2330
f 1702 1709 2330
f 2330 1709 2331
f 1709 1708 2331
f 2331 1708 2332
f 1708 1707 2332
f 2332 1707 2333
f 1707 1697 2333
f 2333 1697 2334
f 1697 1695 2334
f 2334 1695 2335
f 1695 1706 2335
f 2335 1706 2336
f 1706 1705 2336
f 2336 1705 2337
f 1705 1694 2337
f 2337 1694 2338
f 1694 1693 2338
f 2338 1693 2339
f 1693 1692 2339
f 2339 1692 2340
f 1692 1691 2340
f 2340 1691 2341
f 1691 1688 2341
f 2341 1688 2342
f 1688 1687 2342
f 2342 1687 2343
f 1687 1686 2343
f 2343 1686 2344
f 1686 1530 2344
f 2344 1530 2345
f 1530 1529 2345
f 2345 1529 2346
f 1529 1527 2346
f 2346 1527 2275
f 1527 1526 2275
f 2345 2346 2347
f 2346 2275 2347
f 2347 2275 2276
f 2342 2343 2347
f 2343 2344 2347
f 2347 2344 2345
f 2339 2340 2347
f 2340 2341 2347
f 2347 2341 2342
f 2336 2337 2347
f 2337 2338 2347
f 2347 2338 2339
f 2333 2334 2347
f 2334 2335 2347
f 2347 2335 2336
f 2330 2331 2347
f 2331 2332 2347
f 2347 2332 2333
f 2327 2328 2347
f 2328 2329 2347
f 2347 2329 2330
f 2324 2325 2347
f 2325 2326 2347
f 2347 2326 2327
f 2321 2322 2347
f 2322 2323 2347
f 2347 2323 2324
f 2318 2319 2347
f 2319 2320 2347
f 2347 2320 2321
f 2315 2316 2347
f 2316 2317 2347
f 2347 2317 2318
f 2312 2313 2347
f 2313 2314 2347
f 2347 2314 2315
f 2309 2310 2347
f 2310 2311 2347
f 2347 2311 2312
f 2306 2307 2347
f 2307 2308 2347
f 2347 2308 2309
f 2303 2304 2347
f 2304 2305 2347
f 2347 2305 2306
f 2300 2301 2347
f 2301 2302 2347
f 2347 2302 2303
f 2297 2298 2347
f 2298 2299 2347
f 2347 2299 2300
f 2294 2295 2347
f 2295 2296 2347
f 2347 2296 2297
f 2291 2292 2347
f 2292 2293 2347
f 2347 2293 2294
f 2288 2289 2347
f 2289 2290 2347
f 2347 2290 2291
f 2285 2286 2347
f 2286 2287 2347
f 2347 2287 2288
f 2282 2283 2347
f 2283 2284 2347
f 2347 2284 2285
f 2279 2280 2347
f 2280 2281 2347
f 2347 2281 2282
f 2276 2277 2347
f 2277 2278 2347
f 2347 2278 2279
f 2348 1636 2349
f 1636 1635 2349
f 2349 1635 2350
f 1635 1645 2350
f 2350 1645 2351
f 1645 1644 2351
f 2351 1644 2352
f 1644 1643 2352
f 2352 1643 2353
f 1643 1634 2353
f 2353 1634 2354
f 1634 1633 2354
f 2354 1633 2355
f 1633 1632 2355
f 2355 1632 2356
f 1632 1544 2356
f 2356 1544 2357
f 1544 1543 2357
f 2357 1543 2358
f 1543 1541 2358
f 2358 1541 2359
f 1541 1540 2359
f 2359 1540 2360
f 1540 1553 2360
f 2360 1553 2361
f 1553 1552 2361
f 2361 1552 2362
f 1552 1551 2362
f 2362 1551 2363
f 1551 1550 2363
f 2363 1550 2364
f 1550 1568 2364
f 2364 1568 2365
f 1568 1567 2365
f 2365 1567 2366
f 1567 1566 2366
f 2366 1566 2367
f 1566 1565 2367
f 2367 1565 2368
f 1565 1564 2368
f 2368 1564 2369
f 1564 1563 2369
f 2369 1563 2370
f 1563 1562 2370
f 2370 1562 2371
f 1562 1561 2371
f 2371 1561 2372
f 1561 1560 2372
f 2372 1560 2373
f 1560 1559 2373
f 2373 1559 2374
f 1559 1558 2374
f 2374 1558 2375
f 1558 1557 2375
f 2375 1557 2376
f 1557 1545 2376
f 2376 1545 2377
f 1545 1546 2377
f 2377 1546 2378
f 1546 1547 2378
f 2378 1547 2379
f 1547 1539 2379
f 2379 1539 2380
f 1539 1538 2380
f 2380 1538 2381
f 1538 1537 2381
f 2381 1537 2382
f 1537 1536 2382
f 2382 1536 2383
f 1536 1535 2383
f 2383 1535 2384
f 1535 1556 2384
f 2384 1556 2385
f 1556 1555 2385
f 2385 1555 2386
f 1555 1554 2386
f 2386 1554 2387
f 1554 1549 2387
f 2387 1549 2388
f 1549 1548 2388
f 2388 1548 2389
f 1548 1642 2389
f 2389 1642 2390
f 1642 1641 2390
f 2390 1641 2391
f 1641 1640 2391
f 2391 1640 2392
f 1640 1673 2392
f 2392 1673 2393
f 1673 1672 2393
f 2393 1672 2394
f 1672 1671 2394
f 2394 1671 2395
f 1671 1663 2395
f 2395 1663 2396
f 1663 1662 2396
f 2396 1662 2397
f 1662 1661 2397
f 2397 1661 2398
f 1661 1659 2398
f 2398 1659 2399
f 1659 1658 2399
f 2399 1658 2400
f 1658 1654 2400
f 2400 1654 2401
f 1654 1656 2401
f 2401 1656 2402
f 1656 1657 2402
f 2402 1657 2403
f 1657 1649 2403
f 2403 1649 2404
f 1649 1651 2404
f 2404 1651 2405
f 1651 1653 2405
f 2405 1653 2406
f 1653 1677 2406
f 2406 1677 2407
f 1677 1676 2407
f 2407 1676 2408
f 1676 1675 2408
f 2408 1675 2409
f 1675 1669 2409
f 2409 1669 2410
f 1669 1668 2410
f 2410 1668 2411
f 1668 1666 2411
f 2411 1666 2412
f 1666 1665 2412
f 2412 1665 2413
f 1665 1664 2413
f 2413 1664 2414
f 1664 1648 2414
f 2414 1648 2415
f 1648 1647 2415
f 2415 1647 2416
f 1647 1646 2416
f 2416 1646 2417
f 1646 1639 2417
f 2417 1639 2418
f 1639 1638 2418
f 2418 1638 2419
f 1638 1637 2419
f 2419 1637 2348
f 1637 1636 2348
f 2418 2419 2420
f 2419 2348 2420
f 2420 2348 2349
f 2415 2416 2420
f 2416 2417 2420
f 2420 2417 2418
f 2412 2413 2420
f 2413 2414 2420
f 2420 2414 2415
f 2409 2410 2420
f 2410 2411 2420
f 2420 2411 2412
f 2406 2407 2420
f 2407 2408 2420
f 2420 2408 2409
f 2403 2404 2420
f 2404 2405 2420
f 2420 2405 2406
f 2400 2401 2420
f 2401 2402 2420
f 2420 2402 2403
f 2397 2398 2420
f 2398 2399 2420
f 2420 2399 2400
f 2394 2395 2420
f 2395 2396 2420
f 2420 2396 2397
f 2391 2392 2420
f 2392 2393 2420
f 2420 2393 2394
f 2388 2389 2420
f 2389 2390 2420
f 2420 2390 2391
f 2385 2386 2420
f 2386 2387 2420
f 2420 2387 2388
f 2382 2383 2420
f 2383 2384 2420
f 2420 2384 2385
f 2379 2380 2420
f 2380 2381 2420
f 2420 2381 2382
f 2376 2377 2420
f 2377 2378 2420
f 2420 2378 2379
f 2373 2374 2420
f 2374 2375 2420
f 2420 2375 2376
f 2370 2371 2420
f 2371 2372 2420
f 2420 2372 2373
f 2367 2368 2420
f 2368 2369 2420
f 2420 2369 2370
f 2364 2365 2420
f 2365 2366 2420
f 2420 2366 2367
f 2361 2362 2420
f 2362 2363 2420
f 2420 2363 2364
f 2358 2359 2420
f 2359 2360 2420
f 2420 2360 2361
f 2355 2356 2420
f 2356 2357 2420
f 2420 2357 2358
f 2352 2353 2420
f 2353 2354 2420
f 2420 2354 2355
f 2349 2350 2420
f 2350 2351 2420
f 2420 2351 2352
f 2421 1408 2422
f 1408 1405 2422
f 2422 1405 2423
f 1405 1406 2423
f 2423 1406 2424
f 1406 1407 2424
f 2424 1407 2425
f 1407 1404 2425
f 2425 1404 2426
f 1404 1403 2426
f 2426 1403 2427
f 1403 1402 2427
f 2427 1402 2428
f 1402 1401 2428
f 2428 1401 2429
f 1401 1397 2429
f 2429 1397 2430
f 1397 1396 2430
f 2430 1396 2431
f 1396 1400 2431
f 2431 1400 2432
f 1400 1314 2432
f 2432 1314 2433
f 1314 1313 2433
f 2433 1313 2434
f 1313 1900 2434
f 2434 1900 2435
f 1900 1899 2435
f 2435 1899 2436
f 1899 1873 2436
f 2436 1873 2437
f 1873 1872 2437
f 2437 1872 2438
f 1872 1898 2438
f 2438 1898 2439
f 1898 1897 2439
f 2439 1897 2440
f 1897 1896 2440
f 2440 1896 2441
f 1896 1895 2441
f 2441 1895 2442
f 1895 1894 2442
f 2442 1894 2443
f 1894 1893 2443
f 2443 1893 2444
f 1893 1892 2444
f 2444 1892 2445
f 1892 1891 2445
f 2445 1891 2446
f 1891 1890 2446
f 2446 1890 2447
f 1890 1871 2447
f 2447 1871 2448
f 1871 1870 2448
f 2448 1870 2449
f 1870 1869 2449
f 2449 1869 2450
f 1869 1868 2450
f 2450 1868 2451
f 1868 1867 2451
f 2451 1867 2452
f 1867 1866 2452
f 2452 1866 2453
f 1866 1863 2453
f 2453 1863 2454
f 1863 1864 2454
f 2454 1864 2455
f 1864 1865 2455
f 2455 1865 2456
f 1865 1881 2456
f 2456 1881 2457
f 1881 1880 2457
f 2457 1880 2458
f 1880 1879 2458
f 2458 1879 2459
f 1879 1878 2459
f 2459 1878 2460
f 1878 1889 2460
f 2460 1889 2461
f 1889 1888 2461
f 2461 1888 2462
f 1888 1877 2462
f 2462 1877 2463
f 1877 1876 2463
f 2463 1876 2464
f 1876 1875 2464
f 2464 1875 2465
f 1875 1874 2465
f 2465 1874 2466
f 1874 1887 2466
f 2466 1887 2467
f 1887 1886 2467
f 2467 1886 2468
f 1886 1885 2468
f 2468 1885 2469
f 1885 1903 2469
f 2469 1903 2470
f 1903 1902 2470
f 2470 1902 2471
f 1902 1901 2471
f 2471 1901 2472
f 1901 1909 2472
f 2472 1909 2473
f 1909 1908 2473
f 2473 1908 2474
f 1908 1907 2474
f 2474 1907 2475
f 1907 1906 2475
f 2475 1906 2476
f 1906 1905 2476
f 2476 1905 2477
f 1905 1904 2477
f 2477 1904 2478
f 1904 1884 2478
f 2478 1884 2479
f 1884 1883 2479
f 2479 1883 2480
f 1883 1882 2480
f 2480 1882 2481
f 1882 1862 2481
f 2481 1862 2482
f 1862 1861 2482
f 2482 1861 2483
f 1861 1860 2483
f 2483 1860 2484
f 1860 1859 2484
f 2484 1859 2485
f 1859 1399 2485
f 2485 1399 2486
f 1399 1398 2486
f 2486 1398 2487
f 1398 1414 2487
f 2487 1414 2488
f 1414 1413 2488
f 2488 1413 2489
f 1413 1412 2489
f 2489 1412 2490
f 1412 1411 2490
f 2490 1411 2491
f 1411 1410 2491
f 2491 1410 2492
f 1410 1409 2492
f 2492 1409 2421
f 1409 1408 2421
f 2491 2492 2493
f 2492 2421 2493
f 2493 2421 2422
f 2488 2489 2493
f 2489 2490 2493
f 2493 2490 2491
f 2485 2486 2493
f 2486 2487 2493
f 2493 2487 2488
f 2482 2483 2493
f 2483 2484 2493
f 2493 2484 2485
f 2479 2480 2493
f 2480 2481 2493
f 2493 2481 2482
f 2476 2477 2493
f 2477 2478 2493
f 2493 2478 2479
f 2473 2474 2493
f 2474 2475 2493
f 2493 2475 2476
f 2470 2471 2493
f 2471 2472 2493
f 2493 2472 2473
f 2467 2468 2493
f 2468 2469 2493
f 2493 2469 2470
f 2464 2465 2493
f 2465 2466 2493
f 2493 2466 2467
f 2461 2462 2493
f 2462 2463 2493
f 2493 2463 2464
f 2458 2459 2493
f 2459 2460 2493
f 2493 2460 2461
f 2455 2456 2493
f 2456 2457 2493
f 2493 2457 2458
f 2452 2453 2493
f 2453 2454 2493
f 2493 2454 2455
f 2449 2450 2493
f 2450 2451 2493
f 2493 2451 2452
f 2446 2447 2493
f 2447 2448 2493
f 2493 2448 2449
f 2443 2444 2493
f 2444 2445 2493
f 2493 2445 2446
f 2440 2441 2493
f 2441 2442 2493
f 2493 2442 2443
f 2437 2438 2493
f 2438 2439 2493
f 2493 2439 2440
f 2434 2435 2493
f 2435 2436 2493
f 2493 2436 2437
f 2431 2432 2493
f 2432 2433 2493
f 2493 2433 2434
f 2428 2429 2493
f 2429 2430 2493
f 2493 2430 2431
f 2425 2426 2493
f 2426 2427 2493
f 2493 2427 2428
f 2422 2423 2493
f 2423 2424 2493
f 2493 2424 2425
f 2494 362 2495
f 362 361 2495
f 2495 361 2496
f 361 368 2496
f 2496 368 2497
f 368 367 2497
f 2497 367 2498
f 367 366 2498
f 2498 366 2499
f 366 365 2499
f 2499 365 2500
f 365 364 2500
f 2500 364 2501
f 364 363 2501
f 2501 363 2502
f 363 360 2502
f 2502 360 2503
f 360 359 2503
f 2503 359 2504
f 359 358 2504
f 2504 358 2505
f 358 312 2505
f 2505 312 2506
f 312 311 2506
f 2506 311 2507
f 311 320 2507
f 2507 320 2508
f 320 326 2508
f 2508 326 2509
f 326 325 2509
f 2509 325 2510
f 325 324 2510
f 2510 324 2511
f 324 310 2511
f 2511 310 2512
f 310 309 2512
f 2512 309 2513
f 309 308 2513
f 2513 308 2514
f 308 307 2514
f 2514 307 2515
f 307 323 2515
f 2515 323 2516
f 323 322 2516
f 2516 322 2517
f 322 321 2517
f 2517 321 2518
f 321 319 2518
f 2518 319 2519
f 319 318 2519
f 2519 318 2520
f 318 317 2520
f 2520 317 2521
f 317 339 2521
f 2521 339 2522
f 339 338 2522
f 2522 338 2523
f 338 337 2523
f 2523 337 2524
f 337 336 2524
f 2524 336 2525
f 336 353 2525
f 2525 353 2526
f 353 354 2526
f 2526 354 2527
f 354 357 2527
f 2527 357 2528
f 357 356 2528
f 2528 356 2529
f 356 355 2529
f 2529 355 2530
f 355 335 2530
f 2530 335 2531
f 335 334 2531
f 2531 334 2532
f 334 352 2532
f 2532 352 2533
f 352 351 2533
f 2533 351 2534
f 351 350 2534
f 2534 350 2535
f 350 347 2535
f 2535 347 2536
f 347 346 2536
f 2536 346 2537
f 346 345 2537
f 2537 345 2538
f 345 344 2538
f 2538 344 2539
f 344 343 2539
f 2539 343 2540
f 343 342 2540
f 2540 342 2541
f 342 306 2541
f 2541 306 2542
f 306 305 2542
f 2542 305 2543
f 305 304 2543
f 2543 304 2544
f 304 303 2544
f 2544 303 2545
f 303 302 2545
f 2545 302 2546
f 302 301 2546
f 2546 301 2547
f 301 299 2547
f 2547 299 2548
f 299 298 2548
f 2548 298 2549
f 298 333 2549
f 2549 333 2550
f 333 332 2550
f 2550 332 2551
f 332 331 2551
f 2551 331 2552
f 331 316 2552
f 2552 316 2553
f 316 314 2553
f 2553 314 2554
f 314 313 2554
f 2554 313 2555
f 313 341 2555
f 2555 341 2556
f 341 340 2556
f 2556 340 2557
f 340 330 2557
f 2557 330 2558
f 330 329 2558
f 2558 329 2559
f 329 349 2559
f 2559 349 2560
f 349 348 2560
f 2560 348 2561
f 348 328 2561
f 2561 328 2562
f 328 327 2562
f 2562 327 2563
f 327 371 2563
f 2563 371 2564
f 371 370 2564
f 2564 370 2565
f 370 369 2565
f 2565 369 2494
f 369 362 2494
f 2564 2565 2566
f 2565 2494 2566
f 2566 2494 2495
f 2561 2562 2566
f 2562 2563 2566
f 2566 2563 2564
f 2558 2559 2566
f 2559 2560 2566
f 2566 2560 2561
f 2555 2556 2566
f 2556 2557 2566
f 2566 2557 2558
f 2552 2553 2566
f 2553 2554 2566
f 2566 2554 2555
f 2549 2550 2566
f 2550 2551 2566
f 2566 2551 2552
f 2546 2547 2566
f 2547 2548 2566
f 2566 2548 2549
f 2543 2544 2566
f 2544 2545 2566
f 2566 2545 2546
f 2540 2541 2566
f 2541 2542 2566
f 2566 2542 2543
f 2537 2538 2566
f 2538 2539 2566
f 2566 2539 2540
f 2534 2535 2566
f 2535 2536 2566
f 2566 2536 2537
f 2531 2532 2566
f 2532 2533 2566
f 2566 2533 2534
f 2528 2529 2566
f 2529 2530 2566
f 2566 2530 2531
f 2525 2526 2566
f 2526 2527 2566
f 2566 2527 2528
f 2522 2523 2566
f 2523 2524 2566
f 2566 2524 2525
f 2519 2520 2566
f 2520 2521 2566
f 2566 2521 2522
f 2516 2517 2566
f 2517 2518 2566
f 2566 2518 2519
f 2513 2514 2566
f 2514 2515 2566
f 2566 2515 2516
f 2510 2511 2566
f 2511 2512 2566
f 2566 2512 2513
f 2507 2508 2566
f 2508 2509 2566
f 2566 2509 2510
f 2504 2505 2566
f 2505 2506 2566
f 2566 2506 2507
f 2501 2502 2566
f 2502 2503 2566
f 2566 2503 2504
f 2498 2499 2566
f 2499 2500 2566
f 2566 2500 2501
f 2495 2496 2566
f 2496 2497 2566
f 2566 2497 2498
f 2567 835 2568
f 835 875 2568
f 2568 875 2569
f 875 874 2569
f 2569 874 2570
f 874 890 2570
f 2570 890 2571
f 890 889 2571
f 2571 889 2572
f 889 888 2572
f 2572 888 2573
f 888 887 2573
f 2573 887 2574
f 887 886 2574
f 2574 886 2575
f 886 885 2575
f 2575 885 2576
f 885 884 2576
f 2576 884 2577
f 884 883 2577
f 2577 883 2578
f 883 882 2578
f 2578 882 2579
f 882 881 2579
f 2579 881 2580
f 881 880 2580
f 2580 880 2581
f 880 879 2581
f 2581 879 2582
f 879 878 2582
f 2582 878 2583
f 878 877 2583
f 2583 877 2584
f 877 876 2584
f 2584 876 2585
f 876 896 2585
f 2585 896 2586
f 896 895 2586
f 2586 895 2587
f 895 894 2587
f 2587 894 2588
f 894 893 2588
f 2588 893 2589
f 893 911 2589
f 2589 911 2590
f 911 910 2590
f 2590 910 2591
f 910 909 2591
f 2591 909 2592
f 909 908 2592
f 2592 908 2593
f 908 907 2593
f 2593 907 2594
f 907 906 2594
f 2594 906 2595
f 906 905 2595
f 2595 905 2596
f 905 904 2596
f 2596 904 2597
f 904 892 2597
f 2597 892 2598
f 892 891 2598
f 2598 891 2599
f 891 903 2599
f 2599 903 2600
f 903 902 2600
f 2600 902 2601
f 902 901 2601
f 2601 901 2602
f 901 900 2602
f 2602 900 2603
f 900 899 2603
f 2603 899 2604
f 899 898 2604
f 2604 898 2605
f 898 897 2605
f 2605 897 2606
f 897 858 2606
f 2606 858 2607
f 858 857 2607
f 2607 857 2608
f 857 856 2608
f 2608 856 2609
f 856 852 2609
f 2609 852 2610
f 852 851 2610
f 2610 851 2611
f 851 850 2611
f 2611 850 2612
f 850 849 2612
f 2612 849 2613
f 849 848 2613
f 2613 848 2614
f 848 847 2614
f 2614 847 2615
f 847 855 2615
f 2615 855 2616
f 855 854 2616
f 2616 854 2617
f 854 853 2617
f 2617 853 2618
f 853 846 2618
f 2618 846 2619
f 846 870 2619
f 2619 870 2620
f 870 869 2620
f 2620 869 2621
f 869 868 2621
f 2621 868 2622
f 868 867 2622
f 2622 867 2623
f 867 865 2623
f 2623 865 2624
f 865 864 2624
f 2624 864 2625
f 864 862 2625
f 2625 862 2626
f 862 861 2626
f 2626 861 2627
f 861 860 2627
f 2627 860 2628
f 860 873 2628
f 2628 873 2629
f 873 872 2629
f 2629 872 2630
f 872 871 2630
f 2630 871 2631
f 871 843 2631
f 2631 843 2632
f 843 842 2632
f 2632 842 2633
f 842 841 2633
f 2633 841 2634
f 841 840 2634
f 2634 840 2635
f 840 839 2635
f 2635 839 2636
f 839 838 2636
f 2636 838 2637
f 838 837 2637
f 2637 837 2638
f 837 836 2638
f 2638 836 2567
f 836 835 2567
f 2637 2638 2639
f 2638 2567 2639
f 2639 2567 2568
f 2634 2635 2639
f 2635 2636 2639
f 2639 2636 2637
f 2631 2632 2639
f 2632 2633 2639
f 2639 2633 2634
f 2628 2629 2639
f 2629 2630 2639
f 2639 2630 2631
f 2625 2626 2639
f 2626 2627 2639
f 2639 2627 2628
f 2622 2623 2639
f 2623 2624 2639
f 2639 2624 2625
f 2619 2620 2639
f 2620 2621 2639
f 2639 2621 2622
f 2616 2617 2639
f 2617 2618 2639
f 2639 2618 2619
f 2613 2614 2639
f 2614 2615 2639
f 2639 2615 2616
f 2610 2611 2639
f 2611 2612 2639
f 2639 2612 2613
f 2607 2608 2639
f 2608 2609 2639
f 2639 2609 2610
f 2604 2605 2639
f 2605 2606 2639
f 2639 2606 2607
f 2601 2602 2639
f 2602 2603 2639
f 2639 2603 2604
f 2598 2599 2639
f 2599 2600 2639
f 2639 2600 2601
f 2595 2596 2639
f 2596 2597 2639
f 2639 2597 2598
f 2592 2593 2639
f 2593 2594 2639
f 2639 2594 2595
f 2589 2590 2639
f 2590 2591 2639
f 2639 2591 2592
f 2586 2587 2639
f 2587 2588 2639
f 2639 2588 2589
f 2583 2584 2639
f 2584 2585 2639
f 2639 2585 2586
f 2580 2581 2639
f 2581 2582 2639
f 2639 2582 2583
f 2577 2578 2639
f 2578 2579 2639
f 2639 2579 2580
f 2574 2575 2639
f 2575 2576 2639
f 2639 2576 2577
f 2571 2572 2639
f 2572 2573 2639
f 2639 2573 2574
f 2568 2569 2639
f 2569 2570 2639
f 2639 2570 2571
f 2640 296 2641
f 296 295 2641
f 2641 295 2642
f 295 432 2642
f 2642 432 2643
f 432 431 2643
f 2643 431 2644
f 431 430 2644
f 2644 430 2645
f 430 429 2645
f 2645 429 2646
f 429 428 2646
f 2646 428 2647
f 428 427 2647
f 2647 427 2648
f 427 422 2648
f 2648 422 2649
f 422 421 2649
f 2649 421 2650
f 421 420 2650
f 2650 420 2651
f 420 397 2651
f 2651 397 2652
f 397 396 2652
f 2652 396 2653
f 396 410 2653
f 2653 410 2654
f 410 416 2654
f 2654 416 2655
f 416 415 2655
f 2655 415 2656
f 415 414 2656
f 2656 414 2657
f 414 409 2657
f 2657 409 2658
f 409 408 2658
f 2658 408 2659
f 408 407 2659
f 2659 407 2660
f 407 406 2660
f 2660 406 2661
f 406 419 2661
f 2661 419 2662
f 419 418 2662
f 2662 418 2663
f 418 417 2663
f 2663 417 2664
f 417 405 2664
f 2664 405 2665
f 405 404 2665
f 2665 404 2666
f 404 403 2666
f 2666 403 2667
f 403 426 2667
f 2667 426 2668
f 426 425 2668
f 2668 425 2669
f 425 424 2669
f 2669 424 2670
f 424 423 2670
f 2670 423 2671
f 423 440 2671
f 2671 440 2672
f 440 441 2672
f 2672 441 2673
f 441 444 2673
f 2673 444 2674
f 444 443 2674
f 2674 443 2675
f 443 442 2675
f 2675 442 2676
f 442 439 2676
f 2676 439 2677
f 439 438 2677
f 2677 438 2678
f 438 437 2678
f 2678 437 2679
f 437 436 2679
f 2679 436 2680
f 436 435 2680
f 2680 435 2681
f 435 434 2681
f 2681 434 2682
f 434 433 2682
f 2682 433 2683
f 433 413 2683
f 2683 413 2684
f 413 412 2684
f 2684 412 2685
f 412 411 2685
f 2685 411 2686
f 411 395 2686
f 2686 395 2687
f 395 394 2687
f 2687 394 2688
f 394 402 2688
f 2688 402 2689
f 402 401 2689
f 2689 401 2690
f 401 375 2690
f 2690 375 2691
f 375 374 2691
f 2691 374 2692
f 374 382 2692
f 2692 382 2693
f 382 393 2693
f 2693 393 2694
f 393 392 2694
f 2694 392 2695
f 392 391 2695
f 2695 391 2696
f 391 390 2696
f 2696 390 2697
f 390 389 2697
f 2697 389 2698
f 389 388 2698
f 2698 388 2699
f 388 381 2699
f 2699 381 2700
f 381 380 2700
f 2700 380 2701
f 380 387 2701
f 2701 387 2702
f 387 386 2702
f 2702 386 2703
f 386 385 2703
f 2703 385 2704
f 385 384 2704
f 2704 384 2705
f 384 383 2705
f 2705 383 2706
f 383 379 2706
f 2706 379 2707
f 379 377 2707
f 2707 377 2708
f 377 376 2708
f 2708 376 2709
f 376 400 2709
f 2709 400 2710
f 400 399 2710
f 2710 399 2711
f 399 398 2711
f 2711 398 2640
f 398 296 2640
f 2712 2713 2714
f 2713 2715 2714
f 2714 2715 2716
f 2717 2718 2714
f 2718 2719 2714
f 2714 2719 2712
f 2720 2721 2714
f 2721 2722 2714
f 2714 2722 2717
f 2723 2724 2714
f 2724 2725 2714
f 2714 2725 2720
f 2726 2727 2714
f 2727 2728 2714
f 2714 2728 2723
f 2729 2730 2714
f 2730 2731 2714
f 2714 2731 2726
f 2732 2733 2714
f 2733 2734 2714
f 2714 2734 2729
f 2735 2736 2714
f 2736 2737 2714
f 2714 2737 2732
f 2738 2739 2714
f 2739 2740 2714
f 2714 2740 2735
f 2741 2742 2714
f 2742 2743 2714
f 2714 2743 2738
f 2744 2745 2714
f 2745 2746 2714
f 2714 2746 2741
f 2747 2748 2714
f 2748 2749 2714
f 2714 2749 2744
f 2750 2751 2714
f 2751 2752 2714
f 2714 2752 2747
f 2753 2754 2714
f 2754 2755 2714
f 2714 2755 2750
f 2756 2757 2714
f 2757 2758 2714
f 2714 2758 2753
f 2759 2760 2714
f 2760 2761 2714
f 2714 2761 2756
f 2762 2763 2714
f 2763 2764 2714
f 2714 2764 2759
f 2765 2766 2714
f 2766 2767 2714
f 2714 2767 2762
f 2768 2769 2714
f 2769 2770 2714
f 2714 2770 2765
f 2771 2772 2714
f 2772 2773 2714
f 2714 2773 2768
f 2774 2775 2714
f 2775 2776 2714
f 2714 2776 2771
f 2777 2778 2714
f 2778 2779 2714
f 2714 2779 2774
f 2780 2781 2714
f 2781 2782 2714
f 2714 2782 2777
f 2716 2783 2714
f 2783 2784 2714
f 2714 2784 2780
f 2785 2786 2787
f 2786 2788 2787
f 2787 2788 2789
f 2788 2790 2789
f 2789 2790 2791
f 2790 2792 2791
f 2791 2792 2793
f 2792 2794 2793
f 2793 2794 2795
f 2794 2796 2795
f 2795 2796 2797
f 2796 2798 2797
f 2797 2798 2799
f 2798 2800 2799
f 2799 2800 2801
f 2800 2802 2801
f 2801 2802 2803
f 2802 2804 2803
f 2803 2804 2805
f 2804 2806 2805
f 2805 2806 2807
f 2806 2808 2807
f 2807 2808 2809
f 2808 2810 2809
f 2809 2810 2811
f 2810 2812 2811
f 2811 2812 2813
f 2812 2814 2813
f 2813 2814 2815
f 2814 2816 2815
f 2815 2816 2817
f 2816 2818 2817
f 2817 2818 2819
f 2818 2820 2819
f 2819 2820 2821
f 2820 2822 2821
f 2821 2822 2823
f 2822 2824 2823
f 2823 2824 2825
f 2824 2826 2825
f 2825 2826 2827
f 2826 2828 2827
f 2827 2828 2829
f 2828 2830 2829
f 2829 2830 2831
f 2830 2832 2831
f 2831 2832 2833
f 2832 2834 2833
f 2833 2834 2835
f 2834 2836 2835
f 2835 2836 2837
f 2836 2838 2837
f 2837 2838 2839
f 2838 2840 2839
f 2839 2840 2841
f 2840 2842 2841
f 2841 2842 2843
f 2842 2844 2843
f 2843 2844 2845
f 2844 2846 2845
f 2845 2846 2847
f 2846 2848 2847
f 2847 2848 2849
f 2848 2850 2849
f 2849 2850 2851
f 2850 2852 2851
f 2851 2852 2853
f 2852 2854 2853
f 2853 2854 2855
f 2854 2856 2855
f 2855 2856 2857
f 2856 2858 2857
f 2857 2858 2859
f 2858 2860 2859
f 2859 2860 2861
f 2860 2862 2861
f 2861 2862 2863
f 2862 2864 2863
f 2863 2864 2865
f 2864 2866 2865
f 2865 2866 2867
f 2866 2868 2867
f 2867 2868 2869
f 2868 2870 2869
f 2869 2870 2871
f 2870 2872 2871
f 2871 2872 2873
f 2872 2874 2873
f 2873 2874 2875
f 2874 2876 2875
f 2875 2876 2877
f 2876 2878 2877
f 2877 2878 2879
f 2878 2880 2879
f 2879 2880 2881
f 2880 2882 2881
f 2881 2882 2883
f 2882 2884 2883
f 2883 2884 2885
f 2884 2886 2885
f 2885 2886 2887
f 2886 2888 2887
f 2887 2888 2889
f 2888 2890 2889
f 2889 2890 2891
f 2890 2892 2891
f 2891 2892 2893
f 2892 2894 2893
f 2893 2894 2895
f 2894 2896 2895
f 2895 2896 2897
f 2896 2898 2897
f 2897 2898 2899
f 2898 2900 2899
f 2899 2900 2901
f 2900 2902 2901
f 2901 2902 2903
f 2902 2904 2903
f 2903 2904 2905
f 2904 2906 2905
f 2905 2906 2907
f 2906 2908 2907
f 2907 2908 2909
f 2908 2910 2909
f 2909 2910 2911
f 2910 2912 2911
f 2911 2912 2913
f 2912 2914 2913
f 2913 2914 2915
f 2914 2916 2915
f 2915 2916 2917
f 2916 2918 2917
f 2917 2918 2919
f 2918 2920 2919
f 2919 2920 2921
f 2920 2922 2921
f 2921 2922 2923
f 2922 2924 2923
f 2923 2924 2925
f 2924 2926 2925
f 2925 2926 2927
f 2926 2928 2927
f 2927 2928 2785
f 2928 2786 2785
f 2862 2860 2929
f 2860 2858 2929
f 2929 2858 2856
f 2868 2866 2929
f 2866 2864 2929
f 2929 2864 2862
f 2874 2872 2929
f 2872 2870 2929
f 2929 2870 2868
f 2880 2878 2929
f 2878 2876 2929
f 2929 2876 2874
f 2886 2884 2929
f 2884 2882 2929
f 2929 2882 2880
f 2892 2890 2929
f 2890 2888 2929
f 2929 2888 2886
f 2898 2896 2929
f 2896 2894 2929
f 2929 2894 2892
f 2904 2902 2929
f 2902 2900 2929
f 2929 2900 2898
f 2910 2908 2929
f 2908 2906 2929
f 2929 2906 2904
f 2916 2914 2929
f 2914 2912 2929
f 2929 2912 2910
f 2922 2920 2929
f 2920 2918 2929
f 2929 2918 2916
f 2928 2926 2929
f 2926 2924 2929
f 2929 2924 2922
f 2790 2788 2929
f 2788 2786 2929
f 2929 2786 2928
f 2796 2794 2929
f 2794 2792 2929
f 2929 2792 2790
f 2802 2800 2929
f 2800 2798 2929
f 2929 2798 2796
f 2808 2806 2929
f 2806 2804 2929
f 2929 2804 2802
f 2814 2812 2929
f 2812 2810 2929
f 2929 2810 2808
f 2820 2818 2929
f 2818 2816 2929
f 2929 2816 2814
f 2826 2824 2929
f 2824 2822 2929
f 2929 2822 2820
f 2832 2830 2929
f 2830 2828 2929
f 2929 2828 2826
f 2838 2836 2929
f 2836 2834 2929
f 2929 2834 2832
f 2844 2842 2929
f 2842 2840 2929
f 2929 2840 2838
f 2850 2848 2929
f 2848 2846 2929
f 2929 2846 2844
f 2856 2854 2929
f 2854 2852 2929
f 2929 2852 2850
f 2930 2931 2932
f 2931 2933 2932
f 2932 2933 2934
f 2933 2935 2934
f 2934 2935 2936
f 2935 2937 2936
f 2936 2937 2938
f 2937 2939 2938
f 2938 2939 2940
f 2939 2941 2940
f 2940 2941 2942
f 2941 2943 2942
f 2942 2943 2944
f 2943 2945 2944
f 2944 2945 2946
f 2945 2947 2946
f 2946 2947 2948
f 2947 2949 2948
f 2948 2949 2950
f 2949 2951 2950
f 2950 2951 2952
f 2951 2953 2952
f 2952 2953 2954
f 2953 2955 2954
f 2954 2955 2956
f 2955 2957 2956
f 2956 2957 2958
f 2957 2959 2958
f 2958 2959 2960
f 2959 2961 2960
f 2960 2961 2962
f 2961 2963 2962
f 2962 2963 2964
f 2963 2965 2964
f 2964 2965 2966
f 2965 2967 2966
f 2966 2967 2968
f 2967 2969 2968
f 2968 2969 2970
f 2969 2971 2970
f 2970 2971 2972
f 2971 2973 2972
f 2972 2973 2974
f 2973 2975 2974
f 2974 2975 2976
f 2975 2977 2976
f 2976 2977 2978
f 2977 2979 2978
f 2978 2979 2980
f 2979 2981 2980
f 2980 2981 2982
f 2981 2983 2982
f 2982 2983 2984
f 2983 2985 2984
f 2984 2985 2986
f 2985 2987 2986
f 2986 2987 2988
f 2987 2989 2988
f 2988 2989 2990
f 2989 2991 2990
f 2990 2991 2992
f 2991 2993 2992
f 2992 2993 2994
f 2993 2995 2994
f 2994 2995 2996
f 2995 2997 2996
f 2996 2997 2998
f 2997 2999 2998
f 2998 2999 3000
f 2999 3001 3000
f 3000 3001 3002
f 3001 3003 3002
f 3002 3003 3004
f 3003 3005 3004
f 3004 3005 3006
f 3005 3007 3006
f 3006 3007 3008
f 3007 3009 3008
f 3008 3009 3010
f 3009 3011 3010
f 3010 3011 3012
f 3011 3013 3012
f 3012 3013 3014
f 3013 3015 3014
f 3014 3015 3016
f 3015 3017 3016
f 3016 3017 3018
f 3017 3019 3018
f 3018 3019 3020
f 3019 3021 3020
f 3020 3021 3022
f 3021 3023 3022
f 3022 3023 3024
f 3023 3025 3024
f 3024 3025 3026
f 3025 3027 3026
f 3026 3027 3028
f 3027 3029 3028
f 3028 3029 3030
f 3029 3031 3030
f 3030 3031 3032
f 3031 3033 3032
f 3032 3033 3034
f 3033 3035 3034
f 3034 3035 3036
f 3035 3037 3036
f 3036 3037 3038
f 3037 3039 3038
f 3038 3039 3040
f 3039 3041 3040
f 3040 3041 3042
f 3041 3043 3042
f 3042 3043 3044
f 3043 3045 3044
f 3044 3045 3046
f 3045 3047 3046
f 3046 3047 3048
f 3047 3049 3048
f 3048 3049 3050
f 3049 3051 3050
f 3050 3051 3052
f 3051 3053 3052
f 3052 3053 3054
f 3053 3055 3054
f 3054 3055 3056
f 3055 3057 3056
f 3056 3057 3058
f 3057 3059 3058
f 3058 3059 3060
f 3059 3061 3060
f 3060 3061 3062
f 3061 3063 3062
f 3062 3063 3064
f 3063 3065 3064
f 3064 3065 3066
f 3065 3067 3066
f 3066 3067 3068
f 3067 3069 3068
f 3068 3069 3070
f 3069 3071 3070
f 3070 3071 3072
f 3071 3073 3072
f 3072 3073 2930
f 3073 2931 2930
f 3007 3005 3074
f 3005 3003 3074
f 3074 3003 3001
f 3013 3011 3074
f 3011 3009 3074
f 3074 3009 3007
f 3019 3017 3074
f 3017 3015 3074
f 3074 3015 3013
f 3025 3023 3074
f 3023 3021 3074
f 3074 3021 3019
f 3031 3029 3074
f 3029 3027 3074
f 3074 3027 3025
f 3037 3035 3074
f 3035 3033 3074
f 3074 3033 3031
f 3043 3041 3074
f 3041 3039 3074
f 3074 3039 3037
f 3049 3047 3074
f 3047 3045 3074
f 3074 3045 3043
f 3055 3053 3074
f 3053 3051 3074
f 3074 3051 3049
f 3061 3059 3074
f 3059 3057 3074
f 3074 3057 3055
f 3067 3065 3074
f 3065 3063 3074
f 3074 3063 3061
f 3073 3071 3074
f 3071 3069 3074
f 3074 3069 3067
f 2935 2933 3074
f 2933 2931 3074
f 3074 2931 3073
f 2941 2939 3074
f 2939 2937 3074
f 3074 2937 2935
f 2947 2945 3074
f 2945 2943 3074
f 3074 2943 2941
f 2953 2951 3074
f 2951 2949 3074
f 3074 2949 2947
f 2959 2957 3074
f 2957 2955 3074
f 3074 2955 2953
f 2965 2963 3074
f 2963 2961 3074
f 3074 2961 2959
f 2971 2969 3074
f 2969 2967 3074
f 3074 2967 2965
f 2977 2975 3074
f 2975 2973 3074
f 3074 2973 2971
f 2983 2981 3074
f 2981 2979 3074
f 3074 2979 2977
f 2989 2987 3074
f 2987 2985 3074
f 3074 2985 2983
f 2995 2993 3074
f 2993 2991 3074
f 3074 2991 2989
f 3001 2999 3074
f 2999 2997 3074
f 3074 2997 2995
f 3075 3076 3077
f 3076 3078 3077
f 3077 3078 3079
f 3078 3080 3079
f 3079 3080 3081
f 3080 3082 3081
f 3081 3082 3083
f 3082 3084 3083
f 3083 3084 3085
f 3084 3086 3085
f 3085 3086 3087
f 3086 3088 3087
f 3087 3088 3089
f 3088 3090 3089
f 3089 3090 3091
f 3090 3092 3091
f 3091 3092 3093
f 3092 3094 3093
f 3093 3094 3095
f 3094 3096 3095
f 3095 3096 3097
f 3096 3098 3097
f 3097 3098 3099
f 3098 3100 3099
f 3099 3100 3101
f 3100 3102 3101
f 3101 3102 3103
f 3102 3104 3103
f 3103 3104 3105
f 3104 3106 3105
f 3105 3106 3107
f 3106 3108 3107
f 3107 3108 3109
f 3108 3110 3109
f 3109 3110 3111
f 3110 3112 3111
f 3111 3112 3113
f 3112 3114 3113
f 3113 3114 3115
f 3114 3116 3115
f 3115 3116 3117
f 3116 3118 3117
f 3117 3118 3119
f 3118 3120 3119
f 3119 3120 3121
f 3120 3122 3121
f 3121 3122 3123
f 3122 3124 3123
f 3123 3124 3125
f 3124 3126 3125
f 3125 3126 3127
f 3126 3128 3127
f 3127 3128 3129
f 3128 3130 3129
f 3129 3130 3131
f 3130 3132 3131
f 3131 3132 3133
f 3132 3134 3133
f 3133 3134 3135
f 3134 3136 3135
f 3135 3136 3137
f 3136 3138 3137
f 3137 3138 3139
f 3138 3140 3139
f 3139 3140 3141
f 3140 3142 3141
f 3141 3142 3143
f 3142 3144 3143
f 3143 3144 3145
f 3144 3146 3145
f 3145 3146 3147
f 3146 3148 3147
f 3147 3148 3149
f 3148 3150 3149
f 3149 3150 3151
f 3150 3152 3151
f 3151 3152 3153
f 3152 3154 3153
f 3153 3154 3155
f 3154 3156 3155
f 3155 3156 3157
f 3156 3158 3157
f 3157 3158 3159
f 3158 3160 3159
f 3159 3160 3161
f 3160 3162 3161
f 3161 3162 3163
f 3162 3164 3163
f 3163 3164 3165
f 3164 3166 3165
f 3165 3166 3167
f 3166 3168 3167
f 3167 3168 3169
f 3168 3170 3169
f 3169 3170 3171
f 3170 3172 3171
f 3171 3172 3173
f 3172 3174 3173
f 3173 3174 3175
f 3174 3176 3175
f 3175 3176 3177
f 3176 3178 3177
f 3177 3178 3179
f 3178 3180 3179
f 3179 3180 3181
f 3180 3182 3181
f 3181 3182 3183
f 3182 3184 3183
f 3183 3184 3185
f 3184 3186 3185
f 3185 3186 3187
f 3186 3188 3187
f 3187 3188 3189
f 3188 3190 3189
f 3189 3190 3191
f 3190 3192 3191
f 3191 3192 3193
f 3192 3194 3193
f 3193 3194 3195
f 3194 3196 3195
f 3195 3196 3197
f 3196 3198 3197
f 3197 3198 3199
f 3198 3200 3199
f 3199 3200 3201
f 3200 3202 3201
f 3201 3202 3203
f 3202 3204 3203
f 3203 3204 3205
f 3204 3206 3205
f 3205 3206 3207
f 3206 3208 3207
f 3207 3208 3209
f 3208 3210 3209
f 3209 3210 3211
f 3210 3212 3211
f 3211 3212 3213
f 3212 3214 3213
f 3213 3214 3215
f 3214 3216 3215
f 3215 3216 3217
f 3216 3218 3217
f 3217 3218 3075
f 3218 3076 3075
f 3152 3150 3219
f 3150 3148 3219
f 3219 3148 3146
f 3158 3156 3219
f 3156 3154 3219
f 3219 3154 3152
f 3164 3162 3219
f 3162 3160 3219
f 3219 3160 3158
f 3170 3168 3219
f 3168 3166 3219
f 3219 3166 3164
f 3176 3174 3219
f 3174 3172 3219
f 3219 3172 3170
f 3182 3180 3219
f 3180 3178 3219
f 3219 3178 3176
f 3188 3186 3219
f 3186 3184 3219
f 3219 3184 3182
f 3194 3192 3219
f 3192 3190 3219
f 3219 3190 3188
f 3200 3198 3219
f 3198 3196 3219
f 3219 3196 3194
f 3206 3204 3219
f 3204 3202 3219
f 3219 3202 3200
f 3212 3210 3219
f 3210 3208 3219
f 3219 3208 3206
f 3218 3216 3219
f 3216 3214 3219
f 3219 3214 3212
f 3080 3078 3219
f 3078 3076 3219
f 3219 3076 3218
f 3086 3084 3219
f 3084 3082 3219
f 3219 3082 3080
f 3092 3090 3219
f 3090 3088 3219
f 3219 3088 3086
f 3098 3096 3219
f 3096 3094 3219
f 3219 3094 3092
f 3104 3102 3219
f 3102 3100 3219
f 3219 3100 3098
f 3110 3108 3219
f 3108 3106 3219
f 3219 3106 3104
f 3116 3114 3219
f 3114 3112 3219
f 3219 3112 3110
f 3122 3120 3219
f 3120 3118 3219
f 3219 3118 3116
f 3128 3126 3219
f 3126 3124 3219
f 3219 3124 3122
f 3134 3132 3219
f 3132 3130 3219
f 3219 3130 3128
f 3140 3138 3219
f 3138 3136 3219
f 3219 3136 3134
f 3146 3144 3219
f 3144 3142 3219
f 3219 3142 3140
f 3220 3221 3222
f 3221 3223 3222
f 3222 3223 3224
f 3223 3225 3224
f 3224 3225 3226
f 3225 3227 3226
f 3226 3227 3228
f 3227 3229 3228
f 3228 3229 3230
f 3229 3231 3230
f 3230 3231 3232
f 3231 3233 3232
f 3232 3233 3234
f 3233 3235 3234
f 3234 3235 3236
f 3235 3237 3236
f 3236 3237 3238
f 3237 3239 3238
f 3238 3239 3240
f 3239 3241 3240
f 3240 3241 3242
f 3241 3243 3242
f 3242 3243 3244
f 3243 3245 3244
f 3244 3245 3246
f 3245 3247 3246
f 3246 3247 3248
f 3247 3249 3248
f 3248 3249 3250
f 3249 3251 3250
f 3250 3251 3252
f 3251 3253 3252
f 3252 3253 3254
f 3253 3255 3254
f 3254 3255 3256
f 3255 3257 3256
f 3256 3257 3258
f 3257 3259 3258
f 3258 3259 3260
f 3259 3261 3260
f 3260 3261 3262
f 3261 3263 3262
f 3262 3263 3264
f 3263 3265 3264
f 3264 3265 3266
f 3265 3267 3266
f 3266 3267 3268
f 3267 3269 3268
f 3268 3269 3270
f 3269 3271 3270
f 3270 3271 3272
f 3271 3273 3272
f 3272 3273 3274
f 3273 3275 3274
f 3274 3275 3276
f 3275 3277 3276
f 3276 3277 3278
f 3277 3279 3278
f 3278 3279 3280
f 3279 3281 3280
f 3280 3281 3282
f 3281 3283 3282
f 3282 3283 3284
f 3283 3285 3284
f 3284 3285 3286
f 3285 3287 3286
f 3286 3287 3288
f 3287 3289 3288
f 3288 3289 3290
f 3289 3291 3290
f 3290 3291 3292
f 3291 3293 3292
f 3292 3293 3294
f 3293 3295 3294
f 3294 3295 3296
f 3295 3297 3296
f 3296 3297 3298
f 3297 3299 3298
f 3298 3299 3300
f 3299 3301 3300
f 3300 3301 3302
f 3301 3303 3302
f 3302 3303 3304
f 3303 3305 3304
f 3304 3305 3306
f 3305 3307 3306
f 3306 3307 3308
f 3307 3309 3308
f 3308 3309 3310
f 3309 3311 3310
f 3310 3311 3312
f 3311 3313 3312
f 3312 3313 3314
f 3313 3315 3314
f 3314 3315 3316
f 3315 3317 3316
f 3316 3317 3318
f 3317 3319 3318
f 3318 3319 3320
f 3319 3321 3320
f 3320 3321 3322
f 3321 3323 3322
f 3322 3323 3324
f 3323 3325 3324
f 3324 3325 3326
f 3325 3327 3326
f 3326 3327 3328
f 3327 3329 3328
f 3328 3329 3330
f 3329 3331 3330
f 3330 3331 3332
f 3331 3333 3332
f 3332 3333 3334
f 3333 3335 3334
f 3334 3335 3336
f 3335 3337 3336
f 3336 3337 3338
f 3337 3339 3338
f 3338 3339 3340
f 3339 3341 3340
f 3340 3341 3342
f 3341 3343 3342
f 3342 3343 3344
f 3343 3345 3344
f 3344 3345 3346
f 3345 3347 3346
f 3346 3347 3348
f 3347 3349 3348
f 3348 3349 3350
f 3349 3351 3350
f 3350 3351 3352
f 3351 3353 3352
f 3352 3353 3354
f 3353 3355 3354
f 3354 3355 3356
f 3355 3357 3356
f 3356 3357 3358
f 3357 3359 3358
f 3358 3359 3360
f 3359 3361 3360
f 3360 3361 3362
f 3361 3363 3362
f 3362 3363 3220
f 3363 3221 3220
f 3297 3295 3364
f 3295 3293 3364
f 3364 3293 3291
f 3303 3301 3364
f 3301 3299 3364
f 3364 3299 3297
f 3309 3307 3364
f 3307 3305 3364
f 3364 3305 3303
f 3315 3313 3364
f 3313 3311 3364
f 3364 3311 3309
f 3321 3319 3364
f 3319 3317 3364
f 3364 3317 3315
f 3327 3325 3364
f 3325 3323 3364
f 3364 3323 3321
f 3333 3331 3364
f 3331 3329 3364
f 3364 3329 3327
f 3339 3337 3364
f 3337 3335 3364
f 3364 3335 3333
f 3345 3343 3364
f 3343 3341 3364
f 3364 3341 3339
f 3351 3349 3364
f 3349 3347 3364
f 3364 3347 3345
f 3357 3355 3364
f 3355 3353 3364
f 3364 3353 3351
f 3363 3361 3364
f 3361 3359 3364
f 3364 3359 3357
f 3225 3223 3364
f 3223 3221 3364
f 3364 3221 3363
f 3231 3229 3364
f 3229 3227 3364
f 3364 3227 3225
f 3237 3235 3364
f 3235 3233 3364
f 3364 3233 3231
f 3243 3241 3364
f 3241 3239 3364
f 3364 3239 3237
f 3249 3247 3364
f 3247 3245 3364
f 3364 3245 3243
f 3255 3253 3364
f 3253 3251 3364
f 3364 3251 3249
f 3261 3259 3364
f 3259 3257 3364
f 3364 3257 3255
f 3267 3265 3364
f 3265 3263 3364
f 3364 3263 3261
f 3273 3271 3364
f 3271 3269 3364
f 3364 3269 3267
f 3279 3277 3364
f 3277 3275 3364
f 3364 3275 3273
f 3285 3283 3364
f 3283 3281 3364
f 3364 3281 3279
f 3291 3289 3364
f 3289 3287 3364
f 3364 3287 3285
f 3365 3366 3367
f 3365 3367 3368
f 3367 3369 3368
f 3368 3369 3370
f 3369 3371 3370
f 3370 3371 3372
f 3371 3373 3372
f 3372 3373 3374
f 3373 3375 3374
f 3374 3375 3376
f 3375 3377 3376
f 3376 3377 3378
f 3377 3379 3378
f 3378 3379 3380
f 3379 3381 3380
f 3380 3381 3382
f 3381 3383 3382
f 3382 3383 3384
f 3383 3385 3384
f 3384 3385 3386
f 3387 3388 3389
f 3388 3390 3389
f 3389 3390 3391
f 3390 3392 3391
f 3391 3392 3393
f 3392 3394 3393
f 3393 3394 3395
f 3394 3396 3395
f 3395 3396 3397
f 3396 3398 3397
f 3397 3398 3399
f 3398 3400 3399
f 3399 3400 3401
f 3400 3402 3401
f 3401 3402 3403
f 3402 3404 3403
f 3403 3404 3405
f 3404 3406 3405
f 3405 3406 3407
f 3406 3408 3407
f 3407 3408 3409
f 3408 3410 3409
f 3409 3410 3411
f 3410 3412 3411
f 3411 3412 3413
f 3412 3414 3413
f 3413 3414 3415
f 3414 3416 3415
f 3415 3416 3417
f 3416 3418 3417
f 3417 3418 3419
f 3418 3420 3419
f 3419 3420 3421
f 3420 3422 3421
f 3421 3422 3423
f 3422 3424 3423
f 3423 3424 3425
f 3424 3426 3425
f 3425 3426 3427
f 3426 3428 3427
f 3427 3428 3429
f 3428 3430 3429
f 3429 3430 3431
f 3430 3432 3431
f 3431 3432 3433
f 3432 3434 3433
f 3433 3434 3435
f 3434 3436 3435
f 3435 3436 3437
f 3436 3438 3437
f 3437 3438 3439
f 3438 3440 3439
f 3439 3440 3441
f 3440 3442 3441
f 3441 3442 3443
f 3442 3444 3443
f 3443 3444 3445
f 3444 3446 3445
f 3445 3446 3447
f 3446 3448 3447
f 3447 3448 3449
f 3448 3450 3449
f 3449 3450 3451
f 3450 3452 3451
f 3451 3452 3453
f 3452 3454 3453
f 3453 3454 3455
f 3454 3456 3455
f 3455 3456 3457
f 3456 3458 3457
f 3457 3458 3459
f 3458 3460 3459
f 3459 3460 3461
f 3460 3462 3461
f 3461 3462 3463
f 3462 3464 3463
f 3463 3464 3465
f 3464 3466 3465
f 3465 3466 3467
f 3466 3468 3467
f 3467 3468 3469
f 3468 3470 3469
f 3469 3470 3471
f 3470 3472 3471
f 3471 3472 3473
f 3472 3474 3473
f 3473 3474 3475
f 3474 3476 3475
f 3475 3476 3477
f 3476 3478 3477
f 3477 3478 3479
f 3478 3480 3479
f 3479 3480 3481
f 3480 3482 3481
f 3481 3482 3483
f 3482 3484 3483
f 3483 3484 3485
f 3484 3486 3485
f 3485 3486 3487
f 3486 3488 3487
f 3487 3488 3489
f 3488 3490 3489
f 3489 3490 3491
f 3490 3492 3491
f 3491 3492 3493
f 3492 3494 3493
f 3493 3494 3495
f 3494 3496 3495
f 3495 3496 3497
f 3496 3498 3497
f 3497 3498 3499
f 3498 3500 3499
f 3499 3500 3501
f 3500 3502 3501
f 3501 3502 3503
f 3502 3504 3503
f 3503 3504 3505
f 3504 3506 3505
f 3505 3506 3507
f 3506 3508 3507
f 3507 3508 3509
f 3508 3510 3509
f 3509 3510 3511
f 3510 3512 3511
f 3394 3392 3462
f 3392 3390 3462
f 3390 3388 3462
f 3388 3387 3462
f 3462 3387 3512
f 3512 3510 3462
f 3510 3508 3462
f 3462 3508 3506
f 3506 3504 3462
f 3504 3502 3462
f 3462 3502 3464
f 3420 3418 3462
f 3418 3416 3462
f 3400 3462 3402
f 3462 3404 3402
f 3432 3430 3462
f 3430 3428 3462
f 3462 3428 3426
f 3426 3424 3462
f 3424 3422 3462
f 3462 3422 3420
f 3410 3408 3462
f 3408 3406 3462
f 3462 3406 3404
f 3498 3496 3466
f 3496 3494 3466
f 3494 3492 3466
f 3492 3490 3466
f 3466 3490 3488
f 3460 3436 3462
f 3436 3434 3462
f 3462 3434 3432
f 3416 3414 3462
f 3414 3412 3462
f 3462 3412 3410
f 3400 3398 3462
f 3398 3396 3462
f 3462 3396 3394
f 3464 3502 3466
f 3502 3500 3466
f 3466 3500 3498
f 3472 3488 3486
f 3472 3470 3488
f 3470 3468 3488
f 3488 3468 3466
f 3460 3458 3436
f 3458 3456 3436
f 3436 3456 3454
f 3454 3452 3436
f 3452 3450 3436
f 3436 3450 3448
f 3486 3484 3472
f 3484 3482 3472
f 3472 3482 3480
f 3480 3478 3472
f 3478 3476 3472
f 3472 3476 3474
f 3448 3446 3436
f 3446 3444 3436
f 3436 3444 3438
f 3444 3442 3438
f 3438 3442 3440
f 3513 3389 3391
f 3513 3391 3514
f 3391 3393 3514
f 3514 3393 3515
f 3393 3395 3515
f 3515 3395 3516
f 3395 3397 3516
f 3516 3397 3517
f 3397 3399 3517
f 3517 3399 3518
f 3399 3401 3518
f 3518 3401 3519
f 3401 3403 3519
f 3519 3403 3520
f 3403 3405 3520
f 3520 3405 3521
f 3405 3407 3521
f 3521 3407 3522
f 3407 3409 3522
f 3522 3409 3523
f 3409 3411 3523
f 3523 3411 3524
f 3411 3413 3524
f 3524 3413 3525
f 3413 3415 3525
f 3525 3415 3526
f 3415 3417 3526
f 3526 3417 3527
f 3417 3419 3527
f 3527 3419 3528
f 3419 3421 3528
f 3528 3421 3529
f 3421 3423 3529
f 3529 3423 3530
f 3423 3425 3530
f 3530 3425 3531
f 3425 3427 3531
f 3531 3427 3532
f 3427 3429 3532
f 3532 3429 3533
f 3429 3431 3533
f 3533 3431 3534
f 3431 3433 3534
f 3534 3433 3535
f 3433 3435 3535
f 3535 3435 3536
f 3435 3437 3536
f 3536 3437 3537
f 3437 3439 3537
f 3537 3439 3538
f 3439 3441 3538
f 3538 3441 3539
f 3441 3443 3539
f 3539 3443 3540
f 3443 3445 3540
f 3540 3445 3541
f 3445 3447 3541
f 3541 3447 3542
f 3447 3449 3542
f 3542 3449 3543
f 3449 3451 3543
f 3543 3451 3544
f 3544 3451 3545
f 3451 3453 3545
f 3545 3453 3546
f 3453 3455 3546
f 3546 3455 3547
f 3455 3457 3547
f 3547 3457 3548
f 3457 3459 3548
f 3548 3459 3549
f 3459 3461 3549
f 3549 3461 3550
f 3461 3463 3550
f 3550 3463 3551
f 3463 3465 3551
f 3551 3465 3552
f 3465 3467 3552
f 3552 3467 3553
f 3467 3469 3553
f 3553 3469 3554
f 3554 3469 3555
f 3469 3471 3555
f 3555 3471 3556
f 3471 3473 3556
f 3556 3473 3557
f 3473 3475 3557
f 3557 3475 3558
f 3475 3477 3558
f 3558 3477 3559
f 3477 3479 3559
f 3559 3479 3560
f 3479 3481 3560
f 3560 3481 3561
f 3481 3483 3561
f 3561 3483 3562
f 3483 3485 3562
f 3562 3485 3563
f 3485 3487 3563
f 3563 3487 3564
f 3564 3487 3565
f 3487 3489 3565
f 3565 3489 3566
f 3489 3491 3566
f 3566 3491 3567
f 3491 3493 3567
f 3567 3493 3568
f 3493 3495 3568
f 3568 3495 3569
f 3495 3497 3569
f 3569 3497 3570
f 3497 3499 3570
f 3570 3499 3571
f 3499 3501 3571
f 3571 3501 3572
f 3501 3503 3572
f 3572 3503 3573
f 3503 3505 3573
f 3573 3505 3574
f 3574 3505 3575
f 3505 3507 3575
f 3575 3507 3576
f 3507 3509 3576
f 3576 3509 3577
f 3509 3511 3577
f 3577 3511 3578
f 3579 3580 3581
f 3580 3582 3581
f 3581 3582 3583
f 3582 3584 3583
f 3583 3584 3585
f 3584 3586 3585
f 3585 3586 3587
f 3586 3588 3587
f 3587 3588 3589
f 3588 3590 3589
f 3589 3590 3591
f 3590 3592 3591
f 3591 3592 3593
f 3592 3594 3593
f 3580 3385 3383
f 3588 3373 3590
f 3373 3371 3590
f 3590 3371 3592
f 3371 3369 3592
f 3592 3369 3594
f 3369 3367 3594
f 3594 3367 3366
f 3580 3383 3582
f 3383 3381 3582
f 3582 3381 3584
f 3381 3379 3584
f 3584 3379 3586
f 3379 3377 3586
f 3586 3377 3588
f 3377 3375 3588
f 3588 3375 3373
f 3513 3386 3389
f 3386 3385 3389
f 3389 3385 3580
f 3579 3593 3580
f 3593 3594 3580
f 3365 3578 3366
f 3578 3511 3366
f 3366 3511 3594
f 3511 3512 3594
f 3594 3512 3580
f 3512 3387 3580
f 3580 3387 3389
f 3595 2752 3596
f 2752 2751 3596
f 3596 2751 3597
f 2751 2750 3597
f 3597 2750 3598
f 2750 2755 3598
f 3598 2755 3599
f 2755 2754 3599
f 3599 2754 3600
f 2754 2753 3600
f 3600 2753 3601
f 2753 2758 3601
f 3601 2758 3602
f 2758 2757 3602
f 3602 2757 3603
f 2757 2756 3603
f 3603 2756 3604
f 2756 2761 3604
f 3604 2761 3605
f 2761 2760 3605
f 3605 2760 3606
f 2760 2759 3606
f 3606 2759 3607
f 2759 2764 3607
f 3607 2764 3608
f 2764 2763 3608
f 3608 2763 3609
f 2763 2762 3609
f 3609 2762 3610
f 2762 2767 3610
f 3610 2767 3611
f 2767 2766 3611
f 3611 2766 3612
f 2766 2765 3612
f 3612 2765 3613
f 2765 2770 3613
f 3613 2770 3614
f 2770 2769 3614
f 3614 2769 3615
f 2769 2768 3615
f 3615 2768 3616
f 2768 2773 3616
f 3616 2773 3617
f 2773 2772 3617
f 3617 2772 3618
f 2772 2771 3618
f 3618 2771 3619
f 2771 2776 3619
f 3619 2776 3620
f 2776 2775 3620
f 3620 2775 3621
f 2775 2774 3621
f 3621 2774 3622
f 2774 2779 3622
f 3622 2779 3623
f 2779 2778 3623
f 3623 2778 3624
f 2778 2777 3624
f 3624 2777 3625
f 2777 2782 3625
f 3625 2782 3626
f 2782 2781 3626
f 3626 2781 3627
f 2781 2780 3627
f 3627 2780 3628
f 2780 2784 3628
f 3628 2784 3629
f 2784 2783 3629
f 3629 2783 3630
f 2783 2716 3630
f 3630 2716 3631
f 2716 2715 3631
f 3631 2715 3632
f 2715 2713 3632
f 3632 2713 3633
f 2713 2712 3633
f 3633 2712 3634
f 2712 2719 3634
f 3634 2719 3635
f 2719 2718 3635
f 3635 2718 3636
f 2718 2717 3636
f 3636 2717 3637
f 2717 2722 3637
f 3637 2722 3638
f 2722 2721 3638
f 3638 2721 3639
f 2721 2720 3639
f 3639 2720 3640
f 2720 2725 3640
f 3640 2725 3641
f 2725 2724 3641
f 3641 2724 3642
f 2724 2723 3642
f 3642 2723 3643
f 2723 2728 3643
f 3643 2728 3644
f 2728 2727 3644
f 3644 2727 3645
f 2727 2726 3645
f 3645 2726 3646
f 2726 2731 3646
f 3646 2731 3647
f 2731 2730 3647
f 3647 2730 3648
f 2730 2729 3648
f 3648 2729 3649
f 2729 2734 3649
f 3649 2734 3650
f 2734 2733 3650
f 3650 2733 3651
f 2733 2732 3651
f 3651 2732 3652
f 2732 2737 3652
f 3652 2737 3653
f 2737 2736 3653
f 3653 2736 3654
f 2736 2735 3654
f 3654 2735 3655
f 2735 2740 3655
f 3655 2740 3656
f 2740 2739 3656
f 3656 2739 3657
f 2739 2738 3657
f 3657 2738 3658
f 2738 2743 3658
f 3658 2743 3659
f 2743 2742 3659
f 3659 2742 3660
f 2742 2741 3660
f 3660 2741 3661
f 2741 2746 3661
f 3661 2746 3662
f 2746 2745 3662
f 3662 2745 3663
f 2745 2744 3663
f 3663 2744 3664
f 2744 2749 3664
f 3664 2749 3665
f 2749 2748 3665
f 3665 2748 3666
f 2748 2747 3666
f 3666 2747 3595
f 2747 2752 3595
f 3667 3668 3669
f 3668 3670 3669
f 3669 3670 3671
f 3672 3673 3669
f 3673 3674 3669
f 3669 3674 3667
f 3675 3676 3669
f 3676 3677 3669
f 3669 3677 3672
f 3678 3679 3669
f 3679 3680 3669
f 3669 3680 3675
f 3681 3682 3669
f 3682 3683 3669
f 3669 3683 3678
f 3684 3685 3669
f 3685 3686 3669
f 3669 3686 3681
f 3687 3688 3669
f 3688 3689 3669
f 3669 3689 3684
f 3690 3691 3669
f 3691 3692 3669
f 3669 3692 3687
f 3693 3694 3669
f 3694 3695 3669
f 3669 3695 3690
f 3696 3697 3669
f 3697 3698 3669
f 3669 3698 3693
f 3699 3700 3669
f 3700 3701 3669
f 3669 3701 3696
f 3702 3703 3669
f 3703 3704 3669
f 3669 3704 3699
f 3705 3706 3669
f 3706 3707 3669
f 3669 3707 3702
f 3708 3709 3669
f 3709 3710 3669
f 3669 3710 3705
f 3711 3712 3669
f 3712 3713 3669
f 3669 3713 3708
f 3714 3715 3669
f 3715 3716 3669
f 3669 3716 3711
f 3717 3718 3669
f 3718 3719 3669
f 3669 3719 3714
f 3720 3721 3669
f 3721 3722 3669
f 3669 3722 3717
f 3723 3724 3669
f 3724 3725 3669
f 3669 3725 3720
f 3726 3727 3669
f 3727 3728 3669
f 3669 3728 3723
f 3729 3730 3669
f 3730 3731 3669
f 3669 3731 3726
f 3732 3733 3669
f 3733 3734 3669
f 3669 3734 3729
f 3735 3736 3669
f 3736 3737 3669
f 3669 3737 3732
f 3671 3738 3669
f 3738 3739 3669
f 3669 3739 3735
f 3740 3707 3741
f 3707 3706 3741
f 3741 3706 3742
f 3706 3705 3742
f 3742 3705 3743
f 3705 3710 3743
f 3743 3710 3744
f 3710 3709 3744
f 3744 3709 3745
f 3709 3708 3745
f 3745 3708 3746
f 3708 3713 3746
f 3746 3713 3747
f 3713 3712 3747
f 3747 3712 3748
f 3712 3711 3748
f 3748 3711 3749
f 3711 3716 3749
f 3749 3716 3750
f 3716 3715 3750
f 3750 3715 3751
f 3715 3714 3751
f 3751 3714 3752
f 3714 3719 3752
f 3752 3719 3753
f 3719 3718 3753
f 3753 3718 3754
f 3718 3717 3754
f 3754 3717 3755
f 3717 3722 3755
f 3755 3722 3756
f 3722 3721 3756
f 3756 3721 3757
f 3721 3720 3757
f 3757 3720 3758
f 3720 3725 3758
f 3758 3725 3759
f 3725 3724 3759
f 3759 3724 3760
f 3724 3723 3760
f 3760 3723 3761
f 3723 3728 3761
f 3761 3728 3762
f 3728 3727 3762
f 3762 3727 3763
f 3727 3726 3763
f 3763 3726 3764
f 3726 3731 3764
f 3764 3731 3765
f 3731 3730 3765
f 3765 3730 3766
f 3730 3729 3766
f 3766 3729 3767
f 3729 3734 3767
f 3767 3734 3768
f 3734 3733 3768
f 3768 3733 3769
f 3733 3732 3769
f 3769 3732 3770
f 3732 3737 3770
f 3770 3737 3771
f 3737 3736 3771
f 3771 3736 3772
f 3736 3735 3772
f 3772 3735 3773
f 3735 3739 3773
f 3773 3739 3774
f 3739 3738 3774
f 3774 3738 3775
f 3738 3671 3775
f 3775 3671 3776
f 3671 3670 3776
f 3776 3670 3777
f 3670 3668 3777
f 3777 3668 3778
f 3668 3667 3778
f 3778 3667 3779
f 3667 3674 3779
f 3779 3674 3780
f 3674 3673 3780
f 3780 3673 3781
f 3673 3672 3781
f 3781 3672 3782
f 3672 3677 3782
f 3782 3677 3783
f 3677 3676 3783
f 3783 3676 3784
f 3676 3675 3784
f 3784 3675 3785
f 3675 3680 3785
f 3785 3680 3786
f 3680 3679 3786
f 3786 3679 3787
f 3679 3678 3787
f 3787 3678 3788
f 3678 3683 3788
f 3788 3683 3789
f 3683 3682 3789
f 3789 3682 3790
f 3682 3681 3790
f 3790 3681 3791
f 3681 3686 3791
f 3791 3686 3792
f 3686 3685 3792
f 3792 3685 3793
f 3685 3684 3793
f 3793 3684 3794
f 3684 3689 3794
f 3794 3689 3795
f 3689 3688 3795
f 3795 3688 3796
f 3688 3687 3796
f 3796 3687 3797
f 3687 3692 3797
f 3797 3692 3798
f 3692 3691 3798
f 3798 3691 3799
f 3691 3690 3799
f 3799 3690 3800
f 3690 3695 3800
f 3800 3695 3801
f 3695 3694 3801
f 3801 3694 3802
f 3694 3693 3802
f 3802 3693 3803
f 3693 3698 3803
f 3803 3698 3804
f 3698 3697 3804
f 3804 3697 3805
f 3697 3696 3805
f 3805 3696 3806
f 3696 3701 3806
f 3806 3701 3807
f 3701 3700 3807
f 3807 3700 3808
f 3700 3699 3808
f 3808 3699 3809
f 3699 3704 3809
f 3809 3704 3810
f 3704 3703 3810
f 3810 3703 3811
f 3703 3702 3811
f 3811 3702 3740
f 3702 3707 3740
f 3812 3813 3814
f 3813 3815 3814
f 3814 3815 3816
f 3817 3818 3814
f 3818 3819 3814
f 3814 3819 3812
f 3820 3821 3814
f 3821 3822 3814
f 3814 3822 3817
f 3823 3824 3814
f 3824 3825 3814
f 3814 3825 3820
f 3826 3827 3814
f 3827 3828 3814
f 3814 3828 3823
f 3829 3830 3814
f 3830 3831 3814
f 3814 3831 3826
f 3832 3833 3814
f 3833 3834 3814
f 3814 3834 3829
f 3835 3836 3814
f 3836 3837 3814
f 3814 3837 3832
f 3838 3839 3814
f 3839 3840 3814
f 3814 3840 3835
f 3841 3842 3814
f 3842 3843 3814
f 3814 3843 3838
f 3844 3845 3814
f 3845 3846 3814
f 3814 3846 3841
f 3847 3848 3814
f 3848 3849 3814
f 3814 3849 3844
f 3850 3851 3814
f 3851 3852 3814
f 3814 3852 3847
f 3853 3854 3814
f 3854 3855 3814
f 3814 3855 3850
f 3856 3857 3814
f 3857 3858 3814
f 3814 3858 3853
f 3859 3860 3814
f 3860 3861 3814
f 3814 3861 3856
f 3862 3863 3814
f 3863 3864 3814
f 3814 3864 3859
f 3865 3866 3814
f 3866 3867 3814
f 3814 3867 3862
f 3868 3869 3814
f 3869 3870 3814
f 3814 3870 3865
f 3871 3872 3814
f 3872 3873 3814
f 3814 3873 3868
f 3874 3875 3814
f 3875 3876 3814
f 3814 3876 3871
f 3877 3878 3814
f 3878 3879 3814
f 3814 3879 3874
f 3880 3881 3814
f 3881 3882 3814
f 3814 3882 3877
f 3816 3883 3814
f 3883 3884 3814
f 3814 3884 3880
f 3885 3852 3886
f 3852 3851 3886
f 3886 3851 3887
f 3851 3850 3887
f 3887 3850 3888
f 3850 3855 3888
f 3888 3855 3889
f 3855 3854 3889
f 3889 3854 3890
f 3854 3853 3890
f 3890 3853 3891
f 3853 3858 3891
f 3891 3858 3892
f 3858 3857 3892
f 3892 3857 3893
f 3857 3856 3893
f 3893 3856 3894
f 3856 3861 3894
f 3894 3861 3895
f 3861 3860 3895
f 3895 3860 3896
f 3860 3859 3896
f 3896 3859 3897
f 3859 3864 3897
f 3897 3864 3898
f 3864 3863 3898
f 3898 3863 3899
f 3863 3862 3899
f 3899 3862 3900
f 3862 3867 3900
f 3900 3867 3901
f 3867 3866 3901
f 3901 3866 3902
f 3866 3865 3902
f 3902 3865 3903
f 3865 3870 3903
f 3903 3870 3904
f 3870 3869 3904
f 3904 3869 3905
f 3869 3868 3905
f 3905 3868 3906
f 3868 3873 3906
f 3906 3873 3907
f 3873 3872 3907
f 3907 3872 3908
f 3872 3871 3908
f 3908 3871 3909
f 3871 3876 3909
f 3909 3876 3910
f 3876 3875 3910
f 3910 3875 3911
f 3875 3874 3911
f 3911 3874 3912
f 3874 3879 3912
f 3912 3879 3913
f 3879 3878 3913
f 3913 3878 3914
f 3878 3877 3914
f 3914 3877 3915
f 3877 3882 3915
f 3915 3882 3916
f 3882 3881 3916
f 3916 3881 3917
f 3881 3880 3917
f 3917 3880 3918
f 3880 3884 3918
f 3918 3884 3919
f 3884 3883 3919
f 3919 3883 3920
f 3883 3816 3920
f 3920 3816 3921
f 3816 3815 3921
f 3921 3815 3922
f 3815 3813 3922
f 3922 3813 3923
f 3813 3812 3923
f 3923 3812 3924
f 3812 3819 3924
f 3924 3819 3925
f 3819 3818 3925
f 3925 3818 3926
f 3818 3817 3926
f 3926 3817 3927
f 3817 3822 3927
f 3927 3822 3928
f 3822 3821 3928
f 3928 3821 3929
f 3821 3820 3929
f 3929 3820 3930
f 3820 3825 3930
f 3930 3825 3931
f 3825 3824 3931
f 3931 3824 3932
f 3824 3823 3932
f 3932 3823 3933
f 3823 3828 3933
f 3933 3828 3934
f 3828 3827 3934
f 3934 3827 3935
f 3827 3826 3935
f 3935 3826 3936
f 3826 3831 3936
f 3936 3831 3937
f 3831 3830 3937
f 3937 3830 3938
f 3830 3829 3938
f 3938 3829 3939
f 3829 3834 3939
f 3939 3834 3940
f 3834 3833 3940
f 3940 3833 3941
f 3833 3832 3941
f 3941 3832 3942
f 3832 3837 3942
f 3942 3837 3943
f 3837 3836 3943
f 3943 3836 3944
f 3836 3835 3944
f 3944 3835 3945
f 3835 3840 3945
f 3945 3840 3946
f 3840 3839 3946
f 3946 3839 3947
f 3839 3838 3947
f 3947 3838 3948
f 3838 3843 3948
f 3948 3843 3949
f 3843 3842 3949
f 3949 3842 3950
f 3842 3841 3950
f 3950 3841 3951
f 3841 3846 3951
f 3951 3846 3952
f 3846 3845 3952
f 3952 3845 3953
f 3845 3844 3953
f 3953 3844 3954
f 3844 3849 3954
f 3954 3849 3955
f 3849 3848 3955
f 3955 3848 3956
f 3848 3847 3956
f 3956 3847 3885
f 3847 3852 3885
f 3957 3958 3959
f 3958 3960 3959
f 3959 3960 3961
f 3962 3963 3959
f 3963 3964 3959
f 3959 3964 3957
f 3965 3966 3959
f 3966 3967 3959
f 3959 3967 3962
f 3968 3969 3959
f 3969 3970 3959
f 3959 3970 3965
f 3971 3972 3959
f 3972 3973 3959
f 3959 3973 3968
f 3974 3975 3959
f 3975 3976 3959
f 3959 3976 3971
f 3977 3978 3959
f 3978 3979 3959
f 3959 3979 3974
f 3980 3981 3959
f 3981 3982 3959
f 3959 3982 3977
f 3983 3984 3959
f 3984 3985 3959
f 3959 3985 3980
f 3986 3987 3959
f 3987 3988 3959
f 3959 3988 3983
f 3989 3990 3959
f 3990 3991 3959
f 3959 3991 3986
f 3992 3993 3959
f 3993 3994 3959
f 3959 3994 3989
f 3995 3996 3959
f 3996 3997 3959
f 3959 3997 3992
f 3998 3999 3959
f 3999 4000 3959
f 3959 4000 3995
f 4001 4002 3959
f 4002 4003 3959
f 3959 4003 3998
f 4004 4005 3959
f 4005 4006 3959
f 3959 4006 4001
f 4007 4008 3959
f 4008 4009 3959
f 3959 4009 4004
f 4010 4011 3959
f 4011 4012 3959
f 3959 4012 4007
f 4013 4014 3959
f 4014 4015 3959
f 3959 4015 4010
f 4016 4017 3959
f 4017 4018 3959
f 3959 4018 4013
f 4019 4020 3959
f 4020 4021 3959
f 3959 4021 4016
f 4022 4023 3959
f 4023 4024 3959
f 3959 4024 4019
f 4025 4026 3959
f 4026 4027 3959
f 3959 4027 4022
f 3961 4028 3959
f 4028 4029 3959
f 3959 4029 4025
f 4030 3997 4031
f 3997 3996 4031
f 4031 3996 4032
f 3996 3995 4032
f 4032 3995 4033
f 3995 4000 4033
f 4033 4000 4034
f 4000 3999 4034
f 4034 3999 4035
f 3999 3998 4035
f 4035 3998 4036
f 3998 4003 4036
f 4036 4003 4037
f 4003 4002 4037
f 4037 4002 4038
f 4002 4001 4038
f 4038 4001 4039
f 4001 4006 4039
f 4039 4006 4040
f 4006 4005 4040
f 4040 4005 4041
f 4005 4004 4041
f 4041 4004 4042
f 4004 4009 4042
f 4042 4009 4043
f 4009 4008 4043
f 4043 4008 4044
f 4008 4007 4044
f 4044 4007 4045
f 4007 4012 4045
f 4045 4012 4046
f 4012 4011 4046
f 4046 4011 4047
f 4011 4010 4047
f 4047 4010 4048
f 4010 4015 4048
f 4048 4015 4049
f 4015 4014 4049
f 4049 4014 4050
f 4014 4013 4050
f 4050 4013 4051
f 4013 4018 4051
f 4051 4018 4052
f 4018 4017 4052
f 4052 4017 4053
f 4017 4016 4053
f 4053 4016 4054
f 4016 4021 4054
f 4054 4021 4055
f 4021 4020 4055
f 4055 4020 4056
f 4020 4019 4056
f 4056 4019 4057
f 4019 4024 4057
f 4057 4024 4058
f 4024 4023 4058
f 4058 4023 4059
f 4023 4022 4059
f 4059 4022 4060
f 4022 4027 4060
f 4060 4027 4061
f 4027 4026 4061
f 4061 4026 4062
f 4026 4025 4062
f 4062 4025 4063
f 4025 4029 4063
f 4063 4029 4064
f 4029 4028 4064
f 4064 4028 4065
f 4028 3961 4065
f 4065 3961 4066
f 3961 3960 4066
f 4066 3960 4067
f 3960 3958 4067
f 4067 3958 4068
f 3958 3957 4068
f 4068 3957 4069
f 3957 3964 4069
f 4069 3964 4070
f 3964 3963 4070
f 4070 3963 4071
f 3963 3962 4071
f 4071 3962 4072
f 3962 3967 4072
f 4072 3967 4073
f 3967 3966 4073
f 4073 3966 4074
f 3966 3965 4074
f 4074 3965 4075
f 3965 3970 4075
f 4075 3970 4076
f 3970 3969 4076
f 4076 3969 4077
f 3969 3968 4077
f 4077 3968 4078
f 3968 3973 4078
f 4078 3973 4079
f 3973 3972 4079
f 4079 3972 4080
f 3972 3971 4080
f 4080 3971 4081
f 3971 3976 4081
f 4081 3976 4082
f 3976 3975 4082
f 4082 3975 4083
f 3975 3974 4083
f 4083 3974 4084
f 3974 3979 4084
f 4084 3979 4085
f 3979 3978 4085
f 4085 3978 4086
f 3978 3977 4086
f 4086 3977 4087
f 3977 3982 4087
f 4087 3982 4088
f 3982 3981 4088
f 4088 3981 4089
f 3981 3980 4089
f 4089 3980 4090
f 3980 3985 4090
f 4090 3985 4091
f 3985 3984 4091
f 4091 3984 4092
f 3984 3983 4092
f 4092 3983 4093
f 3983 3988 4093
f 4093 3988 4094
f 3988 3987 4094
f 4094 3987 4095
f 3987 3986 4095
f 4095 3986 4096
f 3986 3991 4096
f 4096 3991 4097
f 3991 3990 4097
f 4097 3990 4098
f 3990 3989 4098
f 4098 3989 4099
f 3989 3994 4099
f 4099 3994 4100
f 3994 3993 4100
f 4100 3993 4101
f 3993 3992 4101
f 4101 3992 4030
f 3992 3997 4030
f 3579 3581 3593
f 3581 3583 3593
f 3593 3583 3585
f 3585 3587 3593
f 3587 3589 3593
f 3593 3589 3591
f 3517 4102 3516
f 3527 4103 3526
f 3545 4104 3544
f 3555 4105 3554
f 3565 4106 3564
f 90 4107 92
f 3811 3740 28
f 2817 2819 144
f 2819 2821 144
f 144 2821 2823
f 2833 2835 2
f 2833 2 2831
f 2877 2879 4108
f 2879 2881 4108
f 4108 2881 2883
f 2897 2899 4109
f 2899 2901 4109
f 4109 2901 2903
f 2803 2805 142
f 2805 2807 142
f 142 2807 2809
f 2823 2825 144
f 2825 2827 144
f 144 2827 2
f 2827 2829 2
f 2 2829 2831
f 2883 2885 4108
f 2885 2887 4108
f 4108 2887 2889
f 2889 2891 4108
f 2891 2893 4108
f 4108 2893 4109
f 2893 2895 4109
f 4109 2895 2897
f 2809 2811 142
f 2811 2813 142
f 142 2813 144
f 2813 2815 144
f 144 2815 2817
f 2835 2837 2
f 2837 2839 2
f 2 2839 4
f 2839 2841 4
f 4108 2869 2871
f 2903 2905 4109
f 2905 2907 4109
f 4109 2907 2909
f 2909 2911 4109
f 2911 2913 4109
f 4109 2913 2915
f 2871 2873 4108
f 2873 2875 4108
f 4108 2875 2877
f 2915 2917 4109
f 2917 2919 4109
f 4109 2919 2921
f 2841 2843 4
f 2843 2845 4
f 4 2845 6
f 2845 2847 6
f 2857 2859 4108
f 2859 2861 4108
f 4108 2861 2863
f 2863 2865 4108
f 2865 2867 4108
f 4108 2867 2869
f 2847 2849 6
f 2849 2851 6
f 6 2851 8
f 2851 2853 8
f 8 2853 2855
f 2803 142 2801
f 142 140 2801
f 2801 140 2799
f 2791 138 2789
f 138 136 2789
f 2789 136 2787
f 136 2785 2787
f 2791 2793 138
f 2793 2795 138
f 138 2795 140
f 2795 2797 140
f 140 2797 2799
f 2921 2923 4109
f 2923 2925 4109
f 4109 2925 2927
f 2855 2857 8
f 2857 4108 8
f 8 4108 10
f 4108 12 10
f 4110 18 4111
f 18 16 4111
f 4111 16 4108
f 16 14 4108
f 4108 14 12
f 4104 28 26
f 26 24 4104
f 24 22 4104
f 4104 22 4110
f 22 20 4110
f 4110 20 18
f 3749 3750 34
f 3750 3751 34
f 34 3751 3752
f 3756 3757 36
f 3757 3758 36
f 36 3758 3759
f 3764 3765 38
f 3791 3792 3550
f 3792 3793 3550
f 3550 3793 3549
f 3793 3794 3549
f 3549 3794 3795
f 3799 3800 3548
f 3800 3801 3548
f 3548 3801 3547
f 3743 30 3742
f 30 28 3742
f 3742 28 3741
f 28 3740 3741
f 3749 34 3748
f 34 32 3748
f 3748 32 3747
f 3764 38 3763
f 3787 3551 3786
f 3551 3552 3786
f 3795 3796 3549
f 3796 3797 3549
f 3549 3797 3548
f 3797 3798 3548
f 3548 3798 3799
f 3743 3744 30
f 3744 3745 30
f 30 3745 32
f 3745 3746 32
f 32 3746 3747
f 3752 3753 34
f 3753 3754 34
f 34 3754 36
f 3754 3755 36
f 36 3755 3756
f 3759 3760 36
f 3760 3761 36
f 36 3761 38
f 3761 3762 38
f 38 3762 3763
f 3787 3788 3551
f 3788 3789 3551
f 3551 3789 3550
f 3789 3790 3550
f 3550 3790 3791
f 3801 3802 3547
f 3802 3803 3547
f 3547 3803 3546
f 3803 3804 3546
f 3546 3804 3545
f 3804 3805 3545
f 3545 3805 4104
f 3805 3806 4104
f 4104 3806 3807
f 3765 3766 38
f 3766 3767 38
f 38 3767 40
f 3767 3768 40
f 3775 3776 44
f 3776 3777 44
f 3807 3808 4104
f 3808 3809 4104
f 4104 3809 28
f 3809 3810 28
f 28 3810 3811
f 3768 3769 40
f 3769 3770 40
f 40 3770 42
f 3770 3771 42
f 3778 3779 4105
f 3779 3780 4105
f 3780 3781 4105
f 3781 3782 4105
f 4105 3782 3554
f 3782 3783 3554
f 3554 3783 3553
f 3783 3784 3553
f 3553 3784 3552
f 3784 3785 3552
f 3552 3785 3786
f 3771 3772 42
f 3772 3773 42
f 42 3773 44
f 3773 3774 44
f 44 3774 3775
f 4105 50 48
f 4112 54 4105
f 54 52 4105
f 4105 52 50
f 3777 3778 44
f 3778 4105 44
f 44 4105 46
f 4105 48 46
f 4106 64 62
f 62 60 4106
f 60 58 4106
f 4106 58 4112
f 58 56 4112
f 4112 56 54
f 4081 4082 3570
f 4054 4055 74
f 4054 74 4053
f 4046 4047 72
f 4047 4048 72
f 72 4048 4049
f 4082 4083 3570
f 4083 4084 3570
f 3570 4084 3569
f 4084 4085 3569
f 3569 4085 4086
f 4077 3571 4076
f 3571 3572 4076
f 4076 3572 4075
f 4089 3568 4088
f 3568 3569 4088
f 4088 3569 4087
f 3569 4086 4087
f 4089 4090 3568
f 4090 4091 3568
f 3568 4091 3567
f 4039 4040 70
f 4040 4041 70
f 70 4041 4042
f 4049 4050 72
f 4050 4051 72
f 72 4051 74
f 4051 4052 74
f 74 4052 4053
f 4075 3572 4074
f 3572 3573 4074
f 4074 3573 4073
f 3573 3574 4073
f 4073 3574 4072
f 4077 4078 3571
f 4078 4079 3571
f 3571 4079 3570
f 4079 4080 3570
f 3570 4080 4081
f 4091 4092 3567
f 4092 4093 3567
f 3567 4093 3566
f 4093 4094 3566
f 3566 4094 3565
f 4094 4095 3565
f 3565 4095 4106
f 4095 4096 4106
f 4106 4096 4097
f 4042 4043 70
f 4043 4044 70
f 70 4044 72
f 4044 4045 72
f 72 4045 4046
f 4055 4056 74
f 4056 4057 74
f 74 4057 76
f 4057 4058 76
f 4065 4066 80
f 4069 4113 4068
f 4113 80 4068
f 4068 80 4067
f 80 4066 4067
f 4069 4070 4113
f 4070 4071 4113
f 4113 4071 4072
f 4101 4030 64
f 4039 70 4038
f 70 68 4038
f 4038 68 4037
f 4058 4059 76
f 4059 4060 76
f 76 4060 78
f 4060 4061 78
f 4061 4062 78
f 4062 4063 78
f 78 4063 80
f 4063 4064 80
f 80 4064 4065
f 4033 66 4032
f 66 64 4032
f 4032 64 4031
f 64 4030 4031
f 4033 4034 66
f 4034 4035 66
f 66 4035 68
f 4035 4036 68
f 68 4036 4037
f 4097 4098 4106
f 4098 4099 4106
f 4106 4099 64
f 4099 4100 64
f 64 4100 4101
f 86 84 4113
f 84 82 4113
f 4113 82 80
f 4107 90 4113
f 90 88 4113
f 4113 88 86
f 96 4114 98
f 4114 100 98
f 3183 3185 4114
f 3123 3125 110
f 3167 3169 4115
f 3169 3171 4115
f 3123 110 3121
f 3161 3163 4115
f 3163 3165 4115
f 4115 3165 3167
f 3171 3173 4115
f 3173 3175 4115
f 4115 3175 3177
f 3177 3179 4115
f 3179 3181 4115
f 4115 3181 3183
f 3185 3187 4114
f 3187 3189 4114
f 4114 3189 3191
f 3107 3109 108
f 3109 3111 108
f 108 3111 3113
f 3147 3149 4115
f 3149 3151 4115
f 3151 3153 4115
f 4115 3153 3155
f 3191 3193 4114
f 3193 3195 4114
f 4114 3195 3197
f 3203 3205 4114
f 3205 3207 4114
f 3093 3095 106
f 3095 3097 106
f 106 3097 3099
f 3125 3127 110
f 3127 3129 110
f 110 3129 112
f 3129 3131 112
f 3155 3157 4115
f 3157 3159 4115
f 4115 3159 3161
f 3197 3199 4114
f 3199 3201 4114
f 4114 3201 3203
f 3099 3101 106
f 3101 3103 106
f 106 3103 108
f 3103 3105 108
f 108 3105 3107
f 3113 3115 108
f 3115 3117 108
f 108 3117 110
f 3117 3119 110
f 110 3119 3121
f 3131 3133 112
f 3133 3135 112
f 112 3135 114
f 3135 3137 114
f 3137 3139 114
f 3139 3141 114
f 114 3141 116
f 3141 3143 116
f 116 3143 3145
f 3207 3209 4114
f 3209 3211 4114
f 4114 3211 3213
f 3075 100 3217
f 100 4114 3217
f 3217 4114 3215
f 4114 3213 3215
f 3093 106 3091
f 106 104 3091
f 3091 104 3089
f 3081 102 3079
f 102 100 3079
f 3079 100 3077
f 100 3075 3077
f 3081 3083 102
f 3083 3085 102
f 102 3085 104
f 3085 3087 104
f 104 3087 3089
f 122 120 4115
f 3145 3147 116
f 3147 4115 116
f 116 4115 118
f 4115 120 118
f 134 4109 136
f 4109 2927 136
f 136 2927 2785
f 134 132 4109
f 132 130 4109
f 4109 130 128
f 3577 3578 4107
f 4072 3574 4113
f 3574 3575 4113
f 4113 3575 4107
f 3575 3576 4107
f 4107 3576 3577
f 3372 3374 3312
f 3232 3234 4107
f 3234 3236 4107
f 3298 3300 4116
f 3340 3342 3578
f 3342 3344 3578
f 3344 3346 3578
f 3346 3348 3578
f 3578 3348 3350
f 3350 3352 3578
f 3352 3354 3578
f 3578 3354 3356
f 3242 3244 4107
f 3244 3246 4107
f 4116 3278 3280
f 3280 3282 4116
f 3282 3284 4116
f 4116 3284 3286
f 3376 3308 3374
f 3308 3310 3374
f 3374 3310 3312
f 3318 3370 3316
f 3370 3372 3316
f 3316 3372 3314
f 3372 3312 3314
f 3356 3358 3578
f 3358 3360 3578
f 3578 3360 3362
f 3236 3238 4107
f 3238 3240 4107
f 4107 3240 3242
f 3300 3302 4116
f 3302 3304 4116
f 4116 3304 3306
f 3362 3220 3578
f 3220 3222 3578
f 3578 3222 3224
f 3224 3226 3578
f 3226 3228 3578
f 3578 3228 4107
f 3228 3230 4107
f 4107 3230 3232
f 3246 3248 4107
f 3248 3250 4107
f 4107 3250 3252
f 3270 3272 4107
f 3272 3274 4107
f 4107 3274 3276
f 96 94 4114
f 94 92 4114
f 4114 92 4116
f 92 4107 4116
f 4116 4107 3278
f 4107 3276 3278
f 3292 3294 4116
f 3294 3296 4116
f 4116 3296 3298
f 3332 3334 3365
f 3334 3336 3365
f 3365 3336 3578
f 3336 3338 3578
f 3578 3338 3340
f 3252 3254 4107
f 3254 3256 4107
f 4107 3256 3258
f 3258 3260 4107
f 3260 3262 4107
f 4107 3262 3264
f 3264 3266 4107
f 3266 3268 4107
f 4107 3268 3270
f 3286 3288 4116
f 3288 3290 4116
f 4116 3290 3292
f 3318 3320 3370
f 3320 3322 3370
f 3370 3322 3368
f 3322 3324 3368
f 3324 3326 3368
f 3326 3328 3368
f 3368 3328 3365
f 3328 3330 3365
f 3365 3330 3332
f 3557 3948 3556
f 3948 3949 3556
f 3556 3949 3555
f 3949 3950 3555
f 3555 3950 4105
f 3950 3951 4105
f 3951 3952 4105
f 4105 3952 3953
f 3940 3941 3559
f 3953 3954 4105
f 3954 3955 4105
f 4105 3955 3956
f 4112 3914 4106
f 3914 3915 4106
f 4106 3915 3916
f 3956 3885 4105
f 3885 3886 4105
f 4105 3886 3887
f 3894 3895 4112
f 4112 3910 3911
f 3916 3917 4106
f 3917 3918 4106
f 4106 3918 3919
f 3932 3561 3931
f 3561 3562 3931
f 3887 3888 4105
f 3888 3889 4105
f 4105 3889 3890
f 3890 3891 4105
f 3891 3892 4105
f 4105 3892 4112
f 3892 3893 4112
f 4112 3893 3894
f 3919 3920 4106
f 3920 3921 4106
f 4106 3921 3922
f 3922 3923 4106
f 3923 3924 4106
f 4106 3924 3925
f 3925 3926 4106
f 3926 3927 4106
f 4106 3927 3564
f 3927 3928 3564
f 3564 3928 3563
f 3928 3929 3563
f 3563 3929 3562
f 3929 3930 3562
f 3562 3930 3931
f 3932 3933 3561
f 3933 3934 3561
f 3561 3934 3560
f 3934 3935 3560
f 3560 3935 3936
f 3944 3558 3943
f 3558 3559 3943
f 3943 3559 3942
f 3559 3941 3942
f 3911 3912 4112
f 3912 3913 4112
f 4112 3913 3914
f 3895 3896 4112
f 3896 3897 4112
f 4112 3897 3898
f 3898 3899 4112
f 3899 3900 4112
f 4112 3900 3901
f 3944 3945 3558
f 3945 3946 3558
f 3558 3946 3557
f 3946 3947 3557
f 3557 3947 3948
f 3901 3902 4112
f 3902 3903 4112
f 4112 3903 3904
f 3904 3905 4112
f 3905 3906 4112
f 4112 3906 3907
f 3907 3908 4112
f 3908 3909 4112
f 4112 3909 3910
f 3936 3937 3560
f 3937 3938 3560
f 3560 3938 3559
f 3938 3939 3559
f 3559 3939 3940
f 3604 3605 4110
f 3605 3606 4110
f 4110 3606 3607
f 3541 3642 3643
f 3597 3598 4111
f 3598 3599 4111
f 4111 3599 3600
f 3600 3601 4111
f 3601 3602 4111
f 4111 3602 4110
f 3602 3603 4110
f 4110 3603 3604
f 3607 3608 4110
f 3608 3609 4110
f 4110 3609 3610
f 3610 3611 4110
f 3611 3612 4110
f 4110 3612 3613
f 3613 3614 4110
f 3614 3615 4110
f 4110 3615 3616
f 3657 3658 3537
f 3660 3661 4111
f 3661 3662 4111
f 4111 3662 3663
f 3616 3617 4110
f 3617 3618 4110
f 4110 3618 3619
f 3619 3620 4110
f 3620 3621 4110
f 4110 3621 3622
f 3541 3643 3540
f 3643 3644 3540
f 3540 3644 3645
f 3663 3664 4111
f 3664 3665 4111
f 4111 3665 3666
f 3537 3658 3536
f 3658 3659 3536
f 3536 3659 3535
f 3666 3595 4111
f 3595 3596 4111
f 4111 3596 3597
f 3622 3623 4110
f 3623 3624 4110
f 4110 3624 4104
f 3624 3625 4104
f 4104 3625 3626
f 3626 3627 4104
f 3627 3628 4104
f 4104 3628 3629
f 3649 3650 3539
f 3629 3630 4104
f 3630 3631 4104
f 4104 3631 3632
f 3632 3633 4104
f 3633 3634 4104
f 4104 3634 3635
f 3635 3636 4104
f 3636 3637 4104
f 4104 3637 3544
f 3637 3638 3544
f 3544 3638 3543
f 3638 3639 3543
f 3543 3639 3542
f 3639 3640 3542
f 3542 3640 3541
f 3640 3641 3541
f 3541 3641 3642
f 3645 3646 3540
f 3646 3647 3540
f 3540 3647 3539
f 3647 3648 3539
f 3539 3648 3649
f 3653 3538 3652
f 3538 3539 3652
f 3652 3539 3651
f 3539 3650 3651
f 3653 3654 3538
f 3654 3655 3538
f 3538 3655 3537
f 3655 3656 3537
f 3537 3656 3657
f 122 4115 124
f 4115 4102 124
f 124 4102 126
f 4102 4117 126
f 126 4117 128
f 4117 4103 128
f 128 4103 4109
f 4103 3527 4109
f 4109 3527 3528
f 3528 3529 4109
f 3529 3530 4109
f 4109 3530 4108
f 3530 3531 4108
f 4108 3531 3532
f 3532 3533 4108
f 3533 3534 4108
f 4108 3534 4111
f 3534 3535 4111
f 4111 3535 3660
f 3535 3659 3660
f 2984 4117 2982
f 4117 2980 2982
f 3523 3024 3522
f 3024 3026 3522
f 3522 3026 3028
f 4102 3064 3066
f 4117 2960 2962
f 2962 2964 4117
f 2964 2966 4117
f 4117 2966 2968
f 2968 2970 4117
f 2970 2972 4117
f 4117 2972 2974
f 3016 3018 3524
f 3018 3020 3524
f 3524 3020 3523
f 3020 3022 3523
f 3523 3022 3024
f 3028 3030 3522
f 3030 3032 3522
f 3522 3032 3521
f 3066 3068 4102
f 3068 3070 4102
f 4102 3070 3072
f 2934 2936 4102
f 2936 2938 4102
f 4102 2938 2940
f 2940 2942 4102
f 2942 2944 4102
f 4102 2944 4117
f 2944 2946 4117
f 4117 2946 2948
f 2948 2950 4117
f 2950 2952 4117
f 4117 2952 2954
f 2974 2976 4117
f 2976 2978 4117
f 4117 2978 2980
f 2984 2986 4117
f 2986 2988 4117
f 4117 2988 4103
f 2988 2990 4103
f 4103 2990 2992
f 2992 2994 4103
f 2994 2996 4103
f 4103 2996 2998
f 3518 3058 3517
f 3058 3060 3517
f 3517 3060 4102
f 3060 3062 4102
f 4102 3062 3064
f 3072 2930 4102
f 2930 2932 4102
f 4102 2932 2934
f 2954 2956 4117
f 2956 2958 4117
f 4117 2958 2960
f 2998 3000 4103
f 3000 3002 4103
f 4103 3002 3004
f 3004 3006 4103
f 3006 3008 4103
f 4103 3008 3010
f 3524 3525 3016
f 3525 3526 3016
f 3016 3526 3014
f 3526 4103 3014
f 3014 4103 3012
f 4103 3010 3012
f 3032 3034 3521
f 3034 3036 3521
f 3521 3036 3038
f 3038 3040 3521
f 3040 3042 3521
f 3521 3042 3520
f 3042 3044 3520
f 3520 3044 3046
f 3519 3054 3518
f 3054 3056 3518
f 3518 3056 3058
f 3046 3048 3520
f 3048 3050 3520
f 3520 3050 3519
f 3050 3052 3519
f 3519 3052 3054
f 3516 4102 3515
f 4102 4115 3515
f 3515 4115 3514
f 3183 4114 4115
f 4114 3513 4115
f 4115 3513 3514
f 3378 4116 3376
f 4116 3306 3376
f 3376 3306 3308
f 3386 3513 3384
f 3513 4114 3384
f 3384 4114 3382
f 4114 4116 3382
f 3382 4116 3380
f 4116 3378 3380
f 4118 4119 4120
f 4119 4121 4120
f 4120 4121 4122
f 4123 4124 4120
f 4124 4125 4120
f 4120 4125 4118
f 4126 4127 4120
f 4127 4128 4120
f 4120 4128 4123
f 4129 4130 4120
f 4130 4131 4120
f 4120 4131 4126
f 4132 4133 4120
f 4133 4134 4120
f 4120 4134 4129
f 4135 4136 4120
f 4136 4137 4120
f 4120 4137 4132
f 4138 4139 4120
f 4139 4140 4120
f 4120 4140 4135
f 4141 4142 4120
f 4142 4143 4120
f 4120 4143 4138
f 4144 4145 4120
f 4145 4146 4120
f 4120 4146 4141
f 4147 4148 4120
f 4148 4149 4120
f 4120 4149 4144
f 4150 4151 4120
f 4151 4152 4120
f 4120 4152 4147
f 4153 4154 4120
f 4154 4155 4120
f 4120 4155 4150
f 4156 4157 4120
f 4157 4158 4120
f 4120 4158 4153
f 4159 4160 4120
f 4160 4161 4120
f 4120 4161 4156
f 4162 4163 4120
f 4163 4164 4120
f 4120 4164 4159
f 4165 4166 4120
f 4166 4167 4120
f 4120 4167 4162
f 4168 4169 4120
f 4169 4170 4120
f 4120 4170 4165
f 4171 4172 4120
f 4172 4173 4120
f 4120 4173 4168
f 4174 4175 4120
f 4175 4176 4120
f 4120 4176 4171
f 4177 4178 4120
f 4178 4179 4120
f 4120 4179 4174
f 4180 4181 4120
f 4181 4182 4120
f 4120 4182 4177
f 4183 4184 4120
f 4184 4185 4120
f 4120 4185 4180
f 4186 4187 4120
f 4187 4188 4120
f 4120 4188 4183
f 4122 4189 4120
f 4189 4190 4120
f 4120 4190 4186
f 4121 935 4122
f 935 934 4122
f 4122 934 4189
f 934 933 4189
f 4189 933 4190
f 933 952 4190
f 4190 952 4186
f 952 951 4186
f 4186 951 4187
f 951 950 4187
f 4187 950 4188
f 950 949 4188
f 4188 949 4183
f 949 948 4183
f 4183 948 4184
f 948 947 4184
f 4184 947 4185
f 947 946 4185
f 4185 946 4180
f 946 945 4180
f 4180 945 4181
f 945 944 4181
f 4181 944 4182
f 944 943 4182
f 4182 943 4177
f 943 942 4177
f 4177 942 4178
f 942 941 4178
f 4178 941 4179
f 941 940 4179
f 4179 940 4174
f 940 939 4174
f 4174 939 4175
f 939 938 4175
f 4175 938 4176
f 938 937 4176
f 4176 937 4171
f 937 660 4171
f 4171 660 4172
f 660 659 4172
f 4172 659 4173
f 659 658 4173
f 4173 658 4168
f 658 657 4168
f 4168 657 4169
f 657 656 4169
f 4169 656 4170
f 656 649 4170
f 4170 649 4165
f 649 648 4165
f 4165 648 4166
f 648 647 4166
f 4166 647 4167
f 647 655 4167
f 4167 655 4162
f 655 654 4162
f 4162 654 4163
f 654 653 4163
f 4163 653 4164
f 653 650 4164
f 4164 650 4159
f 650 651 4159
f 4159 651 4160
f 651 652 4160
f 4160 652 4161
f 652 643 4161
f 4161 643 4156
f 643 644 4156
f 4156 644 4157
f 644 645 4157
f 4157 645 4158
f 645 646 4158
f 4158 646 4153
f 646 642 4153
f 4153 642 4154
f 642 700 4154
f 4154 700 4155
f 700 699 4155
f 4155 699 4150
f 699 694 4150
f 4150 694 4151
f 694 693 4151
f 4151 693 4152
f 693 692 4152
f 4152 692 4147
f 692 678 4147
f 4147 678 4148
f 678 677 4148
f 4148 677 4149
f 677 691 4149
f 4149 691 4144
f 691 690 4144
f 4144 690 4145
f 690 689 4145
f 4145 689 4146
f 689 695 4146
f 4146 695 4141
f 695 697 4141
f 4141 697 4142
f 697 698 4142
f 4142 698 4143
f 698 688 4143
f 4143 688 4138
f 688 712 4138
f 4138 712 4139
f 712 711 4139
f 4139 711 4140
f 711 710 4140
f 4140 710 4135
f 710 709 4135
f 4135 709 4136
f 709 707 4136
f 4136 707 4137
f 707 706 4137
f 4137 706 4132
f 706 704 4132
f 4132 704 4133
f 704 703 4133
f 4133 703 4134
f 703 702 4134
f 4134 702 4129
f 702 715 4129
f 4129 715 4130
f 715 714 4130
f 4130 714 4131
f 714 713 4131
f 4131 713 4126
f 713 685 4126
f 4126 685 4127
f 685 684 4127
f 4127 684 4128
f 684 683 4128
f 4128 683 4123
f 683 682 4123
f 4123 682 4124
f 682 681 4124
f 4124 681 4125
f 681 680 4125
f 4125 680 4118
f 680 679 4118
f 4118 679 4119
f 679 936 4119
f 4119 936 4121
f 936 935 4121
f 4191 4192 4193
f 4192 4194 4193
f 4193 4194 4195
f 4196 4197 4193
f 4197 4198 4193
f 4193 4198 4191
f 4199 4200 4193
f 4200 4201 4193
f 4193 4201 4196
f 4202 4203 4193
f 4203 4204 4193
f 4193 4204 4199
f 4205 4206 4193
f 4206 4207 4193
f 4193 4207 4202
f 4208 4209 4193
f 4209 4210 4193
f 4193 4210 4205
f 4211 4212 4193
f 4212 4213 4193
f 4193 4213 4208
f 4214 4215 4193
f 4215 4216 4193
f 4193 4216 4211
f 4217 4218 4193
f 4218 4219 4193
f 4193 4219 4214
f 4220 4221 4193
f 4221 4222 4193
f 4193 4222 4217
f 4223 4224 4193
f 4224 4225 4193
f 4193 4225 4220
f 4226 4227 4193
f 4227 4228 4193
f 4193 4228 4223
f 4229 4230 4193
f 4230 4231 4193
f 4193 4231 4226
f 4232 4233 4193
f 4233 4234 4193
f 4193 4234 4229
f 4235 4236 4193
f 4236 4237 4193
f 4193 4237 4232
f 4238 4239 4193
f 4239 4240 4193
f 4193 4240 4235
f 4241 4242 4193
f 4242 4243 4193
f 4193 4243 4238
f 4244 4245 4193
f 4245 4246 4193
f 4193 4246 4241
f 4247 4248 4193
f 4248 4249 4193
f 4193 4249 4244
f 4250 4251 4193
f 4251 4252 4193
f 4193 4252 4247
f 4253 4254 4193
f 4254 4255 4193
f 4193 4255 4250
f 4256 4257 4193
f 4257 4258 4193
f 4193 4258 4253
f 4259 4260 4193
f 4260 4261 4193
f 4193 4261 4256
f 4195 4262 4193
f 4262 4263 4193
f 4193 4263 4259
f 4194 639 4195
f 639 638 4195
f 4195 638 4262
f 638 637 4262
f 4262 637 4263
f 637 636 4263
f 4263 636 4259
f 636 635 4259
f 4259 635 4260
f 635 634 4260
f 4260 634 4261
f 634 633 4261
f 4261 633 4256
f 633 632 4256
f 4256 632 4257
f 632 631 4257
f 4257 631 4258
f 631 630 4258
f 4258 630 4253
f 630 629 4253
f 4253 629 4254
f 629 584 4254
f 4254 584 4255
f 584 583 4255
f 4255 583 4250
f 583 590 4250
f 4250 590 4251
f 590 605 4251
f 4251 605 4252
f 605 604 4252
f 4252 604 4247
f 604 603 4247
f 4247 603 4248
f 603 582 4248
f 4248 582 4249
f 582 581 4249
f 4249 581 4244
f 581 580 4244
f 4244 580 4245
f 580 579 4245
f 4245 579 4246
f 579 589 4246
f 4246 589 4241
f 589 588 4241
f 4241 588 4242
f 588 587 4242
f 4242 587 4243
f 587 578 4243
f 4243 578 4238
f 578 577 4238
f 4238 577 4239
f 577 576 4239
f 4239 576 4240
f 576 575 4240
f 4240 575 4235
f 575 585 4235
f 4235 585 4236
f 585 586 4236
f 4236 586 4237
f 586 602 4237
f 4237 602 4232
f 602 601 4232
f 4232 601 4233
f 601 600 4233
f 4233 600 4234
f 600 597 4234
f 4234 597 4229
f 597 598 4229
f 4229 598 4230
f 598 599 4230
f 4230 599 4231
f 599 293 4231
f 4231 293 4226
f 293 292 4226
f 4226 292 4227
f 292 623 4227
f 4227 623 4228
f 623 622 4228
f 4228 622 4223
f 622 621 4223
f 4223 621 4224
f 621 596 4224
f 4224 596 4225
f 596 595 4225
f 4225 595 4220
f 595 594 4220
f 4220 594 4221
f 594 593 4221
f 4221 593 4222
f 593 592 4222
f 4222 592 4217
f 592 591 4217
f 4217 591 4218
f 591 574 4218
f 4218 574 4219
f 574 573 4219
f 4219 573 4214
f 573 571 4214
f 4214 571 4215
f 571 570 4215
f 4215 570 4216
f 570 620 4216
f 4216 620 4211
f 620 619 4211
f 4211 619 4212
f 619 618 4212
f 4212 618 4213
f 618 617 4213
f 4213 617 4208
f 617 616 4208
f 4208 616 4209
f 616 615 4209
f 4209 615 4210
f 615 614 4210
f 4210 614 4205
f 614 613 4205
f 4205 613 4206
f 613 612 4206
f 4206 612 4207
f 612 611 4207
f 4207 611 4202
f 611 625 4202
f 4202 625 4203
f 625 624 4203
f 4203 624 4204
f 624 610 4204
f 4204 610 4199
f 610 609 4199
f 4199 609 4200
f 609 628 4200
f 4200 628 4201
f 628 627 4201
f 4201 627 4196
f 627 607 4196
f 4196 607 4197
f 607 606 4197
f 4197 606 4198
f 606 626 4198
f 4198 626 4191
f 626 641 4191
f 4191 641 4192
f 641 640 4192
f 4192 640 4194
f 640 639 4194
f 4264 4265 4266
f 4265 4267 4266
f 4266 4267 4268
f 4269 4270 4266
f 4270 4271 4266
f 4266 4271 4264
f 4272 4273 4266
f 4273 4274 4266
f 4266 4274 4269
f 4275 4276 4266
f 4276 4277 4266
f 4266 4277 4272
f 4278 4279 4266
f 4279 4280 4266
f 4266 4280 4275
f 4281 4282 4266
f 4282 4283 4266
f 4266 4283 4278
f 4284 4285 4266
f 4285 4286 4266
f 4266 4286 4281
f 4287 4288 4266
f 4288 4289 4266
f 4266 4289 4284
f 4290 4291 4266
f 4291 4292 4266
f 4266 4292 4287
f 4293 4294 4266
f 4294 4295 4266
f 4266 4295 4290
f 4296 4297 4266
f 4297 4298 4266
f 4266 4298 4293
f 4299 4300 4266
f 4300 4301 4266
f 4266 4301 4296
f 4302 4303 4266
f 4303 4304 4266
f 4266 4304 4299
f 4305 4306 4266
f 4306 4307 4266
f 4266 4307 4302
f 4308 4309 4266
f 4309 4310 4266
f 4266 4310 4305
f 4311 4312 4266
f 4312 4313 4266
f 4266 4313 4308
f 4314 4315 4266
f 4315 4316 4266
f 4266 4316 4311
f 4317 4318 4266
f 4318 4319 4266
f 4266 4319 4314
f 4320 4321 4266
f 4321 4322 4266
f 4266 4322 4317
f 4323 4324 4266
f 4324 4325 4266
f 4266 4325 4320
f 4326 4327 4266
f 4327 4328 4266
f 4266 4328 4323
f 4329 4330 4266
f 4330 4331 4266
f 4266 4331 4326
f 4332 4333 4266
f 4333 4334 4266
f 4266 4334 4329
f 4268 4335 4266
f 4335 4336 4266
f 4266 4336 4332
f 4267 731 4268
f 731 730 4268
f 4268 730 4335
f 730 563 4335
f 4335 563 4336
f 563 559 4336
f 4336 559 4332
f 559 558 4332
f 4332 558 4333
f 558 569 4333
f 4333 569 4334
f 569 568 4334
f 4334 568 4329
f 568 567 4329
f 4329 567 4330
f 567 564 4330
f 4330 564 4331
f 564 565 4331
f 4331 565 4326
f 565 566 4326
f 4326 566 4327
f 566 562 4327
f 4327 562 4328
f 562 561 4328
f 4328 561 4323
f 561 560 4323
f 4323 560 4324
f 560 557 4324
f 4324 557 4325
f 557 556 4325
f 4325 556 4320
f 556 555 4320
f 4320 555 4321
f 555 551 4321
f 4321 551 4322
f 551 552 4322
f 4322 552 4317
f 552 553 4317
f 4317 553 4318
f 553 554 4318
f 4318 554 4319
f 554 550 4319
f 4319 550 4314
f 550 549 4314
f 4314 549 4315
f 549 548 4315
f 4315 548 4316
f 548 544 4316
f 4316 544 4311
f 544 543 4311
f 4311 543 4312
f 543 542 4312
f 4312 542 4313
f 542 547 4313
f 4313 547 4308
f 547 546 4308
f 4308 546 4309
f 546 545 4309
f 4309 545 4310
f 545 539 4310
f 4310 539 4305
f 539 540 4305
f 4305 540 4306
f 540 541 4306
f 4306 541 4307
f 541 535 4307
f 4307 535 4302
f 535 536 4302
f 4302 536 4303
f 536 537 4303
f 4303 537 4304
f 537 538 4304
f 4304 538 4299
f 538 534 4299
f 4299 534 4300
f 534 755 4300
f 4300 755 4301
f 755 754 4301
f 4301 754 4296
f 754 752 4296
f 4296 752 4297
f 752 751 4297
f 4297 751 4298
f 751 750 4298
f 4298 750 4293
f 750 729 4293
f 4293 729 4294
f 729 728 4294
f 4294 728 4295
f 728 749 4295
f 4295 749 4290
f 749 748 4290
f 4290 748 4291
f 748 747 4291
f 4291 747 4292
f 747 743 4292
f 4292 743 4287
f 743 741 4287
f 4287 741 4288
f 741 753 4288
f 4288 753 4289
f 753 738 4289
f 4289 738 4284
f 738 737 4284
f 4284 737 4285
f 737 761 4285
f 4285 761 4286
f 761 763 4286
f 4286 763 4281
f 763 766 4281
f 4281 766 4282
f 766 765 4282
f 4282 765 4283
f 765 764 4283
f 4283 764 4278
f 764 759 4278
f 4278 759 4279
f 759 758 4279
f 4279 758 4280
f 758 757 4280
f 4280 757 4275
f 757 769 4275
f 4275 769 4276
f 769 768 4276
f 4276 768 4277
f 768 767 4277
f 4277 767 4272
f 767 746 4272
f 4272 746 4273
f 746 745 4273
f 4273 745 4274
f 745 744 4274
f 4274 744 4269
f 744 736 4269
f 4269 736 4270
f 736 735 4270
f 4270 735 4271
f 735 734 4271
f 4271 734 4264
f 734 733 4264
f 4264 733 4265
f 733 732 4265
f 4265 732 4267
f 732 731 4267
f 4337 4338 4339
f 4338 4340 4339
f 4339 4340 4341
f 4342 4343 4339
f 4343 4344 4339
f 4339 4344 4337
f 4345 4346 4339
f 4346 4347 4339
f 4339 4347 4342
f 4348 4349 4339
f 4349 4350 4339
f 4339 4350 4345
f 4351 4352 4339
f 4352 4353 4339
f 4339 4353 4348
f 4354 4355 4339
f 4355 4356 4339
f 4339 4356 4351
f 4357 4358 4339
f 4358 4359 4339
f 4339 4359 4354
f 4360 4361 4339
f 4361 4362 4339
f 4339 4362 4357
f 4363 4364 4339
f 4364 4365 4339
f 4339 4365 4360
f 4366 4367 4339
f 4367 4368 4339
f 4339 4368 4363
f 4369 4370 4339
f 4370 4371 4339
f 4339 4371 4366
f 4372 4373 4339
f 4373 4374 4339
f 4339 4374 4369
f 4375 4376 4339
f 4376 4377 4339
f 4339 4377 4372
f 4378 4379 4339
f 4379 4380 4339
f 4339 4380 4375
f 4381 4382 4339
f 4382 4383 4339
f 4339 4383 4378
f 4384 4385 4339
f 4385 4386 4339
f 4339 4386 4381
f 4387 4388 4339
f 4388 4389 4339
f 4339 4389 4384
f 4390 4391 4339
f 4391 4392 4339
f 4339 4392 4387
f 4393 4394 4339
f 4394 4395 4339
f 4339 4395 4390
f 4396 4397 4339
f 4397 4398 4339
f 4339 4398 4393
f 4399 4400 4339
f 4400 4401 4339
f 4339 4401 4396
f 4402 4403 4339
f 4403 4404 4339
f 4339 4404 4399
f 4405 4406 4339
f 4406 4407 4339
f 4339 4407 4402
f 4341 4408 4339
f 4408 4409 4339
f 4339 4409 4405
f 4340 528 4341
f 528 527 4341
f 4341 527 4408
f 527 526 4408
f 4408 526 4409
f 526 525 4409
f 4409 525 4405
f 525 524 4405
f 4405 524 4406
f 524 523 4406
f 4406 523 4407
f 523 522 4407
f 4407 522 4402
f 522 521 4402
f 4402 521 4403
f 521 512 4403
f 4403 512 4404
f 512 511 4404
f 4404 511 4399
f 511 510 4399
f 4399 510 4400
f 510 465 4400
f 4400 465 4401
f 465 464 4401
f 4401 464 4396
f 464 481 4396
f 4396 481 4397
f 481 498 4397
f 4397 498 4398
f 498 497 4398
f 4398 497 4393
f 497 496 4393
f 4393 496 4394
f 496 463 4394
f 4394 463 4395
f 463 462 4395
f 4395 462 4390
f 462 461 4390
f 4390 461 4391
f 461 460 4391
f 4391 460 4392
f 460 495 4392
f 4392 495 4387
f 495 494 4387
f 4387 494 4388
f 494 493 4388
f 4388 493 4389
f 493 480 4389
f 4389 480 4384
f 480 479 4384
f 4384 479 4385
f 479 478 4385
f 4385 478 4386
f 478 509 4386
f 4386 509 4381
f 509 508 4381
f 4381 508 4382
f 508 507 4382
f 4382 507 4383
f 507 506 4383
f 4383 506 4378
f 506 519 4378
f 4378 519 4379
f 519 520 4379
f 4379 520 4380
f 520 533 4380
f 4380 533 4375
f 533 532 4375
f 4375 532 4376
f 532 531 4376
f 4376 531 4377
f 531 505 4377
f 4377 505 4372
f 505 504 4372
f 4372 504 4373
f 504 518 4373
f 4373 518 4374
f 518 517 4374
f 4374 517 4369
f 517 516 4369
f 4369 516 4370
f 516 515 4370
f 4370 515 4371
f 515 514 4371
f 4371 514 4366
f 514 513 4366
f 4366 513 4367
f 513 492 4367
f 4367 492 4368
f 492 491 4368
f 4368 491 4363
f 491 490 4363
f 4363 490 4364
f 490 477 4364
f 4364 477 4365
f 477 476 4365
f 4365 476 4360
f 476 475 4360
f 4360 475 4361
f 475 474 4361
f 4361 474 4362
f 474 473 4362
f 4362 473 4357
f 473 471 4357
f 4357 471 4358
f 471 470 4358
f 4358 470 4359
f 470 489 4359
f 4359 489 4354
f 489 488 4354
f 4354 488 4355
f 488 500 4355
f 4355 500 4356
f 500 499 4356
f 4356 499 4351
f 499 487 4351
f 4351 487 4352
f 487 486 4352
f 4352 486 4353
f 486 485 4353
f 4353 485 4348
f 485 484 4348
f 4348 484 4349
f 484 483 4349
f 4349 483 4350
f 483 482 4350
f 4350 482 4345
f 482 469 4345
f 4345 469 4346
f 469 467 4346
f 4346 467 4347
f 467 466 4347
f 4347 466 4342
f 466 503 4342
f 4342 503 4343
f 503 502 4343
f 4343 502 4344
f 502 501 4344
f 4344 501 4337
f 501 530 4337
f 4337 530 4338
f 530 529 4338
f 4338 529 4340
f 529 528 4340
f 4410 4411 4412
f 4411 4413 4412
f 4412 4413 4414
f 4415 4416 4412
f 4416 4417 4412
f 4412 4417 4410
f 4418 4419 4412
f 4419 4420 4412
f 4412 4420 4415
f 4421 4422 4412
f 4422 4423 4412
f 4412 4423 4418
f 4424 4425 4412
f 4425 4426 4412
f 4412 4426 4421
f 4427 4428 4412
f 4428 4429 4412
f 4412 4429 4424
f 4430 4431 4412
f 4431 4432 4412
f 4412 4432 4427
f 4433 4434 4412
f 4434 4435 4412
f 4412 4435 4430
f 4436 4437 4412
f 4437 4438 4412
f 4412 4438 4433
f 4439 4440 4412
f 4440 4441 4412
f 4412 4441 4436
f 4442 4443 4412
f 4443 4444 4412
f 4412 4444 4439
f 4445 4446 4412
f 4446 4447 4412
f 4412 4447 4442
f 4448 4449 4412
f 4449 4450 4412
f 4412 4450 4445
f 4451 4452 4412
f 4452 4453 4412
f 4412 4453 4448
f 4454 4455 4412
f 4455 4456 4412
f 4412 4456 4451
f 4457 4458 4412
f 4458 4459 4412
f 4412 4459 4454
f 4460 4461 4412
f 4461 4462 4412
f 4412 4462 4457
f 4463 4464 4412
f 4464 4465 4412
f 4412 4465 4460
f 4466 4467 4412
f 4467 4468 4412
f 4412 4468 4463
f 4469 4470 4412
f 4470 4471 4412
f 4412 4471 4466
f 4472 4473 4412
f 4473 4474 4412
f 4412 4474 4469
f 4475 4476 4412
f 4476 4477 4412
f 4412 4477 4472
f 4478 4479 4412
f 4479 4480 4412
f 4412 4480 4475
f 4414 4481 4412
f 4481 4482 4412
f 4412 4482 4478
f 4413 783 4414
f 783 782 4414
f 4414 782 4481
f 782 453 4481
f 4481 453 4482
f 453 449 4482
f 4482 449 4478
f 449 448 4478
f 4478 448 4479
f 448 459 4479
f 4479 459 4480
f 459 458 4480
f 4480 458 4475
f 458 457 4475
f 4475 457 4476
f 457 454 4476
f 4476 454 4477
f 454 455 4477
f 4477 455 4472
f 455 456 4472
f 4472 456 4473
f 456 452 4473
f 4473 452 4474
f 452 451 4474
f 4474 451 4469
f 451 450 4469
f 4469 450 4470
f 450 447 4470
f 4470 447 4471
f 447 446 4471
f 4471 446 4466
f 446 445 4466
f 4466 445 4467
f 445 924 4467
f 4467 924 4468
f 924 923 4468
f 4468 923 4463
f 923 922 4463
f 4463 922 4464
f 922 921 4464
f 4464 921 4465
f 921 920 4465
f 4465 920 4460
f 920 932 4460
f 4460 932 4461
f 932 931 4461
f 4461 931 4462
f 931 930 4462
f 4462 930 4457
f 930 929 4457
f 4457 929 4458
f 929 928 4458
f 4458 928 4459
f 928 927 4459
f 4459 927 4454
f 927 926 4454
f 4454 926 4455
f 926 925 4455
f 4455 925 4456
f 925 915 4456
f 4456 915 4451
f 915 914 4451
f 4451 914 4452
f 914 919 4452
f 4452 919 4453
f 919 918 4453
f 4453 918 4448
f 918 917 4448
f 4448 917 4449
f 917 913 4449
f 4449 913 4450
f 913 912 4450
f 4450 912 4445
f 912 916 4445
f 4445 916 4446
f 916 803 4446
f 4446 803 4447
f 803 802 4447
f 4447 802 4442
f 802 801 4442
f 4442 801 4443
f 801 800 4443
f 4443 800 4444
f 800 799 4444
f 4444 799 4439
f 799 798 4439
f 4439 798 4440
f 798 793 4440
f 4440 793 4441
f 793 792 4441
f 4441 792 4436
f 792 797 4436
f 4436 797 4437
f 797 796 4437
f 4437 796 4438
f 796 815 4438
f 4438 815 4433
f 815 814 4433
f 4433 814 4434
f 814 813 4434
f 4434 813 4435
f 813 806 4435
f 4435 806 4430
f 806 822 4430
f 4430 822 4431
f 822 821 4431
f 4431 821 4432
f 821 820 4432
f 4432 820 4427
f 820 819 4427
f 4427 819 4428
f 819 817 4428
f 4428 817 4429
f 817 816 4429
f 4429 816 4424
f 816 811 4424
f 4424 811 4425
f 811 810 4425
f 4425 810 4426
f 810 808 4426
f 4426 808 4421
f 808 807 4421
f 4421 807 4422
f 807 795 4422
f 4422 795 4423
f 795 794 4423
f 4423 794 4418
f 794 791 4418
f 4418 791 4419
f 791 790 4419
f 4419 790 4420
f 790 789 4420
f 4420 789 4415
f 789 788 4415
f 4415 788 4416
f 788 787 4416
f 4416 787 4417
f 787 786 4417
f 4417 786 4410
f 786 785 4410
f 4410 785 4411
f 785 784 4411
f 4411 784 4413
f 784 783 4413
f 2710 2711 4483
f 2711 2640 4483
f 4483 2640 2641
f 2707 2708 4483
f 2708 2709 4483
f 4483 2709 2710
f 2704 2705 4483
f 2705 2706 4483
f 4483 2706 2707
f 2701 2702 4483
f 2702 2703 4483
f 4483 2703 2704
f 2698 2699 4483
f 2699 2700 4483
f 4483 2700 2701
f 2695 2696 4483
f 2696 2697 4483
f 4483 2697 2698
f 2692 2693 4483
f 2693 2694 4483
f 4483 2694 2695
f 2689 2690 4483
f 2690 2691 4483
f 4483 2691 2692
f 2686 2687 4483
f 2687 2688 4483
f 4483 2688 2689
f 2683 2684 4483
f 2684 2685 4483
f 4483 2685 2686
f 2680 2681 4483
f 2681 2682 4483
f 4483 2682 2683
f 2677 2678 4483
f 2678 2679 4483
f 4483 2679 2680
f 2674 2675 4483
f 2675 2676 4483
f 4483 2676 2677
f 2671 2672 4483
f 2672 2673 4483
f 4483 2673 2674
f 2668 2669 4483
f 2669 2670 4483
f 4483 2670 2671
f 2665 2666 4483
f 2666 2667 4483
f 4483 2667 2668
f 2662 2663 4483
f 2663 2664 4483
f 4483 2664 2665
f 2659 2660 4483
f 2660 2661 4483
f 4483 2661 2662
f 2656 2657 4483
f 2657 2658 4483
f 4483 2658 2659
f 2653 2654 4483
f 2654 2655 4483
f 4483 2655 2656
f 2650 2651 4483
f 2651 2652 4483
f 4483 2652 2653
f 2647 2648 4483
f 2648 2649 4483
f 4483 2649 2650
f 2644 2645 4483
f 2645 2646 4483
f 4483 2646 2647
f 2641 2642 4483
f 2642 2643 4483
f 4483 2643 2644

