# https://github.com/mikedh/trimesh
v 0.02643801 -0.20766199 0.12580000
v 0.02643801 -0.20766199 0.12100000
v 0.02640339 -0.20845510 0.12580000
v 0.02640339 -0.20845510 0.12100000
v 0.02629977 -0.20924218 0.12580000
v 0.02629977 -0.20924218 0.12100000
v 0.02612794 -0.21001723 0.12580000
v 0.02612794 -0.21001723 0.12100000
v 0.02588922 -0.21077436 0.12580000
v 0.02588922 -0.21077436 0.12100000
v 0.02558541 -0.21150781 0.12580000
v 0.02558541 -0.21150781 0.12100000
v 0.02521885 -0.21221198 0.12580000
v 0.02521885 -0.21221198 0.12100000
v 0.02479230 -0.21288154 0.12580000
v 0.02479230 -0.21288154 0.12100000
v 0.02430902 -0.21351135 0.12580000
v 0.02430902 -0.21351135 0.12100000
v 0.02377269 -0.21409665 0.12580000
v 0.02377269 -0.21409665 0.12100000
v 0.02318738 -0.21463299 0.12580000
v 0.02318738 -0.21463299 0.12100000
v 0.02255756 -0.21511626 0.12580000
v 0.02255756 -0.21511626 0.12100000
v 0.02188801 -0.21554282 0.12580000
v 0.02188801 -0.21554282 0.12100000
v 0.02118384 -0.21590939 0.12580000
v 0.02118384 -0.21590939 0.12100000
v 0.02045040 -0.21621318 0.12580000
v 0.02045040 -0.21621318 0.12100000
v 0.01969327 -0.21645191 0.12580000
v 0.01969327 -0.21645191 0.12100000
v 0.01891821 -0.21662374 0.12580000
v 0.01891821 -0.21662374 0.12100000
v 0.01813113 -0.21672736 0.12580000
v 0.01813113 -0.21672736 0.12100000
v 0.01733802 -0.21676199 0.12580000
v 0.01733802 -0.21676199 0.12100000
v 0.01654490 -0.21672736 0.12580000
v 0.01654490 -0.21672736 0.12100000
v 0.01575782 -0.21662374 0.12580000
v 0.01575782 -0.21662374 0.12100000
v 0.01498276 -0.21645191 0.12580000
v 0.01498276 -0.21645191 0.12100000
v 0.01422563 -0.21621318 0.12580000
v 0.01422563 -0.21621318 0.12100000
v 0.01349219 -0.21590939 0.12580000
v 0.01349219 -0.21590939 0.12100000
v 0.01278801 -0.21554282 0.12580000
v 0.01278801 -0.21554282 0.12100000
v 0.01211847 -0.21511626 0.12580000
v 0.01211847 -0.21511626 0.12100000
v 0.01148865 -0.21463299 0.12580000
v 0.01148865 -0.21463299 0.12100000
v 0.01090334 -0.21409665 0.12580000
v 0.01090334 -0.21409665 0.12100000
v 0.01036701 -0.21351135 0.12580000
v 0.01036701 -0.21351135 0.12100000
v 0.00988373 -0.21288154 0.12580000
v 0.00988373 -0.21288154 0.12100000
v 0.00945718 -0.21221198 0.12580000
v 0.00945718 -0.21221198 0.12100000
v 0.00909061 -0.21150781 0.12580000
v 0.00909061 -0.21150781 0.12100000
v 0.00878681 -0.21077436 0.12580000
v 0.00878681 -0.21077436 0.12100000
v 0.00854809 -0.21001723 0.12580000
v 0.00854809 -0.21001723 0.12100000
v 0.00837626 -0.20924218 0.12580000
v 0.00837626 -0.20924218 0.12100000
v 0.00827264 -0.20845510 0.12580000
v 0.00827264 -0.20845510 0.12100000
v 0.00823801 -0.20766199 0.12580000
v 0.00823801 -0.20766199 0.12100000
v 0.00827264 -0.20686887 0.12580000
v 0.00827264 -0.20686887 0.12100000
v 0.00837626 -0.20608179 0.12580000
v 0.00837626 -0.20608179 0.12100000
v 0.00854809 -0.20530674 0.12580000
v 0.00854809 -0.20530674 0.12100000
v 0.00878681 -0.20454960 0.12580000
v 0.00878681 -0.20454960 0.12100000
v 0.00909061 -0.20381616 0.12580000
v 0.00909061 -0.20381616 0.12100000
v 0.00945718 -0.20311199 0.12580000
v 0.00945718 -0.20311199 0.12100000
v 0.00988373 -0.20244244 0.12580000
v 0.00988373 -0.20244244 0.12100000
v 0.01036701 -0.20181262 0.12580000
v 0.01036701 -0.20181262 0.12100000
v 0.01090334 -0.20122731 0.12580000
v 0.01090334 -0.20122731 0.12100000
v 0.01148865 -0.20069098 0.12580000
v 0.01148865 -0.20069098 0.12100000
v 0.01211847 -0.20020770 0.12580000
v 0.01211847 -0.20020770 0.12100000
v 0.01278801 -0.19978115 0.12580000
v 0.01278801 -0.19978115 0.12100000
v 0.01349219 -0.19941458 0.12580000
v 0.01349219 -0.19941458 0.12100000
v 0.01422563 -0.19911078 0.12580000
v 0.01422563 -0.19911078 0.12100000
v 0.01498276 -0.19887206 0.12580000
v 0.01498276 -0.19887206 0.12100000
v 0.01575782 -0.19870023 0.12580000
v 0.01575782 -0.19870023 0.12100000
v 0.01654490 -0.19859661 0.12580000
v 0.01654490 -0.19859661 0.12100000
v 0.01733802 -0.19856198 0.12580000
v 0.01733802 -0.19856198 0.12100000
v 0.01813113 -0.19859661 0.12580000
v 0.01813113 -0.19859661 0.12100000
v 0.01891821 -0.19870023 0.12580000
v 0.01891821 -0.19870023 0.12100000
v 0.01969327 -0.19887206 0.12580000
v 0.01969327 -0.19887206 0.12100000
v 0.02045040 -0.19911078 0.12580000
v 0.02045040 -0.19911078 0.12100000
v 0.02118384 -0.19941458 0.12580000
v 0.02118384 -0.19941458 0.12100000
v 0.02188801 -0.19978115 0.12580000
v 0.02188801 -0.19978115 0.12100000
v 0.02255756 -0.20020770 0.12580000
v 0.02255756 -0.20020770 0.12100000
v 0.02318738 -0.20069098 0.12580000
v 0.02318738 -0.20069098 0.12100000
v 0.02377269 -0.20122731 0.12580000
v 0.02377269 -0.20122731 0.12100000
v 0.02430902 -0.20181262 0.12580000
v 0.02430902 -0.20181262 0.12100000
v 0.02479230 -0.20244244 0.12580000
v 0.02479230 -0.20244244 0.12100000
v 0.02521885 -0.20311199 0.12580000
v 0.02521885 -0.20311199 0.12100000
v 0.02558541 -0.20381616 0.12580000
v 0.02558541 -0.20381616 0.12100000
v 0.02588922 -0.20454960 0.12580000
v 0.02588922 -0.20454960 0.12100000
v 0.02612794 -0.20530674 0.12580000
v 0.02612794 -0.20530674 0.12100000
v 0.02629977 -0.20608179 0.12580000
v 0.02629977 -0.20608179 0.12100000
v 0.02640339 -0.20686887 0.12580000
v 0.02640339 -0.20686887 0.12100000
v 0.01733802 -0.20766199 0.12580000
v 0.01733802 -0.20766199 0.12100000
v 0.00233801 -0.24808802 0.08271874
v -0.02766198 -0.24808802 0.08271874
v 0.00233801 -0.24809752 0.08250085
v -0.02766198 -0.24809752 0.08250085
v 0.00233801 -0.24812600 0.08228461
v -0.02766198 -0.24812600 0.08228461
v 0.00233801 -0.24817319 0.08207168
v -0.02766198 -0.24817319 0.08207168
v 0.00233801 -0.24823879 0.08186369
v -0.02766198 -0.24823879 0.08186369
v 0.00233801 -0.24832225 0.08166219
v -0.02766198 -0.24832225 0.08166219
v 0.00233801 -0.24842295 0.08146873
v -0.02766198 -0.24842295 0.08146873
v 0.00233801 -0.24854013 0.08128479
v -0.02766198 -0.24854013 0.08128479
v 0.00233801 -0.24867290 0.08111177
v -0.02766198 -0.24867290 0.08111177
v 0.00233801 -0.24882025 0.08095097
v -0.02766198 -0.24882025 0.08095097
v 0.00233801 -0.24898104 0.08080363
v -0.02766198 -0.24898104 0.08080363
v 0.00233801 -0.24915408 0.08067086
v -0.02766198 -0.24915408 0.08067086
v 0.00233801 -0.24933802 0.08055367
v -0.02766198 -0.24933802 0.08055367
v 0.00233801 -0.24953146 0.08045296
v -0.02766198 -0.24953146 0.08045296
v 0.00233801 -0.24973296 0.08036950
v -0.02766198 -0.24973296 0.08036950
v 0.00233801 -0.24994096 0.08030392
v -0.02766198 -0.24994096 0.08030392
v 0.00233801 -0.25015390 0.08025672
v -0.02766198 -0.25015390 0.08025672
v 0.00233801 -0.25037012 0.08022825
v -0.02766198 -0.25037012 0.08022825
v 0.00233801 -0.25058800 0.08021873
v -0.02766198 -0.25058800 0.08021873
v 0.00233801 -0.25080591 0.08022825
v -0.02766198 -0.25080591 0.08022825
v 0.00233801 -0.25102213 0.08025672
v -0.02766198 -0.25102213 0.08025672
v 0.00233801 -0.25123507 0.08030392
v -0.02766198 -0.25123507 0.08030392
v 0.00233801 -0.25144306 0.08036950
v -0.02766198 -0.25144306 0.08036950
v 0.00233801 -0.25164455 0.08045296
v -0.02766198 -0.25164455 0.08045296
v 0.00233801 -0.25183803 0.08055367
v -0.02766198 -0.25183803 0.08055367
v 0.00233801 -0.25202197 0.08067086
v -0.02766198 -0.25202197 0.08067086
v 0.00233801 -0.25219497 0.08080363
v -0.02766198 -0.25219497 0.08080363
v 0.00233801 -0.25235578 0.08095097
v -0.02766198 -0.25235578 0.08095097
v 0.00233801 -0.25250313 0.08111177
v -0.02766198 -0.25250313 0.08111177
v 0.00233801 -0.25263590 0.08128479
v -0.02766198 -0.25263590 0.08128479
v 0.00233801 -0.25275308 0.08146873
v -0.02766198 -0.25275308 0.08146873
v 0.00233801 -0.25285378 0.08166219
v -0.02766198 -0.25285378 0.08166219
v 0.00233801 -0.25293726 0.08186369
v -0.02766198 -0.25293726 0.08186369
v 0.00233801 -0.25300282 0.08207168
v -0.02766198 -0.25300282 0.08207168
v 0.00233801 -0.25305003 0.08228461
v -0.02766198 -0.25305003 0.08228461
v 0.00233801 -0.25307849 0.08250085
v -0.02766198 -0.25307849 0.08250085
v 0.00233801 -0.25308803 0.08271874
v -0.02766198 -0.25308803 0.08271874
v 0.00233801 -0.25307849 0.08293662
v -0.02766198 -0.25307849 0.08293662
v 0.00233801 -0.25305003 0.08315285
v -0.02766198 -0.25305003 0.08315285
v 0.00233801 -0.25300282 0.08336578
v -0.02766198 -0.25300282 0.08336578
v 0.00233801 -0.25293726 0.08357379
v -0.02766198 -0.25293726 0.08357379
v 0.00233801 -0.25285378 0.08377528
v -0.02766198 -0.25285378 0.08377528
v 0.00233801 -0.25275308 0.08396874
v -0.02766198 -0.25275308 0.08396874
v 0.00233801 -0.25263590 0.08415268
v -0.02766198 -0.25263590 0.08415268
v 0.00233801 -0.25250313 0.08432570
v -0.02766198 -0.25250313 0.08432570
v 0.00233801 -0.25235578 0.08448650
v -0.02766198 -0.25235578 0.08448650
v 0.00233801 -0.25219497 0.08463384
v -0.02766198 -0.25219497 0.08463384
v 0.00233801 -0.25202197 0.08476661
v -0.02766198 -0.25202197 0.08476661
v 0.00233801 -0.25183803 0.08488380
v -0.02766198 -0.25183803 0.08488380
v 0.00233801 -0.25164455 0.08498450
v -0.02766198 -0.25164455 0.08498450
v 0.00233801 -0.25144306 0.08506797
v -0.02766198 -0.25144306 0.08506797
v 0.00233801 -0.25123507 0.08513355
v -0.02766198 -0.25123507 0.08513355
v 0.00233801 -0.25102213 0.08518075
v -0.02766198 -0.25102213 0.08518075
v 0.00233801 -0.25080591 0.08520922
v -0.02766198 -0.25080591 0.08520922
v 0.00233801 -0.25058800 0.08521874
v -0.02766198 -0.25058800 0.08521874
v 0.00233801 -0.25037012 0.08520922
v -0.02766198 -0.25037012 0.08520922
v 0.00233801 -0.25015390 0.08518075
v -0.02766198 -0.25015390 0.08518075
v 0.00233801 -0.24994096 0.08513355
v -0.02766198 -0.24994096 0.08513355
v 0.00233801 -0.24973296 0.08506797
v -0.02766198 -0.24973296 0.08506797
v 0.00233801 -0.24953146 0.08498450
v -0.02766198 -0.24953146 0.08498450
v 0.00233801 -0.24933802 0.08488380
v -0.02766198 -0.24933802 0.08488380
v 0.00233801 -0.24915408 0.08476661
v -0.02766198 -0.24915408 0.08476661
v 0.00233801 -0.24898104 0.08463384
v -0.02766198 -0.24898104 0.08463384
v 0.00233801 -0.24882025 0.08448650
v -0.02766198 -0.24882025 0.08448650
v 0.00233801 -0.24867290 0.08432570
v -0.02766198 -0.24867290 0.08432570
v 0.00233801 -0.24854013 0.08415268
v -0.02766198 -0.24854013 0.08415268
v 0.00233801 -0.24842295 0.08396874
v -0.02766198 -0.24842295 0.08396874
v 0.00233801 -0.24832225 0.08377528
v -0.02766198 -0.24832225 0.08377528
v 0.00233801 -0.24823879 0.08357379
v -0.02766198 -0.24823879 0.08357379
v 0.00233801 -0.24817319 0.08336578
v -0.02766198 -0.24817319 0.08336578
v 0.00233801 -0.24812600 0.08315285
v -0.02766198 -0.24812600 0.08315285
v 0.00233801 -0.24809752 0.08293662
v -0.02766198 -0.24809752 0.08293662
v 0.00233801 -0.25058800 0.08271874
v -0.02766198 -0.16723596 0.08271874
v 0.00233801 -0.16723596 0.08271874
v -0.02766198 -0.16722645 0.08250085
v 0.00233801 -0.16722645 0.08250085
v -0.02766198 -0.16719797 0.08228461
v 0.00233801 -0.16719797 0.08228461
v -0.02766198 -0.16715077 0.08207168
v 0.00233801 -0.16715077 0.08207168
v -0.02766198 -0.16708519 0.08186369
v 0.00233801 -0.16708519 0.08186369
v -0.02766198 -0.16700172 0.08166219
v 0.00233801 -0.16700172 0.08166219
v -0.02766198 -0.16690102 0.08146873
v 0.00233801 -0.16690102 0.08146873
v -0.02766198 -0.16678384 0.08128479
v 0.00233801 -0.16678384 0.08128479
v -0.02766198 -0.16665107 0.08111177
v 0.00233801 -0.16665107 0.08111177
v -0.02766198 -0.16650373 0.08095097
v 0.00233801 -0.16650373 0.08095097
v -0.02766198 -0.16634293 0.08080363
v 0.00233801 -0.16634293 0.08080363
v -0.02766198 -0.16616990 0.08067086
v 0.00233801 -0.16616990 0.08067086
v -0.02766198 -0.16598596 0.08055367
v 0.00233801 -0.16598596 0.08055367
v -0.02766198 -0.16579251 0.08045296
v 0.00233801 -0.16579251 0.08045296
v -0.02766198 -0.16559100 0.08036950
v 0.00233801 -0.16559100 0.08036950
v -0.02766198 -0.16538301 0.08030392
v 0.00233801 -0.16538301 0.08030392
v -0.02766198 -0.16517007 0.08025672
v 0.00233801 -0.16517007 0.08025672
v -0.02766198 -0.16495384 0.08022825
v 0.00233801 -0.16495384 0.08022825
v -0.02766198 -0.16473596 0.08021873
v 0.00233801 -0.16473596 0.08021873
v -0.02766198 -0.16451807 0.08022825
v 0.00233801 -0.16451807 0.08022825
v -0.02766198 -0.16430184 0.08025672
v 0.00233801 -0.16430184 0.08025672
v -0.02766198 -0.16408890 0.08030392
v 0.00233801 -0.16408890 0.08030392
v -0.02766198 -0.16388091 0.08036950
v 0.00233801 -0.16388091 0.08036950
v -0.02766198 -0.16367941 0.08045296
v 0.00233801 -0.16367941 0.08045296
v -0.02766198 -0.16348596 0.08055367
v 0.00233801 -0.16348596 0.08055367
v -0.02766198 -0.16330202 0.08067086
v 0.00233801 -0.16330202 0.08067086
v -0.02766198 -0.16312899 0.08080363
v 0.00233801 -0.16312899 0.08080363
v -0.02766198 -0.16296819 0.08095097
v 0.00233801 -0.16296819 0.08095097
v -0.02766198 -0.16282085 0.08111177
v 0.00233801 -0.16282085 0.08111177
v -0.02766198 -0.16268808 0.08128479
v 0.00233801 -0.16268808 0.08128479
v -0.02766198 -0.16257089 0.08146873
v 0.00233801 -0.16257089 0.08146873
v -0.02766198 -0.16247019 0.08166219
v 0.00233801 -0.16247019 0.08166219
v -0.02766198 -0.16238673 0.08186369
v 0.00233801 -0.16238673 0.08186369
v -0.02766198 -0.16232114 0.08207168
v 0.00233801 -0.16232114 0.08207168
v -0.02766198 -0.16227394 0.08228461
v 0.00233801 -0.16227394 0.08228461
v -0.02766198 -0.16224547 0.08250085
v 0.00233801 -0.16224547 0.08250085
v -0.02766198 -0.16223596 0.08271874
v 0.00233801 -0.16223596 0.08271874
v -0.02766198 -0.16224547 0.08293662
v 0.00233801 -0.16224547 0.08293662
v -0.02766198 -0.16227394 0.08315285
v 0.00233801 -0.16227394 0.08315285
v -0.02766198 -0.16232114 0.08336578
v 0.00233801 -0.16232114 0.08336578
v -0.02766198 -0.16238673 0.08357379
v 0.00233801 -0.16238673 0.08357379
v -0.02766198 -0.16247019 0.08377528
v 0.00233801 -0.16247019 0.08377528
v -0.02766198 -0.16257089 0.08396874
v 0.00233801 -0.16257089 0.08396874
v -0.02766198 -0.16268808 0.08415268
v 0.00233801 -0.16268808 0.08415268
v -0.02766198 -0.16282085 0.08432570
v 0.00233801 -0.16282085 0.08432570
v -0.02766198 -0.16296819 0.08448650
v 0.00233801 -0.16296819 0.08448650
v -0.02766198 -0.16312899 0.08463384
v 0.00233801 -0.16312899 0.08463384
v -0.02766198 -0.16330202 0.08476661
v 0.00233801 -0.16330202 0.08476661
v -0.02766198 -0.16348596 0.08488380
v 0.00233801 -0.16348596 0.08488380
v -0.02766198 -0.16367941 0.08498450
v 0.00233801 -0.16367941 0.08498450
v -0.02766198 -0.16388091 0.08506797
v 0.00233801 -0.16388091 0.08506797
v -0.02766198 -0.16408890 0.08513355
v 0.00233801 -0.16408890 0.08513355
v -0.02766198 -0.16430184 0.08518075
v 0.00233801 -0.16430184 0.08518075
v -0.02766198 -0.16451807 0.08520922
v 0.00233801 -0.16451807 0.08520922
v -0.02766198 -0.16473596 0.08521874
v 0.00233801 -0.16473596 0.08521874
v -0.02766198 -0.16495384 0.08520922
v 0.00233801 -0.16495384 0.08520922
v -0.02766198 -0.16517007 0.08518075
v 0.00233801 -0.16517007 0.08518075
v -0.02766198 -0.16538301 0.08513355
v 0.00233801 -0.16538301 0.08513355
v -0.02766198 -0.16559100 0.08506797
v 0.00233801 -0.16559100 0.08506797
v -0.02766198 -0.16579251 0.08498450
v 0.00233801 -0.16579251 0.08498450
v -0.02766198 -0.16598596 0.08488380
v 0.00233801 -0.16598596 0.08488380
v -0.02766198 -0.16616990 0.08476661
v 0.00233801 -0.16616990 0.08476661
v -0.02766198 -0.16634293 0.08463384
v 0.00233801 -0.16634293 0.08463384
v -0.02766198 -0.16650373 0.08448650
v 0.00233801 -0.16650373 0.08448650
v -0.02766198 -0.16665107 0.08432570
v 0.00233801 -0.16665107 0.08432570
v -0.02766198 -0.16678384 0.08415268
v 0.00233801 -0.16678384 0.08415268
v -0.02766198 -0.16690102 0.08396874
v 0.00233801 -0.16690102 0.08396874
v -0.02766198 -0.16700172 0.08377528
v 0.00233801 -0.16700172 0.08377528
v -0.02766198 -0.16708519 0.08357379
v 0.00233801 -0.16708519 0.08357379
v -0.02766198 -0.16715077 0.08336578
v 0.00233801 -0.16715077 0.08336578
v -0.02766198 -0.16719797 0.08315285
v 0.00233801 -0.16719797 0.08315285
v -0.02766198 -0.16722645 0.08293662
v 0.00233801 -0.16722645 0.08293662
v 0.02033801 -0.11013100 0.01070000
v 0.02033801 -0.11013100 0.00070000
v 0.02032660 -0.11039246 0.01070000
v 0.02032660 -0.11039246 0.00070000
v 0.02029244 -0.11065194 0.01070000
v 0.02029244 -0.11065194 0.00070000
v 0.02023579 -0.11090745 0.01070000
v 0.02023579 -0.11090745 0.00070000
v 0.02015709 -0.11115705 0.01070000
v 0.02015709 -0.11115705 0.00070000
v 0.02005694 -0.11139885 0.01070000
v 0.02005694 -0.11139885 0.00070000
v 0.01993609 -0.11163099 0.01070000
v 0.01993609 -0.11163099 0.00070000
v 0.01979547 -0.11185172 0.01070000
v 0.01979547 -0.11185172 0.00070000
v 0.01963615 -0.11205935 0.01070000
v 0.01963615 -0.11205935 0.00070000
v 0.01945934 -0.11225231 0.01070000
v 0.01945934 -0.11225231 0.00070000
v 0.01926638 -0.11242913 0.01070000
v 0.01926638 -0.11242913 0.00070000
v 0.01905874 -0.11258845 0.01070000
v 0.01905874 -0.11258845 0.00070000
v 0.01883801 -0.11272907 0.01070000
v 0.01883801 -0.11272907 0.00070000
v 0.01860587 -0.11284991 0.01070000
v 0.01860587 -0.11284991 0.00070000
v 0.01836408 -0.11295007 0.01070000
v 0.01836408 -0.11295007 0.00070000
v 0.01811447 -0.11302877 0.01070000
v 0.01811447 -0.11302877 0.00070000
v 0.01785896 -0.11308542 0.01070000
v 0.01785896 -0.11308542 0.00070000
v 0.01759948 -0.11311958 0.01070000
v 0.01759948 -0.11311958 0.00070000
v 0.01733802 -0.11313099 0.01070000
v 0.01733802 -0.11313099 0.00070000
v 0.01707655 -0.11311958 0.01070000
v 0.01707655 -0.11311958 0.00070000
v 0.01681707 -0.11308542 0.01070000
v 0.01681707 -0.11308542 0.00070000
v 0.01656156 -0.11302877 0.01070000
v 0.01656156 -0.11302877 0.00070000
v 0.01631195 -0.11295007 0.01070000
v 0.01631195 -0.11295007 0.00070000
v 0.01607016 -0.11284991 0.01070000
v 0.01607016 -0.11284991 0.00070000
v 0.01583801 -0.11272907 0.01070000
v 0.01583801 -0.11272907 0.00070000
v 0.01561728 -0.11258845 0.01070000
v 0.01561728 -0.11258845 0.00070000
v 0.01540965 -0.11242913 0.01070000
v 0.01540965 -0.11242913 0.00070000
v 0.01521669 -0.11225231 0.01070000
v 0.01521669 -0.11225231 0.00070000
v 0.01503988 -0.11205935 0.01070000
v 0.01503988 -0.11205935 0.00070000
v 0.01488056 -0.11185172 0.01070000
v 0.01488056 -0.11185172 0.00070000
v 0.01473994 -0.11163099 0.01070000
v 0.01473994 -0.11163099 0.00070000
v 0.01461909 -0.11139885 0.01070000
v 0.01461909 -0.11139885 0.00070000
v 0.01451894 -0.11115705 0.01070000
v 0.01451894 -0.11115705 0.00070000
v 0.01444024 -0.11090745 0.01070000
v 0.01444024 -0.11090745 0.00070000
v 0.01438359 -0.11065194 0.01070000
v 0.01438359 -0.11065194 0.00070000
v 0.01434943 -0.11039246 0.01070000
v 0.01434943 -0.11039246 0.00070000
v 0.01433801 -0.11013100 0.01070000
v 0.01433801 -0.11013100 0.00070000
v 0.01434943 -0.10986952 0.01070000
v 0.01434943 -0.10986952 0.00070000
v 0.01438359 -0.10961005 0.01070000
v 0.01438359 -0.10961005 0.00070000
v 0.01444024 -0.10935453 0.01070000
v 0.01444024 -0.10935453 0.00070000
v 0.01451894 -0.10910493 0.01070000
v 0.01451894 -0.10910493 0.00070000
v 0.01461909 -0.10886314 0.01070000
v 0.01461909 -0.10886314 0.00070000
v 0.01473994 -0.10863099 0.01070000
v 0.01473994 -0.10863099 0.00070000
v 0.01488056 -0.10841026 0.01070000
v 0.01488056 -0.10841026 0.00070000
v 0.01503988 -0.10820263 0.01070000
v 0.01503988 -0.10820263 0.00070000
v 0.01521669 -0.10800967 0.01070000
v 0.01521669 -0.10800967 0.00070000
v 0.01540965 -0.10783286 0.01070000
v 0.01540965 -0.10783286 0.00070000
v 0.01561728 -0.10767353 0.01070000
v 0.01561728 -0.10767353 0.00070000
v 0.01583801 -0.10753292 0.01070000
v 0.01583801 -0.10753292 0.00070000
v 0.01607016 -0.10741207 0.01070000
v 0.01607016 -0.10741207 0.00070000
v 0.01631195 -0.10731191 0.01070000
v 0.01631195 -0.10731191 0.00070000
v 0.01656156 -0.10723322 0.01070000
v 0.01656156 -0.10723322 0.00070000
v 0.01681707 -0.10717657 0.01070000
v 0.01681707 -0.10717657 0.00070000
v 0.01707655 -0.10714241 0.01070000
v 0.01707655 -0.10714241 0.00070000
v 0.01733802 -0.10713099 0.01070000
v 0.01733802 -0.10713099 0.00070000
v 0.01759948 -0.10714241 0.01070000
v 0.01759948 -0.10714241 0.00070000
v 0.01785896 -0.10717657 0.01070000
v 0.01785896 -0.10717657 0.00070000
v 0.01811447 -0.10723322 0.01070000
v 0.01811447 -0.10723322 0.00070000
v 0.01836408 -0.10731191 0.01070000
v 0.01836408 -0.10731191 0.00070000
v 0.01860587 -0.10741207 0.01070000
v 0.01860587 -0.10741207 0.00070000
v 0.01883801 -0.10753292 0.01070000
v 0.01883801 -0.10753292 0.00070000
v 0.01905874 -0.10767353 0.01070000
v 0.01905874 -0.10767353 0.00070000
v 0.01926638 -0.10783286 0.01070000
v 0.01926638 -0.10783286 0.00070000
v 0.01945934 -0.10800967 0.01070000
v 0.01945934 -0.10800967 0.00070000
v 0.01963615 -0.10820263 0.01070000
v 0.01963615 -0.10820263 0.00070000
v 0.01979547 -0.10841026 0.01070000
v 0.01979547 -0.10841026 0.00070000
v 0.01993609 -0.10863099 0.01070000
v 0.01993609 -0.10863099 0.00070000
v 0.02005694 -0.10886314 0.01070000
v 0.02005694 -0.10886314 0.00070000
v 0.02015709 -0.10910493 0.01070000
v 0.02015709 -0.10910493 0.00070000
v 0.02023579 -0.10935453 0.01070000
v 0.02023579 -0.10935453 0.00070000
v 0.02029244 -0.10961005 0.01070000
v 0.02029244 -0.10961005 0.00070000
v 0.02032660 -0.10986952 0.01070000
v 0.02032660 -0.10986952 0.00070000
v 0.11542370 -0.22936468 0.01070000
v 0.11542370 -0.22936468 0.00070000
v 0.11541229 -0.22962613 0.01070000
v 0.11541229 -0.22962613 0.00070000
v 0.11537813 -0.22988562 0.01070000
v 0.11537813 -0.22988562 0.00070000
v 0.11532148 -0.23014113 0.01070000
v 0.11532148 -0.23014113 0.00070000
v 0.11524278 -0.23039073 0.01070000
v 0.11524278 -0.23039073 0.00070000
v 0.11514263 -0.23063253 0.01070000
v 0.11514263 -0.23063253 0.00070000
v 0.11502178 -0.23086467 0.01070000
v 0.11502178 -0.23086467 0.00070000
v 0.11488116 -0.23108540 0.01070000
v 0.11488116 -0.23108540 0.00070000
v 0.11472183 -0.23129304 0.01070000
v 0.11472183 -0.23129304 0.00070000
v 0.11454502 -0.23148599 0.01070000
v 0.11454502 -0.23148599 0.00070000
v 0.11435206 -0.23166281 0.01070000
v 0.11435206 -0.23166281 0.00070000
v 0.11414443 -0.23182213 0.01070000
v 0.11414443 -0.23182213 0.00070000
v 0.11392370 -0.23196276 0.01070000
v 0.11392370 -0.23196276 0.00070000
v 0.11369155 -0.23208360 0.01070000
v 0.11369155 -0.23208360 0.00070000
v 0.11344976 -0.23218375 0.01070000
v 0.11344976 -0.23218375 0.00070000
v 0.11320016 -0.23226245 0.01070000
v 0.11320016 -0.23226245 0.00070000
v 0.11294465 -0.23231910 0.01070000
v 0.11294465 -0.23231910 0.00070000
v 0.11268517 -0.23235326 0.01070000
v 0.11268517 -0.23235326 0.00070000
v 0.11242370 -0.23236467 0.01070000
v 0.11242370 -0.23236467 0.00070000
v 0.11216223 -0.23235326 0.01070000
v 0.11216223 -0.23235326 0.00070000
v 0.11190276 -0.23231910 0.01070000
v 0.11190276 -0.23231910 0.00070000
v 0.11164724 -0.23226245 0.01070000
v 0.11164724 -0.23226245 0.00070000
v 0.11139764 -0.23218375 0.01070000
v 0.11139764 -0.23218375 0.00070000
v 0.11115585 -0.23208360 0.01070000
v 0.11115585 -0.23208360 0.00070000
v 0.11092370 -0.23196276 0.01070000
v 0.11092370 -0.23196276 0.00070000
v 0.11070297 -0.23182213 0.01070000
v 0.11070297 -0.23182213 0.00070000
v 0.11049534 -0.23166281 0.01070000
v 0.11049534 -0.23166281 0.00070000
v 0.11030238 -0.23148599 0.01070000
v 0.11030238 -0.23148599 0.00070000
v 0.11012557 -0.23129304 0.01070000
v 0.11012557 -0.23129304 0.00070000
v 0.10996625 -0.23108540 0.01070000
v 0.10996625 -0.23108540 0.00070000
v 0.10982563 -0.23086467 0.01070000
v 0.10982563 -0.23086467 0.00070000
v 0.10970478 -0.23063253 0.01070000
v 0.10970478 -0.23063253 0.00070000
v 0.10960463 -0.23039073 0.01070000
v 0.10960463 -0.23039073 0.00070000
v 0.10952593 -0.23014113 0.01070000
v 0.10952593 -0.23014113 0.00070000
v 0.10946928 -0.22988562 0.01070000
v 0.10946928 -0.22988562 0.00070000
v 0.10943512 -0.22962613 0.01070000
v 0.10943512 -0.22962613 0.00070000
v 0.10942370 -0.22936468 0.01070000
v 0.10942370 -0.22936468 0.00070000
v 0.10943512 -0.22910321 0.01070000
v 0.10943512 -0.22910321 0.00070000
v 0.10946928 -0.22884373 0.01070000
v 0.10946928 -0.22884373 0.00070000
v 0.10952593 -0.22858821 0.01070000
v 0.10952593 -0.22858821 0.00070000
v 0.10960463 -0.22833861 0.01070000
v 0.10960463 -0.22833861 0.00070000
v 0.10970478 -0.22809681 0.01070000
v 0.10970478 -0.22809681 0.00070000
v 0.10982563 -0.22786467 0.01070000
v 0.10982563 -0.22786467 0.00070000
v 0.10996625 -0.22764394 0.01070000
v 0.10996625 -0.22764394 0.00070000
v 0.11012557 -0.22743630 0.01070000
v 0.11012557 -0.22743630 0.00070000
v 0.11030238 -0.22724335 0.01070000
v 0.11030238 -0.22724335 0.00070000
v 0.11049534 -0.22706655 0.01070000
v 0.11049534 -0.22706655 0.00070000
v 0.11070297 -0.22690722 0.01070000
v 0.11070297 -0.22690722 0.00070000
v 0.11092370 -0.22676660 0.01070000
v 0.11092370 -0.22676660 0.00070000
v 0.11115585 -0.22664575 0.01070000
v 0.11115585 -0.22664575 0.00070000
v 0.11139764 -0.22654560 0.01070000
v 0.11139764 -0.22654560 0.00070000
v 0.11164724 -0.22646689 0.01070000
v 0.11164724 -0.22646689 0.00070000
v 0.11190276 -0.22641025 0.01070000
v 0.11190276 -0.22641025 0.00070000
v 0.11216223 -0.22637609 0.01070000
v 0.11216223 -0.22637609 0.00070000
v 0.11242370 -0.22636467 0.01070000
v 0.11242370 -0.22636467 0.00070000
v 0.11268517 -0.22637609 0.01070000
v 0.11268517 -0.22637609 0.00070000
v 0.11294465 -0.22641025 0.01070000
v 0.11294465 -0.22641025 0.00070000
v 0.11320016 -0.22646689 0.01070000
v 0.11320016 -0.22646689 0.00070000
v 0.11344976 -0.22654560 0.01070000
v 0.11344976 -0.22654560 0.00070000
v 0.11369155 -0.22664575 0.01070000
v 0.11369155 -0.22664575 0.00070000
v 0.11392370 -0.22676660 0.01070000
v 0.11392370 -0.22676660 0.00070000
v 0.11414443 -0.22690722 0.01070000
v 0.11414443 -0.22690722 0.00070000
v 0.11435206 -0.22706655 0.01070000
v 0.11435206 -0.22706655 0.00070000
v 0.11454502 -0.22724335 0.01070000
v 0.11454502 -0.22724335 0.00070000
v 0.11472183 -0.22743630 0.01070000
v 0.11472183 -0.22743630 0.00070000
v 0.11488116 -0.22764394 0.01070000
v 0.11488116 -0.22764394 0.00070000
v 0.11502178 -0.22786467 0.01070000
v 0.11502178 -0.22786467 0.00070000
v 0.11514263 -0.22809681 0.01070000
v 0.11514263 -0.22809681 0.00070000
v 0.11524278 -0.22833861 0.01070000
v 0.11524278 -0.22833861 0.00070000
v 0.11532148 -0.22858821 0.01070000
v 0.11532148 -0.22858821 0.00070000
v 0.11537813 -0.22884373 0.01070000
v 0.11537813 -0.22884373 0.00070000
v 0.11541229 -0.22910321 0.01070000
v 0.11541229 -0.22910321 0.00070000
v 0.00098801 -0.30519298 0.01070000
v 0.00098801 -0.30519298 0.00070000
v 0.00097660 -0.30545443 0.01070000
v 0.00097660 -0.30545443 0.00070000
v 0.00094244 -0.30571392 0.01070000
v 0.00094244 -0.30571392 0.00070000
v 0.00088579 -0.30596945 0.01070000
v 0.00088579 -0.30596945 0.00070000
v 0.00080709 -0.30621904 0.01070000
v 0.00080709 -0.30621904 0.00070000
v 0.00070694 -0.30646083 0.01070000
v 0.00070694 -0.30646083 0.00070000
v 0.00058609 -0.30669299 0.01070000
v 0.00058609 -0.30669299 0.00070000
v 0.00044547 -0.30691370 0.01070000
v 0.00044547 -0.30691370 0.00070000
v 0.00028615 -0.30712134 0.01070000
v 0.00028615 -0.30712134 0.00070000
v 0.00010933 -0.30731431 0.01070000
v 0.00010933 -0.30731431 0.00070000
v -0.00008362 -0.30749112 0.01070000
v -0.00008362 -0.30749112 0.00070000
v -0.00029126 -0.30765045 0.01070000
v -0.00029126 -0.30765045 0.00070000
v -0.00051199 -0.30779105 0.01070000
v -0.00051199 -0.30779105 0.00070000
v -0.00074413 -0.30791190 0.01070000
v -0.00074413 -0.30791190 0.00070000
v -0.00098593 -0.30801207 0.01070000
v -0.00098593 -0.30801207 0.00070000
v -0.00123553 -0.30809075 0.01070000
v -0.00123553 -0.30809075 0.00070000
v -0.00149104 -0.30814740 0.01070000
v -0.00149104 -0.30814740 0.00070000
v -0.00175052 -0.30818155 0.01070000
v -0.00175052 -0.30818155 0.00070000
v -0.00201199 -0.30819297 0.01070000
v -0.00201199 -0.30819297 0.00070000
v -0.00227345 -0.30818155 0.01070000
v -0.00227345 -0.30818155 0.00070000
v -0.00253293 -0.30814740 0.01070000
v -0.00253293 -0.30814740 0.00070000
v -0.00278844 -0.30809075 0.01070000
v -0.00278844 -0.30809075 0.00070000
v -0.00303805 -0.30801207 0.01070000
v -0.00303805 -0.30801207 0.00070000
v -0.00327984 -0.30791190 0.01070000
v -0.00327984 -0.30791190 0.00070000
v -0.00351199 -0.30779105 0.01070000
v -0.00351199 -0.30779105 0.00070000
v -0.00373271 -0.30765045 0.01070000
v -0.00373271 -0.30765045 0.00070000
v -0.00394035 -0.30749112 0.01070000
v -0.00394035 -0.30749112 0.00070000
v -0.00413331 -0.30731431 0.01070000
v -0.00413331 -0.30731431 0.00070000
v -0.00431012 -0.30712134 0.01070000
v -0.00431012 -0.30712134 0.00070000
v -0.00446944 -0.30691370 0.01070000
v -0.00446944 -0.30691370 0.00070000
v -0.00461006 -0.30669299 0.01070000
v -0.00461006 -0.30669299 0.00070000
v -0.00473091 -0.30646083 0.01070000
v -0.00473091 -0.30646083 0.00070000
v -0.00483106 -0.30621904 0.01070000
v -0.00483106 -0.30621904 0.00070000
v -0.00490976 -0.30596945 0.01070000
v -0.00490976 -0.30596945 0.00070000
v -0.00496641 -0.30571392 0.01070000
v -0.00496641 -0.30571392 0.00070000
v -0.00500057 -0.30545443 0.01070000
v -0.00500057 -0.30545443 0.00070000
v -0.00501199 -0.30519298 0.01070000
v -0.00501199 -0.30519298 0.00070000
v -0.00500057 -0.30493152 0.01070000
v -0.00500057 -0.30493152 0.00070000
v -0.00496641 -0.30467203 0.01070000
v -0.00496641 -0.30467203 0.00070000
v -0.00490976 -0.30441651 0.01070000
v -0.00490976 -0.30441651 0.00070000
v -0.00483106 -0.30416691 0.01070000
v -0.00483106 -0.30416691 0.00070000
v -0.00473091 -0.30392513 0.01070000
v -0.00473091 -0.30392513 0.00070000
v -0.00461006 -0.30369297 0.01070000
v -0.00461006 -0.30369297 0.00070000
v -0.00446944 -0.30347225 0.01070000
v -0.00446944 -0.30347225 0.00070000
v -0.00431012 -0.30326462 0.01070000
v -0.00431012 -0.30326462 0.00070000
v -0.00413331 -0.30307165 0.01070000
v -0.00413331 -0.30307165 0.00070000
v -0.00394035 -0.30289483 0.01070000
v -0.00394035 -0.30289483 0.00070000
v -0.00373271 -0.30273551 0.01070000
v -0.00373271 -0.30273551 0.00070000
v -0.00351199 -0.30259490 0.01070000
v -0.00351199 -0.30259490 0.00070000
v -0.00327984 -0.30247405 0.01070000
v -0.00327984 -0.30247405 0.00070000
v -0.00303805 -0.30237389 0.01070000
v -0.00303805 -0.30237389 0.00070000
v -0.00278844 -0.30229521 0.01070000
v -0.00278844 -0.30229521 0.00070000
v -0.00253293 -0.30223855 0.01070000
v -0.00253293 -0.30223855 0.00070000
v -0.00227345 -0.30220440 0.01070000
v -0.00227345 -0.30220440 0.00070000
v -0.00201199 -0.30219299 0.01070000
v -0.00201199 -0.30219299 0.00070000
v -0.00175052 -0.30220440 0.01070000
v -0.00175052 -0.30220440 0.00070000
v -0.00149104 -0.30223855 0.01070000
v -0.00149104 -0.30223855 0.00070000
v -0.00123553 -0.30229521 0.01070000
v -0.00123553 -0.30229521 0.00070000
v -0.00098593 -0.30237389 0.01070000
v -0.00098593 -0.30237389 0.00070000
v -0.00074413 -0.30247405 0.01070000
v -0.00074413 -0.30247405 0.00070000
v -0.00051199 -0.30259490 0.01070000
v -0.00051199 -0.30259490 0.00070000
v -0.00029126 -0.30273551 0.01070000
v -0.00029126 -0.30273551 0.00070000
v -0.00008362 -0.30289483 0.01070000
v -0.00008362 -0.30289483 0.00070000
v 0.00010933 -0.30307165 0.01070000
v 0.00010933 -0.30307165 0.00070000
v 0.00028615 -0.30326462 0.01070000
v 0.00028615 -0.30326462 0.00070000
v 0.00044547 -0.30347225 0.01070000
v 0.00044547 -0.30347225 0.00070000
v 0.00058609 -0.30369297 0.01070000
v 0.00058609 -0.30369297 0.00070000
v 0.00070694 -0.30392513 0.01070000
v 0.00070694 -0.30392513 0.00070000
v 0.00080709 -0.30416691 0.01070000
v 0.00080709 -0.30416691 0.00070000
v 0.00088579 -0.30441651 0.01070000
v 0.00088579 -0.30441651 0.00070000
v 0.00094244 -0.30467203 0.01070000
v 0.00094244 -0.30467203 0.00070000
v 0.00097660 -0.30493152 0.01070000
v 0.00097660 -0.30493152 0.00070000
v 0.02033801 -0.30519298 0.01070000
v 0.02033801 -0.30519298 0.00070000
v 0.02032660 -0.30545443 0.01070000
v 0.02032660 -0.30545443 0.00070000
v 0.02029244 -0.30571392 0.01070000
v 0.02029244 -0.30571392 0.00070000
v 0.02023579 -0.30596945 0.01070000
v 0.02023579 -0.30596945 0.00070000
v 0.02015709 -0.30621904 0.01070000
v 0.02015709 -0.30621904 0.00070000
v 0.02005694 -0.30646083 0.01070000
v 0.02005694 -0.30646083 0.00070000
v 0.01993609 -0.30669299 0.01070000
v 0.01993609 -0.30669299 0.00070000
v 0.01979547 -0.30691370 0.01070000
v 0.01979547 -0.30691370 0.00070000
v 0.01963615 -0.30712134 0.01070000
v 0.01963615 -0.30712134 0.00070000
v 0.01945934 -0.30731431 0.01070000
v 0.01945934 -0.30731431 0.00070000
v 0.01926638 -0.30749112 0.01070000
v 0.01926638 -0.30749112 0.00070000
v 0.01905874 -0.30765045 0.01070000
v 0.01905874 -0.30765045 0.00070000
v 0.01883801 -0.30779105 0.01070000
v 0.01883801 -0.30779105 0.00070000
v 0.01860587 -0.30791190 0.01070000
v 0.01860587 -0.30791190 0.00070000
v 0.01836408 -0.30801207 0.01070000
v 0.01836408 -0.30801207 0.00070000
v 0.01811447 -0.30809075 0.01070000
v 0.01811447 -0.30809075 0.00070000
v 0.01785896 -0.30814740 0.01070000
v 0.01785896 -0.30814740 0.00070000
v 0.01759948 -0.30818155 0.01070000
v 0.01759948 -0.30818155 0.00070000
v 0.01733802 -0.30819297 0.01070000
v 0.01733802 -0.30819297 0.00070000
v 0.01707655 -0.30818155 0.01070000
v 0.01707655 -0.30818155 0.00070000
v 0.01681707 -0.30814740 0.01070000
v 0.01681707 -0.30814740 0.00070000
v 0.01656156 -0.30809075 0.01070000
v 0.01656156 -0.30809075 0.00070000
v 0.01631195 -0.30801207 0.01070000
v 0.01631195 -0.30801207 0.00070000
v 0.01607016 -0.30791190 0.01070000
v 0.01607016 -0.30791190 0.00070000
v 0.01583801 -0.30779105 0.01070000
v 0.01583801 -0.30779105 0.00070000
v 0.01561728 -0.30765045 0.01070000
v 0.01561728 -0.30765045 0.00070000
v 0.01540965 -0.30749112 0.01070000
v 0.01540965 -0.30749112 0.00070000
v 0.01521669 -0.30731431 0.01070000
v 0.01521669 -0.30731431 0.00070000
v 0.01503988 -0.30712134 0.01070000
v 0.01503988 -0.30712134 0.00070000
v 0.01488056 -0.30691370 0.01070000
v 0.01488056 -0.30691370 0.00070000
v 0.01473994 -0.30669299 0.01070000
v 0.01473994 -0.30669299 0.00070000
v 0.01461909 -0.30646083 0.01070000
v 0.01461909 -0.30646083 0.00070000
v 0.01451894 -0.30621904 0.01070000
v 0.01451894 -0.30621904 0.00070000
v 0.01444024 -0.30596945 0.01070000
v 0.01444024 -0.30596945 0.00070000
v 0.01438359 -0.30571392 0.01070000
v 0.01438359 -0.30571392 0.00070000
v 0.01434943 -0.30545443 0.01070000
v 0.01434943 -0.30545443 0.00070000
v 0.01433801 -0.30519298 0.01070000
v 0.01433801 -0.30519298 0.00070000
v 0.01434943 -0.30493152 0.01070000
v 0.01434943 -0.30493152 0.00070000
v 0.01438359 -0.30467203 0.01070000
v 0.01438359 -0.30467203 0.00070000
v 0.01444024 -0.30441651 0.01070000
v 0.01444024 -0.30441651 0.00070000
v 0.01451894 -0.30416691 0.01070000
v 0.01451894 -0.30416691 0.00070000
v 0.01461909 -0.30392513 0.01070000
v 0.01461909 -0.30392513 0.00070000
v 0.01473994 -0.30369297 0.01070000
v 0.01473994 -0.30369297 0.00070000
v 0.01488056 -0.30347225 0.01070000
v 0.01488056 -0.30347225 0.00070000
v 0.01503988 -0.30326462 0.01070000
v 0.01503988 -0.30326462 0.00070000
v 0.01521669 -0.30307165 0.01070000
v 0.01521669 -0.30307165 0.00070000
v 0.01540965 -0.30289483 0.01070000
v 0.01540965 -0.30289483 0.00070000
v 0.01561728 -0.30273551 0.01070000
v 0.01561728 -0.30273551 0.00070000
v 0.01583801 -0.30259490 0.01070000
v 0.01583801 -0.30259490 0.00070000
v 0.01607016 -0.30247405 0.01070000
v 0.01607016 -0.30247405 0.00070000
v 0.01631195 -0.30237389 0.01070000
v 0.01631195 -0.30237389 0.00070000
v 0.01656156 -0.30229521 0.01070000
v 0.01656156 -0.30229521 0.00070000
v 0.01681707 -0.30223855 0.01070000
v 0.01681707 -0.30223855 0.00070000
v 0.01707655 -0.30220440 0.01070000
v 0.01707655 -0.30220440 0.00070000
v 0.01733802 -0.30219299 0.01070000
v 0.01733802 -0.30219299 0.00070000
v 0.01759948 -0.30220440 0.01070000
v 0.01759948 -0.30220440 0.00070000
v 0.01785896 -0.30223855 0.01070000
v 0.01785896 -0.30223855 0.00070000
v 0.01811447 -0.30229521 0.01070000
v 0.01811447 -0.30229521 0.00070000
v 0.01836408 -0.30237389 0.01070000
v 0.01836408 -0.30237389 0.00070000
v 0.01860587 -0.30247405 0.01070000
v 0.01860587 -0.30247405 0.00070000
v 0.01883801 -0.30259490 0.01070000
v 0.01883801 -0.30259490 0.00070000
v 0.01905874 -0.30273551 0.01070000
v 0.01905874 -0.30273551 0.00070000
v 0.01926638 -0.30289483 0.01070000
v 0.01926638 -0.30289483 0.00070000
v 0.01945934 -0.30307165 0.01070000
v 0.01945934 -0.30307165 0.00070000
v 0.01963615 -0.30326462 0.01070000
v 0.01963615 -0.30326462 0.00070000
v 0.01979547 -0.30347225 0.01070000
v 0.01979547 -0.30347225 0.00070000
v 0.01993609 -0.30369297 0.01070000
v 0.01993609 -0.30369297 0.00070000
v 0.02005694 -0.30392513 0.01070000
v 0.02005694 -0.30392513 0.00070000
v 0.02015709 -0.30416691 0.01070000
v 0.02015709 -0.30416691 0.00070000
v 0.02023579 -0.30441651 0.01070000
v 0.02023579 -0.30441651 0.00070000
v 0.02029244 -0.30467203 0.01070000
v 0.02029244 -0.30467203 0.00070000
v 0.02032660 -0.30493152 0.01070000
v 0.02032660 -0.30493152 0.00070000
v 0.11542370 -0.18595929 0.01070000
v 0.11542370 -0.18595929 0.00070000
v 0.11541229 -0.18622077 0.01070000
v 0.11541229 -0.18622077 0.00070000
v 0.11537813 -0.18648024 0.01070000
v 0.11537813 -0.18648024 0.00070000
v 0.11532148 -0.18673575 0.01070000
v 0.11532148 -0.18673575 0.00070000
v 0.11524278 -0.18698536 0.01070000
v 0.11524278 -0.18698536 0.00070000
v 0.11514263 -0.18722716 0.01070000
v 0.11514263 -0.18722716 0.00070000
v 0.11502178 -0.18745930 0.01070000
v 0.11502178 -0.18745930 0.00070000
v 0.11488116 -0.18768002 0.01070000
v 0.11488116 -0.18768002 0.00070000
v 0.11472183 -0.18788765 0.01070000
v 0.11472183 -0.18788765 0.00070000
v 0.11454502 -0.18808062 0.01070000
v 0.11454502 -0.18808062 0.00070000
v 0.11435206 -0.18825743 0.01070000
v 0.11435206 -0.18825743 0.00070000
v 0.11414443 -0.18841675 0.01070000
v 0.11414443 -0.18841675 0.00070000
v 0.11392370 -0.18855737 0.01070000
v 0.11392370 -0.18855737 0.00070000
v 0.11369155 -0.18867822 0.01070000
v 0.11369155 -0.18867822 0.00070000
v 0.11344976 -0.18877837 0.01070000
v 0.11344976 -0.18877837 0.00070000
v 0.11320016 -0.18885708 0.01070000
v 0.11320016 -0.18885708 0.00070000
v 0.11294465 -0.18891372 0.01070000
v 0.11294465 -0.18891372 0.00070000
v 0.11268517 -0.18894789 0.01070000
v 0.11268517 -0.18894789 0.00070000
v 0.11242370 -0.18895930 0.01070000
v 0.11242370 -0.18895930 0.00070000
v 0.11216223 -0.18894789 0.01070000
v 0.11216223 -0.18894789 0.00070000
v 0.11190276 -0.18891372 0.01070000
v 0.11190276 -0.18891372 0.00070000
v 0.11164724 -0.18885708 0.01070000
v 0.11164724 -0.18885708 0.00070000
v 0.11139764 -0.18877837 0.01070000
v 0.11139764 -0.18877837 0.00070000
v 0.11115585 -0.18867822 0.01070000
v 0.11115585 -0.18867822 0.00070000
v 0.11092370 -0.18855737 0.01070000
v 0.11092370 -0.18855737 0.00070000
v 0.11070297 -0.18841675 0.01070000
v 0.11070297 -0.18841675 0.00070000
v 0.11049534 -0.18825743 0.01070000
v 0.11049534 -0.18825743 0.00070000
v 0.11030238 -0.18808062 0.01070000
v 0.11030238 -0.18808062 0.00070000
v 0.11012557 -0.18788765 0.01070000
v 0.11012557 -0.18788765 0.00070000
v 0.10996625 -0.18768002 0.01070000
v 0.10996625 -0.18768002 0.00070000
v 0.10982563 -0.18745930 0.01070000
v 0.10982563 -0.18745930 0.00070000
v 0.10970478 -0.18722716 0.01070000
v 0.10970478 -0.18722716 0.00070000
v 0.10960463 -0.18698536 0.01070000
v 0.10960463 -0.18698536 0.00070000
v 0.10952593 -0.18673575 0.01070000
v 0.10952593 -0.18673575 0.00070000
v 0.10946928 -0.18648024 0.01070000
v 0.10946928 -0.18648024 0.00070000
v 0.10943512 -0.18622077 0.01070000
v 0.10943512 -0.18622077 0.00070000
v 0.10942370 -0.18595929 0.01070000
v 0.10942370 -0.18595929 0.00070000
v 0.10943512 -0.18569782 0.01070000
v 0.10943512 -0.18569782 0.00070000
v 0.10946928 -0.18543835 0.01070000
v 0.10946928 -0.18543835 0.00070000
v 0.10952593 -0.18518284 0.01070000
v 0.10952593 -0.18518284 0.00070000
v 0.10960463 -0.18493323 0.01070000
v 0.10960463 -0.18493323 0.00070000
v 0.10970478 -0.18469144 0.01070000
v 0.10970478 -0.18469144 0.00070000
v 0.10982563 -0.18445930 0.01070000
v 0.10982563 -0.18445930 0.00070000
v 0.10996625 -0.18423857 0.01070000
v 0.10996625 -0.18423857 0.00070000
v 0.11012557 -0.18403094 0.01070000
v 0.11012557 -0.18403094 0.00070000
v 0.11030238 -0.18383798 0.01070000
v 0.11030238 -0.18383798 0.00070000
v 0.11049534 -0.18366116 0.01070000
v 0.11049534 -0.18366116 0.00070000
v 0.11070297 -0.18350184 0.01070000
v 0.11070297 -0.18350184 0.00070000
v 0.11092370 -0.18336122 0.01070000
v 0.11092370 -0.18336122 0.00070000
v 0.11115585 -0.18324037 0.01070000
v 0.11115585 -0.18324037 0.00070000
v 0.11139764 -0.18314022 0.01070000
v 0.11139764 -0.18314022 0.00070000
v 0.11164724 -0.18306153 0.01070000
v 0.11164724 -0.18306153 0.00070000
v 0.11190276 -0.18300487 0.01070000
v 0.11190276 -0.18300487 0.00070000
v 0.11216223 -0.18297072 0.01070000
v 0.11216223 -0.18297072 0.00070000
v 0.11242370 -0.18295930 0.01070000
v 0.11242370 -0.18295930 0.00070000
v 0.11268517 -0.18297072 0.01070000
v 0.11268517 -0.18297072 0.00070000
v 0.11294465 -0.18300487 0.01070000
v 0.11294465 -0.18300487 0.00070000
v 0.11320016 -0.18306153 0.01070000
v 0.11320016 -0.18306153 0.00070000
v 0.11344976 -0.18314022 0.01070000
v 0.11344976 -0.18314022 0.00070000
v 0.11369155 -0.18324037 0.01070000
v 0.11369155 -0.18324037 0.00070000
v 0.11392370 -0.18336122 0.01070000
v 0.11392370 -0.18336122 0.00070000
v 0.11414443 -0.18350184 0.01070000
v 0.11414443 -0.18350184 0.00070000
v 0.11435206 -0.18366116 0.01070000
v 0.11435206 -0.18366116 0.00070000
v 0.11454502 -0.18383798 0.01070000
v 0.11454502 -0.18383798 0.00070000
v 0.11472183 -0.18403094 0.01070000
v 0.11472183 -0.18403094 0.00070000
v 0.11488116 -0.18423857 0.01070000
v 0.11488116 -0.18423857 0.00070000
v 0.11502178 -0.18445930 0.01070000
v 0.11502178 -0.18445930 0.00070000
v 0.11514263 -0.18469144 0.01070000
v 0.11514263 -0.18469144 0.00070000
v 0.11524278 -0.18493323 0.01070000
v 0.11524278 -0.18493323 0.00070000
v 0.11532148 -0.18518284 0.01070000
v 0.11532148 -0.18518284 0.00070000
v 0.11537813 -0.18543835 0.01070000
v 0.11537813 -0.18543835 0.00070000
v 0.11541229 -0.18569782 0.01070000
v 0.11541229 -0.18569782 0.00070000
v 0.00098801 -0.11013100 0.01070000
v 0.00098801 -0.11013100 0.00070000
v 0.00097660 -0.11039246 0.01070000
v 0.00097660 -0.11039246 0.00070000
v 0.00094244 -0.11065194 0.01070000
v 0.00094244 -0.11065194 0.00070000
v 0.00088579 -0.11090745 0.01070000
v 0.00088579 -0.11090745 0.00070000
v 0.00080709 -0.11115705 0.01070000
v 0.00080709 -0.11115705 0.00070000
v 0.00070694 -0.11139885 0.01070000
v 0.00070694 -0.11139885 0.00070000
v 0.00058609 -0.11163099 0.01070000
v 0.00058609 -0.11163099 0.00070000
v 0.00044547 -0.11185172 0.01070000
v 0.00044547 -0.11185172 0.00070000
v 0.00028615 -0.11205935 0.01070000
v 0.00028615 -0.11205935 0.00070000
v 0.00010933 -0.11225231 0.01070000
v 0.00010933 -0.11225231 0.00070000
v -0.00008362 -0.11242913 0.01070000
v -0.00008362 -0.11242913 0.00070000
v -0.00029126 -0.11258845 0.01070000
v -0.00029126 -0.11258845 0.00070000
v -0.00051199 -0.11272907 0.01070000
v -0.00051199 -0.11272907 0.00070000
v -0.00074413 -0.11284991 0.01070000
v -0.00074413 -0.11284991 0.00070000
v -0.00098593 -0.11295007 0.01070000
v -0.00098593 -0.11295007 0.00070000
v -0.00123553 -0.11302877 0.01070000
v -0.00123553 -0.11302877 0.00070000
v -0.00149104 -0.11308542 0.01070000
v -0.00149104 -0.11308542 0.00070000
v -0.00175052 -0.11311958 0.01070000
v -0.00175052 -0.11311958 0.00070000
v -0.00201199 -0.11313099 0.01070000
v -0.00201199 -0.11313099 0.00070000
v -0.00227345 -0.11311958 0.01070000
v -0.00227345 -0.11311958 0.00070000
v -0.00253293 -0.11308542 0.01070000
v -0.00253293 -0.11308542 0.00070000
v -0.00278844 -0.11302877 0.01070000
v -0.00278844 -0.11302877 0.00070000
v -0.00303805 -0.11295007 0.01070000
v -0.00303805 -0.11295007 0.00070000
v -0.00327984 -0.11284991 0.01070000
v -0.00327984 -0.11284991 0.00070000
v -0.00351199 -0.11272907 0.01070000
v -0.00351199 -0.11272907 0.00070000
v -0.00373271 -0.11258845 0.01070000
v -0.00373271 -0.11258845 0.00070000
v -0.00394035 -0.11242913 0.01070000
v -0.00394035 -0.11242913 0.00070000
v -0.00413331 -0.11225231 0.01070000
v -0.00413331 -0.11225231 0.00070000
v -0.00431012 -0.11205935 0.01070000
v -0.00431012 -0.11205935 0.00070000
v -0.00446944 -0.11185172 0.01070000
v -0.00446944 -0.11185172 0.00070000
v -0.00461006 -0.11163099 0.01070000
v -0.00461006 -0.11163099 0.00070000
v -0.00473091 -0.11139885 0.01070000
v -0.00473091 -0.11139885 0.00070000
v -0.00483106 -0.11115705 0.01070000
v -0.00483106 -0.11115705 0.00070000
v -0.00490976 -0.11090745 0.01070000
v -0.00490976 -0.11090745 0.00070000
v -0.00496641 -0.11065194 0.01070000
v -0.00496641 -0.11065194 0.00070000
v -0.00500057 -0.11039246 0.01070000
v -0.00500057 -0.11039246 0.00070000
v -0.00501199 -0.11013100 0.01070000
v -0.00501199 -0.11013100 0.00070000
v -0.00500057 -0.10986952 0.01070000
v -0.00500057 -0.10986952 0.00070000
v -0.00496641 -0.10961005 0.01070000
v -0.00496641 -0.10961005 0.00070000
v -0.00490976 -0.10935453 0.01070000
v -0.00490976 -0.10935453 0.00070000
v -0.00483106 -0.10910493 0.01070000
v -0.00483106 -0.10910493 0.00070000
v -0.00473091 -0.10886314 0.01070000
v -0.00473091 -0.10886314 0.00070000
v -0.00461006 -0.10863099 0.01070000
v -0.00461006 -0.10863099 0.00070000
v -0.00446944 -0.10841026 0.01070000
v -0.00446944 -0.10841026 0.00070000
v -0.00431012 -0.10820263 0.01070000
v -0.00431012 -0.10820263 0.00070000
v -0.00413331 -0.10800967 0.01070000
v -0.00413331 -0.10800967 0.00070000
v -0.00394035 -0.10783286 0.01070000
v -0.00394035 -0.10783286 0.00070000
v -0.00373271 -0.10767353 0.01070000
v -0.00373271 -0.10767353 0.00070000
v -0.00351199 -0.10753292 0.01070000
v -0.00351199 -0.10753292 0.00070000
v -0.00327984 -0.10741207 0.01070000
v -0.00327984 -0.10741207 0.00070000
v -0.00303805 -0.10731191 0.01070000
v -0.00303805 -0.10731191 0.00070000
v -0.00278844 -0.10723322 0.01070000
v -0.00278844 -0.10723322 0.00070000
v -0.00253293 -0.10717657 0.01070000
v -0.00253293 -0.10717657 0.00070000
v -0.00227345 -0.10714241 0.01070000
v -0.00227345 -0.10714241 0.00070000
v -0.00201199 -0.10713099 0.01070000
v -0.00201199 -0.10713099 0.00070000
v -0.00175052 -0.10714241 0.01070000
v -0.00175052 -0.10714241 0.00070000
v -0.00149104 -0.10717657 0.01070000
v -0.00149104 -0.10717657 0.00070000
v -0.00123553 -0.10723322 0.01070000
v -0.00123553 -0.10723322 0.00070000
v -0.00098593 -0.10731191 0.01070000
v -0.00098593 -0.10731191 0.00070000
v -0.00074413 -0.10741207 0.01070000
v -0.00074413 -0.10741207 0.00070000
v -0.00051199 -0.10753292 0.01070000
v -0.00051199 -0.10753292 0.00070000
v -0.00029126 -0.10767353 0.01070000
v -0.00029126 -0.10767353 0.00070000
v -0.00008362 -0.10783286 0.01070000
v -0.00008362 -0.10783286 0.00070000
v 0.00010933 -0.10800967 0.01070000
v 0.00010933 -0.10800967 0.00070000
v 0.00028615 -0.10820263 0.01070000
v 0.00028615 -0.10820263 0.00070000
v 0.00044547 -0.10841026 0.01070000
v 0.00044547 -0.10841026 0.00070000
v 0.00058609 -0.10863099 0.01070000
v 0.00058609 -0.10863099 0.00070000
v 0.00070694 -0.10886314 0.01070000
v 0.00070694 -0.10886314 0.00070000
v 0.00080709 -0.10910493 0.01070000
v 0.00080709 -0.10910493 0.00070000
v 0.00088579 -0.10935453 0.01070000
v 0.00088579 -0.10935453 0.00070000
v 0.00094244 -0.10961005 0.01070000
v 0.00094244 -0.10961005 0.00070000
v 0.00097660 -0.10986952 0.01070000
v 0.00097660 -0.10986952 0.00070000
v 0.06265513 -0.11978960 0.01070000
v 0.06265513 -0.11978960 0.00070000
v 0.06264371 -0.12005106 0.01070000
v 0.06264371 -0.12005106 0.00070000
v 0.06260955 -0.12031054 0.01070000
v 0.06260955 -0.12031054 0.00070000
v 0.06255291 -0.12056606 0.01070000
v 0.06255291 -0.12056606 0.00070000
v 0.06247420 -0.12081566 0.01070000
v 0.06247420 -0.12081566 0.00070000
v 0.06237405 -0.12105745 0.01070000
v 0.06237405 -0.12105745 0.00070000
v 0.06225320 -0.12128960 0.01070000
v 0.06225320 -0.12128960 0.00070000
v 0.06211258 -0.12151033 0.01070000
v 0.06211258 -0.12151033 0.00070000
v 0.06195326 -0.12171796 0.01070000
v 0.06195326 -0.12171796 0.00070000
v 0.06177645 -0.12191091 0.01070000
v 0.06177645 -0.12191091 0.00070000
v 0.06158349 -0.12208773 0.01070000
v 0.06158349 -0.12208773 0.00070000
v 0.06137586 -0.12224706 0.01070000
v 0.06137586 -0.12224706 0.00070000
v 0.06115513 -0.12238767 0.01070000
v 0.06115513 -0.12238767 0.00070000
v 0.06092298 -0.12250852 0.01070000
v 0.06092298 -0.12250852 0.00070000
v 0.06068119 -0.12260868 0.01070000
v 0.06068119 -0.12260868 0.00070000
v 0.06043158 -0.12268738 0.01070000
v 0.06043158 -0.12268738 0.00070000
v 0.06017607 -0.12274402 0.01070000
v 0.06017607 -0.12274402 0.00070000
v 0.05991659 -0.12277818 0.01070000
v 0.05991659 -0.12277818 0.00070000
v 0.05965513 -0.12278960 0.01070000
v 0.05965513 -0.12278960 0.00070000
v 0.05939366 -0.12277818 0.01070000
v 0.05939366 -0.12277818 0.00070000
v 0.05913418 -0.12274402 0.01070000
v 0.05913418 -0.12274402 0.00070000
v 0.05887867 -0.12268738 0.01070000
v 0.05887867 -0.12268738 0.00070000
v 0.05862907 -0.12260868 0.01070000
v 0.05862907 -0.12260868 0.00070000
v 0.05838727 -0.12250852 0.01070000
v 0.05838727 -0.12250852 0.00070000
v 0.05815513 -0.12238767 0.01070000
v 0.05815513 -0.12238767 0.00070000
v 0.05793440 -0.12224706 0.01070000
v 0.05793440 -0.12224706 0.00070000
v 0.05772676 -0.12208773 0.01070000
v 0.05772676 -0.12208773 0.00070000
v 0.05753380 -0.12191091 0.01070000
v 0.05753380 -0.12191091 0.00070000
v 0.05735699 -0.12171796 0.01070000
v 0.05735699 -0.12171796 0.00070000
v 0.05719767 -0.12151033 0.01070000
v 0.05719767 -0.12151033 0.00070000
v 0.05705705 -0.12128960 0.01070000
v 0.05705705 -0.12128960 0.00070000
v 0.05693620 -0.12105745 0.01070000
v 0.05693620 -0.12105745 0.00070000
v 0.05683605 -0.12081566 0.01070000
v 0.05683605 -0.12081566 0.00070000
v 0.05675735 -0.12056606 0.01070000
v 0.05675735 -0.12056606 0.00070000
v 0.05670070 -0.12031054 0.01070000
v 0.05670070 -0.12031054 0.00070000
v 0.05666654 -0.12005106 0.01070000
v 0.05666654 -0.12005106 0.00070000
v 0.05665513 -0.11978960 0.01070000
v 0.05665513 -0.11978960 0.00070000
v 0.05666654 -0.11952813 0.01070000
v 0.05666654 -0.11952813 0.00070000
v 0.05670070 -0.11926866 0.01070000
v 0.05670070 -0.11926866 0.00070000
v 0.05675735 -0.11901314 0.01070000
v 0.05675735 -0.11901314 0.00070000
v 0.05683605 -0.11876354 0.01070000
v 0.05683605 -0.11876354 0.00070000
v 0.05693620 -0.11852174 0.01070000
v 0.05693620 -0.11852174 0.00070000
v 0.05705705 -0.11828960 0.01070000
v 0.05705705 -0.11828960 0.00070000
v 0.05719767 -0.11806887 0.01070000
v 0.05719767 -0.11806887 0.00070000
v 0.05735699 -0.11786123 0.01070000
v 0.05735699 -0.11786123 0.00070000
v 0.05753380 -0.11766828 0.01070000
v 0.05753380 -0.11766828 0.00070000
v 0.05772676 -0.11749146 0.01070000
v 0.05772676 -0.11749146 0.00070000
v 0.05793440 -0.11733214 0.01070000
v 0.05793440 -0.11733214 0.00070000
v 0.05815513 -0.11719152 0.01070000
v 0.05815513 -0.11719152 0.00070000
v 0.05838727 -0.11707067 0.01070000
v 0.05838727 -0.11707067 0.00070000
v 0.05862907 -0.11697052 0.01070000
v 0.05862907 -0.11697052 0.00070000
v 0.05887867 -0.11689182 0.01070000
v 0.05887867 -0.11689182 0.00070000
v 0.05913418 -0.11683518 0.01070000
v 0.05913418 -0.11683518 0.00070000
v 0.05939366 -0.11680102 0.01070000
v 0.05939366 -0.11680102 0.00070000
v 0.05965513 -0.11678959 0.01070000
v 0.05965513 -0.11678959 0.00070000
v 0.05991659 -0.11680102 0.01070000
v 0.05991659 -0.11680102 0.00070000
v 0.06017607 -0.11683518 0.01070000
v 0.06017607 -0.11683518 0.00070000
v 0.06043158 -0.11689182 0.01070000
v 0.06043158 -0.11689182 0.00070000
v 0.06068119 -0.11697052 0.01070000
v 0.06068119 -0.11697052 0.00070000
v 0.06092298 -0.11707067 0.01070000
v 0.06092298 -0.11707067 0.00070000
v 0.06115513 -0.11719152 0.01070000
v 0.06115513 -0.11719152 0.00070000
v 0.06137586 -0.11733214 0.01070000
v 0.06137586 -0.11733214 0.00070000
v 0.06158349 -0.11749146 0.01070000
v 0.06158349 -0.11749146 0.00070000
v 0.06177645 -0.11766828 0.01070000
v 0.06177645 -0.11766828 0.00070000
v 0.06195326 -0.11786123 0.01070000
v 0.06195326 -0.11786123 0.00070000
v 0.06211258 -0.11806887 0.01070000
v 0.06211258 -0.11806887 0.00070000
v 0.06225320 -0.11828960 0.01070000
v 0.06225320 -0.11828960 0.00070000
v 0.06237405 -0.11852174 0.01070000
v 0.06237405 -0.11852174 0.00070000
v 0.06247420 -0.11876354 0.01070000
v 0.06247420 -0.11876354 0.00070000
v 0.06255291 -0.11901314 0.01070000
v 0.06255291 -0.11901314 0.00070000
v 0.06260955 -0.11926866 0.01070000
v 0.06260955 -0.11926866 0.00070000
v 0.06264371 -0.11952813 0.01070000
v 0.06264371 -0.11952813 0.00070000
v 0.09659082 -0.26847157 0.01070000
v 0.09659082 -0.26847157 0.00070000
v 0.09657940 -0.26873302 0.01070000
v 0.09657940 -0.26873302 0.00070000
v 0.09654524 -0.26899251 0.01070000
v 0.09654524 -0.26899251 0.00070000
v 0.09648860 -0.26924801 0.01070000
v 0.09648860 -0.26924801 0.00070000
v 0.09640989 -0.26949763 0.01070000
v 0.09640989 -0.26949763 0.00070000
v 0.09630974 -0.26973942 0.01070000
v 0.09630974 -0.26973942 0.00070000
v 0.09618889 -0.26997158 0.01070000
v 0.09618889 -0.26997158 0.00070000
v 0.09604827 -0.27019230 0.01070000
v 0.09604827 -0.27019230 0.00070000
v 0.09588895 -0.27039993 0.01070000
v 0.09588895 -0.27039993 0.00070000
v 0.09571213 -0.27059290 0.01070000
v 0.09571213 -0.27059290 0.00070000
v 0.09551918 -0.27076969 0.01070000
v 0.09551918 -0.27076969 0.00070000
v 0.09531154 -0.27092901 0.01070000
v 0.09531154 -0.27092901 0.00070000
v 0.09509081 -0.27106965 0.01070000
v 0.09509081 -0.27106965 0.00070000
v 0.09485867 -0.27119049 0.01070000
v 0.09485867 -0.27119049 0.00070000
v 0.09461688 -0.27129063 0.01070000
v 0.09461688 -0.27129063 0.00070000
v 0.09436727 -0.27136934 0.01070000
v 0.09436727 -0.27136934 0.00070000
v 0.09411176 -0.27142599 0.01070000
v 0.09411176 -0.27142599 0.00070000
v 0.09385228 -0.27146015 0.01070000
v 0.09385228 -0.27146015 0.00070000
v 0.09359082 -0.27147156 0.01070000
v 0.09359082 -0.27147156 0.00070000
v 0.09332935 -0.27146015 0.01070000
v 0.09332935 -0.27146015 0.00070000
v 0.09306987 -0.27142599 0.01070000
v 0.09306987 -0.27142599 0.00070000
v 0.09281436 -0.27136934 0.01070000
v 0.09281436 -0.27136934 0.00070000
v 0.09256475 -0.27129063 0.01070000
v 0.09256475 -0.27129063 0.00070000
v 0.09232296 -0.27119049 0.01070000
v 0.09232296 -0.27119049 0.00070000
v 0.09209082 -0.27106965 0.01070000
v 0.09209082 -0.27106965 0.00070000
v 0.09187008 -0.27092901 0.01070000
v 0.09187008 -0.27092901 0.00070000
v 0.09166245 -0.27076969 0.01070000
v 0.09166245 -0.27076969 0.00070000
v 0.09146950 -0.27059290 0.01070000
v 0.09146950 -0.27059290 0.00070000
v 0.09129268 -0.27039993 0.01070000
v 0.09129268 -0.27039993 0.00070000
v 0.09113336 -0.27019230 0.01070000
v 0.09113336 -0.27019230 0.00070000
v 0.09099274 -0.26997158 0.01070000
v 0.09099274 -0.26997158 0.00070000
v 0.09087189 -0.26973942 0.01070000
v 0.09087189 -0.26973942 0.00070000
v 0.09077173 -0.26949763 0.01070000
v 0.09077173 -0.26949763 0.00070000
v 0.09069303 -0.26924801 0.01070000
v 0.09069303 -0.26924801 0.00070000
v 0.09063639 -0.26899251 0.01070000
v 0.09063639 -0.26899251 0.00070000
v 0.09060223 -0.26873302 0.01070000
v 0.09060223 -0.26873302 0.00070000
v 0.09059081 -0.26847157 0.01070000
v 0.09059081 -0.26847157 0.00070000
v 0.09060223 -0.26821008 0.01070000
v 0.09060223 -0.26821008 0.00070000
v 0.09063639 -0.26795062 0.01070000
v 0.09063639 -0.26795062 0.00070000
v 0.09069303 -0.26769510 0.01070000
v 0.09069303 -0.26769510 0.00070000
v 0.09077173 -0.26744550 0.01070000
v 0.09077173 -0.26744550 0.00070000
v 0.09087189 -0.26720372 0.01070000
v 0.09087189 -0.26720372 0.00070000
v 0.09099274 -0.26697156 0.01070000
v 0.09099274 -0.26697156 0.00070000
v 0.09113336 -0.26675084 0.01070000
v 0.09113336 -0.26675084 0.00070000
v 0.09129268 -0.26654321 0.01070000
v 0.09129268 -0.26654321 0.00070000
v 0.09146950 -0.26635024 0.01070000
v 0.09146950 -0.26635024 0.00070000
v 0.09166245 -0.26617342 0.01070000
v 0.09166245 -0.26617342 0.00070000
v 0.09187008 -0.26601410 0.01070000
v 0.09187008 -0.26601410 0.00070000
v 0.09209082 -0.26587349 0.01070000
v 0.09209082 -0.26587349 0.00070000
v 0.09232296 -0.26575264 0.01070000
v 0.09232296 -0.26575264 0.00070000
v 0.09256475 -0.26565248 0.01070000
v 0.09256475 -0.26565248 0.00070000
v 0.09281436 -0.26557380 0.01070000
v 0.09281436 -0.26557380 0.00070000
v 0.09306987 -0.26551715 0.01070000
v 0.09306987 -0.26551715 0.00070000
v 0.09332935 -0.26548299 0.01070000
v 0.09332935 -0.26548299 0.00070000
v 0.09359082 -0.26547158 0.01070000
v 0.09359082 -0.26547158 0.00070000
v 0.09385228 -0.26548299 0.01070000
v 0.09385228 -0.26548299 0.00070000
v 0.09411176 -0.26551715 0.01070000
v 0.09411176 -0.26551715 0.00070000
v 0.09436727 -0.26557380 0.01070000
v 0.09436727 -0.26557380 0.00070000
v 0.09461688 -0.26565248 0.01070000
v 0.09461688 -0.26565248 0.00070000
v 0.09485867 -0.26575264 0.01070000
v 0.09485867 -0.26575264 0.00070000
v 0.09509081 -0.26587349 0.01070000
v 0.09509081 -0.26587349 0.00070000
v 0.09531154 -0.26601410 0.01070000
v 0.09531154 -0.26601410 0.00070000
v 0.09551918 -0.26617342 0.01070000
v 0.09551918 -0.26617342 0.00070000
v 0.09571213 -0.26635024 0.01070000
v 0.09571213 -0.26635024 0.00070000
v 0.09588895 -0.26654321 0.01070000
v 0.09588895 -0.26654321 0.00070000
v 0.09604827 -0.26675084 0.01070000
v 0.09604827 -0.26675084 0.00070000
v 0.09618889 -0.26697156 0.01070000
v 0.09618889 -0.26697156 0.00070000
v 0.09630974 -0.26720372 0.01070000
v 0.09630974 -0.26720372 0.00070000
v 0.09640989 -0.26744550 0.01070000
v 0.09640989 -0.26744550 0.00070000
v 0.09648860 -0.26769510 0.01070000
v 0.09648860 -0.26769510 0.00070000
v 0.09654524 -0.26795062 0.01070000
v 0.09654524 -0.26795062 0.00070000
v 0.09657940 -0.26821008 0.01070000
v 0.09657940 -0.26821008 0.00070000
v -0.01836199 -0.30519298 0.01070000
v -0.01836199 -0.30519298 0.00070000
v -0.01837340 -0.30545443 0.01070000
v -0.01837340 -0.30545443 0.00070000
v -0.01840756 -0.30571392 0.01070000
v -0.01840756 -0.30571392 0.00070000
v -0.01846421 -0.30596945 0.01070000
v -0.01846421 -0.30596945 0.00070000
v -0.01854291 -0.30621904 0.01070000
v -0.01854291 -0.30621904 0.00070000
v -0.01864306 -0.30646083 0.01070000
v -0.01864306 -0.30646083 0.00070000
v -0.01876391 -0.30669299 0.01070000
v -0.01876391 -0.30669299 0.00070000
v -0.01890453 -0.30691370 0.01070000
v -0.01890453 -0.30691370 0.00070000
v -0.01906385 -0.30712134 0.01070000
v -0.01906385 -0.30712134 0.00070000
v -0.01924066 -0.30731431 0.01070000
v -0.01924066 -0.30731431 0.00070000
v -0.01943362 -0.30749112 0.01070000
v -0.01943362 -0.30749112 0.00070000
v -0.01964126 -0.30765045 0.01070000
v -0.01964126 -0.30765045 0.00070000
v -0.01986198 -0.30779105 0.01070000
v -0.01986198 -0.30779105 0.00070000
v -0.02009413 -0.30791190 0.01070000
v -0.02009413 -0.30791190 0.00070000
v -0.02033593 -0.30801207 0.01070000
v -0.02033593 -0.30801207 0.00070000
v -0.02058553 -0.30809075 0.01070000
v -0.02058553 -0.30809075 0.00070000
v -0.02084104 -0.30814740 0.01070000
v -0.02084104 -0.30814740 0.00070000
v -0.02110052 -0.30818155 0.01070000
v -0.02110052 -0.30818155 0.00070000
v -0.02136199 -0.30819297 0.01070000
v -0.02136199 -0.30819297 0.00070000
v -0.02162345 -0.30818155 0.01070000
v -0.02162345 -0.30818155 0.00070000
v -0.02188293 -0.30814740 0.01070000
v -0.02188293 -0.30814740 0.00070000
v -0.02213844 -0.30809075 0.01070000
v -0.02213844 -0.30809075 0.00070000
v -0.02238805 -0.30801207 0.01070000
v -0.02238805 -0.30801207 0.00070000
v -0.02262984 -0.30791190 0.01070000
v -0.02262984 -0.30791190 0.00070000
v -0.02286199 -0.30779105 0.01070000
v -0.02286199 -0.30779105 0.00070000
v -0.02308271 -0.30765045 0.01070000
v -0.02308271 -0.30765045 0.00070000
v -0.02329035 -0.30749112 0.01070000
v -0.02329035 -0.30749112 0.00070000
v -0.02348331 -0.30731431 0.01070000
v -0.02348331 -0.30731431 0.00070000
v -0.02366012 -0.30712134 0.01070000
v -0.02366012 -0.30712134 0.00070000
v -0.02381944 -0.30691370 0.01070000
v -0.02381944 -0.30691370 0.00070000
v -0.02396006 -0.30669299 0.01070000
v -0.02396006 -0.30669299 0.00070000
v -0.02408091 -0.30646083 0.01070000
v -0.02408091 -0.30646083 0.00070000
v -0.02418106 -0.30621904 0.01070000
v -0.02418106 -0.30621904 0.00070000
v -0.02425976 -0.30596945 0.01070000
v -0.02425976 -0.30596945 0.00070000
v -0.02431641 -0.30571392 0.01070000
v -0.02431641 -0.30571392 0.00070000
v -0.02435057 -0.30545443 0.01070000
v -0.02435057 -0.30545443 0.00070000
v -0.02436198 -0.30519298 0.01070000
v -0.02436198 -0.30519298 0.00070000
v -0.02435057 -0.30493152 0.01070000
v -0.02435057 -0.30493152 0.00070000
v -0.02431641 -0.30467203 0.01070000
v -0.02431641 -0.30467203 0.00070000
v -0.02425976 -0.30441651 0.01070000
v -0.02425976 -0.30441651 0.00070000
v -0.02418106 -0.30416691 0.01070000
v -0.02418106 -0.30416691 0.00070000
v -0.02408091 -0.30392513 0.01070000
v -0.02408091 -0.30392513 0.00070000
v -0.02396006 -0.30369297 0.01070000
v -0.02396006 -0.30369297 0.00070000
v -0.02381944 -0.30347225 0.01070000
v -0.02381944 -0.30347225 0.00070000
v -0.02366012 -0.30326462 0.01070000
v -0.02366012 -0.30326462 0.00070000
v -0.02348331 -0.30307165 0.01070000
v -0.02348331 -0.30307165 0.00070000
v -0.02329035 -0.30289483 0.01070000
v -0.02329035 -0.30289483 0.00070000
v -0.02308271 -0.30273551 0.01070000
v -0.02308271 -0.30273551 0.00070000
v -0.02286199 -0.30259490 0.01070000
v -0.02286199 -0.30259490 0.00070000
v -0.02262984 -0.30247405 0.01070000
v -0.02262984 -0.30247405 0.00070000
v -0.02238805 -0.30237389 0.01070000
v -0.02238805 -0.30237389 0.00070000
v -0.02213844 -0.30229521 0.01070000
v -0.02213844 -0.30229521 0.00070000
v -0.02188293 -0.30223855 0.01070000
v -0.02188293 -0.30223855 0.00070000
v -0.02162345 -0.30220440 0.01070000
v -0.02162345 -0.30220440 0.00070000
v -0.02136199 -0.30219299 0.01070000
v -0.02136199 -0.30219299 0.00070000
v -0.02110052 -0.30220440 0.01070000
v -0.02110052 -0.30220440 0.00070000
v -0.02084104 -0.30223855 0.01070000
v -0.02084104 -0.30223855 0.00070000
v -0.02058553 -0.30229521 0.01070000
v -0.02058553 -0.30229521 0.00070000
v -0.02033593 -0.30237389 0.01070000
v -0.02033593 -0.30237389 0.00070000
v -0.02009413 -0.30247405 0.01070000
v -0.02009413 -0.30247405 0.00070000
v -0.01986198 -0.30259490 0.01070000
v -0.01986198 -0.30259490 0.00070000
v -0.01964126 -0.30273551 0.01070000
v -0.01964126 -0.30273551 0.00070000
v -0.01943362 -0.30289483 0.01070000
v -0.01943362 -0.30289483 0.00070000
v -0.01924066 -0.30307165 0.01070000
v -0.01924066 -0.30307165 0.00070000
v -0.01906385 -0.30326462 0.01070000
v -0.01906385 -0.30326462 0.00070000
v -0.01890453 -0.30347225 0.01070000
v -0.01890453 -0.30347225 0.00070000
v -0.01876391 -0.30369297 0.01070000
v -0.01876391 -0.30369297 0.00070000
v -0.01864306 -0.30392513 0.01070000
v -0.01864306 -0.30392513 0.00070000
v -0.01854291 -0.30416691 0.01070000
v -0.01854291 -0.30416691 0.00070000
v -0.01846421 -0.30441651 0.01070000
v -0.01846421 -0.30441651 0.00070000
v -0.01840756 -0.30467203 0.01070000
v -0.01840756 -0.30467203 0.00070000
v -0.01837340 -0.30493152 0.01070000
v -0.01837340 -0.30493152 0.00070000
v 0.06265513 -0.29553437 0.01070000
v 0.06265513 -0.29553437 0.00070000
v 0.06264371 -0.29579583 0.01070000
v 0.06264371 -0.29579583 0.00070000
v 0.06260955 -0.29605532 0.01070000
v 0.06260955 -0.29605532 0.00070000
v 0.06255291 -0.29631084 0.01070000
v 0.06255291 -0.29631084 0.00070000
v 0.06247420 -0.29656044 0.01070000
v 0.06247420 -0.29656044 0.00070000
v 0.06237405 -0.29680222 0.01070000
v 0.06237405 -0.29680222 0.00070000
v 0.06225320 -0.29703438 0.01070000
v 0.06225320 -0.29703438 0.00070000
v 0.06211258 -0.29725510 0.01070000
v 0.06211258 -0.29725510 0.00070000
v 0.06195326 -0.29746273 0.01070000
v 0.06195326 -0.29746273 0.00070000
v 0.06177645 -0.29765570 0.01070000
v 0.06177645 -0.29765570 0.00070000
v 0.06158349 -0.29783252 0.01070000
v 0.06158349 -0.29783252 0.00070000
v 0.06137586 -0.29799184 0.01070000
v 0.06137586 -0.29799184 0.00070000
v 0.06115513 -0.29813245 0.01070000
v 0.06115513 -0.29813245 0.00070000
v 0.06092298 -0.29825330 0.01070000
v 0.06092298 -0.29825330 0.00070000
v 0.06068119 -0.29835346 0.01070000
v 0.06068119 -0.29835346 0.00070000
v 0.06043158 -0.29843214 0.01070000
v 0.06043158 -0.29843214 0.00070000
v 0.06017607 -0.29848880 0.01070000
v 0.06017607 -0.29848880 0.00070000
v 0.05991659 -0.29852295 0.01070000
v 0.05991659 -0.29852295 0.00070000
v 0.05965513 -0.29853436 0.01070000
v 0.05965513 -0.29853436 0.00070000
v 0.05939366 -0.29852295 0.01070000
v 0.05939366 -0.29852295 0.00070000
v 0.05913418 -0.29848880 0.01070000
v 0.05913418 -0.29848880 0.00070000
v 0.05887867 -0.29843214 0.01070000
v 0.05887867 -0.29843214 0.00070000
v 0.05862907 -0.29835346 0.01070000
v 0.05862907 -0.29835346 0.00070000
v 0.05838727 -0.29825330 0.01070000
v 0.05838727 -0.29825330 0.00070000
v 0.05815513 -0.29813245 0.01070000
v 0.05815513 -0.29813245 0.00070000
v 0.05793440 -0.29799184 0.01070000
v 0.05793440 -0.29799184 0.00070000
v 0.05772676 -0.29783252 0.01070000
v 0.05772676 -0.29783252 0.00070000
v 0.05753380 -0.29765570 0.01070000
v 0.05753380 -0.29765570 0.00070000
v 0.05735699 -0.29746273 0.01070000
v 0.05735699 -0.29746273 0.00070000
v 0.05719767 -0.29725510 0.01070000
v 0.05719767 -0.29725510 0.00070000
v 0.05705705 -0.29703438 0.01070000
v 0.05705705 -0.29703438 0.00070000
v 0.05693620 -0.29680222 0.01070000
v 0.05693620 -0.29680222 0.00070000
v 0.05683605 -0.29656044 0.01070000
v 0.05683605 -0.29656044 0.00070000
v 0.05675735 -0.29631084 0.01070000
v 0.05675735 -0.29631084 0.00070000
v 0.05670070 -0.29605532 0.01070000
v 0.05670070 -0.29605532 0.00070000
v 0.05666654 -0.29579583 0.01070000
v 0.05666654 -0.29579583 0.00070000
v 0.05665513 -0.29553437 0.01070000
v 0.05665513 -0.29553437 0.00070000
v 0.05666654 -0.29527292 0.01070000
v 0.05666654 -0.29527292 0.00070000
v 0.05670070 -0.29501343 0.01070000
v 0.05670070 -0.29501343 0.00070000
v 0.05675735 -0.29475790 0.01070000
v 0.05675735 -0.29475790 0.00070000
v 0.05683605 -0.29450831 0.01070000
v 0.05683605 -0.29450831 0.00070000
v 0.05693620 -0.29426652 0.01070000
v 0.05693620 -0.29426652 0.00070000
v 0.05705705 -0.29403436 0.01070000
v 0.05705705 -0.29403436 0.00070000
v 0.05719767 -0.29381365 0.01070000
v 0.05719767 -0.29381365 0.00070000
v 0.05735699 -0.29360601 0.01070000
v 0.05735699 -0.29360601 0.00070000
v 0.05753380 -0.29341304 0.01070000
v 0.05753380 -0.29341304 0.00070000
v 0.05772676 -0.29323623 0.01070000
v 0.05772676 -0.29323623 0.00070000
v 0.05793440 -0.29307690 0.01070000
v 0.05793440 -0.29307690 0.00070000
v 0.05815513 -0.29293630 0.01070000
v 0.05815513 -0.29293630 0.00070000
v 0.05838727 -0.29281545 0.01070000
v 0.05838727 -0.29281545 0.00070000
v 0.05862907 -0.29271528 0.01070000
v 0.05862907 -0.29271528 0.00070000
v 0.05887867 -0.29263660 0.01070000
v 0.05887867 -0.29263660 0.00070000
v 0.05913418 -0.29257995 0.01070000
v 0.05913418 -0.29257995 0.00070000
v 0.05939366 -0.29254580 0.01070000
v 0.05939366 -0.29254580 0.00070000
v 0.05965513 -0.29253438 0.01070000
v 0.05965513 -0.29253438 0.00070000
v 0.05991659 -0.29254580 0.01070000
v 0.05991659 -0.29254580 0.00070000
v 0.06017607 -0.29257995 0.01070000
v 0.06017607 -0.29257995 0.00070000
v 0.06043158 -0.29263660 0.01070000
v 0.06043158 -0.29263660 0.00070000
v 0.06068119 -0.29271528 0.01070000
v 0.06068119 -0.29271528 0.00070000
v 0.06092298 -0.29281545 0.01070000
v 0.06092298 -0.29281545 0.00070000
v 0.06115513 -0.29293630 0.01070000
v 0.06115513 -0.29293630 0.00070000
v 0.06137586 -0.29307690 0.01070000
v 0.06137586 -0.29307690 0.00070000
v 0.06158349 -0.29323623 0.01070000
v 0.06158349 -0.29323623 0.00070000
v 0.06177645 -0.29341304 0.01070000
v 0.06177645 -0.29341304 0.00070000
v 0.06195326 -0.29360601 0.01070000
v 0.06195326 -0.29360601 0.00070000
v 0.06211258 -0.29381365 0.01070000
v 0.06211258 -0.29381365 0.00070000
v 0.06225320 -0.29403436 0.01070000
v 0.06225320 -0.29403436 0.00070000
v 0.06237405 -0.29426652 0.01070000
v 0.06237405 -0.29426652 0.00070000
v 0.06247420 -0.29450831 0.01070000
v 0.06247420 -0.29450831 0.00070000
v 0.06255291 -0.29475790 0.01070000
v 0.06255291 -0.29475790 0.00070000
v 0.06260955 -0.29501343 0.01070000
v 0.06260955 -0.29501343 0.00070000
v 0.06264371 -0.29527292 0.01070000
v 0.06264371 -0.29527292 0.00070000
v 0.02638748 -0.10422610 0.00070000
v 0.03536808 -0.10540842 0.00070000
v 0.00766301 -0.10548099 0.00070000
v 0.08407929 -0.12812284 0.00070000
v 0.07662297 -0.13332100 0.00070000
v 0.07689302 -0.12260862 0.00070000
v 0.07689302 -0.29271534 0.00070000
v 0.07662297 -0.28200296 0.00070000
v 0.08407929 -0.28720114 0.00070000
v 0.00766301 -0.30036369 0.00070000
v 0.01733802 -0.31149298 0.00070000
v 0.03849657 -0.30036369 0.00070000
v 0.00766301 -0.31149298 0.00070000
v 0.02638748 -0.31109786 0.00070000
v 0.03536808 -0.30991554 0.00070000
v 0.04421145 -0.30795503 0.00070000
v 0.05285031 -0.30523121 0.00070000
v 0.06121889 -0.30176482 0.00070000
v 0.03849657 -0.28200296 0.00070000
v 0.06925351 -0.29758227 0.00070000
v 0.09075762 -0.28108159 0.00070000
v 0.10239138 -0.26721701 0.00070000
v 0.07662297 -0.24891812 0.00070000
v 0.10300726 -0.24891812 0.00070000
v 0.09687717 -0.27440327 0.00070000
v 0.10725829 -0.25957748 0.00070000
v 0.10300726 -0.20766199 0.00070000
v 0.11763106 -0.23453543 0.00070000
v 0.11490723 -0.24317427 0.00070000
v 0.11959158 -0.22569205 0.00070000
v 0.12077390 -0.21671145 0.00070000
v 0.11144085 -0.25154287 0.00070000
v 0.12116901 -0.20766199 0.00070000
v 0.10304412 -0.14905022 0.00070000
v 0.12077390 -0.19861251 0.00070000
v 0.11959158 -0.18963192 0.00070000
v 0.11763106 -0.18078855 0.00070000
v 0.11490723 -0.17214969 0.00070000
v 0.11144085 -0.16378111 0.00070000
v 0.10725829 -0.15574649 0.00070000
v 0.09059081 -0.14685240 0.00070000
v 0.09060223 -0.14711387 0.00070000
v 0.07662297 -0.20766199 0.00070000
v 0.09232296 -0.14957133 0.00070000
v 0.09256475 -0.14967148 0.00070000
v 0.09077173 -0.14582634 0.00070000
v 0.09069303 -0.14607595 0.00070000
v 0.09281436 -0.14975019 0.00070000
v 0.09306987 -0.14980683 0.00070000
v 0.09332935 -0.14984100 0.00070000
v 0.09359082 -0.14985241 0.00070000
v 0.09385228 -0.14984100 0.00070000
v 0.09411176 -0.14980683 0.00070000
v 0.09436727 -0.14975019 0.00070000
v 0.09087189 -0.14812025 0.00070000
v 0.09099274 -0.14835240 0.00070000
v 0.09113336 -0.14857313 0.00070000
v 0.09063639 -0.14633146 0.00070000
v 0.09060223 -0.14659093 0.00070000
v 0.09063639 -0.14737335 0.00070000
v 0.09069303 -0.14762886 0.00070000
v 0.09077173 -0.14787847 0.00070000
v 0.09129268 -0.14878076 0.00070000
v 0.09146950 -0.14897373 0.00070000
v 0.09166245 -0.14915054 0.00070000
v 0.09187008 -0.14930986 0.00070000
v 0.09209082 -0.14945048 0.00070000
v 0.09129268 -0.14492404 0.00070000
v 0.09113336 -0.14513168 0.00070000
v 0.09551918 -0.14455427 0.00070000
v 0.09531154 -0.14439495 0.00070000
v 0.09687717 -0.14092071 0.00070000
v 0.09509081 -0.14425433 0.00070000
v 0.09485867 -0.14413348 0.00070000
v 0.09411176 -0.14389798 0.00070000
v 0.09075762 -0.13424239 0.00070000
v 0.09436727 -0.14395463 0.00070000
v 0.09461688 -0.14403333 0.00070000
v 0.09146950 -0.14473109 0.00070000
v 0.09099274 -0.14535241 0.00070000
v 0.09087189 -0.14558455 0.00070000
v 0.09461688 -0.14967148 0.00070000
v 0.09485867 -0.14957133 0.00070000
v 0.09509081 -0.14945048 0.00070000
v 0.09531154 -0.14930986 0.00070000
v 0.09604827 -0.14513168 0.00070000
v 0.09588895 -0.14492404 0.00070000
v 0.09571213 -0.14473109 0.00070000
v 0.09385228 -0.14386383 0.00070000
v 0.09359082 -0.14385241 0.00070000
v 0.09332935 -0.14386383 0.00070000
v 0.09232296 -0.14413348 0.00070000
v 0.09209082 -0.14425433 0.00070000
v 0.09187008 -0.14439495 0.00070000
v 0.09166245 -0.14455427 0.00070000
v 0.09551918 -0.14915054 0.00070000
v 0.09571213 -0.14897373 0.00070000
v 0.09588895 -0.14878076 0.00070000
v 0.09604827 -0.14857313 0.00070000
v 0.09618889 -0.14835240 0.00070000
v 0.09630974 -0.14812025 0.00070000
v 0.09654524 -0.14633146 0.00070000
v 0.09648860 -0.14607595 0.00070000
v 0.10239138 -0.14810698 0.00070000
v 0.09306987 -0.14389798 0.00070000
v 0.09281436 -0.14395463 0.00070000
v 0.09256475 -0.14403333 0.00070000
v 0.09640989 -0.14582634 0.00070000
v 0.09630974 -0.14558455 0.00070000
v 0.09618889 -0.14535241 0.00070000
v 0.09640989 -0.14787847 0.00070000
v 0.09648860 -0.14762886 0.00070000
v 0.09654524 -0.14737335 0.00070000
v 0.09657940 -0.14711387 0.00070000
v 0.09659082 -0.14685240 0.00070000
v 0.09657940 -0.14659093 0.00070000
v 0.03849657 -0.13332100 0.00070000
v 0.03849657 -0.11496030 0.00070000
v 0.06925351 -0.11774171 0.00070000
v 0.06121889 -0.11355915 0.00070000
v 0.05285031 -0.11009277 0.00070000
v 0.04421145 -0.10736895 0.00070000
v 0.00766301 -0.11496030 0.00070000
v -0.02191107 -0.10385497 0.00070000
v -0.02136199 -0.10383099 0.00070000
v -0.02541155 -0.10530491 0.00070000
v -0.01168699 -0.10548099 0.00070000
v -0.02497552 -0.10497034 0.00070000
v -0.02451199 -0.10467503 0.00070000
v -0.02402448 -0.10442125 0.00070000
v -0.02351671 -0.10421093 0.00070000
v -0.02299255 -0.10404566 0.00070000
v -0.02245597 -0.10392670 0.00070000
v -0.02431641 -0.10961005 0.00070000
v -0.02618807 -0.10608143 0.00070000
v -0.02425976 -0.10935453 0.00070000
v -0.02418106 -0.10910493 0.00070000
v -0.02431641 -0.11065194 0.00070000
v -0.02425976 -0.11090745 0.00070000
v -0.02601198 -0.11496030 0.00070000
v -0.02262984 -0.10741207 0.00070000
v -0.02286199 -0.10753292 0.00070000
v -0.02435057 -0.10986952 0.00070000
v -0.02436198 -0.11013100 0.00070000
v -0.02435057 -0.11039246 0.00070000
v -0.02418106 -0.11115705 0.00070000
v -0.02408091 -0.11139885 0.00070000
v -0.02396006 -0.11163099 0.00070000
v -0.02381944 -0.11185172 0.00070000
v -0.02366012 -0.11205935 0.00070000
v -0.02348331 -0.11225231 0.00070000
v -0.02329035 -0.11242913 0.00070000
v -0.02308271 -0.11258845 0.00070000
v -0.02286199 -0.11272907 0.00070000
v -0.02213844 -0.11302877 0.00070000
v -0.02188293 -0.11308542 0.00070000
v -0.02162345 -0.11311958 0.00070000
v -0.02136199 -0.11313099 0.00070000
v -0.01964126 -0.10767353 0.00070000
v -0.01986198 -0.10753292 0.00070000
v -0.02162345 -0.10714241 0.00070000
v -0.02188293 -0.10717657 0.00070000
v -0.02308271 -0.10767353 0.00070000
v -0.02329035 -0.10783286 0.00070000
v -0.02581676 -0.10567622 0.00070000
v -0.02348331 -0.10800967 0.00070000
v -0.02366012 -0.10820263 0.00070000
v -0.02381944 -0.10841026 0.00070000
v -0.02262984 -0.11284991 0.00070000
v -0.02238805 -0.11295007 0.00070000
v -0.02110052 -0.11311958 0.00070000
v -0.02084104 -0.11308542 0.00070000
v -0.01168699 -0.11496030 0.00070000
v -0.02058553 -0.11302877 0.00070000
v -0.02033593 -0.11295007 0.00070000
v -0.02009413 -0.10741207 0.00070000
v -0.02033593 -0.10731191 0.00070000
v -0.02058553 -0.10723322 0.00070000
v -0.02213844 -0.10723322 0.00070000
v -0.02238805 -0.10731191 0.00070000
v -0.02396006 -0.10863099 0.00070000
v -0.02408091 -0.10886314 0.00070000
v -0.02084104 -0.10717657 0.00070000
v -0.02110052 -0.10714241 0.00070000
v -0.02136199 -0.10713099 0.00070000
v -0.01836199 -0.11013100 0.00070000
v -0.01837340 -0.10986952 0.00070000
v -0.01840756 -0.10961005 0.00070000
v -0.01864306 -0.10886314 0.00070000
v -0.01876391 -0.10863099 0.00070000
v -0.01890453 -0.10841026 0.00070000
v -0.01906385 -0.10820263 0.00070000
v -0.01964126 -0.11258845 0.00070000
v -0.01943362 -0.11242913 0.00070000
v -0.01924066 -0.11225231 0.00070000
v -0.01906385 -0.11205935 0.00070000
v -0.01890453 -0.11185172 0.00070000
v -0.01876391 -0.11163099 0.00070000
v -0.01864306 -0.11139885 0.00070000
v -0.01854291 -0.11115705 0.00070000
v -0.01846421 -0.10935453 0.00070000
v -0.01854291 -0.10910493 0.00070000
v -0.01924066 -0.10800967 0.00070000
v -0.01943362 -0.10783286 0.00070000
v -0.02009413 -0.11284991 0.00070000
v -0.01986198 -0.11272907 0.00070000
v -0.01846421 -0.11090745 0.00070000
v -0.01840756 -0.11065194 0.00070000
v -0.01837340 -0.11039246 0.00070000
v -0.02744732 -0.10850044 0.00070000
v -0.02728205 -0.10797627 0.00070000
v -0.02707172 -0.10746850 0.00070000
v -0.02766198 -0.11013100 0.00070000
v -0.02763801 -0.10958191 0.00070000
v -0.02756627 -0.10903701 0.00070000
v -0.02681795 -0.10698099 0.00070000
v -0.02652264 -0.10651746 0.00070000
v -0.02728205 -0.30734771 0.00070000
v -0.02601198 -0.30036369 0.00070000
v -0.02707172 -0.30785549 0.00070000
v -0.02681795 -0.30834296 0.00070000
v -0.02744732 -0.30682355 0.00070000
v -0.02756627 -0.30628696 0.00070000
v -0.02763801 -0.30574206 0.00070000
v -0.01168699 -0.30036369 0.00070000
v -0.02618807 -0.30924255 0.00070000
v -0.02652264 -0.30880651 0.00070000
v -0.02136199 -0.31149298 0.00070000
v -0.01168699 -0.31149298 0.00070000
v -0.02581676 -0.30964774 0.00070000
v -0.02541155 -0.31001905 0.00070000
v -0.02497552 -0.31035364 0.00070000
v -0.02451199 -0.31064895 0.00070000
v -0.02402448 -0.31090271 0.00070000
v -0.02351671 -0.31111303 0.00070000
v -0.02299255 -0.31127831 0.00070000
v -0.02245597 -0.31139725 0.00070000
v -0.02191107 -0.31146902 0.00070000
v 0.03849657 -0.24891812 0.00070000
v 0.03849657 -0.20766199 0.00070000
v 0.00766301 -0.28200296 0.00070000
v 0.00766301 -0.24891812 0.00070000
v 0.00766301 -0.20766199 0.00070000
v 0.00766301 -0.13332100 0.00070000
v -0.01168699 -0.28200296 0.00070000
v -0.02601198 -0.28200296 0.00070000
v -0.01168699 -0.24891812 0.00070000
v -0.02601198 -0.24891812 0.00070000
v -0.01168699 -0.20766199 0.00070000
v -0.02601198 -0.20766199 0.00070000
v -0.01168699 -0.13332100 0.00070000
v -0.02601198 -0.13332100 0.00070000
v -0.02766198 -0.30519298 0.00070000
v -0.02766198 -0.30036369 0.00070000
v -0.02766198 -0.28200296 0.00070000
v -0.02766198 -0.24891812 0.00070000
v -0.02766198 -0.20766199 0.00070000
v -0.02766198 -0.13332100 0.00070000
v -0.02766198 -0.11496030 0.00070000
v -0.01168699 -0.10383099 0.00070000
v 0.00766301 -0.10383099 0.00070000
v 0.01733802 -0.10383099 0.00070000
v 0.00660712 -0.21517584 0.20160000
v 0.00279807 -0.21784297 0.20160000
v 0.00730283 -0.21608250 0.20160000
v 0.00374073 -0.21907146 0.20160000
v 0.00807492 -0.21692508 0.20160000
v 0.00478687 -0.22021313 0.20160000
v 0.00891750 -0.21769717 0.20160000
v 0.00592853 -0.22125928 0.20160000
v 0.00982416 -0.21839288 0.20160000
v 0.00715703 -0.22220193 0.20160000
v 0.01078801 -0.21900691 0.20160000
v 0.00846301 -0.22303393 0.20160000
v 0.01180172 -0.21953462 0.20160000
v 0.00983654 -0.22374895 0.20160000
v 0.01285755 -0.21997195 0.20160000
v 0.01126716 -0.22434153 0.20160000
v 0.01394749 -0.22031562 0.20160000
v 0.01274398 -0.22480717 0.20160000
v 0.01506322 -0.22056296 0.20160000
v 0.01425576 -0.22514233 0.20160000
v 0.01619628 -0.22071214 0.20160000
v 0.01579100 -0.22534443 0.20160000
v 0.01733802 -0.22076198 0.20160000
v 0.01733802 -0.22541198 0.20160000
v 0.01847976 -0.22071214 0.20160000
v 0.01888503 -0.22534443 0.20160000
v 0.01961281 -0.22056296 0.20160000
v 0.02042027 -0.22514233 0.20160000
v 0.02072854 -0.22031562 0.20160000
v 0.02193205 -0.22480717 0.20160000
v 0.02181848 -0.21997195 0.20160000
v 0.02340887 -0.22434153 0.20160000
v 0.02287431 -0.21953462 0.20160000
v 0.02483949 -0.22374895 0.20160000
v 0.02388801 -0.21900691 0.20160000
v 0.02621301 -0.22303393 0.20160000
v 0.02485187 -0.21839288 0.20160000
v 0.02751900 -0.22220193 0.20160000
v 0.02575853 -0.21769717 0.20160000
v 0.02874750 -0.22125928 0.20160000
v 0.02660111 -0.21692508 0.20160000
v 0.02988916 -0.22021313 0.20160000
v 0.02737320 -0.21608250 0.20160000
v 0.03093530 -0.21907146 0.20160000
v 0.02806891 -0.21517584 0.20160000
v 0.03187796 -0.21784297 0.20160000
v 0.02868295 -0.21421199 0.20160000
v 0.03270996 -0.21653698 0.20160000
v 0.02921065 -0.21319829 0.20160000
v 0.03342498 -0.21516345 0.20160000
v 0.02964799 -0.21214245 0.20160000
v 0.03401756 -0.21373284 0.20160000
v 0.02999164 -0.21105252 0.20160000
v 0.03448320 -0.21225603 0.20160000
v 0.03023900 -0.20993678 0.20160000
v 0.03481835 -0.21074425 0.20160000
v 0.03038817 -0.20880373 0.20160000
v 0.03502047 -0.20920900 0.20160000
v 0.03043802 -0.20766199 0.20160000
v 0.03508801 -0.20766199 0.20160000
v 0.03038817 -0.20652024 0.20160000
v 0.03502047 -0.20611498 0.20160000
v 0.03023900 -0.20538719 0.20160000
v 0.03481835 -0.20457973 0.20160000
v 0.02999164 -0.20427145 0.20160000
v 0.03448320 -0.20306794 0.20160000
v 0.02964799 -0.20318152 0.20160000
v 0.03401756 -0.20159113 0.20160000
v 0.02921065 -0.20212568 0.20160000
v 0.03342498 -0.20016052 0.20160000
v 0.02868295 -0.20111199 0.20160000
v 0.03270996 -0.19878699 0.20160000
v 0.02806891 -0.20014814 0.20160000
v 0.03187796 -0.19748101 0.20160000
v 0.02737320 -0.19924147 0.20160000
v 0.03093530 -0.19625251 0.20160000
v 0.02660111 -0.19839889 0.20160000
v 0.02988916 -0.19511084 0.20160000
v 0.02575853 -0.19762680 0.20160000
v 0.02874750 -0.19406469 0.20160000
v 0.02485187 -0.19693109 0.20160000
v 0.02751900 -0.19312203 0.20160000
v 0.02388801 -0.19631705 0.20160000
v 0.02621301 -0.19229004 0.20160000
v 0.02287431 -0.19578935 0.20160000
v 0.02483949 -0.19157502 0.20160000
v 0.02181848 -0.19535202 0.20160000
v 0.02340887 -0.19098245 0.20160000
v 0.02072854 -0.19500835 0.20160000
v 0.02193205 -0.19051680 0.20160000
v 0.01961281 -0.19476101 0.20160000
v 0.02042027 -0.19018164 0.20160000
v 0.01847976 -0.19461183 0.20160000
v 0.01888503 -0.18997952 0.20160000
v 0.01733802 -0.19456199 0.20160000
v 0.01733802 -0.18991199 0.20160000
v 0.01619628 -0.19461183 0.20160000
v 0.01579100 -0.18997952 0.20160000
v 0.01506322 -0.19476101 0.20160000
v 0.01425576 -0.19018164 0.20160000
v 0.01394749 -0.19500835 0.20160000
v 0.01274398 -0.19051680 0.20160000
v 0.01285755 -0.19535202 0.20160000
v 0.01126716 -0.19098245 0.20160000
v 0.01180172 -0.19578935 0.20160000
v 0.00983654 -0.19157502 0.20160000
v 0.01078801 -0.19631705 0.20160000
v 0.00846301 -0.19229004 0.20160000
v 0.00982416 -0.19693109 0.20160000
v 0.00715703 -0.19312203 0.20160000
v 0.00891750 -0.19762680 0.20160000
v 0.00592853 -0.19406469 0.20160000
v 0.00807492 -0.19839889 0.20160000
v 0.00478687 -0.19511084 0.20160000
v 0.00730283 -0.19924147 0.20160000
v 0.00374073 -0.19625251 0.20160000
v 0.00660712 -0.20014814 0.20160000
v 0.00279807 -0.19748101 0.20160000
v 0.00599308 -0.20111199 0.20160000
v 0.00196606 -0.19878699 0.20160000
v 0.00546538 -0.20212568 0.20160000
v 0.00125105 -0.20016052 0.20160000
v 0.00502804 -0.20318152 0.20160000
v 0.00065847 -0.20159113 0.20160000
v 0.00468439 -0.20427145 0.20160000
v 0.00019283 -0.20306794 0.20160000
v 0.00443703 -0.20538719 0.20160000
v -0.00014232 -0.20457973 0.20160000
v 0.00428786 -0.20652024 0.20160000
v -0.00034444 -0.20611498 0.20160000
v 0.00423801 -0.20766199 0.20160000
v -0.00041199 -0.20766199 0.20160000
v 0.00428786 -0.20880373 0.20160000
v -0.00034444 -0.20920900 0.20160000
v 0.00443703 -0.20993678 0.20160000
v -0.00014232 -0.21074425 0.20160000
v 0.00468439 -0.21105252 0.20160000
v 0.00019283 -0.21225603 0.20160000
v 0.00502804 -0.21214245 0.20160000
v 0.00065847 -0.21373284 0.20160000
v 0.00546538 -0.21319829 0.20160000
v 0.00125105 -0.21516345 0.20160000
v 0.00599308 -0.21421199 0.20160000
v 0.00196606 -0.21653698 0.20160000
v -0.02136199 -0.31149298 0.01070000
v -0.01168699 -0.31149298 0.01070000
v 0.00766301 -0.31149298 0.01070000
v 0.01733802 -0.31149298 0.01070000
v 0.01733802 -0.10383099 0.01070000
v 0.02638748 -0.10422610 0.01070000
v 0.03536808 -0.10540842 0.01070000
v 0.04421145 -0.10736895 0.01070000
v 0.05285031 -0.11009277 0.01070000
v 0.06121889 -0.11355915 0.01070000
v 0.06925351 -0.11774171 0.01070000
v 0.07689302 -0.12260862 0.01070000
v 0.08407929 -0.12812284 0.01070000
v 0.09075762 -0.13424239 0.01070000
v 0.09687717 -0.14092071 0.01070000
v 0.10239138 -0.14810698 0.01070000
v 0.10725829 -0.15574649 0.01070000
v 0.11144085 -0.16378111 0.01070000
v 0.11490723 -0.17214969 0.01070000
v 0.11763106 -0.18078855 0.01070000
v 0.11959158 -0.18963192 0.01070000
v 0.12077390 -0.19861251 0.01070000
v 0.12116901 -0.20766199 0.01070000
v 0.12077390 -0.21671145 0.01070000
v 0.11959158 -0.22569205 0.01070000
v 0.11763106 -0.23453543 0.01070000
v 0.11490723 -0.24317427 0.01070000
v 0.11144085 -0.25154287 0.01070000
v 0.10725829 -0.25957748 0.01070000
v 0.10304412 -0.26627374 0.01070000
v 0.10239138 -0.26721701 0.01070000
v 0.09687717 -0.27440327 0.01070000
v 0.09075762 -0.28108159 0.01070000
v 0.08407929 -0.28720114 0.01070000
v 0.07689302 -0.29271534 0.01070000
v 0.06925351 -0.29758227 0.01070000
v 0.06121889 -0.30176482 0.01070000
v 0.05285031 -0.30523121 0.01070000
v 0.04421145 -0.30795503 0.01070000
v 0.03536808 -0.30991554 0.01070000
v 0.02638748 -0.31109786 0.01070000
v -0.01836199 -0.11013100 0.01070000
v -0.01837340 -0.11039246 0.01070000
v -0.01840756 -0.11065194 0.01070000
v -0.01846421 -0.11090745 0.01070000
v -0.01854291 -0.11115705 0.01070000
v -0.01864306 -0.11139885 0.01070000
v -0.01876391 -0.11163099 0.01070000
v -0.01890453 -0.11185172 0.01070000
v -0.01906385 -0.11205935 0.01070000
v -0.01924066 -0.11225231 0.01070000
v -0.01943362 -0.11242913 0.01070000
v -0.01964126 -0.11258845 0.01070000
v -0.01986198 -0.11272907 0.01070000
v -0.02009413 -0.11284991 0.01070000
v -0.02033593 -0.11295007 0.01070000
v -0.02058553 -0.11302877 0.01070000
v -0.02084104 -0.11308542 0.01070000
v -0.02110052 -0.11311958 0.01070000
v -0.02136199 -0.11313099 0.01070000
v -0.02162345 -0.11311958 0.01070000
v -0.02188293 -0.11308542 0.01070000
v -0.02213844 -0.11302877 0.01070000
v -0.02238805 -0.11295007 0.01070000
v -0.02262984 -0.11284991 0.01070000
v -0.02286199 -0.11272907 0.01070000
v -0.02308271 -0.11258845 0.01070000
v -0.02329035 -0.11242913 0.01070000
v -0.02348331 -0.11225231 0.01070000
v -0.02366012 -0.11205935 0.01070000
v -0.02381944 -0.11185172 0.01070000
v -0.02396006 -0.11163099 0.01070000
v -0.02408091 -0.11139885 0.01070000
v -0.02418106 -0.11115705 0.01070000
v -0.02425976 -0.11090745 0.01070000
v -0.02431641 -0.11065194 0.01070000
v -0.02435057 -0.11039246 0.01070000
v -0.02436198 -0.11013100 0.01070000
v -0.02435057 -0.10986952 0.01070000
v -0.02431641 -0.10961005 0.01070000
v -0.02425976 -0.10935453 0.01070000
v -0.02418106 -0.10910493 0.01070000
v -0.02408091 -0.10886314 0.01070000
v -0.02396006 -0.10863099 0.01070000
v -0.02381944 -0.10841026 0.01070000
v -0.02366012 -0.10820263 0.01070000
v -0.02348331 -0.10800967 0.01070000
v -0.02329035 -0.10783286 0.01070000
v -0.02308271 -0.10767353 0.01070000
v -0.02286199 -0.10753292 0.01070000
v -0.02262984 -0.10741207 0.01070000
v -0.02238805 -0.10731191 0.01070000
v -0.02213844 -0.10723322 0.01070000
v -0.02188293 -0.10717657 0.01070000
v -0.02162345 -0.10714241 0.01070000
v -0.02136199 -0.10713099 0.01070000
v -0.02110052 -0.10714241 0.01070000
v -0.02084104 -0.10717657 0.01070000
v -0.02058553 -0.10723322 0.01070000
v -0.02033593 -0.10731191 0.01070000
v -0.02009413 -0.10741207 0.01070000
v -0.01986198 -0.10753292 0.01070000
v -0.01964126 -0.10767353 0.01070000
v -0.01943362 -0.10783286 0.01070000
v -0.01924066 -0.10800967 0.01070000
v -0.01906385 -0.10820263 0.01070000
v -0.01890453 -0.10841026 0.01070000
v -0.01876391 -0.10863099 0.01070000
v -0.01864306 -0.10886314 0.01070000
v -0.01854291 -0.10910493 0.01070000
v -0.01846421 -0.10935453 0.01070000
v -0.01840756 -0.10961005 0.01070000
v -0.01837340 -0.10986952 0.01070000
v 0.09659082 -0.14685240 0.01070000
v 0.09657940 -0.14711387 0.01070000
v 0.09654524 -0.14737335 0.01070000
v 0.09648860 -0.14762886 0.01070000
v 0.09640989 -0.14787847 0.01070000
v 0.09630974 -0.14812025 0.01070000
v 0.09618889 -0.14835240 0.01070000
v 0.09604827 -0.14857313 0.01070000
v 0.09588895 -0.14878076 0.01070000
v 0.09571213 -0.14897373 0.01070000
v 0.09551918 -0.14915054 0.01070000
v 0.09531154 -0.14930986 0.01070000
v 0.09509081 -0.14945048 0.01070000
v 0.09485867 -0.14957133 0.01070000
v 0.09461688 -0.14967148 0.01070000
v 0.09436727 -0.14975019 0.01070000
v 0.09411176 -0.14980683 0.01070000
v 0.09385228 -0.14984100 0.01070000
v 0.09359082 -0.14985241 0.01070000
v 0.09332935 -0.14984100 0.01070000
v 0.09306987 -0.14980683 0.01070000
v 0.09281436 -0.14975019 0.01070000
v 0.09256475 -0.14967148 0.01070000
v 0.09232296 -0.14957133 0.01070000
v 0.09209082 -0.14945048 0.01070000
v 0.09187008 -0.14930986 0.01070000
v 0.09166245 -0.14915054 0.01070000
v 0.09146950 -0.14897373 0.01070000
v 0.09129268 -0.14878076 0.01070000
v 0.09113336 -0.14857313 0.01070000
v 0.09099274 -0.14835240 0.01070000
v 0.09087189 -0.14812025 0.01070000
v 0.09077173 -0.14787847 0.01070000
v 0.09069303 -0.14762886 0.01070000
v 0.09063639 -0.14737335 0.01070000
v 0.09060223 -0.14711387 0.01070000
v 0.09059081 -0.14685240 0.01070000
v 0.09060223 -0.14659093 0.01070000
v 0.09063639 -0.14633146 0.01070000
v 0.09069303 -0.14607595 0.01070000
v 0.09077173 -0.14582634 0.01070000
v 0.09087189 -0.14558455 0.01070000
v 0.09099274 -0.14535241 0.01070000
v 0.09113336 -0.14513168 0.01070000
v 0.09129268 -0.14492404 0.01070000
v 0.09146950 -0.14473109 0.01070000
v 0.09166245 -0.14455427 0.01070000
v 0.09187008 -0.14439495 0.01070000
v 0.09209082 -0.14425433 0.01070000
v 0.09232296 -0.14413348 0.01070000
v 0.09256475 -0.14403333 0.01070000
v 0.09281436 -0.14395463 0.01070000
v 0.09306987 -0.14389798 0.01070000
v 0.09332935 -0.14386383 0.01070000
v 0.09359082 -0.14385241 0.01070000
v 0.09385228 -0.14386383 0.01070000
v 0.09411176 -0.14389798 0.01070000
v 0.09436727 -0.14395463 0.01070000
v 0.09461688 -0.14403333 0.01070000
v 0.09485867 -0.14413348 0.01070000
v 0.09509081 -0.14425433 0.01070000
v 0.09531154 -0.14439495 0.01070000
v 0.09551918 -0.14455427 0.01070000
v 0.09571213 -0.14473109 0.01070000
v 0.09588895 -0.14492404 0.01070000
v 0.09604827 -0.14513168 0.01070000
v 0.09618889 -0.14535241 0.01070000
v 0.09630974 -0.14558455 0.01070000
v 0.09640989 -0.14582634 0.01070000
v 0.09648860 -0.14607595 0.01070000
v 0.09654524 -0.14633146 0.01070000
v 0.09657940 -0.14659093 0.01070000
v 0.00766301 -0.10383099 0.01070000
v -0.01168699 -0.10383099 0.01070000
v -0.02136199 -0.10383099 0.01070000
v -0.02766198 -0.11013100 0.01070000
v -0.02763801 -0.10958191 0.01070000
v -0.02756627 -0.10903701 0.01070000
v -0.02744732 -0.10850044 0.01070000
v -0.02728205 -0.10797627 0.01070000
v -0.02707172 -0.10746850 0.01070000
v -0.02681795 -0.10698099 0.01070000
v -0.02652264 -0.10651746 0.01070000
v -0.02618807 -0.10608143 0.01070000
v -0.02581676 -0.10567622 0.01070000
v -0.02541155 -0.10530491 0.01070000
v -0.02497552 -0.10497034 0.01070000
v -0.02451199 -0.10467503 0.01070000
v -0.02402448 -0.10442125 0.01070000
v -0.02351671 -0.10421093 0.01070000
v -0.02299255 -0.10404566 0.01070000
v -0.02245597 -0.10392670 0.01070000
v -0.02191107 -0.10385497 0.01070000
v 0.07662297 -0.28200296 0.01070000
v 0.10300726 -0.16640586 0.01070000
v 0.07662297 -0.13332100 0.01070000
v 0.02528239 -0.11685734 0.01070000
v 0.03316631 -0.11789528 0.01070000
v 0.03849657 -0.11496030 0.01070000
v 0.06291377 -0.12872247 0.01070000
v 0.07592907 -0.13783589 0.01070000
v 0.07005843 -0.13330370 0.01070000
v 0.07592907 -0.27748808 0.01070000
v 0.07664744 -0.27687895 0.01070000
v 0.03316631 -0.29742870 0.01070000
v 0.02528239 -0.29846662 0.01070000
v 0.03849657 -0.30036369 0.01070000
v 0.01733802 -0.29881349 0.01070000
v 0.00766301 -0.30036369 0.01070000
v 0.00766301 -0.29881349 0.01070000
v -0.01168699 -0.30036369 0.01070000
v -0.01168699 -0.29881349 0.01070000
v -0.02766198 -0.30036369 0.01070000
v -0.02766198 -0.29881349 0.01070000
v 0.06291377 -0.28660151 0.01070000
v 0.05586030 -0.29027331 0.01070000
v 0.04851366 -0.29331636 0.01070000
v 0.06962037 -0.28232893 0.01070000
v 0.04092976 -0.29570758 0.01070000
v 0.09627753 -0.25323772 0.01070000
v 0.08179186 -0.27211583 0.01070000
v 0.08716412 -0.26625305 0.01070000
v 0.10300930 -0.23879118 0.01070000
v 0.09200495 -0.25994435 0.01070000
v 0.10299241 -0.23883763 0.01070000
v 0.09994933 -0.24618427 0.01070000
v 0.10710472 -0.22349028 0.01070000
v 0.11829636 -0.20766199 0.01070000
v 0.10538360 -0.23125373 0.01070000
v 0.10814266 -0.21560636 0.01070000
v 0.10848951 -0.20766199 0.01070000
v 0.10710472 -0.19183369 0.01070000
v 0.10299241 -0.17648634 0.01070000
v 0.10814266 -0.19971761 0.01070000
v 0.10538360 -0.18407024 0.01070000
v 0.09994933 -0.16913970 0.01070000
v 0.09200495 -0.15537964 0.01070000
v 0.09627753 -0.16208623 0.01070000
v 0.08716412 -0.14907093 0.01070000
v 0.08179186 -0.14320815 0.01070000
v 0.05586030 -0.12505066 0.01070000
v 0.04851366 -0.12200759 0.01070000
v 0.04092976 -0.11961640 0.01070000
v 0.06962037 -0.13299505 0.01070000
v 0.01733802 -0.11651049 0.01070000
v 0.00766301 -0.11496030 0.01070000
v 0.00766301 -0.11651049 0.01070000
v -0.01168699 -0.11496030 0.01070000
v -0.02766198 -0.11496030 0.01070000
v -0.02766198 -0.11651049 0.01070000
v -0.01168699 -0.11651049 0.01070000
v 0.00766301 -0.30984297 0.01070000
v -0.02451199 -0.31064895 0.01070000
v -0.02402448 -0.31090271 0.01070000
v -0.02497552 -0.31035364 0.01070000
v -0.02351671 -0.31111303 0.01070000
v -0.02541155 -0.31001905 0.01070000
v -0.02299255 -0.31127831 0.01070000
v -0.02245597 -0.31139725 0.01070000
v -0.01168699 -0.30984297 0.01070000
v -0.02766198 -0.30519298 0.01070000
v -0.02581676 -0.30964774 0.01070000
v -0.02618807 -0.30924255 0.01070000
v -0.02652264 -0.30880651 0.01070000
v -0.02681795 -0.30834296 0.01070000
v -0.02707172 -0.30785549 0.01070000
v -0.02728205 -0.30734771 0.01070000
v -0.02744732 -0.30682355 0.01070000
v -0.02756627 -0.30628696 0.01070000
v -0.02763801 -0.30574206 0.01070000
v -0.02191107 -0.31146902 0.01070000
v -0.02766198 -0.24895608 0.19677037
v -0.02766198 -0.16947509 0.10478990
v -0.02766198 -0.24266198 0.20160000
v -0.02766198 -0.17266199 0.20160000
v -0.02766198 -0.16636789 0.19677037
v -0.02766198 -0.16094641 0.10328607
v -0.02766198 -0.16068088 0.10363211
v -0.02766198 -0.16044651 0.10400000
v -0.02766198 -0.16024509 0.10438691
v -0.02766198 -0.16007817 0.10478990
v -0.02766198 -0.16348255 0.11132963
v -0.02766198 -0.16390839 0.11142404
v -0.02766198 -0.16960627 0.10520591
v -0.02766198 -0.16831216 0.11003553
v -0.02766198 -0.16860686 0.10971393
v -0.02766198 -0.16887240 0.10936788
v -0.02766198 -0.16910677 0.10900000
v -0.02766198 -0.16930817 0.10861309
v -0.02766198 -0.16947509 0.10821010
v -0.02766198 -0.16521241 0.11148097
v -0.02766198 -0.16564487 0.11142404
v -0.02766198 -0.16607073 0.11132963
v -0.02766198 -0.16648674 0.11119846
v -0.02766198 -0.15994701 0.10779410
v -0.02766198 -0.16007817 0.10821010
v -0.02766198 -0.16024509 0.10861309
v -0.02766198 -0.16044651 0.10900000
v -0.02766198 -0.16434085 0.11148097
v -0.02766198 -0.16477664 0.11150000
v -0.02766198 -0.16727664 0.11083013
v -0.02766198 -0.16688973 0.11103154
v -0.02766198 -0.16764452 0.11059576
v -0.02766198 -0.16799058 0.11033022
v -0.02766198 -0.16975760 0.10693578
v -0.02766198 -0.16977663 0.10650000
v -0.02766198 -0.16975760 0.10606422
v -0.02766198 -0.16970067 0.10563176
v -0.02766198 -0.16930817 0.10438691
v -0.02766198 -0.16910677 0.10400000
v -0.02766198 -0.16887240 0.10363211
v -0.02766198 -0.16860686 0.10328607
v -0.02766198 -0.16831216 0.10296447
v -0.02766198 -0.16227664 0.10216987
v -0.02766198 -0.16190875 0.10240424
v -0.02766198 -0.16068088 0.10936788
v -0.02766198 -0.16094641 0.10971393
v -0.02766198 -0.16124110 0.11003553
v -0.02766198 -0.16156270 0.11033022
v -0.02766198 -0.16190875 0.11059576
v -0.02766198 -0.16227664 0.11083013
v -0.02766198 -0.16960627 0.10779410
v -0.02766198 -0.16970067 0.10736824
v -0.02766198 -0.15994701 0.10520591
v -0.02766198 -0.15985259 0.10563176
v -0.02766198 -0.15979566 0.10606422
v -0.02766198 -0.15977663 0.10650000
v -0.02766198 -0.15979566 0.10693578
v -0.02766198 -0.15985259 0.10736824
v -0.02766198 -0.16266355 0.11103154
v -0.02766198 -0.16306654 0.11119846
v -0.02766198 -0.16799058 0.10266978
v -0.02766198 -0.16764452 0.10240424
v -0.02766198 -0.16727664 0.10216987
v -0.02766198 -0.16688973 0.10196846
v -0.02766198 -0.16564487 0.10157596
v -0.02766198 -0.16521241 0.10151903
v -0.02766198 -0.16477664 0.10150000
v -0.02766198 -0.16156270 0.10266978
v -0.02766198 -0.16124110 0.10296447
v -0.02766198 -0.16648674 0.10180154
v -0.02766198 -0.16607073 0.10167037
v -0.02766198 -0.16434085 0.10151903
v -0.02766198 -0.16390839 0.10157596
v -0.02766198 -0.16348255 0.10167037
v -0.02766198 -0.16306654 0.10180154
v -0.02766198 -0.16266355 0.10196846
v 0.03023900 -0.20993678 0.13410001
v 0.03038817 -0.20880373 0.13410001
v 0.01733802 -0.20766199 0.13410001
v 0.03043802 -0.20766199 0.13410001
v 0.03038817 -0.20652024 0.13410001
v 0.02921065 -0.21319829 0.13410001
v 0.02964799 -0.21214245 0.13410001
v 0.02999164 -0.21105252 0.13410001
v 0.02737320 -0.21608250 0.13410001
v 0.02806891 -0.21517584 0.13410001
v 0.02868295 -0.21421199 0.13410001
v 0.02485187 -0.21839288 0.13410001
v 0.02575853 -0.21769717 0.13410001
v 0.02660111 -0.21692508 0.13410001
v 0.02181848 -0.21997195 0.13410001
v 0.02287431 -0.21953462 0.13410001
v 0.02388801 -0.21900691 0.13410001
v 0.01847976 -0.22071214 0.13410001
v 0.01961281 -0.22056296 0.13410001
v 0.02072854 -0.22031562 0.13410001
v 0.01506322 -0.22056296 0.13410001
v 0.01619628 -0.22071214 0.13410001
v 0.01733802 -0.22076198 0.13410001
v 0.01180172 -0.21953462 0.13410001
v 0.01285755 -0.21997195 0.13410001
v 0.01394749 -0.22031562 0.13410001
v 0.00891750 -0.21769717 0.13410001
v 0.00982416 -0.21839288 0.13410001
v 0.01078801 -0.21900691 0.13410001
v 0.00660712 -0.21517584 0.13410001
v 0.00730283 -0.21608250 0.13410001
v 0.00807492 -0.21692508 0.13410001
v 0.00502804 -0.21214245 0.13410001
v 0.00546538 -0.21319829 0.13410001
v 0.00599308 -0.21421199 0.13410001
v 0.00428786 -0.20880373 0.13410001
v 0.00443703 -0.20993678 0.13410001
v 0.00468439 -0.21105252 0.13410001
v 0.00443703 -0.20538719 0.13410001
v 0.00428786 -0.20652024 0.13410001
v 0.00423801 -0.20766199 0.13410001
v 0.00546538 -0.20212568 0.13410001
v 0.00502804 -0.20318152 0.13410001
v 0.00468439 -0.20427145 0.13410001
v 0.00730283 -0.19924147 0.13410001
v 0.00660712 -0.20014814 0.13410001
v 0.00599308 -0.20111199 0.13410001
v 0.00982416 -0.19693109 0.13410001
v 0.00891750 -0.19762680 0.13410001
v 0.00807492 -0.19839889 0.13410001
v 0.01285755 -0.19535202 0.13410001
v 0.01180172 -0.19578935 0.13410001
v 0.01078801 -0.19631705 0.13410001
v 0.01619628 -0.19461183 0.13410001
v 0.01506322 -0.19476101 0.13410001
v 0.01394749 -0.19500835 0.13410001
v 0.01961281 -0.19476101 0.13410001
v 0.01847976 -0.19461183 0.13410001
v 0.01733802 -0.19456199 0.13410001
v 0.02287431 -0.19578935 0.13410001
v 0.02181848 -0.19535202 0.13410001
v 0.02072854 -0.19500835 0.13410001
v 0.02575853 -0.19762680 0.13410001
v 0.02485187 -0.19693109 0.13410001
v 0.02388801 -0.19631705 0.13410001
v 0.02806891 -0.20014814 0.13410001
v 0.02737320 -0.19924147 0.13410001
v 0.02660111 -0.19839889 0.13410001
v 0.02964799 -0.20318152 0.13410001
v 0.02921065 -0.20212568 0.13410001
v 0.02868295 -0.20111199 0.13410001
v 0.03023900 -0.20538719 0.13410001
v 0.02999164 -0.20427145 0.13410001
v 0.01733802 -0.24895608 0.19677037
v 0.02093703 -0.24879895 0.19677037
v 0.02450866 -0.24832873 0.19677037
v 0.02802571 -0.24754901 0.19677037
v 0.03146143 -0.24646574 0.19677037
v 0.03478965 -0.24508715 0.19677037
v 0.03798506 -0.24342372 0.19677037
v 0.04102333 -0.24148813 0.19677037
v 0.04388135 -0.23929510 0.19677037
v 0.04653735 -0.23686132 0.19677037
v 0.04897113 -0.23420532 0.19677037
v 0.05116416 -0.23134731 0.19677037
v 0.05309975 -0.22830904 0.19677037
v 0.05476318 -0.22511363 0.19677037
v 0.05614177 -0.22178540 0.19677037
v 0.05722505 -0.21834968 0.19677037
v 0.05800476 -0.21483263 0.19677037
v 0.05847497 -0.21126100 0.19677037
v 0.05863211 -0.20766199 0.19677037
v 0.05847497 -0.20406297 0.19677037
v 0.05800476 -0.20049134 0.19677037
v 0.05722505 -0.19697429 0.19677037
v 0.05614177 -0.19353858 0.19677037
v 0.05476318 -0.19021034 0.19677037
v 0.05309975 -0.18701494 0.19677037
v 0.05116416 -0.18397667 0.19677037
v 0.04897113 -0.18111865 0.19677037
v 0.04653735 -0.17846265 0.19677037
v 0.04388135 -0.17602888 0.19677037
v 0.04102333 -0.17383584 0.19677037
v 0.03798506 -0.17190026 0.19677037
v 0.03478965 -0.17023683 0.19677037
v 0.03146143 -0.16885823 0.19677037
v 0.02802571 -0.16777495 0.19677037
v 0.02450866 -0.16699524 0.19677037
v 0.02093703 -0.16652502 0.19677037
v 0.01733802 -0.16636789 0.19677037
v 0.01733802 -0.24266198 0.20160000
v 0.02038847 -0.24252880 0.20160000
v 0.02341570 -0.24213025 0.20160000
v 0.02639668 -0.24146938 0.20160000
v 0.02930872 -0.24055123 0.20160000
v 0.03212965 -0.23938276 0.20160000
v 0.03483801 -0.23797287 0.20160000
v 0.03741319 -0.23633231 0.20160000
v 0.03983558 -0.23447354 0.20160000
v 0.04208675 -0.23241073 0.20160000
v 0.04414957 -0.23015955 0.20160000
v 0.04600834 -0.22773716 0.20160000
v 0.04764890 -0.22516198 0.20160000
v 0.04905879 -0.22245362 0.20160000
v 0.05022725 -0.21963269 0.20160000
v 0.05114542 -0.21672066 0.20160000
v 0.05180629 -0.21373968 0.20160000
v 0.05220483 -0.21071243 0.20160000
v 0.05233802 -0.20766199 0.20160000
v 0.05220483 -0.20461154 0.20160000
v 0.05180629 -0.20158429 0.20160000
v 0.05114542 -0.19860332 0.20160000
v 0.05022725 -0.19569129 0.20160000
v 0.04905879 -0.19287035 0.20160000
v 0.04764890 -0.19016199 0.20160000
v 0.04600834 -0.18758681 0.20160000
v 0.04414957 -0.18516442 0.20160000
v 0.04208675 -0.18291324 0.20160000
v 0.03983558 -0.18085043 0.20160000
v 0.03741319 -0.17899166 0.20160000
v 0.03483801 -0.17735110 0.20160000
v 0.03212965 -0.17594121 0.20160000
v 0.02930872 -0.17477274 0.20160000
v 0.02639668 -0.17385457 0.20160000
v 0.02341570 -0.17319371 0.20160000
v 0.02038847 -0.17279518 0.20160000
v 0.01733802 -0.17266199 0.20160000
v -0.00041199 -0.20766199 0.20260000
v -0.00541199 -0.20766199 0.20260000
v -0.00034444 -0.20920900 0.20260000
v -0.00532541 -0.20964478 0.20260000
v -0.00014232 -0.21074425 0.20260000
v -0.00506636 -0.21161248 0.20260000
v 0.00019283 -0.21225603 0.20260000
v -0.00463680 -0.21355012 0.20260000
v 0.00065847 -0.21373284 0.20260000
v -0.00403999 -0.21544294 0.20260000
v 0.00125105 -0.21516345 0.20260000
v -0.00328049 -0.21727656 0.20260000
v 0.00196606 -0.21653698 0.20260000
v -0.00236406 -0.21903698 0.20260000
v 0.00279807 -0.21784297 0.20260000
v -0.00129769 -0.22071084 0.20260000
v 0.00374073 -0.21907146 0.20260000
v -0.00008950 -0.22228540 0.20260000
v 0.00478687 -0.22021313 0.20260000
v 0.00125134 -0.22374867 0.20260000
v 0.00592853 -0.22125928 0.20260000
v 0.00271460 -0.22508949 0.20260000
v 0.00715703 -0.22220193 0.20260000
v 0.00428915 -0.22629769 0.20260000
v 0.00846301 -0.22303393 0.20260000
v 0.00596301 -0.22736406 0.20260000
v 0.00983654 -0.22374895 0.20260000
v 0.00772345 -0.22828048 0.20260000
v 0.01126716 -0.22434153 0.20260000
v 0.00955706 -0.22904000 0.20260000
v 0.01274398 -0.22480717 0.20260000
v 0.01144988 -0.22963680 0.20260000
v 0.01425576 -0.22514233 0.20260000
v 0.01338752 -0.23006636 0.20260000
v 0.01579100 -0.22534443 0.20260000
v 0.01535522 -0.23032542 0.20260000
v 0.01733802 -0.22541198 0.20260000
v 0.01733802 -0.23041199 0.20260000
v 0.01888503 -0.22534443 0.20260000
v 0.01932081 -0.23032542 0.20260000
v 0.02042027 -0.22514233 0.20260000
v 0.02128851 -0.23006636 0.20260000
v 0.02193205 -0.22480717 0.20260000
v 0.02322615 -0.22963680 0.20260000
v 0.02340887 -0.22434153 0.20260000
v 0.02511897 -0.22904000 0.20260000
v 0.02483949 -0.22374895 0.20260000
v 0.02695258 -0.22828048 0.20260000
v 0.02621301 -0.22303393 0.20260000
v 0.02871301 -0.22736406 0.20260000
v 0.02751900 -0.22220193 0.20260000
v 0.03038688 -0.22629769 0.20260000
v 0.02874750 -0.22125928 0.20260000
v 0.03196143 -0.22508949 0.20260000
v 0.02988916 -0.22021313 0.20260000
v 0.03342469 -0.22374867 0.20260000
v 0.03093530 -0.21907146 0.20260000
v 0.03476553 -0.22228540 0.20260000
v 0.03187796 -0.21784297 0.20260000
v 0.03597372 -0.22071084 0.20260000
v 0.03270996 -0.21653698 0.20260000
v 0.03704009 -0.21903698 0.20260000
v 0.03342498 -0.21516345 0.20260000
v 0.03795652 -0.21727656 0.20260000
v 0.03401756 -0.21373284 0.20260000
v 0.03871602 -0.21544294 0.20260000
v 0.03448320 -0.21225603 0.20260000
v 0.03931283 -0.21355012 0.20260000
v 0.03481835 -0.21074425 0.20260000
v 0.03974239 -0.21161248 0.20260000
v 0.03502047 -0.20920900 0.20260000
v 0.04000144 -0.20964478 0.20260000
v 0.03508801 -0.20766199 0.20260000
v 0.04008801 -0.20766199 0.20260000
v 0.03502047 -0.20611498 0.20260000
v 0.04000144 -0.20567919 0.20260000
v 0.03481835 -0.20457973 0.20260000
v 0.03974239 -0.20371149 0.20260000
v 0.03448320 -0.20306794 0.20260000
v 0.03931283 -0.20177385 0.20260000
v 0.03401756 -0.20159113 0.20260000
v 0.03871602 -0.19988103 0.20260000
v 0.03342498 -0.20016052 0.20260000
v 0.03795652 -0.19804741 0.20260000
v 0.03270996 -0.19878699 0.20260000
v 0.03704009 -0.19628699 0.20260000
v 0.03187796 -0.19748101 0.20260000
v 0.03597372 -0.19461313 0.20260000
v 0.03093530 -0.19625251 0.20260000
v 0.03476553 -0.19303857 0.20260000
v 0.02988916 -0.19511084 0.20260000
v 0.03342469 -0.19157530 0.20260000
v 0.02874750 -0.19406469 0.20260000
v 0.03196143 -0.19023447 0.20260000
v 0.02751900 -0.19312203 0.20260000
v 0.03038688 -0.18902628 0.20260000
v 0.02621301 -0.19229004 0.20260000
v 0.02871301 -0.18795991 0.20260000
v 0.02483949 -0.19157502 0.20260000
v 0.02695258 -0.18704349 0.20260000
v 0.02340887 -0.19098245 0.20260000
v 0.02511897 -0.18628398 0.20260000
v 0.02193205 -0.19051680 0.20260000
v 0.02322615 -0.18568717 0.20260000
v 0.02042027 -0.19018164 0.20260000
v 0.02128851 -0.18525761 0.20260000
v 0.01888503 -0.18997952 0.20260000
v 0.01932081 -0.18499856 0.20260000
v 0.01733802 -0.18991199 0.20260000
v 0.01733802 -0.18491198 0.20260000
v 0.01579100 -0.18997952 0.20260000
v 0.01535522 -0.18499856 0.20260000
v 0.01425576 -0.19018164 0.20260000
v 0.01338752 -0.18525761 0.20260000
v 0.01274398 -0.19051680 0.20260000
v 0.01144988 -0.18568717 0.20260000
v 0.01126716 -0.19098245 0.20260000
v 0.00955706 -0.18628398 0.20260000
v 0.00983654 -0.19157502 0.20260000
v 0.00772345 -0.18704349 0.20260000
v 0.00846301 -0.19229004 0.20260000
v 0.00596301 -0.18795991 0.20260000
v 0.00715703 -0.19312203 0.20260000
v 0.00428915 -0.18902628 0.20260000
v 0.00592853 -0.19406469 0.20260000
v 0.00271460 -0.19023447 0.20260000
v 0.00478687 -0.19511084 0.20260000
v 0.00125134 -0.19157530 0.20260000
v 0.00374073 -0.19625251 0.20260000
v -0.00008950 -0.19303857 0.20260000
v 0.00279807 -0.19748101 0.20260000
v -0.00129769 -0.19461313 0.20260000
v 0.00196606 -0.19878699 0.20260000
v -0.00236406 -0.19628699 0.20260000
v 0.00125105 -0.20016052 0.20260000
v -0.00328049 -0.19804741 0.20260000
v 0.00065847 -0.20159113 0.20260000
v -0.00403999 -0.19988103 0.20260000
v 0.00019283 -0.20306794 0.20260000
v -0.00463680 -0.20177385 0.20260000
v -0.00014232 -0.20457973 0.20260000
v -0.00506636 -0.20371149 0.20260000
v -0.00034444 -0.20611498 0.20260000
v -0.00532541 -0.20567919 0.20260000
v 0.00730083 -0.22918679 0.20160000
v 0.00546301 -0.22823009 0.20160000
v 0.00371557 -0.18820712 0.20160000
v 0.00546301 -0.18709388 0.20160000
v 0.00371557 -0.22711685 0.20160000
v 0.00207181 -0.22585554 0.20160000
v 0.00054423 -0.22445577 0.20160000
v 0.00207181 -0.18946843 0.20160000
v -0.00085554 -0.22292820 0.20160000
v -0.00211685 -0.22128442 0.20160000
v -0.00323009 -0.21953699 0.20160000
v 0.01526807 -0.23132160 0.20160000
v 0.01321387 -0.23105118 0.20160000
v 0.01119106 -0.23060273 0.20160000
v 0.00921504 -0.22997968 0.20160000
v 0.00730083 -0.18613717 0.20160000
v 0.00921504 -0.18534428 0.20160000
v 0.01119106 -0.18472125 0.20160000
v 0.01321387 -0.18427280 0.20160000
v -0.00418680 -0.21769917 0.20160000
v -0.00497969 -0.21578497 0.20160000
v -0.00560272 -0.21380894 0.20160000
v -0.00632161 -0.20559204 0.20160000
v -0.00641199 -0.20766199 0.20160000
v -0.00605117 -0.20353784 0.20160000
v -0.00560272 -0.20151503 0.20160000
v -0.00497969 -0.19953901 0.20160000
v -0.00211685 -0.19403954 0.20160000
v -0.00085554 -0.19239578 0.20160000
v 0.00054423 -0.19086820 0.20160000
v -0.00605117 -0.21178614 0.20160000
v -0.00632161 -0.20973194 0.20160000
v -0.00418680 -0.19762480 0.20160000
v -0.00323009 -0.19578698 0.20160000
v 0.01526807 -0.18400235 0.20160000
v 0.01733802 -0.18391198 0.20160000
v 0.01940796 -0.18400235 0.20160000
v 0.02146216 -0.18427280 0.20160000
v 0.02348497 -0.18472125 0.20160000
v 0.02546099 -0.18534428 0.20160000
v 0.02737520 -0.18613717 0.20160000
v 0.02921301 -0.18709388 0.20160000
v 0.03096046 -0.18820712 0.20160000
v 0.03260422 -0.18946843 0.20160000
v 0.03413180 -0.19086820 0.20160000
v 0.03553157 -0.19239578 0.20160000
v 0.03679287 -0.19403954 0.20160000
v 0.03790612 -0.19578698 0.20160000
v 0.03886282 -0.19762480 0.20160000
v 0.03965572 -0.19953901 0.20160000
v 0.04027875 -0.20151503 0.20160000
v 0.04072720 -0.20353784 0.20160000
v 0.04099764 -0.20559204 0.20160000
v 0.04108801 -0.20766199 0.20160000
v 0.04099764 -0.20973194 0.20160000
v 0.04072720 -0.21178614 0.20160000
v 0.04027875 -0.21380894 0.20160000
v 0.03965572 -0.21578497 0.20160000
v 0.03886282 -0.21769917 0.20160000
v 0.03790612 -0.21953699 0.20160000
v 0.03679287 -0.22128442 0.20160000
v 0.03553157 -0.22292820 0.20160000
v 0.03413180 -0.22445577 0.20160000
v 0.03260422 -0.22585554 0.20160000
v 0.03096046 -0.22711685 0.20160000
v 0.02921301 -0.22823009 0.20160000
v 0.02737520 -0.22918679 0.20160000
v 0.02546099 -0.22997968 0.20160000
v 0.02348497 -0.23060273 0.20160000
v 0.02146216 -0.23105118 0.20160000
v 0.01940796 -0.23132160 0.20160000
v 0.01733802 -0.23141198 0.20160000
v 0.02233801 -0.16970067 0.10563176
v 0.02233801 -0.16975760 0.10606422
v 0.02233801 -0.16477664 0.10650000
v 0.02233801 -0.16977663 0.10650000
v 0.02233801 -0.16975760 0.10693578
v 0.02233801 -0.16930817 0.10438691
v 0.02233801 -0.16947509 0.10478990
v 0.02233801 -0.16960627 0.10520591
v 0.02233801 -0.16860686 0.10328607
v 0.02233801 -0.16887240 0.10363211
v 0.02233801 -0.16910677 0.10400000
v 0.02233801 -0.16764452 0.10240424
v 0.02233801 -0.16799058 0.10266978
v 0.02233801 -0.16831216 0.10296447
v 0.02233801 -0.16648674 0.10180154
v 0.02233801 -0.16688973 0.10196846
v 0.02233801 -0.16727664 0.10216987
v 0.02233801 -0.16521241 0.10151903
v 0.02233801 -0.16564487 0.10157596
v 0.02233801 -0.16607073 0.10167037
v 0.02233801 -0.16390839 0.10157596
v 0.02233801 -0.16434085 0.10151903
v 0.02233801 -0.16477664 0.10150000
v 0.02233801 -0.16266355 0.10196846
v 0.02233801 -0.16306654 0.10180154
v 0.02233801 -0.16348255 0.10167037
v 0.02233801 -0.16156270 0.10266978
v 0.02233801 -0.16190875 0.10240424
v 0.02233801 -0.16227664 0.10216987
v 0.02233801 -0.16068088 0.10363211
v 0.02233801 -0.16094641 0.10328607
v 0.02233801 -0.16124110 0.10296447
v 0.02233801 -0.16007817 0.10478990
v 0.02233801 -0.16024509 0.10438691
v 0.02233801 -0.16044651 0.10400000
v 0.02233801 -0.15979566 0.10606422
v 0.02233801 -0.15985259 0.10563176
v 0.02233801 -0.15994701 0.10520591
v 0.02233801 -0.15985259 0.10736824
v 0.02233801 -0.15979566 0.10693578
v 0.02233801 -0.15977663 0.10650000
v 0.02233801 -0.16024509 0.10861309
v 0.02233801 -0.16007817 0.10821010
v 0.02233801 -0.15994701 0.10779410
v 0.02233801 -0.16094641 0.10971393
v 0.02233801 -0.16068088 0.10936788
v 0.02233801 -0.16044651 0.10900000
v 0.02233801 -0.16190875 0.11059576
v 0.02233801 -0.16156270 0.11033022
v 0.02233801 -0.16124110 0.11003553
v 0.02233801 -0.16306654 0.11119846
v 0.02233801 -0.16266355 0.11103154
v 0.02233801 -0.16227664 0.11083013
v 0.02233801 -0.16434085 0.11148097
v 0.02233801 -0.16390839 0.11142404
v 0.02233801 -0.16348255 0.11132963
v 0.02233801 -0.16564487 0.11142404
v 0.02233801 -0.16521241 0.11148097
v 0.02233801 -0.16477664 0.11150000
v 0.02233801 -0.16688973 0.11103154
v 0.02233801 -0.16648674 0.11119846
v 0.02233801 -0.16607073 0.11132963
v 0.02233801 -0.16799058 0.11033022
v 0.02233801 -0.16764452 0.11059576
v 0.02233801 -0.16727664 0.11083013
v 0.02233801 -0.16887240 0.10936788
v 0.02233801 -0.16860686 0.10971393
v 0.02233801 -0.16831216 0.11003553
v 0.02233801 -0.16947509 0.10821010
v 0.02233801 -0.16930817 0.10861309
v 0.02233801 -0.16910677 0.10900000
v 0.02233801 -0.16970067 0.10736824
v 0.02233801 -0.16960627 0.10779410
v 0.00233801 -0.16473596 0.08271874
f 1 2 3
f 2 4 3
f 3 4 5
f 4 6 5
f 5 6 7
f 6 8 7
f 7 8 9
f 8 10 9
f 9 10 11
f 10 12 11
f 11 12 13
f 12 14 13
f 13 14 15
f 14 16 15
f 15 16 17
f 16 18 17
f 17 18 19
f 18 20 19
f 19 20 21
f 20 22 21
f 21 22 23
f 22 24 23
f 23 24 25
f 24 26 25
f 25 26 27
f 26 28 27
f 27 28 29
f 28 30 29
f 29 30 31
f 30 32 31
f 31 32 33
f 32 34 33
f 33 34 35
f 34 36 35
f 35 36 37
f 36 38 37
f 37 38 39
f 38 40 39
f 39 40 41
f 40 42 41
f 41 42 43
f 42 44 43
f 43 44 45
f 44 46 45
f 45 46 47
f 46 48 47
f 47 48 49
f 48 50 49
f 49 50 51
f 50 52 51
f 51 52 53
f 52 54 53
f 53 54 55
f 54 56 55
f 55 56 57
f 56 58 57
f 57 58 59
f 58 60 59
f 59 60 61
f 60 62 61
f 61 62 63
f 62 64 63
f 63 64 65
f 64 66 65
f 65 66 67
f 66 68 67
f 67 68 69
f 68 70 69
f 69 70 71
f 70 72 71
f 71 72 73
f 72 74 73
f 73 74 75
f 74 76 75
f 75 76 77
f 76 78 77
f 77 78 79
f 78 80 79
f 79 80 81
f 80 82 81
f 81 82 83
f 82 84 83
f 83 84 85
f 84 86 85
f 85 86 87
f 86 88 87
f 87 88 89
f 88 90 89
f 89 90 91
f 90 92 91
f 91 92 93
f 92 94 93
f 93 94 95
f 94 96 95
f 95 96 97
f 96 98 97
f 97 98 99
f 98 100 99
f 99 100 101
f 100 102 101
f 101 102 103
f 102 104 103
f 103 104 105
f 104 106 105
f 105 106 107
f 106 108 107
f 107 108 109
f 108 110 109
f 109 110 111
f 110 112 111
f 111 112 113
f 112 114 113
f 113 114 115
f 114 116 115
f 115 116 117
f 116 118 117
f 117 118 119
f 118 120 119
f 119 120 121
f 120 122 121
f 121 122 123
f 122 124 123
f 123 124 125
f 124 126 125
f 125 126 127
f 126 128 127
f 127 128 129
f 128 130 129
f 129 130 131
f 130 132 131
f 131 132 133
f 132 134 133
f 133 134 135
f 134 136 135
f 135 136 137
f 136 138 137
f 137 138 139
f 138 140 139
f 139 140 141
f 140 142 141
f 141 142 143
f 142 144 143
f 143 144 1
f 144 2 1
f 141 143 145
f 143 1 145
f 145 1 3
f 135 137 145
f 137 139 145
f 145 139 141
f 129 131 145
f 131 133 145
f 145 133 135
f 123 125 145
f 125 127 145
f 145 127 129
f 117 119 145
f 119 121 145
f 145 121 123
f 111 113 145
f 113 115 145
f 145 115 117
f 105 107 145
f 107 109 145
f 145 109 111
f 99 101 145
f 101 103 145
f 145 103 105
f 93 95 145
f 95 97 145
f 145 97 99
f 87 89 145
f 89 91 145
f 145 91 93
f 81 83 145
f 83 85 145
f 145 85 87
f 75 77 145
f 77 79 145
f 145 79 81
f 69 71 145
f 71 73 145
f 145 73 75
f 63 65 145
f 65 67 145
f 145 67 69
f 57 59 145
f 59 61 145
f 145 61 63
f 51 53 145
f 53 55 145
f 145 55 57
f 45 47 145
f 47 49 145
f 145 49 51
f 39 41 145
f 41 43 145
f 145 43 45
f 33 35 145
f 35 37 145
f 145 37 39
f 27 29 145
f 29 31 145
f 145 31 33
f 21 23 145
f 23 25 145
f 145 25 27
f 15 17 145
f 17 19 145
f 145 19 21
f 9 11 145
f 11 13 145
f 145 13 15
f 3 5 145
f 5 7 145
f 145 7 9
f 6 4 146
f 4 2 146
f 146 2 144
f 12 10 146
f 10 8 146
f 146 8 6
f 18 16 146
f 16 14 146
f 146 14 12
f 24 22 146
f 22 20 146
f 146 20 18
f 30 28 146
f 28 26 146
f 146 26 24
f 36 34 146
f 34 32 146
f 146 32 30
f 42 40 146
f 40 38 146
f 146 38 36
f 48 46 146
f 46 44 146
f 146 44 42
f 54 52 146
f 52 50 146
f 146 50 48
f 60 58 146
f 58 56 146
f 146 56 54
f 66 64 146
f 64 62 146
f 146 62 60
f 72 70 146
f 70 68 146
f 146 68 66
f 78 76 146
f 76 74 146
f 146 74 72
f 84 82 146
f 82 80 146
f 146 80 78
f 90 88 146
f 88 86 146
f 146 86 84
f 96 94 146
f 94 92 146
f 146 92 90
f 102 100 146
f 100 98 146
f 146 98 96
f 108 106 146
f 106 104 146
f 146 104 102
f 114 112 146
f 112 110 146
f 146 110 108
f 120 118 146
f 118 116 146
f 146 116 114
f 126 124 146
f 124 122 146
f 146 122 120
f 132 130 146
f 130 128 146
f 146 128 126
f 138 136 146
f 136 134 146
f 146 134 132
f 144 142 146
f 142 140 146
f 146 140 138
f 147 148 149
f 148 150 149
f 149 150 151
f 150 152 151
f 151 152 153
f 152 154 153
f 153 154 155
f 154 156 155
f 155 156 157
f 156 158 157
f 157 158 159
f 158 160 159
f 159 160 161
f 160 162 161
f 161 162 163
f 162 164 163
f 163 164 165
f 164 166 165
f 165 166 167
f 166 168 167
f 167 168 169
f 168 170 169
f 169 170 171
f 170 172 171
f 171 172 173
f 172 174 173
f 173 174 175
f 174 176 175
f 175 176 177
f 176 178 177
f 177 178 179
f 178 180 179
f 179 180 181
f 180 182 181
f 181 182 183
f 182 184 183
f 183 184 185
f 184 186 185
f 185 186 187
f 186 188 187
f 187 188 189
f 188 190 189
f 189 190 191
f 190 192 191
f 191 192 193
f 192 194 193
f 193 194 195
f 194 196 195
f 195 196 197
f 196 198 197
f 197 198 199
f 198 200 199
f 199 200 201
f 200 202 201
f 201 202 203
f 202 204 203
f 203 204 205
f 204 206 205
f 205 206 207
f 206 208 207
f 207 208 209
f 208 210 209
f 209 210 211
f 210 212 211
f 211 212 213
f 212 214 213
f 213 214 215
f 214 216 215
f 215 216 217
f 216 218 217
f 217 218 219
f 218 220 219
f 219 220 221
f 220 222 221
f 221 222 223
f 222 224 223
f 223 224 225
f 224 226 225
f 225 226 227
f 226 228 227
f 227 228 229
f 228 230 229
f 229 230 231
f 230 232 231
f 231 232 233
f 232 234 233
f 233 234 235
f 234 236 235
f 235 236 237
f 236 238 237
f 237 238 239
f 238 240 239
f 239 240 241
f 240 242 241
f 241 242 243
f 242 244 243
f 243 244 245
f 244 246 245
f 245 246 247
f 246 248 247
f 247 248 249
f 248 250 249
f 249 250 251
f 250 252 251
f 251 252 253
f 252 254 253
f 253 254 255
f 254 256 255
f 255 256 257
f 256 258 257
f 257 258 259
f 258 260 259
f 259 260 261
f 260 262 261
f 261 262 263
f 262 264 263
f 263 264 265
f 264 266 265
f 265 266 267
f 266 268 267
f 267 268 269
f 268 270 269
f 269 270 271
f 270 272 271
f 271 272 273
f 272 274 273
f 273 274 275
f 274 276 275
f 275 276 277
f 276 278 277
f 277 278 279
f 278 280 279
f 279 280 281
f 280 282 281
f 281 282 283
f 282 284 283
f 283 284 285
f 284 286 285
f 285 286 287
f 286 288 287
f 287 288 289
f 288 290 289
f 289 290 147
f 290 148 147
f 287 289 291
f 289 147 291
f 291 147 149
f 281 283 291
f 283 285 291
f 291 285 287
f 275 277 291
f 277 279 291
f 291 279 281
f 269 271 291
f 271 273 291
f 291 273 275
f 263 265 291
f 265 267 291
f 291 267 269
f 257 259 291
f 259 261 291
f 291 261 263
f 251 253 291
f 253 255 291
f 291 255 257
f 245 247 291
f 247 249 291
f 291 249 251
f 239 241 291
f 241 243 291
f 291 243 245
f 233 235 291
f 235 237 291
f 291 237 239
f 227 229 291
f 229 231 291
f 291 231 233
f 221 223 291
f 223 225 291
f 291 225 227
f 215 217 291
f 217 219 291
f 291 219 221
f 209 211 291
f 211 213 291
f 291 213 215
f 203 205 291
f 205 207 291
f 291 207 209
f 197 199 291
f 199 201 291
f 291 201 203
f 191 193 291
f 193 195 291
f 291 195 197
f 185 187 291
f 187 189 291
f 291 189 191
f 179 181 291
f 181 183 291
f 291 183 185
f 173 175 291
f 175 177 291
f 291 177 179
f 167 169 291
f 169 171 291
f 291 171 173
f 161 163 291
f 163 165 291
f 291 165 167
f 155 157 291
f 157 159 291
f 291 159 161
f 149 151 291
f 151 153 291
f 291 153 155
f 292 293 294
f 293 295 294
f 294 295 296
f 295 297 296
f 296 297 298
f 297 299 298
f 298 299 300
f 299 301 300
f 300 301 302
f 301 303 302
f 302 303 304
f 303 305 304
f 304 305 306
f 305 307 306
f 306 307 308
f 307 309 308
f 308 309 310
f 309 311 310
f 310 311 312
f 311 313 312
f 312 313 314
f 313 315 314
f 314 315 316
f 315 317 316
f 316 317 318
f 317 319 318
f 318 319 320
f 319 321 320
f 320 321 322
f 321 323 322
f 322 323 324
f 323 325 324
f 324 325 326
f 325 327 326
f 326 327 328
f 327 329 328
f 328 329 330
f 329 331 330
f 330 331 332
f 331 333 332
f 332 333 334
f 333 335 334
f 334 335 336
f 335 337 336
f 336 337 338
f 337 339 338
f 338 339 340
f 339 341 340
f 340 341 342
f 341 343 342
f 342 343 344
f 343 345 344
f 344 345 346
f 345 347 346
f 346 347 348
f 347 349 348
f 348 349 350
f 349 351 350
f 350 351 352
f 351 353 352
f 352 353 354
f 353 355 354
f 354 355 356
f 355 357 356
f 356 357 358
f 357 359 358
f 358 359 360
f 359 361 360
f 360 361 362
f 361 363 362
f 362 363 364
f 363 365 364
f 364 365 366
f 365 367 366
f 366 367 368
f 367 369 368
f 368 369 370
f 369 371 370
f 370 371 372
f 371 373 372
f 372 373 374
f 373 375 374
f 374 375 376
f 375 377 376
f 376 377 378
f 377 379 378
f 378 379 380
f 379 381 380
f 380 381 382
f 381 383 382
f 382 383 384
f 383 385 384
f 384 385 386
f 385 387 386
f 386 387 388
f 387 389 388
f 388 389 390
f 389 391 390
f 390 391 392
f 391 393 392
f 392 393 394
f 393 395 394
f 394 395 396
f 395 397 396
f 396 397 398
f 397 399 398
f 398 399 400
f 399 401 400
f 400 401 402
f 401 403 402
f 402 403 404
f 403 405 404
f 404 405 406
f 405 407 406
f 406 407 408
f 407 409 408
f 408 409 410
f 409 411 410
f 410 411 412
f 411 413 412
f 412 413 414
f 413 415 414
f 414 415 416
f 415 417 416
f 416 417 418
f 417 419 418
f 418 419 420
f 419 421 420
f 420 421 422
f 421 423 422
f 422 423 424
f 423 425 424
f 424 425 426
f 425 427 426
f 426 427 428
f 427 429 428
f 428 429 430
f 429 431 430
f 430 431 432
f 431 433 432
f 432 433 434
f 433 435 434
f 434 435 292
f 435 293 292
f 436 437 438
f 437 439 438
f 438 439 440
f 439 441 440
f 440 441 442
f 441 443 442
f 442 443 444
f 443 445 444
f 444 445 446
f 445 447 446
f 446 447 448
f 447 449 448
f 448 449 450
f 449 451 450
f 450 451 452
f 451 453 452
f 452 453 454
f 453 455 454
f 454 455 456
f 455 457 456
f 456 457 458
f 457 459 458
f 458 459 460
f 459 461 460
f 460 461 462
f 461 463 462
f 462 463 464
f 463 465 464
f 464 465 466
f 465 467 466
f 466 467 468
f 467 469 468
f 468 469 470
f 469 471 470
f 470 471 472
f 471 473 472
f 472 473 474
f 473 475 474
f 474 475 476
f 475 477 476
f 476 477 478
f 477 479 478
f 478 479 480
f 479 481 480
f 480 481 482
f 481 483 482
f 482 483 484
f 483 485 484
f 484 485 486
f 485 487 486
f 486 487 488
f 487 489 488
f 488 489 490
f 489 491 490
f 490 491 492
f 491 493 492
f 492 493 494
f 493 495 494
f 494 495 496
f 495 497 496
f 496 497 498
f 497 499 498
f 498 499 500
f 499 501 500
f 500 501 502
f 501 503 502
f 502 503 504
f 503 505 504
f 504 505 506
f 505 507 506
f 506 507 508
f 507 509 508
f 508 509 510
f 509 511 510
f 510 511 512
f 511 513 512
f 512 513 514
f 513 515 514
f 514 515 516
f 515 517 516
f 516 517 518
f 517 519 518
f 518 519 520
f 519 521 520
f 520 521 522
f 521 523 522
f 522 523 524
f 523 525 524
f 524 525 526
f 525 527 526
f 526 527 528
f 527 529 528
f 528 529 530
f 529 531 530
f 530 531 532
f 531 533 532
f 532 533 534
f 533 535 534
f 534 535 536
f 535 537 536
f 536 537 538
f 537 539 538
f 538 539 540
f 539 541 540
f 540 541 542
f 541 543 542
f 542 543 544
f 543 545 544
f 544 545 546
f 545 547 546
f 546 547 548
f 547 549 548
f 548 549 550
f 549 551 550
f 550 551 552
f 551 553 552
f 552 553 554
f 553 555 554
f 554 555 556
f 555 557 556
f 556 557 558
f 557 559 558
f 558 559 560
f 559 561 560
f 560 561 562
f 561 563 562
f 562 563 564
f 563 565 564
f 564 565 566
f 565 567 566
f 566 567 568
f 567 569 568
f 568 569 570
f 569 571 570
f 570 571 572
f 571 573 572
f 572 573 574
f 573 575 574
f 574 575 576
f 575 577 576
f 576 577 578
f 577 579 578
f 578 579 436
f 579 437 436
f 580 581 582
f 581 583 582
f 582 583 584
f 583 585 584
f 584 585 586
f 585 587 586
f 586 587 588
f 587 589 588
f 588 589 590
f 589 591 590
f 590 591 592
f 591 593 592
f 592 593 594
f 593 595 594
f 594 595 596
f 595 597 596
f 596 597 598
f 597 599 598
f 598 599 600
f 599 601 600
f 600 601 602
f 601 603 602
f 602 603 604
f 603 605 604
f 604 605 606
f 605 607 606
f 606 607 608
f 607 609 608
f 608 609 610
f 609 611 610
f 610 611 612
f 611 613 612
f 612 613 614
f 613 615 614
f 614 615 616
f 615 617 616
f 616 617 618
f 617 619 618
f 618 619 620
f 619 621 620
f 620 621 622
f 621 623 622
f 622 623 624
f 623 625 624
f 624 625 626
f 625 627 626
f 626 627 628
f 627 629 628
f 628 629 630
f 629 631 630
f 630 631 632
f 631 633 632
f 632 633 634
f 633 635 634
f 634 635 636
f 635 637 636
f 636 637 638
f 637 639 638
f 638 639 640
f 639 641 640
f 640 641 642
f 641 643 642
f 642 643 644
f 643 645 644
f 644 645 646
f 645 647 646
f 646 647 648
f 647 649 648
f 648 649 650
f 649 651 650
f 650 651 652
f 651 653 652
f 652 653 654
f 653 655 654
f 654 655 656
f 655 657 656
f 656 657 658
f 657 659 658
f 658 659 660
f 659 661 660
f 660 661 662
f 661 663 662
f 662 663 664
f 663 665 664
f 664 665 666
f 665 667 666
f 666 667 668
f 667 669 668
f 668 669 670
f 669 671 670
f 670 671 672
f 671 673 672
f 672 673 674
f 673 675 674
f 674 675 676
f 675 677 676
f 676 677 678
f 677 679 678
f 678 679 680
f 679 681 680
f 680 681 682
f 681 683 682
f 682 683 684
f 683 685 684
f 684 685 686
f 685 687 686
f 686 687 688
f 687 689 688
f 688 689 690
f 689 691 690
f 690 691 692
f 691 693 692
f 692 693 694
f 693 695 694
f 694 695 696
f 695 697 696
f 696 697 698
f 697 699 698
f 698 699 700
f 699 701 700
f 700 701 702
f 701 703 702
f 702 703 704
f 703 705 704
f 704 705 706
f 705 707 706
f 706 707 708
f 707 709 708
f 708 709 710
f 709 711 710
f 710 711 712
f 711 713 712
f 712 713 714
f 713 715 714
f 714 715 716
f 715 717 716
f 716 717 718
f 717 719 718
f 718 719 720
f 719 721 720
f 720 721 722
f 721 723 722
f 722 723 580
f 723 581 580
f 724 725 726
f 725 727 726
f 726 727 728
f 727 729 728
f 728 729 730
f 729 731 730
f 730 731 732
f 731 733 732
f 732 733 734
f 733 735 734
f 734 735 736
f 735 737 736
f 736 737 738
f 737 739 738
f 738 739 740
f 739 741 740
f 740 741 742
f 741 743 742
f 742 743 744
f 743 745 744
f 744 745 746
f 745 747 746
f 746 747 748
f 747 749 748
f 748 749 750
f 749 751 750
f 750 751 752
f 751 753 752
f 752 753 754
f 753 755 754
f 754 755 756
f 755 757 756
f 756 757 758
f 757 759 758
f 758 759 760
f 759 761 760
f 760 761 762
f 761 763 762
f 762 763 764
f 763 765 764
f 764 765 766
f 765 767 766
f 766 767 768
f 767 769 768
f 768 769 770
f 769 771 770
f 770 771 772
f 771 773 772
f 772 773 774
f 773 775 774
f 774 775 776
f 775 777 776
f 776 777 778
f 777 779 778
f 778 779 780
f 779 781 780
f 780 781 782
f 781 783 782
f 782 783 784
f 783 785 784
f 784 785 786
f 785 787 786
f 786 787 788
f 787 789 788
f 788 789 790
f 789 791 790
f 790 791 792
f 791 793 792
f 792 793 794
f 793 795 794
f 794 795 796
f 795 797 796
f 796 797 798
f 797 799 798
f 798 799 800
f 799 801 800
f 800 801 802
f 801 803 802
f 802 803 804
f 803 805 804
f 804 805 806
f 805 807 806
f 806 807 808
f 807 809 808
f 808 809 810
f 809 811 810
f 810 811 812
f 811 813 812
f 812 813 814
f 813 815 814
f 814 815 816
f 815 817 816
f 816 817 818
f 817 819 818
f 818 819 820
f 819 821 820
f 820 821 822
f 821 823 822
f 822 823 824
f 823 825 824
f 824 825 826
f 825 827 826
f 826 827 828
f 827 829 828
f 828 829 830
f 829 831 830
f 830 831 832
f 831 833 832
f 832 833 834
f 833 835 834
f 834 835 836
f 835 837 836
f 836 837 838
f 837 839 838
f 838 839 840
f 839 841 840
f 840 841 842
f 841 843 842
f 842 843 844
f 843 845 844
f 844 845 846
f 845 847 846
f 846 847 848
f 847 849 848
f 848 849 850
f 849 851 850
f 850 851 852
f 851 853 852
f 852 853 854
f 853 855 854
f 854 855 856
f 855 857 856
f 856 857 858
f 857 859 858
f 858 859 860
f 859 861 860
f 860 861 862
f 861 863 862
f 862 863 864
f 863 865 864
f 864 865 866
f 865 867 866
f 866 867 724
f 867 725 724
f 868 869 870
f 869 871 870
f 870 871 872
f 871 873 872
f 872 873 874
f 873 875 874
f 874 875 876
f 875 877 876
f 876 877 878
f 877 879 878
f 878 879 880
f 879 881 880
f 880 881 882
f 881 883 882
f 882 883 884
f 883 885 884
f 884 885 886
f 885 887 886
f 886 887 888
f 887 889 888
f 888 889 890
f 889 891 890
f 890 891 892
f 891 893 892
f 892 893 894
f 893 895 894
f 894 895 896
f 895 897 896
f 896 897 898
f 897 899 898
f 898 899 900
f 899 901 900
f 900 901 902
f 901 903 902
f 902 903 904
f 903 905 904
f 904 905 906
f 905 907 906
f 906 907 908
f 907 909 908
f 908 909 910
f 909 911 910
f 910 911 912
f 911 913 912
f 912 913 914
f 913 915 914
f 914 915 916
f 915 917 916
f 916 917 918
f 917 919 918
f 918 919 920
f 919 921 920
f 920 921 922
f 921 923 922
f 922 923 924
f 923 925 924
f 924 925 926
f 925 927 926
f 926 927 928
f 927 929 928
f 928 929 930
f 929 931 930
f 930 931 932
f 931 933 932
f 932 933 934
f 933 935 934
f 934 935 936
f 935 937 936
f 936 937 938
f 937 939 938
f 938 939 940
f 939 941 940
f 940 941 942
f 941 943 942
f 942 943 944
f 943 945 944
f 944 945 946
f 945 947 946
f 946 947 948
f 947 949 948
f 948 949 950
f 949 951 950
f 950 951 952
f 951 953 952
f 952 953 954
f 953 955 954
f 954 955 956
f 955 957 956
f 956 957 958
f 957 959 958
f 958 959 960
f 959 961 960
f 960 961 962
f 961 963 962
f 962 963 964
f 963 965 964
f 964 965 966
f 965 967 966
f 966 967 968
f 967 969 968
f 968 969 970
f 969 971 970
f 970 971 972
f 971 973 972
f 972 973 974
f 973 975 974
f 974 975 976
f 975 977 976
f 976 977 978
f 977 979 978
f 978 979 980
f 979 981 980
f 980 981 982
f 981 983 982
f 982 983 984
f 983 985 984
f 984 985 986
f 985 987 986
f 986 987 988
f 987 989 988
f 988 989 990
f 989 991 990
f 990 991 992
f 991 993 992
f 992 993 994
f 993 995 994
f 994 995 996
f 995 997 996
f 996 997 998
f 997 999 998
f 998 999 1000
f 999 1001 1000
f 1000 1001 1002
f 1001 1003 1002
f 1002 1003 1004
f 1003 1005 1004
f 1004 1005 1006
f 1005 1007 1006
f 1006 1007 1008
f 1007 1009 1008
f 1008 1009 1010
f 1009 1011 1010
f 1010 1011 868
f 1011 869 868
f 1012 1013 1014
f 1013 1015 1014
f 1014 1015 1016
f 1015 1017 1016
f 1016 1017 1018
f 1017 1019 1018
f 1018 1019 1020
f 1019 1021 1020
f 1020 1021 1022
f 1021 1023 1022
f 1022 1023 1024
f 1023 1025 1024
f 1024 1025 1026
f 1025 1027 1026
f 1026 1027 1028
f 1027 1029 1028
f 1028 1029 1030
f 1029 1031 1030
f 1030 1031 1032
f 1031 1033 1032
f 1032 1033 1034
f 1033 1035 1034
f 1034 1035 1036
f 1035 1037 1036
f 1036 1037 1038
f 1037 1039 1038
f 1038 1039 1040
f 1039 1041 1040
f 1040 1041 1042
f 1041 1043 1042
f 1042 1043 1044
f 1043 1045 1044
f 1044 1045 1046
f 1045 1047 1046
f 1046 1047 1048
f 1047 1049 1048
f 1048 1049 1050
f 1049 1051 1050
f 1050 1051 1052
f 1051 1053 1052
f 1052 1053 1054
f 1053 1055 1054
f 1054 1055 1056
f 1055 1057 1056
f 1056 1057 1058
f 1057 1059 1058
f 1058 1059 1060
f 1059 1061 1060
f 1060 1061 1062
f 1061 1063 1062
f 1062 1063 1064
f 1063 1065 1064
f 1064 1065 1066
f 1065 1067 1066
f 1066 1067 1068
f 1067 1069 1068
f 1068 1069 1070
f 1069 1071 1070
f 1070 1071 1072
f 1071 1073 1072
f 1072 1073 1074
f 1073 1075 1074
f 1074 1075 1076
f 1075 1077 1076
f 1076 1077 1078
f 1077 1079 1078
f 1078 1079 1080
f 1079 1081 1080
f 1080 1081 1082
f 1081 1083 1082
f 1082 1083 1084
f 1083 1085 1084
f 1084 1085 1086
f 1085 1087 1086
f 1086 1087 1088
f 1087 1089 1088
f 1088 1089 1090
f 1089 1091 1090
f 1090 1091 1092
f 1091 1093 1092
f 1092 1093 1094
f 1093 1095 1094
f 1094 1095 1096
f 1095 1097 1096
f 1096 1097 1098
f 1097 1099 1098
f 1098 1099 1100
f 1099 1101 1100
f 1100 1101 1102
f 1101 1103 1102
f 1102 1103 1104
f 1103 1105 1104
f 1104 1105 1106
f 1105 1107 1106
f 1106 1107 1108
f 1107 1109 1108
f 1108 1109 1110
f 1109 1111 1110
f 1110 1111 1112
f 1111 1113 1112
f 1112 1113 1114
f 1113 1115 1114
f 1114 1115 1116
f 1115 1117 1116
f 1116 1117 1118
f 1117 1119 1118
f 1118 1119 1120
f 1119 1121 1120
f 1120 1121 1122
f 1121 1123 1122
f 1122 1123 1124
f 1123 1125 1124
f 1124 1125 1126
f 1125 1127 1126
f 1126 1127 1128
f 1127 1129 1128
f 1128 1129 1130
f 1129 1131 1130
f 1130 1131 1132
f 1131 1133 1132
f 1132 1133 1134
f 1133 1135 1134
f 1134 1135 1136
f 1135 1137 1136
f 1136 1137 1138
f 1137 1139 1138
f 1138 1139 1140
f 1139 1141 1140
f 1140 1141 1142
f 1141 1143 1142
f 1142 1143 1144
f 1143 1145 1144
f 1144 1145 1146
f 1145 1147 1146
f 1146 1147 1148
f 1147 1149 1148
f 1148 1149 1150
f 1149 1151 1150
f 1150 1151 1152
f 1151 1153 1152
f 1152 1153 1154
f 1153 1155 1154
f 1154 1155 1012
f 1155 1013 1012
f 1156 1157 1158
f 1157 1159 1158
f 1158 1159 1160
f 1159 1161 1160
f 1160 1161 1162
f 1161 1163 1162
f 1162 1163 1164
f 1163 1165 1164
f 1164 1165 1166
f 1165 1167 1166
f 1166 1167 1168
f 1167 1169 1168
f 1168 1169 1170
f 1169 1171 1170
f 1170 1171 1172
f 1171 1173 1172
f 1172 1173 1174
f 1173 1175 1174
f 1174 1175 1176
f 1175 1177 1176
f 1176 1177 1178
f 1177 1179 1178
f 1178 1179 1180
f 1179 1181 1180
f 1180 1181 1182
f 1181 1183 1182
f 1182 1183 1184
f 1183 1185 1184
f 1184 1185 1186
f 1185 1187 1186
f 1186 1187 1188
f 1187 1189 1188
f 1188 1189 1190
f 1189 1191 1190
f 1190 1191 1192
f 1191 1193 1192
f 1192 1193 1194
f 1193 1195 1194
f 1194 1195 1196
f 1195 1197 1196
f 1196 1197 1198
f 1197 1199 1198
f 1198 1199 1200
f 1199 1201 1200
f 1200 1201 1202
f 1201 1203 1202
f 1202 1203 1204
f 1203 1205 1204
f 1204 1205 1206
f 1205 1207 1206
f 1206 1207 1208
f 1207 1209 1208
f 1208 1209 1210
f 1209 1211 1210
f 1210 1211 1212
f 1211 1213 1212
f 1212 1213 1214
f 1213 1215 1214
f 1214 1215 1216
f 1215 1217 1216
f 1216 1217 1218
f 1217 1219 1218
f 1218 1219 1220
f 1219 1221 1220
f 1220 1221 1222
f 1221 1223 1222
f 1222 1223 1224
f 1223 1225 1224
f 1224 1225 1226
f 1225 1227 1226
f 1226 1227 1228
f 1227 1229 1228
f 1228 1229 1230
f 1229 1231 1230
f 1230 1231 1232
f 1231 1233 1232
f 1232 1233 1234
f 1233 1235 1234
f 1234 1235 1236
f 1235 1237 1236
f 1236 1237 1238
f 1237 1239 1238
f 1238 1239 1240
f 1239 1241 1240
f 1240 1241 1242
f 1241 1243 1242
f 1242 1243 1244
f 1243 1245 1244
f 1244 1245 1246
f 1245 1247 1246
f 1246 1247 1248
f 1247 1249 1248
f 1248 1249 1250
f 1249 1251 1250
f 1250 1251 1252
f 1251 1253 1252
f 1252 1253 1254
f 1253 1255 1254
f 1254 1255 1256
f 1255 1257 1256
f 1256 1257 1258
f 1257 1259 1258
f 1258 1259 1260
f 1259 1261 1260
f 1260 1261 1262
f 1261 1263 1262
f 1262 1263 1264
f 1263 1265 1264
f 1264 1265 1266
f 1265 1267 1266
f 1266 1267 1268
f 1267 1269 1268
f 1268 1269 1270
f 1269 1271 1270
f 1270 1271 1272
f 1271 1273 1272
f 1272 1273 1274
f 1273 1275 1274
f 1274 1275 1276
f 1275 1277 1276
f 1276 1277 1278
f 1277 1279 1278
f 1278 1279 1280
f 1279 1281 1280
f 1280 1281 1282
f 1281 1283 1282
f 1282 1283 1284
f 1283 1285 1284
f 1284 1285 1286
f 1285 1287 1286
f 1286 1287 1288
f 1287 1289 1288
f 1288 1289 1290
f 1289 1291 1290
f 1290 1291 1292
f 1291 1293 1292
f 1292 1293 1294
f 1293 1295 1294
f 1294 1295 1296
f 1295 1297 1296
f 1296 1297 1298
f 1297 1299 1298
f 1298 1299 1156
f 1299 1157 1156
f 1300 1301 1302
f 1301 1303 1302
f 1302 1303 1304
f 1303 1305 1304
f 1304 1305 1306
f 1305 1307 1306
f 1306 1307 1308
f 1307 1309 1308
f 1308 1309 1310
f 1309 1311 1310
f 1310 1311 1312
f 1311 1313 1312
f 1312 1313 1314
f 1313 1315 1314
f 1314 1315 1316
f 1315 1317 1316
f 1316 1317 1318
f 1317 1319 1318
f 1318 1319 1320
f 1319 1321 1320
f 1320 1321 1322
f 1321 1323 1322
f 1322 1323 1324
f 1323 1325 1324
f 1324 1325 1326
f 1325 1327 1326
f 1326 1327 1328
f 1327 1329 1328
f 1328 1329 1330
f 1329 1331 1330
f 1330 1331 1332
f 1331 1333 1332
f 1332 1333 1334
f 1333 1335 1334
f 1334 1335 1336
f 1335 1337 1336
f 1336 1337 1338
f 1337 1339 1338
f 1338 1339 1340
f 1339 1341 1340
f 1340 1341 1342
f 1341 1343 1342
f 1342 1343 1344
f 1343 1345 1344
f 1344 1345 1346
f 1345 1347 1346
f 1346 1347 1348
f 1347 1349 1348
f 1348 1349 1350
f 1349 1351 1350
f 1350 1351 1352
f 1351 1353 1352
f 1352 1353 1354
f 1353 1355 1354
f 1354 1355 1356
f 1355 1357 1356
f 1356 1357 1358
f 1357 1359 1358
f 1358 1359 1360
f 1359 1361 1360
f 1360 1361 1362
f 1361 1363 1362
f 1362 1363 1364
f 1363 1365 1364
f 1364 1365 1366
f 1365 1367 1366
f 1366 1367 1368
f 1367 1369 1368
f 1368 1369 1370
f 1369 1371 1370
f 1370 1371 1372
f 1371 1373 1372
f 1372 1373 1374
f 1373 1375 1374
f 1374 1375 1376
f 1375 1377 1376
f 1376 1377 1378
f 1377 1379 1378
f 1378 1379 1380
f 1379 1381 1380
f 1380 1381 1382
f 1381 1383 1382
f 1382 1383 1384
f 1383 1385 1384
f 1384 1385 1386
f 1385 1387 1386
f 1386 1387 1388
f 1387 1389 1388
f 1388 1389 1390
f 1389 1391 1390
f 1390 1391 1392
f 1391 1393 1392
f 1392 1393 1394
f 1393 1395 1394
f 1394 1395 1396
f 1395 1397 1396
f 1396 1397 1398
f 1397 1399 1398
f 1398 1399 1400
f 1399 1401 1400
f 1400 1401 1402
f 1401 1403 1402
f 1402 1403 1404
f 1403 1405 1404
f 1404 1405 1406
f 1405 1407 1406
f 1406 1407 1408
f 1407 1409 1408
f 1408 1409 1410
f 1409 1411 1410
f 1410 1411 1412
f 1411 1413 1412
f 1412 1413 1414
f 1413 1415 1414
f 1414 1415 1416
f 1415 1417 1416
f 1416 1417 1418
f 1417 1419 1418
f 1418 1419 1420
f 1419 1421 1420
f 1420 1421 1422
f 1421 1423 1422
f 1422 1423 1424
f 1423 1425 1424
f 1424 1425 1426
f 1425 1427 1426
f 1426 1427 1428
f 1427 1429 1428
f 1428 1429 1430
f 1429 1431 1430
f 1430 1431 1432
f 1431 1433 1432
f 1432 1433 1434
f 1433 1435 1434
f 1434 1435 1436
f 1435 1437 1436
f 1436 1437 1438
f 1437 1439 1438
f 1438 1439 1440
f 1439 1441 1440
f 1440 1441 1442
f 1441 1443 1442
f 1442 1443 1300
f 1443 1301 1300
f 1444 1445 1446
f 1445 1447 1446
f 1446 1447 1448
f 1447 1449 1448
f 1448 1449 1450
f 1449 1451 1450
f 1450 1451 1452
f 1451 1453 1452
f 1452 1453 1454
f 1453 1455 1454
f 1454 1455 1456
f 1455 1457 1456
f 1456 1457 1458
f 1457 1459 1458
f 1458 1459 1460
f 1459 1461 1460
f 1460 1461 1462
f 1461 1463 1462
f 1462 1463 1464
f 1463 1465 1464
f 1464 1465 1466
f 1465 1467 1466
f 1466 1467 1468
f 1467 1469 1468
f 1468 1469 1470
f 1469 1471 1470
f 1470 1471 1472
f 1471 1473 1472
f 1472 1473 1474
f 1473 1475 1474
f 1474 1475 1476
f 1475 1477 1476
f 1476 1477 1478
f 1477 1479 1478
f 1478 1479 1480
f 1479 1481 1480
f 1480 1481 1482
f 1481 1483 1482
f 1482 1483 1484
f 1483 1485 1484
f 1484 1485 1486
f 1485 1487 1486
f 1486 1487 1488
f 1487 1489 1488
f 1488 1489 1490
f 1489 1491 1490
f 1490 1491 1492
f 1491 1493 1492
f 1492 1493 1494
f 1493 1495 1494
f 1494 1495 1496
f 1495 1497 1496
f 1496 1497 1498
f 1497 1499 1498
f 1498 1499 1500
f 1499 1501 1500
f 1500 1501 1502
f 1501 1503 1502
f 1502 1503 1504
f 1503 1505 1504
f 1504 1505 1506
f 1505 1507 1506
f 1506 1507 1508
f 1507 1509 1508
f 1508 1509 1510
f 1509 1511 1510
f 1510 1511 1512
f 1511 1513 1512
f 1512 1513 1514
f 1513 1515 1514
f 1514 1515 1516
f 1515 1517 1516
f 1516 1517 1518
f 1517 1519 1518
f 1518 1519 1520
f 1519 1521 1520
f 1520 1521 1522
f 1521 1523 1522
f 1522 1523 1524
f 1523 1525 1524
f 1524 1525 1526
f 1525 1527 1526
f 1526 1527 1528
f 1527 1529 1528
f 1528 1529 1530
f 1529 1531 1530
f 1530 1531 1532
f 1531 1533 1532
f 1532 1533 1534
f 1533 1535 1534
f 1534 1535 1536
f 1535 1537 1536
f 1536 1537 1538
f 1537 1539 1538
f 1538 1539 1540
f 1539 1541 1540
f 1540 1541 1542
f 1541 1543 1542
f 1542 1543 1544
f 1543 1545 1544
f 1544 1545 1546
f 1545 1547 1546
f 1546 1547 1548
f 1547 1549 1548
f 1548 1549 1550
f 1549 1551 1550
f 1550 1551 1552
f 1551 1553 1552
f 1552 1553 1554
f 1553 1555 1554
f 1554 1555 1556
f 1555 1557 1556
f 1556 1557 1558
f 1557 1559 1558
f 1558 1559 1560
f 1559 1561 1560
f 1560 1561 1562
f 1561 1563 1562
f 1562 1563 1564
f 1563 1565 1564
f 1564 1565 1566
f 1565 1567 1566
f 1566 1567 1568
f 1567 1569 1568
f 1568 1569 1570
f 1569 1571 1570
f 1570 1571 1572
f 1571 1573 1572
f 1572 1573 1574
f 1573 1575 1574
f 1574 1575 1576
f 1575 1577 1576
f 1576 1577 1578
f 1577 1579 1578
f 1578 1579 1580
f 1579 1581 1580
f 1580 1581 1582
f 1581 1583 1582
f 1582 1583 1584
f 1583 1585 1584
f 1584 1585 1586
f 1585 1587 1586
f 1586 1587 1444
f 1587 1445 1444
f 1588 1589 1590
f 1589 1591 1590
f 1590 1591 1592
f 1591 1593 1592
f 1592 1593 1594
f 1593 1595 1594
f 1594 1595 1596
f 1595 1597 1596
f 1596 1597 1598
f 1597 1599 1598
f 1598 1599 1600
f 1599 1601 1600
f 1600 1601 1602
f 1601 1603 1602
f 1602 1603 1604
f 1603 1605 1604
f 1604 1605 1606
f 1605 1607 1606
f 1606 1607 1608
f 1607 1609 1608
f 1608 1609 1610
f 1609 1611 1610
f 1610 1611 1612
f 1611 1613 1612
f 1612 1613 1614
f 1613 1615 1614
f 1614 1615 1616
f 1615 1617 1616
f 1616 1617 1618
f 1617 1619 1618
f 1618 1619 1620
f 1619 1621 1620
f 1620 1621 1622
f 1621 1623 1622
f 1622 1623 1624
f 1623 1625 1624
f 1624 1625 1626
f 1625 1627 1626
f 1626 1627 1628
f 1627 1629 1628
f 1628 1629 1630
f 1629 1631 1630
f 1630 1631 1632
f 1631 1633 1632
f 1632 1633 1634
f 1633 1635 1634
f 1634 1635 1636
f 1635 1637 1636
f 1636 1637 1638
f 1637 1639 1638
f 1638 1639 1640
f 1639 1641 1640
f 1640 1641 1642
f 1641 1643 1642
f 1642 1643 1644
f 1643 1645 1644
f 1644 1645 1646
f 1645 1647 1646
f 1646 1647 1648
f 1647 1649 1648
f 1648 1649 1650
f 1649 1651 1650
f 1650 1651 1652
f 1651 1653 1652
f 1652 1653 1654
f 1653 1655 1654
f 1654 1655 1656
f 1655 1657 1656
f 1656 1657 1658
f 1657 1659 1658
f 1658 1659 1660
f 1659 1661 1660
f 1660 1661 1662
f 1661 1663 1662
f 1662 1663 1664
f 1663 1665 1664
f 1664 1665 1666
f 1665 1667 1666
f 1666 1667 1668
f 1667 1669 1668
f 1668 1669 1670
f 1669 1671 1670
f 1670 1671 1672
f 1671 1673 1672
f 1672 1673 1674
f 1673 1675 1674
f 1674 1675 1676
f 1675 1677 1676
f 1676 1677 1678
f 1677 1679 1678
f 1678 1679 1680
f 1679 1681 1680
f 1680 1681 1682
f 1681 1683 1682
f 1682 1683 1684
f 1683 1685 1684
f 1684 1685 1686
f 1685 1687 1686
f 1686 1687 1688
f 1687 1689 1688
f 1688 1689 1690
f 1689 1691 1690
f 1690 1691 1692
f 1691 1693 1692
f 1692 1693 1694
f 1693 1695 1694
f 1694 1695 1696
f 1695 1697 1696
f 1696 1697 1698
f 1697 1699 1698
f 1698 1699 1700
f 1699 1701 1700
f 1700 1701 1702
f 1701 1703 1702
f 1702 1703 1704
f 1703 1705 1704
f 1704 1705 1706
f 1705 1707 1706
f 1706 1707 1708
f 1707 1709 1708
f 1708 1709 1710
f 1709 1711 1710
f 1710 1711 1712
f 1711 1713 1712
f 1712 1713 1714
f 1713 1715 1714
f 1714 1715 1716
f 1715 1717 1716
f 1716 1717 1718
f 1717 1719 1718
f 1718 1719 1720
f 1719 1721 1720
f 1720 1721 1722
f 1721 1723 1722
f 1722 1723 1724
f 1723 1725 1724
f 1724 1725 1726
f 1725 1727 1726
f 1726 1727 1728
f 1727 1729 1728
f 1728 1729 1730
f 1729 1731 1730
f 1730 1731 1588
f 1731 1589 1588
f 1732 1733 1734
f 1733 1735 1734
f 1734 1735 1736
f 1735 1737 1736
f 1736 1737 1738
f 1737 1739 1738
f 1738 1739 1740
f 1739 1741 1740
f 1740 1741 1742
f 1741 1743 1742
f 1742 1743 1744
f 1743 1745 1744
f 1744 1745 1746
f 1745 1747 1746
f 1746 1747 1748
f 1747 1749 1748
f 1748 1749 1750
f 1749 1751 1750
f 1750 1751 1752
f 1751 1753 1752
f 1752 1753 1754
f 1753 1755 1754
f 1754 1755 1756
f 1755 1757 1756
f 1756 1757 1758
f 1757 1759 1758
f 1758 1759 1760
f 1759 1761 1760
f 1760 1761 1762
f 1761 1763 1762
f 1762 1763 1764
f 1763 1765 1764
f 1764 1765 1766
f 1765 1767 1766
f 1766 1767 1768
f 1767 1769 1768
f 1768 1769 1770
f 1769 1771 1770
f 1770 1771 1772
f 1771 1773 1772
f 1772 1773 1774
f 1773 1775 1774
f 1774 1775 1776
f 1775 1777 1776
f 1776 1777 1778
f 1777 1779 1778
f 1778 1779 1780
f 1779 1781 1780
f 1780 1781 1782
f 1781 1783 1782
f 1782 1783 1784
f 1783 1785 1784
f 1784 1785 1786
f 1785 1787 1786
f 1786 1787 1788
f 1787 1789 1788
f 1788 1789 1790
f 1789 1791 1790
f 1790 1791 1792
f 1791 1793 1792
f 1792 1793 1794
f 1793 1795 1794
f 1794 1795 1796
f 1795 1797 1796
f 1796 1797 1798
f 1797 1799 1798
f 1798 1799 1800
f 1799 1801 1800
f 1800 1801 1802
f 1801 1803 1802
f 1802 1803 1804
f 1803 1805 1804
f 1804 1805 1806
f 1805 1807 1806
f 1806 1807 1808
f 1807 1809 1808
f 1808 1809 1810
f 1809 1811 1810
f 1810 1811 1812
f 1811 1813 1812
f 1812 1813 1814
f 1813 1815 1814
f 1814 1815 1816
f 1815 1817 1816
f 1816 1817 1818
f 1817 1819 1818
f 1818 1819 1820
f 1819 1821 1820
f 1820 1821 1822
f 1821 1823 1822
f 1822 1823 1824
f 1823 1825 1824
f 1824 1825 1826
f 1825 1827 1826
f 1826 1827 1828
f 1827 1829 1828
f 1828 1829 1830
f 1829 1831 1830
f 1830 1831 1832
f 1831 1833 1832
f 1832 1833 1834
f 1833 1835 1834
f 1834 1835 1836
f 1835 1837 1836
f 1836 1837 1838
f 1837 1839 1838
f 1838 1839 1840
f 1839 1841 1840
f 1840 1841 1842
f 1841 1843 1842
f 1842 1843 1844
f 1843 1845 1844
f 1844 1845 1846
f 1845 1847 1846
f 1846 1847 1848
f 1847 1849 1848
f 1848 1849 1850
f 1849 1851 1850
f 1850 1851 1852
f 1851 1853 1852
f 1852 1853 1854
f 1853 1855 1854
f 1854 1855 1856
f 1855 1857 1856
f 1856 1857 1858
f 1857 1859 1858
f 1858 1859 1860
f 1859 1861 1860
f 1860 1861 1862
f 1861 1863 1862
f 1862 1863 1864
f 1863 1865 1864
f 1864 1865 1866
f 1865 1867 1866
f 1866 1867 1868
f 1867 1869 1868
f 1868 1869 1870
f 1869 1871 1870
f 1870 1871 1872
f 1871 1873 1872
f 1872 1873 1874
f 1873 1875 1874
f 1874 1875 1732
f 1875 1733 1732
f 1876 1877 1878
f 1879 1880 1881
f 1882 1883 1884
f 975 973 1885
f 973 971 1885
f 1885 971 969
f 899 897 1886
f 1001 999 1887
f 951 949 1885
f 949 947 1885
f 1885 947 945
f 937 935 1888
f 935 933 1888
f 1888 933 931
f 893 891 1889
f 891 889 1889
f 989 1887 991
f 1887 993 991
f 969 967 1885
f 967 965 1885
f 1885 965 963
f 957 955 1885
f 955 953 1885
f 1885 953 951
f 945 943 1885
f 943 941 1885
f 1885 941 1888
f 941 939 1888
f 1888 939 937
f 931 929 1888
f 929 927 1888
f 1888 927 925
f 925 923 1888
f 923 921 1888
f 1888 921 919
f 919 917 1888
f 917 915 1888
f 1888 915 1886
f 915 913 1886
f 1886 913 911
f 911 909 1886
f 909 907 1886
f 1886 907 905
f 1886 897 1889
f 897 895 1889
f 1889 895 893
f 999 997 1887
f 997 995 1887
f 1887 995 993
f 963 961 1885
f 961 959 1885
f 1885 959 957
f 905 903 1886
f 903 901 1886
f 1886 901 899
f 889 887 1889
f 887 885 1889
f 1889 885 883
f 989 987 1887
f 987 985 1887
f 1887 985 983
f 981 979 1885
f 979 977 1885
f 1885 977 975
f 1890 875 1891
f 875 873 1891
f 1891 873 871
f 883 881 1889
f 881 879 1889
f 1889 879 1890
f 879 877 1890
f 1890 877 875
f 869 1011 1887
f 1011 1009 1887
f 1887 1009 1007
f 1007 1005 1887
f 1005 1003 1887
f 1887 1003 1001
f 871 869 1891
f 869 1887 1891
f 1891 1887 1892
f 1887 1893 1892
f 1835 1833 1894
f 1821 1819 1894
f 1833 1831 1894
f 1831 1829 1894
f 1894 1829 1827
f 1795 1793 1887
f 1793 1791 1887
f 1887 1791 1789
f 1763 1761 1893
f 1761 1759 1893
f 1893 1759 1757
f 1865 1863 1883
f 1827 1825 1894
f 1825 1823 1894
f 1894 1823 1821
f 1819 1817 1894
f 1817 1815 1894
f 1894 1815 1813
f 1801 1887 1803
f 1887 1805 1803
f 1789 1787 1887
f 1787 1785 1887
f 1887 1785 1783
f 1783 1781 1887
f 1781 1779 1887
f 1887 1779 1893
f 1779 1777 1893
f 1893 1777 1775
f 1775 1773 1893
f 1773 1771 1893
f 1893 1771 1769
f 1769 1767 1893
f 1767 1765 1893
f 1893 1765 1763
f 1883 1857 1855
f 1855 1853 1883
f 1853 1851 1883
f 1883 1851 1849
f 1841 1839 1894
f 1839 1837 1894
f 1894 1837 1835
f 1813 1811 1894
f 1811 1809 1894
f 1894 1809 1887
f 1809 1807 1887
f 1887 1807 1805
f 1801 1799 1887
f 1799 1797 1887
f 1887 1797 1795
f 1751 1895 1753
f 1895 1893 1753
f 1753 1893 1755
f 1893 1757 1755
f 1751 1749 1895
f 1749 1747 1895
f 1895 1747 1745
f 1863 1861 1883
f 1861 1859 1883
f 1883 1859 1857
f 1849 1847 1883
f 1847 1845 1883
f 1883 1845 1843
f 1745 1743 1895
f 1743 1741 1895
f 1895 1741 1739
f 1875 1873 1882
f 1873 1871 1882
f 1871 1869 1882
f 1882 1869 1883
f 1869 1867 1883
f 1883 1867 1865
f 1739 1737 1895
f 1737 1735 1895
f 1895 1735 1882
f 1735 1733 1882
f 1882 1733 1875
f 1515 1513 1883
f 1493 1491 1884
f 1491 1489 1884
f 1884 1489 1896
f 1489 1487 1896
f 1453 1451 1897
f 1451 1449 1897
f 1549 1547 1898
f 1535 1533 1898
f 1533 1531 1898
f 1898 1531 1529
f 1513 1511 1883
f 1511 1509 1883
f 1883 1509 1507
f 1507 1505 1883
f 1505 1503 1883
f 1883 1503 1501
f 1487 1485 1896
f 1485 1483 1896
f 1896 1483 1481
f 1449 1447 1897
f 1447 1445 1897
f 1897 1445 1587
f 1549 1898 1551
f 1571 1569 1899
f 1569 1567 1899
f 1899 1567 1565
f 1529 1527 1898
f 1527 1525 1898
f 1898 1525 1523
f 1523 1521 1898
f 1521 1519 1898
f 1898 1519 1883
f 1519 1517 1883
f 1883 1517 1515
f 1501 1499 1883
f 1499 1497 1883
f 1883 1497 1884
f 1497 1495 1884
f 1884 1495 1493
f 1467 1465 1900
f 1465 1463 1900
f 1900 1463 1461
f 1565 1563 1899
f 1563 1561 1899
f 1899 1561 1559
f 1559 1557 1899
f 1557 1555 1899
f 1899 1555 1553
f 1547 1545 1898
f 1545 1543 1898
f 1898 1543 1541
f 1481 1479 1896
f 1479 1477 1896
f 1896 1477 1900
f 1477 1475 1900
f 1900 1475 1473
f 1473 1471 1900
f 1471 1469 1900
f 1900 1469 1467
f 1461 1459 1900
f 1459 1457 1900
f 1900 1457 1897
f 1457 1455 1897
f 1897 1455 1453
f 1587 1585 1897
f 1585 1583 1897
f 1897 1583 1901
f 1583 1581 1901
f 1901 1581 1579
f 1541 1539 1898
f 1539 1537 1898
f 1898 1537 1535
f 1579 1577 1901
f 1577 1575 1901
f 1901 1575 1573
f 631 629 1899
f 661 659 1902
f 659 657 1902
f 639 637 1899
f 657 655 1902
f 655 653 1902
f 1902 653 1899
f 653 651 1899
f 651 649 1899
f 649 647 1899
f 1899 647 645
f 637 635 1899
f 635 633 1899
f 1899 633 631
f 601 599 1903
f 599 597 1903
f 1903 597 595
f 629 627 1899
f 627 625 1899
f 1899 625 623
f 613 611 1904
f 719 717 1905
f 717 715 1905
f 1905 715 713
f 1904 605 1903
f 605 603 1903
f 1903 603 601
f 595 593 1903
f 593 591 1903
f 1903 591 589
f 713 711 1905
f 711 709 1905
f 1905 709 1906
f 709 707 1906
f 1906 707 705
f 673 1902 675
f 1902 677 675
f 645 643 1899
f 643 641 1899
f 1899 641 639
f 1573 1571 1901
f 1571 1899 1901
f 1901 1899 1907
f 1899 623 1907
f 1907 623 621
f 611 609 1904
f 609 607 1904
f 1904 607 605
f 685 683 1902
f 673 671 1902
f 671 669 1902
f 1902 669 667
f 581 723 1905
f 723 721 1905
f 1905 721 719
f 697 695 1908
f 695 693 1908
f 683 681 1902
f 681 679 1902
f 1902 679 677
f 667 665 1902
f 665 663 1902
f 1902 663 661
f 589 587 1903
f 587 585 1903
f 1903 585 1905
f 585 583 1905
f 1905 583 581
f 705 703 1906
f 703 701 1906
f 1906 701 1908
f 701 699 1908
f 1908 699 697
f 621 619 1907
f 619 617 1907
f 1907 617 1904
f 617 615 1904
f 1904 615 613
f 693 691 1908
f 691 689 1908
f 1908 689 1902
f 689 687 1902
f 1902 687 685
f 1063 1061 1902
f 1093 1091 1909
f 1091 1089 1909
f 1909 1089 1902
f 1071 1069 1902
f 1089 1087 1902
f 1087 1085 1902
f 1902 1085 1083
f 1083 1081 1902
f 1081 1079 1902
f 1902 1079 1077
f 1069 1067 1902
f 1067 1065 1902
f 1902 1065 1063
f 1061 1059 1902
f 1059 1057 1902
f 1902 1057 1055
f 1045 1043 1908
f 1035 1033 1910
f 1033 1031 1910
f 1910 1031 1911
f 1031 1029 1911
f 1911 1029 1027
f 1151 1149 1912
f 1149 1147 1912
f 1912 1147 1145
f 1145 1143 1912
f 1143 1141 1912
f 1912 1141 1139
f 1113 1111 1909
f 1027 1025 1911
f 1025 1023 1911
f 1911 1023 1021
f 1111 1109 1909
f 1109 1107 1909
f 1909 1107 1105
f 1077 1075 1902
f 1075 1073 1902
f 1902 1073 1071
f 1045 1908 1047
f 1043 1041 1908
f 1041 1039 1908
f 1908 1039 1910
f 1039 1037 1910
f 1910 1037 1035
f 1021 1019 1911
f 1019 1017 1911
f 1911 1017 1015
f 1105 1103 1909
f 1103 1101 1909
f 1909 1101 1099
f 1127 1913 1129
f 1913 1131 1129
f 1099 1097 1909
f 1097 1095 1909
f 1909 1095 1093
f 1015 1013 1911
f 1013 1155 1911
f 1911 1155 1912
f 1155 1153 1912
f 1912 1153 1151
f 1139 1137 1912
f 1137 1135 1912
f 1912 1135 1913
f 1135 1133 1913
f 1913 1133 1131
f 1055 1053 1902
f 1053 1051 1902
f 1902 1051 1908
f 1051 1049 1908
f 1908 1049 1047
f 1127 1125 1913
f 1125 1123 1913
f 1913 1123 1914
f 1123 1121 1914
f 1121 1119 1914
f 1914 1119 1915
f 1119 1117 1915
f 1915 1117 1909
f 1117 1115 1909
f 1909 1115 1113
f 1880 1916 1917
f 1918 1919 1920
f 1921 1922 1880
f 1923 1924 1902
f 1924 1925 1902
f 1902 1925 1926
f 1926 1927 1902
f 1927 1928 1902
f 1902 1928 1929
f 1930 1931 1918
f 1931 1932 1918
f 1922 1933 1880
f 1933 1934 1880
f 1880 1934 1916
f 1917 1935 1880
f 1935 1936 1880
f 1880 1936 1918
f 1936 1937 1918
f 1918 1937 1930
f 1932 1938 1918
f 1938 1939 1918
f 1918 1939 1940
f 1940 1941 1918
f 1941 1942 1918
f 1918 1942 1919
f 1943 1944 1880
f 1945 1946 1947
f 1946 1948 1947
f 1947 1948 1949
f 1950 1951 1952
f 1951 1947 1952
f 1952 1947 1953
f 1947 1949 1953
f 1943 1880 1954
f 1944 1955 1880
f 1955 1956 1880
f 1880 1956 1921
f 1929 1957 1902
f 1957 1958 1902
f 1902 1958 1909
f 1958 1959 1909
f 1909 1959 1960
f 1961 1962 1947
f 1962 1963 1947
f 1947 1963 1945
f 1950 1964 1951
f 1964 1965 1951
f 1951 1965 1966
f 1967 1968 1879
f 1968 1969 1879
f 1879 1969 1880
f 1969 1970 1880
f 1880 1970 1954
f 1960 1971 1909
f 1971 1972 1909
f 1909 1972 1973
f 1973 1974 1909
f 1974 1975 1909
f 1909 1975 1976
f 1977 1978 1979
f 1966 1980 1951
f 1980 1981 1951
f 1951 1981 1879
f 1981 1982 1879
f 1879 1982 1967
f 1978 1983 1979
f 1983 1984 1979
f 1979 1984 1947
f 1984 1985 1947
f 1947 1985 1961
f 1976 1986 1909
f 1986 1987 1909
f 1909 1987 1979
f 1987 1988 1979
f 1979 1988 1989
f 1989 1990 1979
f 1990 1991 1979
f 1979 1991 1977
f 1367 1365 1992
f 1383 1381 1993
f 1317 1315 1880
f 1307 1305 1881
f 1355 1992 1357
f 1992 1359 1357
f 1381 1379 1993
f 1379 1377 1993
f 1993 1377 1375
f 1375 1373 1993
f 1373 1371 1993
f 1993 1371 1992
f 1371 1369 1992
f 1992 1369 1367
f 1365 1363 1992
f 1363 1361 1992
f 1992 1361 1359
f 1992 1349 1347
f 1325 1323 1880
f 1437 1994 1439
f 1994 1441 1439
f 1437 1435 1994
f 1435 1433 1994
f 1994 1433 1431
f 1395 1393 1993
f 1393 1391 1993
f 1993 1391 1389
f 1389 1387 1993
f 1387 1385 1993
f 1993 1385 1383
f 1355 1353 1992
f 1353 1351 1992
f 1992 1351 1349
f 1325 1880 1327
f 1323 1321 1880
f 1321 1319 1880
f 1880 1319 1317
f 1315 1313 1880
f 1313 1311 1880
f 1880 1311 1881
f 1311 1309 1881
f 1881 1309 1307
f 1347 1345 1992
f 1345 1343 1992
f 1992 1343 1341
f 1339 1337 1880
f 1337 1335 1880
f 1880 1335 1333
f 1333 1331 1880
f 1331 1329 1880
f 1880 1329 1327
f 1305 1303 1881
f 1303 1301 1881
f 1881 1301 1994
f 1301 1443 1994
f 1994 1443 1441
f 1995 1411 1409
f 1401 1399 1993
f 1399 1397 1993
f 1993 1397 1395
f 1423 1421 1995
f 1421 1419 1995
f 1995 1419 1417
f 1409 1407 1995
f 1407 1405 1995
f 1995 1405 1403
f 1431 1429 1994
f 1429 1427 1994
f 1994 1427 1995
f 1427 1425 1995
f 1995 1425 1423
f 1417 1415 1995
f 1415 1413 1995
f 1995 1413 1411
f 1403 1401 1995
f 1401 1993 1995
f 1995 1993 1996
f 1993 1997 1996
f 483 481 1998
f 573 571 1877
f 571 569 1877
f 1877 569 567
f 489 1998 491
f 1998 493 491
f 489 487 1998
f 487 485 1998
f 1998 485 483
f 437 1997 439
f 1997 1993 439
f 439 1993 441
f 1993 443 441
f 437 579 1997
f 579 577 1997
f 1997 577 1877
f 577 575 1877
f 1877 575 573
f 561 559 1877
f 559 557 1877
f 1877 557 555
f 531 529 1878
f 517 515 1878
f 515 513 1878
f 499 497 1998
f 497 495 1998
f 1998 495 493
f 1998 475 473
f 471 469 1993
f 469 467 1993
f 1993 467 465
f 459 457 1993
f 457 455 1993
f 455 453 1993
f 453 451 1993
f 1993 451 449
f 449 447 1993
f 447 445 1993
f 1993 445 443
f 567 565 1877
f 565 563 1877
f 1877 563 561
f 555 553 1877
f 553 551 1877
f 1877 551 549
f 537 1878 539
f 1878 541 539
f 513 511 1878
f 511 509 1878
f 1878 509 1998
f 509 507 1998
f 1998 507 505
f 505 503 1998
f 503 501 1998
f 1998 501 499
f 481 479 1998
f 479 477 1998
f 1998 477 475
f 549 547 1877
f 547 545 1877
f 1877 545 1878
f 545 543 1878
f 1878 543 541
f 465 463 1993
f 463 461 1993
f 1993 461 459
f 537 535 1878
f 535 533 1878
f 1878 533 531
f 529 527 1878
f 527 525 1878
f 1878 525 523
f 523 521 1878
f 521 519 1878
f 1878 519 517
f 1999 2000 2001
f 2001 2000 2002
f 2003 2004 2005
f 2005 2006 2003
f 2006 2007 2003
f 2003 2007 2001
f 2007 2008 2001
f 2001 2008 1999
f 2009 2010 2011
f 2010 2012 2011
f 2013 2014 2015
f 2016 2017 2001
f 2009 2018 2010
f 2018 2019 2010
f 2010 2019 2015
f 2019 2020 2015
f 2015 2020 2013
f 2014 2021 2015
f 2021 2022 2015
f 2015 2022 2023
f 2023 2024 2015
f 2024 2025 2015
f 2015 2025 2026
f 2026 2027 2015
f 2027 2028 2015
f 2015 2028 2029
f 2030 2031 2015
f 2031 2032 2015
f 2015 2032 2033
f 2002 2034 2035
f 2036 2037 2001
f 2017 2038 2001
f 2038 2039 2001
f 2001 2039 2040
f 2039 2041 2040
f 2040 2041 2010
f 2041 2042 2010
f 2010 2042 2043
f 2029 2044 2015
f 2044 2045 2015
f 2015 2045 2030
f 2046 2047 2048
f 2047 2049 2048
f 2048 2049 2050
f 2035 2051 2002
f 2051 2052 2002
f 2002 2052 2053
f 2037 2054 2001
f 2054 2055 2001
f 2001 2055 2016
f 2043 2056 2010
f 2056 2057 2010
f 2010 2057 2012
f 2053 2058 2002
f 2058 2059 2002
f 2002 2059 2001
f 2059 2060 2001
f 2001 2060 2036
f 2061 2062 2002
f 2062 2063 2002
f 2064 2065 2002
f 2065 2066 2002
f 2002 2066 2067
f 2048 2068 2069
f 2069 2070 2048
f 2070 2071 2048
f 2048 2071 2072
f 2072 2073 2048
f 2073 2074 2048
f 2048 2074 2075
f 2063 2076 2002
f 2076 2077 2002
f 2002 2077 2064
f 2067 2078 2002
f 2078 2079 2002
f 2002 2079 2034
f 2050 2080 2048
f 2080 2081 2048
f 2048 2081 2068
f 2075 2082 2048
f 2082 2083 2048
f 2048 2083 2084
f 2085 2086 2015
f 2086 2087 2015
f 2088 2089 2015
f 2089 2090 2015
f 2015 2090 2085
f 2087 2091 2015
f 2091 2092 2015
f 2015 2092 2010
f 2093 2094 2095
f 2094 2096 2095
f 2093 2097 2094
f 2097 2098 2094
f 2094 2098 2099
f 1699 1697 2094
f 1709 2100 1711
f 2100 1713 1711
f 1691 1689 2094
f 1689 1687 2094
f 1687 1685 2094
f 1685 1683 2094
f 2094 1683 1681
f 1681 1679 2094
f 1679 1677 2094
f 2094 1677 1675
f 1675 1673 2094
f 1673 1671 2094
f 2094 1671 1669
f 1663 2101 2094
f 2101 2102 2094
f 2094 2102 2096
f 2101 1651 1649
f 2100 1703 1701
f 1663 1661 2101
f 1661 1659 2101
f 2101 1659 1657
f 1623 1621 2103
f 1613 1611 2104
f 1611 1609 2104
f 1609 1607 2104
f 1607 1605 2104
f 2104 1605 1603
f 1709 1707 2100
f 1707 1705 2100
f 2100 1705 1703
f 1697 1695 2094
f 1695 1693 2094
f 2094 1693 1691
f 1669 1667 2094
f 1667 1665 2094
f 2094 1665 1663
f 1657 1655 2101
f 1655 1653 2101
f 2101 1653 1651
f 1603 1601 2104
f 1601 1599 2104
f 2104 1599 1597
f 1719 2100 1721
f 2100 1723 1721
f 1649 1647 2101
f 1647 1645 2101
f 2101 1645 2105
f 1645 1643 2105
f 2105 1643 2106
f 1643 1641 2106
f 2106 1641 2107
f 1641 1639 2107
f 2107 1639 2108
f 1639 1637 2108
f 2108 1637 2109
f 1637 1635 2109
f 2109 1635 2110
f 1635 1633 2110
f 2110 1633 2111
f 1633 1631 2111
f 2111 1631 2112
f 1631 1629 2112
f 2112 1629 2113
f 1629 1627 2113
f 2113 1627 2103
f 1627 1625 2103
f 2103 1625 1623
f 1621 1619 2103
f 1619 1617 2103
f 2103 1617 2104
f 1617 1615 2104
f 2104 1615 1613
f 1719 1717 2100
f 1717 1715 2100
f 2100 1715 1713
f 1597 1595 2104
f 1595 1593 2104
f 2104 1593 1591
f 1591 1589 2100
f 1589 1731 2100
f 2100 1731 1729
f 1729 1727 2100
f 1727 1725 2100
f 2100 1725 1723
f 1591 2100 2104
f 2100 797 2104
f 2104 797 795
f 2104 789 787
f 781 779 2104
f 779 777 2104
f 777 775 2104
f 775 773 2104
f 2104 773 771
f 795 793 2104
f 793 791 2104
f 2104 791 789
f 787 785 2104
f 785 783 2104
f 2104 783 781
f 771 769 2104
f 769 767 2104
f 2104 767 765
f 757 755 1888
f 755 753 1888
f 1888 753 751
f 751 749 1888
f 749 747 1888
f 1888 747 745
f 853 851 1885
f 851 849 1885
f 1885 849 847
f 827 825 2100
f 825 823 2100
f 2100 823 821
f 821 819 2100
f 819 817 2100
f 2100 817 815
f 815 813 2100
f 813 811 2100
f 2100 811 809
f 809 807 2100
f 807 805 2100
f 2100 805 803
f 803 801 2100
f 801 799 2100
f 2100 799 797
f 765 763 2104
f 763 761 2104
f 2104 761 1888
f 761 759 1888
f 1888 759 757
f 745 743 1888
f 743 741 1888
f 1888 741 739
f 1888 733 731
f 847 845 1885
f 845 843 1885
f 1885 843 841
f 841 839 1885
f 839 837 1885
f 1885 837 835
f 833 831 2100
f 831 829 2100
f 2100 829 827
f 739 737 1888
f 737 735 1888
f 1888 735 733
f 731 729 1888
f 729 727 1888
f 1888 727 1885
f 727 725 1885
f 1885 725 867
f 1885 861 859
f 867 865 1885
f 865 863 1885
f 1885 863 861
f 859 857 1885
f 857 855 1885
f 1885 855 853
f 1553 1551 1899
f 1551 1898 1899
f 1899 1898 1902
f 1898 1918 1902
f 1902 1918 1923
f 1918 1920 1923
f 1843 1841 1883
f 1841 1894 1883
f 1883 1894 1898
f 1894 2114 1898
f 1898 2114 1918
f 2114 2115 1918
f 1918 2115 1880
f 2115 1992 1880
f 1880 1992 1339
f 1992 1341 1339
f 983 981 1887
f 981 1885 1887
f 1887 1885 1894
f 1885 2116 1894
f 1894 2116 2114
f 2116 2117 2114
f 2114 2117 2115
f 2117 2118 2115
f 2115 2118 1992
f 2118 2119 1992
f 1992 2119 1993
f 2119 1998 1993
f 1993 1998 471
f 1998 473 471
f 1701 1699 2100
f 1699 2094 2100
f 2100 2094 2120
f 2094 2121 2120
f 2120 2121 2122
f 2121 2123 2122
f 2122 2123 2124
f 2123 2125 2124
f 2124 2125 2126
f 2125 2127 2126
f 2126 2127 2048
f 2127 2015 2048
f 2048 2015 2046
f 2015 2033 2046
f 2099 2128 2094
f 2128 2129 2094
f 2094 2129 2121
f 2129 2130 2121
f 2121 2130 2123
f 2130 2131 2123
f 2123 2131 2125
f 2131 2132 2125
f 2125 2132 2127
f 2132 2133 2127
f 2127 2133 2015
f 2133 2134 2015
f 2015 2134 2088
f 1255 1253 2002
f 1229 2048 2002
f 2048 2084 2002
f 2002 2084 2061
f 1253 1251 2002
f 1251 1249 2002
f 2002 1249 1247
f 1229 1227 2048
f 1227 1225 2048
f 2048 1225 1223
f 1207 2048 1209
f 2048 1211 1209
f 1207 1205 2048
f 1205 1203 2048
f 2048 1203 1201
f 1201 1199 2048
f 1199 1197 2048
f 2048 1197 1195
f 2002 1263 1261
f 1247 1245 2002
f 1245 1243 2002
f 2002 1243 1241
f 1235 1233 2002
f 1233 1231 2002
f 2002 1231 1229
f 835 833 1885
f 833 2100 1885
f 1885 2100 2116
f 2100 2120 2116
f 2116 2120 2117
f 2120 2122 2117
f 2117 2122 2118
f 2122 2124 2118
f 2118 2124 2119
f 2124 2126 2119
f 2119 2126 1998
f 2126 2048 1998
f 1998 2048 1193
f 2048 1195 1193
f 1193 1191 1998
f 1191 1189 1998
f 1998 1189 1187
f 1263 2002 1265
f 2002 1878 1265
f 1265 1878 1267
f 1261 1259 2002
f 1259 1257 2002
f 2002 1257 1255
f 1241 1239 2002
f 1239 1237 2002
f 2002 1237 1235
f 1223 1221 2048
f 1221 1219 2048
f 2048 1219 1217
f 1217 1215 2048
f 1215 1213 2048
f 2048 1213 1211
f 1273 1271 1878
f 1271 1269 1878
f 1878 1269 1267
f 1878 1299 1297
f 1291 1289 1878
f 1289 1287 1878
f 1878 1287 1285
f 1285 1283 1878
f 1283 1281 1878
f 1878 1281 1279
f 1279 1277 1878
f 1277 1275 1878
f 1878 1275 1273
f 1187 1185 1998
f 1185 1183 1998
f 1998 1183 1181
f 1181 1179 1998
f 1179 1177 1998
f 1998 1177 1175
f 1175 1173 1998
f 1173 1171 1998
f 1998 1171 1169
f 1297 1295 1878
f 1295 1293 1878
f 1878 1293 1291
f 1169 1167 1998
f 1167 1165 1998
f 1998 1165 1163
f 1163 1161 1998
f 1161 1159 1998
f 1998 1159 1878
f 1159 1157 1878
f 1878 1157 1299
f 2000 2135 2002
f 2135 2136 2002
f 2002 2136 1878
f 2136 2137 1878
f 1878 2137 1876
f 2138 2139 2140
f 2139 2141 2140
f 2140 2141 2142
f 2141 2143 2142
f 2142 2143 2144
f 2143 2145 2144
f 2144 2145 2146
f 2145 2147 2146
f 2146 2147 2148
f 2147 2149 2148
f 2148 2149 2150
f 2149 2151 2150
f 2150 2151 2152
f 2151 2153 2152
f 2152 2153 2154
f 2153 2155 2154
f 2154 2155 2156
f 2155 2157 2156
f 2156 2157 2158
f 2157 2159 2158
f 2158 2159 2160
f 2159 2161 2160
f 2160 2161 2162
f 2161 2163 2162
f 2162 2163 2164
f 2163 2165 2164
f 2164 2165 2166
f 2165 2167 2166
f 2166 2167 2168
f 2167 2169 2168
f 2168 2169 2170
f 2169 2171 2170
f 2170 2171 2172
f 2171 2173 2172
f 2172 2173 2174
f 2173 2175 2174
f 2174 2175 2176
f 2175 2177 2176
f 2176 2177 2178
f 2177 2179 2178
f 2178 2179 2180
f 2179 2181 2180
f 2180 2181 2182
f 2181 2183 2182
f 2182 2183 2184
f 2183 2185 2184
f 2184 2185 2186
f 2185 2187 2186
f 2186 2187 2188
f 2187 2189 2188
f 2188 2189 2190
f 2189 2191 2190
f 2190 2191 2192
f 2191 2193 2192
f 2192 2193 2194
f 2193 2195 2194
f 2194 2195 2196
f 2195 2197 2196
f 2196 2197 2198
f 2197 2199 2198
f 2198 2199 2200
f 2199 2201 2200
f 2200 2201 2202
f 2201 2203 2202
f 2202 2203 2204
f 2203 2205 2204
f 2204 2205 2206
f 2205 2207 2206
f 2206 2207 2208
f 2207 2209 2208
f 2208 2209 2210
f 2209 2211 2210
f 2210 2211 2212
f 2211 2213 2212
f 2212 2213 2214
f 2213 2215 2214
f 2214 2215 2216
f 2215 2217 2216
f 2216 2217 2218
f 2217 2219 2218
f 2218 2219 2220
f 2219 2221 2220
f 2220 2221 2222
f 2221 2223 2222
f 2222 2223 2224
f 2223 2225 2224
f 2224 2225 2226
f 2225 2227 2226
f 2226 2227 2228
f 2227 2229 2228
f 2228 2229 2230
f 2229 2231 2230
f 2230 2231 2232
f 2231 2233 2232
f 2232 2233 2234
f 2233 2235 2234
f 2234 2235 2236
f 2235 2237 2236
f 2236 2237 2238
f 2237 2239 2238
f 2238 2239 2240
f 2239 2241 2240
f 2240 2241 2242
f 2241 2243 2242
f 2242 2243 2244
f 2243 2245 2244
f 2244 2245 2246
f 2245 2247 2246
f 2246 2247 2248
f 2247 2249 2248
f 2248 2249 2250
f 2249 2251 2250
f 2250 2251 2252
f 2251 2253 2252
f 2252 2253 2254
f 2253 2255 2254
f 2254 2255 2256
f 2255 2257 2256
f 2256 2257 2258
f 2257 2259 2258
f 2258 2259 2260
f 2259 2261 2260
f 2260 2261 2262
f 2261 2263 2262
f 2262 2263 2264
f 2263 2265 2264
f 2264 2265 2266
f 2265 2267 2266
f 2266 2267 2268
f 2267 2269 2268
f 2268 2269 2270
f 2269 2271 2270
f 2270 2271 2272
f 2271 2273 2272
f 2272 2273 2274
f 2273 2275 2274
f 2274 2275 2276
f 2275 2277 2276
f 2276 2277 2278
f 2277 2279 2278
f 2278 2279 2280
f 2279 2281 2280
f 2280 2281 2138
f 2281 2139 2138
f 2282 2103 2283
f 2103 2104 2283
f 2283 2104 2284
f 2104 1888 2284
f 2284 1888 2285
f 1888 1886 2285
f 2137 2286 2287
f 2137 2287 1876
f 2287 2288 1876
f 1876 2288 1877
f 2288 2289 1877
f 1877 2289 1997
f 2289 2290 1997
f 1997 2290 1996
f 2290 2291 1996
f 1996 2291 1995
f 2291 2292 1995
f 1995 2292 1994
f 2292 2293 1994
f 1994 2293 1881
f 2293 2294 1881
f 1881 2294 1879
f 2294 2295 1879
f 1879 2295 1951
f 2295 2296 1951
f 1951 2296 1947
f 2296 2297 1947
f 1947 2297 1979
f 1979 2297 1909
f 2297 2298 1909
f 1909 2298 1915
f 2298 2299 1915
f 1915 2299 1914
f 2299 2300 1914
f 1914 2300 1913
f 2300 2301 1913
f 1913 2301 1912
f 2301 2302 1912
f 1912 2302 1911
f 2302 2303 1911
f 1911 2303 1910
f 2303 2304 1910
f 1910 2304 1908
f 2304 2305 1908
f 1908 2305 1906
f 2305 2306 1906
f 1906 2306 1905
f 2306 2307 1905
f 1905 2307 1903
f 2307 2308 1903
f 1903 2308 1904
f 2308 2309 1904
f 1904 2309 1907
f 2309 2310 1907
f 1907 2310 1901
f 2310 2311 1901
f 1901 2311 1897
f 2311 2312 1897
f 2312 2313 1897
f 1897 2313 1900
f 2313 2314 1900
f 1900 2314 1896
f 2314 2315 1896
f 1896 2315 1884
f 2315 2316 1884
f 1884 2316 1882
f 2316 2317 1882
f 1882 2317 1895
f 2317 2318 1895
f 1895 2318 1893
f 2318 2319 1893
f 1893 2319 1892
f 2319 2320 1892
f 1892 2320 1891
f 2320 2321 1891
f 1891 2321 1890
f 2321 2322 1890
f 1890 2322 1889
f 2322 2285 1889
f 1889 2285 1886
f 2323 2061 2324
f 2061 2084 2324
f 2324 2084 2325
f 2084 2083 2325
f 2325 2083 2326
f 2083 2082 2326
f 2326 2082 2327
f 2082 2075 2327
f 2327 2075 2328
f 2075 2074 2328
f 2328 2074 2329
f 2074 2073 2329
f 2329 2073 2330
f 2073 2072 2330
f 2330 2072 2331
f 2072 2071 2331
f 2331 2071 2332
f 2071 2070 2332
f 2332 2070 2333
f 2070 2069 2333
f 2333 2069 2334
f 2069 2068 2334
f 2334 2068 2335
f 2068 2081 2335
f 2335 2081 2336
f 2081 2080 2336
f 2336 2080 2337
f 2080 2050 2337
f 2337 2050 2338
f 2050 2049 2338
f 2338 2049 2339
f 2049 2047 2339
f 2339 2047 2340
f 2047 2046 2340
f 2340 2046 2341
f 2046 2033 2341
f 2341 2033 2342
f 2033 2032 2342
f 2342 2032 2343
f 2032 2031 2343
f 2343 2031 2344
f 2031 2030 2344
f 2344 2030 2345
f 2030 2045 2345
f 2345 2045 2346
f 2045 2044 2346
f 2346 2044 2347
f 2044 2029 2347
f 2347 2029 2348
f 2029 2028 2348
f 2348 2028 2349
f 2028 2027 2349
f 2349 2027 2350
f 2027 2026 2350
f 2350 2026 2351
f 2026 2025 2351
f 2351 2025 2352
f 2025 2024 2352
f 2352 2024 2353
f 2024 2023 2353
f 2353 2023 2354
f 2023 2022 2354
f 2354 2022 2355
f 2022 2021 2355
f 2355 2021 2356
f 2021 2014 2356
f 2356 2014 2357
f 2014 2013 2357
f 2357 2013 2358
f 2013 2020 2358
f 2358 2020 2359
f 2020 2019 2359
f 2359 2019 2360
f 2019 2018 2360
f 2360 2018 2361
f 2018 2009 2361
f 2361 2009 2362
f 2009 2011 2362
f 2362 2011 2363
f 2011 2012 2363
f 2363 2012 2364
f 2012 2057 2364
f 2364 2057 2365
f 2057 2056 2365
f 2365 2056 2366
f 2056 2043 2366
f 2366 2043 2367
f 2043 2042 2367
f 2367 2042 2368
f 2042 2041 2368
f 2368 2041 2369
f 2041 2039 2369
f 2369 2039 2370
f 2039 2038 2370
f 2370 2038 2371
f 2038 2017 2371
f 2371 2017 2372
f 2017 2016 2372
f 2372 2016 2373
f 2016 2055 2373
f 2373 2055 2374
f 2055 2054 2374
f 2374 2054 2375
f 2054 2037 2375
f 2375 2037 2376
f 2037 2036 2376
f 2376 2036 2377
f 2036 2060 2377
f 2377 2060 2378
f 2060 2059 2378
f 2378 2059 2379
f 2059 2058 2379
f 2379 2058 2380
f 2058 2053 2380
f 2380 2053 2381
f 2053 2052 2381
f 2381 2052 2382
f 2052 2051 2382
f 2382 2051 2383
f 2051 2035 2383
f 2383 2035 2384
f 2035 2034 2384
f 2384 2034 2385
f 2034 2079 2385
f 2385 2079 2386
f 2079 2078 2386
f 2386 2078 2387
f 2078 2067 2387
f 2387 2067 2388
f 2067 2066 2388
f 2388 2066 2389
f 2066 2065 2389
f 2389 2065 2390
f 2065 2064 2390
f 2390 2064 2391
f 2064 2077 2391
f 2391 2077 2392
f 2077 2076 2392
f 2392 2076 2393
f 2076 2063 2393
f 2393 2063 2394
f 2063 2062 2394
f 2394 2062 2323
f 2062 2061 2323
f 2395 1990 2396
f 1990 1989 2396
f 2396 1989 2397
f 1989 1988 2397
f 2397 1988 2398
f 1988 1987 2398
f 2398 1987 2399
f 1987 1986 2399
f 2399 1986 2400
f 1986 1976 2400
f 2400 1976 2401
f 1976 1975 2401
f 2401 1975 2402
f 1975 1974 2402
f 2402 1974 2403
f 1974 1973 2403
f 2403 1973 2404
f 1973 1972 2404
f 2404 1972 2405
f 1972 1971 2405
f 2405 1971 2406
f 1971 1960 2406
f 2406 1960 2407
f 1960 1959 2407
f 2407 1959 2408
f 1959 1958 2408
f 2408 1958 2409
f 1958 1957 2409
f 2409 1957 2410
f 1957 1929 2410
f 2410 1929 2411
f 1929 1928 2411
f 2411 1928 2412
f 1928 1927 2412
f 2412 1927 2413
f 1927 1926 2413
f 2413 1926 2414
f 1926 1925 2414
f 2414 1925 2415
f 1925 1924 2415
f 2415 1924 2416
f 1924 1923 2416
f 2416 1923 2417
f 1923 1920 2417
f 2417 1920 2418
f 1920 1919 2418
f 2418 1919 2419
f 1919 1942 2419
f 2419 1942 2420
f 1942 1941 2420
f 2420 1941 2421
f 1941 1940 2421
f 2421 1940 2422
f 1940 1939 2422
f 2422 1939 2423
f 1939 1938 2423
f 2423 1938 2424
f 1938 1932 2424
f 2424 1932 2425
f 1932 1931 2425
f 2425 1931 2426
f 1931 1930 2426
f 2426 1930 2427
f 1930 1937 2427
f 2427 1937 2428
f 1937 1936 2428
f 2428 1936 2429
f 1936 1935 2429
f 2429 1935 2430
f 1935 1917 2430
f 2430 1917 2431
f 1917 1916 2431
f 2431 1916 2432
f 1916 1934 2432
f 2432 1934 2433
f 1934 1933 2433
f 2433 1933 2434
f 1933 1922 2434
f 2434 1922 2435
f 1922 1921 2435
f 2435 1921 2436
f 1921 1956 2436
f 2436 1956 2437
f 1956 1955 2437
f 2437 1955 2438
f 1955 1944 2438
f 2438 1944 2439
f 1944 1943 2439
f 2439 1943 2440
f 1943 1954 2440
f 2440 1954 2441
f 1954 1970 2441
f 2441 1970 2442
f 1970 1969 2442
f 2442 1969 2443
f 1969 1968 2443
f 2443 1968 2444
f 1968 1967 2444
f 2444 1967 2445
f 1967 1982 2445
f 2445 1982 2446
f 1982 1981 2446
f 2446 1981 2447
f 1981 1980 2447
f 2447 1980 2448
f 1980 1966 2448
f 2448 1966 2449
f 1966 1965 2449
f 2449 1965 2450
f 1965 1964 2450
f 2450 1964 2451
f 1964 1950 2451
f 2451 1950 2452
f 1950 1952 2452
f 2452 1952 2453
f 1952 1953 2453
f 2453 1953 2454
f 1953 1949 2454
f 2454 1949 2455
f 1949 1948 2455
f 2455 1948 2456
f 1948 1946 2456
f 2456 1946 2457
f 1946 1945 2457
f 2457 1945 2458
f 1945 1963 2458
f 2458 1963 2459
f 1963 1962 2459
f 2459 1962 2460
f 1962 1961 2460
f 2460 1961 2461
f 1961 1985 2461
f 2461 1985 2462
f 1985 1984 2462
f 2462 1984 2463
f 1984 1983 2463
f 2463 1983 2464
f 1983 1978 2464
f 2464 1978 2465
f 1978 1977 2465
f 2465 1977 2466
f 1977 1991 2466
f 2466 1991 2395
f 1991 1990 2395
f 2286 2137 2467
f 2137 2136 2467
f 2467 2136 2468
f 2136 2135 2468
f 2468 2135 2469
f 2135 2000 2469
f 2088 2470 2471
f 2088 2471 2089
f 2471 2472 2089
f 2089 2472 2090
f 2472 2473 2090
f 2090 2473 2085
f 2473 2474 2085
f 2085 2474 2086
f 2474 2475 2086
f 2086 2475 2087
f 2475 2476 2087
f 2087 2476 2091
f 2476 2477 2091
f 2091 2477 2092
f 2477 2478 2092
f 2092 2478 2010
f 2478 2479 2010
f 2010 2479 2040
f 2479 2480 2040
f 2040 2480 2001
f 2480 2481 2001
f 2001 2481 2003
f 2481 2482 2003
f 2003 2482 2004
f 2482 2483 2004
f 2004 2483 2005
f 2483 2484 2005
f 2005 2484 2006
f 2484 2485 2006
f 2006 2485 2007
f 2485 2486 2007
f 2007 2486 2008
f 2486 2487 2008
f 2008 2487 1999
f 2487 2469 1999
f 1999 2469 2000
f 2315 2488 2316
f 2298 2489 2299
f 2293 2490 2294
f 2491 2492 2493
f 1334 1336 2494
f 2495 2490 2496
f 1478 1480 2314
f 2497 2488 2498
f 2499 2500 2501
f 2500 2502 2501
f 2501 2502 2503
f 2502 2504 2503
f 2503 2504 2505
f 2504 2506 2505
f 2505 2506 2507
f 2506 2508 2507
f 1772 1774 2318
f 1778 1780 2501
f 1772 2318 1770
f 2509 2510 1834
f 1744 1746 2317
f 1754 1756 2318
f 1756 1758 2318
f 1778 2501 1776
f 1780 1782 2501
f 1782 1784 2501
f 2501 1784 1786
f 1834 1836 2509
f 1836 1838 2509
f 2509 1838 1840
f 1746 1748 2317
f 1748 1750 2317
f 2317 1750 2318
f 1750 1752 2318
f 2318 1752 1754
f 1758 1760 2318
f 1760 1762 2318
f 2318 1762 1764
f 1796 2501 1794
f 2501 1792 1794
f 1810 1812 2511
f 1812 1814 2511
f 1828 1830 2510
f 1830 1832 2510
f 2510 1832 1834
f 1852 2512 1850
f 2512 2509 1850
f 1850 2509 1848
f 2509 1846 1848
f 1852 1854 2512
f 1854 1856 2512
f 2512 1856 2497
f 1856 1858 2497
f 2497 1858 2488
f 1858 1860 2488
f 2488 1860 1862
f 1764 1766 2318
f 1766 1768 2318
f 2318 1768 1770
f 1786 1788 2501
f 1788 1790 2501
f 2501 1790 1792
f 1796 1798 2501
f 1798 1800 2501
f 2501 1800 2499
f 1800 1802 2499
f 2499 1802 2513
f 1802 1804 2513
f 1804 1806 2513
f 2513 1806 2511
f 1806 1808 2511
f 2511 1808 1810
f 1822 1824 2510
f 1824 1826 2510
f 2510 1826 1828
f 1840 1842 2509
f 1842 1844 2509
f 2509 1844 1846
f 1870 1872 2316
f 1814 1816 2511
f 1816 1818 2511
f 2511 1818 2510
f 1818 1820 2510
f 2510 1820 1822
f 2317 1736 1738
f 1862 1864 2488
f 1864 1866 2488
f 2488 1866 2316
f 1866 1868 2316
f 2316 1868 1870
f 1738 1740 2317
f 1740 1742 2317
f 2317 1742 1744
f 1872 1874 2316
f 1874 1732 2316
f 2316 1732 2317
f 1732 1734 2317
f 2317 1734 1736
f 1586 1444 2312
f 2314 1486 2315
f 1486 1488 2315
f 2315 1488 1490
f 2514 1556 1558
f 1444 1446 2312
f 1446 1448 2312
f 2312 1448 1450
f 1480 1482 2314
f 1482 1484 2314
f 2314 1484 1486
f 1498 1500 2488
f 1500 1502 2488
f 2488 1502 2498
f 1510 1512 2515
f 1530 2516 1528
f 2516 1526 1528
f 1556 2514 1554
f 1562 1564 2517
f 1564 1566 2517
f 2517 1566 1568
f 1538 1540 2518
f 1576 1578 2311
f 1458 1460 2313
f 1460 1462 2313
f 2313 1462 1464
f 1490 1492 2315
f 1492 1494 2315
f 2315 1494 2488
f 1494 1496 2488
f 2488 1496 1498
f 1502 1504 2498
f 1504 1506 2498
f 2498 1506 2515
f 1506 1508 2515
f 2515 1508 1510
f 1540 1542 2518
f 1542 1544 2518
f 2518 1544 1546
f 1546 1548 2518
f 1548 1550 2518
f 2518 1550 2514
f 1550 1552 2514
f 2514 1552 1554
f 1562 2517 1560
f 2517 2519 1560
f 1560 2519 1558
f 2519 2520 1558
f 1558 2520 2514
f 1578 1580 2311
f 1580 1582 2311
f 2311 1582 2312
f 1582 1584 2312
f 2312 1584 1586
f 1450 1452 2312
f 1452 1454 2312
f 2312 1454 2313
f 1454 1456 2313
f 2313 1456 1458
f 1464 1466 2313
f 1466 1468 2313
f 2313 1468 1470
f 1470 1472 2313
f 1472 1474 2313
f 2313 1474 2314
f 1474 1476 2314
f 2314 1476 1478
f 1520 1522 2516
f 1522 1524 2516
f 2516 1524 1526
f 1530 1532 2516
f 1532 1534 2516
f 2516 1534 2518
f 1534 1536 2518
f 2518 1536 1538
f 1568 1570 2517
f 1570 1572 2517
f 2517 1572 2311
f 1572 1574 2311
f 2311 1574 1576
f 1512 1514 2515
f 1514 1516 2515
f 2515 1516 2516
f 1516 1518 2516
f 2516 1518 1520
f 580 582 2306
f 2306 582 2307
f 582 584 2307
f 2307 584 586
f 592 594 2307
f 594 596 2307
f 2307 596 598
f 604 2308 602
f 2308 2307 602
f 602 2307 600
f 2307 598 600
f 604 606 2308
f 606 608 2308
f 2308 608 610
f 2306 710 712
f 712 714 2306
f 714 716 2306
f 2306 716 718
f 632 634 2517
f 634 636 2517
f 670 2521 668
f 2521 666 668
f 718 720 2306
f 720 722 2306
f 2306 722 580
f 610 612 2308
f 612 614 2308
f 2308 614 2309
f 692 694 2522
f 694 696 2522
f 2522 696 698
f 698 700 2522
f 700 702 2522
f 2522 702 704
f 586 588 2307
f 588 590 2307
f 2307 590 592
f 614 616 2309
f 616 618 2309
f 2309 618 2310
f 618 620 2310
f 2310 620 2311
f 620 622 2311
f 2311 622 624
f 624 626 2311
f 626 628 2311
f 2311 628 2517
f 628 630 2517
f 2517 630 632
f 636 638 2517
f 638 640 2517
f 2517 640 2523
f 640 642 2523
f 2523 642 644
f 660 662 2521
f 662 664 2521
f 2521 664 666
f 678 680 2524
f 680 682 2524
f 2524 682 2525
f 682 684 2525
f 704 706 2306
f 706 708 2306
f 2306 708 710
f 644 646 2523
f 646 648 2523
f 2523 648 650
f 660 2521 658
f 2521 2523 658
f 658 2523 656
f 670 672 2521
f 672 674 2521
f 2521 674 2524
f 674 676 2524
f 2524 676 678
f 650 652 2523
f 652 654 2523
f 2523 654 656
f 684 686 2525
f 686 688 2525
f 2525 688 2522
f 688 690 2522
f 2522 690 692
f 1012 1014 2302
f 1014 1016 2302
f 2302 1016 1018
f 1026 1028 2302
f 1030 1032 2522
f 1032 1034 2522
f 2522 1034 1036
f 1026 2302 1024
f 1036 1038 2522
f 1038 1040 2522
f 2522 1040 1042
f 1064 1066 2526
f 1142 1144 2301
f 1144 1146 2301
f 2301 1146 1148
f 1102 2527 1100
f 2527 1098 1100
f 1048 2525 1046
f 2525 2522 1046
f 1046 2522 1044
f 2522 1042 1044
f 1048 1050 2525
f 1050 1052 2525
f 2525 1052 2528
f 1052 1054 2528
f 2528 1054 1056
f 1066 1068 2526
f 1068 1070 2526
f 2526 1070 1072
f 1124 1126 2300
f 1126 1128 2300
f 1136 1138 2301
f 1138 1140 2301
f 2301 1140 1142
f 1148 1150 2301
f 1150 1152 2301
f 2301 1152 2302
f 1152 1154 2302
f 2302 1154 1012
f 1018 1020 2302
f 1020 1022 2302
f 2302 1022 1024
f 1056 1058 2528
f 1058 1060 2528
f 2528 1060 2526
f 1060 1062 2526
f 2526 1062 1064
f 2529 1088 1090
f 1110 1112 2489
f 1112 1114 2489
f 2489 1114 2299
f 1114 1116 2299
f 1128 1130 2300
f 1130 1132 2300
f 2300 1132 2301
f 1132 1134 2301
f 2301 1134 1136
f 1072 1074 2526
f 1074 1076 2526
f 2526 1076 2529
f 1076 1078 2529
f 1078 1080 2529
f 2529 1080 1082
f 1090 1092 2529
f 1092 1094 2529
f 2529 1094 2527
f 1094 1096 2527
f 2527 1096 1098
f 1104 1106 2489
f 1106 1108 2489
f 2489 1108 1110
f 1082 1084 2529
f 1084 1086 2529
f 2529 1086 1088
f 1116 1118 2299
f 1118 1120 2299
f 2299 1120 2300
f 1120 1122 2300
f 2300 1122 1124
f 2395 2396 2297
f 2406 2407 2489
f 2407 2408 2489
f 2453 2454 2296
f 2401 2402 2298
f 1102 1104 2527
f 1104 2489 2527
f 2527 2489 2530
f 2489 2408 2530
f 2415 2416 2531
f 2462 2463 2297
f 2463 2464 2297
f 2401 2298 2400
f 2402 2403 2298
f 2403 2404 2298
f 2298 2404 2489
f 2404 2405 2489
f 2489 2405 2406
f 2408 2409 2530
f 2409 2410 2530
f 2530 2410 2532
f 2410 2411 2532
f 2462 2297 2461
f 2297 2296 2461
f 2461 2296 2460
f 2464 2465 2297
f 2465 2466 2297
f 2297 2466 2395
f 2416 2417 2531
f 2417 2418 2531
f 2531 2418 2419
f 2422 2533 2421
f 2533 2531 2421
f 2421 2531 2420
f 2531 2419 2420
f 2422 2423 2533
f 2423 2424 2533
f 2533 2424 2425
f 2432 2433 2534
f 2443 2444 2294
f 2444 2445 2294
f 2294 2445 2295
f 2454 2455 2296
f 2455 2456 2296
f 2296 2456 2457
f 2457 2458 2296
f 2458 2459 2296
f 2296 2459 2460
f 2411 2412 2532
f 2412 2413 2532
f 2532 2413 2531
f 2413 2414 2531
f 2531 2414 2415
f 2425 2426 2533
f 2426 2427 2533
f 2533 2427 2428
f 2495 2437 2490
f 2437 2438 2490
f 2490 2438 2439
f 2396 2397 2297
f 2397 2398 2297
f 2297 2398 2298
f 2398 2399 2298
f 2298 2399 2400
f 2433 2434 2534
f 2434 2435 2534
f 2534 2435 2495
f 2435 2436 2495
f 2495 2436 2437
f 2439 2440 2490
f 2440 2441 2490
f 2490 2441 2294
f 2441 2442 2294
f 2294 2442 2443
f 2445 2446 2295
f 2446 2447 2295
f 2295 2447 2448
f 2295 2451 2296
f 2451 2452 2296
f 2296 2452 2453
f 2428 2429 2533
f 2429 2430 2533
f 2533 2430 2534
f 2430 2431 2534
f 2534 2431 2432
f 2448 2449 2295
f 2449 2450 2295
f 2295 2450 2451
f 1328 1330 2494
f 1330 1332 2494
f 2494 1332 1334
f 2535 1350 1352
f 1336 1338 2494
f 1338 1340 2494
f 2494 1340 2535
f 1340 1342 2535
f 2535 1342 1344
f 1344 1346 2535
f 1346 1348 2535
f 2535 1348 1350
f 1360 1362 2536
f 1362 1364 2536
f 1352 1354 2535
f 1354 1356 2535
f 2535 1356 2536
f 1356 1358 2536
f 2536 1358 1360
f 1370 2537 1368
f 2537 2536 1368
f 1368 2536 1366
f 2536 1364 1366
f 1382 2493 1380
f 2493 1378 1380
f 1370 1372 2537
f 1372 1374 2537
f 2537 1374 2492
f 2492 1374 2493
f 1374 1376 2493
f 2493 1376 1378
f 1388 1390 2493
f 1390 1392 2493
f 2493 1392 1394
f 1302 1304 2293
f 1382 1384 2493
f 1384 1386 2493
f 2493 1386 1388
f 1394 1396 2493
f 1396 1398 2493
f 2493 1398 2291
f 1398 1400 2291
f 2291 1400 1402
f 1312 1314 2490
f 1402 1404 2291
f 1404 1406 2291
f 2291 1406 1408
f 1408 1410 2291
f 1410 1412 2291
f 2291 1412 1414
f 2538 1324 2494
f 1324 1326 2494
f 2494 1326 1328
f 1414 1416 2291
f 1416 1418 2291
f 2291 1418 1420
f 1438 2292 1436
f 2292 1434 1436
f 1304 1306 2293
f 1306 1308 2293
f 2293 1308 2490
f 1308 1310 2490
f 2490 1310 1312
f 1314 1316 2490
f 1316 1318 2490
f 2490 1318 2496
f 1318 1320 2496
f 2496 1320 2538
f 1320 1322 2538
f 2538 1322 1324
f 1420 1422 2291
f 1422 1424 2291
f 2291 1424 2292
f 1424 1426 2292
f 2292 1426 1428
f 1428 1430 2292
f 1430 1432 2292
f 2292 1432 1434
f 1438 1440 2292
f 1440 1442 2292
f 2292 1442 2293
f 1442 1300 2293
f 2293 1300 1302
f 2491 2493 2539
f 2493 2540 2539
f 2539 2540 2541
f 2336 2337 2542
f 2329 2330 2542
f 2340 2543 2542
f 2543 2544 2542
f 2542 2544 2545
f 2340 2341 2543
f 2341 2342 2543
f 2543 2342 2343
f 2337 2338 2542
f 2338 2339 2542
f 2542 2339 2340
f 2343 2344 2543
f 2344 2345 2543
f 2543 2345 2346
f 2543 2352 2353
f 2469 2378 2379
f 2393 2394 2468
f 2330 2331 2542
f 2331 2332 2542
f 2542 2332 2333
f 2333 2334 2542
f 2334 2335 2542
f 2542 2335 2336
f 2346 2347 2543
f 2347 2348 2543
f 2543 2348 2349
f 2349 2350 2543
f 2350 2351 2543
f 2543 2351 2352
f 2393 2468 2392
f 2353 2354 2543
f 2354 2355 2543
f 2543 2355 2470
f 2355 2356 2470
f 2470 2356 2357
f 2379 2380 2469
f 2380 2381 2469
f 2469 2381 2468
f 2381 2382 2468
f 2468 2382 2383
f 2383 2384 2468
f 2384 2385 2468
f 2468 2385 2386
f 2394 2323 2542
f 2323 2324 2542
f 2324 2325 2542
f 2542 2325 2326
f 2326 2327 2542
f 2327 2328 2542
f 2542 2328 2329
f 2386 2387 2468
f 2387 2388 2468
f 2468 2388 2389
f 2389 2390 2468
f 2390 2391 2468
f 2468 2391 2392
f 2357 2358 2470
f 2358 2359 2470
f 2470 2359 2471
f 2359 2360 2471
f 2471 2360 2472
f 2360 2361 2472
f 2472 2361 2473
f 2361 2362 2473
f 2473 2362 2474
f 2362 2363 2474
f 2474 2363 2475
f 2363 2364 2475
f 2475 2364 2476
f 2364 2365 2476
f 2476 2365 2477
f 2365 2366 2477
f 2477 2366 2478
f 2366 2367 2478
f 2478 2367 2479
f 2367 2368 2479
f 2479 2368 2480
f 2368 2369 2480
f 2480 2369 2481
f 2369 2370 2481
f 2481 2370 2482
f 2370 2371 2482
f 2482 2371 2483
f 2371 2372 2483
f 2483 2372 2484
f 2372 2373 2484
f 2484 2373 2485
f 2373 2374 2485
f 2485 2374 2486
f 2374 2375 2486
f 2486 2375 2487
f 2375 2376 2487
f 2487 2376 2469
f 2376 2377 2469
f 2469 2377 2378
f 538 540 2286
f 2540 474 476
f 506 508 2540
f 2286 546 548
f 466 468 2493
f 468 470 2493
f 2493 470 2540
f 470 472 2540
f 2540 472 474
f 512 514 2467
f 514 516 2467
f 2467 516 518
f 524 526 2467
f 526 528 2467
f 2467 528 530
f 540 542 2286
f 542 544 2286
f 2286 544 546
f 476 478 2540
f 478 480 2540
f 2540 480 482
f 482 484 2540
f 484 486 2540
f 2540 486 488
f 2540 508 2467
f 508 510 2467
f 2467 510 512
f 548 550 2286
f 550 552 2286
f 2286 552 2287
f 552 554 2287
f 488 490 2540
f 490 492 2540
f 2540 492 494
f 530 532 2467
f 532 534 2467
f 2467 534 2286
f 534 536 2286
f 2286 536 538
f 554 556 2287
f 556 558 2287
f 2287 558 560
f 566 568 2287
f 568 570 2287
f 2287 570 2288
f 494 496 2540
f 496 498 2540
f 2540 498 500
f 518 520 2467
f 520 522 2467
f 2467 522 524
f 560 562 2287
f 562 564 2287
f 2287 564 566
f 442 444 2493
f 444 446 2493
f 2493 446 448
f 448 450 2493
f 450 452 2493
f 2493 452 454
f 454 456 2493
f 456 458 2493
f 2493 458 460
f 500 502 2540
f 502 504 2540
f 2540 504 506
f 570 572 2288
f 572 574 2288
f 2288 574 2289
f 574 576 2289
f 2289 576 578
f 460 462 2493
f 462 464 2493
f 2493 464 466
f 436 438 2493
f 438 440 2493
f 2493 440 442
f 578 436 2289
f 436 2493 2289
f 2289 2493 2290
f 2493 2291 2290
f 1028 1030 2302
f 1030 2522 2302
f 2302 2522 2303
f 2522 2304 2303
f 704 2306 2522
f 2306 2305 2522
f 2522 2305 2304
f 1774 1776 2318
f 1776 2501 2318
f 2318 2501 2319
f 2501 2320 2319
f 890 892 2321
f 968 2503 966
f 2503 964 966
f 890 2321 888
f 892 894 2321
f 894 896 2321
f 2321 896 898
f 2546 910 912
f 922 2546 920
f 2546 918 920
f 2546 928 930
f 950 952 2503
f 958 960 2503
f 960 962 2503
f 2503 962 964
f 968 970 2503
f 970 972 2503
f 2503 972 974
f 2501 982 984
f 990 992 2501
f 992 994 2501
f 904 2546 902
f 2546 900 902
f 904 906 2546
f 906 908 2546
f 2546 908 910
f 912 914 2546
f 914 916 2546
f 2546 916 918
f 922 924 2546
f 924 926 2546
f 2546 926 928
f 930 932 2546
f 932 934 2546
f 2546 934 936
f 984 986 2501
f 986 988 2501
f 2501 988 990
f 994 996 2501
f 996 998 2501
f 2501 998 1000
f 876 878 2321
f 878 880 2321
f 2321 880 882
f 882 884 2321
f 884 886 2321
f 2321 886 888
f 944 946 2503
f 946 948 2503
f 2503 948 950
f 952 954 2503
f 954 956 2503
f 2503 956 958
f 974 976 2503
f 976 978 2503
f 2503 978 2501
f 978 980 2501
f 2501 980 982
f 1000 1002 2501
f 1002 1004 2501
f 2501 1004 1006
f 1006 1008 2501
f 1008 1010 2501
f 2501 1010 2320
f 1010 868 2320
f 936 938 2546
f 938 940 2546
f 2546 940 2503
f 940 942 2503
f 2503 942 944
f 868 870 2320
f 870 872 2320
f 2320 872 2321
f 872 874 2321
f 2321 874 876
f 898 900 2321
f 900 2546 2321
f 2321 2546 2322
f 2546 2285 2322
f 2547 2548 2549
f 2548 2550 2549
f 2549 2550 2551
f 2550 2552 2551
f 2551 2552 2553
f 1728 1730 2505
f 1636 2551 1634
f 2551 1632 1634
f 1702 1704 2505
f 1606 1608 2554
f 1608 1610 2554
f 2554 1610 1612
f 1626 1628 2551
f 1628 1630 2551
f 2551 1630 1632
f 1682 2507 1680
f 2507 1678 1680
f 1682 1684 2507
f 1684 1686 2507
f 2507 1686 1688
f 1704 1706 2505
f 1706 1708 2505
f 2505 1708 1710
f 1612 1614 2554
f 1614 1616 2554
f 2554 1616 1618
f 1722 1724 2505
f 1724 1726 2505
f 2505 1726 1728
f 1588 1590 2554
f 1590 1592 2554
f 2554 1592 1594
f 1618 1620 2554
f 1620 1622 2554
f 2554 1622 2551
f 1622 1624 2551
f 2551 1624 1626
f 1662 1664 2555
f 1664 1666 2555
f 2555 1666 2507
f 1688 1690 2507
f 1690 1692 2507
f 2507 1692 1694
f 1710 1712 2505
f 1712 1714 2505
f 2505 1714 1716
f 1594 1596 2554
f 1596 1598 2554
f 2554 1598 1600
f 1666 1668 2507
f 1668 1670 2507
f 2507 1670 1672
f 1694 1696 2507
f 1696 1698 2507
f 2507 1698 2505
f 1698 1700 2505
f 2505 1700 1702
f 1636 1638 2551
f 1638 1640 2551
f 2551 1640 2556
f 1640 1642 2556
f 2556 1642 2557
f 1642 1644 2557
f 2557 1644 2558
f 1644 1646 2558
f 2558 1646 2559
f 1646 1648 2559
f 2559 1648 2560
f 1648 1650 2560
f 2560 1650 2561
f 1650 1652 2561
f 2561 1652 2562
f 1652 1654 2562
f 2562 1654 2563
f 1654 1656 2563
f 2563 1656 2564
f 1656 1658 2564
f 2564 1658 2555
f 1658 1660 2555
f 2555 1660 1662
f 1672 1674 2507
f 1674 1676 2507
f 2507 1676 1678
f 1716 1718 2505
f 1718 1720 2505
f 2505 1720 1722
f 1600 1602 2554
f 1602 1604 2554
f 2554 1604 1606
f 2553 2565 2551
f 2565 2282 2551
f 2551 2282 2554
f 2282 2283 2554
f 2554 2283 2546
f 2283 2284 2546
f 2546 2284 2285
f 846 848 2503
f 764 766 2554
f 766 768 2554
f 2554 768 770
f 770 772 2554
f 772 774 2554
f 2554 774 776
f 808 810 2505
f 740 742 2546
f 742 744 2546
f 744 746 2546
f 746 748 2546
f 2546 748 750
f 796 2505 2554
f 2505 1730 2554
f 2554 1730 1588
f 810 812 2505
f 812 814 2505
f 2505 814 816
f 816 818 2505
f 818 820 2505
f 2505 820 822
f 836 838 2503
f 838 840 2503
f 750 752 2546
f 752 754 2546
f 2546 754 756
f 822 824 2505
f 824 826 2505
f 2505 826 828
f 840 842 2503
f 842 844 2503
f 2503 844 846
f 2546 732 734
f 776 778 2554
f 778 780 2554
f 2554 780 782
f 2554 788 790
f 796 798 2505
f 798 800 2505
f 2505 800 802
f 802 804 2505
f 804 806 2505
f 2505 806 808
f 848 850 2503
f 850 852 2503
f 2503 852 854
f 2503 860 862
f 726 728 2546
f 728 730 2546
f 2546 730 732
f 734 736 2546
f 736 738 2546
f 2546 738 740
f 756 758 2546
f 758 760 2546
f 2546 760 2554
f 760 762 2554
f 2554 762 764
f 782 784 2554
f 784 786 2554
f 2554 786 788
f 790 792 2554
f 792 794 2554
f 2554 794 796
f 828 830 2505
f 830 832 2505
f 2505 832 2503
f 832 834 2503
f 2503 834 836
f 854 856 2503
f 856 858 2503
f 2503 858 860
f 862 864 2503
f 864 866 2503
f 2503 866 2546
f 866 724 2546
f 2546 724 726
f 1192 2542 2540
f 2542 2545 2540
f 2540 2545 2541
f 1192 1194 2542
f 1194 1196 2542
f 2542 1196 1198
f 1186 1188 2540
f 1188 1190 2540
f 2540 1190 1192
f 1248 1250 2468
f 1250 1252 2468
f 2468 1252 1254
f 1254 1256 2468
f 1256 1258 2468
f 2468 1258 1260
f 1230 1232 2468
f 1232 1234 2468
f 2468 1234 1236
f 1242 1244 2468
f 1244 1246 2468
f 2468 1246 1248
f 1260 1262 2468
f 1262 1264 2468
f 2468 1264 2467
f 1198 1200 2542
f 1200 1202 2542
f 2542 1202 1204
f 1204 1206 2542
f 1206 1208 2542
f 2542 1208 1210
f 2394 2542 2468
f 2542 1228 2468
f 2468 1228 1230
f 1236 1238 2468
f 1238 1240 2468
f 2468 1240 1242
f 1222 1224 2542
f 1224 1226 2542
f 2542 1226 1228
f 1264 1266 2467
f 1266 1268 2467
f 2467 1268 1270
f 1158 1160 2540
f 1210 1212 2542
f 1212 1214 2542
f 2542 1214 1216
f 1216 1218 2542
f 1218 1220 2542
f 2542 1220 1222
f 1270 1272 2467
f 1272 1274 2467
f 2467 1274 1276
f 1276 1278 2467
f 1278 1280 2467
f 2467 1280 1282
f 1282 1284 2467
f 1284 1286 2467
f 2467 1286 1288
f 1288 1290 2467
f 1290 1292 2467
f 2467 1292 1294
f 1294 1296 2467
f 1296 1298 2467
f 2467 1298 2540
f 1298 1156 2540
f 2540 1156 1158
f 2540 1166 1168
f 1160 1162 2540
f 1162 1164 2540
f 2540 1164 1166
f 1168 1170 2540
f 1170 1172 2540
f 2540 1172 1174
f 1174 1176 2540
f 1176 1178 2540
f 2540 1178 1180
f 1180 1182 2540
f 1182 1184 2540
f 2540 1184 1186
f 226 224 2508
f 2470 2088 2543
f 2088 2134 2543
f 2543 2134 2544
f 2134 2133 2544
f 2128 2555 2129
f 2555 2507 2129
f 2129 2507 2130
f 2507 2508 2130
f 224 222 2508
f 222 220 2508
f 2508 220 218
f 254 252 2566
f 252 250 2566
f 250 248 2566
f 2566 248 246
f 262 260 2566
f 234 232 2566
f 232 230 2566
f 2566 230 2508
f 230 228 2508
f 2508 228 226
f 2567 398 400
f 262 2566 264
f 260 258 2566
f 258 256 2566
f 2566 256 254
f 246 244 2566
f 244 242 2566
f 2566 242 240
f 240 238 2566
f 238 236 2566
f 2566 236 234
f 200 198 2508
f 2568 274 2566
f 274 272 2566
f 2566 272 270
f 218 216 2508
f 216 214 2508
f 2508 214 212
f 2568 2569 274
f 2569 2570 274
f 274 2570 276
f 2570 278 276
f 2508 298 2130
f 298 300 2130
f 2130 300 302
f 352 354 2544
f 374 376 2567
f 376 378 2567
f 2567 378 380
f 270 268 2566
f 268 266 2566
f 2566 266 264
f 212 210 2508
f 210 208 2508
f 2508 208 206
f 192 190 2508
f 164 162 298
f 162 160 298
f 298 160 158
f 424 426 286
f 426 428 286
f 428 430 286
f 286 430 288
f 430 290 288
f 158 156 298
f 156 154 298
f 298 154 296
f 154 294 296
f 302 304 2130
f 304 306 2130
f 2130 306 2131
f 344 346 2544
f 380 382 2567
f 382 384 2567
f 2567 384 386
f 2544 2571 2572
f 2572 2573 2544
f 2573 2574 2544
f 2544 2574 2575
f 2576 2577 2570
f 206 204 2508
f 204 202 2508
f 2508 202 200
f 172 170 298
f 2567 400 2578
f 400 402 2578
f 2578 402 404
f 430 432 290
f 432 434 290
f 290 434 148
f 434 292 148
f 148 292 150
f 292 294 150
f 150 294 152
f 294 154 152
f 2579 2580 282
f 2580 2581 282
f 2581 2582 282
f 2582 2583 282
f 282 2583 2584
f 2585 2586 2570
f 2586 2587 2570
f 2570 2587 2588
f 326 328 2133
f 328 330 2133
f 346 348 2544
f 348 350 2544
f 2544 350 352
f 392 394 2567
f 394 396 2567
f 2567 396 398
f 2589 2590 2570
f 2590 2591 2570
f 2570 2591 2592
f 2577 2593 2570
f 2593 2594 2570
f 2570 2594 2585
f 170 168 298
f 168 166 298
f 298 166 164
f 418 420 286
f 420 422 286
f 286 422 424
f 2595 282 2596
f 282 2588 2596
f 2595 2597 282
f 2597 2598 282
f 282 2598 2579
f 2599 2600 282
f 2600 2601 282
f 282 2601 2602
f 2588 282 2570
f 282 280 2570
f 2570 280 278
f 306 308 2131
f 308 310 2131
f 2131 310 2132
f 310 312 2132
f 386 388 2567
f 388 390 2567
f 2567 390 392
f 374 2567 372
f 2567 2603 372
f 372 2603 2604
f 2604 2605 372
f 2605 2606 372
f 372 2606 2607
f 2608 2609 2544
f 2592 2610 2570
f 2610 2611 2570
f 2570 2611 2612
f 2612 2613 2570
f 2613 2614 2570
f 2570 2614 2615
f 198 196 2508
f 196 194 2508
f 2508 194 192
f 180 2508 182
f 2508 184 182
f 180 178 2508
f 178 176 2508
f 2508 176 298
f 176 174 298
f 298 174 172
f 404 406 2578
f 406 408 2578
f 2578 408 410
f 2584 2616 282
f 2616 2617 282
f 282 2617 2599
f 312 314 2132
f 314 316 2132
f 2132 316 318
f 318 320 2132
f 320 322 2132
f 2132 322 2133
f 322 324 2133
f 2133 324 326
f 338 340 2544
f 340 342 2544
f 2544 342 344
f 2575 2618 2544
f 2618 2619 2544
f 2544 2619 2620
f 2620 2621 2544
f 2621 2622 2544
f 2544 2622 2570
f 2622 2623 2570
f 2570 2623 2589
f 2615 2624 2570
f 2624 2625 2570
f 2570 2625 2576
f 190 188 2508
f 188 186 2508
f 2508 186 184
f 410 412 2578
f 412 414 2578
f 2578 414 416
f 416 418 2578
f 418 286 2578
f 2578 286 2602
f 286 284 2602
f 2602 284 282
f 330 332 2133
f 332 334 2133
f 2133 334 2544
f 334 336 2544
f 2544 336 338
f 2607 2626 372
f 2626 2627 372
f 372 2627 370
f 2627 2628 370
f 370 2628 2629
f 370 2630 368
f 2630 2631 368
f 368 2631 2632
f 2609 2633 2544
f 2633 2634 2544
f 2544 2634 2571
f 2629 2635 370
f 2635 2636 370
f 370 2636 2630
f 2632 2637 368
f 2637 2638 368
f 368 2638 366
f 2638 2639 366
f 2639 2640 366
f 2640 2641 366
f 366 2641 364
f 354 356 2544
f 356 358 2544
f 2544 358 360
f 360 362 2544
f 362 364 2544
f 2544 364 2608
f 364 2641 2608
f 2103 2282 2565
f 2103 2565 2113
f 2565 2553 2113
f 2113 2553 2112
f 2553 2552 2112
f 2112 2552 2111
f 2552 2550 2111
f 2111 2550 2110
f 2550 2548 2110
f 2110 2548 2109
f 2548 2547 2109
f 2109 2547 2108
f 2547 2549 2108
f 2108 2549 2107
f 2549 2551 2107
f 2107 2551 2106
f 2551 2556 2106
f 2106 2556 2105
f 2556 2557 2105
f 2105 2557 2101
f 2557 2558 2101
f 2101 2558 2102
f 2558 2559 2102
f 2102 2559 2096
f 2559 2560 2096
f 2096 2560 2095
f 2560 2561 2095
f 2095 2561 2093
f 2561 2562 2093
f 2093 2562 2097
f 2562 2563 2097
f 2097 2563 2098
f 2563 2564 2098
f 2098 2564 2099
f 2564 2555 2099
f 2099 2555 2128
f 2642 2643 2644
f 2643 2645 2644
f 2644 2645 2646
f 2647 2648 2644
f 2648 2649 2644
f 2644 2649 2642
f 2650 2651 2644
f 2651 2652 2644
f 2644 2652 2647
f 2653 2654 2644
f 2654 2655 2644
f 2644 2655 2650
f 2656 2657 2644
f 2657 2658 2644
f 2644 2658 2653
f 2659 2660 2644
f 2660 2661 2644
f 2644 2661 2656
f 2662 2663 2644
f 2663 2664 2644
f 2644 2664 2659
f 2665 2666 2644
f 2666 2667 2644
f 2644 2667 2662
f 2668 2669 2644
f 2669 2670 2644
f 2644 2670 2665
f 2671 2672 2644
f 2672 2673 2644
f 2644 2673 2668
f 2674 2675 2644
f 2675 2676 2644
f 2644 2676 2671
f 2677 2678 2644
f 2678 2679 2644
f 2644 2679 2674
f 2680 2681 2644
f 2681 2682 2644
f 2644 2682 2677
f 2683 2684 2644
f 2684 2685 2644
f 2644 2685 2680
f 2686 2687 2644
f 2687 2688 2644
f 2644 2688 2683
f 2689 2690 2644
f 2690 2691 2644
f 2644 2691 2686
f 2692 2693 2644
f 2693 2694 2644
f 2644 2694 2689
f 2695 2696 2644
f 2696 2697 2644
f 2644 2697 2692
f 2698 2699 2644
f 2699 2700 2644
f 2644 2700 2695
f 2701 2702 2644
f 2702 2703 2644
f 2644 2703 2698
f 2704 2705 2644
f 2705 2706 2644
f 2644 2706 2701
f 2707 2708 2644
f 2708 2709 2644
f 2644 2709 2704
f 2710 2711 2644
f 2711 2712 2644
f 2644 2712 2707
f 2646 2713 2644
f 2713 2714 2644
f 2644 2714 2710
f 2645 2196 2646
f 2196 2198 2646
f 2646 2198 2713
f 2198 2200 2713
f 2713 2200 2714
f 2200 2202 2714
f 2714 2202 2710
f 2202 2204 2710
f 2710 2204 2711
f 2204 2206 2711
f 2711 2206 2712
f 2206 2208 2712
f 2712 2208 2707
f 2208 2210 2707
f 2707 2210 2708
f 2210 2212 2708
f 2708 2212 2709
f 2212 2214 2709
f 2709 2214 2704
f 2214 2216 2704
f 2704 2216 2705
f 2216 2218 2705
f 2705 2218 2706
f 2218 2220 2706
f 2706 2220 2701
f 2220 2222 2701
f 2701 2222 2702
f 2222 2224 2702
f 2702 2224 2703
f 2224 2226 2703
f 2703 2226 2698
f 2226 2228 2698
f 2698 2228 2699
f 2228 2230 2699
f 2699 2230 2700
f 2230 2232 2700
f 2700 2232 2695
f 2232 2234 2695
f 2695 2234 2696
f 2234 2236 2696
f 2696 2236 2697
f 2236 2238 2697
f 2697 2238 2692
f 2238 2240 2692
f 2692 2240 2693
f 2240 2242 2693
f 2693 2242 2694
f 2242 2244 2694
f 2694 2244 2689
f 2244 2246 2689
f 2689 2246 2690
f 2246 2248 2690
f 2690 2248 2691
f 2248 2250 2691
f 2691 2250 2686
f 2250 2252 2686
f 2686 2252 2687
f 2252 2254 2687
f 2687 2254 2688
f 2254 2256 2688
f 2688 2256 2683
f 2256 2258 2683
f 2683 2258 2684
f 2258 2260 2684
f 2684 2260 2685
f 2260 2262 2685
f 2685 2262 2680
f 2262 2264 2680
f 2680 2264 2681
f 2264 2266 2681
f 2681 2266 2682
f 2266 2268 2682
f 2682 2268 2677
f 2268 2270 2677
f 2677 2270 2678
f 2270 2272 2678
f 2678 2272 2679
f 2272 2274 2679
f 2679 2274 2674
f 2274 2276 2674
f 2674 2276 2675
f 2276 2278 2675
f 2675 2278 2676
f 2278 2280 2676
f 2676 2280 2671
f 2280 2138 2671
f 2671 2138 2672
f 2138 2140 2672
f 2672 2140 2673
f 2140 2142 2673
f 2673 2142 2668
f 2142 2144 2668
f 2668 2144 2669
f 2144 2146 2669
f 2669 2146 2670
f 2146 2148 2670
f 2670 2148 2665
f 2148 2150 2665
f 2665 2150 2666
f 2150 2152 2666
f 2666 2152 2667
f 2152 2154 2667
f 2667 2154 2662
f 2154 2156 2662
f 2662 2156 2663
f 2156 2158 2663
f 2663 2158 2664
f 2158 2160 2664
f 2664 2160 2659
f 2160 2162 2659
f 2659 2162 2660
f 2162 2164 2660
f 2660 2164 2661
f 2164 2166 2661
f 2661 2166 2656
f 2166 2168 2656
f 2656 2168 2657
f 2168 2170 2657
f 2657 2170 2658
f 2170 2172 2658
f 2658 2172 2653
f 2172 2174 2653
f 2653 2174 2654
f 2174 2176 2654
f 2654 2176 2655
f 2176 2178 2655
f 2655 2178 2650
f 2178 2180 2650
f 2650 2180 2651
f 2180 2182 2651
f 2651 2182 2652
f 2182 2184 2652
f 2652 2184 2647
f 2184 2186 2647
f 2647 2186 2648
f 2186 2188 2648
f 2648 2188 2649
f 2188 2190 2649
f 2649 2190 2642
f 2190 2192 2642
f 2642 2192 2643
f 2192 2194 2643
f 2643 2194 2645
f 2194 2196 2645
f 2504 2502 2715
f 2504 2715 2506
f 2715 2566 2506
f 2506 2566 2508
f 2715 2502 2500
f 2715 2500 2716
f 2500 2499 2716
f 2716 2499 2717
f 2499 2513 2717
f 2717 2513 2718
f 2513 2511 2718
f 2718 2511 2719
f 2511 2510 2719
f 2719 2510 2720
f 2510 2509 2720
f 2720 2509 2721
f 2509 2512 2721
f 2721 2512 2722
f 2512 2497 2722
f 2722 2497 2723
f 2497 2498 2723
f 2723 2498 2724
f 2498 2515 2724
f 2515 2516 2724
f 2724 2516 2725
f 2516 2518 2725
f 2725 2518 2726
f 2518 2514 2726
f 2726 2514 2727
f 2514 2520 2727
f 2727 2520 2728
f 2520 2519 2728
f 2728 2519 2729
f 2519 2517 2729
f 2729 2517 2730
f 2517 2523 2730
f 2523 2521 2730
f 2730 2521 2731
f 2521 2524 2731
f 2731 2524 2732
f 2524 2525 2732
f 2732 2525 2733
f 2525 2528 2733
f 2733 2528 2734
f 2528 2526 2734
f 2734 2526 2735
f 2526 2529 2735
f 2735 2529 2736
f 2529 2527 2736
f 2736 2527 2737
f 2527 2530 2737
f 2737 2530 2738
f 2530 2532 2738
f 2738 2532 2739
f 2532 2531 2739
f 2739 2531 2740
f 2531 2533 2740
f 2740 2533 2741
f 2533 2534 2741
f 2741 2534 2742
f 2534 2495 2742
f 2742 2495 2743
f 2495 2496 2743
f 2743 2496 2744
f 2496 2538 2744
f 2538 2494 2744
f 2744 2494 2745
f 2494 2535 2745
f 2745 2535 2746
f 2535 2536 2746
f 2746 2536 2747
f 2536 2537 2747
f 2747 2537 2748
f 2537 2492 2748
f 2748 2492 2749
f 2492 2491 2749
f 2749 2491 2750
f 2491 2539 2750
f 2750 2539 2751
f 2544 2570 2545
f 2570 2751 2545
f 2545 2751 2541
f 2751 2539 2541
f 2715 2752 2566
f 2752 2568 2566
f 2752 2715 2716
f 2752 2716 2753
f 2716 2717 2753
f 2753 2717 2754
f 2717 2718 2754
f 2754 2718 2755
f 2718 2719 2755
f 2755 2719 2756
f 2719 2720 2756
f 2756 2720 2757
f 2720 2721 2757
f 2757 2721 2758
f 2721 2722 2758
f 2758 2722 2759
f 2722 2723 2759
f 2759 2723 2760
f 2723 2724 2760
f 2760 2724 2761
f 2724 2725 2761
f 2761 2725 2762
f 2725 2726 2762
f 2762 2726 2763
f 2726 2727 2763
f 2763 2727 2764
f 2727 2728 2764
f 2764 2728 2765
f 2728 2729 2765
f 2765 2729 2766
f 2729 2730 2766
f 2766 2730 2767
f 2730 2731 2767
f 2767 2731 2768
f 2731 2732 2768
f 2768 2732 2769
f 2732 2733 2769
f 2769 2733 2770
f 2733 2734 2770
f 2770 2734 2771
f 2734 2735 2771
f 2771 2735 2772
f 2735 2736 2772
f 2772 2736 2773
f 2736 2737 2773
f 2773 2737 2774
f 2737 2738 2774
f 2774 2738 2775
f 2738 2739 2775
f 2775 2739 2776
f 2739 2740 2776
f 2776 2740 2777
f 2740 2741 2777
f 2777 2741 2778
f 2741 2742 2778
f 2778 2742 2779
f 2742 2743 2779
f 2779 2743 2780
f 2743 2744 2780
f 2780 2744 2781
f 2744 2745 2781
f 2781 2745 2782
f 2745 2746 2782
f 2782 2746 2783
f 2746 2747 2783
f 2783 2747 2784
f 2747 2748 2784
f 2784 2748 2785
f 2748 2749 2785
f 2785 2749 2786
f 2749 2750 2786
f 2786 2750 2787
f 2750 2751 2787
f 2787 2751 2788
f 2788 2751 2569
f 2751 2570 2569
f 2789 2790 2791
f 2790 2792 2791
f 2791 2792 2793
f 2792 2794 2793
f 2793 2794 2795
f 2794 2796 2795
f 2795 2796 2797
f 2796 2798 2797
f 2797 2798 2799
f 2798 2800 2799
f 2799 2800 2801
f 2800 2802 2801
f 2801 2802 2803
f 2802 2804 2803
f 2803 2804 2805
f 2804 2806 2805
f 2805 2806 2807
f 2806 2808 2807
f 2807 2808 2809
f 2808 2810 2809
f 2809 2810 2811
f 2810 2812 2811
f 2811 2812 2813
f 2812 2814 2813
f 2813 2814 2815
f 2814 2816 2815
f 2815 2816 2817
f 2816 2818 2817
f 2817 2818 2819
f 2818 2820 2819
f 2819 2820 2821
f 2820 2822 2821
f 2821 2822 2823
f 2822 2824 2823
f 2823 2824 2825
f 2824 2826 2825
f 2825 2826 2827
f 2826 2828 2827
f 2827 2828 2829
f 2828 2830 2829
f 2829 2830 2831
f 2830 2832 2831
f 2831 2832 2833
f 2832 2834 2833
f 2833 2834 2835
f 2834 2836 2835
f 2835 2836 2837
f 2836 2838 2837
f 2837 2838 2839
f 2838 2840 2839
f 2839 2840 2841
f 2840 2842 2841
f 2841 2842 2843
f 2842 2844 2843
f 2843 2844 2845
f 2844 2846 2845
f 2845 2846 2847
f 2846 2848 2847
f 2847 2848 2849
f 2848 2850 2849
f 2849 2850 2851
f 2850 2852 2851
f 2851 2852 2853
f 2852 2854 2853
f 2853 2854 2855
f 2854 2856 2855
f 2855 2856 2857
f 2856 2858 2857
f 2857 2858 2859
f 2858 2860 2859
f 2859 2860 2861
f 2860 2862 2861
f 2861 2862 2863
f 2862 2864 2863
f 2863 2864 2865
f 2864 2866 2865
f 2865 2866 2867
f 2866 2868 2867
f 2867 2868 2869
f 2868 2870 2869
f 2869 2870 2871
f 2870 2872 2871
f 2871 2872 2873
f 2872 2874 2873
f 2873 2874 2875
f 2874 2876 2875
f 2875 2876 2877
f 2876 2878 2877
f 2877 2878 2879
f 2878 2880 2879
f 2879 2880 2881
f 2880 2882 2881
f 2881 2882 2883
f 2882 2884 2883
f 2883 2884 2885
f 2884 2886 2885
f 2885 2886 2887
f 2886 2888 2887
f 2887 2888 2889
f 2888 2890 2889
f 2889 2890 2891
f 2890 2892 2891
f 2891 2892 2893
f 2892 2894 2893
f 2893 2894 2895
f 2894 2896 2895
f 2895 2896 2897
f 2896 2898 2897
f 2897 2898 2899
f 2898 2900 2899
f 2899 2900 2901
f 2900 2902 2901
f 2901 2902 2903
f 2902 2904 2903
f 2903 2904 2905
f 2904 2906 2905
f 2905 2906 2907
f 2906 2908 2907
f 2907 2908 2909
f 2908 2910 2909
f 2909 2910 2911
f 2910 2912 2911
f 2911 2912 2913
f 2912 2914 2913
f 2913 2914 2915
f 2914 2916 2915
f 2915 2916 2917
f 2916 2918 2917
f 2917 2918 2919
f 2918 2920 2919
f 2919 2920 2921
f 2920 2922 2921
f 2921 2922 2923
f 2922 2924 2923
f 2923 2924 2925
f 2924 2926 2925
f 2925 2926 2927
f 2926 2928 2927
f 2927 2928 2929
f 2928 2930 2929
f 2929 2930 2931
f 2930 2932 2931
f 2931 2932 2789
f 2932 2790 2789
f 2197 2861 2199
f 2861 2863 2199
f 2199 2863 2201
f 2863 2865 2201
f 2201 2865 2203
f 2865 2867 2203
f 2203 2867 2205
f 2867 2869 2205
f 2205 2869 2207
f 2869 2871 2207
f 2207 2871 2209
f 2871 2873 2209
f 2209 2873 2211
f 2873 2875 2211
f 2211 2875 2213
f 2875 2877 2213
f 2213 2877 2215
f 2877 2879 2215
f 2215 2879 2217
f 2879 2881 2217
f 2217 2881 2219
f 2881 2883 2219
f 2219 2883 2221
f 2883 2885 2221
f 2221 2885 2223
f 2885 2887 2223
f 2223 2887 2225
f 2887 2889 2225
f 2225 2889 2227
f 2889 2891 2227
f 2227 2891 2229
f 2891 2893 2229
f 2229 2893 2231
f 2893 2895 2231
f 2231 2895 2233
f 2895 2897 2233
f 2233 2897 2235
f 2897 2899 2235
f 2235 2899 2237
f 2899 2901 2237
f 2237 2901 2239
f 2901 2903 2239
f 2239 2903 2241
f 2903 2905 2241
f 2241 2905 2243
f 2905 2907 2243
f 2243 2907 2245
f 2907 2909 2245
f 2245 2909 2247
f 2909 2911 2247
f 2247 2911 2249
f 2911 2913 2249
f 2249 2913 2251
f 2913 2915 2251
f 2251 2915 2253
f 2915 2917 2253
f 2253 2917 2255
f 2917 2919 2255
f 2255 2919 2257
f 2919 2921 2257
f 2257 2921 2259
f 2921 2923 2259
f 2259 2923 2261
f 2923 2925 2261
f 2261 2925 2263
f 2925 2927 2263
f 2263 2927 2265
f 2927 2929 2265
f 2265 2929 2267
f 2929 2931 2267
f 2267 2931 2269
f 2931 2789 2269
f 2269 2789 2271
f 2789 2791 2271
f 2271 2791 2273
f 2791 2793 2273
f 2273 2793 2275
f 2793 2795 2275
f 2275 2795 2277
f 2795 2797 2277
f 2277 2797 2279
f 2797 2799 2279
f 2279 2799 2281
f 2799 2801 2281
f 2281 2801 2139
f 2801 2803 2139
f 2139 2803 2141
f 2803 2805 2141
f 2141 2805 2143
f 2805 2807 2143
f 2143 2807 2145
f 2807 2809 2145
f 2145 2809 2147
f 2809 2811 2147
f 2147 2811 2149
f 2811 2813 2149
f 2149 2813 2151
f 2813 2815 2151
f 2151 2815 2153
f 2815 2817 2153
f 2153 2817 2155
f 2817 2819 2155
f 2155 2819 2157
f 2819 2821 2157
f 2157 2821 2159
f 2821 2823 2159
f 2159 2823 2161
f 2823 2825 2161
f 2161 2825 2163
f 2825 2827 2163
f 2163 2827 2165
f 2827 2829 2165
f 2165 2829 2167
f 2829 2831 2167
f 2167 2831 2169
f 2831 2833 2169
f 2169 2833 2171
f 2833 2835 2171
f 2171 2835 2173
f 2835 2837 2173
f 2173 2837 2175
f 2837 2839 2175
f 2175 2839 2177
f 2839 2841 2177
f 2177 2841 2179
f 2841 2843 2179
f 2179 2843 2181
f 2843 2845 2181
f 2181 2845 2183
f 2845 2847 2183
f 2183 2847 2185
f 2847 2849 2185
f 2185 2849 2187
f 2849 2851 2187
f 2187 2851 2189
f 2851 2853 2189
f 2189 2853 2191
f 2853 2855 2191
f 2191 2855 2193
f 2855 2857 2193
f 2193 2857 2195
f 2857 2859 2195
f 2195 2859 2197
f 2859 2861 2197
f 2933 2934 2568
f 2935 2936 2569
f 2934 2937 2568
f 2937 2938 2568
f 2568 2938 2939
f 2935 2569 2940
f 2939 2941 2568
f 2941 2942 2568
f 2568 2942 2943
f 2944 2945 2752
f 2945 2946 2752
f 2752 2946 2568
f 2946 2947 2568
f 2568 2947 2933
f 2936 2948 2569
f 2948 2949 2569
f 2569 2949 2788
f 2949 2950 2788
f 2788 2950 2951
f 2943 2952 2568
f 2952 2953 2568
f 2568 2953 2954
f 2955 2569 2956
f 2569 2568 2956
f 2955 2957 2569
f 2957 2958 2569
f 2569 2958 2959
f 2960 2961 2569
f 2961 2962 2569
f 2569 2962 2940
f 2954 2963 2568
f 2963 2964 2568
f 2568 2964 2956
f 2959 2965 2569
f 2965 2966 2569
f 2569 2966 2960
f 2951 2967 2788
f 2967 2968 2788
f 2788 2968 2787
f 2968 2969 2787
f 2787 2969 2786
f 2969 2970 2786
f 2786 2970 2785
f 2970 2971 2785
f 2785 2971 2784
f 2971 2972 2784
f 2784 2972 2783
f 2972 2973 2783
f 2783 2973 2782
f 2973 2974 2782
f 2782 2974 2781
f 2974 2975 2781
f 2781 2975 2780
f 2975 2976 2780
f 2780 2976 2779
f 2976 2977 2779
f 2779 2977 2778
f 2977 2978 2778
f 2778 2978 2777
f 2978 2979 2777
f 2777 2979 2776
f 2979 2980 2776
f 2776 2980 2775
f 2980 2981 2775
f 2775 2981 2774
f 2981 2982 2774
f 2774 2982 2773
f 2982 2983 2773
f 2773 2983 2772
f 2983 2984 2772
f 2772 2984 2771
f 2984 2985 2771
f 2771 2985 2770
f 2985 2986 2770
f 2770 2986 2769
f 2986 2987 2769
f 2769 2987 2768
f 2987 2988 2768
f 2768 2988 2767
f 2988 2989 2767
f 2767 2989 2766
f 2989 2990 2766
f 2766 2990 2765
f 2990 2991 2765
f 2765 2991 2764
f 2991 2992 2764
f 2764 2992 2763
f 2992 2993 2763
f 2763 2993 2762
f 2993 2994 2762
f 2762 2994 2761
f 2994 2995 2761
f 2761 2995 2760
f 2995 2996 2760
f 2760 2996 2759
f 2996 2997 2759
f 2759 2997 2758
f 2997 2998 2758
f 2758 2998 2757
f 2998 2999 2757
f 2757 2999 2756
f 2999 3000 2756
f 2756 3000 2755
f 3000 3001 2755
f 2755 3001 2754
f 3001 3002 2754
f 2754 3002 2753
f 3002 3003 2753
f 2753 3003 2752
f 3003 3004 2752
f 2752 3004 2944
f 2986 2860 2987
f 2860 2858 2987
f 2987 2858 2988
f 2858 2856 2988
f 2988 2856 2989
f 2856 2854 2989
f 2989 2854 2990
f 2854 2852 2990
f 2990 2852 2991
f 2852 2850 2991
f 2991 2850 2992
f 2850 2848 2992
f 2992 2848 2993
f 2848 2846 2993
f 2993 2846 2994
f 2846 2844 2994
f 2994 2844 2995
f 2844 2842 2995
f 2995 2842 2996
f 2842 2840 2996
f 2996 2840 2997
f 2840 2838 2997
f 2997 2838 2998
f 2838 2836 2998
f 2998 2836 2999
f 2836 2834 2999
f 2999 2834 3000
f 2834 2832 3000
f 3000 2832 3001
f 2832 2830 3001
f 3001 2830 3002
f 2830 2828 3002
f 3002 2828 3003
f 2828 2826 3003
f 3003 2826 3004
f 2826 2824 3004
f 3004 2824 2944
f 2824 2822 2944
f 2944 2822 2945
f 2822 2820 2945
f 2945 2820 2946
f 2820 2818 2946
f 2946 2818 2947
f 2818 2816 2947
f 2947 2816 2933
f 2816 2814 2933
f 2933 2814 2934
f 2814 2812 2934
f 2934 2812 2937
f 2812 2810 2937
f 2937 2810 2938
f 2810 2808 2938
f 2938 2808 2939
f 2808 2806 2939
f 2939 2806 2941
f 2806 2804 2941
f 2941 2804 2942
f 2804 2802 2942
f 2942 2802 2943
f 2802 2800 2943
f 2943 2800 2952
f 2800 2798 2952
f 2952 2798 2953
f 2798 2796 2953
f 2953 2796 2954
f 2796 2794 2954
f 2954 2794 2963
f 2794 2792 2963
f 2963 2792 2964
f 2792 2790 2964
f 2964 2790 2956
f 2790 2932 2956
f 2956 2932 2955
f 2932 2930 2955
f 2955 2930 2957
f 2930 2928 2957
f 2957 2928 2958
f 2928 2926 2958
f 2958 2926 2959
f 2926 2924 2959
f 2959 2924 2965
f 2924 2922 2965
f 2965 2922 2966
f 2922 2920 2966
f 2966 2920 2960
f 2920 2918 2960
f 2960 2918 2961
f 2918 2916 2961
f 2961 2916 2962
f 2916 2914 2962
f 2962 2914 2940
f 2914 2912 2940
f 2940 2912 2935
f 2912 2910 2935
f 2935 2910 2936
f 2910 2908 2936
f 2936 2908 2948
f 2908 2906 2948
f 2948 2906 2949
f 2906 2904 2949
f 2949 2904 2950
f 2904 2902 2950
f 2950 2902 2951
f 2902 2900 2951
f 2951 2900 2967
f 2900 2898 2967
f 2967 2898 2968
f 2898 2896 2968
f 2968 2896 2969
f 2896 2894 2969
f 2969 2894 2970
f 2894 2892 2970
f 2970 2892 2971
f 2892 2890 2971
f 2971 2890 2972
f 2890 2888 2972
f 2972 2888 2973
f 2888 2886 2973
f 2973 2886 2974
f 2886 2884 2974
f 2974 2884 2975
f 2884 2882 2975
f 2975 2882 2976
f 2882 2880 2976
f 2976 2880 2977
f 2880 2878 2977
f 2977 2878 2978
f 2878 2876 2978
f 2978 2876 2979
f 2876 2874 2979
f 2979 2874 2980
f 2874 2872 2980
f 2980 2872 2981
f 2872 2870 2981
f 2981 2870 2982
f 2870 2868 2982
f 2982 2868 2983
f 2868 2866 2983
f 2983 2866 2984
f 2866 2864 2984
f 2984 2864 2985
f 2864 2862 2985
f 2985 2862 2986
f 2862 2860 2986
f 3005 3006 3007
f 3006 3008 3007
f 3007 3008 3009
f 3010 3011 3007
f 3011 3012 3007
f 3007 3012 3005
f 3013 3014 3007
f 3014 3015 3007
f 3007 3015 3010
f 3016 3017 3007
f 3017 3018 3007
f 3007 3018 3013
f 3019 3020 3007
f 3020 3021 3007
f 3007 3021 3016
f 3022 3023 3007
f 3023 3024 3007
f 3007 3024 3019
f 3025 3026 3007
f 3026 3027 3007
f 3007 3027 3022
f 3028 3029 3007
f 3029 3030 3007
f 3007 3030 3025
f 3031 3032 3007
f 3032 3033 3007
f 3007 3033 3028
f 3034 3035 3007
f 3035 3036 3007
f 3007 3036 3031
f 3037 3038 3007
f 3038 3039 3007
f 3007 3039 3034
f 3040 3041 3007
f 3041 3042 3007
f 3007 3042 3037
f 3043 3044 3007
f 3044 3045 3007
f 3007 3045 3040
f 3046 3047 3007
f 3047 3048 3007
f 3007 3048 3043
f 3049 3050 3007
f 3050 3051 3007
f 3007 3051 3046
f 3052 3053 3007
f 3053 3054 3007
f 3007 3054 3049
f 3055 3056 3007
f 3056 3057 3007
f 3007 3057 3052
f 3058 3059 3007
f 3059 3060 3007
f 3007 3060 3055
f 3061 3062 3007
f 3062 3063 3007
f 3007 3063 3058
f 3064 3065 3007
f 3065 3066 3007
f 3007 3066 3061
f 3067 3068 3007
f 3068 3069 3007
f 3007 3069 3064
f 3070 3071 3007
f 3071 3072 3007
f 3007 3072 3067
f 3073 3074 3007
f 3074 3075 3007
f 3007 3075 3070
f 3009 3076 3007
f 3076 3077 3007
f 3007 3077 3073
f 2600 3008 2601
f 3008 3006 2601
f 2601 3006 2602
f 3006 3005 2602
f 2602 3005 2578
f 3005 3012 2578
f 2578 3012 2567
f 3012 3011 2567
f 2567 3011 2603
f 3011 3010 2603
f 2603 3010 2604
f 3010 3015 2604
f 2604 3015 2605
f 3015 3014 2605
f 2605 3014 2606
f 3014 3013 2606
f 2606 3013 2607
f 3013 3018 2607
f 2607 3018 2626
f 3018 3017 2626
f 2626 3017 2627
f 3017 3016 2627
f 2627 3016 2628
f 3016 3021 2628
f 2628 3021 2629
f 3021 3020 2629
f 2629 3020 2635
f 3020 3019 2635
f 2635 3019 2636
f 3019 3024 2636
f 2636 3024 2630
f 3024 3023 2630
f 2630 3023 2631
f 3023 3022 2631
f 2631 3022 2632
f 3022 3027 2632
f 2632 3027 2637
f 3027 3026 2637
f 2637 3026 2638
f 3026 3025 2638
f 2638 3025 2639
f 3025 3030 2639
f 2639 3030 2640
f 3030 3029 2640
f 2640 3029 2641
f 3029 3028 2641
f 2641 3028 2608
f 3028 3033 2608
f 2608 3033 2609
f 3033 3032 2609
f 2609 3032 2633
f 3032 3031 2633
f 2633 3031 2634
f 3031 3036 2634
f 2634 3036 2571
f 3036 3035 2571
f 2571 3035 2572
f 3035 3034 2572
f 2572 3034 2573
f 3034 3039 2573
f 2573 3039 2574
f 3039 3038 2574
f 2574 3038 2575
f 3038 3037 2575
f 2575 3037 2618
f 3037 3042 2618
f 2618 3042 2619
f 3042 3041 2619
f 2619 3041 2620
f 3041 3040 2620
f 2620 3040 2621
f 3040 3045 2621
f 2621 3045 2622
f 3045 3044 2622
f 2622 3044 2623
f 3044 3043 2623
f 2623 3043 2589
f 3043 3048 2589
f 2589 3048 2590
f 3048 3047 2590
f 2590 3047 2591
f 3047 3046 2591
f 2591 3046 2592
f 3046 3051 2592
f 2592 3051 2610
f 3051 3050 2610
f 2610 3050 2611
f 3050 3049 2611
f 2611 3049 2612
f 3049 3054 2612
f 2612 3054 2613
f 3054 3053 2613
f 2613 3053 2614
f 3053 3052 2614
f 2614 3052 2615
f 3052 3057 2615
f 2615 3057 2624
f 3057 3056 2624
f 2624 3056 2625
f 3056 3055 2625
f 2625 3055 2576
f 3055 3060 2576
f 2576 3060 2577
f 3060 3059 2577
f 2577 3059 2593
f 3059 3058 2593
f 2593 3058 2594
f 3058 3063 2594
f 2594 3063 2585
f 3063 3062 2585
f 2585 3062 2586
f 3062 3061 2586
f 2586 3061 2587
f 3061 3066 2587
f 2587 3066 2588
f 3066 3065 2588
f 2588 3065 2596
f 3065 3064 2596
f 2596 3064 2595
f 3064 3069 2595
f 2595 3069 2597
f 3069 3068 2597
f 2597 3068 2598
f 3068 3067 2598
f 2598 3067 2579
f 3067 3072 2579
f 2579 3072 2580
f 3072 3071 2580
f 2580 3071 2581
f 3071 3070 2581
f 2581 3070 2582
f 3070 3075 2582
f 2582 3075 2583
f 3075 3074 2583
f 2583 3074 2584
f 3074 3073 2584
f 2584 3073 2616
f 3073 3077 2616
f 2616 3077 2617
f 3077 3076 2617
f 2617 3076 2599
f 3076 3009 2599
f 2599 3009 2600
f 3009 3008 2600
f 297 295 3078
f 295 293 3078
f 3078 293 435
f 303 301 3078
f 301 299 3078
f 3078 299 297
f 309 307 3078
f 307 305 3078
f 3078 305 303
f 315 313 3078
f 313 311 3078
f 3078 311 309
f 321 319 3078
f 319 317 3078
f 3078 317 315
f 327 325 3078
f 325 323 3078
f 3078 323 321
f 333 331 3078
f 331 329 3078
f 3078 329 327
f 339 337 3078
f 337 335 3078
f 3078 335 333
f 345 343 3078
f 343 341 3078
f 3078 341 339
f 351 349 3078
f 349 347 3078
f 3078 347 345
f 357 355 3078
f 355 353 3078
f 3078 353 351
f 363 361 3078
f 361 359 3078
f 3078 359 357
f 369 367 3078
f 367 365 3078
f 3078 365 363
f 375 373 3078
f 373 371 3078
f 3078 371 369
f 381 379 3078
f 379 377 3078
f 3078 377 375
f 387 385 3078
f 385 383 3078
f 3078 383 381
f 393 391 3078
f 391 389 3078
f 3078 389 387
f 399 397 3078
f 397 395 3078
f 3078 395 393
f 405 403 3078
f 403 401 3078
f 3078 401 399
f 411 409 3078
f 409 407 3078
f 3078 407 405
f 417 415 3078
f 415 413 3078
f 3078 413 411
f 423 421 3078
f 421 419 3078
f 3078 419 417
f 429 427 3078
f 427 425 3078
f 3078 425 423
f 435 433 3078
f 433 431 3078
f 3078 431 429

