# https://github.com/mikedh/trimesh
v -0.30974254 0.03755728 -0.02000000
v -0.30971065 0.03731510 -0.02000000
v -0.31250000 0.03707107 -0.02000000
v -0.30970001 0.03707107 -0.02000000
v -0.30971065 0.03682703 -0.02000000
v -0.30996233 0.03825440 -0.02000000
v -0.30986887 0.03802872 -0.02000000
v -0.30979541 0.03779576 -0.02000000
v -0.31035507 0.03887087 -0.02000000
v -0.31020638 0.03867708 -0.02000000
v -0.31007513 0.03847107 -0.02000000
v -0.31089398 0.03936469 -0.02000000
v -0.31070021 0.03921599 -0.02000000
v -0.31052011 0.03905097 -0.02000000
v -0.31154233 0.03970221 -0.02000000
v -0.31131667 0.03960873 -0.02000000
v -0.31110001 0.03949594 -0.02000000
v -0.31225598 0.03986041 -0.02000000
v -0.31201378 0.03982853 -0.02000000
v -0.31177530 0.03977566 -0.02000000
v -0.31298622 0.03982853 -0.02000000
v -0.31274402 0.03986041 -0.02000000
v -0.31250000 0.03987107 -0.02000000
v -0.31368333 0.03960873 -0.02000000
v -0.31345767 0.03970221 -0.02000000
v -0.31322470 0.03977566 -0.02000000
v -0.31429979 0.03921599 -0.02000000
v -0.31410602 0.03936469 -0.02000000
v -0.31389999 0.03949594 -0.02000000
v -0.31479362 0.03867708 -0.02000000
v -0.31464493 0.03887087 -0.02000000
v -0.31447989 0.03905097 -0.02000000
v -0.31513113 0.03802872 -0.02000000
v -0.31503767 0.03825440 -0.02000000
v -0.31492487 0.03847107 -0.02000000
v -0.31528935 0.03731510 -0.02000000
v -0.31525746 0.03755728 -0.02000000
v -0.31520459 0.03779576 -0.02000000
v -0.31525746 0.03658485 -0.02000000
v -0.31528935 0.03682703 -0.02000000
v -0.31529999 0.03707107 -0.02000000
v -0.31503767 0.03588774 -0.02000000
v -0.31513113 0.03611341 -0.02000000
v -0.31520459 0.03634638 -0.02000000
v -0.31464493 0.03527126 -0.02000000
v -0.31479362 0.03546505 -0.02000000
v -0.31492487 0.03567107 -0.02000000
v -0.31410602 0.03477744 -0.02000000
v -0.31429979 0.03492614 -0.02000000
v -0.31447989 0.03509117 -0.02000000
v -0.31345767 0.03443993 -0.02000000
v -0.31368333 0.03453341 -0.02000000
v -0.31389999 0.03464620 -0.02000000
v -0.31274402 0.03428172 -0.02000000
v -0.31298622 0.03431361 -0.02000000
v -0.31322470 0.03436648 -0.02000000
v -0.31201378 0.03431361 -0.02000000
v -0.31225598 0.03428172 -0.02000000
v -0.31250000 0.03427107 -0.02000000
v -0.31131667 0.03453341 -0.02000000
v -0.31154233 0.03443993 -0.02000000
v -0.31177530 0.03436648 -0.02000000
v -0.31070021 0.03492614 -0.02000000
v -0.31089398 0.03477744 -0.02000000
v -0.31110001 0.03464620 -0.02000000
v -0.31020638 0.03546505 -0.02000000
v -0.31035507 0.03527126 -0.02000000
v -0.31052011 0.03509117 -0.02000000
v -0.30986887 0.03611341 -0.02000000
v -0.30996233 0.03588774 -0.02000000
v -0.31007513 0.03567107 -0.02000000
v -0.30974254 0.03658485 -0.02000000
v -0.30979541 0.03634638 -0.02000000
v -0.31250000 0.03987107 -0.03000000
v -0.31274402 0.03986041 -0.03000000
v -0.31298622 0.03982853 -0.03000000
v -0.31322470 0.03977566 -0.03000000
v -0.31345767 0.03970221 -0.03000000
v -0.31368333 0.03960873 -0.03000000
v -0.31389999 0.03949594 -0.03000000
v -0.31410602 0.03936469 -0.03000000
v -0.31429979 0.03921599 -0.03000000
v -0.31447989 0.03905097 -0.03000000
v -0.31464493 0.03887087 -0.03000000
v -0.31479362 0.03867708 -0.03000000
v -0.31492487 0.03847107 -0.03000000
v -0.31503767 0.03825440 -0.03000000
v -0.31513113 0.03802872 -0.03000000
v -0.31520459 0.03779576 -0.03000000
v -0.31525746 0.03755728 -0.03000000
v -0.31528935 0.03731510 -0.03000000
v -0.31529999 0.03707107 -0.03000000
v -0.31528935 0.03682703 -0.03000000
v -0.31525746 0.03658485 -0.03000000
v -0.31520459 0.03634638 -0.03000000
v -0.31513113 0.03611341 -0.03000000
v -0.31503767 0.03588774 -0.03000000
v -0.31492487 0.03567107 -0.03000000
v -0.31479362 0.03546505 -0.03000000
v -0.31464493 0.03527126 -0.03000000
v -0.31447989 0.03509117 -0.03000000
v -0.31429979 0.03492614 -0.03000000
v -0.31410602 0.03477744 -0.03000000
v -0.31389999 0.03464620 -0.03000000
v -0.31368333 0.03453341 -0.03000000
v -0.31345767 0.03443993 -0.03000000
v -0.31322470 0.03436648 -0.03000000
v -0.31298622 0.03431361 -0.03000000
v -0.31274402 0.03428172 -0.03000000
v -0.31250000 0.03427107 -0.03000000
v -0.31225598 0.03428172 -0.03000000
v -0.31201378 0.03431361 -0.03000000
v -0.31177530 0.03436648 -0.03000000
v -0.31154233 0.03443993 -0.03000000
v -0.31131667 0.03453341 -0.03000000
v -0.31110001 0.03464620 -0.03000000
v -0.31089398 0.03477744 -0.03000000
v -0.31070021 0.03492614 -0.03000000
v -0.31052011 0.03509117 -0.03000000
v -0.31035507 0.03527126 -0.03000000
v -0.31020638 0.03546505 -0.03000000
v -0.31007513 0.03567107 -0.03000000
v -0.30996233 0.03588774 -0.03000000
v -0.30986887 0.03611341 -0.03000000
v -0.30979541 0.03634638 -0.03000000
v -0.30974254 0.03658485 -0.03000000
v -0.30971065 0.03682703 -0.03000000
v -0.30970001 0.03707107 -0.03000000
v -0.30971065 0.03731510 -0.03000000
v -0.30974254 0.03755728 -0.03000000
v -0.30979541 0.03779576 -0.03000000
v -0.30986887 0.03802872 -0.03000000
v -0.30996233 0.03825440 -0.03000000
v -0.31007513 0.03847107 -0.03000000
v -0.31020638 0.03867708 -0.03000000
v -0.31035507 0.03887087 -0.03000000
v -0.31052011 0.03905097 -0.03000000
v -0.31070021 0.03921599 -0.03000000
v -0.31089398 0.03936469 -0.03000000
v -0.31110001 0.03949594 -0.03000000
v -0.31131667 0.03960873 -0.03000000
v -0.31154233 0.03970221 -0.03000000
v -0.31177530 0.03977566 -0.03000000
v -0.31201378 0.03982853 -0.03000000
v -0.31225598 0.03986041 -0.03000000
v -0.30810460 0.03468767 -0.02990517
v -0.30791628 0.03507368 -0.03000000
v -0.30791628 0.03507368 -0.02993343
v -0.30776179 0.03547443 -0.03000000
v -0.30776179 0.03547443 -0.02995748
v -0.30764222 0.03588696 -0.03000000
v -0.30764222 0.03588696 -0.02997662
v -0.30755854 0.03630823 -0.03000000
v -0.30755854 0.03630823 -0.02999030
v -0.30751130 0.03673513 -0.03000000
v -0.30751130 0.03673513 -0.02999812
v -0.30750000 0.03707026 -0.03000000
v -0.30823949 0.03445420 -0.02988565
v -0.30832538 0.03431925 -0.03000000
v -0.30810460 0.03468767 -0.03000000
v -0.30832538 0.03431925 -0.02987353
v -0.30857694 0.03397113 -0.02983941
v -0.30857694 0.03397113 -0.03000000
v -0.30885744 0.03364589 -0.02980383
v -0.30885744 0.03364589 -0.03000000
v -0.30916485 0.03334592 -0.02976782
v -0.30916485 0.03334592 -0.03000000
v -0.30949685 0.03307343 -0.02973246
v -0.30949685 0.03307343 -0.03000000
v -0.30985102 0.03283045 -0.02969877
v -0.30985102 0.03283045 -0.03000000
v -0.31022471 0.03261875 -0.02966778
v -0.31022471 0.03261875 -0.03000000
v -0.31061521 0.03243991 -0.02964039
v -0.31061521 0.03243991 -0.03000000
v -0.31101963 0.03229525 -0.02961742
v -0.31101963 0.03229525 -0.03000000
v -0.31143495 0.03218582 -0.02959957
v -0.31143495 0.03218582 -0.03000000
v -0.31185815 0.03211244 -0.02958736
v -0.31185815 0.03211244 -0.03000000
v -0.31228605 0.03207565 -0.02958117
v -0.31228605 0.03207565 -0.03000000
v -0.31271556 0.03207572 -0.02958118
v -0.31271556 0.03207572 -0.03000000
v -0.31314346 0.03211265 -0.02958740
v -0.31314346 0.03211265 -0.03000000
v -0.31356663 0.03218616 -0.02959962
v -0.31356663 0.03218616 -0.03000000
v -0.31398192 0.03229573 -0.02961750
v -0.31398192 0.03229573 -0.03000000
v -0.31438628 0.03244052 -0.02964048
v -0.31438628 0.03244052 -0.03000000
v -0.31477672 0.03261949 -0.02966789
v -0.31477672 0.03261949 -0.03000000
v -0.31515035 0.03283130 -0.02969890
v -0.31515035 0.03283130 -0.03000000
v -0.31550443 0.03307441 -0.02973259
v -0.31550443 0.03307441 -0.03000000
v -0.31583637 0.03334700 -0.02976796
v -0.31583637 0.03334700 -0.03000000
v -0.31614366 0.03364706 -0.02980396
v -0.31614366 0.03364706 -0.03000000
v -0.31642407 0.03397240 -0.02983954
v -0.31642407 0.03397240 -0.03000000
v -0.31667551 0.03432060 -0.02987365
v -0.31667551 0.03432060 -0.03000000
v -0.31676051 0.03445421 -0.02988565
v -0.31689617 0.03468909 -0.03000000
v -0.31750000 0.03707188 -0.03000000
v -0.31748882 0.03673674 -0.03000000
v -0.31748882 0.03673674 -0.02999814
v -0.31744170 0.03630983 -0.03000000
v -0.31744170 0.03630983 -0.02999034
v -0.31735814 0.03588853 -0.03000000
v -0.31735814 0.03588853 -0.02997668
v -0.31723875 0.03547597 -0.03000000
v -0.31723875 0.03547597 -0.02995756
v -0.31708437 0.03507517 -0.03000000
v -0.31708437 0.03507517 -0.02993353
v -0.31689617 0.03468909 -0.02990529
v -0.31689540 0.03945446 -0.02990517
v -0.31708372 0.03906845 -0.03000000
v -0.31708372 0.03906845 -0.02993343
v -0.31723821 0.03866770 -0.03000000
v -0.31723821 0.03866770 -0.02995748
v -0.31735778 0.03825517 -0.03000000
v -0.31735778 0.03825517 -0.02997662
v -0.31744146 0.03783391 -0.03000000
v -0.31744146 0.03783391 -0.02999030
v -0.31748870 0.03740701 -0.03000000
v -0.31748870 0.03740701 -0.02999812
v -0.31676051 0.03968793 -0.02988565
v -0.31667462 0.03982288 -0.03000000
v -0.31689540 0.03945446 -0.03000000
v -0.31667462 0.03982288 -0.02987353
v -0.31642306 0.04017100 -0.02983941
v -0.31642306 0.04017100 -0.03000000
v -0.31614256 0.04049625 -0.02980383
v -0.31614256 0.04049625 -0.03000000
v -0.31583515 0.04079622 -0.02976782
v -0.31583515 0.04079622 -0.03000000
v -0.31550315 0.04106870 -0.02973246
v -0.31550315 0.04106870 -0.03000000
v -0.31514898 0.04131168 -0.02969877
v -0.31514898 0.04131168 -0.03000000
v -0.31477529 0.04152338 -0.02966778
v -0.31477529 0.04152338 -0.03000000
v -0.31438479 0.04170222 -0.02964039
v -0.31438479 0.04170222 -0.03000000
v -0.31398037 0.04184689 -0.02961742
v -0.31398037 0.04184689 -0.03000000
v -0.31356505 0.04195632 -0.02959957
v -0.31356505 0.04195632 -0.03000000
v -0.31314185 0.04202970 -0.02958736
v -0.31314185 0.04202970 -0.03000000
v -0.31271395 0.04206649 -0.02958117
v -0.31271395 0.04206649 -0.03000000
v -0.31228444 0.04206642 -0.02958118
v -0.31228444 0.04206642 -0.03000000
v -0.31185654 0.04202949 -0.02958740
v -0.31185654 0.04202949 -0.03000000
v -0.31143337 0.04195597 -0.02959962
v -0.31143337 0.04195597 -0.03000000
v -0.31101808 0.04184641 -0.02961750
v -0.31101808 0.04184641 -0.03000000
v -0.31061372 0.04170161 -0.02964048
v -0.31061372 0.04170161 -0.03000000
v -0.31022328 0.04152264 -0.02966789
v -0.31022328 0.04152264 -0.03000000
v -0.30984965 0.04131083 -0.02969890
v -0.30984965 0.04131083 -0.03000000
v -0.30949557 0.04106773 -0.02973259
v -0.30949557 0.04106773 -0.03000000
v -0.30916363 0.04079514 -0.02976796
v -0.30916363 0.04079514 -0.03000000
v -0.30885634 0.04049507 -0.02980396
v -0.30885634 0.04049507 -0.03000000
v -0.30857593 0.04016973 -0.02983954
v -0.30857593 0.04016973 -0.03000000
v -0.30832449 0.03982154 -0.02987365
v -0.30832449 0.03982154 -0.03000000
v -0.30823949 0.03968792 -0.02988565
v -0.30810383 0.03945304 -0.03000000
v -0.30751118 0.03740540 -0.03000000
v -0.30751118 0.03740540 -0.02999814
v -0.30755830 0.03783231 -0.03000000
v -0.30755830 0.03783231 -0.02999034
v -0.30764186 0.03825360 -0.03000000
v -0.30764186 0.03825360 -0.02997668
v -0.30776125 0.03866617 -0.03000000
v -0.30776125 0.03866617 -0.02995756
v -0.30791563 0.03906697 -0.03000000
v -0.30791563 0.03906697 -0.02993353
v -0.30810383 0.03945304 -0.02990529
v -0.30974254 0.03658485 0.02000000
v -0.30971065 0.03682703 0.02000000
v -0.31250000 0.03707107 0.02000000
v -0.30970001 0.03707107 0.02000000
v -0.30971065 0.03731510 0.02000000
v -0.30996233 0.03588774 0.02000000
v -0.30986887 0.03611341 0.02000000
v -0.30979541 0.03634638 0.02000000
v -0.31035507 0.03527126 0.02000000
v -0.31020638 0.03546505 0.02000000
v -0.31007513 0.03567107 0.02000000
v -0.31089398 0.03477744 0.02000000
v -0.31070021 0.03492614 0.02000000
v -0.31052011 0.03509117 0.02000000
v -0.31154233 0.03443993 0.02000000
v -0.31131667 0.03453341 0.02000000
v -0.31110001 0.03464620 0.02000000
v -0.31225598 0.03428172 0.02000000
v -0.31201378 0.03431361 0.02000000
v -0.31177530 0.03436648 0.02000000
v -0.31298622 0.03431361 0.02000000
v -0.31274402 0.03428172 0.02000000
v -0.31250000 0.03427107 0.02000000
v -0.31368333 0.03453341 0.02000000
v -0.31345767 0.03443993 0.02000000
v -0.31322470 0.03436648 0.02000000
v -0.31429979 0.03492614 0.02000000
v -0.31410602 0.03477744 0.02000000
v -0.31389999 0.03464620 0.02000000
v -0.31479362 0.03546505 0.02000000
v -0.31464493 0.03527126 0.02000000
v -0.31447989 0.03509117 0.02000000
v -0.31513113 0.03611341 0.02000000
v -0.31503767 0.03588774 0.02000000
v -0.31492487 0.03567107 0.02000000
v -0.31528935 0.03682703 0.02000000
v -0.31525746 0.03658485 0.02000000
v -0.31520459 0.03634638 0.02000000
v -0.31525746 0.03755728 0.02000000
v -0.31528935 0.03731510 0.02000000
v -0.31529999 0.03707107 0.02000000
v -0.31503767 0.03825440 0.02000000
v -0.31513113 0.03802872 0.02000000
v -0.31520459 0.03779576 0.02000000
v -0.31464493 0.03887087 0.02000000
v -0.31479362 0.03867708 0.02000000
v -0.31492487 0.03847107 0.02000000
v -0.31410602 0.03936469 0.02000000
v -0.31429979 0.03921599 0.02000000
v -0.31447989 0.03905097 0.02000000
v -0.31345767 0.03970221 0.02000000
v -0.31368333 0.03960873 0.02000000
v -0.31389999 0.03949594 0.02000000
v -0.31274402 0.03986041 0.02000000
v -0.31298622 0.03982853 0.02000000
v -0.31322470 0.03977566 0.02000000
v -0.31201378 0.03982853 0.02000000
v -0.31225598 0.03986041 0.02000000
v -0.31250000 0.03987107 0.02000000
v -0.31131667 0.03960873 0.02000000
v -0.31154233 0.03970221 0.02000000
v -0.31177530 0.03977566 0.02000000
v -0.31070021 0.03921599 0.02000000
v -0.31089398 0.03936469 0.02000000
v -0.31110001 0.03949594 0.02000000
v -0.31020638 0.03867708 0.02000000
v -0.31035507 0.03887087 0.02000000
v -0.31052011 0.03905097 0.02000000
v -0.30986887 0.03802872 0.02000000
v -0.30996233 0.03825440 0.02000000
v -0.31007513 0.03847107 0.02000000
v -0.30974254 0.03755728 0.02000000
v -0.30979541 0.03779576 0.02000000
v -0.31250000 0.03987107 0.03000000
v -0.31274402 0.03986041 0.03000000
v -0.31298622 0.03982853 0.03000000
v -0.31322470 0.03977566 0.03000000
v -0.31345767 0.03970221 0.03000000
v -0.31368333 0.03960873 0.03000000
v -0.31389999 0.03949594 0.03000000
v -0.31410602 0.03936469 0.03000000
v -0.31429979 0.03921599 0.03000000
v -0.31447989 0.03905097 0.03000000
v -0.31464493 0.03887087 0.03000000
v -0.31479362 0.03867708 0.03000000
v -0.31492487 0.03847107 0.03000000
v -0.31503767 0.03825440 0.03000000
v -0.31513113 0.03802872 0.03000000
v -0.31520459 0.03779576 0.03000000
v -0.31525746 0.03755728 0.03000000
v -0.31528935 0.03731510 0.03000000
v -0.31529999 0.03707107 0.03000000
v -0.31528935 0.03682703 0.03000000
v -0.31525746 0.03658485 0.03000000
v -0.31520459 0.03634638 0.03000000
v -0.31513113 0.03611341 0.03000000
v -0.31503767 0.03588774 0.03000000
v -0.31492487 0.03567107 0.03000000
v -0.31479362 0.03546505 0.03000000
v -0.31464493 0.03527126 0.03000000
v -0.31447989 0.03509117 0.03000000
v -0.31429979 0.03492614 0.03000000
v -0.31410602 0.03477744 0.03000000
v -0.31389999 0.03464620 0.03000000
v -0.31368333 0.03453341 0.03000000
v -0.31345767 0.03443993 0.03000000
v -0.31322470 0.03436648 0.03000000
v -0.31298622 0.03431361 0.03000000
v -0.31274402 0.03428172 0.03000000
v -0.31250000 0.03427107 0.03000000
v -0.31225598 0.03428172 0.03000000
v -0.31201378 0.03431361 0.03000000
v -0.31177530 0.03436648 0.03000000
v -0.31154233 0.03443993 0.03000000
v -0.31131667 0.03453341 0.03000000
v -0.31110001 0.03464620 0.03000000
v -0.31089398 0.03477744 0.03000000
v -0.31070021 0.03492614 0.03000000
v -0.31052011 0.03509117 0.03000000
v -0.31035507 0.03527126 0.03000000
v -0.31020638 0.03546505 0.03000000
v -0.31007513 0.03567107 0.03000000
v -0.30996233 0.03588774 0.03000000
v -0.30986887 0.03611341 0.03000000
v -0.30979541 0.03634638 0.03000000
v -0.30974254 0.03658485 0.03000000
v -0.30971065 0.03682703 0.03000000
v -0.30970001 0.03707107 0.03000000
v -0.30971065 0.03731510 0.03000000
v -0.30974254 0.03755728 0.03000000
v -0.30979541 0.03779576 0.03000000
v -0.30986887 0.03802872 0.03000000
v -0.30996233 0.03825440 0.03000000
v -0.31007513 0.03847107 0.03000000
v -0.31020638 0.03867708 0.03000000
v -0.31035507 0.03887087 0.03000000
v -0.31052011 0.03905097 0.03000000
v -0.31070021 0.03921599 0.03000000
v -0.31089398 0.03936469 0.03000000
v -0.31110001 0.03949594 0.03000000
v -0.31131667 0.03960873 0.03000000
v -0.31154233 0.03970221 0.03000000
v -0.31177530 0.03977566 0.03000000
v -0.31201378 0.03982853 0.03000000
v -0.31225598 0.03986041 0.03000000
v -0.30810460 0.03945446 0.02990517
v -0.30791628 0.03906845 0.03000000
v -0.30791628 0.03906845 0.02993343
v -0.30776179 0.03866770 0.03000000
v -0.30776179 0.03866770 0.02995748
v -0.30764222 0.03825517 0.03000000
v -0.30764222 0.03825517 0.02997662
v -0.30755854 0.03783391 0.03000000
v -0.30755854 0.03783391 0.02999030
v -0.30751130 0.03740701 0.03000000
v -0.30751130 0.03740701 0.02999812
v -0.30750000 0.03707188 0.03000000
v -0.30823949 0.03968793 0.02988565
v -0.30832538 0.03982288 0.03000000
v -0.30810460 0.03945446 0.03000000
v -0.30832538 0.03982288 0.02987353
v -0.30857694 0.04017100 0.02983941
v -0.30857694 0.04017100 0.03000000
v -0.30885744 0.04049625 0.02980383
v -0.30885744 0.04049625 0.03000000
v -0.30916485 0.04079622 0.02976782
v -0.30916485 0.04079622 0.03000000
v -0.30949685 0.04106870 0.02973246
v -0.30949685 0.04106870 0.03000000
v -0.30985102 0.04131168 0.02969877
v -0.30985102 0.04131168 0.03000000
v -0.31022471 0.04152338 0.02966778
v -0.31022471 0.04152338 0.03000000
v -0.31061521 0.04170222 0.02964039
v -0.31061521 0.04170222 0.03000000
v -0.31101963 0.04184689 0.02961742
v -0.31101963 0.04184689 0.03000000
v -0.31143495 0.04195632 0.02959957
v -0.31143495 0.04195632 0.03000000
v -0.31185815 0.04202970 0.02958736
v -0.31185815 0.04202970 0.03000000
v -0.31228605 0.04206649 0.02958117
v -0.31228605 0.04206649 0.03000000
v -0.31271556 0.04206642 0.02958118
v -0.31271556 0.04206642 0.03000000
v -0.31314346 0.04202949 0.02958740
v -0.31314346 0.04202949 0.03000000
v -0.31356663 0.04195597 0.02959962
v -0.31356663 0.04195597 0.03000000
v -0.31398192 0.04184641 0.02961750
v -0.31398192 0.04184641 0.03000000
v -0.31438628 0.04170161 0.02964048
v -0.31438628 0.04170161 0.03000000
v -0.31477672 0.04152264 0.02966789
v -0.31477672 0.04152264 0.03000000
v -0.31515035 0.04131083 0.02969890
v -0.31515035 0.04131083 0.03000000
v -0.31550443 0.04106773 0.02973259
v -0.31550443 0.04106773 0.03000000
v -0.31583637 0.04079514 0.02976796
v -0.31583637 0.04079514 0.03000000
v -0.31614366 0.04049507 0.02980396
v -0.31614366 0.04049507 0.03000000
v -0.31642407 0.04016973 0.02983954
v -0.31642407 0.04016973 0.03000000
v -0.31667551 0.03982154 0.02987365
v -0.31667551 0.03982154 0.03000000
v -0.31676051 0.03968792 0.02988565
v -0.31689617 0.03945304 0.03000000
v -0.31750000 0.03707026 0.03000000
v -0.31748882 0.03740540 0.03000000
v -0.31748882 0.03740540 0.02999814
v -0.31744170 0.03783231 0.03000000
v -0.31744170 0.03783231 0.02999034
v -0.31735814 0.03825360 0.03000000
v -0.31735814 0.03825360 0.02997668
v -0.31723875 0.03866617 0.03000000
v -0.31723875 0.03866617 0.02995756
v -0.31708437 0.03906697 0.03000000
v -0.31708437 0.03906697 0.02993353
v -0.31689617 0.03945304 0.02990529
v -0.31689540 0.03468767 0.02990517
v -0.31708372 0.03507368 0.03000000
v -0.31708372 0.03507368 0.02993343
v -0.31723821 0.03547443 0.03000000
v -0.31723821 0.03547443 0.02995748
v -0.31735778 0.03588696 0.03000000
v -0.31735778 0.03588696 0.02997662
v -0.31744146 0.03630823 0.03000000
v -0.31744146 0.03630823 0.02999030
v -0.31748870 0.03673513 0.03000000
v -0.31748870 0.03673513 0.02999812
v -0.31676051 0.03445420 0.02988565
v -0.31667462 0.03431925 0.03000000
v -0.31689540 0.03468767 0.03000000
v -0.31667462 0.03431925 0.02987353
v -0.31642306 0.03397113 0.02983941
v -0.31642306 0.03397113 0.03000000
v -0.31614256 0.03364589 0.02980383
v -0.31614256 0.03364589 0.03000000
v -0.31583515 0.03334592 0.02976782
v -0.31583515 0.03334592 0.03000000
v -0.31550315 0.03307343 0.02973246
v -0.31550315 0.03307343 0.03000000
v -0.31514898 0.03283045 0.02969877
v -0.31514898 0.03283045 0.03000000
v -0.31477529 0.03261875 0.02966778
v -0.31477529 0.03261875 0.03000000
v -0.31438479 0.03243991 0.02964039
v -0.31438479 0.03243991 0.03000000
v -0.31398037 0.03229525 0.02961742
v -0.31398037 0.03229525 0.03000000
v -0.31356505 0.03218582 0.02959957
v -0.31356505 0.03218582 0.03000000
v -0.31314185 0.03211244 0.02958736
v -0.31314185 0.03211244 0.03000000
v -0.31271395 0.03207565 0.02958117
v -0.31271395 0.03207565 0.03000000
v -0.31228444 0.03207572 0.02958118
v -0.31228444 0.03207572 0.03000000
v -0.31185654 0.03211265 0.02958740
v -0.31185654 0.03211265 0.03000000
v -0.31143337 0.03218616 0.02959962
v -0.31143337 0.03218616 0.03000000
v -0.31101808 0.03229573 0.02961750
v -0.31101808 0.03229573 0.03000000
v -0.31061372 0.03244052 0.02964048
v -0.31061372 0.03244052 0.03000000
v -0.31022328 0.03261949 0.02966789
v -0.31022328 0.03261949 0.03000000
v -0.30984965 0.03283130 0.02969890
v -0.30984965 0.03283130 0.03000000
v -0.30949557 0.03307441 0.02973259
v -0.30949557 0.03307441 0.03000000
v -0.30916363 0.03334700 0.02976796
v -0.30916363 0.03334700 0.03000000
v -0.30885634 0.03364706 0.02980396
v -0.30885634 0.03364706 0.03000000
v -0.30857593 0.03397240 0.02983954
v -0.30857593 0.03397240 0.03000000
v -0.30832449 0.03432060 0.02987365
v -0.30832449 0.03432060 0.03000000
v -0.30823949 0.03445421 0.02988565
v -0.30810383 0.03468909 0.03000000
v -0.30751118 0.03673674 0.03000000
v -0.30751118 0.03673674 0.02999814
v -0.30755830 0.03630983 0.03000000
v -0.30755830 0.03630983 0.02999034
v -0.30764186 0.03588853 0.03000000
v -0.30764186 0.03588853 0.02997668
v -0.30776125 0.03547597 0.03000000
v -0.30776125 0.03547597 0.02995756
v -0.30791563 0.03507517 0.03000000
v -0.30791563 0.03507517 0.02993353
v -0.30810383 0.03468909 0.02990529
v -0.30974254 0.02327274 -0.01448594
v -0.30971065 0.02310149 -0.01431470
v -0.31250000 0.02292893 -0.01414214
v -0.30970001 0.02292893 -0.01414214
v -0.30971065 0.02275637 -0.01396958
v -0.30996233 0.02376567 -0.01497888
v -0.30986887 0.02360610 -0.01481930
v -0.30979541 0.02344137 -0.01465457
v -0.31035507 0.02420159 -0.01541479
v -0.31020638 0.02406456 -0.01527776
v -0.31007513 0.02391888 -0.01513209
v -0.31089398 0.02455077 -0.01576397
v -0.31070021 0.02444562 -0.01565883
v -0.31052011 0.02432893 -0.01554214
v -0.31154233 0.02478943 -0.01600263
v -0.31131667 0.02472333 -0.01593653
v -0.31110001 0.02464358 -0.01585678
v -0.31225598 0.02490130 -0.01611450
v -0.31201378 0.02487875 -0.01609196
v -0.31177530 0.02484137 -0.01605457
v -0.31298622 0.02487875 -0.01609196
v -0.31274402 0.02490130 -0.01611450
v -0.31250000 0.02490883 -0.01612203
v -0.31368333 0.02472333 -0.01593653
v -0.31345767 0.02478943 -0.01600263
v -0.31322470 0.02484137 -0.01605457
v -0.31429979 0.02444562 -0.01565883
v -0.31410602 0.02455077 -0.01576397
v -0.31389999 0.02464358 -0.01585678
v -0.31479362 0.02406456 -0.01527776
v -0.31464493 0.02420159 -0.01541479
v -0.31447989 0.02432893 -0.01554214
v -0.31513113 0.02360610 -0.01481930
v -0.31503767 0.02376567 -0.01497888
v -0.31492487 0.02391888 -0.01513209
v -0.31528935 0.02310149 -0.01431470
v -0.31525746 0.02327274 -0.01448594
v -0.31520459 0.02344137 -0.01465457
v -0.31525746 0.02258513 -0.01379833
v -0.31528935 0.02275637 -0.01396958
v -0.31529999 0.02292893 -0.01414214
v -0.31503767 0.02209219 -0.01330539
v -0.31513113 0.02225177 -0.01346497
v -0.31520459 0.02241650 -0.01362970
v -0.31464493 0.02165628 -0.01286948
v -0.31479362 0.02179331 -0.01300651
v -0.31492487 0.02193898 -0.01315219
v -0.31410602 0.02130709 -0.01252030
v -0.31429979 0.02141224 -0.01262544
v -0.31447989 0.02152893 -0.01274214
v -0.31345767 0.02106844 -0.01228164
v -0.31368333 0.02113453 -0.01234774
v -0.31389999 0.02121429 -0.01242749
v -0.31274402 0.02095657 -0.01216977
v -0.31298622 0.02097911 -0.01219232
v -0.31322470 0.02101650 -0.01222970
v -0.31201378 0.02097911 -0.01219232
v -0.31225598 0.02095657 -0.01216977
v -0.31250000 0.02094903 -0.01216224
v -0.31131667 0.02113453 -0.01234774
v -0.31154233 0.02106844 -0.01228164
v -0.31177530 0.02101650 -0.01222970
v -0.31070021 0.02141224 -0.01262544
v -0.31089398 0.02130709 -0.01252030
v -0.31110001 0.02121429 -0.01242749
v -0.31020638 0.02179331 -0.01300651
v -0.31035507 0.02165628 -0.01286948
v -0.31052011 0.02152893 -0.01274214
v -0.30986887 0.02225177 -0.01346497
v -0.30996233 0.02209219 -0.01330539
v -0.31007513 0.02193898 -0.01315219
v -0.30974254 0.02258513 -0.01379833
v -0.30979541 0.02241650 -0.01362970
v -0.30974254 0.05155701 -0.01379833
v -0.30971065 0.05138576 -0.01396958
v -0.31250000 0.05121320 -0.01414214
v -0.30970001 0.05121320 -0.01414214
v -0.30971065 0.05104065 -0.01431470
v -0.30996233 0.05204995 -0.01330539
v -0.30986887 0.05189037 -0.01346497
v -0.30979541 0.05172564 -0.01362970
v -0.31035507 0.05248586 -0.01286948
v -0.31020638 0.05234883 -0.01300651
v -0.31007513 0.05220315 -0.01315219
v -0.31089398 0.05283504 -0.01252030
v -0.31070021 0.05272989 -0.01262544
v -0.31052011 0.05261320 -0.01274214
v -0.31154233 0.05307370 -0.01228164
v -0.31131667 0.05300760 -0.01234774
v -0.31110001 0.05292785 -0.01242749
v -0.31225598 0.05318557 -0.01216977
v -0.31201378 0.05316302 -0.01219232
v -0.31177530 0.05312564 -0.01222970
v -0.31298622 0.05316302 -0.01219232
v -0.31274402 0.05318557 -0.01216977
v -0.31250000 0.05319310 -0.01216224
v -0.31368333 0.05300760 -0.01234774
v -0.31345767 0.05307370 -0.01228164
v -0.31322470 0.05312564 -0.01222970
v -0.31429979 0.05272989 -0.01262544
v -0.31410602 0.05283504 -0.01252030
v -0.31389999 0.05292785 -0.01242749
v -0.31479362 0.05234883 -0.01300651
v -0.31464493 0.05248586 -0.01286948
v -0.31447989 0.05261320 -0.01274214
v -0.31513113 0.05189037 -0.01346497
v -0.31503767 0.05204995 -0.01330539
v -0.31492487 0.05220315 -0.01315219
v -0.31528935 0.05138576 -0.01396958
v -0.31525746 0.05155701 -0.01379833
v -0.31520459 0.05172564 -0.01362970
v -0.31525746 0.05086940 -0.01448594
v -0.31528935 0.05104065 -0.01431470
v -0.31529999 0.05121320 -0.01414214
v -0.31503767 0.05037646 -0.01497888
v -0.31513113 0.05053604 -0.01481930
v -0.31520459 0.05070077 -0.01465457
v -0.31464493 0.04994055 -0.01541479
v -0.31479362 0.05007758 -0.01527776
v -0.31492487 0.05022325 -0.01513209
v -0.31410602 0.04959137 -0.01576397
v -0.31429979 0.04969651 -0.01565883
v -0.31447989 0.04981320 -0.01554214
v -0.31345767 0.04935271 -0.01600263
v -0.31368333 0.04941881 -0.01593653
v -0.31389999 0.04949856 -0.01585678
v -0.31274402 0.04924084 -0.01611450
v -0.31298622 0.04926338 -0.01609196
v -0.31322470 0.04930077 -0.01605457
v -0.31201378 0.04926338 -0.01609196
v -0.31225598 0.04924084 -0.01611450
v -0.31250000 0.04923331 -0.01612203
v -0.31131667 0.04941881 -0.01593653
v -0.31154233 0.04935271 -0.01600263
v -0.31177530 0.04930077 -0.01605457
v -0.31070021 0.04969651 -0.01565883
v -0.31089398 0.04959137 -0.01576397
v -0.31110001 0.04949856 -0.01585678
v -0.31020638 0.05007758 -0.01527776
v -0.31035507 0.04994055 -0.01541479
v -0.31052011 0.04981320 -0.01554214
v -0.30986887 0.05053604 -0.01481930
v -0.30996233 0.05037646 -0.01497888
v -0.31007513 0.05022325 -0.01513209
v -0.30974254 0.05086940 -0.01448594
v -0.30979541 0.05070077 -0.01465457
v -0.30974254 0.05086940 0.01448594
v -0.30971065 0.05104065 0.01431470
v -0.31250000 0.05121320 0.01414214
v -0.30970001 0.05121320 0.01414214
v -0.30971065 0.05138576 0.01396958
v -0.30996233 0.05037646 0.01497888
v -0.30986887 0.05053604 0.01481930
v -0.30979541 0.05070077 0.01465457
v -0.31035507 0.04994055 0.01541479
v -0.31020638 0.05007758 0.01527776
v -0.31007513 0.05022325 0.01513209
v -0.31089398 0.04959137 0.01576397
v -0.31070021 0.04969651 0.01565883
v -0.31052011 0.04981320 0.01554214
v -0.31154233 0.04935271 0.01600263
v -0.31131667 0.04941881 0.01593653
v -0.31110001 0.04949856 0.01585678
v -0.31225598 0.04924084 0.01611450
v -0.31201378 0.04926338 0.01609196
v -0.31177530 0.04930077 0.01605457
v -0.31298622 0.04926338 0.01609196
v -0.31274402 0.04924084 0.01611450
v -0.31250000 0.04923331 0.01612203
v -0.31368333 0.04941881 0.01593653
v -0.31345767 0.04935271 0.01600263
v -0.31322470 0.04930077 0.01605457
v -0.31429979 0.04969651 0.01565883
v -0.31410602 0.04959137 0.01576397
v -0.31389999 0.04949856 0.01585678
v -0.31479362 0.05007758 0.01527776
v -0.31464493 0.04994055 0.01541479
v -0.31447989 0.04981320 0.01554214
v -0.31513113 0.05053604 0.01481930
v -0.31503767 0.05037646 0.01497888
v -0.31492487 0.05022325 0.01513209
v -0.31528935 0.05104065 0.01431470
v -0.31525746 0.05086940 0.01448594
v -0.31520459 0.05070077 0.01465457
v -0.31525746 0.05155701 0.01379833
v -0.31528935 0.05138576 0.01396958
v -0.31529999 0.05121320 0.01414214
v -0.31503767 0.05204995 0.01330539
v -0.31513113 0.05189037 0.01346497
v -0.31520459 0.05172564 0.01362970
v -0.31464493 0.05248586 0.01286948
v -0.31479362 0.05234883 0.01300651
v -0.31492487 0.05220315 0.01315219
v -0.31410602 0.05283504 0.01252030
v -0.31429979 0.05272989 0.01262544
v -0.31447989 0.05261320 0.01274214
v -0.31345767 0.05307370 0.01228164
v -0.31368333 0.05300760 0.01234774
v -0.31389999 0.05292785 0.01242749
v -0.31274402 0.05318557 0.01216977
v -0.31298622 0.05316302 0.01219232
v -0.31322470 0.05312564 0.01222970
v -0.31201378 0.05316302 0.01219232
v -0.31225598 0.05318557 0.01216977
v -0.31250000 0.05319310 0.01216224
v -0.31131667 0.05300760 0.01234774
v -0.31154233 0.05307370 0.01228164
v -0.31177530 0.05312564 0.01222970
v -0.31070021 0.05272989 0.01262544
v -0.31089398 0.05283504 0.01252030
v -0.31110001 0.05292785 0.01242749
v -0.31020638 0.05234883 0.01300651
v -0.31035507 0.05248586 0.01286948
v -0.31052011 0.05261320 0.01274214
v -0.30986887 0.05189037 0.01346497
v -0.30996233 0.05204995 0.01330539
v -0.31007513 0.05220315 0.01315219
v -0.30974254 0.05155701 0.01379833
v -0.30979541 0.05172564 0.01362970
v -0.31250000 0.01387797 -0.01923331
v -0.31274402 0.01388550 -0.01924084
v -0.31298622 0.01390804 -0.01926338
v -0.31322470 0.01394543 -0.01930077
v -0.31345767 0.01399737 -0.01935271
v -0.31368333 0.01406347 -0.01941881
v -0.31389999 0.01414322 -0.01949856
v -0.31410602 0.01423603 -0.01959137
v -0.31429979 0.01434117 -0.01969651
v -0.31447989 0.01445786 -0.01981320
v -0.31464493 0.01458521 -0.01994055
v -0.31479362 0.01472224 -0.02007758
v -0.31492487 0.01486791 -0.02022325
v -0.31503767 0.01502112 -0.02037646
v -0.31513113 0.01518070 -0.02053604
v -0.31520459 0.01534543 -0.02070077
v -0.31525746 0.01551406 -0.02086940
v -0.31528935 0.01568530 -0.02104064
v -0.31529999 0.01585786 -0.02121320
v -0.31528935 0.01603042 -0.02138576
v -0.31525746 0.01620167 -0.02155701
v -0.31520459 0.01637030 -0.02172564
v -0.31513113 0.01653503 -0.02189037
v -0.31503767 0.01669461 -0.02204994
v -0.31492487 0.01684781 -0.02220315
v -0.31479362 0.01699349 -0.02234883
v -0.31464493 0.01713052 -0.02248586
v -0.31447989 0.01725786 -0.02261320
v -0.31429979 0.01737455 -0.02272989
v -0.31410602 0.01747970 -0.02283504
v -0.31389999 0.01757251 -0.02292785
v -0.31368333 0.01765226 -0.02300760
v -0.31345767 0.01771836 -0.02307370
v -0.31322470 0.01777030 -0.02312564
v -0.31298622 0.01780768 -0.02316302
v -0.31274402 0.01783023 -0.02318557
v -0.31250000 0.01783776 -0.02319310
v -0.31225598 0.01783023 -0.02318557
v -0.31201378 0.01780768 -0.02316302
v -0.31177530 0.01777030 -0.02312564
v -0.31154233 0.01771836 -0.02307370
v -0.31131667 0.01765226 -0.02300760
v -0.31110001 0.01757251 -0.02292785
v -0.31089398 0.01747970 -0.02283504
v -0.31070021 0.01737455 -0.02272989
v -0.31052011 0.01725786 -0.02261320
v -0.31035507 0.01713052 -0.02248586
v -0.31020638 0.01699349 -0.02234883
v -0.31007513 0.01684781 -0.02220315
v -0.30996233 0.01669461 -0.02204994
v -0.30986887 0.01653503 -0.02189037
v -0.30979541 0.01637030 -0.02172564
v -0.30974254 0.01620167 -0.02155701
v -0.30971065 0.01603042 -0.02138576
v -0.30970001 0.01585786 -0.02121320
v -0.30971065 0.01568530 -0.02104064
v -0.30974254 0.01551406 -0.02086940
v -0.30979541 0.01534543 -0.02070077
v -0.30986887 0.01518070 -0.02053604
v -0.30996233 0.01502112 -0.02037646
v -0.31007513 0.01486791 -0.02022325
v -0.31020638 0.01472224 -0.02007758
v -0.31035507 0.01458521 -0.01994055
v -0.31052011 0.01445786 -0.01981320
v -0.31070021 0.01434117 -0.01969651
v -0.31089398 0.01423603 -0.01959137
v -0.31110001 0.01414322 -0.01949856
v -0.31131667 0.01406347 -0.01941881
v -0.31154233 0.01399737 -0.01935271
v -0.31177530 0.01394543 -0.01930077
v -0.31201378 0.01390804 -0.01926338
v -0.31225598 0.01388550 -0.01924084
v -0.30810460 0.01423960 -0.01946084
v -0.30791628 0.01444550 -0.01980084
v -0.30791628 0.01449257 -0.01975377
v -0.30776179 0.01472887 -0.02008421
v -0.30776179 0.01475894 -0.02005415
v -0.30764222 0.01502058 -0.02037591
v -0.30764222 0.01503711 -0.02035938
v -0.30755854 0.01531846 -0.02067380
v -0.30755854 0.01532532 -0.02066694
v -0.30751130 0.01562032 -0.02097566
v -0.30751130 0.01562165 -0.02097433
v -0.30750000 0.01585729 -0.02121263
v -0.30823949 0.01408832 -0.01928194
v -0.30832538 0.01391204 -0.01926737
v -0.30810460 0.01417255 -0.01952789
v -0.30832538 0.01400147 -0.01917794
v -0.30857694 0.01377943 -0.01890766
v -0.30857694 0.01366588 -0.01902122
v -0.30885744 0.01357461 -0.01865252
v -0.30885744 0.01343590 -0.01879124
v -0.30916485 0.01338796 -0.01841495
v -0.30916485 0.01322378 -0.01857912
v -0.30949685 0.01322029 -0.01819727
v -0.30949685 0.01303111 -0.01838645
v -0.30985102 0.01307229 -0.01800163
v -0.30985102 0.01285929 -0.01821463
v -0.31022471 0.01294452 -0.01783003
v -0.31022471 0.01270960 -0.01806494
v -0.31061521 0.01283743 -0.01768420
v -0.31061521 0.01258314 -0.01793848
v -0.31101963 0.01275137 -0.01756566
v -0.31101963 0.01248085 -0.01783619
v -0.31143495 0.01268662 -0.01747566
v -0.31143495 0.01240347 -0.01775881
v -0.31185815 0.01264336 -0.01741514
v -0.31185815 0.01235158 -0.01770692
v -0.31228605 0.01262172 -0.01738475
v -0.31228605 0.01232557 -0.01768091
v -0.31271556 0.01262177 -0.01738481
v -0.31271556 0.01232562 -0.01768096
v -0.31314346 0.01264349 -0.01741531
v -0.31314346 0.01235173 -0.01770707
v -0.31356663 0.01268682 -0.01747595
v -0.31356663 0.01240372 -0.01775905
v -0.31398192 0.01275166 -0.01756606
v -0.31398192 0.01248119 -0.01783653
v -0.31438628 0.01283779 -0.01768470
v -0.31438628 0.01258358 -0.01793891
v -0.31477672 0.01294496 -0.01783062
v -0.31477672 0.01271012 -0.01806546
v -0.31515035 0.01307281 -0.01800233
v -0.31515035 0.01285990 -0.01821524
v -0.31550443 0.01322089 -0.01819804
v -0.31550443 0.01303180 -0.01838714
v -0.31583637 0.01338863 -0.01841581
v -0.31583637 0.01322455 -0.01857989
v -0.31614366 0.01357535 -0.01865345
v -0.31614366 0.01343673 -0.01879207
v -0.31642407 0.01378024 -0.01890865
v -0.31642407 0.01366678 -0.01902211
v -0.31667551 0.01400233 -0.01917898
v -0.31667551 0.01391299 -0.01926833
v -0.31676051 0.01408833 -0.01928195
v -0.31689617 0.01417355 -0.01952889
v -0.31750000 0.01585844 -0.02121378
v -0.31748882 0.01562146 -0.02097680
v -0.31748882 0.01562278 -0.02097548
v -0.31744170 0.01531959 -0.02067493
v -0.31744170 0.01532642 -0.02066809
v -0.31735814 0.01502169 -0.02037703
v -0.31735814 0.01503817 -0.02036054
v -0.31723875 0.01472996 -0.02008529
v -0.31723875 0.01475996 -0.02005529
v -0.31708437 0.01444655 -0.01980189
v -0.31708437 0.01449355 -0.01975489
v -0.31689617 0.01424053 -0.01946192
v -0.31689540 0.01761023 -0.02283147
v -0.31708372 0.01727023 -0.02262557
v -0.31708372 0.01731730 -0.02257850
v -0.31723821 0.01698686 -0.02234220
v -0.31723821 0.01701692 -0.02231213
v -0.31735778 0.01669515 -0.02205049
v -0.31735778 0.01671168 -0.02203396
v -0.31744146 0.01639727 -0.02175261
v -0.31744146 0.01640413 -0.02174575
v -0.31748870 0.01609541 -0.02145075
v -0.31748870 0.01609674 -0.02144942
v -0.31676051 0.01778913 -0.02298275
v -0.31667462 0.01780369 -0.02315903
v -0.31689540 0.01754318 -0.02289852
v -0.31667462 0.01789312 -0.02306960
v -0.31642306 0.01816341 -0.02329163
v -0.31642306 0.01804985 -0.02340519
v -0.31614256 0.01841855 -0.02349646
v -0.31614256 0.01827983 -0.02363517
v -0.31583515 0.01865612 -0.02368311
v -0.31583515 0.01849194 -0.02384728
v -0.31550315 0.01887380 -0.02385077
v -0.31550315 0.01868462 -0.02403996
v -0.31514898 0.01906943 -0.02399877
v -0.31514898 0.01885643 -0.02421177
v -0.31477529 0.01924104 -0.02412655
v -0.31477529 0.01900612 -0.02436146
v -0.31438479 0.01938687 -0.02423364
v -0.31438479 0.01913258 -0.02448792
v -0.31398037 0.01950541 -0.02431969
v -0.31398037 0.01923488 -0.02459022
v -0.31356505 0.01959541 -0.02438445
v -0.31356505 0.01931226 -0.02466760
v -0.31314185 0.01965592 -0.02442770
v -0.31314185 0.01936414 -0.02471948
v -0.31271395 0.01968632 -0.02444934
v -0.31271395 0.01939016 -0.02474550
v -0.31228444 0.01968626 -0.02444930
v -0.31228444 0.01939011 -0.02474545
v -0.31185654 0.01965575 -0.02442758
v -0.31185654 0.01936400 -0.02471934
v -0.31143337 0.01959512 -0.02438424
v -0.31143337 0.01931201 -0.02466735
v -0.31101808 0.01950501 -0.02431941
v -0.31101808 0.01923454 -0.02458988
v -0.31061372 0.01938637 -0.02423327
v -0.31061372 0.01913215 -0.02448749
v -0.31022328 0.01924044 -0.02412610
v -0.31022328 0.01900560 -0.02436094
v -0.30984965 0.01906874 -0.02399825
v -0.30984965 0.01885583 -0.02421117
v -0.30949557 0.01887302 -0.02385018
v -0.30949557 0.01868393 -0.02403927
v -0.30916363 0.01865526 -0.02368244
v -0.30916363 0.01849118 -0.02384652
v -0.30885634 0.01841762 -0.02349572
v -0.30885634 0.01827900 -0.02363434
v -0.30857593 0.01816241 -0.02329083
v -0.30857593 0.01804895 -0.02340429
v -0.30832449 0.01789208 -0.02306874
v -0.30832449 0.01780274 -0.02315808
v -0.30823949 0.01778912 -0.02298274
v -0.30810383 0.01754217 -0.02289751
v -0.30751118 0.01609427 -0.02144961
v -0.30751118 0.01609559 -0.02144829
v -0.30755830 0.01639614 -0.02175148
v -0.30755830 0.01640297 -0.02174465
v -0.30764186 0.01669404 -0.02204938
v -0.30764186 0.01671053 -0.02203290
v -0.30776125 0.01698577 -0.02234111
v -0.30776125 0.01701578 -0.02231111
v -0.30791563 0.01726918 -0.02262452
v -0.30791563 0.01731618 -0.02257752
v -0.30810383 0.01760915 -0.02283054
v -0.31250000 0.06026417 -0.01923331
v -0.31274402 0.06025664 -0.01924084
v -0.31298622 0.06023409 -0.01926338
v -0.31322470 0.06019671 -0.01930077
v -0.31345767 0.06014477 -0.01935271
v -0.31368333 0.06007867 -0.01941881
v -0.31389999 0.05999891 -0.01949856
v -0.31410602 0.05990611 -0.01959137
v -0.31429979 0.05980096 -0.01969651
v -0.31447989 0.05968427 -0.01981320
v -0.31464493 0.05955693 -0.01994055
v -0.31479362 0.05941990 -0.02007758
v -0.31492487 0.05927422 -0.02022325
v -0.31503767 0.05912101 -0.02037646
v -0.31513113 0.05896144 -0.02053604
v -0.31520459 0.05879671 -0.02070077
v -0.31525746 0.05862808 -0.02086940
v -0.31528935 0.05845683 -0.02104064
v -0.31529999 0.05828427 -0.02121320
v -0.31528935 0.05811171 -0.02138576
v -0.31525746 0.05794046 -0.02155701
v -0.31520459 0.05777184 -0.02172564
v -0.31513113 0.05760711 -0.02189037
v -0.31503767 0.05744753 -0.02204994
v -0.31492487 0.05729432 -0.02220315
v -0.31479362 0.05714865 -0.02234883
v -0.31464493 0.05701162 -0.02248586
v -0.31447989 0.05688427 -0.02261320
v -0.31429979 0.05676758 -0.02272989
v -0.31410602 0.05666243 -0.02283504
v -0.31389999 0.05656963 -0.02292785
v -0.31368333 0.05648987 -0.02300760
v -0.31345767 0.05642378 -0.02307370
v -0.31322470 0.05637183 -0.02312564
v -0.31298622 0.05633445 -0.02316302
v -0.31274402 0.05631191 -0.02318557
v -0.31250000 0.05630437 -0.02319310
v -0.31225598 0.05631191 -0.02318557
v -0.31201378 0.05633445 -0.02316302
v -0.31177530 0.05637183 -0.02312564
v -0.31154233 0.05642378 -0.02307370
v -0.31131667 0.05648987 -0.02300760
v -0.31110001 0.05656963 -0.02292785
v -0.31089398 0.05666243 -0.02283504
v -0.31070021 0.05676758 -0.02272989
v -0.31052011 0.05688427 -0.02261320
v -0.31035507 0.05701162 -0.02248586
v -0.31020638 0.05714865 -0.02234883
v -0.31007513 0.05729432 -0.02220315
v -0.30996233 0.05744753 -0.02204994
v -0.30986887 0.05760711 -0.02189037
v -0.30979541 0.05777184 -0.02172564
v -0.30974254 0.05794046 -0.02155701
v -0.30971065 0.05811171 -0.02138576
v -0.30970001 0.05828427 -0.02121320
v -0.30971065 0.05845683 -0.02104064
v -0.30974254 0.05862808 -0.02086940
v -0.30979541 0.05879671 -0.02070077
v -0.30986887 0.05896144 -0.02053604
v -0.30996233 0.05912101 -0.02037646
v -0.31007513 0.05927422 -0.02022325
v -0.31020638 0.05941990 -0.02007758
v -0.31035507 0.05955693 -0.01994055
v -0.31052011 0.05968427 -0.01981320
v -0.31070021 0.05980096 -0.01969651
v -0.31089398 0.05990611 -0.01959137
v -0.31110001 0.05999891 -0.01949856
v -0.31131667 0.06007867 -0.01941881
v -0.31154233 0.06014477 -0.01935271
v -0.31177530 0.06019671 -0.01930077
v -0.31201378 0.06023409 -0.01926338
v -0.31225598 0.06025664 -0.01924084
v -0.30810460 0.05653191 -0.02283147
v -0.30791628 0.05687191 -0.02262557
v -0.30791628 0.05682484 -0.02257850
v -0.30776179 0.05715528 -0.02234220
v -0.30776179 0.05712521 -0.02231213
v -0.30764222 0.05744698 -0.02205049
v -0.30764222 0.05743045 -0.02203396
v -0.30755854 0.05774486 -0.02175261
v -0.30755854 0.05773801 -0.02174575
v -0.30751130 0.05804672 -0.02145075
v -0.30751130 0.05804539 -0.02144942
v -0.30750000 0.05828370 -0.02121378
v -0.30823949 0.05635301 -0.02298275
v -0.30832538 0.05633844 -0.02315903
v -0.30810460 0.05659896 -0.02289852
v -0.30832538 0.05624901 -0.02306960
v -0.30857694 0.05597873 -0.02329163
v -0.30857694 0.05609228 -0.02340519
v -0.30885744 0.05572359 -0.02349646
v -0.30885744 0.05586230 -0.02363517
v -0.30916485 0.05548602 -0.02368311
v -0.30916485 0.05565019 -0.02384728
v -0.30949685 0.05526834 -0.02385077
v -0.30949685 0.05545752 -0.02403996
v -0.30985102 0.05507270 -0.02399877
v -0.30985102 0.05528570 -0.02421177
v -0.31022471 0.05490109 -0.02412655
v -0.31022471 0.05513601 -0.02436146
v -0.31061521 0.05475527 -0.02423364
v -0.31061521 0.05500955 -0.02448792
v -0.31101963 0.05463673 -0.02431969
v -0.31101963 0.05490725 -0.02459022
v -0.31143495 0.05454673 -0.02438445
v -0.31143495 0.05482988 -0.02466760
v -0.31185815 0.05448621 -0.02442770
v -0.31185815 0.05477799 -0.02471948
v -0.31228605 0.05445582 -0.02444934
v -0.31228605 0.05475197 -0.02474550
v -0.31271556 0.05445588 -0.02444930
v -0.31271556 0.05475203 -0.02474545
v -0.31314346 0.05448638 -0.02442758
v -0.31314346 0.05477814 -0.02471934
v -0.31356663 0.05454701 -0.02438424
v -0.31356663 0.05483012 -0.02466735
v -0.31398192 0.05463712 -0.02431941
v -0.31398192 0.05490759 -0.02458988
v -0.31438628 0.05475576 -0.02423327
v -0.31438628 0.05500998 -0.02448749
v -0.31477672 0.05490169 -0.02412610
v -0.31477672 0.05513653 -0.02436094
v -0.31515035 0.05507340 -0.02399825
v -0.31515035 0.05528631 -0.02421117
v -0.31550443 0.05526911 -0.02385018
v -0.31550443 0.05545820 -0.02403927
v -0.31583637 0.05548688 -0.02368244
v -0.31583637 0.05565095 -0.02384652
v -0.31614366 0.05572452 -0.02349572
v -0.31614366 0.05586313 -0.02363434
v -0.31642407 0.05597972 -0.02329083
v -0.31642407 0.05609318 -0.02340429
v -0.31667551 0.05625005 -0.02306874
v -0.31667551 0.05633939 -0.02315808
v -0.31676051 0.05635302 -0.02298274
v -0.31689617 0.05659996 -0.02289751
v -0.31750000 0.05828484 -0.02121263
v -0.31748882 0.05804786 -0.02144961
v -0.31748882 0.05804655 -0.02144829
v -0.31744170 0.05774599 -0.02175148
v -0.31744170 0.05773916 -0.02174465
v -0.31735814 0.05744809 -0.02204938
v -0.31735814 0.05743160 -0.02203290
v -0.31723875 0.05715636 -0.02234111
v -0.31723875 0.05712635 -0.02231111
v -0.31708437 0.05687296 -0.02262452
v -0.31708437 0.05682595 -0.02257752
v -0.31689617 0.05653299 -0.02283054
v -0.31689540 0.05990253 -0.01946084
v -0.31708372 0.05969663 -0.01980084
v -0.31708372 0.05964956 -0.01975377
v -0.31723821 0.05941326 -0.02008421
v -0.31723821 0.05938320 -0.02005415
v -0.31735778 0.05912156 -0.02037591
v -0.31735778 0.05910503 -0.02035938
v -0.31744146 0.05882368 -0.02067380
v -0.31744146 0.05881682 -0.02066694
v -0.31748870 0.05852182 -0.02097566
v -0.31748870 0.05852049 -0.02097433
v -0.31676051 0.06005381 -0.01928194
v -0.31667462 0.06023010 -0.01926737
v -0.31689540 0.05996959 -0.01952789
v -0.31667462 0.06014067 -0.01917794
v -0.31642306 0.06036270 -0.01890766
v -0.31642306 0.06047626 -0.01902122
v -0.31614256 0.06056752 -0.01865252
v -0.31614256 0.06070624 -0.01879124
v -0.31583515 0.06075418 -0.01841495
v -0.31583515 0.06091835 -0.01857912
v -0.31550315 0.06092184 -0.01819727
v -0.31550315 0.06111103 -0.01838645
v -0.31514898 0.06106984 -0.01800163
v -0.31514898 0.06128284 -0.01821463
v -0.31477529 0.06119761 -0.01783003
v -0.31477529 0.06143253 -0.01806494
v -0.31438479 0.06130470 -0.01768420
v -0.31438479 0.06155899 -0.01793848
v -0.31398037 0.06139076 -0.01756566
v -0.31398037 0.06166129 -0.01783619
v -0.31356505 0.06145551 -0.01747566
v -0.31356505 0.06173866 -0.01775881
v -0.31314185 0.06149877 -0.01741514
v -0.31314185 0.06179055 -0.01770692
v -0.31271395 0.06152041 -0.01738475
v -0.31271395 0.06181657 -0.01768091
v -0.31228444 0.06152037 -0.01738481
v -0.31228444 0.06181652 -0.01768096
v -0.31185654 0.06149865 -0.01741531
v -0.31185654 0.06179041 -0.01770707
v -0.31143337 0.06145531 -0.01747595
v -0.31143337 0.06173842 -0.01775905
v -0.31101808 0.06139048 -0.01756606
v -0.31101808 0.06166095 -0.01783653
v -0.31061372 0.06130434 -0.01768470
v -0.31061372 0.06155856 -0.01793891
v -0.31022328 0.06119717 -0.01783062
v -0.31022328 0.06143201 -0.01806546
v -0.30984965 0.06106932 -0.01800233
v -0.30984965 0.06128224 -0.01821524
v -0.30949557 0.06092125 -0.01819804
v -0.30949557 0.06111034 -0.01838714
v -0.30916363 0.06075351 -0.01841581
v -0.30916363 0.06091759 -0.01857989
v -0.30885634 0.06056679 -0.01865345
v -0.30885634 0.06070541 -0.01879207
v -0.30857593 0.06036190 -0.01890865
v -0.30857593 0.06047536 -0.01902211
v -0.30832449 0.06013980 -0.01917898
v -0.30832449 0.06022914 -0.01926833
v -0.30823949 0.06005381 -0.01928195
v -0.30810383 0.05996858 -0.01952889
v -0.30751118 0.05852068 -0.02097680
v -0.30751118 0.05851936 -0.02097548
v -0.30755830 0.05882255 -0.02067493
v -0.30755830 0.05881572 -0.02066809
v -0.30764186 0.05912045 -0.02037703
v -0.30764186 0.05910396 -0.02036054
v -0.30776125 0.05941218 -0.02008529
v -0.30776125 0.05938217 -0.02005529
v -0.30791563 0.05969559 -0.01980189
v -0.30791563 0.05964859 -0.01975489
v -0.30810383 0.05990161 -0.01946192
v -0.31250000 0.05630437 0.02319310
v -0.31274402 0.05631191 0.02318557
v -0.31298622 0.05633445 0.02316302
v -0.31322470 0.05637183 0.02312564
v -0.31345767 0.05642378 0.02307370
v -0.31368333 0.05648987 0.02300760
v -0.31389999 0.05656963 0.02292785
v -0.31410602 0.05666243 0.02283504
v -0.31429979 0.05676758 0.02272989
v -0.31447989 0.05688427 0.02261320
v -0.31464493 0.05701162 0.02248586
v -0.31479362 0.05714865 0.02234883
v -0.31492487 0.05729432 0.02220315
v -0.31503767 0.05744753 0.02204994
v -0.31513113 0.05760711 0.02189037
v -0.31520459 0.05777184 0.02172564
v -0.31525746 0.05794046 0.02155701
v -0.31528935 0.05811171 0.02138576
v -0.31529999 0.05828427 0.02121320
v -0.31528935 0.05845683 0.02104064
v -0.31525746 0.05862808 0.02086940
v -0.31520459 0.05879671 0.02070077
v -0.31513113 0.05896144 0.02053604
v -0.31503767 0.05912101 0.02037646
v -0.31492487 0.05927422 0.02022325
v -0.31479362 0.05941990 0.02007758
v -0.31464493 0.05955693 0.01994055
v -0.31447989 0.05968427 0.01981320
v -0.31429979 0.05980096 0.01969651
v -0.31410602 0.05990611 0.01959137
v -0.31389999 0.05999891 0.01949856
v -0.31368333 0.06007867 0.01941881
v -0.31345767 0.06014477 0.01935271
v -0.31322470 0.06019671 0.01930077
v -0.31298622 0.06023409 0.01926338
v -0.31274402 0.06025664 0.01924084
v -0.31250000 0.06026417 0.01923331
v -0.31225598 0.06025664 0.01924084
v -0.31201378 0.06023409 0.01926338
v -0.31177530 0.06019671 0.01930077
v -0.31154233 0.06014477 0.01935271
v -0.31131667 0.06007867 0.01941881
v -0.31110001 0.05999891 0.01949856
v -0.31089398 0.05990611 0.01959137
v -0.31070021 0.05980096 0.01969651
v -0.31052011 0.05968427 0.01981320
v -0.31035507 0.05955693 0.01994055
v -0.31020638 0.05941990 0.02007758
v -0.31007513 0.05927422 0.02022325
v -0.30996233 0.05912101 0.02037646
v -0.30986887 0.05896144 0.02053604
v -0.30979541 0.05879671 0.02070077
v -0.30974254 0.05862808 0.02086940
v -0.30971065 0.05845683 0.02104064
v -0.30970001 0.05828427 0.02121320
v -0.30971065 0.05811171 0.02138576
v -0.30974254 0.05794046 0.02155701
v -0.30979541 0.05777184 0.02172564
v -0.30986887 0.05760711 0.02189037
v -0.30996233 0.05744753 0.02204994
v -0.31007513 0.05729432 0.02220315
v -0.31020638 0.05714865 0.02234883
v -0.31035507 0.05701162 0.02248586
v -0.31052011 0.05688427 0.02261320
v -0.31070021 0.05676758 0.02272989
v -0.31089398 0.05666243 0.02283504
v -0.31110001 0.05656963 0.02292785
v -0.31131667 0.05648987 0.02300760
v -0.31154233 0.05642378 0.02307370
v -0.31177530 0.05637183 0.02312564
v -0.31201378 0.05633445 0.02316302
v -0.31225598 0.05631191 0.02318557
v -0.30810460 0.05990253 0.01946084
v -0.30791628 0.05969663 0.01980084
v -0.30791628 0.05964956 0.01975377
v -0.30776179 0.05941326 0.02008421
v -0.30776179 0.05938320 0.02005415
v -0.30764222 0.05912156 0.02037591
v -0.30764222 0.05910503 0.02035938
v -0.30755854 0.05882368 0.02067380
v -0.30755854 0.05881682 0.02066694
v -0.30751130 0.05852182 0.02097566
v -0.30751130 0.05852049 0.02097433
v -0.30750000 0.05828484 0.02121263
v -0.30823949 0.06005381 0.01928194
v -0.30832538 0.06023010 0.01926737
v -0.30810460 0.05996959 0.01952789
v -0.30832538 0.06014067 0.01917794
v -0.30857694 0.06036270 0.01890766
v -0.30857694 0.06047626 0.01902122
v -0.30885744 0.06056752 0.01865252
v -0.30885744 0.06070624 0.01879124
v -0.30916485 0.06075418 0.01841495
v -0.30916485 0.06091835 0.01857912
v -0.30949685 0.06092184 0.01819727
v -0.30949685 0.06111103 0.01838645
v -0.30985102 0.06106984 0.01800163
v -0.30985102 0.06128284 0.01821463
v -0.31022471 0.06119761 0.01783003
v -0.31022471 0.06143253 0.01806494
v -0.31061521 0.06130470 0.01768420
v -0.31061521 0.06155899 0.01793848
v -0.31101963 0.06139076 0.01756566
v -0.31101963 0.06166129 0.01783619
v -0.31143495 0.06145551 0.01747566
v -0.31143495 0.06173866 0.01775881
v -0.31185815 0.06149877 0.01741514
v -0.31185815 0.06179055 0.01770692
v -0.31228605 0.06152041 0.01738475
v -0.31228605 0.06181657 0.01768091
v -0.31271556 0.06152037 0.01738481
v -0.31271556 0.06181652 0.01768096
v -0.31314346 0.06149865 0.01741531
v -0.31314346 0.06179041 0.01770707
v -0.31356663 0.06145531 0.01747595
v -0.31356663 0.06173842 0.01775905
v -0.31398192 0.06139048 0.01756606
v -0.31398192 0.06166095 0.01783653
v -0.31438628 0.06130434 0.01768470
v -0.31438628 0.06155856 0.01793891
v -0.31477672 0.06119717 0.01783062
v -0.31477672 0.06143201 0.01806546
v -0.31515035 0.06106932 0.01800233
v -0.31515035 0.06128224 0.01821524
v -0.31550443 0.06092125 0.01819804
v -0.31550443 0.06111034 0.01838714
v -0.31583637 0.06075351 0.01841581
v -0.31583637 0.06091759 0.01857989
v -0.31614366 0.06056679 0.01865345
v -0.31614366 0.06070541 0.01879207
v -0.31642407 0.06036190 0.01890865
v -0.31642407 0.06047536 0.01902211
v -0.31667551 0.06013980 0.01917898
v -0.31667551 0.06022914 0.01926833
v -0.31676051 0.06005381 0.01928195
v -0.31689617 0.05996858 0.01952889
v -0.31750000 0.05828370 0.02121378
v -0.31748882 0.05852068 0.02097680
v -0.31748882 0.05851936 0.02097548
v -0.31744170 0.05882255 0.02067493
v -0.31744170 0.05881572 0.02066809
v -0.31735814 0.05912045 0.02037703
v -0.31735814 0.05910396 0.02036054
v -0.31723875 0.05941218 0.02008529
v -0.31723875 0.05938217 0.02005529
v -0.31708437 0.05969559 0.01980189
v -0.31708437 0.05964859 0.01975489
v -0.31689617 0.05990161 0.01946192
v -0.31689540 0.05653191 0.02283147
v -0.31708372 0.05687191 0.02262557
v -0.31708372 0.05682484 0.02257850
v -0.31723821 0.05715528 0.02234220
v -0.31723821 0.05712521 0.02231213
v -0.31735778 0.05744698 0.02205049
v -0.31735778 0.05743045 0.02203396
v -0.31744146 0.05774486 0.02175261
v -0.31744146 0.05773801 0.02174575
v -0.31748870 0.05804672 0.02145075
v -0.31748870 0.05804539 0.02144942
v -0.31676051 0.05635301 0.02298275
v -0.31667462 0.05633844 0.02315903
v -0.31689540 0.05659896 0.02289852
v -0.31667462 0.05624901 0.02306960
v -0.31642306 0.05597873 0.02329163
v -0.31642306 0.05609228 0.02340519
v -0.31614256 0.05572359 0.02349646
v -0.31614256 0.05586230 0.02363517
v -0.31583515 0.05548602 0.02368311
v -0.31583515 0.05565019 0.02384728
v -0.31550315 0.05526834 0.02385077
v -0.31550315 0.05545752 0.02403996
v -0.31514898 0.05507270 0.02399877
v -0.31514898 0.05528570 0.02421177
v -0.31477529 0.05490109 0.02412655
v -0.31477529 0.05513601 0.02436146
v -0.31438479 0.05475527 0.02423364
v -0.31438479 0.05500955 0.02448792
v -0.31398037 0.05463673 0.02431969
v -0.31398037 0.05490725 0.02459022
v -0.31356505 0.05454673 0.02438445
v -0.31356505 0.05482988 0.02466760
v -0.31314185 0.05448621 0.02442770
v -0.31314185 0.05477799 0.02471948
v -0.31271395 0.05445582 0.02444934
v -0.31271395 0.05475197 0.02474550
v -0.31228444 0.05445588 0.02444930
v -0.31228444 0.05475203 0.02474545
v -0.31185654 0.05448638 0.02442758
v -0.31185654 0.05477814 0.02471934
v -0.31143337 0.05454701 0.02438424
v -0.31143337 0.05483012 0.02466735
v -0.31101808 0.05463712 0.02431941
v -0.31101808 0.05490759 0.02458988
v -0.31061372 0.05475576 0.02423327
v -0.31061372 0.05500998 0.02448749
v -0.31022328 0.05490169 0.02412610
v -0.31022328 0.05513653 0.02436094
v -0.30984965 0.05507340 0.02399825
v -0.30984965 0.05528631 0.02421117
v -0.30949557 0.05526911 0.02385018
v -0.30949557 0.05545820 0.02403927
v -0.30916363 0.05548688 0.02368244
v -0.30916363 0.05565095 0.02384652
v -0.30885634 0.05572452 0.02349572
v -0.30885634 0.05586313 0.02363434
v -0.30857593 0.05597972 0.02329083
v -0.30857593 0.05609318 0.02340429
v -0.30832449 0.05625005 0.02306874
v -0.30832449 0.05633939 0.02315808
v -0.30823949 0.05635302 0.02298274
v -0.30810383 0.05659996 0.02289751
v -0.30751118 0.05804786 0.02144961
v -0.30751118 0.05804655 0.02144829
v -0.30755830 0.05774599 0.02175148
v -0.30755830 0.05773916 0.02174465
v -0.30764186 0.05744809 0.02204938
v -0.30764186 0.05743160 0.02203290
v -0.30776125 0.05715636 0.02234111
v -0.30776125 0.05712635 0.02231111
v -0.30791563 0.05687296 0.02262452
v -0.30791563 0.05682595 0.02257752
v -0.30810383 0.05653299 0.02283054
v -0.30974254 0.02258513 0.01379833
v -0.30971065 0.02275637 0.01396958
v -0.31250000 0.02292893 0.01414214
v -0.30970001 0.02292893 0.01414214
v -0.30971065 0.02310149 0.01431470
v -0.30996233 0.02209219 0.01330539
v -0.30986887 0.02225177 0.01346497
v -0.30979541 0.02241650 0.01362970
v -0.31035507 0.02165628 0.01286948
v -0.31020638 0.02179331 0.01300651
v -0.31007513 0.02193898 0.01315219
v -0.31089398 0.02130709 0.01252030
v -0.31070021 0.02141224 0.01262544
v -0.31052011 0.02152893 0.01274214
v -0.31154233 0.02106844 0.01228164
v -0.31131667 0.02113453 0.01234774
v -0.31110001 0.02121429 0.01242749
v -0.31225598 0.02095657 0.01216977
v -0.31201378 0.02097911 0.01219232
v -0.31177530 0.02101650 0.01222970
v -0.31298622 0.02097911 0.01219232
v -0.31274402 0.02095657 0.01216977
v -0.31250000 0.02094903 0.01216224
v -0.31368333 0.02113453 0.01234774
v -0.31345767 0.02106844 0.01228164
v -0.31322470 0.02101650 0.01222970
v -0.31429979 0.02141224 0.01262544
v -0.31410602 0.02130709 0.01252030
v -0.31389999 0.02121429 0.01242749
v -0.31479362 0.02179331 0.01300651
v -0.31464493 0.02165628 0.01286948
v -0.31447989 0.02152893 0.01274214
v -0.31513113 0.02225177 0.01346497
v -0.31503767 0.02209219 0.01330539
v -0.31492487 0.02193898 0.01315219
v -0.31528935 0.02275637 0.01396958
v -0.31525746 0.02258513 0.01379833
v -0.31520459 0.02241650 0.01362970
v -0.31525746 0.02327274 0.01448594
v -0.31528935 0.02310149 0.01431470
v -0.31529999 0.02292893 0.01414214
v -0.31503767 0.02376567 0.01497888
v -0.31513113 0.02360610 0.01481930
v -0.31520459 0.02344137 0.01465457
v -0.31464493 0.02420159 0.01541479
v -0.31479362 0.02406456 0.01527776
v -0.31492487 0.02391888 0.01513209
v -0.31410602 0.02455077 0.01576397
v -0.31429979 0.02444562 0.01565883
v -0.31447989 0.02432893 0.01554214
v -0.31345767 0.02478943 0.01600263
v -0.31368333 0.02472333 0.01593653
v -0.31389999 0.02464358 0.01585678
v -0.31274402 0.02490130 0.01611450
v -0.31298622 0.02487875 0.01609196
v -0.31322470 0.02484137 0.01605457
v -0.31201378 0.02487875 0.01609196
v -0.31225598 0.02490130 0.01611450
v -0.31250000 0.02490883 0.01612203
v -0.31131667 0.02472333 0.01593653
v -0.31154233 0.02478943 0.01600263
v -0.31177530 0.02484137 0.01605457
v -0.31070021 0.02444562 0.01565883
v -0.31089398 0.02455077 0.01576397
v -0.31110001 0.02464358 0.01585678
v -0.31020638 0.02406456 0.01527776
v -0.31035507 0.02420159 0.01541479
v -0.31052011 0.02432893 0.01554214
v -0.30986887 0.02360610 0.01481930
v -0.30996233 0.02376567 0.01497888
v -0.31007513 0.02391888 0.01513209
v -0.30974254 0.02327274 0.01448594
v -0.30979541 0.02344137 0.01465457
v -0.31250000 0.01783776 0.02319310
v -0.31274402 0.01783023 0.02318557
v -0.31298622 0.01780768 0.02316302
v -0.31322470 0.01777030 0.02312564
v -0.31345767 0.01771836 0.02307370
v -0.31368333 0.01765226 0.02300760
v -0.31389999 0.01757251 0.02292785
v -0.31410602 0.01747970 0.02283504
v -0.31429979 0.01737455 0.02272989
v -0.31447989 0.01725786 0.02261320
v -0.31464493 0.01713052 0.02248586
v -0.31479362 0.01699349 0.02234883
v -0.31492487 0.01684781 0.02220315
v -0.31503767 0.01669461 0.02204994
v -0.31513113 0.01653503 0.02189037
v -0.31520459 0.01637030 0.02172564
v -0.31525746 0.01620167 0.02155701
v -0.31528935 0.01603042 0.02138576
v -0.31529999 0.01585786 0.02121320
v -0.31528935 0.01568530 0.02104064
v -0.31525746 0.01551406 0.02086940
v -0.31520459 0.01534543 0.02070077
v -0.31513113 0.01518070 0.02053604
v -0.31503767 0.01502112 0.02037646
v -0.31492487 0.01486791 0.02022325
v -0.31479362 0.01472224 0.02007758
v -0.31464493 0.01458521 0.01994055
v -0.31447989 0.01445786 0.01981320
v -0.31429979 0.01434117 0.01969651
v -0.31410602 0.01423603 0.01959137
v -0.31389999 0.01414322 0.01949856
v -0.31368333 0.01406347 0.01941881
v -0.31345767 0.01399737 0.01935271
v -0.31322470 0.01394543 0.01930077
v -0.31298622 0.01390804 0.01926338
v -0.31274402 0.01388550 0.01924084
v -0.31250000 0.01387797 0.01923331
v -0.31225598 0.01388550 0.01924084
v -0.31201378 0.01390804 0.01926338
v -0.31177530 0.01394543 0.01930077
v -0.31154233 0.01399737 0.01935271
v -0.31131667 0.01406347 0.01941881
v -0.31110001 0.01414322 0.01949856
v -0.31089398 0.01423603 0.01959137
v -0.31070021 0.01434117 0.01969651
v -0.31052011 0.01445786 0.01981320
v -0.31035507 0.01458521 0.01994055
v -0.31020638 0.01472224 0.02007758
v -0.31007513 0.01486791 0.02022325
v -0.30996233 0.01502112 0.02037646
v -0.30986887 0.01518070 0.02053604
v -0.30979541 0.01534543 0.02070077
v -0.30974254 0.01551406 0.02086940
v -0.30971065 0.01568530 0.02104064
v -0.30970001 0.01585786 0.02121320
v -0.30971065 0.01603042 0.02138576
v -0.30974254 0.01620167 0.02155701
v -0.30979541 0.01637030 0.02172564
v -0.30986887 0.01653503 0.02189037
v -0.30996233 0.01669461 0.02204994
v -0.31007513 0.01684781 0.02220315
v -0.31020638 0.01699349 0.02234883
v -0.31035507 0.01713052 0.02248586
v -0.31052011 0.01725786 0.02261320
v -0.31070021 0.01737455 0.02272989
v -0.31089398 0.01747970 0.02283504
v -0.31110001 0.01757251 0.02292785
v -0.31131667 0.01765226 0.02300760
v -0.31154233 0.01771836 0.02307370
v -0.31177530 0.01777030 0.02312564
v -0.31201378 0.01780768 0.02316302
v -0.31225598 0.01783023 0.02318557
v -0.30810460 0.01761023 0.02283147
v -0.30791628 0.01727023 0.02262557
v -0.30791628 0.01731730 0.02257850
v -0.30776179 0.01698686 0.02234220
v -0.30776179 0.01701692 0.02231213
v -0.30764222 0.01669515 0.02205049
v -0.30764222 0.01671168 0.02203396
v -0.30755854 0.01639727 0.02175261
v -0.30755854 0.01640413 0.02174575
v -0.30751130 0.01609541 0.02145075
v -0.30751130 0.01609674 0.02144942
v -0.30750000 0.01585844 0.02121378
v -0.30823949 0.01778913 0.02298275
v -0.30832538 0.01780369 0.02315903
v -0.30810460 0.01754318 0.02289852
v -0.30832538 0.01789312 0.02306960
v -0.30857694 0.01816341 0.02329163
v -0.30857694 0.01804985 0.02340519
v -0.30885744 0.01841855 0.02349646
v -0.30885744 0.01827983 0.02363517
v -0.30916485 0.01865612 0.02368311
v -0.30916485 0.01849194 0.02384728
v -0.30949685 0.01887380 0.02385077
v -0.30949685 0.01868462 0.02403996
v -0.30985102 0.01906943 0.02399877
v -0.30985102 0.01885643 0.02421177
v -0.31022471 0.01924104 0.02412655
v -0.31022471 0.01900612 0.02436146
v -0.31061521 0.01938687 0.02423364
v -0.31061521 0.01913258 0.02448792
v -0.31101963 0.01950541 0.02431969
v -0.31101963 0.01923488 0.02459022
v -0.31143495 0.01959541 0.02438445
v -0.31143495 0.01931226 0.02466760
v -0.31185815 0.01965592 0.02442770
v -0.31185815 0.01936414 0.02471948
v -0.31228605 0.01968632 0.02444934
v -0.31228605 0.01939016 0.02474550
v -0.31271556 0.01968626 0.02444930
v -0.31271556 0.01939011 0.02474545
v -0.31314346 0.01965575 0.02442758
v -0.31314346 0.01936400 0.02471934
v -0.31356663 0.01959512 0.02438424
v -0.31356663 0.01931201 0.02466735
v -0.31398192 0.01950501 0.02431941
v -0.31398192 0.01923454 0.02458988
v -0.31438628 0.01938637 0.02423327
v -0.31438628 0.01913215 0.02448749
v -0.31477672 0.01924044 0.02412610
v -0.31477672 0.01900560 0.02436094
v -0.31515035 0.01906874 0.02399825
v -0.31515035 0.01885583 0.02421117
v -0.31550443 0.01887302 0.02385018
v -0.31550443 0.01868393 0.02403927
v -0.31583637 0.01865526 0.02368244
v -0.31583637 0.01849118 0.02384652
v -0.31614366 0.01841762 0.02349572
v -0.31614366 0.01827900 0.02363434
v -0.31642407 0.01816241 0.02329083
v -0.31642407 0.01804895 0.02340429
v -0.31667551 0.01789208 0.02306874
v -0.31667551 0.01780274 0.02315808
v -0.31676051 0.01778912 0.02298274
v -0.31689617 0.01754217 0.02289751
v -0.31750000 0.01585729 0.02121263
v -0.31748882 0.01609427 0.02144961
v -0.31748882 0.01609559 0.02144829
v -0.31744170 0.01639614 0.02175148
v -0.31744170 0.01640297 0.02174465
v -0.31735814 0.01669404 0.02204938
v -0.31735814 0.01671053 0.02203290
v -0.31723875 0.01698577 0.02234111
v -0.31723875 0.01701578 0.02231111
v -0.31708437 0.01726918 0.02262452
v -0.31708437 0.01731618 0.02257752
v -0.31689617 0.01760915 0.02283054
v -0.31689540 0.01423960 0.01946084
v -0.31708372 0.01444550 0.01980084
v -0.31708372 0.01449257 0.01975377
v -0.31723821 0.01472887 0.02008421
v -0.31723821 0.01475894 0.02005415
v -0.31735778 0.01502058 0.02037591
v -0.31735778 0.01503711 0.02035938
v -0.31744146 0.01531846 0.02067380
v -0.31744146 0.01532532 0.02066694
v -0.31748870 0.01562032 0.02097566
v -0.31748870 0.01562165 0.02097433
v -0.31676051 0.01408832 0.01928194
v -0.31667462 0.01391204 0.01926737
v -0.31689540 0.01417255 0.01952789
v -0.31667462 0.01400147 0.01917794
v -0.31642306 0.01377943 0.01890766
v -0.31642306 0.01366588 0.01902122
v -0.31614256 0.01357461 0.01865252
v -0.31614256 0.01343590 0.01879124
v -0.31583515 0.01338796 0.01841495
v -0.31583515 0.01322378 0.01857912
v -0.31550315 0.01322029 0.01819727
v -0.31550315 0.01303111 0.01838645
v -0.31514898 0.01307229 0.01800163
v -0.31514898 0.01285929 0.01821463
v -0.31477529 0.01294452 0.01783003
v -0.31477529 0.01270960 0.01806494
v -0.31438479 0.01283743 0.01768420
v -0.31438479 0.01258314 0.01793848
v -0.31398037 0.01275137 0.01756566
v -0.31398037 0.01248085 0.01783619
v -0.31356505 0.01268662 0.01747566
v -0.31356505 0.01240347 0.01775881
v -0.31314185 0.01264336 0.01741514
v -0.31314185 0.01235158 0.01770692
v -0.31271395 0.01262172 0.01738475
v -0.31271395 0.01232557 0.01768091
v -0.31228444 0.01262177 0.01738481
v -0.31228444 0.01232562 0.01768096
v -0.31185654 0.01264349 0.01741531
v -0.31185654 0.01235173 0.01770707
v -0.31143337 0.01268682 0.01747595
v -0.31143337 0.01240372 0.01775905
v -0.31101808 0.01275166 0.01756606
v -0.31101808 0.01248119 0.01783653
v -0.31061372 0.01283779 0.01768470
v -0.31061372 0.01258358 0.01793891
v -0.31022328 0.01294496 0.01783062
v -0.31022328 0.01271012 0.01806546
v -0.30984965 0.01307281 0.01800233
v -0.30984965 0.01285990 0.01821524
v -0.30949557 0.01322089 0.01819804
v -0.30949557 0.01303180 0.01838714
v -0.30916363 0.01338863 0.01841581
v -0.30916363 0.01322455 0.01857989
v -0.30885634 0.01357535 0.01865345
v -0.30885634 0.01343673 0.01879207
v -0.30857593 0.01378024 0.01890865
v -0.30857593 0.01366678 0.01902211
v -0.30832449 0.01400233 0.01917898
v -0.30832449 0.01391299 0.01926833
v -0.30823949 0.01408833 0.01928195
v -0.30810383 0.01417355 0.01952889
v -0.30751118 0.01562146 0.02097680
v -0.30751118 0.01562278 0.02097548
v -0.30755830 0.01531959 0.02067493
v -0.30755830 0.01532642 0.02066809
v -0.30764186 0.01502169 0.02037703
v -0.30764186 0.01503817 0.02036054
v -0.30776125 0.01472996 0.02008529
v -0.30776125 0.01475996 0.02005529
v -0.30791563 0.01444655 0.01980189
v -0.30791563 0.01449355 0.01975489
v -0.30810383 0.01424053 0.01946192
v -0.28569999 0.05397107 0.02500000
v -0.28569999 0.05147107 0.02250000
v -0.28030732 0.05397107 0.02500000
v -0.28030732 0.05147107 0.02250000
v -0.27789688 0.05147107 0.02162267
v -0.27628991 0.05397107 0.02353778
v -0.27672246 0.05397107 0.02386970
v -0.27815643 0.05147107 0.02182182
v -0.27718234 0.05397107 0.02416266
v -0.27843234 0.05147107 0.02199760
v -0.27766597 0.05397107 0.02441442
v -0.27872249 0.05147107 0.02214865
v -0.27816969 0.05397107 0.02462308
v -0.27902475 0.05147107 0.02227385
v -0.27868971 0.05397107 0.02478704
v -0.27933675 0.05147107 0.02237222
v -0.27922201 0.05397107 0.02490505
v -0.27965614 0.05147107 0.02244303
v -0.27976260 0.05397107 0.02497622
v -0.27998048 0.05147107 0.02248573
v -0.26883954 0.05147107 0.01402267
v -0.26723257 0.05397107 0.01593778
v -0.26750001 0.05147107 0.01115000
v -0.26499999 0.05397107 0.01115000
v -0.26502380 0.05397107 0.01169472
v -0.26751426 0.05147107 0.01147683
v -0.26509497 0.05397107 0.01223530
v -0.26755697 0.05147107 0.01180118
v -0.26521295 0.05397107 0.01276762
v -0.26762778 0.05147107 0.01212057
v -0.26537693 0.05397107 0.01328763
v -0.26772615 0.05147107 0.01243258
v -0.26558557 0.05397107 0.01379136
v -0.26785135 0.05147107 0.01273482
v -0.26583734 0.05397107 0.01427500
v -0.26800239 0.05147107 0.01302500
v -0.26613030 0.05397107 0.01473485
v -0.26817816 0.05147107 0.01330091
v -0.26646224 0.05397107 0.01516742
v -0.26837733 0.05147107 0.01356045
v -0.26683059 0.05397107 0.01556942
v -0.26859835 0.05147107 0.01380165
v -0.26499999 0.05397107 -0.01115000
v -0.26750001 0.05147107 -0.01115000
v -0.26883954 0.05147107 -0.01402267
v -0.26723257 0.05397107 -0.01593778
v -0.26683059 0.05397107 -0.01556942
v -0.26859835 0.05147107 -0.01380165
v -0.26646224 0.05397107 -0.01516742
v -0.26837733 0.05147107 -0.01356045
v -0.26613030 0.05397107 -0.01473485
v -0.26817816 0.05147107 -0.01330091
v -0.26583734 0.05397107 -0.01427500
v -0.26800239 0.05147107 -0.01302500
v -0.26558557 0.05397107 -0.01379136
v -0.26785135 0.05147107 -0.01273482
v -0.26537693 0.05397107 -0.01328763
v -0.26772615 0.05147107 -0.01243258
v -0.26521295 0.05397107 -0.01276762
v -0.26762778 0.05147107 -0.01212057
v -0.26509497 0.05397107 -0.01223530
v -0.26755697 0.05147107 -0.01180118
v -0.26502380 0.05397107 -0.01169472
v -0.26751426 0.05147107 -0.01147683
v -0.27789688 0.05147107 -0.02162267
v -0.27628991 0.05397107 -0.02353778
v -0.28030732 0.05147107 -0.02250000
v -0.28030732 0.05397107 -0.02500000
v -0.27976260 0.05397107 -0.02497622
v -0.27998048 0.05147107 -0.02248573
v -0.27922201 0.05397107 -0.02490505
v -0.27965614 0.05147107 -0.02244303
v -0.27868971 0.05397107 -0.02478704
v -0.27933675 0.05147107 -0.02237222
v -0.27816969 0.05397107 -0.02462308
v -0.27902475 0.05147107 -0.02227385
v -0.27766597 0.05397107 -0.02441442
v -0.27872249 0.05147107 -0.02214865
v -0.27718234 0.05397107 -0.02416266
v -0.27843234 0.05147107 -0.02199760
v -0.27672246 0.05397107 -0.02386970
v -0.27815643 0.05147107 -0.02182182
v -0.28569999 0.05147107 -0.02250000
v -0.28569999 0.05397107 -0.02500000
v -0.28999999 0.04717107 -0.02250000
v -0.29249999 0.04717107 -0.02500000
v -0.28998363 0.04754584 -0.02250000
v -0.29247412 0.04776373 -0.02500000
v -0.28993466 0.04791775 -0.02250000
v -0.29239669 0.04835188 -0.02500000
v -0.28985348 0.04828399 -0.02250000
v -0.29226831 0.04893104 -0.02500000
v -0.28974068 0.04864176 -0.02250000
v -0.29208991 0.04949680 -0.02500000
v -0.28959712 0.04898833 -0.02250000
v -0.29186291 0.05004487 -0.02500000
v -0.28942391 0.04932107 -0.02250000
v -0.29158896 0.05057107 -0.02500000
v -0.28922236 0.04963745 -0.02250000
v -0.29127023 0.05107139 -0.02500000
v -0.28899398 0.04993505 -0.02250000
v -0.29090911 0.05154203 -0.02500000
v -0.28874055 0.05021163 -0.02250000
v -0.29050833 0.05197939 -0.02500000
v -0.28846398 0.05046506 -0.02250000
v -0.29007095 0.05238017 -0.02500000
v -0.28816637 0.05069342 -0.02250000
v -0.28960031 0.05274130 -0.02500000
v -0.28784999 0.05089498 -0.02250000
v -0.28909999 0.05306004 -0.02500000
v -0.28751725 0.05106819 -0.02250000
v -0.28857380 0.05333396 -0.02500000
v -0.28717068 0.05121174 -0.02250000
v -0.28802574 0.05356098 -0.02500000
v -0.28681293 0.05132455 -0.02250000
v -0.28745997 0.05373937 -0.02500000
v -0.28644669 0.05140574 -0.02250000
v -0.28688082 0.05386776 -0.02500000
v -0.28607476 0.05145470 -0.02250000
v -0.28629267 0.05394519 -0.02500000
v -0.28999999 0.02697107 -0.02250000
v -0.29249999 0.02697107 -0.02500000
v -0.28569999 0.02267107 -0.02250000
v -0.28569999 0.02017107 -0.02500000
v -0.28607476 0.02268743 -0.02250000
v -0.28629267 0.02019694 -0.02500000
v -0.28644669 0.02273639 -0.02250000
v -0.28688082 0.02027437 -0.02500000
v -0.28681293 0.02281759 -0.02250000
v -0.28745997 0.02040277 -0.02500000
v -0.28717068 0.02293039 -0.02250000
v -0.28802574 0.02058116 -0.02500000
v -0.28751725 0.02307395 -0.02250000
v -0.28857380 0.02080818 -0.02500000
v -0.28784999 0.02324716 -0.02250000
v -0.28909999 0.02108210 -0.02500000
v -0.28816637 0.02344871 -0.02250000
v -0.28960031 0.02140083 -0.02500000
v -0.28846398 0.02367708 -0.02250000
v -0.29007095 0.02176197 -0.02500000
v -0.28874055 0.02393051 -0.02250000
v -0.29050833 0.02216274 -0.02500000
v -0.28899398 0.02420708 -0.02250000
v -0.29090911 0.02260011 -0.02500000
v -0.28922236 0.02450469 -0.02250000
v -0.29127023 0.02307075 -0.02500000
v -0.28942391 0.02482107 -0.02250000
v -0.29158896 0.02357107 -0.02500000
v -0.28959712 0.02515381 -0.02250000
v -0.29186291 0.02409726 -0.02500000
v -0.28974068 0.02550038 -0.02250000
v -0.29208991 0.02464533 -0.02500000
v -0.28985348 0.02585815 -0.02250000
v -0.29226831 0.02521110 -0.02500000
v -0.28993466 0.02622438 -0.02250000
v -0.29239669 0.02579026 -0.02500000
v -0.28998363 0.02659630 -0.02250000
v -0.29247412 0.02637841 -0.02500000
v -0.28030732 0.02017107 -0.02500000
v -0.28030732 0.02267107 -0.02250000
v -0.27789688 0.02267107 -0.02162267
v -0.27628991 0.02017107 -0.02353778
v -0.27672246 0.02017107 -0.02386970
v -0.27815643 0.02267107 -0.02182182
v -0.27718234 0.02017107 -0.02416266
v -0.27843234 0.02267107 -0.02199760
v -0.27766597 0.02017107 -0.02441442
v -0.27872249 0.02267107 -0.02214865
v -0.27816969 0.02017107 -0.02462308
v -0.27902475 0.02267107 -0.02227385
v -0.27868971 0.02017107 -0.02478704
v -0.27933675 0.02267107 -0.02237222
v -0.27922201 0.02017107 -0.02490505
v -0.27965614 0.02267107 -0.02244303
v -0.27976260 0.02017107 -0.02497622
v -0.27998048 0.02267107 -0.02248573
v -0.26883954 0.02267107 -0.01402267
v -0.26723257 0.02017107 -0.01593778
v -0.26750001 0.02267107 -0.01115000
v -0.26499999 0.02017107 -0.01115000
v -0.26502380 0.02017107 -0.01169472
v -0.26751426 0.02267107 -0.01147683
v -0.26509497 0.02017107 -0.01223530
v -0.26755697 0.02267107 -0.01180118
v -0.26521295 0.02017107 -0.01276762
v -0.26762778 0.02267107 -0.01212057
v -0.26537693 0.02017107 -0.01328763
v -0.26772615 0.02267107 -0.01243258
v -0.26558557 0.02017107 -0.01379136
v -0.26785135 0.02267107 -0.01273482
v -0.26583734 0.02017107 -0.01427500
v -0.26800239 0.02267107 -0.01302500
v -0.26613030 0.02017107 -0.01473485
v -0.26817816 0.02267107 -0.01330091
v -0.26646224 0.02017107 -0.01516742
v -0.26837733 0.02267107 -0.01356045
v -0.26683059 0.02017107 -0.01556942
v -0.26859835 0.02267107 -0.01380165
v -0.26499999 0.02017107 0.01115000
v -0.26750001 0.02267107 0.01115000
v -0.26883954 0.02267107 0.01402267
v -0.26723257 0.02017107 0.01593778
v -0.26683059 0.02017107 0.01556942
v -0.26859835 0.02267107 0.01380165
v -0.26646224 0.02017107 0.01516742
v -0.26837733 0.02267107 0.01356045
v -0.26613030 0.02017107 0.01473485
v -0.26817816 0.02267107 0.01330091
v -0.26583734 0.02017107 0.01427500
v -0.26800239 0.02267107 0.01302500
v -0.26558557 0.02017107 0.01379136
v -0.26785135 0.02267107 0.01273482
v -0.26537693 0.02017107 0.01328763
v -0.26772615 0.02267107 0.01243258
v -0.26521295 0.02017107 0.01276762
v -0.26762778 0.02267107 0.01212057
v -0.26509497 0.02017107 0.01223530
v -0.26755697 0.02267107 0.01180118
v -0.26502380 0.02017107 0.01169472
v -0.26751426 0.02267107 0.01147683
v -0.27789688 0.02267107 0.02162267
v -0.27628991 0.02017107 0.02353778
v -0.28030732 0.02267107 0.02250000
v -0.28030732 0.02017107 0.02500000
v -0.27976260 0.02017107 0.02497622
v -0.27998048 0.02267107 0.02248573
v -0.27922201 0.02017107 0.02490505
v -0.27965614 0.02267107 0.02244303
v -0.27868971 0.02017107 0.02478704
v -0.27933675 0.02267107 0.02237222
v -0.27816969 0.02017107 0.02462308
v -0.27902475 0.02267107 0.02227385
v -0.27766597 0.02017107 0.02441442
v -0.27872249 0.02267107 0.02214865
v -0.27718234 0.02017107 0.02416266
v -0.27843234 0.02267107 0.02199760
v -0.27672246 0.02017107 0.02386970
v -0.27815643 0.02267107 0.02182182
v -0.28569999 0.02267107 0.02250000
v -0.28569999 0.02017107 0.02500000
v -0.28999999 0.02697107 0.02250000
v -0.29249999 0.02697107 0.02500000
v -0.28998363 0.02659630 0.02250000
v -0.29247412 0.02637841 0.02500000
v -0.28993466 0.02622438 0.02250000
v -0.29239669 0.02579026 0.02500000
v -0.28985348 0.02585815 0.02250000
v -0.29226831 0.02521110 0.02500000
v -0.28974068 0.02550038 0.02250000
v -0.29208991 0.02464533 0.02500000
v -0.28959712 0.02515381 0.02250000
v -0.29186291 0.02409726 0.02500000
v -0.28942391 0.02482107 0.02250000
v -0.29158896 0.02357107 0.02500000
v -0.28922236 0.02450469 0.02250000
v -0.29127023 0.02307075 0.02500000
v -0.28899398 0.02420708 0.02250000
v -0.29090911 0.02260011 0.02500000
v -0.28874055 0.02393051 0.02250000
v -0.29050833 0.02216274 0.02500000
v -0.28846398 0.02367708 0.02250000
v -0.29007095 0.02176197 0.02500000
v -0.28816637 0.02344871 0.02250000
v -0.28960031 0.02140083 0.02500000
v -0.28784999 0.02324716 0.02250000
v -0.28909999 0.02108210 0.02500000
v -0.28751725 0.02307395 0.02250000
v -0.28857380 0.02080818 0.02500000
v -0.28717068 0.02293039 0.02250000
v -0.28802574 0.02058116 0.02500000
v -0.28681293 0.02281759 0.02250000
v -0.28745997 0.02040277 0.02500000
v -0.28644669 0.02273639 0.02250000
v -0.28688082 0.02027437 0.02500000
v -0.28607476 0.02268743 0.02250000
v -0.28629267 0.02019694 0.02500000
v -0.28999999 0.04717107 0.02250000
v -0.29249999 0.04717107 0.02500000
v -0.28607476 0.05145470 0.02250000
v -0.28629267 0.05394519 0.02500000
v -0.28644669 0.05140574 0.02250000
v -0.28688082 0.05386776 0.02500000
v -0.28681293 0.05132455 0.02250000
v -0.28745997 0.05373937 0.02500000
v -0.28717068 0.05121174 0.02250000
v -0.28802574 0.05356098 0.02500000
v -0.28751725 0.05106819 0.02250000
v -0.28857380 0.05333396 0.02500000
v -0.28784999 0.05089498 0.02250000
v -0.28909999 0.05306004 0.02500000
v -0.28816637 0.05069342 0.02250000
v -0.28960031 0.05274130 0.02500000
v -0.28846398 0.05046506 0.02250000
v -0.29007095 0.05238017 0.02500000
v -0.28874055 0.05021163 0.02250000
v -0.29050833 0.05197939 0.02500000
v -0.28899398 0.04993505 0.02250000
v -0.29090911 0.05154203 0.02500000
v -0.28922236 0.04963745 0.02250000
v -0.29127023 0.05107139 0.02500000
v -0.28942391 0.04932107 0.02250000
v -0.29158896 0.05057107 0.02500000
v -0.28959712 0.04898833 0.02250000
v -0.29186291 0.05004487 0.02500000
v -0.28974068 0.04864176 0.02250000
v -0.29208991 0.04949680 0.02500000
v -0.28985348 0.04828399 0.02250000
v -0.29226831 0.04893104 0.02500000
v -0.28993466 0.04791775 0.02250000
v -0.29239669 0.04835188 0.02500000
v -0.28998363 0.04754584 0.02250000
v -0.29247412 0.04776373 0.02500000
v -0.28569999 0.02267107 -0.01010000
v -0.28607476 0.02268743 -0.01010000
v -0.28644669 0.02273639 -0.01010000
v -0.28681293 0.02281759 -0.01010000
v -0.28717068 0.02293039 -0.01010000
v -0.28751725 0.02307395 -0.01010000
v -0.28784999 0.02324716 -0.01010000
v -0.28816637 0.02344871 -0.01010000
v -0.28846398 0.02367708 -0.01010000
v -0.28874055 0.02393051 -0.01010000
v -0.28899398 0.02420708 -0.01010000
v -0.28922236 0.02450469 -0.01010000
v -0.28942391 0.02482107 -0.01010000
v -0.28959712 0.02515381 -0.01010000
v -0.28974068 0.02550038 -0.01010000
v -0.28985348 0.02585815 -0.01010000
v -0.28993466 0.02622438 -0.01010000
v -0.28998363 0.02659630 -0.01010000
v -0.28999999 0.02697107 -0.01010000
v -0.28999999 0.04717107 -0.01010000
v -0.28569999 0.05147107 -0.01010000
v -0.28607476 0.05145470 -0.01010000
v -0.28644669 0.05140574 -0.01010000
v -0.28681293 0.05132455 -0.01010000
v -0.28717068 0.05121174 -0.01010000
v -0.28751725 0.05106819 -0.01010000
v -0.28784999 0.05089498 -0.01010000
v -0.28816637 0.05069342 -0.01010000
v -0.28846398 0.05046506 -0.01010000
v -0.28874055 0.05021163 -0.01010000
v -0.28899398 0.04993505 -0.01010000
v -0.28922236 0.04963745 -0.01010000
v -0.28942391 0.04932107 -0.01010000
v -0.28959712 0.04898833 -0.01010000
v -0.28974068 0.04864176 -0.01010000
v -0.28985348 0.04828399 -0.01010000
v -0.28993466 0.04791775 -0.01010000
v -0.28998363 0.04754584 -0.01010000
v -0.28007597 0.05147107 0.00596824
v -0.28001902 0.05147107 0.00553578
v -0.27125001 0.05147107 0.00795000
v -0.28000000 0.05147107 0.00510000
v -0.28007597 0.05147107 -0.00596824
v -0.28017038 0.05147107 -0.00639410
v -0.27440140 0.05147107 -0.01059433
v -0.27440140 0.05147107 -0.01170567
v -0.27443781 0.05147107 -0.01142890
v -0.28000000 0.05147107 -0.00510000
v -0.28001902 0.05147107 -0.00553578
v -0.27387127 0.05147107 -0.01298544
v -0.27402127 0.05147107 -0.01275000
v -0.27125001 0.05147107 -0.01435000
v -0.27152890 0.05147107 -0.01433782
v -0.27285001 0.05147107 0.00837872
v -0.27308545 0.05147107 0.00852871
v -0.28017038 0.05147107 0.00639410
v -0.27415019 0.05147107 -0.01250238
v -0.27425700 0.05147107 -0.01224446
v -0.27434096 0.05147107 -0.01197822
v -0.28030154 0.05147107 -0.00681010
v -0.28046846 0.05147107 -0.00721309
v -0.27443781 0.05147107 -0.01087110
v -0.28066987 0.05147107 -0.00760000
v -0.28090423 0.05147107 -0.00796788
v -0.28116977 0.05147107 -0.00831394
v -0.28146446 0.05147107 -0.00863553
v -0.27330691 0.05147107 0.00869866
v -0.27351275 0.05147107 0.00888726
v -0.27370134 0.05147107 0.00909308
v -0.28116977 0.05147107 0.00831394
v -0.28090423 0.05147107 0.00796788
v -0.27443781 0.05147107 0.01087110
v -0.28066987 0.05147107 0.00760000
v -0.27440140 0.05147107 0.01059433
v -0.27443781 0.05147107 0.01142890
v -0.27440140 0.05147107 0.01170567
v -0.28569999 0.05147107 0.01010000
v -0.27434096 0.05147107 0.01197822
v -0.27425700 0.05147107 0.01224446
v -0.27415019 0.05147107 0.01250238
v -0.27402127 0.05147107 0.01275000
v -0.27434096 0.05147107 -0.01032178
v -0.27425700 0.05147107 -0.01005554
v -0.27042177 0.05147107 -0.01424096
v -0.27069432 0.05147107 -0.01430138
v -0.27097109 0.05147107 -0.01433782
v -0.28250000 0.05147107 -0.00943013
v -0.28288692 0.05147107 -0.00963154
v -0.28328991 0.05147107 -0.00979846
v -0.27180567 0.05147107 0.00799862
v -0.27207822 0.05147107 0.00805904
v -0.28500000 0.05147107 0.01010000
v -0.28456423 0.05147107 0.01008097
v -0.27445000 0.05147107 0.01115000
v -0.28413177 0.05147107 0.01002404
v -0.28370589 0.05147107 0.00992963
v -0.28328991 0.05147107 0.00979846
v -0.28288692 0.05147107 0.00963154
v -0.28250000 0.05147107 0.00943013
v -0.28213212 0.05147107 0.00919576
v -0.26806217 0.05147107 0.01087110
v -0.26809862 0.05147107 0.01059433
v -0.26815903 0.05147107 0.01032178
v -0.26824299 0.05147107 0.01005554
v -0.26834983 0.05147107 0.00979762
v -0.26809862 0.05147107 -0.01059433
v -0.26806217 0.05147107 -0.01087110
v -0.26804999 0.05147107 -0.01115000
v -0.26806217 0.05147107 -0.01142890
v -0.26809862 0.05147107 -0.01170567
v -0.26815903 0.05147107 -0.01197822
v -0.26824299 0.05147107 -0.01224446
v -0.26834983 0.05147107 -0.01250238
v -0.26847872 0.05147107 -0.01275000
v -0.26862872 0.05147107 -0.01298544
v -0.26879865 0.05147107 -0.01320692
v -0.26898727 0.05147107 -0.01341274
v -0.26919308 0.05147107 -0.01360134
v -0.26941454 0.05147107 -0.01377129
v -0.26965001 0.05147107 -0.01392128
v -0.26989761 0.05147107 -0.01405018
v -0.27015555 0.05147107 -0.01415702
v -0.28370589 0.05147107 -0.00992963
v -0.28413177 0.05147107 -0.01002404
v -0.27445000 0.05147107 -0.01115000
v -0.28456423 0.05147107 -0.01008097
v -0.28500000 0.05147107 -0.01010000
v -0.27234447 0.05147107 0.00814298
v -0.27260238 0.05147107 0.00824981
v -0.28178605 0.05147107 0.00893022
v -0.28146446 0.05147107 0.00863553
v -0.27415019 0.05147107 -0.00979762
v -0.27402127 0.05147107 -0.00955000
v -0.27387127 0.05147107 -0.00931456
v -0.26847872 0.05147107 -0.00955000
v -0.26834983 0.05147107 -0.00979762
v -0.26824299 0.05147107 -0.01005554
v -0.26815903 0.05147107 -0.01032178
v -0.27180567 0.05147107 -0.01430138
v -0.27207822 0.05147107 -0.01424096
v -0.27234447 0.05147107 -0.01415702
v -0.27330691 0.05147107 -0.01360134
v -0.27351275 0.05147107 -0.01341274
v -0.27370134 0.05147107 -0.01320692
v -0.28178605 0.05147107 -0.00893022
v -0.28213212 0.05147107 -0.00919576
v -0.27152890 0.05147107 0.00796218
v -0.27387127 0.05147107 0.00931456
v -0.27402127 0.05147107 0.00955000
v -0.28030154 0.05147107 0.00681010
v -0.27415019 0.05147107 0.00979762
v -0.28046846 0.05147107 0.00721309
v -0.27425700 0.05147107 0.01005554
v -0.27434096 0.05147107 0.01032178
v -0.27387127 0.05147107 0.01298544
v -0.27370134 0.05147107 0.01320692
v -0.26862872 0.05147107 -0.00931456
v -0.26847872 0.05147107 0.00955000
v -0.26862872 0.05147107 0.00931456
v -0.27260238 0.05147107 -0.01405018
v -0.27285001 0.05147107 -0.01392128
v -0.27308545 0.05147107 -0.01377129
v -0.26965001 0.05147107 0.01392128
v -0.26941454 0.05147107 0.01377129
v -0.26919308 0.05147107 0.01360134
v -0.26898727 0.05147107 0.01341274
v -0.26879865 0.05147107 0.01320692
v -0.26862872 0.05147107 0.01298544
v -0.26847872 0.05147107 0.01275000
v -0.26834983 0.05147107 0.01250238
v -0.26824299 0.05147107 0.01224446
v -0.26815903 0.05147107 0.01197822
v -0.26809862 0.05147107 0.01170567
v -0.26806217 0.05147107 0.01142890
v -0.26804999 0.05147107 0.01115000
v -0.26879865 0.05147107 0.00909308
v -0.26898727 0.05147107 -0.00888726
v -0.26879865 0.05147107 -0.00909308
v -0.27351275 0.05147107 0.01341274
v -0.27330691 0.05147107 0.01360134
v -0.27285001 0.05147107 0.01392128
v -0.27260238 0.05147107 0.01405018
v -0.27234447 0.05147107 0.01415702
v -0.27207822 0.05147107 0.01424096
v -0.27180567 0.05147107 0.01430138
v -0.27152890 0.05147107 0.01433782
v -0.27069432 0.05147107 0.01430138
v -0.27042177 0.05147107 0.01424096
v -0.27015555 0.05147107 0.01415702
v -0.26989761 0.05147107 0.01405018
v -0.27308545 0.05147107 0.01377129
v -0.27125001 0.05147107 0.01435000
v -0.27097109 0.05147107 0.01433782
v -0.27370134 0.05147107 -0.00909308
v -0.27351275 0.05147107 -0.00888726
v -0.27330691 0.05147107 -0.00869866
v -0.27308545 0.05147107 -0.00852871
v -0.27285001 0.05147107 -0.00837872
v -0.27260238 0.05147107 -0.00824981
v -0.26898727 0.05147107 0.00888726
v -0.26919308 0.05147107 0.00869866
v -0.26941454 0.05147107 0.00852871
v -0.27234447 0.05147107 -0.00814298
v -0.27207822 0.05147107 -0.00805904
v -0.27180567 0.05147107 -0.00799862
v -0.26965001 0.05147107 0.00837872
v -0.26989761 0.05147107 0.00824981
v -0.27097109 0.05147107 -0.00796218
v -0.27015555 0.05147107 0.00814298
v -0.27042177 0.05147107 0.00805904
v -0.27042177 0.05147107 -0.00805904
v -0.27015555 0.05147107 -0.00814298
v -0.26989761 0.05147107 -0.00824981
v -0.26965001 0.05147107 -0.00837872
v -0.26941454 0.05147107 -0.00852871
v -0.26919308 0.05147107 -0.00869866
v -0.27069432 0.05147107 -0.00799862
v -0.27069432 0.05147107 0.00799862
v -0.27097109 0.05147107 0.00796218
v -0.27125001 0.05147107 -0.00795000
v -0.27152890 0.05147107 -0.00796218
v -0.27628991 0.01517107 -0.02353778
v -0.27672246 0.01517107 -0.02386970
v -0.27718234 0.01517107 -0.02416266
v -0.27766597 0.01517107 -0.02441442
v -0.27816969 0.01517107 -0.02462308
v -0.27868971 0.01517107 -0.02478704
v -0.27922201 0.01517107 -0.02490505
v -0.27976260 0.01517107 -0.02497622
v -0.28030732 0.01517107 -0.02500000
v -0.26723257 0.01517107 -0.01593778
v -0.26683059 0.01517107 -0.01556942
v -0.26646224 0.01517107 -0.01516742
v -0.26613030 0.01517107 -0.01473485
v -0.26583734 0.01517107 -0.01427500
v -0.26558557 0.01517107 -0.01379136
v -0.26537693 0.01517107 -0.01328763
v -0.26521295 0.01517107 -0.01276762
v -0.26509497 0.01517107 -0.01223530
v -0.26502380 0.01517107 -0.01169472
v -0.26499999 0.01517107 -0.01115000
v -0.26499999 0.01517107 0.00527500
v -0.26499999 0.01517107 0.01115000
v -0.26723257 0.01517107 0.01593778
v -0.26683059 0.01517107 0.01556942
v -0.26646224 0.01517107 0.01516742
v -0.26613030 0.01517107 0.01473485
v -0.26583734 0.01517107 0.01427500
v -0.26558557 0.01517107 0.01379136
v -0.26537693 0.01517107 0.01328763
v -0.26521295 0.01517107 0.01276762
v -0.26509497 0.01517107 0.01223530
v -0.26502380 0.01517107 0.01169472
v -0.27628991 0.01517107 0.02353778
v -0.27672246 0.01517107 0.02386970
v -0.27718234 0.01517107 0.02416266
v -0.27766597 0.01517107 0.02441442
v -0.27816969 0.01517107 0.02462308
v -0.27868971 0.01517107 0.02478704
v -0.27922201 0.01517107 0.02490505
v -0.27976260 0.01517107 0.02497622
v -0.28030732 0.01517107 0.02500000
v -0.29702514 0.05365397 0.02500000
v -0.29501170 0.05897107 0.02500000
v -0.29702666 0.02048780 0.02500000
v -0.28092501 0.05897107 0.02500000
v -0.28030732 0.05897107 0.02500000
v -0.29599971 0.01894575 0.02500000
v -0.29568866 0.01826655 0.02500000
v -0.30469999 0.05365419 0.02500000
v -0.30265084 0.04957102 0.02500000
v -0.30147204 0.04664927 0.02500000
v -0.30068240 0.04414817 0.02500000
v -0.29501170 0.01517107 0.02500000
v -0.29502937 0.05869894 0.02500000
v -0.29512408 0.05791607 0.02500000
v -0.30016851 0.04193363 0.02500000
v -0.30000001 0.04095565 0.02500000
v -0.30000001 0.03318648 0.02500000
v -0.30044115 0.03093866 0.02500000
v -0.30109000 0.02861931 0.02500000
v -0.30203280 0.02602199 0.02500000
v -0.30339223 0.02299114 0.02500000
v -0.30469999 0.02048794 0.02500000
v -0.28092501 0.01517107 0.02500000
v -0.29508299 0.01595623 0.02500000
v -0.29542729 0.01753509 0.02500000
v -0.29522327 0.01676040 0.02500000
v -0.29635274 0.01956811 0.02500000
v -0.29674122 0.02013273 0.02500000
v -0.29606661 0.05507993 0.02500000
v -0.29637253 0.05454426 0.02500000
v -0.29668173 0.05408546 0.02500000
v -0.29528135 0.05715102 0.02500000
v -0.29549757 0.05641195 0.02500000
v -0.29576832 0.05570584 0.02500000
v -0.31999999 0.02427107 0.00000000
v -0.30300000 0.02427107 0.00000000
v -0.31999999 0.02428172 -0.00024404
v -0.30300000 0.02428172 -0.00024404
v -0.31999999 0.02431361 -0.00048621
v -0.30300000 0.02431361 -0.00048621
v -0.31999999 0.02436648 -0.00072469
v -0.30300000 0.02436648 -0.00072469
v -0.31999999 0.02443993 -0.00095766
v -0.30300000 0.02443993 -0.00095766
v -0.31999999 0.02453341 -0.00118333
v -0.30300000 0.02453341 -0.00118333
v -0.31999999 0.02464620 -0.00140000
v -0.30300000 0.02464620 -0.00140000
v -0.31999999 0.02477744 -0.00160601
v -0.30300000 0.02477744 -0.00160601
v -0.31999999 0.02492614 -0.00179981
v -0.30300000 0.02492614 -0.00179981
v -0.31999999 0.02509117 -0.00197990
v -0.30300000 0.02509117 -0.00197990
v -0.31999999 0.02527126 -0.00214492
v -0.30300000 0.02527126 -0.00214492
v -0.31999999 0.02546505 -0.00229363
v -0.30300000 0.02546505 -0.00229363
v -0.31999999 0.02567107 -0.00242487
v -0.30300000 0.02567107 -0.00242487
v -0.31999999 0.02588774 -0.00253766
v -0.30300000 0.02588774 -0.00253766
v -0.31999999 0.02611341 -0.00263114
v -0.30300000 0.02611341 -0.00263114
v -0.31999999 0.02634637 -0.00270459
v -0.30300000 0.02634637 -0.00270459
v -0.31999999 0.02658485 -0.00275746
v -0.30300000 0.02658485 -0.00275746
v -0.31999999 0.02682703 -0.00278935
v -0.30300000 0.02682703 -0.00278935
v -0.31999999 0.02707107 -0.00280000
v -0.30300000 0.02707107 -0.00280000
v -0.31999999 0.02731510 -0.00278935
v -0.30300000 0.02731510 -0.00278935
v -0.31999999 0.02755728 -0.00275746
v -0.30300000 0.02755728 -0.00275746
v -0.31999999 0.02779576 -0.00270459
v -0.30300000 0.02779576 -0.00270459
v -0.31999999 0.02802872 -0.00263114
v -0.30300000 0.02802872 -0.00263114
v -0.31999999 0.02825440 -0.00253766
v -0.30300000 0.02825440 -0.00253766
v -0.31999999 0.02847107 -0.00242487
v -0.30300000 0.02847107 -0.00242487
v -0.31999999 0.02867708 -0.00229363
v -0.30300000 0.02867708 -0.00229363
v -0.31999999 0.02887087 -0.00214492
v -0.30300000 0.02887087 -0.00214492
v -0.31999999 0.02905097 -0.00197990
v -0.30300000 0.02905097 -0.00197990
v -0.31999999 0.02921599 -0.00179981
v -0.30300000 0.02921599 -0.00179981
v -0.31999999 0.02936469 -0.00160601
v -0.30300000 0.02936469 -0.00160601
v -0.31999999 0.02949594 -0.00140000
v -0.30300000 0.02949594 -0.00140000
v -0.31999999 0.02960873 -0.00118333
v -0.30300000 0.02960873 -0.00118333
v -0.31999999 0.02970221 -0.00095766
v -0.30300000 0.02970221 -0.00095766
v -0.31999999 0.02977566 -0.00072469
v -0.30300000 0.02977566 -0.00072469
v -0.31999999 0.02982853 -0.00048621
v -0.30300000 0.02982853 -0.00048621
v -0.31999999 0.02986041 -0.00024404
v -0.30300000 0.02986041 -0.00024404
v -0.31999999 0.02987107 0.00000000
v -0.30300000 0.02987107 0.00000000
v -0.31999999 0.02986041 0.00024404
v -0.30300000 0.02986041 0.00024404
v -0.31999999 0.02982853 0.00048621
v -0.30300000 0.02982853 0.00048621
v -0.31999999 0.02977566 0.00072469
v -0.30300000 0.02977566 0.00072469
v -0.31999999 0.02970221 0.00095766
v -0.30300000 0.02970221 0.00095766
v -0.31999999 0.02960873 0.00118333
v -0.30300000 0.02960873 0.00118333
v -0.31999999 0.02949594 0.00140000
v -0.30300000 0.02949594 0.00140000
v -0.31999999 0.02936469 0.00160601
v -0.30300000 0.02936469 0.00160601
v -0.31999999 0.02921599 0.00179981
v -0.30300000 0.02921599 0.00179981
v -0.31999999 0.02905097 0.00197990
v -0.30300000 0.02905097 0.00197990
v -0.31999999 0.02887087 0.00214492
v -0.30300000 0.02887087 0.00214492
v -0.31999999 0.02867708 0.00229363
v -0.30300000 0.02867708 0.00229363
v -0.31999999 0.02847107 0.00242487
v -0.30300000 0.02847107 0.00242487
v -0.31999999 0.02825440 0.00253766
v -0.30300000 0.02825440 0.00253766
v -0.31999999 0.02802872 0.00263114
v -0.30300000 0.02802872 0.00263114
v -0.31999999 0.02779576 0.00270459
v -0.30300000 0.02779576 0.00270459
v -0.31999999 0.02755728 0.00275746
v -0.30300000 0.02755728 0.00275746
v -0.31999999 0.02731510 0.00278935
v -0.30300000 0.02731510 0.00278935
v -0.31999999 0.02707107 0.00280000
v -0.30300000 0.02707107 0.00280000
v -0.31999999 0.02682703 0.00278935
v -0.30300000 0.02682703 0.00278935
v -0.31999999 0.02658485 0.00275746
v -0.30300000 0.02658485 0.00275746
v -0.31999999 0.02634637 0.00270459
v -0.30300000 0.02634637 0.00270459
v -0.31999999 0.02611341 0.00263114
v -0.30300000 0.02611341 0.00263114
v -0.31999999 0.02588774 0.00253766
v -0.30300000 0.02588774 0.00253766
v -0.31999999 0.02567107 0.00242487
v -0.30300000 0.02567107 0.00242487
v -0.31999999 0.02546505 0.00229363
v -0.30300000 0.02546505 0.00229363
v -0.31999999 0.02527126 0.00214492
v -0.30300000 0.02527126 0.00214492
v -0.31999999 0.02509117 0.00197990
v -0.30300000 0.02509117 0.00197990
v -0.31999999 0.02492614 0.00179981
v -0.30300000 0.02492614 0.00179981
v -0.31999999 0.02477744 0.00160601
v -0.30300000 0.02477744 0.00160601
v -0.31999999 0.02464620 0.00140000
v -0.30300000 0.02464620 0.00140000
v -0.31999999 0.02453341 0.00118333
v -0.30300000 0.02453341 0.00118333
v -0.31999999 0.02443993 0.00095766
v -0.30300000 0.02443993 0.00095766
v -0.31999999 0.02436648 0.00072469
v -0.30300000 0.02436648 0.00072469
v -0.31999999 0.02431361 0.00048621
v -0.30300000 0.02431361 0.00048621
v -0.31999999 0.02428172 0.00024404
v -0.30300000 0.02428172 0.00024404
v -0.30300000 0.02707107 0.00000000
v -0.31999999 0.02566069 -0.02078729
v -0.30300000 0.02566069 -0.02078729
v -0.31999999 0.02567135 -0.02103133
v -0.30300000 0.02567135 -0.02103133
v -0.31999999 0.02570323 -0.02127350
v -0.30300000 0.02570323 -0.02127350
v -0.31999999 0.02575610 -0.02151198
v -0.30300000 0.02575610 -0.02151198
v -0.31999999 0.02582955 -0.02174495
v -0.30300000 0.02582955 -0.02174495
v -0.31999999 0.02592303 -0.02197062
v -0.30300000 0.02592303 -0.02197062
v -0.31999999 0.02603582 -0.02218729
v -0.30300000 0.02603582 -0.02218729
v -0.31999999 0.02616706 -0.02239330
v -0.30300000 0.02616706 -0.02239330
v -0.31999999 0.02631577 -0.02258709
v -0.30300000 0.02631577 -0.02258709
v -0.31999999 0.02648079 -0.02276719
v -0.30300000 0.02648079 -0.02276719
v -0.31999999 0.02666089 -0.02293221
v -0.30300000 0.02666089 -0.02293221
v -0.31999999 0.02685468 -0.02308092
v -0.30300000 0.02685468 -0.02308092
v -0.31999999 0.02706069 -0.02321216
v -0.30300000 0.02706069 -0.02321216
v -0.31999999 0.02727736 -0.02332495
v -0.30300000 0.02727736 -0.02332495
v -0.31999999 0.02750303 -0.02341843
v -0.30300000 0.02750303 -0.02341843
v -0.31999999 0.02773600 -0.02349188
v -0.30300000 0.02773600 -0.02349188
v -0.31999999 0.02797448 -0.02354475
v -0.30300000 0.02797448 -0.02354475
v -0.31999999 0.02821665 -0.02357663
v -0.30300000 0.02821665 -0.02357663
v -0.31999999 0.02846069 -0.02358729
v -0.30300000 0.02846069 -0.02358729
v -0.31999999 0.02870473 -0.02357663
v -0.30300000 0.02870473 -0.02357663
v -0.31999999 0.02894691 -0.02354475
v -0.30300000 0.02894691 -0.02354475
v -0.31999999 0.02918538 -0.02349188
v -0.30300000 0.02918538 -0.02349188
v -0.31999999 0.02941835 -0.02341843
v -0.30300000 0.02941835 -0.02341843
v -0.31999999 0.02964402 -0.02332495
v -0.30300000 0.02964402 -0.02332495
v -0.31999999 0.02986069 -0.02321216
v -0.30300000 0.02986069 -0.02321216
v -0.31999999 0.03006670 -0.02308092
v -0.30300000 0.03006670 -0.02308092
v -0.31999999 0.03026050 -0.02293221
v -0.30300000 0.03026050 -0.02293221
v -0.31999999 0.03044059 -0.02276719
v -0.30300000 0.03044059 -0.02276719
v -0.31999999 0.03060561 -0.02258709
v -0.30300000 0.03060561 -0.02258709
v -0.31999999 0.03075432 -0.02239330
v -0.30300000 0.03075432 -0.02239330
v -0.31999999 0.03088556 -0.02218729
v -0.30300000 0.03088556 -0.02218729
v -0.31999999 0.03099835 -0.02197062
v -0.30300000 0.03099835 -0.02197062
v -0.31999999 0.03109183 -0.02174495
v -0.30300000 0.03109183 -0.02174495
v -0.31999999 0.03116528 -0.02151198
v -0.30300000 0.03116528 -0.02151198
v -0.31999999 0.03121815 -0.02127350
v -0.30300000 0.03121815 -0.02127350
v -0.31999999 0.03125004 -0.02103133
v -0.30300000 0.03125004 -0.02103133
v -0.31999999 0.03126069 -0.02078729
v -0.30300000 0.03126069 -0.02078729
v -0.31999999 0.03125004 -0.02054325
v -0.30300000 0.03125004 -0.02054325
v -0.31999999 0.03121815 -0.02030107
v -0.30300000 0.03121815 -0.02030107
v -0.31999999 0.03116528 -0.02006260
v -0.30300000 0.03116528 -0.02006260
v -0.31999999 0.03109183 -0.01982963
v -0.30300000 0.03109183 -0.01982963
v -0.31999999 0.03099835 -0.01960396
v -0.30300000 0.03099835 -0.01960396
v -0.31999999 0.03088556 -0.01938729
v -0.30300000 0.03088556 -0.01938729
v -0.31999999 0.03075432 -0.01918128
v -0.30300000 0.03075432 -0.01918128
v -0.31999999 0.03060561 -0.01898748
v -0.30300000 0.03060561 -0.01898748
v -0.31999999 0.03044059 -0.01880739
v -0.30300000 0.03044059 -0.01880739
v -0.31999999 0.03026050 -0.01864237
v -0.30300000 0.03026050 -0.01864237
v -0.31999999 0.03006670 -0.01849366
v -0.30300000 0.03006670 -0.01849366
v -0.31999999 0.02986069 -0.01836242
v -0.30300000 0.02986069 -0.01836242
v -0.31999999 0.02964402 -0.01824963
v -0.30300000 0.02964402 -0.01824963
v -0.31999999 0.02941835 -0.01815615
v -0.30300000 0.02941835 -0.01815615
v -0.31999999 0.02918538 -0.01808270
v -0.30300000 0.02918538 -0.01808270
v -0.31999999 0.02894691 -0.01802983
v -0.30300000 0.02894691 -0.01802983
v -0.31999999 0.02870473 -0.01799794
v -0.30300000 0.02870473 -0.01799794
v -0.31999999 0.02846069 -0.01798729
v -0.30300000 0.02846069 -0.01798729
v -0.31999999 0.02821665 -0.01799794
v -0.30300000 0.02821665 -0.01799794
v -0.31999999 0.02797448 -0.01802983
v -0.30300000 0.02797448 -0.01802983
v -0.31999999 0.02773600 -0.01808270
v -0.30300000 0.02773600 -0.01808270
v -0.31999999 0.02750303 -0.01815615
v -0.30300000 0.02750303 -0.01815615
v -0.31999999 0.02727736 -0.01824963
v -0.30300000 0.02727736 -0.01824963
v -0.31999999 0.02706069 -0.01836242
v -0.30300000 0.02706069 -0.01836242
v -0.31999999 0.02685468 -0.01849366
v -0.30300000 0.02685468 -0.01849366
v -0.31999999 0.02666089 -0.01864237
v -0.30300000 0.02666089 -0.01864237
v -0.31999999 0.02648079 -0.01880739
v -0.30300000 0.02648079 -0.01880739
v -0.31999999 0.02631577 -0.01898748
v -0.30300000 0.02631577 -0.01898748
v -0.31999999 0.02616706 -0.01918128
v -0.30300000 0.02616706 -0.01918128
v -0.31999999 0.02603582 -0.01938729
v -0.30300000 0.02603582 -0.01938729
v -0.31999999 0.02592303 -0.01960396
v -0.30300000 0.02592303 -0.01960396
v -0.31999999 0.02582955 -0.01982963
v -0.30300000 0.02582955 -0.01982963
v -0.31999999 0.02575610 -0.02006260
v -0.30300000 0.02575610 -0.02006260
v -0.31999999 0.02570323 -0.02030107
v -0.30300000 0.02570323 -0.02030107
v -0.31999999 0.02567135 -0.02054325
v -0.30300000 0.02567135 -0.02054325
v -0.30300000 0.02846069 -0.02078729
v -0.31999999 0.04288144 0.02078729
v -0.30300000 0.04288144 0.02078729
v -0.31999999 0.04289210 0.02054325
v -0.30300000 0.04289210 0.02054325
v -0.31999999 0.04292398 0.02030107
v -0.30300000 0.04292398 0.02030107
v -0.31999999 0.04297685 0.02006260
v -0.30300000 0.04297685 0.02006260
v -0.31999999 0.04305030 0.01982963
v -0.30300000 0.04305030 0.01982963
v -0.31999999 0.04314378 0.01960396
v -0.30300000 0.04314378 0.01960396
v -0.31999999 0.04325657 0.01938729
v -0.30300000 0.04325657 0.01938729
v -0.31999999 0.04338782 0.01918128
v -0.30300000 0.04338782 0.01918128
v -0.31999999 0.04353652 0.01898748
v -0.30300000 0.04353652 0.01898748
v -0.31999999 0.04370154 0.01880739
v -0.30300000 0.04370154 0.01880739
v -0.31999999 0.04388164 0.01864237
v -0.30300000 0.04388164 0.01864237
v -0.31999999 0.04407543 0.01849366
v -0.30300000 0.04407543 0.01849366
v -0.31999999 0.04428145 0.01836242
v -0.30300000 0.04428145 0.01836242
v -0.31999999 0.04449811 0.01824963
v -0.30300000 0.04449811 0.01824963
v -0.31999999 0.04472379 0.01815615
v -0.30300000 0.04472379 0.01815615
v -0.31999999 0.04495675 0.01808270
v -0.30300000 0.04495675 0.01808270
v -0.31999999 0.04519523 0.01802983
v -0.30300000 0.04519523 0.01802983
v -0.31999999 0.04543741 0.01799794
v -0.30300000 0.04543741 0.01799794
v -0.31999999 0.04568145 0.01798729
v -0.30300000 0.04568145 0.01798729
v -0.31999999 0.04592548 0.01799794
v -0.30300000 0.04592548 0.01799794
v -0.31999999 0.04616766 0.01802983
v -0.30300000 0.04616766 0.01802983
v -0.31999999 0.04640614 0.01808270
v -0.30300000 0.04640614 0.01808270
v -0.31999999 0.04663910 0.01815615
v -0.30300000 0.04663910 0.01815615
v -0.31999999 0.04686478 0.01824963
v -0.30300000 0.04686478 0.01824963
v -0.31999999 0.04708144 0.01836242
v -0.30300000 0.04708144 0.01836242
v -0.31999999 0.04728746 0.01849366
v -0.30300000 0.04728746 0.01849366
v -0.31999999 0.04748125 0.01864237
v -0.30300000 0.04748125 0.01864237
v -0.31999999 0.04766135 0.01880739
v -0.30300000 0.04766135 0.01880739
v -0.31999999 0.04782637 0.01898748
v -0.30300000 0.04782637 0.01898748
v -0.31999999 0.04797507 0.01918128
v -0.30300000 0.04797507 0.01918128
v -0.31999999 0.04810632 0.01938729
v -0.30300000 0.04810632 0.01938729
v -0.31999999 0.04821911 0.01960396
v -0.30300000 0.04821911 0.01960396
v -0.31999999 0.04831259 0.01982963
v -0.30300000 0.04831259 0.01982963
v -0.31999999 0.04838604 0.02006260
v -0.30300000 0.04838604 0.02006260
v -0.31999999 0.04843891 0.02030107
v -0.30300000 0.04843891 0.02030107
v -0.31999999 0.04847079 0.02054325
v -0.30300000 0.04847079 0.02054325
v -0.31999999 0.04848145 0.02078729
v -0.30300000 0.04848145 0.02078729
v -0.31999999 0.04847079 0.02103133
v -0.30300000 0.04847079 0.02103133
v -0.31999999 0.04843891 0.02127350
v -0.30300000 0.04843891 0.02127350
v -0.31999999 0.04838604 0.02151198
v -0.30300000 0.04838604 0.02151198
v -0.31999999 0.04831259 0.02174495
v -0.30300000 0.04831259 0.02174495
v -0.31999999 0.04821911 0.02197062
v -0.30300000 0.04821911 0.02197062
v -0.31999999 0.04810632 0.02218729
v -0.30300000 0.04810632 0.02218729
v -0.31999999 0.04797507 0.02239330
v -0.30300000 0.04797507 0.02239330
v -0.31999999 0.04782637 0.02258709
v -0.30300000 0.04782637 0.02258709
v -0.31999999 0.04766135 0.02276719
v -0.30300000 0.04766135 0.02276719
v -0.31999999 0.04748125 0.02293221
v -0.30300000 0.04748125 0.02293221
v -0.31999999 0.04728746 0.02308092
v -0.30300000 0.04728746 0.02308092
v -0.31999999 0.04708144 0.02321216
v -0.30300000 0.04708144 0.02321216
v -0.31999999 0.04686478 0.02332495
v -0.30300000 0.04686478 0.02332495
v -0.31999999 0.04663910 0.02341843
v -0.30300000 0.04663910 0.02341843
v -0.31999999 0.04640614 0.02349188
v -0.30300000 0.04640614 0.02349188
v -0.31999999 0.04616766 0.02354475
v -0.30300000 0.04616766 0.02354475
v -0.31999999 0.04592548 0.02357663
v -0.30300000 0.04592548 0.02357663
v -0.31999999 0.04568145 0.02358729
v -0.30300000 0.04568145 0.02358729
v -0.31999999 0.04543741 0.02357663
v -0.30300000 0.04543741 0.02357663
v -0.31999999 0.04519523 0.02354475
v -0.30300000 0.04519523 0.02354475
v -0.31999999 0.04495675 0.02349188
v -0.30300000 0.04495675 0.02349188
v -0.31999999 0.04472379 0.02341843
v -0.30300000 0.04472379 0.02341843
v -0.31999999 0.04449811 0.02332495
v -0.30300000 0.04449811 0.02332495
v -0.31999999 0.04428145 0.02321216
v -0.30300000 0.04428145 0.02321216
v -0.31999999 0.04407543 0.02308092
v -0.30300000 0.04407543 0.02308092
v -0.31999999 0.04388164 0.02293221
v -0.30300000 0.04388164 0.02293221
v -0.31999999 0.04370154 0.02276719
v -0.30300000 0.04370154 0.02276719
v -0.31999999 0.04353652 0.02258709
v -0.30300000 0.04353652 0.02258709
v -0.31999999 0.04338782 0.02239330
v -0.30300000 0.04338782 0.02239330
v -0.31999999 0.04325657 0.02218729
v -0.30300000 0.04325657 0.02218729
v -0.31999999 0.04314378 0.02197062
v -0.30300000 0.04314378 0.02197062
v -0.31999999 0.04305030 0.02174495
v -0.30300000 0.04305030 0.02174495
v -0.31999999 0.04297685 0.02151198
v -0.30300000 0.04297685 0.02151198
v -0.31999999 0.04292398 0.02127350
v -0.30300000 0.04292398 0.02127350
v -0.31999999 0.04289210 0.02103133
v -0.30300000 0.04289210 0.02103133
v -0.30300000 0.04568145 0.02078729
v -0.31999999 0.05505836 0.00861038
v -0.30300000 0.05505836 0.00861038
v -0.31999999 0.05506901 0.00836634
v -0.30300000 0.05506901 0.00836634
v -0.31999999 0.05510090 0.00812416
v -0.30300000 0.05510090 0.00812416
v -0.31999999 0.05515376 0.00788568
v -0.30300000 0.05515376 0.00788568
v -0.31999999 0.05522722 0.00765272
v -0.30300000 0.05522722 0.00765272
v -0.31999999 0.05532070 0.00742705
v -0.30300000 0.05532070 0.00742705
v -0.31999999 0.05543349 0.00721038
v -0.30300000 0.05543349 0.00721038
v -0.31999999 0.05556473 0.00700436
v -0.30300000 0.05556473 0.00700436
v -0.31999999 0.05571343 0.00681057
v -0.30300000 0.05571343 0.00681057
v -0.31999999 0.05587846 0.00663048
v -0.30300000 0.05587846 0.00663048
v -0.31999999 0.05605855 0.00646545
v -0.30300000 0.05605855 0.00646545
v -0.31999999 0.05625234 0.00631675
v -0.30300000 0.05625234 0.00631675
v -0.31999999 0.05645836 0.00618551
v -0.30300000 0.05645836 0.00618551
v -0.31999999 0.05667502 0.00607272
v -0.30300000 0.05667502 0.00607272
v -0.31999999 0.05690070 0.00597924
v -0.30300000 0.05690070 0.00597924
v -0.31999999 0.05713366 0.00590579
v -0.30300000 0.05713366 0.00590579
v -0.31999999 0.05737214 0.00585292
v -0.30300000 0.05737214 0.00585292
v -0.31999999 0.05761432 0.00582103
v -0.30300000 0.05761432 0.00582103
v -0.31999999 0.05785836 0.00581038
v -0.30300000 0.05785836 0.00581038
v -0.31999999 0.05810239 0.00582103
v -0.30300000 0.05810239 0.00582103
v -0.31999999 0.05834457 0.00585292
v -0.30300000 0.05834457 0.00585292
v -0.31999999 0.05858305 0.00590579
v -0.30300000 0.05858305 0.00590579
v -0.31999999 0.05881601 0.00597924
v -0.30300000 0.05881601 0.00597924
v -0.31999999 0.05904169 0.00607272
v -0.30300000 0.05904169 0.00607272
v -0.31999999 0.05925836 0.00618551
v -0.30300000 0.05925836 0.00618551
v -0.31999999 0.05946437 0.00631675
v -0.30300000 0.05946437 0.00631675
v -0.31999999 0.05965816 0.00646545
v -0.30300000 0.05965816 0.00646545
v -0.31999999 0.05983826 0.00663048
v -0.30300000 0.05983826 0.00663048
v -0.31999999 0.06000328 0.00681057
v -0.30300000 0.06000328 0.00681057
v -0.31999999 0.06015198 0.00700436
v -0.30300000 0.06015198 0.00700436
v -0.31999999 0.06028323 0.00721038
v -0.30300000 0.06028323 0.00721038
v -0.31999999 0.06039602 0.00742705
v -0.30300000 0.06039602 0.00742705
v -0.31999999 0.06048950 0.00765272
v -0.30300000 0.06048950 0.00765272
v -0.31999999 0.06056295 0.00788568
v -0.30300000 0.06056295 0.00788568
v -0.31999999 0.06061582 0.00812416
v -0.30300000 0.06061582 0.00812416
v -0.31999999 0.06064770 0.00836634
v -0.30300000 0.06064770 0.00836634
v -0.31999999 0.06065836 0.00861038
v -0.30300000 0.06065836 0.00861038
v -0.31999999 0.06064770 0.00885441
v -0.30300000 0.06064770 0.00885441
v -0.31999999 0.06061582 0.00909659
v -0.30300000 0.06061582 0.00909659
v -0.31999999 0.06056295 0.00933507
v -0.30300000 0.06056295 0.00933507
v -0.31999999 0.06048950 0.00956803
v -0.30300000 0.06048950 0.00956803
v -0.31999999 0.06039602 0.00979371
v -0.30300000 0.06039602 0.00979371
v -0.31999999 0.06028323 0.01001038
v -0.30300000 0.06028323 0.01001038
v -0.31999999 0.06015198 0.01021639
v -0.30300000 0.06015198 0.01021639
v -0.31999999 0.06000328 0.01041018
v -0.30300000 0.06000328 0.01041018
v -0.31999999 0.05983826 0.01059028
v -0.30300000 0.05983826 0.01059028
v -0.31999999 0.05965816 0.01075530
v -0.30300000 0.05965816 0.01075530
v -0.31999999 0.05946437 0.01090400
v -0.30300000 0.05946437 0.01090400
v -0.31999999 0.05925836 0.01103525
v -0.30300000 0.05925836 0.01103525
v -0.31999999 0.05904169 0.01114804
v -0.30300000 0.05904169 0.01114804
v -0.31999999 0.05881601 0.01124152
v -0.30300000 0.05881601 0.01124152
v -0.31999999 0.05858305 0.01131497
v -0.30300000 0.05858305 0.01131497
v -0.31999999 0.05834457 0.01136784
v -0.30300000 0.05834457 0.01136784
v -0.31999999 0.05810239 0.01139972
v -0.30300000 0.05810239 0.01139972
v -0.31999999 0.05785836 0.01141038
v -0.30300000 0.05785836 0.01141038
v -0.31999999 0.05761432 0.01139972
v -0.30300000 0.05761432 0.01139972
v -0.31999999 0.05737214 0.01136784
v -0.30300000 0.05737214 0.01136784
v -0.31999999 0.05713366 0.01131497
v -0.30300000 0.05713366 0.01131497
v -0.31999999 0.05690070 0.01124152
v -0.30300000 0.05690070 0.01124152
v -0.31999999 0.05667502 0.01114804
v -0.30300000 0.05667502 0.01114804
v -0.31999999 0.05645836 0.01103525
v -0.30300000 0.05645836 0.01103525
v -0.31999999 0.05625234 0.01090400
v -0.30300000 0.05625234 0.01090400
v -0.31999999 0.05605855 0.01075530
v -0.30300000 0.05605855 0.01075530
v -0.31999999 0.05587846 0.01059028
v -0.30300000 0.05587846 0.01059028
v -0.31999999 0.05571343 0.01041018
v -0.30300000 0.05571343 0.01041018
v -0.31999999 0.05556473 0.01021639
v -0.30300000 0.05556473 0.01021639
v -0.31999999 0.05543349 0.01001038
v -0.30300000 0.05543349 0.01001038
v -0.31999999 0.05532070 0.00979371
v -0.30300000 0.05532070 0.00979371
v -0.31999999 0.05522722 0.00956803
v -0.30300000 0.05522722 0.00956803
v -0.31999999 0.05515376 0.00933507
v -0.30300000 0.05515376 0.00933507
v -0.31999999 0.05510090 0.00909659
v -0.30300000 0.05510090 0.00909659
v -0.31999999 0.05506901 0.00885441
v -0.30300000 0.05506901 0.00885441
v -0.30300000 0.05785836 0.00861038
v -0.31999999 0.01348378 -0.00861038
v -0.30300000 0.01348378 -0.00861038
v -0.31999999 0.01349443 -0.00885441
v -0.30300000 0.01349443 -0.00885441
v -0.31999999 0.01352632 -0.00909659
v -0.30300000 0.01352632 -0.00909659
v -0.31999999 0.01357919 -0.00933507
v -0.30300000 0.01357919 -0.00933507
v -0.31999999 0.01365264 -0.00956803
v -0.30300000 0.01365264 -0.00956803
v -0.31999999 0.01374612 -0.00979371
v -0.30300000 0.01374612 -0.00979371
v -0.31999999 0.01385891 -0.01001038
v -0.30300000 0.01385891 -0.01001038
v -0.31999999 0.01399015 -0.01021639
v -0.30300000 0.01399015 -0.01021639
v -0.31999999 0.01413885 -0.01041018
v -0.30300000 0.01413885 -0.01041018
v -0.31999999 0.01430388 -0.01059028
v -0.30300000 0.01430388 -0.01059028
v -0.31999999 0.01448397 -0.01075530
v -0.30300000 0.01448397 -0.01075530
v -0.31999999 0.01467776 -0.01090400
v -0.30300000 0.01467776 -0.01090400
v -0.31999999 0.01488378 -0.01103525
v -0.30300000 0.01488378 -0.01103525
v -0.31999999 0.01510045 -0.01114804
v -0.30300000 0.01510045 -0.01114804
v -0.31999999 0.01532612 -0.01124152
v -0.30300000 0.01532612 -0.01124152
v -0.31999999 0.01555908 -0.01131497
v -0.30300000 0.01555908 -0.01131497
v -0.31999999 0.01579756 -0.01136784
v -0.30300000 0.01579756 -0.01136784
v -0.31999999 0.01603974 -0.01139972
v -0.30300000 0.01603974 -0.01139972
v -0.31999999 0.01628378 -0.01141038
v -0.30300000 0.01628378 -0.01141038
v -0.31999999 0.01652781 -0.01139972
v -0.30300000 0.01652781 -0.01139972
v -0.31999999 0.01676999 -0.01136784
v -0.30300000 0.01676999 -0.01136784
v -0.31999999 0.01700847 -0.01131497
v -0.30300000 0.01700847 -0.01131497
v -0.31999999 0.01724144 -0.01124152
v -0.30300000 0.01724144 -0.01124152
v -0.31999999 0.01746711 -0.01114804
v -0.30300000 0.01746711 -0.01114804
v -0.31999999 0.01768378 -0.01103525
v -0.30300000 0.01768378 -0.01103525
v -0.31999999 0.01788979 -0.01090400
v -0.30300000 0.01788979 -0.01090400
v -0.31999999 0.01808358 -0.01075530
v -0.30300000 0.01808358 -0.01075530
v -0.31999999 0.01826368 -0.01059028
v -0.30300000 0.01826368 -0.01059028
v -0.31999999 0.01842870 -0.01041018
v -0.30300000 0.01842870 -0.01041018
v -0.31999999 0.01857740 -0.01021639
v -0.30300000 0.01857740 -0.01021639
v -0.31999999 0.01870865 -0.01001038
v -0.30300000 0.01870865 -0.01001038
v -0.31999999 0.01882144 -0.00979371
v -0.30300000 0.01882144 -0.00979371
v -0.31999999 0.01891492 -0.00956803
v -0.30300000 0.01891492 -0.00956803
v -0.31999999 0.01898837 -0.00933507
v -0.30300000 0.01898837 -0.00933507
v -0.31999999 0.01904124 -0.00909659
v -0.30300000 0.01904124 -0.00909659
v -0.31999999 0.01907312 -0.00885441
v -0.30300000 0.01907312 -0.00885441
v -0.31999999 0.01908378 -0.00861038
v -0.30300000 0.01908378 -0.00861038
v -0.31999999 0.01907312 -0.00836634
v -0.30300000 0.01907312 -0.00836634
v -0.31999999 0.01904124 -0.00812416
v -0.30300000 0.01904124 -0.00812416
v -0.31999999 0.01898837 -0.00788568
v -0.30300000 0.01898837 -0.00788568
v -0.31999999 0.01891492 -0.00765272
v -0.30300000 0.01891492 -0.00765272
v -0.31999999 0.01882144 -0.00742705
v -0.30300000 0.01882144 -0.00742705
v -0.31999999 0.01870865 -0.00721038
v -0.30300000 0.01870865 -0.00721038
v -0.31999999 0.01857740 -0.00700436
v -0.30300000 0.01857740 -0.00700436
v -0.31999999 0.01842870 -0.00681057
v -0.30300000 0.01842870 -0.00681057
v -0.31999999 0.01826368 -0.00663048
v -0.30300000 0.01826368 -0.00663048
v -0.31999999 0.01808358 -0.00646545
v -0.30300000 0.01808358 -0.00646545
v -0.31999999 0.01788979 -0.00631675
v -0.30300000 0.01788979 -0.00631675
v -0.31999999 0.01768378 -0.00618551
v -0.30300000 0.01768378 -0.00618551
v -0.31999999 0.01746711 -0.00607272
v -0.30300000 0.01746711 -0.00607272
v -0.31999999 0.01724144 -0.00597924
v -0.30300000 0.01724144 -0.00597924
v -0.31999999 0.01700847 -0.00590579
v -0.30300000 0.01700847 -0.00590579
v -0.31999999 0.01676999 -0.00585292
v -0.30300000 0.01676999 -0.00585292
v -0.31999999 0.01652781 -0.00582103
v -0.30300000 0.01652781 -0.00582103
v -0.31999999 0.01628378 -0.00581038
v -0.30300000 0.01628378 -0.00581038
v -0.31999999 0.01603974 -0.00582103
v -0.30300000 0.01603974 -0.00582103
v -0.31999999 0.01579756 -0.00585292
v -0.30300000 0.01579756 -0.00585292
v -0.31999999 0.01555908 -0.00590579
v -0.30300000 0.01555908 -0.00590579
v -0.31999999 0.01532612 -0.00597924
v -0.30300000 0.01532612 -0.00597924
v -0.31999999 0.01510045 -0.00607272
v -0.30300000 0.01510045 -0.00607272
v -0.31999999 0.01488378 -0.00618551
v -0.30300000 0.01488378 -0.00618551
v -0.31999999 0.01467776 -0.00631675
v -0.30300000 0.01467776 -0.00631675
v -0.31999999 0.01448397 -0.00646545
v -0.30300000 0.01448397 -0.00646545
v -0.31999999 0.01430388 -0.00663048
v -0.30300000 0.01430388 -0.00663048
v -0.31999999 0.01413885 -0.00681057
v -0.30300000 0.01413885 -0.00681057
v -0.31999999 0.01399015 -0.00700436
v -0.30300000 0.01399015 -0.00700436
v -0.31999999 0.01385891 -0.00721038
v -0.30300000 0.01385891 -0.00721038
v -0.31999999 0.01374612 -0.00742705
v -0.30300000 0.01374612 -0.00742705
v -0.31999999 0.01365264 -0.00765272
v -0.30300000 0.01365264 -0.00765272
v -0.31999999 0.01357919 -0.00788568
v -0.30300000 0.01357919 -0.00788568
v -0.31999999 0.01352632 -0.00812416
v -0.30300000 0.01352632 -0.00812416
v -0.31999999 0.01349443 -0.00836634
v -0.30300000 0.01349443 -0.00836634
v -0.30300000 0.01628378 -0.00861038
v -0.31999999 0.03427107 0.01000000
v -0.30300000 0.03427107 0.01000000
v -0.31999999 0.03428172 0.00975596
v -0.30300000 0.03428172 0.00975596
v -0.31999999 0.03431361 0.00951379
v -0.30300000 0.03431361 0.00951379
v -0.31999999 0.03436648 0.00927531
v -0.30300000 0.03436648 0.00927531
v -0.31999999 0.03443993 0.00904234
v -0.30300000 0.03443993 0.00904234
v -0.31999999 0.03453341 0.00881667
v -0.30300000 0.03453341 0.00881667
v -0.31999999 0.03464620 0.00860000
v -0.30300000 0.03464620 0.00860000
v -0.31999999 0.03477744 0.00839399
v -0.30300000 0.03477744 0.00839399
v -0.31999999 0.03492614 0.00820019
v -0.30300000 0.03492614 0.00820019
v -0.31999999 0.03509117 0.00802010
v -0.30300000 0.03509117 0.00802010
v -0.31999999 0.03527126 0.00785508
v -0.30300000 0.03527126 0.00785508
v -0.31999999 0.03546505 0.00770637
v -0.30300000 0.03546505 0.00770637
v -0.31999999 0.03567107 0.00757513
v -0.30300000 0.03567107 0.00757513
v -0.31999999 0.03588774 0.00746234
v -0.30300000 0.03588774 0.00746234
v -0.31999999 0.03611341 0.00736886
v -0.30300000 0.03611341 0.00736886
v -0.31999999 0.03634638 0.00729541
v -0.30300000 0.03634638 0.00729541
v -0.31999999 0.03658485 0.00724254
v -0.30300000 0.03658485 0.00724254
v -0.31999999 0.03682703 0.00721065
v -0.30300000 0.03682703 0.00721065
v -0.31999999 0.03707107 0.00720000
v -0.30300000 0.03707107 0.00720000
v -0.31999999 0.03731510 0.00721065
v -0.30300000 0.03731510 0.00721065
v -0.31999999 0.03755728 0.00724254
v -0.30300000 0.03755728 0.00724254
v -0.31999999 0.03779576 0.00729541
v -0.30300000 0.03779576 0.00729541
v -0.31999999 0.03802872 0.00736886
v -0.30300000 0.03802872 0.00736886
v -0.31999999 0.03825440 0.00746234
v -0.30300000 0.03825440 0.00746234
v -0.31999999 0.03847107 0.00757513
v -0.30300000 0.03847107 0.00757513
v -0.31999999 0.03867708 0.00770637
v -0.30300000 0.03867708 0.00770637
v -0.31999999 0.03887087 0.00785508
v -0.30300000 0.03887087 0.00785508
v -0.31999999 0.03905097 0.00802010
v -0.30300000 0.03905097 0.00802010
v -0.31999999 0.03921599 0.00820019
v -0.30300000 0.03921599 0.00820019
v -0.31999999 0.03936469 0.00839399
v -0.30300000 0.03936469 0.00839399
v -0.31999999 0.03949594 0.00860000
v -0.30300000 0.03949594 0.00860000
v -0.31999999 0.03960873 0.00881667
v -0.30300000 0.03960873 0.00881667
v -0.31999999 0.03970221 0.00904234
v -0.30300000 0.03970221 0.00904234
v -0.31999999 0.03977566 0.00927531
v -0.30300000 0.03977566 0.00927531
v -0.31999999 0.03982853 0.00951379
v -0.30300000 0.03982853 0.00951379
v -0.31999999 0.03986041 0.00975596
v -0.30300000 0.03986041 0.00975596
v -0.31999999 0.03987107 0.01000000
v -0.30300000 0.03987107 0.01000000
v -0.31999999 0.03986041 0.01024404
v -0.30300000 0.03986041 0.01024404
v -0.31999999 0.03982853 0.01048622
v -0.30300000 0.03982853 0.01048622
v -0.31999999 0.03977566 0.01072469
v -0.30300000 0.03977566 0.01072469
v -0.31999999 0.03970221 0.01095766
v -0.30300000 0.03970221 0.01095766
v -0.31999999 0.03960873 0.01118333
v -0.30300000 0.03960873 0.01118333
v -0.31999999 0.03949594 0.01140000
v -0.30300000 0.03949594 0.01140000
v -0.31999999 0.03936469 0.01160601
v -0.30300000 0.03936469 0.01160601
v -0.31999999 0.03921599 0.01179980
v -0.30300000 0.03921599 0.01179980
v -0.31999999 0.03905097 0.01197990
v -0.30300000 0.03905097 0.01197990
v -0.31999999 0.03887087 0.01214492
v -0.30300000 0.03887087 0.01214492
v -0.31999999 0.03867708 0.01229363
v -0.30300000 0.03867708 0.01229363
v -0.31999999 0.03847107 0.01242487
v -0.30300000 0.03847107 0.01242487
v -0.31999999 0.03825440 0.01253766
v -0.30300000 0.03825440 0.01253766
v -0.31999999 0.03802872 0.01263114
v -0.30300000 0.03802872 0.01263114
v -0.31999999 0.03779576 0.01270459
v -0.30300000 0.03779576 0.01270459
v -0.31999999 0.03755728 0.01275746
v -0.30300000 0.03755728 0.01275746
v -0.31999999 0.03731510 0.01278935
v -0.30300000 0.03731510 0.01278935
v -0.31999999 0.03707107 0.01280000
v -0.30300000 0.03707107 0.01280000
v -0.31999999 0.03682703 0.01278935
v -0.30300000 0.03682703 0.01278935
v -0.31999999 0.03658485 0.01275746
v -0.30300000 0.03658485 0.01275746
v -0.31999999 0.03634638 0.01270459
v -0.30300000 0.03634638 0.01270459
v -0.31999999 0.03611341 0.01263114
v -0.30300000 0.03611341 0.01263114
v -0.31999999 0.03588774 0.01253766
v -0.30300000 0.03588774 0.01253766
v -0.31999999 0.03567107 0.01242487
v -0.30300000 0.03567107 0.01242487
v -0.31999999 0.03546505 0.01229363
v -0.30300000 0.03546505 0.01229363
v -0.31999999 0.03527126 0.01214492
v -0.30300000 0.03527126 0.01214492
v -0.31999999 0.03509117 0.01197990
v -0.30300000 0.03509117 0.01197990
v -0.31999999 0.03492614 0.01179980
v -0.30300000 0.03492614 0.01179980
v -0.31999999 0.03477744 0.01160601
v -0.30300000 0.03477744 0.01160601
v -0.31999999 0.03464620 0.01140000
v -0.30300000 0.03464620 0.01140000
v -0.31999999 0.03453341 0.01118333
v -0.30300000 0.03453341 0.01118333
v -0.31999999 0.03443993 0.01095766
v -0.30300000 0.03443993 0.01095766
v -0.31999999 0.03436648 0.01072469
v -0.30300000 0.03436648 0.01072469
v -0.31999999 0.03431361 0.01048622
v -0.30300000 0.03431361 0.01048622
v -0.31999999 0.03428172 0.01024404
v -0.30300000 0.03428172 0.01024404
v -0.30300000 0.03707107 0.01000000
v -0.28607476 0.05145470 0.01010000
v -0.28644669 0.05140574 0.01010000
v -0.28681293 0.05132455 0.01010000
v -0.28717068 0.05121174 0.01010000
v -0.28751725 0.05106819 0.01010000
v -0.28784999 0.05089498 0.01010000
v -0.28816637 0.05069342 0.01010000
v -0.28846398 0.05046506 0.01010000
v -0.28874055 0.05021163 0.01010000
v -0.28899398 0.04993505 0.01010000
v -0.28922236 0.04963745 0.01010000
v -0.28942391 0.04932107 0.01010000
v -0.28959712 0.04898833 0.01010000
v -0.28974068 0.04864176 0.01010000
v -0.28985348 0.04828399 0.01010000
v -0.28993466 0.04791775 0.01010000
v -0.28998363 0.04754584 0.01010000
v -0.28999999 0.04717107 0.01010000
v -0.28999999 0.02697107 0.01010000
v -0.28500000 0.04717107 -0.01010000
v -0.27628991 0.05897107 0.02353778
v -0.27672246 0.05897107 0.02386970
v -0.27718234 0.05897107 0.02416266
v -0.27766597 0.05897107 0.02441442
v -0.27816969 0.05897107 0.02462308
v -0.27868971 0.05897107 0.02478704
v -0.27922201 0.05897107 0.02490505
v -0.27976260 0.05897107 0.02497622
v -0.26723257 0.05897107 0.01593778
v -0.26683059 0.05897107 0.01556942
v -0.26646224 0.05897107 0.01516742
v -0.26613030 0.05897107 0.01473485
v -0.26583734 0.05897107 0.01427500
v -0.26558557 0.05897107 0.01379136
v -0.26537693 0.05897107 0.01328763
v -0.26521295 0.05897107 0.01276762
v -0.26509497 0.05897107 0.01223530
v -0.26502380 0.05897107 0.01169472
v -0.26499999 0.05897107 0.01115000
v -0.26499999 0.05897107 -0.00527500
v -0.26499999 0.05897107 -0.01115000
v -0.27628991 0.05897107 -0.02353778
v -0.27672246 0.05897107 -0.02386970
v -0.27718234 0.05897107 -0.02416266
v -0.27766597 0.05897107 -0.02441442
v -0.27816969 0.05897107 -0.02462308
v -0.27868971 0.05897107 -0.02478704
v -0.27922201 0.05897107 -0.02490505
v -0.27976260 0.05897107 -0.02497622
v -0.28030732 0.05897107 -0.02500000
v -0.26723257 0.05897107 -0.01593778
v -0.26683059 0.05897107 -0.01556942
v -0.26646224 0.05897107 -0.01516742
v -0.26613030 0.05897107 -0.01473485
v -0.26583734 0.05897107 -0.01427500
v -0.26558557 0.05897107 -0.01379136
v -0.26537693 0.05897107 -0.01328763
v -0.26521295 0.05897107 -0.01276762
v -0.26509497 0.05897107 -0.01223530
v -0.26502380 0.05897107 -0.01169472
v -0.29054999 0.04897107 0.01875000
v -0.29054999 0.05897107 0.01875000
v -0.29056218 0.04897107 0.01847110
v -0.29056218 0.05897107 0.01847110
v -0.29059860 0.04897107 0.01819433
v -0.29059860 0.05897107 0.01819433
v -0.29065904 0.04897107 0.01792178
v -0.29065904 0.05897107 0.01792178
v -0.29074299 0.04897107 0.01765553
v -0.29074299 0.05897107 0.01765553
v -0.29084980 0.04897107 0.01739762
v -0.29084980 0.05897107 0.01739762
v -0.29097873 0.04897107 0.01715000
v -0.29097873 0.05897107 0.01715000
v -0.29112872 0.04897107 0.01691456
v -0.29112872 0.05897107 0.01691456
v -0.29129866 0.04897107 0.01669308
v -0.29129866 0.05897107 0.01669308
v -0.29148725 0.04897107 0.01648726
v -0.29148725 0.05897107 0.01648726
v -0.29169309 0.04897107 0.01629866
v -0.29169309 0.05897107 0.01629866
v -0.29191455 0.04897107 0.01612871
v -0.29191455 0.05897107 0.01612871
v -0.29214999 0.04897107 0.01597872
v -0.29214999 0.05897107 0.01597872
v -0.29239762 0.04897107 0.01584982
v -0.29239762 0.05897107 0.01584982
v -0.29265553 0.04897107 0.01574298
v -0.29265553 0.05897107 0.01574298
v -0.29292178 0.04897107 0.01565904
v -0.29292178 0.05897107 0.01565904
v -0.29319432 0.04897107 0.01559862
v -0.29319432 0.05897107 0.01559862
v -0.29347110 0.04897107 0.01556218
v -0.29347110 0.05897107 0.01556218
v -0.29374999 0.04897107 0.01555000
v -0.29374999 0.05897107 0.01555000
v -0.29402891 0.04897107 0.01556218
v -0.29402891 0.05897107 0.01556218
v -0.29430568 0.04897107 0.01559862
v -0.29430568 0.05897107 0.01559862
v -0.29457822 0.04897107 0.01565904
v -0.29457822 0.05897107 0.01565904
v -0.29484448 0.04897107 0.01574298
v -0.29484448 0.05897107 0.01574298
v -0.29510239 0.04897107 0.01584982
v -0.29510239 0.05897107 0.01584982
v -0.29534999 0.04897107 0.01597872
v -0.29534999 0.05897107 0.01597872
v -0.29558545 0.04897107 0.01612871
v -0.29558545 0.05897107 0.01612871
v -0.29580691 0.04897107 0.01629866
v -0.29580691 0.05897107 0.01629866
v -0.29601273 0.04897107 0.01648726
v -0.29601273 0.05897107 0.01648726
v -0.29620135 0.04897107 0.01669308
v -0.29620135 0.05897107 0.01669308
v -0.29637128 0.04897107 0.01691456
v -0.29637128 0.05897107 0.01691456
v -0.29652128 0.04897107 0.01715000
v -0.29652128 0.05897107 0.01715000
v -0.29665017 0.04897107 0.01739762
v -0.29665017 0.05897107 0.01739762
v -0.29675701 0.04897107 0.01765553
v -0.29675701 0.05897107 0.01765553
v -0.29684097 0.04897107 0.01792178
v -0.29684097 0.05897107 0.01792178
v -0.29690138 0.04897107 0.01819433
v -0.29690138 0.05897107 0.01819433
v -0.29693782 0.04897107 0.01847110
v -0.29693782 0.05897107 0.01847110
v -0.29695001 0.04897107 0.01875000
v -0.29695001 0.05897107 0.01875000
v -0.29693782 0.04897107 0.01902890
v -0.29693782 0.05897107 0.01902890
v -0.29690138 0.04897107 0.01930567
v -0.29690138 0.05897107 0.01930567
v -0.29684097 0.04897107 0.01957822
v -0.29684097 0.05897107 0.01957822
v -0.29675701 0.04897107 0.01984446
v -0.29675701 0.05897107 0.01984446
v -0.29665017 0.04897107 0.02010238
v -0.29665017 0.05897107 0.02010238
v -0.29652128 0.04897107 0.02035000
v -0.29652128 0.05897107 0.02035000
v -0.29637128 0.04897107 0.02058544
v -0.29637128 0.05897107 0.02058544
v -0.29620135 0.04897107 0.02080692
v -0.29620135 0.05897107 0.02080692
v -0.29601273 0.04897107 0.02101274
v -0.29601273 0.05897107 0.02101274
v -0.29580691 0.04897107 0.02120134
v -0.29580691 0.05897107 0.02120134
v -0.29558545 0.04897107 0.02137129
v -0.29558545 0.05897107 0.02137129
v -0.29534999 0.04897107 0.02152128
v -0.29534999 0.05897107 0.02152128
v -0.29510239 0.04897107 0.02165019
v -0.29510239 0.05897107 0.02165019
v -0.29484448 0.04897107 0.02175702
v -0.29484448 0.05897107 0.02175702
v -0.29457822 0.04897107 0.02184096
v -0.29457822 0.05897107 0.02184096
v -0.29430568 0.04897107 0.02190138
v -0.29430568 0.05897107 0.02190138
v -0.29402891 0.04897107 0.02193782
v -0.29402891 0.05897107 0.02193782
v -0.29374999 0.04897107 0.02195000
v -0.29374999 0.05897107 0.02195000
v -0.29347110 0.04897107 0.02193782
v -0.29347110 0.05897107 0.02193782
v -0.29319432 0.04897107 0.02190138
v -0.29319432 0.05897107 0.02190138
v -0.29292178 0.04897107 0.02184096
v -0.29292178 0.05897107 0.02184096
v -0.29265553 0.04897107 0.02175702
v -0.29265553 0.05897107 0.02175702
v -0.29239762 0.04897107 0.02165019
v -0.29239762 0.05897107 0.02165019
v -0.29214999 0.04897107 0.02152128
v -0.29214999 0.05897107 0.02152128
v -0.29191455 0.04897107 0.02137129
v -0.29191455 0.05897107 0.02137129
v -0.29169309 0.04897107 0.02120134
v -0.29169309 0.05897107 0.02120134
v -0.29148725 0.04897107 0.02101274
v -0.29148725 0.05897107 0.02101274
v -0.29129866 0.04897107 0.02080692
v -0.29129866 0.05897107 0.02080692
v -0.29112872 0.04897107 0.02058544
v -0.29112872 0.05897107 0.02058544
v -0.29097873 0.04897107 0.02035000
v -0.29097873 0.05897107 0.02035000
v -0.29084980 0.04897107 0.02010238
v -0.29084980 0.05897107 0.02010238
v -0.29074299 0.04897107 0.01984446
v -0.29074299 0.05897107 0.01984446
v -0.29065904 0.04897107 0.01957822
v -0.29065904 0.05897107 0.01957822
v -0.29059860 0.04897107 0.01930567
v -0.29059860 0.05897107 0.01930567
v -0.29056218 0.04897107 0.01902890
v -0.29056218 0.05897107 0.01902890
v -0.29374999 0.04897107 0.01875000
v -0.29054999 0.04897107 -0.01875000
v -0.29054999 0.05897107 -0.01875000
v -0.29056218 0.04897107 -0.01902890
v -0.29056218 0.05897107 -0.01902890
v -0.29059860 0.04897107 -0.01930567
v -0.29059860 0.05897107 -0.01930567
v -0.29065904 0.04897107 -0.01957822
v -0.29065904 0.05897107 -0.01957822
v -0.29074299 0.04897107 -0.01984446
v -0.29074299 0.05897107 -0.01984446
v -0.29084980 0.04897107 -0.02010238
v -0.29084980 0.05897107 -0.02010238
v -0.29097873 0.04897107 -0.02035000
v -0.29097873 0.05897107 -0.02035000
v -0.29112872 0.04897107 -0.02058544
v -0.29112872 0.05897107 -0.02058544
v -0.29129866 0.04897107 -0.02080692
v -0.29129866 0.05897107 -0.02080692
v -0.29148725 0.04897107 -0.02101274
v -0.29148725 0.05897107 -0.02101274
v -0.29169309 0.04897107 -0.02120134
v -0.29169309 0.05897107 -0.02120134
v -0.29191455 0.04897107 -0.02137129
v -0.29191455 0.05897107 -0.02137129
v -0.29214999 0.04897107 -0.02152128
v -0.29214999 0.05897107 -0.02152128
v -0.29239762 0.04897107 -0.02165019
v -0.29239762 0.05897107 -0.02165019
v -0.29265553 0.04897107 -0.02175702
v -0.29265553 0.05897107 -0.02175702
v -0.29292178 0.04897107 -0.02184096
v -0.29292178 0.05897107 -0.02184096
v -0.29319432 0.04897107 -0.02190138
v -0.29319432 0.05897107 -0.02190138
v -0.29347110 0.04897107 -0.02193782
v -0.29347110 0.05897107 -0.02193782
v -0.29374999 0.04897107 -0.02195000
v -0.29374999 0.05897107 -0.02195000
v -0.29402891 0.04897107 -0.02193782
v -0.29402891 0.05897107 -0.02193782
v -0.29430568 0.04897107 -0.02190138
v -0.29430568 0.05897107 -0.02190138
v -0.29457822 0.04897107 -0.02184096
v -0.29457822 0.05897107 -0.02184096
v -0.29484448 0.04897107 -0.02175702
v -0.29484448 0.05897107 -0.02175702
v -0.29510239 0.04897107 -0.02165019
v -0.29510239 0.05897107 -0.02165019
v -0.29534999 0.04897107 -0.02152128
v -0.29534999 0.05897107 -0.02152128
v -0.29558545 0.04897107 -0.02137129
v -0.29558545 0.05897107 -0.02137129
v -0.29580691 0.04897107 -0.02120134
v -0.29580691 0.05897107 -0.02120134
v -0.29601273 0.04897107 -0.02101274
v -0.29601273 0.05897107 -0.02101274
v -0.29620135 0.04897107 -0.02080692
v -0.29620135 0.05897107 -0.02080692
v -0.29637128 0.04897107 -0.02058544
v -0.29637128 0.05897107 -0.02058544
v -0.29652128 0.04897107 -0.02035000
v -0.29652128 0.05897107 -0.02035000
v -0.29665017 0.04897107 -0.02010238
v -0.29665017 0.05897107 -0.02010238
v -0.29675701 0.04897107 -0.01984446
v -0.29675701 0.05897107 -0.01984446
v -0.29684097 0.04897107 -0.01957822
v -0.29684097 0.05897107 -0.01957822
v -0.29690138 0.04897107 -0.01930567
v -0.29690138 0.05897107 -0.01930567
v -0.29693782 0.04897107 -0.01902890
v -0.29693782 0.05897107 -0.01902890
v -0.29695001 0.04897107 -0.01875000
v -0.29695001 0.05897107 -0.01875000
v -0.29693782 0.04897107 -0.01847110
v -0.29693782 0.05897107 -0.01847110
v -0.29690138 0.04897107 -0.01819433
v -0.29690138 0.05897107 -0.01819433
v -0.29684097 0.04897107 -0.01792178
v -0.29684097 0.05897107 -0.01792178
v -0.29675701 0.04897107 -0.01765553
v -0.29675701 0.05897107 -0.01765553
v -0.29665017 0.04897107 -0.01739762
v -0.29665017 0.05897107 -0.01739762
v -0.29652128 0.04897107 -0.01715000
v -0.29652128 0.05897107 -0.01715000
v -0.29637128 0.04897107 -0.01691456
v -0.29637128 0.05897107 -0.01691456
v -0.29620135 0.04897107 -0.01669308
v -0.29620135 0.05897107 -0.01669308
v -0.29601273 0.04897107 -0.01648726
v -0.29601273 0.05897107 -0.01648726
v -0.29580691 0.04897107 -0.01629866
v -0.29580691 0.05897107 -0.01629866
v -0.29558545 0.04897107 -0.01612871
v -0.29558545 0.05897107 -0.01612871
v -0.29534999 0.04897107 -0.01597872
v -0.29534999 0.05897107 -0.01597872
v -0.29510239 0.04897107 -0.01584982
v -0.29510239 0.05897107 -0.01584982
v -0.29484448 0.04897107 -0.01574298
v -0.29484448 0.05897107 -0.01574298
v -0.29457822 0.04897107 -0.01565904
v -0.29457822 0.05897107 -0.01565904
v -0.29430568 0.04897107 -0.01559862
v -0.29430568 0.05897107 -0.01559862
v -0.29402891 0.04897107 -0.01556218
v -0.29402891 0.05897107 -0.01556218
v -0.29374999 0.04897107 -0.01555000
v -0.29374999 0.05897107 -0.01555000
v -0.29347110 0.04897107 -0.01556218
v -0.29347110 0.05897107 -0.01556218
v -0.29319432 0.04897107 -0.01559862
v -0.29319432 0.05897107 -0.01559862
v -0.29292178 0.04897107 -0.01565904
v -0.29292178 0.05897107 -0.01565904
v -0.29265553 0.04897107 -0.01574298
v -0.29265553 0.05897107 -0.01574298
v -0.29239762 0.04897107 -0.01584982
v -0.29239762 0.05897107 -0.01584982
v -0.29214999 0.04897107 -0.01597872
v -0.29214999 0.05897107 -0.01597872
v -0.29191455 0.04897107 -0.01612871
v -0.29191455 0.05897107 -0.01612871
v -0.29169309 0.04897107 -0.01629866
v -0.29169309 0.05897107 -0.01629866
v -0.29148725 0.04897107 -0.01648726
v -0.29148725 0.05897107 -0.01648726
v -0.29129866 0.04897107 -0.01669308
v -0.29129866 0.05897107 -0.01669308
v -0.29112872 0.04897107 -0.01691456
v -0.29112872 0.05897107 -0.01691456
v -0.29097873 0.04897107 -0.01715000
v -0.29097873 0.05897107 -0.01715000
v -0.29084980 0.04897107 -0.01739762
v -0.29084980 0.05897107 -0.01739762
v -0.29074299 0.04897107 -0.01765553
v -0.29074299 0.05897107 -0.01765553
v -0.29065904 0.04897107 -0.01792178
v -0.29065904 0.05897107 -0.01792178
v -0.29059860 0.04897107 -0.01819433
v -0.29059860 0.05897107 -0.01819433
v -0.29056218 0.04897107 -0.01847110
v -0.29056218 0.05897107 -0.01847110
v -0.29374999 0.04897107 -0.01875000
v -0.29054999 0.01517107 -0.01875000
v -0.29054999 0.02517107 -0.01875000
v -0.29056218 0.01517107 -0.01902890
v -0.29056218 0.02517107 -0.01902890
v -0.29059860 0.01517107 -0.01930567
v -0.29059860 0.02517107 -0.01930567
v -0.29065904 0.01517107 -0.01957822
v -0.29065904 0.02517107 -0.01957822
v -0.29074299 0.01517107 -0.01984446
v -0.29074299 0.02517107 -0.01984446
v -0.29084980 0.01517107 -0.02010238
v -0.29084980 0.02517107 -0.02010238
v -0.29097873 0.01517107 -0.02035000
v -0.29097873 0.02517107 -0.02035000
v -0.29112872 0.01517107 -0.02058544
v -0.29112872 0.02517107 -0.02058544
v -0.29129866 0.01517107 -0.02080692
v -0.29129866 0.02517107 -0.02080692
v -0.29148725 0.01517107 -0.02101274
v -0.29148725 0.02517107 -0.02101274
v -0.29169309 0.01517107 -0.02120134
v -0.29169309 0.02517107 -0.02120134
v -0.29191455 0.01517107 -0.02137129
v -0.29191455 0.02517107 -0.02137129
v -0.29214999 0.01517107 -0.02152128
v -0.29214999 0.02517107 -0.02152128
v -0.29239762 0.01517107 -0.02165019
v -0.29239762 0.02517107 -0.02165019
v -0.29265553 0.01517107 -0.02175702
v -0.29265553 0.02517107 -0.02175702
v -0.29292178 0.01517107 -0.02184096
v -0.29292178 0.02517107 -0.02184096
v -0.29319432 0.01517107 -0.02190138
v -0.29319432 0.02517107 -0.02190138
v -0.29347110 0.01517107 -0.02193782
v -0.29347110 0.02517107 -0.02193782
v -0.29374999 0.01517107 -0.02195000
v -0.29374999 0.02517107 -0.02195000
v -0.29402891 0.01517107 -0.02193782
v -0.29402891 0.02517107 -0.02193782
v -0.29430568 0.01517107 -0.02190138
v -0.29430568 0.02517107 -0.02190138
v -0.29457822 0.01517107 -0.02184096
v -0.29457822 0.02517107 -0.02184096
v -0.29484448 0.01517107 -0.02175702
v -0.29484448 0.02517107 -0.02175702
v -0.29510239 0.01517107 -0.02165019
v -0.29510239 0.02517107 -0.02165019
v -0.29534999 0.01517107 -0.02152128
v -0.29534999 0.02517107 -0.02152128
v -0.29558545 0.01517107 -0.02137129
v -0.29558545 0.02517107 -0.02137129
v -0.29580691 0.01517107 -0.02120134
v -0.29580691 0.02517107 -0.02120134
v -0.29601273 0.01517107 -0.02101274
v -0.29601273 0.02517107 -0.02101274
v -0.29620135 0.01517107 -0.02080692
v -0.29620135 0.02517107 -0.02080692
v -0.29637128 0.01517107 -0.02058544
v -0.29637128 0.02517107 -0.02058544
v -0.29652128 0.01517107 -0.02035000
v -0.29652128 0.02517107 -0.02035000
v -0.29665017 0.01517107 -0.02010238
v -0.29665017 0.02517107 -0.02010238
v -0.29675701 0.01517107 -0.01984446
v -0.29675701 0.02517107 -0.01984446
v -0.29684097 0.01517107 -0.01957822
v -0.29684097 0.02517107 -0.01957822
v -0.29690138 0.01517107 -0.01930567
v -0.29690138 0.02517107 -0.01930567
v -0.29693782 0.01517107 -0.01902890
v -0.29693782 0.02517107 -0.01902890
v -0.29695001 0.01517107 -0.01875000
v -0.29695001 0.02517107 -0.01875000
v -0.29693782 0.01517107 -0.01847110
v -0.29693782 0.02517107 -0.01847110
v -0.29690138 0.01517107 -0.01819433
v -0.29690138 0.02517107 -0.01819433
v -0.29684097 0.01517107 -0.01792178
v -0.29684097 0.02517107 -0.01792178
v -0.29675701 0.01517107 -0.01765553
v -0.29675701 0.02517107 -0.01765553
v -0.29665017 0.01517107 -0.01739762
v -0.29665017 0.02517107 -0.01739762
v -0.29652128 0.01517107 -0.01715000
v -0.29652128 0.02517107 -0.01715000
v -0.29637128 0.01517107 -0.01691456
v -0.29637128 0.02517107 -0.01691456
v -0.29620135 0.01517107 -0.01669308
v -0.29620135 0.02517107 -0.01669308
v -0.29601273 0.01517107 -0.01648726
v -0.29601273 0.02517107 -0.01648726
v -0.29580691 0.01517107 -0.01629866
v -0.29580691 0.02517107 -0.01629866
v -0.29558545 0.01517107 -0.01612871
v -0.29558545 0.02517107 -0.01612871
v -0.29534999 0.01517107 -0.01597872
v -0.29534999 0.02517107 -0.01597872
v -0.29510239 0.01517107 -0.01584982
v -0.29510239 0.02517107 -0.01584982
v -0.29484448 0.01517107 -0.01574298
v -0.29484448 0.02517107 -0.01574298
v -0.29457822 0.01517107 -0.01565904
v -0.29457822 0.02517107 -0.01565904
v -0.29430568 0.01517107 -0.01559862
v -0.29430568 0.02517107 -0.01559862
v -0.29402891 0.01517107 -0.01556218
v -0.29402891 0.02517107 -0.01556218
v -0.29374999 0.01517107 -0.01555000
v -0.29374999 0.02517107 -0.01555000
v -0.29347110 0.01517107 -0.01556218
v -0.29347110 0.02517107 -0.01556218
v -0.29319432 0.01517107 -0.01559862
v -0.29319432 0.02517107 -0.01559862
v -0.29292178 0.01517107 -0.01565904
v -0.29292178 0.02517107 -0.01565904
v -0.29265553 0.01517107 -0.01574298
v -0.29265553 0.02517107 -0.01574298
v -0.29239762 0.01517107 -0.01584982
v -0.29239762 0.02517107 -0.01584982
v -0.29214999 0.01517107 -0.01597872
v -0.29214999 0.02517107 -0.01597872
v -0.29191455 0.01517107 -0.01612871
v -0.29191455 0.02517107 -0.01612871
v -0.29169309 0.01517107 -0.01629866
v -0.29169309 0.02517107 -0.01629866
v -0.29148725 0.01517107 -0.01648726
v -0.29148725 0.02517107 -0.01648726
v -0.29129866 0.01517107 -0.01669308
v -0.29129866 0.02517107 -0.01669308
v -0.29112872 0.01517107 -0.01691456
v -0.29112872 0.02517107 -0.01691456
v -0.29097873 0.01517107 -0.01715000
v -0.29097873 0.02517107 -0.01715000
v -0.29084980 0.01517107 -0.01739762
v -0.29084980 0.02517107 -0.01739762
v -0.29074299 0.01517107 -0.01765553
v -0.29074299 0.02517107 -0.01765553
v -0.29065904 0.01517107 -0.01792178
v -0.29065904 0.02517107 -0.01792178
v -0.29059860 0.01517107 -0.01819433
v -0.29059860 0.02517107 -0.01819433
v -0.29056218 0.01517107 -0.01847110
v -0.29056218 0.02517107 -0.01847110
v -0.29374999 0.02517107 -0.01875000
v -0.29054999 0.01517107 0.01875000
v -0.29054999 0.02517107 0.01875000
v -0.29056218 0.01517107 0.01847110
v -0.29056218 0.02517107 0.01847110
v -0.29059860 0.01517107 0.01819433
v -0.29059860 0.02517107 0.01819433
v -0.29065904 0.01517107 0.01792178
v -0.29065904 0.02517107 0.01792178
v -0.29074299 0.01517107 0.01765553
v -0.29074299 0.02517107 0.01765553
v -0.29084980 0.01517107 0.01739762
v -0.29084980 0.02517107 0.01739762
v -0.29097873 0.01517107 0.01715000
v -0.29097873 0.02517107 0.01715000
v -0.29112872 0.01517107 0.01691456
v -0.29112872 0.02517107 0.01691456
v -0.29129866 0.01517107 0.01669308
v -0.29129866 0.02517107 0.01669308
v -0.29148725 0.01517107 0.01648726
v -0.29148725 0.02517107 0.01648726
v -0.29169309 0.01517107 0.01629866
v -0.29169309 0.02517107 0.01629866
v -0.29191455 0.01517107 0.01612871
v -0.29191455 0.02517107 0.01612871
v -0.29214999 0.01517107 0.01597872
v -0.29214999 0.02517107 0.01597872
v -0.29239762 0.01517107 0.01584982
v -0.29239762 0.02517107 0.01584982
v -0.29265553 0.01517107 0.01574298
v -0.29265553 0.02517107 0.01574298
v -0.29292178 0.01517107 0.01565904
v -0.29292178 0.02517107 0.01565904
v -0.29319432 0.01517107 0.01559862
v -0.29319432 0.02517107 0.01559862
v -0.29347110 0.01517107 0.01556218
v -0.29347110 0.02517107 0.01556218
v -0.29374999 0.01517107 0.01555000
v -0.29374999 0.02517107 0.01555000
v -0.29402891 0.01517107 0.01556218
v -0.29402891 0.02517107 0.01556218
v -0.29430568 0.01517107 0.01559862
v -0.29430568 0.02517107 0.01559862
v -0.29457822 0.01517107 0.01565904
v -0.29457822 0.02517107 0.01565904
v -0.29484448 0.01517107 0.01574298
v -0.29484448 0.02517107 0.01574298
v -0.29510239 0.01517107 0.01584982
v -0.29510239 0.02517107 0.01584982
v -0.29534999 0.01517107 0.01597872
v -0.29534999 0.02517107 0.01597872
v -0.29558545 0.01517107 0.01612871
v -0.29558545 0.02517107 0.01612871
v -0.29580691 0.01517107 0.01629866
v -0.29580691 0.02517107 0.01629866
v -0.29601273 0.01517107 0.01648726
v -0.29601273 0.02517107 0.01648726
v -0.29620135 0.01517107 0.01669308
v -0.29620135 0.02517107 0.01669308
v -0.29637128 0.01517107 0.01691456
v -0.29637128 0.02517107 0.01691456
v -0.29652128 0.01517107 0.01715000
v -0.29652128 0.02517107 0.01715000
v -0.29665017 0.01517107 0.01739762
v -0.29665017 0.02517107 0.01739762
v -0.29675701 0.01517107 0.01765553
v -0.29675701 0.02517107 0.01765553
v -0.29684097 0.01517107 0.01792178
v -0.29684097 0.02517107 0.01792178
v -0.29690138 0.01517107 0.01819433
v -0.29690138 0.02517107 0.01819433
v -0.29693782 0.01517107 0.01847110
v -0.29693782 0.02517107 0.01847110
v -0.29695001 0.01517107 0.01875000
v -0.29695001 0.02517107 0.01875000
v -0.29693782 0.01517107 0.01902890
v -0.29693782 0.02517107 0.01902890
v -0.29690138 0.01517107 0.01930567
v -0.29690138 0.02517107 0.01930567
v -0.29684097 0.01517107 0.01957822
v -0.29684097 0.02517107 0.01957822
v -0.29675701 0.01517107 0.01984446
v -0.29675701 0.02517107 0.01984446
v -0.29665017 0.01517107 0.02010238
v -0.29665017 0.02517107 0.02010238
v -0.29652128 0.01517107 0.02035000
v -0.29652128 0.02517107 0.02035000
v -0.29637128 0.01517107 0.02058544
v -0.29637128 0.02517107 0.02058544
v -0.29620135 0.01517107 0.02080692
v -0.29620135 0.02517107 0.02080692
v -0.29601273 0.01517107 0.02101274
v -0.29601273 0.02517107 0.02101274
v -0.29580691 0.01517107 0.02120134
v -0.29580691 0.02517107 0.02120134
v -0.29558545 0.01517107 0.02137129
v -0.29558545 0.02517107 0.02137129
v -0.29534999 0.01517107 0.02152128
v -0.29534999 0.02517107 0.02152128
v -0.29510239 0.01517107 0.02165019
v -0.29510239 0.02517107 0.02165019
v -0.29484448 0.01517107 0.02175702
v -0.29484448 0.02517107 0.02175702
v -0.29457822 0.01517107 0.02184096
v -0.29457822 0.02517107 0.02184096
v -0.29430568 0.01517107 0.02190138
v -0.29430568 0.02517107 0.02190138
v -0.29402891 0.01517107 0.02193782
v -0.29402891 0.02517107 0.02193782
v -0.29374999 0.01517107 0.02195000
v -0.29374999 0.02517107 0.02195000
v -0.29347110 0.01517107 0.02193782
v -0.29347110 0.02517107 0.02193782
v -0.29319432 0.01517107 0.02190138
v -0.29319432 0.02517107 0.02190138
v -0.29292178 0.01517107 0.02184096
v -0.29292178 0.02517107 0.02184096
v -0.29265553 0.01517107 0.02175702
v -0.29265553 0.02517107 0.02175702
v -0.29239762 0.01517107 0.02165019
v -0.29239762 0.02517107 0.02165019
v -0.29214999 0.01517107 0.02152128
v -0.29214999 0.02517107 0.02152128
v -0.29191455 0.01517107 0.02137129
v -0.29191455 0.02517107 0.02137129
v -0.29169309 0.01517107 0.02120134
v -0.29169309 0.02517107 0.02120134
v -0.29148725 0.01517107 0.02101274
v -0.29148725 0.02517107 0.02101274
v -0.29129866 0.01517107 0.02080692
v -0.29129866 0.02517107 0.02080692
v -0.29112872 0.01517107 0.02058544
v -0.29112872 0.02517107 0.02058544
v -0.29097873 0.01517107 0.02035000
v -0.29097873 0.02517107 0.02035000
v -0.29084980 0.01517107 0.02010238
v -0.29084980 0.02517107 0.02010238
v -0.29074299 0.01517107 0.01984446
v -0.29074299 0.02517107 0.01984446
v -0.29065904 0.01517107 0.01957822
v -0.29065904 0.02517107 0.01957822
v -0.29059860 0.01517107 0.01930567
v -0.29059860 0.02517107 0.01930567
v -0.29056218 0.01517107 0.01902890
v -0.29056218 0.02517107 0.01902890
v -0.29374999 0.02517107 0.01875000
v -0.26804999 0.05897107 -0.01115000
v -0.26806217 0.05897107 -0.01142890
v -0.26809862 0.05897107 -0.01170567
v -0.26815903 0.05897107 -0.01197822
v -0.26824299 0.05897107 -0.01224446
v -0.26834983 0.05897107 -0.01250238
v -0.26847872 0.05897107 -0.01275000
v -0.26862872 0.05897107 -0.01298544
v -0.26879865 0.05897107 -0.01320692
v -0.26898727 0.05897107 -0.01341274
v -0.26919308 0.05897107 -0.01360134
v -0.26941454 0.05897107 -0.01377129
v -0.26965001 0.05897107 -0.01392128
v -0.26989761 0.05897107 -0.01405018
v -0.27015555 0.05897107 -0.01415702
v -0.27042177 0.05897107 -0.01424096
v -0.27069432 0.05897107 -0.01430138
v -0.27097109 0.05897107 -0.01433782
v -0.27125001 0.05897107 -0.01435000
v -0.27152890 0.05897107 -0.01433782
v -0.27180567 0.05897107 -0.01430138
v -0.27207822 0.05897107 -0.01424096
v -0.27234447 0.05897107 -0.01415702
v -0.27260238 0.05897107 -0.01405018
v -0.27285001 0.05897107 -0.01392128
v -0.27308545 0.05897107 -0.01377129
v -0.27330691 0.05897107 -0.01360134
v -0.27351275 0.05897107 -0.01341274
v -0.27370134 0.05897107 -0.01320692
v -0.27387127 0.05897107 -0.01298544
v -0.27402127 0.05897107 -0.01275000
v -0.27415019 0.05897107 -0.01250238
v -0.27425700 0.05897107 -0.01224446
v -0.27434096 0.05897107 -0.01197822
v -0.27440140 0.05897107 -0.01170567
v -0.27443781 0.05897107 -0.01142890
v -0.27445000 0.05897107 -0.01115000
v -0.27443781 0.05897107 -0.01087110
v -0.27440140 0.05897107 -0.01059433
v -0.27434096 0.05897107 -0.01032178
v -0.27425700 0.05897107 -0.01005554
v -0.27415019 0.05897107 -0.00979762
v -0.27402127 0.05897107 -0.00955000
v -0.27387127 0.05897107 -0.00931456
v -0.27370134 0.05897107 -0.00909308
v -0.27351275 0.05897107 -0.00888726
v -0.27330691 0.05897107 -0.00869866
v -0.27308545 0.05897107 -0.00852871
v -0.27285001 0.05897107 -0.00837872
v -0.27260238 0.05897107 -0.00824981
v -0.27234447 0.05897107 -0.00814298
v -0.27207822 0.05897107 -0.00805904
v -0.27180567 0.05897107 -0.00799862
v -0.27152890 0.05897107 -0.00796218
v -0.27125001 0.05897107 -0.00795000
v -0.27097109 0.05897107 -0.00796218
v -0.27069432 0.05897107 -0.00799862
v -0.27042177 0.05897107 -0.00805904
v -0.27015555 0.05897107 -0.00814298
v -0.26989761 0.05897107 -0.00824981
v -0.26965001 0.05897107 -0.00837872
v -0.26941454 0.05897107 -0.00852871
v -0.26919308 0.05897107 -0.00869866
v -0.26898727 0.05897107 -0.00888726
v -0.26879865 0.05897107 -0.00909308
v -0.26862872 0.05897107 -0.00931456
v -0.26847872 0.05897107 -0.00955000
v -0.26834983 0.05897107 -0.00979762
v -0.26824299 0.05897107 -0.01005554
v -0.26815903 0.05897107 -0.01032178
v -0.26809862 0.05897107 -0.01059433
v -0.26806217 0.05897107 -0.01087110
v -0.26804999 0.01517107 -0.01115000
v -0.26804999 0.02267107 -0.01115000
v -0.26806217 0.01517107 -0.01142890
v -0.26806217 0.02267107 -0.01142890
v -0.26809862 0.01517107 -0.01170567
v -0.26809862 0.02267107 -0.01170567
v -0.26815903 0.01517107 -0.01197822
v -0.26815903 0.02267107 -0.01197822
v -0.26824299 0.01517107 -0.01224446
v -0.26824299 0.02267107 -0.01224446
v -0.26834983 0.01517107 -0.01250238
v -0.26834983 0.02267107 -0.01250238
v -0.26847872 0.01517107 -0.01275000
v -0.26847872 0.02267107 -0.01275000
v -0.26862872 0.01517107 -0.01298544
v -0.26862872 0.02267107 -0.01298544
v -0.26879865 0.01517107 -0.01320692
v -0.26879865 0.02267107 -0.01320692
v -0.26898727 0.01517107 -0.01341274
v -0.26898727 0.02267107 -0.01341274
v -0.26919308 0.01517107 -0.01360134
v -0.26919308 0.02267107 -0.01360134
v -0.26941454 0.01517107 -0.01377129
v -0.26941454 0.02267107 -0.01377129
v -0.26965001 0.01517107 -0.01392128
v -0.26965001 0.02267107 -0.01392128
v -0.26989761 0.01517107 -0.01405018
v -0.26989761 0.02267107 -0.01405018
v -0.27015555 0.01517107 -0.01415702
v -0.27015555 0.02267107 -0.01415702
v -0.27042177 0.01517107 -0.01424096
v -0.27042177 0.02267107 -0.01424096
v -0.27069432 0.01517107 -0.01430138
v -0.27069432 0.02267107 -0.01430138
v -0.27097109 0.01517107 -0.01433782
v -0.27097109 0.02267107 -0.01433782
v -0.27125001 0.01517107 -0.01435000
v -0.27125001 0.02267107 -0.01435000
v -0.27152890 0.01517107 -0.01433782
v -0.27152890 0.02267107 -0.01433782
v -0.27180567 0.01517107 -0.01430138
v -0.27180567 0.02267107 -0.01430138
v -0.27207822 0.01517107 -0.01424096
v -0.27207822 0.02267107 -0.01424096
v -0.27234447 0.01517107 -0.01415702
v -0.27234447 0.02267107 -0.01415702
v -0.27260238 0.01517107 -0.01405018
v -0.27260238 0.02267107 -0.01405018
v -0.27285001 0.01517107 -0.01392128
v -0.27285001 0.02267107 -0.01392128
v -0.27308545 0.01517107 -0.01377129
v -0.27308545 0.02267107 -0.01377129
v -0.27330691 0.01517107 -0.01360134
v -0.27330691 0.02267107 -0.01360134
v -0.27351275 0.01517107 -0.01341274
v -0.27351275 0.02267107 -0.01341274
v -0.27370134 0.01517107 -0.01320692
v -0.27370134 0.02267107 -0.01320692
v -0.27387127 0.01517107 -0.01298544
v -0.27387127 0.02267107 -0.01298544
v -0.27402127 0.01517107 -0.01275000
v -0.27402127 0.02267107 -0.01275000
v -0.27415019 0.01517107 -0.01250238
v -0.27415019 0.02267107 -0.01250238
v -0.27425700 0.01517107 -0.01224446
v -0.27425700 0.02267107 -0.01224446
v -0.27434096 0.01517107 -0.01197822
v -0.27434096 0.02267107 -0.01197822
v -0.27440140 0.01517107 -0.01170567
v -0.27440140 0.02267107 -0.01170567
v -0.27443781 0.01517107 -0.01142890
v -0.27443781 0.02267107 -0.01142890
v -0.27445000 0.01517107 -0.01115000
v -0.27445000 0.02267107 -0.01115000
v -0.27443781 0.01517107 -0.01087110
v -0.27443781 0.02267107 -0.01087110
v -0.27440140 0.01517107 -0.01059433
v -0.27440140 0.02267107 -0.01059433
v -0.27434096 0.01517107 -0.01032178
v -0.27434096 0.02267107 -0.01032178
v -0.27425700 0.01517107 -0.01005554
v -0.27425700 0.02267107 -0.01005554
v -0.27415019 0.01517107 -0.00979762
v -0.27415019 0.02267107 -0.00979762
v -0.27402127 0.01517107 -0.00955000
v -0.27402127 0.02267107 -0.00955000
v -0.27387127 0.01517107 -0.00931456
v -0.27387127 0.02267107 -0.00931456
v -0.27370134 0.01517107 -0.00909308
v -0.27370134 0.02267107 -0.00909308
v -0.27351275 0.01517107 -0.00888726
v -0.27351275 0.02267107 -0.00888726
v -0.27330691 0.01517107 -0.00869866
v -0.27330691 0.02267107 -0.00869866
v -0.27308545 0.01517107 -0.00852871
v -0.27308545 0.02267107 -0.00852871
v -0.27285001 0.01517107 -0.00837872
v -0.27285001 0.02267107 -0.00837872
v -0.27260238 0.01517107 -0.00824981
v -0.27260238 0.02267107 -0.00824981
v -0.27234447 0.01517107 -0.00814298
v -0.27234447 0.02267107 -0.00814298
v -0.27207822 0.01517107 -0.00805904
v -0.27207822 0.02267107 -0.00805904
v -0.27180567 0.01517107 -0.00799862
v -0.27180567 0.02267107 -0.00799862
v -0.27152890 0.01517107 -0.00796218
v -0.27152890 0.02267107 -0.00796218
v -0.27125001 0.01517107 -0.00795000
v -0.27125001 0.02267107 -0.00795000
v -0.27097109 0.01517107 -0.00796218
v -0.27097109 0.02267107 -0.00796218
v -0.27069432 0.01517107 -0.00799862
v -0.27069432 0.02267107 -0.00799862
v -0.27042177 0.01517107 -0.00805904
v -0.27042177 0.02267107 -0.00805904
v -0.27015555 0.01517107 -0.00814298
v -0.27015555 0.02267107 -0.00814298
v -0.26989761 0.01517107 -0.00824981
v -0.26989761 0.02267107 -0.00824981
v -0.26965001 0.01517107 -0.00837872
v -0.26965001 0.02267107 -0.00837872
v -0.26941454 0.01517107 -0.00852871
v -0.26941454 0.02267107 -0.00852871
v -0.26919308 0.01517107 -0.00869866
v -0.26919308 0.02267107 -0.00869866
v -0.26898727 0.01517107 -0.00888726
v -0.26898727 0.02267107 -0.00888726
v -0.26879865 0.01517107 -0.00909308
v -0.26879865 0.02267107 -0.00909308
v -0.26862872 0.01517107 -0.00931456
v -0.26862872 0.02267107 -0.00931456
v -0.26847872 0.01517107 -0.00955000
v -0.26847872 0.02267107 -0.00955000
v -0.26834983 0.01517107 -0.00979762
v -0.26834983 0.02267107 -0.00979762
v -0.26824299 0.01517107 -0.01005554
v -0.26824299 0.02267107 -0.01005554
v -0.26815903 0.01517107 -0.01032178
v -0.26815903 0.02267107 -0.01032178
v -0.26809862 0.01517107 -0.01059433
v -0.26809862 0.02267107 -0.01059433
v -0.26806217 0.01517107 -0.01087110
v -0.26806217 0.02267107 -0.01087110
v -0.26804999 0.05897107 0.01115000
v -0.26806217 0.05897107 0.01087110
v -0.26809862 0.05897107 0.01059433
v -0.26815903 0.05897107 0.01032178
v -0.26824299 0.05897107 0.01005554
v -0.26834983 0.05897107 0.00979762
v -0.26847872 0.05897107 0.00955000
v -0.26862872 0.05897107 0.00931456
v -0.26879865 0.05897107 0.00909308
v -0.26898727 0.05897107 0.00888726
v -0.26919308 0.05897107 0.00869866
v -0.26941454 0.05897107 0.00852871
v -0.26965001 0.05897107 0.00837872
v -0.26989761 0.05897107 0.00824981
v -0.27015555 0.05897107 0.00814298
v -0.27042177 0.05897107 0.00805904
v -0.27069432 0.05897107 0.00799862
v -0.27097109 0.05897107 0.00796218
v -0.27125001 0.05897107 0.00795000
v -0.27152890 0.05897107 0.00796218
v -0.27180567 0.05897107 0.00799862
v -0.27207822 0.05897107 0.00805904
v -0.27234447 0.05897107 0.00814298
v -0.27260238 0.05897107 0.00824981
v -0.27285001 0.05897107 0.00837872
v -0.27308545 0.05897107 0.00852871
v -0.27330691 0.05897107 0.00869866
v -0.27351275 0.05897107 0.00888726
v -0.27370134 0.05897107 0.00909308
v -0.27387127 0.05897107 0.00931456
v -0.27402127 0.05897107 0.00955000
v -0.27415019 0.05897107 0.00979762
v -0.27425700 0.05897107 0.01005554
v -0.27434096 0.05897107 0.01032178
v -0.27440140 0.05897107 0.01059433
v -0.27443781 0.05897107 0.01087110
v -0.27445000 0.05897107 0.01115000
v -0.27443781 0.05897107 0.01142890
v -0.27440140 0.05897107 0.01170567
v -0.27434096 0.05897107 0.01197822
v -0.27425700 0.05897107 0.01224446
v -0.27415019 0.05897107 0.01250238
v -0.27402127 0.05897107 0.01275000
v -0.27387127 0.05897107 0.01298544
v -0.27370134 0.05897107 0.01320692
v -0.27351275 0.05897107 0.01341274
v -0.27330691 0.05897107 0.01360134
v -0.27308545 0.05897107 0.01377129
v -0.27285001 0.05897107 0.01392128
v -0.27260238 0.05897107 0.01405018
v -0.27234447 0.05897107 0.01415702
v -0.27207822 0.05897107 0.01424096
v -0.27180567 0.05897107 0.01430138
v -0.27152890 0.05897107 0.01433782
v -0.27125001 0.05897107 0.01435000
v -0.27097109 0.05897107 0.01433782
v -0.27069432 0.05897107 0.01430138
v -0.27042177 0.05897107 0.01424096
v -0.27015555 0.05897107 0.01415702
v -0.26989761 0.05897107 0.01405018
v -0.26965001 0.05897107 0.01392128
v -0.26941454 0.05897107 0.01377129
v -0.26919308 0.05897107 0.01360134
v -0.26898727 0.05897107 0.01341274
v -0.26879865 0.05897107 0.01320692
v -0.26862872 0.05897107 0.01298544
v -0.26847872 0.05897107 0.01275000
v -0.26834983 0.05897107 0.01250238
v -0.26824299 0.05897107 0.01224446
v -0.26815903 0.05897107 0.01197822
v -0.26809862 0.05897107 0.01170567
v -0.26806217 0.05897107 0.01142890
v -0.28456423 0.04717107 -0.01008097
v -0.28413177 0.04717107 -0.01002404
v -0.28370589 0.04717107 -0.00992963
v -0.28328991 0.04717107 -0.00979846
v -0.28288692 0.04717107 -0.00963154
v -0.28250000 0.04717107 -0.00943013
v -0.28213212 0.04717107 -0.00919576
v -0.28178605 0.04717107 -0.00893022
v -0.28146446 0.04717107 -0.00863553
v -0.28116977 0.04717107 -0.00831394
v -0.28090423 0.04717107 -0.00796788
v -0.28066987 0.04717107 -0.00760000
v -0.28046846 0.04717107 -0.00721309
v -0.28030154 0.04717107 -0.00681010
v -0.28017038 0.04717107 -0.00639410
v -0.28007597 0.04717107 -0.00596824
v -0.28001902 0.04717107 -0.00553578
v -0.28000000 0.04717107 -0.00510000
v -0.28000000 0.04717107 0.00510000
v -0.28000000 0.02267107 -0.00510000
v -0.28000000 0.02697107 -0.00510000
v -0.28000000 0.02267107 0.00510000
v -0.28000000 0.02697107 0.00510000
v -0.30000001 0.02697107 -0.01010000
v -0.30000001 0.04717107 -0.01010000
v -0.30000001 0.04717107 0.01010000
v -0.30000001 0.02697107 0.01010000
v -0.28755680 0.04717107 0.00088925
v -0.28748858 0.04717107 0.00067293
v -0.28740990 0.04717107 -0.00022660
v -0.28743950 0.04717107 -0.00045149
v -0.28748858 0.04717107 -0.00067293
v -0.29130000 0.04717107 -0.00225167
v -0.29149130 0.04717107 -0.00212980
v -0.29167125 0.04717107 -0.00199172
v -0.29183847 0.04717107 -0.00183848
v -0.29199171 0.04717107 -0.00167125
v -0.29212978 0.04717107 -0.00149130
v -0.29225168 0.04717107 -0.00130000
v -0.29235640 0.04717107 -0.00109881
v -0.29244319 0.04717107 -0.00088925
v -0.29251140 0.04717107 -0.00067293
v -0.29256049 0.04717107 -0.00045149
v -0.29259011 0.04717107 -0.00022660
v -0.29260001 0.04717107 -0.00000000
v -0.29259011 0.04717107 0.00022660
v -0.29256049 0.04717107 0.00045149
v -0.28764361 0.04717107 0.00109881
v -0.28816152 0.04717107 -0.00183848
v -0.28832877 0.04717107 -0.00199172
v -0.28870001 0.04717107 -0.00225167
v -0.28977340 0.04717107 -0.00259011
v -0.28999999 0.04717107 -0.00260000
v -0.29022661 0.04717107 -0.00259011
v -0.29088926 0.04717107 -0.00244320
v -0.29109880 0.04717107 -0.00235640
v -0.28743950 0.04717107 0.00045149
v -0.28740990 0.04717107 0.00022660
v -0.28740001 0.04717107 0.00000000
v -0.28755680 0.04717107 -0.00088925
v -0.28764361 0.04717107 -0.00109881
v -0.28774834 0.04717107 -0.00130000
v -0.28787020 0.04717107 -0.00149130
v -0.28800827 0.04717107 -0.00167125
v -0.28850871 0.04717107 -0.00212980
v -0.28890118 0.04717107 -0.00235640
v -0.29045150 0.04717107 -0.00256050
v -0.29067293 0.04717107 -0.00251141
v -0.29251140 0.04717107 0.00067293
v -0.29244319 0.04717107 0.00088925
v -0.29235640 0.04717107 0.00109881
v -0.29225168 0.04717107 0.00130000
v -0.29212978 0.04717107 0.00149130
v -0.29199171 0.04717107 0.00167125
v -0.28911075 0.04717107 -0.00244320
v -0.28932709 0.04717107 -0.00251141
v -0.28954852 0.04717107 -0.00256050
v -0.29183847 0.04717107 0.00183848
v -0.29167125 0.04717107 0.00199172
v -0.29149130 0.04717107 0.00212980
v -0.28017038 0.04717107 0.00639410
v -0.28030154 0.04717107 0.00681010
v -0.28787020 0.04717107 0.00149130
v -0.28046846 0.04717107 0.00721309
v -0.28800827 0.04717107 0.00167125
v -0.28774834 0.04717107 0.00130000
v -0.28001902 0.04717107 0.00553578
v -0.28007597 0.04717107 0.00596824
v -0.28870001 0.04717107 0.00225167
v -0.28850871 0.04717107 0.00212980
v -0.28370589 0.04717107 0.00992963
v -0.28213212 0.04717107 0.00919576
v -0.28832877 0.04717107 0.00199172
v -0.28178605 0.04717107 0.00893022
v -0.28816152 0.04717107 0.00183848
v -0.28146446 0.04717107 0.00863553
v -0.28066987 0.04717107 0.00760000
v -0.28090423 0.04717107 0.00796788
v -0.28116977 0.04717107 0.00831394
v -0.29088926 0.04717107 0.00244320
v -0.29109880 0.04717107 0.00235640
v -0.29130000 0.04717107 0.00225167
v -0.28413177 0.04717107 0.01002404
v -0.28456423 0.04717107 0.01008097
v -0.28890118 0.04717107 0.00235640
v -0.28500000 0.04717107 0.01010000
v -0.28911075 0.04717107 0.00244320
v -0.28250000 0.04717107 0.00943013
v -0.28288692 0.04717107 0.00963154
v -0.28328991 0.04717107 0.00979846
v -0.29067293 0.04717107 0.00251141
v -0.29045150 0.04717107 0.00256050
v -0.29022661 0.04717107 0.00259011
v -0.28954852 0.04717107 0.00256050
v -0.28932709 0.04717107 0.00251141
v -0.28999999 0.04717107 0.00260000
v -0.28977340 0.04717107 0.00259011
v -0.28500000 0.02697107 -0.01010000
v -0.28500000 0.02267107 -0.01010000
v -0.28456423 0.02697107 -0.01008097
v -0.28456423 0.02267107 -0.01008097
v -0.28413177 0.02697107 -0.01002404
v -0.28413177 0.02267107 -0.01002404
v -0.28370589 0.02697107 -0.00992963
v -0.28370589 0.02267107 -0.00992963
v -0.28328991 0.02697107 -0.00979846
v -0.28328991 0.02267107 -0.00979846
v -0.28288692 0.02697107 -0.00963154
v -0.28288692 0.02267107 -0.00963154
v -0.28250000 0.02697107 -0.00943013
v -0.28250000 0.02267107 -0.00943013
v -0.28213212 0.02697107 -0.00919576
v -0.28213212 0.02267107 -0.00919576
v -0.28178605 0.02697107 -0.00893022
v -0.28178605 0.02267107 -0.00893022
v -0.28146446 0.02697107 -0.00863553
v -0.28146446 0.02267107 -0.00863553
v -0.28116977 0.02697107 -0.00831394
v -0.28116977 0.02267107 -0.00831394
v -0.28090423 0.02697107 -0.00796788
v -0.28090423 0.02267107 -0.00796788
v -0.28066987 0.02697107 -0.00760000
v -0.28066987 0.02267107 -0.00760000
v -0.28046846 0.02697107 -0.00721309
v -0.28046846 0.02267107 -0.00721309
v -0.28030154 0.02697107 -0.00681010
v -0.28030154 0.02267107 -0.00681010
v -0.28017038 0.02697107 -0.00639410
v -0.28017038 0.02267107 -0.00639410
v -0.28007597 0.02697107 -0.00596824
v -0.28007597 0.02267107 -0.00596824
v -0.28001902 0.02697107 -0.00553578
v -0.28001902 0.02267107 -0.00553578
v -0.29259011 0.02697107 -0.00022660
v -0.29256049 0.02697107 -0.00045149
v -0.28743950 0.02697107 0.00045149
v -0.28748858 0.02697107 0.00067293
v -0.28764361 0.02697107 -0.00109881
v -0.28755680 0.02697107 -0.00088925
v -0.28748858 0.02697107 -0.00067293
v -0.28743950 0.02697107 -0.00045149
v -0.28740990 0.02697107 -0.00022660
v -0.28740001 0.02697107 0.00000000
v -0.28740990 0.02697107 0.00022660
v -0.29183847 0.02697107 0.00183848
v -0.29199171 0.02697107 0.00167125
v -0.29212978 0.02697107 0.00149130
v -0.29225168 0.02697107 0.00130000
v -0.29235640 0.02697107 0.00109881
v -0.29244319 0.02697107 0.00088925
v -0.29251140 0.02697107 0.00067293
v -0.29256049 0.02697107 0.00045149
v -0.29259011 0.02697107 0.00022660
v -0.29260001 0.02697107 -0.00000000
v -0.29251140 0.02697107 -0.00067293
v -0.29244319 0.02697107 -0.00088925
v -0.29235640 0.02697107 -0.00109881
v -0.29225168 0.02697107 -0.00130000
v -0.29212978 0.02697107 -0.00149130
v -0.29199171 0.02697107 -0.00167125
v -0.29183847 0.02697107 -0.00183848
v -0.29167125 0.02697107 -0.00199172
v -0.29149130 0.02697107 -0.00212980
v -0.28755680 0.02697107 0.00088925
v -0.28764361 0.02697107 0.00109881
v -0.28001902 0.02697107 0.00553578
v -0.28774834 0.02697107 0.00130000
v -0.28007597 0.02697107 0.00596824
v -0.28787020 0.02697107 0.00149130
v -0.28017038 0.02697107 0.00639410
v -0.28800827 0.02697107 0.00167125
v -0.28046846 0.02697107 0.00721309
v -0.28030154 0.02697107 0.00681010
v -0.29130000 0.02697107 0.00225167
v -0.29149130 0.02697107 0.00212980
v -0.29167125 0.02697107 0.00199172
v -0.28787020 0.02697107 -0.00149130
v -0.28800827 0.02697107 -0.00167125
v -0.28146446 0.02697107 0.00863553
v -0.28816152 0.02697107 0.00183848
v -0.28178605 0.02697107 0.00893022
v -0.28832877 0.02697107 0.00199172
v -0.28213212 0.02697107 0.00919576
v -0.28250000 0.02697107 0.00943013
v -0.28870001 0.02697107 0.00225167
v -0.28413177 0.02697107 0.01002404
v -0.28370589 0.02697107 0.00992963
v -0.28832877 0.02697107 -0.00199172
v -0.28816152 0.02697107 -0.00183848
v -0.28774834 0.02697107 -0.00130000
v -0.28850871 0.02697107 0.00212980
v -0.28328991 0.02697107 0.00979846
v -0.28288692 0.02697107 0.00963154
v -0.28456423 0.02697107 0.01008097
v -0.28890118 0.02697107 0.00235640
v -0.28500000 0.02697107 0.01010000
v -0.28911075 0.02697107 0.00244320
v -0.28932709 0.02697107 0.00251141
v -0.28954852 0.02697107 0.00256050
v -0.28977340 0.02697107 0.00259011
v -0.28999999 0.02697107 0.00260000
v -0.29022661 0.02697107 0.00259011
v -0.29045150 0.02697107 0.00256050
v -0.29130000 0.02697107 -0.00225167
v -0.29109880 0.02697107 -0.00235640
v -0.29088926 0.02697107 -0.00244320
v -0.29067293 0.02697107 -0.00251141
v -0.28870001 0.02697107 -0.00225167
v -0.28850871 0.02697107 -0.00212980
v -0.28116977 0.02697107 0.00831394
v -0.28090423 0.02697107 0.00796788
v -0.28066987 0.02697107 0.00760000
v -0.29067293 0.02697107 0.00251141
v -0.29088926 0.02697107 0.00244320
v -0.29109880 0.02697107 0.00235640
v -0.28890118 0.02697107 -0.00235640
v -0.28911075 0.02697107 -0.00244320
v -0.29045150 0.02697107 -0.00256050
v -0.29022661 0.02697107 -0.00259011
v -0.28999999 0.02697107 -0.00260000
v -0.28977340 0.02697107 -0.00259011
v -0.28954852 0.02697107 -0.00256050
v -0.28932709 0.02697107 -0.00251141
v -0.28500000 0.02267107 0.01010000
v -0.28456423 0.02267107 0.01008097
v -0.28413177 0.02267107 0.01002404
v -0.28370589 0.02267107 0.00992963
v -0.28328991 0.02267107 0.00979846
v -0.28288692 0.02267107 0.00963154
v -0.28250000 0.02267107 0.00943013
v -0.28213212 0.02267107 0.00919576
v -0.28178605 0.02267107 0.00893022
v -0.28146446 0.02267107 0.00863553
v -0.28116977 0.02267107 0.00831394
v -0.28090423 0.02267107 0.00796788
v -0.28066987 0.02267107 0.00760000
v -0.28046846 0.02267107 0.00721309
v -0.28030154 0.02267107 0.00681010
v -0.28017038 0.02267107 0.00639410
v -0.28007597 0.02267107 0.00596824
v -0.28001902 0.02267107 0.00553578
v -0.28740001 0.01517107 0.00000000
v -0.28740990 0.01517107 -0.00022660
v -0.28743950 0.01517107 -0.00045149
v -0.28748858 0.01517107 -0.00067293
v -0.28755680 0.01517107 -0.00088925
v -0.28764361 0.01517107 -0.00109881
v -0.28774834 0.01517107 -0.00130000
v -0.28787020 0.01517107 -0.00149130
v -0.28800827 0.01517107 -0.00167125
v -0.28816152 0.01517107 -0.00183848
v -0.28832877 0.01517107 -0.00199172
v -0.28850871 0.01517107 -0.00212980
v -0.28870001 0.01517107 -0.00225167
v -0.28890118 0.01517107 -0.00235640
v -0.28911075 0.01517107 -0.00244320
v -0.28932709 0.01517107 -0.00251141
v -0.28954852 0.01517107 -0.00256050
v -0.28977340 0.01517107 -0.00259011
v -0.28999999 0.01517107 -0.00260000
v -0.29022661 0.01517107 -0.00259011
v -0.29045150 0.01517107 -0.00256050
v -0.29067293 0.01517107 -0.00251141
v -0.29088926 0.01517107 -0.00244320
v -0.29109880 0.01517107 -0.00235640
v -0.29130000 0.01517107 -0.00225167
v -0.29149130 0.01517107 -0.00212980
v -0.29167125 0.01517107 -0.00199172
v -0.29183847 0.01517107 -0.00183848
v -0.29199171 0.01517107 -0.00167125
v -0.29212978 0.01517107 -0.00149130
v -0.29225168 0.01517107 -0.00130000
v -0.29235640 0.01517107 -0.00109881
v -0.29244319 0.01517107 -0.00088925
v -0.29251140 0.01517107 -0.00067293
v -0.29256049 0.01517107 -0.00045149
v -0.29259011 0.01517107 -0.00022660
v -0.29260001 0.01517107 -0.00000000
v -0.29259011 0.01517107 0.00022660
v -0.29256049 0.01517107 0.00045149
v -0.29251140 0.01517107 0.00067293
v -0.29244319 0.01517107 0.00088925
v -0.29235640 0.01517107 0.00109881
v -0.29225168 0.01517107 0.00130000
v -0.29212978 0.01517107 0.00149130
v -0.29199171 0.01517107 0.00167125
v -0.29183847 0.01517107 0.00183848
v -0.29167125 0.01517107 0.00199172
v -0.29149130 0.01517107 0.00212980
v -0.29130000 0.01517107 0.00225167
v -0.29109880 0.01517107 0.00235640
v -0.29088926 0.01517107 0.00244320
v -0.29067293 0.01517107 0.00251141
v -0.29045150 0.01517107 0.00256050
v -0.29022661 0.01517107 0.00259011
v -0.28999999 0.01517107 0.00260000
v -0.28977340 0.01517107 0.00259011
v -0.28954852 0.01517107 0.00256050
v -0.28932709 0.01517107 0.00251141
v -0.28911075 0.01517107 0.00244320
v -0.28890118 0.01517107 0.00235640
v -0.28870001 0.01517107 0.00225167
v -0.28850871 0.01517107 0.00212980
v -0.28832877 0.01517107 0.00199172
v -0.28816152 0.01517107 0.00183848
v -0.28800827 0.01517107 0.00167125
v -0.28787020 0.01517107 0.00149130
v -0.28774834 0.01517107 0.00130000
v -0.28764361 0.01517107 0.00109881
v -0.28755680 0.01517107 0.00088925
v -0.28748858 0.01517107 0.00067293
v -0.28743950 0.01517107 0.00045149
v -0.28740990 0.01517107 0.00022660
v -0.28740001 0.05897107 0.00000000
v -0.28740990 0.05897107 -0.00022660
v -0.28743950 0.05897107 -0.00045149
v -0.28748858 0.05897107 -0.00067293
v -0.28755680 0.05897107 -0.00088925
v -0.28764361 0.05897107 -0.00109881
v -0.28774834 0.05897107 -0.00130000
v -0.28787020 0.05897107 -0.00149130
v -0.28800827 0.05897107 -0.00167125
v -0.28816152 0.05897107 -0.00183848
v -0.28832877 0.05897107 -0.00199172
v -0.28850871 0.05897107 -0.00212980
v -0.28870001 0.05897107 -0.00225167
v -0.28890118 0.05897107 -0.00235640
v -0.28911075 0.05897107 -0.00244320
v -0.28932709 0.05897107 -0.00251141
v -0.28954852 0.05897107 -0.00256050
v -0.28977340 0.05897107 -0.00259011
v -0.28999999 0.05897107 -0.00260000
v -0.29022661 0.05897107 -0.00259011
v -0.29045150 0.05897107 -0.00256050
v -0.29067293 0.05897107 -0.00251141
v -0.29088926 0.05897107 -0.00244320
v -0.29109880 0.05897107 -0.00235640
v -0.29130000 0.05897107 -0.00225167
v -0.29149130 0.05897107 -0.00212980
v -0.29167125 0.05897107 -0.00199172
v -0.29183847 0.05897107 -0.00183848
v -0.29199171 0.05897107 -0.00167125
v -0.29212978 0.05897107 -0.00149130
v -0.29225168 0.05897107 -0.00130000
v -0.29235640 0.05897107 -0.00109881
v -0.29244319 0.05897107 -0.00088925
v -0.29251140 0.05897107 -0.00067293
v -0.29256049 0.05897107 -0.00045149
v -0.29259011 0.05897107 -0.00022660
v -0.29260001 0.05897107 -0.00000000
v -0.29259011 0.05897107 0.00022660
v -0.29256049 0.05897107 0.00045149
v -0.29251140 0.05897107 0.00067293
v -0.29244319 0.05897107 0.00088925
v -0.29235640 0.05897107 0.00109881
v -0.29225168 0.05897107 0.00130000
v -0.29212978 0.05897107 0.00149130
v -0.29199171 0.05897107 0.00167125
v -0.29183847 0.05897107 0.00183848
v -0.29167125 0.05897107 0.00199172
v -0.29149130 0.05897107 0.00212980
v -0.29130000 0.05897107 0.00225167
v -0.29109880 0.05897107 0.00235640
v -0.29088926 0.05897107 0.00244320
v -0.29067293 0.05897107 0.00251141
v -0.29045150 0.05897107 0.00256050
v -0.29022661 0.05897107 0.00259011
v -0.28999999 0.05897107 0.00260000
v -0.28977340 0.05897107 0.00259011
v -0.28954852 0.05897107 0.00256050
v -0.28932709 0.05897107 0.00251141
v -0.28911075 0.05897107 0.00244320
v -0.28890118 0.05897107 0.00235640
v -0.28870001 0.05897107 0.00225167
v -0.28850871 0.05897107 0.00212980
v -0.28832877 0.05897107 0.00199172
v -0.28816152 0.05897107 0.00183848
v -0.28800827 0.05897107 0.00167125
v -0.28787020 0.05897107 0.00149130
v -0.28774834 0.05897107 0.00130000
v -0.28764361 0.05897107 0.00109881
v -0.28755680 0.05897107 0.00088925
v -0.28748858 0.05897107 0.00067293
v -0.28743950 0.05897107 0.00045149
v -0.28740990 0.05897107 0.00022660
v -0.26804999 0.01517107 0.01115000
v -0.26804999 0.02267107 0.01115000
v -0.26806217 0.01517107 0.01087110
v -0.26806217 0.02267107 0.01087110
v -0.26809862 0.01517107 0.01059433
v -0.26809862 0.02267107 0.01059433
v -0.26815903 0.01517107 0.01032178
v -0.26815903 0.02267107 0.01032178
v -0.26824299 0.01517107 0.01005554
v -0.26824299 0.02267107 0.01005554
v -0.26834983 0.01517107 0.00979762
v -0.26834983 0.02267107 0.00979762
v -0.26847872 0.01517107 0.00955000
v -0.26847872 0.02267107 0.00955000
v -0.26862872 0.01517107 0.00931456
v -0.26862872 0.02267107 0.00931456
v -0.26879865 0.01517107 0.00909308
v -0.26879865 0.02267107 0.00909308
v -0.26898727 0.01517107 0.00888726
v -0.26898727 0.02267107 0.00888726
v -0.26919308 0.01517107 0.00869866
v -0.26919308 0.02267107 0.00869866
v -0.26941454 0.01517107 0.00852871
v -0.26941454 0.02267107 0.00852871
v -0.26965001 0.01517107 0.00837872
v -0.26965001 0.02267107 0.00837872
v -0.26989761 0.01517107 0.00824981
v -0.26989761 0.02267107 0.00824981
v -0.27015555 0.01517107 0.00814298
v -0.27015555 0.02267107 0.00814298
v -0.27042177 0.01517107 0.00805904
v -0.27042177 0.02267107 0.00805904
v -0.27069432 0.01517107 0.00799862
v -0.27069432 0.02267107 0.00799862
v -0.27097109 0.01517107 0.00796218
v -0.27097109 0.02267107 0.00796218
v -0.27125001 0.01517107 0.00795000
v -0.27125001 0.02267107 0.00795000
v -0.27152890 0.01517107 0.00796218
v -0.27152890 0.02267107 0.00796218
v -0.27180567 0.01517107 0.00799862
v -0.27180567 0.02267107 0.00799862
v -0.27207822 0.01517107 0.00805904
v -0.27207822 0.02267107 0.00805904
v -0.27234447 0.01517107 0.00814298
v -0.27234447 0.02267107 0.00814298
v -0.27260238 0.01517107 0.00824981
v -0.27260238 0.02267107 0.00824981
v -0.27285001 0.01517107 0.00837872
v -0.27285001 0.02267107 0.00837872
v -0.27308545 0.01517107 0.00852871
v -0.27308545 0.02267107 0.00852871
v -0.27330691 0.01517107 0.00869866
v -0.27330691 0.02267107 0.00869866
v -0.27351275 0.01517107 0.00888726
v -0.27351275 0.02267107 0.00888726
v -0.27370134 0.01517107 0.00909308
v -0.27370134 0.02267107 0.00909308
v -0.27387127 0.01517107 0.00931456
v -0.27387127 0.02267107 0.00931456
v -0.27402127 0.01517107 0.00955000
v -0.27402127 0.02267107 0.00955000
v -0.27415019 0.01517107 0.00979762
v -0.27415019 0.02267107 0.00979762
v -0.27425700 0.01517107 0.01005554
v -0.27425700 0.02267107 0.01005554
v -0.27434096 0.01517107 0.01032178
v -0.27434096 0.02267107 0.01032178
v -0.27440140 0.01517107 0.01059433
v -0.27440140 0.02267107 0.01059433
v -0.27443781 0.01517107 0.01087110
v -0.27443781 0.02267107 0.01087110
v -0.27445000 0.01517107 0.01115000
v -0.27445000 0.02267107 0.01115000
v -0.27443781 0.01517107 0.01142890
v -0.27443781 0.02267107 0.01142890
v -0.27440140 0.01517107 0.01170567
v -0.27440140 0.02267107 0.01170567
v -0.27434096 0.01517107 0.01197822
v -0.27434096 0.02267107 0.01197822
v -0.27425700 0.01517107 0.01224446
v -0.27425700 0.02267107 0.01224446
v -0.27415019 0.01517107 0.01250238
v -0.27415019 0.02267107 0.01250238
v -0.27402127 0.01517107 0.01275000
v -0.27402127 0.02267107 0.01275000
v -0.27387127 0.01517107 0.01298544
v -0.27387127 0.02267107 0.01298544
v -0.27370134 0.01517107 0.01320692
v -0.27370134 0.02267107 0.01320692
v -0.27351275 0.01517107 0.01341274
v -0.27351275 0.02267107 0.01341274
v -0.27330691 0.01517107 0.01360134
v -0.27330691 0.02267107 0.01360134
v -0.27308545 0.01517107 0.01377129
v -0.27308545 0.02267107 0.01377129
v -0.27285001 0.01517107 0.01392128
v -0.27285001 0.02267107 0.01392128
v -0.27260238 0.01517107 0.01405018
v -0.27260238 0.02267107 0.01405018
v -0.27234447 0.01517107 0.01415702
v -0.27234447 0.02267107 0.01415702
v -0.27207822 0.01517107 0.01424096
v -0.27207822 0.02267107 0.01424096
v -0.27180567 0.01517107 0.01430138
v -0.27180567 0.02267107 0.01430138
v -0.27152890 0.01517107 0.01433782
v -0.27152890 0.02267107 0.01433782
v -0.27125001 0.01517107 0.01435000
v -0.27125001 0.02267107 0.01435000
v -0.27097109 0.01517107 0.01433782
v -0.27097109 0.02267107 0.01433782
v -0.27069432 0.01517107 0.01430138
v -0.27069432 0.02267107 0.01430138
v -0.27042177 0.01517107 0.01424096
v -0.27042177 0.02267107 0.01424096
v -0.27015555 0.01517107 0.01415702
v -0.27015555 0.02267107 0.01415702
v -0.26989761 0.01517107 0.01405018
v -0.26989761 0.02267107 0.01405018
v -0.26965001 0.01517107 0.01392128
v -0.26965001 0.02267107 0.01392128
v -0.26941454 0.01517107 0.01377129
v -0.26941454 0.02267107 0.01377129
v -0.26919308 0.01517107 0.01360134
v -0.26919308 0.02267107 0.01360134
v -0.26898727 0.01517107 0.01341274
v -0.26898727 0.02267107 0.01341274
v -0.26879865 0.01517107 0.01320692
v -0.26879865 0.02267107 0.01320692
v -0.26862872 0.01517107 0.01298544
v -0.26862872 0.02267107 0.01298544
v -0.26847872 0.01517107 0.01275000
v -0.26847872 0.02267107 0.01275000
v -0.26834983 0.01517107 0.01250238
v -0.26834983 0.02267107 0.01250238
v -0.26824299 0.01517107 0.01224446
v -0.26824299 0.02267107 0.01224446
v -0.26815903 0.01517107 0.01197822
v -0.26815903 0.02267107 0.01197822
v -0.26809862 0.01517107 0.01170567
v -0.26809862 0.02267107 0.01170567
v -0.26806217 0.01517107 0.01142890
v -0.26806217 0.02267107 0.01142890
v -0.28569999 0.02267107 0.01010000
v -0.28998363 0.02659630 0.01010000
v -0.28993466 0.02622438 0.01010000
v -0.28985348 0.02585815 0.01010000
v -0.28974068 0.02550038 0.01010000
v -0.28959712 0.02515381 0.01010000
v -0.28942391 0.02482107 0.01010000
v -0.28922236 0.02450469 0.01010000
v -0.28899398 0.02420708 0.01010000
v -0.28874055 0.02393051 0.01010000
v -0.28846398 0.02367708 0.01010000
v -0.28816637 0.02344871 0.01010000
v -0.28784999 0.02324716 0.01010000
v -0.28751725 0.02307395 0.01010000
v -0.28644669 0.02273639 0.01010000
v -0.28607476 0.02268743 0.01010000
v -0.28717068 0.02293039 0.01010000
v -0.28681293 0.02281759 0.01010000
v -0.31999999 0.03367107 0.00490519
v -0.31999999 0.03367107 0.00650519
v -0.31999999 0.04047107 0.00650519
v -0.31999999 0.00752684 0.00520945
v -0.31999999 0.02167742 0.00490519
v -0.31999999 0.02167742 0.00340000
v -0.31999999 0.01430388 0.00663048
v -0.31999999 0.01448397 0.00646545
v -0.31999999 0.04357626 0.01539364
v -0.31999999 0.06386472 0.01210519
v -0.31999999 0.05246471 0.01210519
v -0.31999999 0.05246471 0.01539364
v -0.31999999 0.06526185 -0.01026060
v -0.31999999 0.06426030 -0.01267855
v -0.31999999 0.06386472 -0.01210519
v -0.31999999 0.06305183 -0.01500000
v -0.31999999 0.03186162 -0.02954423
v -0.31999999 0.03216588 -0.02679364
v -0.31999999 0.03367107 -0.02679364
v -0.31999999 0.02207107 -0.02598076
v -0.31999999 0.02496588 -0.02679364
v -0.31999999 0.02439252 -0.02718923
v -0.31999999 0.02167742 -0.00340000
v -0.31999999 0.00718523 -0.00261467
v -0.31999999 0.00752684 -0.00520945
v -0.31999999 0.02167742 -0.01210519
v -0.31999999 0.02167742 -0.00650519
v -0.31999999 0.00809329 -0.00776457
v -0.31999999 0.00888029 -0.01026060
v -0.31999999 0.00988183 -0.01267855
v -0.31999999 0.01249651 -0.01720729
v -0.31999999 0.01109031 -0.01500000
v -0.31999999 0.02167742 -0.01539364
v -0.31999999 0.01986377 -0.02457456
v -0.31999999 0.01778744 -0.02298133
v -0.31999999 0.01585786 -0.02121320
v -0.31999999 0.01408973 -0.01928363
v -0.31999999 0.02681046 -0.02819078
v -0.31999999 0.03056588 -0.02679364
v -0.31999999 0.02930650 -0.02897777
v -0.31999999 0.04047107 -0.02679364
v -0.31999999 0.03707107 -0.03000000
v -0.31999999 0.03445639 -0.02988584
v -0.31999999 0.04974962 -0.02718923
v -0.31999999 0.04733167 -0.02819078
v -0.31999999 0.04917626 -0.02679364
v -0.31999999 0.04483564 -0.02897777
v -0.31999999 0.04357626 -0.02679364
v -0.31999999 0.04228051 -0.02954423
v -0.31999999 0.03968574 -0.02988584
v -0.31999999 0.06005240 -0.01928363
v -0.31999999 0.05828427 -0.02121320
v -0.31999999 0.05246471 -0.01539364
v -0.31999999 0.06164563 -0.01720729
v -0.31999999 0.05635470 -0.02298133
v -0.31999999 0.05427836 -0.02457456
v -0.31999999 0.05207107 -0.02598076
v -0.31999999 0.06661530 -0.00520945
v -0.31999999 0.06604885 -0.00776457
v -0.31999999 0.06386472 -0.00650519
v -0.31999999 0.06695691 -0.00261467
v -0.31999999 0.06386472 -0.00340000
v -0.31999999 0.06707107 0.00000000
v -0.31999999 0.06386472 0.00340000
v -0.31999999 0.06695691 0.00261467
v -0.31999999 0.06386472 0.00490519
v -0.31999999 0.06661530 0.00520945
v -0.31999999 0.06386472 0.00650519
v -0.31999999 0.06604885 0.00776457
v -0.31999999 0.06526185 0.01026060
v -0.31999999 0.05207107 0.02598076
v -0.31999999 0.05427836 0.02457456
v -0.31999999 0.05635470 0.02298133
v -0.31999999 0.05828427 0.02121320
v -0.31999999 0.06005240 0.01928363
v -0.31999999 0.06164563 0.01720729
v -0.31999999 0.06305183 0.01500000
v -0.31999999 0.06426030 0.01267855
v -0.31999999 0.04917626 0.01539364
v -0.31999999 0.04974962 0.02718923
v -0.31999999 0.04228051 0.02954423
v -0.31999999 0.04733167 0.02819078
v -0.31999999 0.04483564 0.02897777
v -0.31999999 0.04047107 0.01539364
v -0.31999999 0.03968574 0.02988584
v -0.31999999 0.03707107 0.03000000
v -0.31999999 0.03367107 0.01539364
v -0.31999999 0.03445639 0.02988584
v -0.31999999 0.03121815 0.02030107
v -0.31999999 0.03125004 0.02054325
v -0.31999999 0.03216588 0.01539364
v -0.31999999 0.03060561 0.01898748
v -0.31999999 0.03075432 0.01918128
v -0.31999999 0.03088556 0.01938729
v -0.31999999 0.03099835 0.01960396
v -0.31999999 0.03116528 0.02151198
v -0.31999999 0.03109183 0.02174495
v -0.31999999 0.03186162 0.02954423
v -0.31999999 0.03109183 0.01982963
v -0.31999999 0.03116528 0.02006260
v -0.31999999 0.03099835 0.02197062
v -0.31999999 0.03088556 0.02218729
v -0.31999999 0.03075432 0.02239330
v -0.31999999 0.03126069 0.02078729
v -0.31999999 0.03125004 0.02103133
v -0.31999999 0.03121815 0.02127350
v -0.31999999 0.03026050 0.01864237
v -0.31999999 0.03044059 0.01880739
v -0.31999999 0.03056588 0.01539364
v -0.31999999 0.03060561 0.02258709
v -0.31999999 0.03044059 0.02276719
v -0.31999999 0.03026050 0.02293221
v -0.31999999 0.02964402 0.01824963
v -0.31999999 0.02986069 0.01836242
v -0.31999999 0.03006670 0.01849366
v -0.31999999 0.03006670 0.02308092
v -0.31999999 0.02986069 0.02321216
v -0.31999999 0.02964402 0.02332495
v -0.31999999 0.02616706 0.01918128
v -0.31999999 0.02496588 0.01539364
v -0.31999999 0.02603582 0.01938729
v -0.31999999 0.02592303 0.01960396
v -0.31999999 0.02631577 0.01898748
v -0.31999999 0.02648079 0.01880739
v -0.31999999 0.02666089 0.01864237
v -0.31999999 0.02706069 0.02321216
v -0.31999999 0.02685468 0.02308092
v -0.31999999 0.02439252 0.02718923
v -0.31999999 0.02666089 0.02293221
v -0.31999999 0.02648079 0.02276719
v -0.31999999 0.02941835 0.02341843
v -0.31999999 0.02918538 0.02349188
v -0.31999999 0.02930650 0.02897777
v -0.31999999 0.02894691 0.02354475
v -0.31999999 0.02870473 0.02357663
v -0.31999999 0.02846069 0.02358729
v -0.31999999 0.02681046 0.02819078
v -0.31999999 0.02821665 0.02357663
v -0.31999999 0.02797448 0.02354475
v -0.31999999 0.02603582 0.02218729
v -0.31999999 0.02592303 0.02197062
v -0.31999999 0.02685468 0.01849366
v -0.31999999 0.02706069 0.01836242
v -0.31999999 0.02727736 0.01824963
v -0.31999999 0.02773600 0.02349188
v -0.31999999 0.02750303 0.02341843
v -0.31999999 0.02727736 0.02332495
v -0.31999999 0.02582955 0.02174495
v -0.31999999 0.02575610 0.02151198
v -0.31999999 0.02570323 0.02127350
v -0.31999999 0.02570323 0.02030107
v -0.31999999 0.02575610 0.02006260
v -0.31999999 0.02582955 0.01982963
v -0.31999999 0.02750303 0.01815615
v -0.31999999 0.02773600 0.01808270
v -0.31999999 0.02797448 0.01802983
v -0.31999999 0.02821665 0.01799794
v -0.31999999 0.02846069 0.01798729
v -0.31999999 0.02870473 0.01799794
v -0.31999999 0.02894691 0.01802983
v -0.31999999 0.02918538 0.01808270
v -0.31999999 0.02941835 0.01815615
v -0.31999999 0.02567135 0.02103133
v -0.31999999 0.02566069 0.02078729
v -0.31999999 0.02567135 0.02054325
v -0.31999999 0.02631577 0.02258709
v -0.31999999 0.02616706 0.02239330
v -0.31999999 0.01249651 0.01720729
v -0.31999999 0.01408973 0.01928363
v -0.31999999 0.02167742 0.01539364
v -0.31999999 0.01585786 0.02121320
v -0.31999999 0.01778744 0.02298133
v -0.31999999 0.01986377 0.02457456
v -0.31999999 0.02207107 0.02598076
v -0.31999999 0.01109031 0.01500000
v -0.31999999 0.02167742 0.01210519
v -0.31999999 0.00988183 0.01267855
v -0.31999999 0.02167742 0.00650519
v -0.31999999 0.01870865 0.00721038
v -0.31999999 0.01882144 0.00742705
v -0.31999999 0.01826368 0.00663048
v -0.31999999 0.01842870 0.00681057
v -0.31999999 0.01857740 0.00700436
v -0.31999999 0.01349443 0.00836634
v -0.31999999 0.01352632 0.00812416
v -0.31999999 0.00809329 0.00776457
v -0.31999999 0.01385891 0.00721038
v -0.31999999 0.01374612 0.00742705
v -0.31999999 0.01365264 0.00765272
v -0.31999999 0.01399015 0.00700436
v -0.31999999 0.01413885 0.00681057
v -0.31999999 0.01891492 0.00765272
v -0.31999999 0.01898837 0.00788568
v -0.31999999 0.01904124 0.00812416
v -0.31999999 0.01357919 0.00788568
v -0.31999999 0.01907312 0.00836634
v -0.31999999 0.01908378 0.00861038
v -0.31999999 0.01907312 0.00885441
v -0.31999999 0.01904124 0.00909659
v -0.31999999 0.01898837 0.00933507
v -0.31999999 0.01891492 0.00956803
v -0.31999999 0.01882144 0.00979371
v -0.31999999 0.01448397 0.01075530
v -0.31999999 0.01430388 0.01059028
v -0.31999999 0.01413885 0.01041018
v -0.31999999 0.01399015 0.01021639
v -0.31999999 0.01385891 0.01001038
v -0.31999999 0.01374612 0.00979371
v -0.31999999 0.00888029 0.01026060
v -0.31999999 0.01365264 0.00956803
v -0.31999999 0.01357919 0.00933507
v -0.31999999 0.01352632 0.00909659
v -0.31999999 0.01349443 0.00885441
v -0.31999999 0.01348378 0.00861038
v -0.31999999 0.01870865 0.01001038
v -0.31999999 0.01857740 0.01021639
v -0.31999999 0.01842870 0.01041018
v -0.31999999 0.01788979 0.01090400
v -0.31999999 0.01768378 0.01103525
v -0.31999999 0.01746711 0.01114804
v -0.31999999 0.01510045 0.01114804
v -0.31999999 0.01488378 0.01103525
v -0.31999999 0.01467776 0.01090400
v -0.31999999 0.01826368 0.01059028
v -0.31999999 0.01808358 0.01075530
v -0.31999999 0.01724144 0.01124152
v -0.31999999 0.01700847 0.01131497
v -0.31999999 0.01676999 0.01136784
v -0.31999999 0.01579756 0.01136784
v -0.31999999 0.01555908 0.01131497
v -0.31999999 0.01532612 0.01124152
v -0.31999999 0.01652781 0.01139972
v -0.31999999 0.01628378 0.01141038
v -0.31999999 0.01603974 0.01139972
v -0.31999999 0.01555908 0.00590579
v -0.31999999 0.01532612 0.00597924
v -0.31999999 0.01510045 0.00607272
v -0.31999999 0.01467776 0.00631675
v -0.31999999 0.01488378 0.00618551
v -0.31999999 0.01579756 0.00585292
v -0.31999999 0.01603974 0.00582103
v -0.31999999 0.01628378 0.00581038
v -0.31999999 0.01652781 0.00582103
v -0.31999999 0.01724144 0.00597924
v -0.31999999 0.01746711 0.00607272
v -0.31999999 0.01676999 0.00585292
v -0.31999999 0.01700847 0.00590579
v -0.31999999 0.01768378 0.00618551
v -0.31999999 0.01788979 0.00631675
v -0.31999999 0.01808358 0.00646545
v -0.31999999 0.00707107 0.00000000
v -0.31999999 0.00718523 0.00261467
v -0.31999999 0.02496588 -0.00340000
v -0.31999999 0.03056588 -0.00340000
v -0.31999999 0.03056588 0.00340000
v -0.31999999 0.02496588 0.00340000
v -0.31999999 0.03056588 -0.01539364
v -0.31999999 0.02496588 -0.01539364
v -0.31999999 0.03216588 -0.01539364
v -0.31999999 0.05246471 0.00650519
v -0.31999999 0.05246471 0.00490519
v -0.31999999 0.03367107 0.01210519
v -0.31999999 0.04047107 0.01210519
v -0.31999999 0.03427107 -0.01000000
v -0.31999999 0.03428172 -0.01024404
v -0.31999999 0.03367107 -0.01210519
v -0.31999999 0.03982853 -0.01048622
v -0.31999999 0.03986041 -0.01024404
v -0.31999999 0.04047107 -0.01210519
v -0.31999999 0.03428172 -0.00975596
v -0.31999999 0.03431361 -0.01048622
v -0.31999999 0.03436648 -0.01072469
v -0.31999999 0.03443993 -0.01095766
v -0.31999999 0.03949594 -0.01140000
v -0.31999999 0.03960873 -0.01118333
v -0.31999999 0.03970221 -0.01095766
v -0.31999999 0.03977566 -0.01072469
v -0.31999999 0.03987107 -0.01000000
v -0.31999999 0.03986041 -0.00975596
v -0.31999999 0.04047107 -0.00650519
v -0.31999999 0.03982853 -0.00951379
v -0.31999999 0.03453341 -0.01118333
v -0.31999999 0.03464620 -0.01140000
v -0.31999999 0.03477744 -0.01160601
v -0.31999999 0.03546505 -0.00770637
v -0.31999999 0.03527126 -0.00785508
v -0.31999999 0.03367107 -0.00650519
v -0.31999999 0.03492614 -0.01179980
v -0.31999999 0.03509117 -0.01197990
v -0.31999999 0.03527126 -0.01214492
v -0.31999999 0.03905097 -0.01197990
v -0.31999999 0.03921599 -0.01179980
v -0.31999999 0.03936469 -0.01160601
v -0.31999999 0.03509117 -0.00802010
v -0.31999999 0.03492614 -0.00820019
v -0.31999999 0.03477744 -0.00839399
v -0.31999999 0.03464620 -0.00860000
v -0.31999999 0.03453341 -0.00881667
v -0.31999999 0.03443993 -0.00904234
v -0.31999999 0.03436648 -0.00927531
v -0.31999999 0.03431361 -0.00951379
v -0.31999999 0.03977566 -0.00927531
v -0.31999999 0.03970221 -0.00904234
v -0.31999999 0.03960873 -0.00881667
v -0.31999999 0.03949594 -0.00860000
v -0.31999999 0.03936469 -0.00839399
v -0.31999999 0.03921599 -0.00820019
v -0.31999999 0.03905097 -0.00802010
v -0.31999999 0.03887087 -0.00785508
v -0.31999999 0.03867708 -0.00770637
v -0.31999999 0.03847107 -0.00757513
v -0.31999999 0.03825440 -0.00746234
v -0.31999999 0.03802872 -0.00736886
v -0.31999999 0.03658485 -0.00724254
v -0.31999999 0.03634638 -0.00729541
v -0.31999999 0.03611341 -0.00736886
v -0.31999999 0.03588774 -0.00746234
v -0.31999999 0.03567107 -0.00757513
v -0.31999999 0.03731510 -0.00721065
v -0.31999999 0.03707107 -0.00720000
v -0.31999999 0.03682703 -0.00721065
v -0.31999999 0.03779576 -0.00729541
v -0.31999999 0.03755728 -0.00724254
v -0.31999999 0.03546505 -0.01229363
v -0.31999999 0.03567107 -0.01242487
v -0.31999999 0.03367107 -0.01539364
v -0.31999999 0.03588774 -0.01253766
v -0.31999999 0.03611341 -0.01263114
v -0.31999999 0.03634638 -0.01270459
v -0.31999999 0.03658485 -0.01275746
v -0.31999999 0.03755728 -0.01275746
v -0.31999999 0.03779576 -0.01270459
v -0.31999999 0.04047107 -0.01539364
v -0.31999999 0.03802872 -0.01263114
v -0.31999999 0.03825440 -0.01253766
v -0.31999999 0.03847107 -0.01242487
v -0.31999999 0.03867708 -0.01229363
v -0.31999999 0.03887087 -0.01214492
v -0.31999999 0.03682703 -0.01278935
v -0.31999999 0.03707107 -0.01280000
v -0.31999999 0.03731510 -0.01278935
v -0.31999999 0.04289210 -0.02054325
v -0.31999999 0.04288144 -0.02078729
v -0.31999999 0.04289210 -0.02103133
v -0.31999999 0.04292398 -0.02127350
v -0.31999999 0.04353652 -0.01898748
v -0.31999999 0.04338782 -0.01918128
v -0.31999999 0.04325657 -0.01938729
v -0.31999999 0.04314378 -0.01960396
v -0.31999999 0.04305030 -0.01982963
v -0.31999999 0.04297685 -0.02151198
v -0.31999999 0.04305030 -0.02174495
v -0.31999999 0.04314378 -0.02197062
v -0.31999999 0.04325657 -0.02218729
v -0.31999999 0.04338782 -0.02239330
v -0.31999999 0.04297685 -0.02006260
v -0.31999999 0.04292398 -0.02030107
v -0.31999999 0.04831259 -0.02174495
v -0.31999999 0.04838604 -0.02151198
v -0.31999999 0.04843891 -0.02127350
v -0.31999999 0.04843891 -0.02030107
v -0.31999999 0.04838604 -0.02006260
v -0.31999999 0.04917626 -0.01539364
v -0.31999999 0.04847079 -0.02103133
v -0.31999999 0.04848145 -0.02078729
v -0.31999999 0.04847079 -0.02054325
v -0.31999999 0.04353652 -0.02258709
v -0.31999999 0.04370154 -0.02276719
v -0.31999999 0.04388164 -0.02293221
v -0.31999999 0.04592548 -0.01799794
v -0.31999999 0.04568145 -0.01798729
v -0.31999999 0.04357626 -0.01539364
v -0.31999999 0.04407543 -0.02308092
v -0.31999999 0.04428145 -0.02321216
v -0.31999999 0.04449811 -0.02332495
v -0.31999999 0.04428145 -0.01836242
v -0.31999999 0.04407543 -0.01849366
v -0.31999999 0.04388164 -0.01864237
v -0.31999999 0.04370154 -0.01880739
v -0.31999999 0.04831259 -0.01982963
v -0.31999999 0.04821911 -0.01960396
v -0.31999999 0.04810632 -0.01938729
v -0.31999999 0.04766135 -0.01880739
v -0.31999999 0.04748125 -0.01864237
v -0.31999999 0.04728746 -0.01849366
v -0.31999999 0.04663910 -0.01815615
v -0.31999999 0.04640614 -0.01808270
v -0.31999999 0.04616766 -0.01802983
v -0.31999999 0.04495675 -0.01808270
v -0.31999999 0.04472379 -0.01815615
v -0.31999999 0.04449811 -0.01824963
v -0.31999999 0.04797507 -0.01918128
v -0.31999999 0.04782637 -0.01898748
v -0.31999999 0.04708144 -0.01836242
v -0.31999999 0.04686478 -0.01824963
v -0.31999999 0.04543741 -0.01799794
v -0.31999999 0.04519523 -0.01802983
v -0.31999999 0.04472379 -0.02341843
v -0.31999999 0.04495675 -0.02349188
v -0.31999999 0.04519523 -0.02354475
v -0.31999999 0.04616766 -0.02354475
v -0.31999999 0.04640614 -0.02349188
v -0.31999999 0.04663910 -0.02341843
v -0.31999999 0.04686478 -0.02332495
v -0.31999999 0.04708144 -0.02321216
v -0.31999999 0.04728746 -0.02308092
v -0.31999999 0.04748125 -0.02293221
v -0.31999999 0.04766135 -0.02276719
v -0.31999999 0.04782637 -0.02258709
v -0.31999999 0.04797507 -0.02239330
v -0.31999999 0.04810632 -0.02218729
v -0.31999999 0.04821911 -0.02197062
v -0.31999999 0.04543741 -0.02357663
v -0.31999999 0.04568145 -0.02358729
v -0.31999999 0.04592548 -0.02357663
v -0.31999999 0.06061582 -0.00909659
v -0.31999999 0.06064770 -0.00885441
v -0.31999999 0.05246471 -0.00650519
v -0.31999999 0.05506901 -0.00836634
v -0.31999999 0.05505836 -0.00861038
v -0.31999999 0.05510090 -0.00909659
v -0.31999999 0.05515376 -0.00933507
v -0.31999999 0.05246471 -0.01210519
v -0.31999999 0.05506901 -0.00885441
v -0.31999999 0.05556473 -0.00700436
v -0.31999999 0.05571343 -0.00681057
v -0.31999999 0.05587846 -0.00663048
v -0.31999999 0.06028323 -0.01001038
v -0.31999999 0.06039602 -0.00979371
v -0.31999999 0.06065836 -0.00861038
v -0.31999999 0.06064770 -0.00836634
v -0.31999999 0.06061582 -0.00812416
v -0.31999999 0.06056295 -0.00788568
v -0.31999999 0.05543349 -0.00721038
v -0.31999999 0.05532070 -0.00742705
v -0.31999999 0.05522722 -0.00765272
v -0.31999999 0.05515376 -0.00788568
v -0.31999999 0.05510090 -0.00812416
v -0.31999999 0.06048950 -0.00956803
v -0.31999999 0.06056295 -0.00933507
v -0.31999999 0.06048950 -0.00765272
v -0.31999999 0.06039602 -0.00742705
v -0.31999999 0.06028323 -0.00721038
v -0.31999999 0.05965816 -0.01075530
v -0.31999999 0.05983826 -0.01059028
v -0.31999999 0.06015198 -0.00700436
v -0.31999999 0.06000328 -0.00681057
v -0.31999999 0.05983826 -0.00663048
v -0.31999999 0.05522722 -0.00956803
v -0.31999999 0.05532070 -0.00979371
v -0.31999999 0.05543349 -0.01001038
v -0.31999999 0.05810239 -0.01139972
v -0.31999999 0.05834457 -0.01136784
v -0.31999999 0.05556473 -0.01021639
v -0.31999999 0.05571343 -0.01041018
v -0.31999999 0.05587846 -0.01059028
v -0.31999999 0.05605855 -0.01075530
v -0.31999999 0.05625234 -0.01090400
v -0.31999999 0.05645836 -0.01103525
v -0.31999999 0.05667502 -0.01114804
v -0.31999999 0.05690070 -0.01124152
v -0.31999999 0.05713366 -0.01131497
v -0.31999999 0.05737214 -0.01136784
v -0.31999999 0.05761432 -0.01139972
v -0.31999999 0.05785836 -0.01141038
v -0.31999999 0.05858305 -0.01131497
v -0.31999999 0.05881601 -0.01124152
v -0.31999999 0.05904169 -0.01114804
v -0.31999999 0.05925836 -0.01103525
v -0.31999999 0.05946437 -0.01090400
v -0.31999999 0.06000328 -0.01041018
v -0.31999999 0.06015198 -0.01021639
v -0.31999999 0.05965816 -0.00646545
v -0.31999999 0.05946437 -0.00631675
v -0.31999999 0.05925836 -0.00618551
v -0.31999999 0.05904169 -0.00607272
v -0.31999999 0.05246471 -0.00340000
v -0.31999999 0.05625234 -0.00631675
v -0.31999999 0.05605855 -0.00646545
v -0.31999999 0.05810239 -0.00582103
v -0.31999999 0.05785836 -0.00581038
v -0.31999999 0.05761432 -0.00582103
v -0.31999999 0.05690070 -0.00597924
v -0.31999999 0.05667502 -0.00607272
v -0.31999999 0.05645836 -0.00618551
v -0.31999999 0.05737214 -0.00585292
v -0.31999999 0.05713366 -0.00590579
v -0.31999999 0.05881601 -0.00597924
v -0.31999999 0.05858305 -0.00590579
v -0.31999999 0.05834457 -0.00585292
v -0.31999999 0.04431361 0.00048621
v -0.31999999 0.04428172 0.00024404
v -0.31999999 0.04357626 0.00340000
v -0.31999999 0.04427107 -0.00000000
v -0.31999999 0.04357626 -0.00340000
v -0.31999999 0.04428172 -0.00024404
v -0.31999999 0.04887087 -0.00214492
v -0.31999999 0.04905097 -0.00197990
v -0.31999999 0.04917626 -0.00340000
v -0.31999999 0.04431361 -0.00048621
v -0.31999999 0.04436648 -0.00072469
v -0.31999999 0.04443993 -0.00095766
v -0.31999999 0.04492614 0.00179981
v -0.31999999 0.04477744 0.00160601
v -0.31999999 0.04464620 0.00140000
v -0.31999999 0.04453341 0.00118333
v -0.31999999 0.04443993 0.00095766
v -0.31999999 0.04436648 0.00072469
v -0.31999999 0.04453341 -0.00118333
v -0.31999999 0.04464620 -0.00140000
v -0.31999999 0.04477744 -0.00160601
v -0.31999999 0.04492614 -0.00179981
v -0.31999999 0.04509117 -0.00197990
v -0.31999999 0.04527126 -0.00214492
v -0.31999999 0.04936469 0.00160601
v -0.31999999 0.04921599 0.00179981
v -0.31999999 0.04917626 0.00340000
v -0.31999999 0.04905097 0.00197990
v -0.31999999 0.04887087 0.00214492
v -0.31999999 0.04867708 0.00229363
v -0.31999999 0.04847107 0.00242487
v -0.31999999 0.04546505 -0.00229363
v -0.31999999 0.04567107 -0.00242487
v -0.31999999 0.04588774 -0.00253766
v -0.31999999 0.04546505 0.00229363
v -0.31999999 0.04527126 0.00214492
v -0.31999999 0.04509117 0.00197990
v -0.31999999 0.04611341 0.00263114
v -0.31999999 0.04588774 0.00253766
v -0.31999999 0.04567107 0.00242487
v -0.31999999 0.04825440 0.00253766
v -0.31999999 0.04802872 0.00263114
v -0.31999999 0.04779576 0.00270459
v -0.31999999 0.04755728 0.00275746
v -0.31999999 0.04731510 0.00278935
v -0.31999999 0.04707107 0.00280000
v -0.31999999 0.04825440 -0.00253766
v -0.31999999 0.04847107 -0.00242487
v -0.31999999 0.04867708 -0.00229363
v -0.31999999 0.04611341 -0.00263114
v -0.31999999 0.04634637 -0.00270459
v -0.31999999 0.04658485 -0.00275746
v -0.31999999 0.04682703 0.00278935
v -0.31999999 0.04658485 0.00275746
v -0.31999999 0.04634637 0.00270459
v -0.31999999 0.04682703 -0.00278935
v -0.31999999 0.04707107 -0.00280000
v -0.31999999 0.04731510 -0.00278935
v -0.31999999 0.04755728 -0.00275746
v -0.31999999 0.04779576 -0.00270459
v -0.31999999 0.04802872 -0.00263114
v -0.31999999 0.04970221 -0.00095766
v -0.31999999 0.04977566 -0.00072469
v -0.31999999 0.04982853 -0.00048621
v -0.31999999 0.04982853 0.00048621
v -0.31999999 0.04977566 0.00072469
v -0.31999999 0.05246471 0.00340000
v -0.31999999 0.04986041 -0.00024404
v -0.31999999 0.04987107 -0.00000000
v -0.31999999 0.04986041 0.00024404
v -0.31999999 0.04921599 -0.00179981
v -0.31999999 0.04936469 -0.00160601
v -0.31999999 0.04949594 -0.00140000
v -0.31999999 0.04960873 -0.00118333
v -0.31999999 0.04970221 0.00095766
v -0.31999999 0.04960873 0.00118333
v -0.31999999 0.04949594 0.00140000
v -0.31999999 0.04107107 0.00400000
v -0.31999999 0.04047107 0.00400000
v -0.31999999 0.04047107 0.00490519
v -0.31999999 0.03367107 0.00400000
v -0.31999999 0.04357626 0.00490519
v -0.31999999 0.04107107 0.00340000
v -0.31999999 0.04107107 -0.00340000
v -0.31999999 0.04107107 -0.00400000
v -0.31999999 0.04357626 -0.00650519
v -0.31999999 0.04047107 -0.00400000
v -0.31999999 0.03216588 0.01210519
v -0.31999999 0.03216588 0.00650519
v -0.31999999 0.03216588 0.00490519
v -0.31999999 0.03307107 0.00400000
v -0.31999999 0.03216588 0.00340000
v -0.31999999 0.03307107 0.00340000
v -0.31999999 0.03216588 -0.00340000
v -0.31999999 0.03307107 -0.00340000
v -0.31999999 0.03216588 -0.00650519
v -0.31999999 0.03307107 -0.00400000
v -0.31999999 0.04357626 0.01210519
v -0.31999999 0.04357626 0.00650519
v -0.31999999 0.02496588 0.01210519
v -0.31999999 0.02496588 0.00650519
v -0.31999999 0.02496588 0.00490519
v -0.31999999 0.03056588 0.01210519
v -0.31999999 0.03056588 0.00650519
v -0.31999999 0.03056588 0.00490519
v -0.31999999 0.04917626 0.01210519
v -0.31999999 0.04917626 0.00650519
v -0.31999999 0.04917626 0.00490519
v -0.31999999 0.02496588 -0.00650519
v -0.31999999 0.03056588 -0.00650519
v -0.31999999 0.03216588 -0.01210519
v -0.31999999 0.03056588 -0.01210519
v -0.31999999 0.02496588 -0.01210519
v -0.31999999 0.03367107 -0.00400000
v -0.31999999 0.04357626 -0.01210519
v -0.31999999 0.04917626 -0.00650519
v -0.31999999 0.04917626 -0.01210519
v -0.30469999 0.03707107 0.03000000
v -0.30469999 0.03707107 -0.03000000
v -0.30469999 0.03445639 -0.02988584
v -0.30469999 0.03186162 -0.02954423
v -0.30469999 0.04228051 -0.02954423
v -0.30469999 0.03968574 -0.02988584
v -0.30469999 0.03968574 0.02988584
v -0.30469999 0.04228051 0.02954423
v -0.30469999 0.03186162 0.02954423
v -0.30469999 0.03445639 0.02988584
v -0.30000001 0.01408973 -0.01928363
v -0.29999995 0.01519093 -0.02052461
v -0.30000001 0.01517107 -0.02050341
v -0.29999954 0.01561951 -0.02097215
v -0.29999971 0.01547425 -0.02082252
v -0.29999983 0.01533132 -0.02067325
v -0.29999933 0.01576692 -0.02112187
v -0.29999918 0.01585786 -0.02121320
v -0.30000001 0.01249651 -0.01720729
v -0.29936272 0.01986394 -0.02457468
v -0.29936832 0.01986011 -0.02457199
v -0.29950833 0.01975648 -0.02449908
v -0.29962900 0.01965290 -0.02442555
v -0.29972476 0.01955780 -0.02435745
v -0.29980657 0.01946344 -0.02428933
v -0.29985955 0.01939273 -0.02423791
v -0.29990616 0.01932088 -0.02418534
v -0.29994312 0.01925312 -0.02413546
v -0.29997098 0.01919005 -0.02408878
v -0.29998896 0.01913617 -0.02404869
v -0.29999533 0.01910969 -0.02402892
v -0.29997480 0.01917990 -0.02408124
v -0.29999891 0.01908775 -0.02401250
v -0.29999968 0.01907942 -0.02400626
v -0.29999989 0.01907525 -0.02400314
v -0.29999998 0.01907185 -0.02400059
v -0.30000001 0.01907107 -0.02400000
v -0.30000001 0.01906856 -0.02399805
v -0.29999998 0.01906034 -0.02399166
v -0.29999998 0.01902841 -0.02396682
v -0.29999998 0.01897718 -0.02392697
v -0.29999995 0.01890827 -0.02387336
v -0.29999995 0.01882331 -0.02380727
v -0.29999992 0.01872394 -0.02372998
v -0.29999989 0.01861185 -0.02364278
v -0.29999986 0.01848870 -0.02354700
v -0.29999983 0.01835619 -0.02344392
v -0.29999980 0.01823756 -0.02335163
v -0.29999983 0.01821626 -0.02333445
v -0.30000004 0.01807220 -0.02321730
v -0.29999861 0.01637372 -0.02171681
v -0.29999873 0.01621989 -0.02156915
v -0.29999891 0.01606733 -0.02142062
v -0.29999912 0.01591627 -0.02127145
v -0.29999930 0.01715233 -0.02243310
v -0.29999900 0.01699615 -0.02229344
v -0.29999876 0.01684001 -0.02215184
v -0.29999861 0.01665087 -0.02197762
v -0.29999858 0.01652858 -0.02186335
v -0.30000034 0.01777210 -0.02296845
v -0.30000028 0.01761848 -0.02283849
v -0.30000001 0.01746377 -0.02270581
v -0.29999965 0.01730829 -0.02257062
v -0.30000034 0.01778744 -0.02298133
v -0.30000025 0.01792374 -0.02309502
v -0.29999948 0.05635470 -0.02298133
v -0.29999948 0.05636790 -0.02297025
v -0.29999951 0.05652171 -0.02284015
v -0.30000007 0.05730962 -0.02214500
v -0.30000004 0.05715179 -0.02228822
v -0.29999989 0.05699343 -0.02242988
v -0.29999974 0.05683517 -0.02256945
v -0.29999959 0.05667771 -0.02270638
v -0.29999989 0.05793034 -0.02156133
v -0.29999992 0.05777708 -0.02170855
v -0.29999998 0.05762245 -0.02185499
v -0.30000004 0.05750298 -0.02196672
v -0.29999986 0.05808207 -0.02141349
v -0.29999986 0.05823213 -0.02126522
v -0.29998809 0.05500481 -0.02404955
v -0.29997280 0.05495867 -0.02408389
v -0.30000010 0.05579010 -0.02344350
v -0.30000010 0.05570007 -0.02351510
v -0.29999489 0.05503211 -0.02402917
v -0.29999998 0.05507107 -0.02400000
v -0.29999995 0.05506874 -0.02400175
v -0.29999998 0.05507350 -0.02399813
v -0.30000001 0.05523441 -0.02387408
v -0.30000004 0.05532020 -0.02380794
v -0.30000004 0.05542079 -0.02373040
v -0.30000001 0.05519761 -0.02390245
v -0.30000001 0.05516512 -0.02392750
v -0.30000001 0.05515054 -0.02393874
v -0.30000001 0.05513710 -0.02394909
v -0.30000001 0.05511376 -0.02396709
v -0.30000001 0.05510389 -0.02397470
v -0.30000001 0.05509525 -0.02398136
v -0.29999998 0.05508787 -0.02398705
v -0.29999998 0.05508177 -0.02399175
v -0.29999998 0.05507921 -0.02399372
v -0.29999998 0.05507697 -0.02399545
v -0.30000010 0.05565837 -0.02354725
v -0.30000007 0.05553418 -0.02364299
v -0.29999965 0.05506342 -0.02400574
v -0.29999909 0.05505716 -0.02401042
v -0.29999685 0.05504219 -0.02402163
v -0.29994410 0.05489268 -0.02413276
v -0.29990166 0.05481528 -0.02418972
v -0.29984027 0.05472380 -0.02425657
v -0.29979250 0.05466247 -0.02430108
v -0.29970151 0.05456076 -0.02437438
v -0.29957926 0.05444508 -0.02445697
v -0.29999951 0.05631560 -0.02301408
v -0.29999956 0.05621718 -0.02309603
v -0.29999977 0.05607019 -0.02321710
v -0.29999998 0.05592757 -0.02333307
v -0.30000001 0.06164563 -0.01720729
v -0.29999998 0.05895207 -0.02052368
v -0.29999995 0.05881259 -0.02067138
v -0.29999992 0.05867072 -0.02081958
v -0.29999989 0.05852660 -0.02096808
v -0.29999986 0.05838035 -0.02111669
v -0.29999986 0.05828427 -0.02121320
v -0.30000001 0.05897107 -0.02050341
v -0.30000001 0.06005240 -0.01928363
v -0.30000001 0.06005240 0.01928363
v -0.29999998 0.05895200 0.02052377
v -0.30000001 0.05897107 0.02050341
v -0.29999989 0.05852629 0.02096839
v -0.29999992 0.05867049 0.02081982
v -0.29999995 0.05881244 0.02067154
v -0.29999986 0.05837997 0.02111707
v -0.29999986 0.05828427 0.02121320
v -0.30000001 0.06164563 0.01720729
v -0.29936275 0.05427813 0.02457472
v -0.29949874 0.05437825 0.02450431
v -0.29956692 0.05443442 0.02446454
v -0.29949099 0.05437215 0.02450863
v -0.29958132 0.05444687 0.02445570
v -0.29961270 0.05447484 0.02443581
v -0.29972243 0.05458273 0.02435860
v -0.29980189 0.05467401 0.02429273
v -0.29984120 0.05472506 0.02425565
v -0.29986823 0.05476331 0.02422776
v -0.29989618 0.05480636 0.02419627
v -0.29993734 0.05487912 0.02414277
v -0.29996258 0.05493317 0.02410281
v -0.29998156 0.05498344 0.02406547
v -0.29999283 0.05502300 0.02403598
v -0.29999870 0.05505404 0.02401276
v -0.29999959 0.05506228 0.02400659
v -0.30000040 0.05508406 0.02399025
v -0.30000040 0.05508632 0.02398855
v -0.30000043 0.05509037 0.02398551
v -0.30000043 0.05509184 0.02398441
v -0.30000043 0.05509872 0.02397924
v -0.30000040 0.05510686 0.02397311
v -0.30000037 0.05511625 0.02396605
v -0.30000004 0.05563917 0.02356323
v -0.30000007 0.05565791 0.02354844
v -0.29999974 0.05532062 0.02381079
v -0.29999977 0.05542134 0.02373326
v -0.29999992 0.05553449 0.02364534
v -0.30000028 0.05513293 0.02395348
v -0.30000025 0.05513881 0.02394904
v -0.30000013 0.05516655 0.02392809
v -0.29999986 0.05523529 0.02387595
v -0.29999974 0.05530259 0.02382460
v -0.30000010 0.05578931 0.02344414
v -0.29999998 0.05592694 0.02333358
v -0.29999977 0.05606972 0.02321748
v -0.29999986 0.05506667 0.02400330
v -0.29999995 0.05506973 0.02400100
v -0.30000013 0.05507473 0.02399726
v -0.29999998 0.05507107 0.02400000
v -0.30000007 0.05507406 0.02399775
v -0.30000004 0.05507306 0.02399850
v -0.30000016 0.05507706 0.02399551
v -0.30000028 0.05507972 0.02399351
v -0.30000034 0.05508213 0.02399170
v -0.29999992 0.05777642 0.02170917
v -0.29999989 0.05792973 0.02156192
v -0.29999986 0.05798154 0.02151168
v -0.29999986 0.05808153 0.02141402
v -0.29999986 0.05823167 0.02126568
v -0.29999989 0.05699289 0.02243036
v -0.30000004 0.05715119 0.02228876
v -0.29999986 0.05694797 0.02247017
v -0.30000007 0.05730896 0.02214560
v -0.30000004 0.05746587 0.02200118
v -0.29999998 0.05762175 0.02185565
v -0.29999948 0.05636770 0.02297041
v -0.29999951 0.05652142 0.02284040
v -0.29999959 0.05667733 0.02270671
v -0.29999974 0.05683472 0.02256985
v -0.29999948 0.05635470 0.02298133
v -0.29999956 0.05621689 0.02309627
v -0.30000034 0.01778744 0.02298133
v -0.30000001 0.01746290 0.02270506
v -0.30000028 0.01761777 0.02283789
v -0.29999965 0.01730740 0.02256984
v -0.29999980 0.01736827 0.02262299
v -0.30000034 0.01777155 0.02296799
v -0.29999876 0.01683965 0.02215151
v -0.29999897 0.01699561 0.02229295
v -0.29999930 0.01715161 0.02243246
v -0.29999918 0.01585786 0.02121320
v -0.29999912 0.01591673 0.02127191
v -0.29999891 0.01606773 0.02142101
v -0.29999873 0.01622023 0.02156948
v -0.29999861 0.01637399 0.02171707
v -0.29999858 0.01656096 0.02189373
v -0.29999861 0.01668399 0.02200834
v -0.29999265 0.01912173 0.02403791
v -0.29997903 0.01916801 0.02407240
v -0.29999959 0.01842173 0.02349899
v -0.29999954 0.01848658 0.02355031
v -0.29999954 0.01854923 0.02359961
v -0.29999956 0.01863565 0.02366718
v -0.29999962 0.01866719 0.02369129
v -0.29999965 0.01872207 0.02373324
v -0.29999971 0.01877375 0.02377274
v -0.29999977 0.01882201 0.02380963
v -0.29999980 0.01886665 0.02384375
v -0.29999983 0.01890746 0.02387494
v -0.29999986 0.01894423 0.02390305
v -0.29999992 0.01897675 0.02392791
v -0.29999992 0.01900483 0.02394937
v -0.29999995 0.01901714 0.02395878
v -0.29999995 0.01902825 0.02396728
v -0.29999995 0.01903816 0.02397485
v -0.29999998 0.01904682 0.02398147
v -0.29999998 0.01905422 0.02398712
v -0.29999998 0.01906033 0.02399179
v -0.29999998 0.01906512 0.02399546
v -0.29999998 0.01906857 0.02399809
v -0.30000001 0.01907107 0.02400000
v -0.29999995 0.01907315 0.02400156
v -0.29999381 0.01911683 0.02403425
v -0.29999977 0.01907827 0.02400540
v -0.29999962 0.01908035 0.02400696
v -0.29999882 0.01908867 0.02401319
v -0.29996559 0.01920356 0.02409880
v -0.29995421 0.01922980 0.02411823
v -0.29994437 0.01925062 0.02413362
v -0.29999986 0.01820653 0.02332658
v -0.29999983 0.01821619 0.02333438
v -0.29999965 0.01835491 0.02344580
v -0.29990163 0.01932839 0.02419085
v -0.29984295 0.01941594 0.02425482
v -0.29976195 0.01951671 0.02432785
v -0.29967934 0.01960461 0.02439104
v -0.29958090 0.01969607 0.02445627
v -0.29956308 0.01971140 0.02446716
v -0.30000004 0.01807196 0.02321711
v -0.30000025 0.01792334 0.02309469
v -0.30000001 0.01249651 0.01720729
v -0.29999995 0.01519095 0.02052463
v -0.29999983 0.01533147 0.02067341
v -0.29999971 0.01547452 0.02082280
v -0.29999954 0.01561991 0.02097255
v -0.29999930 0.01578063 0.02113569
v -0.30000001 0.01517107 0.02050341
v -0.30000001 0.01408973 0.01928363
v -0.30000001 0.06217107 0.01643137
v -0.30469999 0.06217107 0.01643137
v -0.30469999 0.05207107 0.02598076
v -0.29873267 0.05395068 0.02480078
v -0.29894114 0.05403941 0.02474016
v -0.29736635 0.05366506 0.02499279
v -0.29769188 0.05369548 0.02497256
v -0.29800162 0.05374418 0.02494008
v -0.29826418 0.05380217 0.02490121
v -0.29850727 0.05387133 0.02485460
v -0.29913381 0.05413722 0.02467279
v -0.29920179 0.05417597 0.02464594
v -0.29926682 0.05421537 0.02461855
v -0.29933351 0.05425837 0.02458854
v -0.29934874 0.05426861 0.02458139
v -0.29935414 0.05427226 0.02457883
v -0.30469999 0.04974962 0.02718923
v -0.30469999 0.04733167 0.02819078
v -0.30469999 0.04483564 0.02897777
v -0.30469999 0.02439252 0.02718923
v -0.30469999 0.02681046 0.02819078
v -0.30469999 0.02930650 0.02897777
v -0.29936120 0.01986498 0.02457541
v -0.29924703 0.01993876 0.02462690
v -0.29907516 0.02003605 0.02469429
v -0.29887030 0.02013417 0.02476170
v -0.29861835 0.02023320 0.02482914
v -0.29834852 0.02031745 0.02488607
v -0.29805759 0.02038690 0.02493268
v -0.29771996 0.02044326 0.02497030
v -0.29736969 0.02047710 0.02499280
v -0.29941335 0.01982844 0.02454978
v -0.30469999 0.02207107 0.02598076
v -0.30469999 0.01109031 0.01500000
v -0.30469999 0.01197107 0.01643137
v -0.30000001 0.01197107 0.01643137
v -0.30469999 0.00988183 0.01267855
v -0.30469999 0.00888029 0.01026060
v -0.30469999 0.00809329 0.00776457
v -0.30469999 0.00752684 0.00520945
v -0.30469999 0.00718523 0.00261467
v -0.30469999 0.00707107 -0.00000000
v -0.30469999 0.00718523 -0.00261467
v -0.30469999 0.00752684 -0.00520945
v -0.30469999 0.00809329 -0.00776457
v -0.30469999 0.00888029 -0.01026060
v -0.30469999 0.00988183 -0.01267855
v -0.30469999 0.01109031 -0.01500000
v -0.30000001 0.01197107 -0.01643137
v -0.30469999 0.01197107 -0.01643137
v -0.30469999 0.02207107 -0.02598076
v -0.30469999 0.02048794 -0.02500000
v -0.29702637 0.02048770 -0.02500000
v -0.29737523 0.02047674 -0.02499257
v -0.29771012 0.02044454 -0.02497115
v -0.29787672 0.02042014 -0.02495489
v -0.29815066 0.02036691 -0.02491929
v -0.29830384 0.02032948 -0.02489416
v -0.29840678 0.02030098 -0.02487497
v -0.29856434 0.02025174 -0.02484170
v -0.29864547 0.02022355 -0.02482259
v -0.29886714 0.02013555 -0.02476264
v -0.29901409 0.02006715 -0.02471572
v -0.29904139 0.02005345 -0.02470629
v -0.29921281 0.01995937 -0.02464122
v -0.29929382 0.01990951 -0.02460652
v -0.30469999 0.02439252 -0.02718923
v -0.30469999 0.02681046 -0.02819078
v -0.30469999 0.02930650 -0.02897777
v -0.30469999 0.04974962 -0.02718923
v -0.30469999 0.04733167 -0.02819078
v -0.30469999 0.04483564 -0.02897777
v -0.29913297 0.05413676 -0.02467310
v -0.29891896 0.05402919 -0.02474716
v -0.30469999 0.05365419 -0.02500000
v -0.29936180 0.05427749 -0.02457517
v -0.29930812 0.05424167 -0.02460021
v -0.29923269 0.05419439 -0.02463314
v -0.29868731 0.05393342 -0.02481252
v -0.29859754 0.05390121 -0.02483438
v -0.29843482 0.05384904 -0.02486965
v -0.29815507 0.05377609 -0.02491871
v -0.29805312 0.05375428 -0.02493332
v -0.29781997 0.05371318 -0.02496077
v -0.29747054 0.05367259 -0.02498778
v -0.29710746 0.05365492 -0.02499952
v -0.29702541 0.05365391 -0.02500000
v -0.29944035 0.05433350 -0.02453586
v -0.30469999 0.05207107 -0.02598076
v -0.30469999 0.06305183 -0.01500000
v -0.30469999 0.06217107 -0.01643137
v -0.30000001 0.06217107 -0.01643137
v -0.30469999 0.06305183 0.01500000
v -0.30469999 0.06426030 0.01267855
v -0.30469999 0.06526185 0.01026060
v -0.30469999 0.06604885 0.00776457
v -0.30469999 0.06661530 0.00520945
v -0.30469999 0.06695691 0.00261467
v -0.30469999 0.06707107 0.00000000
v -0.30469999 0.06695691 -0.00261467
v -0.30469999 0.06661530 -0.00520945
v -0.30469999 0.06604885 -0.00776457
v -0.30469999 0.06526185 -0.01026060
v -0.30469999 0.06426030 -0.01267855
v -0.29640421 0.05699790 -0.02488816
v -0.29659992 0.05705696 -0.02483990
v -0.29648107 0.05805621 -0.02480818
v -0.29670459 0.05656009 -0.02485505
v -0.29832757 0.05627687 -0.02429543
v -0.29846233 0.05634740 -0.02420107
v -0.29843566 0.05655632 -0.02415518
v -0.29911920 0.05799538 -0.02309654
v -0.29913944 0.05817648 -0.02301339
v -0.29900667 0.05814503 -0.02318580
v -0.29881963 0.05714448 -0.02369327
v -0.29882410 0.05694652 -0.02375869
v -0.29895216 0.05700318 -0.02363115
v -0.29909888 0.05648210 -0.02372563
v -0.29908687 0.05667422 -0.02365126
v -0.29896909 0.05661259 -0.02377114
v -0.29994339 0.05897107 -0.02089893
v -0.29990023 0.05897107 -0.02110737
v -0.29989699 0.05894050 -0.02113596
v -0.29959345 0.05897107 -0.02202574
v -0.29955551 0.05897107 -0.02210881
v -0.29949084 0.05889474 -0.02225792
v -0.29818037 0.05894021 -0.02387326
v -0.29818615 0.05897107 -0.02386654
v -0.29801217 0.05897107 -0.02400230
v -0.29572445 0.05897107 -0.02494767
v -0.29564685 0.05897107 -0.02495844
v -0.29559213 0.05790074 -0.02497797
v -0.29964885 0.05458930 -0.02437191
v -0.29999959 0.05506591 -0.02400388
v -0.29999986 0.05507117 -0.02399994
v -0.29996997 0.05837301 -0.02124363
v -0.29997292 0.05852083 -0.02109879
v -0.29997611 0.05866641 -0.02095399
v -0.29997951 0.05880958 -0.02080940
v -0.29998311 0.05895017 -0.02066519
v -0.29995534 0.05680787 -0.02265450
v -0.29995543 0.05696834 -0.02251949
v -0.29995584 0.05712890 -0.02238237
v -0.29995659 0.05728887 -0.02224360
v -0.29995766 0.05744790 -0.02210346
v -0.29995900 0.05760581 -0.02196212
v -0.29996067 0.05776245 -0.02181976
v -0.29996258 0.05791765 -0.02167656
v -0.29996479 0.05807125 -0.02153268
v -0.29996726 0.05822309 -0.02138831
v -0.29995558 0.05664824 -0.02278692
v -0.29995614 0.05649015 -0.02291628
v -0.29995707 0.05633435 -0.02304210
v -0.29995996 0.05603251 -0.02328119
v -0.29996428 0.05574853 -0.02350037
v -0.29997009 0.05549057 -0.02369446
v -0.29996702 0.05561541 -0.02360109
v -0.29991895 0.05541403 -0.02377632
v -0.29997727 0.05527440 -0.02385383
v -0.29998353 0.05515000 -0.02394434
v -0.29998574 0.05511696 -0.02396822
v -0.29999834 0.05515396 -0.02393798
v -0.29999903 0.05514717 -0.02394297
v -0.29999825 0.05513004 -0.02395602
v -0.29999879 0.05510651 -0.02397360
v -0.29999939 0.05508273 -0.02399134
v -0.29999933 0.05507426 -0.02399768
v -0.29999942 0.05507270 -0.02399883
v -0.29999942 0.05506941 -0.02400128
v -0.29999271 0.05504581 -0.02401936
v -0.29985133 0.05484935 -0.02417895
v -0.29978329 0.05467249 -0.02429742
v -0.29993689 0.05494806 -0.02409700
v -0.29991740 0.05502110 -0.02405214
v -0.29973474 0.05476846 -0.02425563
v -0.29937795 0.05433789 -0.02454804
v -0.29948443 0.05452353 -0.02444409
v -0.29958835 0.05470467 -0.02433010
v -0.29916593 0.05428664 -0.02461598
v -0.29929098 0.05447379 -0.02451571
v -0.29817823 0.05402287 -0.02487876
v -0.29799172 0.05382788 -0.02493133
v -0.29724973 0.05384491 -0.02499088
v -0.29747239 0.05403703 -0.02496443
v -0.29664370 0.05413804 -0.02500000
v -0.29696649 0.05372215 -0.02500000
v -0.29575506 0.05897107 -0.02494309
v -0.29581696 0.05794007 -0.02495102
v -0.29580805 0.05681792 -0.02498155
v -0.29560745 0.05675734 -0.02499522
v -0.29687500 0.05897107 -0.02463729
v -0.29671094 0.05897107 -0.02469967
v -0.29669309 0.05857897 -0.02471818
v -0.29649642 0.05897107 -0.02477173
v -0.29669747 0.05809405 -0.02474040
v -0.29713461 0.05862882 -0.02453932
v -0.29724714 0.05897107 -0.02447094
v -0.29693976 0.05897107 -0.02461088
v -0.29734856 0.05865298 -0.02443440
v -0.29734528 0.05897107 -0.02442096
v -0.29755726 0.05867654 -0.02431937
v -0.29759315 0.05897107 -0.02428225
v -0.29832962 0.05876372 -0.02376219
v -0.29814684 0.05874309 -0.02391555
v -0.29795691 0.05872165 -0.02405976
v -0.29779819 0.05897107 -0.02415296
v -0.29776022 0.05869945 -0.02419444
v -0.29768825 0.05897107 -0.02422402
v -0.29855710 0.05897107 -0.02353104
v -0.29854226 0.05897107 -0.02354581
v -0.29854199 0.05896981 -0.02354617
v -0.29836833 0.05897107 -0.02371020
v -0.29937053 0.05897107 -0.02246602
v -0.29927894 0.05897107 -0.02262009
v -0.29925576 0.05886823 -0.02267412
v -0.29915980 0.05897107 -0.02280346
v -0.29912353 0.05885331 -0.02287328
v -0.29901183 0.05897107 -0.02300931
v -0.29898196 0.05883734 -0.02306590
v -0.29892391 0.05897107 -0.02312201
v -0.29883143 0.05882035 -0.02325153
v -0.29870763 0.05897107 -0.02337387
v -0.29867229 0.05880239 -0.02342975
v -0.29866379 0.05897107 -0.02342107
v -0.29895833 0.05680810 -0.02370176
v -0.29907918 0.05686631 -0.02357548
v -0.29883337 0.05674791 -0.02382302
v -0.29900473 0.05622266 -0.02390574
v -0.29886681 0.05635033 -0.02394815
v -0.29889110 0.05615271 -0.02400869
v -0.29872251 0.05648355 -0.02399632
v -0.29877460 0.05608098 -0.02410709
v -0.29849491 0.05613919 -0.02424599
v -0.29865533 0.05600756 -0.02420085
v -0.29859406 0.05641632 -0.02410132
v -0.29869169 0.05688795 -0.02388086
v -0.29884759 0.05654900 -0.02388621
v -0.29898453 0.05641717 -0.02383920
v -0.29911533 0.05629076 -0.02379838
v -0.29868141 0.05729027 -0.02376136
v -0.29907572 0.05705784 -0.02349842
v -0.29895052 0.05719749 -0.02355940
v -0.29881993 0.05734142 -0.02362684
v -0.29868376 0.05748975 -0.02370022
v -0.29854181 0.05764264 -0.02377896
v -0.29855520 0.05682755 -0.02399749
v -0.29841474 0.05676541 -0.02410838
v -0.29888925 0.05829833 -0.02328146
v -0.29903015 0.05832729 -0.02310860
v -0.29916328 0.05835466 -0.02292950
v -0.29876667 0.05845556 -0.02338289
v -0.29891607 0.05848164 -0.02321018
v -0.29905751 0.05850633 -0.02303074
v -0.29919067 0.05852957 -0.02284494
v -0.29907644 0.05724849 -0.02342015
v -0.29895326 0.05739066 -0.02348656
v -0.29882485 0.05753698 -0.02355944
v -0.29869097 0.05768760 -0.02363824
v -0.29855138 0.05784272 -0.02372234
v -0.29840589 0.05800263 -0.02381105
v -0.29863864 0.05861712 -0.02348937
v -0.29879689 0.05863986 -0.02331747
v -0.29894701 0.05866143 -0.02313830
v -0.29908866 0.05868179 -0.02295228
v -0.29922155 0.05870087 -0.02275979
v -0.29850489 0.05878351 -0.02360011
v -0.29836521 0.05606556 -0.02433517
v -0.29823288 0.05599044 -0.02441909
v -0.29829603 0.05648907 -0.02425481
v -0.29818985 0.05620482 -0.02438425
v -0.29815319 0.05642027 -0.02434862
v -0.29800734 0.05635002 -0.02443647
v -0.29804942 0.05613133 -0.02446738
v -0.29766038 0.05643170 -0.02457084
v -0.29776099 0.05598042 -0.02461617
v -0.29790640 0.05605650 -0.02454471
v -0.29796094 0.05583609 -0.02457062
v -0.29785860 0.05627838 -0.02451820
v -0.29773372 0.05717160 -0.02440674
v -0.29775512 0.05694818 -0.02443537
v -0.29790315 0.05722835 -0.02430663
v -0.29791972 0.05700897 -0.02433996
v -0.29806849 0.05728371 -0.02419915
v -0.29808053 0.05706836 -0.02423751
v -0.29822946 0.05733762 -0.02408454
v -0.29823732 0.05712628 -0.02412820
v -0.29838583 0.05738998 -0.02396301
v -0.29838991 0.05718262 -0.02401226
v -0.29778305 0.05672460 -0.02446351
v -0.29794255 0.05678921 -0.02437273
v -0.29809862 0.05685243 -0.02427522
v -0.29825100 0.05691415 -0.02417115
v -0.29839951 0.05697431 -0.02406073
v -0.29758707 0.05688611 -0.02452365
v -0.29781750 0.05650121 -0.02449113
v -0.29797173 0.05656943 -0.02440491
v -0.29812282 0.05663627 -0.02431227
v -0.29827055 0.05670163 -0.02421337
v -0.29754058 0.05734073 -0.02447474
v -0.29623997 0.05897107 -0.02484434
v -0.29611260 0.05897107 -0.02487508
v -0.29626188 0.05801789 -0.02486597
v -0.29604036 0.05797915 -0.02491364
v -0.29620677 0.05693830 -0.02492792
v -0.29600793 0.05687828 -0.02495908
v -0.29632771 0.05584199 -0.02496673
v -0.29615527 0.05576566 -0.02498500
v -0.29669309 0.05542161 -0.02494769
v -0.29667011 0.05599354 -0.02490899
v -0.29649940 0.05591799 -0.02494138
v -0.29632142 0.05462756 -0.02500000
v -0.29663336 0.05476285 -0.02498814
v -0.29599884 0.05521181 -0.02500000
v -0.29567996 0.05591807 -0.02500000
v -0.29908124 0.05743791 -0.02334075
v -0.29896036 0.05758234 -0.02341272
v -0.29883432 0.05773081 -0.02349114
v -0.29870296 0.05788347 -0.02357546
v -0.29856595 0.05804057 -0.02366503
v -0.29842305 0.05820245 -0.02375912
v -0.29827407 0.05836954 -0.02385691
v -0.29775482 0.05545326 -0.02471765
v -0.29761338 0.05590320 -0.02468171
v -0.29750058 0.05636100 -0.02464400
v -0.29741582 0.05682285 -0.02460470
v -0.29735863 0.05728586 -0.02456396
v -0.29732865 0.05774714 -0.02452190
v -0.29713285 0.05770068 -0.02461082
v -0.29712009 0.05816792 -0.02457550
v -0.29691064 0.05813131 -0.02466279
v -0.29691595 0.05860414 -0.02463398
v -0.29909003 0.05762576 -0.02326030
v -0.29910272 0.05781169 -0.02317887
v -0.29897168 0.05777220 -0.02333793
v -0.29898715 0.05795988 -0.02326227
v -0.29884830 0.05792255 -0.02342200
v -0.29886663 0.05811184 -0.02335209
v -0.29871961 0.05807700 -0.02351194
v -0.29874089 0.05826782 -0.02344773
v -0.29858539 0.05823584 -0.02360706
v -0.29860967 0.05842815 -0.02354850
v -0.29844534 0.05839945 -0.02370663
v -0.29847264 0.05859326 -0.02365361
v -0.29860857 0.05897107 -0.02347882
v -0.29836518 0.05895533 -0.02371420
v -0.29831848 0.05897107 -0.02375451
v -0.29809618 0.05833846 -0.02399897
v -0.29791197 0.05830628 -0.02413244
v -0.29772180 0.05827307 -0.02425699
v -0.29752615 0.05823888 -0.02437245
v -0.29770780 0.05783708 -0.02431812
v -0.29789039 0.05788039 -0.02420351
v -0.29806781 0.05792246 -0.02408060
v -0.29823974 0.05796323 -0.02394968
v -0.29732543 0.05820380 -0.02447867
v -0.29752043 0.05779263 -0.02442429
v -0.29771873 0.05739447 -0.02437764
v -0.29789281 0.05744695 -0.02427275
v -0.29806241 0.05749810 -0.02416020
v -0.29822728 0.05754781 -0.02404020
v -0.29838717 0.05759602 -0.02391304
v -0.29853800 0.05723731 -0.02388990
v -0.29693347 0.05765337 -0.02469094
v -0.29717326 0.05722994 -0.02464518
v -0.29724163 0.05675852 -0.02467845
v -0.29733837 0.05628924 -0.02471052
v -0.29746383 0.05582494 -0.02474128
v -0.29761857 0.05536938 -0.02477056
v -0.29748085 0.05528462 -0.02481809
v -0.29731247 0.05574574 -0.02479482
v -0.29715949 0.05566570 -0.02484228
v -0.29717398 0.05621650 -0.02477035
v -0.29700765 0.05614290 -0.02482341
v -0.29706484 0.05669321 -0.02474481
v -0.29688573 0.05662703 -0.02480371
v -0.29698479 0.05717308 -0.02471831
v -0.29679355 0.05711539 -0.02478325
v -0.29691884 0.05493863 -0.02495366
v -0.29526296 0.05897107 -0.02499347
v -0.29501170 0.05897107 -0.02500000
v -0.29536632 0.05786123 -0.02499435
v -0.29508203 0.05820076 -0.02500000
v -0.29521823 0.05742152 -0.02500000
v -0.29541844 0.05665744 -0.02500000
v -0.29880947 0.05468275 -0.02458043
v -0.29899779 0.05434484 -0.02463679
v -0.29906929 0.05443854 -0.02458749
v -0.29892555 0.05425018 -0.02468306
v -0.29854390 0.05440513 -0.02472986
v -0.29877904 0.05405818 -0.02476631
v -0.29863337 0.05449865 -0.02468361
v -0.29872191 0.05459122 -0.02463379
v -0.29894537 0.05530757 -0.02431000
v -0.29868594 0.05533040 -0.02441370
v -0.29874942 0.05513852 -0.02445204
v -0.29851598 0.05544538 -0.02444816
v -0.29864913 0.05505202 -0.02451727
v -0.29854745 0.05496429 -0.02457854
v -0.29844439 0.05487542 -0.02463578
v -0.29834011 0.05478547 -0.02468894
v -0.29823467 0.05469453 -0.02473800
v -0.29804704 0.05510527 -0.02470015
v -0.29816663 0.05519202 -0.02464411
v -0.29828477 0.05527768 -0.02458340
v -0.29840124 0.05536216 -0.02451806
v -0.29812819 0.05460268 -0.02478292
v -0.29792601 0.05501751 -0.02475150
v -0.29768038 0.05483935 -0.02483998
v -0.29836249 0.05421548 -0.02481156
v -0.29791239 0.05441657 -0.02486027
v -0.29743072 0.05465828 -0.02490931
v -0.29720175 0.05511282 -0.02489687
v -0.29769355 0.05422780 -0.02492084
v -0.29683959 0.05606855 -0.02486965
v -0.29700518 0.05558493 -0.02488361
v -0.29999903 0.05508786 -0.02398754
v -0.29999924 0.05509942 -0.02397885
v -0.29999036 0.05506467 -0.02400585
v -0.29998803 0.05508845 -0.02398876
v -0.29998139 0.05518739 -0.02391723
v -0.29997352 0.05537618 -0.02377914
v -0.29988220 0.05521702 -0.02393054
v -0.29989913 0.05511138 -0.02399633
v -0.29981822 0.05494261 -0.02413035
v -0.29968941 0.05488089 -0.02420631
v -0.29978743 0.05505180 -0.02407303
v -0.29991052 0.05554137 -0.02368851
v -0.29986674 0.05533583 -0.02385589
v -0.29975909 0.05517467 -0.02400794
v -0.29964745 0.05500748 -0.02415029
v -0.29953203 0.05483466 -0.02428258
v -0.29941308 0.05465662 -0.02440448
v -0.29995835 0.05618156 -0.02316389
v -0.29989097 0.05596718 -0.02338731
v -0.29989651 0.05581952 -0.02349312
v -0.29982924 0.05574916 -0.02359008
v -0.29984021 0.05560404 -0.02368456
v -0.29977584 0.05552907 -0.02377280
v -0.29996195 0.05588793 -0.02339351
v -0.29990304 0.05567722 -0.02359373
v -0.29985273 0.05546558 -0.02377352
v -0.29973325 0.05530894 -0.02393608
v -0.29987991 0.05643485 -0.02304309
v -0.29988268 0.05627560 -0.02316185
v -0.29980543 0.05621460 -0.02327863
v -0.29981187 0.05605520 -0.02338671
v -0.29973498 0.05598885 -0.02349373
v -0.29974654 0.05583042 -0.02359118
v -0.29967120 0.05575909 -0.02368879
v -0.29968929 0.05560279 -0.02377580
v -0.29954249 0.05544928 -0.02395012
v -0.29959393 0.05568589 -0.02378341
v -0.29965571 0.05592046 -0.02359771
v -0.29972544 0.05615141 -0.02339235
v -0.29980046 0.05637722 -0.02316684
v -0.29987806 0.05659647 -0.02292089
v -0.29985610 0.05897107 -0.02128478
v -0.29983723 0.05893377 -0.02136764
v -0.29988268 0.05879574 -0.02126804
v -0.29981840 0.05878653 -0.02149336
v -0.29986930 0.05864786 -0.02140016
v -0.29980084 0.05863595 -0.02161899
v -0.29985687 0.05849707 -0.02153217
v -0.29978463 0.05848226 -0.02174438
v -0.29984546 0.05834360 -0.02166392
v -0.29976982 0.05832572 -0.02186940
v -0.29983506 0.05818764 -0.02179526
v -0.29975641 0.05816654 -0.02199391
v -0.29982576 0.05802943 -0.02192605
v -0.29974449 0.05800498 -0.02211777
v -0.29981756 0.05786917 -0.02205612
v -0.29973409 0.05784126 -0.02224085
v -0.29981053 0.05770708 -0.02218534
v -0.29972529 0.05767563 -0.02236301
v -0.29980469 0.05754336 -0.02231355
v -0.29971814 0.05750833 -0.02248411
v -0.29980010 0.05737824 -0.02244060
v -0.29971266 0.05733958 -0.02260401
v -0.29979676 0.05721193 -0.02256634
v -0.29970893 0.05716963 -0.02272257
v -0.29979476 0.05704464 -0.02269063
v -0.29970700 0.05699873 -0.02283965
v -0.29979411 0.05687678 -0.02281322
v -0.29970688 0.05682727 -0.02295505
v -0.29979482 0.05670908 -0.02293372
v -0.29970863 0.05665603 -0.02306839
v -0.29971230 0.05648579 -0.02317931
v -0.29962426 0.05642699 -0.02330350
v -0.29963228 0.05625521 -0.02340472
v -0.29954371 0.05619096 -0.02351864
v -0.29955745 0.05601874 -0.02361020
v -0.29946965 0.05594937 -0.02371414
v -0.29949042 0.05577784 -0.02379621
v -0.29940453 0.05570372 -0.02389055
v -0.29994741 0.05897107 -0.02087694
v -0.29994568 0.05894597 -0.02090164
v -0.29993644 0.05880343 -0.02103989
v -0.29992777 0.05865802 -0.02117835
v -0.29991969 0.05850994 -0.02131684
v -0.29991221 0.05835937 -0.02145520
v -0.29990539 0.05820651 -0.02159328
v -0.29989925 0.05805154 -0.02173091
v -0.29989377 0.05789465 -0.02186793
v -0.29988903 0.05773604 -0.02200417
v -0.29988503 0.05757588 -0.02213947
v -0.29988179 0.05741437 -0.02227367
v -0.29987937 0.05725170 -0.02240662
v -0.29987776 0.05708805 -0.02253814
v -0.29987699 0.05692383 -0.02266798
v -0.29987708 0.05675971 -0.02279571
v -0.29979694 0.05654230 -0.02305173
v -0.29971787 0.05631732 -0.02328742
v -0.29964274 0.05608610 -0.02350290
v -0.29957417 0.05585011 -0.02369856
v -0.29951468 0.05561087 -0.02387496
v -0.29935071 0.05545559 -0.02404859
v -0.29897925 0.05460146 -0.02455658
v -0.29920983 0.05462276 -0.02447991
v -0.29913467 0.05478241 -0.02444111
v -0.29934686 0.05480238 -0.02436065
v -0.29928586 0.05495846 -0.02431317
v -0.29947999 0.05497693 -0.02423003
v -0.29943240 0.05512913 -0.02417314
v -0.29960892 0.05514592 -0.02408838
v -0.29957390 0.05529390 -0.02402140
v -0.29970995 0.05545235 -0.02385839
v -0.29976013 0.05567690 -0.02368433
v -0.29981980 0.05589980 -0.02349066
v -0.29988635 0.05611946 -0.02327674
v -0.29938933 0.05528908 -0.02411255
v -0.29917979 0.05529374 -0.02420910
v -0.29923019 0.05512265 -0.02426256
v -0.29900250 0.05512586 -0.02435597
v -0.29906556 0.05495051 -0.02439972
v -0.29881939 0.05495250 -0.02448872
v -0.29889596 0.05477319 -0.02452360
v -0.29973924 0.05897107 -0.02166059
v -0.29960614 0.05897107 -0.02199695
v -0.29968515 0.05891664 -0.02182109
v -0.29959318 0.05890628 -0.02204183
v -0.29965895 0.05876367 -0.02193368
v -0.29956415 0.05875006 -0.02214773
v -0.29963475 0.05860702 -0.02204597
v -0.29953745 0.05859005 -0.02225324
v -0.29961264 0.05844697 -0.02215783
v -0.29951319 0.05842655 -0.02235826
v -0.29959261 0.05828380 -0.02226916
v -0.29949141 0.05825984 -0.02246269
v -0.29957482 0.05811779 -0.02237984
v -0.29947221 0.05809024 -0.02256642
v -0.29955927 0.05794922 -0.02248975
v -0.29945567 0.05791802 -0.02266936
v -0.29954606 0.05777837 -0.02259878
v -0.29944184 0.05774349 -0.02277138
v -0.29953527 0.05760552 -0.02270680
v -0.29943079 0.05756695 -0.02287239
v -0.29952696 0.05743093 -0.02281372
v -0.29942265 0.05738869 -0.02297228
v -0.29952121 0.05725491 -0.02291940
v -0.29941747 0.05720901 -0.02307096
v -0.29951805 0.05707771 -0.02302374
v -0.29941529 0.05702822 -0.02316830
v -0.29951760 0.05689963 -0.02312662
v -0.29941624 0.05684659 -0.02326421
v -0.29951990 0.05672112 -0.02322786
v -0.29942036 0.05666461 -0.02335852
v -0.29952499 0.05654297 -0.02332715
v -0.29942769 0.05648308 -0.02345096
v -0.29943833 0.05630281 -0.02354123
v -0.29934064 0.05623756 -0.02365452
v -0.29935810 0.05605629 -0.02373586
v -0.29926118 0.05598599 -0.02383895
v -0.29928672 0.05580489 -0.02391156
v -0.29919177 0.05572990 -0.02400484
v -0.29939798 0.05897107 -0.02241727
v -0.29937831 0.05888205 -0.02246885
v -0.29945952 0.05873505 -0.02235707
v -0.29934525 0.05871864 -0.02256125
v -0.29943091 0.05857147 -0.02245578
v -0.29931524 0.05855130 -0.02265316
v -0.29940504 0.05840434 -0.02255395
v -0.29928833 0.05838036 -0.02274450
v -0.29938203 0.05823395 -0.02265149
v -0.29926464 0.05820614 -0.02283518
v -0.29936197 0.05806062 -0.02274830
v -0.29924425 0.05802898 -0.02292512
v -0.29934493 0.05788466 -0.02284429
v -0.29922721 0.05784920 -0.02301423
v -0.29933098 0.05770639 -0.02293936
v -0.29921365 0.05766713 -0.02310243
v -0.29932019 0.05752612 -0.02303342
v -0.29920363 0.05748309 -0.02318963
v -0.29931268 0.05734416 -0.02312637
v -0.29919726 0.05729741 -0.02327574
v -0.29930854 0.05716083 -0.02321812
v -0.29919457 0.05711042 -0.02336068
v -0.29930779 0.05697644 -0.02330857
v -0.29919571 0.05692245 -0.02344436
v -0.29931056 0.05679129 -0.02339763
v -0.29920074 0.05673382 -0.02352670
v -0.29931694 0.05660589 -0.02348514
v -0.29920974 0.05654503 -0.02360756
v -0.29932693 0.05642104 -0.02357086
v -0.29922277 0.05635691 -0.02368671
v -0.29923990 0.05617028 -0.02376392
v -0.29913625 0.05610104 -0.02386931
v -0.29916170 0.05591381 -0.02393820
v -0.29905969 0.05583981 -0.02403353
v -0.29909465 0.05565317 -0.02409439
v -0.29884863 0.05568669 -0.02421206
v -0.29788950 0.05553615 -0.02465940
v -0.29802242 0.05561797 -0.02459586
v -0.29815343 0.05569860 -0.02452707
v -0.29828236 0.05577796 -0.02445306
v -0.29840907 0.05585596 -0.02437394
v -0.29862887 0.05552727 -0.02437381
v -0.29889411 0.05549481 -0.02426198
v -0.29913464 0.05547086 -0.02415298
v -0.29977390 0.05897107 -0.02155941
v -0.29976654 0.05892581 -0.02159619
v -0.29974377 0.05877583 -0.02171540
v -0.29972261 0.05862232 -0.02183441
v -0.29970318 0.05846555 -0.02195307
v -0.29968548 0.05830577 -0.02207127
v -0.29966959 0.05814324 -0.02218889
v -0.29965562 0.05797822 -0.02230578
v -0.29964355 0.05781098 -0.02242184
v -0.29963350 0.05764176 -0.02253692
v -0.29962552 0.05747083 -0.02265091
v -0.29961964 0.05729845 -0.02276368
v -0.29961598 0.05712488 -0.02287510
v -0.29961455 0.05695037 -0.02298505
v -0.29961544 0.05677537 -0.02309332
v -0.29961866 0.05660064 -0.02319958
v -0.29953292 0.05636598 -0.02342418
v -0.29945230 0.05612464 -0.02362905
v -0.29937938 0.05587807 -0.02381463
v -0.29931656 0.05562780 -0.02398152
v -0.29857805 0.05572826 -0.02433248
v -0.29853344 0.05593252 -0.02428984
v -0.29880881 0.05588237 -0.02416038
v -0.29892057 0.05595700 -0.02406764
v -0.29902977 0.05602992 -0.02397059
v -0.29501170 0.01517107 -0.02500000
v -0.28092501 0.01517107 -0.02500000
v -0.30265084 0.02457112 -0.02500000
v -0.30147204 0.02749286 -0.02500000
v -0.30068240 0.02999396 -0.02500000
v -0.29560053 0.01804119 -0.02500000
v -0.29590064 0.01874609 -0.02500000
v -0.29624397 0.01939016 -0.02500000
v -0.29662186 0.01997077 -0.02500000
v -0.30016851 0.03220851 -0.02500000
v -0.30000001 0.03318648 -0.02500000
v -0.30000001 0.04095565 -0.02500000
v -0.30044115 0.04320347 -0.02500000
v -0.30109000 0.04552282 -0.02500000
v -0.30203280 0.04812015 -0.02500000
v -0.30339223 0.05115100 -0.02500000
v -0.29504585 0.01563223 -0.02500000
v -0.29516527 0.01647404 -0.02500000
v -0.29535255 0.01728095 -0.02500000
v -0.28092501 0.05897107 -0.02500000
v -0.29861897 0.01815696 -0.02422806
v -0.29849705 0.01823196 -0.02431506
v -0.29845685 0.01802646 -0.02427302
v -0.29740250 0.01950241 -0.02491619
v -0.29716864 0.01904937 -0.02490468
v -0.29744661 0.01887830 -0.02482895
v -0.29789537 0.01914472 -0.02476385
v -0.29810157 0.01956194 -0.02479380
v -0.29788691 0.01974726 -0.02486865
v -0.29854345 0.01843536 -0.02435598
v -0.29859608 0.01863619 -0.02439575
v -0.29836893 0.01880104 -0.02453664
v -0.29971954 0.01833740 -0.02362707
v -0.29979309 0.01826772 -0.02352822
v -0.29980409 0.01842101 -0.02362606
v -0.29986459 0.01819998 -0.02342655
v -0.29978383 0.01810956 -0.02342590
v -0.29999956 0.01907719 -0.02400461
v -0.29998422 0.01910942 -0.02403005
v -0.29992792 0.01922547 -0.02411981
v -0.29959136 0.01967447 -0.02444398
v -0.29876003 0.02011278 -0.02477682
v -0.29890591 0.01992150 -0.02469586
v -0.29660296 0.01939754 -0.02499049
v -0.29541272 0.01517107 -0.02498340
v -0.29794267 0.01517107 -0.02405310
v -0.29790369 0.01542722 -0.02409761
v -0.29770645 0.01544948 -0.02422883
v -0.29994482 0.01593136 -0.02146987
v -0.29994124 0.01842313 -0.02353783
v -0.29999995 0.01906985 -0.02399910
v -0.29999915 0.01906882 -0.02399842
v -0.29999813 0.01907927 -0.02400629
v -0.29999611 0.01910023 -0.02402193
v -0.29995647 0.01879691 -0.02380943
v -0.29995084 0.01868257 -0.02372720
v -0.29993123 0.01798233 -0.02320649
v -0.29985052 0.01772579 -0.02308848
v -0.29992750 0.01766994 -0.02296349
v -0.29992908 0.01782713 -0.02308669
v -0.29992607 0.01735271 -0.02270881
v -0.29994091 0.01608535 -0.02161219
v -0.29987285 0.01610574 -0.02180776
v -0.29989666 0.01517107 -0.02112298
v -0.29993114 0.01517107 -0.02096296
v -0.29992881 0.01519891 -0.02098996
v -0.29996976 0.01517107 -0.02074206
v -0.29987633 0.01520480 -0.02122186
v -0.29987022 0.01517107 -0.02123107
v -0.29975796 0.01517107 -0.02160699
v -0.29981893 0.01517107 -0.02141625
v -0.29981294 0.01521192 -0.02145098
v -0.29921401 0.01527938 -0.02273949
v -0.29935992 0.01517107 -0.02248462
v -0.29933897 0.01526530 -0.02253746
v -0.29944497 0.01517107 -0.02233071
v -0.29945415 0.01525232 -0.02232970
v -0.29957351 0.01517107 -0.02207000
v -0.29955932 0.01524047 -0.02211668
v -0.29961625 0.01517107 -0.02197385
v -0.29965428 0.01522978 -0.02189888
v -0.29974720 0.01517107 -0.02163810
v -0.29910734 0.01517107 -0.02287900
v -0.29918507 0.01517107 -0.02276605
v -0.29924321 0.01517107 -0.02267703
v -0.29878378 0.01532790 -0.02330681
v -0.29895303 0.01517107 -0.02308545
v -0.29893604 0.01531073 -0.02312459
v -0.29907957 0.01529454 -0.02293534
v -0.29855973 0.01517107 -0.02352840
v -0.29865924 0.01517107 -0.02342593
v -0.29862311 0.01534603 -0.02348158
v -0.29869589 0.01517107 -0.02338667
v -0.29881752 0.01517107 -0.02325012
v -0.29841399 0.01517107 -0.02366857
v -0.29849234 0.01517107 -0.02359463
v -0.29849115 0.01517671 -0.02359621
v -0.29845440 0.01536506 -0.02364847
v -0.29809433 0.01540570 -0.02395692
v -0.29803589 0.01517107 -0.02398452
v -0.29810721 0.01517107 -0.02392969
v -0.29738113 0.01517107 -0.02440201
v -0.29753855 0.01517107 -0.02431439
v -0.29750320 0.01547242 -0.02435039
v -0.29771826 0.01517107 -0.02420503
v -0.29732651 0.01517107 -0.02443072
v -0.29708055 0.01552014 -0.02456382
v -0.29702467 0.01517107 -0.02457467
v -0.29686216 0.01554480 -0.02465534
v -0.29688486 0.01517107 -0.02463334
v -0.29664889 0.01517107 -0.02472161
v -0.29642335 0.01517107 -0.02479390
v -0.29658508 0.01517107 -0.02474323
v -0.29664579 0.01605935 -0.02475733
v -0.29599079 0.01617388 -0.02492263
v -0.29620004 0.01517107 -0.02485435
v -0.29621148 0.01613529 -0.02487752
v -0.29642996 0.01609708 -0.02482237
v -0.29570341 0.01517107 -0.02495072
v -0.29580900 0.01517107 -0.02493454
v -0.29594633 0.01517107 -0.02491004
v -0.29556340 0.01740311 -0.02499688
v -0.29576311 0.01734283 -0.02498507
v -0.29596221 0.01728275 -0.02496457
v -0.29616034 0.01722298 -0.02493546
v -0.29722837 0.02031589 -0.02499271
v -0.29744956 0.02012488 -0.02496829
v -0.29797107 0.02033882 -0.02493660
v -0.29815653 0.02014479 -0.02488612
v -0.29833984 0.01995303 -0.02482117
v -0.29904905 0.01973376 -0.02460273
v -0.29914817 0.01988547 -0.02463012
v -0.29911950 0.01964136 -0.02455169
v -0.29936221 0.01983428 -0.02456332
v -0.29983968 0.01932371 -0.02420064
v -0.29976979 0.01946269 -0.02429666
v -0.29997665 0.01905661 -0.02399325
v -0.29999983 0.01907196 -0.02400069
v -0.29977039 0.01778393 -0.02321041
v -0.29985407 0.01788640 -0.02320470
v -0.29987162 0.01835036 -0.02353076
v -0.29993731 0.01828162 -0.02343282
v -0.29970655 0.01817628 -0.02353122
v -0.29962695 0.01824498 -0.02363350
v -0.29994574 0.01855737 -0.02363631
v -0.29987979 0.01849471 -0.02362956
v -0.29988915 0.01863162 -0.02372217
v -0.29981682 0.01856811 -0.02371878
v -0.29990557 0.01915206 -0.02407611
v -0.29996943 0.01898574 -0.02394352
v -0.29984739 0.01883759 -0.02388574
v -0.29983127 0.01870758 -0.02380564
v -0.29973981 0.01899889 -0.02403497
v -0.29958743 0.01902753 -0.02411452
v -0.29965016 0.01894523 -0.02404115
v -0.29971173 0.01886444 -0.02396517
v -0.29963499 0.01958331 -0.02439042
v -0.29967809 0.01949328 -0.02433456
v -0.29972059 0.01940444 -0.02427643
v -0.29980385 0.01923045 -0.02415351
v -0.29988462 0.01906171 -0.02402191
v -0.29996270 0.01889857 -0.02388190
v -0.29973480 0.01849351 -0.02371866
v -0.29964399 0.01840898 -0.02372300
v -0.29956651 0.01848240 -0.02381597
v -0.29954514 0.01831561 -0.02373266
v -0.29948714 0.01855760 -0.02390588
v -0.29946119 0.01838810 -0.02382862
v -0.29940599 0.01863451 -0.02399266
v -0.29937512 0.01846240 -0.02392128
v -0.29932305 0.01871309 -0.02407625
v -0.29928705 0.01853845 -0.02401058
v -0.29923844 0.01879327 -0.02415657
v -0.29919702 0.01861619 -0.02409642
v -0.29910511 0.01869554 -0.02417874
v -0.29902673 0.01832363 -0.02406250
v -0.29912883 0.01824952 -0.02396897
v -0.29916048 0.01843448 -0.02403377
v -0.29922852 0.01817716 -0.02387154
v -0.29925555 0.01835936 -0.02394222
v -0.29932567 0.01810665 -0.02377028
v -0.29934835 0.01828600 -0.02384702
v -0.29942021 0.01803805 -0.02366531
v -0.29943886 0.01821447 -0.02374827
v -0.29951203 0.01797141 -0.02355672
v -0.29952699 0.01814483 -0.02364608
v -0.29960105 0.01790680 -0.02344464
v -0.29961264 0.01807714 -0.02354053
v -0.29968721 0.01784429 -0.02332916
v -0.29969576 0.01801146 -0.02343172
v -0.29977626 0.01794786 -0.02331974
v -0.29985875 0.01804489 -0.02331763
v -0.29993397 0.01813425 -0.02332212
v -0.29892227 0.01839944 -0.02415202
v -0.29885501 0.01801172 -0.02403995
v -0.29896885 0.01794166 -0.02393907
v -0.29899526 0.01813359 -0.02400162
v -0.29907978 0.01787341 -0.02383378
v -0.29910195 0.01806233 -0.02390227
v -0.29918763 0.01780705 -0.02372421
v -0.29920590 0.01799291 -0.02379883
v -0.29929224 0.01774267 -0.02361046
v -0.29930699 0.01792539 -0.02369138
v -0.29939356 0.01768033 -0.02349267
v -0.29940513 0.01785985 -0.02358006
v -0.29949147 0.01762009 -0.02337098
v -0.29950020 0.01779635 -0.02346497
v -0.29958582 0.01756203 -0.02324552
v -0.29959214 0.01773496 -0.02334624
v -0.29967660 0.01750619 -0.02311643
v -0.29968083 0.01767574 -0.02322400
v -0.29976362 0.01745265 -0.02298386
v -0.29976618 0.01761874 -0.02309837
v -0.29984680 0.01740147 -0.02284794
v -0.29984811 0.01756404 -0.02296948
v -0.29992652 0.01751169 -0.02283744
v -0.29873833 0.01808351 -0.02413631
v -0.29870686 0.01855579 -0.02431874
v -0.29941556 0.01974118 -0.02451375
v -0.29918915 0.01955002 -0.02449772
v -0.29895630 0.01930810 -0.02448214
v -0.29968637 0.01872013 -0.02388942
v -0.29966381 0.01856781 -0.02380849
v -0.29961902 0.01879863 -0.02397074
v -0.29959112 0.01864386 -0.02389549
v -0.29955027 0.01887874 -0.02404932
v -0.29951683 0.01872159 -0.02397960
v -0.29948020 0.01896039 -0.02412509
v -0.29944098 0.01880096 -0.02406074
v -0.29940885 0.01904353 -0.02419801
v -0.29936364 0.01888190 -0.02413886
v -0.29933625 0.01912810 -0.02426803
v -0.29928485 0.01896436 -0.02421389
v -0.29920465 0.01904828 -0.02428578
v -0.29962826 0.01916606 -0.02417456
v -0.29957110 0.01925173 -0.02424064
v -0.29952359 0.01911129 -0.02418526
v -0.29951307 0.01933872 -0.02430418
v -0.29945868 0.01919645 -0.02425330
v -0.29945415 0.01942698 -0.02436514
v -0.29939273 0.01928296 -0.02431861
v -0.29932579 0.01937076 -0.02438114
v -0.29881904 0.01894254 -0.02440390
v -0.29872048 0.01902763 -0.02447146
v -0.29865506 0.01883397 -0.02443429
v -0.29851910 0.01920149 -0.02459496
v -0.29844055 0.01900350 -0.02456634
v -0.29831257 0.01937981 -0.02470250
v -0.29822010 0.01917771 -0.02468140
v -0.29852042 0.01976413 -0.02474189
v -0.29869771 0.01957866 -0.02464841
v -0.29879805 0.01975512 -0.02467297
v -0.29887119 0.01939718 -0.02454097
v -0.29895669 0.01957034 -0.02457292
v -0.29765084 0.01932216 -0.02484951
v -0.29766932 0.01993512 -0.02492688
v -0.29879248 0.01921582 -0.02450709
v -0.29860479 0.01939367 -0.02462236
v -0.29841259 0.01957573 -0.02472270
v -0.29685852 0.01602217 -0.02468255
v -0.29822776 0.01746550 -0.02424321
v -0.29819202 0.01703919 -0.02416112
v -0.29835582 0.01719219 -0.02409476
v -0.29801449 0.01666420 -0.02419317
v -0.29817989 0.01661441 -0.02407610
v -0.29912311 0.01913358 -0.02435449
v -0.29901144 0.01877642 -0.02425747
v -0.29891604 0.01885878 -0.02433255
v -0.29881561 0.01847685 -0.02423747
v -0.29837275 0.01830846 -0.02439721
v -0.29828775 0.01788978 -0.02432203
v -0.29830417 0.01859516 -0.02450598
v -0.29811737 0.01846558 -0.02454652
v -0.29824615 0.01838636 -0.02447440
v -0.29800951 0.01803516 -0.02448959
v -0.29814997 0.01796177 -0.02440863
v -0.29792851 0.01759763 -0.02442982
v -0.29807976 0.01753084 -0.02433963
v -0.29787371 0.01715652 -0.02436748
v -0.29803482 0.01709713 -0.02426771
v -0.29784450 0.01671538 -0.02430282
v -0.29813504 0.01897078 -0.02465948
v -0.29758385 0.01879386 -0.02478303
v -0.29771969 0.01871027 -0.02473178
v -0.29742458 0.01834082 -0.02475542
v -0.29757389 0.01826279 -0.02469777
v -0.29729530 0.01787728 -0.02472636
v -0.29745737 0.01780570 -0.02466199
v -0.29719549 0.01740663 -0.02469597
v -0.29736957 0.01734243 -0.02462460
v -0.29712465 0.01693222 -0.02466438
v -0.29730994 0.01687639 -0.02458576
v -0.29727790 0.01641103 -0.02454562
v -0.29746971 0.01636556 -0.02445089
v -0.29747367 0.01591468 -0.02440122
v -0.29766956 0.01588047 -0.02428893
v -0.29786012 0.01584719 -0.02416763
v -0.29804492 0.01581492 -0.02403747
v -0.29822358 0.01578373 -0.02389872
v -0.29805726 0.01876005 -0.02463683
v -0.29798663 0.01854604 -0.02461349
v -0.29786655 0.01810986 -0.02456480
v -0.29777420 0.01766577 -0.02451366
v -0.29770896 0.01721727 -0.02446027
v -0.29767019 0.01676787 -0.02440488
v -0.29729441 0.01549600 -0.02446211
v -0.29727292 0.01594975 -0.02450435
v -0.29706770 0.01598561 -0.02459818
v -0.29708225 0.01645743 -0.02463174
v -0.29688311 0.01650465 -0.02470914
v -0.29693642 0.01698896 -0.02473501
v -0.29674554 0.01704650 -0.02479753
v -0.29635715 0.01716361 -0.02489785
v -0.29655233 0.01710475 -0.02485184
v -0.29701895 0.01747177 -0.02476003
v -0.29713115 0.01794981 -0.02478410
v -0.29684010 0.01753776 -0.02481671
v -0.29696512 0.01802316 -0.02483516
v -0.29665935 0.01760447 -0.02486592
v -0.29679745 0.01809725 -0.02487947
v -0.29662842 0.01817196 -0.02491696
v -0.29688698 0.01922270 -0.02495863
v -0.29702818 0.01913580 -0.02493440
v -0.29696709 0.01857993 -0.02489241
v -0.29712099 0.01849949 -0.02485280
v -0.29727355 0.01841975 -0.02480711
v -0.29611528 0.01839881 -0.02498790
v -0.29628709 0.01832285 -0.02497124
v -0.29645821 0.01824720 -0.02494758
v -0.29994917 0.01577922 -0.02132710
v -0.29988024 0.01594862 -0.02167222
v -0.29979700 0.01612848 -0.02200018
v -0.29996443 0.01533645 -0.02089821
v -0.29995897 0.01548150 -0.02104105
v -0.29990715 0.01549048 -0.02126298
v -0.29989740 0.01564070 -0.02139963
v -0.29983154 0.01565415 -0.02161236
v -0.29981881 0.01580989 -0.02174217
v -0.29974052 0.01582834 -0.02194491
v -0.29997024 0.01519426 -0.02075577
v -0.29991764 0.01534312 -0.02112636
v -0.29984537 0.01550119 -0.02148225
v -0.29975641 0.01566951 -0.02182187
v -0.29965368 0.01584882 -0.02214397
v -0.29986033 0.01535130 -0.02135202
v -0.29979268 0.01536097 -0.02157473
v -0.29977381 0.01551361 -0.02169842
v -0.29969263 0.01552771 -0.02191106
v -0.29967219 0.01568673 -0.02202776
v -0.29957908 0.01570579 -0.02222964
v -0.29955846 0.01587127 -0.02233897
v -0.29945505 0.01589568 -0.02252955
v -0.29952946 0.01539866 -0.02222055
v -0.29942220 0.01541403 -0.02242684
v -0.29930550 0.01543077 -0.02262787
v -0.29917952 0.01544884 -0.02282319
v -0.29904464 0.01546820 -0.02301242
v -0.29890117 0.01548880 -0.02319514
v -0.29874942 0.01551059 -0.02337096
v -0.29858980 0.01553352 -0.02353949
v -0.29842260 0.01555753 -0.02370034
v -0.29827803 0.01538497 -0.02380706
v -0.29831311 0.01519129 -0.02376064
v -0.29831710 0.01517107 -0.02375573
v -0.29995388 0.01562918 -0.02118409
v -0.29988843 0.01579351 -0.02153611
v -0.29980731 0.01596810 -0.02187151
v -0.29972622 0.01598979 -0.02206739
v -0.29963711 0.01601362 -0.02225954
v -0.29954016 0.01603956 -0.02244761
v -0.29943553 0.01606757 -0.02263125
v -0.29932341 0.01609761 -0.02281014
v -0.29930633 0.01627570 -0.02290408
v -0.29918703 0.01631154 -0.02307105
v -0.29973888 0.01522025 -0.02167682
v -0.29971486 0.01537210 -0.02179403
v -0.29962707 0.01538467 -0.02200946
v -0.29960200 0.01554346 -0.02211975
v -0.29950210 0.01556084 -0.02232406
v -0.29947725 0.01572664 -0.02242711
v -0.29936686 0.01574926 -0.02261977
v -0.29934362 0.01592200 -0.02271533
v -0.29922432 0.01595018 -0.02289596
v -0.29920393 0.01612962 -0.02298393
v -0.29907730 0.01616356 -0.02315231
v -0.29906109 0.01634938 -0.02323269
v -0.29892874 0.01638916 -0.02338874
v -0.29927516 0.01560035 -0.02271782
v -0.29912111 0.01579966 -0.02298908
v -0.29914853 0.01562241 -0.02290642
v -0.29898626 0.01582733 -0.02316501
v -0.29901350 0.01564594 -0.02308900
v -0.29884380 0.01585657 -0.02333467
v -0.29887038 0.01567089 -0.02326519
v -0.29869410 0.01588731 -0.02349773
v -0.29871950 0.01569720 -0.02343462
v -0.29853743 0.01591950 -0.02365384
v -0.29856122 0.01572482 -0.02359693
v -0.29835755 0.01615521 -0.02385303
v -0.29851854 0.01611711 -0.02371016
v -0.29867330 0.01608048 -0.02356021
v -0.29882154 0.01604540 -0.02340351
v -0.29896298 0.01601195 -0.02324036
v -0.29986519 0.01895626 -0.02395815
v -0.29977053 0.01912153 -0.02409802
v -0.29967269 0.01929235 -0.02422876
v -0.29962263 0.01937972 -0.02429061
v -0.29957187 0.01946834 -0.02435007
v -0.29952040 0.01955816 -0.02440710
v -0.29946831 0.01964912 -0.02446167
v -0.29925793 0.01945981 -0.02444086
v -0.29904032 0.01922021 -0.02441996
v -0.29801586 0.01905726 -0.02471399
v -0.29785401 0.01862763 -0.02467525
v -0.29772127 0.01818577 -0.02463422
v -0.29761708 0.01773516 -0.02459107
v -0.29754081 0.01727927 -0.02454601
v -0.29749188 0.01682158 -0.02449922
v -0.29765725 0.01632110 -0.02434769
v -0.29784018 0.01627776 -0.02423612
v -0.29801810 0.01623561 -0.02411632
v -0.29819065 0.01619474 -0.02398852
v -0.29834631 0.01635971 -0.02390279
v -0.29850465 0.01631720 -0.02376582
v -0.29865718 0.01627626 -0.02362201
v -0.29880366 0.01623696 -0.02347163
v -0.29894379 0.01619937 -0.02331497
v -0.29909733 0.01598019 -0.02307107
v -0.29924807 0.01577362 -0.02280722
v -0.29939309 0.01557981 -0.02252356
v -0.29839578 0.01575368 -0.02375175
v -0.29971352 0.01615351 -0.02218913
v -0.29962254 0.01618080 -0.02237431
v -0.29952425 0.01621029 -0.02255541
v -0.29941881 0.01624194 -0.02273210
v -0.29833999 0.01677394 -0.02400029
v -0.29834041 0.01656610 -0.02395189
v -0.29849216 0.01672309 -0.02387498
v -0.29849583 0.01651935 -0.02382078
v -0.29863939 0.01667391 -0.02374327
v -0.29864585 0.01647422 -0.02368305
v -0.29878139 0.01662648 -0.02360540
v -0.29879025 0.01643080 -0.02353895
v -0.29891795 0.01658089 -0.02346160
v -0.29904881 0.01653721 -0.02331212
v -0.29917374 0.01649552 -0.02315718
v -0.29929247 0.01645590 -0.02299704
v -0.29940489 0.01641840 -0.02283196
v -0.29951081 0.01638309 -0.02266223
v -0.29961005 0.01635000 -0.02248814
v -0.29970250 0.01631919 -0.02230997
v -0.29978797 0.01629071 -0.02212800
v -0.29986632 0.01626460 -0.02194253
v -0.29993743 0.01624093 -0.02175384
v -0.29993436 0.01639783 -0.02189461
v -0.29993176 0.01655580 -0.02203429
v -0.29986069 0.01642492 -0.02207634
v -0.29985595 0.01658640 -0.02220900
v -0.29978025 0.01645449 -0.02225481
v -0.29977387 0.01661952 -0.02238040
v -0.29969320 0.01648650 -0.02242973
v -0.29968569 0.01665510 -0.02254826
v -0.29959971 0.01652088 -0.02260087
v -0.29959154 0.01669309 -0.02271234
v -0.29949990 0.01655759 -0.02276795
v -0.29949158 0.01673344 -0.02287241
v -0.29939392 0.01659658 -0.02293071
v -0.29938594 0.01677609 -0.02302822
v -0.29928192 0.01663779 -0.02308890
v -0.29927474 0.01682098 -0.02317954
v -0.29916409 0.01668116 -0.02324225
v -0.29915816 0.01686805 -0.02332613
v -0.29904053 0.01672664 -0.02339051
v -0.29903632 0.01691725 -0.02346777
v -0.29891151 0.01677414 -0.02353347
v -0.29890949 0.01696849 -0.02360426
v -0.29877722 0.01682359 -0.02367091
v -0.29877779 0.01702168 -0.02373540
v -0.29863790 0.01687491 -0.02380261
v -0.29864147 0.01707675 -0.02386099
v -0.29849380 0.01692800 -0.02392835
v -0.29850075 0.01713362 -0.02398084
v -0.29834509 0.01698279 -0.02404793
v -0.29839453 0.01761088 -0.02418581
v -0.29837227 0.01740170 -0.02414074
v -0.29853109 0.01754523 -0.02408295
v -0.29851314 0.01733951 -0.02403240
v -0.29866415 0.01748128 -0.02397464
v -0.29865018 0.01727903 -0.02391836
v -0.29879352 0.01741908 -0.02386102
v -0.29878318 0.01722033 -0.02379879
v -0.29891905 0.01735875 -0.02374226
v -0.29891196 0.01716350 -0.02367388
v -0.29904059 0.01730035 -0.02361852
v -0.29903632 0.01710862 -0.02354380
v -0.29915789 0.01724397 -0.02348995
v -0.29915607 0.01705579 -0.02340873
v -0.29927084 0.01718969 -0.02335671
v -0.29927102 0.01700508 -0.02326885
v -0.29937926 0.01713759 -0.02321900
v -0.29938102 0.01695655 -0.02312436
v -0.29948303 0.01708772 -0.02307700
v -0.29948595 0.01691027 -0.02297547
v -0.29958206 0.01704014 -0.02293091
v -0.29958564 0.01686630 -0.02282240
v -0.29967621 0.01699491 -0.02278092
v -0.29967999 0.01682468 -0.02266538
v -0.29976532 0.01695209 -0.02262723
v -0.29976887 0.01678549 -0.02250460
v -0.29984927 0.01691175 -0.02247003
v -0.29985213 0.01674877 -0.02234029
v -0.29992798 0.01687393 -0.02230952
v -0.29992962 0.01671459 -0.02217267
v -0.29992682 0.01703357 -0.02244463
v -0.29992619 0.01719325 -0.02257780
v -0.29984742 0.01707504 -0.02259802
v -0.29984659 0.01723838 -0.02272405
v -0.29976323 0.01711902 -0.02274810
v -0.29976264 0.01728598 -0.02286704
v -0.29967433 0.01716545 -0.02289472
v -0.29967445 0.01733599 -0.02300661
v -0.29958087 0.01721427 -0.02303770
v -0.29958209 0.01738835 -0.02314262
v -0.29948294 0.01726541 -0.02317685
v -0.29948574 0.01744299 -0.02327489
v -0.29938069 0.01731882 -0.02331202
v -0.29938546 0.01749986 -0.02340328
v -0.29927424 0.01737443 -0.02344301
v -0.29928136 0.01755888 -0.02352764
v -0.29916370 0.01743217 -0.02356967
v -0.29917356 0.01762000 -0.02364779
v -0.29904917 0.01749200 -0.02369181
v -0.29906222 0.01768316 -0.02376360
v -0.29893085 0.01755381 -0.02380930
v -0.29894742 0.01774825 -0.02387493
v -0.29880887 0.01761753 -0.02392200
v -0.29882935 0.01781522 -0.02398167
v -0.29868340 0.01768307 -0.02402977
v -0.29870811 0.01788396 -0.02408368
v -0.29855463 0.01775035 -0.02413245
v -0.29858389 0.01795440 -0.02418084
v -0.29842269 0.01781928 -0.02422992
v -0.28092501 0.05897107 -0.00527500
v -0.30000001 0.05897107 -0.00527500
v -0.29987726 0.05897107 0.02120318
v -0.29990312 0.05897107 0.02109480
v -0.29994392 0.05897107 0.02089605
v -0.29905117 0.05897107 0.02295667
v -0.29897109 0.05897107 0.02306236
v -0.29945827 0.05897107 0.02230540
v -0.29952088 0.05897107 0.02218132
v -0.29962751 0.05897107 0.02194744
v -0.29984161 0.05897107 0.02133762
v -0.29976714 0.05897107 0.02157973
v -0.29970026 0.05897107 0.02176674
v -0.29891154 0.05897107 0.02313736
v -0.29871580 0.05897107 0.02336496
v -0.29997399 0.05897107 0.02071355
v -0.29860711 0.05897107 0.02348031
v -0.29855761 0.05897107 0.02353052
v -0.29844278 0.05897107 0.02364176
v -0.29941717 0.05897107 0.02238241
v -0.29925844 0.05897107 0.02265294
v -0.29920113 0.05897107 0.02274182
v -0.29596388 0.05897107 0.02490662
v -0.29620034 0.05897107 0.02485427
v -0.29642633 0.05897107 0.02479302
v -0.29703295 0.05897107 0.02457103
v -0.29687414 0.05897107 0.02463764
v -0.29665738 0.05897107 0.02471865
v -0.29658538 0.05897107 0.02474313
v -0.29541287 0.05897107 0.02498339
v -0.29572847 0.05897107 0.02494709
v -0.29580927 0.05897107 0.02493450
v -0.29843557 0.05897107 0.02364849
v -0.29827064 0.05897107 0.02379594
v -0.29813033 0.05897107 0.02391148
v -0.29804277 0.05897107 0.02397932
v -0.29730338 0.05897107 0.02444263
v -0.29738903 0.05897107 0.02439778
v -0.29790404 0.05897107 0.02408055
v -0.29772565 0.05897107 0.02420029
v -0.29750979 0.05897107 0.02433095
v -0.29848871 0.05658114 0.02411536
v -0.29835546 0.05651694 0.02421360
v -0.29833192 0.05672809 0.02416992
v -0.29846838 0.05801714 0.02375563
v -0.29831058 0.05797971 0.02389216
v -0.29834718 0.05838211 0.02379451
v -0.29751948 0.05686052 0.02455678
v -0.29735333 0.05679913 0.02463223
v -0.29729211 0.05726529 0.02459426
v -0.29798275 0.05609556 0.02450452
v -0.29784384 0.05602286 0.02457649
v -0.29774988 0.05647053 0.02452656
v -0.29786536 0.05871121 0.02412422
v -0.29805166 0.05873225 0.02398967
v -0.29800376 0.05832211 0.02406760
v -0.29809242 0.05565999 0.02456013
v -0.29821765 0.05573711 0.02449126
v -0.29827684 0.05552601 0.02452202
v -0.29862478 0.05528089 0.02445467
v -0.29856411 0.05547918 0.02441750
v -0.29867214 0.05555757 0.02434413
v -0.29876590 0.05490046 0.02452456
v -0.29869202 0.05508770 0.02449040
v -0.29878807 0.05517059 0.02442603
v -0.29892951 0.05480679 0.02450095
v -0.29901135 0.05489242 0.02444169
v -0.29916504 0.05456238 0.02451639
v -0.29915786 0.05611459 0.02384831
v -0.29913774 0.05630371 0.02377610
v -0.29924071 0.05636713 0.02366772
v -0.29935390 0.05624556 0.02364002
v -0.29934061 0.05642866 0.02355548
v -0.29943734 0.05648823 0.02343949
v -0.29953861 0.05636898 0.02341736
v -0.29953080 0.05654581 0.02331990
v -0.29962096 0.05660132 0.02319681
v -0.29962653 0.05642771 0.02330091
v -0.29970765 0.05665471 0.02307036
v -0.29979300 0.05653894 0.02305837
v -0.29979083 0.05670592 0.02294068
v -0.29987037 0.05675489 0.02280789
v -0.29996029 0.05822095 0.02141325
v -0.29995474 0.05791467 0.02169995
v -0.29988024 0.05611337 0.02328662
v -0.29999992 0.05507197 0.02399934
v -0.29939538 0.05436642 0.02453262
v -0.29944679 0.05445612 0.02448304
v -0.29909724 0.05447344 0.02456784
v -0.29662359 0.05475547 0.02498897
v -0.29747498 0.05866714 0.02436628
v -0.29994205 0.05894549 0.02092137
v -0.29989439 0.05894013 0.02114708
v -0.29950505 0.05889626 0.02222949
v -0.29960254 0.05890726 0.02202066
v -0.29969040 0.05891716 0.02180756
v -0.29976842 0.05892595 0.02159062
v -0.29983649 0.05893361 0.02137031
v -0.29939803 0.05888419 0.02243358
v -0.29928172 0.05887107 0.02263249
v -0.29915631 0.05885692 0.02282581
v -0.29902214 0.05884179 0.02301314
v -0.29887956 0.05882569 0.02319410
v -0.29844078 0.05896147 0.02364435
v -0.29664305 0.05808428 0.02475848
v -0.29600820 0.05797325 0.02491968
v -0.29622206 0.05801065 0.02487534
v -0.29643381 0.05804769 0.02482156
v -0.29560035 0.05675459 0.02499555
v -0.29579374 0.05681299 0.02498284
v -0.29598647 0.05687120 0.02496194
v -0.29724258 0.05383684 0.02499151
v -0.29745719 0.05402208 0.02496693
v -0.29797232 0.05380554 0.02493616
v -0.29767042 0.05420613 0.02492641
v -0.29740405 0.05463747 0.02491569
v -0.29902866 0.05438352 0.02461652
v -0.29888949 0.05420095 0.02470542
v -0.29874778 0.05401512 0.02478281
v -0.29934344 0.05427577 0.02457982
v -0.29949760 0.05454480 0.02443111
v -0.29991180 0.05486016 0.02415945
v -0.29981992 0.05476630 0.02423593
v -0.29995957 0.05502565 0.02403926
v -0.29997268 0.05497244 0.02407431
v -0.29998845 0.05505426 0.02401373
v -0.29999977 0.05506944 0.02400124
v -0.29999954 0.05506437 0.02400504
v -0.29999810 0.05506249 0.02400654
v -0.30000016 0.05507705 0.02399552
v -0.30000016 0.05507720 0.02399540
v -0.30000016 0.05507703 0.02399553
v -0.30000019 0.05507770 0.02399503
v -0.30000022 0.05507837 0.02399452
v -0.30000004 0.05507450 0.02399743
v -0.30000022 0.05508049 0.02399294
v -0.30000016 0.05507708 0.02399550
v -0.30000016 0.05507705 0.02399551
v -0.30000007 0.05508886 0.02398668
v -0.30000007 0.05508275 0.02399126
v -0.30000004 0.05508019 0.02399318
v -0.29998565 0.05507803 0.02399682
v -0.30000013 0.05511481 0.02396717
v -0.29998291 0.05510654 0.02397647
v -0.29994708 0.05509740 0.02399170
v -0.29993537 0.05518613 0.02393253
v -0.29992455 0.05528998 0.02386276
v -0.29991469 0.05540676 0.02378360
v -0.29990581 0.05553428 0.02369628
v -0.29997087 0.05866535 0.02098111
v -0.29997924 0.05894966 0.02069365
v -0.29994649 0.05664146 0.02280369
v -0.29994720 0.05648292 0.02293221
v -0.29987141 0.05659132 0.02293249
v -0.29987341 0.05642937 0.02305411
v -0.29979664 0.05637366 0.02317316
v -0.29994619 0.05680157 0.02267212
v -0.29971698 0.05631584 0.02328926
v -0.29989100 0.05581288 0.02350191
v -0.29989791 0.05567034 0.02360200
v -0.29982606 0.05574492 0.02359517
v -0.29975942 0.05567520 0.02368590
v -0.29988512 0.05596081 0.02339664
v -0.29980832 0.05605128 0.02339240
v -0.29981643 0.05589571 0.02349605
v -0.29973415 0.05598725 0.02349544
v -0.29974577 0.05582877 0.02359282
v -0.29967320 0.05576002 0.02368689
v -0.29969117 0.05560377 0.02377405
v -0.29962131 0.05553068 0.02385955
v -0.29961526 0.05515308 0.02408164
v -0.29964694 0.05537788 0.02393675
v -0.29967564 0.05523228 0.02400932
v -0.29977518 0.05552735 0.02377430
v -0.29979306 0.05538635 0.02385747
v -0.29970738 0.05509604 0.02407643
v -0.29999718 0.05507606 0.02399655
v -0.29999626 0.05509471 0.02398279
v -0.30000010 0.05509625 0.02398113
v -0.30000010 0.05510491 0.02397462
v -0.30000004 0.05507796 0.02399485
v -0.30000016 0.05507712 0.02399546
v -0.30000016 0.05507737 0.02399528
v -0.29988444 0.05493430 0.02411763
v -0.29985872 0.05502603 0.02406557
v -0.29983488 0.05513344 0.02400417
v -0.29981297 0.05525429 0.02393445
v -0.29977959 0.05486076 0.02419063
v -0.29969817 0.05469066 0.02430744
v -0.29974204 0.05497143 0.02413716
v -0.29905584 0.05604642 0.02394680
v -0.29908469 0.05585696 0.02401117
v -0.29898471 0.05578438 0.02410017
v -0.29925725 0.05618099 0.02374602
v -0.29927790 0.05599717 0.02382211
v -0.29918247 0.05592792 0.02391846
v -0.29921162 0.05574455 0.02398631
v -0.29911849 0.05567095 0.02407341
v -0.29915723 0.05548923 0.02413334
v -0.29906735 0.05541164 0.02421167
v -0.29954925 0.05619412 0.02351223
v -0.29946136 0.05613033 0.02361890
v -0.29947835 0.05595533 0.02370462
v -0.29939163 0.05588680 0.02380184
v -0.29941621 0.05571280 0.02387858
v -0.29933172 0.05563987 0.02396673
v -0.29936507 0.05546807 0.02403476
v -0.29928383 0.05539111 0.02411430
v -0.29932705 0.05522273 0.02417399
v -0.29924998 0.05514211 0.02424542
v -0.29944772 0.05630824 0.02353043
v -0.29937088 0.05606466 0.02372223
v -0.29930270 0.05581652 0.02389576
v -0.29924539 0.05556533 0.02405167
v -0.29920104 0.05531267 0.02419074
v -0.29917166 0.05506014 0.02431388
v -0.29923204 0.05465029 0.02446221
v -0.29909208 0.05497689 0.02437932
v -0.29929823 0.05473711 0.02440532
v -0.29936355 0.05482280 0.02434577
v -0.29937506 0.05506105 0.02423053
v -0.29940274 0.05530196 0.02409963
v -0.29944468 0.05554349 0.02395219
v -0.29949877 0.05578405 0.02378730
v -0.29956281 0.05602206 0.02360421
v -0.29963449 0.05625598 0.02340232
v -0.29971135 0.05648438 0.02318121
v -0.29955384 0.05507247 0.02415148
v -0.29959816 0.05493237 0.02420924
v -0.29954228 0.05484861 0.02427211
v -0.29959738 0.05471895 0.02432030
v -0.29954782 0.05463243 0.02437686
v -0.29961458 0.05451604 0.02441580
v -0.29964632 0.05480432 0.02426148
v -0.29965666 0.05460389 0.02436269
v -0.29958081 0.05530083 0.02401417
v -0.29987633 0.05626980 0.02317230
v -0.29980174 0.05621085 0.02328464
v -0.29972455 0.05614987 0.02339413
v -0.29965779 0.05592133 0.02359565
v -0.29959878 0.05568952 0.02377819
v -0.29954994 0.05545598 0.02394236
v -0.29951346 0.05522231 0.02408896
v -0.29949138 0.05499053 0.02421881
v -0.29948556 0.05476363 0.02433257
v -0.29964489 0.05608692 0.02350068
v -0.29957929 0.05585358 0.02369296
v -0.29952261 0.05561733 0.02386664
v -0.29947707 0.05537972 0.02402241
v -0.29944485 0.05514237 0.02416110
v -0.29942793 0.05490728 0.02428359
v -0.29942808 0.05467747 0.02439060
v -0.29850990 0.05568170 0.02437897
v -0.29834288 0.05531864 0.02455181
v -0.29811537 0.05515356 0.02466908
v -0.29820144 0.05494646 0.02469037
v -0.29841587 0.05511584 0.02458054
v -0.29849592 0.05491848 0.02460813
v -0.29829505 0.05474514 0.02471082
v -0.29788247 0.05498458 0.02476896
v -0.29770613 0.05542214 0.02473745
v -0.29799953 0.05506952 0.02472120
v -0.29783651 0.05550243 0.02468326
v -0.29803669 0.05536561 0.02464698
v -0.29796532 0.05558174 0.02462415
v -0.29809004 0.05456824 0.02479819
v -0.29833016 0.05417984 0.02482484
v -0.29858094 0.05596082 0.02425625
v -0.29877833 0.05563461 0.02426673
v -0.29869750 0.05603259 0.02416879
v -0.29888254 0.05571024 0.02418539
v -0.29881155 0.05610284 0.02407694
v -0.29892305 0.05617150 0.02398081
v -0.29903179 0.05623848 0.02388049
v -0.29858321 0.05472742 0.02463450
v -0.29867783 0.05454351 0.02465956
v -0.29850551 0.05436326 0.02474889
v -0.29893416 0.05454732 0.02458775
v -0.29884660 0.05472005 0.02455704
v -0.29877990 0.05436761 0.02468324
v -0.29888269 0.05525226 0.02435808
v -0.29897580 0.05533263 0.02428660
v -0.29717171 0.05509307 0.02490412
v -0.29689878 0.05492499 0.02495691
v -0.29744121 0.05525902 0.02483086
v -0.29764506 0.05481233 0.02485123
v -0.29788160 0.05438837 0.02487011
v -0.29815224 0.05399375 0.02488731
v -0.29840454 0.05877208 0.02369484
v -0.29823151 0.05875255 0.02384641
v -0.29817846 0.05835263 0.02393496
v -0.29814729 0.05794099 0.02402165
v -0.29797876 0.05790101 0.02414383
v -0.29685196 0.05859679 0.02465939
v -0.29684940 0.05812036 0.02468623
v -0.29706404 0.05862074 0.02457123
v -0.29705244 0.05815585 0.02460495
v -0.29727185 0.05864421 0.02447348
v -0.29725176 0.05819070 0.02451475
v -0.29797721 0.05747196 0.02421814
v -0.29813856 0.05752062 0.02410621
v -0.29815292 0.05709453 0.02418836
v -0.29819101 0.05666574 0.02426784
v -0.29825345 0.05623724 0.02434438
v -0.29804692 0.05660197 0.02436002
v -0.29799974 0.05703795 0.02429027
v -0.29784295 0.05698002 0.02438572
v -0.29781163 0.05742201 0.02432303
v -0.29764202 0.05737086 0.02442075
v -0.29780528 0.05785986 0.02425842
v -0.29762715 0.05781760 0.02436522
v -0.29782337 0.05829059 0.02419208
v -0.29763764 0.05825813 0.02430818
v -0.29767299 0.05868949 0.02424981
v -0.29744697 0.05822481 0.02441579
v -0.29744473 0.05777432 0.02446414
v -0.29746875 0.05731859 0.02451118
v -0.29768276 0.05692085 0.02447458
v -0.29789981 0.05653688 0.02444629
v -0.29811934 0.05616704 0.02442712
v -0.29834092 0.05581300 0.02441758
v -0.29759735 0.05640303 0.02460076
v -0.29770282 0.05594905 0.02464300
v -0.29744244 0.05633448 0.02466885
v -0.29755983 0.05587421 0.02470398
v -0.29728535 0.05626496 0.02473075
v -0.29741508 0.05579844 0.02475939
v -0.29712629 0.05619458 0.02478641
v -0.29725838 0.05773010 0.02455506
v -0.29706845 0.05768503 0.02463786
v -0.29711238 0.05721106 0.02466987
v -0.29687530 0.05763918 0.02471245
v -0.29692987 0.05715599 0.02473795
v -0.29667926 0.05759264 0.02477871
v -0.29674491 0.05710017 0.02479838
v -0.29648069 0.05754550 0.02483652
v -0.29655778 0.05704369 0.02485109
v -0.29636878 0.05698664 0.02489598
v -0.29617825 0.05692911 0.02493296
v -0.29697189 0.05556647 0.02489178
v -0.29680324 0.05605158 0.02487878
v -0.29726869 0.05572184 0.02480920
v -0.29696551 0.05612342 0.02483578
v -0.29718456 0.05673677 0.02470087
v -0.29701346 0.05667354 0.02476263
v -0.29684025 0.05660954 0.02481743
v -0.29666525 0.05654485 0.02486520
v -0.29663962 0.05597916 0.02491537
v -0.29647493 0.05590624 0.02494548
v -0.29630935 0.05583294 0.02496906
v -0.29997492 0.05880881 0.02083720
v -0.29993236 0.05880273 0.02105916
v -0.29987985 0.05879522 0.02127890
v -0.29981759 0.05878630 0.02149599
v -0.29974571 0.05877599 0.02171003
v -0.29966438 0.05876433 0.02192059
v -0.29957375 0.05875132 0.02212724
v -0.29947400 0.05873700 0.02232956
v -0.29936525 0.05872138 0.02252714
v -0.29924768 0.05870450 0.02271956
v -0.29912156 0.05868638 0.02290643
v -0.29898718 0.05866707 0.02308739
v -0.29884484 0.05864662 0.02326207
v -0.29872888 0.05880869 0.02336830
v -0.29869488 0.05862506 0.02343013
v -0.29866540 0.05843769 0.02349145
v -0.29881436 0.05846370 0.02332952
v -0.29895613 0.05848845 0.02316110
v -0.29909042 0.05851189 0.02298652
v -0.29921696 0.05853398 0.02280612
v -0.29933542 0.05855465 0.02262023
v -0.29944560 0.05857387 0.02242920
v -0.29954728 0.05859160 0.02223343
v -0.29964036 0.05860783 0.02203331
v -0.29972467 0.05862252 0.02182923
v -0.29980001 0.05863564 0.02162158
v -0.29986626 0.05864717 0.02141075
v -0.29992327 0.05865709 0.02119713
v -0.29996705 0.05851945 0.02112521
v -0.29857042 0.05879081 0.02353534
v -0.29853761 0.05860245 0.02359120
v -0.29850960 0.05841047 0.02364656
v -0.29864055 0.05824694 0.02355221
v -0.29878819 0.05827731 0.02339638
v -0.29892910 0.05830628 0.02323421
v -0.29906300 0.05833382 0.02306601
v -0.29918960 0.05835985 0.02289208
v -0.29930866 0.05838432 0.02271274
v -0.29941991 0.05840718 0.02252831
v -0.29952320 0.05842840 0.02233915
v -0.29961836 0.05844794 0.02214562
v -0.29970527 0.05846578 0.02194810
v -0.29978374 0.05848188 0.02174693
v -0.29985365 0.05849621 0.02154248
v -0.29991481 0.05850875 0.02133512
v -0.29996353 0.05837126 0.02126931
v -0.29830027 0.05777480 0.02394013
v -0.29845536 0.05781653 0.02380925
v -0.29860508 0.05785680 0.02367182
v -0.29862043 0.05805319 0.02361235
v -0.29874921 0.05789557 0.02352812
v -0.29876643 0.05808781 0.02346260
v -0.29888746 0.05793275 0.02337840
v -0.29890618 0.05812093 0.02330667
v -0.29901963 0.05796829 0.02322292
v -0.29903936 0.05815250 0.02314484
v -0.29914546 0.05800211 0.02306194
v -0.29916576 0.05818245 0.02297739
v -0.29926467 0.05803416 0.02289572
v -0.29928505 0.05821071 0.02280460
v -0.29937705 0.05806436 0.02272454
v -0.29939702 0.05823724 0.02262679
v -0.29948246 0.05809269 0.02254871
v -0.29950157 0.05826199 0.02244428
v -0.29958078 0.05811910 0.02236853
v -0.29959849 0.05828494 0.02225740
v -0.29967183 0.05814354 0.02218431
v -0.29968765 0.05830603 0.02206650
v -0.29975545 0.05816600 0.02199637
v -0.29976887 0.05832525 0.02187190
v -0.29983151 0.05818641 0.02180500
v -0.29984203 0.05834255 0.02167395
v -0.29989982 0.05820474 0.02161053
v -0.29990697 0.05835790 0.02147297
v -0.29829603 0.05735943 0.02403418
v -0.29829541 0.05756792 0.02398748
v -0.29844490 0.05740928 0.02391443
v -0.29844749 0.05761378 0.02386220
v -0.29858914 0.05745760 0.02378859
v -0.29859462 0.05765815 0.02373059
v -0.29872859 0.05750430 0.02365685
v -0.29873657 0.05770094 0.02359289
v -0.29886302 0.05754931 0.02351945
v -0.29887307 0.05774209 0.02344935
v -0.29899219 0.05759257 0.02337660
v -0.29900387 0.05778152 0.02330020
v -0.29911590 0.05763398 0.02322850
v -0.29912880 0.05781918 0.02314568
v -0.29923391 0.05767350 0.02307539
v -0.29924759 0.05785498 0.02298602
v -0.29934609 0.05771104 0.02291749
v -0.29936004 0.05788886 0.02282148
v -0.29945222 0.05774656 0.02275507
v -0.29946598 0.05792078 0.02265234
v -0.29955217 0.05778002 0.02258837
v -0.29956532 0.05795070 0.02247889
v -0.29964584 0.05781136 0.02241767
v -0.29965788 0.05797857 0.02230141
v -0.29973310 0.05784055 0.02224321
v -0.29974350 0.05800435 0.02212018
v -0.29981375 0.05786752 0.02206527
v -0.29982206 0.05802799 0.02193549
v -0.29988769 0.05789225 0.02188409
v -0.29989338 0.05804946 0.02174762
v -0.29995736 0.05806870 0.02155686
v -0.29995245 0.05775902 0.02184236
v -0.29995048 0.05760191 0.02198391
v -0.29988271 0.05773329 0.02201978
v -0.29987854 0.05757280 0.02215453
v -0.29980662 0.05770522 0.02219418
v -0.29980069 0.05754128 0.02232208
v -0.29972428 0.05767483 0.02236532
v -0.29971710 0.05750744 0.02248636
v -0.29963583 0.05764219 0.02253295
v -0.29962787 0.05747130 0.02264715
v -0.29954141 0.05760734 0.02269685
v -0.29953313 0.05743293 0.02280422
v -0.29944119 0.05757033 0.02285678
v -0.29943299 0.05739238 0.02295738
v -0.29933524 0.05753122 0.02301250
v -0.29932764 0.05734970 0.02310639
v -0.29922375 0.05749005 0.02316377
v -0.29921716 0.05730495 0.02325105
v -0.29910684 0.05744687 0.02331035
v -0.29910168 0.05725817 0.02339114
v -0.29898468 0.05740175 0.02345204
v -0.29898140 0.05720944 0.02352646
v -0.29885745 0.05735477 0.02358864
v -0.29885647 0.05715883 0.02365685
v -0.29872543 0.05730600 0.02371995
v -0.29872710 0.05710641 0.02378212
v -0.29858872 0.05725552 0.02384577
v -0.29859346 0.05705228 0.02390209
v -0.29844761 0.05720339 0.02396591
v -0.29845577 0.05699649 0.02401659
v -0.29830229 0.05714971 0.02408018
v -0.29994887 0.05744353 0.02212443
v -0.29987517 0.05741094 0.02228817
v -0.29979604 0.05737595 0.02244882
v -0.29971161 0.05733860 0.02260621
v -0.29962200 0.05729896 0.02276012
v -0.29952735 0.05725708 0.02291036
v -0.29942775 0.05721301 0.02305675
v -0.29932332 0.05716680 0.02319907
v -0.29921421 0.05711852 0.02333715
v -0.29910052 0.05706822 0.02347078
v -0.29898244 0.05701596 0.02359979
v -0.29886010 0.05696183 0.02372402
v -0.29873371 0.05690590 0.02384331
v -0.29860345 0.05684825 0.02395750
v -0.29994676 0.05712356 0.02240168
v -0.29994628 0.05696252 0.02253795
v -0.29987100 0.05708393 0.02255148
v -0.29987022 0.05691935 0.02268074
v -0.29979068 0.05704191 0.02269822
v -0.29979005 0.05687383 0.02282050
v -0.29970595 0.05699757 0.02284174
v -0.29970586 0.05682603 0.02295708
v -0.29961690 0.05695096 0.02298188
v -0.29961777 0.05677600 0.02309035
v -0.29952365 0.05690214 0.02311848
v -0.29952586 0.05672380 0.02322017
v -0.29942626 0.05685117 0.02325139
v -0.29943019 0.05666948 0.02334638
v -0.29932490 0.05679811 0.02338044
v -0.29933095 0.05661312 0.02346886
v -0.29921964 0.05674301 0.02350547
v -0.29922819 0.05655475 0.02358746
v -0.29911062 0.05668593 0.02362633
v -0.29912201 0.05649444 0.02370203
v -0.29899794 0.05662695 0.02374288
v -0.29901251 0.05643227 0.02381246
v -0.29888174 0.05656613 0.02385499
v -0.29994765 0.05728402 0.02226374
v -0.29987267 0.05724792 0.02242054
v -0.29979271 0.05720941 0.02257426
v -0.29970789 0.05716857 0.02272471
v -0.29961833 0.05712543 0.02287174
v -0.29952416 0.05708006 0.02301515
v -0.29942548 0.05703251 0.02315479
v -0.29932237 0.05698284 0.02329046
v -0.29921502 0.05693110 0.02342199
v -0.29910347 0.05687736 0.02354920
v -0.29898793 0.05682169 0.02367195
v -0.29886851 0.05676414 0.02379009
v -0.29874539 0.05670482 0.02390346
v -0.29861873 0.05664380 0.02401194
v -0.29846945 0.05678895 0.02406642
v -0.29831421 0.05693914 0.02412544
v -0.29866567 0.05623528 0.02411769
v -0.29842043 0.05609601 0.02429833
v -0.29838493 0.05630606 0.02425642
v -0.29851365 0.05637344 0.02416337
v -0.29863945 0.05643930 0.02406536
v -0.29878423 0.05630261 0.02402040
v -0.29876220 0.05650355 0.02396253
v -0.29889989 0.05636830 0.02391862
v -0.29846203 0.05588760 0.02433921
v -0.29614311 0.05575933 0.02498605
v -0.29667079 0.05540884 0.02495136
v -0.28092501 0.01517107 0.00527500
v -0.30000001 0.01517107 0.00527500
v -0.29985622 0.01517107 0.02128451
v -0.29986638 0.01517107 0.02124597
v -0.29999658 0.01517107 0.02053533
v -0.29994342 0.01517107 0.02089878
v -0.29931116 0.01517107 0.02256740
v -0.29937086 0.01517107 0.02246553
v -0.29943007 0.01517107 0.02235865
v -0.29955578 0.01517107 0.02210831
v -0.29959369 0.01517107 0.02202529
v -0.29963654 0.01517107 0.02192624
v -0.29973942 0.01517107 0.02166022
v -0.29980060 0.01517107 0.02147637
v -0.29839164 0.01517107 0.02368907
v -0.29855984 0.01517107 0.02352831
v -0.29856813 0.01517107 0.02351996
v -0.29860938 0.01517107 0.02347799
v -0.29916015 0.01517107 0.02280299
v -0.29904288 0.01517107 0.02296791
v -0.29781145 0.01517107 0.02414411
v -0.29801309 0.01517107 0.02400162
v -0.29820651 0.01517107 0.02384983
v -0.29831934 0.01517107 0.02375376
v -0.29866415 0.01517107 0.02342068
v -0.29873568 0.01517107 0.02334306
v -0.29892427 0.01517107 0.02312158
v -0.29670098 0.01517107 0.02470325
v -0.29687613 0.01517107 0.02463685
v -0.29693496 0.01517107 0.02461287
v -0.29724824 0.01517107 0.02447041
v -0.29734629 0.01517107 0.02442042
v -0.29760233 0.01517107 0.02427675
v -0.29768920 0.01517107 0.02422341
v -0.29611376 0.01517107 0.02487482
v -0.29621926 0.01517107 0.02484958
v -0.29649758 0.01517107 0.02477138
v -0.29597268 0.01517107 0.02490489
v -0.29572561 0.01517107 0.02494751
v -0.29526407 0.01517107 0.02499341
v -0.29547125 0.01517107 0.02497821
v -0.29564798 0.01517107 0.02495829
v -0.29891601 0.01797418 0.02398676
v -0.29879752 0.01804709 0.02408827
v -0.29883084 0.01824341 0.02414232
v -0.29991803 0.01799374 0.02322726
v -0.29999045 0.01793125 0.02311060
v -0.29999015 0.01777890 0.02298494
v -0.29974890 0.01934525 0.02423600
v -0.29970598 0.01923420 0.02418575
v -0.29960328 0.01941348 0.02431365
v -0.29999995 0.01906909 0.02399853
v -0.29999995 0.01906604 0.02399627
v -0.29999915 0.01907633 0.02400401
v -0.29829517 0.01885458 0.02457774
v -0.29817465 0.01894203 0.02464019
v -0.29834747 0.01934965 0.02468562
v -0.29859591 0.01840033 0.02431984
v -0.29855198 0.01819817 0.02427668
v -0.29842520 0.01827618 0.02436333
v -0.29825678 0.01701532 0.02411440
v -0.29841226 0.01695804 0.02399514
v -0.29840875 0.01675096 0.02394496
v -0.29761797 0.01877286 0.02477070
v -0.29775727 0.01868715 0.02471656
v -0.29761514 0.01824123 0.02468066
v -0.29937866 0.01542028 0.02250440
v -0.29941127 0.01525715 0.02240984
v -0.29928881 0.01527095 0.02262119
v -0.29884851 0.01699311 0.02366622
v -0.29884940 0.01679702 0.02359840
v -0.29870880 0.01684879 0.02373691
v -0.29979402 0.01521405 0.02151223
v -0.29952320 0.01524454 0.02219274
v -0.29838881 0.01518509 0.02369270
v -0.29691103 0.01553928 0.02463591
v -0.29713452 0.01551405 0.02453931
v -0.29555640 0.01624988 0.02498115
v -0.29999840 0.01902401 0.02396506
v -0.29999781 0.01903900 0.02397637
v -0.29999867 0.01894787 0.02390761
v -0.29999852 0.01886964 0.02384817
v -0.29999647 0.01519133 0.02055686
v -0.29999560 0.01533201 0.02070422
v -0.29999480 0.01547532 0.02085215
v -0.29999405 0.01562100 0.02100042
v -0.29999337 0.01576884 0.02114881
v -0.29999271 0.01591859 0.02129710
v -0.29999211 0.01607002 0.02144504
v -0.29999161 0.01622288 0.02159242
v -0.29999113 0.01637696 0.02173901
v -0.29999074 0.01653200 0.02188457
v -0.29999042 0.01668778 0.02202889
v -0.29999015 0.01684406 0.02217172
v -0.29998985 0.01715716 0.02245206
v -0.29998979 0.01731352 0.02258910
v -0.29998994 0.01762465 0.02285578
v -0.29999080 0.01808043 0.02323196
v -0.29992998 0.01843623 0.02355498
v -0.29999179 0.01836420 0.02345855
v -0.29999125 0.01822517 0.02334822
v -0.29999208 0.01843115 0.02351123
v -0.29999241 0.01849611 0.02356207
v -0.29999277 0.01855886 0.02361092
v -0.29999313 0.01861917 0.02365765
v -0.29999352 0.01867682 0.02370210
v -0.29999477 0.01873180 0.02374393
v -0.29999563 0.01883177 0.02382025
v -0.29999831 0.01877647 0.02377683
v -0.29999647 0.01891744 0.02388516
v -0.29999724 0.01898709 0.02393756
v -0.29999876 0.01901134 0.02395549
v -0.29999888 0.01904619 0.02398158
v -0.29999888 0.01907147 0.02400042
v -0.29999894 0.01906270 0.02399389
v -0.29999945 0.01907984 0.02400659
v -0.29999894 0.01905536 0.02398842
v -0.29994726 0.01915841 0.02407093
v -0.29966167 0.01952759 0.02435620
v -0.29930371 0.01965244 0.02450581
v -0.29917631 0.01984333 0.02460915
v -0.29885975 0.01998204 0.02472297
v -0.29878464 0.02008051 0.02476412
v -0.29723421 0.02031086 0.02499229
v -0.29661044 0.01939293 0.02498994
v -0.29612434 0.01839480 0.02498719
v -0.29577363 0.01733966 0.02498421
v -0.29532546 0.01629029 0.02499610
v -0.29601496 0.01616965 0.02491820
v -0.29624164 0.01613002 0.02487053
v -0.29646590 0.01609080 0.02481228
v -0.29668728 0.01605210 0.02474359
v -0.29668316 0.01556502 0.02472159
v -0.29735309 0.01548937 0.02443199
v -0.29756618 0.01546531 0.02431414
v -0.29777324 0.01544194 0.02418594
v -0.29835299 0.01537651 0.02374154
v -0.29853097 0.01535643 0.02357472
v -0.29870063 0.01533728 0.02339931
v -0.29886165 0.01531912 0.02321579
v -0.29901361 0.01530198 0.02302463
v -0.29915613 0.01528591 0.02282627
v -0.29991382 0.01688073 0.02233944
v -0.29991251 0.01704105 0.02247324
v -0.29982987 0.01708421 0.02263029
v -0.29982907 0.01724832 0.02275481
v -0.29998997 0.01700060 0.02231286
v -0.29991180 0.01720141 0.02260509
v -0.29982939 0.01741218 0.02287719
v -0.29996341 0.01519503 0.02079923
v -0.29995656 0.01533756 0.02094057
v -0.29995015 0.01548303 0.02108228
v -0.29994416 0.01563117 0.02122415
v -0.29993859 0.01578170 0.02136596
v -0.29993352 0.01593439 0.02150751
v -0.29992893 0.01608894 0.02164858
v -0.29992482 0.01624512 0.02178897
v -0.29992124 0.01640265 0.02192846
v -0.29991820 0.01656127 0.02206684
v -0.29991573 0.01672072 0.02220391
v -0.29983181 0.01692014 0.02250383
v -0.29991853 0.01520006 0.02103961
v -0.29990628 0.01534474 0.02117469
v -0.29989481 0.01549261 0.02130997
v -0.29988414 0.01564341 0.02144523
v -0.29987434 0.01579683 0.02158030
v -0.29986537 0.01595258 0.02171497
v -0.29985735 0.01611039 0.02184905
v -0.29985023 0.01626997 0.02198235
v -0.29984409 0.01643101 0.02211467
v -0.29983896 0.01659325 0.02224582
v -0.29983485 0.01675639 0.02237561
v -0.29874712 0.01764978 0.02397603
v -0.29838187 0.01806897 0.02432418
v -0.29851410 0.01799398 0.02423235
v -0.29848218 0.01778820 0.02418691
v -0.29867613 0.01812178 0.02418495
v -0.29861638 0.01771810 0.02408420
v -0.29889265 0.01777932 0.02392540
v -0.29887429 0.01758335 0.02386258
v -0.29871780 0.01724919 0.02385872
v -0.29886088 0.01738671 0.02379839
v -0.29885232 0.01718982 0.02373291
v -0.29871079 0.01704875 0.02379834
v -0.29856300 0.01690250 0.02386923
v -0.29887912 0.01621672 0.02338894
v -0.29900375 0.01636661 0.02330191
v -0.29901952 0.01617906 0.02322445
v -0.29913610 0.01632684 0.02313812
v -0.29915276 0.01614334 0.02305378
v -0.29926151 0.01628917 0.02296858
v -0.29927856 0.01610962 0.02287726
v -0.29874891 0.01606259 0.02348199
v -0.29889774 0.01602738 0.02331739
v -0.29903924 0.01599392 0.02314614
v -0.29917306 0.01596229 0.02296859
v -0.29929888 0.01593256 0.02278507
v -0.29843041 0.01613796 0.02378992
v -0.29857802 0.01629751 0.02369818
v -0.29859301 0.01609948 0.02363962
v -0.29873183 0.01625622 0.02354695
v -0.29861289 0.01590399 0.02358039
v -0.29877052 0.01587162 0.02341633
v -0.29892060 0.01584081 0.02324510
v -0.29906285 0.01581161 0.02306708
v -0.29919690 0.01578412 0.02288263
v -0.29932240 0.01575838 0.02269213
v -0.29847074 0.01574060 0.02368335
v -0.29863751 0.01571151 0.02352055
v -0.29879656 0.01568376 0.02335002
v -0.29894760 0.01565743 0.02317216
v -0.29909027 0.01563256 0.02298736
v -0.29922417 0.01560923 0.02279601
v -0.29934901 0.01558749 0.02259853
v -0.29856291 0.01669946 0.02381304
v -0.29871169 0.01664976 0.02367448
v -0.29885483 0.01660196 0.02352953
v -0.29811439 0.01728977 0.02426506
v -0.29798383 0.01757320 0.02439779
v -0.29813808 0.01750509 0.02430261
v -0.29801905 0.01779141 0.02442967
v -0.29816800 0.01771978 0.02433941
v -0.29806083 0.01800835 0.02446084
v -0.29820424 0.01793342 0.02437539
v -0.29810926 0.01822358 0.02449127
v -0.29824686 0.01814554 0.02441053
v -0.29776606 0.01816236 0.02461354
v -0.29789487 0.01860248 0.02465686
v -0.29803064 0.01851895 0.02459163
v -0.29786706 0.01786448 0.02451358
v -0.29791471 0.01808470 0.02454025
v -0.29796919 0.01830300 0.02456628
v -0.29834476 0.01786000 0.02428403
v -0.29845613 0.01758127 0.02414042
v -0.29831377 0.01764971 0.02424293
v -0.29843584 0.01737364 0.02409292
v -0.29828885 0.01743853 0.02420093
v -0.29842126 0.01716574 0.02404448
v -0.29826987 0.01722692 0.02415807
v -0.29857889 0.01731049 0.02397879
v -0.29886478 0.01640839 0.02345968
v -0.29871941 0.01645210 0.02361114
v -0.29856795 0.01649765 0.02375601
v -0.29841068 0.01654496 0.02389400
v -0.29824787 0.01659395 0.02402482
v -0.29824948 0.01680419 0.02406997
v -0.29808533 0.01685905 0.02418782
v -0.29809684 0.01707427 0.02422678
v -0.29793268 0.01713478 0.02433204
v -0.29795504 0.01735418 0.02436524
v -0.29779208 0.01742008 0.02445841
v -0.29782620 0.01764279 0.02448629
v -0.29759273 0.01726012 0.02452046
v -0.29766557 0.01771375 0.02456801
v -0.29746211 0.01832120 0.02474155
v -0.29750210 0.01778594 0.02464289
v -0.29733607 0.01785927 0.02471087
v -0.29741755 0.01732473 0.02460343
v -0.29723933 0.01739047 0.02467879
v -0.29736096 0.01686102 0.02456244
v -0.29717132 0.01691816 0.02464545
v -0.29754698 0.01680498 0.02447110
v -0.29747719 0.01885948 0.02481922
v -0.29730722 0.01840215 0.02479615
v -0.29715067 0.01848398 0.02484441
v -0.29716778 0.01793363 0.02477186
v -0.29699743 0.01800888 0.02482579
v -0.29705834 0.01745723 0.02474644
v -0.29687494 0.01752491 0.02480630
v -0.29697847 0.01697628 0.02472002
v -0.29678270 0.01703529 0.02478605
v -0.29767820 0.01930231 0.02484093
v -0.29719180 0.01903511 0.02489923
v -0.29699266 0.01856657 0.02488627
v -0.29682532 0.01808494 0.02487260
v -0.29668939 0.01759338 0.02485829
v -0.29826140 0.01617798 0.02393257
v -0.29807982 0.01664454 0.02414821
v -0.29791662 0.01691545 0.02429824
v -0.29776454 0.01719677 0.02442997
v -0.29844806 0.01593786 0.02373692
v -0.29829666 0.01577098 0.02383802
v -0.29808629 0.01621945 0.02406722
v -0.29790676 0.01669663 0.02426386
v -0.29774356 0.01697331 0.02440101
v -0.29692760 0.01649410 0.02469272
v -0.29713154 0.01644573 0.02461100
v -0.29733172 0.01639827 0.02452009
v -0.29752770 0.01635181 0.02442013
v -0.29772905 0.01675015 0.02437154
v -0.29771906 0.01630645 0.02431124
v -0.29790542 0.01626230 0.02419355
v -0.29792795 0.01583534 0.02412136
v -0.29811561 0.01580258 0.02398415
v -0.29816711 0.01539749 0.02389932
v -0.29832223 0.01557195 0.02378999
v -0.29849842 0.01554664 0.02362926
v -0.29866678 0.01552246 0.02346018
v -0.29882699 0.01549945 0.02328316
v -0.29897863 0.01547768 0.02309864
v -0.29912138 0.01545719 0.02290706
v -0.29925483 0.01543804 0.02270883
v -0.29820094 0.01520047 0.02385634
v -0.29797372 0.01541931 0.02404759
v -0.29773402 0.01586921 0.02424929
v -0.29753432 0.01590409 0.02436774
v -0.29732931 0.01593990 0.02447655
v -0.29711947 0.01597657 0.02457557
v -0.29690531 0.01601399 0.02466464
v -0.29638407 0.01715549 0.02489203
v -0.29658446 0.01709506 0.02484342
v -0.29578641 0.01620964 0.02495513
v -0.29597828 0.01727790 0.02496253
v -0.29618189 0.01721648 0.02493177
v -0.29630095 0.01831672 0.02496959
v -0.29647681 0.01823897 0.02494457
v -0.29690242 0.01921320 0.02495626
v -0.29882127 0.01944939 0.02457356
v -0.29900783 0.01978784 0.02463099
v -0.29908073 0.01969224 0.02458023
v -0.29893416 0.01988446 0.02467858
v -0.29896435 0.01881706 0.02429514
v -0.29870221 0.01879669 0.02440244
v -0.29876482 0.01898935 0.02444167
v -0.29853091 0.01868348 0.02443845
v -0.29866263 0.01907758 0.02450890
v -0.29864594 0.01860000 0.02436178
v -0.29873198 0.01954281 0.02462847
v -0.29855895 0.01916709 0.02457202
v -0.29841396 0.01876837 0.02451046
v -0.29855037 0.01973281 0.02472722
v -0.29864165 0.01963730 0.02467970
v -0.29845387 0.01925781 0.02463095
v -0.29823989 0.01944254 0.02473600
v -0.29805258 0.01903063 0.02469776
v -0.29813120 0.01953637 0.02478206
v -0.29792905 0.01912027 0.02475044
v -0.29780424 0.01921086 0.02479817
v -0.29816440 0.01843665 0.02452092
v -0.29829597 0.01835570 0.02444478
v -0.29746160 0.02011449 0.02496647
v -0.29798648 0.02032268 0.02493297
v -0.29716507 0.01967475 0.02496157
v -0.29768744 0.01991949 0.02492269
v -0.29817700 0.02012337 0.02487962
v -0.29665169 0.01816167 0.02491222
v -0.29704753 0.01912390 0.02493064
v -0.29742318 0.01948739 0.02491140
v -0.29791090 0.01972655 0.02486116
v -0.29836518 0.01992654 0.02481098
v -0.29993093 0.01908597 0.02402489
v -0.29991564 0.01899684 0.02396782
v -0.29994145 0.01869663 0.02374225
v -0.29993537 0.01857097 0.02365237
v -0.29990152 0.01889285 0.02390068
v -0.29980546 0.01906052 0.02404799
v -0.29977956 0.01893929 0.02398158
v -0.29966626 0.01910910 0.02412863
v -0.29983363 0.01916820 0.02410645
v -0.29986396 0.01926043 0.02415611
v -0.29979494 0.01944030 0.02427867
v -0.29989567 0.01932224 0.02418808
v -0.29949760 0.01959796 0.02443136
v -0.29938918 0.01978719 0.02453863
v -0.29954898 0.01928486 0.02426525
v -0.29942805 0.01946613 0.02439108
v -0.29988861 0.01877584 0.02382446
v -0.29987693 0.01864767 0.02374017
v -0.29981709 0.01872617 0.02382543
v -0.29986650 0.01851021 0.02364880
v -0.29992530 0.01829418 0.02345113
v -0.29992130 0.01814626 0.02334164
v -0.29984954 0.01821425 0.02344846
v -0.29985738 0.01836526 0.02355130
v -0.29978752 0.01843834 0.02364867
v -0.29980138 0.01858610 0.02373993
v -0.29973468 0.01866383 0.02382833
v -0.29975593 0.01880642 0.02390808
v -0.29991543 0.01783792 0.02310874
v -0.29984298 0.01805850 0.02334095
v -0.29977554 0.01828436 0.02355235
v -0.29971582 0.01851337 0.02374316
v -0.29962981 0.01897191 0.02406536
v -0.29959673 0.01882459 0.02399667
v -0.29964232 0.01859029 0.02383471
v -0.29969937 0.01835652 0.02365323
v -0.29976538 0.01812548 0.02345160
v -0.29983771 0.01789932 0.02322948
v -0.29991353 0.01768009 0.02298683
v -0.29998982 0.01746942 0.02272375
v -0.29991227 0.01752119 0.02286210
v -0.29983369 0.01773800 0.02311473
v -0.29975706 0.01796302 0.02334706
v -0.29968530 0.01819461 0.02355910
v -0.29962111 0.01843066 0.02375101
v -0.29956707 0.01866903 0.02392324
v -0.29991171 0.01736154 0.02273478
v -0.29983094 0.01757550 0.02299723
v -0.29975057 0.01779830 0.02323937
v -0.29967359 0.01802897 0.02346138
v -0.29960281 0.01826582 0.02366337
v -0.29954085 0.01850673 0.02384563
v -0.29949889 0.01914371 0.02421161
v -0.29945305 0.01899203 0.02415333
v -0.29941157 0.01883174 0.02409099
v -0.29945859 0.01858466 0.02393699
v -0.29951799 0.01833905 0.02376431
v -0.29958740 0.01809710 0.02357232
v -0.29966426 0.01786093 0.02336063
v -0.29974589 0.01763229 0.02312901
v -0.29986200 0.01520641 0.02127745
v -0.29984492 0.01535350 0.02140608
v -0.29982898 0.01550403 0.02153474
v -0.29981422 0.01565769 0.02166325
v -0.29980072 0.01581416 0.02179144
v -0.29978848 0.01597314 0.02191912
v -0.29977754 0.01613431 0.02204612
v -0.29976797 0.01629737 0.02217227
v -0.29975984 0.01646199 0.02229737
v -0.29975313 0.01662789 0.02242126
v -0.29974791 0.01679472 0.02254375
v -0.29974428 0.01696220 0.02266466
v -0.29974219 0.01713001 0.02278383
v -0.29974172 0.01729783 0.02290105
v -0.29974294 0.01746537 0.02301618
v -0.29965723 0.01769149 0.02325730
v -0.29957482 0.01792583 0.02347839
v -0.29949853 0.01816733 0.02367978
v -0.29943091 0.01841423 0.02386184
v -0.29937446 0.01866438 0.02402503
v -0.29922396 0.01950437 0.02446940
v -0.29936346 0.01932136 0.02434641
v -0.29915008 0.01934502 0.02442978
v -0.29930401 0.01916567 0.02429784
v -0.29908225 0.01917635 0.02438734
v -0.29924980 0.01900104 0.02424585
v -0.29902035 0.01899991 0.02434237
v -0.29920077 0.01882896 0.02419079
v -0.29883385 0.01917662 0.02447927
v -0.29890946 0.01935713 0.02451503
v -0.29899174 0.01952952 0.02454876
v -0.29977268 0.01536383 0.02163422
v -0.29975286 0.01551725 0.02175613
v -0.29973459 0.01567397 0.02187776
v -0.29971793 0.01583366 0.02199897
v -0.29970294 0.01599600 0.02211959
v -0.29968971 0.01616065 0.02223945
v -0.29967824 0.01632727 0.02235840
v -0.29966861 0.01649554 0.02247627
v -0.29966089 0.01666511 0.02259289
v -0.29965508 0.01683567 0.02270810
v -0.29965129 0.01700687 0.02282174
v -0.29964957 0.01717838 0.02293364
v -0.29964995 0.01734988 0.02304365
v -0.29965249 0.01752103 0.02315159
v -0.29956508 0.01775303 0.02338198
v -0.29948238 0.01799292 0.02359252
v -0.29940706 0.01823960 0.02378367
v -0.29934165 0.01849130 0.02395585
v -0.29962444 0.01523314 0.02197041
v -0.29959631 0.01538908 0.02207880
v -0.29949257 0.01540395 0.02229422
v -0.29957041 0.01554895 0.02218689
v -0.29946449 0.01556738 0.02239534
v -0.29954684 0.01571239 0.02229455
v -0.29943910 0.01573446 0.02249595
v -0.29952562 0.01587902 0.02240163
v -0.29941648 0.01590479 0.02259595
v -0.29950687 0.01604847 0.02250800
v -0.29939666 0.01607799 0.02269521
v -0.29949063 0.01622038 0.02261353
v -0.29937974 0.01625367 0.02279360
v -0.29947698 0.01639436 0.02271808
v -0.29936579 0.01643144 0.02289101
v -0.29946601 0.01657006 0.02282152
v -0.29935491 0.01661093 0.02298731
v -0.29945776 0.01674710 0.02292370
v -0.29934716 0.01679174 0.02308237
v -0.29945230 0.01692512 0.02302450
v -0.29934260 0.01697350 0.02317607
v -0.29944971 0.01710373 0.02312377
v -0.29934135 0.01715580 0.02326830
v -0.29945007 0.01728258 0.02322138
v -0.29934347 0.01733828 0.02335892
v -0.29945344 0.01746130 0.02331720
v -0.29934898 0.01752053 0.02344782
v -0.29945990 0.01763950 0.02341109
v -0.29935804 0.01770218 0.02353487
v -0.29937071 0.01788285 0.02361994
v -0.29926866 0.01795099 0.02373296
v -0.29928881 0.01813341 0.02380947
v -0.29918787 0.01820667 0.02391203
v -0.29921675 0.01839001 0.02398028
v -0.29911807 0.01846801 0.02407281
v -0.29915687 0.01865083 0.02413300
v -0.29891416 0.01862917 0.02424589
v -0.29912314 0.01651240 0.02322149
v -0.29899207 0.01655615 0.02337844
v -0.29911399 0.01669959 0.02330379
v -0.29898453 0.01674725 0.02345395
v -0.29910874 0.01688801 0.02338494
v -0.29898125 0.01693950 0.02352835
v -0.29910743 0.01707724 0.02346482
v -0.29898226 0.01713247 0.02360155
v -0.29911020 0.01726688 0.02354334
v -0.29898772 0.01732575 0.02367345
v -0.29911712 0.01745651 0.02362040
v -0.29899767 0.01751890 0.02374398
v -0.29912823 0.01764571 0.02369590
v -0.29901221 0.01771150 0.02381304
v -0.29914370 0.01783408 0.02376974
v -0.29903144 0.01790315 0.02388055
v -0.29905543 0.01809340 0.02394640
v -0.29894450 0.01816750 0.02404661
v -0.29897818 0.01835885 0.02410484
v -0.29886970 0.01843760 0.02419488
v -0.29871458 0.01832105 0.02423343
v -0.29924780 0.01647081 0.02305891
v -0.29923752 0.01665413 0.02314816
v -0.29923078 0.01683873 0.02323620
v -0.29922763 0.01702423 0.02332293
v -0.29922813 0.01721021 0.02340823
v -0.29923242 0.01739627 0.02349199
v -0.29924056 0.01758203 0.02357411
v -0.29925260 0.01776707 0.02365447
v -0.29916355 0.01802121 0.02384182
v -0.29908428 0.01828185 0.02401052
v -0.29971477 0.01522297 0.02174339
v -0.29968974 0.01537570 0.02185863
v -0.29966661 0.01553223 0.02197367
v -0.29964539 0.01569222 0.02208834
v -0.29962617 0.01585530 0.02220250
v -0.29960904 0.01602113 0.02231601
v -0.29959401 0.01618935 0.02242870
v -0.29958120 0.01635962 0.02254044
v -0.29957062 0.01653158 0.02265108
v -0.29956236 0.01670487 0.02276045
v -0.29955649 0.01687915 0.02286843
v -0.29955307 0.01705407 0.02297485
v -0.29955214 0.01722926 0.02307956
v -0.29955381 0.01740439 0.02318242
v -0.29955810 0.01757910 0.02328328
v -0.29946953 0.01781684 0.02350291
v -0.29938701 0.01806214 0.02370292
v -0.29931313 0.01831385 0.02388387
v -0.29925027 0.01857019 0.02404627
v -0.30269396 0.06217107 -0.01239566
v -0.30152842 0.06217107 -0.00947389
v -0.30075061 0.06217107 -0.00697315
v -0.30024296 0.06217107 -0.00473640
v -0.30000001 0.06217107 -0.00317490
v -0.30269396 0.01197107 0.01239566
v -0.30152842 0.01197107 0.00947389
v -0.30075061 0.01197107 0.00697315
v -0.30024296 0.01197107 0.00473640
v -0.30000001 0.01197107 0.00317490
v -0.30000001 0.01177107 -0.00000000
v -0.30000001 0.01186734 -0.00220504
v -0.30000001 0.01197107 -0.00317490
v -0.30000001 0.01186734 0.00220504
v -0.30095020 0.01197107 -0.00768528
v -0.30037144 0.01197107 -0.00538632
v -0.30018860 0.01197107 -0.00443385
v -0.30240870 0.01197107 -0.01173720
v -0.30180490 0.01197107 -0.01023060
v -0.30141774 0.01197107 -0.00915578
v -0.30304480 0.01197107 -0.01316879
v -0.30000001 0.03486603 0.02520373
v -0.30000001 0.03927611 0.02520373
v -0.30000001 0.03707107 0.02530000
v -0.30000001 0.03927611 -0.02520373
v -0.30000001 0.03486603 -0.02520373
v -0.30000001 0.03707107 -0.02530000
v -0.30000001 0.06237107 0.00000000
v -0.30000001 0.06227480 0.00220504
v -0.30000001 0.06217107 0.00317490
v -0.30000001 0.06227480 -0.00220504
v -0.30095020 0.06217107 0.00768528
v -0.30037144 0.06217107 0.00538632
v -0.30018860 0.06217107 0.00443385
v -0.30240870 0.06217107 0.01173720
v -0.30180490 0.06217107 0.01023060
v -0.30141774 0.06217107 0.00915578
v -0.30304480 0.06217107 0.01316879
v -0.30300000 0.04107107 -0.00400000
v -0.30300000 0.03307107 -0.00400000
v -0.30300000 0.04107107 0.00400000
v -0.30300000 0.03307107 0.00400000
v -0.30300000 0.04431361 -0.00048621
v -0.30300000 0.04428172 -0.00024404
v -0.30300000 0.04707107 -0.00000000
v -0.30300000 0.04427107 -0.00000000
v -0.30300000 0.04428172 0.00024404
v -0.30300000 0.04453341 -0.00118333
v -0.30300000 0.04443993 -0.00095766
v -0.30300000 0.04436648 -0.00072469
v -0.30300000 0.04492614 -0.00179981
v -0.30300000 0.04477744 -0.00160601
v -0.30300000 0.04464620 -0.00140000
v -0.30300000 0.04546505 -0.00229363
v -0.30300000 0.04527126 -0.00214492
v -0.30300000 0.04509117 -0.00197990
v -0.30300000 0.04611341 -0.00263114
v -0.30300000 0.04588774 -0.00253766
v -0.30300000 0.04567107 -0.00242487
v -0.30300000 0.04682703 -0.00278935
v -0.30300000 0.04658485 -0.00275746
v -0.30300000 0.04634637 -0.00270459
v -0.30300000 0.04755728 -0.00275746
v -0.30300000 0.04731510 -0.00278935
v -0.30300000 0.04707107 -0.00280000
v -0.30300000 0.04825440 -0.00253766
v -0.30300000 0.04802872 -0.00263114
v -0.30300000 0.04779576 -0.00270459
v -0.30300000 0.04887087 -0.00214492
v -0.30300000 0.04867708 -0.00229363
v -0.30300000 0.04847107 -0.00242487
v -0.30300000 0.04936469 -0.00160601
v -0.30300000 0.04921599 -0.00179981
v -0.30300000 0.04905097 -0.00197990
v -0.30300000 0.04970221 -0.00095766
v -0.30300000 0.04960873 -0.00118333
v -0.30300000 0.04949594 -0.00140000
v -0.30300000 0.04986041 -0.00024404
v -0.30300000 0.04982853 -0.00048621
v -0.30300000 0.04977566 -0.00072469
v -0.30300000 0.04982853 0.00048621
v -0.30300000 0.04986041 0.00024404
v -0.30300000 0.04987107 -0.00000000
v -0.30300000 0.04960873 0.00118333
v -0.30300000 0.04970221 0.00095766
v -0.30300000 0.04977566 0.00072469
v -0.30300000 0.04921599 0.00179981
v -0.30300000 0.04936469 0.00160601
v -0.30300000 0.04949594 0.00140000
v -0.30300000 0.04867708 0.00229363
v -0.30300000 0.04887087 0.00214492
v -0.30300000 0.04905097 0.00197990
v -0.30300000 0.04802872 0.00263114
v -0.30300000 0.04825440 0.00253766
v -0.30300000 0.04847107 0.00242487
v -0.30300000 0.04731510 0.00278935
v -0.30300000 0.04755728 0.00275746
v -0.30300000 0.04779576 0.00270459
v -0.30300000 0.04658485 0.00275746
v -0.30300000 0.04682703 0.00278935
v -0.30300000 0.04707107 0.00280000
v -0.30300000 0.04588774 0.00253766
v -0.30300000 0.04611341 0.00263114
v -0.30300000 0.04634637 0.00270459
v -0.30300000 0.04527126 0.00214492
v -0.30300000 0.04546505 0.00229363
v -0.30300000 0.04567107 0.00242487
v -0.30300000 0.04477744 0.00160601
v -0.30300000 0.04492614 0.00179981
v -0.30300000 0.04509117 0.00197990
v -0.30300000 0.04443993 0.00095766
v -0.30300000 0.04453341 0.00118333
v -0.30300000 0.04464620 0.00140000
v -0.30300000 0.04431361 0.00048621
v -0.30300000 0.04436648 0.00072469
v -0.30300000 0.01352632 0.00812416
v -0.30300000 0.01349443 0.00836634
v -0.30300000 0.01628378 0.00861038
v -0.30300000 0.01348378 0.00861038
v -0.30300000 0.01349443 0.00885441
v -0.30300000 0.01374612 0.00742705
v -0.30300000 0.01365264 0.00765272
v -0.30300000 0.01357919 0.00788568
v -0.30300000 0.01413885 0.00681057
v -0.30300000 0.01399015 0.00700436
v -0.30300000 0.01385891 0.00721038
v -0.30300000 0.01467776 0.00631675
v -0.30300000 0.01448397 0.00646545
v -0.30300000 0.01430388 0.00663048
v -0.30300000 0.01532612 0.00597924
v -0.30300000 0.01510045 0.00607272
v -0.30300000 0.01488378 0.00618551
v -0.30300000 0.01603974 0.00582103
v -0.30300000 0.01579756 0.00585292
v -0.30300000 0.01555908 0.00590579
v -0.30300000 0.01676999 0.00585292
v -0.30300000 0.01652781 0.00582103
v -0.30300000 0.01628378 0.00581038
v -0.30300000 0.01746711 0.00607272
v -0.30300000 0.01724144 0.00597924
v -0.30300000 0.01700847 0.00590579
v -0.30300000 0.01808358 0.00646545
v -0.30300000 0.01788979 0.00631675
v -0.30300000 0.01768378 0.00618551
v -0.30300000 0.01857740 0.00700436
v -0.30300000 0.01842870 0.00681057
v -0.30300000 0.01826368 0.00663048
v -0.30300000 0.01891492 0.00765272
v -0.30300000 0.01882144 0.00742705
v -0.30300000 0.01870865 0.00721038
v -0.30300000 0.01907312 0.00836634
v -0.30300000 0.01904124 0.00812416
v -0.30300000 0.01898837 0.00788568
v -0.30300000 0.01904124 0.00909659
v -0.30300000 0.01907312 0.00885441
v -0.30300000 0.01908378 0.00861038
v -0.30300000 0.01882144 0.00979371
v -0.30300000 0.01891492 0.00956803
v -0.30300000 0.01898837 0.00933507
v -0.30300000 0.01842870 0.01041018
v -0.30300000 0.01857740 0.01021639
v -0.30300000 0.01870865 0.01001038
v -0.30300000 0.01788979 0.01090400
v -0.30300000 0.01808358 0.01075530
v -0.30300000 0.01826368 0.01059028
v -0.30300000 0.01724144 0.01124152
v -0.30300000 0.01746711 0.01114804
v -0.30300000 0.01768378 0.01103525
v -0.30300000 0.01652781 0.01139972
v -0.30300000 0.01676999 0.01136784
v -0.30300000 0.01700847 0.01131497
v -0.30300000 0.01579756 0.01136784
v -0.30300000 0.01603974 0.01139972
v -0.30300000 0.01628378 0.01141038
v -0.30300000 0.01510045 0.01114804
v -0.30300000 0.01532612 0.01124152
v -0.30300000 0.01555908 0.01131497
v -0.30300000 0.01448397 0.01075530
v -0.30300000 0.01467776 0.01090400
v -0.30300000 0.01488378 0.01103525
v -0.30300000 0.01399015 0.01021639
v -0.30300000 0.01413885 0.01041018
v -0.30300000 0.01430388 0.01059028
v -0.30300000 0.01365264 0.00956803
v -0.30300000 0.01374612 0.00979371
v -0.30300000 0.01385891 0.01001038
v -0.30300000 0.01352632 0.00909659
v -0.30300000 0.01357919 0.00933507
v -0.30300000 0.05510090 -0.00909659
v -0.30300000 0.05506901 -0.00885441
v -0.30300000 0.05785836 -0.00861038
v -0.30300000 0.05505836 -0.00861038
v -0.30300000 0.05506901 -0.00836634
v -0.30300000 0.05532070 -0.00979371
v -0.30300000 0.05522722 -0.00956803
v -0.30300000 0.05515376 -0.00933507
v -0.30300000 0.05571343 -0.01041018
v -0.30300000 0.05556473 -0.01021639
v -0.30300000 0.05543349 -0.01001038
v -0.30300000 0.05625234 -0.01090400
v -0.30300000 0.05605855 -0.01075530
v -0.30300000 0.05587846 -0.01059028
v -0.30300000 0.05690070 -0.01124152
v -0.30300000 0.05667502 -0.01114804
v -0.30300000 0.05645836 -0.01103525
v -0.30300000 0.05761432 -0.01139972
v -0.30300000 0.05737214 -0.01136784
v -0.30300000 0.05713366 -0.01131497
v -0.30300000 0.05834457 -0.01136784
v -0.30300000 0.05810239 -0.01139972
v -0.30300000 0.05785836 -0.01141038
v -0.30300000 0.05904169 -0.01114804
v -0.30300000 0.05881601 -0.01124152
v -0.30300000 0.05858305 -0.01131497
v -0.30300000 0.05965816 -0.01075530
v -0.30300000 0.05946437 -0.01090400
v -0.30300000 0.05925836 -0.01103525
v -0.30300000 0.06015198 -0.01021639
v -0.30300000 0.06000328 -0.01041018
v -0.30300000 0.05983826 -0.01059028
v -0.30300000 0.06048950 -0.00956803
v -0.30300000 0.06039602 -0.00979371
v -0.30300000 0.06028323 -0.01001038
v -0.30300000 0.06064770 -0.00885441
v -0.30300000 0.06061582 -0.00909659
v -0.30300000 0.06056295 -0.00933507
v -0.30300000 0.06061582 -0.00812416
v -0.30300000 0.06064770 -0.00836634
v -0.30300000 0.06065836 -0.00861038
v -0.30300000 0.06039602 -0.00742705
v -0.30300000 0.06048950 -0.00765272
v -0.30300000 0.06056295 -0.00788568
v -0.30300000 0.06000328 -0.00681057
v -0.30300000 0.06015198 -0.00700436
v -0.30300000 0.06028323 -0.00721038
v -0.30300000 0.05946437 -0.00631675
v -0.30300000 0.05965816 -0.00646545
v -0.30300000 0.05983826 -0.00663048
v -0.30300000 0.05881601 -0.00597924
v -0.30300000 0.05904169 -0.00607272
v -0.30300000 0.05925836 -0.00618551
v -0.30300000 0.05810239 -0.00582103
v -0.30300000 0.05834457 -0.00585292
v -0.30300000 0.05858305 -0.00590579
v -0.30300000 0.05737214 -0.00585292
v -0.30300000 0.05761432 -0.00582103
v -0.30300000 0.05785836 -0.00581038
v -0.30300000 0.05667502 -0.00607272
v -0.30300000 0.05690070 -0.00597924
v -0.30300000 0.05713366 -0.00590579
v -0.30300000 0.05605855 -0.00646545
v -0.30300000 0.05625234 -0.00631675
v -0.30300000 0.05645836 -0.00618551
v -0.30300000 0.05556473 -0.00700436
v -0.30300000 0.05571343 -0.00681057
v -0.30300000 0.05587846 -0.00663048
v -0.30300000 0.05522722 -0.00765272
v -0.30300000 0.05532070 -0.00742705
v -0.30300000 0.05543349 -0.00721038
v -0.30300000 0.05510090 -0.00812416
v -0.30300000 0.05515376 -0.00788568
v -0.30300000 0.02570323 0.02030107
v -0.30300000 0.02567135 0.02054325
v -0.30300000 0.02846069 0.02078729
v -0.30300000 0.02566069 0.02078729
v -0.30300000 0.02567135 0.02103133
v -0.30300000 0.02592303 0.01960396
v -0.30300000 0.02582955 0.01982963
v -0.30300000 0.02575610 0.02006260
v -0.30300000 0.02631577 0.01898748
v -0.30300000 0.02616706 0.01918128
v -0.30300000 0.02603582 0.01938729
v -0.30300000 0.02685468 0.01849366
v -0.30300000 0.02666089 0.01864237
v -0.30300000 0.02648079 0.01880739
v -0.30300000 0.02750303 0.01815615
v -0.30300000 0.02727736 0.01824963
v -0.30300000 0.02706069 0.01836242
v -0.30300000 0.02821665 0.01799794
v -0.30300000 0.02797448 0.01802983
v -0.30300000 0.02773600 0.01808270
v -0.30300000 0.02894691 0.01802983
v -0.30300000 0.02870473 0.01799794
v -0.30300000 0.02846069 0.01798729
v -0.30300000 0.02964402 0.01824963
v -0.30300000 0.02941835 0.01815615
v -0.30300000 0.02918538 0.01808270
v -0.30300000 0.03026050 0.01864237
v -0.30300000 0.03006670 0.01849366
v -0.30300000 0.02986069 0.01836242
v -0.30300000 0.03075432 0.01918128
v -0.30300000 0.03060561 0.01898748
v -0.30300000 0.03044059 0.01880739
v -0.30300000 0.03109183 0.01982963
v -0.30300000 0.03099835 0.01960396
v -0.30300000 0.03088556 0.01938729
v -0.30300000 0.03125004 0.02054325
v -0.30300000 0.03121815 0.02030107
v -0.30300000 0.03116528 0.02006260
v -0.30300000 0.03121815 0.02127350
v -0.30300000 0.03125004 0.02103133
v -0.30300000 0.03126069 0.02078729
v -0.30300000 0.03099835 0.02197062
v -0.30300000 0.03109183 0.02174495
v -0.30300000 0.03116528 0.02151198
v -0.30300000 0.03060561 0.02258709
v -0.30300000 0.03075432 0.02239330
v -0.30300000 0.03088556 0.02218729
v -0.30300000 0.03006670 0.02308092
v -0.30300000 0.03026050 0.02293221
v -0.30300000 0.03044059 0.02276719
v -0.30300000 0.02941835 0.02341843
v -0.30300000 0.02964402 0.02332495
v -0.30300000 0.02986069 0.02321216
v -0.30300000 0.02870473 0.02357663
v -0.30300000 0.02894691 0.02354475
v -0.30300000 0.02918538 0.02349188
v -0.30300000 0.02797448 0.02354475
v -0.30300000 0.02821665 0.02357663
v -0.30300000 0.02846069 0.02358729
v -0.30300000 0.02727736 0.02332495
v -0.30300000 0.02750303 0.02341843
v -0.30300000 0.02773600 0.02349188
v -0.30300000 0.02666089 0.02293221
v -0.30300000 0.02685468 0.02308092
v -0.30300000 0.02706069 0.02321216
v -0.30300000 0.02616706 0.02239330
v -0.30300000 0.02631577 0.02258709
v -0.30300000 0.02648079 0.02276719
v -0.30300000 0.02582955 0.02174495
v -0.30300000 0.02592303 0.02197062
v -0.30300000 0.02603582 0.02218729
v -0.30300000 0.02570323 0.02127350
v -0.30300000 0.02575610 0.02151198
v -0.30300000 0.04292398 -0.02127350
v -0.30300000 0.04289210 -0.02103133
v -0.30300000 0.04568145 -0.02078729
v -0.30300000 0.04288144 -0.02078729
v -0.30300000 0.04289210 -0.02054325
v -0.30300000 0.04314378 -0.02197062
v -0.30300000 0.04305030 -0.02174495
v -0.30300000 0.04297685 -0.02151198
v -0.30300000 0.04353652 -0.02258709
v -0.30300000 0.04338782 -0.02239330
v -0.30300000 0.04325657 -0.02218729
v -0.30300000 0.04407543 -0.02308092
v -0.30300000 0.04388164 -0.02293221
v -0.30300000 0.04370154 -0.02276719
v -0.30300000 0.04472379 -0.02341843
v -0.30300000 0.04449811 -0.02332495
v -0.30300000 0.04428145 -0.02321216
v -0.30300000 0.04543741 -0.02357663
v -0.30300000 0.04519523 -0.02354475
v -0.30300000 0.04495675 -0.02349188
v -0.30300000 0.04616766 -0.02354475
v -0.30300000 0.04592548 -0.02357663
v -0.30300000 0.04568145 -0.02358729
v -0.30300000 0.04686478 -0.02332495
v -0.30300000 0.04663910 -0.02341843
v -0.30300000 0.04640614 -0.02349188
v -0.30300000 0.04748125 -0.02293221
v -0.30300000 0.04728746 -0.02308092
v -0.30300000 0.04708144 -0.02321216
v -0.30300000 0.04797507 -0.02239330
v -0.30300000 0.04782637 -0.02258709
v -0.30300000 0.04766135 -0.02276719
v -0.30300000 0.04831259 -0.02174495
v -0.30300000 0.04821911 -0.02197062
v -0.30300000 0.04810632 -0.02218729
v -0.30300000 0.04847079 -0.02103133
v -0.30300000 0.04843891 -0.02127350
v -0.30300000 0.04838604 -0.02151198
v -0.30300000 0.04843891 -0.02030107
v -0.30300000 0.04847079 -0.02054325
v -0.30300000 0.04848145 -0.02078729
v -0.30300000 0.04821911 -0.01960396
v -0.30300000 0.04831259 -0.01982963
v -0.30300000 0.04838604 -0.02006260
v -0.30300000 0.04782637 -0.01898748
v -0.30300000 0.04797507 -0.01918128
v -0.30300000 0.04810632 -0.01938729
v -0.30300000 0.04728746 -0.01849366
v -0.30300000 0.04748125 -0.01864237
v -0.30300000 0.04766135 -0.01880739
v -0.30300000 0.04663910 -0.01815615
v -0.30300000 0.04686478 -0.01824963
v -0.30300000 0.04708144 -0.01836242
v -0.30300000 0.04592548 -0.01799794
v -0.30300000 0.04616766 -0.01802983
v -0.30300000 0.04640614 -0.01808270
v -0.30300000 0.04519523 -0.01802983
v -0.30300000 0.04543741 -0.01799794
v -0.30300000 0.04568145 -0.01798729
v -0.30300000 0.04449811 -0.01824963
v -0.30300000 0.04472379 -0.01815615
v -0.30300000 0.04495675 -0.01808270
v -0.30300000 0.04388164 -0.01864237
v -0.30300000 0.04407543 -0.01849366
v -0.30300000 0.04428145 -0.01836242
v -0.30300000 0.04338782 -0.01918128
v -0.30300000 0.04353652 -0.01898748
v -0.30300000 0.04370154 -0.01880739
v -0.30300000 0.04305030 -0.01982963
v -0.30300000 0.04314378 -0.01960396
v -0.30300000 0.04325657 -0.01938729
v -0.30300000 0.04292398 -0.02030107
v -0.30300000 0.04297685 -0.02006260
v -0.30300000 0.03431361 -0.01048622
v -0.30300000 0.03428172 -0.01024404
v -0.30300000 0.03707107 -0.01000000
v -0.30300000 0.03427107 -0.01000000
v -0.30300000 0.03428172 -0.00975596
v -0.30300000 0.03453341 -0.01118333
v -0.30300000 0.03443993 -0.01095766
v -0.30300000 0.03436648 -0.01072469
v -0.30300000 0.03492614 -0.01179980
v -0.30300000 0.03477744 -0.01160601
v -0.30300000 0.03464620 -0.01140000
v -0.30300000 0.03546505 -0.01229363
v -0.30300000 0.03527126 -0.01214492
v -0.30300000 0.03509117 -0.01197990
v -0.30300000 0.03611341 -0.01263114
v -0.30300000 0.03588774 -0.01253766
v -0.30300000 0.03567107 -0.01242487
v -0.30300000 0.03682703 -0.01278935
v -0.30300000 0.03658485 -0.01275746
v -0.30300000 0.03634638 -0.01270459
v -0.30300000 0.03755728 -0.01275746
v -0.30300000 0.03731510 -0.01278935
v -0.30300000 0.03707107 -0.01280000
v -0.30300000 0.03825440 -0.01253766
v -0.30300000 0.03802872 -0.01263114
v -0.30300000 0.03779576 -0.01270459
v -0.30300000 0.03887087 -0.01214492
v -0.30300000 0.03867708 -0.01229363
v -0.30300000 0.03847107 -0.01242487
v -0.30300000 0.03936469 -0.01160601
v -0.30300000 0.03921599 -0.01179980
v -0.30300000 0.03905097 -0.01197990
v -0.30300000 0.03970221 -0.01095766
v -0.30300000 0.03960873 -0.01118333
v -0.30300000 0.03949594 -0.01140000
v -0.30300000 0.03986041 -0.01024404
v -0.30300000 0.03982853 -0.01048622
v -0.30300000 0.03977566 -0.01072469
v -0.30300000 0.03982853 -0.00951379
v -0.30300000 0.03986041 -0.00975596
v -0.30300000 0.03987107 -0.01000000
v -0.30300000 0.03960873 -0.00881667
v -0.30300000 0.03970221 -0.00904234
v -0.30300000 0.03977566 -0.00927531
v -0.30300000 0.03921599 -0.00820019
v -0.30300000 0.03936469 -0.00839399
v -0.30300000 0.03949594 -0.00860000
v -0.30300000 0.03867708 -0.00770637
v -0.30300000 0.03887087 -0.00785508
v -0.30300000 0.03905097 -0.00802010
v -0.30300000 0.03802872 -0.00736886
v -0.30300000 0.03825440 -0.00746234
v -0.30300000 0.03847107 -0.00757513
v -0.30300000 0.03731510 -0.00721065
v -0.30300000 0.03755728 -0.00724254
v -0.30300000 0.03779576 -0.00729541
v -0.30300000 0.03658485 -0.00724254
v -0.30300000 0.03682703 -0.00721065
v -0.30300000 0.03707107 -0.00720000
v -0.30300000 0.03588774 -0.00746234
v -0.30300000 0.03611341 -0.00736886
v -0.30300000 0.03634638 -0.00729541
v -0.30300000 0.03527126 -0.00785508
v -0.30300000 0.03546505 -0.00770637
v -0.30300000 0.03567107 -0.00757513
v -0.30300000 0.03477744 -0.00839399
v -0.30300000 0.03492614 -0.00820019
v -0.30300000 0.03509117 -0.00802010
v -0.30300000 0.03443993 -0.00904234
v -0.30300000 0.03453341 -0.00881667
v -0.30300000 0.03464620 -0.00860000
v -0.30300000 0.03431361 -0.00951379
v -0.30300000 0.03436648 -0.00927531
f 1 2 3
f 2 4 3
f 3 4 5
f 6 7 3
f 7 8 3
f 3 8 1
f 9 10 3
f 10 11 3
f 3 11 6
f 12 13 3
f 13 14 3
f 3 14 9
f 15 16 3
f 16 17 3
f 3 17 12
f 18 19 3
f 19 20 3
f 3 20 15
f 21 22 3
f 22 23 3
f 3 23 18
f 24 25 3
f 25 26 3
f 3 26 21
f 27 28 3
f 28 29 3
f 3 29 24
f 30 31 3
f 31 32 3
f 3 32 27
f 33 34 3
f 34 35 3
f 3 35 30
f 36 37 3
f 37 38 3
f 3 38 33
f 39 40 3
f 40 41 3
f 3 41 36
f 42 43 3
f 43 44 3
f 3 44 39
f 45 46 3
f 46 47 3
f 3 47 42
f 48 49 3
f 49 50 3
f 3 50 45
f 51 52 3
f 52 53 3
f 3 53 48
f 54 55 3
f 55 56 3
f 3 56 51
f 57 58 3
f 58 59 3
f 3 59 54
f 60 61 3
f 61 62 3
f 3 62 57
f 63 64 3
f 64 65 3
f 3 65 60
f 66 67 3
f 67 68 3
f 3 68 63
f 69 70 3
f 70 71 3
f 3 71 66
f 5 72 3
f 72 73 3
f 3 73 69
f 74 23 75
f 23 22 75
f 75 22 76
f 22 21 76
f 76 21 77
f 21 26 77
f 77 26 78
f 26 25 78
f 78 25 79
f 25 24 79
f 79 24 80
f 24 29 80
f 80 29 81
f 29 28 81
f 81 28 82
f 28 27 82
f 82 27 83
f 27 32 83
f 83 32 84
f 32 31 84
f 84 31 85
f 31 30 85
f 85 30 86
f 30 35 86
f 86 35 87
f 35 34 87
f 87 34 88
f 34 33 88
f 88 33 89
f 33 38 89
f 89 38 90
f 38 37 90
f 90 37 91
f 37 36 91
f 91 36 92
f 36 41 92
f 92 41 93
f 41 40 93
f 93 40 94
f 40 39 94
f 94 39 95
f 39 44 95
f 95 44 96
f 44 43 96
f 96 43 97
f 43 42 97
f 97 42 98
f 42 47 98
f 98 47 99
f 47 46 99
f 99 46 100
f 46 45 100
f 100 45 101
f 45 50 101
f 101 50 102
f 50 49 102
f 102 49 103
f 49 48 103
f 103 48 104
f 48 53 104
f 104 53 105
f 53 52 105
f 105 52 106
f 52 51 106
f 106 51 107
f 51 56 107
f 107 56 108
f 56 55 108
f 108 55 109
f 55 54 109
f 109 54 110
f 54 59 110
f 110 59 111
f 59 58 111
f 111 58 112
f 58 57 112
f 112 57 113
f 57 62 113
f 113 62 114
f 62 61 114
f 114 61 115
f 61 60 115
f 115 60 116
f 60 65 116
f 116 65 117
f 65 64 117
f 117 64 118
f 64 63 118
f 118 63 119
f 63 68 119
f 119 68 120
f 68 67 120
f 120 67 121
f 67 66 121
f 121 66 122
f 66 71 122
f 122 71 123
f 71 70 123
f 123 70 124
f 70 69 124
f 124 69 125
f 69 73 125
f 125 73 126
f 73 72 126
f 126 72 127
f 72 5 127
f 127 5 128
f 5 4 128
f 128 4 129
f 4 2 129
f 129 2 130
f 2 1 130
f 130 1 131
f 1 8 131
f 131 8 132
f 8 7 132
f 132 7 133
f 7 6 133
f 133 6 134
f 6 11 134
f 134 11 135
f 11 10 135
f 135 10 136
f 10 9 136
f 136 9 137
f 9 14 137
f 137 14 138
f 14 13 138
f 138 13 139
f 13 12 139
f 139 12 140
f 12 17 140
f 140 17 141
f 17 16 141
f 141 16 142
f 16 15 142
f 142 15 143
f 15 20 143
f 143 20 144
f 20 19 144
f 144 19 145
f 19 18 145
f 145 18 74
f 18 23 74
f 146 147 148
f 147 149 148
f 148 149 150
f 149 151 150
f 150 151 152
f 151 153 152
f 152 153 154
f 153 155 154
f 154 155 156
f 155 157 156
f 158 159 146
f 159 160 146
f 146 160 147
f 158 161 159
f 161 162 159
f 159 162 163
f 162 164 163
f 163 164 165
f 164 166 165
f 165 166 167
f 166 168 167
f 167 168 169
f 168 170 169
f 169 170 171
f 170 172 171
f 171 172 173
f 172 174 173
f 173 174 175
f 174 176 175
f 175 176 177
f 176 178 177
f 177 178 179
f 178 180 179
f 179 180 181
f 180 182 181
f 181 182 183
f 182 184 183
f 183 184 185
f 184 186 185
f 185 186 187
f 186 188 187
f 187 188 189
f 188 190 189
f 189 190 191
f 190 192 191
f 191 192 193
f 192 194 193
f 193 194 195
f 194 196 195
f 195 196 197
f 196 198 197
f 197 198 199
f 198 200 199
f 199 200 201
f 200 202 201
f 201 202 203
f 202 204 203
f 203 204 205
f 204 206 205
f 205 206 207
f 206 208 207
f 207 208 209
f 210 211 212
f 211 213 212
f 212 213 214
f 213 215 214
f 214 215 216
f 215 217 216
f 216 217 218
f 217 219 218
f 218 219 220
f 219 209 220
f 220 209 221
f 209 208 221
f 222 223 224
f 223 225 224
f 224 225 226
f 225 227 226
f 226 227 228
f 227 229 228
f 228 229 230
f 229 231 230
f 230 231 232
f 231 210 232
f 233 234 222
f 234 235 222
f 222 235 223
f 233 236 234
f 236 237 234
f 234 237 238
f 237 239 238
f 238 239 240
f 239 241 240
f 240 241 242
f 241 243 242
f 242 243 244
f 243 245 244
f 244 245 246
f 245 247 246
f 246 247 248
f 247 249 248
f 248 249 250
f 249 251 250
f 250 251 252
f 251 253 252
f 252 253 254
f 253 255 254
f 254 255 256
f 255 257 256
f 256 257 258
f 257 259 258
f 258 259 260
f 259 261 260
f 260 261 262
f 261 263 262
f 262 263 264
f 263 265 264
f 264 265 266
f 265 267 266
f 266 267 268
f 267 269 268
f 268 269 270
f 269 271 270
f 270 271 272
f 271 273 272
f 272 273 274
f 273 275 274
f 274 275 276
f 275 277 276
f 276 277 278
f 277 279 278
f 278 279 280
f 279 281 280
f 280 281 282
f 281 283 282
f 282 283 284
f 157 285 286
f 285 287 286
f 286 287 288
f 287 289 288
f 288 289 290
f 289 291 290
f 290 291 292
f 291 293 292
f 292 293 294
f 293 284 294
f 294 284 295
f 284 283 295
f 110 185 109
f 185 187 109
f 109 187 108
f 187 189 108
f 108 189 107
f 189 191 107
f 107 191 106
f 191 193 106
f 106 193 105
f 193 195 105
f 105 195 104
f 195 197 104
f 104 197 103
f 197 199 103
f 103 199 102
f 199 201 102
f 102 201 101
f 201 203 101
f 101 203 100
f 203 205 100
f 100 205 99
f 205 207 99
f 99 207 98
f 207 209 98
f 98 209 97
f 209 219 97
f 97 219 96
f 219 217 96
f 96 217 95
f 217 215 95
f 95 215 94
f 215 213 94
f 94 213 93
f 213 211 93
f 93 211 92
f 211 210 92
f 92 210 91
f 210 231 91
f 91 231 90
f 231 229 90
f 90 229 89
f 229 227 89
f 89 227 88
f 227 225 88
f 88 225 87
f 225 223 87
f 87 223 86
f 223 235 86
f 86 235 85
f 235 234 85
f 85 234 84
f 234 238 84
f 84 238 83
f 238 240 83
f 83 240 82
f 240 242 82
f 82 242 81
f 242 244 81
f 81 244 80
f 244 246 80
f 80 246 79
f 246 248 79
f 79 248 78
f 248 250 78
f 78 250 77
f 250 252 77
f 77 252 76
f 252 254 76
f 76 254 75
f 254 256 75
f 75 256 74
f 256 258 74
f 258 260 74
f 74 260 145
f 260 262 145
f 145 262 144
f 262 264 144
f 144 264 143
f 264 266 143
f 143 266 142
f 266 268 142
f 142 268 141
f 268 270 141
f 141 270 140
f 270 272 140
f 140 272 139
f 272 274 139
f 139 274 138
f 274 276 138
f 138 276 137
f 276 278 137
f 137 278 136
f 278 280 136
f 136 280 135
f 280 282 135
f 135 282 134
f 282 284 134
f 134 284 133
f 284 293 133
f 133 293 132
f 293 291 132
f 132 291 131
f 291 289 131
f 131 289 130
f 289 287 130
f 130 287 129
f 287 285 129
f 129 285 128
f 285 157 128
f 128 157 127
f 157 155 127
f 127 155 126
f 155 153 126
f 126 153 125
f 153 151 125
f 125 151 124
f 151 149 124
f 124 149 123
f 149 147 123
f 123 147 122
f 147 160 122
f 122 160 121
f 160 159 121
f 121 159 120
f 159 163 120
f 120 163 119
f 163 165 119
f 119 165 118
f 165 167 118
f 118 167 117
f 167 169 117
f 117 169 116
f 169 171 116
f 116 171 115
f 171 173 115
f 115 173 114
f 173 175 114
f 114 175 113
f 175 177 113
f 113 177 112
f 177 179 112
f 112 179 111
f 179 181 111
f 111 181 110
f 181 183 110
f 110 183 185
f 296 297 298
f 297 299 298
f 298 299 300
f 301 302 298
f 302 303 298
f 298 303 296
f 304 305 298
f 305 306 298
f 298 306 301
f 307 308 298
f 308 309 298
f 298 309 304
f 310 311 298
f 311 312 298
f 298 312 307
f 313 314 298
f 314 315 298
f 298 315 310
f 316 317 298
f 317 318 298
f 298 318 313
f 319 320 298
f 320 321 298
f 298 321 316
f 322 323 298
f 323 324 298
f 298 324 319
f 325 326 298
f 326 327 298
f 298 327 322
f 328 329 298
f 329 330 298
f 298 330 325
f 331 332 298
f 332 333 298
f 298 333 328
f 334 335 298
f 335 336 298
f 298 336 331
f 337 338 298
f 338 339 298
f 298 339 334
f 340 341 298
f 341 342 298
f 298 342 337
f 343 344 298
f 344 345 298
f 298 345 340
f 346 347 298
f 347 348 298
f 298 348 343
f 349 350 298
f 350 351 298
f 298 351 346
f 352 353 298
f 353 354 298
f 298 354 349
f 355 356 298
f 356 357 298
f 298 357 352
f 358 359 298
f 359 360 298
f 298 360 355
f 361 362 298
f 362 363 298
f 298 363 358
f 364 365 298
f 365 366 298
f 298 366 361
f 300 367 298
f 367 368 298
f 298 368 364
f 354 369 349
f 369 370 349
f 349 370 350
f 370 371 350
f 350 371 351
f 371 372 351
f 351 372 346
f 372 373 346
f 346 373 347
f 373 374 347
f 347 374 348
f 374 375 348
f 348 375 343
f 375 376 343
f 343 376 344
f 376 377 344
f 344 377 345
f 377 378 345
f 345 378 340
f 378 379 340
f 340 379 341
f 379 380 341
f 341 380 342
f 380 381 342
f 342 381 337
f 381 382 337
f 337 382 338
f 382 383 338
f 338 383 339
f 383 384 339
f 339 384 334
f 384 385 334
f 334 385 335
f 385 386 335
f 335 386 336
f 386 387 336
f 336 387 331
f 387 388 331
f 331 388 332
f 388 389 332
f 332 389 333
f 389 390 333
f 333 390 328
f 390 391 328
f 328 391 329
f 391 392 329
f 329 392 330
f 392 393 330
f 330 393 325
f 393 394 325
f 325 394 326
f 394 395 326
f 326 395 327
f 395 396 327
f 327 396 322
f 396 397 322
f 322 397 323
f 397 398 323
f 323 398 324
f 398 399 324
f 324 399 319
f 399 400 319
f 319 400 320
f 400 401 320
f 320 401 321
f 401 402 321
f 321 402 316
f 402 403 316
f 316 403 317
f 403 404 317
f 317 404 318
f 404 405 318
f 318 405 313
f 405 406 313
f 313 406 314
f 406 407 314
f 314 407 315
f 407 408 315
f 315 408 310
f 408 409 310
f 310 409 311
f 409 410 311
f 311 410 312
f 410 411 312
f 312 411 307
f 411 412 307
f 307 412 308
f 412 413 308
f 308 413 309
f 413 414 309
f 309 414 304
f 414 415 304
f 304 415 305
f 415 416 305
f 305 416 306
f 416 417 306
f 306 417 301
f 417 418 301
f 301 418 302
f 418 419 302
f 302 419 303
f 419 420 303
f 303 420 296
f 420 421 296
f 296 421 297
f 421 422 297
f 297 422 299
f 422 423 299
f 299 423 300
f 423 424 300
f 300 424 367
f 424 425 367
f 367 425 368
f 425 426 368
f 368 426 364
f 426 427 364
f 364 427 365
f 427 428 365
f 365 428 366
f 428 429 366
f 366 429 361
f 429 430 361
f 361 430 362
f 430 431 362
f 362 431 363
f 431 432 363
f 363 432 358
f 432 433 358
f 358 433 359
f 433 434 359
f 359 434 360
f 434 435 360
f 360 435 355
f 435 436 355
f 355 436 356
f 436 437 356
f 356 437 357
f 437 438 357
f 357 438 352
f 438 439 352
f 352 439 353
f 439 440 353
f 353 440 354
f 440 369 354
f 441 442 443
f 442 444 443
f 443 444 445
f 444 446 445
f 445 446 447
f 446 448 447
f 447 448 449
f 448 450 449
f 449 450 451
f 450 452 451
f 453 454 441
f 454 455 441
f 441 455 442
f 453 456 454
f 456 457 454
f 454 457 458
f 457 459 458
f 458 459 460
f 459 461 460
f 460 461 462
f 461 463 462
f 462 463 464
f 463 465 464
f 464 465 466
f 465 467 466
f 466 467 468
f 467 469 468
f 468 469 470
f 469 471 470
f 470 471 472
f 471 473 472
f 472 473 474
f 473 475 474
f 474 475 476
f 475 477 476
f 476 477 478
f 477 479 478
f 478 479 480
f 479 481 480
f 480 481 482
f 481 483 482
f 482 483 484
f 483 485 484
f 484 485 486
f 485 487 486
f 486 487 488
f 487 489 488
f 488 489 490
f 489 491 490
f 490 491 492
f 491 493 492
f 492 493 494
f 493 495 494
f 494 495 496
f 495 497 496
f 496 497 498
f 497 499 498
f 498 499 500
f 499 501 500
f 500 501 502
f 501 503 502
f 502 503 504
f 505 506 507
f 506 508 507
f 507 508 509
f 508 510 509
f 509 510 511
f 510 512 511
f 511 512 513
f 512 514 513
f 513 514 515
f 514 504 515
f 515 504 516
f 504 503 516
f 517 518 519
f 518 520 519
f 519 520 521
f 520 522 521
f 521 522 523
f 522 524 523
f 523 524 525
f 524 526 525
f 525 526 527
f 526 505 527
f 528 529 517
f 529 530 517
f 517 530 518
f 528 531 529
f 531 532 529
f 529 532 533
f 532 534 533
f 533 534 535
f 534 536 535
f 535 536 537
f 536 538 537
f 537 538 539
f 538 540 539
f 539 540 541
f 540 542 541
f 541 542 543
f 542 544 543
f 543 544 545
f 544 546 545
f 545 546 547
f 546 548 547
f 547 548 549
f 548 550 549
f 549 550 551
f 550 552 551
f 551 552 553
f 552 554 553
f 553 554 555
f 554 556 555
f 555 556 557
f 556 558 557
f 557 558 559
f 558 560 559
f 559 560 561
f 560 562 561
f 561 562 563
f 562 564 563
f 563 564 565
f 564 566 565
f 565 566 567
f 566 568 567
f 567 568 569
f 568 570 569
f 569 570 571
f 570 572 571
f 571 572 573
f 572 574 573
f 573 574 575
f 574 576 575
f 575 576 577
f 576 578 577
f 577 578 579
f 452 580 581
f 580 582 581
f 581 582 583
f 582 584 583
f 583 584 585
f 584 586 585
f 585 586 587
f 586 588 587
f 587 588 589
f 588 579 589
f 589 579 590
f 579 578 590
f 369 480 370
f 480 482 370
f 370 482 371
f 482 484 371
f 371 484 372
f 484 486 372
f 372 486 373
f 486 488 373
f 373 488 374
f 488 490 374
f 374 490 375
f 490 492 375
f 375 492 376
f 492 494 376
f 376 494 377
f 494 496 377
f 377 496 378
f 496 498 378
f 378 498 379
f 498 500 379
f 379 500 380
f 500 502 380
f 380 502 381
f 502 504 381
f 381 504 382
f 504 514 382
f 382 514 383
f 514 512 383
f 383 512 384
f 512 510 384
f 384 510 385
f 510 508 385
f 385 508 386
f 508 506 386
f 386 506 387
f 506 505 387
f 387 505 388
f 505 526 388
f 388 526 389
f 526 524 389
f 389 524 390
f 524 522 390
f 390 522 391
f 522 520 391
f 391 520 392
f 520 518 392
f 392 518 393
f 518 530 393
f 393 530 394
f 530 529 394
f 394 529 395
f 529 533 395
f 395 533 396
f 533 535 396
f 396 535 397
f 535 537 397
f 397 537 398
f 537 539 398
f 398 539 399
f 539 541 399
f 399 541 400
f 541 543 400
f 400 543 401
f 543 545 401
f 401 545 402
f 545 547 402
f 402 547 403
f 547 549 403
f 403 549 404
f 549 551 404
f 404 551 405
f 551 553 405
f 553 555 405
f 405 555 406
f 555 557 406
f 406 557 407
f 557 559 407
f 407 559 408
f 559 561 408
f 408 561 409
f 561 563 409
f 409 563 410
f 563 565 410
f 410 565 411
f 565 567 411
f 411 567 412
f 567 569 412
f 412 569 413
f 569 571 413
f 413 571 414
f 571 573 414
f 414 573 415
f 573 575 415
f 415 575 416
f 575 577 416
f 416 577 417
f 577 579 417
f 417 579 418
f 579 588 418
f 418 588 419
f 588 586 419
f 419 586 420
f 586 584 420
f 420 584 421
f 584 582 421
f 421 582 422
f 582 580 422
f 422 580 423
f 580 452 423
f 423 452 424
f 452 450 424
f 424 450 425
f 450 448 425
f 425 448 426
f 448 446 426
f 426 446 427
f 446 444 427
f 427 444 428
f 444 442 428
f 428 442 429
f 442 455 429
f 429 455 430
f 455 454 430
f 430 454 431
f 454 458 431
f 431 458 432
f 458 460 432
f 432 460 433
f 460 462 433
f 433 462 434
f 462 464 434
f 434 464 435
f 464 466 435
f 435 466 436
f 466 468 436
f 436 468 437
f 468 470 437
f 437 470 438
f 470 472 438
f 438 472 439
f 472 474 439
f 439 474 440
f 474 476 440
f 440 476 369
f 476 478 369
f 369 478 480
f 591 592 593
f 592 594 593
f 593 594 595
f 596 597 593
f 597 598 593
f 593 598 591
f 599 600 593
f 600 601 593
f 593 601 596
f 602 603 593
f 603 604 593
f 593 604 599
f 605 606 593
f 606 607 593
f 593 607 602
f 608 609 593
f 609 610 593
f 593 610 605
f 611 612 593
f 612 613 593
f 593 613 608
f 614 615 593
f 615 616 593
f 593 616 611
f 617 618 593
f 618 619 593
f 593 619 614
f 620 621 593
f 621 622 593
f 593 622 617
f 623 624 593
f 624 625 593
f 593 625 620
f 626 627 593
f 627 628 593
f 593 628 623
f 629 630 593
f 630 631 593
f 593 631 626
f 632 633 593
f 633 634 593
f 593 634 629
f 635 636 593
f 636 637 593
f 593 637 632
f 638 639 593
f 639 640 593
f 593 640 635
f 641 642 593
f 642 643 593
f 593 643 638
f 644 645 593
f 645 646 593
f 593 646 641
f 647 648 593
f 648 649 593
f 593 649 644
f 650 651 593
f 651 652 593
f 593 652 647
f 653 654 593
f 654 655 593
f 593 655 650
f 656 657 593
f 657 658 593
f 593 658 653
f 659 660 593
f 660 661 593
f 593 661 656
f 595 662 593
f 662 663 593
f 593 663 659
f 664 665 666
f 665 667 666
f 666 667 668
f 669 670 666
f 670 671 666
f 666 671 664
f 672 673 666
f 673 674 666
f 666 674 669
f 675 676 666
f 676 677 666
f 666 677 672
f 678 679 666
f 679 680 666
f 666 680 675
f 681 682 666
f 682 683 666
f 666 683 678
f 684 685 666
f 685 686 666
f 666 686 681
f 687 688 666
f 688 689 666
f 666 689 684
f 690 691 666
f 691 692 666
f 666 692 687
f 693 694 666
f 694 695 666
f 666 695 690
f 696 697 666
f 697 698 666
f 666 698 693
f 699 700 666
f 700 701 666
f 666 701 696
f 702 703 666
f 703 704 666
f 666 704 699
f 705 706 666
f 706 707 666
f 666 707 702
f 708 709 666
f 709 710 666
f 666 710 705
f 711 712 666
f 712 713 666
f 666 713 708
f 714 715 666
f 715 716 666
f 666 716 711
f 717 718 666
f 718 719 666
f 666 719 714
f 720 721 666
f 721 722 666
f 666 722 717
f 723 724 666
f 724 725 666
f 666 725 720
f 726 727 666
f 727 728 666
f 666 728 723
f 729 730 666
f 730 731 666
f 666 731 726
f 732 733 666
f 733 734 666
f 666 734 729
f 668 735 666
f 735 736 666
f 666 736 732
f 737 738 739
f 738 740 739
f 739 740 741
f 742 743 739
f 743 744 739
f 739 744 737
f 745 746 739
f 746 747 739
f 739 747 742
f 748 749 739
f 749 750 739
f 739 750 745
f 751 752 739
f 752 753 739
f 739 753 748
f 754 755 739
f 755 756 739
f 739 756 751
f 757 758 739
f 758 759 739
f 739 759 754
f 760 761 739
f 761 762 739
f 739 762 757
f 763 764 739
f 764 765 739
f 739 765 760
f 766 767 739
f 767 768 739
f 739 768 763
f 769 770 739
f 770 771 739
f 739 771 766
f 772 773 739
f 773 774 739
f 739 774 769
f 775 776 739
f 776 777 739
f 739 777 772
f 778 779 739
f 779 780 739
f 739 780 775
f 781 782 739
f 782 783 739
f 739 783 778
f 784 785 739
f 785 786 739
f 739 786 781
f 787 788 739
f 788 789 739
f 739 789 784
f 790 791 739
f 791 792 739
f 739 792 787
f 793 794 739
f 794 795 739
f 739 795 790
f 796 797 739
f 797 798 739
f 739 798 793
f 799 800 739
f 800 801 739
f 739 801 796
f 802 803 739
f 803 804 739
f 739 804 799
f 805 806 739
f 806 807 739
f 739 807 802
f 741 808 739
f 808 809 739
f 739 809 805
f 649 810 644
f 810 811 644
f 644 811 645
f 811 812 645
f 645 812 646
f 812 813 646
f 646 813 641
f 813 814 641
f 641 814 642
f 814 815 642
f 642 815 643
f 815 816 643
f 643 816 638
f 816 817 638
f 638 817 639
f 817 818 639
f 639 818 640
f 818 819 640
f 640 819 635
f 819 820 635
f 635 820 636
f 820 821 636
f 636 821 637
f 821 822 637
f 637 822 632
f 822 823 632
f 632 823 633
f 823 824 633
f 633 824 634
f 824 825 634
f 634 825 629
f 825 826 629
f 629 826 630
f 826 827 630
f 630 827 631
f 827 828 631
f 631 828 626
f 828 829 626
f 626 829 627
f 829 830 627
f 627 830 628
f 830 831 628
f 628 831 623
f 831 832 623
f 623 832 624
f 832 833 624
f 624 833 625
f 833 834 625
f 625 834 620
f 834 835 620
f 620 835 621
f 835 836 621
f 621 836 622
f 836 837 622
f 622 837 617
f 837 838 617
f 617 838 618
f 838 839 618
f 618 839 619
f 839 840 619
f 619 840 614
f 840 841 614
f 614 841 615
f 841 842 615
f 615 842 616
f 842 843 616
f 616 843 611
f 843 844 611
f 611 844 612
f 844 845 612
f 612 845 613
f 845 846 613
f 613 846 608
f 846 847 608
f 608 847 609
f 847 848 609
f 609 848 610
f 848 849 610
f 610 849 605
f 849 850 605
f 605 850 606
f 850 851 606
f 606 851 607
f 851 852 607
f 607 852 602
f 852 853 602
f 602 853 603
f 853 854 603
f 603 854 604
f 854 855 604
f 604 855 599
f 855 856 599
f 599 856 600
f 856 857 600
f 600 857 601
f 857 858 601
f 601 858 596
f 858 859 596
f 596 859 597
f 859 860 597
f 597 860 598
f 860 861 598
f 598 861 591
f 861 862 591
f 591 862 592
f 862 863 592
f 592 863 594
f 863 864 594
f 594 864 595
f 864 865 595
f 595 865 662
f 865 866 662
f 662 866 663
f 866 867 663
f 663 867 659
f 867 868 659
f 659 868 660
f 868 869 660
f 660 869 661
f 869 870 661
f 661 870 656
f 870 871 656
f 656 871 657
f 871 872 657
f 657 872 658
f 872 873 658
f 658 873 653
f 873 874 653
f 653 874 654
f 874 875 654
f 654 875 655
f 875 876 655
f 655 876 650
f 876 877 650
f 650 877 651
f 877 878 651
f 651 878 652
f 878 879 652
f 652 879 647
f 879 880 647
f 647 880 648
f 880 881 648
f 648 881 649
f 881 810 649
f 882 883 884
f 883 885 884
f 884 885 886
f 885 887 886
f 886 887 888
f 887 889 888
f 888 889 890
f 889 891 890
f 890 891 892
f 891 893 892
f 894 895 882
f 895 896 882
f 882 896 883
f 894 897 895
f 897 898 895
f 895 898 899
f 898 900 899
f 899 900 901
f 900 902 901
f 901 902 903
f 902 904 903
f 903 904 905
f 904 906 905
f 905 906 907
f 906 908 907
f 907 908 909
f 908 910 909
f 909 910 911
f 910 912 911
f 911 912 913
f 912 914 913
f 913 914 915
f 914 916 915
f 915 916 917
f 916 918 917
f 917 918 919
f 918 920 919
f 919 920 921
f 920 922 921
f 921 922 923
f 922 924 923
f 923 924 925
f 924 926 925
f 925 926 927
f 926 928 927
f 927 928 929
f 928 930 929
f 929 930 931
f 930 932 931
f 931 932 933
f 932 934 933
f 933 934 935
f 934 936 935
f 935 936 937
f 936 938 937
f 937 938 939
f 938 940 939
f 939 940 941
f 940 942 941
f 941 942 943
f 942 944 943
f 943 944 945
f 946 947 948
f 947 949 948
f 948 949 950
f 949 951 950
f 950 951 952
f 951 953 952
f 952 953 954
f 953 955 954
f 954 955 956
f 955 945 956
f 956 945 957
f 945 944 957
f 958 959 960
f 959 961 960
f 960 961 962
f 961 963 962
f 962 963 964
f 963 965 964
f 964 965 966
f 965 967 966
f 966 967 968
f 967 946 968
f 969 970 958
f 970 971 958
f 958 971 959
f 969 972 970
f 972 973 970
f 970 973 974
f 973 975 974
f 974 975 976
f 975 977 976
f 976 977 978
f 977 979 978
f 978 979 980
f 979 981 980
f 980 981 982
f 981 983 982
f 982 983 984
f 983 985 984
f 984 985 986
f 985 987 986
f 986 987 988
f 987 989 988
f 988 989 990
f 989 991 990
f 990 991 992
f 991 993 992
f 992 993 994
f 993 995 994
f 994 995 996
f 995 997 996
f 996 997 998
f 997 999 998
f 998 999 1000
f 999 1001 1000
f 1000 1001 1002
f 1001 1003 1002
f 1002 1003 1004
f 1003 1005 1004
f 1004 1005 1006
f 1005 1007 1006
f 1006 1007 1008
f 1007 1009 1008
f 1008 1009 1010
f 1009 1011 1010
f 1010 1011 1012
f 1011 1013 1012
f 1012 1013 1014
f 1013 1015 1014
f 1014 1015 1016
f 1015 1017 1016
f 1016 1017 1018
f 1017 1019 1018
f 1018 1019 1020
f 893 1021 1022
f 1021 1023 1022
f 1022 1023 1024
f 1023 1025 1024
f 1024 1025 1026
f 1025 1027 1026
f 1026 1027 1028
f 1027 1029 1028
f 1028 1029 1030
f 1029 1020 1030
f 1030 1020 1031
f 1020 1019 1031
f 846 996 847
f 996 998 847
f 847 998 848
f 998 1000 848
f 848 1000 849
f 1000 1002 849
f 849 1002 850
f 1002 1004 850
f 850 1004 851
f 1004 1006 851
f 851 1006 852
f 1006 1008 852
f 852 1008 853
f 1008 1010 853
f 853 1010 854
f 1010 1012 854
f 854 1012 855
f 1012 1014 855
f 855 1014 856
f 1014 1016 856
f 856 1016 857
f 1016 1018 857
f 857 1018 858
f 1018 1020 858
f 858 1020 859
f 1020 1029 859
f 859 1029 860
f 1029 1027 860
f 860 1027 861
f 1027 1025 861
f 861 1025 862
f 1025 1023 862
f 862 1023 863
f 1023 1021 863
f 863 1021 864
f 1021 893 864
f 864 893 865
f 893 891 865
f 865 891 866
f 891 889 866
f 866 889 867
f 889 887 867
f 867 887 868
f 887 885 868
f 868 885 869
f 885 883 869
f 869 883 870
f 883 896 870
f 870 896 871
f 896 895 871
f 871 895 872
f 895 899 872
f 872 899 873
f 899 901 873
f 873 901 874
f 901 903 874
f 874 903 875
f 903 905 875
f 875 905 876
f 905 907 876
f 876 907 877
f 907 909 877
f 877 909 878
f 909 911 878
f 878 911 879
f 911 913 879
f 879 913 880
f 913 915 880
f 880 915 881
f 915 917 881
f 881 917 810
f 917 919 810
f 919 921 810
f 810 921 811
f 921 923 811
f 811 923 812
f 923 925 812
f 812 925 813
f 925 927 813
f 813 927 814
f 927 929 814
f 814 929 815
f 929 931 815
f 815 931 816
f 931 933 816
f 816 933 817
f 933 935 817
f 817 935 818
f 935 937 818
f 818 937 819
f 937 939 819
f 819 939 820
f 939 941 820
f 820 941 821
f 941 943 821
f 821 943 822
f 943 945 822
f 822 945 823
f 945 955 823
f 823 955 824
f 955 953 824
f 824 953 825
f 953 951 825
f 825 951 826
f 951 949 826
f 826 949 827
f 949 947 827
f 827 947 828
f 947 946 828
f 828 946 829
f 946 967 829
f 829 967 830
f 967 965 830
f 830 965 831
f 965 963 831
f 831 963 832
f 963 961 832
f 832 961 833
f 961 959 833
f 833 959 834
f 959 971 834
f 834 971 835
f 971 970 835
f 835 970 836
f 970 974 836
f 836 974 837
f 974 976 837
f 837 976 838
f 976 978 838
f 838 978 839
f 978 980 839
f 839 980 840
f 980 982 840
f 840 982 841
f 982 984 841
f 841 984 842
f 984 986 842
f 842 986 843
f 986 988 843
f 843 988 844
f 988 990 844
f 844 990 845
f 990 992 845
f 845 992 846
f 992 994 846
f 846 994 996
f 1032 686 1033
f 686 685 1033
f 1033 685 1034
f 685 684 1034
f 1034 684 1035
f 684 689 1035
f 1035 689 1036
f 689 688 1036
f 1036 688 1037
f 688 687 1037
f 1037 687 1038
f 687 692 1038
f 1038 692 1039
f 692 691 1039
f 1039 691 1040
f 691 690 1040
f 1040 690 1041
f 690 695 1041
f 1041 695 1042
f 695 694 1042
f 1042 694 1043
f 694 693 1043
f 1043 693 1044
f 693 698 1044
f 1044 698 1045
f 698 697 1045
f 1045 697 1046
f 697 696 1046
f 1046 696 1047
f 696 701 1047
f 1047 701 1048
f 701 700 1048
f 1048 700 1049
f 700 699 1049
f 1049 699 1050
f 699 704 1050
f 1050 704 1051
f 704 703 1051
f 1051 703 1052
f 703 702 1052
f 1052 702 1053
f 702 707 1053
f 1053 707 1054
f 707 706 1054
f 1054 706 1055
f 706 705 1055
f 1055 705 1056
f 705 710 1056
f 1056 710 1057
f 710 709 1057
f 1057 709 1058
f 709 708 1058
f 1058 708 1059
f 708 713 1059
f 1059 713 1060
f 713 712 1060
f 1060 712 1061
f 712 711 1061
f 1061 711 1062
f 711 716 1062
f 1062 716 1063
f 716 715 1063
f 1063 715 1064
f 715 714 1064
f 1064 714 1065
f 714 719 1065
f 1065 719 1066
f 719 718 1066
f 1066 718 1067
f 718 717 1067
f 1067 717 1068
f 717 722 1068
f 1068 722 1069
f 722 721 1069
f 1069 721 1070
f 721 720 1070
f 1070 720 1071
f 720 725 1071
f 1071 725 1072
f 725 724 1072
f 1072 724 1073
f 724 723 1073
f 1073 723 1074
f 723 728 1074
f 1074 728 1075
f 728 727 1075
f 1075 727 1076
f 727 726 1076
f 1076 726 1077
f 726 731 1077
f 1077 731 1078
f 731 730 1078
f 1078 730 1079
f 730 729 1079
f 1079 729 1080
f 729 734 1080
f 1080 734 1081
f 734 733 1081
f 1081 733 1082
f 733 732 1082
f 1082 732 1083
f 732 736 1083
f 1083 736 1084
f 736 735 1084
f 1084 735 1085
f 735 668 1085
f 1085 668 1086
f 668 667 1086
f 1086 667 1087
f 667 665 1087
f 1087 665 1088
f 665 664 1088
f 1088 664 1089
f 664 671 1089
f 1089 671 1090
f 671 670 1090
f 1090 670 1091
f 670 669 1091
f 1091 669 1092
f 669 674 1092
f 1092 674 1093
f 674 673 1093
f 1093 673 1094
f 673 672 1094
f 1094 672 1095
f 672 677 1095
f 1095 677 1096
f 677 676 1096
f 1096 676 1097
f 676 675 1097
f 1097 675 1098
f 675 680 1098
f 1098 680 1099
f 680 679 1099
f 1099 679 1100
f 679 678 1100
f 1100 678 1101
f 678 683 1101
f 1101 683 1102
f 683 682 1102
f 1102 682 1103
f 682 681 1103
f 1103 681 1032
f 681 686 1032
f 1104 1105 1106
f 1105 1107 1106
f 1106 1107 1108
f 1107 1109 1108
f 1108 1109 1110
f 1109 1111 1110
f 1110 1111 1112
f 1111 1113 1112
f 1112 1113 1114
f 1113 1115 1114
f 1116 1117 1104
f 1117 1118 1104
f 1104 1118 1105
f 1116 1119 1117
f 1119 1120 1117
f 1117 1120 1121
f 1120 1122 1121
f 1121 1122 1123
f 1122 1124 1123
f 1123 1124 1125
f 1124 1126 1125
f 1125 1126 1127
f 1126 1128 1127
f 1127 1128 1129
f 1128 1130 1129
f 1129 1130 1131
f 1130 1132 1131
f 1131 1132 1133
f 1132 1134 1133
f 1133 1134 1135
f 1134 1136 1135
f 1135 1136 1137
f 1136 1138 1137
f 1137 1138 1139
f 1138 1140 1139
f 1139 1140 1141
f 1140 1142 1141
f 1141 1142 1143
f 1142 1144 1143
f 1143 1144 1145
f 1144 1146 1145
f 1145 1146 1147
f 1146 1148 1147
f 1147 1148 1149
f 1148 1150 1149
f 1149 1150 1151
f 1150 1152 1151
f 1151 1152 1153
f 1152 1154 1153
f 1153 1154 1155
f 1154 1156 1155
f 1155 1156 1157
f 1156 1158 1157
f 1157 1158 1159
f 1158 1160 1159
f 1159 1160 1161
f 1160 1162 1161
f 1161 1162 1163
f 1162 1164 1163
f 1163 1164 1165
f 1164 1166 1165
f 1165 1166 1167
f 1168 1169 1170
f 1169 1171 1170
f 1170 1171 1172
f 1171 1173 1172
f 1172 1173 1174
f 1173 1175 1174
f 1174 1175 1176
f 1175 1177 1176
f 1176 1177 1178
f 1177 1167 1178
f 1178 1167 1179
f 1167 1166 1179
f 1180 1181 1182
f 1181 1183 1182
f 1182 1183 1184
f 1183 1185 1184
f 1184 1185 1186
f 1185 1187 1186
f 1186 1187 1188
f 1187 1189 1188
f 1188 1189 1190
f 1189 1168 1190
f 1191 1192 1180
f 1192 1193 1180
f 1180 1193 1181
f 1191 1194 1192
f 1194 1195 1192
f 1192 1195 1196
f 1195 1197 1196
f 1196 1197 1198
f 1197 1199 1198
f 1198 1199 1200
f 1199 1201 1200
f 1200 1201 1202
f 1201 1203 1202
f 1202 1203 1204
f 1203 1205 1204
f 1204 1205 1206
f 1205 1207 1206
f 1206 1207 1208
f 1207 1209 1208
f 1208 1209 1210
f 1209 1211 1210
f 1210 1211 1212
f 1211 1213 1212
f 1212 1213 1214
f 1213 1215 1214
f 1214 1215 1216
f 1215 1217 1216
f 1216 1217 1218
f 1217 1219 1218
f 1218 1219 1220
f 1219 1221 1220
f 1220 1221 1222
f 1221 1223 1222
f 1222 1223 1224
f 1223 1225 1224
f 1224 1225 1226
f 1225 1227 1226
f 1226 1227 1228
f 1227 1229 1228
f 1228 1229 1230
f 1229 1231 1230
f 1230 1231 1232
f 1231 1233 1232
f 1232 1233 1234
f 1233 1235 1234
f 1234 1235 1236
f 1235 1237 1236
f 1236 1237 1238
f 1237 1239 1238
f 1238 1239 1240
f 1239 1241 1240
f 1240 1241 1242
f 1115 1243 1244
f 1243 1245 1244
f 1244 1245 1246
f 1245 1247 1246
f 1246 1247 1248
f 1247 1249 1248
f 1248 1249 1250
f 1249 1251 1250
f 1250 1251 1252
f 1251 1242 1252
f 1252 1242 1253
f 1242 1241 1253
f 1068 1143 1067
f 1143 1145 1067
f 1067 1145 1066
f 1145 1147 1066
f 1066 1147 1065
f 1147 1149 1065
f 1065 1149 1064
f 1149 1151 1064
f 1064 1151 1063
f 1151 1153 1063
f 1063 1153 1062
f 1153 1155 1062
f 1062 1155 1061
f 1155 1157 1061
f 1061 1157 1060
f 1157 1159 1060
f 1060 1159 1059
f 1159 1161 1059
f 1059 1161 1058
f 1161 1163 1058
f 1058 1163 1057
f 1163 1165 1057
f 1057 1165 1056
f 1165 1167 1056
f 1056 1167 1055
f 1167 1177 1055
f 1055 1177 1054
f 1177 1175 1054
f 1054 1175 1053
f 1175 1173 1053
f 1053 1173 1052
f 1173 1171 1052
f 1052 1171 1051
f 1171 1169 1051
f 1051 1169 1050
f 1169 1168 1050
f 1050 1168 1049
f 1168 1189 1049
f 1049 1189 1048
f 1189 1187 1048
f 1048 1187 1047
f 1187 1185 1047
f 1047 1185 1046
f 1185 1183 1046
f 1046 1183 1045
f 1183 1181 1045
f 1045 1181 1044
f 1181 1193 1044
f 1044 1193 1043
f 1193 1192 1043
f 1043 1192 1042
f 1192 1196 1042
f 1042 1196 1041
f 1196 1198 1041
f 1041 1198 1040
f 1198 1200 1040
f 1040 1200 1039
f 1200 1202 1039
f 1039 1202 1038
f 1202 1204 1038
f 1038 1204 1037
f 1204 1206 1037
f 1037 1206 1036
f 1206 1208 1036
f 1036 1208 1035
f 1208 1210 1035
f 1035 1210 1034
f 1210 1212 1034
f 1034 1212 1033
f 1212 1214 1033
f 1033 1214 1032
f 1214 1216 1032
f 1216 1218 1032
f 1032 1218 1103
f 1218 1220 1103
f 1103 1220 1102
f 1220 1222 1102
f 1102 1222 1101
f 1222 1224 1101
f 1101 1224 1100
f 1224 1226 1100
f 1100 1226 1099
f 1226 1228 1099
f 1099 1228 1098
f 1228 1230 1098
f 1098 1230 1097
f 1230 1232 1097
f 1097 1232 1096
f 1232 1234 1096
f 1096 1234 1095
f 1234 1236 1095
f 1095 1236 1094
f 1236 1238 1094
f 1094 1238 1093
f 1238 1240 1093
f 1093 1240 1092
f 1240 1242 1092
f 1092 1242 1091
f 1242 1251 1091
f 1091 1251 1090
f 1251 1249 1090
f 1090 1249 1089
f 1249 1247 1089
f 1089 1247 1088
f 1247 1245 1088
f 1088 1245 1087
f 1245 1243 1087
f 1087 1243 1086
f 1243 1115 1086
f 1086 1115 1085
f 1115 1113 1085
f 1085 1113 1084
f 1113 1111 1084
f 1084 1111 1083
f 1111 1109 1083
f 1083 1109 1082
f 1109 1107 1082
f 1082 1107 1081
f 1107 1105 1081
f 1081 1105 1080
f 1105 1118 1080
f 1080 1118 1079
f 1118 1117 1079
f 1079 1117 1078
f 1117 1121 1078
f 1078 1121 1077
f 1121 1123 1077
f 1077 1123 1076
f 1123 1125 1076
f 1076 1125 1075
f 1125 1127 1075
f 1075 1127 1074
f 1127 1129 1074
f 1074 1129 1073
f 1129 1131 1073
f 1073 1131 1072
f 1131 1133 1072
f 1072 1133 1071
f 1133 1135 1071
f 1071 1135 1070
f 1135 1137 1070
f 1070 1137 1069
f 1137 1139 1069
f 1069 1139 1068
f 1139 1141 1068
f 1068 1141 1143
f 1254 759 1255
f 759 758 1255
f 1255 758 1256
f 758 757 1256
f 1256 757 1257
f 757 762 1257
f 1257 762 1258
f 762 761 1258
f 1258 761 1259
f 761 760 1259
f 1259 760 1260
f 760 765 1260
f 1260 765 1261
f 765 764 1261
f 1261 764 1262
f 764 763 1262
f 1262 763 1263
f 763 768 1263
f 1263 768 1264
f 768 767 1264
f 1264 767 1265
f 767 766 1265
f 1265 766 1266
f 766 771 1266
f 1266 771 1267
f 771 770 1267
f 1267 770 1268
f 770 769 1268
f 1268 769 1269
f 769 774 1269
f 1269 774 1270
f 774 773 1270
f 1270 773 1271
f 773 772 1271
f 1271 772 1272
f 772 777 1272
f 1272 777 1273
f 777 776 1273
f 1273 776 1274
f 776 775 1274
f 1274 775 1275
f 775 780 1275
f 1275 780 1276
f 780 779 1276
f 1276 779 1277
f 779 778 1277
f 1277 778 1278
f 778 783 1278
f 1278 783 1279
f 783 782 1279
f 1279 782 1280
f 782 781 1280
f 1280 781 1281
f 781 786 1281
f 1281 786 1282
f 786 785 1282
f 1282 785 1283
f 785 784 1283
f 1283 784 1284
f 784 789 1284
f 1284 789 1285
f 789 788 1285
f 1285 788 1286
f 788 787 1286
f 1286 787 1287
f 787 792 1287
f 1287 792 1288
f 792 791 1288
f 1288 791 1289
f 791 790 1289
f 1289 790 1290
f 790 795 1290
f 1290 795 1291
f 795 794 1291
f 1291 794 1292
f 794 793 1292
f 1292 793 1293
f 793 798 1293
f 1293 798 1294
f 798 797 1294
f 1294 797 1295
f 797 796 1295
f 1295 796 1296
f 796 801 1296
f 1296 801 1297
f 801 800 1297
f 1297 800 1298
f 800 799 1298
f 1298 799 1299
f 799 804 1299
f 1299 804 1300
f 804 803 1300
f 1300 803 1301
f 803 802 1301
f 1301 802 1302
f 802 807 1302
f 1302 807 1303
f 807 806 1303
f 1303 806 1304
f 806 805 1304
f 1304 805 1305
f 805 809 1305
f 1305 809 1306
f 809 808 1306
f 1306 808 1307
f 808 741 1307
f 1307 741 1308
f 741 740 1308
f 1308 740 1309
f 740 738 1309
f 1309 738 1310
f 738 737 1310
f 1310 737 1311
f 737 744 1311
f 1311 744 1312
f 744 743 1312
f 1312 743 1313
f 743 742 1313
f 1313 742 1314
f 742 747 1314
f 1314 747 1315
f 747 746 1315
f 1315 746 1316
f 746 745 1316
f 1316 745 1317
f 745 750 1317
f 1317 750 1318
f 750 749 1318
f 1318 749 1319
f 749 748 1319
f 1319 748 1320
f 748 753 1320
f 1320 753 1321
f 753 752 1321
f 1321 752 1322
f 752 751 1322
f 1322 751 1323
f 751 756 1323
f 1323 756 1324
f 756 755 1324
f 1324 755 1325
f 755 754 1325
f 1325 754 1254
f 754 759 1254
f 1326 1327 1328
f 1327 1329 1328
f 1328 1329 1330
f 1329 1331 1330
f 1330 1331 1332
f 1331 1333 1332
f 1332 1333 1334
f 1333 1335 1334
f 1334 1335 1336
f 1335 1337 1336
f 1338 1339 1326
f 1339 1340 1326
f 1326 1340 1327
f 1338 1341 1339
f 1341 1342 1339
f 1339 1342 1343
f 1342 1344 1343
f 1343 1344 1345
f 1344 1346 1345
f 1345 1346 1347
f 1346 1348 1347
f 1347 1348 1349
f 1348 1350 1349
f 1349 1350 1351
f 1350 1352 1351
f 1351 1352 1353
f 1352 1354 1353
f 1353 1354 1355
f 1354 1356 1355
f 1355 1356 1357
f 1356 1358 1357
f 1357 1358 1359
f 1358 1360 1359
f 1359 1360 1361
f 1360 1362 1361
f 1361 1362 1363
f 1362 1364 1363
f 1363 1364 1365
f 1364 1366 1365
f 1365 1366 1367
f 1366 1368 1367
f 1367 1368 1369
f 1368 1370 1369
f 1369 1370 1371
f 1370 1372 1371
f 1371 1372 1373
f 1372 1374 1373
f 1373 1374 1375
f 1374 1376 1375
f 1375 1376 1377
f 1376 1378 1377
f 1377 1378 1379
f 1378 1380 1379
f 1379 1380 1381
f 1380 1382 1381
f 1381 1382 1383
f 1382 1384 1383
f 1383 1384 1385
f 1384 1386 1385
f 1385 1386 1387
f 1386 1388 1387
f 1387 1388 1389
f 1390 1391 1392
f 1391 1393 1392
f 1392 1393 1394
f 1393 1395 1394
f 1394 1395 1396
f 1395 1397 1396
f 1396 1397 1398
f 1397 1399 1398
f 1398 1399 1400
f 1399 1389 1400
f 1400 1389 1401
f 1389 1388 1401
f 1402 1403 1404
f 1403 1405 1404
f 1404 1405 1406
f 1405 1407 1406
f 1406 1407 1408
f 1407 1409 1408
f 1408 1409 1410
f 1409 1411 1410
f 1410 1411 1412
f 1411 1390 1412
f 1413 1414 1402
f 1414 1415 1402
f 1402 1415 1403
f 1413 1416 1414
f 1416 1417 1414
f 1414 1417 1418
f 1417 1419 1418
f 1418 1419 1420
f 1419 1421 1420
f 1420 1421 1422
f 1421 1423 1422
f 1422 1423 1424
f 1423 1425 1424
f 1424 1425 1426
f 1425 1427 1426
f 1426 1427 1428
f 1427 1429 1428
f 1428 1429 1430
f 1429 1431 1430
f 1430 1431 1432
f 1431 1433 1432
f 1432 1433 1434
f 1433 1435 1434
f 1434 1435 1436
f 1435 1437 1436
f 1436 1437 1438
f 1437 1439 1438
f 1438 1439 1440
f 1439 1441 1440
f 1440 1441 1442
f 1441 1443 1442
f 1442 1443 1444
f 1443 1445 1444
f 1444 1445 1446
f 1445 1447 1446
f 1446 1447 1448
f 1447 1449 1448
f 1448 1449 1450
f 1449 1451 1450
f 1450 1451 1452
f 1451 1453 1452
f 1452 1453 1454
f 1453 1455 1454
f 1454 1455 1456
f 1455 1457 1456
f 1456 1457 1458
f 1457 1459 1458
f 1458 1459 1460
f 1459 1461 1460
f 1460 1461 1462
f 1461 1463 1462
f 1462 1463 1464
f 1337 1465 1466
f 1465 1467 1466
f 1466 1467 1468
f 1467 1469 1468
f 1468 1469 1470
f 1469 1471 1470
f 1470 1471 1472
f 1471 1473 1472
f 1472 1473 1474
f 1473 1464 1474
f 1474 1464 1475
f 1464 1463 1475
f 1254 1440 1325
f 1440 1442 1325
f 1325 1442 1324
f 1442 1444 1324
f 1324 1444 1323
f 1444 1446 1323
f 1323 1446 1322
f 1446 1448 1322
f 1322 1448 1321
f 1448 1450 1321
f 1321 1450 1320
f 1450 1452 1320
f 1320 1452 1319
f 1452 1454 1319
f 1319 1454 1318
f 1454 1456 1318
f 1318 1456 1317
f 1456 1458 1317
f 1317 1458 1316
f 1458 1460 1316
f 1316 1460 1315
f 1460 1462 1315
f 1315 1462 1314
f 1462 1464 1314
f 1314 1464 1313
f 1464 1473 1313
f 1313 1473 1312
f 1473 1471 1312
f 1312 1471 1311
f 1471 1469 1311
f 1311 1469 1310
f 1469 1467 1310
f 1310 1467 1309
f 1467 1465 1309
f 1309 1465 1308
f 1465 1337 1308
f 1308 1337 1307
f 1337 1335 1307
f 1307 1335 1306
f 1335 1333 1306
f 1306 1333 1305
f 1333 1331 1305
f 1305 1331 1304
f 1331 1329 1304
f 1304 1329 1303
f 1329 1327 1303
f 1303 1327 1302
f 1327 1340 1302
f 1302 1340 1301
f 1340 1339 1301
f 1301 1339 1300
f 1339 1343 1300
f 1300 1343 1299
f 1343 1345 1299
f 1299 1345 1298
f 1345 1347 1298
f 1298 1347 1297
f 1347 1349 1297
f 1297 1349 1296
f 1349 1351 1296
f 1296 1351 1295
f 1351 1353 1295
f 1295 1353 1294
f 1353 1355 1294
f 1294 1355 1293
f 1355 1357 1293
f 1293 1357 1292
f 1357 1359 1292
f 1292 1359 1291
f 1359 1361 1291
f 1291 1361 1290
f 1361 1363 1290
f 1363 1365 1290
f 1290 1365 1289
f 1365 1367 1289
f 1289 1367 1288
f 1367 1369 1288
f 1288 1369 1287
f 1369 1371 1287
f 1287 1371 1286
f 1371 1373 1286
f 1286 1373 1285
f 1373 1375 1285
f 1285 1375 1284
f 1375 1377 1284
f 1284 1377 1283
f 1377 1379 1283
f 1283 1379 1282
f 1379 1381 1282
f 1282 1381 1281
f 1381 1383 1281
f 1281 1383 1280
f 1383 1385 1280
f 1280 1385 1279
f 1385 1387 1279
f 1279 1387 1278
f 1387 1389 1278
f 1278 1389 1277
f 1389 1399 1277
f 1277 1399 1276
f 1399 1397 1276
f 1276 1397 1275
f 1397 1395 1275
f 1275 1395 1274
f 1395 1393 1274
f 1274 1393 1273
f 1393 1391 1273
f 1273 1391 1272
f 1391 1390 1272
f 1272 1390 1271
f 1390 1411 1271
f 1271 1411 1270
f 1411 1409 1270
f 1270 1409 1269
f 1409 1407 1269
f 1269 1407 1268
f 1407 1405 1268
f 1268 1405 1267
f 1405 1403 1267
f 1267 1403 1266
f 1403 1415 1266
f 1266 1415 1265
f 1415 1414 1265
f 1265 1414 1264
f 1414 1418 1264
f 1264 1418 1263
f 1418 1420 1263
f 1263 1420 1262
f 1420 1422 1262
f 1262 1422 1261
f 1422 1424 1261
f 1261 1424 1260
f 1424 1426 1260
f 1260 1426 1259
f 1426 1428 1259
f 1259 1428 1258
f 1428 1430 1258
f 1258 1430 1257
f 1430 1432 1257
f 1257 1432 1256
f 1432 1434 1256
f 1256 1434 1255
f 1434 1436 1255
f 1255 1436 1254
f 1436 1438 1254
f 1254 1438 1440
f 1476 1477 1478
f 1477 1479 1478
f 1478 1479 1480
f 1481 1482 1478
f 1482 1483 1478
f 1478 1483 1476
f 1484 1485 1478
f 1485 1486 1478
f 1478 1486 1481
f 1487 1488 1478
f 1488 1489 1478
f 1478 1489 1484
f 1490 1491 1478
f 1491 1492 1478
f 1478 1492 1487
f 1493 1494 1478
f 1494 1495 1478
f 1478 1495 1490
f 1496 1497 1478
f 1497 1498 1478
f 1478 1498 1493
f 1499 1500 1478
f 1500 1501 1478
f 1478 1501 1496
f 1502 1503 1478
f 1503 1504 1478
f 1478 1504 1499
f 1505 1506 1478
f 1506 1507 1478
f 1478 1507 1502
f 1508 1509 1478
f 1509 1510 1478
f 1478 1510 1505
f 1511 1512 1478
f 1512 1513 1478
f 1478 1513 1508
f 1514 1515 1478
f 1515 1516 1478
f 1478 1516 1511
f 1517 1518 1478
f 1518 1519 1478
f 1478 1519 1514
f 1520 1521 1478
f 1521 1522 1478
f 1478 1522 1517
f 1523 1524 1478
f 1524 1525 1478
f 1478 1525 1520
f 1526 1527 1478
f 1527 1528 1478
f 1478 1528 1523
f 1529 1530 1478
f 1530 1531 1478
f 1478 1531 1526
f 1532 1533 1478
f 1533 1534 1478
f 1478 1534 1529
f 1535 1536 1478
f 1536 1537 1478
f 1478 1537 1532
f 1538 1539 1478
f 1539 1540 1478
f 1478 1540 1535
f 1541 1542 1478
f 1542 1543 1478
f 1478 1543 1538
f 1544 1545 1478
f 1545 1546 1478
f 1478 1546 1541
f 1480 1547 1478
f 1547 1548 1478
f 1478 1548 1544
f 1534 1549 1529
f 1549 1550 1529
f 1529 1550 1530
f 1550 1551 1530
f 1530 1551 1531
f 1551 1552 1531
f 1531 1552 1526
f 1552 1553 1526
f 1526 1553 1527
f 1553 1554 1527
f 1527 1554 1528
f 1554 1555 1528
f 1528 1555 1523
f 1555 1556 1523
f 1523 1556 1524
f 1556 1557 1524
f 1524 1557 1525
f 1557 1558 1525
f 1525 1558 1520
f 1558 1559 1520
f 1520 1559 1521
f 1559 1560 1521
f 1521 1560 1522
f 1560 1561 1522
f 1522 1561 1517
f 1561 1562 1517
f 1517 1562 1518
f 1562 1563 1518
f 1518 1563 1519
f 1563 1564 1519
f 1519 1564 1514
f 1564 1565 1514
f 1514 1565 1515
f 1565 1566 1515
f 1515 1566 1516
f 1566 1567 1516
f 1516 1567 1511
f 1567 1568 1511
f 1511 1568 1512
f 1568 1569 1512
f 1512 1569 1513
f 1569 1570 1513
f 1513 1570 1508
f 1570 1571 1508
f 1508 1571 1509
f 1571 1572 1509
f 1509 1572 1510
f 1572 1573 1510
f 1510 1573 1505
f 1573 1574 1505
f 1505 1574 1506
f 1574 1575 1506
f 1506 1575 1507
f 1575 1576 1507
f 1507 1576 1502
f 1576 1577 1502
f 1502 1577 1503
f 1577 1578 1503
f 1503 1578 1504
f 1578 1579 1504
f 1504 1579 1499
f 1579 1580 1499
f 1499 1580 1500
f 1580 1581 1500
f 1500 1581 1501
f 1581 1582 1501
f 1501 1582 1496
f 1582 1583 1496
f 1496 1583 1497
f 1583 1584 1497
f 1497 1584 1498
f 1584 1585 1498
f 1498 1585 1493
f 1585 1586 1493
f 1493 1586 1494
f 1586 1587 1494
f 1494 1587 1495
f 1587 1588 1495
f 1495 1588 1490
f 1588 1589 1490
f 1490 1589 1491
f 1589 1590 1491
f 1491 1590 1492
f 1590 1591 1492
f 1492 1591 1487
f 1591 1592 1487
f 1487 1592 1488
f 1592 1593 1488
f 1488 1593 1489
f 1593 1594 1489
f 1489 1594 1484
f 1594 1595 1484
f 1484 1595 1485
f 1595 1596 1485
f 1485 1596 1486
f 1596 1597 1486
f 1486 1597 1481
f 1597 1598 1481
f 1481 1598 1482
f 1598 1599 1482
f 1482 1599 1483
f 1599 1600 1483
f 1483 1600 1476
f 1600 1601 1476
f 1476 1601 1477
f 1601 1602 1477
f 1477 1602 1479
f 1602 1603 1479
f 1479 1603 1480
f 1603 1604 1480
f 1480 1604 1547
f 1604 1605 1547
f 1547 1605 1548
f 1605 1606 1548
f 1548 1606 1544
f 1606 1607 1544
f 1544 1607 1545
f 1607 1608 1545
f 1545 1608 1546
f 1608 1609 1546
f 1546 1609 1541
f 1609 1610 1541
f 1541 1610 1542
f 1610 1611 1542
f 1542 1611 1543
f 1611 1612 1543
f 1543 1612 1538
f 1612 1613 1538
f 1538 1613 1539
f 1613 1614 1539
f 1539 1614 1540
f 1614 1615 1540
f 1540 1615 1535
f 1615 1616 1535
f 1535 1616 1536
f 1616 1617 1536
f 1536 1617 1537
f 1617 1618 1537
f 1537 1618 1532
f 1618 1619 1532
f 1532 1619 1533
f 1619 1620 1533
f 1533 1620 1534
f 1620 1549 1534
f 1621 1622 1623
f 1622 1624 1623
f 1623 1624 1625
f 1624 1626 1625
f 1625 1626 1627
f 1626 1628 1627
f 1627 1628 1629
f 1628 1630 1629
f 1629 1630 1631
f 1630 1632 1631
f 1633 1634 1621
f 1634 1635 1621
f 1621 1635 1622
f 1633 1636 1634
f 1636 1637 1634
f 1634 1637 1638
f 1637 1639 1638
f 1638 1639 1640
f 1639 1641 1640
f 1640 1641 1642
f 1641 1643 1642
f 1642 1643 1644
f 1643 1645 1644
f 1644 1645 1646
f 1645 1647 1646
f 1646 1647 1648
f 1647 1649 1648
f 1648 1649 1650
f 1649 1651 1650
f 1650 1651 1652
f 1651 1653 1652
f 1652 1653 1654
f 1653 1655 1654
f 1654 1655 1656
f 1655 1657 1656
f 1656 1657 1658
f 1657 1659 1658
f 1658 1659 1660
f 1659 1661 1660
f 1660 1661 1662
f 1661 1663 1662
f 1662 1663 1664
f 1663 1665 1664
f 1664 1665 1666
f 1665 1667 1666
f 1666 1667 1668
f 1667 1669 1668
f 1668 1669 1670
f 1669 1671 1670
f 1670 1671 1672
f 1671 1673 1672
f 1672 1673 1674
f 1673 1675 1674
f 1674 1675 1676
f 1675 1677 1676
f 1676 1677 1678
f 1677 1679 1678
f 1678 1679 1680
f 1679 1681 1680
f 1680 1681 1682
f 1681 1683 1682
f 1682 1683 1684
f 1685 1686 1687
f 1686 1688 1687
f 1687 1688 1689
f 1688 1690 1689
f 1689 1690 1691
f 1690 1692 1691
f 1691 1692 1693
f 1692 1694 1693
f 1693 1694 1695
f 1694 1684 1695
f 1695 1684 1696
f 1684 1683 1696
f 1697 1698 1699
f 1698 1700 1699
f 1699 1700 1701
f 1700 1702 1701
f 1701 1702 1703
f 1702 1704 1703
f 1703 1704 1705
f 1704 1706 1705
f 1705 1706 1707
f 1706 1685 1707
f 1708 1709 1697
f 1709 1710 1697
f 1697 1710 1698
f 1708 1711 1709
f 1711 1712 1709
f 1709 1712 1713
f 1712 1714 1713
f 1713 1714 1715
f 1714 1716 1715
f 1715 1716 1717
f 1716 1718 1717
f 1717 1718 1719
f 1718 1720 1719
f 1719 1720 1721
f 1720 1722 1721
f 1721 1722 1723
f 1722 1724 1723
f 1723 1724 1725
f 1724 1726 1725
f 1725 1726 1727
f 1726 1728 1727
f 1727 1728 1729
f 1728 1730 1729
f 1729 1730 1731
f 1730 1732 1731
f 1731 1732 1733
f 1732 1734 1733
f 1733 1734 1735
f 1734 1736 1735
f 1735 1736 1737
f 1736 1738 1737
f 1737 1738 1739
f 1738 1740 1739
f 1739 1740 1741
f 1740 1742 1741
f 1741 1742 1743
f 1742 1744 1743
f 1743 1744 1745
f 1744 1746 1745
f 1745 1746 1747
f 1746 1748 1747
f 1747 1748 1749
f 1748 1750 1749
f 1749 1750 1751
f 1750 1752 1751
f 1751 1752 1753
f 1752 1754 1753
f 1753 1754 1755
f 1754 1756 1755
f 1755 1756 1757
f 1756 1758 1757
f 1757 1758 1759
f 1632 1760 1761
f 1760 1762 1761
f 1761 1762 1763
f 1762 1764 1763
f 1763 1764 1765
f 1764 1766 1765
f 1765 1766 1767
f 1766 1768 1767
f 1767 1768 1769
f 1768 1759 1769
f 1769 1759 1770
f 1759 1758 1770
f 1585 1735 1586
f 1735 1737 1586
f 1586 1737 1587
f 1737 1739 1587
f 1587 1739 1588
f 1739 1741 1588
f 1588 1741 1589
f 1741 1743 1589
f 1589 1743 1590
f 1743 1745 1590
f 1590 1745 1591
f 1745 1747 1591
f 1591 1747 1592
f 1747 1749 1592
f 1592 1749 1593
f 1749 1751 1593
f 1593 1751 1594
f 1751 1753 1594
f 1594 1753 1595
f 1753 1755 1595
f 1595 1755 1596
f 1755 1757 1596
f 1596 1757 1597
f 1757 1759 1597
f 1597 1759 1598
f 1759 1768 1598
f 1598 1768 1599
f 1768 1766 1599
f 1599 1766 1600
f 1766 1764 1600
f 1600 1764 1601
f 1764 1762 1601
f 1601 1762 1602
f 1762 1760 1602
f 1602 1760 1603
f 1760 1632 1603
f 1603 1632 1604
f 1632 1630 1604
f 1604 1630 1605
f 1630 1628 1605
f 1605 1628 1606
f 1628 1626 1606
f 1606 1626 1607
f 1626 1624 1607
f 1607 1624 1608
f 1624 1622 1608
f 1608 1622 1609
f 1622 1635 1609
f 1609 1635 1610
f 1635 1634 1610
f 1610 1634 1611
f 1634 1638 1611
f 1611 1638 1612
f 1638 1640 1612
f 1612 1640 1613
f 1640 1642 1613
f 1613 1642 1614
f 1642 1644 1614
f 1614 1644 1615
f 1644 1646 1615
f 1615 1646 1616
f 1646 1648 1616
f 1616 1648 1617
f 1648 1650 1617
f 1617 1650 1618
f 1650 1652 1618
f 1618 1652 1619
f 1652 1654 1619
f 1619 1654 1620
f 1654 1656 1620
f 1620 1656 1549
f 1656 1658 1549
f 1658 1660 1549
f 1549 1660 1550
f 1660 1662 1550
f 1550 1662 1551
f 1662 1664 1551
f 1551 1664 1552
f 1664 1666 1552
f 1552 1666 1553
f 1666 1668 1553
f 1553 1668 1554
f 1668 1670 1554
f 1554 1670 1555
f 1670 1672 1555
f 1555 1672 1556
f 1672 1674 1556
f 1556 1674 1557
f 1674 1676 1557
f 1557 1676 1558
f 1676 1678 1558
f 1558 1678 1559
f 1678 1680 1559
f 1559 1680 1560
f 1680 1682 1560
f 1560 1682 1561
f 1682 1684 1561
f 1561 1684 1562
f 1684 1694 1562
f 1562 1694 1563
f 1694 1692 1563
f 1563 1692 1564
f 1692 1690 1564
f 1564 1690 1565
f 1690 1688 1565
f 1565 1688 1566
f 1688 1686 1566
f 1566 1686 1567
f 1686 1685 1567
f 1567 1685 1568
f 1685 1706 1568
f 1568 1706 1569
f 1706 1704 1569
f 1569 1704 1570
f 1704 1702 1570
f 1570 1702 1571
f 1702 1700 1571
f 1571 1700 1572
f 1700 1698 1572
f 1572 1698 1573
f 1698 1710 1573
f 1573 1710 1574
f 1710 1709 1574
f 1574 1709 1575
f 1709 1713 1575
f 1575 1713 1576
f 1713 1715 1576
f 1576 1715 1577
f 1715 1717 1577
f 1577 1717 1578
f 1717 1719 1578
f 1578 1719 1579
f 1719 1721 1579
f 1579 1721 1580
f 1721 1723 1580
f 1580 1723 1581
f 1723 1725 1581
f 1581 1725 1582
f 1725 1727 1582
f 1582 1727 1583
f 1727 1729 1583
f 1583 1729 1584
f 1729 1731 1584
f 1584 1731 1585
f 1731 1733 1585
f 1585 1733 1735
f 1771 1772 1773
f 1772 1774 1773
f 1775 1776 1777
f 1775 1777 1778
f 1777 1779 1778
f 1778 1779 1780
f 1779 1781 1780
f 1780 1781 1782
f 1781 1783 1782
f 1782 1783 1784
f 1783 1785 1784
f 1784 1785 1786
f 1785 1787 1786
f 1786 1787 1788
f 1787 1789 1788
f 1788 1789 1790
f 1789 1773 1790
f 1790 1773 1774
f 1791 1792 1775
f 1792 1776 1775
f 1793 1794 1795
f 1793 1795 1796
f 1795 1797 1796
f 1796 1797 1798
f 1797 1799 1798
f 1798 1799 1800
f 1799 1801 1800
f 1800 1801 1802
f 1801 1803 1802
f 1802 1803 1804
f 1803 1805 1804
f 1804 1805 1806
f 1805 1807 1806
f 1806 1807 1808
f 1807 1809 1808
f 1808 1809 1810
f 1809 1811 1810
f 1810 1811 1812
f 1811 1792 1812
f 1812 1792 1791
f 1794 1793 1813
f 1793 1814 1813
f 1815 1816 1817
f 1815 1817 1818
f 1817 1819 1818
f 1818 1819 1820
f 1819 1821 1820
f 1820 1821 1822
f 1821 1823 1822
f 1822 1823 1824
f 1823 1825 1824
f 1824 1825 1826
f 1825 1827 1826
f 1826 1827 1828
f 1827 1829 1828
f 1828 1829 1830
f 1829 1831 1830
f 1830 1831 1832
f 1831 1833 1832
f 1832 1833 1834
f 1833 1813 1834
f 1834 1813 1814
f 1835 1836 1815
f 1836 1816 1815
f 1837 1838 1839
f 1837 1839 1840
f 1839 1841 1840
f 1840 1841 1842
f 1841 1843 1842
f 1842 1843 1844
f 1843 1845 1844
f 1844 1845 1846
f 1845 1847 1846
f 1846 1847 1848
f 1847 1849 1848
f 1848 1849 1850
f 1849 1851 1850
f 1850 1851 1852
f 1851 1836 1852
f 1852 1836 1835
f 1853 1854 1837
f 1854 1838 1837
f 1855 1856 1857
f 1856 1858 1857
f 1857 1858 1859
f 1858 1860 1859
f 1859 1860 1861
f 1860 1862 1861
f 1861 1862 1863
f 1862 1864 1863
f 1863 1864 1865
f 1864 1866 1865
f 1865 1866 1867
f 1866 1868 1867
f 1867 1868 1869
f 1868 1870 1869
f 1869 1870 1871
f 1870 1872 1871
f 1871 1872 1873
f 1872 1874 1873
f 1873 1874 1875
f 1874 1876 1875
f 1875 1876 1877
f 1876 1878 1877
f 1877 1878 1879
f 1878 1880 1879
f 1879 1880 1881
f 1880 1882 1881
f 1881 1882 1883
f 1882 1884 1883
f 1883 1884 1885
f 1884 1886 1885
f 1885 1886 1887
f 1886 1888 1887
f 1887 1888 1889
f 1888 1890 1889
f 1889 1890 1853
f 1890 1854 1853
f 1891 1892 1855
f 1892 1856 1855
f 1893 1894 1895
f 1894 1896 1895
f 1895 1896 1897
f 1896 1898 1897
f 1897 1898 1899
f 1898 1900 1899
f 1899 1900 1901
f 1900 1902 1901
f 1901 1902 1903
f 1902 1904 1903
f 1903 1904 1905
f 1904 1906 1905
f 1905 1906 1907
f 1906 1908 1907
f 1907 1908 1909
f 1908 1910 1909
f 1909 1910 1911
f 1910 1912 1911
f 1911 1912 1913
f 1912 1914 1913
f 1913 1914 1915
f 1914 1916 1915
f 1915 1916 1917
f 1916 1918 1917
f 1917 1918 1919
f 1918 1920 1919
f 1919 1920 1921
f 1920 1922 1921
f 1921 1922 1923
f 1922 1924 1923
f 1923 1924 1925
f 1924 1926 1925
f 1925 1926 1927
f 1926 1928 1927
f 1927 1928 1891
f 1928 1892 1891
f 1894 1893 1929
f 1893 1930 1929
f 1931 1932 1933
f 1931 1933 1934
f 1933 1935 1934
f 1934 1935 1936
f 1935 1937 1936
f 1936 1937 1938
f 1937 1939 1938
f 1938 1939 1940
f 1939 1941 1940
f 1940 1941 1942
f 1941 1943 1942
f 1942 1943 1944
f 1943 1945 1944
f 1944 1945 1946
f 1945 1929 1946
f 1946 1929 1930
f 1947 1948 1931
f 1948 1932 1931
f 1949 1950 1951
f 1949 1951 1952
f 1951 1953 1952
f 1952 1953 1954
f 1953 1955 1954
f 1954 1955 1956
f 1955 1957 1956
f 1956 1957 1958
f 1957 1959 1958
f 1958 1959 1960
f 1959 1961 1960
f 1960 1961 1962
f 1961 1963 1962
f 1962 1963 1964
f 1963 1965 1964
f 1964 1965 1966
f 1965 1967 1966
f 1966 1967 1968
f 1967 1948 1968
f 1968 1948 1947
f 1950 1949 1969
f 1949 1970 1969
f 1971 1972 1973
f 1971 1973 1974
f 1973 1975 1974
f 1974 1975 1976
f 1975 1977 1976
f 1976 1977 1978
f 1977 1979 1978
f 1978 1979 1980
f 1979 1981 1980
f 1980 1981 1982
f 1981 1983 1982
f 1982 1983 1984
f 1983 1985 1984
f 1984 1985 1986
f 1985 1987 1986
f 1986 1987 1988
f 1987 1989 1988
f 1988 1989 1990
f 1989 1969 1990
f 1990 1969 1970
f 1991 1992 1971
f 1992 1972 1971
f 1993 1994 1995
f 1993 1995 1996
f 1995 1997 1996
f 1996 1997 1998
f 1997 1999 1998
f 1998 1999 2000
f 1999 2001 2000
f 2000 2001 2002
f 2001 2003 2002
f 2002 2003 2004
f 2003 2005 2004
f 2004 2005 2006
f 2005 2007 2006
f 2006 2007 2008
f 2007 1992 2008
f 2008 1992 1991
f 2009 2010 1993
f 2010 1994 1993
f 2011 2012 2013
f 2012 2014 2013
f 2013 2014 2015
f 2014 2016 2015
f 2015 2016 2017
f 2016 2018 2017
f 2017 2018 2019
f 2018 2020 2019
f 2019 2020 2021
f 2020 2022 2021
f 2021 2022 2023
f 2022 2024 2023
f 2023 2024 2025
f 2024 2026 2025
f 2025 2026 2027
f 2026 2028 2027
f 2027 2028 2029
f 2028 2030 2029
f 2029 2030 2031
f 2030 2032 2031
f 2031 2032 2033
f 2032 2034 2033
f 2033 2034 2035
f 2034 2036 2035
f 2035 2036 2037
f 2036 2038 2037
f 2037 2038 2039
f 2038 2040 2039
f 2039 2040 2041
f 2040 2042 2041
f 2041 2042 2043
f 2042 2044 2043
f 2043 2044 2045
f 2044 2046 2045
f 2045 2046 2009
f 2046 2010 2009
f 2047 2048 2011
f 2048 2012 2011
f 1772 1771 2049
f 1771 2050 2049
f 2049 2050 2051
f 2050 2052 2051
f 2051 2052 2053
f 2052 2054 2053
f 2053 2054 2055
f 2054 2056 2055
f 2055 2056 2057
f 2056 2058 2057
f 2057 2058 2059
f 2058 2060 2059
f 2059 2060 2061
f 2060 2062 2061
f 2061 2062 2063
f 2062 2064 2063
f 2063 2064 2065
f 2064 2066 2065
f 2065 2066 2067
f 2066 2068 2067
f 2067 2068 2069
f 2068 2070 2069
f 2069 2070 2071
f 2070 2072 2071
f 2071 2072 2073
f 2072 2074 2073
f 2073 2074 2075
f 2074 2076 2075
f 2075 2076 2077
f 2076 2078 2077
f 2077 2078 2079
f 2078 2080 2079
f 2079 2080 2081
f 2080 2082 2081
f 2081 2082 2047
f 2082 2048 2047
f 2083 1893 2084
f 1893 1895 2084
f 2084 1895 2085
f 1895 1897 2085
f 2085 1897 2086
f 1897 1899 2086
f 2086 1899 2087
f 1899 1901 2087
f 2087 1901 2088
f 1901 1903 2088
f 2088 1903 2089
f 1903 1905 2089
f 2089 1905 2090
f 1905 1907 2090
f 2090 1907 2091
f 1907 1909 2091
f 2091 1909 2092
f 1909 1911 2092
f 2092 1911 2093
f 1911 1913 2093
f 2093 1913 2094
f 1913 1915 2094
f 2094 1915 2095
f 1915 1917 2095
f 2095 1917 2096
f 1917 1919 2096
f 2096 1919 2097
f 1919 1921 2097
f 2097 1921 2098
f 1921 1923 2098
f 2098 1923 2099
f 1923 1925 2099
f 2099 1925 2100
f 1925 1927 2100
f 2100 1927 2101
f 1927 1891 2101
f 2102 2101 1855
f 2101 1891 1855
f 1853 2103 1889
f 2103 2104 1889
f 1889 2104 1887
f 2104 2105 1887
f 1887 2105 1885
f 2105 2106 1885
f 1885 2106 1883
f 2106 2107 1883
f 1883 2107 1881
f 2107 2108 1881
f 1881 2108 1879
f 2108 2109 1879
f 1879 2109 1877
f 2109 2110 1877
f 1877 2110 1875
f 2110 2111 1875
f 1875 2111 1873
f 2111 2112 1873
f 1873 2112 1871
f 2112 2113 1871
f 1871 2113 1869
f 2113 2114 1869
f 1869 2114 1867
f 2114 2115 1867
f 1867 2115 1865
f 2115 2116 1865
f 1865 2116 1863
f 2116 2117 1863
f 1863 2117 1861
f 2117 2118 1861
f 1861 2118 1859
f 2118 2119 1859
f 1859 2119 1857
f 2119 2120 1857
f 1857 2120 1855
f 2120 2102 1855
f 2121 2122 2123
f 2122 2124 2123
f 2125 2126 2127
f 2128 2129 2103
f 2124 2130 2127
f 2130 2131 2127
f 2127 2131 2125
f 1853 2132 2133
f 1835 2134 2135
f 2136 2137 2138
f 2133 2139 1853
f 2139 2140 1853
f 1853 2140 2103
f 2140 2141 2103
f 2103 2141 2128
f 2126 2142 2127
f 2142 2143 2127
f 2127 2143 2144
f 2143 2145 2144
f 2145 2146 2144
f 2146 2147 2144
f 2144 2147 2148
f 2137 2149 2138
f 2149 2150 2138
f 2138 2150 2151
f 2152 2153 2154
f 2153 2155 2154
f 2154 2155 2156
f 2157 2158 2159
f 2158 2160 2159
f 2159 2160 1772
f 2160 2161 1772
f 2161 2162 1772
f 1772 2162 2163
f 2124 2127 2123
f 2127 2164 2123
f 2123 2164 2165
f 2166 2167 1835
f 2167 2168 1835
f 1835 2168 2134
f 2169 2170 2144
f 2170 2171 2144
f 2172 2173 2138
f 2159 2174 2157
f 2174 2175 2157
f 2157 2175 2176
f 2175 2177 2176
f 2176 2177 2154
f 2177 2178 2154
f 2154 2178 2179
f 2179 2180 2154
f 2180 2181 2154
f 2154 2181 2182
f 2183 2184 1793
f 2184 2185 1793
f 1793 2185 1814
f 2185 2186 1814
f 1814 2186 2187
f 2188 2189 1814
f 2189 2190 1814
f 1814 2190 1834
f 2190 2191 1834
f 1834 2191 1832
f 2191 2192 1832
f 1832 2192 1830
f 2192 2193 1830
f 1830 2193 1828
f 2193 2194 1828
f 1828 2194 1826
f 2194 2195 1826
f 1826 2195 1824
f 2195 2196 1824
f 1824 2196 1822
f 2196 2197 1822
f 1822 2197 1820
f 2197 2198 1820
f 1820 2198 1818
f 2198 2199 1818
f 1818 2199 1815
f 2199 2200 1815
f 1815 2200 2201
f 2201 2202 1815
f 2202 2203 1815
f 1815 2203 1835
f 2203 2204 1835
f 1835 2204 2166
f 2171 2205 2144
f 2205 2206 2144
f 2144 2206 2207
f 2206 2208 2207
f 2207 2208 2129
f 2208 2209 2129
f 2129 2209 2103
f 2173 2210 2138
f 2210 2211 2138
f 2138 2211 2136
f 2182 2212 2154
f 2212 2213 2154
f 2154 2213 2152
f 2165 2214 2123
f 2214 2215 2123
f 2123 2215 2216
f 2217 2218 2187
f 2218 2219 2187
f 2187 2219 1814
f 2219 2220 1814
f 1814 2220 2188
f 2135 2221 1835
f 2221 2222 1835
f 1835 2222 2223
f 1840 2224 1837
f 2224 2225 1837
f 1837 2225 1853
f 2225 2226 1853
f 1853 2226 2132
f 2148 2227 2144
f 2227 2228 2144
f 2144 2228 2169
f 2121 2123 2138
f 2123 2229 2138
f 2138 2229 2172
f 2151 2230 2138
f 2230 2231 2138
f 2138 2231 2232
f 2231 2233 2232
f 2232 2233 2234
f 2233 2235 2234
f 2234 2235 2155
f 2235 2236 2155
f 2155 2236 2156
f 2163 2237 1772
f 2237 2238 1772
f 1772 2238 1774
f 2217 2187 2239
f 2187 2240 2239
f 2239 2240 2241
f 2223 2242 1835
f 2242 2243 1835
f 1835 2243 1852
f 2243 2244 1852
f 1852 2244 1850
f 2244 1848 1850
f 2245 2246 1791
f 2246 2247 1791
f 1791 2247 1812
f 2247 2248 1812
f 1812 2248 1810
f 2248 2249 1810
f 1810 2249 1808
f 2249 2250 1808
f 1808 2250 1806
f 2250 2251 1806
f 1806 2251 1804
f 2251 2252 1804
f 1804 2252 1802
f 2252 2253 1802
f 1802 2253 1800
f 2253 2254 1800
f 1800 2254 1798
f 2254 2255 1798
f 1798 2255 1796
f 2255 2256 1796
f 1796 2256 1793
f 2256 2257 1793
f 1793 2257 2183
f 1840 1842 2224
f 1842 1844 2224
f 2224 1844 2244
f 1844 1846 2244
f 2244 1846 1848
f 2258 2259 2241
f 2259 2260 2241
f 2241 2260 2239
f 2238 2261 1774
f 2261 2262 1774
f 1774 2262 1790
f 2262 1788 1790
f 2263 2264 1775
f 2264 2265 1775
f 2265 2266 1775
f 2266 2267 1775
f 1775 2267 2268
f 2269 2270 1775
f 2270 2271 1775
f 1775 2271 1791
f 2271 2272 1791
f 1791 2272 2245
f 1780 1782 2273
f 1782 1784 2273
f 2273 1784 2262
f 1784 1786 2262
f 2262 1786 1788
f 2263 1775 2273
f 1775 1778 2273
f 2273 1778 1780
f 2268 2274 1775
f 2274 2275 1775
f 1775 2275 2269
f 2216 2276 2123
f 2276 2277 2123
f 2123 2277 2278
f 2278 2279 2123
f 2279 2280 2123
f 2123 2280 2281
f 2258 2282 2259
f 2282 2283 2259
f 2259 2283 2284
f 2281 2285 2123
f 2285 2286 2123
f 2123 2286 2287
f 2288 2289 2290
f 2289 2291 2290
f 2290 2291 2292
f 2293 2294 2284
f 2294 2295 2284
f 2284 2295 2296
f 2296 2297 2284
f 2297 2298 2284
f 2284 2298 2259
f 2288 2290 2284
f 2290 2299 2284
f 2284 2299 2293
f 2292 2300 2290
f 2300 2301 2290
f 2290 2301 2302
f 2301 2123 2302
f 2302 2123 2303
f 2123 2287 2303
f 1932 2304 2305
f 1932 2305 1933
f 2305 2306 1933
f 1933 2306 1935
f 2306 2307 1935
f 1935 2307 1937
f 2307 2308 1937
f 1937 2308 1939
f 2308 2309 1939
f 1939 2309 1941
f 2309 2310 1941
f 1941 2310 1943
f 2310 2311 1943
f 1943 2311 1945
f 2311 2312 1945
f 1945 2312 1929
f 2313 2304 1948
f 2304 1932 1948
f 2313 1948 1967
f 2313 1967 2314
f 1967 1965 2314
f 2314 1965 2315
f 1965 1963 2315
f 2315 1963 2316
f 1963 1961 2316
f 2316 1961 2317
f 1961 1959 2317
f 2317 1959 2318
f 1959 1957 2318
f 2318 1957 2319
f 1957 1955 2319
f 2319 1955 2320
f 1955 1953 2320
f 2320 1953 2321
f 1953 1951 2321
f 2321 1951 2322
f 1951 1950 2322
f 2322 1950 2323
f 2323 1950 2324
f 1950 1969 2324
f 2324 1969 2325
f 1972 2326 2327
f 1972 2327 1973
f 2327 2328 1973
f 1973 2328 1975
f 2328 2329 1975
f 1975 2329 1977
f 2329 2330 1977
f 1977 2330 1979
f 2330 2331 1979
f 1979 2331 1981
f 2331 2332 1981
f 1981 2332 1983
f 2332 2333 1983
f 1983 2333 1985
f 2333 2334 1985
f 1985 2334 1987
f 2334 2335 1987
f 1987 2335 1989
f 2335 2325 1989
f 1989 2325 1969
f 2336 2326 1992
f 2326 1972 1992
f 2336 1992 2007
f 2336 2007 2337
f 2007 2005 2337
f 2337 2005 2338
f 2005 2003 2338
f 2338 2003 2339
f 2003 2001 2339
f 2339 2001 2340
f 2001 1999 2340
f 2340 1999 2341
f 1999 1997 2341
f 2341 1997 2342
f 1997 1995 2342
f 2342 1995 2343
f 1995 1994 2343
f 2343 1994 2344
f 2345 2074 2072
f 2064 2062 2346
f 2016 2347 2018
f 2347 2020 2018
f 2016 2014 2345
f 2014 2012 2345
f 2012 2048 2345
f 2048 2082 2345
f 2345 2082 2080
f 2062 2060 2346
f 2060 2058 2346
f 2346 2058 2056
f 2056 2054 2346
f 2054 2052 2346
f 2346 2052 2348
f 1773 2349 1771
f 2349 2348 1771
f 1771 2348 2050
f 2348 2052 2050
f 2350 2351 2028
f 2080 2078 2345
f 2078 2076 2345
f 2345 2076 2074
f 2352 2353 2345
f 2353 2354 2345
f 2345 2354 2355
f 2042 2040 2356
f 2040 2038 2356
f 2346 2357 2064
f 2357 2358 2064
f 2064 2358 2066
f 2355 2359 2345
f 2359 2360 2345
f 2345 2360 2016
f 2360 2361 2016
f 2016 2361 2362
f 2362 2363 2016
f 2363 2364 2016
f 2016 2364 2347
f 2364 2365 2347
f 2347 2365 2366
f 2367 2344 1994
f 2032 2368 2034
f 2368 2356 2034
f 2034 2356 2036
f 2356 2038 2036
f 2028 2351 2030
f 2351 2369 2030
f 2030 2369 2032
f 2369 2370 2032
f 2032 2370 2368
f 2350 2028 2371
f 2028 2026 2371
f 2371 2026 2372
f 2026 2024 2372
f 2372 2024 2347
f 2024 2022 2347
f 2347 2022 2020
f 2068 2373 2070
f 2373 2374 2070
f 2070 2374 2072
f 2374 2375 2072
f 2072 2375 2345
f 2358 2376 2066
f 2376 2377 2066
f 2066 2377 2068
f 2377 2378 2068
f 2068 2378 2373
f 1994 2010 2367
f 2010 2046 2367
f 2367 2046 2356
f 2046 2044 2356
f 2356 2044 2042
f 2379 2380 2381
f 2380 2382 2381
f 2381 2382 2383
f 2382 2384 2383
f 2383 2384 2385
f 2384 2386 2385
f 2385 2386 2387
f 2386 2388 2387
f 2387 2388 2389
f 2388 2390 2389
f 2389 2390 2391
f 2390 2392 2391
f 2391 2392 2393
f 2392 2394 2393
f 2393 2394 2395
f 2394 2396 2395
f 2395 2396 2397
f 2396 2398 2397
f 2397 2398 2399
f 2398 2400 2399
f 2399 2400 2401
f 2400 2402 2401
f 2401 2402 2403
f 2402 2404 2403
f 2403 2404 2405
f 2404 2406 2405
f 2405 2406 2407
f 2406 2408 2407
f 2407 2408 2409
f 2408 2410 2409
f 2409 2410 2411
f 2410 2412 2411
f 2411 2412 2413
f 2412 2414 2413
f 2413 2414 2415
f 2414 2416 2415
f 2415 2416 2417
f 2416 2418 2417
f 2417 2418 2419
f 2418 2420 2419
f 2419 2420 2421
f 2420 2422 2421
f 2421 2422 2423
f 2422 2424 2423
f 2423 2424 2425
f 2424 2426 2425
f 2425 2426 2427
f 2426 2428 2427
f 2427 2428 2429
f 2428 2430 2429
f 2429 2430 2431
f 2430 2432 2431
f 2431 2432 2433
f 2432 2434 2433
f 2433 2434 2435
f 2434 2436 2435
f 2435 2436 2437
f 2436 2438 2437
f 2437 2438 2439
f 2438 2440 2439
f 2439 2440 2441
f 2440 2442 2441
f 2441 2442 2443
f 2442 2444 2443
f 2443 2444 2445
f 2444 2446 2445
f 2445 2446 2447
f 2446 2448 2447
f 2447 2448 2449
f 2448 2450 2449
f 2449 2450 2451
f 2450 2452 2451
f 2451 2452 2453
f 2452 2454 2453
f 2453 2454 2455
f 2454 2456 2455
f 2455 2456 2457
f 2456 2458 2457
f 2457 2458 2459
f 2458 2460 2459
f 2459 2460 2461
f 2460 2462 2461
f 2461 2462 2463
f 2462 2464 2463
f 2463 2464 2465
f 2464 2466 2465
f 2465 2466 2467
f 2466 2468 2467
f 2467 2468 2469
f 2468 2470 2469
f 2469 2470 2471
f 2470 2472 2471
f 2471 2472 2473
f 2472 2474 2473
f 2473 2474 2475
f 2474 2476 2475
f 2475 2476 2477
f 2476 2478 2477
f 2477 2478 2479
f 2478 2480 2479
f 2479 2480 2481
f 2480 2482 2481
f 2481 2482 2483
f 2482 2484 2483
f 2483 2484 2485
f 2484 2486 2485
f 2485 2486 2487
f 2486 2488 2487
f 2487 2488 2489
f 2488 2490 2489
f 2489 2490 2491
f 2490 2492 2491
f 2491 2492 2493
f 2492 2494 2493
f 2493 2494 2495
f 2494 2496 2495
f 2495 2496 2497
f 2496 2498 2497
f 2497 2498 2499
f 2498 2500 2499
f 2499 2500 2501
f 2500 2502 2501
f 2501 2502 2503
f 2502 2504 2503
f 2503 2504 2505
f 2504 2506 2505
f 2505 2506 2507
f 2506 2508 2507
f 2507 2508 2509
f 2508 2510 2509
f 2509 2510 2511
f 2510 2512 2511
f 2511 2512 2513
f 2512 2514 2513
f 2513 2514 2515
f 2514 2516 2515
f 2515 2516 2517
f 2516 2518 2517
f 2517 2518 2519
f 2518 2520 2519
f 2519 2520 2521
f 2520 2522 2521
f 2521 2522 2379
f 2522 2380 2379
f 2384 2382 2523
f 2382 2380 2523
f 2523 2380 2522
f 2390 2388 2523
f 2388 2386 2523
f 2523 2386 2384
f 2396 2394 2523
f 2394 2392 2523
f 2523 2392 2390
f 2402 2400 2523
f 2400 2398 2523
f 2523 2398 2396
f 2408 2406 2523
f 2406 2404 2523
f 2523 2404 2402
f 2414 2412 2523
f 2412 2410 2523
f 2523 2410 2408
f 2420 2418 2523
f 2418 2416 2523
f 2523 2416 2414
f 2426 2424 2523
f 2424 2422 2523
f 2523 2422 2420
f 2432 2430 2523
f 2430 2428 2523
f 2523 2428 2426
f 2438 2436 2523
f 2436 2434 2523
f 2523 2434 2432
f 2444 2442 2523
f 2442 2440 2523
f 2523 2440 2438
f 2450 2448 2523
f 2448 2446 2523
f 2523 2446 2444
f 2456 2454 2523
f 2454 2452 2523
f 2523 2452 2450
f 2462 2460 2523
f 2460 2458 2523
f 2523 2458 2456
f 2468 2466 2523
f 2466 2464 2523
f 2523 2464 2462
f 2474 2472 2523
f 2472 2470 2523
f 2523 2470 2468
f 2480 2478 2523
f 2478 2476 2523
f 2523 2476 2474
f 2486 2484 2523
f 2484 2482 2523
f 2523 2482 2480
f 2492 2490 2523
f 2490 2488 2523
f 2523 2488 2486
f 2498 2496 2523
f 2496 2494 2523
f 2523 2494 2492
f 2504 2502 2523
f 2502 2500 2523
f 2523 2500 2498
f 2510 2508 2523
f 2508 2506 2523
f 2523 2506 2504
f 2516 2514 2523
f 2514 2512 2523
f 2523 2512 2510
f 2522 2520 2523
f 2520 2518 2523
f 2523 2518 2516
f 2524 2525 2526
f 2525 2527 2526
f 2526 2527 2528
f 2527 2529 2528
f 2528 2529 2530
f 2529 2531 2530
f 2530 2531 2532
f 2531 2533 2532
f 2532 2533 2534
f 2533 2535 2534
f 2534 2535 2536
f 2535 2537 2536
f 2536 2537 2538
f 2537 2539 2538
f 2538 2539 2540
f 2539 2541 2540
f 2540 2541 2542
f 2541 2543 2542
f 2542 2543 2544
f 2543 2545 2544
f 2544 2545 2546
f 2545 2547 2546
f 2546 2547 2548
f 2547 2549 2548
f 2548 2549 2550
f 2549 2551 2550
f 2550 2551 2552
f 2551 2553 2552
f 2552 2553 2554
f 2553 2555 2554
f 2554 2555 2556
f 2555 2557 2556
f 2556 2557 2558
f 2557 2559 2558
f 2558 2559 2560
f 2559 2561 2560
f 2560 2561 2562
f 2561 2563 2562
f 2562 2563 2564
f 2563 2565 2564
f 2564 2565 2566
f 2565 2567 2566
f 2566 2567 2568
f 2567 2569 2568
f 2568 2569 2570
f 2569 2571 2570
f 2570 2571 2572
f 2571 2573 2572
f 2572 2573 2574
f 2573 2575 2574
f 2574 2575 2576
f 2575 2577 2576
f 2576 2577 2578
f 2577 2579 2578
f 2578 2579 2580
f 2579 2581 2580
f 2580 2581 2582
f 2581 2583 2582
f 2582 2583 2584
f 2583 2585 2584
f 2584 2585 2586
f 2585 2587 2586
f 2586 2587 2588
f 2587 2589 2588
f 2588 2589 2590
f 2589 2591 2590
f 2590 2591 2592
f 2591 2593 2592
f 2592 2593 2594
f 2593 2595 2594
f 2594 2595 2596
f 2595 2597 2596
f 2596 2597 2598
f 2597 2599 2598
f 2598 2599 2600
f 2599 2601 2600
f 2600 2601 2602
f 2601 2603 2602
f 2602 2603 2604
f 2603 2605 2604
f 2604 2605 2606
f 2605 2607 2606
f 2606 2607 2608
f 2607 2609 2608
f 2608 2609 2610
f 2609 2611 2610
f 2610 2611 2612
f 2611 2613 2612
f 2612 2613 2614
f 2613 2615 2614
f 2614 2615 2616
f 2615 2617 2616
f 2616 2617 2618
f 2617 2619 2618
f 2618 2619 2620
f 2619 2621 2620
f 2620 2621 2622
f 2621 2623 2622
f 2622 2623 2624
f 2623 2625 2624
f 2624 2625 2626
f 2625 2627 2626
f 2626 2627 2628
f 2627 2629 2628
f 2628 2629 2630
f 2629 2631 2630
f 2630 2631 2632
f 2631 2633 2632
f 2632 2633 2634
f 2633 2635 2634
f 2634 2635 2636
f 2635 2637 2636
f 2636 2637 2638
f 2637 2639 2638
f 2638 2639 2640
f 2639 2641 2640
f 2640 2641 2642
f 2641 2643 2642
f 2642 2643 2644
f 2643 2645 2644
f 2644 2645 2646
f 2645 2647 2646
f 2646 2647 2648
f 2647 2649 2648
f 2648 2649 2650
f 2649 2651 2650
f 2650 2651 2652
f 2651 2653 2652
f 2652 2653 2654
f 2653 2655 2654
f 2654 2655 2656
f 2655 2657 2656
f 2656 2657 2658
f 2657 2659 2658
f 2658 2659 2660
f 2659 2661 2660
f 2660 2661 2662
f 2661 2663 2662
f 2662 2663 2664
f 2663 2665 2664
f 2664 2665 2666
f 2665 2667 2666
f 2666 2667 2524
f 2667 2525 2524
f 2529 2527 2668
f 2527 2525 2668
f 2668 2525 2667
f 2535 2533 2668
f 2533 2531 2668
f 2668 2531 2529
f 2541 2539 2668
f 2539 2537 2668
f 2668 2537 2535
f 2547 2545 2668
f 2545 2543 2668
f 2668 2543 2541
f 2553 2551 2668
f 2551 2549 2668
f 2668 2549 2547
f 2559 2557 2668
f 2557 2555 2668
f 2668 2555 2553
f 2565 2563 2668
f 2563 2561 2668
f 2668 2561 2559
f 2571 2569 2668
f 2569 2567 2668
f 2668 2567 2565
f 2577 2575 2668
f 2575 2573 2668
f 2668 2573 2571
f 2583 2581 2668
f 2581 2579 2668
f 2668 2579 2577
f 2589 2587 2668
f 2587 2585 2668
f 2668 2585 2583
f 2595 2593 2668
f 2593 2591 2668
f 2668 2591 2589
f 2601 2599 2668
f 2599 2597 2668
f 2668 2597 2595
f 2607 2605 2668
f 2605 2603 2668
f 2668 2603 2601
f 2613 2611 2668
f 2611 2609 2668
f 2668 2609 2607
f 2619 2617 2668
f 2617 2615 2668
f 2668 2615 2613
f 2625 2623 2668
f 2623 2621 2668
f 2668 2621 2619
f 2631 2629 2668
f 2629 2627 2668
f 2668 2627 2625
f 2637 2635 2668
f 2635 2633 2668
f 2668 2633 2631
f 2643 2641 2668
f 2641 2639 2668
f 2668 2639 2637
f 2649 2647 2668
f 2647 2645 2668
f 2668 2645 2643
f 2655 2653 2668
f 2653 2651 2668
f 2668 2651 2649
f 2661 2659 2668
f 2659 2657 2668
f 2668 2657 2655
f 2667 2665 2668
f 2665 2663 2668
f 2668 2663 2661
f 2669 2670 2671
f 2670 2672 2671
f 2671 2672 2673
f 2672 2674 2673
f 2673 2674 2675
f 2674 2676 2675
f 2675 2676 2677
f 2676 2678 2677
f 2677 2678 2679
f 2678 2680 2679
f 2679 2680 2681
f 2680 2682 2681
f 2681 2682 2683
f 2682 2684 2683
f 2683 2684 2685
f 2684 2686 2685
f 2685 2686 2687
f 2686 2688 2687
f 2687 2688 2689
f 2688 2690 2689
f 2689 2690 2691
f 2690 2692 2691
f 2691 2692 2693
f 2692 2694 2693
f 2693 2694 2695
f 2694 2696 2695
f 2695 2696 2697
f 2696 2698 2697
f 2697 2698 2699
f 2698 2700 2699
f 2699 2700 2701
f 2700 2702 2701
f 2701 2702 2703
f 2702 2704 2703
f 2703 2704 2705
f 2704 2706 2705
f 2705 2706 2707
f 2706 2708 2707
f 2707 2708 2709
f 2708 2710 2709
f 2709 2710 2711
f 2710 2712 2711
f 2711 2712 2713
f 2712 2714 2713
f 2713 2714 2715
f 2714 2716 2715
f 2715 2716 2717
f 2716 2718 2717
f 2717 2718 2719
f 2718 2720 2719
f 2719 2720 2721
f 2720 2722 2721
f 2721 2722 2723
f 2722 2724 2723
f 2723 2724 2725
f 2724 2726 2725
f 2725 2726 2727
f 2726 2728 2727
f 2727 2728 2729
f 2728 2730 2729
f 2729 2730 2731
f 2730 2732 2731
f 2731 2732 2733
f 2732 2734 2733
f 2733 2734 2735
f 2734 2736 2735
f 2735 2736 2737
f 2736 2738 2737
f 2737 2738 2739
f 2738 2740 2739
f 2739 2740 2741
f 2740 2742 2741
f 2741 2742 2743
f 2742 2744 2743
f 2743 2744 2745
f 2744 2746 2745
f 2745 2746 2747
f 2746 2748 2747
f 2747 2748 2749
f 2748 2750 2749
f 2749 2750 2751
f 2750 2752 2751
f 2751 2752 2753
f 2752 2754 2753
f 2753 2754 2755
f 2754 2756 2755
f 2755 2756 2757
f 2756 2758 2757
f 2757 2758 2759
f 2758 2760 2759
f 2759 2760 2761
f 2760 2762 2761
f 2761 2762 2763
f 2762 2764 2763
f 2763 2764 2765
f 2764 2766 2765
f 2765 2766 2767
f 2766 2768 2767
f 2767 2768 2769
f 2768 2770 2769
f 2769 2770 2771
f 2770 2772 2771
f 2771 2772 2773
f 2772 2774 2773
f 2773 2774 2775
f 2774 2776 2775
f 2775 2776 2777
f 2776 2778 2777
f 2777 2778 2779
f 2778 2780 2779
f 2779 2780 2781
f 2780 2782 2781
f 2781 2782 2783
f 2782 2784 2783
f 2783 2784 2785
f 2784 2786 2785
f 2785 2786 2787
f 2786 2788 2787
f 2787 2788 2789
f 2788 2790 2789
f 2789 2790 2791
f 2790 2792 2791
f 2791 2792 2793
f 2792 2794 2793
f 2793 2794 2795
f 2794 2796 2795
f 2795 2796 2797
f 2796 2798 2797
f 2797 2798 2799
f 2798 2800 2799
f 2799 2800 2801
f 2800 2802 2801
f 2801 2802 2803
f 2802 2804 2803
f 2803 2804 2805
f 2804 2806 2805
f 2805 2806 2807
f 2806 2808 2807
f 2807 2808 2809
f 2808 2810 2809
f 2809 2810 2811
f 2810 2812 2811
f 2811 2812 2669
f 2812 2670 2669
f 2674 2672 2813
f 2672 2670 2813
f 2813 2670 2812
f 2680 2678 2813
f 2678 2676 2813
f 2813 2676 2674
f 2686 2684 2813
f 2684 2682 2813
f 2813 2682 2680
f 2692 2690 2813
f 2690 2688 2813
f 2813 2688 2686
f 2698 2696 2813
f 2696 2694 2813
f 2813 2694 2692
f 2704 2702 2813
f 2702 2700 2813
f 2813 2700 2698
f 2710 2708 2813
f 2708 2706 2813
f 2813 2706 2704
f 2716 2714 2813
f 2714 2712 2813
f 2813 2712 2710
f 2722 2720 2813
f 2720 2718 2813
f 2813 2718 2716
f 2728 2726 2813
f 2726 2724 2813
f 2813 2724 2722
f 2734 2732 2813
f 2732 2730 2813
f 2813 2730 2728
f 2740 2738 2813
f 2738 2736 2813
f 2813 2736 2734
f 2746 2744 2813
f 2744 2742 2813
f 2813 2742 2740
f 2752 2750 2813
f 2750 2748 2813
f 2813 2748 2746
f 2758 2756 2813
f 2756 2754 2813
f 2813 2754 2752
f 2764 2762 2813
f 2762 2760 2813
f 2813 2760 2758
f 2770 2768 2813
f 2768 2766 2813
f 2813 2766 2764
f 2776 2774 2813
f 2774 2772 2813
f 2813 2772 2770
f 2782 2780 2813
f 2780 2778 2813
f 2813 2778 2776
f 2788 2786 2813
f 2786 2784 2813
f 2813 2784 2782
f 2794 2792 2813
f 2792 2790 2813
f 2813 2790 2788
f 2800 2798 2813
f 2798 2796 2813
f 2813 2796 2794
f 2806 2804 2813
f 2804 2802 2813
f 2813 2802 2800
f 2812 2810 2813
f 2810 2808 2813
f 2813 2808 2806
f 2814 2815 2816
f 2815 2817 2816
f 2816 2817 2818
f 2817 2819 2818
f 2818 2819 2820
f 2819 2821 2820
f 2820 2821 2822
f 2821 2823 2822
f 2822 2823 2824
f 2823 2825 2824
f 2824 2825 2826
f 2825 2827 2826
f 2826 2827 2828
f 2827 2829 2828
f 2828 2829 2830
f 2829 2831 2830
f 2830 2831 2832
f 2831 2833 2832
f 2832 2833 2834
f 2833 2835 2834
f 2834 2835 2836
f 2835 2837 2836
f 2836 2837 2838
f 2837 2839 2838
f 2838 2839 2840
f 2839 2841 2840
f 2840 2841 2842
f 2841 2843 2842
f 2842 2843 2844
f 2843 2845 2844
f 2844 2845 2846
f 2845 2847 2846
f 2846 2847 2848
f 2847 2849 2848
f 2848 2849 2850
f 2849 2851 2850
f 2850 2851 2852
f 2851 2853 2852
f 2852 2853 2854
f 2853 2855 2854
f 2854 2855 2856
f 2855 2857 2856
f 2856 2857 2858
f 2857 2859 2858
f 2858 2859 2860
f 2859 2861 2860
f 2860 2861 2862
f 2861 2863 2862
f 2862 2863 2864
f 2863 2865 2864
f 2864 2865 2866
f 2865 2867 2866
f 2866 2867 2868
f 2867 2869 2868
f 2868 2869 2870
f 2869 2871 2870
f 2870 2871 2872
f 2871 2873 2872
f 2872 2873 2874
f 2873 2875 2874
f 2874 2875 2876
f 2875 2877 2876
f 2876 2877 2878
f 2877 2879 2878
f 2878 2879 2880
f 2879 2881 2880
f 2880 2881 2882
f 2881 2883 2882
f 2882 2883 2884
f 2883 2885 2884
f 2884 2885 2886
f 2885 2887 2886
f 2886 2887 2888
f 2887 2889 2888
f 2888 2889 2890
f 2889 2891 2890
f 2890 2891 2892
f 2891 2893 2892
f 2892 2893 2894
f 2893 2895 2894
f 2894 2895 2896
f 2895 2897 2896
f 2896 2897 2898
f 2897 2899 2898
f 2898 2899 2900
f 2899 2901 2900
f 2900 2901 2902
f 2901 2903 2902
f 2902 2903 2904
f 2903 2905 2904
f 2904 2905 2906
f 2905 2907 2906
f 2906 2907 2908
f 2907 2909 2908
f 2908 2909 2910
f 2909 2911 2910
f 2910 2911 2912
f 2911 2913 2912
f 2912 2913 2914
f 2913 2915 2914
f 2914 2915 2916
f 2915 2917 2916
f 2916 2917 2918
f 2917 2919 2918
f 2918 2919 2920
f 2919 2921 2920
f 2920 2921 2922
f 2921 2923 2922
f 2922 2923 2924
f 2923 2925 2924
f 2924 2925 2926
f 2925 2927 2926
f 2926 2927 2928
f 2927 2929 2928
f 2928 2929 2930
f 2929 2931 2930
f 2930 2931 2932
f 2931 2933 2932
f 2932 2933 2934
f 2933 2935 2934
f 2934 2935 2936
f 2935 2937 2936
f 2936 2937 2938
f 2937 2939 2938
f 2938 2939 2940
f 2939 2941 2940
f 2940 2941 2942
f 2941 2943 2942
f 2942 2943 2944
f 2943 2945 2944
f 2944 2945 2946
f 2945 2947 2946
f 2946 2947 2948
f 2947 2949 2948
f 2948 2949 2950
f 2949 2951 2950
f 2950 2951 2952
f 2951 2953 2952
f 2952 2953 2954
f 2953 2955 2954
f 2954 2955 2956
f 2955 2957 2956
f 2956 2957 2814
f 2957 2815 2814
f 2819 2817 2958
f 2817 2815 2958
f 2958 2815 2957
f 2825 2823 2958
f 2823 2821 2958
f 2958 2821 2819
f 2831 2829 2958
f 2829 2827 2958
f 2958 2827 2825
f 2837 2835 2958
f 2835 2833 2958
f 2958 2833 2831
f 2843 2841 2958
f 2841 2839 2958
f 2958 2839 2837
f 2849 2847 2958
f 2847 2845 2958
f 2958 2845 2843
f 2855 2853 2958
f 2853 2851 2958
f 2958 2851 2849
f 2861 2859 2958
f 2859 2857 2958
f 2958 2857 2855
f 2867 2865 2958
f 2865 2863 2958
f 2958 2863 2861
f 2873 2871 2958
f 2871 2869 2958
f 2958 2869 2867
f 2879 2877 2958
f 2877 2875 2958
f 2958 2875 2873
f 2885 2883 2958
f 2883 2881 2958
f 2958 2881 2879
f 2891 2889 2958
f 2889 2887 2958
f 2958 2887 2885
f 2897 2895 2958
f 2895 2893 2958
f 2958 2893 2891
f 2903 2901 2958
f 2901 2899 2958
f 2958 2899 2897
f 2909 2907 2958
f 2907 2905 2958
f 2958 2905 2903
f 2915 2913 2958
f 2913 2911 2958
f 2958 2911 2909
f 2921 2919 2958
f 2919 2917 2958
f 2958 2917 2915
f 2927 2925 2958
f 2925 2923 2958
f 2958 2923 2921
f 2933 2931 2958
f 2931 2929 2958
f 2958 2929 2927
f 2939 2937 2958
f 2937 2935 2958
f 2958 2935 2933
f 2945 2943 2958
f 2943 2941 2958
f 2958 2941 2939
f 2951 2949 2958
f 2949 2947 2958
f 2958 2947 2945
f 2957 2955 2958
f 2955 2953 2958
f 2958 2953 2951
f 2959 2960 2961
f 2960 2962 2961
f 2961 2962 2963
f 2962 2964 2963
f 2963 2964 2965
f 2964 2966 2965
f 2965 2966 2967
f 2966 2968 2967
f 2967 2968 2969
f 2968 2970 2969
f 2969 2970 2971
f 2970 2972 2971
f 2971 2972 2973
f 2972 2974 2973
f 2973 2974 2975
f 2974 2976 2975
f 2975 2976 2977
f 2976 2978 2977
f 2977 2978 2979
f 2978 2980 2979
f 2979 2980 2981
f 2980 2982 2981
f 2981 2982 2983
f 2982 2984 2983
f 2983 2984 2985
f 2984 2986 2985
f 2985 2986 2987
f 2986 2988 2987
f 2987 2988 2989
f 2988 2990 2989
f 2989 2990 2991
f 2990 2992 2991
f 2991 2992 2993
f 2992 2994 2993
f 2993 2994 2995
f 2994 2996 2995
f 2995 2996 2997
f 2996 2998 2997
f 2997 2998 2999
f 2998 3000 2999
f 2999 3000 3001
f 3000 3002 3001
f 3001 3002 3003
f 3002 3004 3003
f 3003 3004 3005
f 3004 3006 3005
f 3005 3006 3007
f 3006 3008 3007
f 3007 3008 3009
f 3008 3010 3009
f 3009 3010 3011
f 3010 3012 3011
f 3011 3012 3013
f 3012 3014 3013
f 3013 3014 3015
f 3014 3016 3015
f 3015 3016 3017
f 3016 3018 3017
f 3017 3018 3019
f 3018 3020 3019
f 3019 3020 3021
f 3020 3022 3021
f 3021 3022 3023
f 3022 3024 3023
f 3023 3024 3025
f 3024 3026 3025
f 3025 3026 3027
f 3026 3028 3027
f 3027 3028 3029
f 3028 3030 3029
f 3029 3030 3031
f 3030 3032 3031
f 3031 3032 3033
f 3032 3034 3033
f 3033 3034 3035
f 3034 3036 3035
f 3035 3036 3037
f 3036 3038 3037
f 3037 3038 3039
f 3038 3040 3039
f 3039 3040 3041
f 3040 3042 3041
f 3041 3042 3043
f 3042 3044 3043
f 3043 3044 3045
f 3044 3046 3045
f 3045 3046 3047
f 3046 3048 3047
f 3047 3048 3049
f 3048 3050 3049
f 3049 3050 3051
f 3050 3052 3051
f 3051 3052 3053
f 3052 3054 3053
f 3053 3054 3055
f 3054 3056 3055
f 3055 3056 3057
f 3056 3058 3057
f 3057 3058 3059
f 3058 3060 3059
f 3059 3060 3061
f 3060 3062 3061
f 3061 3062 3063
f 3062 3064 3063
f 3063 3064 3065
f 3064 3066 3065
f 3065 3066 3067
f 3066 3068 3067
f 3067 3068 3069
f 3068 3070 3069
f 3069 3070 3071
f 3070 3072 3071
f 3071 3072 3073
f 3072 3074 3073
f 3073 3074 3075
f 3074 3076 3075
f 3075 3076 3077
f 3076 3078 3077
f 3077 3078 3079
f 3078 3080 3079
f 3079 3080 3081
f 3080 3082 3081
f 3081 3082 3083
f 3082 3084 3083
f 3083 3084 3085
f 3084 3086 3085
f 3085 3086 3087
f 3086 3088 3087
f 3087 3088 3089
f 3088 3090 3089
f 3089 3090 3091
f 3090 3092 3091
f 3091 3092 3093
f 3092 3094 3093
f 3093 3094 3095
f 3094 3096 3095
f 3095 3096 3097
f 3096 3098 3097
f 3097 3098 3099
f 3098 3100 3099
f 3099 3100 3101
f 3100 3102 3101
f 3101 3102 2959
f 3102 2960 2959
f 2964 2962 3103
f 2962 2960 3103
f 3103 2960 3102
f 2970 2968 3103
f 2968 2966 3103
f 3103 2966 2964
f 2976 2974 3103
f 2974 2972 3103
f 3103 2972 2970
f 2982 2980 3103
f 2980 2978 3103
f 3103 2978 2976
f 2988 2986 3103
f 2986 2984 3103
f 3103 2984 2982
f 2994 2992 3103
f 2992 2990 3103
f 3103 2990 2988
f 3000 2998 3103
f 2998 2996 3103
f 3103 2996 2994
f 3006 3004 3103
f 3004 3002 3103
f 3103 3002 3000
f 3012 3010 3103
f 3010 3008 3103
f 3103 3008 3006
f 3018 3016 3103
f 3016 3014 3103
f 3103 3014 3012
f 3024 3022 3103
f 3022 3020 3103
f 3103 3020 3018
f 3030 3028 3103
f 3028 3026 3103
f 3103 3026 3024
f 3036 3034 3103
f 3034 3032 3103
f 3103 3032 3030
f 3042 3040 3103
f 3040 3038 3103
f 3103 3038 3036
f 3048 3046 3103
f 3046 3044 3103
f 3103 3044 3042
f 3054 3052 3103
f 3052 3050 3103
f 3103 3050 3048
f 3060 3058 3103
f 3058 3056 3103
f 3103 3056 3054
f 3066 3064 3103
f 3064 3062 3103
f 3103 3062 3060
f 3072 3070 3103
f 3070 3068 3103
f 3103 3068 3066
f 3078 3076 3103
f 3076 3074 3103
f 3103 3074 3072
f 3084 3082 3103
f 3082 3080 3103
f 3103 3080 3078
f 3090 3088 3103
f 3088 3086 3103
f 3103 3086 3084
f 3096 3094 3103
f 3094 3092 3103
f 3103 3092 3090
f 3102 3100 3103
f 3100 3098 3103
f 3103 3098 3096
f 3104 3105 3106
f 3105 3107 3106
f 3106 3107 3108
f 3107 3109 3108
f 3108 3109 3110
f 3109 3111 3110
f 3110 3111 3112
f 3111 3113 3112
f 3112 3113 3114
f 3113 3115 3114
f 3114 3115 3116
f 3115 3117 3116
f 3116 3117 3118
f 3117 3119 3118
f 3118 3119 3120
f 3119 3121 3120
f 3120 3121 3122
f 3121 3123 3122
f 3122 3123 3124
f 3123 3125 3124
f 3124 3125 3126
f 3125 3127 3126
f 3126 3127 3128
f 3127 3129 3128
f 3128 3129 3130
f 3129 3131 3130
f 3130 3131 3132
f 3131 3133 3132
f 3132 3133 3134
f 3133 3135 3134
f 3134 3135 3136
f 3135 3137 3136
f 3136 3137 3138
f 3137 3139 3138
f 3138 3139 3140
f 3139 3141 3140
f 3140 3141 3142
f 3141 3143 3142
f 3142 3143 3144
f 3143 3145 3144
f 3144 3145 3146
f 3145 3147 3146
f 3146 3147 3148
f 3147 3149 3148
f 3148 3149 3150
f 3149 3151 3150
f 3150 3151 3152
f 3151 3153 3152
f 3152 3153 3154
f 3153 3155 3154
f 3154 3155 3156
f 3155 3157 3156
f 3156 3157 3158
f 3157 3159 3158
f 3158 3159 3160
f 3159 3161 3160
f 3160 3161 3162
f 3161 3163 3162
f 3162 3163 3164
f 3163 3165 3164
f 3164 3165 3166
f 3165 3167 3166
f 3166 3167 3168
f 3167 3169 3168
f 3168 3169 3170
f 3169 3171 3170
f 3170 3171 3172
f 3171 3173 3172
f 3172 3173 3174
f 3173 3175 3174
f 3174 3175 3176
f 3175 3177 3176
f 3176 3177 3178
f 3177 3179 3178
f 3178 3179 3180
f 3179 3181 3180
f 3180 3181 3182
f 3181 3183 3182
f 3182 3183 3184
f 3183 3185 3184
f 3184 3185 3186
f 3185 3187 3186
f 3186 3187 3188
f 3187 3189 3188
f 3188 3189 3190
f 3189 3191 3190
f 3190 3191 3192
f 3191 3193 3192
f 3192 3193 3194
f 3193 3195 3194
f 3194 3195 3196
f 3195 3197 3196
f 3196 3197 3198
f 3197 3199 3198
f 3198 3199 3200
f 3199 3201 3200
f 3200 3201 3202
f 3201 3203 3202
f 3202 3203 3204
f 3203 3205 3204
f 3204 3205 3206
f 3205 3207 3206
f 3206 3207 3208
f 3207 3209 3208
f 3208 3209 3210
f 3209 3211 3210
f 3210 3211 3212
f 3211 3213 3212
f 3212 3213 3214
f 3213 3215 3214
f 3214 3215 3216
f 3215 3217 3216
f 3216 3217 3218
f 3217 3219 3218
f 3218 3219 3220
f 3219 3221 3220
f 3220 3221 3222
f 3221 3223 3222
f 3222 3223 3224
f 3223 3225 3224
f 3224 3225 3226
f 3225 3227 3226
f 3226 3227 3228
f 3227 3229 3228
f 3228 3229 3230
f 3229 3231 3230
f 3230 3231 3232
f 3231 3233 3232
f 3232 3233 3234
f 3233 3235 3234
f 3234 3235 3236
f 3235 3237 3236
f 3236 3237 3238
f 3237 3239 3238
f 3238 3239 3240
f 3239 3241 3240
f 3240 3241 3242
f 3241 3243 3242
f 3242 3243 3244
f 3243 3245 3244
f 3244 3245 3246
f 3245 3247 3246
f 3246 3247 3104
f 3247 3105 3104
f 3109 3107 3248
f 3107 3105 3248
f 3248 3105 3247
f 3115 3113 3248
f 3113 3111 3248
f 3248 3111 3109
f 3121 3119 3248
f 3119 3117 3248
f 3248 3117 3115
f 3127 3125 3248
f 3125 3123 3248
f 3248 3123 3121
f 3133 3131 3248
f 3131 3129 3248
f 3248 3129 3127
f 3139 3137 3248
f 3137 3135 3248
f 3248 3135 3133
f 3145 3143 3248
f 3143 3141 3248
f 3248 3141 3139
f 3151 3149 3248
f 3149 3147 3248
f 3248 3147 3145
f 3157 3155 3248
f 3155 3153 3248
f 3248 3153 3151
f 3163 3161 3248
f 3161 3159 3248
f 3248 3159 3157
f 3169 3167 3248
f 3167 3165 3248
f 3248 3165 3163
f 3175 3173 3248
f 3173 3171 3248
f 3248 3171 3169
f 3181 3179 3248
f 3179 3177 3248
f 3248 3177 3175
f 3187 3185 3248
f 3185 3183 3248
f 3248 3183 3181
f 3193 3191 3248
f 3191 3189 3248
f 3248 3189 3187
f 3199 3197 3248
f 3197 3195 3248
f 3248 3195 3193
f 3205 3203 3248
f 3203 3201 3248
f 3248 3201 3199
f 3211 3209 3248
f 3209 3207 3248
f 3248 3207 3205
f 3217 3215 3248
f 3215 3213 3248
f 3248 3213 3211
f 3223 3221 3248
f 3221 3219 3248
f 3248 3219 3217
f 3229 3227 3248
f 3227 3225 3248
f 3248 3225 3223
f 3235 3233 3248
f 3233 3231 3248
f 3248 3231 3229
f 3241 3239 3248
f 3239 3237 3248
f 3248 3237 3235
f 3247 3245 3248
f 3245 3243 3248
f 3248 3243 3241
f 2159 1772 3249
f 1772 2049 3249
f 3249 2049 3250
f 2049 2051 3250
f 3250 2051 3251
f 2051 2053 3251
f 3251 2053 3252
f 2053 2055 3252
f 3252 2055 3253
f 2055 2057 3253
f 3253 2057 3254
f 2057 2059 3254
f 3254 2059 3255
f 2059 2061 3255
f 3255 2061 3256
f 2061 2063 3256
f 3256 2063 3257
f 2063 2065 3257
f 3257 2065 3258
f 2065 2067 3258
f 3258 2067 3259
f 2067 2069 3259
f 3259 2069 3260
f 2069 2071 3260
f 3260 2071 3261
f 2071 2073 3261
f 3261 2073 3262
f 2073 2075 3262
f 3262 2075 3263
f 2075 2077 3263
f 3263 2077 3264
f 2077 2079 3264
f 3264 2079 3265
f 2079 2081 3265
f 3265 2081 3266
f 2081 2047 3266
f 3267 3266 2011
f 3266 2047 2011
f 2119 3268 2120
f 3268 2102 2120
f 2119 2118 3268
f 2118 2117 3268
f 3268 2117 2116
f 2110 2109 3268
f 2109 2108 3268
f 2116 2115 3268
f 2115 2114 3268
f 3268 2114 2113
f 2113 2112 3268
f 2112 2111 3268
f 3268 2111 2110
f 2108 2107 3268
f 2107 2106 3268
f 3268 2106 2105
f 2105 2104 3268
f 2104 2103 3268
f 3268 2103 2209
f 1776 3269 3270
f 1776 3270 1777
f 3270 3271 1777
f 1777 3271 1779
f 3271 3272 1779
f 1779 3272 1781
f 3272 3273 1781
f 1781 3273 1783
f 3273 3274 1783
f 1783 3274 1785
f 3274 3275 1785
f 1785 3275 1787
f 3275 3276 1787
f 1787 3276 1789
f 3276 2349 1789
f 1789 2349 1773
f 3277 3269 1792
f 3269 1776 1792
f 3277 1792 1811
f 3277 1811 3278
f 1811 1809 3278
f 3278 1809 3279
f 1809 1807 3279
f 3279 1807 3280
f 1807 1805 3280
f 3280 1805 3281
f 1805 1803 3281
f 3281 1803 3282
f 1803 1801 3282
f 3282 1801 3283
f 1801 1799 3283
f 3283 1799 3284
f 1799 1797 3284
f 3284 1797 3285
f 1797 1795 3285
f 3285 1795 3286
f 1795 1794 3286
f 3286 1794 3287
f 3287 1794 3288
f 1794 1813 3288
f 3288 1813 3289
f 3290 1836 1851
f 3290 1851 3291
f 1851 1849 3291
f 3291 1849 3292
f 1849 1847 3292
f 3292 1847 3293
f 1847 1845 3293
f 3293 1845 3294
f 1845 1843 3294
f 3294 1843 3295
f 1843 1841 3295
f 3295 1841 3296
f 1841 1839 3296
f 3296 1839 3297
f 1839 1838 3297
f 3297 1838 3298
f 1816 3299 3300
f 1816 3300 1817
f 3300 3301 1817
f 1817 3301 1819
f 3301 3302 1819
f 1819 3302 1821
f 3302 3303 1821
f 1821 3303 1823
f 3303 3304 1823
f 1823 3304 1825
f 3304 3305 1825
f 1825 3305 1827
f 3305 3306 1827
f 1827 3306 1829
f 3306 3307 1829
f 1829 3307 1831
f 3307 3308 1831
f 1831 3308 1833
f 3308 3289 1833
f 1833 3289 1813
f 3309 3310 3311
f 3310 3312 3311
f 3311 3312 3313
f 3312 3314 3313
f 3313 3314 3315
f 3314 3316 3315
f 3315 3316 3317
f 3316 3318 3317
f 3317 3318 3319
f 3318 3320 3319
f 3319 3320 3321
f 3320 3322 3321
f 3321 3322 3323
f 3322 3324 3323
f 3323 3324 3325
f 3324 3326 3325
f 3325 3326 3327
f 3326 3328 3327
f 3327 3328 3329
f 3328 3330 3329
f 3329 3330 3331
f 3330 3332 3331
f 3331 3332 3333
f 3332 3334 3333
f 3333 3334 3335
f 3334 3336 3335
f 3335 3336 3337
f 3336 3338 3337
f 3337 3338 3339
f 3338 3340 3339
f 3339 3340 3341
f 3340 3342 3341
f 3341 3342 3343
f 3342 3344 3343
f 3343 3344 3345
f 3344 3346 3345
f 3345 3346 3347
f 3346 3348 3347
f 3347 3348 3349
f 3348 3350 3349
f 3349 3350 3351
f 3350 3352 3351
f 3351 3352 3353
f 3352 3354 3353
f 3353 3354 3355
f 3354 3356 3355
f 3355 3356 3357
f 3356 3358 3357
f 3357 3358 3359
f 3358 3360 3359
f 3359 3360 3361
f 3360 3362 3361
f 3361 3362 3363
f 3362 3364 3363
f 3363 3364 3365
f 3364 3366 3365
f 3365 3366 3367
f 3366 3368 3367
f 3367 3368 3369
f 3368 3370 3369
f 3369 3370 3371
f 3370 3372 3371
f 3371 3372 3373
f 3372 3374 3373
f 3373 3374 3375
f 3374 3376 3375
f 3375 3376 3377
f 3376 3378 3377
f 3377 3378 3379
f 3378 3380 3379
f 3379 3380 3381
f 3380 3382 3381
f 3381 3382 3383
f 3382 3384 3383
f 3383 3384 3385
f 3384 3386 3385
f 3385 3386 3387
f 3386 3388 3387
f 3387 3388 3389
f 3388 3390 3389
f 3389 3390 3391
f 3390 3392 3391
f 3391 3392 3393
f 3392 3394 3393
f 3393 3394 3395
f 3394 3396 3395
f 3395 3396 3397
f 3396 3398 3397
f 3397 3398 3399
f 3398 3400 3399
f 3399 3400 3401
f 3400 3402 3401
f 3401 3402 3403
f 3402 3404 3403
f 3403 3404 3405
f 3404 3406 3405
f 3405 3406 3407
f 3406 3408 3407
f 3407 3408 3409
f 3408 3410 3409
f 3409 3410 3411
f 3410 3412 3411
f 3411 3412 3413
f 3412 3414 3413
f 3413 3414 3415
f 3414 3416 3415
f 3415 3416 3417
f 3416 3418 3417
f 3417 3418 3419
f 3418 3420 3419
f 3419 3420 3421
f 3420 3422 3421
f 3421 3422 3423
f 3422 3424 3423
f 3423 3424 3425
f 3424 3426 3425
f 3425 3426 3427
f 3426 3428 3427
f 3427 3428 3429
f 3428 3430 3429
f 3429 3430 3431
f 3430 3432 3431
f 3431 3432 3433
f 3432 3434 3433
f 3433 3434 3435
f 3434 3436 3435
f 3435 3436 3437
f 3436 3438 3437
f 3437 3438 3439
f 3438 3440 3439
f 3439 3440 3441
f 3440 3442 3441
f 3441 3442 3443
f 3442 3444 3443
f 3443 3444 3445
f 3444 3446 3445
f 3445 3446 3447
f 3446 3448 3447
f 3447 3448 3449
f 3448 3450 3449
f 3449 3450 3451
f 3450 3452 3451
f 3451 3452 3309
f 3452 3310 3309
f 3449 3451 3453
f 3451 3309 3453
f 3453 3309 3311
f 3443 3445 3453
f 3445 3447 3453
f 3453 3447 3449
f 3437 3439 3453
f 3439 3441 3453
f 3453 3441 3443
f 3431 3433 3453
f 3433 3435 3453
f 3453 3435 3437
f 3425 3427 3453
f 3427 3429 3453
f 3453 3429 3431
f 3419 3421 3453
f 3421 3423 3453
f 3453 3423 3425
f 3413 3415 3453
f 3415 3417 3453
f 3453 3417 3419
f 3407 3409 3453
f 3409 3411 3453
f 3453 3411 3413
f 3401 3403 3453
f 3403 3405 3453
f 3453 3405 3407
f 3395 3397 3453
f 3397 3399 3453
f 3453 3399 3401
f 3389 3391 3453
f 3391 3393 3453
f 3453 3393 3395
f 3383 3385 3453
f 3385 3387 3453
f 3453 3387 3389
f 3377 3379 3453
f 3379 3381 3453
f 3453 3381 3383
f 3371 3373 3453
f 3373 3375 3453
f 3453 3375 3377
f 3365 3367 3453
f 3367 3369 3453
f 3453 3369 3371
f 3359 3361 3453
f 3361 3363 3453
f 3453 3363 3365
f 3353 3355 3453
f 3355 3357 3453
f 3453 3357 3359
f 3347 3349 3453
f 3349 3351 3453
f 3453 3351 3353
f 3341 3343 3453
f 3343 3345 3453
f 3453 3345 3347
f 3335 3337 3453
f 3337 3339 3453
f 3453 3339 3341
f 3329 3331 3453
f 3331 3333 3453
f 3453 3333 3335
f 3323 3325 3453
f 3325 3327 3453
f 3453 3327 3329
f 3317 3319 3453
f 3319 3321 3453
f 3453 3321 3323
f 3311 3313 3453
f 3313 3315 3453
f 3453 3315 3317
f 3454 3455 3456
f 3455 3457 3456
f 3456 3457 3458
f 3457 3459 3458
f 3458 3459 3460
f 3459 3461 3460
f 3460 3461 3462
f 3461 3463 3462
f 3462 3463 3464
f 3463 3465 3464
f 3464 3465 3466
f 3465 3467 3466
f 3466 3467 3468
f 3467 3469 3468
f 3468 3469 3470
f 3469 3471 3470
f 3470 3471 3472
f 3471 3473 3472
f 3472 3473 3474
f 3473 3475 3474
f 3474 3475 3476
f 3475 3477 3476
f 3476 3477 3478
f 3477 3479 3478
f 3478 3479 3480
f 3479 3481 3480
f 3480 3481 3482
f 3481 3483 3482
f 3482 3483 3484
f 3483 3485 3484
f 3484 3485 3486
f 3485 3487 3486
f 3486 3487 3488
f 3487 3489 3488
f 3488 3489 3490
f 3489 3491 3490
f 3490 3491 3492
f 3491 3493 3492
f 3492 3493 3494
f 3493 3495 3494
f 3494 3495 3496
f 3495 3497 3496
f 3496 3497 3498
f 3497 3499 3498
f 3498 3499 3500
f 3499 3501 3500
f 3500 3501 3502
f 3501 3503 3502
f 3502 3503 3504
f 3503 3505 3504
f 3504 3505 3506
f 3505 3507 3506
f 3506 3507 3508
f 3507 3509 3508
f 3508 3509 3510
f 3509 3511 3510
f 3510 3511 3512
f 3511 3513 3512
f 3512 3513 3514
f 3513 3515 3514
f 3514 3515 3516
f 3515 3517 3516
f 3516 3517 3518
f 3517 3519 3518
f 3518 3519 3520
f 3519 3521 3520
f 3520 3521 3522
f 3521 3523 3522
f 3522 3523 3524
f 3523 3525 3524
f 3524 3525 3526
f 3525 3527 3526
f 3526 3527 3528
f 3527 3529 3528
f 3528 3529 3530
f 3529 3531 3530
f 3530 3531 3532
f 3531 3533 3532
f 3532 3533 3534
f 3533 3535 3534
f 3534 3535 3536
f 3535 3537 3536
f 3536 3537 3538
f 3537 3539 3538
f 3538 3539 3540
f 3539 3541 3540
f 3540 3541 3542
f 3541 3543 3542
f 3542 3543 3544
f 3543 3545 3544
f 3544 3545 3546
f 3545 3547 3546
f 3546 3547 3548
f 3547 3549 3548
f 3548 3549 3550
f 3549 3551 3550
f 3550 3551 3552
f 3551 3553 3552
f 3552 3553 3554
f 3553 3555 3554
f 3554 3555 3556
f 3555 3557 3556
f 3556 3557 3558
f 3557 3559 3558
f 3558 3559 3560
f 3559 3561 3560
f 3560 3561 3562
f 3561 3563 3562
f 3562 3563 3564
f 3563 3565 3564
f 3564 3565 3566
f 3565 3567 3566
f 3566 3567 3568
f 3567 3569 3568
f 3568 3569 3570
f 3569 3571 3570
f 3570 3571 3572
f 3571 3573 3572
f 3572 3573 3574
f 3573 3575 3574
f 3574 3575 3576
f 3575 3577 3576
f 3576 3577 3578
f 3577 3579 3578
f 3578 3579 3580
f 3579 3581 3580
f 3580 3581 3582
f 3581 3583 3582
f 3582 3583 3584
f 3583 3585 3584
f 3584 3585 3586
f 3585 3587 3586
f 3586 3587 3588
f 3587 3589 3588
f 3588 3589 3590
f 3589 3591 3590
f 3590 3591 3592
f 3591 3593 3592
f 3592 3593 3594
f 3593 3595 3594
f 3594 3595 3596
f 3595 3597 3596
f 3596 3597 3454
f 3597 3455 3454
f 3594 3596 3598
f 3596 3454 3598
f 3598 3454 3456
f 3588 3590 3598
f 3590 3592 3598
f 3598 3592 3594
f 3582 3584 3598
f 3584 3586 3598
f 3598 3586 3588
f 3576 3578 3598
f 3578 3580 3598
f 3598 3580 3582
f 3570 3572 3598
f 3572 3574 3598
f 3598 3574 3576
f 3564 3566 3598
f 3566 3568 3598
f 3598 3568 3570
f 3558 3560 3598
f 3560 3562 3598
f 3598 3562 3564
f 3552 3554 3598
f 3554 3556 3598
f 3598 3556 3558
f 3546 3548 3598
f 3548 3550 3598
f 3598 3550 3552
f 3540 3542 3598
f 3542 3544 3598
f 3598 3544 3546
f 3534 3536 3598
f 3536 3538 3598
f 3598 3538 3540
f 3528 3530 3598
f 3530 3532 3598
f 3598 3532 3534
f 3522 3524 3598
f 3524 3526 3598
f 3598 3526 3528
f 3516 3518 3598
f 3518 3520 3598
f 3598 3520 3522
f 3510 3512 3598
f 3512 3514 3598
f 3598 3514 3516
f 3504 3506 3598
f 3506 3508 3598
f 3598 3508 3510
f 3498 3500 3598
f 3500 3502 3598
f 3598 3502 3504
f 3492 3494 3598
f 3494 3496 3598
f 3598 3496 3498
f 3486 3488 3598
f 3488 3490 3598
f 3598 3490 3492
f 3480 3482 3598
f 3482 3484 3598
f 3598 3484 3486
f 3474 3476 3598
f 3476 3478 3598
f 3598 3478 3480
f 3468 3470 3598
f 3470 3472 3598
f 3598 3472 3474
f 3462 3464 3598
f 3464 3466 3598
f 3598 3466 3468
f 3456 3458 3598
f 3458 3460 3598
f 3598 3460 3462
f 3599 3600 3601
f 3600 3602 3601
f 3601 3602 3603
f 3602 3604 3603
f 3603 3604 3605
f 3604 3606 3605
f 3605 3606 3607
f 3606 3608 3607
f 3607 3608 3609
f 3608 3610 3609
f 3609 3610 3611
f 3610 3612 3611
f 3611 3612 3613
f 3612 3614 3613
f 3613 3614 3615
f 3614 3616 3615
f 3615 3616 3617
f 3616 3618 3617
f 3617 3618 3619
f 3618 3620 3619
f 3619 3620 3621
f 3620 3622 3621
f 3621 3622 3623
f 3622 3624 3623
f 3623 3624 3625
f 3624 3626 3625
f 3625 3626 3627
f 3626 3628 3627
f 3627 3628 3629
f 3628 3630 3629
f 3629 3630 3631
f 3630 3632 3631
f 3631 3632 3633
f 3632 3634 3633
f 3633 3634 3635
f 3634 3636 3635
f 3635 3636 3637
f 3636 3638 3637
f 3637 3638 3639
f 3638 3640 3639
f 3639 3640 3641
f 3640 3642 3641
f 3641 3642 3643
f 3642 3644 3643
f 3643 3644 3645
f 3644 3646 3645
f 3645 3646 3647
f 3646 3648 3647
f 3647 3648 3649
f 3648 3650 3649
f 3649 3650 3651
f 3650 3652 3651
f 3651 3652 3653
f 3652 3654 3653
f 3653 3654 3655
f 3654 3656 3655
f 3655 3656 3657
f 3656 3658 3657
f 3657 3658 3659
f 3658 3660 3659
f 3659 3660 3661
f 3660 3662 3661
f 3661 3662 3663
f 3662 3664 3663
f 3663 3664 3665
f 3664 3666 3665
f 3665 3666 3667
f 3666 3668 3667
f 3667 3668 3669
f 3668 3670 3669
f 3669 3670 3671
f 3670 3672 3671
f 3671 3672 3673
f 3672 3674 3673
f 3673 3674 3675
f 3674 3676 3675
f 3675 3676 3677
f 3676 3678 3677
f 3677 3678 3679
f 3678 3680 3679
f 3679 3680 3681
f 3680 3682 3681
f 3681 3682 3683
f 3682 3684 3683
f 3683 3684 3685
f 3684 3686 3685
f 3685 3686 3687
f 3686 3688 3687
f 3687 3688 3689
f 3688 3690 3689
f 3689 3690 3691
f 3690 3692 3691
f 3691 3692 3693
f 3692 3694 3693
f 3693 3694 3695
f 3694 3696 3695
f 3695 3696 3697
f 3696 3698 3697
f 3697 3698 3699
f 3698 3700 3699
f 3699 3700 3701
f 3700 3702 3701
f 3701 3702 3703
f 3702 3704 3703
f 3703 3704 3705
f 3704 3706 3705
f 3705 3706 3707
f 3706 3708 3707
f 3707 3708 3709
f 3708 3710 3709
f 3709 3710 3711
f 3710 3712 3711
f 3711 3712 3713
f 3712 3714 3713
f 3713 3714 3715
f 3714 3716 3715
f 3715 3716 3717
f 3716 3718 3717
f 3717 3718 3719
f 3718 3720 3719
f 3719 3720 3721
f 3720 3722 3721
f 3721 3722 3723
f 3722 3724 3723
f 3723 3724 3725
f 3724 3726 3725
f 3725 3726 3727
f 3726 3728 3727
f 3727 3728 3729
f 3728 3730 3729
f 3729 3730 3731
f 3730 3732 3731
f 3731 3732 3733
f 3732 3734 3733
f 3733 3734 3735
f 3734 3736 3735
f 3735 3736 3737
f 3736 3738 3737
f 3737 3738 3739
f 3738 3740 3739
f 3739 3740 3741
f 3740 3742 3741
f 3741 3742 3599
f 3742 3600 3599
f 3604 3602 3743
f 3602 3600 3743
f 3743 3600 3742
f 3610 3608 3743
f 3608 3606 3743
f 3743 3606 3604
f 3616 3614 3743
f 3614 3612 3743
f 3743 3612 3610
f 3622 3620 3743
f 3620 3618 3743
f 3743 3618 3616
f 3628 3626 3743
f 3626 3624 3743
f 3743 3624 3622
f 3634 3632 3743
f 3632 3630 3743
f 3743 3630 3628
f 3640 3638 3743
f 3638 3636 3743
f 3743 3636 3634
f 3646 3644 3743
f 3644 3642 3743
f 3743 3642 3640
f 3652 3650 3743
f 3650 3648 3743
f 3743 3648 3646
f 3658 3656 3743
f 3656 3654 3743
f 3743 3654 3652
f 3664 3662 3743
f 3662 3660 3743
f 3743 3660 3658
f 3670 3668 3743
f 3668 3666 3743
f 3743 3666 3664
f 3676 3674 3743
f 3674 3672 3743
f 3743 3672 3670
f 3682 3680 3743
f 3680 3678 3743
f 3743 3678 3676
f 3688 3686 3743
f 3686 3684 3743
f 3743 3684 3682
f 3694 3692 3743
f 3692 3690 3743
f 3743 3690 3688
f 3700 3698 3743
f 3698 3696 3743
f 3743 3696 3694
f 3706 3704 3743
f 3704 3702 3743
f 3743 3702 3700
f 3712 3710 3743
f 3710 3708 3743
f 3743 3708 3706
f 3718 3716 3743
f 3716 3714 3743
f 3743 3714 3712
f 3724 3722 3743
f 3722 3720 3743
f 3743 3720 3718
f 3730 3728 3743
f 3728 3726 3743
f 3743 3726 3724
f 3736 3734 3743
f 3734 3732 3743
f 3743 3732 3730
f 3742 3740 3743
f 3740 3738 3743
f 3743 3738 3736
f 3744 3745 3746
f 3745 3747 3746
f 3746 3747 3748
f 3747 3749 3748
f 3748 3749 3750
f 3749 3751 3750
f 3750 3751 3752
f 3751 3753 3752
f 3752 3753 3754
f 3753 3755 3754
f 3754 3755 3756
f 3755 3757 3756
f 3756 3757 3758
f 3757 3759 3758
f 3758 3759 3760
f 3759 3761 3760
f 3760 3761 3762
f 3761 3763 3762
f 3762 3763 3764
f 3763 3765 3764
f 3764 3765 3766
f 3765 3767 3766
f 3766 3767 3768
f 3767 3769 3768
f 3768 3769 3770
f 3769 3771 3770
f 3770 3771 3772
f 3771 3773 3772
f 3772 3773 3774
f 3773 3775 3774
f 3774 3775 3776
f 3775 3777 3776
f 3776 3777 3778
f 3777 3779 3778
f 3778 3779 3780
f 3779 3781 3780
f 3780 3781 3782
f 3781 3783 3782
f 3782 3783 3784
f 3783 3785 3784
f 3784 3785 3786
f 3785 3787 3786
f 3786 3787 3788
f 3787 3789 3788
f 3788 3789 3790
f 3789 3791 3790
f 3790 3791 3792
f 3791 3793 3792
f 3792 3793 3794
f 3793 3795 3794
f 3794 3795 3796
f 3795 3797 3796
f 3796 3797 3798
f 3797 3799 3798
f 3798 3799 3800
f 3799 3801 3800
f 3800 3801 3802
f 3801 3803 3802
f 3802 3803 3804
f 3803 3805 3804
f 3804 3805 3806
f 3805 3807 3806
f 3806 3807 3808
f 3807 3809 3808
f 3808 3809 3810
f 3809 3811 3810
f 3810 3811 3812
f 3811 3813 3812
f 3812 3813 3814
f 3813 3815 3814
f 3814 3815 3816
f 3815 3817 3816
f 3816 3817 3818
f 3817 3819 3818
f 3818 3819 3820
f 3819 3821 3820
f 3820 3821 3822
f 3821 3823 3822
f 3822 3823 3824
f 3823 3825 3824
f 3824 3825 3826
f 3825 3827 3826
f 3826 3827 3828
f 3827 3829 3828
f 3828 3829 3830
f 3829 3831 3830
f 3830 3831 3832
f 3831 3833 3832
f 3832 3833 3834
f 3833 3835 3834
f 3834 3835 3836
f 3835 3837 3836
f 3836 3837 3838
f 3837 3839 3838
f 3838 3839 3840
f 3839 3841 3840
f 3840 3841 3842
f 3841 3843 3842
f 3842 3843 3844
f 3843 3845 3844
f 3844 3845 3846
f 3845 3847 3846
f 3846 3847 3848
f 3847 3849 3848
f 3848 3849 3850
f 3849 3851 3850
f 3850 3851 3852
f 3851 3853 3852
f 3852 3853 3854
f 3853 3855 3854
f 3854 3855 3856
f 3855 3857 3856
f 3856 3857 3858
f 3857 3859 3858
f 3858 3859 3860
f 3859 3861 3860
f 3860 3861 3862
f 3861 3863 3862
f 3862 3863 3864
f 3863 3865 3864
f 3864 3865 3866
f 3865 3867 3866
f 3866 3867 3868
f 3867 3869 3868
f 3868 3869 3870
f 3869 3871 3870
f 3870 3871 3872
f 3871 3873 3872
f 3872 3873 3874
f 3873 3875 3874
f 3874 3875 3876
f 3875 3877 3876
f 3876 3877 3878
f 3877 3879 3878
f 3878 3879 3880
f 3879 3881 3880
f 3880 3881 3882
f 3881 3883 3882
f 3882 3883 3884
f 3883 3885 3884
f 3884 3885 3886
f 3885 3887 3886
f 3886 3887 3744
f 3887 3745 3744
f 3749 3747 3888
f 3747 3745 3888
f 3888 3745 3887
f 3755 3753 3888
f 3753 3751 3888
f 3888 3751 3749
f 3761 3759 3888
f 3759 3757 3888
f 3888 3757 3755
f 3767 3765 3888
f 3765 3763 3888
f 3888 3763 3761
f 3773 3771 3888
f 3771 3769 3888
f 3888 3769 3767
f 3779 3777 3888
f 3777 3775 3888
f 3888 3775 3773
f 3785 3783 3888
f 3783 3781 3888
f 3888 3781 3779
f 3791 3789 3888
f 3789 3787 3888
f 3888 3787 3785
f 3797 3795 3888
f 3795 3793 3888
f 3888 3793 3791
f 3803 3801 3888
f 3801 3799 3888
f 3888 3799 3797
f 3809 3807 3888
f 3807 3805 3888
f 3888 3805 3803
f 3815 3813 3888
f 3813 3811 3888
f 3888 3811 3809
f 3821 3819 3888
f 3819 3817 3888
f 3888 3817 3815
f 3827 3825 3888
f 3825 3823 3888
f 3888 3823 3821
f 3833 3831 3888
f 3831 3829 3888
f 3888 3829 3827
f 3839 3837 3888
f 3837 3835 3888
f 3888 3835 3833
f 3845 3843 3888
f 3843 3841 3888
f 3888 3841 3839
f 3851 3849 3888
f 3849 3847 3888
f 3888 3847 3845
f 3857 3855 3888
f 3855 3853 3888
f 3888 3853 3851
f 3863 3861 3888
f 3861 3859 3888
f 3888 3859 3857
f 3869 3867 3888
f 3867 3865 3888
f 3888 3865 3863
f 3875 3873 3888
f 3873 3871 3888
f 3888 3871 3869
f 3881 3879 3888
f 3879 3877 3888
f 3888 3877 3875
f 3887 3885 3888
f 3885 3883 3888
f 3888 3883 3881
f 2190 3889 2191
f 3889 3890 2191
f 2191 3890 2192
f 3890 3891 2192
f 2192 3891 2193
f 3891 3892 2193
f 2193 3892 2194
f 3892 3893 2194
f 2194 3893 2195
f 3893 3894 2195
f 2195 3894 2196
f 3894 3895 2196
f 2196 3895 2197
f 3895 3896 2197
f 2197 3896 2198
f 3896 3897 2198
f 2198 3897 2199
f 3897 3898 2199
f 2199 3898 2200
f 3898 3899 2200
f 2200 3899 2201
f 3899 3900 2201
f 2201 3900 2202
f 3900 3901 2202
f 2202 3901 2203
f 3901 3902 2203
f 2203 3902 2204
f 3902 3903 2204
f 2204 3903 2166
f 3903 3904 2166
f 2166 3904 2167
f 3904 3905 2167
f 2167 3905 2168
f 3905 3906 2168
f 2168 3906 2134
f 3906 3907 2134
f 2134 3907 2135
f 3907 3908 2135
f 2135 3908 2221
f 3908 3909 2221
f 2221 3909 2222
f 3909 3910 2222
f 2222 3910 2223
f 3910 3911 2223
f 2223 3911 2242
f 3911 3912 2242
f 2242 3912 2243
f 3912 3913 2243
f 2243 3913 2244
f 3913 3914 2244
f 2244 3914 2224
f 3914 3915 2224
f 2224 3915 2225
f 3915 3916 2225
f 2225 3916 2226
f 3916 3917 2226
f 2226 3917 2132
f 3917 3918 2132
f 2132 3918 2133
f 3918 3919 2133
f 2133 3919 2139
f 3919 3920 2139
f 2139 3920 2140
f 3920 3921 2140
f 2140 3921 2141
f 3921 3922 2141
f 2141 3922 2128
f 3922 3923 2128
f 2128 3923 2129
f 3923 3924 2129
f 2129 3924 2207
f 3924 3925 2207
f 2207 3925 2144
f 3925 3926 2144
f 2144 3926 2127
f 3926 3927 2127
f 2127 3927 2164
f 3927 3928 2164
f 2164 3928 2165
f 3928 3929 2165
f 2165 3929 2214
f 3929 3930 2214
f 2214 3930 2215
f 3930 3931 2215
f 2215 3931 2216
f 3931 3932 2216
f 2216 3932 2276
f 3932 3933 2276
f 2276 3933 2277
f 3933 3934 2277
f 2277 3934 2278
f 3934 3935 2278
f 2278 3935 2279
f 3935 3936 2279
f 2279 3936 2280
f 3936 3937 2280
f 2280 3937 2281
f 3937 3938 2281
f 2281 3938 2285
f 3938 3939 2285
f 2285 3939 2286
f 3939 3940 2286
f 2286 3940 2287
f 3940 3941 2287
f 2287 3941 2303
f 3941 3942 2303
f 2303 3942 2302
f 3942 3943 2302
f 2302 3943 2290
f 3943 3944 2290
f 2290 3944 2299
f 3944 3945 2299
f 2299 3945 2293
f 3945 3946 2293
f 2293 3946 2294
f 3946 3947 2294
f 2294 3947 2295
f 3947 3948 2295
f 2295 3948 2296
f 3948 3949 2296
f 2296 3949 2297
f 3949 3950 2297
f 2297 3950 2298
f 3950 3951 2298
f 2298 3951 2259
f 3951 3952 2259
f 2259 3952 2260
f 3952 3953 2260
f 2260 3953 2239
f 3953 3954 2239
f 2239 3954 2217
f 3954 3955 2217
f 2217 3955 2218
f 3955 3956 2218
f 2218 3956 2219
f 3956 3957 2219
f 2219 3957 2220
f 3957 3958 2220
f 2220 3958 2188
f 3958 3959 2188
f 2188 3959 2189
f 3959 3960 2189
f 2189 3960 2190
f 3960 3889 2190
f 3961 3962 3963
f 3962 3964 3963
f 3963 3964 3965
f 3964 3966 3965
f 3965 3966 3967
f 3966 3968 3967
f 3967 3968 3969
f 3968 3970 3969
f 3969 3970 3971
f 3970 3972 3971
f 3971 3972 3973
f 3972 3974 3973
f 3973 3974 3975
f 3974 3976 3975
f 3975 3976 3977
f 3976 3978 3977
f 3977 3978 3979
f 3978 3980 3979
f 3979 3980 3981
f 3980 3982 3981
f 3981 3982 3983
f 3982 3984 3983
f 3983 3984 3985
f 3984 3986 3985
f 3985 3986 3987
f 3986 3988 3987
f 3987 3988 3989
f 3988 3990 3989
f 3989 3990 3991
f 3990 3992 3991
f 3991 3992 3993
f 3992 3994 3993
f 3993 3994 3995
f 3994 3996 3995
f 3995 3996 3997
f 3996 3998 3997
f 3997 3998 3999
f 3998 4000 3999
f 3999 4000 4001
f 4000 4002 4001
f 4001 4002 4003
f 4002 4004 4003
f 4003 4004 4005
f 4004 4006 4005
f 4005 4006 4007
f 4006 4008 4007
f 4007 4008 4009
f 4008 4010 4009
f 4009 4010 4011
f 4010 4012 4011
f 4011 4012 4013
f 4012 4014 4013
f 4013 4014 4015
f 4014 4016 4015
f 4015 4016 4017
f 4016 4018 4017
f 4017 4018 4019
f 4018 4020 4019
f 4019 4020 4021
f 4020 4022 4021
f 4021 4022 4023
f 4022 4024 4023
f 4023 4024 4025
f 4024 4026 4025
f 4025 4026 4027
f 4026 4028 4027
f 4027 4028 4029
f 4028 4030 4029
f 4029 4030 4031
f 4030 4032 4031
f 4031 4032 4033
f 4032 4034 4033
f 4033 4034 4035
f 4034 4036 4035
f 4035 4036 4037
f 4036 4038 4037
f 4037 4038 4039
f 4038 4040 4039
f 4039 4040 4041
f 4040 4042 4041
f 4041 4042 4043
f 4042 4044 4043
f 4043 4044 4045
f 4044 4046 4045
f 4045 4046 4047
f 4046 4048 4047
f 4047 4048 4049
f 4048 4050 4049
f 4049 4050 4051
f 4050 4052 4051
f 4051 4052 4053
f 4052 4054 4053
f 4053 4054 4055
f 4054 4056 4055
f 4055 4056 4057
f 4056 4058 4057
f 4057 4058 4059
f 4058 4060 4059
f 4059 4060 4061
f 4060 4062 4061
f 4061 4062 4063
f 4062 4064 4063
f 4063 4064 4065
f 4064 4066 4065
f 4065 4066 4067
f 4066 4068 4067
f 4067 4068 4069
f 4068 4070 4069
f 4069 4070 4071
f 4070 4072 4071
f 4071 4072 4073
f 4072 4074 4073
f 4073 4074 4075
f 4074 4076 4075
f 4075 4076 4077
f 4076 4078 4077
f 4077 4078 4079
f 4078 4080 4079
f 4079 4080 4081
f 4080 4082 4081
f 4081 4082 4083
f 4082 4084 4083
f 4083 4084 4085
f 4084 4086 4085
f 4085 4086 4087
f 4086 4088 4087
f 4087 4088 4089
f 4088 4090 4089
f 4089 4090 4091
f 4090 4092 4091
f 4091 4092 4093
f 4092 4094 4093
f 4093 4094 4095
f 4094 4096 4095
f 4095 4096 4097
f 4096 4098 4097
f 4097 4098 4099
f 4098 4100 4099
f 4099 4100 4101
f 4100 4102 4101
f 4101 4102 4103
f 4102 4104 4103
f 4103 4104 3961
f 4104 3962 3961
f 2257 4105 2183
f 4105 4106 2183
f 2183 4106 2184
f 4106 4107 2184
f 2184 4107 2185
f 4107 4108 2185
f 2185 4108 2186
f 4108 4109 2186
f 2186 4109 2187
f 4109 4110 2187
f 2187 4110 2240
f 4110 4111 2240
f 2240 4111 2241
f 4111 4112 2241
f 2241 4112 2258
f 4112 4113 2258
f 2258 4113 2282
f 4113 4114 2282
f 2282 4114 2283
f 4114 4115 2283
f 2283 4115 2284
f 4115 4116 2284
f 2284 4116 2288
f 4116 4117 2288
f 2288 4117 2289
f 4117 4118 2289
f 2289 4118 2291
f 4118 4119 2291
f 2291 4119 2292
f 4119 4120 2292
f 2292 4120 2300
f 4120 4121 2300
f 2300 4121 2301
f 4121 4122 2301
f 2301 4122 2123
f 4122 4123 2123
f 2123 4123 2229
f 4123 4124 2229
f 2229 4124 2172
f 4124 4125 2172
f 2172 4125 2173
f 4125 4126 2173
f 2173 4126 2210
f 4126 4127 2210
f 2210 4127 2211
f 4127 4128 2211
f 2211 4128 2136
f 4128 4129 2136
f 2136 4129 2137
f 4129 4130 2137
f 2137 4130 2149
f 4130 4131 2149
f 2149 4131 2150
f 4131 4132 2150
f 2150 4132 2151
f 4132 4133 2151
f 2151 4133 2230
f 4133 4134 2230
f 2230 4134 2231
f 4134 4135 2231
f 2231 4135 2233
f 4135 4136 2233
f 2233 4136 2235
f 4136 4137 2235
f 2235 4137 2236
f 4137 4138 2236
f 2236 4138 2156
f 4138 4139 2156
f 2156 4139 2154
f 4139 4140 2154
f 2154 4140 2176
f 4140 4141 2176
f 2176 4141 2157
f 4141 4142 2157
f 2157 4142 2158
f 4142 4143 2158
f 2158 4143 2160
f 4143 4144 2160
f 2160 4144 2161
f 4144 4145 2161
f 2161 4145 2162
f 4145 4146 2162
f 2162 4146 2163
f 4146 4147 2163
f 2163 4147 2237
f 4147 4148 2237
f 2237 4148 2238
f 4148 4149 2238
f 2238 4149 2261
f 4149 4150 2261
f 2261 4150 2262
f 4150 4151 2262
f 2262 4151 2273
f 4151 4152 2273
f 2273 4152 2263
f 4152 4153 2263
f 2263 4153 2264
f 4153 4154 2264
f 2264 4154 2265
f 4154 4155 2265
f 2265 4155 2266
f 4155 4156 2266
f 2266 4156 2267
f 4156 4157 2267
f 2267 4157 2268
f 4157 4158 2268
f 2268 4158 2274
f 4158 4159 2274
f 2274 4159 2275
f 4159 4160 2275
f 2275 4160 2269
f 4160 4161 2269
f 2269 4161 2270
f 4161 4162 2270
f 2270 4162 2271
f 4162 4163 2271
f 2271 4163 2272
f 4163 4164 2272
f 2272 4164 2245
f 4164 4165 2245
f 2245 4165 2246
f 4165 4166 2246
f 2246 4166 2247
f 4166 4167 2247
f 2247 4167 2248
f 4167 4168 2248
f 2248 4168 2249
f 4168 4169 2249
f 2249 4169 2250
f 4169 4170 2250
f 2250 4170 2251
f 4170 4171 2251
f 2251 4171 2252
f 4171 4172 2252
f 2252 4172 2253
f 4172 4173 2253
f 2253 4173 2254
f 4173 4174 2254
f 2254 4174 2255
f 4174 4175 2255
f 2255 4175 2256
f 4175 4176 2256
f 2256 4176 2257
f 4176 4105 2257
f 3268 2209 2208
f 3268 2208 4177
f 2208 2206 4177
f 4177 2206 4178
f 2206 2205 4178
f 4178 2205 4179
f 2205 2171 4179
f 4179 2171 4180
f 2171 2170 4180
f 4180 2170 4181
f 2170 2169 4181
f 4181 2169 4182
f 2169 2228 4182
f 4182 2228 4183
f 2228 2227 4183
f 4183 2227 4184
f 2227 2148 4184
f 4184 2148 4185
f 2148 2147 4185
f 4185 2147 4186
f 2147 2146 4186
f 4186 2146 4187
f 2146 2145 4187
f 4187 2145 4188
f 2145 2143 4188
f 4188 2143 4189
f 2143 2142 4189
f 4189 2142 4190
f 2142 2126 4190
f 4190 2126 4191
f 2126 2125 4191
f 4191 2125 4192
f 2125 2131 4192
f 4192 2131 4193
f 2131 2130 4193
f 4193 2130 4194
f 4194 2130 4195
f 2130 2124 4195
f 4196 4197 4198
f 4197 4199 4198
f 2101 2102 4200
f 2102 4201 4200
f 3266 3267 4202
f 3267 4203 4202
f 4204 4205 4195
f 4206 4207 4194
f 4207 4208 4194
f 4201 4209 4210
f 4210 4211 4201
f 4211 4212 4201
f 4201 4212 4213
f 4213 4214 4201
f 4214 4215 4201
f 4201 4215 4216
f 4216 4217 4201
f 4217 4218 4201
f 4201 4218 4219
f 4219 4220 4201
f 4220 4221 4201
f 4201 4221 4202
f 4221 4222 4202
f 4202 4222 4223
f 4204 4195 4224
f 4185 4225 4184
f 4225 4226 4184
f 4184 4226 4183
f 4226 4182 4183
f 4227 4178 4179
f 4228 4229 2102
f 4229 4230 2102
f 2102 4231 4201
f 4231 4232 4201
f 4201 4232 4209
f 4205 4233 4195
f 4233 4234 4195
f 4195 4234 4194
f 4234 4235 4194
f 4194 4235 4206
f 4208 4236 4194
f 4236 4237 4194
f 4194 4237 4193
f 4237 4238 4193
f 4193 4238 4192
f 4238 4239 4192
f 4192 4239 4191
f 4240 4189 4239
f 4189 4190 4239
f 4239 4190 4191
f 4227 4179 4241
f 4179 4180 4241
f 4241 4180 4226
f 4180 4181 4226
f 4226 4181 4182
f 4178 4227 4177
f 4227 4242 4177
f 4177 4242 3268
f 4230 4243 2102
f 4243 4244 2102
f 2102 4244 4231
f 4223 4245 4202
f 4245 4246 4202
f 4202 4246 4247
f 4247 4248 4202
f 4248 4249 4202
f 4202 4249 4250
f 4185 4186 4225
f 4186 4187 4225
f 4225 4187 4240
f 4187 4188 4240
f 4240 4188 4189
f 4242 4251 3268
f 4251 4252 3268
f 3268 4252 2102
f 4252 4253 2102
f 2102 4253 4228
f 4250 4254 4202
f 4254 4255 4202
f 4202 4255 4256
f 4257 4258 4259
f 4258 4260 4259
f 4259 4260 4261
f 4224 4195 4262
f 4195 4263 4262
f 4262 4263 4259
f 4263 4264 4259
f 4259 4264 4257
f 4265 4266 4267
f 4268 4269 4270
f 4269 4271 4270
f 4270 4271 4272
f 4260 4273 4261
f 4273 4274 4261
f 4261 4274 4271
f 4274 4275 4271
f 4271 4275 4272
f 4276 3266 4277
f 3266 4202 4277
f 4277 4202 4278
f 4202 4256 4278
f 4267 4279 4265
f 4279 4280 4265
f 4265 4280 4281
f 4280 4282 4281
f 4281 4282 4283
f 4268 4284 4269
f 4284 4285 4269
f 4269 4285 4266
f 4285 4286 4266
f 4266 4286 4267
f 4276 4287 3266
f 4287 4288 3266
f 3266 4288 4289
f 3266 4290 4282
f 4290 4291 4282
f 4282 4291 4283
f 4289 4292 3266
f 4292 4293 3266
f 3266 4293 4290
f 3263 4282 3262
f 4282 3261 3262
f 3263 3264 4282
f 3264 3265 4282
f 4282 3265 3266
f 3253 3254 4282
f 3254 3255 4282
f 2174 2159 4282
f 2159 3249 4282
f 4282 3249 3250
f 3250 3251 4282
f 3251 3252 4282
f 4282 3252 3253
f 3255 3256 4282
f 3256 3257 4282
f 4282 3257 3258
f 3258 3259 4282
f 3259 3260 4282
f 4282 3260 3261
f 2174 4282 4280
f 2174 4280 2175
f 4280 4279 2175
f 2175 4279 2177
f 4279 4267 2177
f 2177 4267 2178
f 4267 4286 2178
f 2178 4286 2179
f 4286 4285 2179
f 2179 4285 2180
f 4285 4284 2180
f 2180 4284 2181
f 4284 4268 2181
f 2181 4268 2182
f 4268 4270 2182
f 2182 4270 2212
f 4270 4272 2212
f 2212 4272 2213
f 4272 4275 2213
f 2213 4275 2152
f 4275 4274 2152
f 2152 4274 2153
f 4274 4273 2153
f 2153 4273 2155
f 4273 4260 2155
f 2155 4260 2234
f 4260 4258 2234
f 2234 4258 2232
f 4258 4257 2232
f 2232 4257 2138
f 4257 4264 2138
f 2138 4264 2121
f 4264 4263 2121
f 2121 4263 2122
f 4263 4195 2122
f 2122 4195 2124
f 4294 4295 2083
f 2094 2095 4294
f 2095 2096 4294
f 2096 2097 4294
f 4294 2097 2098
f 2098 2099 4294
f 2099 2100 4294
f 4294 2100 2101
f 2083 2084 4294
f 2084 2085 4294
f 4294 2085 2086
f 2091 4294 2090
f 4294 2089 2090
f 2091 2092 4294
f 2092 2093 4294
f 4294 2093 2094
f 2086 2087 4294
f 2087 2088 4294
f 4294 2088 2089
f 4295 4294 4296
f 4295 4296 4297
f 4296 4298 4297
f 4297 4298 4299
f 4298 4300 4299
f 4299 4300 4301
f 4300 4302 4301
f 4301 4302 4303
f 4302 4304 4303
f 4303 4304 4305
f 4304 4306 4305
f 4305 4306 4307
f 4306 4308 4307
f 4307 4308 4309
f 4308 4310 4309
f 4309 4310 4311
f 4310 4312 4311
f 4311 4312 4313
f 4312 4314 4313
f 4313 4314 4315
f 4314 4316 4315
f 4315 4316 4317
f 4316 4318 4317
f 4317 4318 4319
f 4318 4320 4319
f 4319 4320 4321
f 4320 4322 4321
f 4321 4322 4323
f 4322 4324 4323
f 4323 4324 4325
f 4324 4326 4325
f 4325 4326 4327
f 4326 4328 4327
f 4327 4328 4329
f 4328 4197 4329
f 4329 4197 4196
f 4330 4331 4200
f 4332 4333 4199
f 4334 4335 4197
f 4335 4336 4197
f 4197 4336 4337
f 4337 4338 4197
f 4338 4339 4197
f 4197 4339 4199
f 4339 4340 4199
f 4199 4340 4332
f 4341 4342 4203
f 4342 4343 4203
f 4203 4343 4344
f 4344 4345 4203
f 4345 4346 4203
f 4203 4346 4347
f 4347 4348 4203
f 4348 4349 4203
f 4203 4349 4200
f 4349 4350 4200
f 4200 4350 4330
f 4331 4351 4200
f 4351 4352 4200
f 4200 4352 4353
f 4353 4354 4200
f 4354 4355 4200
f 4200 4355 4356
f 4356 4357 4200
f 4357 4358 4200
f 4200 4358 4359
f 4333 4360 4199
f 4360 4361 4199
f 4199 4361 4362
f 4361 4363 4362
f 4362 4363 4364
f 4363 4365 4364
f 4364 4365 4366
f 4367 4368 4365
f 4368 4369 4365
f 4365 4369 4366
f 4370 4371 4203
f 4371 4372 4203
f 4203 4372 4341
f 4324 4322 4373
f 4322 4320 4373
f 4373 4320 4374
f 4375 4376 4377
f 4376 4378 4377
f 4377 4378 4379
f 4378 4380 4379
f 4381 4382 4383
f 4308 4384 4310
f 4384 4385 4310
f 4310 4385 4312
f 4320 4318 4374
f 4318 4316 4374
f 4374 4316 4385
f 4316 4314 4385
f 4385 4314 4312
f 4334 4197 4386
f 4197 4328 4386
f 4386 4328 4373
f 4328 4326 4373
f 4373 4326 4324
f 4381 4383 4387
f 4383 4388 4387
f 4387 4388 4378
f 4388 4389 4378
f 4378 4389 4380
f 4382 4381 4390
f 4381 4391 4390
f 4390 4391 4392
f 4391 4393 4392
f 4393 4394 4392
f 4392 4394 3267
f 4394 4395 3267
f 3267 4395 4396
f 4396 4397 3267
f 4397 4398 3267
f 3267 4398 4399
f 4359 4400 4200
f 4400 4401 4200
f 4200 4401 2101
f 4401 4402 2101
f 2101 4402 4403
f 4404 4405 4300
f 4375 4406 4376
f 4406 4407 4376
f 4376 4407 4367
f 4407 4408 4367
f 4367 4408 4368
f 4399 4409 3267
f 4409 4410 3267
f 3267 4410 4203
f 4410 4411 4203
f 4203 4411 4370
f 4308 4306 4384
f 4306 4304 4384
f 4384 4304 4405
f 4304 4302 4405
f 4405 4302 4300
f 4300 4298 4404
f 4298 4296 4404
f 4404 4296 4412
f 4296 4294 4412
f 4412 4294 4413
f 4403 4414 2101
f 4414 4415 2101
f 2101 4415 4416
f 4416 4417 2101
f 4417 4418 2101
f 2101 4418 4294
f 4418 4419 4294
f 4294 4419 4413
f 4392 4420 4421
f 4392 4421 4390
f 4421 4422 4390
f 4390 4422 4382
f 4422 4423 4382
f 4382 4423 4383
f 4423 4424 4383
f 4383 4424 4388
f 4424 4425 4388
f 4388 4425 4389
f 4425 4426 4389
f 4389 4426 4380
f 4426 4427 4380
f 4380 4427 4379
f 4427 4428 4379
f 4379 4428 4377
f 4428 4429 4377
f 4377 4429 4375
f 4429 4430 4375
f 4375 4430 4406
f 4430 4431 4406
f 4406 4431 4407
f 4431 4432 4407
f 4407 4432 4408
f 4432 4433 4408
f 4408 4433 4368
f 4433 4434 4368
f 4368 4434 4369
f 4434 4435 4369
f 4369 4435 4366
f 4435 4436 4366
f 4366 4436 4364
f 4436 4437 4364
f 4364 4437 4362
f 4437 4198 4362
f 4362 4198 4199
f 4438 4339 4439
f 4339 4338 4439
f 4439 4338 4440
f 4338 4337 4440
f 4440 4337 4441
f 4337 4336 4441
f 4441 4336 4442
f 4336 4335 4442
f 4442 4335 4443
f 4335 4334 4443
f 4443 4334 4444
f 4334 4386 4444
f 4444 4386 4445
f 4386 4373 4445
f 4445 4373 4446
f 4373 4374 4446
f 4446 4374 4447
f 4374 4385 4447
f 4447 4385 4448
f 4385 4384 4448
f 4448 4384 4449
f 4384 4405 4449
f 4449 4405 4450
f 4405 4404 4450
f 4450 4404 4451
f 4404 4412 4451
f 4451 4412 4452
f 4412 4413 4452
f 4452 4413 4453
f 4413 4419 4453
f 4453 4419 4454
f 4419 4418 4454
f 4454 4418 4455
f 4418 4417 4455
f 4455 4417 4456
f 4417 4416 4456
f 4456 4416 4457
f 4416 4415 4457
f 4457 4415 4458
f 4415 4414 4458
f 4458 4414 4459
f 4414 4403 4459
f 4459 4403 4460
f 4403 4402 4460
f 4460 4402 4461
f 4402 4401 4461
f 4461 4401 4462
f 4401 4400 4462
f 4462 4400 4463
f 4400 4359 4463
f 4463 4359 4464
f 4359 4358 4464
f 4464 4358 4465
f 4358 4357 4465
f 4465 4357 4466
f 4357 4356 4466
f 4466 4356 4467
f 4356 4355 4467
f 4467 4355 4468
f 4355 4354 4468
f 4468 4354 4469
f 4354 4353 4469
f 4469 4353 4470
f 4353 4352 4470
f 4470 4352 4471
f 4352 4351 4471
f 4471 4351 4472
f 4351 4331 4472
f 4472 4331 4473
f 4331 4330 4473
f 4473 4330 4474
f 4330 4350 4474
f 4474 4350 4475
f 4350 4349 4475
f 4475 4349 4476
f 4349 4348 4476
f 4476 4348 4477
f 4348 4347 4477
f 4477 4347 4478
f 4347 4346 4478
f 4478 4346 4479
f 4346 4345 4479
f 4479 4345 4480
f 4345 4344 4480
f 4480 4344 4481
f 4344 4343 4481
f 4481 4343 4482
f 4343 4342 4482
f 4482 4342 4483
f 4342 4341 4483
f 4483 4341 4484
f 4341 4372 4484
f 4484 4372 4485
f 4372 4371 4485
f 4485 4371 4486
f 4371 4370 4486
f 4486 4370 4487
f 4370 4411 4487
f 4487 4411 4488
f 4411 4410 4488
f 4488 4410 4489
f 4410 4409 4489
f 4489 4409 4490
f 4409 4399 4490
f 4490 4399 4491
f 4399 4398 4491
f 4491 4398 4492
f 4398 4397 4492
f 4492 4397 4493
f 4397 4396 4493
f 4493 4396 4494
f 4396 4395 4494
f 4494 4395 4495
f 4395 4394 4495
f 4495 4394 4496
f 4394 4393 4496
f 4496 4393 4497
f 4393 4391 4497
f 4497 4391 4498
f 4391 4381 4498
f 4498 4381 4499
f 4381 4387 4499
f 4499 4387 4500
f 4387 4378 4500
f 4500 4378 4501
f 4378 4376 4501
f 4501 4376 4502
f 4376 4367 4502
f 4502 4367 4503
f 4367 4365 4503
f 4503 4365 4504
f 4365 4363 4504
f 4504 4363 4505
f 4363 4361 4505
f 4505 4361 4506
f 4361 4360 4506
f 4506 4360 4507
f 4360 4333 4507
f 4507 4333 4508
f 4333 4332 4508
f 4508 4332 4509
f 4332 4340 4509
f 4509 4340 4438
f 4340 4339 4438
f 4235 4510 4206
f 4510 4511 4206
f 4206 4511 4207
f 4511 4512 4207
f 4207 4512 4208
f 4512 4513 4208
f 4208 4513 4236
f 4513 4514 4236
f 4236 4514 4237
f 4514 4515 4237
f 4237 4515 4238
f 4515 4516 4238
f 4238 4516 4239
f 4516 4517 4239
f 4239 4517 4240
f 4517 4518 4240
f 4240 4518 4225
f 4518 4519 4225
f 4225 4519 4226
f 4519 4520 4226
f 4226 4520 4241
f 4520 4521 4241
f 4241 4521 4227
f 4521 4522 4227
f 4227 4522 4242
f 4522 4523 4242
f 4242 4523 4251
f 4523 4524 4251
f 4251 4524 4252
f 4524 4525 4252
f 4252 4525 4253
f 4525 4526 4253
f 4253 4526 4228
f 4526 4527 4228
f 4228 4527 4229
f 4527 4528 4229
f 4229 4528 4230
f 4528 4529 4230
f 4230 4529 4243
f 4529 4530 4243
f 4243 4530 4244
f 4530 4531 4244
f 4244 4531 4231
f 4531 4532 4231
f 4231 4532 4232
f 4532 4533 4232
f 4232 4533 4209
f 4533 4534 4209
f 4209 4534 4210
f 4534 4535 4210
f 4210 4535 4211
f 4535 4536 4211
f 4211 4536 4212
f 4536 4537 4212
f 4212 4537 4213
f 4537 4538 4213
f 4213 4538 4214
f 4538 4539 4214
f 4214 4539 4215
f 4539 4540 4215
f 4215 4540 4216
f 4540 4541 4216
f 4216 4541 4217
f 4541 4542 4217
f 4217 4542 4218
f 4542 4543 4218
f 4218 4543 4219
f 4543 4544 4219
f 4219 4544 4220
f 4544 4545 4220
f 4220 4545 4221
f 4545 4546 4221
f 4221 4546 4222
f 4546 4547 4222
f 4222 4547 4223
f 4547 4548 4223
f 4223 4548 4245
f 4548 4549 4245
f 4245 4549 4246
f 4549 4550 4246
f 4246 4550 4247
f 4550 4551 4247
f 4247 4551 4248
f 4551 4552 4248
f 4248 4552 4249
f 4552 4553 4249
f 4249 4553 4250
f 4553 4554 4250
f 4250 4554 4254
f 4554 4555 4254
f 4254 4555 4255
f 4555 4556 4255
f 4255 4556 4256
f 4556 4557 4256
f 4256 4557 4278
f 4557 4558 4278
f 4278 4558 4277
f 4558 4559 4277
f 4277 4559 4276
f 4559 4560 4276
f 4276 4560 4287
f 4560 4561 4287
f 4287 4561 4288
f 4561 4562 4288
f 4288 4562 4289
f 4562 4563 4289
f 4289 4563 4292
f 4563 4564 4292
f 4292 4564 4293
f 4564 4565 4293
f 4293 4565 4290
f 4565 4566 4290
f 4290 4566 4291
f 4566 4567 4291
f 4291 4567 4283
f 4567 4568 4283
f 4283 4568 4281
f 4568 4569 4281
f 4281 4569 4265
f 4569 4570 4265
f 4265 4570 4266
f 4570 4571 4266
f 4266 4571 4269
f 4571 4572 4269
f 4269 4572 4271
f 4572 4573 4271
f 4271 4573 4261
f 4573 4574 4261
f 4261 4574 4259
f 4574 4575 4259
f 4259 4575 4262
f 4575 4576 4262
f 4262 4576 4224
f 4576 4577 4224
f 4224 4577 4204
f 4577 4578 4204
f 4204 4578 4205
f 4578 4579 4205
f 4205 4579 4233
f 4579 4580 4233
f 4233 4580 4234
f 4580 4581 4234
f 4234 4581 4235
f 4581 4510 4235
f 3290 3299 1836
f 3299 1816 1836
f 4582 4583 4584
f 4583 4585 4584
f 4584 4585 4586
f 4585 4587 4586
f 4586 4587 4588
f 4587 4589 4588
f 4588 4589 4590
f 4589 4591 4590
f 4590 4591 4592
f 4591 4593 4592
f 4592 4593 4594
f 4593 4595 4594
f 4594 4595 4596
f 4595 4597 4596
f 4596 4597 4598
f 4597 4599 4598
f 4598 4599 4600
f 4599 4601 4600
f 4600 4601 4602
f 4601 4603 4602
f 4602 4603 4604
f 4603 4605 4604
f 4604 4605 4606
f 4605 4607 4606
f 4606 4607 4608
f 4607 4609 4608
f 4608 4609 4610
f 4609 4611 4610
f 4610 4611 4612
f 4611 4613 4612
f 4612 4613 4614
f 4613 4615 4614
f 4614 4615 4616
f 4615 4617 4616
f 4616 4617 4618
f 4617 4619 4618
f 4618 4619 4620
f 4619 4621 4620
f 4620 4621 4622
f 4621 4623 4622
f 4622 4623 4624
f 4623 4625 4624
f 4624 4625 4626
f 4625 4627 4626
f 4626 4627 4628
f 4627 4629 4628
f 4628 4629 4630
f 4629 4631 4630
f 4630 4631 4632
f 4631 4633 4632
f 4632 4633 4634
f 4633 4635 4634
f 4634 4635 4636
f 4635 4637 4636
f 4636 4637 4638
f 4637 4639 4638
f 4638 4639 4640
f 4639 4641 4640
f 4640 4641 4642
f 4641 4643 4642
f 4642 4643 4644
f 4643 4645 4644
f 4644 4645 4646
f 4645 4647 4646
f 4646 4647 4648
f 4647 4649 4648
f 4648 4649 4650
f 4649 4651 4650
f 4650 4651 4652
f 4651 4653 4652
f 4652 4653 4654
f 4653 4655 4654
f 4654 4655 4656
f 4655 4657 4656
f 4656 4657 4658
f 4657 4659 4658
f 4658 4659 4660
f 4659 4661 4660
f 4660 4661 4662
f 4661 4663 4662
f 4662 4663 4664
f 4663 4665 4664
f 4664 4665 4666
f 4665 4667 4666
f 4666 4667 4668
f 4667 4669 4668
f 4668 4669 4670
f 4669 4671 4670
f 4670 4671 4672
f 4671 4673 4672
f 4672 4673 4674
f 4673 4675 4674
f 4674 4675 4676
f 4675 4677 4676
f 4676 4677 4678
f 4677 4679 4678
f 4678 4679 4680
f 4679 4681 4680
f 4680 4681 4682
f 4681 4683 4682
f 4682 4683 4684
f 4683 4685 4684
f 4684 4685 4686
f 4685 4687 4686
f 4686 4687 4688
f 4687 4689 4688
f 4688 4689 4690
f 4689 4691 4690
f 4690 4691 4692
f 4691 4693 4692
f 4692 4693 4694
f 4693 4695 4694
f 4694 4695 4696
f 4695 4697 4696
f 4696 4697 4698
f 4697 4699 4698
f 4698 4699 4700
f 4699 4701 4700
f 4700 4701 4702
f 4701 4703 4702
f 4702 4703 4704
f 4703 4705 4704
f 4704 4705 4706
f 4705 4707 4706
f 4706 4707 4708
f 4707 4709 4708
f 4708 4709 4710
f 4709 4711 4710
f 4710 4711 4712
f 4711 4713 4712
f 4712 4713 4714
f 4713 4715 4714
f 4714 4715 4716
f 4715 4717 4716
f 4716 4717 4718
f 4717 4719 4718
f 4718 4719 4720
f 4719 4721 4720
f 4720 4721 4722
f 4721 4723 4722
f 4722 4723 4724
f 4723 4725 4724
f 4724 4725 4582
f 4725 4583 4582
f 4327 4329 4070
f 4329 4196 4070
f 4436 4435 4651
f 4659 4657 4726
f 4196 4198 4651
f 4198 4437 4651
f 4651 4437 4436
f 2009 4669 4667
f 4058 4056 4325
f 1991 4691 4689
f 4056 4054 4325
f 4054 4052 4325
f 4325 4052 4050
f 4315 4317 4036
f 4317 4319 4036
f 4036 4319 4038
f 4196 4651 4070
f 4651 4649 4070
f 4070 4649 4647
f 4595 4593 4092
f 1970 4583 1990
f 4583 4725 1990
f 1990 4725 1988
f 4725 4723 1988
f 1988 4723 1986
f 4723 4721 1986
f 1986 4721 1984
f 4721 4719 1984
f 1984 4719 1982
f 4719 4717 1982
f 1982 4717 1980
f 4717 4715 1980
f 1980 4715 1978
f 4715 4713 1978
f 1978 4713 1976
f 4713 4711 1976
f 1976 4711 1974
f 4711 4709 1974
f 1974 4709 1971
f 4709 4707 1971
f 1971 4707 4705
f 4697 4695 1991
f 4695 4693 1991
f 1991 4693 4691
f 4667 4665 2009
f 4665 4663 2009
f 2009 4663 4726
f 4663 4661 4726
f 4726 4661 4659
f 4435 4434 4651
f 4434 4433 4651
f 4651 4433 4653
f 4433 4432 4653
f 4432 4431 4653
f 4431 4430 4653
f 4653 4430 4429
f 4066 4064 4325
f 4303 4305 4036
f 4305 4307 4036
f 4036 4307 4309
f 2083 4295 4032
f 4295 4297 4032
f 4032 4297 4034
f 4297 4299 4034
f 4034 4299 4036
f 4299 4301 4036
f 4036 4301 4303
f 4705 4703 1971
f 4703 4701 1971
f 1971 4701 1991
f 4701 4699 1991
f 1991 4699 4697
f 4426 4425 4653
f 4425 4424 4653
f 4064 4062 4325
f 4062 4060 4325
f 4325 4060 4058
f 4309 4311 4036
f 4311 4313 4036
f 4036 4313 4315
f 1893 4024 4022
f 4647 4645 4070
f 4645 4643 4070
f 4070 4643 4641
f 4589 4587 1970
f 4587 4585 1970
f 1970 4585 4583
f 4424 4423 4653
f 4423 4422 4653
f 4653 4422 4655
f 4422 4421 4655
f 4655 4421 4657
f 4421 4420 4657
f 4657 4420 4726
f 4327 4070 4325
f 4070 4068 4325
f 4325 4068 4066
f 4050 4048 4325
f 4048 4046 4325
f 4325 4046 4323
f 4046 4044 4323
f 4323 4044 4321
f 4044 4042 4321
f 4321 4042 4319
f 4042 4040 4319
f 4319 4040 4038
f 4104 4102 1949
f 4102 4100 1949
f 1949 4100 1970
f 4100 4098 1970
f 1970 4098 4096
f 4599 4597 4088
f 4689 4687 1991
f 4687 4685 1991
f 1991 4685 4683
f 1996 4675 1993
f 4675 4673 1993
f 1993 4673 2009
f 4673 4671 2009
f 2009 4671 4669
f 4429 4428 4653
f 4428 4427 4653
f 4653 4427 4426
f 4032 4030 2083
f 4030 4028 2083
f 2083 4028 1893
f 4028 4026 1893
f 1893 4026 4024
f 4589 1970 4591
f 1970 4096 4591
f 4591 4096 4593
f 4096 4094 4593
f 4593 4094 4092
f 4022 4020 1893
f 4020 4018 1893
f 1893 4018 1930
f 4595 4092 4597
f 4092 4090 4597
f 4597 4090 4088
f 4683 4681 1991
f 4681 4679 1991
f 1991 4679 2008
f 4679 4677 2008
f 2008 4677 2006
f 4677 2004 2006
f 1996 1998 4675
f 1998 2000 4675
f 4675 2000 4677
f 2000 2002 4677
f 4677 2002 2004
f 3986 3984 1947
f 3984 3982 1947
f 1947 3982 1968
f 3982 3980 1968
f 1968 3980 1966
f 3980 3978 1966
f 1966 3978 1964
f 3978 3976 1964
f 1964 3976 1962
f 3976 3974 1962
f 1962 3974 1960
f 3974 3972 1960
f 1960 3972 1958
f 3972 3970 1958
f 1958 3970 1956
f 3970 3968 1956
f 1956 3968 1954
f 3968 3966 1954
f 1954 3966 1952
f 3966 3964 1952
f 1952 3964 1949
f 3964 3962 1949
f 1949 3962 4104
f 4010 4008 1931
f 4008 4006 1931
f 4641 4639 4070
f 4639 4637 4070
f 4070 4637 4635
f 1936 1938 4012
f 1938 1940 4012
f 4012 1940 4014
f 1940 1942 4014
f 4014 1942 1944
f 4006 4004 1931
f 4004 4002 1931
f 1931 4002 4000
f 4635 4633 4070
f 4633 4631 4070
f 4070 4631 4629
f 4609 4607 4088
f 4607 4605 4088
f 4018 4016 1930
f 4016 4014 1930
f 1930 4014 1946
f 4014 1944 1946
f 4010 1931 4012
f 1931 1934 4012
f 4012 1934 1936
f 3994 3992 1931
f 3992 3990 1931
f 1931 3990 1947
f 3990 3988 1947
f 1947 3988 3986
f 4629 4627 4070
f 4627 4625 4070
f 4070 4625 4623
f 4080 4078 4617
f 4078 4076 4617
f 4605 4603 4088
f 4603 4601 4088
f 4088 4601 4599
f 4000 3998 1931
f 3998 3996 1931
f 1931 3996 3994
f 4615 4613 4088
f 4613 4611 4088
f 4088 4611 4609
f 4076 4074 4617
f 4074 4072 4617
f 4617 4072 4619
f 4072 4070 4619
f 4619 4070 4621
f 4070 4623 4621
f 4088 4086 4615
f 4086 4084 4615
f 4615 4084 4617
f 4084 4082 4617
f 4617 4082 4080
f 4392 3267 4727
f 4727 4728 4392
f 4728 4729 4392
f 4392 4729 4730
f 4730 4731 4392
f 4731 4732 4392
f 4392 4732 4733
f 4733 4734 4392
f 4734 4735 4392
f 4392 4735 4736
f 4736 4737 4392
f 4737 4738 4392
f 4392 4738 4739
f 4740 4741 4392
f 4741 4726 4392
f 4392 4726 4420
f 4739 4742 4392
f 4742 4743 4392
f 4392 4743 4740
f 2009 4726 2045
f 4726 4741 2045
f 2045 4741 2043
f 4741 4740 2043
f 2043 4740 2041
f 4740 4743 2041
f 2041 4743 2039
f 4743 4742 2039
f 2039 4742 2037
f 4742 4739 2037
f 2037 4739 2035
f 4739 4738 2035
f 2035 4738 2033
f 4738 4737 2033
f 2033 4737 2031
f 4737 4736 2031
f 2031 4736 2029
f 4736 4735 2029
f 2029 4735 2027
f 4735 4734 2027
f 2027 4734 2025
f 4734 4733 2025
f 2025 4733 2023
f 4733 4732 2023
f 2023 4732 2021
f 4732 4731 2021
f 2021 4731 2019
f 4731 4730 2019
f 2019 4730 2017
f 4730 4729 2017
f 2017 4729 2015
f 4729 4728 2015
f 2015 4728 2013
f 4728 4727 2013
f 2013 4727 2011
f 4727 3267 2011
f 4744 4745 4746
f 4747 4748 4749
f 4750 4751 4747
f 2683 2685 4752
f 4753 4754 4755
f 4756 4757 4758
f 4758 4757 4759
f 4760 4761 4762
f 4763 4764 4765
f 3053 3055 4766
f 3053 4766 3051
f 3055 3057 4766
f 3057 3059 4766
f 4766 3059 3061
f 3067 3069 4767
f 3069 3071 4767
f 3071 3073 4767
f 3073 3075 4767
f 4767 3075 3077
f 3077 3079 4767
f 3079 3081 4767
f 4767 3081 4768
f 3061 3063 4766
f 3063 3065 4766
f 4766 3065 3067
f 3011 3013 4769
f 3023 4769 3021
f 4769 3019 3021
f 3023 3025 4769
f 3025 3027 4769
f 4769 3027 3029
f 3081 3083 4768
f 3083 3085 4768
f 4768 3085 3087
f 3087 3089 4768
f 3089 3091 4768
f 4768 3091 3093
f 3013 3015 4769
f 3015 3017 4769
f 4769 3017 3019
f 3045 4770 3043
f 4770 3041 3043
f 3093 3095 4768
f 3095 3097 4768
f 4768 3097 4771
f 3097 3099 4771
f 3099 3101 4771
f 3101 2959 4771
f 4771 2959 4772
f 2959 2961 4772
f 4772 2961 2963
f 2975 4773 2973
f 4773 2971 2973
f 2975 2977 4773
f 2977 2979 4773
f 4773 2979 2981
f 2997 2999 4769
f 3035 4770 3033
f 4770 3031 3033
f 3035 3037 4770
f 3037 3039 4770
f 4770 3039 3041
f 3045 3047 4770
f 3047 3049 4770
f 4770 3049 3051
f 2963 2965 4772
f 2965 2967 4772
f 4772 2967 4773
f 2967 2969 4773
f 4773 2969 2971
f 2981 2983 4773
f 2983 2985 4773
f 4773 2985 2987
f 2987 2989 4773
f 2989 2991 4773
f 4773 2991 2993
f 2997 4769 2995
f 2999 3001 4769
f 3001 3003 4769
f 4769 3003 3005
f 3005 3007 4769
f 3007 3009 4769
f 4769 3009 3011
f 4774 4775 4776
f 4775 4773 4776
f 4777 4778 4776
f 4778 4779 4776
f 4779 4780 4776
f 4776 4780 4774
f 4765 4764 4781
f 4764 4782 4781
f 4781 4782 4783
f 4784 4785 4762
f 4785 4786 4762
f 4762 4786 4760
f 4787 4788 4789
f 4788 4790 4789
f 4789 4790 4791
f 4790 4792 4791
f 4791 4792 4784
f 4792 4793 4784
f 4784 4793 4785
f 4794 4795 4796
f 4794 4796 4797
f 4795 4798 4796
f 4798 4799 4796
f 4796 4799 4800
f 4801 4802 4803
f 4802 4756 4803
f 4804 4805 4806
f 4805 4807 4806
f 4806 4807 4808
f 4807 4809 4808
f 4808 4809 4810
f 4809 4811 4810
f 4810 4811 4812
f 4811 4753 4812
f 4812 4753 4813
f 4755 4814 4815
f 4815 4816 4755
f 4816 4817 4755
f 4755 4817 4818
f 4818 4819 4755
f 4819 4820 4755
f 4755 4820 4753
f 4820 4821 4753
f 4753 4821 4813
f 2733 2735 4822
f 2735 2737 4822
f 2745 2747 4823
f 2737 2739 4822
f 2739 2741 4822
f 4822 2741 4823
f 2741 2743 4823
f 4823 2743 2745
f 2685 2687 4752
f 2687 2689 4752
f 4752 2689 2691
f 2789 2791 4824
f 2791 2793 4824
f 2747 2749 4823
f 2749 2751 4823
f 4823 2751 2753
f 2759 2761 4823
f 2761 2763 4823
f 2783 2785 4824
f 2785 2787 4824
f 4824 2787 2789
f 2753 2755 4823
f 2755 2757 4823
f 4823 2757 2759
f 2763 2765 4823
f 2765 2767 4823
f 4823 2767 4825
f 2767 2769 4825
f 4825 2769 2771
f 2783 4824 2781
f 4824 4826 2781
f 2781 4826 2779
f 2691 2693 4752
f 2693 2695 4752
f 4752 2695 2697
f 2715 4822 2713
f 4822 2711 2713
f 2715 2717 4822
f 2717 2719 4822
f 4822 2719 2721
f 2771 2773 4825
f 2773 2775 4825
f 4825 2775 4826
f 2775 2777 4826
f 4826 2777 2779
f 2697 2699 4752
f 2699 2701 4752
f 4752 2701 2703
f 2721 2723 4822
f 2723 2725 4822
f 4822 2725 2727
f 2727 2729 4822
f 2729 2731 4822
f 4822 2731 2733
f 2705 2707 4822
f 2707 2709 4822
f 4822 2709 2711
f 2673 2675 4827
f 2801 2803 4828
f 2811 2669 4827
f 2669 2671 4827
f 4827 2671 2673
f 2793 2795 4824
f 2795 2797 4824
f 4824 2797 4828
f 2797 2799 4828
f 4828 2799 2801
f 2675 2677 4827
f 2677 2679 4827
f 4827 2679 2681
f 2803 2805 4828
f 2805 2807 4828
f 4828 2807 2809
f 2809 2811 4828
f 2811 4827 4828
f 4828 4827 4829
f 4827 4830 4829
f 4829 4830 4831
f 4832 4833 4834
f 4835 4836 4834
f 4836 4837 4834
f 4834 4837 4838
f 4839 4840 4841
f 4838 4842 4834
f 4842 4843 4834
f 4834 4843 4832
f 4840 4844 4841
f 4844 4845 4841
f 4841 4845 4846
f 4833 4847 4834
f 4847 4848 4834
f 4834 4848 4841
f 4848 4849 4841
f 4841 4849 4839
f 4850 4851 4852
f 4846 4853 4841
f 4853 4854 4841
f 4841 4854 4855
f 4856 4857 4852
f 4857 4858 4852
f 4852 4858 4850
f 4855 4859 4841
f 4859 4860 4841
f 4841 4860 4861
f 4862 4863 4864
f 4863 4865 4864
f 4862 4866 4863
f 4866 4867 4863
f 4863 4867 4868
f 4869 4870 4871
f 4870 4872 4871
f 4871 4872 4873
f 4861 4874 4841
f 4874 4875 4841
f 4841 4875 4876
f 4875 4877 4876
f 4877 4878 4876
f 4878 4879 4876
f 4876 4879 4880
f 4879 4881 4880
f 4880 4881 4882
f 4883 4884 4871
f 4868 4885 4863
f 4885 4886 4863
f 4863 4886 4887
f 4882 4888 4880
f 4888 4889 4880
f 4880 4889 4871
f 4889 4890 4871
f 4871 4890 4869
f 4884 4891 4871
f 4891 4892 4871
f 4871 4892 4893
f 4894 4895 4863
f 4895 4896 4863
f 4863 4896 4865
f 4887 4897 4863
f 4897 4898 4863
f 4863 4898 4899
f 4900 4901 4852
f 4901 4902 4852
f 4852 4902 4903
f 4903 4904 4852
f 4904 4905 4852
f 4852 4905 4856
f 4893 4906 4871
f 4906 4907 4871
f 4871 4907 4863
f 4907 4908 4863
f 4863 4908 4894
f 4873 4909 4871
f 4909 4910 4871
f 4871 4910 4883
f 4911 4912 4913
f 4912 4914 4913
f 4914 4915 4913
f 4915 4916 4913
f 4913 4916 4917
f 4911 4913 4918
f 4913 4919 4918
f 4918 4919 4920
f 4921 4922 4923
f 4924 4925 4921
f 4925 4926 4921
f 4921 4926 4922
f 4927 4928 4929
f 4930 4747 4931
f 4747 4932 4931
f 4930 4933 4747
f 4933 4934 4747
f 4747 4934 4750
f 4923 4935 4921
f 4935 4936 4921
f 4921 4936 4937
f 4929 4928 4747
f 4928 4938 4747
f 4747 4938 4932
f 4937 4939 4921
f 4939 4940 4921
f 4921 4940 4919
f 4940 4941 4919
f 4919 4941 4942
f 4942 4943 4919
f 4943 4944 4919
f 4919 4944 4945
f 4946 4947 4920
f 4947 4948 4920
f 4920 4948 4949
f 4949 4950 4920
f 4950 4951 4920
f 4920 4951 4952
f 4951 4953 4952
f 4952 4953 4954
f 4954 4955 4952
f 4955 4956 4952
f 4952 4956 4929
f 4956 4957 4929
f 4929 4957 4927
f 4945 4958 4919
f 4958 4959 4919
f 4919 4959 4960
f 4961 4962 4919
f 4962 4963 4919
f 4964 4965 4920
f 4965 4966 4920
f 4920 4966 4946
f 4960 4967 4919
f 4967 4968 4919
f 4919 4968 4961
f 4963 4969 4919
f 4969 4970 4919
f 4919 4970 4971
f 4972 4973 4920
f 4973 4974 4920
f 4920 4974 4964
f 4971 4975 4919
f 4975 4976 4919
f 4919 4976 4920
f 4976 4977 4920
f 4920 4977 4972
f 4978 4747 4979
f 4747 4980 4979
f 4751 4981 4747
f 4981 4982 4747
f 4747 4982 4980
f 4978 4983 4747
f 4983 4984 4747
f 4747 4984 4748
f 4984 4985 4748
f 4748 4985 4986
f 4748 4987 4988
f 4986 4989 4748
f 4989 4990 4748
f 4748 4990 4987
f 4988 4991 4748
f 4991 4992 4748
f 4748 4992 4921
f 4992 4993 4921
f 4921 4993 4924
f 3067 4767 4766
f 4767 4994 4766
f 4766 4994 4749
f 4994 4995 4749
f 4749 4995 4747
f 2507 2509 4749
f 2509 2511 4749
f 4749 2511 2513
f 2513 2515 4749
f 2515 2517 4749
f 4749 2517 2519
f 2389 2391 4766
f 2391 2393 4766
f 4766 2393 4996
f 2383 2385 4766
f 2385 2387 4766
f 4766 2387 2389
f 2519 2521 4749
f 2521 2379 4749
f 4749 2379 4766
f 2379 2381 4766
f 4766 2381 2383
f 4997 2439 2441
f 2393 2395 4996
f 2395 2397 4996
f 4996 2397 2399
f 4996 2405 2407
f 2427 2429 4997
f 2429 2431 4997
f 4997 2431 2433
f 2433 2435 4997
f 2435 2437 4997
f 4997 2437 2439
f 2441 2443 4997
f 2443 2445 4997
f 4997 2445 2447
f 2465 4998 2463
f 4998 2461 2463
f 2447 2449 4997
f 2449 2451 4997
f 4997 2451 4998
f 2451 2453 4998
f 4998 2453 2455
f 2455 2457 4998
f 2457 2459 4998
f 4998 2459 2461
f 2399 2401 4996
f 2401 2403 4996
f 4996 2403 2405
f 2407 2409 4996
f 2409 2411 4996
f 4996 2411 2413
f 2465 2467 4998
f 2467 2469 4998
f 4998 2469 2471
f 2495 2497 4999
f 2497 2499 4999
f 2413 2415 4996
f 2415 2417 4996
f 4996 2417 4997
f 2417 2419 4997
f 4997 2419 2421
f 2487 2489 4999
f 2421 2423 4997
f 2423 2425 4997
f 4997 2425 2427
f 2471 2473 4998
f 2473 2475 4998
f 4998 2475 2477
f 2487 4999 2485
f 2489 2491 4999
f 2491 2493 4999
f 4999 2493 2495
f 2499 2501 4999
f 2501 2503 4999
f 4999 2503 2505
f 2477 2479 4998
f 2479 2481 4998
f 4998 2481 2483
f 2576 2578 4782
f 5000 2614 2616
f 2570 2572 4782
f 2572 2574 4782
f 4782 2574 2576
f 2616 2618 5000
f 2618 2620 5000
f 5000 2620 2622
f 4764 2534 2536
f 2536 2538 4764
f 2538 2540 4764
f 4764 2540 2542
f 2622 2624 5000
f 2624 2626 5000
f 5000 2626 2628
f 5001 2636 2638
f 2644 2646 5001
f 2646 2648 5001
f 5001 2648 2650
f 2542 2544 4764
f 2544 2546 4764
f 4764 2546 2548
f 2628 2630 5000
f 2630 2632 5000
f 5000 2632 5001
f 2632 2634 5001
f 5001 2634 2636
f 2638 2640 5001
f 2640 2642 5001
f 5001 2642 2644
f 2526 2528 4764
f 2562 2564 4782
f 2656 2658 5001
f 2658 2660 5001
f 5001 2660 2662
f 2662 2664 5001
f 2664 2666 5001
f 5001 2666 2524
f 2528 2530 4764
f 2530 2532 4764
f 4764 2532 2534
f 2548 2550 4764
f 2550 2552 4764
f 4764 2552 2554
f 2564 2566 4782
f 2566 2568 4782
f 4782 2568 2570
f 4777 4776 4763
f 4776 5001 4763
f 4763 5001 4764
f 5001 2524 4764
f 4764 2524 2526
f 2554 2556 4764
f 2556 2558 4764
f 4764 2558 4782
f 2558 2560 4782
f 4782 2560 2562
f 2650 2652 5001
f 2652 2654 5001
f 5001 2654 2656
f 2578 2580 4782
f 2580 4761 4782
f 4782 4761 4783
f 4761 4760 4783
f 2580 2582 4761
f 2582 2584 4761
f 4761 2584 2586
f 2592 2594 4761
f 2594 2596 4761
f 2586 2588 4761
f 2588 2590 4761
f 4761 2590 2592
f 5002 2604 2606
f 2606 2608 5002
f 2608 2610 5002
f 5002 2610 5000
f 2610 2612 5000
f 5000 2612 2614
f 2598 2600 5002
f 2600 2602 5002
f 5002 2602 2604
f 2820 5003 2818
f 5003 2816 2818
f 2874 2876 4811
f 2876 2878 4811
f 2878 2880 4811
f 4811 2880 2882
f 4754 2956 5003
f 2956 2814 5003
f 5003 2814 2816
f 2826 2828 5003
f 2828 2830 5003
f 2888 4753 2886
f 4753 4811 2886
f 2886 4811 2884
f 4811 2882 2884
f 2936 2938 4754
f 2820 2822 5003
f 2822 2824 5003
f 5003 2824 2826
f 2868 2870 4811
f 2870 2872 4811
f 4811 2872 2874
f 2938 2940 4754
f 2940 2942 4754
f 4754 2942 2944
f 2944 2946 4754
f 2946 2948 4754
f 4754 2948 2950
f 2950 2952 4754
f 2952 2954 4754
f 4754 2954 2956
f 2888 2890 4753
f 2890 2892 4753
f 4753 2892 2894
f 2894 2896 4753
f 2896 2898 4753
f 4753 2898 2900
f 2900 2902 4753
f 2902 2904 4753
f 4753 2904 2906
f 2926 2928 4754
f 2928 2930 4754
f 2906 2908 4753
f 2908 2910 4753
f 4753 2910 2912
f 2930 2932 4754
f 2932 2934 4754
f 4754 2934 2936
f 2912 2914 4753
f 2914 2916 4753
f 4753 2916 2918
f 2918 2920 4753
f 2920 2922 4753
f 4753 2922 4754
f 2922 2924 4754
f 4754 2924 2926
f 2840 2842 5004
f 2840 5004 2838
f 2830 2832 5003
f 2832 2834 5003
f 5003 2834 5004
f 2834 2836 5004
f 5004 2836 2838
f 2860 2862 4809
f 2862 2864 4809
f 4809 2864 4811
f 2864 2866 4811
f 4811 2866 2868
f 2850 2852 4809
f 2852 2854 4809
f 2842 2844 5004
f 2844 2846 5004
f 5004 2846 2848
f 2854 2856 4809
f 2856 2858 4809
f 4809 2858 2860
f 3172 3174 4746
f 3232 3234 5005
f 3232 5005 3230
f 3246 3104 5005
f 3104 3106 5005
f 5005 3106 4745
f 3124 3126 4745
f 4746 3174 5006
f 3174 3176 5006
f 3176 3178 5006
f 5006 3178 3180
f 3234 3236 5005
f 3236 3238 5005
f 5005 3238 3240
f 3240 3242 5005
f 3242 3244 5005
f 5005 3244 3246
f 3106 3108 4745
f 3108 3110 4745
f 4745 3110 3112
f 3164 3166 4746
f 3180 3182 5006
f 3182 3184 5006
f 5006 3184 3186
f 3186 3188 5006
f 3188 3190 5006
f 5006 3190 3192
f 3166 3168 4746
f 3168 3170 4746
f 4746 3170 3172
f 3112 3114 4745
f 3114 3116 4745
f 4745 3116 3118
f 3126 3128 4745
f 3128 3130 4745
f 4745 3130 3132
f 3118 3120 4745
f 3120 3122 4745
f 4745 3122 3124
f 3150 3152 4746
f 3152 3154 4746
f 3154 3156 4746
f 4746 3156 3158
f 3158 3160 4746
f 3160 3162 4746
f 4746 3162 3164
f 4745 3138 3140
f 4745 3140 4746
f 3140 3142 4746
f 4746 3142 3144
f 3132 3134 4745
f 3134 3136 4745
f 4745 3136 3138
f 3144 3146 4746
f 3146 3148 4746
f 4746 3148 3150
f 3192 3194 5006
f 3194 3196 5006
f 5006 3196 4827
f 3196 3198 4827
f 3198 3200 4827
f 4827 3200 3202
f 3216 3218 4830
f 3218 3220 4830
f 4830 3220 3222
f 3222 3224 4830
f 3224 3226 4830
f 4830 3226 5005
f 3226 3228 5005
f 5005 3228 3230
f 3202 3204 4827
f 3204 3206 4827
f 4827 3206 3208
f 3208 3210 4827
f 3210 3212 4827
f 4827 3212 4830
f 3212 3214 4830
f 4830 3214 3216
f 5007 5008 5009
f 5010 5011 5012
f 5007 5009 5013
f 5008 5014 5009
f 5014 5015 5009
f 5009 5015 5016
f 5017 5018 5012
f 5018 5019 5012
f 5019 5020 5012
f 5012 5020 5010
f 5011 5021 5012
f 5021 5022 5012
f 5012 5022 5023
f 5022 5024 5023
f 5016 5025 5009
f 5025 5026 5009
f 5009 5026 5027
f 5028 5029 5030
f 5027 5031 5009
f 5031 5032 5009
f 5009 5032 5033
f 5034 5035 5012
f 5035 5036 5012
f 5012 5036 5017
f 5029 5037 5030
f 5037 5038 5030
f 5030 5038 5039
f 5039 5040 5030
f 5040 5041 5030
f 5030 5041 5042
f 5042 5043 5030
f 5043 5044 5030
f 5030 5044 5013
f 5024 5045 5023
f 5045 5046 5023
f 5023 5046 5047
f 5047 5048 5023
f 5048 5049 5023
f 5023 5049 5050
f 5050 5051 5023
f 5051 5052 5023
f 5023 5052 5053
f 5053 5054 5023
f 5054 5055 5023
f 5023 5055 5056
f 5057 5058 5030
f 5058 5059 5030
f 5059 5060 5030
f 5060 5061 5030
f 5030 5061 5028
f 5023 5062 5063
f 5023 5063 5030
f 5063 5064 5030
f 5030 5064 5057
f 5056 5065 5023
f 5065 5066 5023
f 5023 5066 5062
f 5067 5068 5069
f 5068 5070 5069
f 5070 5071 5069
f 5071 5072 5069
f 5069 5072 5073
f 5074 5075 5076
f 5075 5077 5076
f 5076 5077 5078
f 5078 5079 5076
f 5079 5080 5076
f 5076 5080 5012
f 5080 5081 5012
f 5012 5081 5034
f 5073 5082 5069
f 5082 5083 5069
f 5069 5083 5076
f 5083 5084 5076
f 5076 5084 5074
f 5076 5085 5086
f 5086 5087 4784
f 5087 5088 4784
f 5089 5090 5076
f 5090 5091 5076
f 5091 5092 5076
f 5076 5092 5093
f 5088 5094 4784
f 5094 5095 4784
f 4784 5095 5096
f 5096 5097 4784
f 5097 5098 4784
f 4784 5098 4791
f 5093 5099 5076
f 5099 5100 5076
f 5076 5100 5085
f 5101 5102 4789
f 5102 5103 4789
f 5104 5105 5106
f 5103 5107 4789
f 5107 5108 4789
f 4789 5108 5106
f 5108 5109 5106
f 5106 5109 5104
f 5098 5110 4791
f 5110 5111 4791
f 4791 5111 5112
f 5113 5114 5115
f 5112 5116 4791
f 5116 5117 4791
f 4791 5117 5118
f 5119 5120 5115
f 5120 5121 5115
f 5115 5121 5122
f 5105 5123 5106
f 5123 5124 5106
f 5106 5124 5125
f 5126 5127 5106
f 5127 5128 5106
f 5129 5130 5106
f 5130 5131 5106
f 5132 5133 5115
f 5133 5134 5115
f 5115 5134 5119
f 5125 5135 5106
f 5135 5136 5106
f 5106 5136 5126
f 5128 5137 5106
f 5137 5138 5106
f 5106 5138 5129
f 5114 5139 5115
f 5139 5140 5115
f 5115 5140 5132
f 5118 5141 4791
f 5141 5142 4791
f 4791 5142 5143
f 5144 5145 4789
f 5145 5146 4789
f 4789 5146 5147
f 5147 5148 4789
f 5148 5149 4789
f 4789 5149 5150
f 5150 5151 4789
f 5151 5152 4789
f 4789 5152 5153
f 5153 5154 4789
f 5154 5155 4789
f 4789 5155 5101
f 5143 5156 4791
f 5156 5157 4791
f 4791 5157 4789
f 5157 5158 4789
f 4789 5158 5144
f 5159 5160 4758
f 5161 5162 5163
f 5164 5165 5166
f 5161 5163 5166
f 5163 5167 5166
f 5166 5167 5164
f 5168 5161 5169
f 5161 5170 5169
f 5171 5172 4758
f 4756 4758 4803
f 4758 5160 4803
f 4803 5160 5173
f 5173 5174 4803
f 5174 5175 4803
f 4803 5175 5176
f 5168 5177 5161
f 5177 5178 5161
f 5161 5178 5179
f 5179 5180 5161
f 5180 5181 5161
f 5161 5181 5162
f 5172 5182 4758
f 5182 5183 4758
f 4758 5183 5159
f 5176 5184 4803
f 5184 5185 4803
f 4803 5185 5186
f 5187 5188 4758
f 5186 5189 4803
f 5189 5190 4803
f 4803 5190 5191
f 5165 5192 5166
f 5192 5193 5166
f 5166 5193 5194
f 5195 5196 4758
f 5194 5197 5166
f 5197 5198 5166
f 5166 5198 5199
f 5199 5200 5166
f 5200 5201 5166
f 5166 5201 5202
f 5202 5203 5166
f 5203 5204 5166
f 5166 5204 5205
f 5205 5206 5166
f 5206 5207 5166
f 5166 5207 5208
f 5196 5209 4758
f 5209 5210 4758
f 4758 5210 5211
f 5211 5212 4758
f 5212 5213 4758
f 4758 5213 5187
f 5188 5214 4758
f 5214 5215 4758
f 4758 5215 5171
f 4797 4796 4759
f 4796 5166 4759
f 4759 5166 4758
f 5166 5208 4758
f 4758 5208 5195
f 5191 5216 4803
f 5216 4805 4803
f 4803 4805 4801
f 4805 4804 4801
f 5216 5217 4805
f 5217 5218 4805
f 4805 5218 5219
f 5220 5221 5161
f 5221 5222 5161
f 5161 5222 5170
f 5223 5224 5220
f 5224 5225 5220
f 5226 5227 5220
f 5227 5228 5220
f 5220 5228 5221
f 5225 5229 5220
f 5229 5230 5220
f 5220 5230 5226
f 5219 5231 4805
f 5231 5232 4805
f 4805 5232 5233
f 5234 5235 5236
f 5235 5237 5236
f 5236 5237 5238
f 5237 5239 5238
f 5240 5241 5242
f 5239 5243 5238
f 5243 5244 5238
f 5238 5244 5245
f 5246 5247 5236
f 5247 5248 5236
f 5236 5248 5249
f 5249 5250 5236
f 5250 5251 5236
f 5236 5251 5234
f 5245 5252 5238
f 5252 5253 5238
f 5238 5253 5254
f 5254 5255 5238
f 5255 5256 5238
f 5238 5256 5257
f 5258 5259 5260
f 5259 5261 5260
f 5261 5262 5260
f 5262 5263 5260
f 5260 5263 5264
f 5257 5265 5238
f 5265 5266 5238
f 5238 5266 5267
f 5268 5269 5236
f 5269 5270 5236
f 5236 5270 5246
f 5271 5272 5236
f 5272 5273 5236
f 5236 5273 5268
f 5264 5274 5260
f 5274 5275 5260
f 5260 5275 5276
f 5276 5277 5260
f 5277 5278 5260
f 5260 5278 5279
f 5280 5281 5242
f 5281 5282 5242
f 5242 5282 5240
f 5267 5283 5238
f 5283 5284 5238
f 5238 5284 5285
f 5286 5287 5236
f 5287 5288 5236
f 5236 5288 5271
f 5289 5290 5242
f 5290 5291 5242
f 5242 5291 5292
f 5292 5293 5242
f 5293 5294 5242
f 5242 5294 5280
f 5295 5296 5220
f 5296 5297 5220
f 5298 5299 5300
f 5297 5301 5220
f 5301 5302 5220
f 5220 5302 5300
f 5302 5303 5300
f 5300 5303 5298
f 5304 5305 5220
f 5305 5306 5220
f 5306 5307 5220
f 5220 5307 5295
f 5299 5308 5300
f 5308 5309 5300
f 5300 5309 5310
f 5311 5312 5313
f 5312 5314 5313
f 5315 5236 5316
f 5316 5236 5317
f 5236 5238 5317
f 5317 5238 5318
f 5238 5319 5318
f 5318 5319 5320
f 4841 4831 4834
f 4831 4830 4834
f 4834 4830 5321
f 4830 5005 5321
f 5321 5005 5322
f 5005 4745 5322
f 5322 4745 5323
f 4745 4744 5323
f 4746 5313 4744
f 5313 5314 4744
f 4744 5314 5323
f 5314 5324 5323
f 5323 5324 5325
f 5324 5326 5325
f 5325 5326 5327
f 5326 5328 5327
f 5327 5328 5329
f 5328 5330 5329
f 5329 5330 5030
f 2681 2683 4827
f 2683 4752 4827
f 4827 4752 5006
f 4752 5331 5006
f 5006 5331 4746
f 5331 5332 4746
f 4746 5332 5313
f 5332 5315 5313
f 5313 5315 5311
f 5315 5316 5311
f 4917 4871 4913
f 4871 4863 4913
f 4913 4863 4919
f 4863 5333 4919
f 4919 5333 4921
f 5333 5334 4921
f 4921 5334 4748
f 5334 5335 4748
f 4748 5335 4749
f 5335 4999 4749
f 4749 4999 2507
f 4999 2505 2507
f 4899 4900 4863
f 4900 4852 4863
f 4863 4852 5333
f 4852 5336 5333
f 5333 5336 5334
f 5336 5337 5334
f 5334 5337 5335
f 5337 5338 5335
f 5335 5338 4999
f 5338 4998 4999
f 4999 4998 2485
f 4998 2483 2485
f 2703 2705 4752
f 2705 4822 4752
f 4752 4822 5331
f 4822 5339 5331
f 5331 5339 5332
f 5339 5340 5332
f 5332 5340 5315
f 5340 5341 5315
f 5315 5341 5236
f 5341 5260 5236
f 5236 5260 5286
f 5260 5279 5286
f 4823 4814 4822
f 4814 4755 4822
f 4822 4755 5339
f 4755 4754 5339
f 5339 4754 5340
f 4754 5003 5340
f 5340 5003 5341
f 5003 5004 5341
f 5341 5004 5260
f 5004 5300 5260
f 5260 5300 5258
f 5300 5310 5258
f 2848 2850 5004
f 2850 4809 5004
f 5004 4809 5300
f 4809 4807 5300
f 5300 4807 5220
f 4807 4805 5220
f 5220 4805 5223
f 4805 5233 5223
f 3051 4766 4770
f 4766 4996 4770
f 4770 4996 5342
f 4996 4997 5342
f 5342 4997 5343
f 4851 4835 4852
f 4835 4834 4852
f 4852 4834 5336
f 4834 5321 5336
f 5336 5321 5337
f 5321 5322 5337
f 5337 5322 5338
f 5322 5323 5338
f 5338 5323 4998
f 5323 5325 4998
f 4998 5325 4997
f 5325 5327 4997
f 4997 5327 5343
f 5327 5329 5343
f 5013 5009 5030
f 5009 5344 5030
f 5030 5344 5329
f 5344 5345 5329
f 5329 5345 5343
f 5345 5346 5343
f 5343 5346 5342
f 5346 4769 5342
f 5342 4769 4770
f 4769 3029 4770
f 4770 3029 3031
f 2993 2995 4773
f 2995 4769 4773
f 4773 4769 4776
f 4769 5346 4776
f 4776 5346 5001
f 5346 5345 5001
f 5001 5345 5000
f 5345 5344 5000
f 5000 5344 5002
f 5344 5009 5002
f 5002 5009 5069
f 5009 5033 5069
f 5069 5033 5067
f 5330 5347 5030
f 5347 5320 5030
f 5030 5320 5023
f 5320 5319 5023
f 5023 5319 5012
f 5319 5348 5012
f 5012 5348 5076
f 5348 5115 5076
f 5076 5115 5089
f 5115 5122 5089
f 5285 5289 5238
f 5289 5242 5238
f 5238 5242 5319
f 5242 5349 5319
f 5319 5349 5348
f 5349 5350 5348
f 5348 5350 5115
f 5350 5106 5115
f 5115 5106 5113
f 5106 5131 5113
f 5241 5304 5242
f 5304 5220 5242
f 5242 5220 5349
f 5220 5161 5349
f 5349 5161 5350
f 5161 5166 5350
f 5350 5166 5106
f 5166 4796 5106
f 5106 4796 4789
f 4796 4800 4789
f 4789 4800 4787
f 5086 4784 5076
f 4784 4762 5076
f 5076 4762 5069
f 4762 4761 5069
f 5069 4761 5002
f 4761 2596 5002
f 5002 2596 2598
f 1707 1685 4914
f 1412 1390 4817
f 1190 1168 4795
f 968 946 4779
f 527 505 4829
f 451 452 5351
f 232 210 4785
f 156 157 5352
f 146 148 5353
f 148 150 5353
f 150 152 5353
f 5353 152 5352
f 152 154 5352
f 5352 154 156
f 190 188 4760
f 190 4760 192
f 198 196 4760
f 196 194 4760
f 4760 194 192
f 204 202 4760
f 202 200 4760
f 4760 200 198
f 188 186 4760
f 186 184 4760
f 4760 184 182
f 180 178 5354
f 178 176 5354
f 176 174 5354
f 174 172 5354
f 5354 172 170
f 170 168 5354
f 168 166 5354
f 5354 166 164
f 164 162 5354
f 162 161 5354
f 5354 161 5353
f 161 158 5353
f 5353 158 146
f 210 212 4785
f 212 214 4785
f 4785 214 4786
f 214 216 4786
f 216 218 4786
f 4786 218 220
f 220 221 4786
f 221 208 4786
f 4786 208 4760
f 208 206 4760
f 4760 206 204
f 222 224 4793
f 224 226 4793
f 226 228 4793
f 4793 228 4785
f 228 230 4785
f 4785 230 232
f 261 259 5355
f 267 265 5355
f 265 263 5355
f 5355 263 261
f 273 271 5355
f 271 269 5355
f 5355 269 267
f 279 277 5355
f 277 275 5355
f 5355 275 273
f 257 255 4792
f 255 253 4792
f 4792 253 251
f 251 249 4792
f 249 247 4792
f 4792 247 245
f 245 243 4792
f 243 241 4792
f 4792 241 239
f 239 237 4792
f 237 236 4792
f 4792 236 4793
f 236 233 4793
f 4793 233 222
f 157 286 5352
f 286 288 5352
f 5352 288 5356
f 288 290 5356
f 290 292 5356
f 5356 292 294
f 294 295 5356
f 295 283 5356
f 5356 283 5355
f 283 281 5355
f 5355 281 279
f 441 443 5357
f 443 445 5357
f 445 447 5357
f 5357 447 5351
f 447 449 5351
f 5351 449 451
f 485 483 4824
f 485 4824 487
f 493 491 4824
f 491 489 4824
f 4824 489 487
f 499 497 4824
f 497 495 4824
f 4824 495 493
f 483 481 4824
f 481 479 4824
f 4824 479 477
f 475 473 5358
f 473 471 5358
f 471 469 5358
f 469 467 5358
f 5358 467 465
f 465 463 5358
f 463 461 5358
f 5358 461 459
f 459 457 5358
f 457 456 5358
f 5358 456 5357
f 456 453 5357
f 5357 453 441
f 505 507 4829
f 507 509 4829
f 4829 509 4828
f 509 511 4828
f 511 513 4828
f 4828 513 515
f 515 516 4828
f 516 503 4828
f 4828 503 4824
f 503 501 4824
f 4824 501 499
f 517 519 4831
f 519 521 4831
f 521 523 4831
f 4831 523 4829
f 523 525 4829
f 4829 525 527
f 556 554 5359
f 562 560 5359
f 560 558 5359
f 5359 558 556
f 568 566 5359
f 566 564 5359
f 5359 564 562
f 574 572 5359
f 572 570 5359
f 5359 570 568
f 552 550 4841
f 550 548 4841
f 4841 548 546
f 546 544 4841
f 544 542 4841
f 4841 542 540
f 540 538 4841
f 538 536 4841
f 4841 536 534
f 534 532 4841
f 532 531 4841
f 4841 531 4831
f 531 528 4831
f 4831 528 517
f 452 581 5351
f 581 583 5351
f 5351 583 5360
f 583 585 5360
f 585 587 5360
f 5360 587 589
f 589 590 5360
f 590 578 5360
f 5360 578 5359
f 578 576 5359
f 5359 576 574
f 884 886 5361
f 884 5361 882
f 890 892 5362
f 886 888 5361
f 888 890 5361
f 5361 890 5363
f 890 5362 5363
f 5364 5365 892
f 5365 5366 892
f 892 5366 5362
f 5364 892 5367
f 892 893 5367
f 5367 893 5368
f 926 924 4774
f 926 4774 928
f 934 932 4774
f 932 930 4774
f 4774 930 928
f 940 938 4774
f 938 936 4774
f 4774 936 934
f 924 922 4774
f 922 920 4774
f 4774 920 918
f 916 914 5369
f 914 912 5369
f 912 910 5369
f 910 908 5369
f 5369 908 906
f 906 904 5369
f 904 902 5369
f 5369 902 900
f 900 898 5369
f 898 897 5369
f 5369 897 5361
f 897 894 5361
f 5361 894 882
f 946 948 4779
f 948 950 4779
f 4779 950 4780
f 950 952 4780
f 952 954 4780
f 4780 954 956
f 956 957 4780
f 957 944 4780
f 4780 944 4774
f 944 942 4774
f 4774 942 940
f 958 960 4778
f 960 962 4778
f 962 964 4778
f 4778 964 4779
f 964 966 4779
f 4779 966 968
f 995 993 4777
f 1003 1001 5370
f 1001 999 5370
f 5370 999 997
f 1009 1007 5370
f 1007 1005 5370
f 5370 1005 1003
f 1015 1013 5370
f 1013 1011 5370
f 5370 1011 1009
f 5370 5371 1015
f 5371 5372 1015
f 1015 5372 5373
f 5373 5374 1015
f 5374 5375 1015
f 1015 5375 5376
f 5376 5377 1015
f 5377 5378 1015
f 1015 5378 5379
f 5380 5381 1019
f 5379 5382 1015
f 5382 5380 1015
f 1015 5380 1017
f 5380 1019 1017
f 5381 5383 1019
f 5383 5384 1019
f 1019 5384 5385
f 5385 5386 1019
f 5386 5387 1019
f 1019 5387 5388
f 5388 5389 1019
f 5389 5390 1019
f 1019 5390 5391
f 5391 5392 1019
f 5392 5393 1019
f 1019 5393 5394
f 5394 5395 1019
f 5395 5396 1019
f 1019 5396 5397
f 5397 5398 1019
f 5398 5399 1019
f 1019 5399 5400
f 993 991 4777
f 991 989 4777
f 4777 989 987
f 987 985 4777
f 985 983 4777
f 4777 983 981
f 981 979 4777
f 979 977 4777
f 4777 977 975
f 975 973 4777
f 973 972 4777
f 4777 972 4778
f 972 969 4778
f 4778 969 958
f 5401 5402 1022
f 5402 5403 1022
f 1022 5403 893
f 5403 5404 893
f 893 5404 5368
f 1024 5405 5406
f 5406 5407 1024
f 5407 5408 1024
f 1024 5408 1022
f 5408 5409 1022
f 1022 5409 5401
f 5410 5411 1026
f 5411 5412 1026
f 1026 5412 1024
f 5412 5413 1024
f 1024 5413 5405
f 5410 1026 5414
f 1026 1028 5414
f 5414 1028 1030
f 5400 5415 1019
f 5415 5414 1019
f 1019 5414 1031
f 5414 1030 1031
f 1104 1106 5416
f 1106 1108 5416
f 1108 1110 5416
f 5416 1110 5417
f 1110 5418 5417
f 5419 5420 1112
f 5420 5421 1112
f 5421 5422 1112
f 1112 5422 1110
f 5422 5423 1110
f 1110 5423 5418
f 5424 5425 1114
f 5425 5426 1114
f 1114 5426 1112
f 5426 5427 1112
f 1112 5427 5419
f 5424 1114 5428
f 1114 1115 5428
f 5428 1115 5429
f 1148 1146 4799
f 1148 4799 1150
f 1156 1154 4799
f 1154 1152 4799
f 4799 1152 1150
f 1162 1160 4799
f 1160 1158 4799
f 4799 1158 1156
f 1146 1144 4799
f 1144 1142 4799
f 4799 1142 1140
f 5430 5431 1140
f 1138 5432 5433
f 5430 1140 5434
f 5435 5436 1138
f 5435 1138 5437
f 5438 1138 5439
f 1138 5440 5439
f 5438 5441 1138
f 5441 5442 1138
f 1138 5442 5443
f 5443 5444 1138
f 5444 5445 1138
f 1138 5445 5446
f 5446 5447 1138
f 5447 5448 1138
f 1138 5448 5449
f 5449 5450 1138
f 5450 5451 1138
f 1138 5451 5437
f 5433 5452 1138
f 5452 5453 1138
f 1138 5453 5440
f 5436 5454 1138
f 5454 5455 1138
f 1138 5455 1140
f 5455 5456 1140
f 1140 5456 5434
f 5431 5457 1140
f 5457 5458 1140
f 1140 5458 5459
f 5459 5460 1140
f 5460 5461 1140
f 1140 5461 5462
f 5463 5464 1136
f 5464 5465 1136
f 1136 5465 1138
f 5465 5466 1138
f 1138 5466 5432
f 5463 1136 5416
f 1136 1134 5416
f 5416 1134 1132
f 1132 1130 5416
f 1130 1128 5416
f 5416 1128 1126
f 1126 1124 5416
f 1124 1122 5416
f 5416 1122 1120
f 1120 1119 5416
f 1119 1116 5416
f 5416 1116 1104
f 1168 1170 4795
f 1170 1172 4795
f 4795 1172 4798
f 1172 1174 4798
f 1174 1176 4798
f 4798 1176 1178
f 1178 1179 4798
f 1179 1166 4798
f 4798 1166 4799
f 1166 1164 4799
f 4799 1164 1162
f 1180 1182 4794
f 1182 1184 4794
f 1184 1186 4794
f 4794 1186 4795
f 1186 1188 4795
f 4795 1188 1190
f 1217 1215 4797
f 1219 1217 5467
f 1225 1223 5467
f 1223 1221 5467
f 5467 1221 1219
f 1231 1229 5467
f 1229 1227 5467
f 5467 1227 1225
f 1237 1235 5467
f 1235 1233 5467
f 5467 1233 1231
f 1215 1213 4797
f 1213 1211 4797
f 4797 1211 1209
f 1209 1207 4797
f 1207 1205 4797
f 4797 1205 1203
f 1203 1201 4797
f 1201 1199 4797
f 4797 1199 1197
f 1197 1195 4797
f 1195 1194 4797
f 4797 1194 4794
f 1194 1191 4794
f 4794 1191 1180
f 5468 5469 1244
f 5469 5470 1244
f 5470 5471 1244
f 5471 5472 1244
f 1244 5472 1115
f 5472 5473 1115
f 1115 5473 5429
f 5468 1244 5474
f 1244 1246 5474
f 5474 1246 5475
f 1246 1248 5475
f 1248 1250 5475
f 5475 1250 1252
f 1252 1253 5475
f 1253 1241 5475
f 5475 1241 5467
f 1241 1239 5467
f 5467 1239 1237
f 1328 1330 5476
f 1328 5476 1326
f 1334 1336 5477
f 1330 1332 5476
f 1332 1334 5476
f 5476 1334 5478
f 1334 5477 5478
f 5479 5480 1336
f 5480 5481 1336
f 1336 5481 5477
f 5479 1336 5482
f 1336 1337 5482
f 5482 1337 5483
f 1370 1368 4819
f 1370 4819 1372
f 1378 1376 4819
f 1376 1374 4819
f 4819 1374 1372
f 1384 1382 4819
f 1382 1380 4819
f 4819 1380 1378
f 1368 1366 4819
f 1366 1364 4819
f 4819 1364 1362
f 1362 1360 5484
f 1360 1358 5484
f 5484 1358 1356
f 1356 1354 5484
f 1354 1352 5484
f 5484 1352 1350
f 1350 1348 5484
f 1348 1346 5484
f 5484 1346 1344
f 1344 1342 5484
f 1342 1341 5484
f 5484 1341 5476
f 1341 1338 5476
f 5476 1338 1326
f 1390 1392 4817
f 1392 1394 4817
f 4817 1394 4818
f 1394 1396 4818
f 1396 1398 4818
f 4818 1398 1400
f 1400 1401 4818
f 1401 1388 4818
f 4818 1388 4819
f 1388 1386 4819
f 4819 1386 1384
f 1402 1404 4816
f 1404 1406 4816
f 1406 1408 4816
f 4816 1408 4817
f 1408 1410 4817
f 4817 1410 1412
f 1445 1443 5485
f 1451 1449 5485
f 1449 1447 5485
f 5485 1447 1445
f 1457 1455 5485
f 1455 1453 5485
f 5485 1453 1451
f 5486 5487 1459
f 1457 5485 1459
f 5485 5488 1459
f 1459 5488 5486
f 5487 5489 1459
f 5489 5490 1459
f 1459 5490 5491
f 5491 5492 1459
f 5492 5493 1459
f 1459 5493 5494
f 5494 5495 1459
f 5495 5496 1459
f 1459 5496 5497
f 5497 5498 1459
f 5498 5499 1459
f 1459 5499 1461
f 1461 5499 1463
f 5499 5500 1463
f 1463 5500 5501
f 5502 5503 1463
f 5503 5504 1463
f 1463 5504 5505
f 5505 5506 1463
f 5506 5507 1463
f 1463 5507 5508
f 5509 5510 1463
f 5511 5512 1463
f 5512 5513 1463
f 1463 5513 5509
f 5508 5514 1463
f 5514 5515 1463
f 1463 5515 5516
f 5516 5517 1463
f 5517 5518 1463
f 1463 5518 5511
f 5510 5519 1463
f 5519 5520 1463
f 1463 5520 5521
f 5501 5522 1463
f 5522 5523 1463
f 1463 5523 5524
f 5523 5525 5524
f 5524 5525 5526
f 5527 5528 5526
f 5526 5528 5524
f 5528 5529 5524
f 5524 5529 1463
f 5529 5530 1463
f 1463 5530 5502
f 1437 4815 1439
f 4815 5485 1439
f 1439 5485 1441
f 5485 1443 1441
f 1437 1435 4815
f 1435 1433 4815
f 4815 1433 1431
f 1431 1429 4815
f 1429 1427 4815
f 4815 1427 1425
f 1425 1423 4815
f 1423 1421 4815
f 4815 1421 1419
f 1419 1417 4815
f 1417 1416 4815
f 4815 1416 4816
f 1416 1413 4816
f 4816 1413 1402
f 1466 5531 5532
f 5532 5533 1466
f 5533 5534 1466
f 1466 5534 1337
f 5534 5535 1337
f 1337 5535 5483
f 5536 5537 1468
f 5536 1468 5538
f 5537 5539 1468
f 5539 5540 1468
f 1468 5540 1466
f 5540 5541 1466
f 1466 5541 5531
f 5542 5543 1470
f 5543 5544 1470
f 1470 5544 1468
f 5544 5545 1468
f 1468 5545 5538
f 5542 1470 5546
f 1470 1472 5546
f 5546 1472 1474
f 5521 5547 1463
f 5547 5546 1463
f 1463 5546 1475
f 5546 1474 1475
f 1621 1623 5548
f 5549 5550 1627
f 1629 5551 1627
f 5551 5552 1627
f 1627 5552 5549
f 1623 1625 5548
f 1625 1627 5548
f 5548 1627 5553
f 1627 5550 5553
f 5554 5555 1629
f 5555 5556 1629
f 1629 5556 5551
f 1632 5557 5558
f 1632 5558 1631
f 5558 5559 1631
f 1631 5559 5560
f 5560 5561 1631
f 5561 5562 1631
f 1631 5562 1629
f 5562 5563 1629
f 1629 5563 5554
f 1665 1663 4916
f 1665 4916 1667
f 1673 1671 4916
f 1671 1669 4916
f 4916 1669 1667
f 1679 1677 4916
f 1677 1675 4916
f 4916 1675 1673
f 1663 1661 4916
f 1661 1659 4916
f 4916 1659 1657
f 5564 5565 1657
f 1655 5566 5567
f 5567 5568 1655
f 5568 5569 1655
f 1655 5569 5570
f 5570 5571 1655
f 5571 5572 1655
f 1655 5572 5573
f 5573 5574 1655
f 5574 5575 1655
f 1655 5575 5576
f 5576 5577 1655
f 5577 5578 1655
f 1655 5578 5579
f 5579 5580 1655
f 5580 5581 1655
f 1655 5581 5582
f 5582 5583 1655
f 5583 5584 1655
f 1655 5584 5585
f 5585 5586 1655
f 5586 5587 1655
f 1655 5587 5588
f 5564 1657 5589
f 5588 5590 1655
f 5590 5591 1655
f 1655 5591 1657
f 5591 5592 1657
f 1657 5592 5589
f 5565 5593 1657
f 5593 5594 1657
f 1657 5594 5595
f 5596 5597 1655
f 5597 5598 1655
f 1655 5598 5566
f 5595 5599 1657
f 5599 5600 1657
f 1657 5600 5601
f 5601 5602 1657
f 5602 5603 1657
f 1657 5603 5604
f 5596 1655 5605
f 1655 1653 5605
f 5605 1653 5606
f 5606 1653 5548
f 1653 1651 5548
f 5548 1651 1649
f 1649 1647 5548
f 1647 1645 5548
f 5548 1645 1643
f 1643 1641 5548
f 1641 1639 5548
f 5548 1639 1637
f 1637 1636 5548
f 1636 1633 5548
f 5548 1633 1621
f 1685 1687 4914
f 1687 1689 4914
f 4914 1689 4915
f 1689 1691 4915
f 1691 1693 4915
f 4915 1693 1695
f 1695 1696 4915
f 1696 1683 4915
f 4915 1683 4916
f 1683 1681 4916
f 4916 1681 1679
f 1697 1699 4912
f 1699 1701 4912
f 1701 1703 4912
f 4912 1703 4914
f 1703 1705 4914
f 4914 1705 1707
f 1734 1732 4911
f 1736 1734 5607
f 1742 1740 5607
f 1740 1738 5607
f 5607 1738 1736
f 1748 1746 5607
f 1746 1744 5607
f 5607 1744 1742
f 1754 1752 5607
f 1752 1750 5607
f 5607 1750 1748
f 1732 1730 4911
f 1730 1728 4911
f 4911 1728 1726
f 1726 1724 4911
f 1724 1722 4911
f 4911 1722 1720
f 1720 1718 4911
f 1718 1716 4911
f 4911 1716 1714
f 1714 1712 4911
f 1712 1711 4911
f 4911 1711 4912
f 1711 1708 4912
f 4912 1708 1697
f 1761 5608 5609
f 5609 5610 1761
f 5610 5611 1761
f 1761 5611 1632
f 5611 5612 1632
f 1632 5612 5557
f 5608 1761 5613
f 1761 1763 5613
f 5613 1763 5614
f 1763 1765 5614
f 1765 1767 5614
f 5614 1767 1769
f 1769 1770 5614
f 1770 1758 5614
f 5614 1758 5607
f 1758 1756 5607
f 5607 1756 1754
f 5484 5615 5616
f 1362 5484 4819
f 5484 5616 4819
f 4819 5616 4820
f 5617 2352 4815
f 5618 5619 2352
f 2345 5620 2352
f 5620 5621 2352
f 2352 5621 5622
f 5622 5623 2352
f 5623 5624 2352
f 2352 5624 5618
f 5619 5625 2352
f 5625 5626 2352
f 2352 5626 5627
f 5627 5628 2352
f 5628 5629 2352
f 2352 5629 4815
f 5629 5630 4815
f 4815 5630 5485
f 4815 4814 5617
f 4814 4823 5617
f 5617 4823 5631
f 4823 4825 5631
f 5631 4825 5632
f 4825 4826 5632
f 5632 4826 5633
f 4826 4824 5633
f 5633 4824 5358
f 4824 477 5358
f 5358 477 475
f 4917 5634 4871
f 5634 5635 4871
f 4871 5635 4880
f 5635 5636 4880
f 4880 5636 4876
f 5636 5359 4876
f 4876 5359 4841
f 5359 554 4841
f 4841 554 552
f 5637 5638 2366
f 5638 5639 2366
f 2366 5639 5640
f 5640 5641 2366
f 5641 5642 2366
f 2366 5642 5643
f 5643 5644 2366
f 5644 5645 2366
f 2366 5645 2347
f 5604 5646 1657
f 5646 5637 1657
f 1657 5637 4916
f 5637 2366 4916
f 4916 2366 4917
f 2366 5647 4917
f 4917 5647 5634
f 5648 5649 4911
f 1734 4911 5607
f 4911 5649 5607
f 5607 5649 5650
f 4911 4918 5648
f 4918 4920 5648
f 5648 4920 5651
f 4920 4952 5651
f 5651 4952 5652
f 4952 4929 5652
f 5652 4929 5653
f 4929 4747 5653
f 5653 4747 5654
f 4747 4995 5654
f 5654 4995 5655
f 4995 4994 5655
f 5655 4994 5656
f 4994 4767 5656
f 5656 4767 5657
f 4767 4768 5657
f 5657 4768 5658
f 4768 4771 5658
f 5658 4771 5659
f 4771 4772 5659
f 5659 4772 5660
f 4772 4773 5660
f 5660 4773 5661
f 4773 4775 5661
f 5661 4775 5662
f 5369 5663 5664
f 5662 4775 5664
f 4775 4774 5664
f 5664 4774 5369
f 4774 918 5369
f 5369 918 916
f 5665 5666 4777
f 5666 5667 5668
f 5666 5668 4777
f 5668 5669 4777
f 4777 5669 5670
f 5670 5671 4777
f 5671 5672 4777
f 4777 5672 5673
f 5673 5674 4777
f 5674 5675 4777
f 4777 5675 5676
f 5676 5677 4777
f 5677 5678 4777
f 4777 5678 5679
f 997 995 5370
f 995 4777 5370
f 5370 4777 5680
f 4777 5679 5680
f 4777 4763 5665
f 4763 4765 5665
f 5665 4765 5681
f 4765 4781 5681
f 5681 4781 5682
f 4781 4783 5682
f 5682 4783 5683
f 4783 4760 5683
f 5683 4760 5354
f 4760 182 5354
f 5354 182 180
f 4800 5684 4787
f 5684 5685 4787
f 4787 5685 4788
f 5685 5686 4788
f 4788 5686 4790
f 5686 5355 4790
f 4790 5355 4792
f 5355 259 4792
f 4792 259 257
f 5687 5688 5689
f 5690 5691 5689
f 5691 5692 5689
f 5689 5692 5687
f 5688 5693 5689
f 5693 5694 5689
f 5689 5694 5695
f 5695 5696 5689
f 5696 5697 5689
f 5689 5697 5698
f 5698 5699 5689
f 5699 5700 5689
f 5689 5700 5701
f 5462 5702 1140
f 5702 5690 1140
f 1140 5690 4799
f 5690 5689 4799
f 4799 5689 4800
f 5689 5703 4800
f 4800 5703 5684
f 5704 5705 4797
f 1217 4797 5467
f 4797 5705 5467
f 5467 5705 5706
f 5616 5707 4820
f 5707 5708 4820
f 4820 5708 4821
f 5708 5709 4821
f 4821 5709 4813
f 5709 5710 4813
f 4813 5710 4812
f 5710 5711 4812
f 4812 5711 4810
f 5711 5712 4810
f 4810 5712 4808
f 5712 5713 4808
f 4808 5713 4806
f 5713 5714 4806
f 4806 5714 4804
f 5714 5715 4804
f 4804 5715 4801
f 5715 5716 4801
f 4801 5716 4802
f 5716 5717 4802
f 4802 5717 4756
f 5717 5718 4756
f 4756 5718 4757
f 5718 5704 4757
f 4757 5704 4759
f 5704 4797 4759
f 4201 4202 4200
f 4202 4203 4200
f 5719 5720 5721
f 5720 5719 5722
f 5723 5724 5725
f 5726 5727 5728
f 5729 5730 5731
f 5732 5733 5734
f 5735 5736 5737
f 5738 5739 5740
f 5741 5742 5743
f 5744 5745 5746
f 5461 5747 5462
f 5455 5454 5748
f 5454 5436 5748
f 5435 5437 5749
f 5750 5471 5751
f 5471 5470 5751
f 5751 5470 5752
f 5470 5469 5752
f 5752 5469 5753
f 5469 5468 5753
f 5753 5468 5754
f 5468 5474 5754
f 5429 5473 5750
f 5473 5472 5750
f 5750 5472 5471
f 5755 5421 5756
f 5421 5420 5756
f 5756 5420 5757
f 5420 5419 5757
f 5757 5419 5758
f 5419 5427 5758
f 5758 5427 5759
f 5427 5426 5759
f 5759 5426 5760
f 5426 5425 5760
f 5760 5425 5761
f 5425 5424 5761
f 5761 5424 5762
f 5424 5428 5762
f 5762 5428 5763
f 5428 5429 5763
f 5763 5429 5764
f 5429 5750 5764
f 5765 5423 5422
f 5766 5418 5423
f 5463 5416 5767
f 5416 5417 5767
f 5767 5417 5418
f 5768 5465 5464
f 5452 5433 5769
f 5433 5432 5769
f 5769 5432 5466
f 5453 5452 5770
f 5452 5771 5770
f 5770 5771 5772
f 5438 5439 5773
f 5439 5440 5773
f 5774 5775 5776
f 5441 5774 5442
f 5774 5776 5442
f 5442 5776 5443
f 5443 5777 5444
f 5777 5778 5444
f 5444 5778 5445
f 5778 5779 5445
f 5445 5779 5446
f 5780 5781 5449
f 5449 5781 5450
f 5781 5782 5450
f 5450 5782 5451
f 5749 5437 5783
f 5783 5434 5456
f 5456 5455 5783
f 5455 5748 5783
f 5783 5748 5749
f 5748 5436 5749
f 5749 5436 5435
f 5434 5784 5430
f 5784 5431 5430
f 5785 5786 5460
f 5787 5788 5458
f 5788 5785 5458
f 5458 5785 5459
f 5785 5460 5459
f 5747 5461 5789
f 5690 5702 5790
f 5702 5462 5790
f 5790 5462 5791
f 5462 5792 5791
f 5687 5692 5793
f 5692 5691 5793
f 5793 5691 5794
f 5795 5695 5694
f 5796 5697 5696
f 5697 5796 5698
f 5700 5699 5797
f 5699 5698 5797
f 5797 5698 5798
f 5698 5796 5798
f 5799 5800 5797
f 5800 5701 5797
f 5797 5701 5700
f 5801 5744 5802
f 5744 5746 5802
f 5802 5746 5803
f 5746 5804 5803
f 5805 5806 5807
f 5806 5808 5807
f 5807 5808 5809
f 5810 5811 5812
f 5813 5814 5811
f 5815 5816 5814
f 5817 5741 5818
f 5741 5743 5818
f 5818 5743 5819
f 5743 5820 5819
f 5819 5820 5821
f 5820 5822 5821
f 5823 5824 5825
f 5824 5826 5825
f 5827 5828 5829
f 5828 5830 5829
f 5829 5830 5831
f 5830 5832 5831
f 5831 5832 5833
f 5832 5834 5833
f 5833 5834 5835
f 5834 5836 5835
f 5835 5836 5837
f 5836 5838 5837
f 5734 5733 5839
f 5733 5840 5839
f 5839 5840 5731
f 5731 5730 5839
f 5730 5841 5839
f 5839 5841 5734
f 5842 5843 5844
f 5843 5845 5844
f 5844 5845 5846
f 5847 5848 5724
f 5848 5849 5724
f 5724 5849 5725
f 5850 5845 5851
f 5845 5843 5851
f 5851 5843 5852
f 5843 5842 5852
f 5852 5842 5853
f 5853 5732 5852
f 5732 5734 5852
f 5852 5734 5851
f 5734 5841 5851
f 5851 5841 5850
f 5841 5730 5850
f 5850 5730 5854
f 5730 5729 5854
f 5840 5855 5731
f 5855 5856 5731
f 5731 5856 5729
f 5856 5857 5729
f 5729 5857 5854
f 5857 5858 5854
f 5854 5858 5859
f 5849 5860 5861
f 5862 5728 5863
f 5728 5727 5863
f 5863 5727 5864
f 5865 5862 5866
f 5862 5863 5866
f 5866 5863 5867
f 5863 5864 5867
f 5867 5864 5868
f 5855 5869 5856
f 5869 5870 5856
f 5856 5870 5857
f 5870 5871 5857
f 5857 5871 5858
f 5871 5872 5858
f 5858 5872 5859
f 5872 5873 5859
f 5859 5873 5874
f 5875 5865 5876
f 5865 5866 5876
f 5876 5866 5877
f 5866 5867 5877
f 5877 5867 5878
f 5867 5868 5878
f 5878 5868 5879
f 5880 5875 5837
f 5875 5876 5837
f 5837 5876 5835
f 5876 5877 5835
f 5835 5877 5833
f 5877 5878 5833
f 5833 5878 5831
f 5878 5879 5831
f 5831 5879 5829
f 5847 5724 5881
f 5724 5723 5881
f 5881 5723 5882
f 5849 5861 5725
f 5861 5883 5725
f 5725 5883 5723
f 5883 5884 5723
f 5723 5884 5882
f 5885 5886 5887
f 5888 5889 5890
f 5889 5891 5890
f 5890 5891 5887
f 5887 5886 5890
f 5886 5892 5890
f 5890 5892 5888
f 5893 5894 5895
f 5894 5896 5895
f 5895 5896 5897
f 5896 5898 5897
f 5897 5898 5899
f 5898 5900 5899
f 5899 5900 5901
f 5900 5902 5901
f 5894 5903 5896
f 5903 5904 5896
f 5896 5904 5898
f 5904 5905 5898
f 5898 5905 5900
f 5905 5906 5900
f 5900 5906 5902
f 5906 5907 5902
f 5908 5888 5909
f 5888 5892 5909
f 5909 5892 5910
f 5892 5886 5910
f 5910 5886 5911
f 5886 5885 5911
f 5911 5885 5912
f 5893 5913 5894
f 5913 5908 5894
f 5894 5908 5903
f 5908 5909 5903
f 5903 5909 5904
f 5909 5910 5904
f 5904 5910 5905
f 5910 5911 5905
f 5905 5911 5906
f 5911 5912 5906
f 5906 5912 5907
f 5914 5915 5916
f 5915 5917 5916
f 5916 5917 5918
f 5917 5919 5918
f 5918 5919 5920
f 5919 5921 5920
f 5922 5923 5924
f 5923 5719 5924
f 5925 5926 5927
f 5926 5921 5927
f 5927 5921 5928
f 5869 5929 5870
f 5929 5930 5870
f 5870 5930 5871
f 5930 5931 5871
f 5871 5931 5872
f 5931 5932 5872
f 5872 5932 5873
f 5932 5933 5873
f 5873 5933 5874
f 5933 5934 5874
f 5874 5934 5935
f 5936 5889 5937
f 5889 5888 5937
f 5937 5888 5938
f 5888 5908 5938
f 5938 5908 5939
f 5908 5913 5939
f 5939 5913 5940
f 5913 5941 5940
f 5940 5941 5942
f 5941 5943 5942
f 5942 5943 5944
f 5943 5945 5944
f 5946 5947 5948
f 5947 5949 5948
f 5948 5949 5950
f 5949 5951 5950
f 5950 5951 5952
f 5951 5953 5952
f 5952 5953 5954
f 5953 5955 5954
f 5954 5955 5956
f 5955 5957 5956
f 5956 5957 5817
f 5838 5958 5837
f 5958 5823 5837
f 5837 5823 5880
f 5823 5825 5880
f 5880 5825 5959
f 5825 5826 5959
f 5959 5826 5960
f 5947 5726 5949
f 5726 5728 5949
f 5949 5728 5951
f 5728 5862 5951
f 5951 5862 5953
f 5862 5865 5953
f 5953 5865 5955
f 5865 5875 5955
f 5955 5875 5957
f 5875 5880 5957
f 5957 5880 5817
f 5880 5959 5817
f 5817 5959 5741
f 5959 5960 5741
f 5741 5960 5742
f 5929 5946 5930
f 5946 5948 5930
f 5930 5948 5931
f 5948 5950 5931
f 5931 5950 5932
f 5950 5952 5932
f 5932 5952 5933
f 5952 5954 5933
f 5933 5954 5934
f 5954 5956 5934
f 5934 5956 5935
f 5956 5817 5935
f 5935 5817 5961
f 5817 5818 5961
f 5961 5818 5962
f 5818 5819 5962
f 5962 5819 5963
f 5819 5821 5963
f 5963 5821 5815
f 5821 5822 5815
f 5815 5822 5816
f 5814 5813 5815
f 5813 5964 5815
f 5815 5964 5963
f 5964 5965 5963
f 5963 5965 5962
f 5965 5966 5962
f 5962 5966 5961
f 5966 5967 5961
f 5961 5967 5935
f 5967 5968 5935
f 5935 5968 5874
f 5812 5945 5810
f 5945 5943 5810
f 5810 5943 5969
f 5943 5941 5969
f 5969 5941 5970
f 5941 5913 5970
f 5970 5913 5971
f 5913 5893 5971
f 5971 5893 5972
f 5893 5895 5972
f 5972 5895 5973
f 5895 5897 5973
f 5973 5897 5974
f 5897 5899 5974
f 5974 5899 5975
f 5899 5901 5975
f 5975 5901 5976
f 5901 5902 5976
f 5976 5902 5860
f 5902 5907 5860
f 5860 5907 5861
f 5907 5912 5861
f 5861 5912 5883
f 5912 5885 5883
f 5883 5885 5884
f 5885 5887 5884
f 5884 5887 5882
f 5887 5891 5882
f 5944 5977 5942
f 5977 5978 5942
f 5942 5978 5940
f 5978 5979 5940
f 5940 5979 5939
f 5979 5980 5939
f 5939 5980 5938
f 5980 5981 5938
f 5938 5981 5937
f 5981 5982 5937
f 5937 5982 5936
f 5983 5984 5985
f 5984 5986 5985
f 5985 5986 5987
f 5986 5988 5987
f 5987 5988 5989
f 5988 5990 5989
f 5989 5990 5991
f 5990 5809 5991
f 5926 5992 5921
f 5992 5922 5921
f 5921 5922 5920
f 5922 5924 5920
f 5920 5924 5918
f 5924 5719 5918
f 5918 5719 5916
f 5719 5721 5916
f 5916 5721 5914
f 5812 5805 5945
f 5805 5807 5945
f 5945 5807 5944
f 5807 5809 5944
f 5944 5809 5977
f 5809 5990 5977
f 5977 5990 5978
f 5990 5988 5978
f 5978 5988 5979
f 5988 5986 5979
f 5979 5986 5980
f 5986 5984 5980
f 5980 5984 5981
f 5984 5983 5981
f 5981 5983 5982
f 5993 5994 5995
f 5994 5996 5995
f 5995 5996 5997
f 5745 5993 5746
f 5993 5995 5746
f 5746 5995 5804
f 5995 5997 5804
f 5804 5997 5998
f 5998 5928 5804
f 5928 5921 5804
f 5804 5921 5803
f 5921 5919 5803
f 5803 5919 5802
f 5919 5917 5802
f 5802 5917 5801
f 5917 5915 5801
f 5999 6000 6001
f 6000 5999 6002
f 6003 6004 6005
f 6004 6002 6005
f 6005 6002 6006
f 6002 5999 6006
f 6007 6008 6009
f 6008 6010 6009
f 5999 6011 6006
f 6011 6012 6006
f 6006 6012 6005
f 6012 6013 6005
f 6005 6013 6003
f 6013 6014 6003
f 6003 6014 6015
f 6016 6015 6017
f 6015 6014 6017
f 6017 6014 6018
f 6014 6013 6018
f 6018 6013 6019
f 6013 6012 6019
f 6019 6012 6010
f 6012 6011 6010
f 6010 6011 6009
f 6020 6021 6022
f 6023 6020 6024
f 6020 6022 6024
f 6024 6022 6025
f 6022 6026 6025
f 5925 5799 5926
f 5799 5797 5926
f 5926 5797 5992
f 5797 5798 5992
f 5992 5798 6027
f 5798 5796 6027
f 6027 5796 5795
f 5796 5696 5795
f 5795 5696 5695
f 5722 5719 6028
f 5719 5923 6028
f 6028 5923 6029
f 5923 5922 6029
f 6029 5922 6026
f 5922 5992 6026
f 6026 5992 6025
f 5992 6027 6025
f 6025 6027 6024
f 6027 5795 6024
f 6024 5795 6023
f 5795 5694 6023
f 6023 5694 5693
f 5780 5784 5781
f 5784 5434 5781
f 5781 5434 5782
f 5434 5783 5782
f 5782 5783 5451
f 5783 5437 5451
f 5448 5447 6030
f 5447 6031 6030
f 6030 6031 6032
f 5449 5448 5780
f 5448 6030 5780
f 5780 6030 5784
f 6030 6032 5784
f 5784 6032 5431
f 6032 5787 5431
f 5431 5787 5457
f 5787 5458 5457
f 5443 5776 5777
f 5776 5775 5777
f 5777 5775 5778
f 5775 6033 5778
f 5778 6033 5779
f 5447 5446 6031
f 5446 5779 6031
f 6031 5779 6032
f 5779 6033 6032
f 6032 6033 5787
f 6033 5775 5787
f 5787 5775 5788
f 5775 5774 5788
f 5788 5774 6034
f 5774 5441 6034
f 6034 5441 5438
f 5453 5770 6035
f 5770 5772 6035
f 6035 5772 6036
f 5438 5773 6034
f 5773 6037 6034
f 6034 6037 5788
f 6037 6038 5788
f 5788 6038 5785
f 6038 5789 5785
f 5785 5789 5786
f 5789 5461 5786
f 5786 5461 5460
f 5462 5747 5792
f 5747 5789 5792
f 5792 5789 6039
f 5789 6038 6039
f 6039 6038 6040
f 6038 6037 6040
f 6040 6037 6036
f 6037 5773 6036
f 6036 5773 6035
f 5773 5440 6035
f 6035 5440 5453
f 5452 5769 5771
f 5769 6041 5771
f 5771 6041 5772
f 6041 6042 5772
f 5772 6042 6036
f 6042 6043 6036
f 6036 6043 6040
f 6043 6044 6040
f 6040 6044 6039
f 6044 6045 6039
f 6039 6045 5792
f 6045 6046 5792
f 5792 6046 5791
f 6046 5794 5791
f 5791 5794 5790
f 5794 5691 5790
f 5790 5691 5690
f 5464 6047 5768
f 6047 6048 5768
f 5768 6048 6049
f 6048 6050 6049
f 6049 6050 6051
f 6050 6052 6051
f 5465 5768 6053
f 5768 6049 6053
f 6053 6049 6054
f 6049 6051 6054
f 6054 6051 6055
f 6051 6052 6055
f 6055 6052 6056
f 5423 5765 5766
f 5765 6057 5766
f 5766 6057 6058
f 6057 6059 6058
f 6058 6059 6060
f 6059 6061 6060
f 6060 6061 6062
f 6061 6063 6062
f 6062 6063 6064
f 6065 6064 6066
f 6064 6063 6066
f 6066 6063 6067
f 6063 6061 6067
f 6067 6061 6068
f 6061 6059 6068
f 6068 6059 6069
f 6059 6057 6069
f 6069 6057 6070
f 6057 5765 6070
f 6070 5765 5755
f 5765 5422 5755
f 5755 5422 5421
f 5736 6071 5737
f 6071 6072 5737
f 5737 6072 6073
f 6072 6074 6073
f 6073 6074 6075
f 6074 6076 6075
f 6075 6076 6077
f 6076 6078 6077
f 6077 6078 6079
f 6078 6080 6079
f 6079 6080 6081
f 6080 6082 6081
f 6081 6082 6083
f 6082 6084 6083
f 6083 6084 6085
f 6084 6086 6085
f 6085 6086 6087
f 6086 6088 6087
f 6087 6088 6089
f 6088 6090 6089
f 6089 6090 6091
f 6090 6092 6091
f 6091 6092 6093
f 6092 6094 6093
f 6093 6094 6095
f 6094 6096 6095
f 6095 6096 6097
f 6096 6098 6097
f 6097 6098 6099
f 6098 6100 6099
f 6099 6100 6101
f 6100 6102 6101
f 6101 6102 6103
f 6102 6104 6103
f 6103 6104 6105
f 6104 6106 6105
f 6105 6106 6107
f 6106 6108 6107
f 6109 5735 6110
f 5735 5737 6110
f 6110 5737 6111
f 5737 6073 6111
f 6111 6073 6112
f 6073 6075 6112
f 6112 6075 6113
f 6075 6077 6113
f 6113 6077 6114
f 6077 6079 6114
f 6114 6079 6115
f 6079 6081 6115
f 6115 6081 6116
f 6081 6083 6116
f 6116 6083 6117
f 6083 6085 6117
f 6117 6085 6118
f 6085 6087 6118
f 6118 6087 6119
f 6087 6089 6119
f 6119 6089 6120
f 6089 6091 6120
f 6120 6091 6121
f 6091 6093 6121
f 6121 6093 6122
f 6093 6095 6122
f 6122 6095 6123
f 6095 6097 6123
f 6123 6097 6124
f 6097 6099 6124
f 6124 6099 6125
f 6099 6101 6125
f 6125 6101 6126
f 6101 6103 6126
f 6126 6103 6127
f 6103 6105 6127
f 6127 6105 6128
f 6105 6107 6128
f 6128 6107 6129
f 6107 6108 6129
f 6129 6108 6130
f 6131 6132 6133
f 6132 6134 6133
f 6133 6134 6135
f 6134 6136 6135
f 6135 6136 6137
f 6136 6138 6137
f 6137 6138 6139
f 6138 6056 6139
f 6139 6056 6140
f 6056 6052 6140
f 6140 6052 6141
f 6052 6050 6141
f 6141 6050 6142
f 6050 6048 6142
f 6142 6048 6143
f 6048 6047 6143
f 6143 6047 5767
f 6047 5464 5767
f 5767 5464 5463
f 5474 6109 5754
f 6109 6110 5754
f 5754 6110 5753
f 6110 6111 5753
f 5753 6111 5752
f 6111 6112 5752
f 5752 6112 5751
f 6112 6113 5751
f 5751 6113 5750
f 6113 6114 5750
f 5750 6114 5764
f 6114 6115 5764
f 5764 6115 5763
f 6115 6116 5763
f 5763 6116 5762
f 6116 6117 5762
f 5762 6117 5761
f 6117 6118 5761
f 5761 6118 5760
f 6118 6119 5760
f 5760 6119 5759
f 6119 6120 5759
f 5759 6120 5758
f 6120 6121 5758
f 5758 6121 5757
f 6121 6122 5757
f 5757 6122 5756
f 6122 6123 5756
f 5756 6123 5755
f 6123 6124 5755
f 5755 6124 6070
f 6124 6125 6070
f 6070 6125 6069
f 6125 6126 6069
f 6069 6126 6068
f 6126 6127 6068
f 6068 6127 6067
f 6127 6128 6067
f 6067 6128 6066
f 6128 6129 6066
f 6066 6129 6065
f 6129 6130 6065
f 6065 6130 6144
f 6130 6145 6144
f 6144 6145 6146
f 6145 6147 6146
f 6146 6147 6148
f 6147 6149 6148
f 6148 6149 6150
f 5418 5766 5767
f 5766 6058 5767
f 5767 6058 6143
f 6058 6060 6143
f 6143 6060 6142
f 6060 6062 6142
f 6142 6062 6141
f 6062 6064 6141
f 6141 6064 6140
f 6064 6065 6140
f 6140 6065 6139
f 6065 6144 6139
f 6139 6144 6137
f 6144 6146 6137
f 6137 6146 6135
f 6146 6148 6135
f 6135 6148 6133
f 6148 6150 6133
f 6133 6150 6131
f 6151 6152 6153
f 6152 6154 6153
f 6153 6154 6155
f 6154 6156 6155
f 6155 6156 6157
f 6156 6158 6157
f 6157 6158 6159
f 6158 6160 6159
f 6159 6160 6161
f 6160 6162 6161
f 6161 6162 6163
f 6162 6164 6163
f 6163 6164 6165
f 6164 6166 6165
f 6165 6166 6167
f 6166 6168 6167
f 6167 6168 6169
f 6168 6170 6169
f 6169 6170 6171
f 6170 6172 6171
f 6171 6172 6173
f 6172 6174 6173
f 6173 6174 6175
f 6174 6176 6175
f 6175 6176 6177
f 6176 6178 6177
f 6177 6178 6179
f 6178 6180 6179
f 6179 6180 6181
f 6180 6182 6181
f 6181 6182 6183
f 6182 6184 6183
f 6183 6184 6185
f 6184 6186 6185
f 6185 6186 6187
f 6186 6188 6187
f 5739 6189 5740
f 6189 6190 5740
f 5740 6190 6191
f 6190 6192 6191
f 6191 6192 6193
f 6192 6194 6193
f 6193 6194 6195
f 6194 6196 6195
f 6195 6196 6197
f 6196 6198 6197
f 6197 6198 6199
f 6198 6200 6199
f 6199 6200 6201
f 6200 6202 6201
f 6201 6202 6203
f 6202 6204 6203
f 6203 6204 6205
f 6204 6206 6205
f 6205 6206 6207
f 6206 6208 6207
f 6207 6208 6209
f 6208 6210 6209
f 6209 6210 6211
f 6210 6212 6211
f 6211 6212 6213
f 6212 6214 6213
f 6213 6214 6215
f 6214 6216 6215
f 6215 6216 6217
f 6216 6218 6217
f 6217 6218 6219
f 6218 6220 6219
f 6219 6220 6221
f 6220 6222 6221
f 6221 6222 6223
f 6222 6224 6223
f 6152 5738 6154
f 5738 5740 6154
f 6154 5740 6156
f 5740 6191 6156
f 6156 6191 6158
f 6191 6193 6158
f 6158 6193 6160
f 6193 6195 6160
f 6160 6195 6162
f 6195 6197 6162
f 6162 6197 6164
f 6197 6199 6164
f 6164 6199 6166
f 6199 6201 6166
f 6166 6201 6168
f 6201 6203 6168
f 6168 6203 6170
f 6203 6205 6170
f 6170 6205 6172
f 6205 6207 6172
f 6172 6207 6174
f 6207 6209 6174
f 6174 6209 6176
f 6209 6211 6176
f 6176 6211 6178
f 6211 6213 6178
f 6178 6213 6180
f 6213 6215 6180
f 6180 6215 6182
f 6215 6217 6182
f 6182 6217 6184
f 6217 6219 6184
f 6184 6219 6186
f 6219 6221 6186
f 6186 6221 6188
f 6221 6223 6188
f 6225 6016 6226
f 6016 6017 6226
f 6226 6017 6227
f 6017 6018 6227
f 6227 6018 6228
f 6018 6019 6228
f 6228 6019 6229
f 6019 6010 6229
f 6229 6010 6230
f 6010 6008 6230
f 6230 6008 6231
f 6008 6007 6231
f 6231 6007 6232
f 6071 6233 6072
f 6233 6234 6072
f 6072 6234 6074
f 6234 6235 6074
f 6074 6235 6076
f 6235 6236 6076
f 6076 6236 6078
f 6236 6237 6078
f 6078 6237 6080
f 6237 6238 6080
f 6080 6238 6082
f 6238 6239 6082
f 6082 6239 6084
f 6239 6240 6084
f 6084 6240 6086
f 6240 6241 6086
f 6086 6241 6088
f 6241 6242 6088
f 6088 6242 6090
f 6242 6243 6090
f 6090 6243 6092
f 6243 6244 6092
f 6092 6244 6094
f 6244 6245 6094
f 6094 6245 6096
f 6245 6246 6096
f 6096 6246 6098
f 6246 6247 6098
f 6098 6247 6100
f 6247 6248 6100
f 6100 6248 6102
f 6248 6249 6102
f 6102 6249 6104
f 6249 6250 6104
f 6104 6250 6106
f 6250 6251 6106
f 6106 6251 6108
f 6251 6252 6108
f 6108 6252 6130
f 6252 6232 6130
f 6130 6232 6145
f 6232 6007 6145
f 6145 6007 6147
f 6007 6009 6147
f 6147 6009 6149
f 6009 6011 6149
f 6149 6011 6150
f 6011 5999 6150
f 6150 5999 6131
f 5999 6001 6131
f 6131 6001 6132
f 6233 6151 6234
f 6151 6153 6234
f 6234 6153 6235
f 6153 6155 6235
f 6235 6155 6236
f 6155 6157 6236
f 6236 6157 6237
f 6157 6159 6237
f 6237 6159 6238
f 6159 6161 6238
f 6238 6161 6239
f 6161 6163 6239
f 6239 6163 6240
f 6163 6165 6240
f 6240 6165 6241
f 6165 6167 6241
f 6241 6167 6242
f 6167 6169 6242
f 6242 6169 6243
f 6169 6171 6243
f 6243 6171 6244
f 6171 6173 6244
f 6244 6173 6245
f 6173 6175 6245
f 6245 6175 6246
f 6175 6177 6246
f 6246 6177 6247
f 6177 6179 6247
f 6247 6179 6248
f 6179 6181 6248
f 6248 6181 6249
f 6181 6183 6249
f 6249 6183 6250
f 6183 6185 6250
f 6250 6185 6251
f 6185 6187 6251
f 6251 6187 6252
f 6187 6188 6252
f 6252 6188 6232
f 6188 6223 6232
f 6232 6223 6231
f 6223 6224 6231
f 6231 6224 6230
f 6224 6253 6230
f 6230 6253 6229
f 6253 6254 6229
f 6225 6021 6016
f 6021 6020 6016
f 6016 6020 6015
f 6020 6023 6015
f 6015 6023 6003
f 6023 5693 6003
f 6003 5693 6004
f 5693 5688 6004
f 6004 5688 6002
f 5688 5687 6002
f 6002 5687 6000
f 5687 5793 6000
f 6000 5793 6001
f 5793 5794 6001
f 6001 5794 6132
f 5794 6046 6132
f 6132 6046 6134
f 6046 6045 6134
f 6134 6045 6136
f 6045 6044 6136
f 6136 6044 6138
f 6044 6043 6138
f 6138 6043 6056
f 6043 6042 6056
f 6056 6042 6055
f 6042 6041 6055
f 6055 6041 6054
f 6041 5769 6054
f 6054 5769 6053
f 5769 5466 6053
f 6053 5466 5465
f 5811 5810 5813
f 5810 5969 5813
f 5813 5969 5964
f 5969 5970 5964
f 5964 5970 5965
f 5970 5971 5965
f 5965 5971 5966
f 5971 5972 5966
f 5966 5972 5967
f 5972 5973 5967
f 5967 5973 5968
f 5973 5974 5968
f 5968 5974 5874
f 5974 5975 5874
f 5874 5975 5859
f 5975 5976 5859
f 5859 5976 5854
f 5976 5860 5854
f 5854 5860 5850
f 5860 5849 5850
f 5850 5849 5845
f 5849 5848 5845
f 5845 5848 5846
f 5848 6255 5846
f 5846 6255 5844
f 6255 6256 5844
f 5844 6256 5842
f 6256 6257 5842
f 5842 6257 5853
f 6189 5827 6190
f 5827 5829 6190
f 6190 5829 6192
f 5829 5879 6192
f 6192 5879 6194
f 5879 5868 6194
f 6194 5868 6196
f 5868 5864 6196
f 6196 5864 6198
f 5864 5727 6198
f 6198 5727 6200
f 5727 5726 6200
f 6200 5726 6202
f 5726 5947 6202
f 6202 5947 6204
f 5947 5946 6204
f 6204 5946 6206
f 5946 5929 6206
f 6206 5929 6208
f 5929 5869 6208
f 6208 5869 6210
f 5869 5855 6210
f 6210 5855 6212
f 5855 5840 6212
f 6212 5840 6214
f 5840 5733 6214
f 6214 5733 6216
f 5733 5732 6216
f 6216 5732 6218
f 5732 5853 6218
f 6218 5853 6220
f 5853 6257 6220
f 6220 6257 6222
f 6257 6256 6222
f 6222 6256 6224
f 6256 6255 6224
f 6224 6255 6253
f 6255 5848 6253
f 6253 5848 6254
f 5848 5847 6254
f 6254 5847 6229
f 5847 5881 6229
f 6229 5881 6228
f 5881 5882 6228
f 6228 5882 6227
f 5882 5891 6227
f 6227 5891 6226
f 5891 5889 6226
f 6226 5889 6225
f 5889 5936 6225
f 6225 5936 6021
f 5936 5982 6021
f 6021 5982 6022
f 5982 5983 6022
f 6022 5983 6026
f 5983 5985 6026
f 6026 5985 6029
f 5985 5987 6029
f 6029 5987 6028
f 5987 5989 6028
f 6028 5989 5722
f 5989 5991 5722
f 5722 5991 5720
f 5991 5809 5720
f 5720 5809 5721
f 5809 5808 5721
f 5721 5808 5914
f 1862 1860 5701
f 5667 1920 1918
f 1910 1908 6258
f 1860 1858 5667
f 1858 1856 5667
f 1856 1892 5667
f 1892 1928 5667
f 5667 1928 1926
f 1908 1906 6258
f 1906 1904 6258
f 6258 1904 1902
f 1902 1900 6258
f 1900 1898 6258
f 6258 1898 6259
f 1929 2312 1894
f 2312 6259 1894
f 1894 6259 1896
f 6259 1898 1896
f 1868 1866 5701
f 1866 1864 5701
f 5701 1864 1862
f 1926 1924 5667
f 1924 1922 5667
f 5667 1922 1920
f 5666 6260 5667
f 6260 6261 5667
f 5667 6261 6262
f 1912 6263 1914
f 6263 6264 1914
f 1914 6264 1916
f 6264 6265 1916
f 1916 6265 1918
f 6265 6266 1918
f 1918 6266 5667
f 6262 6267 5667
f 6267 6268 5667
f 5667 6268 1860
f 6268 6269 1860
f 1860 6269 6270
f 6270 6271 1860
f 6271 6272 1860
f 1860 6272 5701
f 6272 6273 5701
f 5701 6273 5689
f 1886 1884 5994
f 1884 1882 5994
f 1872 5928 1874
f 5928 5998 1874
f 1874 5998 1876
f 6258 6274 1910
f 6274 6275 1910
f 1910 6275 1912
f 6275 6276 1912
f 1912 6276 6263
f 6277 3298 1838
f 1882 1880 5994
f 1880 1878 5994
f 5994 1878 5996
f 1878 1876 5996
f 5996 1876 5997
f 1876 5998 5997
f 5701 5800 1868
f 5800 5799 1868
f 1868 5799 1870
f 5799 5925 1870
f 1870 5925 1872
f 5925 5927 1872
f 1872 5927 5928
f 1838 1854 6277
f 1854 1890 6277
f 6277 1890 5994
f 1890 1888 5994
f 5994 1888 1886
f 6278 6279 6280
f 6281 6282 6283
f 6284 6285 6286
f 6287 6288 6289
f 6290 6291 6292
f 6293 6291 6294
f 5383 6295 5384
f 5382 5379 6296
f 5377 6297 5378
f 6298 5373 5372
f 5676 6299 6300
f 6299 5676 5675
f 6266 6265 6301
f 6274 6258 6302
f 6303 6304 6305
f 5368 5404 6306
f 5398 5397 6307
f 5387 6308 5388
f 6308 6309 5388
f 5388 6309 5389
f 6309 5390 5389
f 5390 6309 6296
f 6309 6310 6296
f 6296 6310 6311
f 6312 5394 5393
f 6313 5395 5394
f 6314 5415 5400
f 6315 6316 6317
f 6316 5410 6317
f 6317 5410 5414
f 6318 5413 5412
f 5404 5403 6306
f 5403 6319 6306
f 6306 6319 6320
f 6321 6322 6323
f 6322 6324 6323
f 6325 6326 6321
f 6327 6328 6329
f 6328 6326 6329
f 6330 6331 6332
f 6331 6333 6332
f 6332 6333 6334
f 6333 6335 6334
f 6334 6335 6336
f 6335 6337 6336
f 6336 6337 6338
f 6337 6339 6338
f 6340 6341 6330
f 6341 6342 6330
f 6330 6342 6331
f 6343 6344 6345
f 6344 6340 6345
f 6345 6340 6346
f 6340 6330 6346
f 6347 6348 6349
f 6348 6350 6349
f 6349 6350 6343
f 6350 6351 6343
f 6343 6351 6344
f 6352 6353 6354
f 6353 6347 6354
f 6354 6347 6355
f 6347 6349 6355
f 6304 6303 6356
f 6303 6357 6356
f 6356 6357 6358
f 6359 6360 6361
f 6360 6362 6361
f 6363 6364 6365
f 6364 6366 6365
f 6365 6366 6367
f 6366 6368 6367
f 6369 6370 6371
f 6372 6373 6374
f 6373 6369 6374
f 6374 6369 6375
f 6369 6371 6375
f 6376 6377 6372
f 6377 6378 6372
f 6372 6378 6373
f 6379 6302 6380
f 6302 6376 6380
f 6380 6376 6381
f 6376 6372 6381
f 6381 6372 6382
f 6380 6263 6379
f 6263 6276 6379
f 6379 6276 6302
f 6276 6275 6302
f 6302 6275 6274
f 6266 6301 5667
f 6383 6384 5668
f 6384 5669 5668
f 5671 6385 5672
f 6385 6386 5672
f 5672 6386 5673
f 6386 6387 5673
f 5673 6387 5674
f 6388 5678 6300
f 5678 5677 6300
f 6300 5677 5676
f 5680 5679 6389
f 6389 6390 5680
f 6390 6391 5680
f 5680 6391 5370
f 6391 5371 5370
f 5377 5376 6392
f 5376 5375 6392
f 6392 5375 6393
f 5375 5374 6393
f 5391 5390 6394
f 5390 6296 6394
f 6394 6296 6297
f 6296 5379 6297
f 6297 5379 5378
f 5384 6295 5385
f 6295 6395 5385
f 5385 6395 5386
f 5387 5386 6308
f 5386 6395 6308
f 6308 6395 6309
f 6395 6295 6309
f 6309 6295 6310
f 6295 5383 6310
f 6310 5383 6311
f 5383 5381 6311
f 6311 5381 6296
f 5381 5380 6296
f 6296 5380 5382
f 6396 6315 6397
f 6315 6317 6397
f 6397 6317 6314
f 6317 5414 6314
f 6314 5414 5415
f 6292 6291 6398
f 6291 6293 6398
f 6398 6293 6399
f 6294 6291 6400
f 6291 6290 6400
f 6400 6290 6401
f 5397 5396 6307
f 5396 6402 6307
f 6307 6402 6403
f 6402 6404 6403
f 6403 6404 6405
f 5377 6392 6297
f 6392 6406 6297
f 6297 6406 6394
f 6406 6407 6394
f 6394 6407 5391
f 6313 6408 6409
f 6408 6410 6409
f 6411 6412 6410
f 6412 6413 6410
f 6410 6413 6409
f 6298 6414 5373
f 6414 6415 5373
f 5373 6415 5374
f 6415 6416 5374
f 5374 6416 6393
f 6416 6417 6393
f 6393 6417 6392
f 6417 6418 6392
f 6392 6418 6406
f 6418 6419 6406
f 6406 6419 6407
f 6419 5392 6407
f 6407 5392 5391
f 6292 6420 6290
f 6420 6421 6290
f 6290 6421 6401
f 6421 6422 6401
f 6401 6422 6423
f 6422 6424 6423
f 6423 6424 6425
f 6424 6426 6425
f 6425 6426 6427
f 6426 6428 6427
f 6427 6428 6429
f 6428 6430 6429
f 6429 6430 6431
f 6430 6432 6431
f 6433 6434 6435
f 6434 6436 6435
f 6435 6436 6437
f 6436 6438 6437
f 6437 6438 6439
f 6438 6440 6439
f 6439 6440 6441
f 6440 6442 6441
f 6441 6442 6443
f 6442 6444 6443
f 6443 6444 6445
f 6444 6446 6445
f 6445 6446 6447
f 6446 6396 6447
f 6447 6396 6448
f 6396 6397 6448
f 6448 6397 6449
f 6397 6314 6449
f 6449 6314 6450
f 6314 5400 6450
f 6450 5400 5399
f 6451 6433 6432
f 6433 6435 6432
f 6432 6435 6431
f 6435 6437 6431
f 6431 6437 6429
f 6437 6439 6429
f 6429 6439 6427
f 6439 6441 6427
f 6427 6441 6425
f 6441 6443 6425
f 6425 6443 6423
f 6443 6445 6423
f 6423 6445 6401
f 6445 6447 6401
f 6401 6447 6400
f 6447 6448 6400
f 6400 6448 6294
f 6448 6449 6294
f 6294 6449 6293
f 6449 6450 6293
f 6293 6450 6399
f 6450 5399 6399
f 6452 6453 6454
f 6453 6455 6454
f 6454 6455 6456
f 6455 6457 6456
f 6456 6457 6458
f 6457 6459 6458
f 6458 6459 6460
f 6459 6461 6460
f 6460 6461 6462
f 6461 6463 6462
f 6462 6463 6464
f 6463 6465 6464
f 6464 6465 6466
f 6465 6467 6466
f 6466 6467 6468
f 6467 6469 6468
f 6468 6469 6470
f 6469 6471 6470
f 6470 6471 6472
f 6471 6318 6472
f 6472 6318 6473
f 6318 5412 6473
f 6473 5412 5411
f 6474 6452 6451
f 6452 6454 6451
f 6451 6454 6433
f 6454 6456 6433
f 6433 6456 6434
f 6456 6458 6434
f 6434 6458 6436
f 6458 6460 6436
f 6436 6460 6438
f 6460 6462 6438
f 6438 6462 6440
f 6462 6464 6440
f 6440 6464 6442
f 6464 6466 6442
f 6442 6466 6444
f 6466 6468 6444
f 6444 6468 6446
f 6468 6470 6446
f 6446 6470 6396
f 6470 6472 6396
f 6396 6472 6315
f 6472 6473 6315
f 6315 6473 6316
f 6473 5411 6316
f 6316 5411 5410
f 6288 6287 6475
f 5372 5371 6476
f 5371 6391 6476
f 6476 6391 6477
f 6391 6390 6477
f 6477 6390 6478
f 6405 6479 6480
f 6479 6481 6480
f 6480 6481 6482
f 6481 6483 6482
f 6482 6483 6484
f 6483 6485 6484
f 6484 6485 6486
f 6485 6487 6486
f 6486 6487 6488
f 6487 6489 6488
f 6488 6489 6490
f 6489 6491 6490
f 6410 6492 6411
f 6492 6493 6411
f 6411 6493 6494
f 6493 6495 6494
f 6494 6495 6496
f 6495 6497 6496
f 6496 6497 6498
f 6497 6499 6498
f 6500 6501 6502
f 6501 6503 6502
f 6502 6503 6504
f 6503 6505 6504
f 6504 6505 6506
f 6507 6508 6509
f 6508 6510 6509
f 6509 6510 6511
f 5674 6387 5675
f 6387 6507 5675
f 5675 6507 6299
f 6507 6509 6299
f 6299 6509 6300
f 6509 6511 6300
f 6300 6511 6388
f 6283 6512 6281
f 6512 6513 6281
f 6281 6513 6384
f 6513 5670 6384
f 6384 5670 5669
f 5679 5678 6389
f 5678 6388 6389
f 6389 6388 6390
f 6388 6511 6390
f 6390 6511 6478
f 6511 6510 6478
f 6478 6510 6514
f 6510 6508 6514
f 6514 6508 6515
f 6508 6507 6515
f 6515 6507 6516
f 6507 6387 6516
f 6516 6387 6285
f 6387 6386 6285
f 6285 6386 6286
f 6386 6385 6286
f 6370 6368 6371
f 6368 6366 6371
f 6371 6366 6517
f 6366 6364 6517
f 6518 6519 6520
f 6521 6522 6519
f 5396 5395 6402
f 5395 6313 6402
f 6402 6313 6404
f 6313 6409 6404
f 6404 6409 6405
f 6409 6413 6405
f 6405 6413 6479
f 6413 6412 6479
f 6479 6412 6481
f 6412 6411 6481
f 6481 6411 6483
f 6411 6494 6483
f 6483 6494 6485
f 6494 6496 6485
f 6485 6496 6487
f 6496 6498 6487
f 6487 6498 6489
f 6498 6499 6489
f 6489 6499 6491
f 6499 6523 6491
f 6491 6523 6524
f 6523 6525 6524
f 6524 6525 6526
f 6525 6475 6526
f 6526 6475 6278
f 6475 6287 6278
f 6278 6287 6279
f 6287 6527 6279
f 6279 6527 6280
f 6527 6528 6280
f 6529 6530 6531
f 6530 6532 6531
f 6531 6532 6533
f 6532 6534 6533
f 6533 6534 6535
f 6534 6536 6535
f 6535 6536 6537
f 6536 6538 6537
f 6537 6538 6521
f 6521 6519 6537
f 6519 6518 6537
f 6537 6518 6535
f 6518 6528 6535
f 6535 6528 6533
f 6528 6527 6533
f 6533 6527 6531
f 6527 6287 6531
f 6531 6287 6529
f 6287 6289 6529
f 6529 6289 6539
f 6284 6540 6541
f 6540 6542 6541
f 6541 6542 6543
f 6542 6544 6543
f 6543 6544 6545
f 6544 6546 6545
f 6545 6546 6547
f 6546 6548 6547
f 6547 6548 6549
f 6548 6550 6549
f 6549 6550 6551
f 6550 6552 6551
f 6551 6552 6553
f 6552 6305 6553
f 6553 6305 6554
f 6305 6304 6554
f 6554 6304 6555
f 6304 6356 6555
f 6555 6356 6556
f 6539 6557 6529
f 6557 6558 6529
f 6529 6558 6530
f 6558 6559 6530
f 6530 6559 6532
f 6559 6560 6532
f 6532 6560 6534
f 6560 6561 6534
f 6534 6561 6536
f 6561 6562 6536
f 6536 6562 6538
f 6359 6361 6563
f 6361 6564 6563
f 6563 6564 6565
f 6564 6566 6565
f 6565 6566 6567
f 6566 6568 6567
f 6567 6568 6569
f 6382 6372 6570
f 6372 6374 6570
f 6570 6374 6571
f 6374 6375 6571
f 6571 6375 6569
f 6375 6371 6569
f 6569 6371 6567
f 6371 6517 6567
f 6567 6517 6565
f 6517 6364 6565
f 6565 6364 6563
f 6364 6363 6563
f 6563 6363 6359
f 6572 6573 6574
f 6573 6575 6574
f 6574 6575 6576
f 6575 6577 6576
f 6576 6577 6578
f 5668 5667 6383
f 5667 6301 6383
f 6383 6301 6384
f 6301 6579 6384
f 6384 6579 6281
f 6579 6580 6281
f 6281 6580 6282
f 6580 6581 6282
f 6282 6581 6283
f 6581 6582 6283
f 6283 6582 6583
f 6264 6263 6584
f 6263 6380 6584
f 6584 6380 6585
f 6380 6381 6585
f 6585 6381 6586
f 6381 6382 6586
f 6586 6382 6578
f 6382 6570 6578
f 6578 6570 6576
f 6570 6571 6576
f 6576 6571 6574
f 6571 6569 6574
f 6574 6569 6572
f 6569 6568 6572
f 6573 6583 6575
f 6583 6582 6575
f 6575 6582 6577
f 6582 6581 6577
f 6577 6581 6578
f 6581 6580 6578
f 6578 6580 6586
f 6580 6579 6586
f 6586 6579 6585
f 6579 6301 6585
f 6585 6301 6584
f 6301 6265 6584
f 6584 6265 6264
f 5671 5670 6385
f 5670 6513 6385
f 6385 6513 6286
f 6513 6512 6286
f 6286 6512 6284
f 6512 6283 6284
f 6284 6283 6540
f 6283 6583 6540
f 6540 6583 6542
f 6583 6573 6542
f 6542 6573 6544
f 6573 6572 6544
f 6544 6572 6546
f 6572 6568 6546
f 6546 6568 6548
f 6568 6566 6548
f 6548 6566 6550
f 6566 6564 6550
f 6550 6564 6552
f 6564 6361 6552
f 6552 6361 6305
f 6361 6362 6305
f 6305 6362 6303
f 5367 5368 6587
f 5368 6306 6587
f 6587 6306 6588
f 6306 6320 6588
f 6588 6320 6589
f 5366 5365 6590
f 5365 6591 6590
f 6590 6591 6592
f 6591 6593 6592
f 6592 6593 6594
f 6593 6595 6594
f 6594 6595 6596
f 5362 5366 6597
f 5366 6590 6597
f 6597 6590 6598
f 6590 6592 6598
f 6598 6592 6599
f 6592 6594 6599
f 6599 6594 6600
f 6594 6596 6600
f 6600 6596 6601
f 6321 6323 6325
f 6323 6602 6325
f 6325 6602 6603
f 6602 6604 6603
f 6603 6604 6605
f 6604 6606 6605
f 6605 6606 6607
f 6606 6608 6607
f 6607 6608 6609
f 5363 5362 6324
f 5362 6597 6324
f 6324 6597 6323
f 6597 6598 6323
f 6323 6598 6602
f 6598 6599 6602
f 6602 6599 6604
f 6599 6600 6604
f 6604 6600 6606
f 6600 6601 6606
f 6606 6601 6608
f 6338 6610 6336
f 6610 6611 6336
f 6336 6611 6334
f 6611 6612 6334
f 6334 6612 6332
f 6612 6613 6332
f 6332 6613 6330
f 6613 6614 6330
f 6330 6614 6346
f 6614 6615 6346
f 6346 6615 6345
f 6615 6616 6345
f 6345 6616 6343
f 6616 6617 6343
f 6343 6617 6349
f 6617 6618 6349
f 6349 6618 6355
f 6618 6619 6355
f 6355 6619 6354
f 6619 6620 6354
f 6354 6620 6352
f 6620 6621 6352
f 5365 5364 6591
f 5364 6622 6591
f 6591 6622 6593
f 6622 6623 6593
f 6593 6623 6595
f 6623 6624 6595
f 6595 6624 6596
f 6624 6625 6596
f 6596 6625 6601
f 6625 6626 6601
f 6601 6626 6608
f 6626 6627 6608
f 6608 6627 6609
f 6627 6628 6609
f 6609 6628 6629
f 6628 6630 6629
f 6629 6630 6631
f 6327 6329 6632
f 6329 6633 6632
f 6632 6633 6634
f 6633 6635 6634
f 6634 6635 6636
f 6635 6637 6636
f 6636 6637 6638
f 6637 6639 6638
f 6638 6639 6640
f 6639 6641 6640
f 6640 6641 6642
f 6641 6643 6642
f 6642 6643 6644
f 6326 6325 6329
f 6325 6603 6329
f 6329 6603 6633
f 6603 6605 6633
f 6633 6605 6635
f 6605 6607 6635
f 6635 6607 6637
f 6607 6609 6637
f 6637 6609 6639
f 6609 6629 6639
f 6639 6629 6641
f 6629 6631 6641
f 6641 6631 6643
f 6645 6646 6647
f 6646 6648 6647
f 6647 6648 6649
f 6648 6650 6649
f 6649 6650 6651
f 6650 6652 6651
f 6651 6652 6653
f 6652 6654 6653
f 6653 6654 6655
f 6656 6654 6657
f 6654 6652 6657
f 6657 6652 6658
f 6652 6650 6658
f 6658 6650 6659
f 6650 6648 6659
f 6659 6648 6660
f 6648 6646 6660
f 5394 6312 6313
f 6312 6661 6313
f 6313 6661 6408
f 6661 6662 6408
f 6408 6662 6410
f 6662 6663 6410
f 6410 6663 6492
f 6663 6664 6492
f 6492 6664 6493
f 6664 6665 6493
f 6493 6665 6495
f 6665 6666 6495
f 6495 6666 6497
f 6666 6667 6497
f 6497 6667 6499
f 6667 6668 6499
f 6499 6668 6523
f 6668 6669 6523
f 6523 6669 6525
f 6669 6500 6525
f 6525 6500 6475
f 6500 6502 6475
f 6475 6502 6288
f 6502 6504 6288
f 6288 6504 6289
f 6504 6506 6289
f 6289 6506 6539
f 6506 6670 6539
f 6539 6670 6557
f 6670 6671 6557
f 6557 6671 6558
f 6671 6672 6558
f 6558 6672 6559
f 6672 6673 6559
f 6559 6673 6560
f 6673 6674 6560
f 6560 6674 6561
f 6674 6675 6561
f 6561 6675 6562
f 6675 6676 6562
f 6562 6676 6538
f 6676 6677 6538
f 6538 6677 6521
f 6677 6678 6521
f 6521 6678 6522
f 6678 6679 6522
f 6522 6679 6680
f 6679 6656 6680
f 6680 6656 6681
f 6656 6657 6681
f 6681 6657 6682
f 6657 6658 6682
f 6682 6658 6683
f 6658 6659 6683
f 6683 6659 6684
f 6659 6660 6684
f 6684 6660 6685
f 6660 6646 6685
f 6685 6646 6686
f 6646 6645 6686
f 6686 6645 6687
f 6655 6654 6688
f 6654 6656 6688
f 6688 6656 6556
f 6656 6679 6556
f 6556 6679 6555
f 6679 6678 6555
f 6555 6678 6554
f 6678 6677 6554
f 6554 6677 6553
f 6677 6676 6553
f 6553 6676 6551
f 6676 6675 6551
f 6551 6675 6549
f 6675 6674 6549
f 6549 6674 6547
f 6674 6673 6547
f 6547 6673 6545
f 6673 6672 6545
f 6545 6672 6543
f 6672 6671 6543
f 6543 6671 6541
f 6671 6670 6541
f 6541 6670 6284
f 6670 6506 6284
f 6284 6506 6285
f 6506 6505 6285
f 6285 6505 6516
f 6505 6503 6516
f 6516 6503 6515
f 6503 6501 6515
f 6515 6501 6514
f 6501 6500 6514
f 6514 6500 6478
f 6500 6669 6478
f 6478 6669 6477
f 6669 6668 6477
f 6477 6668 6476
f 6668 6667 6476
f 6476 6667 5372
f 6667 6666 5372
f 5372 6666 6298
f 6666 6665 6298
f 6298 6665 6414
f 6665 6664 6414
f 6414 6664 6415
f 6664 6663 6415
f 6415 6663 6416
f 6663 6662 6416
f 6416 6662 6417
f 6662 6661 6417
f 6417 6661 6418
f 6661 6312 6418
f 6418 6312 6419
f 6312 5393 6419
f 6419 5393 5392
f 6610 6687 6611
f 6687 6645 6611
f 6611 6645 6612
f 6645 6647 6612
f 6612 6647 6613
f 6647 6649 6613
f 6613 6649 6614
f 6649 6651 6614
f 6614 6651 6615
f 6651 6653 6615
f 6615 6653 6616
f 6653 6655 6616
f 6616 6655 6617
f 6655 6688 6617
f 6617 6688 6618
f 6688 6556 6618
f 6618 6556 6619
f 6556 6356 6619
f 6619 6356 6620
f 6356 6358 6620
f 6620 6358 6621
f 5364 5367 6622
f 5367 6587 6622
f 6622 6587 6623
f 6587 6588 6623
f 6623 6588 6624
f 6588 6589 6624
f 6624 6589 6625
f 6589 6689 6625
f 6625 6689 6626
f 6689 6690 6626
f 6626 6690 6627
f 6690 6691 6627
f 6627 6691 6628
f 6691 6692 6628
f 6628 6692 6630
f 6693 6694 6695
f 6694 6696 6695
f 6695 6696 6697
f 6696 6698 6697
f 6697 6698 6699
f 6698 6700 6699
f 6699 6700 6701
f 6700 6644 6701
f 6701 6644 6702
f 6644 6643 6702
f 6702 6643 6703
f 6643 6631 6703
f 6703 6631 6704
f 6631 6630 6704
f 6704 6630 6705
f 6630 6692 6705
f 6705 6692 6706
f 6692 6691 6706
f 6706 6691 6707
f 6691 6690 6707
f 6707 6690 6708
f 6690 6689 6708
f 6708 6689 6709
f 6689 6589 6709
f 6709 6589 6710
f 6589 6320 6710
f 6710 6320 6711
f 6320 6319 6711
f 6711 6319 5402
f 6319 5403 5402
f 5401 5409 6712
f 5409 6713 6712
f 6712 6713 6714
f 6713 6715 6714
f 6714 6715 6716
f 6715 6717 6716
f 6716 6717 6718
f 6717 6719 6718
f 6718 6719 6720
f 6719 6721 6720
f 6720 6721 6722
f 6721 6723 6722
f 6722 6723 6724
f 6723 6725 6724
f 6724 6725 6726
f 6725 6727 6726
f 6726 6727 6728
f 6727 6729 6728
f 6728 6729 6730
f 6729 6731 6730
f 6730 6731 6732
f 6731 6733 6732
f 6732 6733 6734
f 6733 6735 6734
f 6734 6735 6736
f 6735 6737 6736
f 6736 6737 6738
f 6737 6739 6738
f 6738 6739 6740
f 6740 6693 6738
f 6693 6695 6738
f 6738 6695 6736
f 6695 6697 6736
f 6736 6697 6734
f 6697 6699 6734
f 6734 6699 6732
f 6699 6701 6732
f 6732 6701 6730
f 6701 6702 6730
f 6730 6702 6728
f 6702 6703 6728
f 6728 6703 6726
f 6703 6704 6726
f 6726 6704 6724
f 6704 6705 6724
f 6724 6705 6722
f 6705 6706 6722
f 6722 6706 6720
f 6706 6707 6720
f 6720 6707 6718
f 6707 6708 6718
f 6718 6708 6716
f 6708 6709 6716
f 6716 6709 6714
f 6709 6710 6714
f 6714 6710 6712
f 6710 6711 6712
f 6712 6711 5401
f 6711 5402 5401
f 6741 6742 6743
f 6742 6744 6743
f 6743 6744 6745
f 6744 6746 6745
f 6745 6746 6747
f 6746 6748 6747
f 6747 6748 6749
f 6748 6750 6749
f 6749 6750 6751
f 6750 6752 6751
f 6751 6752 6753
f 6752 6754 6753
f 6753 6754 6755
f 6754 6756 6755
f 6755 6756 6757
f 6756 6758 6757
f 6757 6758 6759
f 6758 6760 6759
f 6759 6760 6761
f 6760 6762 6761
f 6761 6762 6763
f 6762 6764 6763
f 6763 6764 6765
f 6764 6766 6765
f 6765 6766 6767
f 6766 6768 6767
f 6767 6768 6769
f 6768 6770 6769
f 6769 6770 5407
f 6770 5408 5407
f 5406 5405 6771
f 5405 6772 6771
f 6771 6772 6773
f 6772 6774 6773
f 6773 6774 6775
f 6774 6776 6775
f 6775 6776 6777
f 6776 6778 6777
f 6777 6778 6779
f 6778 6780 6779
f 6779 6780 6781
f 6780 6782 6781
f 6781 6782 6783
f 6782 6784 6783
f 6783 6784 6785
f 6784 6786 6785
f 6785 6786 6787
f 6786 6788 6787
f 6787 6788 6789
f 6788 6790 6789
f 6789 6790 6791
f 6790 6792 6791
f 6791 6792 6793
f 6792 6794 6793
f 6793 6794 6795
f 6794 6796 6795
f 6795 6796 6797
f 6796 6798 6797
f 6797 6798 6799
f 6799 6741 6797
f 6741 6743 6797
f 6797 6743 6795
f 6743 6745 6795
f 6795 6745 6793
f 6745 6747 6793
f 6793 6747 6791
f 6747 6749 6791
f 6791 6749 6789
f 6749 6751 6789
f 6789 6751 6787
f 6751 6753 6787
f 6787 6753 6785
f 6753 6755 6785
f 6785 6755 6783
f 6755 6757 6783
f 6783 6757 6781
f 6757 6759 6781
f 6781 6759 6779
f 6759 6761 6779
f 6779 6761 6777
f 6761 6763 6777
f 6777 6763 6775
f 6763 6765 6775
f 6775 6765 6773
f 6765 6767 6773
f 6773 6767 6771
f 6767 6769 6771
f 6771 6769 5406
f 6769 5407 5406
f 5405 5413 6772
f 5413 6318 6772
f 6772 6318 6774
f 6318 6471 6774
f 6774 6471 6776
f 6471 6469 6776
f 6776 6469 6778
f 6469 6467 6778
f 6778 6467 6780
f 6467 6465 6780
f 6780 6465 6782
f 6465 6463 6782
f 6782 6463 6784
f 6463 6461 6784
f 6784 6461 6786
f 6461 6459 6786
f 6786 6459 6788
f 6459 6457 6788
f 6788 6457 6790
f 6457 6455 6790
f 6790 6455 6792
f 6455 6453 6792
f 6792 6453 6794
f 6453 6452 6794
f 6794 6452 6796
f 6452 6474 6796
f 6796 6474 6798
f 6739 6520 6740
f 6520 6519 6740
f 6740 6519 6693
f 6519 6522 6693
f 6693 6522 6694
f 6522 6680 6694
f 6694 6680 6696
f 6680 6681 6696
f 6696 6681 6698
f 6681 6682 6698
f 6698 6682 6700
f 6682 6683 6700
f 6700 6683 6644
f 6683 6684 6644
f 6644 6684 6642
f 6684 6685 6642
f 6642 6685 6640
f 6685 6686 6640
f 6640 6686 6638
f 6686 6687 6638
f 6638 6687 6636
f 6687 6610 6636
f 6636 6610 6634
f 6610 6338 6634
f 6634 6338 6632
f 6338 6339 6632
f 6632 6339 6327
f 5399 5398 6399
f 5398 6307 6399
f 6399 6307 6398
f 6307 6403 6398
f 6398 6403 6292
f 6403 6405 6292
f 6292 6405 6420
f 6405 6480 6420
f 6420 6480 6421
f 6480 6482 6421
f 6421 6482 6422
f 6482 6484 6422
f 6422 6484 6424
f 6484 6486 6424
f 6424 6486 6426
f 6486 6488 6426
f 6426 6488 6428
f 6488 6490 6428
f 6428 6490 6430
f 6490 6491 6430
f 6430 6491 6432
f 6491 6524 6432
f 6432 6524 6451
f 6524 6526 6451
f 6451 6526 6474
f 6526 6278 6474
f 6474 6278 6798
f 6278 6280 6798
f 6798 6280 6799
f 6280 6528 6799
f 6799 6528 6741
f 6528 6518 6741
f 6741 6518 6742
f 6518 6520 6742
f 6742 6520 6744
f 6520 6739 6744
f 6744 6739 6746
f 6739 6737 6746
f 6746 6737 6748
f 6737 6735 6748
f 6748 6735 6750
f 6735 6733 6750
f 6750 6733 6752
f 6733 6731 6752
f 6752 6731 6754
f 6731 6729 6754
f 6754 6729 6756
f 6729 6727 6756
f 6756 6727 6758
f 6727 6725 6758
f 6758 6725 6760
f 6725 6723 6760
f 6760 6723 6762
f 6723 6721 6762
f 6762 6721 6764
f 6721 6719 6764
f 6764 6719 6766
f 6719 6717 6766
f 6766 6717 6768
f 6717 6715 6768
f 6768 6715 6770
f 6715 6713 6770
f 6770 6713 5408
f 6713 5409 5408
f 3531 3529 5474
f 3529 3527 5474
f 5474 3527 3525
f 3591 3589 6800
f 6071 5736 3517
f 3467 3465 6277
f 3465 3463 6277
f 3591 6800 3593
f 3545 3543 6801
f 3543 3541 6801
f 6801 3541 3539
f 3517 5736 3519
f 6801 3563 3561
f 3539 3537 6801
f 3537 3535 6801
f 6801 3535 5474
f 3535 3533 5474
f 5474 3533 3531
f 3475 3473 6277
f 3463 3461 6277
f 3461 3459 6277
f 6277 3459 3457
f 3457 3455 6277
f 3455 3597 6277
f 6277 3597 6800
f 3597 3595 6800
f 6800 3595 3593
f 3589 3587 6800
f 3587 3585 6800
f 6800 3585 3583
f 3555 3553 6801
f 3553 3551 6801
f 3525 3523 5474
f 3523 3521 5474
f 5474 3521 6109
f 3521 3519 6109
f 6109 3519 5735
f 3519 5736 5735
f 3473 3471 6277
f 3471 3469 6277
f 6277 3469 3467
f 3583 3581 6800
f 3581 3579 6800
f 6800 3579 3577
f 3551 3549 6801
f 3549 3547 6801
f 6801 3547 3545
f 3577 3575 6800
f 3575 3573 6800
f 6800 3573 3571
f 3561 3559 6801
f 3559 3557 6801
f 6801 3557 3555
f 5828 5827 3513
f 5827 6189 3513
f 3513 6189 3515
f 6189 5739 3515
f 3515 5739 5738
f 5738 6152 3515
f 6152 6151 3515
f 3515 6151 3517
f 6151 6233 3517
f 3517 6233 6071
f 5828 3513 5830
f 3513 3511 5830
f 5830 3511 5832
f 5826 5824 3509
f 5824 5823 3509
f 3509 5823 5958
f 3571 3569 6800
f 3569 3567 6800
f 6800 3567 6801
f 3567 3565 6801
f 6801 3565 3563
f 5958 5838 3509
f 5838 5836 3509
f 3509 5836 3511
f 5836 5834 3511
f 3511 5834 5832
f 3503 5814 3505
f 5814 5816 3505
f 3505 5816 3507
f 5816 5822 3507
f 3507 5822 5820
f 5805 3503 5806
f 3503 3501 5806
f 5805 5812 3503
f 5812 5811 3503
f 3503 5811 5814
f 3497 3495 5994
f 3481 3479 6277
f 3479 3477 6277
f 6277 3477 3475
f 5820 5743 3507
f 5743 5742 3507
f 3507 5742 3509
f 5742 5960 3509
f 3509 5960 5826
f 5801 5915 3499
f 5915 5914 3499
f 3499 5914 3501
f 5914 5808 3501
f 3501 5808 5806
f 3495 3493 5994
f 3493 3491 5994
f 5994 3491 3489
f 3489 3487 5994
f 3487 3485 5994
f 5994 3485 6277
f 3485 3483 6277
f 6277 3483 3481
f 5994 5993 3497
f 5993 5745 3497
f 3497 5745 3499
f 5745 5744 3499
f 3499 5744 5801
f 3933 3932 6800
f 3288 3956 3955
f 3932 3931 6800
f 3931 3930 6800
f 6800 3930 3929
f 3955 3954 3288
f 3954 3953 3288
f 3288 3953 3952
f 3937 3936 6800
f 3929 3928 6800
f 3928 3927 6800
f 6800 3927 3926
f 3960 3959 3289
f 3959 3958 3289
f 3289 3958 3288
f 3958 3957 3288
f 3288 3957 3956
f 3936 3935 6800
f 3935 3934 6800
f 6800 3934 3933
f 3949 3948 3288
f 3948 3947 3288
f 3288 3947 3946
f 3946 3945 3288
f 3945 3944 3288
f 3288 3944 3943
f 3941 3940 6800
f 3922 3921 6277
f 3921 3920 6277
f 6277 3920 3919
f 3952 3951 3288
f 3951 3950 3288
f 3288 3950 3949
f 3941 6800 3942
f 3940 3939 6800
f 3939 3938 6800
f 6800 3938 3937
f 3926 3925 6800
f 3925 3924 6800
f 6800 3924 6277
f 3924 3923 6277
f 6277 3923 3922
f 3919 3918 6277
f 3918 3917 6277
f 6277 3917 3916
f 3903 3902 3299
f 3299 3899 3300
f 3899 3898 3300
f 3300 3898 3301
f 3898 3897 3301
f 3301 3897 3302
f 3897 3896 3302
f 3302 3896 3303
f 3896 3895 3303
f 3303 3895 3304
f 3895 3894 3304
f 3304 3894 3305
f 3894 3893 3305
f 3305 3893 3306
f 3893 3892 3306
f 3306 3892 3307
f 3892 3891 3307
f 3307 3891 3308
f 3891 3890 3308
f 3308 3890 3289
f 3890 3889 3289
f 3289 3889 3960
f 3916 3915 6277
f 3915 3914 6277
f 6277 3914 3298
f 3902 3901 3299
f 3901 3900 3299
f 3299 3900 3899
f 3912 3911 3290
f 3911 3910 3290
f 3294 3295 3913
f 3295 3296 3913
f 3913 3296 3914
f 3296 3297 3914
f 3914 3297 3298
f 3290 3291 3912
f 3291 3292 3912
f 3912 3292 3913
f 3292 3293 3913
f 3913 3293 3294
f 3910 3909 3290
f 3909 3908 3290
f 3290 3908 3907
f 3907 3906 3290
f 3906 3905 3290
f 3290 3905 3299
f 3905 3904 3299
f 3299 3904 3903
f 4149 4148 2348
f 4148 4147 2348
f 2348 4147 4146
f 4146 4145 2348
f 4145 4144 2348
f 2348 4144 4143
f 4143 4142 2348
f 4142 4141 2348
f 2348 4141 6800
f 4141 4140 6800
f 6800 4140 4139
f 4139 4138 6800
f 4138 4137 6800
f 6800 4137 4136
f 4167 3277 4168
f 3277 3278 4168
f 4168 3278 4169
f 3278 3279 4169
f 4169 3279 4170
f 3279 3280 4170
f 4170 3280 4171
f 3280 3281 4171
f 4171 3281 4172
f 3281 3282 4172
f 4172 3282 4173
f 3282 3283 4173
f 4173 3283 4174
f 3283 3284 4174
f 4174 3284 4175
f 3284 3285 4175
f 4175 3285 4176
f 3285 3286 4176
f 4176 3286 4105
f 3286 3287 4105
f 4105 3287 4106
f 4167 4166 3277
f 4166 4165 3277
f 3277 4165 4164
f 4160 4159 3269
f 4159 4158 3269
f 3269 4158 4157
f 4152 4151 2348
f 4151 4150 2348
f 2348 4150 4149
f 4109 4108 3287
f 4108 4107 3287
f 3287 4107 4106
f 4136 4135 6800
f 4135 4134 6800
f 6800 4134 4133
f 4113 4112 3288
f 4112 4111 3288
f 3288 4111 3287
f 4111 4110 3287
f 3287 4110 4109
f 4164 4163 3277
f 4163 4162 3277
f 3277 4162 3269
f 4162 4161 3269
f 3269 4161 4160
f 4157 4156 3269
f 4156 4155 3269
f 3269 4155 3270
f 4155 4154 3270
f 2348 2349 4152
f 2349 3276 4152
f 4152 3276 4153
f 3276 3275 4153
f 4153 3275 3274
f 3274 3273 4153
f 3273 3272 4153
f 4153 3272 4154
f 3272 3271 4154
f 4154 3271 3270
f 4124 3288 6800
f 3288 3943 6800
f 6800 3943 3942
f 4133 4132 6800
f 4132 4131 6800
f 6800 4131 4130
f 4130 4129 6800
f 4129 4128 6800
f 6800 4128 4127
f 4118 4117 3288
f 4117 4116 3288
f 4127 4126 6800
f 4126 4125 6800
f 6800 4125 4124
f 4124 4123 3288
f 4123 4122 3288
f 3288 4122 4121
f 4116 4115 3288
f 4115 4114 3288
f 3288 4114 4113
f 4121 4120 3288
f 4120 4119 3288
f 3288 4119 4118
f 4548 4547 6801
f 4547 4546 6801
f 6801 4546 4545
f 6802 3392 6803
f 3392 3390 6803
f 6803 3390 6804
f 4545 4544 6801
f 4544 4543 6801
f 6801 4543 4542
f 4515 4514 6800
f 4511 4510 6800
f 4510 4581 6800
f 2348 3452 3450
f 2348 3444 3442
f 6805 6806 3398
f 6807 3396 6808
f 3396 3394 6808
f 6808 3394 6809
f 6802 6810 3392
f 6810 6811 3392
f 3392 6811 3394
f 6811 6812 3394
f 3394 6812 6809
f 3370 3368 6801
f 4514 4513 6800
f 4513 4512 6800
f 6800 4512 4511
f 4581 4580 6800
f 4580 4579 6800
f 6800 4579 2348
f 4579 4578 2348
f 2348 4578 4577
f 4577 4576 2348
f 4576 4575 2348
f 2348 4575 4574
f 3450 3448 2348
f 3448 3446 2348
f 2348 3446 3444
f 3442 3440 2348
f 3440 3438 2348
f 2348 3438 3436
f 6806 6813 3398
f 6813 6814 3398
f 3398 6814 3400
f 6804 3390 6815
f 3390 3388 6815
f 6815 3388 5478
f 3388 3386 5478
f 5478 3386 3384
f 3384 3382 5478
f 3382 3380 5478
f 5478 3380 3378
f 3314 4564 3316
f 4564 3318 3316
f 4542 4541 6801
f 4541 4540 6801
f 6801 4540 4539
f 6814 6816 3400
f 6816 6817 3400
f 3400 6817 6818
f 6807 6819 3396
f 6819 6820 3396
f 3396 6820 3398
f 6820 6821 3398
f 3398 6821 6805
f 3378 3376 5478
f 3376 3374 5478
f 5478 3374 6801
f 3374 3372 6801
f 6801 3372 3370
f 3326 3324 4564
f 3324 3322 4564
f 3322 3320 4564
f 4564 3320 3318
f 4521 4520 6800
f 4520 4519 6800
f 6800 4519 4518
f 4518 4517 6800
f 4517 4516 6800
f 6800 4516 4515
f 4574 4573 2348
f 4573 4572 2348
f 2348 4572 4571
f 3418 2346 3420
f 2346 3422 3420
f 4539 4538 6801
f 4538 4537 6801
f 6801 4537 4536
f 3436 3434 2348
f 3434 3432 2348
f 2348 3432 3430
f 6822 3410 6823
f 3410 3408 6823
f 6823 3408 6824
f 6825 6826 3406
f 6826 6827 3406
f 3406 6827 3408
f 6827 6828 3408
f 3408 6828 6824
f 4536 4535 6801
f 4535 4534 6801
f 6801 4534 4533
f 4526 4525 6800
f 4525 4524 6800
f 3418 3416 2346
f 3416 3414 2346
f 2346 3414 6829
f 3414 3412 6829
f 6829 3412 6830
f 3412 3410 6830
f 6830 3410 6831
f 3410 6822 6831
f 6818 6832 3400
f 6832 6833 3400
f 3400 6833 3402
f 6833 6834 3402
f 3402 6834 6835
f 4552 4551 3368
f 4551 4550 3368
f 3368 4550 6801
f 4550 4549 6801
f 6801 4549 4548
f 4533 4532 6801
f 4532 4531 6801
f 6801 4531 4530
f 4524 4523 6800
f 4523 4522 6800
f 6800 4522 4521
f 4571 4570 2348
f 4570 4569 2348
f 2348 4569 4568
f 4568 4567 2348
f 4567 4566 2348
f 2348 4566 3452
f 4566 4565 3452
f 3452 4565 3310
f 4565 4564 3310
f 3310 4564 3312
f 4564 3314 3312
f 3430 3428 2348
f 3428 3426 2348
f 2348 3426 2346
f 3426 3424 2346
f 2346 3424 3422
f 6825 3406 6836
f 3406 3404 6836
f 6836 3404 6837
f 6835 6838 3402
f 6838 6839 3402
f 3402 6839 3404
f 6839 6840 3404
f 3404 6840 6837
f 3334 3332 4564
f 3364 4558 4557
f 4530 4529 6801
f 4529 4528 6801
f 6801 4528 6800
f 4528 4527 6800
f 6800 4527 4526
f 3332 3330 4564
f 3330 3328 4564
f 4564 3328 3326
f 4557 4556 3364
f 4556 4555 3364
f 3364 4555 4554
f 3368 3366 4552
f 3366 3364 4552
f 4552 3364 4553
f 3364 4554 4553
f 3346 3344 4558
f 3364 3362 4558
f 3362 3360 4558
f 4558 3360 3358
f 4558 3344 4559
f 3358 3356 4558
f 3356 3354 4558
f 4558 3354 3352
f 3352 3350 4558
f 3350 3348 4558
f 4558 3348 3346
f 3340 3338 4564
f 3338 3336 4564
f 4564 3336 3334
f 4564 4563 3340
f 4563 4562 3340
f 3340 4562 3342
f 4562 4561 3342
f 3342 4561 3344
f 4561 4560 3344
f 3344 4560 4559
f 6841 6842 6843
f 6844 6845 6846
f 6847 6848 6849
f 6850 6851 6852
f 6853 6854 6855
f 6856 6857 6858
f 6859 6860 6861
f 6862 6863 6864
f 6865 6866 6867
f 6868 6869 6870
f 6871 6872 6873
f 6874 6875 6876
f 6877 6876 6878
f 6879 6880 6881
f 5483 5535 6882
f 5533 5532 6883
f 5546 5547 6884
f 5525 5523 6885
f 6886 6887 5488
f 5628 5627 6888
f 2375 2374 6889
f 2357 2346 6829
f 6837 6840 6890
f 6804 6891 6892
f 6810 6802 6892
f 6802 6803 6892
f 6892 6803 6804
f 6893 6809 6894
f 6809 6812 6894
f 6894 6812 6895
f 6812 6811 6895
f 6895 6811 6896
f 6811 6810 6896
f 6896 6810 6897
f 6810 6892 6897
f 6819 6807 6893
f 6807 6808 6893
f 6893 6808 6809
f 6893 6898 6819
f 6898 6899 6819
f 6819 6899 6820
f 6899 6900 6820
f 6820 6900 6821
f 6900 6901 6821
f 6821 6901 6805
f 6902 6813 6901
f 6813 6806 6901
f 6901 6806 6805
f 6832 6818 6903
f 6854 6834 6833
f 6853 6838 6854
f 6838 6835 6854
f 6854 6835 6834
f 6837 6890 6836
f 6824 6828 6904
f 6905 6823 6906
f 6823 6824 6906
f 6906 6824 6907
f 6824 6904 6907
f 6830 6831 6905
f 6831 6822 6905
f 6905 6822 6823
f 6908 6829 6909
f 6829 6830 6909
f 6909 6830 6910
f 6830 6905 6910
f 2375 6889 2345
f 6911 6912 5620
f 6912 5621 5620
f 5622 5621 6913
f 5621 6912 6913
f 6913 6912 6914
f 6912 6915 6914
f 5626 5625 6916
f 5625 5619 6916
f 6916 5619 6917
f 5619 5618 6917
f 6917 5618 6918
f 5628 6888 6919
f 5485 5630 6919
f 5630 5629 6919
f 6919 5629 5628
f 5489 5487 6920
f 5487 5486 6920
f 6921 5495 6922
f 5495 5494 6922
f 6922 5494 5493
f 6923 5497 6921
f 5497 5496 6921
f 6921 5496 5495
f 6924 6925 5498
f 6925 5499 5498
f 6926 6927 6928
f 5500 6928 5501
f 6928 6927 5501
f 5501 6927 5522
f 6927 6926 5522
f 5522 6926 5523
f 5525 6885 5527
f 6929 6930 6931
f 6930 6932 6931
f 6931 6932 6933
f 6885 6934 5527
f 6934 6931 5527
f 5527 6931 5528
f 6931 6933 5528
f 6935 6936 6937
f 5505 5504 6938
f 5504 5503 6938
f 6938 5503 6939
f 5503 5502 6939
f 6939 5502 6940
f 5502 5530 6940
f 6940 5530 6935
f 5530 5529 6935
f 5515 5514 6941
f 5514 5508 6941
f 6941 5508 6942
f 5508 5507 6942
f 5515 6943 5516
f 6943 6944 5516
f 5516 6944 5517
f 6944 6945 5517
f 5517 6945 5518
f 5518 6945 5511
f 6945 6946 5511
f 5511 6946 5512
f 6946 6947 5512
f 5512 6947 5513
f 5513 6947 5509
f 6947 6948 5509
f 5509 6948 5510
f 6949 5480 5479
f 6815 5478 6950
f 5478 5477 6950
f 6950 5477 5481
f 6951 6952 6953
f 6952 6954 6953
f 6953 6954 6955
f 6956 6951 6881
f 6951 6953 6881
f 6881 6953 6879
f 6953 6955 6879
f 6879 6955 6957
f 5520 5519 6958
f 5519 6959 6958
f 6958 6959 6960
f 6959 6961 6960
f 5547 5521 6884
f 5521 6962 6884
f 6884 6962 6963
f 6962 6964 6963
f 6963 6964 6965
f 6964 6966 6965
f 6965 6966 6967
f 6966 6968 6967
f 6967 6968 6969
f 6970 6971 6972
f 6971 6973 6972
f 6961 6959 6973
f 6959 6974 6973
f 6973 6974 6972
f 6974 6975 6972
f 6972 6975 6970
f 5500 5499 6928
f 5499 6925 6928
f 6928 6925 6976
f 6925 6977 6976
f 6976 6977 6978
f 6977 6979 6978
f 6978 6979 5506
f 5506 5505 6978
f 5505 6938 6978
f 6978 6938 6976
f 6938 6939 6976
f 6976 6939 6928
f 6939 6940 6928
f 6928 6940 6980
f 6940 6935 6980
f 5523 6926 6885
f 6926 6928 6885
f 6885 6928 6934
f 6928 6980 6934
f 6934 6980 6931
f 6980 6935 6931
f 6931 6935 6929
f 6935 6937 6929
f 6929 6937 6930
f 6937 6936 6930
f 6930 6936 6981
f 6936 6935 6981
f 6981 6935 6930
f 6935 6982 6930
f 6930 6982 6932
f 6982 6935 6932
f 6932 6935 6933
f 6935 5529 6933
f 6933 5529 5528
f 5498 5497 6924
f 5497 6923 6924
f 6924 6923 6925
f 6923 6941 6925
f 6925 6941 6977
f 6941 6942 6977
f 6977 6942 6979
f 6942 5507 6979
f 6979 5507 5506
f 6944 6983 6945
f 6983 6984 6945
f 6945 6984 6946
f 6984 6985 6946
f 6946 6985 6947
f 6985 6986 6947
f 6947 6986 6948
f 5493 5492 6922
f 5492 5491 6922
f 6922 5491 6987
f 5491 6988 6987
f 6987 6988 6989
f 5515 6941 6943
f 6941 6923 6943
f 6943 6923 6944
f 6923 6921 6944
f 6944 6921 6983
f 6921 6922 6983
f 6983 6922 6984
f 6922 6987 6984
f 6984 6987 6985
f 6987 6989 6985
f 6985 6989 6986
f 6869 6868 6990
f 6868 6991 6990
f 6990 6991 6992
f 6872 6871 6993
f 6871 6994 6993
f 6993 6994 6995
f 6994 6996 6995
f 6995 6996 6997
f 6996 6998 6997
f 6997 6998 6999
f 6876 6877 6874
f 6877 7000 6874
f 6874 7000 7001
f 7000 7002 7001
f 7001 7002 7003
f 7002 7004 7003
f 7003 7004 7005
f 7004 7006 7005
f 7005 7006 7007
f 7006 7008 7007
f 7007 7008 7009
f 6875 6874 7010
f 6874 7001 7010
f 7010 7001 7011
f 7001 7003 7011
f 7011 7003 7012
f 7003 7005 7012
f 7012 7005 7013
f 7005 7007 7013
f 7013 7007 7014
f 7007 7009 7014
f 7014 7009 7015
f 6867 6866 7016
f 6866 7017 7016
f 7016 7017 7018
f 7017 7015 7018
f 7018 7015 7019
f 7015 7009 7019
f 7019 7009 7020
f 7009 7008 7020
f 7020 7008 7021
f 7008 7006 7021
f 7021 7006 7022
f 7006 7004 7022
f 7022 7004 7023
f 7004 7002 7023
f 7023 7002 7024
f 7002 7000 7024
f 7024 7000 7025
f 7000 6877 7025
f 7025 6877 7026
f 6877 6878 7026
f 7026 6878 6880
f 7027 7028 7029
f 7028 7030 7029
f 7029 7030 7031
f 7030 7032 7031
f 5519 5510 6959
f 5510 6948 6959
f 6959 6948 6974
f 6948 6986 6974
f 6974 6986 6975
f 6986 6989 6975
f 6975 6989 7033
f 6989 6988 7033
f 7033 6988 7034
f 6988 5491 7034
f 7034 5491 5490
f 5490 7032 7034
f 7032 7030 7034
f 7034 7030 7033
f 7030 7028 7033
f 7033 7028 6975
f 7028 7027 6975
f 6975 7027 6970
f 7027 7035 6970
f 6970 7035 6971
f 7035 6969 6971
f 6971 6969 6973
f 6969 6968 6973
f 6973 6968 6961
f 6968 6966 6961
f 6961 6966 6960
f 6966 6964 6960
f 6960 6964 6958
f 6964 6962 6958
f 6958 6962 5520
f 6962 5521 5520
f 5542 5546 7036
f 5546 6884 7036
f 7036 6884 7037
f 6884 6963 7037
f 7037 6963 7038
f 6963 6965 7038
f 7038 6965 7039
f 6965 6967 7039
f 7039 6967 7040
f 6967 6969 7040
f 7040 6969 7041
f 6969 7035 7041
f 7041 7035 7042
f 7035 7027 7042
f 7042 7027 7043
f 7027 7029 7043
f 7043 7029 7044
f 7029 7031 7044
f 7044 7031 6920
f 7031 7032 6920
f 6920 7032 5489
f 7032 5490 5489
f 5538 5545 6956
f 5545 5544 6956
f 6956 5544 6951
f 5544 5543 6951
f 6951 5543 6952
f 5543 5542 6952
f 6952 5542 6954
f 5542 7036 6954
f 6954 7036 6955
f 7036 7037 6955
f 6955 7037 6957
f 7037 7038 6957
f 6957 7038 7045
f 7038 7039 7045
f 7045 7039 7046
f 7039 7040 7046
f 7046 7040 7047
f 7040 7041 7047
f 7047 7041 7048
f 7041 7042 7048
f 7048 7042 7049
f 7042 7043 7049
f 7049 7043 7050
f 7043 7044 7050
f 7050 7044 7051
f 7044 6920 7051
f 7051 6920 6887
f 6920 5486 6887
f 6887 5486 5488
f 6880 6879 7026
f 6879 6957 7026
f 7026 6957 7025
f 6957 7045 7025
f 7025 7045 7024
f 7045 7046 7024
f 7024 7046 7023
f 7046 7047 7023
f 7023 7047 7022
f 7047 7048 7022
f 7022 7048 7021
f 7048 7049 7021
f 7021 7049 7020
f 7049 7050 7020
f 7020 7050 7019
f 7050 7051 7019
f 7019 7051 7018
f 7051 6887 7018
f 7018 6887 7016
f 6887 6886 7016
f 7016 6886 6867
f 6857 7052 6858
f 7052 7053 6858
f 6858 7053 7054
f 7053 7055 7054
f 6860 6859 7056
f 6859 7057 7056
f 7056 7057 7058
f 7059 7060 7061
f 7060 7062 7061
f 7061 7062 7063
f 7062 7064 7063
f 7065 7059 7055
f 7059 7061 7055
f 7055 7061 7054
f 7061 7063 7054
f 7054 7063 6858
f 7063 7064 6858
f 6858 7064 6856
f 7066 7065 7058
f 7065 7055 7058
f 7058 7055 7056
f 7055 7053 7056
f 7056 7053 6860
f 7053 7052 6860
f 6860 7052 6861
f 7052 7067 6861
f 6861 7067 7068
f 7067 7069 7068
f 7068 7069 7070
f 7069 7071 7070
f 7070 7071 6992
f 7071 7072 6992
f 6992 7072 6990
f 7072 7073 6990
f 6990 7073 6869
f 6863 6862 7074
f 6862 7075 7074
f 7074 7075 7076
f 5488 5485 6886
f 5485 6919 6886
f 6886 6919 6867
f 6919 6888 6867
f 6867 6888 6865
f 6888 7077 6865
f 6865 7077 7078
f 7077 7079 7078
f 6918 7079 6917
f 7079 7077 6917
f 6917 7077 6916
f 7077 6888 6916
f 6916 6888 5626
f 6888 5627 5626
f 5624 7066 7076
f 7066 7058 7076
f 7076 7058 7074
f 7058 7057 7074
f 7074 7057 6863
f 7057 6859 6863
f 6863 6859 6864
f 6859 6861 6864
f 6864 6861 7080
f 6861 7068 7080
f 7080 7068 7081
f 7068 7070 7081
f 7081 7070 6999
f 7070 6992 6999
f 6999 6992 6997
f 6992 6991 6997
f 6997 6991 6995
f 6991 6868 6995
f 6995 6868 6993
f 6868 6870 6993
f 6993 6870 6872
f 5618 5624 6918
f 5624 7076 6918
f 6918 7076 7079
f 7076 7075 7079
f 7079 7075 7078
f 7075 6862 7078
f 7078 6862 6865
f 6862 6864 6865
f 6865 6864 6866
f 6864 7080 6866
f 6866 7080 7017
f 7080 7081 7017
f 7017 7081 7015
f 7081 6999 7015
f 7015 6999 7014
f 6999 6998 7014
f 7014 6998 7013
f 6998 6996 7013
f 7013 6996 7012
f 6996 6994 7012
f 7012 6994 7011
f 6994 6871 7011
f 7011 6871 7010
f 6871 6873 7010
f 7010 6873 6875
f 7082 6915 7083
f 6915 6912 7083
f 7083 6912 6889
f 6912 6911 6889
f 6889 6911 2345
f 6911 5620 2345
f 7082 7084 6915
f 7084 7085 6915
f 6915 7085 6914
f 7085 7086 6914
f 6914 7086 6913
f 7086 7087 6913
f 6913 7087 5622
f 7087 5623 5622
f 6818 6817 6903
f 6817 7088 6903
f 6903 7088 7089
f 7088 6846 7089
f 7089 6846 7090
f 6846 6845 7090
f 7090 6845 7091
f 6832 6903 6833
f 6903 7089 6833
f 6833 7089 6854
f 7089 7090 6854
f 6854 7090 6855
f 7090 7091 6855
f 6855 7091 7092
f 6828 6827 6904
f 6827 7093 6904
f 6904 7093 7094
f 7093 7095 7094
f 7094 7095 7096
f 7095 7097 7096
f 7096 7097 7098
f 7099 7100 7101
f 6843 6842 7102
f 6842 7103 7102
f 7103 7104 7102
f 7102 7104 7105
f 7104 7106 7105
f 7105 7106 7107
f 7106 7108 7107
f 7107 7108 7109
f 7108 7110 7109
f 7109 7110 7111
f 7110 7112 7111
f 7111 7112 7113
f 6840 6839 6890
f 6839 7113 6890
f 6890 7113 7114
f 7113 7112 7114
f 7114 7112 7115
f 7112 7110 7115
f 7115 7110 7116
f 7110 7108 7116
f 7116 7108 7117
f 7108 7106 7117
f 7117 7106 7118
f 7106 7104 7118
f 7118 7104 7119
f 7104 7103 7119
f 7119 7103 7120
f 6852 7121 6847
f 6852 6851 7121
f 6851 7122 7121
f 7121 7122 7123
f 7122 7124 7123
f 7123 7124 7125
f 7124 7126 7125
f 7125 7126 7127
f 7128 6849 7129
f 6849 7130 7129
f 7129 7130 7131
f 7130 7132 7131
f 7131 7132 7133
f 7132 7134 7133
f 7133 7134 7135
f 7134 7136 7135
f 7135 7136 7137
f 7098 7128 7096
f 7128 7129 7096
f 7096 7129 7094
f 7129 7131 7094
f 7094 7131 6904
f 7131 7133 6904
f 6904 7133 6907
f 7133 7135 6907
f 6907 7135 6906
f 7135 7137 6906
f 6906 7137 6905
f 7137 7138 6905
f 6905 7138 6910
f 7139 7140 7141
f 7140 7142 7141
f 6849 6848 7130
f 6848 7143 7130
f 7130 7143 7132
f 7143 7144 7132
f 7132 7144 7134
f 7144 7145 7134
f 7134 7145 7136
f 7145 7146 7136
f 7136 7146 7137
f 7146 7147 7137
f 7137 7147 7138
f 7147 7148 7138
f 7138 7148 6910
f 7148 7149 6910
f 6910 7149 6909
f 7142 7127 7141
f 7127 7126 7141
f 7141 7126 7060
f 7126 7124 7060
f 7060 7124 7062
f 7124 7122 7062
f 7062 7122 7064
f 7122 6851 7064
f 7064 6851 6856
f 6851 6850 6856
f 6856 6850 6857
f 6804 6815 6891
f 6815 6950 6891
f 6891 6950 7150
f 6950 5481 7150
f 7150 5481 5480
f 5480 6949 7150
f 6949 7151 7150
f 7150 7151 6891
f 7151 7152 6891
f 6891 7152 6892
f 7152 7153 6892
f 6892 7153 6897
f 7153 7154 6897
f 6897 7154 6896
f 7154 7155 6896
f 6896 7155 6895
f 7155 7156 6895
f 6895 7156 6894
f 7156 7157 6894
f 6894 7157 6893
f 7157 7158 6893
f 6893 7158 6898
f 7158 7159 6898
f 6898 7159 6899
f 7159 7160 6899
f 6899 7160 6900
f 7160 7161 6900
f 6900 7161 6901
f 7161 7162 6901
f 6901 7162 6902
f 6814 6813 7163
f 6813 6902 7163
f 7163 6902 7164
f 6902 7162 7164
f 7164 7162 7165
f 7165 7162 7166
f 7162 7161 7166
f 7166 7161 7167
f 7161 7160 7167
f 7167 7160 7168
f 7160 7159 7168
f 7168 7159 7169
f 7159 7158 7169
f 7169 7158 7170
f 7158 7157 7170
f 7170 7157 7171
f 7157 7156 7171
f 7171 7156 7172
f 7156 7155 7172
f 7172 7155 7173
f 7155 7154 7173
f 7173 7154 7174
f 7154 7153 7174
f 7174 7153 7175
f 7153 7152 7175
f 7175 7152 7176
f 7152 7151 7176
f 7176 7151 7177
f 7151 6949 7177
f 7177 6949 7178
f 6949 5479 7178
f 7178 5479 5482
f 6816 6814 7179
f 6814 7163 7179
f 7179 7163 7180
f 7163 7164 7180
f 7180 7164 7181
f 7164 7165 7181
f 7181 7165 7182
f 7165 7166 7182
f 7182 7166 7183
f 7166 7167 7183
f 7183 7167 7184
f 7167 7168 7184
f 7184 7168 7185
f 7168 7169 7185
f 7185 7169 7186
f 7169 7170 7186
f 7186 7170 7187
f 7170 7171 7187
f 7187 7171 7188
f 7171 7172 7188
f 7188 7172 7189
f 7172 7173 7189
f 7189 7173 7190
f 7173 7174 7190
f 7190 7174 7191
f 7174 7175 7191
f 7191 7175 7192
f 7175 7176 7192
f 7192 7176 7193
f 7176 7177 7193
f 7193 7177 7194
f 7177 7178 7194
f 7194 7178 7195
f 7178 5482 7195
f 7195 5482 5483
f 7099 7092 7100
f 7092 7091 7100
f 7100 7091 7196
f 7091 6845 7196
f 7196 6845 7197
f 6845 6844 7197
f 7197 6844 7198
f 6844 7199 7198
f 7198 7199 7200
f 7199 7201 7200
f 7200 7201 7202
f 7201 7203 7202
f 7202 7203 7204
f 7203 7205 7204
f 7204 7205 7206
f 7205 7207 7206
f 7206 7207 7208
f 7207 7209 7208
f 7208 7209 7210
f 7209 7211 7210
f 7210 7211 7212
f 7211 7213 7212
f 7212 7213 7214
f 7213 7215 7214
f 7214 7215 7216
f 7215 7217 7216
f 7216 7217 7218
f 7217 7219 7218
f 7218 7219 7220
f 7219 7221 7220
f 7220 7221 7222
f 7221 7223 7222
f 7222 7223 6882
f 5483 6882 7195
f 6882 7223 7195
f 7195 7223 7194
f 7223 7221 7194
f 7194 7221 7193
f 7221 7219 7193
f 7193 7219 7192
f 7219 7217 7192
f 7192 7217 7191
f 7217 7215 7191
f 7191 7215 7190
f 7215 7213 7190
f 7190 7213 7189
f 7213 7211 7189
f 7189 7211 7188
f 7211 7209 7188
f 7188 7209 7187
f 7209 7207 7187
f 7187 7207 7186
f 7207 7205 7186
f 7186 7205 7185
f 7205 7203 7185
f 7185 7203 7184
f 7203 7201 7184
f 7184 7201 7183
f 7201 7199 7183
f 7183 7199 7182
f 7199 6844 7182
f 7182 6844 7181
f 6844 6846 7181
f 7181 6846 7180
f 6846 7088 7180
f 7180 7088 7179
f 7088 6817 7179
f 7179 6817 6816
f 7224 7225 7226
f 7225 7227 7226
f 7226 7227 7228
f 7227 7229 7228
f 7228 7229 7230
f 7229 7231 7230
f 7230 7231 7232
f 7231 7233 7232
f 7232 7233 7234
f 7233 7235 7234
f 7234 7235 7236
f 7235 7237 7236
f 7236 7237 7238
f 7237 7239 7238
f 7238 7239 7240
f 7239 7241 7240
f 7240 7241 7242
f 7241 7243 7242
f 7242 7243 7244
f 7243 7245 7244
f 7244 7245 7246
f 7245 7247 7246
f 7246 7247 7248
f 7247 7249 7248
f 7248 7249 7250
f 7249 7251 7250
f 7250 7251 7252
f 7251 7253 7252
f 7252 7253 6883
f 7253 7254 6883
f 6883 7254 5533
f 7254 5534 5533
f 5531 5541 7255
f 5541 7256 7255
f 7255 7256 7257
f 7256 7258 7257
f 7257 7258 7259
f 7258 7260 7259
f 7259 7260 7261
f 7260 7262 7261
f 7261 7262 7263
f 7262 7264 7263
f 7263 7264 7265
f 7264 7266 7265
f 7265 7266 7267
f 7266 7268 7267
f 7267 7268 7269
f 7268 7270 7269
f 7269 7270 7271
f 7270 7272 7271
f 7271 7272 7273
f 7272 7274 7273
f 7273 7274 7275
f 7274 7276 7275
f 7275 7276 7277
f 7276 7278 7277
f 7277 7278 7279
f 7278 7280 7279
f 7279 7280 7281
f 7280 7282 7281
f 7281 7282 7283
f 7282 7284 7283
f 7283 7284 7285
f 7285 7224 7283
f 7224 7226 7283
f 7283 7226 7281
f 7226 7228 7281
f 7281 7228 7279
f 7228 7230 7279
f 7279 7230 7277
f 7230 7232 7277
f 7277 7232 7275
f 7232 7234 7275
f 7275 7234 7273
f 7234 7236 7273
f 7273 7236 7271
f 7236 7238 7271
f 7271 7238 7269
f 7238 7240 7269
f 7269 7240 7267
f 7240 7242 7267
f 7267 7242 7265
f 7242 7244 7265
f 7265 7244 7263
f 7244 7246 7263
f 7263 7246 7261
f 7246 7248 7261
f 7261 7248 7259
f 7248 7250 7259
f 7259 7250 7257
f 7250 7252 7257
f 7257 7252 7255
f 7252 6883 7255
f 7255 6883 5531
f 6883 5532 5531
f 5541 5540 7256
f 5540 7286 7256
f 7256 7286 7258
f 7286 7287 7258
f 7258 7287 7260
f 7287 7288 7260
f 7260 7288 7262
f 7288 7289 7262
f 7262 7289 7264
f 7289 7290 7264
f 7264 7290 7266
f 7290 7291 7266
f 7266 7291 7268
f 7291 7292 7268
f 7268 7292 7270
f 7292 7293 7270
f 7270 7293 7272
f 7293 7294 7272
f 7272 7294 7274
f 7294 7295 7274
f 7274 7295 7276
f 7295 7296 7276
f 7276 7296 7278
f 7296 7297 7278
f 7278 7297 7280
f 7297 7298 7280
f 7280 7298 7282
f 7298 7299 7282
f 7282 7299 7284
f 5537 5536 7300
f 5536 7301 7300
f 7300 7301 7302
f 7301 7303 7302
f 7302 7303 7304
f 7303 7305 7304
f 7304 7305 7306
f 7305 7307 7306
f 7306 7307 7308
f 7307 7309 7308
f 7308 7309 7310
f 7309 7311 7310
f 7310 7311 7312
f 7311 7313 7312
f 7312 7313 7314
f 7313 7315 7314
f 7314 7315 7316
f 7315 7317 7316
f 7316 7317 7318
f 7317 7319 7318
f 7318 7319 7320
f 7319 7321 7320
f 7320 7321 7322
f 5539 5537 7323
f 5537 7300 7323
f 7323 7300 7324
f 7300 7302 7324
f 7324 7302 7325
f 7302 7304 7325
f 7325 7304 7326
f 7304 7306 7326
f 7326 7306 7327
f 7306 7308 7327
f 7327 7308 7328
f 7308 7310 7328
f 7328 7310 7329
f 7310 7312 7329
f 7329 7312 7330
f 7312 7314 7330
f 7330 7314 7331
f 7314 7316 7331
f 7331 7316 7332
f 7316 7318 7332
f 7332 7318 7333
f 7318 7320 7333
f 7333 7320 7334
f 7320 7322 7334
f 7334 7322 7335
f 5540 5539 7286
f 5539 7323 7286
f 7286 7323 7287
f 7323 7324 7287
f 7287 7324 7288
f 7324 7325 7288
f 7288 7325 7289
f 7325 7326 7289
f 7289 7326 7290
f 7326 7327 7290
f 7290 7327 7291
f 7327 7328 7291
f 7291 7328 7292
f 7328 7329 7292
f 7292 7329 7293
f 7329 7330 7293
f 7293 7330 7294
f 7330 7331 7294
f 7294 7331 7295
f 7331 7332 7295
f 7295 7332 7296
f 7332 7333 7296
f 7296 7333 7297
f 7333 7334 7297
f 7297 7334 7298
f 7334 7335 7298
f 7298 7335 7299
f 7336 6841 7337
f 6841 6843 7337
f 7337 6843 7338
f 6843 7102 7338
f 7338 7102 7101
f 7102 7105 7101
f 7101 7105 7099
f 7105 7107 7099
f 7099 7107 7092
f 7107 7109 7092
f 7092 7109 6855
f 7109 7111 6855
f 6855 7111 6853
f 7111 7113 6853
f 6853 7113 6838
f 7113 6839 6838
f 7339 7340 7341
f 7341 7342 7339
f 7342 7343 7339
f 7339 7343 7344
f 7343 7345 7344
f 7344 7345 7346
f 7347 7120 7340
f 7120 7103 7340
f 7340 7103 7341
f 7103 6842 7341
f 7341 6842 7342
f 6842 6841 7342
f 7342 6841 7343
f 6841 7336 7343
f 7343 7336 7345
f 7321 7346 7322
f 7346 7345 7322
f 7322 7345 7335
f 7345 7336 7335
f 7335 7336 7299
f 7336 7337 7299
f 7299 7337 7284
f 7337 7338 7284
f 7284 7338 7285
f 7338 7101 7285
f 7285 7101 7224
f 7101 7100 7224
f 7224 7100 7225
f 7100 7196 7225
f 7225 7196 7227
f 7196 7197 7227
f 7227 7197 7229
f 7197 7198 7229
f 7229 7198 7231
f 7198 7200 7231
f 7231 7200 7233
f 7200 7202 7233
f 7233 7202 7235
f 7202 7204 7235
f 7235 7204 7237
f 7204 7206 7237
f 7237 7206 7239
f 7206 7208 7239
f 7239 7208 7241
f 7208 7210 7241
f 7241 7210 7243
f 7210 7212 7243
f 7243 7212 7245
f 7212 7214 7245
f 7245 7214 7247
f 7214 7216 7247
f 7247 7216 7249
f 7216 7218 7249
f 7249 7218 7251
f 7218 7220 7251
f 7251 7220 7253
f 7220 7222 7253
f 7253 7222 7254
f 7222 6882 7254
f 7254 6882 5534
f 6882 5535 5534
f 2373 2378 7348
f 2378 2377 7348
f 6847 7121 6848
f 7121 7123 6848
f 6848 7123 7143
f 7123 7125 7143
f 7143 7125 7144
f 7125 7127 7144
f 7144 7127 7145
f 7127 7142 7145
f 7145 7142 7146
f 7142 7140 7146
f 7146 7140 7147
f 7140 7139 7147
f 7147 7139 7148
f 7139 7349 7148
f 7148 7349 7149
f 7349 7348 7149
f 7149 7348 6909
f 7348 2377 6909
f 6909 2377 6908
f 2377 2376 6908
f 6908 2376 6829
f 2376 2358 6829
f 6829 2358 2357
f 5624 5623 7066
f 5623 7087 7066
f 7066 7087 7065
f 7087 7086 7065
f 7065 7086 7059
f 7086 7085 7059
f 7059 7085 7060
f 7085 7084 7060
f 7060 7084 7141
f 7084 7082 7141
f 7141 7082 7139
f 7082 7083 7139
f 7139 7083 7349
f 7083 6889 7349
f 7349 6889 7348
f 6889 2374 7348
f 7348 2374 2373
f 5536 5538 7301
f 5538 6956 7301
f 7301 6956 7303
f 6956 6881 7303
f 7303 6881 7305
f 6881 6880 7305
f 7305 6880 7307
f 6880 6878 7307
f 7307 6878 7309
f 6878 6876 7309
f 7309 6876 7311
f 6876 6875 7311
f 7311 6875 7313
f 6875 6873 7313
f 7313 6873 7315
f 6873 6872 7315
f 7315 6872 7317
f 6872 6870 7317
f 7317 6870 7319
f 6870 6869 7319
f 7319 6869 7321
f 6869 7073 7321
f 7321 7073 7346
f 7073 7072 7346
f 7346 7072 7344
f 7072 7071 7344
f 7344 7071 7339
f 7071 7069 7339
f 7339 7069 7340
f 7069 7067 7340
f 7340 7067 7347
f 7067 7052 7347
f 7347 7052 7120
f 7052 6857 7120
f 7120 6857 7119
f 6857 6850 7119
f 7119 6850 7118
f 6850 6852 7118
f 7118 6852 7117
f 6852 6847 7117
f 7117 6847 7116
f 6847 6849 7116
f 7116 6849 7115
f 6849 7128 7115
f 7115 7128 7114
f 7128 7098 7114
f 7114 7098 6890
f 7098 7097 6890
f 6890 7097 6836
f 7097 7095 6836
f 6836 7095 6825
f 7095 7093 6825
f 6825 7093 6826
f 7093 6827 6826
f 3752 3754 7350
f 3752 7350 3750
f 3800 3802 7351
f 3802 3804 7351
f 3812 3814 5613
f 3814 3816 5613
f 5613 3816 3818
f 3886 3744 2367
f 3744 3746 2367
f 2367 3746 7350
f 3746 3748 7350
f 7350 3748 3750
f 3754 3756 7350
f 3756 3758 7350
f 7350 3758 3760
f 3804 3806 7351
f 3806 3808 7351
f 7351 3808 5613
f 3808 3810 5613
f 5613 3810 3812
f 3876 3878 2367
f 3878 3880 2367
f 3760 3762 7350
f 3762 3764 7350
f 7350 3764 3766
f 3794 7351 3792
f 7351 3790 3792
f 3794 3796 7351
f 3796 3798 7351
f 7351 3798 3800
f 3826 7352 7353
f 3766 3768 7350
f 3768 3770 7350
f 7350 3770 3772
f 3772 3774 7350
f 3774 3776 7350
f 7350 3776 7351
f 3776 3778 7351
f 3778 3780 7351
f 3780 3782 7351
f 7351 3782 3784
f 3784 3786 7351
f 3786 3788 7351
f 7351 3788 3790
f 3826 7353 3824
f 3868 3870 2367
f 3880 3882 2367
f 3882 3884 2367
f 2367 3884 3886
f 3818 3820 5613
f 3820 3822 5613
f 5613 3822 7354
f 3822 3824 7354
f 7354 3824 7355
f 3824 7353 7355
f 3870 3872 2367
f 3872 3874 2367
f 2367 3874 3876
f 7356 7357 3830
f 7357 7358 3830
f 3830 7358 3828
f 7358 7359 3828
f 3828 7359 7360
f 7360 7361 3828
f 7361 7362 3828
f 3828 7362 3826
f 7362 7363 3826
f 3826 7363 7352
f 7364 7365 3834
f 7365 7366 3834
f 3834 7366 7367
f 7356 3830 7368
f 3830 3832 7368
f 7368 3832 7369
f 3862 3864 2367
f 3864 3866 2367
f 2367 3866 3868
f 7370 7371 3836
f 7371 7372 3836
f 3836 7372 3834
f 7372 7373 3834
f 3834 7373 7364
f 7367 7374 3834
f 7374 7375 3834
f 3834 7375 3832
f 7375 7376 3832
f 3832 7376 7369
f 3842 7377 3840
f 7377 7378 3840
f 3840 7378 7379
f 7379 7380 3840
f 7380 7381 3840
f 3840 7381 3838
f 7381 7382 3838
f 3838 7382 3836
f 7382 7383 3836
f 3836 7383 7370
f 7384 7385 3842
f 7385 7386 3842
f 3842 7386 7377
f 7384 3842 7387
f 3842 3844 7387
f 7387 3844 7388
f 3850 3852 2356
f 3852 3854 2356
f 3854 3856 2356
f 3856 3858 2356
f 2356 3858 2367
f 3858 3860 2367
f 2367 3860 3862
f 3850 2356 3848
f 2356 7389 3848
f 3848 7389 3846
f 7389 7390 3846
f 3846 7390 3844
f 7390 7391 3844
f 3844 7391 7388
f 4638 4640 7350
f 4640 4642 7350
f 4642 4644 7350
f 7350 4644 4646
f 4630 4632 7350
f 4646 4648 7350
f 4648 4650 7350
f 7350 4650 4652
f 4652 4654 7350
f 4654 4656 7350
f 7350 4656 2367
f 4656 4658 2367
f 2367 4658 4660
f 2324 4592 4594
f 4632 4634 7350
f 4634 4636 7350
f 7350 4636 4638
f 4660 4662 2367
f 4662 4664 2367
f 2367 4664 4666
f 4594 4596 2324
f 4596 4598 2324
f 2324 4598 4600
f 4622 4624 7350
f 4584 4586 2325
f 4586 4588 2325
f 2325 4588 2324
f 4588 4590 2324
f 2324 4590 4592
f 4622 7350 4620
f 4624 4626 7350
f 4626 4628 7350
f 7350 4628 4630
f 4666 4668 2367
f 4668 4670 2367
f 2367 4670 4672
f 4600 4602 2324
f 4602 4604 2324
f 2324 4604 4606
f 4606 4608 2324
f 4608 4610 2324
f 2324 4610 4612
f 2326 4706 2327
f 4706 4708 2327
f 2327 4708 2328
f 4708 4710 2328
f 2328 4710 2329
f 4710 4712 2329
f 2329 4712 2330
f 4712 4714 2330
f 2330 4714 2331
f 4714 4716 2331
f 2331 4716 2332
f 4716 4718 2332
f 2332 4718 2333
f 4718 4720 2333
f 2333 4720 2334
f 4720 4722 2334
f 2334 4722 2335
f 4722 4724 2335
f 2335 4724 2325
f 4724 4582 2325
f 2325 4582 4584
f 4612 4614 2324
f 4614 4616 2324
f 2324 4616 4618
f 4672 4674 2367
f 4674 4676 2367
f 2367 4676 2344
f 2326 4698 4700
f 4682 4684 2336
f 4700 4702 2326
f 4702 4704 2326
f 2326 4704 4706
f 2340 2341 4678
f 2341 2342 4678
f 4678 2342 4676
f 2342 2343 4676
f 4676 2343 2344
f 4682 2336 4680
f 4684 4686 2336
f 4686 4688 2336
f 2336 4688 4690
f 4690 4692 2336
f 4692 4694 2336
f 2336 4694 2326
f 4694 4696 2326
f 2326 4696 4698
f 2336 2337 4680
f 2337 2338 4680
f 4680 2338 4678
f 2338 2339 4678
f 4678 2339 2340
f 4017 4019 6259
f 4019 4021 6259
f 6259 4021 4023
f 4023 4025 6259
f 4025 4027 6259
f 6259 4027 4029
f 4029 4031 6259
f 4031 4033 6259
f 6259 4033 7350
f 4033 4035 7350
f 7350 4035 4037
f 4037 4039 7350
f 4039 4041 7350
f 7350 4041 4043
f 4011 4013 6259
f 4013 4015 6259
f 6259 4015 4017
f 4095 2323 4093
f 2323 2324 4093
f 4095 4097 2323
f 4097 4099 2323
f 2323 4099 4101
f 3995 3997 2304
f 3997 3999 2304
f 2304 3999 4001
f 4087 4089 2324
f 4089 4091 2324
f 2324 4091 4093
f 3983 3985 2313
f 3985 3987 2313
f 4043 4045 7350
f 4045 4047 7350
f 7350 4047 4049
f 4101 4103 2323
f 4103 3961 2323
f 2323 3961 2322
f 3961 3963 2322
f 2322 3963 2321
f 3963 3965 2321
f 2321 3965 2320
f 3965 3967 2320
f 2320 3967 2319
f 3967 3969 2319
f 2319 3969 2318
f 3969 3971 2318
f 2318 3971 2317
f 3971 3973 2317
f 2317 3973 2316
f 3973 3975 2316
f 2316 3975 2315
f 3975 3977 2315
f 2315 3977 2314
f 3977 3979 2314
f 2314 3979 2313
f 3979 3981 2313
f 2313 3981 3983
f 4001 4003 2304
f 4003 4005 2304
f 2304 4005 2305
f 4005 4007 2305
f 3987 3989 2313
f 3989 3991 2313
f 2313 3991 2304
f 3991 3993 2304
f 2304 3993 3995
f 2309 2308 4009
f 2308 2307 4009
f 4009 2307 4007
f 2307 2306 4007
f 4007 2306 2305
f 6259 2312 4011
f 2312 2311 4011
f 4011 2311 4009
f 2311 2310 4009
f 4009 2310 2309
f 4067 2324 7350
f 2324 4618 7350
f 7350 4618 4620
f 4079 4081 2324
f 4049 4051 7350
f 4051 4053 7350
f 7350 4053 4055
f 4055 4057 7350
f 4057 4059 7350
f 7350 4059 4061
f 4061 4063 7350
f 4063 4065 7350
f 7350 4065 4067
f 4067 4069 2324
f 4069 4071 2324
f 2324 4071 4073
f 4081 4083 2324
f 4083 4085 2324
f 2324 4085 4087
f 4073 4075 2324
f 4075 4077 2324
f 2324 4077 4079
f 4506 4507 7350
f 4472 4473 7351
f 4473 4474 7351
f 7351 4474 4475
f 4506 7350 4505
f 7350 4438 4439
f 4501 4502 7350
f 4507 4508 7350
f 4508 4509 7350
f 7350 4509 4438
f 6259 3601 3603
f 6259 3609 3611
f 6337 6335 3659
f 6335 6333 3659
f 3659 6333 3657
f 3661 6321 6326
f 6321 3661 6322
f 3661 3663 6322
f 6322 3663 6324
f 3663 3665 6324
f 6324 3665 5363
f 3665 3667 5363
f 5363 3667 3669
f 4475 4476 7351
f 4476 4477 7351
f 7351 4477 4478
f 4502 4503 7350
f 4503 4504 7350
f 7350 4504 4505
f 4439 4440 7350
f 4440 4441 7350
f 7350 4441 6259
f 4441 4442 6259
f 6259 4442 4443
f 3603 3605 6259
f 3605 3607 6259
f 6259 3607 3609
f 3611 3613 6259
f 3613 3615 6259
f 6259 3615 3617
f 6333 6331 3657
f 6331 6342 3657
f 3657 6342 3655
f 6342 6341 3655
f 3655 6341 6340
f 6326 6328 3661
f 6328 6327 3661
f 3661 6327 3659
f 6327 6339 3659
f 3659 6339 6337
f 4443 4444 6259
f 4444 4445 6259
f 6259 4445 4446
f 4446 4447 6259
f 4447 4448 6259
f 6259 4448 4449
f 4449 4450 6259
f 4450 4451 6259
f 6259 4451 4452
f 6348 6347 3653
f 6347 6353 3653
f 6340 6344 3655
f 6344 6351 3655
f 3655 6351 3653
f 6351 6350 3653
f 3653 6350 6348
f 3669 3671 5363
f 3671 3673 5363
f 5363 3673 3675
f 3683 3685 7351
f 4452 4453 6259
f 4453 4454 6259
f 6259 4454 3601
f 4454 4455 3601
f 3601 4455 3599
f 4455 4456 3599
f 3599 4456 3741
f 3635 6258 3633
f 6258 3631 3633
f 3675 3677 5363
f 3677 3679 5363
f 5363 3679 7351
f 3679 3681 7351
f 7351 3681 3683
f 4478 4479 7351
f 4479 4480 7351
f 7351 4480 4481
f 4481 4482 7351
f 4482 4483 7351
f 7351 4483 4484
f 3617 3619 6259
f 3619 3621 6259
f 6259 3621 3623
f 3623 3625 6259
f 3625 3627 6259
f 6259 3627 6258
f 3627 3629 6258
f 6258 3629 3631
f 6378 3643 6373
f 3643 3645 6373
f 6373 3645 6369
f 6365 6367 3647
f 6367 6368 3647
f 3647 6368 3645
f 6368 6370 3645
f 3645 6370 6369
f 3727 3729 4456
f 3735 3737 4456
f 3737 3739 4456
f 4456 3739 3741
f 4498 4499 7350
f 4499 4500 7350
f 7350 4500 4501
f 3635 3637 6258
f 3637 3639 6258
f 6258 3639 6302
f 3639 3641 6302
f 6302 3641 6376
f 3641 3643 6376
f 6376 3643 6377
f 3643 6378 6377
f 6353 6352 3653
f 6352 6621 3653
f 3653 6621 3651
f 6621 6358 3651
f 3651 6358 6357
f 3729 3731 4456
f 3731 3733 4456
f 4456 3733 3735
f 4484 4485 7351
f 4485 4486 7351
f 7351 4486 4487
f 6365 3647 6363
f 3647 3649 6363
f 6363 3649 6359
f 3685 3687 4468
f 3687 3689 4468
f 4468 3689 4467
f 6357 6303 3651
f 6303 6362 3651
f 3651 6362 3649
f 6362 6360 3649
f 3649 6360 6359
f 4468 4469 3685
f 4469 4470 3685
f 3685 4470 7351
f 4470 4471 7351
f 7351 4471 4472
f 4487 4488 7351
f 4488 4489 7351
f 7351 4489 4490
f 3719 3721 4456
f 4463 4464 3689
f 7350 4494 4495
f 3721 3723 4456
f 3723 3725 4456
f 4456 3725 3727
f 4464 4465 3689
f 4465 4466 3689
f 3689 4466 4467
f 4495 4496 7350
f 4496 4497 7350
f 7350 4497 4498
f 3707 3709 4462
f 4462 3709 4461
f 4490 4491 7351
f 4491 4492 7351
f 7351 4492 7350
f 4492 4493 7350
f 7350 4493 4494
f 3693 3695 4462
f 3695 3697 4462
f 3697 3699 4462
f 4462 3699 3701
f 4463 3689 4462
f 3689 3691 4462
f 4462 3691 3693
f 3701 3703 4462
f 3703 3705 4462
f 4462 3705 3707
f 3713 3715 4456
f 3715 3717 4456
f 4456 3717 3719
f 4456 4457 3713
f 4457 4458 3713
f 3713 4458 3711
f 4458 4459 3711
f 3711 4459 3709
f 4459 4460 3709
f 3709 4460 4461
f 7392 7393 7394
f 7395 7396 7397
f 7398 7399 7400
f 7401 7402 7403
f 7404 7405 7406
f 7407 7408 7409
f 7410 7411 7412
f 7413 7414 7415
f 7416 7417 7418
f 7419 7420 7421
f 7352 7363 7422
f 7360 7359 7423
f 7364 7424 7365
f 7379 7425 7426
f 7391 7390 7427
f 5587 5586 7401
f 7428 7429 5580
f 5577 5576 7430
f 5575 5574 7431
f 5613 7432 5608
f 7432 7433 5608
f 5608 7433 5609
f 7433 7434 5609
f 5609 7434 5610
f 7434 7435 5610
f 5610 7435 5611
f 7435 7436 5611
f 5611 7436 5612
f 5612 7436 5557
f 7436 7437 5557
f 5557 7437 5558
f 7437 7438 5558
f 5558 7438 5559
f 7438 7439 5559
f 5559 7439 5560
f 7439 7440 5560
f 5560 7440 5561
f 7440 7441 5561
f 5561 7441 5562
f 7441 7442 5562
f 5562 7442 5563
f 7443 5554 5563
f 7444 5556 5555
f 5552 5551 7445
f 5551 5556 7445
f 7446 5550 5549
f 7397 5553 5550
f 7447 5605 5606
f 7448 7449 7450
f 7449 5597 7450
f 7450 5597 5596
f 5598 7451 5566
f 7451 7452 5566
f 5566 7452 5567
f 7452 7453 5567
f 5567 7453 5568
f 7454 7455 5569
f 7455 5570 5569
f 5572 5571 7456
f 7431 5574 7457
f 5574 5573 7457
f 7457 5573 7458
f 7430 5576 7459
f 7460 7461 5578
f 5578 7461 5579
f 5580 7429 5581
f 7429 7462 5581
f 5581 7462 5582
f 7403 7402 7463
f 7401 5586 7402
f 5586 5585 7402
f 7402 5585 7463
f 5585 5584 7463
f 7463 5584 7464
f 7465 5590 5588
f 5589 5592 7465
f 5592 5591 7465
f 7465 5591 5590
f 5584 5583 7464
f 5583 7466 7464
f 7464 7466 5593
f 7428 7467 7429
f 7467 5593 7429
f 7429 5593 7462
f 5593 7466 7462
f 7462 7466 5582
f 7466 5583 5582
f 5599 5595 7467
f 5595 5594 7467
f 7467 5594 5593
f 5603 5602 7468
f 5602 5601 7468
f 7469 7470 5638
f 5638 7470 5639
f 5639 7471 5640
f 7471 7472 5640
f 5640 7472 5641
f 7473 5645 5644
f 2371 2372 7473
f 2372 2347 7473
f 7473 2347 5645
f 7474 7475 2350
f 2350 7475 2351
f 7475 7476 2351
f 2351 7476 2369
f 7389 2356 7477
f 2356 2368 7477
f 7477 2368 2370
f 7390 7389 7427
f 7389 7477 7427
f 7427 7477 7476
f 7477 2370 7476
f 7476 2370 2369
f 7384 7387 7478
f 7387 7388 7478
f 7479 7480 7385
f 7480 7386 7385
f 7480 7481 7386
f 7481 7482 7386
f 7386 7482 7377
f 7482 7378 7377
f 7379 7426 7380
f 7426 7483 7380
f 7380 7483 7381
f 7483 7484 7381
f 7381 7484 7382
f 7382 7484 7383
f 7484 7485 7383
f 7383 7485 7370
f 7424 7486 7365
f 7486 7487 7365
f 7365 7487 7366
f 7487 7367 7366
f 7367 7487 7374
f 7487 7488 7374
f 7374 7488 7375
f 7488 7489 7375
f 7375 7489 7376
f 7489 7490 7376
f 7376 7490 7369
f 7490 7491 7369
f 7369 7491 7368
f 7491 7418 7368
f 7368 7418 7356
f 7356 7418 7357
f 7418 7417 7357
f 7357 7417 7358
f 5563 7442 7443
f 7442 7492 7443
f 7443 7492 7493
f 7492 7494 7493
f 7493 7494 7495
f 5554 7443 7496
f 7443 7493 7496
f 7496 7493 7497
f 7493 7495 7497
f 7497 7495 7498
f 5613 7354 7432
f 7354 7499 7432
f 7432 7499 7433
f 7499 7500 7433
f 7433 7500 7434
f 7500 7501 7434
f 7434 7501 7435
f 7501 7502 7435
f 7435 7502 7436
f 7502 7503 7436
f 7436 7503 7437
f 7503 7504 7437
f 7437 7504 7438
f 7504 7505 7438
f 7438 7505 7439
f 7505 7506 7439
f 7439 7506 7440
f 7506 7507 7440
f 7440 7507 7441
f 7507 7508 7441
f 7441 7508 7442
f 7508 7509 7442
f 7442 7509 7492
f 7509 7510 7492
f 7492 7510 7494
f 7354 7355 7499
f 7355 7511 7499
f 7499 7511 7500
f 7511 7512 7500
f 7500 7512 7501
f 7512 7513 7501
f 7501 7513 7502
f 7513 7514 7502
f 7502 7514 7503
f 7514 7515 7503
f 7503 7515 7504
f 7515 7516 7504
f 7504 7516 7505
f 7516 7517 7505
f 7505 7517 7506
f 7517 7518 7506
f 7506 7518 7507
f 7518 7519 7507
f 7507 7519 7508
f 7519 7520 7508
f 7508 7520 7509
f 7520 7521 7509
f 7509 7521 7510
f 7393 7392 7522
f 7523 7524 7525
f 7524 7526 7525
f 7525 7526 7527
f 7392 7528 7522
f 7528 7529 7522
f 7522 7529 7530
f 7529 7531 7530
f 7531 7532 7530
f 7530 7532 7533
f 7532 7419 7533
f 7419 7421 7533
f 7421 7534 7533
f 7533 7534 7530
f 7535 7536 7537
f 7536 7538 7537
f 7537 7538 7539
f 7538 7540 7539
f 7539 7540 7541
f 7542 7535 7543
f 7535 7537 7543
f 7543 7537 7544
f 7537 7539 7544
f 7544 7539 7545
f 7539 7541 7545
f 7545 7541 7546
f 7547 7548 7549
f 7548 7550 7549
f 7551 7542 7552
f 7542 7543 7552
f 7552 7543 7553
f 7543 7544 7553
f 7553 7544 7554
f 7544 7545 7554
f 7554 7545 7555
f 7545 7546 7555
f 7555 7546 7556
f 7557 7551 7558
f 7551 7552 7558
f 7558 7552 7559
f 7552 7553 7559
f 7559 7553 7560
f 7553 7554 7560
f 7560 7554 7561
f 7554 7555 7561
f 7561 7555 7562
f 7555 7556 7562
f 7562 7556 7563
f 7412 7534 7564
f 7534 7421 7564
f 7564 7421 7565
f 7421 7420 7565
f 7565 7420 7566
f 7567 7568 7569
f 7568 7570 7569
f 7569 7570 7571
f 7570 7572 7571
f 7571 7572 7573
f 7572 7574 7573
f 7573 7574 7575
f 7576 7577 7578
f 7577 7576 7414
f 7568 7579 7570
f 7579 7580 7570
f 7570 7580 7572
f 7580 7581 7572
f 7572 7581 7574
f 7582 7583 7584
f 7583 7585 7584
f 7584 7585 7586
f 7585 7587 7586
f 7586 7587 7588
f 7575 7582 7573
f 7582 7584 7573
f 7573 7584 7571
f 7584 7586 7571
f 7571 7586 7569
f 7586 7588 7569
f 7569 7588 7567
f 7575 7523 7582
f 7523 7525 7582
f 7582 7525 7583
f 7525 7527 7583
f 7583 7527 7585
f 7527 7589 7585
f 7585 7589 7587
f 7589 7411 7587
f 7587 7411 7588
f 7411 7410 7588
f 7588 7410 7567
f 7590 7550 7591
f 7550 7548 7591
f 7591 7548 7592
f 7548 7547 7592
f 7592 7547 7593
f 7547 7594 7593
f 7593 7594 7595
f 7594 7596 7595
f 7595 7596 7597
f 7596 7598 7597
f 7597 7598 7599
f 7598 7600 7599
f 7599 7600 7601
f 7602 7603 7601
f 7413 7415 7604
f 7415 7605 7604
f 7604 7605 7606
f 7605 7607 7606
f 7606 7607 7608
f 7607 7609 7608
f 7608 7609 7610
f 7414 7576 7415
f 7576 7603 7415
f 7415 7603 7605
f 7603 7602 7605
f 7605 7602 7607
f 7602 7611 7607
f 7607 7611 7609
f 7612 7613 7614
f 7613 7615 7614
f 7614 7615 7616
f 7615 7617 7616
f 7616 7617 7618
f 7617 7619 7618
f 7618 7619 7620
f 7621 7612 7622
f 7612 7614 7622
f 7622 7614 7623
f 7614 7616 7623
f 7623 7616 7624
f 7616 7618 7624
f 7624 7618 7625
f 7618 7620 7625
f 7547 7626 7594
f 7626 7627 7594
f 7594 7627 7596
f 7627 7628 7596
f 7596 7628 7598
f 7628 7629 7598
f 7598 7629 7600
f 7549 7630 7547
f 7630 7631 7547
f 7547 7631 7626
f 7631 7632 7626
f 7626 7632 7627
f 7632 7633 7627
f 7627 7633 7628
f 7633 7634 7628
f 7628 7634 7629
f 7635 7610 7636
f 7610 7609 7636
f 7636 7609 7637
f 7609 7611 7637
f 7637 7611 7638
f 7611 7639 7638
f 7638 7639 7640
f 7639 7641 7640
f 7640 7641 7642
f 7641 7643 7642
f 7642 7643 7644
f 7645 7557 7646
f 7557 7558 7646
f 7646 7558 7647
f 7558 7559 7647
f 7647 7559 7648
f 7559 7560 7648
f 7648 7560 7649
f 7560 7561 7649
f 7649 7561 7650
f 7561 7562 7650
f 7650 7562 7651
f 7562 7563 7651
f 7651 7563 7416
f 7416 7418 7651
f 7418 7491 7651
f 7651 7491 7650
f 7491 7490 7650
f 7650 7490 7649
f 7490 7489 7649
f 7649 7489 7648
f 7489 7488 7648
f 7648 7488 7647
f 7488 7487 7647
f 7647 7487 7646
f 7487 7486 7646
f 7646 7486 7645
f 7601 7600 7602
f 7600 7629 7602
f 7602 7629 7611
f 7629 7634 7611
f 7611 7634 7639
f 7634 7633 7639
f 7639 7633 7641
f 7633 7632 7641
f 7641 7632 7643
f 7632 7631 7643
f 7643 7631 7644
f 7364 7373 7424
f 7373 7652 7424
f 7424 7652 7486
f 7652 7644 7486
f 7486 7644 7645
f 7644 7631 7645
f 7645 7631 7557
f 7631 7630 7557
f 7557 7630 7551
f 7630 7549 7551
f 7551 7549 7542
f 7549 7550 7542
f 7542 7550 7535
f 7550 7590 7535
f 7535 7590 7536
f 7371 7370 7653
f 7370 7485 7653
f 7653 7485 7654
f 7485 7484 7654
f 7654 7484 7655
f 7484 7483 7655
f 7655 7483 7656
f 7483 7426 7656
f 7656 7426 7657
f 7426 7425 7657
f 7657 7425 7658
f 7373 7372 7652
f 7372 7371 7652
f 7652 7371 7644
f 7371 7653 7644
f 7644 7653 7642
f 7653 7654 7642
f 7642 7654 7640
f 7654 7655 7640
f 7640 7655 7638
f 7655 7656 7638
f 7638 7656 7637
f 7656 7657 7637
f 7637 7657 7636
f 7657 7658 7636
f 7636 7658 7635
f 7479 7659 7480
f 7659 7660 7480
f 7480 7660 7481
f 7388 7661 7478
f 7661 7662 7478
f 7478 7662 7663
f 7662 7664 7663
f 7663 7664 7665
f 7666 7665 7474
f 7665 7664 7474
f 7474 7664 7475
f 7664 7662 7475
f 7475 7662 7476
f 7662 7661 7476
f 7476 7661 7427
f 7661 7388 7427
f 7427 7388 7391
f 7667 7668 7669
f 7668 7667 7670
f 7671 7672 7673
f 7672 7674 7673
f 7673 7674 7675
f 7407 7409 7676
f 7670 7667 7677
f 7667 7675 7677
f 7677 7675 7678
f 7675 7674 7678
f 7678 7674 7679
f 7680 7681 7682
f 7406 7405 7683
f 7405 7684 7683
f 7683 7684 7685
f 7684 7686 7685
f 7685 7686 7687
f 7413 7687 7414
f 7687 7686 7414
f 7414 7686 7577
f 7686 7684 7577
f 7577 7684 7578
f 7684 7405 7578
f 7578 7405 7688
f 7405 7404 7688
f 7688 7404 7689
f 2350 2371 7474
f 2371 7473 7474
f 7474 7473 7690
f 7473 5644 7690
f 7690 5644 7691
f 5644 5643 7691
f 7691 5643 5642
f 7666 7474 7692
f 7474 7690 7692
f 7692 7690 7693
f 7690 7691 7693
f 7693 7691 7694
f 7691 5642 7694
f 7694 5642 5641
f 7619 7481 7620
f 7481 7660 7620
f 7620 7660 7625
f 7660 7659 7625
f 7625 7659 7624
f 7659 7695 7624
f 7624 7695 7623
f 7695 7696 7623
f 7623 7696 7622
f 7696 7697 7622
f 7622 7697 7621
f 7697 7698 7621
f 7471 7681 7472
f 7681 7680 7472
f 7472 7680 5641
f 7680 7699 5641
f 5641 7699 7694
f 7699 7698 7694
f 7694 7698 7693
f 7698 7697 7693
f 7693 7697 7692
f 7697 7696 7692
f 7692 7696 7666
f 7696 7695 7666
f 7666 7695 7665
f 7695 7659 7665
f 7665 7659 7663
f 7659 7479 7663
f 7663 7479 7478
f 7479 7385 7478
f 7478 7385 7384
f 7379 7378 7425
f 7378 7482 7425
f 7425 7482 7658
f 7482 7481 7658
f 7658 7481 7635
f 7481 7619 7635
f 7635 7619 7610
f 7619 7617 7610
f 7610 7617 7608
f 7617 7615 7608
f 7608 7615 7606
f 7615 7613 7606
f 7606 7613 7604
f 7613 7612 7604
f 7604 7612 7413
f 7612 7621 7413
f 7413 7621 7687
f 7621 7698 7687
f 7687 7698 7685
f 7698 7699 7685
f 7685 7699 7683
f 7699 7680 7683
f 7683 7680 7406
f 7680 7682 7406
f 7406 7682 7404
f 5593 5565 7464
f 5565 5564 7464
f 7464 5564 7463
f 5564 5589 7463
f 7463 5589 7403
f 5589 7465 7403
f 7403 7465 7401
f 7465 5588 7401
f 7401 5588 5587
f 5580 5579 7428
f 5579 7461 7428
f 7428 7461 7467
f 7461 7460 7467
f 7467 7460 7700
f 5578 5577 7460
f 5577 7430 7460
f 7460 7430 7700
f 7430 7459 7700
f 7700 7459 7701
f 5571 5570 7456
f 5570 7455 7456
f 7456 7455 7702
f 7455 7454 7702
f 7702 7454 7703
f 7458 7704 7457
f 7704 7701 7457
f 7457 7701 7431
f 7701 7459 7431
f 7431 7459 5575
f 7459 5576 5575
f 7705 7706 7707
f 7705 7399 7708
f 7399 7398 7708
f 7708 7398 7709
f 7398 7710 7709
f 7711 7709 5600
f 7709 7710 5600
f 5600 7710 5601
f 7710 7398 5601
f 5601 7398 7468
f 7398 7400 7468
f 7468 7400 5603
f 7400 7712 5603
f 5603 7712 5604
f 7712 7713 5604
f 5604 7713 5646
f 7713 5637 5646
f 7705 7707 7399
f 7707 7714 7399
f 7399 7714 7400
f 7714 7715 7400
f 7400 7715 7712
f 7715 7469 7712
f 7712 7469 7713
f 7469 5638 7713
f 7713 5638 5637
f 5569 5568 7454
f 5568 7453 7454
f 7454 7453 7703
f 7453 7452 7703
f 7703 7452 7448
f 7452 7451 7448
f 7448 7451 7449
f 7451 5598 7449
f 7449 5598 5597
f 5573 5572 7458
f 5572 7456 7458
f 7458 7456 7704
f 7456 7702 7704
f 7704 7702 7716
f 7702 7703 7716
f 7716 7703 7717
f 7703 7448 7717
f 5600 5599 7711
f 5599 7467 7711
f 7711 7467 7709
f 7467 7700 7709
f 7709 7700 7708
f 7700 7701 7708
f 7708 7701 7705
f 7701 7704 7705
f 7705 7704 7706
f 7704 7716 7706
f 7706 7716 7718
f 7716 7717 7718
f 7718 7717 7719
f 7717 7448 7719
f 7719 7448 7720
f 7448 7450 7720
f 7720 7450 7447
f 7450 5596 7447
f 7447 5596 5605
f 7396 7395 7721
f 7395 7722 7721
f 7721 7722 7723
f 7722 7724 7723
f 7723 7724 7725
f 7724 7726 7725
f 7725 7726 7727
f 5550 7446 7397
f 7446 7728 7397
f 7397 7728 7395
f 7728 7729 7395
f 7395 7729 7722
f 7729 7730 7722
f 7722 7730 7724
f 7730 7731 7724
f 7724 7731 7726
f 7732 7727 7733
f 7727 7726 7733
f 7733 7726 7734
f 7726 7731 7734
f 7734 7731 7735
f 7731 7730 7735
f 7735 7730 7736
f 7730 7729 7736
f 7736 7729 7737
f 7729 7728 7737
f 7737 7728 7738
f 7728 7446 7738
f 7738 7446 7739
f 7446 5549 7739
f 7739 5549 5552
f 5552 7445 7739
f 7445 7740 7739
f 7739 7740 7738
f 7740 7741 7738
f 7738 7741 7737
f 7741 7742 7737
f 7737 7742 7736
f 7742 7743 7736
f 7736 7743 7735
f 7743 7744 7735
f 7735 7744 7734
f 7744 7745 7734
f 7734 7745 7733
f 5556 7444 7445
f 7444 7746 7445
f 7445 7746 7740
f 7746 7747 7740
f 7740 7747 7741
f 7747 7748 7741
f 7741 7748 7742
f 7748 7749 7742
f 7742 7749 7743
f 7749 7750 7743
f 7743 7750 7744
f 7750 7751 7744
f 7744 7751 7745
f 7752 7732 7753
f 7732 7733 7753
f 7753 7733 7754
f 7733 7745 7754
f 7754 7745 7755
f 7745 7751 7755
f 7755 7751 7756
f 7751 7750 7756
f 7756 7750 7757
f 7750 7749 7757
f 7757 7749 7758
f 7749 7748 7758
f 7758 7748 7759
f 7748 7747 7759
f 7759 7747 7498
f 7747 7746 7498
f 7498 7746 7497
f 7746 7444 7497
f 7497 7444 7496
f 7444 5555 7496
f 7496 5555 5554
f 7355 7353 7511
f 7353 7760 7511
f 7511 7760 7512
f 7760 7761 7512
f 7512 7761 7513
f 7761 7762 7513
f 7513 7762 7514
f 7762 7763 7514
f 7514 7763 7515
f 7763 7764 7515
f 7515 7764 7516
f 7764 7765 7516
f 7516 7765 7517
f 7765 7766 7517
f 7517 7766 7518
f 7766 7767 7518
f 7518 7767 7519
f 7767 7768 7519
f 7519 7768 7520
f 7768 7769 7520
f 7520 7769 7521
f 7769 7770 7521
f 7521 7770 7510
f 7770 7771 7510
f 7510 7771 7494
f 7771 7772 7494
f 7494 7772 7495
f 7772 7773 7495
f 7495 7773 7498
f 7773 7774 7498
f 7498 7774 7759
f 7774 7775 7759
f 7759 7775 7758
f 7775 7776 7758
f 7758 7776 7757
f 7776 7777 7757
f 7757 7777 7756
f 7777 7778 7756
f 7756 7778 7755
f 7778 7779 7755
f 7755 7779 7754
f 7780 7781 7782
f 7781 7783 7782
f 7782 7783 7784
f 7783 7785 7784
f 7784 7785 7786
f 7785 7787 7786
f 7786 7788 7784
f 7788 7789 7784
f 7784 7789 7782
f 7789 7790 7782
f 7782 7790 7780
f 7353 7352 7760
f 7352 7422 7760
f 7760 7422 7761
f 7422 7791 7761
f 7761 7791 7762
f 7791 7792 7762
f 7762 7792 7763
f 7792 7793 7763
f 7763 7793 7764
f 7793 7794 7764
f 7764 7794 7765
f 7794 7795 7765
f 7765 7795 7766
f 7795 7796 7766
f 7766 7796 7767
f 7796 7797 7767
f 7767 7797 7768
f 7797 7798 7768
f 7768 7798 7769
f 7798 7799 7769
f 7769 7799 7770
f 7799 7800 7770
f 7770 7800 7771
f 7800 7801 7771
f 7771 7801 7772
f 7801 7802 7772
f 7772 7802 7773
f 7802 7803 7773
f 7773 7803 7774
f 7803 7804 7774
f 7774 7804 7775
f 7804 7805 7775
f 7775 7805 7776
f 7805 7806 7776
f 7776 7806 7777
f 7806 7807 7777
f 7777 7807 7778
f 7807 7808 7778
f 7778 7808 7779
f 7361 7360 7809
f 7360 7423 7809
f 7809 7423 7810
f 7423 7811 7810
f 7810 7811 7812
f 7811 7813 7812
f 7812 7813 7814
f 7813 7815 7814
f 7814 7815 7816
f 7815 7817 7816
f 7816 7817 7818
f 7817 7819 7818
f 7818 7819 7820
f 7819 7821 7820
f 7820 7821 7822
f 7821 7823 7822
f 7822 7823 7824
f 7823 7825 7824
f 7824 7825 7826
f 7825 7827 7826
f 7826 7827 7828
f 7827 7829 7828
f 7828 7829 7830
f 7829 7831 7830
f 7830 7831 7832
f 7831 7833 7832
f 7832 7833 7834
f 7833 7835 7834
f 7834 7835 7836
f 7835 7837 7836
f 7836 7837 7838
f 7837 7839 7838
f 7838 7839 7840
f 7839 7841 7840
f 7840 7841 7842
f 7841 7843 7842
f 7842 7843 7844
f 7843 7845 7844
f 7846 7847 7848
f 7847 7849 7848
f 7848 7849 7850
f 7849 7851 7850
f 7850 7851 7852
f 7851 7853 7852
f 7852 7853 7854
f 7853 7855 7854
f 7854 7855 7856
f 7855 7857 7856
f 7856 7857 7858
f 7857 7859 7858
f 7858 7859 7860
f 7859 7861 7860
f 7860 7861 7862
f 7861 7863 7862
f 7862 7863 7864
f 7863 7865 7864
f 7412 7411 7534
f 7411 7589 7534
f 7534 7589 7530
f 7589 7527 7530
f 7530 7527 7522
f 7527 7526 7522
f 7522 7526 7393
f 7526 7866 7393
f 7393 7866 7394
f 7847 7566 7849
f 7566 7420 7849
f 7849 7420 7851
f 7420 7419 7851
f 7851 7419 7853
f 7419 7532 7853
f 7853 7532 7855
f 7532 7531 7855
f 7855 7531 7857
f 7531 7529 7857
f 7857 7529 7859
f 7529 7528 7859
f 7859 7528 7861
f 7528 7392 7861
f 7861 7392 7863
f 7392 7394 7863
f 7863 7394 7865
f 7394 7866 7865
f 7689 7679 7409
f 7679 7674 7409
f 7409 7674 7676
f 7674 7672 7676
f 7676 7672 7845
f 7672 7671 7845
f 7845 7671 7844
f 7867 7846 7868
f 7846 7848 7868
f 7868 7848 7869
f 7848 7850 7869
f 7869 7850 7870
f 7850 7852 7870
f 7870 7852 7871
f 7852 7854 7871
f 7871 7854 7872
f 7854 7856 7872
f 7872 7856 7873
f 7856 7858 7873
f 7873 7858 7874
f 7858 7860 7874
f 7874 7860 7875
f 7860 7862 7875
f 7875 7862 7876
f 7862 7864 7876
f 7362 7361 7877
f 7361 7809 7877
f 7877 7809 7878
f 7809 7810 7878
f 7878 7810 7879
f 7810 7812 7879
f 7879 7812 7880
f 7812 7814 7880
f 7880 7814 7881
f 7814 7816 7881
f 7881 7816 7882
f 7816 7818 7882
f 7882 7818 7883
f 7818 7820 7883
f 7883 7820 7884
f 7820 7822 7884
f 7884 7822 7885
f 7822 7824 7885
f 7885 7824 7886
f 7824 7826 7886
f 7886 7826 7887
f 7826 7828 7887
f 7887 7828 7888
f 7828 7830 7888
f 7888 7830 7889
f 7830 7832 7889
f 7889 7832 7890
f 7832 7834 7890
f 7890 7834 7891
f 7834 7836 7891
f 7891 7836 7892
f 7836 7838 7892
f 7892 7838 7893
f 7838 7840 7893
f 7893 7840 7894
f 7840 7842 7894
f 7894 7842 7895
f 7842 7844 7895
f 7895 7844 7787
f 7844 7671 7787
f 7787 7671 7786
f 7671 7673 7786
f 7786 7673 7788
f 7673 7675 7788
f 7788 7675 7789
f 7675 7667 7789
f 7789 7667 7790
f 7667 7669 7790
f 7790 7669 7780
f 7363 7362 7422
f 7362 7877 7422
f 7422 7877 7791
f 7877 7878 7791
f 7791 7878 7792
f 7878 7879 7792
f 7792 7879 7793
f 7879 7880 7793
f 7793 7880 7794
f 7880 7881 7794
f 7794 7881 7795
f 7881 7882 7795
f 7795 7882 7796
f 7882 7883 7796
f 7796 7883 7797
f 7883 7884 7797
f 7797 7884 7798
f 7884 7885 7798
f 7798 7885 7799
f 7885 7886 7799
f 7799 7886 7800
f 7886 7887 7800
f 7800 7887 7801
f 7887 7888 7801
f 7801 7888 7802
f 7888 7889 7802
f 7802 7889 7803
f 7889 7890 7803
f 7803 7890 7804
f 7890 7891 7804
f 7804 7891 7805
f 7891 7892 7805
f 7805 7892 7806
f 7892 7893 7806
f 7806 7893 7807
f 7893 7894 7807
f 7807 7894 7808
f 7894 7895 7808
f 7808 7895 7779
f 7895 7787 7779
f 7779 7787 7754
f 7787 7785 7754
f 7754 7785 7753
f 7785 7783 7753
f 7753 7783 7752
f 7783 7781 7752
f 7689 7404 7679
f 7404 7682 7679
f 7679 7682 7678
f 7682 7681 7678
f 7678 7681 7677
f 7681 7471 7677
f 7677 7471 7670
f 7471 5639 7670
f 7670 5639 7668
f 5639 7470 7668
f 7668 7470 7669
f 7470 7469 7669
f 7669 7469 7780
f 7469 7715 7780
f 7780 7715 7781
f 7715 7714 7781
f 7781 7714 7752
f 7714 7707 7752
f 7752 7707 7732
f 7707 7706 7732
f 7732 7706 7727
f 7706 7718 7727
f 7727 7718 7725
f 7718 7719 7725
f 7725 7719 7723
f 7719 7720 7723
f 7723 7720 7721
f 7720 7447 7721
f 7721 7447 7396
f 7447 5606 7396
f 7396 5606 7397
f 5606 5548 7397
f 7397 5548 5553
f 7359 7358 7423
f 7358 7417 7423
f 7423 7417 7811
f 7417 7416 7811
f 7811 7416 7813
f 7416 7563 7813
f 7813 7563 7815
f 7563 7556 7815
f 7815 7556 7817
f 7556 7546 7817
f 7817 7546 7819
f 7546 7541 7819
f 7819 7541 7821
f 7541 7540 7821
f 7821 7540 7823
f 7540 7867 7823
f 7823 7867 7825
f 7867 7868 7825
f 7825 7868 7827
f 7868 7869 7827
f 7827 7869 7829
f 7869 7870 7829
f 7829 7870 7831
f 7870 7871 7831
f 7831 7871 7833
f 7871 7872 7833
f 7833 7872 7835
f 7872 7873 7835
f 7835 7873 7837
f 7873 7874 7837
f 7837 7874 7839
f 7874 7875 7839
f 7839 7875 7841
f 7875 7876 7841
f 7841 7876 7843
f 7876 7864 7843
f 7843 7864 7845
f 7864 7865 7845
f 7845 7865 7676
f 7865 7866 7676
f 7676 7866 7407
f 7866 7526 7407
f 7407 7526 7408
f 7526 7524 7408
f 7408 7524 7409
f 7524 7523 7409
f 7409 7523 7689
f 7523 7575 7689
f 7689 7575 7688
f 7575 7574 7688
f 7688 7574 7578
f 7574 7581 7578
f 7578 7581 7576
f 7581 7580 7576
f 7576 7580 7603
f 7580 7579 7603
f 7603 7579 7601
f 7579 7568 7601
f 7601 7568 7599
f 7568 7567 7599
f 7599 7567 7597
f 7567 7410 7597
f 7597 7410 7595
f 7410 7412 7595
f 7595 7412 7593
f 7412 7564 7593
f 7593 7564 7592
f 7564 7565 7592
f 7592 7565 7591
f 7565 7566 7591
f 7591 7566 7590
f 7566 7847 7590
f 7590 7847 7536
f 7847 7846 7536
f 7536 7846 7538
f 7846 7867 7538
f 7538 7867 7540
f 5705 7896 5706
f 7896 7897 5706
f 7897 7898 5706
f 7898 7899 5706
f 5706 7899 7900
f 5649 7901 5650
f 7901 7902 5650
f 7902 7903 5650
f 7903 7904 5650
f 5650 7904 7905
f 5607 5650 7905
f 7906 7907 7351
f 7907 7908 7351
f 7351 7908 5663
f 5663 5369 7351
f 5369 5361 7351
f 7351 5361 5363
f 5607 7351 5614
f 7351 5613 5614
f 5607 7905 7351
f 7905 7909 7351
f 7351 7909 7906
f 5649 5648 7901
f 7908 5657 5658
f 5660 7910 5659
f 7910 7911 5659
f 5659 7911 5658
f 7911 7912 5658
f 5658 7912 7908
f 7913 7914 5660
f 7914 7915 5660
f 5660 7915 7910
f 5664 7916 5662
f 7916 7913 5662
f 5662 7913 5661
f 7913 5660 5661
f 5654 7903 5653
f 7903 7902 5653
f 5653 7902 5652
f 7902 7901 5652
f 5652 7901 5651
f 7901 5648 5651
f 7908 7907 5657
f 7907 7906 5657
f 5657 7906 5656
f 7906 7909 5656
f 5656 7909 5655
f 7909 7905 5655
f 5655 7905 5654
f 7905 7904 5654
f 5654 7904 7903
f 2361 2360 7917
f 2360 7918 7917
f 7917 7918 7919
f 2352 5617 2353
f 5358 2355 5633
f 2355 2354 5633
f 5633 2354 5632
f 2354 2353 5632
f 5632 2353 5631
f 2353 5617 5631
f 2366 2365 5647
f 2365 2364 5647
f 5647 2364 5634
f 2364 2363 5634
f 5634 2363 5635
f 2363 2362 5635
f 5635 2362 5636
f 2362 2361 5636
f 5636 2361 5359
f 2361 5360 5359
f 2361 7917 5360
f 7917 7919 5360
f 5360 7919 5351
f 7919 7918 5351
f 5351 7918 5357
f 7918 2360 5357
f 5357 2360 5358
f 2360 2359 5358
f 5358 2359 2355
f 6269 6268 7920
f 6268 7921 7920
f 7920 7921 7922
f 5666 5665 6260
f 5354 6262 5683
f 6262 6261 5683
f 5683 6261 5682
f 6261 6260 5682
f 5682 6260 5681
f 6260 5665 5681
f 5689 6273 5703
f 6273 6272 5703
f 5703 6272 5684
f 6272 6271 5684
f 5684 6271 5685
f 6271 6270 5685
f 5685 6270 5686
f 6270 6269 5686
f 5686 6269 5355
f 6269 5356 5355
f 6269 7920 5356
f 7920 7922 5356
f 5356 7922 5352
f 7922 7921 5352
f 5352 7921 5353
f 7921 6268 5353
f 5353 6268 5354
f 6268 6267 5354
f 5354 6267 6262
f 5467 5706 7900
f 5615 5484 6801
f 5484 5476 6801
f 6801 5476 5478
f 5467 6801 5475
f 6801 5474 5475
f 7923 7924 6801
f 7924 7925 6801
f 6801 7925 5615
f 5467 7900 6801
f 7900 7926 6801
f 6801 7926 7923
f 5705 5704 7896
f 7925 5712 5711
f 5709 7927 5710
f 7927 7928 5710
f 5710 7928 5711
f 7928 7929 5711
f 5711 7929 7925
f 7930 7931 5709
f 7931 7932 5709
f 5709 7932 7927
f 5616 7933 5707
f 7933 7930 5707
f 5707 7930 5708
f 7930 5709 5708
f 5715 7898 5716
f 7898 7897 5716
f 5716 7897 5717
f 7897 7896 5717
f 5717 7896 5718
f 7896 5704 5718
f 7925 7924 5712
f 7924 7923 5712
f 5712 7923 5713
f 7923 7926 5713
f 5713 7926 5714
f 7926 7900 5714
f 5714 7900 5715
f 7900 7899 5715
f 5715 7899 7898
f 7933 5616 5615
f 5615 7925 7929
f 7929 7928 5615
f 7928 7927 5615
f 5615 7927 7932
f 7932 7931 5615
f 7931 7930 5615
f 5615 7930 7933
f 7916 5664 5663
f 5663 7908 7912
f 7912 7911 5663
f 7911 7910 5663
f 5663 7910 7915
f 7915 7914 5663
f 7914 7913 5663
f 5663 7913 7916
f 7934 7935 7936
f 7935 7937 7936
f 5311 7936 5312
f 7936 7937 5312
f 5312 7937 5314
f 7937 5324 5314
f 5324 7937 5326
f 7937 7935 5326
f 5326 7935 5328
f 7935 5330 5328
f 5330 7935 5347
f 7935 7934 5347
f 5347 7934 5320
f 7934 5318 5320
f 5318 7934 5317
f 7934 7936 5317
f 5317 7936 5316
f 7936 5311 5316
f 7938 7939 7940
f 7939 7941 7940
f 7940 7941 7942
f 7943 7944 7940
f 7944 7945 7940
f 7940 7945 7938
f 7946 7947 7940
f 7947 7948 7940
f 7940 7948 7943
f 7949 7950 7940
f 7950 7951 7940
f 7940 7951 7946
f 7952 7953 7940
f 7953 7954 7940
f 7940 7954 7949
f 7955 7956 7940
f 7956 7957 7940
f 7940 7957 7952
f 7958 7959 7940
f 7959 7960 7940
f 7940 7960 7955
f 7961 7962 7940
f 7962 7963 7940
f 7940 7963 7958
f 7964 7965 7940
f 7965 7966 7940
f 7940 7966 7961
f 7967 7968 7940
f 7968 7969 7940
f 7940 7969 7964
f 7970 7971 7940
f 7971 7972 7940
f 7940 7972 7967
f 7973 7974 7940
f 7974 7975 7940
f 7940 7975 7970
f 7976 7977 7940
f 7977 7978 7940
f 7940 7978 7973
f 7979 7980 7940
f 7980 7981 7940
f 7940 7981 7976
f 7982 7983 7940
f 7983 7984 7940
f 7940 7984 7979
f 7985 7986 7940
f 7986 7987 7940
f 7940 7987 7982
f 7988 7989 7940
f 7989 7990 7940
f 7940 7990 7985
f 7991 7992 7940
f 7992 7993 7940
f 7940 7993 7988
f 7994 7995 7940
f 7995 7996 7940
f 7940 7996 7991
f 7997 7998 7940
f 7998 7999 7940
f 7940 7999 7994
f 8000 8001 7940
f 8001 8002 7940
f 7940 8002 7997
f 8003 8004 7940
f 8004 8005 7940
f 7940 8005 8000
f 8006 8007 7940
f 8007 8008 7940
f 7940 8008 8003
f 7942 8009 7940
f 8009 8010 7940
f 7940 8010 8006
f 5237 7941 5239
f 7941 7939 5239
f 5239 7939 5243
f 7939 7938 5243
f 5243 7938 5244
f 7938 7945 5244
f 5244 7945 5245
f 7945 7944 5245
f 5245 7944 5252
f 7944 7943 5252
f 5252 7943 5253
f 7943 7948 5253
f 5253 7948 5254
f 7948 7947 5254
f 5254 7947 5255
f 7947 7946 5255
f 5255 7946 5256
f 7946 7951 5256
f 5256 7951 5257
f 7951 7950 5257
f 5257 7950 5265
f 7950 7949 5265
f 5265 7949 5266
f 7949 7954 5266
f 5266 7954 5267
f 7954 7953 5267
f 5267 7953 5283
f 7953 7952 5283
f 5283 7952 5284
f 7952 7957 5284
f 5284 7957 5285
f 7957 7956 5285
f 5285 7956 5289
f 7956 7955 5289
f 5289 7955 5290
f 7955 7960 5290
f 5290 7960 5291
f 7960 7959 5291
f 5291 7959 5292
f 7959 7958 5292
f 5292 7958 5293
f 7958 7963 5293
f 5293 7963 5294
f 7963 7962 5294
f 5294 7962 5280
f 7962 7961 5280
f 5280 7961 5281
f 7961 7966 5281
f 5281 7966 5282
f 7966 7965 5282
f 5282 7965 5240
f 7965 7964 5240
f 5240 7964 5241
f 7964 7969 5241
f 5241 7969 5304
f 7969 7968 5304
f 5304 7968 5305
f 7968 7967 5305
f 5305 7967 5306
f 7967 7972 5306
f 5306 7972 5307
f 7972 7971 5307
f 5307 7971 5295
f 7971 7970 5295
f 5295 7970 5296
f 7970 7975 5296
f 5296 7975 5297
f 7975 7974 5297
f 5297 7974 5301
f 7974 7973 5301
f 5301 7973 5302
f 7973 7978 5302
f 5302 7978 5303
f 7978 7977 5303
f 5303 7977 5298
f 7977 7976 5298
f 5298 7976 5299
f 7976 7981 5299
f 5299 7981 5308
f 7981 7980 5308
f 5308 7980 5309
f 7980 7979 5309
f 5309 7979 5310
f 7979 7984 5310
f 5310 7984 5258
f 7984 7983 5258
f 5258 7983 5259
f 7983 7982 5259
f 5259 7982 5261
f 7982 7987 5261
f 5261 7987 5262
f 7987 7986 5262
f 5262 7986 5263
f 7986 7985 5263
f 5263 7985 5264
f 7985 7990 5264
f 5264 7990 5274
f 7990 7989 5274
f 5274 7989 5275
f 7989 7988 5275
f 5275 7988 5276
f 7988 7993 5276
f 5276 7993 5277
f 7993 7992 5277
f 5277 7992 5278
f 7992 7991 5278
f 5278 7991 5279
f 7991 7996 5279
f 5279 7996 5286
f 7996 7995 5286
f 5286 7995 5287
f 7995 7994 5287
f 5287 7994 5288
f 7994 7999 5288
f 5288 7999 5271
f 7999 7998 5271
f 5271 7998 5272
f 7998 7997 5272
f 5272 7997 5273
f 7997 8002 5273
f 5273 8002 5268
f 8002 8001 5268
f 5268 8001 5269
f 8001 8000 5269
f 5269 8000 5270
f 8000 8005 5270
f 5270 8005 5246
f 8005 8004 5246
f 5246 8004 5247
f 8004 8003 5247
f 5247 8003 5248
f 8003 8008 5248
f 5248 8008 5249
f 8008 8007 5249
f 5249 8007 5250
f 8007 8006 5250
f 5250 8006 5251
f 8006 8010 5251
f 5251 8010 5234
f 8010 8009 5234
f 5234 8009 5235
f 8009 7942 5235
f 5235 7942 5237
f 7942 7941 5237
f 8011 8012 8013
f 8012 8014 8013
f 8013 8014 8015
f 8016 8017 8013
f 8017 8018 8013
f 8013 8018 8011
f 8019 8020 8013
f 8020 8021 8013
f 8013 8021 8016
f 8022 8023 8013
f 8023 8024 8013
f 8013 8024 8019
f 8025 8026 8013
f 8026 8027 8013
f 8013 8027 8022
f 8028 8029 8013
f 8029 8030 8013
f 8013 8030 8025
f 8031 8032 8013
f 8032 8033 8013
f 8013 8033 8028
f 8034 8035 8013
f 8035 8036 8013
f 8013 8036 8031
f 8037 8038 8013
f 8038 8039 8013
f 8013 8039 8034
f 8040 8041 8013
f 8041 8042 8013
f 8013 8042 8037
f 8043 8044 8013
f 8044 8045 8013
f 8013 8045 8040
f 8046 8047 8013
f 8047 8048 8013
f 8013 8048 8043
f 8049 8050 8013
f 8050 8051 8013
f 8013 8051 8046
f 8052 8053 8013
f 8053 8054 8013
f 8013 8054 8049
f 8055 8056 8013
f 8056 8057 8013
f 8013 8057 8052
f 8058 8059 8013
f 8059 8060 8013
f 8013 8060 8055
f 8061 8062 8013
f 8062 8063 8013
f 8013 8063 8058
f 8064 8065 8013
f 8065 8066 8013
f 8013 8066 8061
f 8067 8068 8013
f 8068 8069 8013
f 8013 8069 8064
f 8070 8071 8013
f 8071 8072 8013
f 8013 8072 8067
f 8073 8074 8013
f 8074 8075 8013
f 8013 8075 8070
f 8076 8077 8013
f 8077 8078 8013
f 8013 8078 8073
f 8079 8080 8013
f 8080 8081 8013
f 8013 8081 8076
f 8015 8082 8013
f 8082 8083 8013
f 8013 8083 8079
f 4957 8014 4927
f 8014 8012 4927
f 4927 8012 4928
f 8012 8011 4928
f 4928 8011 4938
f 8011 8018 4938
f 4938 8018 4932
f 8018 8017 4932
f 4932 8017 4931
f 8017 8016 4931
f 4931 8016 4930
f 8016 8021 4930
f 4930 8021 4933
f 8021 8020 4933
f 4933 8020 4934
f 8020 8019 4934
f 4934 8019 4750
f 8019 8024 4750
f 4750 8024 4751
f 8024 8023 4751
f 4751 8023 4981
f 8023 8022 4981
f 4981 8022 4982
f 8022 8027 4982
f 4982 8027 4980
f 8027 8026 4980
f 4980 8026 4979
f 8026 8025 4979
f 4979 8025 4978
f 8025 8030 4978
f 4978 8030 4983
f 8030 8029 4983
f 4983 8029 4984
f 8029 8028 4984
f 4984 8028 4985
f 8028 8033 4985
f 4985 8033 4986
f 8033 8032 4986
f 4986 8032 4989
f 8032 8031 4989
f 4989 8031 4990
f 8031 8036 4990
f 4990 8036 4987
f 8036 8035 4987
f 4987 8035 4988
f 8035 8034 4988
f 4988 8034 4991
f 8034 8039 4991
f 4991 8039 4992
f 8039 8038 4992
f 4992 8038 4993
f 8038 8037 4993
f 4993 8037 4924
f 8037 8042 4924
f 4924 8042 4925
f 8042 8041 4925
f 4925 8041 4926
f 8041 8040 4926
f 4926 8040 4922
f 8040 8045 4922
f 4922 8045 4923
f 8045 8044 4923
f 4923 8044 4935
f 8044 8043 4935
f 4935 8043 4936
f 8043 8048 4936
f 4936 8048 4937
f 8048 8047 4937
f 4937 8047 4939
f 8047 8046 4939
f 4939 8046 4940
f 8046 8051 4940
f 4940 8051 4941
f 8051 8050 4941
f 4941 8050 4942
f 8050 8049 4942
f 4942 8049 4943
f 8049 8054 4943
f 4943 8054 4944
f 8054 8053 4944
f 4944 8053 4945
f 8053 8052 4945
f 4945 8052 4958
f 8052 8057 4958
f 4958 8057 4959
f 8057 8056 4959
f 4959 8056 4960
f 8056 8055 4960
f 4960 8055 4967
f 8055 8060 4967
f 4967 8060 4968
f 8060 8059 4968
f 4968 8059 4961
f 8059 8058 4961
f 4961 8058 4962
f 8058 8063 4962
f 4962 8063 4963
f 8063 8062 4963
f 4963 8062 4969
f 8062 8061 4969
f 4969 8061 4970
f 8061 8066 4970
f 4970 8066 4971
f 8066 8065 4971
f 4971 8065 4975
f 8065 8064 4975
f 4975 8064 4976
f 8064 8069 4976
f 4976 8069 4977
f 8069 8068 4977
f 4977 8068 4972
f 8068 8067 4972
f 4972 8067 4973
f 8067 8072 4973
f 4973 8072 4974
f 8072 8071 4974
f 4974 8071 4964
f 8071 8070 4964
f 4964 8070 4965
f 8070 8075 4965
f 4965 8075 4966
f 8075 8074 4966
f 4966 8074 4946
f 8074 8073 4946
f 4946 8073 4947
f 8073 8078 4947
f 4947 8078 4948
f 8078 8077 4948
f 4948 8077 4949
f 8077 8076 4949
f 4949 8076 4950
f 8076 8081 4950
f 4950 8081 4951
f 8081 8080 4951
f 4951 8080 4953
f 8080 8079 4953
f 4953 8079 4954
f 8079 8083 4954
f 4954 8083 4955
f 8083 8082 4955
f 4955 8082 4956
f 8082 8015 4956
f 4956 8015 4957
f 8015 8014 4957
f 8084 8085 8086
f 8085 8087 8086
f 8086 8087 8088
f 8089 8090 8086
f 8090 8091 8086
f 8086 8091 8084
f 8092 8093 8086
f 8093 8094 8086
f 8086 8094 8089
f 8095 8096 8086
f 8096 8097 8086
f 8086 8097 8092
f 8098 8099 8086
f 8099 8100 8086
f 8086 8100 8095
f 8101 8102 8086
f 8102 8103 8086
f 8086 8103 8098
f 8104 8105 8086
f 8105 8106 8086
f 8086 8106 8101
f 8107 8108 8086
f 8108 8109 8086
f 8086 8109 8104
f 8110 8111 8086
f 8111 8112 8086
f 8086 8112 8107
f 8113 8114 8086
f 8114 8115 8086
f 8086 8115 8110
f 8116 8117 8086
f 8117 8118 8086
f 8086 8118 8113
f 8119 8120 8086
f 8120 8121 8086
f 8086 8121 8116
f 8122 8123 8086
f 8123 8124 8086
f 8086 8124 8119
f 8125 8126 8086
f 8126 8127 8086
f 8086 8127 8122
f 8128 8129 8086
f 8129 8130 8086
f 8086 8130 8125
f 8131 8132 8086
f 8132 8133 8086
f 8086 8133 8128
f 8134 8135 8086
f 8135 8136 8086
f 8086 8136 8131
f 8137 8138 8086
f 8138 8139 8086
f 8086 8139 8134
f 8140 8141 8086
f 8141 8142 8086
f 8086 8142 8137
f 8143 8144 8086
f 8144 8145 8086
f 8086 8145 8140
f 8146 8147 8086
f 8147 8148 8086
f 8086 8148 8143
f 8149 8150 8086
f 8150 8151 8086
f 8086 8151 8146
f 8152 8153 8086
f 8153 8154 8086
f 8086 8154 8149
f 8088 8155 8086
f 8155 8156 8086
f 8086 8156 8152
f 5163 8087 5167
f 8087 8085 5167
f 5167 8085 5164
f 8085 8084 5164
f 5164 8084 5165
f 8084 8091 5165
f 5165 8091 5192
f 8091 8090 5192
f 5192 8090 5193
f 8090 8089 5193
f 5193 8089 5194
f 8089 8094 5194
f 5194 8094 5197
f 8094 8093 5197
f 5197 8093 5198
f 8093 8092 5198
f 5198 8092 5199
f 8092 8097 5199
f 5199 8097 5200
f 8097 8096 5200
f 5200 8096 5201
f 8096 8095 5201
f 5201 8095 5202
f 8095 8100 5202
f 5202 8100 5203
f 8100 8099 5203
f 5203 8099 5204
f 8099 8098 5204
f 5204 8098 5205
f 8098 8103 5205
f 5205 8103 5206
f 8103 8102 5206
f 5206 8102 5207
f 8102 8101 5207
f 5207 8101 5208
f 8101 8106 5208
f 5208 8106 5195
f 8106 8105 5195
f 5195 8105 5196
f 8105 8104 5196
f 5196 8104 5209
f 8104 8109 5209
f 5209 8109 5210
f 8109 8108 5210
f 5210 8108 5211
f 8108 8107 5211
f 5211 8107 5212
f 8107 8112 5212
f 5212 8112 5213
f 8112 8111 5213
f 5213 8111 5187
f 8111 8110 5187
f 5187 8110 5188
f 8110 8115 5188
f 5188 8115 5214
f 8115 8114 5214
f 5214 8114 5215
f 8114 8113 5215
f 5215 8113 5171
f 8113 8118 5171
f 5171 8118 5172
f 8118 8117 5172
f 5172 8117 5182
f 8117 8116 5182
f 5182 8116 5183
f 8116 8121 5183
f 5183 8121 5159
f 8121 8120 5159
f 5159 8120 5160
f 8120 8119 5160
f 5160 8119 5173
f 8119 8124 5173
f 5173 8124 5174
f 8124 8123 5174
f 5174 8123 5175
f 8123 8122 5175
f 5175 8122 5176
f 8122 8127 5176
f 5176 8127 5184
f 8127 8126 5184
f 5184 8126 5185
f 8126 8125 5185
f 5185 8125 5186
f 8125 8130 5186
f 5186 8130 5189
f 8130 8129 5189
f 5189 8129 5190
f 8129 8128 5190
f 5190 8128 5191
f 8128 8133 5191
f 5191 8133 5216
f 8133 8132 5216
f 5216 8132 5217
f 8132 8131 5217
f 5217 8131 5218
f 8131 8136 5218
f 5218 8136 5219
f 8136 8135 5219
f 5219 8135 5231
f 8135 8134 5231
f 5231 8134 5232
f 8134 8139 5232
f 5232 8139 5233
f 8139 8138 5233
f 5233 8138 5223
f 8138 8137 5223
f 5223 8137 5224
f 8137 8142 5224
f 5224 8142 5225
f 8142 8141 5225
f 5225 8141 5229
f 8141 8140 5229
f 5229 8140 5230
f 8140 8145 5230
f 5230 8145 5226
f 8145 8144 5226
f 5226 8144 5227
f 8144 8143 5227
f 5227 8143 5228
f 8143 8148 5228
f 5228 8148 5221
f 8148 8147 5221
f 5221 8147 5222
f 8147 8146 5222
f 5222 8146 5170
f 8146 8151 5170
f 5170 8151 5169
f 8151 8150 5169
f 5169 8150 5168
f 8150 8149 5168
f 5168 8149 5177
f 8149 8154 5177
f 5177 8154 5178
f 8154 8153 5178
f 5178 8153 5179
f 8153 8152 5179
f 5179 8152 5180
f 8152 8156 5180
f 5180 8156 5181
f 8156 8155 5181
f 5181 8155 5162
f 8155 8088 5162
f 5162 8088 5163
f 8088 8087 5163
f 8157 8158 8159
f 8158 8160 8159
f 8159 8160 8161
f 8162 8163 8159
f 8163 8164 8159
f 8159 8164 8157
f 8165 8166 8159
f 8166 8167 8159
f 8159 8167 8162
f 8168 8169 8159
f 8169 8170 8159
f 8159 8170 8165
f 8171 8172 8159
f 8172 8173 8159
f 8159 8173 8168
f 8174 8175 8159
f 8175 8176 8159
f 8159 8176 8171
f 8177 8178 8159
f 8178 8179 8159
f 8159 8179 8174
f 8180 8181 8159
f 8181 8182 8159
f 8159 8182 8177
f 8183 8184 8159
f 8184 8185 8159
f 8159 8185 8180
f 8186 8187 8159
f 8187 8188 8159
f 8159 8188 8183
f 8189 8190 8159
f 8190 8191 8159
f 8159 8191 8186
f 8192 8193 8159
f 8193 8194 8159
f 8159 8194 8189
f 8195 8196 8159
f 8196 8197 8159
f 8159 8197 8192
f 8198 8199 8159
f 8199 8200 8159
f 8159 8200 8195
f 8201 8202 8159
f 8202 8203 8159
f 8159 8203 8198
f 8204 8205 8159
f 8205 8206 8159
f 8159 8206 8201
f 8207 8208 8159
f 8208 8209 8159
f 8159 8209 8204
f 8210 8211 8159
f 8211 8212 8159
f 8159 8212 8207
f 8213 8214 8159
f 8214 8215 8159
f 8159 8215 8210
f 8216 8217 8159
f 8217 8218 8159
f 8159 8218 8213
f 8219 8220 8159
f 8220 8221 8159
f 8159 8221 8216
f 8222 8223 8159
f 8223 8224 8159
f 8159 8224 8219
f 8225 8226 8159
f 8226 8227 8159
f 8159 8227 8222
f 8161 8228 8159
f 8228 8229 8159
f 8159 8229 8225
f 4907 8160 4908
f 8160 8158 4908
f 4908 8158 4894
f 8158 8157 4894
f 4894 8157 4895
f 8157 8164 4895
f 4895 8164 4896
f 8164 8163 4896
f 4896 8163 4865
f 8163 8162 4865
f 4865 8162 4864
f 8162 8167 4864
f 4864 8167 4862
f 8167 8166 4862
f 4862 8166 4866
f 8166 8165 4866
f 4866 8165 4867
f 8165 8170 4867
f 4867 8170 4868
f 8170 8169 4868
f 4868 8169 4885
f 8169 8168 4885
f 4885 8168 4886
f 8168 8173 4886
f 4886 8173 4887
f 8173 8172 4887
f 4887 8172 4897
f 8172 8171 4897
f 4897 8171 4898
f 8171 8176 4898
f 4898 8176 4899
f 8176 8175 4899
f 4899 8175 4900
f 8175 8174 4900
f 4900 8174 4901
f 8174 8179 4901
f 4901 8179 4902
f 8179 8178 4902
f 4902 8178 4903
f 8178 8177 4903
f 4903 8177 4904
f 8177 8182 4904
f 4904 8182 4905
f 8182 8181 4905
f 4905 8181 4856
f 8181 8180 4856
f 4856 8180 4857
f 8180 8185 4857
f 4857 8185 4858
f 8185 8184 4858
f 4858 8184 4850
f 8184 8183 4850
f 4850 8183 4851
f 8183 8188 4851
f 4851 8188 4835
f 8188 8187 4835
f 4835 8187 4836
f 8187 8186 4836
f 4836 8186 4837
f 8186 8191 4837
f 4837 8191 4838
f 8191 8190 4838
f 4838 8190 4842
f 8190 8189 4842
f 4842 8189 4843
f 8189 8194 4843
f 4843 8194 4832
f 8194 8193 4832
f 4832 8193 4833
f 8193 8192 4833
f 4833 8192 4847
f 8192 8197 4847
f 4847 8197 4848
f 8197 8196 4848
f 4848 8196 4849
f 8196 8195 4849
f 4849 8195 4839
f 8195 8200 4839
f 4839 8200 4840
f 8200 8199 4840
f 4840 8199 4844
f 8199 8198 4844
f 4844 8198 4845
f 8198 8203 4845
f 4845 8203 4846
f 8203 8202 4846
f 4846 8202 4853
f 8202 8201 4853
f 4853 8201 4854
f 8201 8206 4854
f 4854 8206 4855
f 8206 8205 4855
f 4855 8205 4859
f 8205 8204 4859
f 4859 8204 4860
f 8204 8209 4860
f 4860 8209 4861
f 8209 8208 4861
f 4861 8208 4874
f 8208 8207 4874
f 4874 8207 4875
f 8207 8212 4875
f 4875 8212 4877
f 8212 8211 4877
f 4877 8211 4878
f 8211 8210 4878
f 4878 8210 4879
f 8210 8215 4879
f 4879 8215 4881
f 8215 8214 4881
f 4881 8214 4882
f 8214 8213 4882
f 4882 8213 4888
f 8213 8218 4888
f 4888 8218 4889
f 8218 8217 4889
f 4889 8217 4890
f 8217 8216 4890
f 4890 8216 4869
f 8216 8221 4869
f 4869 8221 4870
f 8221 8220 4870
f 4870 8220 4872
f 8220 8219 4872
f 4872 8219 4873
f 8219 8224 4873
f 4873 8224 4909
f 8224 8223 4909
f 4909 8223 4910
f 8223 8222 4910
f 4910 8222 4883
f 8222 8227 4883
f 4883 8227 4884
f 8227 8226 4884
f 4884 8226 4891
f 8226 8225 4891
f 4891 8225 4892
f 8225 8229 4892
f 4892 8229 4893
f 8229 8228 4893
f 4893 8228 4906
f 8228 8161 4906
f 4906 8161 4907
f 8161 8160 4907
f 8230 8231 8232
f 8231 8233 8232
f 8232 8233 8234
f 8235 8236 8232
f 8236 8237 8232
f 8232 8237 8230
f 8238 8239 8232
f 8239 8240 8232
f 8232 8240 8235
f 8241 8242 8232
f 8242 8243 8232
f 8232 8243 8238
f 8244 8245 8232
f 8245 8246 8232
f 8232 8246 8241
f 8247 8248 8232
f 8248 8249 8232
f 8232 8249 8244
f 8250 8251 8232
f 8251 8252 8232
f 8232 8252 8247
f 8253 8254 8232
f 8254 8255 8232
f 8232 8255 8250
f 8256 8257 8232
f 8257 8258 8232
f 8232 8258 8253
f 8259 8260 8232
f 8260 8261 8232
f 8232 8261 8256
f 8262 8263 8232
f 8263 8264 8232
f 8232 8264 8259
f 8265 8266 8232
f 8266 8267 8232
f 8232 8267 8262
f 8268 8269 8232
f 8269 8270 8232
f 8232 8270 8265
f 8271 8272 8232
f 8272 8273 8232
f 8232 8273 8268
f 8274 8275 8232
f 8275 8276 8232
f 8232 8276 8271
f 8277 8278 8232
f 8278 8279 8232
f 8232 8279 8274
f 8280 8281 8232
f 8281 8282 8232
f 8232 8282 8277
f 8283 8284 8232
f 8284 8285 8232
f 8232 8285 8280
f 8286 8287 8232
f 8287 8288 8232
f 8232 8288 8283
f 8289 8290 8232
f 8290 8291 8232
f 8232 8291 8286
f 8292 8293 8232
f 8293 8294 8232
f 8232 8294 8289
f 8295 8296 8232
f 8296 8297 8232
f 8232 8297 8292
f 8298 8299 8232
f 8299 8300 8232
f 8232 8300 8295
f 8234 8301 8232
f 8301 8302 8232
f 8232 8302 8298
f 5086 8233 5087
f 8233 8231 5087
f 5087 8231 5088
f 8231 8230 5088
f 5088 8230 5094
f 8230 8237 5094
f 5094 8237 5095
f 8237 8236 5095
f 5095 8236 5096
f 8236 8235 5096
f 5096 8235 5097
f 8235 8240 5097
f 5097 8240 5098
f 8240 8239 5098
f 5098 8239 5110
f 8239 8238 5110
f 5110 8238 5111
f 8238 8243 5111
f 5111 8243 5112
f 8243 8242 5112
f 5112 8242 5116
f 8242 8241 5116
f 5116 8241 5117
f 8241 8246 5117
f 5117 8246 5118
f 8246 8245 5118
f 5118 8245 5141
f 8245 8244 5141
f 5141 8244 5142
f 8244 8249 5142
f 5142 8249 5143
f 8249 8248 5143
f 5143 8248 5156
f 8248 8247 5156
f 5156 8247 5157
f 8247 8252 5157
f 5157 8252 5158
f 8252 8251 5158
f 5158 8251 5144
f 8251 8250 5144
f 5144 8250 5145
f 8250 8255 5145
f 5145 8255 5146
f 8255 8254 5146
f 5146 8254 5147
f 8254 8253 5147
f 5147 8253 5148
f 8253 8258 5148
f 5148 8258 5149
f 8258 8257 5149
f 5149 8257 5150
f 8257 8256 5150
f 5150 8256 5151
f 8256 8261 5151
f 5151 8261 5152
f 8261 8260 5152
f 5152 8260 5153
f 8260 8259 5153
f 5153 8259 5154
f 8259 8264 5154
f 5154 8264 5155
f 8264 8263 5155
f 5155 8263 5101
f 8263 8262 5101
f 5101 8262 5102
f 8262 8267 5102
f 5102 8267 5103
f 8267 8266 5103
f 5103 8266 5107
f 8266 8265 5107
f 5107 8265 5108
f 8265 8270 5108
f 5108 8270 5109
f 8270 8269 5109
f 5109 8269 5104
f 8269 8268 5104
f 5104 8268 5105
f 8268 8273 5105
f 5105 8273 5123
f 8273 8272 5123
f 5123 8272 5124
f 8272 8271 5124
f 5124 8271 5125
f 8271 8276 5125
f 5125 8276 5135
f 8276 8275 5135
f 5135 8275 5136
f 8275 8274 5136
f 5136 8274 5126
f 8274 8279 5126
f 5126 8279 5127
f 8279 8278 5127
f 5127 8278 5128
f 8278 8277 5128
f 5128 8277 5137
f 8277 8282 5137
f 5137 8282 5138
f 8282 8281 5138
f 5138 8281 5129
f 8281 8280 5129
f 5129 8280 5130
f 8280 8285 5130
f 5130 8285 5131
f 8285 8284 5131
f 5131 8284 5113
f 8284 8283 5113
f 5113 8283 5114
f 8283 8288 5114
f 5114 8288 5139
f 8288 8287 5139
f 5139 8287 5140
f 8287 8286 5140
f 5140 8286 5132
f 8286 8291 5132
f 5132 8291 5133
f 8291 8290 5133
f 5133 8290 5134
f 8290 8289 5134
f 5134 8289 5119
f 8289 8294 5119
f 5119 8294 5120
f 8294 8293 5120
f 5120 8293 5121
f 8293 8292 5121
f 5121 8292 5122
f 8292 8297 5122
f 5122 8297 5089
f 8297 8296 5089
f 5089 8296 5090
f 8296 8295 5090
f 5090 8295 5091
f 8295 8300 5091
f 5091 8300 5092
f 8300 8299 5092
f 5092 8299 5093
f 8299 8298 5093
f 5093 8298 5099
f 8298 8302 5099
f 5099 8302 5100
f 8302 8301 5100
f 5100 8301 5085
f 8301 8234 5085
f 5085 8234 5086
f 8234 8233 5086
f 8303 8304 8305
f 8304 8306 8305
f 8305 8306 8307
f 8308 8309 8305
f 8309 8310 8305
f 8305 8310 8303
f 8311 8312 8305
f 8312 8313 8305
f 8305 8313 8308
f 8314 8315 8305
f 8315 8316 8305
f 8305 8316 8311
f 8317 8318 8305
f 8318 8319 8305
f 8305 8319 8314
f 8320 8321 8305
f 8321 8322 8305
f 8305 8322 8317
f 8323 8324 8305
f 8324 8325 8305
f 8305 8325 8320
f 8326 8327 8305
f 8327 8328 8305
f 8305 8328 8323
f 8329 8330 8305
f 8330 8331 8305
f 8305 8331 8326
f 8332 8333 8305
f 8333 8334 8305
f 8305 8334 8329
f 8335 8336 8305
f 8336 8337 8305
f 8305 8337 8332
f 8338 8339 8305
f 8339 8340 8305
f 8305 8340 8335
f 8341 8342 8305
f 8342 8343 8305
f 8305 8343 8338
f 8344 8345 8305
f 8345 8346 8305
f 8305 8346 8341
f 8347 8348 8305
f 8348 8349 8305
f 8305 8349 8344
f 8350 8351 8305
f 8351 8352 8305
f 8305 8352 8347
f 8353 8354 8305
f 8354 8355 8305
f 8305 8355 8350
f 8356 8357 8305
f 8357 8358 8305
f 8305 8358 8353
f 8359 8360 8305
f 8360 8361 8305
f 8305 8361 8356
f 8362 8363 8305
f 8363 8364 8305
f 8305 8364 8359
f 8365 8366 8305
f 8366 8367 8305
f 8305 8367 8362
f 8368 8369 8305
f 8369 8370 8305
f 8305 8370 8365
f 8371 8372 8305
f 8372 8373 8305
f 8305 8373 8368
f 8307 8374 8305
f 8374 8375 8305
f 8305 8375 8371
f 5007 8306 5008
f 8306 8304 5008
f 5008 8304 5014
f 8304 8303 5014
f 5014 8303 5015
f 8303 8310 5015
f 5015 8310 5016
f 8310 8309 5016
f 5016 8309 5025
f 8309 8308 5025
f 5025 8308 5026
f 8308 8313 5026
f 5026 8313 5027
f 8313 8312 5027
f 5027 8312 5031
f 8312 8311 5031
f 5031 8311 5032
f 8311 8316 5032
f 5032 8316 5033
f 8316 8315 5033
f 5033 8315 5067
f 8315 8314 5067
f 5067 8314 5068
f 8314 8319 5068
f 5068 8319 5070
f 8319 8318 5070
f 5070 8318 5071
f 8318 8317 5071
f 5071 8317 5072
f 8317 8322 5072
f 5072 8322 5073
f 8322 8321 5073
f 5073 8321 5082
f 8321 8320 5082
f 5082 8320 5083
f 8320 8325 5083
f 5083 8325 5084
f 8325 8324 5084
f 5084 8324 5074
f 8324 8323 5074
f 5074 8323 5075
f 8323 8328 5075
f 5075 8328 5077
f 8328 8327 5077
f 5077 8327 5078
f 8327 8326 5078
f 5078 8326 5079
f 8326 8331 5079
f 5079 8331 5080
f 8331 8330 5080
f 5080 8330 5081
f 8330 8329 5081
f 5081 8329 5034
f 8329 8334 5034
f 5034 8334 5035
f 8334 8333 5035
f 5035 8333 5036
f 8333 8332 5036
f 5036 8332 5017
f 8332 8337 5017
f 5017 8337 5018
f 8337 8336 5018
f 5018 8336 5019
f 8336 8335 5019
f 5019 8335 5020
f 8335 8340 5020
f 5020 8340 5010
f 8340 8339 5010
f 5010 8339 5011
f 8339 8338 5011
f 5011 8338 5021
f 8338 8343 5021
f 5021 8343 5022
f 8343 8342 5022
f 5022 8342 5024
f 8342 8341 5024
f 5024 8341 5045
f 8341 8346 5045
f 5045 8346 5046
f 8346 8345 5046
f 5046 8345 5047
f 8345 8344 5047
f 5047 8344 5048
f 8344 8349 5048
f 5048 8349 5049
f 8349 8348 5049
f 5049 8348 5050
f 8348 8347 5050
f 5050 8347 5051
f 8347 8352 5051
f 5051 8352 5052
f 8352 8351 5052
f 5052 8351 5053
f 8351 8350 5053
f 5053 8350 5054
f 8350 8355 5054
f 5054 8355 5055
f 8355 8354 5055
f 5055 8354 5056
f 8354 8353 5056
f 5056 8353 5065
f 8353 8358 5065
f 5065 8358 5066
f 8358 8357 5066
f 5066 8357 5062
f 8357 8356 5062
f 5062 8356 5063
f 8356 8361 5063
f 5063 8361 5064
f 8361 8360 5064
f 5064 8360 5057
f 8360 8359 5057
f 5057 8359 5058
f 8359 8364 5058
f 5058 8364 5059
f 8364 8363 5059
f 5059 8363 5060
f 8363 8362 5060
f 5060 8362 5061
f 8362 8367 5061
f 5061 8367 5028
f 8367 8366 5028
f 5028 8366 5029
f 8366 8365 5029
f 5029 8365 5037
f 8365 8370 5037
f 5037 8370 5038
f 8370 8369 5038
f 5038 8369 5039
f 8369 8368 5039
f 5039 8368 5040
f 8368 8373 5040
f 5040 8373 5041
f 8373 8372 5041
f 5041 8372 5042
f 8372 8371 5042
f 5042 8371 5043
f 8371 8375 5043
f 5043 8375 5044
f 8375 8374 5044
f 5044 8374 5013
f 8374 8307 5013
f 5013 8307 5007
f 8307 8306 5007

