# https://github.com/mikedh/trimesh
v -0.00960000 0.00000000 -0.00640000
v -0.00960000 -0.00000000 -0.01250000
v -0.00956347 0.00083670 -0.00640000
v -0.00956347 0.00083670 -0.01250000
v -0.00945415 0.00166702 -0.00640000
v -0.00945415 0.00166702 -0.01250000
v -0.00927289 0.00248466 -0.00640000
v -0.00927289 0.00248466 -0.01250000
v -0.00902105 0.00328339 -0.00640000
v -0.00902105 0.00328339 -0.01250000
v -0.00870056 0.00405714 -0.00640000
v -0.00870056 0.00405714 -0.01250000
v -0.00831384 0.00480000 -0.00640000
v -0.00831384 0.00480000 -0.01250000
v -0.00786386 0.00550633 -0.00640000
v -0.00786386 0.00550633 -0.01250000
v -0.00735403 0.00617076 -0.00640000
v -0.00735403 0.00617076 -0.01250000
v -0.00678822 0.00678822 -0.00640000
v -0.00678822 0.00678822 -0.01250000
v -0.00617076 0.00735403 -0.00640000
v -0.00617076 0.00735403 -0.01250000
v -0.00550633 0.00786386 -0.00640000
v -0.00550633 0.00786386 -0.01250000
v -0.00480000 0.00831384 -0.00640000
v -0.00480000 0.00831384 -0.01250000
v -0.00405714 0.00870056 -0.00640000
v -0.00405714 0.00870056 -0.01250000
v -0.00328339 0.00902105 -0.00640000
v -0.00328339 0.00902105 -0.01250000
v -0.00248466 0.00927289 -0.00640000
v -0.00248466 0.00927289 -0.01250000
v -0.00166702 0.00945415 -0.00640000
v -0.00166702 0.00945415 -0.01250000
v -0.00083670 0.00956347 -0.00640000
v -0.00083670 0.00956347 -0.01250000
v 0.00000000 0.00960000 -0.00640000
v 0.00000000 0.00960000 -0.01250000
v 0.00083670 0.00956347 -0.00640000
v 0.00083670 0.00956347 -0.01250000
v 0.00166702 0.00945415 -0.00640000
v 0.00166702 0.00945415 -0.01250000
v 0.00248466 0.00927289 -0.00640000
v 0.00248466 0.00927289 -0.01250000
v 0.00328339 0.00902105 -0.00640000
v 0.00328339 0.00902105 -0.01250000
v 0.00405714 0.00870056 -0.00640000
v 0.00405714 0.00870056 -0.01250000
v 0.00480000 0.00831384 -0.00640000
v 0.00480000 0.00831384 -0.01250000
v 0.00550633 0.00786386 -0.00640000
v 0.00550633 0.00786386 -0.01250000
v 0.00617076 0.00735403 -0.00640000
v 0.00617076 0.00735403 -0.01250000
v 0.00678822 0.00678822 -0.00640000
v 0.00678822 0.00678822 -0.01250000
v 0.00735403 0.00617076 -0.00640000
v 0.00735403 0.00617076 -0.01250000
v 0.00786386 0.00550633 -0.00640000
v 0.00786386 0.00550633 -0.01250000
v 0.00831384 0.00480000 -0.00640000
v 0.00831384 0.00480000 -0.01250000
v 0.00870056 0.00405714 -0.00640000
v 0.00870056 0.00405714 -0.01250000
v 0.00902105 0.00328339 -0.00640000
v 0.00902105 0.00328339 -0.01250000
v 0.00927289 0.00248466 -0.00640000
v 0.00927289 0.00248466 -0.01250000
v 0.00945415 0.00166702 -0.00640000
v 0.00945415 0.00166702 -0.01250000
v 0.00956347 0.00083670 -0.00640000
v 0.00956347 0.00083670 -0.01250000
v 0.00960000 0.00000000 -0.00640000
v 0.00960000 0.00000000 -0.01250000
v 0.00956347 -0.00083670 -0.00640000
v 0.00956347 -0.00083670 -0.01250000
v 0.00945415 -0.00166702 -0.00640000
v 0.00945415 -0.00166702 -0.01250000
v 0.00927289 -0.00248466 -0.00640000
v 0.00927289 -0.00248466 -0.01250000
v 0.00902105 -0.00328339 -0.00640000
v 0.00902105 -0.00328339 -0.01250000
v 0.00870056 -0.00405714 -0.00640000
v 0.00870056 -0.00405714 -0.01250000
v 0.00831384 -0.00480000 -0.00640000
v 0.00831384 -0.00480000 -0.01250000
v 0.00786386 -0.00550633 -0.00640000
v 0.00786386 -0.00550633 -0.01250000
v 0.00735403 -0.00617076 -0.00640000
v 0.00735403 -0.00617076 -0.01250000
v 0.00678822 -0.00678822 -0.00640000
v 0.00678822 -0.00678822 -0.01250000
v 0.00617076 -0.00735403 -0.00640000
v 0.00617076 -0.00735403 -0.01250000
v 0.00550633 -0.00786386 -0.00640000
v 0.00550633 -0.00786386 -0.01250000
v 0.00480000 -0.00831384 -0.00640000
v 0.00480000 -0.00831384 -0.01250000
v 0.00405714 -0.00870056 -0.00640000
v 0.00405714 -0.00870056 -0.01250000
v 0.00328339 -0.00902105 -0.00640000
v 0.00328339 -0.00902105 -0.01250000
v 0.00248466 -0.00927289 -0.00640000
v 0.00248466 -0.00927289 -0.01250000
v 0.00166702 -0.00945415 -0.00640000
v 0.00166702 -0.00945415 -0.01250000
v 0.00083670 -0.00956347 -0.00640000
v 0.00083670 -0.00956347 -0.01250000
v 0.00000000 -0.00960000 -0.00640000
v 0.00000000 -0.00960000 -0.01250000
v -0.00083670 -0.00956347 -0.00640000
v -0.00083670 -0.00956347 -0.01250000
v -0.00166702 -0.00945415 -0.00640000
v -0.00166702 -0.00945415 -0.01250000
v -0.00248466 -0.00927289 -0.00640000
v -0.00248466 -0.00927289 -0.01250000
v -0.00328339 -0.00902105 -0.00640000
v -0.00328339 -0.00902105 -0.01250000
v -0.00405714 -0.00870056 -0.00640000
v -0.00405714 -0.00870056 -0.01250000
v -0.00480000 -0.00831384 -0.00640000
v -0.00480000 -0.00831384 -0.01250000
v -0.00550633 -0.00786386 -0.00640000
v -0.00550633 -0.00786386 -0.01250000
v -0.00617076 -0.00735403 -0.00640000
v -0.00617076 -0.00735403 -0.01250000
v -0.00678822 -0.00678822 -0.00640000
v -0.00678822 -0.00678822 -0.01250000
v -0.00735403 -0.00617076 -0.00640000
v -0.00735403 -0.00617076 -0.01250000
v -0.00786386 -0.00550633 -0.00640000
v -0.00786386 -0.00550633 -0.01250000
v -0.00831384 -0.00480000 -0.00640000
v -0.00831384 -0.00480000 -0.01250000
v -0.00870056 -0.00405714 -0.00640000
v -0.00870056 -0.00405714 -0.01250000
v -0.00902105 -0.00328339 -0.00640000
v -0.00902105 -0.00328339 -0.01250000
v -0.00927289 -0.00248466 -0.00640000
v -0.00927289 -0.00248466 -0.01250000
v -0.00945415 -0.00166702 -0.00640000
v -0.00945415 -0.00166702 -0.01250000
v -0.00956347 -0.00083670 -0.00640000
v -0.00956347 -0.00083670 -0.01250000
v 0.00065118 0.00369303 -0.00640000
v 0.00097057 0.00362222 -0.00640000
v 0.00128258 0.00352385 -0.00640000
v 0.00158482 0.00339865 -0.00640000
v 0.00187500 0.00324760 -0.00640000
v 0.00215091 0.00307182 -0.00640000
v 0.00241045 0.00287267 -0.00640000
v 0.00265165 0.00265165 -0.00640000
v 0.00287267 0.00241045 -0.00640000
v 0.00307182 0.00215091 -0.00640000
v 0.00324760 0.00187500 -0.00640000
v 0.00339865 0.00158482 -0.00640000
v 0.00352385 0.00128258 -0.00640000
v 0.00362222 0.00097057 -0.00640000
v 0.00369303 0.00065118 -0.00640000
v 0.00373573 0.00032683 -0.00640000
v 0.00375000 0.00000000 -0.00640000
v 0.00373573 -0.00032683 -0.00640000
v 0.00369303 -0.00065118 -0.00640000
v 0.00362222 -0.00097057 -0.00640000
v 0.00352385 -0.00128258 -0.00640000
v 0.00339865 -0.00158482 -0.00640000
v 0.00324760 -0.00187500 -0.00640000
v 0.00307182 -0.00215091 -0.00640000
v 0.00287267 -0.00241045 -0.00640000
v 0.00265165 -0.00265165 -0.00640000
v 0.00241045 -0.00287267 -0.00640000
v 0.00215091 -0.00307182 -0.00640000
v 0.00187500 -0.00324760 -0.00640000
v 0.00158482 -0.00339865 -0.00640000
v 0.00128258 -0.00352385 -0.00640000
v 0.00097057 -0.00362222 -0.00640000
v 0.00065118 -0.00369303 -0.00640000
v 0.00032683 -0.00373573 -0.00640000
v -0.00000000 -0.00375000 -0.00640000
v -0.00032683 -0.00373573 -0.00640000
v -0.00065118 -0.00369303 -0.00640000
v -0.00097057 -0.00362222 -0.00640000
v -0.00128258 -0.00352385 -0.00640000
v -0.00158482 -0.00339865 -0.00640000
v -0.00187500 -0.00324760 -0.00640000
v -0.00215091 -0.00307182 -0.00640000
v -0.00241045 -0.00287267 -0.00640000
v -0.00265165 -0.00265165 -0.00640000
v -0.00287267 -0.00241045 -0.00640000
v -0.00307182 -0.00215091 -0.00640000
v -0.00324760 -0.00187500 -0.00640000
v -0.00339865 -0.00158482 -0.00640000
v -0.00352385 -0.00128258 -0.00640000
v -0.00362222 -0.00097057 -0.00640000
v -0.00369303 -0.00065118 -0.00640000
v -0.00373573 -0.00032683 -0.00640000
v -0.00375000 0.00000000 -0.00640000
v -0.00373573 0.00032683 -0.00640000
v -0.00369303 0.00065118 -0.00640000
v -0.00362222 0.00097057 -0.00640000
v -0.00352385 0.00128258 -0.00640000
v -0.00339865 0.00158482 -0.00640000
v -0.00324760 0.00187500 -0.00640000
v -0.00307182 0.00215091 -0.00640000
v -0.00287267 0.00241045 -0.00640000
v -0.00265165 0.00265165 -0.00640000
v -0.00241045 0.00287267 -0.00640000
v -0.00215091 0.00307182 -0.00640000
v -0.00187500 0.00324760 -0.00640000
v -0.00158482 0.00339865 -0.00640000
v -0.00128258 0.00352385 -0.00640000
v -0.00097057 0.00362222 -0.00640000
v -0.00065118 0.00369303 -0.00640000
v -0.00032683 0.00373573 -0.00640000
v 0.00000000 0.00375000 -0.00640000
v 0.00032683 0.00373573 -0.00640000
v 0.04249835 -0.00000000 0.01121967
v 0.03968774 0.00347223 0.00856066
v 0.04233663 0.00370398 0.01121967
v 0.03923409 0.00691803 0.00856066
v 0.04185271 0.00737976 0.01121967
v 0.03848185 0.01031118 0.00856066
v 0.04105025 0.01099938 0.01121967
v 0.03743673 0.01362586 0.00856066
v 0.03993538 0.01453529 0.01121967
v 0.03610671 0.01683683 0.00856066
v 0.03851658 0.01796058 0.01121967
v 0.03450188 0.01991967 0.00856066
v 0.03680465 0.02124918 0.01121967
v 0.03263448 0.02285091 0.00856066
v 0.03481261 0.02437605 0.01121967
v 0.03051871 0.02560823 0.00856066
v 0.03255562 0.02731741 0.01121967
v 0.02817067 0.02817067 0.00856066
v 0.03005087 0.03005087 0.01121967
v 0.02560823 0.03051871 0.00856066
v 0.02731741 0.03255562 0.01121967
v 0.02285091 0.03263448 0.00856066
v 0.02437605 0.03481261 0.01121967
v 0.01991967 0.03450188 0.00856066
v 0.02124918 0.03680465 0.01121967
v 0.01683683 0.03610671 0.00856066
v 0.01796058 0.03851658 0.01121967
v 0.01362586 0.03743673 0.00856066
v 0.01453529 0.03993538 0.01121967
v 0.01031118 0.03848185 0.00856066
v 0.01099938 0.04105025 0.01121967
v 0.00691803 0.03923409 0.00856066
v 0.00737976 0.04185271 0.01121967
v 0.00347223 0.03968774 0.00856066
v 0.00370398 0.04233663 0.01121967
v -0.00000000 0.03983934 0.00856066
v -0.00000000 0.04249835 0.01121967
v -0.00347223 0.03968774 0.00856066
v -0.00370398 0.04233663 0.01121967
v -0.00691803 0.03923409 0.00856066
v -0.00737976 0.04185271 0.01121967
v -0.01031118 0.03848185 0.00856066
v -0.01099938 0.04105025 0.01121967
v -0.01362586 0.03743673 0.00856066
v -0.01453529 0.03993538 0.01121967
v -0.01683683 0.03610671 0.00856066
v -0.01796058 0.03851658 0.01121967
v -0.01991967 0.03450188 0.00856066
v -0.02124918 0.03680465 0.01121967
v -0.02285091 0.03263448 0.00856066
v -0.02437605 0.03481261 0.01121967
v -0.02560823 0.03051871 0.00856066
v -0.02731741 0.03255562 0.01121967
v -0.02817067 0.02817067 0.00856066
v -0.03005087 0.03005087 0.01121967
v -0.03051871 0.02560823 0.00856066
v -0.03255562 0.02731741 0.01121967
v -0.03263448 0.02285091 0.00856066
v -0.03481261 0.02437605 0.01121967
v -0.03450188 0.01991967 0.00856066
v -0.03680465 0.02124918 0.01121967
v -0.03610671 0.01683683 0.00856066
v -0.03851658 0.01796058 0.01121967
v -0.03743673 0.01362586 0.00856066
v -0.03993538 0.01453529 0.01121967
v -0.03848185 0.01031118 0.00856066
v -0.04105025 0.01099938 0.01121967
v -0.03923409 0.00691803 0.00856066
v -0.04185271 0.00737976 0.01121967
v -0.03968774 0.00347223 0.00856066
v -0.04233663 0.00370398 0.01121967
v -0.03983934 0.00000000 0.00856066
v -0.04249835 0.00000000 0.01121967
v -0.03968774 -0.00347223 0.00856066
v -0.04233663 -0.00370398 0.01121967
v -0.03923409 -0.00691803 0.00856066
v -0.04185271 -0.00737976 0.01121967
v -0.03848185 -0.01031118 0.00856066
v -0.04105025 -0.01099938 0.01121967
v -0.03743673 -0.01362586 0.00856066
v -0.03993538 -0.01453529 0.01121967
v -0.03610671 -0.01683683 0.00856066
v -0.03851658 -0.01796058 0.01121967
v -0.03450188 -0.01991967 0.00856066
v -0.03680465 -0.02124918 0.01121967
v -0.03263448 -0.02285091 0.00856066
v -0.03481261 -0.02437605 0.01121967
v -0.03051871 -0.02560823 0.00856066
v -0.03255562 -0.02731741 0.01121967
v -0.02817067 -0.02817067 0.00856066
v -0.03005087 -0.03005087 0.01121967
v -0.02560823 -0.03051871 0.00856066
v -0.02731741 -0.03255562 0.01121967
v -0.02285091 -0.03263448 0.00856066
v -0.02437605 -0.03481261 0.01121967
v -0.01991967 -0.03450188 0.00856066
v -0.02124918 -0.03680465 0.01121967
v -0.01683683 -0.03610671 0.00856066
v -0.01796058 -0.03851658 0.01121967
v -0.01362586 -0.03743673 0.00856066
v -0.01453529 -0.03993538 0.01121967
v -0.01031118 -0.03848185 0.00856066
v -0.01099938 -0.04105025 0.01121967
v -0.00691803 -0.03923409 0.00856066
v -0.00737976 -0.04185271 0.01121967
v -0.00347223 -0.03968774 0.00856066
v -0.00370398 -0.04233663 0.01121967
v -0.00000000 -0.03983934 0.00856066
v -0.00000000 -0.04249835 0.01121967
v 0.00347223 -0.03968774 0.00856066
v 0.00370398 -0.04233663 0.01121967
v 0.00691803 -0.03923409 0.00856066
v 0.00737976 -0.04185271 0.01121967
v 0.01031118 -0.03848185 0.00856066
v 0.01099938 -0.04105025 0.01121967
v 0.01362586 -0.03743673 0.00856066
v 0.01453529 -0.03993538 0.01121967
v 0.01683683 -0.03610671 0.00856066
v 0.01796058 -0.03851658 0.01121967
v 0.01991967 -0.03450188 0.00856066
v 0.02124918 -0.03680465 0.01121967
v 0.02285091 -0.03263448 0.00856066
v 0.02437605 -0.03481261 0.01121967
v 0.02560823 -0.03051871 0.00856066
v 0.02731741 -0.03255562 0.01121967
v 0.02817067 -0.02817067 0.00856066
v 0.03005087 -0.03005087 0.01121967
v 0.03051871 -0.02560823 0.00856066
v 0.03255562 -0.02731741 0.01121967
v 0.03263448 -0.02285091 0.00856066
v 0.03481261 -0.02437605 0.01121967
v 0.03450188 -0.01991967 0.00856066
v 0.03680465 -0.02124918 0.01121967
v 0.03610671 -0.01683683 0.00856066
v 0.03851658 -0.01796058 0.01121967
v 0.03743673 -0.01362586 0.00856066
v 0.03993538 -0.01453529 0.01121967
v 0.03848185 -0.01031118 0.00856066
v 0.04105025 -0.01099938 0.01121967
v 0.03923409 -0.00691803 0.00856066
v 0.04185271 -0.00737976 0.01121967
v 0.03968774 -0.00347223 0.00856066
v 0.04233663 -0.00370398 0.01121967
v 0.03983934 0.00000000 0.00856066
v 0.04196802 0.00000000 0.01250000
v 0.04187344 0.00366345 0.01249715
v 0.04180832 0.00365775 0.01250000
v 0.04139480 0.00729902 0.01249715
v 0.04133043 0.00728767 0.01250000
v 0.04060113 0.01087904 0.01249715
v 0.04053799 0.01086212 0.01250000
v 0.03949846 0.01437626 0.01249715
v 0.03943704 0.01435391 0.01250000
v 0.03809518 0.01776408 0.01249715
v 0.03803594 0.01773645 0.01250000
v 0.03640198 0.02101669 0.01249715
v 0.03634537 0.02098401 0.01250000
v 0.03443173 0.02410936 0.01249715
v 0.03437819 0.02407187 0.01250000
v 0.03219944 0.02701854 0.01249715
v 0.03214937 0.02697652 0.01250000
v 0.02972209 0.02972209 0.01249715
v 0.02967587 0.02967587 0.01250000
v 0.02701854 0.03219944 0.01249715
v 0.02697652 0.03214937 0.01250000
v 0.02410936 0.03443173 0.01249715
v 0.02407187 0.03437819 0.01250000
v 0.02101669 0.03640198 0.01249715
v 0.02098401 0.03634537 0.01250000
v 0.01776408 0.03809518 0.01249715
v 0.01773645 0.03803594 0.01250000
v 0.01437626 0.03949846 0.01249715
v 0.01435391 0.03943704 0.01250000
v 0.01087904 0.04060113 0.01249715
v 0.01086212 0.04053799 0.01250000
v 0.00729902 0.04139480 0.01249715
v 0.00728767 0.04133043 0.01250000
v 0.00366345 0.04187344 0.01249715
v 0.00365775 0.04180832 0.01250000
v -0.00000000 0.04203339 0.01249715
v -0.00000000 0.04196802 0.01250000
v -0.00366345 0.04187344 0.01249715
v -0.00365775 0.04180832 0.01250000
v -0.00729902 0.04139480 0.01249715
v -0.00728767 0.04133043 0.01250000
v -0.01087904 0.04060113 0.01249715
v -0.01086212 0.04053799 0.01250000
v -0.01437626 0.03949846 0.01249715
v -0.01435391 0.03943704 0.01250000
v -0.01776408 0.03809518 0.01249715
v -0.01773645 0.03803594 0.01250000
v -0.02101669 0.03640198 0.01249715
v -0.02098401 0.03634537 0.01250000
v -0.02410936 0.03443173 0.01249715
v -0.02407187 0.03437819 0.01250000
v -0.02701854 0.03219944 0.01249715
v -0.02697652 0.03214937 0.01250000
v -0.02972209 0.02972209 0.01249715
v -0.02967587 0.02967587 0.01250000
v -0.03219944 0.02701854 0.01249715
v -0.03214937 0.02697652 0.01250000
v -0.03443173 0.02410936 0.01249715
v -0.03437819 0.02407187 0.01250000
v -0.03640198 0.02101669 0.01249715
v -0.03634537 0.02098401 0.01250000
v -0.03809518 0.01776408 0.01249715
v -0.03803594 0.01773645 0.01250000
v -0.03949846 0.01437626 0.01249715
v -0.03943704 0.01435391 0.01250000
v -0.04060113 0.01087904 0.01249715
v -0.04053799 0.01086212 0.01250000
v -0.04139480 0.00729902 0.01249715
v -0.04133043 0.00728767 0.01250000
v -0.04187344 0.00366345 0.01249715
v -0.04180832 0.00365775 0.01250000
v -0.04203339 0.00000000 0.01249715
v -0.04196802 0.00000000 0.01250000
v -0.04187344 -0.00366345 0.01249715
v -0.04180832 -0.00365775 0.01250000
v -0.04139480 -0.00729902 0.01249715
v -0.04133043 -0.00728767 0.01250000
v -0.04060113 -0.01087904 0.01249715
v -0.04053799 -0.01086212 0.01250000
v -0.03949846 -0.01437626 0.01249715
v -0.03943704 -0.01435391 0.01250000
v -0.03809518 -0.01776408 0.01249715
v -0.03803594 -0.01773645 0.01250000
v -0.03640198 -0.02101669 0.01249715
v -0.03634537 -0.02098401 0.01250000
v -0.03443173 -0.02410936 0.01249715
v -0.03437819 -0.02407187 0.01250000
v -0.03219944 -0.02701854 0.01249715
v -0.03214937 -0.02697652 0.01250000
v -0.02972209 -0.02972209 0.01249715
v -0.02967587 -0.02967587 0.01250000
v -0.02701854 -0.03219944 0.01249715
v -0.02697652 -0.03214937 0.01250000
v -0.02410936 -0.03443173 0.01249715
v -0.02407187 -0.03437819 0.01250000
v -0.02101669 -0.03640198 0.01249715
v -0.02098401 -0.03634537 0.01250000
v -0.01776408 -0.03809518 0.01249715
v -0.01773645 -0.03803594 0.01250000
v -0.01437626 -0.03949846 0.01249715
v -0.01435391 -0.03943704 0.01250000
v -0.01087904 -0.04060113 0.01249715
v -0.01086212 -0.04053799 0.01250000
v -0.00729902 -0.04139480 0.01249715
v -0.00728767 -0.04133043 0.01250000
v -0.00366345 -0.04187344 0.01249715
v -0.00365775 -0.04180832 0.01250000
v -0.00000000 -0.04203339 0.01249715
v -0.00000000 -0.04196802 0.01250000
v 0.00366345 -0.04187344 0.01249715
v 0.00365775 -0.04180832 0.01250000
v 0.00729902 -0.04139480 0.01249715
v 0.00728767 -0.04133043 0.01250000
v 0.01087904 -0.04060113 0.01249715
v 0.01086212 -0.04053799 0.01250000
v 0.01437626 -0.03949846 0.01249715
v 0.01435391 -0.03943704 0.01250000
v 0.01776408 -0.03809518 0.01249715
v 0.01773645 -0.03803594 0.01250000
v 0.02101669 -0.03640198 0.01249715
v 0.02098401 -0.03634537 0.01250000
v 0.02410936 -0.03443173 0.01249715
v 0.02407187 -0.03437819 0.01250000
v 0.02701854 -0.03219944 0.01249715
v 0.02697652 -0.03214937 0.01250000
v 0.02972209 -0.02972209 0.01249715
v 0.02967587 -0.02967587 0.01250000
v 0.03219944 -0.02701854 0.01249715
v 0.03214937 -0.02697652 0.01250000
v 0.03443173 -0.02410936 0.01249715
v 0.03437819 -0.02407187 0.01250000
v 0.03640198 -0.02101669 0.01249715
v 0.03634537 -0.02098401 0.01250000
v 0.03809518 -0.01776408 0.01249715
v 0.03803594 -0.01773645 0.01250000
v 0.03949846 -0.01437626 0.01249715
v 0.03943704 -0.01435391 0.01250000
v 0.04060113 -0.01087904 0.01249715
v 0.04053799 -0.01086212 0.01250000
v 0.04139480 -0.00729902 0.01249715
v 0.04133043 -0.00728767 0.01250000
v 0.04187344 -0.00366345 0.01249715
v 0.04180832 -0.00365775 0.01250000
v 0.04203339 0.00000000 0.01249715
v 0.04193806 0.00366910 0.01248861
v 0.04145869 0.00731029 0.01248861
v 0.04066379 0.01089583 0.01248861
v 0.03955942 0.01439845 0.01248861
v 0.03815398 0.01779149 0.01248861
v 0.03645816 0.02104913 0.01248861
v 0.03448487 0.02414657 0.01248861
v 0.03224913 0.02706024 0.01248861
v 0.02976796 0.02976796 0.01248861
v 0.02706024 0.03224913 0.01248861
v 0.02414657 0.03448487 0.01248861
v 0.02104913 0.03645816 0.01248861
v 0.01779149 0.03815398 0.01248861
v 0.01439845 0.03955942 0.01248861
v 0.01089583 0.04066379 0.01248861
v 0.00731029 0.04145869 0.01248861
v 0.00366910 0.04193806 0.01248861
v -0.00000000 0.04209825 0.01248861
v -0.00366910 0.04193806 0.01248861
v -0.00731029 0.04145869 0.01248861
v -0.01089583 0.04066379 0.01248861
v -0.01439845 0.03955942 0.01248861
v -0.01779149 0.03815398 0.01248861
v -0.02104913 0.03645816 0.01248861
v -0.02414657 0.03448487 0.01248861
v -0.02706024 0.03224913 0.01248861
v -0.02976796 0.02976796 0.01248861
v -0.03224913 0.02706024 0.01248861
v -0.03448487 0.02414657 0.01248861
v -0.03645816 0.02104913 0.01248861
v -0.03815398 0.01779149 0.01248861
v -0.03955942 0.01439845 0.01248861
v -0.04066379 0.01089583 0.01248861
v -0.04145869 0.00731029 0.01248861
v -0.04193806 0.00366910 0.01248861
v -0.04209825 0.00000000 0.01248861
v -0.04193806 -0.00366910 0.01248861
v -0.04145869 -0.00731029 0.01248861
v -0.04066379 -0.01089583 0.01248861
v -0.03955942 -0.01439845 0.01248861
v -0.03815398 -0.01779149 0.01248861
v -0.03645816 -0.02104913 0.01248861
v -0.03448487 -0.02414657 0.01248861
v -0.03224913 -0.02706024 0.01248861
v -0.02976796 -0.02976796 0.01248861
v -0.02706024 -0.03224913 0.01248861
v -0.02414657 -0.03448487 0.01248861
v -0.02104913 -0.03645816 0.01248861
v -0.01779149 -0.03815398 0.01248861
v -0.01439845 -0.03955942 0.01248861
v -0.01089583 -0.04066379 0.01248861
v -0.00731029 -0.04145869 0.01248861
v -0.00366910 -0.04193806 0.01248861
v -0.00000000 -0.04209825 0.01248861
v 0.00366910 -0.04193806 0.01248861
v 0.00731029 -0.04145869 0.01248861
v 0.01089583 -0.04066379 0.01248861
v 0.01439845 -0.03955942 0.01248861
v 0.01779149 -0.03815398 0.01248861
v 0.02104913 -0.03645816 0.01248861
v 0.02414657 -0.03448487 0.01248861
v 0.02706024 -0.03224913 0.01248861
v 0.02976796 -0.02976796 0.01248861
v 0.03224913 -0.02706024 0.01248861
v 0.03448487 -0.02414657 0.01248861
v 0.03645816 -0.02104913 0.01248861
v 0.03815398 -0.01779149 0.01248861
v 0.03955942 -0.01439845 0.01248861
v 0.04066379 -0.01089583 0.01248861
v 0.04145869 -0.00731029 0.01248861
v 0.04193806 -0.00366910 0.01248861
v 0.04209825 0.00000000 0.01248861
v 0.04200169 0.00367467 0.01247444
v 0.04152160 0.00732138 0.01247444
v 0.04072550 0.01091236 0.01247444
v 0.03961945 0.01442030 0.01247444
v 0.03821187 0.01781849 0.01247444
v 0.03651348 0.02108107 0.01247444
v 0.03453720 0.02418321 0.01247444
v 0.03229807 0.02710130 0.01247444
v 0.02981313 0.02981313 0.01247444
v 0.02710130 0.03229807 0.01247444
v 0.02418321 0.03453720 0.01247444
v 0.02108107 0.03651348 0.01247444
v 0.01781849 0.03821187 0.01247444
v 0.01442030 0.03961945 0.01247444
v 0.01091236 0.04072550 0.01247444
v 0.00732138 0.04152160 0.01247444
v 0.00367467 0.04200169 0.01247444
v -0.00000000 0.04216214 0.01247444
v -0.00367467 0.04200169 0.01247444
v -0.00732138 0.04152160 0.01247444
v -0.01091236 0.04072550 0.01247444
v -0.01442030 0.03961945 0.01247444
v -0.01781849 0.03821187 0.01247444
v -0.02108107 0.03651348 0.01247444
v -0.02418321 0.03453720 0.01247444
v -0.02710130 0.03229807 0.01247444
v -0.02981313 0.02981313 0.01247444
v -0.03229807 0.02710130 0.01247444
v -0.03453720 0.02418321 0.01247444
v -0.03651348 0.02108107 0.01247444
v -0.03821187 0.01781849 0.01247444
v -0.03961945 0.01442030 0.01247444
v -0.04072550 0.01091236 0.01247444
v -0.04152160 0.00732138 0.01247444
v -0.04200169 0.00367467 0.01247444
v -0.04216214 0.00000000 0.01247444
v -0.04200169 -0.00367467 0.01247444
v -0.04152160 -0.00732138 0.01247444
v -0.04072550 -0.01091236 0.01247444
v -0.03961945 -0.01442030 0.01247444
v -0.03821187 -0.01781849 0.01247444
v -0.03651348 -0.02108107 0.01247444
v -0.03453720 -0.02418321 0.01247444
v -0.03229807 -0.02710130 0.01247444
v -0.02981313 -0.02981313 0.01247444
v -0.02710130 -0.03229807 0.01247444
v -0.02418321 -0.03453720 0.01247444
v -0.02108107 -0.03651348 0.01247444
v -0.01781849 -0.03821187 0.01247444
v -0.01442030 -0.03961945 0.01247444
v -0.01091236 -0.04072550 0.01247444
v -0.00732138 -0.04152160 0.01247444
v -0.00367467 -0.04200169 0.01247444
v -0.00000000 -0.04216214 0.01247444
v 0.00367467 -0.04200169 0.01247444
v 0.00732138 -0.04152160 0.01247444
v 0.01091236 -0.04072550 0.01247444
v 0.01442030 -0.03961945 0.01247444
v 0.01781849 -0.03821187 0.01247444
v 0.02108107 -0.03651348 0.01247444
v 0.02418321 -0.03453720 0.01247444
v 0.02710130 -0.03229807 0.01247444
v 0.02981313 -0.02981313 0.01247444
v 0.03229807 -0.02710130 0.01247444
v 0.03453720 -0.02418321 0.01247444
v 0.03651348 -0.02108107 0.01247444
v 0.03821187 -0.01781849 0.01247444
v 0.03961945 -0.01442030 0.01247444
v 0.04072550 -0.01091236 0.01247444
v 0.04152160 -0.00732138 0.01247444
v 0.04200169 -0.00367467 0.01247444
v 0.04216214 0.00000000 0.01247444
v 0.04206386 0.00368011 0.01245477
v 0.04158305 0.00733221 0.01245477
v 0.04078577 0.01092851 0.01245477
v 0.03967808 0.01444164 0.01245477
v 0.03826842 0.01784486 0.01245477
v 0.03656752 0.02111227 0.01245477
v 0.03458831 0.02421900 0.01245477
v 0.03234587 0.02714141 0.01245477
v 0.02985726 0.02985726 0.01245477
v 0.02714141 0.03234587 0.01245477
v 0.02421900 0.03458831 0.01245477
v 0.02111227 0.03656752 0.01245477
v 0.01784486 0.03826842 0.01245477
v 0.01444164 0.03967808 0.01245477
v 0.01092851 0.04078577 0.01245477
v 0.00733221 0.04158305 0.01245477
v 0.00368011 0.04206386 0.01245477
v -0.00000000 0.04222453 0.01245477
v -0.00368011 0.04206386 0.01245477
v -0.00733221 0.04158305 0.01245477
v -0.01092851 0.04078577 0.01245477
v -0.01444164 0.03967808 0.01245477
v -0.01784486 0.03826842 0.01245477
v -0.02111227 0.03656752 0.01245477
v -0.02421900 0.03458831 0.01245477
v -0.02714141 0.03234587 0.01245477
v -0.02985726 0.02985726 0.01245477
v -0.03234587 0.02714141 0.01245477
v -0.03458831 0.02421900 0.01245477
v -0.03656752 0.02111227 0.01245477
v -0.03826842 0.01784486 0.01245477
v -0.03967808 0.01444164 0.01245477
v -0.04078577 0.01092851 0.01245477
v -0.04158305 0.00733221 0.01245477
v -0.04206386 0.00368011 0.01245477
v -0.04222453 0.00000000 0.01245477
v -0.04206386 -0.00368011 0.01245477
v -0.04158305 -0.00733221 0.01245477
v -0.04078577 -0.01092851 0.01245477
v -0.03967808 -0.01444164 0.01245477
v -0.03826842 -0.01784486 0.01245477
v -0.03656752 -0.02111227 0.01245477
v -0.03458831 -0.02421900 0.01245477
v -0.03234587 -0.02714141 0.01245477
v -0.02985726 -0.02985726 0.01245477
v -0.02714141 -0.03234587 0.01245477
v -0.02421900 -0.03458831 0.01245477
v -0.02111227 -0.03656752 0.01245477
v -0.01784486 -0.03826842 0.01245477
v -0.01444164 -0.03967808 0.01245477
v -0.01092851 -0.04078577 0.01245477
v -0.00733221 -0.04158305 0.01245477
v -0.00368011 -0.04206386 0.01245477
v -0.00000000 -0.04222453 0.01245477
v 0.00368011 -0.04206386 0.01245477
v 0.00733221 -0.04158305 0.01245477
v 0.01092851 -0.04078577 0.01245477
v 0.01444164 -0.03967808 0.01245477
v 0.01784486 -0.03826842 0.01245477
v 0.02111227 -0.03656752 0.01245477
v 0.02421900 -0.03458831 0.01245477
v 0.02714141 -0.03234587 0.01245477
v 0.02985726 -0.02985726 0.01245477
v 0.03234587 -0.02714141 0.01245477
v 0.03458831 -0.02421900 0.01245477
v 0.03656752 -0.02111227 0.01245477
v 0.03826842 -0.01784486 0.01245477
v 0.03967808 -0.01444164 0.01245477
v 0.04078577 -0.01092851 0.01245477
v 0.04158305 -0.00733221 0.01245477
v 0.04206386 -0.00368011 0.01245477
v 0.04222453 0.00000000 0.01245477
v 0.04212408 0.00368538 0.01242973
v 0.04164258 0.00734271 0.01242973
v 0.04084416 0.01094416 0.01242973
v 0.03973489 0.01446232 0.01242973
v 0.03832321 0.01787041 0.01242973
v 0.03661987 0.02114249 0.01242973
v 0.03463783 0.02425367 0.01242973
v 0.03239218 0.02718026 0.01242973
v 0.02990000 0.02990000 0.01242973
v 0.02718026 0.03239218 0.01242973
v 0.02425367 0.03463783 0.01242973
v 0.02114249 0.03661987 0.01242973
v 0.01787041 0.03832321 0.01242973
v 0.01446232 0.03973489 0.01242973
v 0.01094416 0.04084416 0.01242973
v 0.00734271 0.04164258 0.01242973
v 0.00368538 0.04212408 0.01242973
v -0.00000000 0.04228498 0.01242973
v -0.00368538 0.04212408 0.01242973
v -0.00734271 0.04164258 0.01242973
v -0.01094416 0.04084416 0.01242973
v -0.01446232 0.03973489 0.01242973
v -0.01787041 0.03832321 0.01242973
v -0.02114249 0.03661987 0.01242973
v -0.02425367 0.03463783 0.01242973
v -0.02718026 0.03239218 0.01242973
v -0.02990000 0.02990000 0.01242973
v -0.03239218 0.02718026 0.01242973
v -0.03463783 0.02425367 0.01242973
v -0.03661987 0.02114249 0.01242973
v -0.03832321 0.01787041 0.01242973
v -0.03973489 0.01446232 0.01242973
v -0.04084416 0.01094416 0.01242973
v -0.04164258 0.00734271 0.01242973
v -0.04212408 0.00368538 0.01242973
v -0.04228498 0.00000000 0.01242973
v -0.04212408 -0.00368538 0.01242973
v -0.04164258 -0.00734271 0.01242973
v -0.04084416 -0.01094416 0.01242973
v -0.03973489 -0.01446232 0.01242973
v -0.03832321 -0.01787041 0.01242973
v -0.03661987 -0.02114249 0.01242973
v -0.03463783 -0.02425367 0.01242973
v -0.03239218 -0.02718026 0.01242973
v -0.02990000 -0.02990000 0.01242973
v -0.02718026 -0.03239218 0.01242973
v -0.02425367 -0.03463783 0.01242973
v -0.02114249 -0.03661987 0.01242973
v -0.01787041 -0.03832321 0.01242973
v -0.01446232 -0.03973489 0.01242973
v -0.01094416 -0.04084416 0.01242973
v -0.00734271 -0.04164258 0.01242973
v -0.00368538 -0.04212408 0.01242973
v -0.00000000 -0.04228498 0.01242973
v 0.00368538 -0.04212408 0.01242973
v 0.00734271 -0.04164258 0.01242973
v 0.01094416 -0.04084416 0.01242973
v 0.01446232 -0.03973489 0.01242973
v 0.01787041 -0.03832321 0.01242973
v 0.02114249 -0.03661987 0.01242973
v 0.02425367 -0.03463783 0.01242973
v 0.02718026 -0.03239218 0.01242973
v 0.02990000 -0.02990000 0.01242973
v 0.03239218 -0.02718026 0.01242973
v 0.03463783 -0.02425367 0.01242973
v 0.03661987 -0.02114249 0.01242973
v 0.03832321 -0.01787041 0.01242973
v 0.03973489 -0.01446232 0.01242973
v 0.04084416 -0.01094416 0.01242973
v 0.04164258 -0.00734271 0.01242973
v 0.04212408 -0.00368538 0.01242973
v 0.04228498 0.00000000 0.01242973
v 0.04218189 0.00369044 0.01239952
v 0.04169973 0.00735279 0.01239952
v 0.04090022 0.01095918 0.01239952
v 0.03978942 0.01448217 0.01239952
v 0.03837581 0.01789493 0.01239952
v 0.03667013 0.02117151 0.01239952
v 0.03468537 0.02428696 0.01239952
v 0.03243664 0.02721757 0.01239952
v 0.02994104 0.02994104 0.01239952
v 0.02721757 0.03243664 0.01239952
v 0.02428696 0.03468537 0.01239952
v 0.02117151 0.03667013 0.01239952
v 0.01789493 0.03837581 0.01239952
v 0.01448217 0.03978942 0.01239952
v 0.01095918 0.04090022 0.01239952
v 0.00735279 0.04169973 0.01239952
v 0.00369044 0.04218189 0.01239952
v -0.00000000 0.04234302 0.01239952
v -0.00369044 0.04218189 0.01239952
v -0.00735279 0.04169973 0.01239952
v -0.01095918 0.04090022 0.01239952
v -0.01448217 0.03978942 0.01239952
v -0.01789493 0.03837581 0.01239952
v -0.02117151 0.03667013 0.01239952
v -0.02428696 0.03468537 0.01239952
v -0.02721757 0.03243664 0.01239952
v -0.02994104 0.02994104 0.01239952
v -0.03243664 0.02721757 0.01239952
v -0.03468537 0.02428696 0.01239952
v -0.03667013 0.02117151 0.01239952
v -0.03837581 0.01789493 0.01239952
v -0.03978942 0.01448217 0.01239952
v -0.04090022 0.01095918 0.01239952
v -0.04169973 0.00735279 0.01239952
v -0.04218189 0.00369044 0.01239952
v -0.04234302 0.00000000 0.01239952
v -0.04218189 -0.00369044 0.01239952
v -0.04169973 -0.00735279 0.01239952
v -0.04090022 -0.01095918 0.01239952
v -0.03978942 -0.01448217 0.01239952
v -0.03837581 -0.01789493 0.01239952
v -0.03667013 -0.02117151 0.01239952
v -0.03468537 -0.02428696 0.01239952
v -0.03243664 -0.02721757 0.01239952
v -0.02994104 -0.02994104 0.01239952
v -0.02721757 -0.03243664 0.01239952
v -0.02428696 -0.03468537 0.01239952
v -0.02117151 -0.03667013 0.01239952
v -0.01789493 -0.03837581 0.01239952
v -0.01448217 -0.03978942 0.01239952
v -0.01095918 -0.04090022 0.01239952
v -0.00735279 -0.04169973 0.01239952
v -0.00369044 -0.04218189 0.01239952
v -0.00000000 -0.04234302 0.01239952
v 0.00369044 -0.04218189 0.01239952
v 0.00735279 -0.04169973 0.01239952
v 0.01095918 -0.04090022 0.01239952
v 0.01448217 -0.03978942 0.01239952
v 0.01789493 -0.03837581 0.01239952
v 0.02117151 -0.03667013 0.01239952
v 0.02428696 -0.03468537 0.01239952
v 0.02721757 -0.03243664 0.01239952
v 0.02994104 -0.02994104 0.01239952
v 0.03243664 -0.02721757 0.01239952
v 0.03468537 -0.02428696 0.01239952
v 0.03667013 -0.02117151 0.01239952
v 0.03837581 -0.01789493 0.01239952
v 0.03978942 -0.01448217 0.01239952
v 0.04090022 -0.01095918 0.01239952
v 0.04169973 -0.00735279 0.01239952
v 0.04218189 -0.00369044 0.01239952
v 0.04234302 0.00000000 0.01239952
v 0.04223686 0.00369525 0.01236436
v 0.04175408 0.00736237 0.01236436
v 0.04095352 0.01097346 0.01236436
v 0.03984128 0.01450104 0.01236436
v 0.03842582 0.01791826 0.01236436
v 0.03671792 0.02119910 0.01236436
v 0.03473057 0.02431861 0.01236436
v 0.03247891 0.02725304 0.01236436
v 0.02998006 0.02998006 0.01236436
v 0.02725304 0.03247891 0.01236436
v 0.02431861 0.03473057 0.01236436
v 0.02119910 0.03671792 0.01236436
v 0.01791826 0.03842582 0.01236436
v 0.01450104 0.03984128 0.01236436
v 0.01097346 0.04095352 0.01236436
v 0.00736237 0.04175408 0.01236436
v 0.00369525 0.04223686 0.01236436
v -0.00000000 0.04239820 0.01236436
v -0.00369525 0.04223686 0.01236436
v -0.00736237 0.04175408 0.01236436
v -0.01097346 0.04095352 0.01236436
v -0.01450104 0.03984128 0.01236436
v -0.01791826 0.03842582 0.01236436
v -0.02119910 0.03671792 0.01236436
v -0.02431861 0.03473057 0.01236436
v -0.02725304 0.03247891 0.01236436
v -0.02998006 0.02998006 0.01236436
v -0.03247891 0.02725304 0.01236436
v -0.03473057 0.02431861 0.01236436
v -0.03671792 0.02119910 0.01236436
v -0.03842582 0.01791826 0.01236436
v -0.03984128 0.01450104 0.01236436
v -0.04095352 0.01097346 0.01236436
v -0.04175408 0.00736237 0.01236436
v -0.04223686 0.00369525 0.01236436
v -0.04239820 0.00000000 0.01236436
v -0.04223686 -0.00369525 0.01236436
v -0.04175408 -0.00736237 0.01236436
v -0.04095352 -0.01097346 0.01236436
v -0.03984128 -0.01450104 0.01236436
v -0.03842582 -0.01791826 0.01236436
v -0.03671792 -0.02119910 0.01236436
v -0.03473057 -0.02431861 0.01236436
v -0.03247891 -0.02725304 0.01236436
v -0.02998006 -0.02998006 0.01236436
v -0.02725304 -0.03247891 0.01236436
v -0.02431861 -0.03473057 0.01236436
v -0.02119910 -0.03671792 0.01236436
v -0.01791826 -0.03842582 0.01236436
v -0.01450104 -0.03984128 0.01236436
v -0.01097346 -0.04095352 0.01236436
v -0.00736237 -0.04175408 0.01236436
v -0.00369525 -0.04223686 0.01236436
v -0.00000000 -0.04239820 0.01236436
v 0.00369525 -0.04223686 0.01236436
v 0.00736237 -0.04175408 0.01236436
v 0.01097346 -0.04095352 0.01236436
v 0.01450104 -0.03984128 0.01236436
v 0.01791826 -0.03842582 0.01236436
v 0.02119910 -0.03671792 0.01236436
v 0.02431861 -0.03473057 0.01236436
v 0.02725304 -0.03247891 0.01236436
v 0.02998006 -0.02998006 0.01236436
v 0.03247891 -0.02725304 0.01236436
v 0.03473057 -0.02431861 0.01236436
v 0.03671792 -0.02119910 0.01236436
v 0.03842582 -0.01791826 0.01236436
v 0.03984128 -0.01450104 0.01236436
v 0.04095352 -0.01097346 0.01236436
v 0.04175408 -0.00736237 0.01236436
v 0.04223686 -0.00369525 0.01236436
v 0.04239820 0.00000000 0.01236436
v 0.04228858 0.00369977 0.01232453
v 0.04180520 0.00737138 0.01232453
v 0.04100366 0.01098690 0.01232453
v 0.03989005 0.01451879 0.01232453
v 0.03847286 0.01794019 0.01232453
v 0.03676287 0.02122506 0.01232453
v 0.03477309 0.02434838 0.01232453
v 0.03251867 0.02728640 0.01232453
v 0.03001676 0.03001676 0.01232453
v 0.02728640 0.03251867 0.01232453
v 0.02434838 0.03477309 0.01232453
v 0.02122506 0.03676287 0.01232453
v 0.01794019 0.03847286 0.01232453
v 0.01451879 0.03989005 0.01232453
v 0.01098690 0.04100366 0.01232453
v 0.00737138 0.04180520 0.01232453
v 0.00369977 0.04228858 0.01232453
v -0.00000000 0.04245011 0.01232453
v -0.00369977 0.04228858 0.01232453
v -0.00737138 0.04180520 0.01232453
v -0.01098690 0.04100366 0.01232453
v -0.01451879 0.03989005 0.01232453
v -0.01794019 0.03847286 0.01232453
v -0.02122506 0.03676287 0.01232453
v -0.02434838 0.03477309 0.01232453
v -0.02728640 0.03251867 0.01232453
v -0.03001676 0.03001676 0.01232453
v -0.03251867 0.02728640 0.01232453
v -0.03477309 0.02434838 0.01232453
v -0.03676287 0.02122506 0.01232453
v -0.03847286 0.01794019 0.01232453
v -0.03989005 0.01451879 0.01232453
v -0.04100366 0.01098690 0.01232453
v -0.04180520 0.00737138 0.01232453
v -0.04228858 0.00369977 0.01232453
v -0.04245011 0.00000000 0.01232453
v -0.04228858 -0.00369977 0.01232453
v -0.04180520 -0.00737138 0.01232453
v -0.04100366 -0.01098690 0.01232453
v -0.03989005 -0.01451879 0.01232453
v -0.03847286 -0.01794019 0.01232453
v -0.03676287 -0.02122506 0.01232453
v -0.03477309 -0.02434838 0.01232453
v -0.03251867 -0.02728640 0.01232453
v -0.03001676 -0.03001676 0.01232453
v -0.02728640 -0.03251867 0.01232453
v -0.02434838 -0.03477309 0.01232453
v -0.02122506 -0.03676287 0.01232453
v -0.01794019 -0.03847286 0.01232453
v -0.01451879 -0.03989005 0.01232453
v -0.01098690 -0.04100366 0.01232453
v -0.00737138 -0.04180520 0.01232453
v -0.00369977 -0.04228858 0.01232453
v -0.00000000 -0.04245011 0.01232453
v 0.00369977 -0.04228858 0.01232453
v 0.00737138 -0.04180520 0.01232453
v 0.01098690 -0.04100366 0.01232453
v 0.01451879 -0.03989005 0.01232453
v 0.01794019 -0.03847286 0.01232453
v 0.02122506 -0.03676287 0.01232453
v 0.02434838 -0.03477309 0.01232453
v 0.02728640 -0.03251867 0.01232453
v 0.03001676 -0.03001676 0.01232453
v 0.03251867 -0.02728640 0.01232453
v 0.03477309 -0.02434838 0.01232453
v 0.03676287 -0.02122506 0.01232453
v 0.03847286 -0.01794019 0.01232453
v 0.03989005 -0.01451879 0.01232453
v 0.04100366 -0.01098690 0.01232453
v 0.04180520 -0.00737138 0.01232453
v 0.04228858 -0.00369977 0.01232453
v 0.04245011 0.00000000 0.01232453
v 0.04233663 0.00370398 0.01228033
v 0.04185271 0.00737976 0.01228033
v 0.04105025 0.01099938 0.01228033
v 0.03993538 0.01453529 0.01228033
v 0.03851658 0.01796058 0.01228033
v 0.03680465 0.02124918 0.01228033
v 0.03481261 0.02437605 0.01228033
v 0.03255562 0.02731741 0.01228033
v 0.03005087 0.03005087 0.01228033
v 0.02731741 0.03255562 0.01228033
v 0.02437605 0.03481261 0.01228033
v 0.02124918 0.03680465 0.01228033
v 0.01796058 0.03851658 0.01228033
v 0.01453529 0.03993538 0.01228033
v 0.01099938 0.04105025 0.01228033
v 0.00737976 0.04185271 0.01228033
v 0.00370398 0.04233663 0.01228033
v -0.00000000 0.04249835 0.01228033
v -0.00370398 0.04233663 0.01228033
v -0.00737976 0.04185271 0.01228033
v -0.01099938 0.04105025 0.01228033
v -0.01453529 0.03993538 0.01228033
v -0.01796058 0.03851658 0.01228033
v -0.02124918 0.03680465 0.01228033
v -0.02437605 0.03481261 0.01228033
v -0.02731741 0.03255562 0.01228033
v -0.03005087 0.03005087 0.01228033
v -0.03255562 0.02731741 0.01228033
v -0.03481261 0.02437605 0.01228033
v -0.03680465 0.02124918 0.01228033
v -0.03851658 0.01796058 0.01228033
v -0.03993538 0.01453529 0.01228033
v -0.04105025 0.01099938 0.01228033
v -0.04185271 0.00737976 0.01228033
v -0.04233663 0.00370398 0.01228033
v -0.04249835 0.00000000 0.01228033
v -0.04233663 -0.00370398 0.01228033
v -0.04185271 -0.00737976 0.01228033
v -0.04105025 -0.01099938 0.01228033
v -0.03993538 -0.01453529 0.01228033
v -0.03851658 -0.01796058 0.01228033
v -0.03680465 -0.02124918 0.01228033
v -0.03481261 -0.02437605 0.01228033
v -0.03255562 -0.02731741 0.01228033
v -0.03005087 -0.03005087 0.01228033
v -0.02731741 -0.03255562 0.01228033
v -0.02437605 -0.03481261 0.01228033
v -0.02124918 -0.03680465 0.01228033
v -0.01796058 -0.03851658 0.01228033
v -0.01453529 -0.03993538 0.01228033
v -0.01099938 -0.04105025 0.01228033
v -0.00737976 -0.04185271 0.01228033
v -0.00370398 -0.04233663 0.01228033
v -0.00000000 -0.04249835 0.01228033
v 0.00370398 -0.04233663 0.01228033
v 0.00737976 -0.04185271 0.01228033
v 0.01099938 -0.04105025 0.01228033
v 0.01453529 -0.03993538 0.01228033
v 0.01796058 -0.03851658 0.01228033
v 0.02124918 -0.03680465 0.01228033
v 0.02437605 -0.03481261 0.01228033
v 0.02731741 -0.03255562 0.01228033
v 0.03005087 -0.03005087 0.01228033
v 0.03255562 -0.02731741 0.01228033
v 0.03481261 -0.02437605 0.01228033
v 0.03680465 -0.02124918 0.01228033
v 0.03851658 -0.01796058 0.01228033
v 0.03993538 -0.01453529 0.01228033
v 0.04105025 -0.01099938 0.01228033
v 0.04185271 -0.00737976 0.01228033
v 0.04233663 -0.00370398 0.01228033
v 0.04249835 0.00000000 0.01228033
v 0.04238066 0.00370783 0.01223209
v 0.04189624 0.00738744 0.01223209
v 0.04109295 0.01101082 0.01223209
v 0.03997692 0.01455041 0.01223209
v 0.03855665 0.01797926 0.01223209
v 0.03684293 0.02127128 0.01223209
v 0.03484882 0.02440141 0.01223209
v 0.03258949 0.02734582 0.01223209
v 0.03008213 0.03008213 0.01223209
v 0.02734582 0.03258949 0.01223209
v 0.02440141 0.03484882 0.01223209
v 0.02127128 0.03684293 0.01223209
v 0.01797926 0.03855665 0.01223209
v 0.01455041 0.03997692 0.01223209
v 0.01101082 0.04109295 0.01223209
v 0.00738744 0.04189624 0.01223209
v 0.00370783 0.04238066 0.01223209
v -0.00000000 0.04254255 0.01223209
v -0.00370783 0.04238066 0.01223209
v -0.00738744 0.04189624 0.01223209
v -0.01101082 0.04109295 0.01223209
v -0.01455041 0.03997692 0.01223209
v -0.01797926 0.03855665 0.01223209
v -0.02127128 0.03684293 0.01223209
v -0.02440141 0.03484882 0.01223209
v -0.02734582 0.03258949 0.01223209
v -0.03008213 0.03008213 0.01223209
v -0.03258949 0.02734582 0.01223209
v -0.03484882 0.02440141 0.01223209
v -0.03684293 0.02127128 0.01223209
v -0.03855665 0.01797926 0.01223209
v -0.03997692 0.01455041 0.01223209
v -0.04109295 0.01101082 0.01223209
v -0.04189624 0.00738744 0.01223209
v -0.04238066 0.00370783 0.01223209
v -0.04254255 0.00000000 0.01223209
v -0.04238066 -0.00370783 0.01223209
v -0.04189624 -0.00738744 0.01223209
v -0.04109295 -0.01101082 0.01223209
v -0.03997692 -0.01455041 0.01223209
v -0.03855665 -0.01797926 0.01223209
v -0.03684293 -0.02127128 0.01223209
v -0.03484882 -0.02440141 0.01223209
v -0.03258949 -0.02734582 0.01223209
v -0.03008213 -0.03008213 0.01223209
v -0.02734582 -0.03258949 0.01223209
v -0.02440141 -0.03484882 0.01223209
v -0.02127128 -0.03684293 0.01223209
v -0.01797926 -0.03855665 0.01223209
v -0.01455041 -0.03997692 0.01223209
v -0.01101082 -0.04109295 0.01223209
v -0.00738744 -0.04189624 0.01223209
v -0.00370783 -0.04238066 0.01223209
v -0.00000000 -0.04254255 0.01223209
v 0.00370783 -0.04238066 0.01223209
v 0.00738744 -0.04189624 0.01223209
v 0.01101082 -0.04109295 0.01223209
v 0.01455041 -0.03997692 0.01223209
v 0.01797926 -0.03855665 0.01223209
v 0.02127128 -0.03684293 0.01223209
v 0.02440141 -0.03484882 0.01223209
v 0.02734582 -0.03258949 0.01223209
v 0.03008213 -0.03008213 0.01223209
v 0.03258949 -0.02734582 0.01223209
v 0.03484882 -0.02440141 0.01223209
v 0.03684293 -0.02127128 0.01223209
v 0.03855665 -0.01797926 0.01223209
v 0.03997692 -0.01455041 0.01223209
v 0.04109295 -0.01101082 0.01223209
v 0.04189624 -0.00738744 0.01223209
v 0.04238066 -0.00370783 0.01223209
v 0.04254255 0.00000000 0.01223209
v 0.04242035 0.00371130 0.01218018
v 0.04193546 0.00739435 0.01218018
v 0.04113143 0.01102113 0.01218018
v 0.04001435 0.01456403 0.01218018
v 0.03859274 0.01799609 0.01218018
v 0.03687743 0.02129119 0.01218018
v 0.03488145 0.02442425 0.01218018
v 0.03262000 0.02737143 0.01218018
v 0.03011029 0.03011029 0.01218018
v 0.02737143 0.03262000 0.01218018
v 0.02442425 0.03488145 0.01218018
v 0.02129119 0.03687743 0.01218018
v 0.01799609 0.03859274 0.01218018
v 0.01456403 0.04001435 0.01218018
v 0.01102113 0.04113143 0.01218018
v 0.00739435 0.04193546 0.01218018
v 0.00371130 0.04242035 0.01218018
v -0.00000000 0.04258239 0.01218018
v -0.00371130 0.04242035 0.01218018
v -0.00739435 0.04193546 0.01218018
v -0.01102113 0.04113143 0.01218018
v -0.01456403 0.04001435 0.01218018
v -0.01799609 0.03859274 0.01218018
v -0.02129119 0.03687743 0.01218018
v -0.02442425 0.03488145 0.01218018
v -0.02737143 0.03262000 0.01218018
v -0.03011029 0.03011029 0.01218018
v -0.03262000 0.02737143 0.01218018
v -0.03488145 0.02442425 0.01218018
v -0.03687743 0.02129119 0.01218018
v -0.03859274 0.01799609 0.01218018
v -0.04001435 0.01456403 0.01218018
v -0.04113143 0.01102113 0.01218018
v -0.04193546 0.00739435 0.01218018
v -0.04242035 0.00371130 0.01218018
v -0.04258239 0.00000000 0.01218018
v -0.04242035 -0.00371130 0.01218018
v -0.04193546 -0.00739435 0.01218018
v -0.04113143 -0.01102113 0.01218018
v -0.04001435 -0.01456403 0.01218018
v -0.03859274 -0.01799609 0.01218018
v -0.03687743 -0.02129119 0.01218018
v -0.03488145 -0.02442425 0.01218018
v -0.03262000 -0.02737143 0.01218018
v -0.03011029 -0.03011029 0.01218018
v -0.02737143 -0.03262000 0.01218018
v -0.02442425 -0.03488145 0.01218018
v -0.02129119 -0.03687743 0.01218018
v -0.01799609 -0.03859274 0.01218018
v -0.01456403 -0.04001435 0.01218018
v -0.01102113 -0.04113143 0.01218018
v -0.00739435 -0.04193546 0.01218018
v -0.00371130 -0.04242035 0.01218018
v -0.00000000 -0.04258239 0.01218018
v 0.00371130 -0.04242035 0.01218018
v 0.00739435 -0.04193546 0.01218018
v 0.01102113 -0.04113143 0.01218018
v 0.01456403 -0.04001435 0.01218018
v 0.01799609 -0.03859274 0.01218018
v 0.02129119 -0.03687743 0.01218018
v 0.02442425 -0.03488145 0.01218018
v 0.02737143 -0.03262000 0.01218018
v 0.03011029 -0.03011029 0.01218018
v 0.03262000 -0.02737143 0.01218018
v 0.03488145 -0.02442425 0.01218018
v 0.03687743 -0.02129119 0.01218018
v 0.03859274 -0.01799609 0.01218018
v 0.04001435 -0.01456403 0.01218018
v 0.04113143 -0.01102113 0.01218018
v 0.04193546 -0.00739435 0.01218018
v 0.04242035 -0.00371130 0.01218018
v 0.04258239 0.00000000 0.01218018
v 0.04245537 0.00371436 0.01212500
v 0.04197008 0.00740046 0.01212500
v 0.04116538 0.01103023 0.01212500
v 0.04004738 0.01457606 0.01212500
v 0.03862461 0.01801095 0.01212500
v 0.03690787 0.02130877 0.01212500
v 0.03491024 0.02444442 0.01212500
v 0.03264693 0.02739403 0.01212500
v 0.03013515 0.03013515 0.01212500
v 0.02739403 0.03264693 0.01212500
v 0.02444442 0.03491024 0.01212500
v 0.02130877 0.03690787 0.01212500
v 0.01801095 0.03862461 0.01212500
v 0.01457606 0.04004738 0.01212500
v 0.01103023 0.04116538 0.01212500
v 0.00740046 0.04197008 0.01212500
v 0.00371436 0.04245537 0.01212500
v -0.00000000 0.04261754 0.01212500
v -0.00371436 0.04245537 0.01212500
v -0.00740046 0.04197008 0.01212500
v -0.01103023 0.04116538 0.01212500
v -0.01457606 0.04004738 0.01212500
v -0.01801095 0.03862461 0.01212500
v -0.02130877 0.03690787 0.01212500
v -0.02444442 0.03491024 0.01212500
v -0.02739403 0.03264693 0.01212500
v -0.03013515 0.03013515 0.01212500
v -0.03264693 0.02739403 0.01212500
v -0.03491024 0.02444442 0.01212500
v -0.03690787 0.02130877 0.01212500
v -0.03862461 0.01801095 0.01212500
v -0.04004738 0.01457606 0.01212500
v -0.04116538 0.01103023 0.01212500
v -0.04197008 0.00740046 0.01212500
v -0.04245537 0.00371436 0.01212500
v -0.04261754 0.00000000 0.01212500
v -0.04245537 -0.00371436 0.01212500
v -0.04197008 -0.00740046 0.01212500
v -0.04116538 -0.01103023 0.01212500
v -0.04004738 -0.01457606 0.01212500
v -0.03862461 -0.01801095 0.01212500
v -0.03690787 -0.02130877 0.01212500
v -0.03491024 -0.02444442 0.01212500
v -0.03264693 -0.02739403 0.01212500
v -0.03013515 -0.03013515 0.01212500
v -0.02739403 -0.03264693 0.01212500
v -0.02444442 -0.03491024 0.01212500
v -0.02130877 -0.03690787 0.01212500
v -0.01801095 -0.03862461 0.01212500
v -0.01457606 -0.04004738 0.01212500
v -0.01103023 -0.04116538 0.01212500
v -0.00740046 -0.04197008 0.01212500
v -0.00371436 -0.04245537 0.01212500
v -0.00000000 -0.04261754 0.01212500
v 0.00371436 -0.04245537 0.01212500
v 0.00740046 -0.04197008 0.01212500
v 0.01103023 -0.04116538 0.01212500
v 0.01457606 -0.04004738 0.01212500
v 0.01801095 -0.03862461 0.01212500
v 0.02130877 -0.03690787 0.01212500
v 0.02444442 -0.03491024 0.01212500
v 0.02739403 -0.03264693 0.01212500
v 0.03013515 -0.03013515 0.01212500
v 0.03264693 -0.02739403 0.01212500
v 0.03491024 -0.02444442 0.01212500
v 0.03690787 -0.02130877 0.01212500
v 0.03862461 -0.01801095 0.01212500
v 0.04004738 -0.01457606 0.01212500
v 0.04116538 -0.01103023 0.01212500
v 0.04197008 -0.00740046 0.01212500
v 0.04245537 -0.00371436 0.01212500
v 0.04261754 0.00000000 0.01212500
v 0.04248546 0.00371700 0.01206696
v 0.04199984 0.00740570 0.01206696
v 0.04119456 0.01103805 0.01206696
v 0.04007578 0.01458639 0.01206696
v 0.03865199 0.01802372 0.01206696
v 0.03693404 0.02132387 0.01206696
v 0.03493499 0.02446174 0.01206696
v 0.03267007 0.02741344 0.01206696
v 0.03015651 0.03015651 0.01206696
v 0.02741344 0.03267007 0.01206696
v 0.02446174 0.03493499 0.01206696
v 0.02132387 0.03693404 0.01206696
v 0.01802372 0.03865199 0.01206696
v 0.01458639 0.04007578 0.01206696
v 0.01103805 0.04119456 0.01206696
v 0.00740570 0.04199984 0.01206696
v 0.00371700 0.04248546 0.01206696
v -0.00000000 0.04264775 0.01206696
v -0.00371700 0.04248546 0.01206696
v -0.00740570 0.04199984 0.01206696
v -0.01103805 0.04119456 0.01206696
v -0.01458639 0.04007578 0.01206696
v -0.01802372 0.03865199 0.01206696
v -0.02132387 0.03693404 0.01206696
v -0.02446174 0.03493499 0.01206696
v -0.02741344 0.03267007 0.01206696
v -0.03015651 0.03015651 0.01206696
v -0.03267007 0.02741344 0.01206696
v -0.03493499 0.02446174 0.01206696
v -0.03693404 0.02132387 0.01206696
v -0.03865199 0.01802372 0.01206696
v -0.04007578 0.01458639 0.01206696
v -0.04119456 0.01103805 0.01206696
v -0.04199984 0.00740570 0.01206696
v -0.04248546 0.00371700 0.01206696
v -0.04264775 0.00000000 0.01206696
v -0.04248546 -0.00371700 0.01206696
v -0.04199984 -0.00740570 0.01206696
v -0.04119456 -0.01103805 0.01206696
v -0.04007578 -0.01458639 0.01206696
v -0.03865199 -0.01802372 0.01206696
v -0.03693404 -0.02132387 0.01206696
v -0.03493499 -0.02446174 0.01206696
v -0.03267007 -0.02741344 0.01206696
v -0.03015651 -0.03015651 0.01206696
v -0.02741344 -0.03267007 0.01206696
v -0.02446174 -0.03493499 0.01206696
v -0.02132387 -0.03693404 0.01206696
v -0.01802372 -0.03865199 0.01206696
v -0.01458639 -0.04007578 0.01206696
v -0.01103805 -0.04119456 0.01206696
v -0.00740570 -0.04199984 0.01206696
v -0.00371700 -0.04248546 0.01206696
v -0.00000000 -0.04264775 0.01206696
v 0.00371700 -0.04248546 0.01206696
v 0.00740570 -0.04199984 0.01206696
v 0.01103805 -0.04119456 0.01206696
v 0.01458639 -0.04007578 0.01206696
v 0.01802372 -0.03865199 0.01206696
v 0.02132387 -0.03693404 0.01206696
v 0.02446174 -0.03493499 0.01206696
v 0.02741344 -0.03267007 0.01206696
v 0.03015651 -0.03015651 0.01206696
v 0.03267007 -0.02741344 0.01206696
v 0.03493499 -0.02446174 0.01206696
v 0.03693404 -0.02132387 0.01206696
v 0.03865199 -0.01802372 0.01206696
v 0.04007578 -0.01458639 0.01206696
v 0.04119456 -0.01103805 0.01206696
v 0.04199984 -0.00740570 0.01206696
v 0.04248546 -0.00371700 0.01206696
v 0.04264775 0.00000000 0.01206696
v 0.04251041 0.00371918 0.01200651
v 0.04202449 0.00741005 0.01200651
v 0.04121875 0.01104453 0.01200651
v 0.04009930 0.01459495 0.01200651
v 0.03867468 0.01803430 0.01200651
v 0.03695572 0.02133640 0.01200651
v 0.03495550 0.02447611 0.01200651
v 0.03268925 0.02742954 0.01200651
v 0.03017422 0.03017422 0.01200651
v 0.02742954 0.03268925 0.01200651
v 0.02447611 0.03495550 0.01200651
v 0.02133640 0.03695572 0.01200651
v 0.01803430 0.03867468 0.01200651
v 0.01459495 0.04009930 0.01200651
v 0.01104453 0.04121875 0.01200651
v 0.00741005 0.04202449 0.01200651
v 0.00371918 0.04251041 0.01200651
v -0.00000000 0.04267279 0.01200651
v -0.00371918 0.04251041 0.01200651
v -0.00741005 0.04202449 0.01200651
v -0.01104453 0.04121875 0.01200651
v -0.01459495 0.04009930 0.01200651
v -0.01803430 0.03867468 0.01200651
v -0.02133640 0.03695572 0.01200651
v -0.02447611 0.03495550 0.01200651
v -0.02742954 0.03268925 0.01200651
v -0.03017422 0.03017422 0.01200651
v -0.03268925 0.02742954 0.01200651
v -0.03495550 0.02447611 0.01200651
v -0.03695572 0.02133640 0.01200651
v -0.03867468 0.01803430 0.01200651
v -0.04009930 0.01459495 0.01200651
v -0.04121875 0.01104453 0.01200651
v -0.04202449 0.00741005 0.01200651
v -0.04251041 0.00371918 0.01200651
v -0.04267279 0.00000000 0.01200651
v -0.04251041 -0.00371918 0.01200651
v -0.04202449 -0.00741005 0.01200651
v -0.04121875 -0.01104453 0.01200651
v -0.04009930 -0.01459495 0.01200651
v -0.03867468 -0.01803430 0.01200651
v -0.03695572 -0.02133640 0.01200651
v -0.03495550 -0.02447611 0.01200651
v -0.03268925 -0.02742954 0.01200651
v -0.03017422 -0.03017422 0.01200651
v -0.02742954 -0.03268925 0.01200651
v -0.02447611 -0.03495550 0.01200651
v -0.02133640 -0.03695572 0.01200651
v -0.01803430 -0.03867468 0.01200651
v -0.01459495 -0.04009930 0.01200651
v -0.01104453 -0.04121875 0.01200651
v -0.00741005 -0.04202449 0.01200651
v -0.00371918 -0.04251041 0.01200651
v -0.00000000 -0.04267279 0.01200651
v 0.00371918 -0.04251041 0.01200651
v 0.00741005 -0.04202449 0.01200651
v 0.01104453 -0.04121875 0.01200651
v 0.01459495 -0.04009930 0.01200651
v 0.01803430 -0.03867468 0.01200651
v 0.02133640 -0.03695572 0.01200651
v 0.02447611 -0.03495550 0.01200651
v 0.02742954 -0.03268925 0.01200651
v 0.03017422 -0.03017422 0.01200651
v 0.03268925 -0.02742954 0.01200651
v 0.03495550 -0.02447611 0.01200651
v 0.03695572 -0.02133640 0.01200651
v 0.03867468 -0.01803430 0.01200651
v 0.04009930 -0.01459495 0.01200651
v 0.04121875 -0.01104453 0.01200651
v 0.04202449 -0.00741005 0.01200651
v 0.04251041 -0.00371918 0.01200651
v 0.04267279 0.00000000 0.01200651
v 0.04253001 0.00372089 0.01194411
v 0.04204387 0.00741347 0.01194411
v 0.04123775 0.01104962 0.01194411
v 0.04011779 0.01460168 0.01194411
v 0.03869251 0.01804261 0.01194411
v 0.03697276 0.02134623 0.01194411
v 0.03497162 0.02448739 0.01194411
v 0.03270432 0.02744219 0.01194411
v 0.03018813 0.03018813 0.01194411
v 0.02744219 0.03270432 0.01194411
v 0.02448739 0.03497162 0.01194411
v 0.02134623 0.03697276 0.01194411
v 0.01804261 0.03869251 0.01194411
v 0.01460168 0.04011779 0.01194411
v 0.01104962 0.04123775 0.01194411
v 0.00741347 0.04204387 0.01194411
v 0.00372089 0.04253001 0.01194411
v -0.00000000 0.04269246 0.01194411
v -0.00372089 0.04253001 0.01194411
v -0.00741347 0.04204387 0.01194411
v -0.01104962 0.04123775 0.01194411
v -0.01460168 0.04011779 0.01194411
v -0.01804261 0.03869251 0.01194411
v -0.02134623 0.03697276 0.01194411
v -0.02448739 0.03497162 0.01194411
v -0.02744219 0.03270432 0.01194411
v -0.03018813 0.03018813 0.01194411
v -0.03270432 0.02744219 0.01194411
v -0.03497162 0.02448739 0.01194411
v -0.03697276 0.02134623 0.01194411
v -0.03869251 0.01804261 0.01194411
v -0.04011779 0.01460168 0.01194411
v -0.04123775 0.01104962 0.01194411
v -0.04204387 0.00741347 0.01194411
v -0.04253001 0.00372089 0.01194411
v -0.04269246 0.00000000 0.01194411
v -0.04253001 -0.00372089 0.01194411
v -0.04204387 -0.00741347 0.01194411
v -0.04123775 -0.01104962 0.01194411
v -0.04011779 -0.01460168 0.01194411
v -0.03869251 -0.01804261 0.01194411
v -0.03697276 -0.02134623 0.01194411
v -0.03497162 -0.02448739 0.01194411
v -0.03270432 -0.02744219 0.01194411
v -0.03018813 -0.03018813 0.01194411
v -0.02744219 -0.03270432 0.01194411
v -0.02448739 -0.03497162 0.01194411
v -0.02134623 -0.03697276 0.01194411
v -0.01804261 -0.03869251 0.01194411
v -0.01460168 -0.04011779 0.01194411
v -0.01104962 -0.04123775 0.01194411
v -0.00741347 -0.04204387 0.01194411
v -0.00372089 -0.04253001 0.01194411
v -0.00000000 -0.04269246 0.01194411
v 0.00372089 -0.04253001 0.01194411
v 0.00741347 -0.04204387 0.01194411
v 0.01104962 -0.04123775 0.01194411
v 0.01460168 -0.04011779 0.01194411
v 0.01804261 -0.03869251 0.01194411
v 0.02134623 -0.03697276 0.01194411
v 0.02448739 -0.03497162 0.01194411
v 0.02744219 -0.03270432 0.01194411
v 0.03018813 -0.03018813 0.01194411
v 0.03270432 -0.02744219 0.01194411
v 0.03497162 -0.02448739 0.01194411
v 0.03697276 -0.02134623 0.01194411
v 0.03869251 -0.01804261 0.01194411
v 0.04011779 -0.01460168 0.01194411
v 0.04123775 -0.01104962 0.01194411
v 0.04204387 -0.00741347 0.01194411
v 0.04253001 -0.00372089 0.01194411
v 0.04269246 0.00000000 0.01194411
v 0.04254412 0.00372213 0.01188024
v 0.04205782 0.00741593 0.01188024
v 0.04125143 0.01105329 0.01188024
v 0.04013110 0.01460653 0.01188024
v 0.03870535 0.01804860 0.01188024
v 0.03698502 0.02135331 0.01188024
v 0.03498322 0.02449551 0.01188024
v 0.03271517 0.02745129 0.01188024
v 0.03019814 0.03019814 0.01188024
v 0.02745129 0.03271517 0.01188024
v 0.02449551 0.03498322 0.01188024
v 0.02135331 0.03698502 0.01188024
v 0.01804860 0.03870535 0.01188024
v 0.01460653 0.04013110 0.01188024
v 0.01105329 0.04125143 0.01188024
v 0.00741593 0.04205782 0.01188024
v 0.00372213 0.04254412 0.01188024
v -0.00000000 0.04270662 0.01188024
v -0.00372213 0.04254412 0.01188024
v -0.00741593 0.04205782 0.01188024
v -0.01105329 0.04125143 0.01188024
v -0.01460653 0.04013110 0.01188024
v -0.01804860 0.03870535 0.01188024
v -0.02135331 0.03698502 0.01188024
v -0.02449551 0.03498322 0.01188024
v -0.02745129 0.03271517 0.01188024
v -0.03019814 0.03019814 0.01188024
v -0.03271517 0.02745129 0.01188024
v -0.03498322 0.02449551 0.01188024
v -0.03698502 0.02135331 0.01188024
v -0.03870535 0.01804860 0.01188024
v -0.04013110 0.01460653 0.01188024
v -0.04125143 0.01105329 0.01188024
v -0.04205782 0.00741593 0.01188024
v -0.04254412 0.00372213 0.01188024
v -0.04270662 0.00000000 0.01188024
v -0.04254412 -0.00372213 0.01188024
v -0.04205782 -0.00741593 0.01188024
v -0.04125143 -0.01105329 0.01188024
v -0.04013110 -0.01460653 0.01188024
v -0.03870535 -0.01804860 0.01188024
v -0.03698502 -0.02135331 0.01188024
v -0.03498322 -0.02449551 0.01188024
v -0.03271517 -0.02745129 0.01188024
v -0.03019814 -0.03019814 0.01188024
v -0.02745129 -0.03271517 0.01188024
v -0.02449551 -0.03498322 0.01188024
v -0.02135331 -0.03698502 0.01188024
v -0.01804860 -0.03870535 0.01188024
v -0.01460653 -0.04013110 0.01188024
v -0.01105329 -0.04125143 0.01188024
v -0.00741593 -0.04205782 0.01188024
v -0.00372213 -0.04254412 0.01188024
v -0.00000000 -0.04270662 0.01188024
v 0.00372213 -0.04254412 0.01188024
v 0.00741593 -0.04205782 0.01188024
v 0.01105329 -0.04125143 0.01188024
v 0.01460653 -0.04013110 0.01188024
v 0.01804860 -0.03870535 0.01188024
v 0.02135331 -0.03698502 0.01188024
v 0.02449551 -0.03498322 0.01188024
v 0.02745129 -0.03271517 0.01188024
v 0.03019814 -0.03019814 0.01188024
v 0.03271517 -0.02745129 0.01188024
v 0.03498322 -0.02449551 0.01188024
v 0.03698502 -0.02135331 0.01188024
v 0.03870535 -0.01804860 0.01188024
v 0.04013110 -0.01460653 0.01188024
v 0.04125143 -0.01105329 0.01188024
v 0.04205782 -0.00741593 0.01188024
v 0.04254412 -0.00372213 0.01188024
v 0.04270662 0.00000000 0.01188024
v 0.04255262 0.00372287 0.01181537
v 0.04206623 0.00741741 0.01181537
v 0.04125968 0.01105550 0.01181537
v 0.04013913 0.01460945 0.01181537
v 0.03871309 0.01805221 0.01181537
v 0.03699242 0.02135758 0.01181537
v 0.03499021 0.02450041 0.01181537
v 0.03272172 0.02745678 0.01181537
v 0.03020418 0.03020418 0.01181537
v 0.02745678 0.03272172 0.01181537
v 0.02450041 0.03499021 0.01181537
v 0.02135758 0.03699242 0.01181537
v 0.01805221 0.03871309 0.01181537
v 0.01460945 0.04013913 0.01181537
v 0.01105550 0.04125968 0.01181537
v 0.00741741 0.04206623 0.01181537
v 0.00372287 0.04255262 0.01181537
v -0.00000000 0.04271517 0.01181537
v -0.00372287 0.04255262 0.01181537
v -0.00741741 0.04206623 0.01181537
v -0.01105550 0.04125968 0.01181537
v -0.01460945 0.04013913 0.01181537
v -0.01805221 0.03871309 0.01181537
v -0.02135758 0.03699242 0.01181537
v -0.02450041 0.03499021 0.01181537
v -0.02745678 0.03272172 0.01181537
v -0.03020418 0.03020418 0.01181537
v -0.03272172 0.02745678 0.01181537
v -0.03499021 0.02450041 0.01181537
v -0.03699242 0.02135758 0.01181537
v -0.03871309 0.01805221 0.01181537
v -0.04013913 0.01460945 0.01181537
v -0.04125968 0.01105550 0.01181537
v -0.04206623 0.00741741 0.01181537
v -0.04255262 0.00372287 0.01181537
v -0.04271517 0.00000000 0.01181537
v -0.04255262 -0.00372287 0.01181537
v -0.04206623 -0.00741741 0.01181537
v -0.04125968 -0.01105550 0.01181537
v -0.04013913 -0.01460945 0.01181537
v -0.03871309 -0.01805221 0.01181537
v -0.03699242 -0.02135758 0.01181537
v -0.03499021 -0.02450041 0.01181537
v -0.03272172 -0.02745678 0.01181537
v -0.03020418 -0.03020418 0.01181537
v -0.02745678 -0.03272172 0.01181537
v -0.02450041 -0.03499021 0.01181537
v -0.02135758 -0.03699242 0.01181537
v -0.01805221 -0.03871309 0.01181537
v -0.01460945 -0.04013913 0.01181537
v -0.01105550 -0.04125968 0.01181537
v -0.00741741 -0.04206623 0.01181537
v -0.00372287 -0.04255262 0.01181537
v -0.00000000 -0.04271517 0.01181537
v 0.00372287 -0.04255262 0.01181537
v 0.00741741 -0.04206623 0.01181537
v 0.01105550 -0.04125968 0.01181537
v 0.01460945 -0.04013913 0.01181537
v 0.01805221 -0.03871309 0.01181537
v 0.02135758 -0.03699242 0.01181537
v 0.02450041 -0.03499021 0.01181537
v 0.02745678 -0.03272172 0.01181537
v 0.03020418 -0.03020418 0.01181537
v 0.03272172 -0.02745678 0.01181537
v 0.03499021 -0.02450041 0.01181537
v 0.03699242 -0.02135758 0.01181537
v 0.03871309 -0.01805221 0.01181537
v 0.04013913 -0.01460945 0.01181537
v 0.04125968 -0.01105550 0.01181537
v 0.04206623 -0.00741741 0.01181537
v 0.04255262 -0.00372287 0.01181537
v 0.04271517 0.00000000 0.01181537
v 0.04255547 0.00372312 0.01175000
v 0.04206904 0.00741791 0.01175000
v 0.04126244 0.01105624 0.01175000
v 0.04014181 0.01461042 0.01175000
v 0.03871568 0.01805341 0.01175000
v 0.03699489 0.02135901 0.01175000
v 0.03499255 0.02450205 0.01175000
v 0.03272390 0.02745861 0.01175000
v 0.03020620 0.03020620 0.01175000
v 0.02745861 0.03272390 0.01175000
v 0.02450205 0.03499255 0.01175000
v 0.02135901 0.03699489 0.01175000
v 0.01805341 0.03871568 0.01175000
v 0.01461042 0.04014181 0.01175000
v 0.01105624 0.04126244 0.01175000
v 0.00741791 0.04206904 0.01175000
v 0.00372312 0.04255547 0.01175000
v -0.00000000 0.04271802 0.01175000
v -0.00372312 0.04255547 0.01175000
v -0.00741791 0.04206904 0.01175000
v -0.01105624 0.04126244 0.01175000
v -0.01461042 0.04014181 0.01175000
v -0.01805341 0.03871568 0.01175000
v -0.02135901 0.03699489 0.01175000
v -0.02450205 0.03499255 0.01175000
v -0.02745861 0.03272390 0.01175000
v -0.03020620 0.03020620 0.01175000
v -0.03272390 0.02745861 0.01175000
v -0.03499255 0.02450205 0.01175000
v -0.03699489 0.02135901 0.01175000
v -0.03871568 0.01805341 0.01175000
v -0.04014181 0.01461042 0.01175000
v -0.04126244 0.01105624 0.01175000
v -0.04206904 0.00741791 0.01175000
v -0.04255547 0.00372312 0.01175000
v -0.04271802 0.00000000 0.01175000
v -0.04255547 -0.00372312 0.01175000
v -0.04206904 -0.00741791 0.01175000
v -0.04126244 -0.01105624 0.01175000
v -0.04014181 -0.01461042 0.01175000
v -0.03871568 -0.01805341 0.01175000
v -0.03699489 -0.02135901 0.01175000
v -0.03499255 -0.02450205 0.01175000
v -0.03272390 -0.02745861 0.01175000
v -0.03020620 -0.03020620 0.01175000
v -0.02745861 -0.03272390 0.01175000
v -0.02450205 -0.03499255 0.01175000
v -0.02135901 -0.03699489 0.01175000
v -0.01805341 -0.03871568 0.01175000
v -0.01461042 -0.04014181 0.01175000
v -0.01105624 -0.04126244 0.01175000
v -0.00741791 -0.04206904 0.01175000
v -0.00372312 -0.04255547 0.01175000
v -0.00000000 -0.04271802 0.01175000
v 0.00372312 -0.04255547 0.01175000
v 0.00741791 -0.04206904 0.01175000
v 0.01105624 -0.04126244 0.01175000
v 0.01461042 -0.04014181 0.01175000
v 0.01805341 -0.03871568 0.01175000
v 0.02135901 -0.03699489 0.01175000
v 0.02450205 -0.03499255 0.01175000
v 0.02745861 -0.03272390 0.01175000
v 0.03020620 -0.03020620 0.01175000
v 0.03272390 -0.02745861 0.01175000
v 0.03499255 -0.02450205 0.01175000
v 0.03699489 -0.02135901 0.01175000
v 0.03871568 -0.01805341 0.01175000
v 0.04014181 -0.01461042 0.01175000
v 0.04126244 -0.01105624 0.01175000
v 0.04206904 -0.00741791 0.01175000
v 0.04255547 -0.00372312 0.01175000
v 0.04271802 0.00000000 0.01175000
v 0.04255262 0.00372287 0.01168463
v 0.04206623 0.00741741 0.01168463
v 0.04125968 0.01105550 0.01168463
v 0.04013913 0.01460945 0.01168463
v 0.03871309 0.01805221 0.01168463
v 0.03699242 0.02135758 0.01168463
v 0.03499021 0.02450041 0.01168463
v 0.03272172 0.02745678 0.01168463
v 0.03020418 0.03020418 0.01168463
v 0.02745678 0.03272172 0.01168463
v 0.02450041 0.03499021 0.01168463
v 0.02135758 0.03699242 0.01168463
v 0.01805221 0.03871309 0.01168463
v 0.01460945 0.04013913 0.01168463
v 0.01105550 0.04125968 0.01168463
v 0.00741741 0.04206623 0.01168463
v 0.00372287 0.04255262 0.01168463
v -0.00000000 0.04271517 0.01168463
v -0.00372287 0.04255262 0.01168463
v -0.00741741 0.04206623 0.01168463
v -0.01105550 0.04125968 0.01168463
v -0.01460945 0.04013913 0.01168463
v -0.01805221 0.03871309 0.01168463
v -0.02135758 0.03699242 0.01168463
v -0.02450041 0.03499021 0.01168463
v -0.02745678 0.03272172 0.01168463
v -0.03020418 0.03020418 0.01168463
v -0.03272172 0.02745678 0.01168463
v -0.03499021 0.02450041 0.01168463
v -0.03699242 0.02135758 0.01168463
v -0.03871309 0.01805221 0.01168463
v -0.04013913 0.01460945 0.01168463
v -0.04125968 0.01105550 0.01168463
v -0.04206623 0.00741741 0.01168463
v -0.04255262 0.00372287 0.01168463
v -0.04271517 0.00000000 0.01168463
v -0.04255262 -0.00372287 0.01168463
v -0.04206623 -0.00741741 0.01168463
v -0.04125968 -0.01105550 0.01168463
v -0.04013913 -0.01460945 0.01168463
v -0.03871309 -0.01805221 0.01168463
v -0.03699242 -0.02135758 0.01168463
v -0.03499021 -0.02450041 0.01168463
v -0.03272172 -0.02745678 0.01168463
v -0.03020418 -0.03020418 0.01168463
v -0.02745678 -0.03272172 0.01168463
v -0.02450041 -0.03499021 0.01168463
v -0.02135758 -0.03699242 0.01168463
v -0.01805221 -0.03871309 0.01168463
v -0.01460945 -0.04013913 0.01168463
v -0.01105550 -0.04125968 0.01168463
v -0.00741741 -0.04206623 0.01168463
v -0.00372287 -0.04255262 0.01168463
v -0.00000000 -0.04271517 0.01168463
v 0.00372287 -0.04255262 0.01168463
v 0.00741741 -0.04206623 0.01168463
v 0.01105550 -0.04125968 0.01168463
v 0.01460945 -0.04013913 0.01168463
v 0.01805221 -0.03871309 0.01168463
v 0.02135758 -0.03699242 0.01168463
v 0.02450041 -0.03499021 0.01168463
v 0.02745678 -0.03272172 0.01168463
v 0.03020418 -0.03020418 0.01168463
v 0.03272172 -0.02745678 0.01168463
v 0.03499021 -0.02450041 0.01168463
v 0.03699242 -0.02135758 0.01168463
v 0.03871309 -0.01805221 0.01168463
v 0.04013913 -0.01460945 0.01168463
v 0.04125968 -0.01105550 0.01168463
v 0.04206623 -0.00741741 0.01168463
v 0.04255262 -0.00372287 0.01168463
v 0.04271517 0.00000000 0.01168463
v 0.04254412 0.00372213 0.01161976
v 0.04205782 0.00741593 0.01161976
v 0.04125143 0.01105329 0.01161976
v 0.04013110 0.01460653 0.01161976
v 0.03870535 0.01804860 0.01161976
v 0.03698502 0.02135331 0.01161976
v 0.03498322 0.02449551 0.01161976
v 0.03271517 0.02745129 0.01161976
v 0.03019814 0.03019814 0.01161976
v 0.02745129 0.03271517 0.01161976
v 0.02449551 0.03498322 0.01161976
v 0.02135331 0.03698502 0.01161976
v 0.01804860 0.03870535 0.01161976
v 0.01460653 0.04013110 0.01161976
v 0.01105329 0.04125143 0.01161976
v 0.00741593 0.04205782 0.01161976
v 0.00372213 0.04254412 0.01161976
v -0.00000000 0.04270662 0.01161976
v -0.00372213 0.04254412 0.01161976
v -0.00741593 0.04205782 0.01161976
v -0.01105329 0.04125143 0.01161976
v -0.01460653 0.04013110 0.01161976
v -0.01804860 0.03870535 0.01161976
v -0.02135331 0.03698502 0.01161976
v -0.02449551 0.03498322 0.01161976
v -0.02745129 0.03271517 0.01161976
v -0.03019814 0.03019814 0.01161976
v -0.03271517 0.02745129 0.01161976
v -0.03498322 0.02449551 0.01161976
v -0.03698502 0.02135331 0.01161976
v -0.03870535 0.01804860 0.01161976
v -0.04013110 0.01460653 0.01161976
v -0.04125143 0.01105329 0.01161976
v -0.04205782 0.00741593 0.01161976
v -0.04254412 0.00372213 0.01161976
v -0.04270662 0.00000000 0.01161976
v -0.04254412 -0.00372213 0.01161976
v -0.04205782 -0.00741593 0.01161976
v -0.04125143 -0.01105329 0.01161976
v -0.04013110 -0.01460653 0.01161976
v -0.03870535 -0.01804860 0.01161976
v -0.03698502 -0.02135331 0.01161976
v -0.03498322 -0.02449551 0.01161976
v -0.03271517 -0.02745129 0.01161976
v -0.03019814 -0.03019814 0.01161976
v -0.02745129 -0.03271517 0.01161976
v -0.02449551 -0.03498322 0.01161976
v -0.02135331 -0.03698502 0.01161976
v -0.01804860 -0.03870535 0.01161976
v -0.01460653 -0.04013110 0.01161976
v -0.01105329 -0.04125143 0.01161976
v -0.00741593 -0.04205782 0.01161976
v -0.00372213 -0.04254412 0.01161976
v -0.00000000 -0.04270662 0.01161976
v 0.00372213 -0.04254412 0.01161976
v 0.00741593 -0.04205782 0.01161976
v 0.01105329 -0.04125143 0.01161976
v 0.01460653 -0.04013110 0.01161976
v 0.01804860 -0.03870535 0.01161976
v 0.02135331 -0.03698502 0.01161976
v 0.02449551 -0.03498322 0.01161976
v 0.02745129 -0.03271517 0.01161976
v 0.03019814 -0.03019814 0.01161976
v 0.03271517 -0.02745129 0.01161976
v 0.03498322 -0.02449551 0.01161976
v 0.03698502 -0.02135331 0.01161976
v 0.03870535 -0.01804860 0.01161976
v 0.04013110 -0.01460653 0.01161976
v 0.04125143 -0.01105329 0.01161976
v 0.04205782 -0.00741593 0.01161976
v 0.04254412 -0.00372213 0.01161976
v 0.04270662 0.00000000 0.01161976
v 0.04253001 0.00372089 0.01155589
v 0.04204387 0.00741347 0.01155589
v 0.04123775 0.01104962 0.01155589
v 0.04011779 0.01460168 0.01155589
v 0.03869251 0.01804261 0.01155589
v 0.03697276 0.02134623 0.01155589
v 0.03497162 0.02448739 0.01155589
v 0.03270432 0.02744219 0.01155589
v 0.03018813 0.03018813 0.01155589
v 0.02744219 0.03270432 0.01155589
v 0.02448739 0.03497162 0.01155589
v 0.02134623 0.03697276 0.01155589
v 0.01804261 0.03869251 0.01155589
v 0.01460168 0.04011779 0.01155589
v 0.01104962 0.04123775 0.01155589
v 0.00741347 0.04204387 0.01155589
v 0.00372089 0.04253001 0.01155589
v -0.00000000 0.04269246 0.01155589
v -0.00372089 0.04253001 0.01155589
v -0.00741347 0.04204387 0.01155589
v -0.01104962 0.04123775 0.01155589
v -0.01460168 0.04011779 0.01155589
v -0.01804261 0.03869251 0.01155589
v -0.02134623 0.03697276 0.01155589
v -0.02448739 0.03497162 0.01155589
v -0.02744219 0.03270432 0.01155589
v -0.03018813 0.03018813 0.01155589
v -0.03270432 0.02744219 0.01155589
v -0.03497162 0.02448739 0.01155589
v -0.03697276 0.02134623 0.01155589
v -0.03869251 0.01804261 0.01155589
v -0.04011779 0.01460168 0.01155589
v -0.04123775 0.01104962 0.01155589
v -0.04204387 0.00741347 0.01155589
v -0.04253001 0.00372089 0.01155589
v -0.04269246 0.00000000 0.01155589
v -0.04253001 -0.00372089 0.01155589
v -0.04204387 -0.00741347 0.01155589
v -0.04123775 -0.01104962 0.01155589
v -0.04011779 -0.01460168 0.01155589
v -0.03869251 -0.01804261 0.01155589
v -0.03697276 -0.02134623 0.01155589
v -0.03497162 -0.02448739 0.01155589
v -0.03270432 -0.02744219 0.01155589
v -0.03018813 -0.03018813 0.01155589
v -0.02744219 -0.03270432 0.01155589
v -0.02448739 -0.03497162 0.01155589
v -0.02134623 -0.03697276 0.01155589
v -0.01804261 -0.03869251 0.01155589
v -0.01460168 -0.04011779 0.01155589
v -0.01104962 -0.04123775 0.01155589
v -0.00741347 -0.04204387 0.01155589
v -0.00372089 -0.04253001 0.01155589
v -0.00000000 -0.04269246 0.01155589
v 0.00372089 -0.04253001 0.01155589
v 0.00741347 -0.04204387 0.01155589
v 0.01104962 -0.04123775 0.01155589
v 0.01460168 -0.04011779 0.01155589
v 0.01804261 -0.03869251 0.01155589
v 0.02134623 -0.03697276 0.01155589
v 0.02448739 -0.03497162 0.01155589
v 0.02744219 -0.03270432 0.01155589
v 0.03018813 -0.03018813 0.01155589
v 0.03270432 -0.02744219 0.01155589
v 0.03497162 -0.02448739 0.01155589
v 0.03697276 -0.02134623 0.01155589
v 0.03869251 -0.01804261 0.01155589
v 0.04011779 -0.01460168 0.01155589
v 0.04123775 -0.01104962 0.01155589
v 0.04204387 -0.00741347 0.01155589
v 0.04253001 -0.00372089 0.01155589
v 0.04269246 0.00000000 0.01155589
v 0.04251041 0.00371918 0.01149348
v 0.04202449 0.00741005 0.01149348
v 0.04121875 0.01104453 0.01149348
v 0.04009930 0.01459495 0.01149348
v 0.03867468 0.01803430 0.01149348
v 0.03695572 0.02133640 0.01149348
v 0.03495550 0.02447611 0.01149348
v 0.03268925 0.02742954 0.01149348
v 0.03017422 0.03017422 0.01149348
v 0.02742954 0.03268925 0.01149348
v 0.02447611 0.03495550 0.01149348
v 0.02133640 0.03695572 0.01149348
v 0.01803430 0.03867468 0.01149348
v 0.01459495 0.04009930 0.01149348
v 0.01104453 0.04121875 0.01149348
v 0.00741005 0.04202449 0.01149348
v 0.00371918 0.04251041 0.01149348
v -0.00000000 0.04267279 0.01149348
v -0.00371918 0.04251041 0.01149348
v -0.00741005 0.04202449 0.01149348
v -0.01104453 0.04121875 0.01149348
v -0.01459495 0.04009930 0.01149348
v -0.01803430 0.03867468 0.01149348
v -0.02133640 0.03695572 0.01149348
v -0.02447611 0.03495550 0.01149348
v -0.02742954 0.03268925 0.01149348
v -0.03017422 0.03017422 0.01149348
v -0.03268925 0.02742954 0.01149348
v -0.03495550 0.02447611 0.01149348
v -0.03695572 0.02133640 0.01149348
v -0.03867468 0.01803430 0.01149348
v -0.04009930 0.01459495 0.01149348
v -0.04121875 0.01104453 0.01149348
v -0.04202449 0.00741005 0.01149348
v -0.04251041 0.00371918 0.01149348
v -0.04267279 0.00000000 0.01149348
v -0.04251041 -0.00371918 0.01149348
v -0.04202449 -0.00741005 0.01149348
v -0.04121875 -0.01104453 0.01149348
v -0.04009930 -0.01459495 0.01149348
v -0.03867468 -0.01803430 0.01149348
v -0.03695572 -0.02133640 0.01149348
v -0.03495550 -0.02447611 0.01149348
v -0.03268925 -0.02742954 0.01149348
v -0.03017422 -0.03017422 0.01149348
v -0.02742954 -0.03268925 0.01149348
v -0.02447611 -0.03495550 0.01149348
v -0.02133640 -0.03695572 0.01149348
v -0.01803430 -0.03867468 0.01149348
v -0.01459495 -0.04009930 0.01149348
v -0.01104453 -0.04121875 0.01149348
v -0.00741005 -0.04202449 0.01149348
v -0.00371918 -0.04251041 0.01149348
v -0.00000000 -0.04267279 0.01149348
v 0.00371918 -0.04251041 0.01149348
v 0.00741005 -0.04202449 0.01149348
v 0.01104453 -0.04121875 0.01149348
v 0.01459495 -0.04009930 0.01149348
v 0.01803430 -0.03867468 0.01149348
v 0.02133640 -0.03695572 0.01149348
v 0.02447611 -0.03495550 0.01149348
v 0.02742954 -0.03268925 0.01149348
v 0.03017422 -0.03017422 0.01149348
v 0.03268925 -0.02742954 0.01149348
v 0.03495550 -0.02447611 0.01149348
v 0.03695572 -0.02133640 0.01149348
v 0.03867468 -0.01803430 0.01149348
v 0.04009930 -0.01459495 0.01149348
v 0.04121875 -0.01104453 0.01149348
v 0.04202449 -0.00741005 0.01149348
v 0.04251041 -0.00371918 0.01149348
v 0.04267279 0.00000000 0.01149348
v 0.04248546 0.00371700 0.01143304
v 0.04199984 0.00740570 0.01143304
v 0.04119456 0.01103805 0.01143304
v 0.04007578 0.01458639 0.01143304
v 0.03865199 0.01802372 0.01143304
v 0.03693404 0.02132387 0.01143304
v 0.03493499 0.02446174 0.01143304
v 0.03267007 0.02741344 0.01143304
v 0.03015651 0.03015651 0.01143304
v 0.02741344 0.03267007 0.01143304
v 0.02446174 0.03493499 0.01143304
v 0.02132387 0.03693404 0.01143304
v 0.01802372 0.03865199 0.01143304
v 0.01458639 0.04007578 0.01143304
v 0.01103805 0.04119456 0.01143304
v 0.00740570 0.04199984 0.01143304
v 0.00371700 0.04248546 0.01143304
v -0.00000000 0.04264775 0.01143304
v -0.00371700 0.04248546 0.01143304
v -0.00740570 0.04199984 0.01143304
v -0.01103805 0.04119456 0.01143304
v -0.01458639 0.04007578 0.01143304
v -0.01802372 0.03865199 0.01143304
v -0.02132387 0.03693404 0.01143304
v -0.02446174 0.03493499 0.01143304
v -0.02741344 0.03267007 0.01143304
v -0.03015651 0.03015651 0.01143304
v -0.03267007 0.02741344 0.01143304
v -0.03493499 0.02446174 0.01143304
v -0.03693404 0.02132387 0.01143304
v -0.03865199 0.01802372 0.01143304
v -0.04007578 0.01458639 0.01143304
v -0.04119456 0.01103805 0.01143304
v -0.04199984 0.00740570 0.01143304
v -0.04248546 0.00371700 0.01143304
v -0.04264775 0.00000000 0.01143304
v -0.04248546 -0.00371700 0.01143304
v -0.04199984 -0.00740570 0.01143304
v -0.04119456 -0.01103805 0.01143304
v -0.04007578 -0.01458639 0.01143304
v -0.03865199 -0.01802372 0.01143304
v -0.03693404 -0.02132387 0.01143304
v -0.03493499 -0.02446174 0.01143304
v -0.03267007 -0.02741344 0.01143304
v -0.03015651 -0.03015651 0.01143304
v -0.02741344 -0.03267007 0.01143304
v -0.02446174 -0.03493499 0.01143304
v -0.02132387 -0.03693404 0.01143304
v -0.01802372 -0.03865199 0.01143304
v -0.01458639 -0.04007578 0.01143304
v -0.01103805 -0.04119456 0.01143304
v -0.00740570 -0.04199984 0.01143304
v -0.00371700 -0.04248546 0.01143304
v -0.00000000 -0.04264775 0.01143304
v 0.00371700 -0.04248546 0.01143304
v 0.00740570 -0.04199984 0.01143304
v 0.01103805 -0.04119456 0.01143304
v 0.01458639 -0.04007578 0.01143304
v 0.01802372 -0.03865199 0.01143304
v 0.02132387 -0.03693404 0.01143304
v 0.02446174 -0.03493499 0.01143304
v 0.02741344 -0.03267007 0.01143304
v 0.03015651 -0.03015651 0.01143304
v 0.03267007 -0.02741344 0.01143304
v 0.03493499 -0.02446174 0.01143304
v 0.03693404 -0.02132387 0.01143304
v 0.03865199 -0.01802372 0.01143304
v 0.04007578 -0.01458639 0.01143304
v 0.04119456 -0.01103805 0.01143304
v 0.04199984 -0.00740570 0.01143304
v 0.04248546 -0.00371700 0.01143304
v 0.04264775 0.00000000 0.01143304
v 0.04245537 0.00371436 0.01137500
v 0.04197008 0.00740046 0.01137500
v 0.04116538 0.01103023 0.01137500
v 0.04004738 0.01457606 0.01137500
v 0.03862461 0.01801095 0.01137500
v 0.03690787 0.02130877 0.01137500
v 0.03491024 0.02444442 0.01137500
v 0.03264693 0.02739403 0.01137500
v 0.03013515 0.03013515 0.01137500
v 0.02739403 0.03264693 0.01137500
v 0.02444442 0.03491024 0.01137500
v 0.02130877 0.03690787 0.01137500
v 0.01801095 0.03862461 0.01137500
v 0.01457606 0.04004738 0.01137500
v 0.01103023 0.04116538 0.01137500
v 0.00740046 0.04197008 0.01137500
v 0.00371436 0.04245537 0.01137500
v -0.00000000 0.04261754 0.01137500
v -0.00371436 0.04245537 0.01137500
v -0.00740046 0.04197008 0.01137500
v -0.01103023 0.04116538 0.01137500
v -0.01457606 0.04004738 0.01137500
v -0.01801095 0.03862461 0.01137500
v -0.02130877 0.03690787 0.01137500
v -0.02444442 0.03491024 0.01137500
v -0.02739403 0.03264693 0.01137500
v -0.03013515 0.03013515 0.01137500
v -0.03264693 0.02739403 0.01137500
v -0.03491024 0.02444442 0.01137500
v -0.03690787 0.02130877 0.01137500
v -0.03862461 0.01801095 0.01137500
v -0.04004738 0.01457606 0.01137500
v -0.04116538 0.01103023 0.01137500
v -0.04197008 0.00740046 0.01137500
v -0.04245537 0.00371436 0.01137500
v -0.04261754 0.00000000 0.01137500
v -0.04245537 -0.00371436 0.01137500
v -0.04197008 -0.00740046 0.01137500
v -0.04116538 -0.01103023 0.01137500
v -0.04004738 -0.01457606 0.01137500
v -0.03862461 -0.01801095 0.01137500
v -0.03690787 -0.02130877 0.01137500
v -0.03491024 -0.02444442 0.01137500
v -0.03264693 -0.02739403 0.01137500
v -0.03013515 -0.03013515 0.01137500
v -0.02739403 -0.03264693 0.01137500
v -0.02444442 -0.03491024 0.01137500
v -0.02130877 -0.03690787 0.01137500
v -0.01801095 -0.03862461 0.01137500
v -0.01457606 -0.04004738 0.01137500
v -0.01103023 -0.04116538 0.01137500
v -0.00740046 -0.04197008 0.01137500
v -0.00371436 -0.04245537 0.01137500
v -0.00000000 -0.04261754 0.01137500
v 0.00371436 -0.04245537 0.01137500
v 0.00740046 -0.04197008 0.01137500
v 0.01103023 -0.04116538 0.01137500
v 0.01457606 -0.04004738 0.01137500
v 0.01801095 -0.03862461 0.01137500
v 0.02130877 -0.03690787 0.01137500
v 0.02444442 -0.03491024 0.01137500
v 0.02739403 -0.03264693 0.01137500
v 0.03013515 -0.03013515 0.01137500
v 0.03264693 -0.02739403 0.01137500
v 0.03491024 -0.02444442 0.01137500
v 0.03690787 -0.02130877 0.01137500
v 0.03862461 -0.01801095 0.01137500
v 0.04004738 -0.01457606 0.01137500
v 0.04116538 -0.01103023 0.01137500
v 0.04197008 -0.00740046 0.01137500
v 0.04245537 -0.00371436 0.01137500
v 0.04261754 0.00000000 0.01137500
v 0.04242035 0.00371130 0.01131982
v 0.04193546 0.00739435 0.01131982
v 0.04113143 0.01102113 0.01131982
v 0.04001435 0.01456403 0.01131982
v 0.03859274 0.01799609 0.01131982
v 0.03687743 0.02129119 0.01131982
v 0.03488145 0.02442425 0.01131982
v 0.03262000 0.02737143 0.01131982
v 0.03011029 0.03011029 0.01131982
v 0.02737143 0.03262000 0.01131982
v 0.02442425 0.03488145 0.01131982
v 0.02129119 0.03687743 0.01131982
v 0.01799609 0.03859274 0.01131982
v 0.01456403 0.04001435 0.01131982
v 0.01102113 0.04113143 0.01131982
v 0.00739435 0.04193546 0.01131982
v 0.00371130 0.04242035 0.01131982
v -0.00000000 0.04258239 0.01131982
v -0.00371130 0.04242035 0.01131982
v -0.00739435 0.04193546 0.01131982
v -0.01102113 0.04113143 0.01131982
v -0.01456403 0.04001435 0.01131982
v -0.01799609 0.03859274 0.01131982
v -0.02129119 0.03687743 0.01131982
v -0.02442425 0.03488145 0.01131982
v -0.02737143 0.03262000 0.01131982
v -0.03011029 0.03011029 0.01131982
v -0.03262000 0.02737143 0.01131982
v -0.03488145 0.02442425 0.01131982
v -0.03687743 0.02129119 0.01131982
v -0.03859274 0.01799609 0.01131982
v -0.04001435 0.01456403 0.01131982
v -0.04113143 0.01102113 0.01131982
v -0.04193546 0.00739435 0.01131982
v -0.04242035 0.00371130 0.01131982
v -0.04258239 0.00000000 0.01131982
v -0.04242035 -0.00371130 0.01131982
v -0.04193546 -0.00739435 0.01131982
v -0.04113143 -0.01102113 0.01131982
v -0.04001435 -0.01456403 0.01131982
v -0.03859274 -0.01799609 0.01131982
v -0.03687743 -0.02129119 0.01131982
v -0.03488145 -0.02442425 0.01131982
v -0.03262000 -0.02737143 0.01131982
v -0.03011029 -0.03011029 0.01131982
v -0.02737143 -0.03262000 0.01131982
v -0.02442425 -0.03488145 0.01131982
v -0.02129119 -0.03687743 0.01131982
v -0.01799609 -0.03859274 0.01131982
v -0.01456403 -0.04001435 0.01131982
v -0.01102113 -0.04113143 0.01131982
v -0.00739435 -0.04193546 0.01131982
v -0.00371130 -0.04242035 0.01131982
v -0.00000000 -0.04258239 0.01131982
v 0.00371130 -0.04242035 0.01131982
v 0.00739435 -0.04193546 0.01131982
v 0.01102113 -0.04113143 0.01131982
v 0.01456403 -0.04001435 0.01131982
v 0.01799609 -0.03859274 0.01131982
v 0.02129119 -0.03687743 0.01131982
v 0.02442425 -0.03488145 0.01131982
v 0.02737143 -0.03262000 0.01131982
v 0.03011029 -0.03011029 0.01131982
v 0.03262000 -0.02737143 0.01131982
v 0.03488145 -0.02442425 0.01131982
v 0.03687743 -0.02129119 0.01131982
v 0.03859274 -0.01799609 0.01131982
v 0.04001435 -0.01456403 0.01131982
v 0.04113143 -0.01102113 0.01131982
v 0.04193546 -0.00739435 0.01131982
v 0.04242035 -0.00371130 0.01131982
v 0.04258239 0.00000000 0.01131982
v 0.04238066 0.00370783 0.01126791
v 0.04189624 0.00738744 0.01126791
v 0.04109295 0.01101082 0.01126791
v 0.03997692 0.01455041 0.01126791
v 0.03855665 0.01797926 0.01126791
v 0.03684293 0.02127128 0.01126791
v 0.03484882 0.02440141 0.01126791
v 0.03258949 0.02734582 0.01126791
v 0.03008213 0.03008213 0.01126791
v 0.02734582 0.03258949 0.01126791
v 0.02440141 0.03484882 0.01126791
v 0.02127128 0.03684293 0.01126791
v 0.01797926 0.03855665 0.01126791
v 0.01455041 0.03997692 0.01126791
v 0.01101082 0.04109295 0.01126791
v 0.00738744 0.04189624 0.01126791
v 0.00370783 0.04238066 0.01126791
v -0.00000000 0.04254255 0.01126791
v -0.00370783 0.04238066 0.01126791
v -0.00738744 0.04189624 0.01126791
v -0.01101082 0.04109295 0.01126791
v -0.01455041 0.03997692 0.01126791
v -0.01797926 0.03855665 0.01126791
v -0.02127128 0.03684293 0.01126791
v -0.02440141 0.03484882 0.01126791
v -0.02734582 0.03258949 0.01126791
v -0.03008213 0.03008213 0.01126791
v -0.03258949 0.02734582 0.01126791
v -0.03484882 0.02440141 0.01126791
v -0.03684293 0.02127128 0.01126791
v -0.03855665 0.01797926 0.01126791
v -0.03997692 0.01455041 0.01126791
v -0.04109295 0.01101082 0.01126791
v -0.04189624 0.00738744 0.01126791
v -0.04238066 0.00370783 0.01126791
v -0.04254255 0.00000000 0.01126791
v -0.04238066 -0.00370783 0.01126791
v -0.04189624 -0.00738744 0.01126791
v -0.04109295 -0.01101082 0.01126791
v -0.03997692 -0.01455041 0.01126791
v -0.03855665 -0.01797926 0.01126791
v -0.03684293 -0.02127128 0.01126791
v -0.03484882 -0.02440141 0.01126791
v -0.03258949 -0.02734582 0.01126791
v -0.03008213 -0.03008213 0.01126791
v -0.02734582 -0.03258949 0.01126791
v -0.02440141 -0.03484882 0.01126791
v -0.02127128 -0.03684293 0.01126791
v -0.01797926 -0.03855665 0.01126791
v -0.01455041 -0.03997692 0.01126791
v -0.01101082 -0.04109295 0.01126791
v -0.00738744 -0.04189624 0.01126791
v -0.00370783 -0.04238066 0.01126791
v -0.00000000 -0.04254255 0.01126791
v 0.00370783 -0.04238066 0.01126791
v 0.00738744 -0.04189624 0.01126791
v 0.01101082 -0.04109295 0.01126791
v 0.01455041 -0.03997692 0.01126791
v 0.01797926 -0.03855665 0.01126791
v 0.02127128 -0.03684293 0.01126791
v 0.02440141 -0.03484882 0.01126791
v 0.02734582 -0.03258949 0.01126791
v 0.03008213 -0.03008213 0.01126791
v 0.03258949 -0.02734582 0.01126791
v 0.03484882 -0.02440141 0.01126791
v 0.03684293 -0.02127128 0.01126791
v 0.03855665 -0.01797926 0.01126791
v 0.03997692 -0.01455041 0.01126791
v 0.04109295 -0.01101082 0.01126791
v 0.04189624 -0.00738744 0.01126791
v 0.04238066 -0.00370783 0.01126791
v 0.04254255 0.00000000 0.01126791
v 0.00927289 0.00248466 0.01250000
v 0.00902105 0.00328339 0.01250000
v 0.00870056 0.00405714 0.01250000
v 0.00831384 0.00480000 0.01250000
v 0.00786386 0.00550633 0.01250000
v 0.00735403 0.00617076 0.01250000
v 0.00678822 0.00678822 0.01250000
v 0.00617076 0.00735403 0.01250000
v 0.00550633 0.00786386 0.01250000
v 0.00480000 0.00831384 0.01250000
v 0.00405714 0.00870056 0.01250000
v 0.00328339 0.00902105 0.01250000
v 0.00248466 0.00927289 0.01250000
v 0.00166702 0.00945415 0.01250000
v 0.00083670 0.00956347 0.01250000
v 0.00000000 0.00960000 0.01250000
v -0.00083670 0.00956347 0.01250000
v -0.00166702 0.00945415 0.01250000
v -0.00248466 0.00927289 0.01250000
v -0.00328339 0.00902105 0.01250000
v -0.00405714 0.00870056 0.01250000
v -0.00480000 0.00831384 0.01250000
v -0.00550633 0.00786386 0.01250000
v -0.00617076 0.00735403 0.01250000
v -0.00678822 0.00678822 0.01250000
v -0.00735403 0.00617076 0.01250000
v -0.00786386 0.00550633 0.01250000
v -0.00831384 0.00480000 0.01250000
v -0.00870056 0.00405714 0.01250000
v -0.00902105 0.00328339 0.01250000
v -0.00927289 0.00248466 0.01250000
v -0.00945415 0.00166702 0.01250000
v -0.00956347 0.00083670 0.01250000
v -0.00960000 0.00000000 0.01250000
v -0.00956347 -0.00083670 0.01250000
v -0.00945415 -0.00166702 0.01250000
v -0.00927289 -0.00248466 0.01250000
v -0.00902105 -0.00328339 0.01250000
v -0.00870056 -0.00405714 0.01250000
v -0.00831384 -0.00480000 0.01250000
v -0.00786386 -0.00550633 0.01250000
v -0.00735403 -0.00617076 0.01250000
v -0.00678822 -0.00678822 0.01250000
v -0.00617076 -0.00735403 0.01250000
v -0.00550633 -0.00786386 0.01250000
v -0.00480000 -0.00831384 0.01250000
v -0.00405714 -0.00870056 0.01250000
v -0.00328339 -0.00902105 0.01250000
v -0.00248466 -0.00927289 0.01250000
v -0.00166702 -0.00945415 0.01250000
v -0.00083670 -0.00956347 0.01250000
v 0.00000000 -0.00960000 0.01250000
v 0.00083670 -0.00956347 0.01250000
v 0.00166702 -0.00945415 0.01250000
v 0.00248466 -0.00927289 0.01250000
v 0.00328339 -0.00902105 0.01250000
v 0.00405714 -0.00870056 0.01250000
v 0.00480000 -0.00831384 0.01250000
v 0.00550633 -0.00786386 0.01250000
v 0.00617076 -0.00735403 0.01250000
v 0.00678822 -0.00678822 0.01250000
v 0.00735403 -0.00617076 0.01250000
v 0.00786386 -0.00550633 0.01250000
v 0.00831384 -0.00480000 0.01250000
v 0.00870056 -0.00405714 0.01250000
v 0.00902105 -0.00328339 0.01250000
v 0.00927289 -0.00248466 0.01250000
v 0.00945415 -0.00166702 0.01250000
v 0.00956347 -0.00083670 0.01250000
v 0.00960000 0.00000000 0.01250000
v 0.00956347 0.00083670 0.01250000
v 0.00945415 0.00166702 0.01250000
v 0.04271802 -0.00000000 0.00325000
v 0.04255547 0.00372312 -0.00325000
v 0.04255547 0.00372312 0.00325000
v 0.04206904 0.00741791 -0.00325000
v 0.04206904 0.00741791 0.00325000
v 0.04126244 0.01105624 -0.00325000
v 0.04126244 0.01105624 0.00325000
v 0.04014181 0.01461042 -0.00325000
v 0.04014181 0.01461042 0.00325000
v 0.03871568 0.01805341 -0.00325000
v 0.03871568 0.01805341 0.00325000
v 0.03699489 0.02135901 -0.00325000
v 0.03699489 0.02135901 0.00325000
v 0.03499255 0.02450205 -0.00325000
v 0.03499255 0.02450205 0.00325000
v 0.03272390 0.02745861 -0.00325000
v 0.03272390 0.02745861 0.00325000
v 0.03020620 0.03020620 -0.00325000
v 0.03020620 0.03020620 0.00325000
v 0.02745861 0.03272390 -0.00325000
v 0.02745861 0.03272390 0.00325000
v 0.02450205 0.03499255 -0.00325000
v 0.02450205 0.03499255 0.00325000
v 0.02135901 0.03699489 -0.00325000
v 0.02135901 0.03699489 0.00325000
v 0.01805341 0.03871568 -0.00325000
v 0.01805341 0.03871568 0.00325000
v 0.01461042 0.04014181 -0.00325000
v 0.01461042 0.04014181 0.00325000
v 0.01105624 0.04126244 -0.00325000
v 0.01105624 0.04126244 0.00325000
v 0.00741791 0.04206904 -0.00325000
v 0.00741791 0.04206904 0.00325000
v 0.00372312 0.04255547 -0.00325000
v 0.00372312 0.04255547 0.00325000
v 0.00000000 0.04271802 -0.00325000
v -0.00000000 0.04271802 0.00325000
v -0.00372312 0.04255547 -0.00325000
v -0.00372312 0.04255547 0.00325000
v -0.00741791 0.04206904 -0.00325000
v -0.00741791 0.04206904 0.00325000
v -0.01105624 0.04126244 -0.00325000
v -0.01105624 0.04126244 0.00325000
v -0.01461042 0.04014181 -0.00325000
v -0.01461042 0.04014181 0.00325000
v -0.01805341 0.03871568 -0.00325000
v -0.01805341 0.03871568 0.00325000
v -0.02135901 0.03699489 -0.00325000
v -0.02135901 0.03699489 0.00325000
v -0.02450205 0.03499255 -0.00325000
v -0.02450205 0.03499255 0.00325000
v -0.02745861 0.03272390 -0.00325000
v -0.02745861 0.03272390 0.00325000
v -0.03020620 0.03020620 -0.00325000
v -0.03020620 0.03020620 0.00325000
v -0.03272390 0.02745861 -0.00325000
v -0.03272390 0.02745861 0.00325000
v -0.03499255 0.02450205 -0.00325000
v -0.03499255 0.02450205 0.00325000
v -0.03699489 0.02135901 -0.00325000
v -0.03699489 0.02135901 0.00325000
v -0.03871568 0.01805341 -0.00325000
v -0.03871568 0.01805341 0.00325000
v -0.04014181 0.01461042 -0.00325000
v -0.04014181 0.01461042 0.00325000
v -0.04126244 0.01105624 -0.00325000
v -0.04126244 0.01105624 0.00325000
v -0.04206904 0.00741791 -0.00325000
v -0.04206904 0.00741791 0.00325000
v -0.04255547 0.00372312 -0.00325000
v -0.04255547 0.00372312 0.00325000
v -0.04271802 -0.00000000 -0.00325000
v -0.04271802 0.00000000 0.00325000
v -0.04255547 -0.00372312 -0.00325000
v -0.04255547 -0.00372312 0.00325000
v -0.04206904 -0.00741791 -0.00325000
v -0.04206904 -0.00741791 0.00325000
v -0.04126244 -0.01105624 -0.00325000
v -0.04126244 -0.01105624 0.00325000
v -0.04014181 -0.01461042 -0.00325000
v -0.04014181 -0.01461042 0.00325000
v -0.03871568 -0.01805341 -0.00325000
v -0.03871568 -0.01805341 0.00325000
v -0.03699489 -0.02135901 -0.00325000
v -0.03699489 -0.02135901 0.00325000
v -0.03499255 -0.02450205 -0.00325000
v -0.03499255 -0.02450205 0.00325000
v -0.03272390 -0.02745861 -0.00325000
v -0.03272390 -0.02745861 0.00325000
v -0.03020620 -0.03020620 -0.00325000
v -0.03020620 -0.03020620 0.00325000
v -0.02745861 -0.03272390 -0.00325000
v -0.02745861 -0.03272390 0.00325000
v -0.02450205 -0.03499255 -0.00325000
v -0.02450205 -0.03499255 0.00325000
v -0.02135901 -0.03699489 -0.00325000
v -0.02135901 -0.03699489 0.00325000
v -0.01805341 -0.03871568 -0.00325000
v -0.01805341 -0.03871568 0.00325000
v -0.01461042 -0.04014181 -0.00325000
v -0.01461042 -0.04014181 0.00325000
v -0.01105624 -0.04126244 -0.00325000
v -0.01105624 -0.04126244 0.00325000
v -0.00741791 -0.04206904 -0.00325000
v -0.00741791 -0.04206904 0.00325000
v -0.00372312 -0.04255547 -0.00325000
v -0.00372312 -0.04255547 0.00325000
v 0.00000000 -0.04271802 -0.00325000
v -0.00000000 -0.04271802 0.00325000
v 0.00372312 -0.04255547 -0.00325000
v 0.00372312 -0.04255547 0.00325000
v 0.00741791 -0.04206904 -0.00325000
v 0.00741791 -0.04206904 0.00325000
v 0.01105624 -0.04126244 -0.00325000
v 0.01105624 -0.04126244 0.00325000
v 0.01461042 -0.04014181 -0.00325000
v 0.01461042 -0.04014181 0.00325000
v 0.01805341 -0.03871568 -0.00325000
v 0.01805341 -0.03871568 0.00325000
v 0.02135901 -0.03699489 -0.00325000
v 0.02135901 -0.03699489 0.00325000
v 0.02450205 -0.03499255 -0.00325000
v 0.02450205 -0.03499255 0.00325000
v 0.02745861 -0.03272390 -0.00325000
v 0.02745861 -0.03272390 0.00325000
v 0.03020620 -0.03020620 -0.00325000
v 0.03020620 -0.03020620 0.00325000
v 0.03272390 -0.02745861 -0.00325000
v 0.03272390 -0.02745861 0.00325000
v 0.03499255 -0.02450205 -0.00325000
v 0.03499255 -0.02450205 0.00325000
v 0.03699489 -0.02135901 -0.00325000
v 0.03699489 -0.02135901 0.00325000
v 0.03871568 -0.01805341 -0.00325000
v 0.03871568 -0.01805341 0.00325000
v 0.04014181 -0.01461042 -0.00325000
v 0.04014181 -0.01461042 0.00325000
v 0.04126244 -0.01105624 -0.00325000
v 0.04126244 -0.01105624 0.00325000
v 0.04206904 -0.00741791 -0.00325000
v 0.04206904 -0.00741791 0.00325000
v 0.04255547 -0.00372312 -0.00325000
v 0.04255547 -0.00372312 0.00325000
v 0.04271802 0.00000000 -0.00325000
v 0.04249835 0.00000000 0.00378033
v 0.03968774 -0.00347223 0.00643934
v 0.04233663 -0.00370398 0.00378033
v 0.03923409 -0.00691803 0.00643934
v 0.04185271 -0.00737976 0.00378033
v 0.03848185 -0.01031118 0.00643934
v 0.04105025 -0.01099938 0.00378033
v 0.03743673 -0.01362586 0.00643934
v 0.03993538 -0.01453529 0.00378033
v 0.03610671 -0.01683683 0.00643934
v 0.03851658 -0.01796058 0.00378033
v 0.03450188 -0.01991967 0.00643934
v 0.03680465 -0.02124918 0.00378033
v 0.03263448 -0.02285091 0.00643934
v 0.03481261 -0.02437605 0.00378033
v 0.03051871 -0.02560823 0.00643934
v 0.03255562 -0.02731741 0.00378033
v 0.02817067 -0.02817067 0.00643934
v 0.03005087 -0.03005087 0.00378033
v 0.02560823 -0.03051871 0.00643934
v 0.02731741 -0.03255562 0.00378033
v 0.02285091 -0.03263448 0.00643934
v 0.02437605 -0.03481261 0.00378033
v 0.01991967 -0.03450188 0.00643934
v 0.02124918 -0.03680465 0.00378033
v 0.01683683 -0.03610671 0.00643934
v 0.01796058 -0.03851658 0.00378033
v 0.01362586 -0.03743673 0.00643934
v 0.01453529 -0.03993538 0.00378033
v 0.01031118 -0.03848185 0.00643934
v 0.01099938 -0.04105025 0.00378033
v 0.00691803 -0.03923409 0.00643934
v 0.00737976 -0.04185271 0.00378033
v 0.00347223 -0.03968774 0.00643934
v 0.00370398 -0.04233663 0.00378033
v -0.00000000 -0.03983934 0.00643934
v -0.00000000 -0.04249835 0.00378033
v -0.00347223 -0.03968774 0.00643934
v -0.00370398 -0.04233663 0.00378033
v -0.00691803 -0.03923409 0.00643934
v -0.00737976 -0.04185271 0.00378033
v -0.01031118 -0.03848185 0.00643934
v -0.01099938 -0.04105025 0.00378033
v -0.01362586 -0.03743673 0.00643934
v -0.01453529 -0.03993538 0.00378033
v -0.01683683 -0.03610671 0.00643934
v -0.01796058 -0.03851658 0.00378033
v -0.01991967 -0.03450188 0.00643934
v -0.02124918 -0.03680465 0.00378033
v -0.02285091 -0.03263448 0.00643934
v -0.02437605 -0.03481261 0.00378033
v -0.02560823 -0.03051871 0.00643934
v -0.02731741 -0.03255562 0.00378033
v -0.02817067 -0.02817067 0.00643934
v -0.03005087 -0.03005087 0.00378033
v -0.03051871 -0.02560823 0.00643934
v -0.03255562 -0.02731741 0.00378033
v -0.03263448 -0.02285091 0.00643934
v -0.03481261 -0.02437605 0.00378033
v -0.03450188 -0.01991967 0.00643934
v -0.03680465 -0.02124918 0.00378033
v -0.03610671 -0.01683683 0.00643934
v -0.03851658 -0.01796058 0.00378033
v -0.03743673 -0.01362586 0.00643934
v -0.03993538 -0.01453529 0.00378033
v -0.03848185 -0.01031118 0.00643934
v -0.04105025 -0.01099938 0.00378033
v -0.03923409 -0.00691803 0.00643934
v -0.04185271 -0.00737976 0.00378033
v -0.03968774 -0.00347223 0.00643934
v -0.04233663 -0.00370398 0.00378033
v -0.03983934 0.00000000 0.00643934
v -0.04249835 0.00000000 0.00378033
v -0.03968774 0.00347223 0.00643934
v -0.04233663 0.00370398 0.00378033
v -0.03923409 0.00691803 0.00643934
v -0.04185271 0.00737976 0.00378033
v -0.03848185 0.01031118 0.00643934
v -0.04105025 0.01099938 0.00378033
v -0.03743673 0.01362586 0.00643934
v -0.03993538 0.01453529 0.00378033
v -0.03610671 0.01683683 0.00643934
v -0.03851658 0.01796058 0.00378033
v -0.03450188 0.01991967 0.00643934
v -0.03680465 0.02124918 0.00378033
v -0.03263448 0.02285091 0.00643934
v -0.03481261 0.02437605 0.00378033
v -0.03051871 0.02560823 0.00643934
v -0.03255562 0.02731741 0.00378033
v -0.02817067 0.02817067 0.00643934
v -0.03005087 0.03005087 0.00378033
v -0.02560823 0.03051871 0.00643934
v -0.02731741 0.03255562 0.00378033
v -0.02285091 0.03263448 0.00643934
v -0.02437605 0.03481261 0.00378033
v -0.01991967 0.03450188 0.00643934
v -0.02124918 0.03680465 0.00378033
v -0.01683683 0.03610671 0.00643934
v -0.01796058 0.03851658 0.00378033
v -0.01362586 0.03743673 0.00643934
v -0.01453529 0.03993538 0.00378033
v -0.01031118 0.03848185 0.00643934
v -0.01099938 0.04105025 0.00378033
v -0.00691803 0.03923409 0.00643934
v -0.00737976 0.04185271 0.00378033
v -0.00347223 0.03968774 0.00643934
v -0.00370398 0.04233663 0.00378033
v -0.00000000 0.03983934 0.00643934
v -0.00000000 0.04249835 0.00378033
v 0.00347223 0.03968774 0.00643934
v 0.00370398 0.04233663 0.00378033
v 0.00691803 0.03923409 0.00643934
v 0.00737976 0.04185271 0.00378033
v 0.01031118 0.03848185 0.00643934
v 0.01099938 0.04105025 0.00378033
v 0.01362586 0.03743673 0.00643934
v 0.01453529 0.03993538 0.00378033
v 0.01683683 0.03610671 0.00643934
v 0.01796058 0.03851658 0.00378033
v 0.01991967 0.03450188 0.00643934
v 0.02124918 0.03680465 0.00378033
v 0.02285091 0.03263448 0.00643934
v 0.02437605 0.03481261 0.00378033
v 0.02560823 0.03051871 0.00643934
v 0.02731741 0.03255562 0.00378033
v 0.02817067 0.02817067 0.00643934
v 0.03005087 0.03005087 0.00378033
v 0.03051871 0.02560823 0.00643934
v 0.03255562 0.02731741 0.00378033
v 0.03263448 0.02285091 0.00643934
v 0.03481261 0.02437605 0.00378033
v 0.03450188 0.01991967 0.00643934
v 0.03680465 0.02124918 0.00378033
v 0.03610671 0.01683683 0.00643934
v 0.03851658 0.01796058 0.00378033
v 0.03743673 0.01362586 0.00643934
v 0.03993538 0.01453529 0.00378033
v 0.03848185 0.01031118 0.00643934
v 0.04105025 0.01099938 0.00378033
v 0.03923409 0.00691803 0.00643934
v 0.04185271 0.00737976 0.00378033
v 0.03968774 0.00347223 0.00643934
v 0.04233663 0.00370398 0.00378033
v 0.03983934 -0.00000000 0.00643934
v 0.04238066 0.00370783 0.00373209
v 0.04189624 0.00738744 0.00373209
v 0.04109295 0.01101082 0.00373209
v 0.03997692 0.01455041 0.00373209
v 0.03855665 0.01797926 0.00373209
v 0.03684293 0.02127128 0.00373209
v 0.03484882 0.02440141 0.00373209
v 0.03258949 0.02734582 0.00373209
v 0.03008213 0.03008213 0.00373209
v 0.02734582 0.03258949 0.00373209
v 0.02440141 0.03484882 0.00373209
v 0.02127128 0.03684293 0.00373209
v 0.01797926 0.03855665 0.00373209
v 0.01455041 0.03997692 0.00373209
v 0.01101082 0.04109295 0.00373209
v 0.00738744 0.04189624 0.00373209
v 0.00370783 0.04238066 0.00373209
v -0.00000000 0.04254255 0.00373209
v -0.00370783 0.04238066 0.00373209
v -0.00738744 0.04189624 0.00373209
v -0.01101082 0.04109295 0.00373209
v -0.01455041 0.03997692 0.00373209
v -0.01797926 0.03855665 0.00373209
v -0.02127128 0.03684293 0.00373209
v -0.02440141 0.03484882 0.00373209
v -0.02734582 0.03258949 0.00373209
v -0.03008213 0.03008213 0.00373209
v -0.03258949 0.02734582 0.00373209
v -0.03484882 0.02440141 0.00373209
v -0.03684293 0.02127128 0.00373209
v -0.03855665 0.01797926 0.00373209
v -0.03997692 0.01455041 0.00373209
v -0.04109295 0.01101082 0.00373209
v -0.04189624 0.00738744 0.00373209
v -0.04238066 0.00370783 0.00373209
v -0.04254255 0.00000000 0.00373209
v -0.04238066 -0.00370783 0.00373209
v -0.04189624 -0.00738744 0.00373209
v -0.04109295 -0.01101082 0.00373209
v -0.03997692 -0.01455041 0.00373209
v -0.03855665 -0.01797926 0.00373209
v -0.03684293 -0.02127128 0.00373209
v -0.03484882 -0.02440141 0.00373209
v -0.03258949 -0.02734582 0.00373209
v -0.03008213 -0.03008213 0.00373209
v -0.02734582 -0.03258949 0.00373209
v -0.02440141 -0.03484882 0.00373209
v -0.02127128 -0.03684293 0.00373209
v -0.01797926 -0.03855665 0.00373209
v -0.01455041 -0.03997692 0.00373209
v -0.01101082 -0.04109295 0.00373209
v -0.00738744 -0.04189624 0.00373209
v -0.00370783 -0.04238066 0.00373209
v -0.00000000 -0.04254255 0.00373209
v 0.00370783 -0.04238066 0.00373209
v 0.00738744 -0.04189624 0.00373209
v 0.01101082 -0.04109295 0.00373209
v 0.01455041 -0.03997692 0.00373209
v 0.01797926 -0.03855665 0.00373209
v 0.02127128 -0.03684293 0.00373209
v 0.02440141 -0.03484882 0.00373209
v 0.02734582 -0.03258949 0.00373209
v 0.03008213 -0.03008213 0.00373209
v 0.03258949 -0.02734582 0.00373209
v 0.03484882 -0.02440141 0.00373209
v 0.03684293 -0.02127128 0.00373209
v 0.03855665 -0.01797926 0.00373209
v 0.03997692 -0.01455041 0.00373209
v 0.04109295 -0.01101082 0.00373209
v 0.04189624 -0.00738744 0.00373209
v 0.04238066 -0.00370783 0.00373209
v 0.04254255 0.00000000 0.00373209
v 0.04242035 0.00371130 0.00368018
v 0.04193546 0.00739435 0.00368018
v 0.04113143 0.01102113 0.00368018
v 0.04001435 0.01456403 0.00368018
v 0.03859274 0.01799609 0.00368018
v 0.03687743 0.02129119 0.00368018
v 0.03488145 0.02442425 0.00368018
v 0.03262000 0.02737143 0.00368018
v 0.03011029 0.03011029 0.00368018
v 0.02737143 0.03262000 0.00368018
v 0.02442425 0.03488145 0.00368018
v 0.02129119 0.03687743 0.00368018
v 0.01799609 0.03859274 0.00368018
v 0.01456403 0.04001435 0.00368018
v 0.01102113 0.04113143 0.00368018
v 0.00739435 0.04193546 0.00368018
v 0.00371130 0.04242035 0.00368018
v -0.00000000 0.04258239 0.00368018
v -0.00371130 0.04242035 0.00368018
v -0.00739435 0.04193546 0.00368018
v -0.01102113 0.04113143 0.00368018
v -0.01456403 0.04001435 0.00368018
v -0.01799609 0.03859274 0.00368018
v -0.02129119 0.03687743 0.00368018
v -0.02442425 0.03488145 0.00368018
v -0.02737143 0.03262000 0.00368018
v -0.03011029 0.03011029 0.00368018
v -0.03262000 0.02737143 0.00368018
v -0.03488145 0.02442425 0.00368018
v -0.03687743 0.02129119 0.00368018
v -0.03859274 0.01799609 0.00368018
v -0.04001435 0.01456403 0.00368018
v -0.04113143 0.01102113 0.00368018
v -0.04193546 0.00739435 0.00368018
v -0.04242035 0.00371130 0.00368018
v -0.04258239 0.00000000 0.00368018
v -0.04242035 -0.00371130 0.00368018
v -0.04193546 -0.00739435 0.00368018
v -0.04113143 -0.01102113 0.00368018
v -0.04001435 -0.01456403 0.00368018
v -0.03859274 -0.01799609 0.00368018
v -0.03687743 -0.02129119 0.00368018
v -0.03488145 -0.02442425 0.00368018
v -0.03262000 -0.02737143 0.00368018
v -0.03011029 -0.03011029 0.00368018
v -0.02737143 -0.03262000 0.00368018
v -0.02442425 -0.03488145 0.00368018
v -0.02129119 -0.03687743 0.00368018
v -0.01799609 -0.03859274 0.00368018
v -0.01456403 -0.04001435 0.00368018
v -0.01102113 -0.04113143 0.00368018
v -0.00739435 -0.04193546 0.00368018
v -0.00371130 -0.04242035 0.00368018
v -0.00000000 -0.04258239 0.00368018
v 0.00371130 -0.04242035 0.00368018
v 0.00739435 -0.04193546 0.00368018
v 0.01102113 -0.04113143 0.00368018
v 0.01456403 -0.04001435 0.00368018
v 0.01799609 -0.03859274 0.00368018
v 0.02129119 -0.03687743 0.00368018
v 0.02442425 -0.03488145 0.00368018
v 0.02737143 -0.03262000 0.00368018
v 0.03011029 -0.03011029 0.00368018
v 0.03262000 -0.02737143 0.00368018
v 0.03488145 -0.02442425 0.00368018
v 0.03687743 -0.02129119 0.00368018
v 0.03859274 -0.01799609 0.00368018
v 0.04001435 -0.01456403 0.00368018
v 0.04113143 -0.01102113 0.00368018
v 0.04193546 -0.00739435 0.00368018
v 0.04242035 -0.00371130 0.00368018
v 0.04258239 0.00000000 0.00368018
v 0.04245537 0.00371436 0.00362500
v 0.04197008 0.00740046 0.00362500
v 0.04116538 0.01103023 0.00362500
v 0.04004738 0.01457606 0.00362500
v 0.03862461 0.01801095 0.00362500
v 0.03690787 0.02130877 0.00362500
v 0.03491024 0.02444442 0.00362500
v 0.03264693 0.02739403 0.00362500
v 0.03013515 0.03013515 0.00362500
v 0.02739403 0.03264693 0.00362500
v 0.02444442 0.03491024 0.00362500
v 0.02130877 0.03690787 0.00362500
v 0.01801095 0.03862461 0.00362500
v 0.01457606 0.04004738 0.00362500
v 0.01103023 0.04116538 0.00362500
v 0.00740046 0.04197008 0.00362500
v 0.00371436 0.04245537 0.00362500
v -0.00000000 0.04261754 0.00362500
v -0.00371436 0.04245537 0.00362500
v -0.00740046 0.04197008 0.00362500
v -0.01103023 0.04116538 0.00362500
v -0.01457606 0.04004738 0.00362500
v -0.01801095 0.03862461 0.00362500
v -0.02130877 0.03690787 0.00362500
v -0.02444442 0.03491024 0.00362500
v -0.02739403 0.03264693 0.00362500
v -0.03013515 0.03013515 0.00362500
v -0.03264693 0.02739403 0.00362500
v -0.03491024 0.02444442 0.00362500
v -0.03690787 0.02130877 0.00362500
v -0.03862461 0.01801095 0.00362500
v -0.04004738 0.01457606 0.00362500
v -0.04116538 0.01103023 0.00362500
v -0.04197008 0.00740046 0.00362500
v -0.04245537 0.00371436 0.00362500
v -0.04261754 0.00000000 0.00362500
v -0.04245537 -0.00371436 0.00362500
v -0.04197008 -0.00740046 0.00362500
v -0.04116538 -0.01103023 0.00362500
v -0.04004738 -0.01457606 0.00362500
v -0.03862461 -0.01801095 0.00362500
v -0.03690787 -0.02130877 0.00362500
v -0.03491024 -0.02444442 0.00362500
v -0.03264693 -0.02739403 0.00362500
v -0.03013515 -0.03013515 0.00362500
v -0.02739403 -0.03264693 0.00362500
v -0.02444442 -0.03491024 0.00362500
v -0.02130877 -0.03690787 0.00362500
v -0.01801095 -0.03862461 0.00362500
v -0.01457606 -0.04004738 0.00362500
v -0.01103023 -0.04116538 0.00362500
v -0.00740046 -0.04197008 0.00362500
v -0.00371436 -0.04245537 0.00362500
v -0.00000000 -0.04261754 0.00362500
v 0.00371436 -0.04245537 0.00362500
v 0.00740046 -0.04197008 0.00362500
v 0.01103023 -0.04116538 0.00362500
v 0.01457606 -0.04004738 0.00362500
v 0.01801095 -0.03862461 0.00362500
v 0.02130877 -0.03690787 0.00362500
v 0.02444442 -0.03491024 0.00362500
v 0.02739403 -0.03264693 0.00362500
v 0.03013515 -0.03013515 0.00362500
v 0.03264693 -0.02739403 0.00362500
v 0.03491024 -0.02444442 0.00362500
v 0.03690787 -0.02130877 0.00362500
v 0.03862461 -0.01801095 0.00362500
v 0.04004738 -0.01457606 0.00362500
v 0.04116538 -0.01103023 0.00362500
v 0.04197008 -0.00740046 0.00362500
v 0.04245537 -0.00371436 0.00362500
v 0.04261754 0.00000000 0.00362500
v 0.04248546 0.00371700 0.00356696
v 0.04199984 0.00740570 0.00356696
v 0.04119456 0.01103805 0.00356696
v 0.04007578 0.01458639 0.00356696
v 0.03865199 0.01802372 0.00356696
v 0.03693404 0.02132387 0.00356696
v 0.03493499 0.02446174 0.00356696
v 0.03267007 0.02741344 0.00356696
v 0.03015651 0.03015651 0.00356696
v 0.02741344 0.03267007 0.00356696
v 0.02446174 0.03493499 0.00356696
v 0.02132387 0.03693404 0.00356696
v 0.01802372 0.03865199 0.00356696
v 0.01458639 0.04007578 0.00356696
v 0.01103805 0.04119456 0.00356696
v 0.00740570 0.04199984 0.00356696
v 0.00371700 0.04248546 0.00356696
v -0.00000000 0.04264775 0.00356696
v -0.00371700 0.04248546 0.00356696
v -0.00740570 0.04199984 0.00356696
v -0.01103805 0.04119456 0.00356696
v -0.01458639 0.04007578 0.00356696
v -0.01802372 0.03865199 0.00356696
v -0.02132387 0.03693404 0.00356696
v -0.02446174 0.03493499 0.00356696
v -0.02741344 0.03267007 0.00356696
v -0.03015651 0.03015651 0.00356696
v -0.03267007 0.02741344 0.00356696
v -0.03493499 0.02446174 0.00356696
v -0.03693404 0.02132387 0.00356696
v -0.03865199 0.01802372 0.00356696
v -0.04007578 0.01458639 0.00356696
v -0.04119456 0.01103805 0.00356696
v -0.04199984 0.00740570 0.00356696
v -0.04248546 0.00371700 0.00356696
v -0.04264775 0.00000000 0.00356696
v -0.04248546 -0.00371700 0.00356696
v -0.04199984 -0.00740570 0.00356696
v -0.04119456 -0.01103805 0.00356696
v -0.04007578 -0.01458639 0.00356696
v -0.03865199 -0.01802372 0.00356696
v -0.03693404 -0.02132387 0.00356696
v -0.03493499 -0.02446174 0.00356696
v -0.03267007 -0.02741344 0.00356696
v -0.03015651 -0.03015651 0.00356696
v -0.02741344 -0.03267007 0.00356696
v -0.02446174 -0.03493499 0.00356696
v -0.02132387 -0.03693404 0.00356696
v -0.01802372 -0.03865199 0.00356696
v -0.01458639 -0.04007578 0.00356696
v -0.01103805 -0.04119456 0.00356696
v -0.00740570 -0.04199984 0.00356696
v -0.00371700 -0.04248546 0.00356696
v -0.00000000 -0.04264775 0.00356696
v 0.00371700 -0.04248546 0.00356696
v 0.00740570 -0.04199984 0.00356696
v 0.01103805 -0.04119456 0.00356696
v 0.01458639 -0.04007578 0.00356696
v 0.01802372 -0.03865199 0.00356696
v 0.02132387 -0.03693404 0.00356696
v 0.02446174 -0.03493499 0.00356696
v 0.02741344 -0.03267007 0.00356696
v 0.03015651 -0.03015651 0.00356696
v 0.03267007 -0.02741344 0.00356696
v 0.03493499 -0.02446174 0.00356696
v 0.03693404 -0.02132387 0.00356696
v 0.03865199 -0.01802372 0.00356696
v 0.04007578 -0.01458639 0.00356696
v 0.04119456 -0.01103805 0.00356696
v 0.04199984 -0.00740570 0.00356696
v 0.04248546 -0.00371700 0.00356696
v 0.04264775 0.00000000 0.00356696
v 0.04251041 0.00371918 0.00350652
v 0.04202449 0.00741005 0.00350652
v 0.04121875 0.01104453 0.00350652
v 0.04009930 0.01459495 0.00350652
v 0.03867468 0.01803430 0.00350652
v 0.03695572 0.02133640 0.00350652
v 0.03495550 0.02447611 0.00350652
v 0.03268925 0.02742954 0.00350652
v 0.03017422 0.03017422 0.00350652
v 0.02742954 0.03268925 0.00350652
v 0.02447611 0.03495550 0.00350652
v 0.02133640 0.03695572 0.00350652
v 0.01803430 0.03867468 0.00350652
v 0.01459495 0.04009930 0.00350652
v 0.01104453 0.04121875 0.00350652
v 0.00741005 0.04202449 0.00350652
v 0.00371918 0.04251041 0.00350652
v -0.00000000 0.04267279 0.00350652
v -0.00371918 0.04251041 0.00350652
v -0.00741005 0.04202449 0.00350652
v -0.01104453 0.04121875 0.00350652
v -0.01459495 0.04009930 0.00350652
v -0.01803430 0.03867468 0.00350652
v -0.02133640 0.03695572 0.00350652
v -0.02447611 0.03495550 0.00350652
v -0.02742954 0.03268925 0.00350652
v -0.03017422 0.03017422 0.00350652
v -0.03268925 0.02742954 0.00350652
v -0.03495550 0.02447611 0.00350652
v -0.03695572 0.02133640 0.00350652
v -0.03867468 0.01803430 0.00350652
v -0.04009930 0.01459495 0.00350652
v -0.04121875 0.01104453 0.00350652
v -0.04202449 0.00741005 0.00350652
v -0.04251041 0.00371918 0.00350652
v -0.04267279 0.00000000 0.00350652
v -0.04251041 -0.00371918 0.00350652
v -0.04202449 -0.00741005 0.00350652
v -0.04121875 -0.01104453 0.00350652
v -0.04009930 -0.01459495 0.00350652
v -0.03867468 -0.01803430 0.00350652
v -0.03695572 -0.02133640 0.00350652
v -0.03495550 -0.02447611 0.00350652
v -0.03268925 -0.02742954 0.00350652
v -0.03017422 -0.03017422 0.00350652
v -0.02742954 -0.03268925 0.00350652
v -0.02447611 -0.03495550 0.00350652
v -0.02133640 -0.03695572 0.00350652
v -0.01803430 -0.03867468 0.00350652
v -0.01459495 -0.04009930 0.00350652
v -0.01104453 -0.04121875 0.00350652
v -0.00741005 -0.04202449 0.00350652
v -0.00371918 -0.04251041 0.00350652
v -0.00000000 -0.04267279 0.00350652
v 0.00371918 -0.04251041 0.00350652
v 0.00741005 -0.04202449 0.00350652
v 0.01104453 -0.04121875 0.00350652
v 0.01459495 -0.04009930 0.00350652
v 0.01803430 -0.03867468 0.00350652
v 0.02133640 -0.03695572 0.00350652
v 0.02447611 -0.03495550 0.00350652
v 0.02742954 -0.03268925 0.00350652
v 0.03017422 -0.03017422 0.00350652
v 0.03268925 -0.02742954 0.00350652
v 0.03495550 -0.02447611 0.00350652
v 0.03695572 -0.02133640 0.00350652
v 0.03867468 -0.01803430 0.00350652
v 0.04009930 -0.01459495 0.00350652
v 0.04121875 -0.01104453 0.00350652
v 0.04202449 -0.00741005 0.00350652
v 0.04251041 -0.00371918 0.00350652
v 0.04267279 0.00000000 0.00350652
v 0.04253001 0.00372089 0.00344411
v 0.04204387 0.00741347 0.00344411
v 0.04123775 0.01104962 0.00344411
v 0.04011779 0.01460168 0.00344411
v 0.03869251 0.01804261 0.00344411
v 0.03697276 0.02134623 0.00344411
v 0.03497162 0.02448739 0.00344411
v 0.03270432 0.02744219 0.00344411
v 0.03018813 0.03018813 0.00344411
v 0.02744219 0.03270432 0.00344411
v 0.02448739 0.03497162 0.00344411
v 0.02134623 0.03697276 0.00344411
v 0.01804261 0.03869251 0.00344411
v 0.01460168 0.04011779 0.00344411
v 0.01104962 0.04123775 0.00344411
v 0.00741347 0.04204387 0.00344411
v 0.00372089 0.04253001 0.00344411
v -0.00000000 0.04269246 0.00344411
v -0.00372089 0.04253001 0.00344411
v -0.00741347 0.04204387 0.00344411
v -0.01104962 0.04123775 0.00344411
v -0.01460168 0.04011779 0.00344411
v -0.01804261 0.03869251 0.00344411
v -0.02134623 0.03697276 0.00344411
v -0.02448739 0.03497162 0.00344411
v -0.02744219 0.03270432 0.00344411
v -0.03018813 0.03018813 0.00344411
v -0.03270432 0.02744219 0.00344411
v -0.03497162 0.02448739 0.00344411
v -0.03697276 0.02134623 0.00344411
v -0.03869251 0.01804261 0.00344411
v -0.04011779 0.01460168 0.00344411
v -0.04123775 0.01104962 0.00344411
v -0.04204387 0.00741347 0.00344411
v -0.04253001 0.00372089 0.00344411
v -0.04269246 0.00000000 0.00344411
v -0.04253001 -0.00372089 0.00344411
v -0.04204387 -0.00741347 0.00344411
v -0.04123775 -0.01104962 0.00344411
v -0.04011779 -0.01460168 0.00344411
v -0.03869251 -0.01804261 0.00344411
v -0.03697276 -0.02134623 0.00344411
v -0.03497162 -0.02448739 0.00344411
v -0.03270432 -0.02744219 0.00344411
v -0.03018813 -0.03018813 0.00344411
v -0.02744219 -0.03270432 0.00344411
v -0.02448739 -0.03497162 0.00344411
v -0.02134623 -0.03697276 0.00344411
v -0.01804261 -0.03869251 0.00344411
v -0.01460168 -0.04011779 0.00344411
v -0.01104962 -0.04123775 0.00344411
v -0.00741347 -0.04204387 0.00344411
v -0.00372089 -0.04253001 0.00344411
v -0.00000000 -0.04269246 0.00344411
v 0.00372089 -0.04253001 0.00344411
v 0.00741347 -0.04204387 0.00344411
v 0.01104962 -0.04123775 0.00344411
v 0.01460168 -0.04011779 0.00344411
v 0.01804261 -0.03869251 0.00344411
v 0.02134623 -0.03697276 0.00344411
v 0.02448739 -0.03497162 0.00344411
v 0.02744219 -0.03270432 0.00344411
v 0.03018813 -0.03018813 0.00344411
v 0.03270432 -0.02744219 0.00344411
v 0.03497162 -0.02448739 0.00344411
v 0.03697276 -0.02134623 0.00344411
v 0.03869251 -0.01804261 0.00344411
v 0.04011779 -0.01460168 0.00344411
v 0.04123775 -0.01104962 0.00344411
v 0.04204387 -0.00741347 0.00344411
v 0.04253001 -0.00372089 0.00344411
v 0.04269246 0.00000000 0.00344411
v 0.04254412 0.00372213 0.00338024
v 0.04205782 0.00741593 0.00338024
v 0.04125143 0.01105329 0.00338024
v 0.04013110 0.01460653 0.00338024
v 0.03870535 0.01804860 0.00338024
v 0.03698502 0.02135331 0.00338024
v 0.03498322 0.02449551 0.00338024
v 0.03271517 0.02745129 0.00338024
v 0.03019814 0.03019814 0.00338024
v 0.02745129 0.03271517 0.00338024
v 0.02449551 0.03498322 0.00338024
v 0.02135331 0.03698502 0.00338024
v 0.01804860 0.03870535 0.00338024
v 0.01460653 0.04013110 0.00338024
v 0.01105329 0.04125143 0.00338024
v 0.00741593 0.04205782 0.00338024
v 0.00372213 0.04254412 0.00338024
v -0.00000000 0.04270662 0.00338024
v -0.00372213 0.04254412 0.00338024
v -0.00741593 0.04205782 0.00338024
v -0.01105329 0.04125143 0.00338024
v -0.01460653 0.04013110 0.00338024
v -0.01804860 0.03870535 0.00338024
v -0.02135331 0.03698502 0.00338024
v -0.02449551 0.03498322 0.00338024
v -0.02745129 0.03271517 0.00338024
v -0.03019814 0.03019814 0.00338024
v -0.03271517 0.02745129 0.00338024
v -0.03498322 0.02449551 0.00338024
v -0.03698502 0.02135331 0.00338024
v -0.03870535 0.01804860 0.00338024
v -0.04013110 0.01460653 0.00338024
v -0.04125143 0.01105329 0.00338024
v -0.04205782 0.00741593 0.00338024
v -0.04254412 0.00372213 0.00338024
v -0.04270662 0.00000000 0.00338024
v -0.04254412 -0.00372213 0.00338024
v -0.04205782 -0.00741593 0.00338024
v -0.04125143 -0.01105329 0.00338024
v -0.04013110 -0.01460653 0.00338024
v -0.03870535 -0.01804860 0.00338024
v -0.03698502 -0.02135331 0.00338024
v -0.03498322 -0.02449551 0.00338024
v -0.03271517 -0.02745129 0.00338024
v -0.03019814 -0.03019814 0.00338024
v -0.02745129 -0.03271517 0.00338024
v -0.02449551 -0.03498322 0.00338024
v -0.02135331 -0.03698502 0.00338024
v -0.01804860 -0.03870535 0.00338024
v -0.01460653 -0.04013110 0.00338024
v -0.01105329 -0.04125143 0.00338024
v -0.00741593 -0.04205782 0.00338024
v -0.00372213 -0.04254412 0.00338024
v -0.00000000 -0.04270662 0.00338024
v 0.00372213 -0.04254412 0.00338024
v 0.00741593 -0.04205782 0.00338024
v 0.01105329 -0.04125143 0.00338024
v 0.01460653 -0.04013110 0.00338024
v 0.01804860 -0.03870535 0.00338024
v 0.02135331 -0.03698502 0.00338024
v 0.02449551 -0.03498322 0.00338024
v 0.02745129 -0.03271517 0.00338024
v 0.03019814 -0.03019814 0.00338024
v 0.03271517 -0.02745129 0.00338024
v 0.03498322 -0.02449551 0.00338024
v 0.03698502 -0.02135331 0.00338024
v 0.03870535 -0.01804860 0.00338024
v 0.04013110 -0.01460653 0.00338024
v 0.04125143 -0.01105329 0.00338024
v 0.04205782 -0.00741593 0.00338024
v 0.04254412 -0.00372213 0.00338024
v 0.04270662 0.00000000 0.00338024
v 0.04255262 0.00372287 0.00331537
v 0.04206623 0.00741741 0.00331537
v 0.04125968 0.01105550 0.00331537
v 0.04013913 0.01460945 0.00331537
v 0.03871309 0.01805221 0.00331537
v 0.03699242 0.02135758 0.00331537
v 0.03499021 0.02450041 0.00331537
v 0.03272172 0.02745678 0.00331537
v 0.03020418 0.03020418 0.00331537
v 0.02745678 0.03272172 0.00331537
v 0.02450041 0.03499021 0.00331537
v 0.02135758 0.03699242 0.00331537
v 0.01805221 0.03871309 0.00331537
v 0.01460945 0.04013913 0.00331537
v 0.01105550 0.04125968 0.00331537
v 0.00741741 0.04206623 0.00331537
v 0.00372287 0.04255262 0.00331537
v -0.00000000 0.04271517 0.00331537
v -0.00372287 0.04255262 0.00331537
v -0.00741741 0.04206623 0.00331537
v -0.01105550 0.04125968 0.00331537
v -0.01460945 0.04013913 0.00331537
v -0.01805221 0.03871309 0.00331537
v -0.02135758 0.03699242 0.00331537
v -0.02450041 0.03499021 0.00331537
v -0.02745678 0.03272172 0.00331537
v -0.03020418 0.03020418 0.00331537
v -0.03272172 0.02745678 0.00331537
v -0.03499021 0.02450041 0.00331537
v -0.03699242 0.02135758 0.00331537
v -0.03871309 0.01805221 0.00331537
v -0.04013913 0.01460945 0.00331537
v -0.04125968 0.01105550 0.00331537
v -0.04206623 0.00741741 0.00331537
v -0.04255262 0.00372287 0.00331537
v -0.04271517 0.00000000 0.00331537
v -0.04255262 -0.00372287 0.00331537
v -0.04206623 -0.00741741 0.00331537
v -0.04125968 -0.01105550 0.00331537
v -0.04013913 -0.01460945 0.00331537
v -0.03871309 -0.01805221 0.00331537
v -0.03699242 -0.02135758 0.00331537
v -0.03499021 -0.02450041 0.00331537
v -0.03272172 -0.02745678 0.00331537
v -0.03020418 -0.03020418 0.00331537
v -0.02745678 -0.03272172 0.00331537
v -0.02450041 -0.03499021 0.00331537
v -0.02135758 -0.03699242 0.00331537
v -0.01805221 -0.03871309 0.00331537
v -0.01460945 -0.04013913 0.00331537
v -0.01105550 -0.04125968 0.00331537
v -0.00741741 -0.04206623 0.00331537
v -0.00372287 -0.04255262 0.00331537
v -0.00000000 -0.04271517 0.00331537
v 0.00372287 -0.04255262 0.00331537
v 0.00741741 -0.04206623 0.00331537
v 0.01105550 -0.04125968 0.00331537
v 0.01460945 -0.04013913 0.00331537
v 0.01805221 -0.03871309 0.00331537
v 0.02135758 -0.03699242 0.00331537
v 0.02450041 -0.03499021 0.00331537
v 0.02745678 -0.03272172 0.00331537
v 0.03020418 -0.03020418 0.00331537
v 0.03272172 -0.02745678 0.00331537
v 0.03499021 -0.02450041 0.00331537
v 0.03699242 -0.02135758 0.00331537
v 0.03871309 -0.01805221 0.00331537
v 0.04013913 -0.01460945 0.00331537
v 0.04125968 -0.01105550 0.00331537
v 0.04206623 -0.00741741 0.00331537
v 0.04255262 -0.00372287 0.00331537
v 0.04271517 0.00000000 0.00331537
v 0.03959967 0.00346452 0.00846418
v 0.03914703 0.00690268 0.00846418
v 0.03839645 0.01028830 0.00846418
v 0.03735366 0.01359562 0.00846418
v 0.03602658 0.01679947 0.00846418
v 0.03442532 0.01987547 0.00846418
v 0.03256206 0.02280020 0.00846418
v 0.03045098 0.02555141 0.00846418
v 0.02810816 0.02810816 0.00846418
v 0.02555141 0.03045098 0.00846418
v 0.02280020 0.03256206 0.00846418
v 0.01987547 0.03442532 0.00846418
v 0.01679947 0.03602658 0.00846418
v 0.01359562 0.03735366 0.00846418
v 0.01028830 0.03839645 0.00846418
v 0.00690268 0.03914703 0.00846418
v 0.00346452 0.03959967 0.00846418
v -0.00000000 0.03975093 0.00846418
v -0.00346452 0.03959967 0.00846418
v -0.00690268 0.03914703 0.00846418
v -0.01028830 0.03839645 0.00846418
v -0.01359562 0.03735366 0.00846418
v -0.01679947 0.03602658 0.00846418
v -0.01987547 0.03442532 0.00846418
v -0.02280020 0.03256206 0.00846418
v -0.02555141 0.03045098 0.00846418
v -0.02810816 0.02810816 0.00846418
v -0.03045098 0.02555141 0.00846418
v -0.03256206 0.02280020 0.00846418
v -0.03442532 0.01987547 0.00846418
v -0.03602658 0.01679947 0.00846418
v -0.03735366 0.01359562 0.00846418
v -0.03839645 0.01028830 0.00846418
v -0.03914703 0.00690268 0.00846418
v -0.03959967 0.00346452 0.00846418
v -0.03975093 0.00000000 0.00846418
v -0.03959967 -0.00346452 0.00846418
v -0.03914703 -0.00690268 0.00846418
v -0.03839645 -0.01028830 0.00846418
v -0.03735366 -0.01359562 0.00846418
v -0.03602658 -0.01679947 0.00846418
v -0.03442532 -0.01987547 0.00846418
v -0.03256206 -0.02280020 0.00846418
v -0.03045098 -0.02555141 0.00846418
v -0.02810816 -0.02810816 0.00846418
v -0.02555141 -0.03045098 0.00846418
v -0.02280020 -0.03256206 0.00846418
v -0.01987547 -0.03442532 0.00846418
v -0.01679947 -0.03602658 0.00846418
v -0.01359562 -0.03735366 0.00846418
v -0.01028830 -0.03839645 0.00846418
v -0.00690268 -0.03914703 0.00846418
v -0.00346452 -0.03959967 0.00846418
v -0.00000000 -0.03975093 0.00846418
v 0.00346452 -0.03959967 0.00846418
v 0.00690268 -0.03914703 0.00846418
v 0.01028830 -0.03839645 0.00846418
v 0.01359562 -0.03735366 0.00846418
v 0.01679947 -0.03602658 0.00846418
v 0.01987547 -0.03442532 0.00846418
v 0.02280020 -0.03256206 0.00846418
v 0.02555141 -0.03045098 0.00846418
v 0.02810816 -0.02810816 0.00846418
v 0.03045098 -0.02555141 0.00846418
v 0.03256206 -0.02280020 0.00846418
v 0.03442532 -0.01987547 0.00846418
v 0.03602658 -0.01679947 0.00846418
v 0.03735366 -0.01359562 0.00846418
v 0.03839645 -0.01028830 0.00846418
v 0.03914703 -0.00690268 0.00846418
v 0.03959967 -0.00346452 0.00846418
v 0.03975093 0.00000000 0.00846418
v 0.03952031 0.00345758 0.00836036
v 0.03906858 0.00688884 0.00836036
v 0.03831951 0.01026768 0.00836036
v 0.03727880 0.01356837 0.00836036
v 0.03595438 0.01676580 0.00836036
v 0.03435633 0.01983564 0.00836036
v 0.03249680 0.02275451 0.00836036
v 0.03038996 0.02550020 0.00836036
v 0.02805183 0.02805183 0.00836036
v 0.02550020 0.03038996 0.00836036
v 0.02275451 0.03249680 0.00836036
v 0.01983564 0.03435633 0.00836036
v 0.01676580 0.03595438 0.00836036
v 0.01356837 0.03727880 0.00836036
v 0.01026768 0.03831951 0.00836036
v 0.00688884 0.03906858 0.00836036
v 0.00345758 0.03952031 0.00836036
v -0.00000000 0.03967127 0.00836036
v -0.00345758 0.03952031 0.00836036
v -0.00688884 0.03906858 0.00836036
v -0.01026768 0.03831951 0.00836036
v -0.01356837 0.03727880 0.00836036
v -0.01676580 0.03595438 0.00836036
v -0.01983564 0.03435633 0.00836036
v -0.02275451 0.03249680 0.00836036
v -0.02550020 0.03038996 0.00836036
v -0.02805183 0.02805183 0.00836036
v -0.03038996 0.02550020 0.00836036
v -0.03249680 0.02275451 0.00836036
v -0.03435633 0.01983564 0.00836036
v -0.03595438 0.01676580 0.00836036
v -0.03727880 0.01356837 0.00836036
v -0.03831951 0.01026768 0.00836036
v -0.03906858 0.00688884 0.00836036
v -0.03952031 0.00345758 0.00836036
v -0.03967127 0.00000000 0.00836036
v -0.03952031 -0.00345758 0.00836036
v -0.03906858 -0.00688884 0.00836036
v -0.03831951 -0.01026768 0.00836036
v -0.03727880 -0.01356837 0.00836036
v -0.03595438 -0.01676580 0.00836036
v -0.03435633 -0.01983564 0.00836036
v -0.03249680 -0.02275451 0.00836036
v -0.03038996 -0.02550020 0.00836036
v -0.02805183 -0.02805183 0.00836036
v -0.02550020 -0.03038996 0.00836036
v -0.02275451 -0.03249680 0.00836036
v -0.01983564 -0.03435633 0.00836036
v -0.01676580 -0.03595438 0.00836036
v -0.01356837 -0.03727880 0.00836036
v -0.01026768 -0.03831951 0.00836036
v -0.00688884 -0.03906858 0.00836036
v -0.00345758 -0.03952031 0.00836036
v -0.00000000 -0.03967127 0.00836036
v 0.00345758 -0.03952031 0.00836036
v 0.00688884 -0.03906858 0.00836036
v 0.01026768 -0.03831951 0.00836036
v 0.01356837 -0.03727880 0.00836036
v 0.01676580 -0.03595438 0.00836036
v 0.01983564 -0.03435633 0.00836036
v 0.02275451 -0.03249680 0.00836036
v 0.02550020 -0.03038996 0.00836036
v 0.02805183 -0.02805183 0.00836036
v 0.03038996 -0.02550020 0.00836036
v 0.03249680 -0.02275451 0.00836036
v 0.03435633 -0.01983564 0.00836036
v 0.03595438 -0.01676580 0.00836036
v 0.03727880 -0.01356837 0.00836036
v 0.03831951 -0.01026768 0.00836036
v 0.03906858 -0.00688884 0.00836036
v 0.03952031 -0.00345758 0.00836036
v 0.03967127 0.00000000 0.00836036
v 0.03945027 0.00345145 0.00825000
v 0.03899933 0.00687663 0.00825000
v 0.03825159 0.01024948 0.00825000
v 0.03721273 0.01354433 0.00825000
v 0.03589066 0.01673609 0.00825000
v 0.03429544 0.01980048 0.00825000
v 0.03243921 0.02271418 0.00825000
v 0.03033610 0.02545501 0.00825000
v 0.02800211 0.02800211 0.00825000
v 0.02545501 0.03033610 0.00825000
v 0.02271418 0.03243921 0.00825000
v 0.01980048 0.03429544 0.00825000
v 0.01673609 0.03589066 0.00825000
v 0.01354433 0.03721273 0.00825000
v 0.01024948 0.03825159 0.00825000
v 0.00687663 0.03899933 0.00825000
v 0.00345145 0.03945027 0.00825000
v -0.00000000 0.03960096 0.00825000
v -0.00345145 0.03945027 0.00825000
v -0.00687663 0.03899933 0.00825000
v -0.01024948 0.03825159 0.00825000
v -0.01354433 0.03721273 0.00825000
v -0.01673609 0.03589066 0.00825000
v -0.01980048 0.03429544 0.00825000
v -0.02271418 0.03243921 0.00825000
v -0.02545501 0.03033610 0.00825000
v -0.02800211 0.02800211 0.00825000
v -0.03033610 0.02545501 0.00825000
v -0.03243921 0.02271418 0.00825000
v -0.03429544 0.01980048 0.00825000
v -0.03589066 0.01673609 0.00825000
v -0.03721273 0.01354433 0.00825000
v -0.03825159 0.01024948 0.00825000
v -0.03899933 0.00687663 0.00825000
v -0.03945027 0.00345145 0.00825000
v -0.03960096 0.00000000 0.00825000
v -0.03945027 -0.00345145 0.00825000
v -0.03899933 -0.00687663 0.00825000
v -0.03825159 -0.01024948 0.00825000
v -0.03721273 -0.01354433 0.00825000
v -0.03589066 -0.01673609 0.00825000
v -0.03429544 -0.01980048 0.00825000
v -0.03243921 -0.02271418 0.00825000
v -0.03033610 -0.02545501 0.00825000
v -0.02800211 -0.02800211 0.00825000
v -0.02545501 -0.03033610 0.00825000
v -0.02271418 -0.03243921 0.00825000
v -0.01980048 -0.03429544 0.00825000
v -0.01673609 -0.03589066 0.00825000
v -0.01354433 -0.03721273 0.00825000
v -0.01024948 -0.03825159 0.00825000
v -0.00687663 -0.03899933 0.00825000
v -0.00345145 -0.03945027 0.00825000
v -0.00000000 -0.03960096 0.00825000
v 0.00345145 -0.03945027 0.00825000
v 0.00687663 -0.03899933 0.00825000
v 0.01024948 -0.03825159 0.00825000
v 0.01354433 -0.03721273 0.00825000
v 0.01673609 -0.03589066 0.00825000
v 0.01980048 -0.03429544 0.00825000
v 0.02271418 -0.03243921 0.00825000
v 0.02545501 -0.03033610 0.00825000
v 0.02800211 -0.02800211 0.00825000
v 0.03033610 -0.02545501 0.00825000
v 0.03243921 -0.02271418 0.00825000
v 0.03429544 -0.01980048 0.00825000
v 0.03589066 -0.01673609 0.00825000
v 0.03721273 -0.01354433 0.00825000
v 0.03825159 -0.01024948 0.00825000
v 0.03899933 -0.00687663 0.00825000
v 0.03945027 -0.00345145 0.00825000
v 0.03960096 0.00000000 0.00825000
v 0.03939008 0.00344619 0.00813393
v 0.03893983 0.00686614 0.00813393
v 0.03819323 0.01023384 0.00813393
v 0.03715595 0.01352366 0.00813393
v 0.03583590 0.01671055 0.00813393
v 0.03424311 0.01977027 0.00813393
v 0.03238971 0.02267952 0.00813393
v 0.03028981 0.02541617 0.00813393
v 0.02795938 0.02795938 0.00813393
v 0.02541617 0.03028981 0.00813393
v 0.02267952 0.03238971 0.00813393
v 0.01977027 0.03424311 0.00813393
v 0.01671055 0.03583590 0.00813393
v 0.01352366 0.03715595 0.00813393
v 0.01023384 0.03819323 0.00813393
v 0.00686614 0.03893983 0.00813393
v 0.00344619 0.03939008 0.00813393
v -0.00000000 0.03954054 0.00813393
v -0.00344619 0.03939008 0.00813393
v -0.00686614 0.03893983 0.00813393
v -0.01023384 0.03819323 0.00813393
v -0.01352366 0.03715595 0.00813393
v -0.01671055 0.03583590 0.00813393
v -0.01977027 0.03424311 0.00813393
v -0.02267952 0.03238971 0.00813393
v -0.02541617 0.03028981 0.00813393
v -0.02795938 0.02795938 0.00813393
v -0.03028981 0.02541617 0.00813393
v -0.03238971 0.02267952 0.00813393
v -0.03424311 0.01977027 0.00813393
v -0.03583590 0.01671055 0.00813393
v -0.03715595 0.01352366 0.00813393
v -0.03819323 0.01023384 0.00813393
v -0.03893983 0.00686614 0.00813393
v -0.03939008 0.00344619 0.00813393
v -0.03954054 0.00000000 0.00813393
v -0.03939008 -0.00344619 0.00813393
v -0.03893983 -0.00686614 0.00813393
v -0.03819323 -0.01023384 0.00813393
v -0.03715595 -0.01352366 0.00813393
v -0.03583590 -0.01671055 0.00813393
v -0.03424311 -0.01977027 0.00813393
v -0.03238971 -0.02267952 0.00813393
v -0.03028981 -0.02541617 0.00813393
v -0.02795938 -0.02795938 0.00813393
v -0.02541617 -0.03028981 0.00813393
v -0.02267952 -0.03238971 0.00813393
v -0.01977027 -0.03424311 0.00813393
v -0.01671055 -0.03583590 0.00813393
v -0.01352366 -0.03715595 0.00813393
v -0.01023384 -0.03819323 0.00813393
v -0.00686614 -0.03893983 0.00813393
v -0.00344619 -0.03939008 0.00813393
v -0.00000000 -0.03954054 0.00813393
v 0.00344619 -0.03939008 0.00813393
v 0.00686614 -0.03893983 0.00813393
v 0.01023384 -0.03819323 0.00813393
v 0.01352366 -0.03715595 0.00813393
v 0.01671055 -0.03583590 0.00813393
v 0.01977027 -0.03424311 0.00813393
v 0.02267952 -0.03238971 0.00813393
v 0.02541617 -0.03028981 0.00813393
v 0.02795938 -0.02795938 0.00813393
v 0.03028981 -0.02541617 0.00813393
v 0.03238971 -0.02267952 0.00813393
v 0.03424311 -0.01977027 0.00813393
v 0.03583590 -0.01671055 0.00813393
v 0.03715595 -0.01352366 0.00813393
v 0.03819323 -0.01023384 0.00813393
v 0.03893983 -0.00686614 0.00813393
v 0.03939008 -0.00344619 0.00813393
v 0.03954054 0.00000000 0.00813393
v 0.03934019 0.00344182 0.00801303
v 0.03889051 0.00685745 0.00801303
v 0.03814486 0.01022088 0.00801303
v 0.03710889 0.01350653 0.00801303
v 0.03579051 0.01668939 0.00801303
v 0.03419974 0.01974523 0.00801303
v 0.03234869 0.02265080 0.00801303
v 0.03025145 0.02538398 0.00801303
v 0.02792397 0.02792397 0.00801303
v 0.02538398 0.03025145 0.00801303
v 0.02265080 0.03234869 0.00801303
v 0.01974523 0.03419974 0.00801303
v 0.01668939 0.03579051 0.00801303
v 0.01350653 0.03710889 0.00801303
v 0.01022088 0.03814486 0.00801303
v 0.00685745 0.03889051 0.00801303
v 0.00344182 0.03934019 0.00801303
v -0.00000000 0.03949046 0.00801303
v -0.00344182 0.03934019 0.00801303
v -0.00685745 0.03889051 0.00801303
v -0.01022088 0.03814486 0.00801303
v -0.01350653 0.03710889 0.00801303
v -0.01668939 0.03579051 0.00801303
v -0.01974523 0.03419974 0.00801303
v -0.02265080 0.03234869 0.00801303
v -0.02538398 0.03025145 0.00801303
v -0.02792397 0.02792397 0.00801303
v -0.03025145 0.02538398 0.00801303
v -0.03234869 0.02265080 0.00801303
v -0.03419974 0.01974523 0.00801303
v -0.03579051 0.01668939 0.00801303
v -0.03710889 0.01350653 0.00801303
v -0.03814486 0.01022088 0.00801303
v -0.03889051 0.00685745 0.00801303
v -0.03934019 0.00344182 0.00801303
v -0.03949046 0.00000000 0.00801303
v -0.03934019 -0.00344182 0.00801303
v -0.03889051 -0.00685745 0.00801303
v -0.03814486 -0.01022088 0.00801303
v -0.03710889 -0.01350653 0.00801303
v -0.03579051 -0.01668939 0.00801303
v -0.03419974 -0.01974523 0.00801303
v -0.03234869 -0.02265080 0.00801303
v -0.03025145 -0.02538398 0.00801303
v -0.02792397 -0.02792397 0.00801303
v -0.02538398 -0.03025145 0.00801303
v -0.02265080 -0.03234869 0.00801303
v -0.01974523 -0.03419974 0.00801303
v -0.01668939 -0.03579051 0.00801303
v -0.01350653 -0.03710889 0.00801303
v -0.01022088 -0.03814486 0.00801303
v -0.00685745 -0.03889051 0.00801303
v -0.00344182 -0.03934019 0.00801303
v -0.00000000 -0.03949046 0.00801303
v 0.00344182 -0.03934019 0.00801303
v 0.00685745 -0.03889051 0.00801303
v 0.01022088 -0.03814486 0.00801303
v 0.01350653 -0.03710889 0.00801303
v 0.01668939 -0.03579051 0.00801303
v 0.01974523 -0.03419974 0.00801303
v 0.02265080 -0.03234869 0.00801303
v 0.02538398 -0.03025145 0.00801303
v 0.02792397 -0.02792397 0.00801303
v 0.03025145 -0.02538398 0.00801303
v 0.03234869 -0.02265080 0.00801303
v 0.03419974 -0.01974523 0.00801303
v 0.03579051 -0.01668939 0.00801303
v 0.03710889 -0.01350653 0.00801303
v 0.03814486 -0.01022088 0.00801303
v 0.03889051 -0.00685745 0.00801303
v 0.03934019 -0.00344182 0.00801303
v 0.03949046 0.00000000 0.00801303
v 0.03930099 0.00343839 0.00788823
v 0.03885176 0.00685061 0.00788823
v 0.03810685 0.01021070 0.00788823
v 0.03707192 0.01349308 0.00788823
v 0.03575485 0.01667276 0.00788823
v 0.03416567 0.01972556 0.00788823
v 0.03231646 0.02262823 0.00788823
v 0.03022130 0.02535869 0.00788823
v 0.02789615 0.02789615 0.00788823
v 0.02535869 0.03022130 0.00788823
v 0.02262823 0.03231646 0.00788823
v 0.01972556 0.03416567 0.00788823
v 0.01667276 0.03575485 0.00788823
v 0.01349308 0.03707192 0.00788823
v 0.01021070 0.03810685 0.00788823
v 0.00685061 0.03885176 0.00788823
v 0.00343839 0.03930099 0.00788823
v -0.00000000 0.03945111 0.00788823
v -0.00343839 0.03930099 0.00788823
v -0.00685061 0.03885176 0.00788823
v -0.01021070 0.03810685 0.00788823
v -0.01349308 0.03707192 0.00788823
v -0.01667276 0.03575485 0.00788823
v -0.01972556 0.03416567 0.00788823
v -0.02262823 0.03231646 0.00788823
v -0.02535869 0.03022130 0.00788823
v -0.02789615 0.02789615 0.00788823
v -0.03022130 0.02535869 0.00788823
v -0.03231646 0.02262823 0.00788823
v -0.03416567 0.01972556 0.00788823
v -0.03575485 0.01667276 0.00788823
v -0.03707192 0.01349308 0.00788823
v -0.03810685 0.01021070 0.00788823
v -0.03885176 0.00685061 0.00788823
v -0.03930099 0.00343839 0.00788823
v -0.03945111 0.00000000 0.00788823
v -0.03930099 -0.00343839 0.00788823
v -0.03885176 -0.00685061 0.00788823
v -0.03810685 -0.01021070 0.00788823
v -0.03707192 -0.01349308 0.00788823
v -0.03575485 -0.01667276 0.00788823
v -0.03416567 -0.01972556 0.00788823
v -0.03231646 -0.02262823 0.00788823
v -0.03022130 -0.02535869 0.00788823
v -0.02789615 -0.02789615 0.00788823
v -0.02535869 -0.03022130 0.00788823
v -0.02262823 -0.03231646 0.00788823
v -0.01972556 -0.03416567 0.00788823
v -0.01667276 -0.03575485 0.00788823
v -0.01349308 -0.03707192 0.00788823
v -0.01021070 -0.03810685 0.00788823
v -0.00685061 -0.03885176 0.00788823
v -0.00343839 -0.03930099 0.00788823
v -0.00000000 -0.03945111 0.00788823
v 0.00343839 -0.03930099 0.00788823
v 0.00685061 -0.03885176 0.00788823
v 0.01021070 -0.03810685 0.00788823
v 0.01349308 -0.03707192 0.00788823
v 0.01667276 -0.03575485 0.00788823
v 0.01972556 -0.03416567 0.00788823
v 0.02262823 -0.03231646 0.00788823
v 0.02535869 -0.03022130 0.00788823
v 0.02789615 -0.02789615 0.00788823
v 0.03022130 -0.02535869 0.00788823
v 0.03231646 -0.02262823 0.00788823
v 0.03416567 -0.01972556 0.00788823
v 0.03575485 -0.01667276 0.00788823
v 0.03707192 -0.01349308 0.00788823
v 0.03810685 -0.01021070 0.00788823
v 0.03885176 -0.00685061 0.00788823
v 0.03930099 -0.00343839 0.00788823
v 0.03945111 0.00000000 0.00788823
v 0.03927277 0.00343592 0.00776047
v 0.03882387 0.00684570 0.00776047
v 0.03807949 0.01020337 0.00776047
v 0.03704530 0.01348339 0.00776047
v 0.03572918 0.01666079 0.00776047
v 0.03414113 0.01971139 0.00776047
v 0.03229326 0.02261198 0.00776047
v 0.03019961 0.02534048 0.00776047
v 0.02787612 0.02787612 0.00776047
v 0.02534048 0.03019961 0.00776047
v 0.02261198 0.03229326 0.00776047
v 0.01971139 0.03414113 0.00776047
v 0.01666079 0.03572918 0.00776047
v 0.01348339 0.03704530 0.00776047
v 0.01020337 0.03807949 0.00776047
v 0.00684570 0.03882387 0.00776047
v 0.00343592 0.03927277 0.00776047
v -0.00000000 0.03942279 0.00776047
v -0.00343592 0.03927277 0.00776047
v -0.00684570 0.03882387 0.00776047
v -0.01020337 0.03807949 0.00776047
v -0.01348339 0.03704530 0.00776047
v -0.01666079 0.03572918 0.00776047
v -0.01971139 0.03414113 0.00776047
v -0.02261198 0.03229326 0.00776047
v -0.02534048 0.03019961 0.00776047
v -0.02787612 0.02787612 0.00776047
v -0.03019961 0.02534048 0.00776047
v -0.03229326 0.02261198 0.00776047
v -0.03414113 0.01971139 0.00776047
v -0.03572918 0.01666079 0.00776047
v -0.03704530 0.01348339 0.00776047
v -0.03807949 0.01020337 0.00776047
v -0.03882387 0.00684570 0.00776047
v -0.03927277 0.00343592 0.00776047
v -0.03942279 0.00000000 0.00776047
v -0.03927277 -0.00343592 0.00776047
v -0.03882387 -0.00684570 0.00776047
v -0.03807949 -0.01020337 0.00776047
v -0.03704530 -0.01348339 0.00776047
v -0.03572918 -0.01666079 0.00776047
v -0.03414113 -0.01971139 0.00776047
v -0.03229326 -0.02261198 0.00776047
v -0.03019961 -0.02534048 0.00776047
v -0.02787612 -0.02787612 0.00776047
v -0.02534048 -0.03019961 0.00776047
v -0.02261198 -0.03229326 0.00776047
v -0.01971139 -0.03414113 0.00776047
v -0.01666079 -0.03572918 0.00776047
v -0.01348339 -0.03704530 0.00776047
v -0.01020337 -0.03807949 0.00776047
v -0.00684570 -0.03882387 0.00776047
v -0.00343592 -0.03927277 0.00776047
v -0.00000000 -0.03942279 0.00776047
v 0.00343592 -0.03927277 0.00776047
v 0.00684570 -0.03882387 0.00776047
v 0.01020337 -0.03807949 0.00776047
v 0.01348339 -0.03704530 0.00776047
v 0.01666079 -0.03572918 0.00776047
v 0.01971139 -0.03414113 0.00776047
v 0.02261198 -0.03229326 0.00776047
v 0.02534048 -0.03019961 0.00776047
v 0.02787612 -0.02787612 0.00776047
v 0.03019961 -0.02534048 0.00776047
v 0.03229326 -0.02261198 0.00776047
v 0.03414113 -0.01971139 0.00776047
v 0.03572918 -0.01666079 0.00776047
v 0.03704530 -0.01348339 0.00776047
v 0.03807949 -0.01020337 0.00776047
v 0.03882387 -0.00684570 0.00776047
v 0.03927277 -0.00343592 0.00776047
v 0.03942279 0.00000000 0.00776047
v 0.03925576 0.00343443 0.00763073
v 0.03880705 0.00684273 0.00763073
v 0.03806299 0.01019895 0.00763073
v 0.03702925 0.01347755 0.00763073
v 0.03571370 0.01665357 0.00763073
v 0.03412635 0.01970285 0.00763073
v 0.03227927 0.02260219 0.00763073
v 0.03018652 0.02532950 0.00763073
v 0.02786404 0.02786404 0.00763073
v 0.02532950 0.03018652 0.00763073
v 0.02260219 0.03227927 0.00763073
v 0.01970285 0.03412635 0.00763073
v 0.01665357 0.03571370 0.00763073
v 0.01347755 0.03702925 0.00763073
v 0.01019895 0.03806299 0.00763073
v 0.00684273 0.03880705 0.00763073
v 0.00343443 0.03925576 0.00763073
v -0.00000000 0.03940571 0.00763073
v -0.00343443 0.03925576 0.00763073
v -0.00684273 0.03880705 0.00763073
v -0.01019895 0.03806299 0.00763073
v -0.01347755 0.03702925 0.00763073
v -0.01665357 0.03571370 0.00763073
v -0.01970285 0.03412635 0.00763073
v -0.02260219 0.03227927 0.00763073
v -0.02532950 0.03018652 0.00763073
v -0.02786404 0.02786404 0.00763073
v -0.03018652 0.02532950 0.00763073
v -0.03227927 0.02260219 0.00763073
v -0.03412635 0.01970285 0.00763073
v -0.03571370 0.01665357 0.00763073
v -0.03702925 0.01347755 0.00763073
v -0.03806299 0.01019895 0.00763073
v -0.03880705 0.00684273 0.00763073
v -0.03925576 0.00343443 0.00763073
v -0.03940571 0.00000000 0.00763073
v -0.03925576 -0.00343443 0.00763073
v -0.03880705 -0.00684273 0.00763073
v -0.03806299 -0.01019895 0.00763073
v -0.03702925 -0.01347755 0.00763073
v -0.03571370 -0.01665357 0.00763073
v -0.03412635 -0.01970285 0.00763073
v -0.03227927 -0.02260219 0.00763073
v -0.03018652 -0.02532950 0.00763073
v -0.02786404 -0.02786404 0.00763073
v -0.02532950 -0.03018652 0.00763073
v -0.02260219 -0.03227927 0.00763073
v -0.01970285 -0.03412635 0.00763073
v -0.01665357 -0.03571370 0.00763073
v -0.01347755 -0.03702925 0.00763073
v -0.01019895 -0.03806299 0.00763073
v -0.00684273 -0.03880705 0.00763073
v -0.00343443 -0.03925576 0.00763073
v -0.00000000 -0.03940571 0.00763073
v 0.00343443 -0.03925576 0.00763073
v 0.00684273 -0.03880705 0.00763073
v 0.01019895 -0.03806299 0.00763073
v 0.01347755 -0.03702925 0.00763073
v 0.01665357 -0.03571370 0.00763073
v 0.01970285 -0.03412635 0.00763073
v 0.02260219 -0.03227927 0.00763073
v 0.02532950 -0.03018652 0.00763073
v 0.02786404 -0.02786404 0.00763073
v 0.03018652 -0.02532950 0.00763073
v 0.03227927 -0.02260219 0.00763073
v 0.03412635 -0.01970285 0.00763073
v 0.03571370 -0.01665357 0.00763073
v 0.03702925 -0.01347755 0.00763073
v 0.03806299 -0.01019895 0.00763073
v 0.03880705 -0.00684273 0.00763073
v 0.03925576 -0.00343443 0.00763073
v 0.03940571 0.00000000 0.00763073
v 0.03925007 0.00343394 0.00750000
v 0.03880142 0.00684174 0.00750000
v 0.03805748 0.01019747 0.00750000
v 0.03702389 0.01347559 0.00750000
v 0.03570853 0.01665116 0.00750000
v 0.03412140 0.01970000 0.00750000
v 0.03227459 0.02259891 0.00750000
v 0.03018215 0.02532583 0.00750000
v 0.02786001 0.02786001 0.00750000
v 0.02532583 0.03018215 0.00750000
v 0.02259891 0.03227459 0.00750000
v 0.01970000 0.03412140 0.00750000
v 0.01665116 0.03570853 0.00750000
v 0.01347559 0.03702389 0.00750000
v 0.01019747 0.03805748 0.00750000
v 0.00684174 0.03880142 0.00750000
v 0.00343394 0.03925007 0.00750000
v -0.00000000 0.03940000 0.00750000
v -0.00343394 0.03925007 0.00750000
v -0.00684174 0.03880142 0.00750000
v -0.01019747 0.03805748 0.00750000
v -0.01347559 0.03702389 0.00750000
v -0.01665116 0.03570853 0.00750000
v -0.01970000 0.03412140 0.00750000
v -0.02259891 0.03227459 0.00750000
v -0.02532583 0.03018215 0.00750000
v -0.02786001 0.02786001 0.00750000
v -0.03018215 0.02532583 0.00750000
v -0.03227459 0.02259891 0.00750000
v -0.03412140 0.01970000 0.00750000
v -0.03570853 0.01665116 0.00750000
v -0.03702389 0.01347559 0.00750000
v -0.03805748 0.01019747 0.00750000
v -0.03880142 0.00684174 0.00750000
v -0.03925007 0.00343394 0.00750000
v -0.03940000 0.00000000 0.00750000
v -0.03925007 -0.00343394 0.00750000
v -0.03880142 -0.00684174 0.00750000
v -0.03805748 -0.01019747 0.00750000
v -0.03702389 -0.01347559 0.00750000
v -0.03570853 -0.01665116 0.00750000
v -0.03412140 -0.01970000 0.00750000
v -0.03227459 -0.02259891 0.00750000
v -0.03018215 -0.02532583 0.00750000
v -0.02786001 -0.02786001 0.00750000
v -0.02532583 -0.03018215 0.00750000
v -0.02259891 -0.03227459 0.00750000
v -0.01970000 -0.03412140 0.00750000
v -0.01665116 -0.03570853 0.00750000
v -0.01347559 -0.03702389 0.00750000
v -0.01019747 -0.03805748 0.00750000
v -0.00684174 -0.03880142 0.00750000
v -0.00343394 -0.03925007 0.00750000
v -0.00000000 -0.03940000 0.00750000
v 0.00343394 -0.03925007 0.00750000
v 0.00684174 -0.03880142 0.00750000
v 0.01019747 -0.03805748 0.00750000
v 0.01347559 -0.03702389 0.00750000
v 0.01665116 -0.03570853 0.00750000
v 0.01970000 -0.03412140 0.00750000
v 0.02259891 -0.03227459 0.00750000
v 0.02532583 -0.03018215 0.00750000
v 0.02786001 -0.02786001 0.00750000
v 0.03018215 -0.02532583 0.00750000
v 0.03227459 -0.02259891 0.00750000
v 0.03412140 -0.01970000 0.00750000
v 0.03570853 -0.01665116 0.00750000
v 0.03702389 -0.01347559 0.00750000
v 0.03805748 -0.01019747 0.00750000
v 0.03880142 -0.00684174 0.00750000
v 0.03925007 -0.00343394 0.00750000
v 0.03940000 0.00000000 0.00750000
v 0.03925576 0.00343443 0.00736927
v 0.03880705 0.00684273 0.00736927
v 0.03806299 0.01019895 0.00736927
v 0.03702925 0.01347755 0.00736927
v 0.03571370 0.01665357 0.00736927
v 0.03412635 0.01970285 0.00736927
v 0.03227927 0.02260219 0.00736927
v 0.03018652 0.02532950 0.00736927
v 0.02786404 0.02786404 0.00736927
v 0.02532950 0.03018652 0.00736927
v 0.02260219 0.03227927 0.00736927
v 0.01970285 0.03412635 0.00736927
v 0.01665357 0.03571370 0.00736927
v 0.01347755 0.03702925 0.00736927
v 0.01019895 0.03806299 0.00736927
v 0.00684273 0.03880705 0.00736927
v 0.00343443 0.03925576 0.00736927
v -0.00000000 0.03940571 0.00736927
v -0.00343443 0.03925576 0.00736927
v -0.00684273 0.03880705 0.00736927
v -0.01019895 0.03806299 0.00736927
v -0.01347755 0.03702925 0.00736927
v -0.01665357 0.03571370 0.00736927
v -0.01970285 0.03412635 0.00736927
v -0.02260219 0.03227927 0.00736927
v -0.02532950 0.03018652 0.00736927
v -0.02786404 0.02786404 0.00736927
v -0.03018652 0.02532950 0.00736927
v -0.03227927 0.02260219 0.00736927
v -0.03412635 0.01970285 0.00736927
v -0.03571370 0.01665357 0.00736927
v -0.03702925 0.01347755 0.00736927
v -0.03806299 0.01019895 0.00736927
v -0.03880705 0.00684273 0.00736927
v -0.03925576 0.00343443 0.00736927
v -0.03940571 0.00000000 0.00736927
v -0.03925576 -0.00343443 0.00736927
v -0.03880705 -0.00684273 0.00736927
v -0.03806299 -0.01019895 0.00736927
v -0.03702925 -0.01347755 0.00736927
v -0.03571370 -0.01665357 0.00736927
v -0.03412635 -0.01970285 0.00736927
v -0.03227927 -0.02260219 0.00736927
v -0.03018652 -0.02532950 0.00736927
v -0.02786404 -0.02786404 0.00736927
v -0.02532950 -0.03018652 0.00736927
v -0.02260219 -0.03227927 0.00736927
v -0.01970285 -0.03412635 0.00736927
v -0.01665357 -0.03571370 0.00736927
v -0.01347755 -0.03702925 0.00736927
v -0.01019895 -0.03806299 0.00736927
v -0.00684273 -0.03880705 0.00736927
v -0.00343443 -0.03925576 0.00736927
v -0.00000000 -0.03940571 0.00736927
v 0.00343443 -0.03925576 0.00736927
v 0.00684273 -0.03880705 0.00736927
v 0.01019895 -0.03806299 0.00736927
v 0.01347755 -0.03702925 0.00736927
v 0.01665357 -0.03571370 0.00736927
v 0.01970285 -0.03412635 0.00736927
v 0.02260219 -0.03227927 0.00736927
v 0.02532950 -0.03018652 0.00736927
v 0.02786404 -0.02786404 0.00736927
v 0.03018652 -0.02532950 0.00736927
v 0.03227927 -0.02260219 0.00736927
v 0.03412635 -0.01970285 0.00736927
v 0.03571370 -0.01665357 0.00736927
v 0.03702925 -0.01347755 0.00736927
v 0.03806299 -0.01019895 0.00736927
v 0.03880705 -0.00684273 0.00736927
v 0.03925576 -0.00343443 0.00736927
v 0.03940571 0.00000000 0.00736927
v 0.03927277 0.00343592 0.00723953
v 0.03882387 0.00684570 0.00723953
v 0.03807949 0.01020337 0.00723953
v 0.03704530 0.01348339 0.00723953
v 0.03572918 0.01666079 0.00723953
v 0.03414113 0.01971139 0.00723953
v 0.03229326 0.02261198 0.00723953
v 0.03019961 0.02534048 0.00723953
v 0.02787612 0.02787612 0.00723953
v 0.02534048 0.03019961 0.00723953
v 0.02261198 0.03229326 0.00723953
v 0.01971139 0.03414113 0.00723953
v 0.01666079 0.03572918 0.00723953
v 0.01348339 0.03704530 0.00723953
v 0.01020337 0.03807949 0.00723953
v 0.00684570 0.03882387 0.00723953
v 0.00343592 0.03927277 0.00723953
v -0.00000000 0.03942279 0.00723953
v -0.00343592 0.03927277 0.00723953
v -0.00684570 0.03882387 0.00723953
v -0.01020337 0.03807949 0.00723953
v -0.01348339 0.03704530 0.00723953
v -0.01666079 0.03572918 0.00723953
v -0.01971139 0.03414113 0.00723953
v -0.02261198 0.03229326 0.00723953
v -0.02534048 0.03019961 0.00723953
v -0.02787612 0.02787612 0.00723953
v -0.03019961 0.02534048 0.00723953
v -0.03229326 0.02261198 0.00723953
v -0.03414113 0.01971139 0.00723953
v -0.03572918 0.01666079 0.00723953
v -0.03704530 0.01348339 0.00723953
v -0.03807949 0.01020337 0.00723953
v -0.03882387 0.00684570 0.00723953
v -0.03927277 0.00343592 0.00723953
v -0.03942279 0.00000000 0.00723953
v -0.03927277 -0.00343592 0.00723953
v -0.03882387 -0.00684570 0.00723953
v -0.03807949 -0.01020337 0.00723953
v -0.03704530 -0.01348339 0.00723953
v -0.03572918 -0.01666079 0.00723953
v -0.03414113 -0.01971139 0.00723953
v -0.03229326 -0.02261198 0.00723953
v -0.03019961 -0.02534048 0.00723953
v -0.02787612 -0.02787612 0.00723953
v -0.02534048 -0.03019961 0.00723953
v -0.02261198 -0.03229326 0.00723953
v -0.01971139 -0.03414113 0.00723953
v -0.01666079 -0.03572918 0.00723953
v -0.01348339 -0.03704530 0.00723953
v -0.01020337 -0.03807949 0.00723953
v -0.00684570 -0.03882387 0.00723953
v -0.00343592 -0.03927277 0.00723953
v -0.00000000 -0.03942279 0.00723953
v 0.00343592 -0.03927277 0.00723953
v 0.00684570 -0.03882387 0.00723953
v 0.01020337 -0.03807949 0.00723953
v 0.01348339 -0.03704530 0.00723953
v 0.01666079 -0.03572918 0.00723953
v 0.01971139 -0.03414113 0.00723953
v 0.02261198 -0.03229326 0.00723953
v 0.02534048 -0.03019961 0.00723953
v 0.02787612 -0.02787612 0.00723953
v 0.03019961 -0.02534048 0.00723953
v 0.03229326 -0.02261198 0.00723953
v 0.03414113 -0.01971139 0.00723953
v 0.03572918 -0.01666079 0.00723953
v 0.03704530 -0.01348339 0.00723953
v 0.03807949 -0.01020337 0.00723953
v 0.03882387 -0.00684570 0.00723953
v 0.03927277 -0.00343592 0.00723953
v 0.03942279 0.00000000 0.00723953
v 0.03930099 0.00343839 0.00711177
v 0.03885176 0.00685061 0.00711177
v 0.03810685 0.01021070 0.00711177
v 0.03707192 0.01349308 0.00711177
v 0.03575485 0.01667276 0.00711177
v 0.03416567 0.01972556 0.00711177
v 0.03231646 0.02262823 0.00711177
v 0.03022130 0.02535869 0.00711177
v 0.02789615 0.02789615 0.00711177
v 0.02535869 0.03022130 0.00711177
v 0.02262823 0.03231646 0.00711177
v 0.01972556 0.03416567 0.00711177
v 0.01667276 0.03575485 0.00711177
v 0.01349308 0.03707192 0.00711177
v 0.01021070 0.03810685 0.00711177
v 0.00685061 0.03885176 0.00711177
v 0.00343839 0.03930099 0.00711177
v -0.00000000 0.03945111 0.00711177
v -0.00343839 0.03930099 0.00711177
v -0.00685061 0.03885176 0.00711177
v -0.01021070 0.03810685 0.00711177
v -0.01349308 0.03707192 0.00711177
v -0.01667276 0.03575485 0.00711177
v -0.01972556 0.03416567 0.00711177
v -0.02262823 0.03231646 0.00711177
v -0.02535869 0.03022130 0.00711177
v -0.02789615 0.02789615 0.00711177
v -0.03022130 0.02535869 0.00711177
v -0.03231646 0.02262823 0.00711177
v -0.03416567 0.01972556 0.00711177
v -0.03575485 0.01667276 0.00711177
v -0.03707192 0.01349308 0.00711177
v -0.03810685 0.01021070 0.00711177
v -0.03885176 0.00685061 0.00711177
v -0.03930099 0.00343839 0.00711177
v -0.03945111 0.00000000 0.00711177
v -0.03930099 -0.00343839 0.00711177
v -0.03885176 -0.00685061 0.00711177
v -0.03810685 -0.01021070 0.00711177
v -0.03707192 -0.01349308 0.00711177
v -0.03575485 -0.01667276 0.00711177
v -0.03416567 -0.01972556 0.00711177
v -0.03231646 -0.02262823 0.00711177
v -0.03022130 -0.02535869 0.00711177
v -0.02789615 -0.02789615 0.00711177
v -0.02535869 -0.03022130 0.00711177
v -0.02262823 -0.03231646 0.00711177
v -0.01972556 -0.03416567 0.00711177
v -0.01667276 -0.03575485 0.00711177
v -0.01349308 -0.03707192 0.00711177
v -0.01021070 -0.03810685 0.00711177
v -0.00685061 -0.03885176 0.00711177
v -0.00343839 -0.03930099 0.00711177
v -0.00000000 -0.03945111 0.00711177
v 0.00343839 -0.03930099 0.00711177
v 0.00685061 -0.03885176 0.00711177
v 0.01021070 -0.03810685 0.00711177
v 0.01349308 -0.03707192 0.00711177
v 0.01667276 -0.03575485 0.00711177
v 0.01972556 -0.03416567 0.00711177
v 0.02262823 -0.03231646 0.00711177
v 0.02535869 -0.03022130 0.00711177
v 0.02789615 -0.02789615 0.00711177
v 0.03022130 -0.02535869 0.00711177
v 0.03231646 -0.02262823 0.00711177
v 0.03416567 -0.01972556 0.00711177
v 0.03575485 -0.01667276 0.00711177
v 0.03707192 -0.01349308 0.00711177
v 0.03810685 -0.01021070 0.00711177
v 0.03885176 -0.00685061 0.00711177
v 0.03930099 -0.00343839 0.00711177
v 0.03945111 0.00000000 0.00711177
v 0.03934019 0.00344182 0.00698697
v 0.03889051 0.00685745 0.00698697
v 0.03814486 0.01022088 0.00698697
v 0.03710889 0.01350653 0.00698697
v 0.03579051 0.01668939 0.00698697
v 0.03419974 0.01974523 0.00698697
v 0.03234869 0.02265080 0.00698697
v 0.03025145 0.02538398 0.00698697
v 0.02792397 0.02792397 0.00698697
v 0.02538398 0.03025145 0.00698697
v 0.02265080 0.03234869 0.00698697
v 0.01974523 0.03419974 0.00698697
v 0.01668939 0.03579051 0.00698697
v 0.01350653 0.03710889 0.00698697
v 0.01022088 0.03814486 0.00698697
v 0.00685745 0.03889051 0.00698697
v 0.00344182 0.03934019 0.00698697
v -0.00000000 0.03949046 0.00698697
v -0.00344182 0.03934019 0.00698697
v -0.00685745 0.03889051 0.00698697
v -0.01022088 0.03814486 0.00698697
v -0.01350653 0.03710889 0.00698697
v -0.01668939 0.03579051 0.00698697
v -0.01974523 0.03419974 0.00698697
v -0.02265080 0.03234869 0.00698697
v -0.02538398 0.03025145 0.00698697
v -0.02792397 0.02792397 0.00698697
v -0.03025145 0.02538398 0.00698697
v -0.03234869 0.02265080 0.00698697
v -0.03419974 0.01974523 0.00698697
v -0.03579051 0.01668939 0.00698697
v -0.03710889 0.01350653 0.00698697
v -0.03814486 0.01022088 0.00698697
v -0.03889051 0.00685745 0.00698697
v -0.03934019 0.00344182 0.00698697
v -0.03949046 0.00000000 0.00698697
v -0.03934019 -0.00344182 0.00698697
v -0.03889051 -0.00685745 0.00698697
v -0.03814486 -0.01022088 0.00698697
v -0.03710889 -0.01350653 0.00698697
v -0.03579051 -0.01668939 0.00698697
v -0.03419974 -0.01974523 0.00698697
v -0.03234869 -0.02265080 0.00698697
v -0.03025145 -0.02538398 0.00698697
v -0.02792397 -0.02792397 0.00698697
v -0.02538398 -0.03025145 0.00698697
v -0.02265080 -0.03234869 0.00698697
v -0.01974523 -0.03419974 0.00698697
v -0.01668939 -0.03579051 0.00698697
v -0.01350653 -0.03710889 0.00698697
v -0.01022088 -0.03814486 0.00698697
v -0.00685745 -0.03889051 0.00698697
v -0.00344182 -0.03934019 0.00698697
v -0.00000000 -0.03949046 0.00698697
v 0.00344182 -0.03934019 0.00698697
v 0.00685745 -0.03889051 0.00698697
v 0.01022088 -0.03814486 0.00698697
v 0.01350653 -0.03710889 0.00698697
v 0.01668939 -0.03579051 0.00698697
v 0.01974523 -0.03419974 0.00698697
v 0.02265080 -0.03234869 0.00698697
v 0.02538398 -0.03025145 0.00698697
v 0.02792397 -0.02792397 0.00698697
v 0.03025145 -0.02538398 0.00698697
v 0.03234869 -0.02265080 0.00698697
v 0.03419974 -0.01974523 0.00698697
v 0.03579051 -0.01668939 0.00698697
v 0.03710889 -0.01350653 0.00698697
v 0.03814486 -0.01022088 0.00698697
v 0.03889051 -0.00685745 0.00698697
v 0.03934019 -0.00344182 0.00698697
v 0.03949046 0.00000000 0.00698697
v 0.03939008 0.00344619 0.00686607
v 0.03893983 0.00686614 0.00686607
v 0.03819323 0.01023384 0.00686607
v 0.03715595 0.01352366 0.00686607
v 0.03583590 0.01671055 0.00686607
v 0.03424311 0.01977027 0.00686607
v 0.03238971 0.02267952 0.00686607
v 0.03028981 0.02541617 0.00686607
v 0.02795938 0.02795938 0.00686607
v 0.02541617 0.03028981 0.00686607
v 0.02267952 0.03238971 0.00686607
v 0.01977027 0.03424311 0.00686607
v 0.01671055 0.03583590 0.00686607
v 0.01352366 0.03715595 0.00686607
v 0.01023384 0.03819323 0.00686607
v 0.00686614 0.03893983 0.00686607
v 0.00344619 0.03939008 0.00686607
v -0.00000000 0.03954054 0.00686607
v -0.00344619 0.03939008 0.00686607
v -0.00686614 0.03893983 0.00686607
v -0.01023384 0.03819323 0.00686607
v -0.01352366 0.03715595 0.00686607
v -0.01671055 0.03583590 0.00686607
v -0.01977027 0.03424311 0.00686607
v -0.02267952 0.03238971 0.00686607
v -0.02541617 0.03028981 0.00686607
v -0.02795938 0.02795938 0.00686607
v -0.03028981 0.02541617 0.00686607
v -0.03238971 0.02267952 0.00686607
v -0.03424311 0.01977027 0.00686607
v -0.03583590 0.01671055 0.00686607
v -0.03715595 0.01352366 0.00686607
v -0.03819323 0.01023384 0.00686607
v -0.03893983 0.00686614 0.00686607
v -0.03939008 0.00344619 0.00686607
v -0.03954054 0.00000000 0.00686607
v -0.03939008 -0.00344619 0.00686607
v -0.03893983 -0.00686614 0.00686607
v -0.03819323 -0.01023384 0.00686607
v -0.03715595 -0.01352366 0.00686607
v -0.03583590 -0.01671055 0.00686607
v -0.03424311 -0.01977027 0.00686607
v -0.03238971 -0.02267952 0.00686607
v -0.03028981 -0.02541617 0.00686607
v -0.02795938 -0.02795938 0.00686607
v -0.02541617 -0.03028981 0.00686607
v -0.02267952 -0.03238971 0.00686607
v -0.01977027 -0.03424311 0.00686607
v -0.01671055 -0.03583590 0.00686607
v -0.01352366 -0.03715595 0.00686607
v -0.01023384 -0.03819323 0.00686607
v -0.00686614 -0.03893983 0.00686607
v -0.00344619 -0.03939008 0.00686607
v -0.00000000 -0.03954054 0.00686607
v 0.00344619 -0.03939008 0.00686607
v 0.00686614 -0.03893983 0.00686607
v 0.01023384 -0.03819323 0.00686607
v 0.01352366 -0.03715595 0.00686607
v 0.01671055 -0.03583590 0.00686607
v 0.01977027 -0.03424311 0.00686607
v 0.02267952 -0.03238971 0.00686607
v 0.02541617 -0.03028981 0.00686607
v 0.02795938 -0.02795938 0.00686607
v 0.03028981 -0.02541617 0.00686607
v 0.03238971 -0.02267952 0.00686607
v 0.03424311 -0.01977027 0.00686607
v 0.03583590 -0.01671055 0.00686607
v 0.03715595 -0.01352366 0.00686607
v 0.03819323 -0.01023384 0.00686607
v 0.03893983 -0.00686614 0.00686607
v 0.03939008 -0.00344619 0.00686607
v 0.03954054 0.00000000 0.00686607
v 0.03945027 0.00345145 0.00675000
v 0.03899933 0.00687663 0.00675000
v 0.03825159 0.01024948 0.00675000
v 0.03721273 0.01354433 0.00675000
v 0.03589066 0.01673609 0.00675000
v 0.03429544 0.01980048 0.00675000
v 0.03243921 0.02271418 0.00675000
v 0.03033610 0.02545501 0.00675000
v 0.02800211 0.02800211 0.00675000
v 0.02545501 0.03033610 0.00675000
v 0.02271418 0.03243921 0.00675000
v 0.01980048 0.03429544 0.00675000
v 0.01673609 0.03589066 0.00675000
v 0.01354433 0.03721273 0.00675000
v 0.01024948 0.03825159 0.00675000
v 0.00687663 0.03899933 0.00675000
v 0.00345145 0.03945027 0.00675000
v -0.00000000 0.03960096 0.00675000
v -0.00345145 0.03945027 0.00675000
v -0.00687663 0.03899933 0.00675000
v -0.01024948 0.03825159 0.00675000
v -0.01354433 0.03721273 0.00675000
v -0.01673609 0.03589066 0.00675000
v -0.01980048 0.03429544 0.00675000
v -0.02271418 0.03243921 0.00675000
v -0.02545501 0.03033610 0.00675000
v -0.02800211 0.02800211 0.00675000
v -0.03033610 0.02545501 0.00675000
v -0.03243921 0.02271418 0.00675000
v -0.03429544 0.01980048 0.00675000
v -0.03589066 0.01673609 0.00675000
v -0.03721273 0.01354433 0.00675000
v -0.03825159 0.01024948 0.00675000
v -0.03899933 0.00687663 0.00675000
v -0.03945027 0.00345145 0.00675000
v -0.03960096 0.00000000 0.00675000
v -0.03945027 -0.00345145 0.00675000
v -0.03899933 -0.00687663 0.00675000
v -0.03825159 -0.01024948 0.00675000
v -0.03721273 -0.01354433 0.00675000
v -0.03589066 -0.01673609 0.00675000
v -0.03429544 -0.01980048 0.00675000
v -0.03243921 -0.02271418 0.00675000
v -0.03033610 -0.02545501 0.00675000
v -0.02800211 -0.02800211 0.00675000
v -0.02545501 -0.03033610 0.00675000
v -0.02271418 -0.03243921 0.00675000
v -0.01980048 -0.03429544 0.00675000
v -0.01673609 -0.03589066 0.00675000
v -0.01354433 -0.03721273 0.00675000
v -0.01024948 -0.03825159 0.00675000
v -0.00687663 -0.03899933 0.00675000
v -0.00345145 -0.03945027 0.00675000
v -0.00000000 -0.03960096 0.00675000
v 0.00345145 -0.03945027 0.00675000
v 0.00687663 -0.03899933 0.00675000
v 0.01024948 -0.03825159 0.00675000
v 0.01354433 -0.03721273 0.00675000
v 0.01673609 -0.03589066 0.00675000
v 0.01980048 -0.03429544 0.00675000
v 0.02271418 -0.03243921 0.00675000
v 0.02545501 -0.03033610 0.00675000
v 0.02800211 -0.02800211 0.00675000
v 0.03033610 -0.02545501 0.00675000
v 0.03243921 -0.02271418 0.00675000
v 0.03429544 -0.01980048 0.00675000
v 0.03589066 -0.01673609 0.00675000
v 0.03721273 -0.01354433 0.00675000
v 0.03825159 -0.01024948 0.00675000
v 0.03899933 -0.00687663 0.00675000
v 0.03945027 -0.00345145 0.00675000
v 0.03960096 0.00000000 0.00675000
v 0.03952031 0.00345758 0.00663964
v 0.03906858 0.00688884 0.00663964
v 0.03831951 0.01026768 0.00663964
v 0.03727880 0.01356837 0.00663964
v 0.03595438 0.01676580 0.00663964
v 0.03435633 0.01983564 0.00663964
v 0.03249680 0.02275451 0.00663964
v 0.03038996 0.02550020 0.00663964
v 0.02805183 0.02805183 0.00663964
v 0.02550020 0.03038996 0.00663964
v 0.02275451 0.03249680 0.00663964
v 0.01983564 0.03435633 0.00663964
v 0.01676580 0.03595438 0.00663964
v 0.01356837 0.03727880 0.00663964
v 0.01026768 0.03831951 0.00663964
v 0.00688884 0.03906858 0.00663964
v 0.00345758 0.03952031 0.00663964
v -0.00000000 0.03967127 0.00663964
v -0.00345758 0.03952031 0.00663964
v -0.00688884 0.03906858 0.00663964
v -0.01026768 0.03831951 0.00663964
v -0.01356837 0.03727880 0.00663964
v -0.01676580 0.03595438 0.00663964
v -0.01983564 0.03435633 0.00663964
v -0.02275451 0.03249680 0.00663964
v -0.02550020 0.03038996 0.00663964
v -0.02805183 0.02805183 0.00663964
v -0.03038996 0.02550020 0.00663964
v -0.03249680 0.02275451 0.00663964
v -0.03435633 0.01983564 0.00663964
v -0.03595438 0.01676580 0.00663964
v -0.03727880 0.01356837 0.00663964
v -0.03831951 0.01026768 0.00663964
v -0.03906858 0.00688884 0.00663964
v -0.03952031 0.00345758 0.00663964
v -0.03967127 0.00000000 0.00663964
v -0.03952031 -0.00345758 0.00663964
v -0.03906858 -0.00688884 0.00663964
v -0.03831951 -0.01026768 0.00663964
v -0.03727880 -0.01356837 0.00663964
v -0.03595438 -0.01676580 0.00663964
v -0.03435633 -0.01983564 0.00663964
v -0.03249680 -0.02275451 0.00663964
v -0.03038996 -0.02550020 0.00663964
v -0.02805183 -0.02805183 0.00663964
v -0.02550020 -0.03038996 0.00663964
v -0.02275451 -0.03249680 0.00663964
v -0.01983564 -0.03435633 0.00663964
v -0.01676580 -0.03595438 0.00663964
v -0.01356837 -0.03727880 0.00663964
v -0.01026768 -0.03831951 0.00663964
v -0.00688884 -0.03906858 0.00663964
v -0.00345758 -0.03952031 0.00663964
v -0.00000000 -0.03967127 0.00663964
v 0.00345758 -0.03952031 0.00663964
v 0.00688884 -0.03906858 0.00663964
v 0.01026768 -0.03831951 0.00663964
v 0.01356837 -0.03727880 0.00663964
v 0.01676580 -0.03595438 0.00663964
v 0.01983564 -0.03435633 0.00663964
v 0.02275451 -0.03249680 0.00663964
v 0.02550020 -0.03038996 0.00663964
v 0.02805183 -0.02805183 0.00663964
v 0.03038996 -0.02550020 0.00663964
v 0.03249680 -0.02275451 0.00663964
v 0.03435633 -0.01983564 0.00663964
v 0.03595438 -0.01676580 0.00663964
v 0.03727880 -0.01356837 0.00663964
v 0.03831951 -0.01026768 0.00663964
v 0.03906858 -0.00688884 0.00663964
v 0.03952031 -0.00345758 0.00663964
v 0.03967127 0.00000000 0.00663964
v 0.03959967 0.00346452 0.00653582
v 0.03914703 0.00690268 0.00653582
v 0.03839645 0.01028830 0.00653582
v 0.03735366 0.01359562 0.00653582
v 0.03602658 0.01679947 0.00653582
v 0.03442532 0.01987547 0.00653582
v 0.03256206 0.02280020 0.00653582
v 0.03045098 0.02555141 0.00653582
v 0.02810816 0.02810816 0.00653582
v 0.02555141 0.03045098 0.00653582
v 0.02280020 0.03256206 0.00653582
v 0.01987547 0.03442532 0.00653582
v 0.01679947 0.03602658 0.00653582
v 0.01359562 0.03735366 0.00653582
v 0.01028830 0.03839645 0.00653582
v 0.00690268 0.03914703 0.00653582
v 0.00346452 0.03959967 0.00653582
v -0.00000000 0.03975093 0.00653582
v -0.00346452 0.03959967 0.00653582
v -0.00690268 0.03914703 0.00653582
v -0.01028830 0.03839645 0.00653582
v -0.01359562 0.03735366 0.00653582
v -0.01679947 0.03602658 0.00653582
v -0.01987547 0.03442532 0.00653582
v -0.02280020 0.03256206 0.00653582
v -0.02555141 0.03045098 0.00653582
v -0.02810816 0.02810816 0.00653582
v -0.03045098 0.02555141 0.00653582
v -0.03256206 0.02280020 0.00653582
v -0.03442532 0.01987547 0.00653582
v -0.03602658 0.01679947 0.00653582
v -0.03735366 0.01359562 0.00653582
v -0.03839645 0.01028830 0.00653582
v -0.03914703 0.00690268 0.00653582
v -0.03959967 0.00346452 0.00653582
v -0.03975093 0.00000000 0.00653582
v -0.03959967 -0.00346452 0.00653582
v -0.03914703 -0.00690268 0.00653582
v -0.03839645 -0.01028830 0.00653582
v -0.03735366 -0.01359562 0.00653582
v -0.03602658 -0.01679947 0.00653582
v -0.03442532 -0.01987547 0.00653582
v -0.03256206 -0.02280020 0.00653582
v -0.03045098 -0.02555141 0.00653582
v -0.02810816 -0.02810816 0.00653582
v -0.02555141 -0.03045098 0.00653582
v -0.02280020 -0.03256206 0.00653582
v -0.01987547 -0.03442532 0.00653582
v -0.01679947 -0.03602658 0.00653582
v -0.01359562 -0.03735366 0.00653582
v -0.01028830 -0.03839645 0.00653582
v -0.00690268 -0.03914703 0.00653582
v -0.00346452 -0.03959967 0.00653582
v -0.00000000 -0.03975093 0.00653582
v 0.00346452 -0.03959967 0.00653582
v 0.00690268 -0.03914703 0.00653582
v 0.01028830 -0.03839645 0.00653582
v 0.01359562 -0.03735366 0.00653582
v 0.01679947 -0.03602658 0.00653582
v 0.01987547 -0.03442532 0.00653582
v 0.02280020 -0.03256206 0.00653582
v 0.02555141 -0.03045098 0.00653582
v 0.02810816 -0.02810816 0.00653582
v 0.03045098 -0.02555141 0.00653582
v 0.03256206 -0.02280020 0.00653582
v 0.03442532 -0.01987547 0.00653582
v 0.03602658 -0.01679947 0.00653582
v 0.03735366 -0.01359562 0.00653582
v 0.03839645 -0.01028830 0.00653582
v 0.03914703 -0.00690268 0.00653582
v 0.03959967 -0.00346452 0.00653582
v 0.03975093 0.00000000 0.00653582
v 0.04249835 0.00000000 -0.00378033
v 0.03968774 0.00347223 -0.00643934
v 0.04233663 0.00370398 -0.00378033
v 0.03923409 0.00691803 -0.00643934
v 0.04185271 0.00737976 -0.00378033
v 0.03848185 0.01031118 -0.00643934
v 0.04105025 0.01099938 -0.00378033
v 0.03743673 0.01362586 -0.00643934
v 0.03993538 0.01453529 -0.00378033
v 0.03610671 0.01683683 -0.00643934
v 0.03851658 0.01796058 -0.00378033
v 0.03450188 0.01991967 -0.00643934
v 0.03680465 0.02124918 -0.00378033
v 0.03263448 0.02285091 -0.00643934
v 0.03481261 0.02437605 -0.00378033
v 0.03051871 0.02560823 -0.00643934
v 0.03255562 0.02731741 -0.00378033
v 0.02817067 0.02817067 -0.00643934
v 0.03005087 0.03005087 -0.00378033
v 0.02560823 0.03051871 -0.00643934
v 0.02731741 0.03255562 -0.00378033
v 0.02285091 0.03263448 -0.00643934
v 0.02437605 0.03481261 -0.00378033
v 0.01991967 0.03450188 -0.00643934
v 0.02124918 0.03680465 -0.00378033
v 0.01683683 0.03610671 -0.00643934
v 0.01796058 0.03851658 -0.00378033
v 0.01362586 0.03743673 -0.00643934
v 0.01453529 0.03993538 -0.00378033
v 0.01031118 0.03848185 -0.00643934
v 0.01099938 0.04105025 -0.00378033
v 0.00691803 0.03923409 -0.00643934
v 0.00737976 0.04185271 -0.00378033
v 0.00347223 0.03968774 -0.00643934
v 0.00370398 0.04233663 -0.00378033
v 0.00000000 0.03983934 -0.00643934
v 0.00000000 0.04249835 -0.00378033
v -0.00347223 0.03968774 -0.00643934
v -0.00370398 0.04233663 -0.00378033
v -0.00691803 0.03923409 -0.00643934
v -0.00737976 0.04185271 -0.00378033
v -0.01031118 0.03848185 -0.00643934
v -0.01099938 0.04105025 -0.00378033
v -0.01362586 0.03743673 -0.00643934
v -0.01453529 0.03993538 -0.00378033
v -0.01683683 0.03610671 -0.00643934
v -0.01796058 0.03851658 -0.00378033
v -0.01991967 0.03450188 -0.00643934
v -0.02124918 0.03680465 -0.00378033
v -0.02285091 0.03263448 -0.00643934
v -0.02437605 0.03481261 -0.00378033
v -0.02560823 0.03051871 -0.00643934
v -0.02731741 0.03255562 -0.00378033
v -0.02817067 0.02817067 -0.00643934
v -0.03005087 0.03005087 -0.00378033
v -0.03051871 0.02560823 -0.00643934
v -0.03255562 0.02731741 -0.00378033
v -0.03263448 0.02285091 -0.00643934
v -0.03481261 0.02437605 -0.00378033
v -0.03450188 0.01991967 -0.00643934
v -0.03680465 0.02124918 -0.00378033
v -0.03610671 0.01683683 -0.00643934
v -0.03851658 0.01796058 -0.00378033
v -0.03743673 0.01362586 -0.00643934
v -0.03993538 0.01453529 -0.00378033
v -0.03848185 0.01031118 -0.00643934
v -0.04105025 0.01099938 -0.00378033
v -0.03923409 0.00691803 -0.00643934
v -0.04185271 0.00737976 -0.00378033
v -0.03968774 0.00347223 -0.00643934
v -0.04233663 0.00370398 -0.00378033
v -0.03983934 -0.00000000 -0.00643934
v -0.04249835 -0.00000000 -0.00378033
v -0.03968774 -0.00347223 -0.00643934
v -0.04233663 -0.00370398 -0.00378033
v -0.03923409 -0.00691803 -0.00643934
v -0.04185271 -0.00737976 -0.00378033
v -0.03848185 -0.01031118 -0.00643934
v -0.04105025 -0.01099938 -0.00378033
v -0.03743673 -0.01362586 -0.00643934
v -0.03993538 -0.01453529 -0.00378033
v -0.03610671 -0.01683683 -0.00643934
v -0.03851658 -0.01796058 -0.00378033
v -0.03450188 -0.01991967 -0.00643934
v -0.03680465 -0.02124918 -0.00378033
v -0.03263448 -0.02285091 -0.00643934
v -0.03481261 -0.02437605 -0.00378033
v -0.03051871 -0.02560823 -0.00643934
v -0.03255562 -0.02731741 -0.00378033
v -0.02817067 -0.02817067 -0.00643934
v -0.03005087 -0.03005087 -0.00378033
v -0.02560823 -0.03051871 -0.00643934
v -0.02731741 -0.03255562 -0.00378033
v -0.02285091 -0.03263448 -0.00643934
v -0.02437605 -0.03481261 -0.00378033
v -0.01991967 -0.03450188 -0.00643934
v -0.02124918 -0.03680465 -0.00378033
v -0.01683683 -0.03610671 -0.00643934
v -0.01796058 -0.03851658 -0.00378033
v -0.01362586 -0.03743673 -0.00643934
v -0.01453529 -0.03993538 -0.00378033
v -0.01031118 -0.03848185 -0.00643934
v -0.01099938 -0.04105025 -0.00378033
v -0.00691803 -0.03923409 -0.00643934
v -0.00737976 -0.04185271 -0.00378033
v -0.00347223 -0.03968774 -0.00643934
v -0.00370398 -0.04233663 -0.00378033
v 0.00000000 -0.03983934 -0.00643934
v 0.00000000 -0.04249835 -0.00378033
v 0.00347223 -0.03968774 -0.00643934
v 0.00370398 -0.04233663 -0.00378033
v 0.00691803 -0.03923409 -0.00643934
v 0.00737976 -0.04185271 -0.00378033
v 0.01031118 -0.03848185 -0.00643934
v 0.01099938 -0.04105025 -0.00378033
v 0.01362586 -0.03743673 -0.00643934
v 0.01453529 -0.03993538 -0.00378033
v 0.01683683 -0.03610671 -0.00643934
v 0.01796058 -0.03851658 -0.00378033
v 0.01991967 -0.03450188 -0.00643934
v 0.02124918 -0.03680465 -0.00378033
v 0.02285091 -0.03263448 -0.00643934
v 0.02437605 -0.03481261 -0.00378033
v 0.02560823 -0.03051871 -0.00643934
v 0.02731741 -0.03255562 -0.00378033
v 0.02817067 -0.02817067 -0.00643934
v 0.03005087 -0.03005087 -0.00378033
v 0.03051871 -0.02560823 -0.00643934
v 0.03255562 -0.02731741 -0.00378033
v 0.03263448 -0.02285091 -0.00643934
v 0.03481261 -0.02437605 -0.00378033
v 0.03450188 -0.01991967 -0.00643934
v 0.03680465 -0.02124918 -0.00378033
v 0.03610671 -0.01683683 -0.00643934
v 0.03851658 -0.01796058 -0.00378033
v 0.03743673 -0.01362586 -0.00643934
v 0.03993538 -0.01453529 -0.00378033
v 0.03848185 -0.01031118 -0.00643934
v 0.04105025 -0.01099938 -0.00378033
v 0.03923409 -0.00691803 -0.00643934
v 0.04185271 -0.00737976 -0.00378033
v 0.03968774 -0.00347223 -0.00643934
v 0.04233663 -0.00370398 -0.00378033
v 0.03983934 0.00000000 -0.00643934
v 0.04238066 -0.00370783 -0.00373209
v 0.04189624 -0.00738744 -0.00373209
v 0.04109295 -0.01101082 -0.00373209
v 0.03997692 -0.01455041 -0.00373209
v 0.03855665 -0.01797926 -0.00373209
v 0.03684293 -0.02127128 -0.00373209
v 0.03484882 -0.02440141 -0.00373209
v 0.03258949 -0.02734582 -0.00373209
v 0.03008213 -0.03008213 -0.00373209
v 0.02734582 -0.03258949 -0.00373209
v 0.02440141 -0.03484882 -0.00373209
v 0.02127128 -0.03684293 -0.00373209
v 0.01797926 -0.03855665 -0.00373209
v 0.01455041 -0.03997692 -0.00373209
v 0.01101082 -0.04109295 -0.00373209
v 0.00738744 -0.04189624 -0.00373209
v 0.00370783 -0.04238066 -0.00373209
v 0.00000000 -0.04254255 -0.00373209
v -0.00370783 -0.04238066 -0.00373209
v -0.00738744 -0.04189624 -0.00373209
v -0.01101082 -0.04109295 -0.00373209
v -0.01455041 -0.03997692 -0.00373209
v -0.01797926 -0.03855665 -0.00373209
v -0.02127128 -0.03684293 -0.00373209
v -0.02440141 -0.03484882 -0.00373209
v -0.02734582 -0.03258949 -0.00373209
v -0.03008213 -0.03008213 -0.00373209
v -0.03258949 -0.02734582 -0.00373209
v -0.03484882 -0.02440141 -0.00373209
v -0.03684293 -0.02127128 -0.00373209
v -0.03855665 -0.01797926 -0.00373209
v -0.03997692 -0.01455041 -0.00373209
v -0.04109295 -0.01101082 -0.00373209
v -0.04189624 -0.00738744 -0.00373209
v -0.04238066 -0.00370783 -0.00373209
v -0.04254255 -0.00000000 -0.00373209
v -0.04238066 0.00370783 -0.00373209
v -0.04189624 0.00738744 -0.00373209
v -0.04109295 0.01101082 -0.00373209
v -0.03997692 0.01455041 -0.00373209
v -0.03855665 0.01797926 -0.00373209
v -0.03684293 0.02127128 -0.00373209
v -0.03484882 0.02440141 -0.00373209
v -0.03258949 0.02734582 -0.00373209
v -0.03008213 0.03008213 -0.00373209
v -0.02734582 0.03258949 -0.00373209
v -0.02440141 0.03484882 -0.00373209
v -0.02127128 0.03684293 -0.00373209
v -0.01797926 0.03855665 -0.00373209
v -0.01455041 0.03997692 -0.00373209
v -0.01101082 0.04109295 -0.00373209
v -0.00738744 0.04189624 -0.00373209
v -0.00370783 0.04238066 -0.00373209
v 0.00000000 0.04254255 -0.00373209
v 0.00370783 0.04238066 -0.00373209
v 0.00738744 0.04189624 -0.00373209
v 0.01101082 0.04109295 -0.00373209
v 0.01455041 0.03997692 -0.00373209
v 0.01797926 0.03855665 -0.00373209
v 0.02127128 0.03684293 -0.00373209
v 0.02440141 0.03484882 -0.00373209
v 0.02734582 0.03258949 -0.00373209
v 0.03008213 0.03008213 -0.00373209
v 0.03258949 0.02734582 -0.00373209
v 0.03484882 0.02440141 -0.00373209
v 0.03684293 0.02127128 -0.00373209
v 0.03855665 0.01797926 -0.00373209
v 0.03997692 0.01455041 -0.00373209
v 0.04109295 0.01101082 -0.00373209
v 0.04189624 0.00738744 -0.00373209
v 0.04238066 0.00370783 -0.00373209
v 0.04254255 0.00000000 -0.00373209
v 0.04242035 -0.00371130 -0.00368018
v 0.04193546 -0.00739435 -0.00368018
v 0.04113143 -0.01102113 -0.00368018
v 0.04001435 -0.01456403 -0.00368018
v 0.03859274 -0.01799609 -0.00368018
v 0.03687743 -0.02129119 -0.00368018
v 0.03488145 -0.02442425 -0.00368018
v 0.03262000 -0.02737143 -0.00368018
v 0.03011029 -0.03011029 -0.00368018
v 0.02737143 -0.03262000 -0.00368018
v 0.02442425 -0.03488145 -0.00368018
v 0.02129119 -0.03687743 -0.00368018
v 0.01799609 -0.03859274 -0.00368018
v 0.01456403 -0.04001435 -0.00368018
v 0.01102113 -0.04113143 -0.00368018
v 0.00739435 -0.04193546 -0.00368018
v 0.00371130 -0.04242035 -0.00368018
v 0.00000000 -0.04258239 -0.00368018
v -0.00371130 -0.04242035 -0.00368018
v -0.00739435 -0.04193546 -0.00368018
v -0.01102113 -0.04113143 -0.00368018
v -0.01456403 -0.04001435 -0.00368018
v -0.01799609 -0.03859274 -0.00368018
v -0.02129119 -0.03687743 -0.00368018
v -0.02442425 -0.03488145 -0.00368018
v -0.02737143 -0.03262000 -0.00368018
v -0.03011029 -0.03011029 -0.00368018
v -0.03262000 -0.02737143 -0.00368018
v -0.03488145 -0.02442425 -0.00368018
v -0.03687743 -0.02129119 -0.00368018
v -0.03859274 -0.01799609 -0.00368018
v -0.04001435 -0.01456403 -0.00368018
v -0.04113143 -0.01102113 -0.00368018
v -0.04193546 -0.00739435 -0.00368018
v -0.04242035 -0.00371130 -0.00368018
v -0.04258239 -0.00000000 -0.00368018
v -0.04242035 0.00371130 -0.00368018
v -0.04193546 0.00739435 -0.00368018
v -0.04113143 0.01102113 -0.00368018
v -0.04001435 0.01456403 -0.00368018
v -0.03859274 0.01799609 -0.00368018
v -0.03687743 0.02129119 -0.00368018
v -0.03488145 0.02442425 -0.00368018
v -0.03262000 0.02737143 -0.00368018
v -0.03011029 0.03011029 -0.00368018
v -0.02737143 0.03262000 -0.00368018
v -0.02442425 0.03488145 -0.00368018
v -0.02129119 0.03687743 -0.00368018
v -0.01799609 0.03859274 -0.00368018
v -0.01456403 0.04001435 -0.00368018
v -0.01102113 0.04113143 -0.00368018
v -0.00739435 0.04193546 -0.00368018
v -0.00371130 0.04242035 -0.00368018
v 0.00000000 0.04258239 -0.00368018
v 0.00371130 0.04242035 -0.00368018
v 0.00739435 0.04193546 -0.00368018
v 0.01102113 0.04113143 -0.00368018
v 0.01456403 0.04001435 -0.00368018
v 0.01799609 0.03859274 -0.00368018
v 0.02129119 0.03687743 -0.00368018
v 0.02442425 0.03488145 -0.00368018
v 0.02737143 0.03262000 -0.00368018
v 0.03011029 0.03011029 -0.00368018
v 0.03262000 0.02737143 -0.00368018
v 0.03488145 0.02442425 -0.00368018
v 0.03687743 0.02129119 -0.00368018
v 0.03859274 0.01799609 -0.00368018
v 0.04001435 0.01456403 -0.00368018
v 0.04113143 0.01102113 -0.00368018
v 0.04193546 0.00739435 -0.00368018
v 0.04242035 0.00371130 -0.00368018
v 0.04258239 0.00000000 -0.00368018
v 0.04245537 -0.00371436 -0.00362500
v 0.04197008 -0.00740046 -0.00362500
v 0.04116538 -0.01103023 -0.00362500
v 0.04004738 -0.01457606 -0.00362500
v 0.03862461 -0.01801095 -0.00362500
v 0.03690787 -0.02130877 -0.00362500
v 0.03491024 -0.02444442 -0.00362500
v 0.03264693 -0.02739403 -0.00362500
v 0.03013515 -0.03013515 -0.00362500
v 0.02739403 -0.03264693 -0.00362500
v 0.02444442 -0.03491024 -0.00362500
v 0.02130877 -0.03690787 -0.00362500
v 0.01801095 -0.03862461 -0.00362500
v 0.01457606 -0.04004738 -0.00362500
v 0.01103023 -0.04116538 -0.00362500
v 0.00740046 -0.04197008 -0.00362500
v 0.00371436 -0.04245537 -0.00362500
v 0.00000000 -0.04261754 -0.00362500
v -0.00371436 -0.04245537 -0.00362500
v -0.00740046 -0.04197008 -0.00362500
v -0.01103023 -0.04116538 -0.00362500
v -0.01457606 -0.04004738 -0.00362500
v -0.01801095 -0.03862461 -0.00362500
v -0.02130877 -0.03690787 -0.00362500
v -0.02444442 -0.03491024 -0.00362500
v -0.02739403 -0.03264693 -0.00362500
v -0.03013515 -0.03013515 -0.00362500
v -0.03264693 -0.02739403 -0.00362500
v -0.03491024 -0.02444442 -0.00362500
v -0.03690787 -0.02130877 -0.00362500
v -0.03862461 -0.01801095 -0.00362500
v -0.04004738 -0.01457606 -0.00362500
v -0.04116538 -0.01103023 -0.00362500
v -0.04197008 -0.00740046 -0.00362500
v -0.04245537 -0.00371436 -0.00362500
v -0.04261754 -0.00000000 -0.00362500
v -0.04245537 0.00371436 -0.00362500
v -0.04197008 0.00740046 -0.00362500
v -0.04116538 0.01103023 -0.00362500
v -0.04004738 0.01457606 -0.00362500
v -0.03862461 0.01801095 -0.00362500
v -0.03690787 0.02130877 -0.00362500
v -0.03491024 0.02444442 -0.00362500
v -0.03264693 0.02739403 -0.00362500
v -0.03013515 0.03013515 -0.00362500
v -0.02739403 0.03264693 -0.00362500
v -0.02444442 0.03491024 -0.00362500
v -0.02130877 0.03690787 -0.00362500
v -0.01801095 0.03862461 -0.00362500
v -0.01457606 0.04004738 -0.00362500
v -0.01103023 0.04116538 -0.00362500
v -0.00740046 0.04197008 -0.00362500
v -0.00371436 0.04245537 -0.00362500
v 0.00000000 0.04261754 -0.00362500
v 0.00371436 0.04245537 -0.00362500
v 0.00740046 0.04197008 -0.00362500
v 0.01103023 0.04116538 -0.00362500
v 0.01457606 0.04004738 -0.00362500
v 0.01801095 0.03862461 -0.00362500
v 0.02130877 0.03690787 -0.00362500
v 0.02444442 0.03491024 -0.00362500
v 0.02739403 0.03264693 -0.00362500
v 0.03013515 0.03013515 -0.00362500
v 0.03264693 0.02739403 -0.00362500
v 0.03491024 0.02444442 -0.00362500
v 0.03690787 0.02130877 -0.00362500
v 0.03862461 0.01801095 -0.00362500
v 0.04004738 0.01457606 -0.00362500
v 0.04116538 0.01103023 -0.00362500
v 0.04197008 0.00740046 -0.00362500
v 0.04245537 0.00371436 -0.00362500
v 0.04261754 0.00000000 -0.00362500
v 0.04248546 -0.00371700 -0.00356696
v 0.04199984 -0.00740570 -0.00356696
v 0.04119456 -0.01103805 -0.00356696
v 0.04007578 -0.01458639 -0.00356696
v 0.03865199 -0.01802372 -0.00356696
v 0.03693404 -0.02132387 -0.00356696
v 0.03493499 -0.02446174 -0.00356696
v 0.03267007 -0.02741344 -0.00356696
v 0.03015651 -0.03015651 -0.00356696
v 0.02741344 -0.03267007 -0.00356696
v 0.02446174 -0.03493499 -0.00356696
v 0.02132387 -0.03693404 -0.00356696
v 0.01802372 -0.03865199 -0.00356696
v 0.01458639 -0.04007578 -0.00356696
v 0.01103805 -0.04119456 -0.00356696
v 0.00740570 -0.04199984 -0.00356696
v 0.00371700 -0.04248546 -0.00356696
v 0.00000000 -0.04264775 -0.00356696
v -0.00371700 -0.04248546 -0.00356696
v -0.00740570 -0.04199984 -0.00356696
v -0.01103805 -0.04119456 -0.00356696
v -0.01458639 -0.04007578 -0.00356696
v -0.01802372 -0.03865199 -0.00356696
v -0.02132387 -0.03693404 -0.00356696
v -0.02446174 -0.03493499 -0.00356696
v -0.02741344 -0.03267007 -0.00356696
v -0.03015651 -0.03015651 -0.00356696
v -0.03267007 -0.02741344 -0.00356696
v -0.03493499 -0.02446174 -0.00356696
v -0.03693404 -0.02132387 -0.00356696
v -0.03865199 -0.01802372 -0.00356696
v -0.04007578 -0.01458639 -0.00356696
v -0.04119456 -0.01103805 -0.00356696
v -0.04199984 -0.00740570 -0.00356696
v -0.04248546 -0.00371700 -0.00356696
v -0.04264775 -0.00000000 -0.00356696
v -0.04248546 0.00371700 -0.00356696
v -0.04199984 0.00740570 -0.00356696
v -0.04119456 0.01103805 -0.00356696
v -0.04007578 0.01458639 -0.00356696
v -0.03865199 0.01802372 -0.00356696
v -0.03693404 0.02132387 -0.00356696
v -0.03493499 0.02446174 -0.00356696
v -0.03267007 0.02741344 -0.00356696
v -0.03015651 0.03015651 -0.00356696
v -0.02741344 0.03267007 -0.00356696
v -0.02446174 0.03493499 -0.00356696
v -0.02132387 0.03693404 -0.00356696
v -0.01802372 0.03865199 -0.00356696
v -0.01458639 0.04007578 -0.00356696
v -0.01103805 0.04119456 -0.00356696
v -0.00740570 0.04199984 -0.00356696
v -0.00371700 0.04248546 -0.00356696
v 0.00000000 0.04264775 -0.00356696
v 0.00371700 0.04248546 -0.00356696
v 0.00740570 0.04199984 -0.00356696
v 0.01103805 0.04119456 -0.00356696
v 0.01458639 0.04007578 -0.00356696
v 0.01802372 0.03865199 -0.00356696
v 0.02132387 0.03693404 -0.00356696
v 0.02446174 0.03493499 -0.00356696
v 0.02741344 0.03267007 -0.00356696
v 0.03015651 0.03015651 -0.00356696
v 0.03267007 0.02741344 -0.00356696
v 0.03493499 0.02446174 -0.00356696
v 0.03693404 0.02132387 -0.00356696
v 0.03865199 0.01802372 -0.00356696
v 0.04007578 0.01458639 -0.00356696
v 0.04119456 0.01103805 -0.00356696
v 0.04199984 0.00740570 -0.00356696
v 0.04248546 0.00371700 -0.00356696
v 0.04264775 0.00000000 -0.00356696
v 0.04251041 -0.00371918 -0.00350652
v 0.04202449 -0.00741005 -0.00350652
v 0.04121875 -0.01104453 -0.00350652
v 0.04009930 -0.01459495 -0.00350652
v 0.03867468 -0.01803430 -0.00350652
v 0.03695572 -0.02133640 -0.00350652
v 0.03495550 -0.02447611 -0.00350652
v 0.03268925 -0.02742954 -0.00350652
v 0.03017422 -0.03017422 -0.00350652
v 0.02742954 -0.03268925 -0.00350652
v 0.02447611 -0.03495550 -0.00350652
v 0.02133640 -0.03695572 -0.00350652
v 0.01803430 -0.03867468 -0.00350652
v 0.01459495 -0.04009930 -0.00350652
v 0.01104453 -0.04121875 -0.00350652
v 0.00741005 -0.04202449 -0.00350652
v 0.00371918 -0.04251041 -0.00350652
v 0.00000000 -0.04267279 -0.00350652
v -0.00371918 -0.04251041 -0.00350652
v -0.00741005 -0.04202449 -0.00350652
v -0.01104453 -0.04121875 -0.00350652
v -0.01459495 -0.04009930 -0.00350652
v -0.01803430 -0.03867468 -0.00350652
v -0.02133640 -0.03695572 -0.00350652
v -0.02447611 -0.03495550 -0.00350652
v -0.02742954 -0.03268925 -0.00350652
v -0.03017422 -0.03017422 -0.00350652
v -0.03268925 -0.02742954 -0.00350652
v -0.03495550 -0.02447611 -0.00350652
v -0.03695572 -0.02133640 -0.00350652
v -0.03867468 -0.01803430 -0.00350652
v -0.04009930 -0.01459495 -0.00350652
v -0.04121875 -0.01104453 -0.00350652
v -0.04202449 -0.00741005 -0.00350652
v -0.04251041 -0.00371918 -0.00350652
v -0.04267279 -0.00000000 -0.00350652
v -0.04251041 0.00371918 -0.00350652
v -0.04202449 0.00741005 -0.00350652
v -0.04121875 0.01104453 -0.00350652
v -0.04009930 0.01459495 -0.00350652
v -0.03867468 0.01803430 -0.00350652
v -0.03695572 0.02133640 -0.00350652
v -0.03495550 0.02447611 -0.00350652
v -0.03268925 0.02742954 -0.00350652
v -0.03017422 0.03017422 -0.00350652
v -0.02742954 0.03268925 -0.00350652
v -0.02447611 0.03495550 -0.00350652
v -0.02133640 0.03695572 -0.00350652
v -0.01803430 0.03867468 -0.00350652
v -0.01459495 0.04009930 -0.00350652
v -0.01104453 0.04121875 -0.00350652
v -0.00741005 0.04202449 -0.00350652
v -0.00371918 0.04251041 -0.00350652
v 0.00000000 0.04267279 -0.00350652
v 0.00371918 0.04251041 -0.00350652
v 0.00741005 0.04202449 -0.00350652
v 0.01104453 0.04121875 -0.00350652
v 0.01459495 0.04009930 -0.00350652
v 0.01803430 0.03867468 -0.00350652
v 0.02133640 0.03695572 -0.00350652
v 0.02447611 0.03495550 -0.00350652
v 0.02742954 0.03268925 -0.00350652
v 0.03017422 0.03017422 -0.00350652
v 0.03268925 0.02742954 -0.00350652
v 0.03495550 0.02447611 -0.00350652
v 0.03695572 0.02133640 -0.00350652
v 0.03867468 0.01803430 -0.00350652
v 0.04009930 0.01459495 -0.00350652
v 0.04121875 0.01104453 -0.00350652
v 0.04202449 0.00741005 -0.00350652
v 0.04251041 0.00371918 -0.00350652
v 0.04267279 0.00000000 -0.00350652
v 0.04253001 -0.00372089 -0.00344411
v 0.04204387 -0.00741347 -0.00344411
v 0.04123775 -0.01104962 -0.00344411
v 0.04011779 -0.01460168 -0.00344411
v 0.03869251 -0.01804261 -0.00344411
v 0.03697276 -0.02134623 -0.00344411
v 0.03497162 -0.02448739 -0.00344411
v 0.03270432 -0.02744219 -0.00344411
v 0.03018813 -0.03018813 -0.00344411
v 0.02744219 -0.03270432 -0.00344411
v 0.02448739 -0.03497162 -0.00344411
v 0.02134623 -0.03697276 -0.00344411
v 0.01804261 -0.03869251 -0.00344411
v 0.01460168 -0.04011779 -0.00344411
v 0.01104962 -0.04123775 -0.00344411
v 0.00741347 -0.04204387 -0.00344411
v 0.00372089 -0.04253001 -0.00344411
v 0.00000000 -0.04269246 -0.00344411
v -0.00372089 -0.04253001 -0.00344411
v -0.00741347 -0.04204387 -0.00344411
v -0.01104962 -0.04123775 -0.00344411
v -0.01460168 -0.04011779 -0.00344411
v -0.01804261 -0.03869251 -0.00344411
v -0.02134623 -0.03697276 -0.00344411
v -0.02448739 -0.03497162 -0.00344411
v -0.02744219 -0.03270432 -0.00344411
v -0.03018813 -0.03018813 -0.00344411
v -0.03270432 -0.02744219 -0.00344411
v -0.03497162 -0.02448739 -0.00344411
v -0.03697276 -0.02134623 -0.00344411
v -0.03869251 -0.01804261 -0.00344411
v -0.04011779 -0.01460168 -0.00344411
v -0.04123775 -0.01104962 -0.00344411
v -0.04204387 -0.00741347 -0.00344411
v -0.04253001 -0.00372089 -0.00344411
v -0.04269246 -0.00000000 -0.00344411
v -0.04253001 0.00372089 -0.00344411
v -0.04204387 0.00741347 -0.00344411
v -0.04123775 0.01104962 -0.00344411
v -0.04011779 0.01460168 -0.00344411
v -0.03869251 0.01804261 -0.00344411
v -0.03697276 0.02134623 -0.00344411
v -0.03497162 0.02448739 -0.00344411
v -0.03270432 0.02744219 -0.00344411
v -0.03018813 0.03018813 -0.00344411
v -0.02744219 0.03270432 -0.00344411
v -0.02448739 0.03497162 -0.00344411
v -0.02134623 0.03697276 -0.00344411
v -0.01804261 0.03869251 -0.00344411
v -0.01460168 0.04011779 -0.00344411
v -0.01104962 0.04123775 -0.00344411
v -0.00741347 0.04204387 -0.00344411
v -0.00372089 0.04253001 -0.00344411
v 0.00000000 0.04269246 -0.00344411
v 0.00372089 0.04253001 -0.00344411
v 0.00741347 0.04204387 -0.00344411
v 0.01104962 0.04123775 -0.00344411
v 0.01460168 0.04011779 -0.00344411
v 0.01804261 0.03869251 -0.00344411
v 0.02134623 0.03697276 -0.00344411
v 0.02448739 0.03497162 -0.00344411
v 0.02744219 0.03270432 -0.00344411
v 0.03018813 0.03018813 -0.00344411
v 0.03270432 0.02744219 -0.00344411
v 0.03497162 0.02448739 -0.00344411
v 0.03697276 0.02134623 -0.00344411
v 0.03869251 0.01804261 -0.00344411
v 0.04011779 0.01460168 -0.00344411
v 0.04123775 0.01104962 -0.00344411
v 0.04204387 0.00741347 -0.00344411
v 0.04253001 0.00372089 -0.00344411
v 0.04269246 0.00000000 -0.00344411
v 0.04254412 -0.00372213 -0.00338024
v 0.04205782 -0.00741593 -0.00338024
v 0.04125143 -0.01105329 -0.00338024
v 0.04013110 -0.01460653 -0.00338024
v 0.03870535 -0.01804860 -0.00338024
v 0.03698502 -0.02135331 -0.00338024
v 0.03498322 -0.02449551 -0.00338024
v 0.03271517 -0.02745129 -0.00338024
v 0.03019814 -0.03019814 -0.00338024
v 0.02745129 -0.03271517 -0.00338024
v 0.02449551 -0.03498322 -0.00338024
v 0.02135331 -0.03698502 -0.00338024
v 0.01804860 -0.03870535 -0.00338024
v 0.01460653 -0.04013110 -0.00338024
v 0.01105329 -0.04125143 -0.00338024
v 0.00741593 -0.04205782 -0.00338024
v 0.00372213 -0.04254412 -0.00338024
v 0.00000000 -0.04270662 -0.00338024
v -0.00372213 -0.04254412 -0.00338024
v -0.00741593 -0.04205782 -0.00338024
v -0.01105329 -0.04125143 -0.00338024
v -0.01460653 -0.04013110 -0.00338024
v -0.01804860 -0.03870535 -0.00338024
v -0.02135331 -0.03698502 -0.00338024
v -0.02449551 -0.03498322 -0.00338024
v -0.02745129 -0.03271517 -0.00338024
v -0.03019814 -0.03019814 -0.00338024
v -0.03271517 -0.02745129 -0.00338024
v -0.03498322 -0.02449551 -0.00338024
v -0.03698502 -0.02135331 -0.00338024
v -0.03870535 -0.01804860 -0.00338024
v -0.04013110 -0.01460653 -0.00338024
v -0.04125143 -0.01105329 -0.00338024
v -0.04205782 -0.00741593 -0.00338024
v -0.04254412 -0.00372213 -0.00338024
v -0.04270662 -0.00000000 -0.00338024
v -0.04254412 0.00372213 -0.00338024
v -0.04205782 0.00741593 -0.00338024
v -0.04125143 0.01105329 -0.00338024
v -0.04013110 0.01460653 -0.00338024
v -0.03870535 0.01804860 -0.00338024
v -0.03698502 0.02135331 -0.00338024
v -0.03498322 0.02449551 -0.00338024
v -0.03271517 0.02745129 -0.00338024
v -0.03019814 0.03019814 -0.00338024
v -0.02745129 0.03271517 -0.00338024
v -0.02449551 0.03498322 -0.00338024
v -0.02135331 0.03698502 -0.00338024
v -0.01804860 0.03870535 -0.00338024
v -0.01460653 0.04013110 -0.00338024
v -0.01105329 0.04125143 -0.00338024
v -0.00741593 0.04205782 -0.00338024
v -0.00372213 0.04254412 -0.00338024
v 0.00000000 0.04270662 -0.00338024
v 0.00372213 0.04254412 -0.00338024
v 0.00741593 0.04205782 -0.00338024
v 0.01105329 0.04125143 -0.00338024
v 0.01460653 0.04013110 -0.00338024
v 0.01804860 0.03870535 -0.00338024
v 0.02135331 0.03698502 -0.00338024
v 0.02449551 0.03498322 -0.00338024
v 0.02745129 0.03271517 -0.00338024
v 0.03019814 0.03019814 -0.00338024
v 0.03271517 0.02745129 -0.00338024
v 0.03498322 0.02449551 -0.00338024
v 0.03698502 0.02135331 -0.00338024
v 0.03870535 0.01804860 -0.00338024
v 0.04013110 0.01460653 -0.00338024
v 0.04125143 0.01105329 -0.00338024
v 0.04205782 0.00741593 -0.00338024
v 0.04254412 0.00372213 -0.00338024
v 0.04270662 0.00000000 -0.00338024
v 0.04255262 -0.00372287 -0.00331537
v 0.04206623 -0.00741741 -0.00331537
v 0.04125968 -0.01105550 -0.00331537
v 0.04013913 -0.01460945 -0.00331537
v 0.03871309 -0.01805221 -0.00331537
v 0.03699242 -0.02135758 -0.00331537
v 0.03499021 -0.02450041 -0.00331537
v 0.03272172 -0.02745678 -0.00331537
v 0.03020418 -0.03020418 -0.00331537
v 0.02745678 -0.03272172 -0.00331537
v 0.02450041 -0.03499021 -0.00331537
v 0.02135758 -0.03699242 -0.00331537
v 0.01805221 -0.03871309 -0.00331537
v 0.01460945 -0.04013913 -0.00331537
v 0.01105550 -0.04125968 -0.00331537
v 0.00741741 -0.04206623 -0.00331537
v 0.00372287 -0.04255262 -0.00331537
v 0.00000000 -0.04271517 -0.00331537
v -0.00372287 -0.04255262 -0.00331537
v -0.00741741 -0.04206623 -0.00331537
v -0.01105550 -0.04125968 -0.00331537
v -0.01460945 -0.04013913 -0.00331537
v -0.01805221 -0.03871309 -0.00331537
v -0.02135758 -0.03699242 -0.00331537
v -0.02450041 -0.03499021 -0.00331537
v -0.02745678 -0.03272172 -0.00331537
v -0.03020418 -0.03020418 -0.00331537
v -0.03272172 -0.02745678 -0.00331537
v -0.03499021 -0.02450041 -0.00331537
v -0.03699242 -0.02135758 -0.00331537
v -0.03871309 -0.01805221 -0.00331537
v -0.04013913 -0.01460945 -0.00331537
v -0.04125968 -0.01105550 -0.00331537
v -0.04206623 -0.00741741 -0.00331537
v -0.04255262 -0.00372287 -0.00331537
v -0.04271517 -0.00000000 -0.00331537
v -0.04255262 0.00372287 -0.00331537
v -0.04206623 0.00741741 -0.00331537
v -0.04125968 0.01105550 -0.00331537
v -0.04013913 0.01460945 -0.00331537
v -0.03871309 0.01805221 -0.00331537
v -0.03699242 0.02135758 -0.00331537
v -0.03499021 0.02450041 -0.00331537
v -0.03272172 0.02745678 -0.00331537
v -0.03020418 0.03020418 -0.00331537
v -0.02745678 0.03272172 -0.00331537
v -0.02450041 0.03499021 -0.00331537
v -0.02135758 0.03699242 -0.00331537
v -0.01805221 0.03871309 -0.00331537
v -0.01460945 0.04013913 -0.00331537
v -0.01105550 0.04125968 -0.00331537
v -0.00741741 0.04206623 -0.00331537
v -0.00372287 0.04255262 -0.00331537
v 0.00000000 0.04271517 -0.00331537
v 0.00372287 0.04255262 -0.00331537
v 0.00741741 0.04206623 -0.00331537
v 0.01105550 0.04125968 -0.00331537
v 0.01460945 0.04013913 -0.00331537
v 0.01805221 0.03871309 -0.00331537
v 0.02135758 0.03699242 -0.00331537
v 0.02450041 0.03499021 -0.00331537
v 0.02745678 0.03272172 -0.00331537
v 0.03020418 0.03020418 -0.00331537
v 0.03272172 0.02745678 -0.00331537
v 0.03499021 0.02450041 -0.00331537
v 0.03699242 0.02135758 -0.00331537
v 0.03871309 0.01805221 -0.00331537
v 0.04013913 0.01460945 -0.00331537
v 0.04125968 0.01105550 -0.00331537
v 0.04206623 0.00741741 -0.00331537
v 0.04255262 0.00372287 -0.00331537
v 0.04271517 0.00000000 -0.00331537
v -0.00365775 0.04180832 -0.01250000
v 0.00000000 0.04196802 -0.01250000
v 0.00365775 0.04180832 -0.01250000
v 0.00728767 0.04133043 -0.01250000
v 0.01086212 0.04053799 -0.01250000
v 0.01435391 0.03943704 -0.01250000
v 0.01773645 0.03803594 -0.01250000
v 0.02098401 0.03634537 -0.01250000
v 0.02407187 0.03437819 -0.01250000
v 0.02697652 0.03214937 -0.01250000
v 0.02967587 0.02967587 -0.01250000
v 0.03214937 0.02697652 -0.01250000
v 0.03437819 0.02407187 -0.01250000
v 0.03634537 0.02098401 -0.01250000
v 0.03803594 0.01773645 -0.01250000
v 0.03943704 0.01435391 -0.01250000
v 0.04053799 0.01086212 -0.01250000
v 0.04133043 0.00728767 -0.01250000
v 0.04180832 0.00365775 -0.01250000
v 0.04196802 0.00000000 -0.01250000
v 0.04180832 -0.00365775 -0.01250000
v 0.04133043 -0.00728767 -0.01250000
v 0.04053799 -0.01086212 -0.01250000
v 0.03943704 -0.01435391 -0.01250000
v 0.03803594 -0.01773645 -0.01250000
v 0.03634537 -0.02098401 -0.01250000
v 0.03437819 -0.02407187 -0.01250000
v 0.03214937 -0.02697652 -0.01250000
v 0.02967587 -0.02967587 -0.01250000
v 0.02697652 -0.03214937 -0.01250000
v 0.02407187 -0.03437819 -0.01250000
v 0.02098401 -0.03634537 -0.01250000
v 0.01773645 -0.03803594 -0.01250000
v 0.01435391 -0.03943704 -0.01250000
v 0.01086212 -0.04053799 -0.01250000
v 0.00728767 -0.04133043 -0.01250000
v 0.00365775 -0.04180832 -0.01250000
v 0.00000000 -0.04196802 -0.01250000
v -0.00365775 -0.04180832 -0.01250000
v -0.00728767 -0.04133043 -0.01250000
v -0.01086212 -0.04053799 -0.01250000
v -0.01435391 -0.03943704 -0.01250000
v -0.01773645 -0.03803594 -0.01250000
v -0.02098401 -0.03634537 -0.01250000
v -0.02407187 -0.03437819 -0.01250000
v -0.02697652 -0.03214937 -0.01250000
v -0.02967587 -0.02967587 -0.01250000
v -0.03214937 -0.02697652 -0.01250000
v -0.03437819 -0.02407187 -0.01250000
v -0.03634537 -0.02098401 -0.01250000
v -0.03803594 -0.01773645 -0.01250000
v -0.03943704 -0.01435391 -0.01250000
v -0.04053799 -0.01086212 -0.01250000
v -0.04133043 -0.00728767 -0.01250000
v -0.04180832 -0.00365775 -0.01250000
v -0.04196802 -0.00000000 -0.01250000
v -0.04180832 0.00365775 -0.01250000
v -0.04133043 0.00728767 -0.01250000
v -0.04053799 0.01086212 -0.01250000
v -0.03943704 0.01435391 -0.01250000
v -0.03803594 0.01773645 -0.01250000
v -0.03634537 0.02098401 -0.01250000
v -0.03437819 0.02407187 -0.01250000
v -0.03214937 0.02697652 -0.01250000
v -0.02967587 0.02967587 -0.01250000
v -0.02697652 0.03214937 -0.01250000
v -0.02407187 0.03437819 -0.01250000
v -0.02098401 0.03634537 -0.01250000
v -0.01773645 0.03803594 -0.01250000
v -0.01435391 0.03943704 -0.01250000
v -0.01086212 0.04053799 -0.01250000
v -0.00728767 0.04133043 -0.01250000
v 0.04187344 -0.00366345 -0.01249715
v 0.04139480 -0.00729902 -0.01249715
v 0.04060113 -0.01087904 -0.01249715
v 0.03949846 -0.01437626 -0.01249715
v 0.03809518 -0.01776408 -0.01249715
v 0.03640198 -0.02101669 -0.01249715
v 0.03443173 -0.02410936 -0.01249715
v 0.03219944 -0.02701854 -0.01249715
v 0.02972209 -0.02972209 -0.01249715
v 0.02701854 -0.03219944 -0.01249715
v 0.02410936 -0.03443173 -0.01249715
v 0.02101669 -0.03640198 -0.01249715
v 0.01776408 -0.03809518 -0.01249715
v 0.01437626 -0.03949846 -0.01249715
v 0.01087904 -0.04060113 -0.01249715
v 0.00729902 -0.04139480 -0.01249715
v 0.00366345 -0.04187344 -0.01249715
v 0.00000000 -0.04203339 -0.01249715
v -0.00366345 -0.04187344 -0.01249715
v -0.00729902 -0.04139480 -0.01249715
v -0.01087904 -0.04060113 -0.01249715
v -0.01437626 -0.03949846 -0.01249715
v -0.01776408 -0.03809518 -0.01249715
v -0.02101669 -0.03640198 -0.01249715
v -0.02410936 -0.03443173 -0.01249715
v -0.02701854 -0.03219944 -0.01249715
v -0.02972209 -0.02972209 -0.01249715
v -0.03219944 -0.02701854 -0.01249715
v -0.03443173 -0.02410936 -0.01249715
v -0.03640198 -0.02101669 -0.01249715
v -0.03809518 -0.01776408 -0.01249715
v -0.03949846 -0.01437626 -0.01249715
v -0.04060113 -0.01087904 -0.01249715
v -0.04139480 -0.00729902 -0.01249715
v -0.04187344 -0.00366345 -0.01249715
v -0.04203339 -0.00000000 -0.01249715
v -0.04187344 0.00366345 -0.01249715
v -0.04139480 0.00729902 -0.01249715
v -0.04060113 0.01087904 -0.01249715
v -0.03949846 0.01437626 -0.01249715
v -0.03809518 0.01776408 -0.01249715
v -0.03640198 0.02101669 -0.01249715
v -0.03443173 0.02410936 -0.01249715
v -0.03219944 0.02701854 -0.01249715
v -0.02972209 0.02972209 -0.01249715
v -0.02701854 0.03219944 -0.01249715
v -0.02410936 0.03443173 -0.01249715
v -0.02101669 0.03640198 -0.01249715
v -0.01776408 0.03809518 -0.01249715
v -0.01437626 0.03949846 -0.01249715
v -0.01087904 0.04060113 -0.01249715
v -0.00729902 0.04139480 -0.01249715
v -0.00366345 0.04187344 -0.01249715
v 0.00000000 0.04203339 -0.01249715
v 0.00366345 0.04187344 -0.01249715
v 0.00729902 0.04139480 -0.01249715
v 0.01087904 0.04060113 -0.01249715
v 0.01437626 0.03949846 -0.01249715
v 0.01776408 0.03809518 -0.01249715
v 0.02101669 0.03640198 -0.01249715
v 0.02410936 0.03443173 -0.01249715
v 0.02701854 0.03219944 -0.01249715
v 0.02972209 0.02972209 -0.01249715
v 0.03219944 0.02701854 -0.01249715
v 0.03443173 0.02410936 -0.01249715
v 0.03640198 0.02101669 -0.01249715
v 0.03809518 0.01776408 -0.01249715
v 0.03949846 0.01437626 -0.01249715
v 0.04060113 0.01087904 -0.01249715
v 0.04139480 0.00729902 -0.01249715
v 0.04187344 0.00366345 -0.01249715
v 0.04203339 0.00000000 -0.01249715
v 0.04193806 -0.00366910 -0.01248861
v 0.04145869 -0.00731029 -0.01248861
v 0.04066379 -0.01089583 -0.01248861
v 0.03955942 -0.01439845 -0.01248861
v 0.03815398 -0.01779149 -0.01248861
v 0.03645816 -0.02104913 -0.01248861
v 0.03448487 -0.02414657 -0.01248861
v 0.03224913 -0.02706024 -0.01248861
v 0.02976796 -0.02976796 -0.01248861
v 0.02706024 -0.03224913 -0.01248861
v 0.02414657 -0.03448487 -0.01248861
v 0.02104913 -0.03645816 -0.01248861
v 0.01779149 -0.03815398 -0.01248861
v 0.01439845 -0.03955942 -0.01248861
v 0.01089583 -0.04066379 -0.01248861
v 0.00731029 -0.04145869 -0.01248861
v 0.00366910 -0.04193806 -0.01248861
v 0.00000000 -0.04209825 -0.01248861
v -0.00366910 -0.04193806 -0.01248861
v -0.00731029 -0.04145869 -0.01248861
v -0.01089583 -0.04066379 -0.01248861
v -0.01439845 -0.03955942 -0.01248861
v -0.01779149 -0.03815398 -0.01248861
v -0.02104913 -0.03645816 -0.01248861
v -0.02414657 -0.03448487 -0.01248861
v -0.02706024 -0.03224913 -0.01248861
v -0.02976796 -0.02976796 -0.01248861
v -0.03224913 -0.02706024 -0.01248861
v -0.03448487 -0.02414657 -0.01248861
v -0.03645816 -0.02104913 -0.01248861
v -0.03815398 -0.01779149 -0.01248861
v -0.03955942 -0.01439845 -0.01248861
v -0.04066379 -0.01089583 -0.01248861
v -0.04145869 -0.00731029 -0.01248861
v -0.04193806 -0.00366910 -0.01248861
v -0.04209825 -0.00000000 -0.01248861
v -0.04193806 0.00366910 -0.01248861
v -0.04145869 0.00731029 -0.01248861
v -0.04066379 0.01089583 -0.01248861
v -0.03955942 0.01439845 -0.01248861
v -0.03815398 0.01779149 -0.01248861
v -0.03645816 0.02104913 -0.01248861
v -0.03448487 0.02414657 -0.01248861
v -0.03224913 0.02706024 -0.01248861
v -0.02976796 0.02976796 -0.01248861
v -0.02706024 0.03224913 -0.01248861
v -0.02414657 0.03448487 -0.01248861
v -0.02104913 0.03645816 -0.01248861
v -0.01779149 0.03815398 -0.01248861
v -0.01439845 0.03955942 -0.01248861
v -0.01089583 0.04066379 -0.01248861
v -0.00731029 0.04145869 -0.01248861
v -0.00366910 0.04193806 -0.01248861
v 0.00000000 0.04209825 -0.01248861
v 0.00366910 0.04193806 -0.01248861
v 0.00731029 0.04145869 -0.01248861
v 0.01089583 0.04066379 -0.01248861
v 0.01439845 0.03955942 -0.01248861
v 0.01779149 0.03815398 -0.01248861
v 0.02104913 0.03645816 -0.01248861
v 0.02414657 0.03448487 -0.01248861
v 0.02706024 0.03224913 -0.01248861
v 0.02976796 0.02976796 -0.01248861
v 0.03224913 0.02706024 -0.01248861
v 0.03448487 0.02414657 -0.01248861
v 0.03645816 0.02104913 -0.01248861
v 0.03815398 0.01779149 -0.01248861
v 0.03955942 0.01439845 -0.01248861
v 0.04066379 0.01089583 -0.01248861
v 0.04145869 0.00731029 -0.01248861
v 0.04193806 0.00366910 -0.01248861
v 0.04209825 0.00000000 -0.01248861
v 0.04200169 -0.00367467 -0.01247444
v 0.04152160 -0.00732138 -0.01247444
v 0.04072550 -0.01091236 -0.01247444
v 0.03961945 -0.01442030 -0.01247444
v 0.03821187 -0.01781849 -0.01247444
v 0.03651348 -0.02108107 -0.01247444
v 0.03453720 -0.02418321 -0.01247444
v 0.03229807 -0.02710130 -0.01247444
v 0.02981313 -0.02981313 -0.01247444
v 0.02710130 -0.03229807 -0.01247444
v 0.02418321 -0.03453720 -0.01247444
v 0.02108107 -0.03651348 -0.01247444
v 0.01781849 -0.03821187 -0.01247444
v 0.01442030 -0.03961945 -0.01247444
v 0.01091236 -0.04072550 -0.01247444
v 0.00732138 -0.04152160 -0.01247444
v 0.00367467 -0.04200169 -0.01247444
v 0.00000000 -0.04216214 -0.01247444
v -0.00367467 -0.04200169 -0.01247444
v -0.00732138 -0.04152160 -0.01247444
v -0.01091236 -0.04072550 -0.01247444
v -0.01442030 -0.03961945 -0.01247444
v -0.01781849 -0.03821187 -0.01247444
v -0.02108107 -0.03651348 -0.01247444
v -0.02418321 -0.03453720 -0.01247444
v -0.02710130 -0.03229807 -0.01247444
v -0.02981313 -0.02981313 -0.01247444
v -0.03229807 -0.02710130 -0.01247444
v -0.03453720 -0.02418321 -0.01247444
v -0.03651348 -0.02108107 -0.01247444
v -0.03821187 -0.01781849 -0.01247444
v -0.03961945 -0.01442030 -0.01247444
v -0.04072550 -0.01091236 -0.01247444
v -0.04152160 -0.00732138 -0.01247444
v -0.04200169 -0.00367467 -0.01247444
v -0.04216214 -0.00000000 -0.01247444
v -0.04200169 0.00367467 -0.01247444
v -0.04152160 0.00732138 -0.01247444
v -0.04072550 0.01091236 -0.01247444
v -0.03961945 0.01442030 -0.01247444
v -0.03821187 0.01781849 -0.01247444
v -0.03651348 0.02108107 -0.01247444
v -0.03453720 0.02418321 -0.01247444
v -0.03229807 0.02710130 -0.01247444
v -0.02981313 0.02981313 -0.01247444
v -0.02710130 0.03229807 -0.01247444
v -0.02418321 0.03453720 -0.01247444
v -0.02108107 0.03651348 -0.01247444
v -0.01781849 0.03821187 -0.01247444
v -0.01442030 0.03961945 -0.01247444
v -0.01091236 0.04072550 -0.01247444
v -0.00732138 0.04152160 -0.01247444
v -0.00367467 0.04200169 -0.01247444
v 0.00000000 0.04216214 -0.01247444
v 0.00367467 0.04200169 -0.01247444
v 0.00732138 0.04152160 -0.01247444
v 0.01091236 0.04072550 -0.01247444
v 0.01442030 0.03961945 -0.01247444
v 0.01781849 0.03821187 -0.01247444
v 0.02108107 0.03651348 -0.01247444
v 0.02418321 0.03453720 -0.01247444
v 0.02710130 0.03229807 -0.01247444
v 0.02981313 0.02981313 -0.01247444
v 0.03229807 0.02710130 -0.01247444
v 0.03453720 0.02418321 -0.01247444
v 0.03651348 0.02108107 -0.01247444
v 0.03821187 0.01781849 -0.01247444
v 0.03961945 0.01442030 -0.01247444
v 0.04072550 0.01091236 -0.01247444
v 0.04152160 0.00732138 -0.01247444
v 0.04200169 0.00367467 -0.01247444
v 0.04216214 0.00000000 -0.01247444
v 0.04206386 -0.00368011 -0.01245477
v 0.04158305 -0.00733221 -0.01245477
v 0.04078577 -0.01092851 -0.01245477
v 0.03967808 -0.01444164 -0.01245477
v 0.03826842 -0.01784486 -0.01245477
v 0.03656752 -0.02111227 -0.01245477
v 0.03458831 -0.02421900 -0.01245477
v 0.03234587 -0.02714141 -0.01245477
v 0.02985726 -0.02985726 -0.01245477
v 0.02714141 -0.03234587 -0.01245477
v 0.02421900 -0.03458831 -0.01245477
v 0.02111227 -0.03656752 -0.01245477
v 0.01784486 -0.03826842 -0.01245477
v 0.01444164 -0.03967808 -0.01245477
v 0.01092851 -0.04078577 -0.01245477
v 0.00733221 -0.04158305 -0.01245477
v 0.00368011 -0.04206386 -0.01245477
v 0.00000000 -0.04222453 -0.01245477
v -0.00368011 -0.04206386 -0.01245477
v -0.00733221 -0.04158305 -0.01245477
v -0.01092851 -0.04078577 -0.01245477
v -0.01444164 -0.03967808 -0.01245477
v -0.01784486 -0.03826842 -0.01245477
v -0.02111227 -0.03656752 -0.01245477
v -0.02421900 -0.03458831 -0.01245477
v -0.02714141 -0.03234587 -0.01245477
v -0.02985726 -0.02985726 -0.01245477
v -0.03234587 -0.02714141 -0.01245477
v -0.03458831 -0.02421900 -0.01245477
v -0.03656752 -0.02111227 -0.01245477
v -0.03826842 -0.01784486 -0.01245477
v -0.03967808 -0.01444164 -0.01245477
v -0.04078577 -0.01092851 -0.01245477
v -0.04158305 -0.00733221 -0.01245477
v -0.04206386 -0.00368011 -0.01245477
v -0.04222453 -0.00000000 -0.01245477
v -0.04206386 0.00368011 -0.01245477
v -0.04158305 0.00733221 -0.01245477
v -0.04078577 0.01092851 -0.01245477
v -0.03967808 0.01444164 -0.01245477
v -0.03826842 0.01784486 -0.01245477
v -0.03656752 0.02111227 -0.01245477
v -0.03458831 0.02421900 -0.01245477
v -0.03234587 0.02714141 -0.01245477
v -0.02985726 0.02985726 -0.01245477
v -0.02714141 0.03234587 -0.01245477
v -0.02421900 0.03458831 -0.01245477
v -0.02111227 0.03656752 -0.01245477
v -0.01784486 0.03826842 -0.01245477
v -0.01444164 0.03967808 -0.01245477
v -0.01092851 0.04078577 -0.01245477
v -0.00733221 0.04158305 -0.01245477
v -0.00368011 0.04206386 -0.01245477
v 0.00000000 0.04222453 -0.01245477
v 0.00368011 0.04206386 -0.01245477
v 0.00733221 0.04158305 -0.01245477
v 0.01092851 0.04078577 -0.01245477
v 0.01444164 0.03967808 -0.01245477
v 0.01784486 0.03826842 -0.01245477
v 0.02111227 0.03656752 -0.01245477
v 0.02421900 0.03458831 -0.01245477
v 0.02714141 0.03234587 -0.01245477
v 0.02985726 0.02985726 -0.01245477
v 0.03234587 0.02714141 -0.01245477
v 0.03458831 0.02421900 -0.01245477
v 0.03656752 0.02111227 -0.01245477
v 0.03826842 0.01784486 -0.01245477
v 0.03967808 0.01444164 -0.01245477
v 0.04078577 0.01092851 -0.01245477
v 0.04158305 0.00733221 -0.01245477
v 0.04206386 0.00368011 -0.01245477
v 0.04222453 0.00000000 -0.01245477
v 0.04212408 -0.00368538 -0.01242973
v 0.04164258 -0.00734271 -0.01242973
v 0.04084416 -0.01094416 -0.01242973
v 0.03973489 -0.01446232 -0.01242973
v 0.03832321 -0.01787041 -0.01242973
v 0.03661987 -0.02114249 -0.01242973
v 0.03463783 -0.02425367 -0.01242973
v 0.03239218 -0.02718026 -0.01242973
v 0.02990000 -0.02990000 -0.01242973
v 0.02718026 -0.03239218 -0.01242973
v 0.02425367 -0.03463783 -0.01242973
v 0.02114249 -0.03661987 -0.01242973
v 0.01787041 -0.03832321 -0.01242973
v 0.01446232 -0.03973489 -0.01242973
v 0.01094416 -0.04084416 -0.01242973
v 0.00734271 -0.04164258 -0.01242973
v 0.00368538 -0.04212408 -0.01242973
v 0.00000000 -0.04228498 -0.01242973
v -0.00368538 -0.04212408 -0.01242973
v -0.00734271 -0.04164258 -0.01242973
v -0.01094416 -0.04084416 -0.01242973
v -0.01446232 -0.03973489 -0.01242973
v -0.01787041 -0.03832321 -0.01242973
v -0.02114249 -0.03661987 -0.01242973
v -0.02425367 -0.03463783 -0.01242973
v -0.02718026 -0.03239218 -0.01242973
v -0.02990000 -0.02990000 -0.01242973
v -0.03239218 -0.02718026 -0.01242973
v -0.03463783 -0.02425367 -0.01242973
v -0.03661987 -0.02114249 -0.01242973
v -0.03832321 -0.01787041 -0.01242973
v -0.03973489 -0.01446232 -0.01242973
v -0.04084416 -0.01094416 -0.01242973
v -0.04164258 -0.00734271 -0.01242973
v -0.04212408 -0.00368538 -0.01242973
v -0.04228498 -0.00000000 -0.01242973
v -0.04212408 0.00368538 -0.01242973
v -0.04164258 0.00734271 -0.01242973
v -0.04084416 0.01094416 -0.01242973
v -0.03973489 0.01446232 -0.01242973
v -0.03832321 0.01787041 -0.01242973
v -0.03661987 0.02114249 -0.01242973
v -0.03463783 0.02425367 -0.01242973
v -0.03239218 0.02718026 -0.01242973
v -0.02990000 0.02990000 -0.01242973
v -0.02718026 0.03239218 -0.01242973
v -0.02425367 0.03463783 -0.01242973
v -0.02114249 0.03661987 -0.01242973
v -0.01787041 0.03832321 -0.01242973
v -0.01446232 0.03973489 -0.01242973
v -0.01094416 0.04084416 -0.01242973
v -0.00734271 0.04164258 -0.01242973
v -0.00368538 0.04212408 -0.01242973
v 0.00000000 0.04228498 -0.01242973
v 0.00368538 0.04212408 -0.01242973
v 0.00734271 0.04164258 -0.01242973
v 0.01094416 0.04084416 -0.01242973
v 0.01446232 0.03973489 -0.01242973
v 0.01787041 0.03832321 -0.01242973
v 0.02114249 0.03661987 -0.01242973
v 0.02425367 0.03463783 -0.01242973
v 0.02718026 0.03239218 -0.01242973
v 0.02990000 0.02990000 -0.01242973
v 0.03239218 0.02718026 -0.01242973
v 0.03463783 0.02425367 -0.01242973
v 0.03661987 0.02114249 -0.01242973
v 0.03832321 0.01787041 -0.01242973
v 0.03973489 0.01446232 -0.01242973
v 0.04084416 0.01094416 -0.01242973
v 0.04164258 0.00734271 -0.01242973
v 0.04212408 0.00368538 -0.01242973
v 0.04228498 0.00000000 -0.01242973
v 0.04218189 -0.00369044 -0.01239952
v 0.04169973 -0.00735279 -0.01239952
v 0.04090022 -0.01095918 -0.01239952
v 0.03978942 -0.01448217 -0.01239952
v 0.03837581 -0.01789493 -0.01239952
v 0.03667013 -0.02117151 -0.01239952
v 0.03468537 -0.02428696 -0.01239952
v 0.03243664 -0.02721757 -0.01239952
v 0.02994104 -0.02994104 -0.01239952
v 0.02721757 -0.03243664 -0.01239952
v 0.02428696 -0.03468537 -0.01239952
v 0.02117151 -0.03667013 -0.01239952
v 0.01789493 -0.03837581 -0.01239952
v 0.01448217 -0.03978942 -0.01239952
v 0.01095918 -0.04090022 -0.01239952
v 0.00735279 -0.04169973 -0.01239952
v 0.00369044 -0.04218189 -0.01239952
v 0.00000000 -0.04234302 -0.01239952
v -0.00369044 -0.04218189 -0.01239952
v -0.00735279 -0.04169973 -0.01239952
v -0.01095918 -0.04090022 -0.01239952
v -0.01448217 -0.03978942 -0.01239952
v -0.01789493 -0.03837581 -0.01239952
v -0.02117151 -0.03667013 -0.01239952
v -0.02428696 -0.03468537 -0.01239952
v -0.02721757 -0.03243664 -0.01239952
v -0.02994104 -0.02994104 -0.01239952
v -0.03243664 -0.02721757 -0.01239952
v -0.03468537 -0.02428696 -0.01239952
v -0.03667013 -0.02117151 -0.01239952
v -0.03837581 -0.01789493 -0.01239952
v -0.03978942 -0.01448217 -0.01239952
v -0.04090022 -0.01095918 -0.01239952
v -0.04169973 -0.00735279 -0.01239952
v -0.04218189 -0.00369044 -0.01239952
v -0.04234302 -0.00000000 -0.01239952
v -0.04218189 0.00369044 -0.01239952
v -0.04169973 0.00735279 -0.01239952
v -0.04090022 0.01095918 -0.01239952
v -0.03978942 0.01448217 -0.01239952
v -0.03837581 0.01789493 -0.01239952
v -0.03667013 0.02117151 -0.01239952
v -0.03468537 0.02428696 -0.01239952
v -0.03243664 0.02721757 -0.01239952
v -0.02994104 0.02994104 -0.01239952
v -0.02721757 0.03243664 -0.01239952
v -0.02428696 0.03468537 -0.01239952
v -0.02117151 0.03667013 -0.01239952
v -0.01789493 0.03837581 -0.01239952
v -0.01448217 0.03978942 -0.01239952
v -0.01095918 0.04090022 -0.01239952
v -0.00735279 0.04169973 -0.01239952
v -0.00369044 0.04218189 -0.01239952
v 0.00000000 0.04234302 -0.01239952
v 0.00369044 0.04218189 -0.01239952
v 0.00735279 0.04169973 -0.01239952
v 0.01095918 0.04090022 -0.01239952
v 0.01448217 0.03978942 -0.01239952
v 0.01789493 0.03837581 -0.01239952
v 0.02117151 0.03667013 -0.01239952
v 0.02428696 0.03468537 -0.01239952
v 0.02721757 0.03243664 -0.01239952
v 0.02994104 0.02994104 -0.01239952
v 0.03243664 0.02721757 -0.01239952
v 0.03468537 0.02428696 -0.01239952
v 0.03667013 0.02117151 -0.01239952
v 0.03837581 0.01789493 -0.01239952
v 0.03978942 0.01448217 -0.01239952
v 0.04090022 0.01095918 -0.01239952
v 0.04169973 0.00735279 -0.01239952
v 0.04218189 0.00369044 -0.01239952
v 0.04234302 0.00000000 -0.01239952
v 0.04223686 -0.00369525 -0.01236436
v 0.04175408 -0.00736237 -0.01236436
v 0.04095352 -0.01097346 -0.01236436
v 0.03984128 -0.01450104 -0.01236436
v 0.03842582 -0.01791826 -0.01236436
v 0.03671792 -0.02119910 -0.01236436
v 0.03473057 -0.02431861 -0.01236436
v 0.03247891 -0.02725304 -0.01236436
v 0.02998006 -0.02998006 -0.01236436
v 0.02725304 -0.03247891 -0.01236436
v 0.02431861 -0.03473057 -0.01236436
v 0.02119910 -0.03671792 -0.01236436
v 0.01791826 -0.03842582 -0.01236436
v 0.01450104 -0.03984128 -0.01236436
v 0.01097346 -0.04095352 -0.01236436
v 0.00736237 -0.04175408 -0.01236436
v 0.00369525 -0.04223686 -0.01236436
v 0.00000000 -0.04239820 -0.01236436
v -0.00369525 -0.04223686 -0.01236436
v -0.00736237 -0.04175408 -0.01236436
v -0.01097346 -0.04095352 -0.01236436
v -0.01450104 -0.03984128 -0.01236436
v -0.01791826 -0.03842582 -0.01236436
v -0.02119910 -0.03671792 -0.01236436
v -0.02431861 -0.03473057 -0.01236436
v -0.02725304 -0.03247891 -0.01236436
v -0.02998006 -0.02998006 -0.01236436
v -0.03247891 -0.02725304 -0.01236436
v -0.03473057 -0.02431861 -0.01236436
v -0.03671792 -0.02119910 -0.01236436
v -0.03842582 -0.01791826 -0.01236436
v -0.03984128 -0.01450104 -0.01236436
v -0.04095352 -0.01097346 -0.01236436
v -0.04175408 -0.00736237 -0.01236436
v -0.04223686 -0.00369525 -0.01236436
v -0.04239820 -0.00000000 -0.01236436
v -0.04223686 0.00369525 -0.01236436
v -0.04175408 0.00736237 -0.01236436
v -0.04095352 0.01097346 -0.01236436
v -0.03984128 0.01450104 -0.01236436
v -0.03842582 0.01791826 -0.01236436
v -0.03671792 0.02119910 -0.01236436
v -0.03473057 0.02431861 -0.01236436
v -0.03247891 0.02725304 -0.01236436
v -0.02998006 0.02998006 -0.01236436
v -0.02725304 0.03247891 -0.01236436
v -0.02431861 0.03473057 -0.01236436
v -0.02119910 0.03671792 -0.01236436
v -0.01791826 0.03842582 -0.01236436
v -0.01450104 0.03984128 -0.01236436
v -0.01097346 0.04095352 -0.01236436
v -0.00736237 0.04175408 -0.01236436
v -0.00369525 0.04223686 -0.01236436
v 0.00000000 0.04239820 -0.01236436
v 0.00369525 0.04223686 -0.01236436
v 0.00736237 0.04175408 -0.01236436
v 0.01097346 0.04095352 -0.01236436
v 0.01450104 0.03984128 -0.01236436
v 0.01791826 0.03842582 -0.01236436
v 0.02119910 0.03671792 -0.01236436
v 0.02431861 0.03473057 -0.01236436
v 0.02725304 0.03247891 -0.01236436
v 0.02998006 0.02998006 -0.01236436
v 0.03247891 0.02725304 -0.01236436
v 0.03473057 0.02431861 -0.01236436
v 0.03671792 0.02119910 -0.01236436
v 0.03842582 0.01791826 -0.01236436
v 0.03984128 0.01450104 -0.01236436
v 0.04095352 0.01097346 -0.01236436
v 0.04175408 0.00736237 -0.01236436
v 0.04223686 0.00369525 -0.01236436
v 0.04239820 0.00000000 -0.01236436
v 0.04228858 -0.00369977 -0.01232453
v 0.04180520 -0.00737138 -0.01232453
v 0.04100366 -0.01098690 -0.01232453
v 0.03989005 -0.01451879 -0.01232453
v 0.03847286 -0.01794019 -0.01232453
v 0.03676287 -0.02122506 -0.01232453
v 0.03477309 -0.02434838 -0.01232453
v 0.03251867 -0.02728640 -0.01232453
v 0.03001676 -0.03001676 -0.01232453
v 0.02728640 -0.03251867 -0.01232453
v 0.02434838 -0.03477309 -0.01232453
v 0.02122506 -0.03676287 -0.01232453
v 0.01794019 -0.03847286 -0.01232453
v 0.01451879 -0.03989005 -0.01232453
v 0.01098690 -0.04100366 -0.01232453
v 0.00737138 -0.04180520 -0.01232453
v 0.00369977 -0.04228858 -0.01232453
v 0.00000000 -0.04245011 -0.01232453
v -0.00369977 -0.04228858 -0.01232453
v -0.00737138 -0.04180520 -0.01232453
v -0.01098690 -0.04100366 -0.01232453
v -0.01451879 -0.03989005 -0.01232453
v -0.01794019 -0.03847286 -0.01232453
v -0.02122506 -0.03676287 -0.01232453
v -0.02434838 -0.03477309 -0.01232453
v -0.02728640 -0.03251867 -0.01232453
v -0.03001676 -0.03001676 -0.01232453
v -0.03251867 -0.02728640 -0.01232453
v -0.03477309 -0.02434838 -0.01232453
v -0.03676287 -0.02122506 -0.01232453
v -0.03847286 -0.01794019 -0.01232453
v -0.03989005 -0.01451879 -0.01232453
v -0.04100366 -0.01098690 -0.01232453
v -0.04180520 -0.00737138 -0.01232453
v -0.04228858 -0.00369977 -0.01232453
v -0.04245011 -0.00000000 -0.01232453
v -0.04228858 0.00369977 -0.01232453
v -0.04180520 0.00737138 -0.01232453
v -0.04100366 0.01098690 -0.01232453
v -0.03989005 0.01451879 -0.01232453
v -0.03847286 0.01794019 -0.01232453
v -0.03676287 0.02122506 -0.01232453
v -0.03477309 0.02434838 -0.01232453
v -0.03251867 0.02728640 -0.01232453
v -0.03001676 0.03001676 -0.01232453
v -0.02728640 0.03251867 -0.01232453
v -0.02434838 0.03477309 -0.01232453
v -0.02122506 0.03676287 -0.01232453
v -0.01794019 0.03847286 -0.01232453
v -0.01451879 0.03989005 -0.01232453
v -0.01098690 0.04100366 -0.01232453
v -0.00737138 0.04180520 -0.01232453
v -0.00369977 0.04228858 -0.01232453
v 0.00000000 0.04245011 -0.01232453
v 0.00369977 0.04228858 -0.01232453
v 0.00737138 0.04180520 -0.01232453
v 0.01098690 0.04100366 -0.01232453
v 0.01451879 0.03989005 -0.01232453
v 0.01794019 0.03847286 -0.01232453
v 0.02122506 0.03676287 -0.01232453
v 0.02434838 0.03477309 -0.01232453
v 0.02728640 0.03251867 -0.01232453
v 0.03001676 0.03001676 -0.01232453
v 0.03251867 0.02728640 -0.01232453
v 0.03477309 0.02434838 -0.01232453
v 0.03676287 0.02122506 -0.01232453
v 0.03847286 0.01794019 -0.01232453
v 0.03989005 0.01451879 -0.01232453
v 0.04100366 0.01098690 -0.01232453
v 0.04180520 0.00737138 -0.01232453
v 0.04228858 0.00369977 -0.01232453
v 0.04245011 0.00000000 -0.01232453
v 0.04233663 -0.00370398 -0.01228033
v 0.04185271 -0.00737976 -0.01228033
v 0.04105025 -0.01099938 -0.01228033
v 0.03993538 -0.01453529 -0.01228033
v 0.03851658 -0.01796058 -0.01228033
v 0.03680465 -0.02124918 -0.01228033
v 0.03481261 -0.02437605 -0.01228033
v 0.03255562 -0.02731741 -0.01228033
v 0.03005087 -0.03005087 -0.01228033
v 0.02731741 -0.03255562 -0.01228033
v 0.02437605 -0.03481261 -0.01228033
v 0.02124918 -0.03680465 -0.01228033
v 0.01796058 -0.03851658 -0.01228033
v 0.01453529 -0.03993538 -0.01228033
v 0.01099938 -0.04105025 -0.01228033
v 0.00737976 -0.04185271 -0.01228033
v 0.00370398 -0.04233663 -0.01228033
v 0.00000000 -0.04249835 -0.01228033
v -0.00370398 -0.04233663 -0.01228033
v -0.00737976 -0.04185271 -0.01228033
v -0.01099938 -0.04105025 -0.01228033
v -0.01453529 -0.03993538 -0.01228033
v -0.01796058 -0.03851658 -0.01228033
v -0.02124918 -0.03680465 -0.01228033
v -0.02437605 -0.03481261 -0.01228033
v -0.02731741 -0.03255562 -0.01228033
v -0.03005087 -0.03005087 -0.01228033
v -0.03255562 -0.02731741 -0.01228033
v -0.03481261 -0.02437605 -0.01228033
v -0.03680465 -0.02124918 -0.01228033
v -0.03851658 -0.01796058 -0.01228033
v -0.03993538 -0.01453529 -0.01228033
v -0.04105025 -0.01099938 -0.01228033
v -0.04185271 -0.00737976 -0.01228033
v -0.04233663 -0.00370398 -0.01228033
v -0.04249835 -0.00000000 -0.01228033
v -0.04233663 0.00370398 -0.01228033
v -0.04185271 0.00737976 -0.01228033
v -0.04105025 0.01099938 -0.01228033
v -0.03993538 0.01453529 -0.01228033
v -0.03851658 0.01796058 -0.01228033
v -0.03680465 0.02124918 -0.01228033
v -0.03481261 0.02437605 -0.01228033
v -0.03255562 0.02731741 -0.01228033
v -0.03005087 0.03005087 -0.01228033
v -0.02731741 0.03255562 -0.01228033
v -0.02437605 0.03481261 -0.01228033
v -0.02124918 0.03680465 -0.01228033
v -0.01796058 0.03851658 -0.01228033
v -0.01453529 0.03993538 -0.01228033
v -0.01099938 0.04105025 -0.01228033
v -0.00737976 0.04185271 -0.01228033
v -0.00370398 0.04233663 -0.01228033
v 0.00000000 0.04249835 -0.01228033
v 0.00370398 0.04233663 -0.01228033
v 0.00737976 0.04185271 -0.01228033
v 0.01099938 0.04105025 -0.01228033
v 0.01453529 0.03993538 -0.01228033
v 0.01796058 0.03851658 -0.01228033
v 0.02124918 0.03680465 -0.01228033
v 0.02437605 0.03481261 -0.01228033
v 0.02731741 0.03255562 -0.01228033
v 0.03005087 0.03005087 -0.01228033
v 0.03255562 0.02731741 -0.01228033
v 0.03481261 0.02437605 -0.01228033
v 0.03680465 0.02124918 -0.01228033
v 0.03851658 0.01796058 -0.01228033
v 0.03993538 0.01453529 -0.01228033
v 0.04105025 0.01099938 -0.01228033
v 0.04185271 0.00737976 -0.01228033
v 0.04233663 0.00370398 -0.01228033
v 0.04249835 0.00000000 -0.01228033
v 0.04238066 -0.00370783 -0.01223209
v 0.04189624 -0.00738744 -0.01223209
v 0.04109295 -0.01101082 -0.01223209
v 0.03997692 -0.01455041 -0.01223209
v 0.03855665 -0.01797926 -0.01223209
v 0.03684293 -0.02127128 -0.01223209
v 0.03484882 -0.02440141 -0.01223209
v 0.03258949 -0.02734582 -0.01223209
v 0.03008213 -0.03008213 -0.01223209
v 0.02734582 -0.03258949 -0.01223209
v 0.02440141 -0.03484882 -0.01223209
v 0.02127128 -0.03684293 -0.01223209
v 0.01797926 -0.03855665 -0.01223209
v 0.01455041 -0.03997692 -0.01223209
v 0.01101082 -0.04109295 -0.01223209
v 0.00738744 -0.04189624 -0.01223209
v 0.00370783 -0.04238066 -0.01223209
v 0.00000000 -0.04254255 -0.01223209
v -0.00370783 -0.04238066 -0.01223209
v -0.00738744 -0.04189624 -0.01223209
v -0.01101082 -0.04109295 -0.01223209
v -0.01455041 -0.03997692 -0.01223209
v -0.01797926 -0.03855665 -0.01223209
v -0.02127128 -0.03684293 -0.01223209
v -0.02440141 -0.03484882 -0.01223209
v -0.02734582 -0.03258949 -0.01223209
v -0.03008213 -0.03008213 -0.01223209
v -0.03258949 -0.02734582 -0.01223209
v -0.03484882 -0.02440141 -0.01223209
v -0.03684293 -0.02127128 -0.01223209
v -0.03855665 -0.01797926 -0.01223209
v -0.03997692 -0.01455041 -0.01223209
v -0.04109295 -0.01101082 -0.01223209
v -0.04189624 -0.00738744 -0.01223209
v -0.04238066 -0.00370783 -0.01223209
v -0.04254255 -0.00000000 -0.01223209
v -0.04238066 0.00370783 -0.01223209
v -0.04189624 0.00738744 -0.01223209
v -0.04109295 0.01101082 -0.01223209
v -0.03997692 0.01455041 -0.01223209
v -0.03855665 0.01797926 -0.01223209
v -0.03684293 0.02127128 -0.01223209
v -0.03484882 0.02440141 -0.01223209
v -0.03258949 0.02734582 -0.01223209
v -0.03008213 0.03008213 -0.01223209
v -0.02734582 0.03258949 -0.01223209
v -0.02440141 0.03484882 -0.01223209
v -0.02127128 0.03684293 -0.01223209
v -0.01797926 0.03855665 -0.01223209
v -0.01455041 0.03997692 -0.01223209
v -0.01101082 0.04109295 -0.01223209
v -0.00738744 0.04189624 -0.01223209
v -0.00370783 0.04238066 -0.01223209
v 0.00000000 0.04254255 -0.01223209
v 0.00370783 0.04238066 -0.01223209
v 0.00738744 0.04189624 -0.01223209
v 0.01101082 0.04109295 -0.01223209
v 0.01455041 0.03997692 -0.01223209
v 0.01797926 0.03855665 -0.01223209
v 0.02127128 0.03684293 -0.01223209
v 0.02440141 0.03484882 -0.01223209
v 0.02734582 0.03258949 -0.01223209
v 0.03008213 0.03008213 -0.01223209
v 0.03258949 0.02734582 -0.01223209
v 0.03484882 0.02440141 -0.01223209
v 0.03684293 0.02127128 -0.01223209
v 0.03855665 0.01797926 -0.01223209
v 0.03997692 0.01455041 -0.01223209
v 0.04109295 0.01101082 -0.01223209
v 0.04189624 0.00738744 -0.01223209
v 0.04238066 0.00370783 -0.01223209
v 0.04254255 0.00000000 -0.01223209
v 0.04242035 -0.00371130 -0.01218018
v 0.04193546 -0.00739435 -0.01218018
v 0.04113143 -0.01102113 -0.01218018
v 0.04001435 -0.01456403 -0.01218018
v 0.03859274 -0.01799609 -0.01218018
v 0.03687743 -0.02129119 -0.01218018
v 0.03488145 -0.02442425 -0.01218018
v 0.03262000 -0.02737143 -0.01218018
v 0.03011029 -0.03011029 -0.01218018
v 0.02737143 -0.03262000 -0.01218018
v 0.02442425 -0.03488145 -0.01218018
v 0.02129119 -0.03687743 -0.01218018
v 0.01799609 -0.03859274 -0.01218018
v 0.01456403 -0.04001435 -0.01218018
v 0.01102113 -0.04113143 -0.01218018
v 0.00739435 -0.04193546 -0.01218018
v 0.00371130 -0.04242035 -0.01218018
v 0.00000000 -0.04258239 -0.01218018
v -0.00371130 -0.04242035 -0.01218018
v -0.00739435 -0.04193546 -0.01218018
v -0.01102113 -0.04113143 -0.01218018
v -0.01456403 -0.04001435 -0.01218018
v -0.01799609 -0.03859274 -0.01218018
v -0.02129119 -0.03687743 -0.01218018
v -0.02442425 -0.03488145 -0.01218018
v -0.02737143 -0.03262000 -0.01218018
v -0.03011029 -0.03011029 -0.01218018
v -0.03262000 -0.02737143 -0.01218018
v -0.03488145 -0.02442425 -0.01218018
v -0.03687743 -0.02129119 -0.01218018
v -0.03859274 -0.01799609 -0.01218018
v -0.04001435 -0.01456403 -0.01218018
v -0.04113143 -0.01102113 -0.01218018
v -0.04193546 -0.00739435 -0.01218018
v -0.04242035 -0.00371130 -0.01218018
v -0.04258239 -0.00000000 -0.01218018
v -0.04242035 0.00371130 -0.01218018
v -0.04193546 0.00739435 -0.01218018
v -0.04113143 0.01102113 -0.01218018
v -0.04001435 0.01456403 -0.01218018
v -0.03859274 0.01799609 -0.01218018
v -0.03687743 0.02129119 -0.01218018
v -0.03488145 0.02442425 -0.01218018
v -0.03262000 0.02737143 -0.01218018
v -0.03011029 0.03011029 -0.01218018
v -0.02737143 0.03262000 -0.01218018
v -0.02442425 0.03488145 -0.01218018
v -0.02129119 0.03687743 -0.01218018
v -0.01799609 0.03859274 -0.01218018
v -0.01456403 0.04001435 -0.01218018
v -0.01102113 0.04113143 -0.01218018
v -0.00739435 0.04193546 -0.01218018
v -0.00371130 0.04242035 -0.01218018
v 0.00000000 0.04258239 -0.01218018
v 0.00371130 0.04242035 -0.01218018
v 0.00739435 0.04193546 -0.01218018
v 0.01102113 0.04113143 -0.01218018
v 0.01456403 0.04001435 -0.01218018
v 0.01799609 0.03859274 -0.01218018
v 0.02129119 0.03687743 -0.01218018
v 0.02442425 0.03488145 -0.01218018
v 0.02737143 0.03262000 -0.01218018
v 0.03011029 0.03011029 -0.01218018
v 0.03262000 0.02737143 -0.01218018
v 0.03488145 0.02442425 -0.01218018
v 0.03687743 0.02129119 -0.01218018
v 0.03859274 0.01799609 -0.01218018
v 0.04001435 0.01456403 -0.01218018
v 0.04113143 0.01102113 -0.01218018
v 0.04193546 0.00739435 -0.01218018
v 0.04242035 0.00371130 -0.01218018
v 0.04258239 0.00000000 -0.01218018
v 0.04245537 -0.00371436 -0.01212500
v 0.04197008 -0.00740046 -0.01212500
v 0.04116538 -0.01103023 -0.01212500
v 0.04004738 -0.01457606 -0.01212500
v 0.03862461 -0.01801095 -0.01212500
v 0.03690787 -0.02130877 -0.01212500
v 0.03491024 -0.02444442 -0.01212500
v 0.03264693 -0.02739403 -0.01212500
v 0.03013515 -0.03013515 -0.01212500
v 0.02739403 -0.03264693 -0.01212500
v 0.02444442 -0.03491024 -0.01212500
v 0.02130877 -0.03690787 -0.01212500
v 0.01801095 -0.03862461 -0.01212500
v 0.01457606 -0.04004738 -0.01212500
v 0.01103023 -0.04116538 -0.01212500
v 0.00740046 -0.04197008 -0.01212500
v 0.00371436 -0.04245537 -0.01212500
v 0.00000000 -0.04261754 -0.01212500
v -0.00371436 -0.04245537 -0.01212500
v -0.00740046 -0.04197008 -0.01212500
v -0.01103023 -0.04116538 -0.01212500
v -0.01457606 -0.04004738 -0.01212500
v -0.01801095 -0.03862461 -0.01212500
v -0.02130877 -0.03690787 -0.01212500
v -0.02444442 -0.03491024 -0.01212500
v -0.02739403 -0.03264693 -0.01212500
v -0.03013515 -0.03013515 -0.01212500
v -0.03264693 -0.02739403 -0.01212500
v -0.03491024 -0.02444442 -0.01212500
v -0.03690787 -0.02130877 -0.01212500
v -0.03862461 -0.01801095 -0.01212500
v -0.04004738 -0.01457606 -0.01212500
v -0.04116538 -0.01103023 -0.01212500
v -0.04197008 -0.00740046 -0.01212500
v -0.04245537 -0.00371436 -0.01212500
v -0.04261754 -0.00000000 -0.01212500
v -0.04245537 0.00371436 -0.01212500
v -0.04197008 0.00740046 -0.01212500
v -0.04116538 0.01103023 -0.01212500
v -0.04004738 0.01457606 -0.01212500
v -0.03862461 0.01801095 -0.01212500
v -0.03690787 0.02130877 -0.01212500
v -0.03491024 0.02444442 -0.01212500
v -0.03264693 0.02739403 -0.01212500
v -0.03013515 0.03013515 -0.01212500
v -0.02739403 0.03264693 -0.01212500
v -0.02444442 0.03491024 -0.01212500
v -0.02130877 0.03690787 -0.01212500
v -0.01801095 0.03862461 -0.01212500
v -0.01457606 0.04004738 -0.01212500
v -0.01103023 0.04116538 -0.01212500
v -0.00740046 0.04197008 -0.01212500
v -0.00371436 0.04245537 -0.01212500
v 0.00000000 0.04261754 -0.01212500
v 0.00371436 0.04245537 -0.01212500
v 0.00740046 0.04197008 -0.01212500
v 0.01103023 0.04116538 -0.01212500
v 0.01457606 0.04004738 -0.01212500
v 0.01801095 0.03862461 -0.01212500
v 0.02130877 0.03690787 -0.01212500
v 0.02444442 0.03491024 -0.01212500
v 0.02739403 0.03264693 -0.01212500
v 0.03013515 0.03013515 -0.01212500
v 0.03264693 0.02739403 -0.01212500
v 0.03491024 0.02444442 -0.01212500
v 0.03690787 0.02130877 -0.01212500
v 0.03862461 0.01801095 -0.01212500
v 0.04004738 0.01457606 -0.01212500
v 0.04116538 0.01103023 -0.01212500
v 0.04197008 0.00740046 -0.01212500
v 0.04245537 0.00371436 -0.01212500
v 0.04261754 0.00000000 -0.01212500
v 0.04248546 -0.00371700 -0.01206696
v 0.04199984 -0.00740570 -0.01206696
v 0.04119456 -0.01103805 -0.01206696
v 0.04007578 -0.01458639 -0.01206696
v 0.03865199 -0.01802372 -0.01206696
v 0.03693404 -0.02132387 -0.01206696
v 0.03493499 -0.02446174 -0.01206696
v 0.03267007 -0.02741344 -0.01206696
v 0.03015651 -0.03015651 -0.01206696
v 0.02741344 -0.03267007 -0.01206696
v 0.02446174 -0.03493499 -0.01206696
v 0.02132387 -0.03693404 -0.01206696
v 0.01802372 -0.03865199 -0.01206696
v 0.01458639 -0.04007578 -0.01206696
v 0.01103805 -0.04119456 -0.01206696
v 0.00740570 -0.04199984 -0.01206696
v 0.00371700 -0.04248546 -0.01206696
v 0.00000000 -0.04264775 -0.01206696
v -0.00371700 -0.04248546 -0.01206696
v -0.00740570 -0.04199984 -0.01206696
v -0.01103805 -0.04119456 -0.01206696
v -0.01458639 -0.04007578 -0.01206696
v -0.01802372 -0.03865199 -0.01206696
v -0.02132387 -0.03693404 -0.01206696
v -0.02446174 -0.03493499 -0.01206696
v -0.02741344 -0.03267007 -0.01206696
v -0.03015651 -0.03015651 -0.01206696
v -0.03267007 -0.02741344 -0.01206696
v -0.03493499 -0.02446174 -0.01206696
v -0.03693404 -0.02132387 -0.01206696
v -0.03865199 -0.01802372 -0.01206696
v -0.04007578 -0.01458639 -0.01206696
v -0.04119456 -0.01103805 -0.01206696
v -0.04199984 -0.00740570 -0.01206696
v -0.04248546 -0.00371700 -0.01206696
v -0.04264775 -0.00000000 -0.01206696
v -0.04248546 0.00371700 -0.01206696
v -0.04199984 0.00740570 -0.01206696
v -0.04119456 0.01103805 -0.01206696
v -0.04007578 0.01458639 -0.01206696
v -0.03865199 0.01802372 -0.01206696
v -0.03693404 0.02132387 -0.01206696
v -0.03493499 0.02446174 -0.01206696
v -0.03267007 0.02741344 -0.01206696
v -0.03015651 0.03015651 -0.01206696
v -0.02741344 0.03267007 -0.01206696
v -0.02446174 0.03493499 -0.01206696
v -0.02132387 0.03693404 -0.01206696
v -0.01802372 0.03865199 -0.01206696
v -0.01458639 0.04007578 -0.01206696
v -0.01103805 0.04119456 -0.01206696
v -0.00740570 0.04199984 -0.01206696
v -0.00371700 0.04248546 -0.01206696
v 0.00000000 0.04264775 -0.01206696
v 0.00371700 0.04248546 -0.01206696
v 0.00740570 0.04199984 -0.01206696
v 0.01103805 0.04119456 -0.01206696
v 0.01458639 0.04007578 -0.01206696
v 0.01802372 0.03865199 -0.01206696
v 0.02132387 0.03693404 -0.01206696
v 0.02446174 0.03493499 -0.01206696
v 0.02741344 0.03267007 -0.01206696
v 0.03015651 0.03015651 -0.01206696
v 0.03267007 0.02741344 -0.01206696
v 0.03493499 0.02446174 -0.01206696
v 0.03693404 0.02132387 -0.01206696
v 0.03865199 0.01802372 -0.01206696
v 0.04007578 0.01458639 -0.01206696
v 0.04119456 0.01103805 -0.01206696
v 0.04199984 0.00740570 -0.01206696
v 0.04248546 0.00371700 -0.01206696
v 0.04264775 0.00000000 -0.01206696
v 0.04251041 -0.00371918 -0.01200651
v 0.04202449 -0.00741005 -0.01200651
v 0.04121875 -0.01104453 -0.01200651
v 0.04009930 -0.01459495 -0.01200651
v 0.03867468 -0.01803430 -0.01200651
v 0.03695572 -0.02133640 -0.01200651
v 0.03495550 -0.02447611 -0.01200651
v 0.03268925 -0.02742954 -0.01200651
v 0.03017422 -0.03017422 -0.01200651
v 0.02742954 -0.03268925 -0.01200651
v 0.02447611 -0.03495550 -0.01200651
v 0.02133640 -0.03695572 -0.01200651
v 0.01803430 -0.03867468 -0.01200651
v 0.01459495 -0.04009930 -0.01200651
v 0.01104453 -0.04121875 -0.01200651
v 0.00741005 -0.04202449 -0.01200651
v 0.00371918 -0.04251041 -0.01200651
v 0.00000000 -0.04267279 -0.01200651
v -0.00371918 -0.04251041 -0.01200651
v -0.00741005 -0.04202449 -0.01200651
v -0.01104453 -0.04121875 -0.01200651
v -0.01459495 -0.04009930 -0.01200651
v -0.01803430 -0.03867468 -0.01200651
v -0.02133640 -0.03695572 -0.01200651
v -0.02447611 -0.03495550 -0.01200651
v -0.02742954 -0.03268925 -0.01200651
v -0.03017422 -0.03017422 -0.01200651
v -0.03268925 -0.02742954 -0.01200651
v -0.03495550 -0.02447611 -0.01200651
v -0.03695572 -0.02133640 -0.01200651
v -0.03867468 -0.01803430 -0.01200651
v -0.04009930 -0.01459495 -0.01200651
v -0.04121875 -0.01104453 -0.01200651
v -0.04202449 -0.00741005 -0.01200651
v -0.04251041 -0.00371918 -0.01200651
v -0.04267279 -0.00000000 -0.01200651
v -0.04251041 0.00371918 -0.01200651
v -0.04202449 0.00741005 -0.01200651
v -0.04121875 0.01104453 -0.01200651
v -0.04009930 0.01459495 -0.01200651
v -0.03867468 0.01803430 -0.01200651
v -0.03695572 0.02133640 -0.01200651
v -0.03495550 0.02447611 -0.01200651
v -0.03268925 0.02742954 -0.01200651
v -0.03017422 0.03017422 -0.01200651
v -0.02742954 0.03268925 -0.01200651
v -0.02447611 0.03495550 -0.01200651
v -0.02133640 0.03695572 -0.01200651
v -0.01803430 0.03867468 -0.01200651
v -0.01459495 0.04009930 -0.01200651
v -0.01104453 0.04121875 -0.01200651
v -0.00741005 0.04202449 -0.01200651
v -0.00371918 0.04251041 -0.01200651
v 0.00000000 0.04267279 -0.01200651
v 0.00371918 0.04251041 -0.01200651
v 0.00741005 0.04202449 -0.01200651
v 0.01104453 0.04121875 -0.01200651
v 0.01459495 0.04009930 -0.01200651
v 0.01803430 0.03867468 -0.01200651
v 0.02133640 0.03695572 -0.01200651
v 0.02447611 0.03495550 -0.01200651
v 0.02742954 0.03268925 -0.01200651
v 0.03017422 0.03017422 -0.01200651
v 0.03268925 0.02742954 -0.01200651
v 0.03495550 0.02447611 -0.01200651
v 0.03695572 0.02133640 -0.01200651
v 0.03867468 0.01803430 -0.01200651
v 0.04009930 0.01459495 -0.01200651
v 0.04121875 0.01104453 -0.01200651
v 0.04202449 0.00741005 -0.01200651
v 0.04251041 0.00371918 -0.01200651
v 0.04267279 0.00000000 -0.01200651
v 0.04253001 -0.00372089 -0.01194411
v 0.04204387 -0.00741347 -0.01194411
v 0.04123775 -0.01104962 -0.01194411
v 0.04011779 -0.01460168 -0.01194411
v 0.03869251 -0.01804261 -0.01194411
v 0.03697276 -0.02134623 -0.01194411
v 0.03497162 -0.02448739 -0.01194411
v 0.03270432 -0.02744219 -0.01194411
v 0.03018813 -0.03018813 -0.01194411
v 0.02744219 -0.03270432 -0.01194411
v 0.02448739 -0.03497162 -0.01194411
v 0.02134623 -0.03697276 -0.01194411
v 0.01804261 -0.03869251 -0.01194411
v 0.01460168 -0.04011779 -0.01194411
v 0.01104962 -0.04123775 -0.01194411
v 0.00741347 -0.04204387 -0.01194411
v 0.00372089 -0.04253001 -0.01194411
v 0.00000000 -0.04269246 -0.01194411
v -0.00372089 -0.04253001 -0.01194411
v -0.00741347 -0.04204387 -0.01194411
v -0.01104962 -0.04123775 -0.01194411
v -0.01460168 -0.04011779 -0.01194411
v -0.01804261 -0.03869251 -0.01194411
v -0.02134623 -0.03697276 -0.01194411
v -0.02448739 -0.03497162 -0.01194411
v -0.02744219 -0.03270432 -0.01194411
v -0.03018813 -0.03018813 -0.01194411
v -0.03270432 -0.02744219 -0.01194411
v -0.03497162 -0.02448739 -0.01194411
v -0.03697276 -0.02134623 -0.01194411
v -0.03869251 -0.01804261 -0.01194411
v -0.04011779 -0.01460168 -0.01194411
v -0.04123775 -0.01104962 -0.01194411
v -0.04204387 -0.00741347 -0.01194411
v -0.04253001 -0.00372089 -0.01194411
v -0.04269246 -0.00000000 -0.01194411
v -0.04253001 0.00372089 -0.01194411
v -0.04204387 0.00741347 -0.01194411
v -0.04123775 0.01104962 -0.01194411
v -0.04011779 0.01460168 -0.01194411
v -0.03869251 0.01804261 -0.01194411
v -0.03697276 0.02134623 -0.01194411
v -0.03497162 0.02448739 -0.01194411
v -0.03270432 0.02744219 -0.01194411
v -0.03018813 0.03018813 -0.01194411
v -0.02744219 0.03270432 -0.01194411
v -0.02448739 0.03497162 -0.01194411
v -0.02134623 0.03697276 -0.01194411
v -0.01804261 0.03869251 -0.01194411
v -0.01460168 0.04011779 -0.01194411
v -0.01104962 0.04123775 -0.01194411
v -0.00741347 0.04204387 -0.01194411
v -0.00372089 0.04253001 -0.01194411
v 0.00000000 0.04269246 -0.01194411
v 0.00372089 0.04253001 -0.01194411
v 0.00741347 0.04204387 -0.01194411
v 0.01104962 0.04123775 -0.01194411
v 0.01460168 0.04011779 -0.01194411
v 0.01804261 0.03869251 -0.01194411
v 0.02134623 0.03697276 -0.01194411
v 0.02448739 0.03497162 -0.01194411
v 0.02744219 0.03270432 -0.01194411
v 0.03018813 0.03018813 -0.01194411
v 0.03270432 0.02744219 -0.01194411
v 0.03497162 0.02448739 -0.01194411
v 0.03697276 0.02134623 -0.01194411
v 0.03869251 0.01804261 -0.01194411
v 0.04011779 0.01460168 -0.01194411
v 0.04123775 0.01104962 -0.01194411
v 0.04204387 0.00741347 -0.01194411
v 0.04253001 0.00372089 -0.01194411
v 0.04269246 0.00000000 -0.01194411
v 0.04254412 -0.00372213 -0.01188024
v 0.04205782 -0.00741593 -0.01188024
v 0.04125143 -0.01105329 -0.01188024
v 0.04013110 -0.01460653 -0.01188024
v 0.03870535 -0.01804860 -0.01188024
v 0.03698502 -0.02135331 -0.01188024
v 0.03498322 -0.02449551 -0.01188024
v 0.03271517 -0.02745129 -0.01188024
v 0.03019814 -0.03019814 -0.01188024
v 0.02745129 -0.03271517 -0.01188024
v 0.02449551 -0.03498322 -0.01188024
v 0.02135331 -0.03698502 -0.01188024
v 0.01804860 -0.03870535 -0.01188024
v 0.01460653 -0.04013110 -0.01188024
v 0.01105329 -0.04125143 -0.01188024
v 0.00741593 -0.04205782 -0.01188024
v 0.00372213 -0.04254412 -0.01188024
v 0.00000000 -0.04270662 -0.01188024
v -0.00372213 -0.04254412 -0.01188024
v -0.00741593 -0.04205782 -0.01188024
v -0.01105329 -0.04125143 -0.01188024
v -0.01460653 -0.04013110 -0.01188024
v -0.01804860 -0.03870535 -0.01188024
v -0.02135331 -0.03698502 -0.01188024
v -0.02449551 -0.03498322 -0.01188024
v -0.02745129 -0.03271517 -0.01188024
v -0.03019814 -0.03019814 -0.01188024
v -0.03271517 -0.02745129 -0.01188024
v -0.03498322 -0.02449551 -0.01188024
v -0.03698502 -0.02135331 -0.01188024
v -0.03870535 -0.01804860 -0.01188024
v -0.04013110 -0.01460653 -0.01188024
v -0.04125143 -0.01105329 -0.01188024
v -0.04205782 -0.00741593 -0.01188024
v -0.04254412 -0.00372213 -0.01188024
v -0.04270662 -0.00000000 -0.01188024
v -0.04254412 0.00372213 -0.01188024
v -0.04205782 0.00741593 -0.01188024
v -0.04125143 0.01105329 -0.01188024
v -0.04013110 0.01460653 -0.01188024
v -0.03870535 0.01804860 -0.01188024
v -0.03698502 0.02135331 -0.01188024
v -0.03498322 0.02449551 -0.01188024
v -0.03271517 0.02745129 -0.01188024
v -0.03019814 0.03019814 -0.01188024
v -0.02745129 0.03271517 -0.01188024
v -0.02449551 0.03498322 -0.01188024
v -0.02135331 0.03698502 -0.01188024
v -0.01804860 0.03870535 -0.01188024
v -0.01460653 0.04013110 -0.01188024
v -0.01105329 0.04125143 -0.01188024
v -0.00741593 0.04205782 -0.01188024
v -0.00372213 0.04254412 -0.01188024
v 0.00000000 0.04270662 -0.01188024
v 0.00372213 0.04254412 -0.01188024
v 0.00741593 0.04205782 -0.01188024
v 0.01105329 0.04125143 -0.01188024
v 0.01460653 0.04013110 -0.01188024
v 0.01804860 0.03870535 -0.01188024
v 0.02135331 0.03698502 -0.01188024
v 0.02449551 0.03498322 -0.01188024
v 0.02745129 0.03271517 -0.01188024
v 0.03019814 0.03019814 -0.01188024
v 0.03271517 0.02745129 -0.01188024
v 0.03498322 0.02449551 -0.01188024
v 0.03698502 0.02135331 -0.01188024
v 0.03870535 0.01804860 -0.01188024
v 0.04013110 0.01460653 -0.01188024
v 0.04125143 0.01105329 -0.01188024
v 0.04205782 0.00741593 -0.01188024
v 0.04254412 0.00372213 -0.01188024
v 0.04270662 0.00000000 -0.01188024
v 0.04255262 -0.00372287 -0.01181537
v 0.04206623 -0.00741741 -0.01181537
v 0.04125968 -0.01105550 -0.01181537
v 0.04013913 -0.01460945 -0.01181537
v 0.03871309 -0.01805221 -0.01181537
v 0.03699242 -0.02135758 -0.01181537
v 0.03499021 -0.02450041 -0.01181537
v 0.03272172 -0.02745678 -0.01181537
v 0.03020418 -0.03020418 -0.01181537
v 0.02745678 -0.03272172 -0.01181537
v 0.02450041 -0.03499021 -0.01181537
v 0.02135758 -0.03699242 -0.01181537
v 0.01805221 -0.03871309 -0.01181537
v 0.01460945 -0.04013913 -0.01181537
v 0.01105550 -0.04125968 -0.01181537
v 0.00741741 -0.04206623 -0.01181537
v 0.00372287 -0.04255262 -0.01181537
v 0.00000000 -0.04271517 -0.01181537
v -0.00372287 -0.04255262 -0.01181537
v -0.00741741 -0.04206623 -0.01181537
v -0.01105550 -0.04125968 -0.01181537
v -0.01460945 -0.04013913 -0.01181537
v -0.01805221 -0.03871309 -0.01181537
v -0.02135758 -0.03699242 -0.01181537
v -0.02450041 -0.03499021 -0.01181537
v -0.02745678 -0.03272172 -0.01181537
v -0.03020418 -0.03020418 -0.01181537
v -0.03272172 -0.02745678 -0.01181537
v -0.03499021 -0.02450041 -0.01181537
v -0.03699242 -0.02135758 -0.01181537
v -0.03871309 -0.01805221 -0.01181537
v -0.04013913 -0.01460945 -0.01181537
v -0.04125968 -0.01105550 -0.01181537
v -0.04206623 -0.00741741 -0.01181537
v -0.04255262 -0.00372287 -0.01181537
v -0.04271517 -0.00000000 -0.01181537
v -0.04255262 0.00372287 -0.01181537
v -0.04206623 0.00741741 -0.01181537
v -0.04125968 0.01105550 -0.01181537
v -0.04013913 0.01460945 -0.01181537
v -0.03871309 0.01805221 -0.01181537
v -0.03699242 0.02135758 -0.01181537
v -0.03499021 0.02450041 -0.01181537
v -0.03272172 0.02745678 -0.01181537
v -0.03020418 0.03020418 -0.01181537
v -0.02745678 0.03272172 -0.01181537
v -0.02450041 0.03499021 -0.01181537
v -0.02135758 0.03699242 -0.01181537
v -0.01805221 0.03871309 -0.01181537
v -0.01460945 0.04013913 -0.01181537
v -0.01105550 0.04125968 -0.01181537
v -0.00741741 0.04206623 -0.01181537
v -0.00372287 0.04255262 -0.01181537
v 0.00000000 0.04271517 -0.01181537
v 0.00372287 0.04255262 -0.01181537
v 0.00741741 0.04206623 -0.01181537
v 0.01105550 0.04125968 -0.01181537
v 0.01460945 0.04013913 -0.01181537
v 0.01805221 0.03871309 -0.01181537
v 0.02135758 0.03699242 -0.01181537
v 0.02450041 0.03499021 -0.01181537
v 0.02745678 0.03272172 -0.01181537
v 0.03020418 0.03020418 -0.01181537
v 0.03272172 0.02745678 -0.01181537
v 0.03499021 0.02450041 -0.01181537
v 0.03699242 0.02135758 -0.01181537
v 0.03871309 0.01805221 -0.01181537
v 0.04013913 0.01460945 -0.01181537
v 0.04125968 0.01105550 -0.01181537
v 0.04206623 0.00741741 -0.01181537
v 0.04255262 0.00372287 -0.01181537
v 0.04271517 0.00000000 -0.01181537
v 0.04255547 -0.00372312 -0.01175000
v 0.04206904 -0.00741791 -0.01175000
v 0.04126244 -0.01105624 -0.01175000
v 0.04014181 -0.01461042 -0.01175000
v 0.03871568 -0.01805341 -0.01175000
v 0.03699489 -0.02135901 -0.01175000
v 0.03499255 -0.02450205 -0.01175000
v 0.03272390 -0.02745861 -0.01175000
v 0.03020620 -0.03020620 -0.01175000
v 0.02745861 -0.03272390 -0.01175000
v 0.02450205 -0.03499255 -0.01175000
v 0.02135901 -0.03699489 -0.01175000
v 0.01805341 -0.03871568 -0.01175000
v 0.01461042 -0.04014181 -0.01175000
v 0.01105624 -0.04126244 -0.01175000
v 0.00741791 -0.04206904 -0.01175000
v 0.00372312 -0.04255547 -0.01175000
v 0.00000000 -0.04271802 -0.01175000
v -0.00372312 -0.04255547 -0.01175000
v -0.00741791 -0.04206904 -0.01175000
v -0.01105624 -0.04126244 -0.01175000
v -0.01461042 -0.04014181 -0.01175000
v -0.01805341 -0.03871568 -0.01175000
v -0.02135901 -0.03699489 -0.01175000
v -0.02450205 -0.03499255 -0.01175000
v -0.02745861 -0.03272390 -0.01175000
v -0.03020620 -0.03020620 -0.01175000
v -0.03272390 -0.02745861 -0.01175000
v -0.03499255 -0.02450205 -0.01175000
v -0.03699489 -0.02135901 -0.01175000
v -0.03871568 -0.01805341 -0.01175000
v -0.04014181 -0.01461042 -0.01175000
v -0.04126244 -0.01105624 -0.01175000
v -0.04206904 -0.00741791 -0.01175000
v -0.04255547 -0.00372312 -0.01175000
v -0.04271802 -0.00000000 -0.01175000
v -0.04255547 0.00372312 -0.01175000
v -0.04206904 0.00741791 -0.01175000
v -0.04126244 0.01105624 -0.01175000
v -0.04014181 0.01461042 -0.01175000
v -0.03871568 0.01805341 -0.01175000
v -0.03699489 0.02135901 -0.01175000
v -0.03499255 0.02450205 -0.01175000
v -0.03272390 0.02745861 -0.01175000
v -0.03020620 0.03020620 -0.01175000
v -0.02745861 0.03272390 -0.01175000
v -0.02450205 0.03499255 -0.01175000
v -0.02135901 0.03699489 -0.01175000
v -0.01805341 0.03871568 -0.01175000
v -0.01461042 0.04014181 -0.01175000
v -0.01105624 0.04126244 -0.01175000
v -0.00741791 0.04206904 -0.01175000
v -0.00372312 0.04255547 -0.01175000
v 0.00000000 0.04271802 -0.01175000
v 0.00372312 0.04255547 -0.01175000
v 0.00741791 0.04206904 -0.01175000
v 0.01105624 0.04126244 -0.01175000
v 0.01461042 0.04014181 -0.01175000
v 0.01805341 0.03871568 -0.01175000
v 0.02135901 0.03699489 -0.01175000
v 0.02450205 0.03499255 -0.01175000
v 0.02745861 0.03272390 -0.01175000
v 0.03020620 0.03020620 -0.01175000
v 0.03272390 0.02745861 -0.01175000
v 0.03499255 0.02450205 -0.01175000
v 0.03699489 0.02135901 -0.01175000
v 0.03871568 0.01805341 -0.01175000
v 0.04014181 0.01461042 -0.01175000
v 0.04126244 0.01105624 -0.01175000
v 0.04206904 0.00741791 -0.01175000
v 0.04255547 0.00372312 -0.01175000
v 0.04271802 0.00000000 -0.01175000
v 0.04255262 -0.00372287 -0.01168463
v 0.04206623 -0.00741741 -0.01168463
v 0.04125968 -0.01105550 -0.01168463
v 0.04013913 -0.01460945 -0.01168463
v 0.03871309 -0.01805221 -0.01168463
v 0.03699242 -0.02135758 -0.01168463
v 0.03499021 -0.02450041 -0.01168463
v 0.03272172 -0.02745678 -0.01168463
v 0.03020418 -0.03020418 -0.01168463
v 0.02745678 -0.03272172 -0.01168463
v 0.02450041 -0.03499021 -0.01168463
v 0.02135758 -0.03699242 -0.01168463
v 0.01805221 -0.03871309 -0.01168463
v 0.01460945 -0.04013913 -0.01168463
v 0.01105550 -0.04125968 -0.01168463
v 0.00741741 -0.04206623 -0.01168463
v 0.00372287 -0.04255262 -0.01168463
v 0.00000000 -0.04271517 -0.01168463
v -0.00372287 -0.04255262 -0.01168463
v -0.00741741 -0.04206623 -0.01168463
v -0.01105550 -0.04125968 -0.01168463
v -0.01460945 -0.04013913 -0.01168463
v -0.01805221 -0.03871309 -0.01168463
v -0.02135758 -0.03699242 -0.01168463
v -0.02450041 -0.03499021 -0.01168463
v -0.02745678 -0.03272172 -0.01168463
v -0.03020418 -0.03020418 -0.01168463
v -0.03272172 -0.02745678 -0.01168463
v -0.03499021 -0.02450041 -0.01168463
v -0.03699242 -0.02135758 -0.01168463
v -0.03871309 -0.01805221 -0.01168463
v -0.04013913 -0.01460945 -0.01168463
v -0.04125968 -0.01105550 -0.01168463
v -0.04206623 -0.00741741 -0.01168463
v -0.04255262 -0.00372287 -0.01168463
v -0.04271517 -0.00000000 -0.01168463
v -0.04255262 0.00372287 -0.01168463
v -0.04206623 0.00741741 -0.01168463
v -0.04125968 0.01105550 -0.01168463
v -0.04013913 0.01460945 -0.01168463
v -0.03871309 0.01805221 -0.01168463
v -0.03699242 0.02135758 -0.01168463
v -0.03499021 0.02450041 -0.01168463
v -0.03272172 0.02745678 -0.01168463
v -0.03020418 0.03020418 -0.01168463
v -0.02745678 0.03272172 -0.01168463
v -0.02450041 0.03499021 -0.01168463
v -0.02135758 0.03699242 -0.01168463
v -0.01805221 0.03871309 -0.01168463
v -0.01460945 0.04013913 -0.01168463
v -0.01105550 0.04125968 -0.01168463
v -0.00741741 0.04206623 -0.01168463
v -0.00372287 0.04255262 -0.01168463
v 0.00000000 0.04271517 -0.01168463
v 0.00372287 0.04255262 -0.01168463
v 0.00741741 0.04206623 -0.01168463
v 0.01105550 0.04125968 -0.01168463
v 0.01460945 0.04013913 -0.01168463
v 0.01805221 0.03871309 -0.01168463
v 0.02135758 0.03699242 -0.01168463
v 0.02450041 0.03499021 -0.01168463
v 0.02745678 0.03272172 -0.01168463
v 0.03020418 0.03020418 -0.01168463
v 0.03272172 0.02745678 -0.01168463
v 0.03499021 0.02450041 -0.01168463
v 0.03699242 0.02135758 -0.01168463
v 0.03871309 0.01805221 -0.01168463
v 0.04013913 0.01460945 -0.01168463
v 0.04125968 0.01105550 -0.01168463
v 0.04206623 0.00741741 -0.01168463
v 0.04255262 0.00372287 -0.01168463
v 0.04271517 0.00000000 -0.01168463
v 0.04254412 -0.00372213 -0.01161976
v 0.04205782 -0.00741593 -0.01161976
v 0.04125143 -0.01105329 -0.01161976
v 0.04013110 -0.01460653 -0.01161976
v 0.03870535 -0.01804860 -0.01161976
v 0.03698502 -0.02135331 -0.01161976
v 0.03498322 -0.02449551 -0.01161976
v 0.03271517 -0.02745129 -0.01161976
v 0.03019814 -0.03019814 -0.01161976
v 0.02745129 -0.03271517 -0.01161976
v 0.02449551 -0.03498322 -0.01161976
v 0.02135331 -0.03698502 -0.01161976
v 0.01804860 -0.03870535 -0.01161976
v 0.01460653 -0.04013110 -0.01161976
v 0.01105329 -0.04125143 -0.01161976
v 0.00741593 -0.04205782 -0.01161976
v 0.00372213 -0.04254412 -0.01161976
v 0.00000000 -0.04270662 -0.01161976
v -0.00372213 -0.04254412 -0.01161976
v -0.00741593 -0.04205782 -0.01161976
v -0.01105329 -0.04125143 -0.01161976
v -0.01460653 -0.04013110 -0.01161976
v -0.01804860 -0.03870535 -0.01161976
v -0.02135331 -0.03698502 -0.01161976
v -0.02449551 -0.03498322 -0.01161976
v -0.02745129 -0.03271517 -0.01161976
v -0.03019814 -0.03019814 -0.01161976
v -0.03271517 -0.02745129 -0.01161976
v -0.03498322 -0.02449551 -0.01161976
v -0.03698502 -0.02135331 -0.01161976
v -0.03870535 -0.01804860 -0.01161976
v -0.04013110 -0.01460653 -0.01161976
v -0.04125143 -0.01105329 -0.01161976
v -0.04205782 -0.00741593 -0.01161976
v -0.04254412 -0.00372213 -0.01161976
v -0.04270662 -0.00000000 -0.01161976
v -0.04254412 0.00372213 -0.01161976
v -0.04205782 0.00741593 -0.01161976
v -0.04125143 0.01105329 -0.01161976
v -0.04013110 0.01460653 -0.01161976
v -0.03870535 0.01804860 -0.01161976
v -0.03698502 0.02135331 -0.01161976
v -0.03498322 0.02449551 -0.01161976
v -0.03271517 0.02745129 -0.01161976
v -0.03019814 0.03019814 -0.01161976
v -0.02745129 0.03271517 -0.01161976
v -0.02449551 0.03498322 -0.01161976
v -0.02135331 0.03698502 -0.01161976
v -0.01804860 0.03870535 -0.01161976
v -0.01460653 0.04013110 -0.01161976
v -0.01105329 0.04125143 -0.01161976
v -0.00741593 0.04205782 -0.01161976
v -0.00372213 0.04254412 -0.01161976
v 0.00000000 0.04270662 -0.01161976
v 0.00372213 0.04254412 -0.01161976
v 0.00741593 0.04205782 -0.01161976
v 0.01105329 0.04125143 -0.01161976
v 0.01460653 0.04013110 -0.01161976
v 0.01804860 0.03870535 -0.01161976
v 0.02135331 0.03698502 -0.01161976
v 0.02449551 0.03498322 -0.01161976
v 0.02745129 0.03271517 -0.01161976
v 0.03019814 0.03019814 -0.01161976
v 0.03271517 0.02745129 -0.01161976
v 0.03498322 0.02449551 -0.01161976
v 0.03698502 0.02135331 -0.01161976
v 0.03870535 0.01804860 -0.01161976
v 0.04013110 0.01460653 -0.01161976
v 0.04125143 0.01105329 -0.01161976
v 0.04205782 0.00741593 -0.01161976
v 0.04254412 0.00372213 -0.01161976
v 0.04270662 0.00000000 -0.01161976
v 0.04253001 -0.00372089 -0.01155589
v 0.04204387 -0.00741347 -0.01155589
v 0.04123775 -0.01104962 -0.01155589
v 0.04011779 -0.01460168 -0.01155589
v 0.03869251 -0.01804261 -0.01155589
v 0.03697276 -0.02134623 -0.01155589
v 0.03497162 -0.02448739 -0.01155589
v 0.03270432 -0.02744219 -0.01155589
v 0.03018813 -0.03018813 -0.01155589
v 0.02744219 -0.03270432 -0.01155589
v 0.02448739 -0.03497162 -0.01155589
v 0.02134623 -0.03697276 -0.01155589
v 0.01804261 -0.03869251 -0.01155589
v 0.01460168 -0.04011779 -0.01155589
v 0.01104962 -0.04123775 -0.01155589
v 0.00741347 -0.04204387 -0.01155589
v 0.00372089 -0.04253001 -0.01155589
v 0.00000000 -0.04269246 -0.01155589
v -0.00372089 -0.04253001 -0.01155589
v -0.00741347 -0.04204387 -0.01155589
v -0.01104962 -0.04123775 -0.01155589
v -0.01460168 -0.04011779 -0.01155589
v -0.01804261 -0.03869251 -0.01155589
v -0.02134623 -0.03697276 -0.01155589
v -0.02448739 -0.03497162 -0.01155589
v -0.02744219 -0.03270432 -0.01155589
v -0.03018813 -0.03018813 -0.01155589
v -0.03270432 -0.02744219 -0.01155589
v -0.03497162 -0.02448739 -0.01155589
v -0.03697276 -0.02134623 -0.01155589
v -0.03869251 -0.01804261 -0.01155589
v -0.04011779 -0.01460168 -0.01155589
v -0.04123775 -0.01104962 -0.01155589
v -0.04204387 -0.00741347 -0.01155589
v -0.04253001 -0.00372089 -0.01155589
v -0.04269246 -0.00000000 -0.01155589
v -0.04253001 0.00372089 -0.01155589
v -0.04204387 0.00741347 -0.01155589
v -0.04123775 0.01104962 -0.01155589
v -0.04011779 0.01460168 -0.01155589
v -0.03869251 0.01804261 -0.01155589
v -0.03697276 0.02134623 -0.01155589
v -0.03497162 0.02448739 -0.01155589
v -0.03270432 0.02744219 -0.01155589
v -0.03018813 0.03018813 -0.01155589
v -0.02744219 0.03270432 -0.01155589
v -0.02448739 0.03497162 -0.01155589
v -0.02134623 0.03697276 -0.01155589
v -0.01804261 0.03869251 -0.01155589
v -0.01460168 0.04011779 -0.01155589
v -0.01104962 0.04123775 -0.01155589
v -0.00741347 0.04204387 -0.01155589
v -0.00372089 0.04253001 -0.01155589
v 0.00000000 0.04269246 -0.01155589
v 0.00372089 0.04253001 -0.01155589
v 0.00741347 0.04204387 -0.01155589
v 0.01104962 0.04123775 -0.01155589
v 0.01460168 0.04011779 -0.01155589
v 0.01804261 0.03869251 -0.01155589
v 0.02134623 0.03697276 -0.01155589
v 0.02448739 0.03497162 -0.01155589
v 0.02744219 0.03270432 -0.01155589
v 0.03018813 0.03018813 -0.01155589
v 0.03270432 0.02744219 -0.01155589
v 0.03497162 0.02448739 -0.01155589
v 0.03697276 0.02134623 -0.01155589
v 0.03869251 0.01804261 -0.01155589
v 0.04011779 0.01460168 -0.01155589
v 0.04123775 0.01104962 -0.01155589
v 0.04204387 0.00741347 -0.01155589
v 0.04253001 0.00372089 -0.01155589
v 0.04269246 0.00000000 -0.01155589
v 0.04251041 -0.00371918 -0.01149348
v 0.04202449 -0.00741005 -0.01149348
v 0.04121875 -0.01104453 -0.01149348
v 0.04009930 -0.01459495 -0.01149348
v 0.03867468 -0.01803430 -0.01149348
v 0.03695572 -0.02133640 -0.01149348
v 0.03495550 -0.02447611 -0.01149348
v 0.03268925 -0.02742954 -0.01149348
v 0.03017422 -0.03017422 -0.01149348
v 0.02742954 -0.03268925 -0.01149348
v 0.02447611 -0.03495550 -0.01149348
v 0.02133640 -0.03695572 -0.01149348
v 0.01803430 -0.03867468 -0.01149348
v 0.01459495 -0.04009930 -0.01149348
v 0.01104453 -0.04121875 -0.01149348
v 0.00741005 -0.04202449 -0.01149348
v 0.00371918 -0.04251041 -0.01149348
v 0.00000000 -0.04267279 -0.01149348
v -0.00371918 -0.04251041 -0.01149348
v -0.00741005 -0.04202449 -0.01149348
v -0.01104453 -0.04121875 -0.01149348
v -0.01459495 -0.04009930 -0.01149348
v -0.01803430 -0.03867468 -0.01149348
v -0.02133640 -0.03695572 -0.01149348
v -0.02447611 -0.03495550 -0.01149348
v -0.02742954 -0.03268925 -0.01149348
v -0.03017422 -0.03017422 -0.01149348
v -0.03268925 -0.02742954 -0.01149348
v -0.03495550 -0.02447611 -0.01149348
v -0.03695572 -0.02133640 -0.01149348
v -0.03867468 -0.01803430 -0.01149348
v -0.04009930 -0.01459495 -0.01149348
v -0.04121875 -0.01104453 -0.01149348
v -0.04202449 -0.00741005 -0.01149348
v -0.04251041 -0.00371918 -0.01149348
v -0.04267279 -0.00000000 -0.01149348
v -0.04251041 0.00371918 -0.01149348
v -0.04202449 0.00741005 -0.01149348
v -0.04121875 0.01104453 -0.01149348
v -0.04009930 0.01459495 -0.01149348
v -0.03867468 0.01803430 -0.01149348
v -0.03695572 0.02133640 -0.01149348
v -0.03495550 0.02447611 -0.01149348
v -0.03268925 0.02742954 -0.01149348
v -0.03017422 0.03017422 -0.01149348
v -0.02742954 0.03268925 -0.01149348
v -0.02447611 0.03495550 -0.01149348
v -0.02133640 0.03695572 -0.01149348
v -0.01803430 0.03867468 -0.01149348
v -0.01459495 0.04009930 -0.01149348
v -0.01104453 0.04121875 -0.01149348
v -0.00741005 0.04202449 -0.01149348
v -0.00371918 0.04251041 -0.01149348
v 0.00000000 0.04267279 -0.01149348
v 0.00371918 0.04251041 -0.01149348
v 0.00741005 0.04202449 -0.01149348
v 0.01104453 0.04121875 -0.01149348
v 0.01459495 0.04009930 -0.01149348
v 0.01803430 0.03867468 -0.01149348
v 0.02133640 0.03695572 -0.01149348
v 0.02447611 0.03495550 -0.01149348
v 0.02742954 0.03268925 -0.01149348
v 0.03017422 0.03017422 -0.01149348
v 0.03268925 0.02742954 -0.01149348
v 0.03495550 0.02447611 -0.01149348
v 0.03695572 0.02133640 -0.01149348
v 0.03867468 0.01803430 -0.01149348
v 0.04009930 0.01459495 -0.01149348
v 0.04121875 0.01104453 -0.01149348
v 0.04202449 0.00741005 -0.01149348
v 0.04251041 0.00371918 -0.01149348
v 0.04267279 0.00000000 -0.01149348
v 0.04248546 -0.00371700 -0.01143304
v 0.04199984 -0.00740570 -0.01143304
v 0.04119456 -0.01103805 -0.01143304
v 0.04007578 -0.01458639 -0.01143304
v 0.03865199 -0.01802372 -0.01143304
v 0.03693404 -0.02132387 -0.01143304
v 0.03493499 -0.02446174 -0.01143304
v 0.03267007 -0.02741344 -0.01143304
v 0.03015651 -0.03015651 -0.01143304
v 0.02741344 -0.03267007 -0.01143304
v 0.02446174 -0.03493499 -0.01143304
v 0.02132387 -0.03693404 -0.01143304
v 0.01802372 -0.03865199 -0.01143304
v 0.01458639 -0.04007578 -0.01143304
v 0.01103805 -0.04119456 -0.01143304
v 0.00740570 -0.04199984 -0.01143304
v 0.00371700 -0.04248546 -0.01143304
v 0.00000000 -0.04264775 -0.01143304
v -0.00371700 -0.04248546 -0.01143304
v -0.00740570 -0.04199984 -0.01143304
v -0.01103805 -0.04119456 -0.01143304
v -0.01458639 -0.04007578 -0.01143304
v -0.01802372 -0.03865199 -0.01143304
v -0.02132387 -0.03693404 -0.01143304
v -0.02446174 -0.03493499 -0.01143304
v -0.02741344 -0.03267007 -0.01143304
v -0.03015651 -0.03015651 -0.01143304
v -0.03267007 -0.02741344 -0.01143304
v -0.03493499 -0.02446174 -0.01143304
v -0.03693404 -0.02132387 -0.01143304
v -0.03865199 -0.01802372 -0.01143304
v -0.04007578 -0.01458639 -0.01143304
v -0.04119456 -0.01103805 -0.01143304
v -0.04199984 -0.00740570 -0.01143304
v -0.04248546 -0.00371700 -0.01143304
v -0.04264775 -0.00000000 -0.01143304
v -0.04248546 0.00371700 -0.01143304
v -0.04199984 0.00740570 -0.01143304
v -0.04119456 0.01103805 -0.01143304
v -0.04007578 0.01458639 -0.01143304
v -0.03865199 0.01802372 -0.01143304
v -0.03693404 0.02132387 -0.01143304
v -0.03493499 0.02446174 -0.01143304
v -0.03267007 0.02741344 -0.01143304
v -0.03015651 0.03015651 -0.01143304
v -0.02741344 0.03267007 -0.01143304
v -0.02446174 0.03493499 -0.01143304
v -0.02132387 0.03693404 -0.01143304
v -0.01802372 0.03865199 -0.01143304
v -0.01458639 0.04007578 -0.01143304
v -0.01103805 0.04119456 -0.01143304
v -0.00740570 0.04199984 -0.01143304
v -0.00371700 0.04248546 -0.01143304
v 0.00000000 0.04264775 -0.01143304
v 0.00371700 0.04248546 -0.01143304
v 0.00740570 0.04199984 -0.01143304
v 0.01103805 0.04119456 -0.01143304
v 0.01458639 0.04007578 -0.01143304
v 0.01802372 0.03865199 -0.01143304
v 0.02132387 0.03693404 -0.01143304
v 0.02446174 0.03493499 -0.01143304
v 0.02741344 0.03267007 -0.01143304
v 0.03015651 0.03015651 -0.01143304
v 0.03267007 0.02741344 -0.01143304
v 0.03493499 0.02446174 -0.01143304
v 0.03693404 0.02132387 -0.01143304
v 0.03865199 0.01802372 -0.01143304
v 0.04007578 0.01458639 -0.01143304
v 0.04119456 0.01103805 -0.01143304
v 0.04199984 0.00740570 -0.01143304
v 0.04248546 0.00371700 -0.01143304
v 0.04264775 0.00000000 -0.01143304
v 0.04245537 -0.00371436 -0.01137500
v 0.04197008 -0.00740046 -0.01137500
v 0.04116538 -0.01103023 -0.01137500
v 0.04004738 -0.01457606 -0.01137500
v 0.03862461 -0.01801095 -0.01137500
v 0.03690787 -0.02130877 -0.01137500
v 0.03491024 -0.02444442 -0.01137500
v 0.03264693 -0.02739403 -0.01137500
v 0.03013515 -0.03013515 -0.01137500
v 0.02739403 -0.03264693 -0.01137500
v 0.02444442 -0.03491024 -0.01137500
v 0.02130877 -0.03690787 -0.01137500
v 0.01801095 -0.03862461 -0.01137500
v 0.01457606 -0.04004738 -0.01137500
v 0.01103023 -0.04116538 -0.01137500
v 0.00740046 -0.04197008 -0.01137500
v 0.00371436 -0.04245537 -0.01137500
v 0.00000000 -0.04261754 -0.01137500
v -0.00371436 -0.04245537 -0.01137500
v -0.00740046 -0.04197008 -0.01137500
v -0.01103023 -0.04116538 -0.01137500
v -0.01457606 -0.04004738 -0.01137500
v -0.01801095 -0.03862461 -0.01137500
v -0.02130877 -0.03690787 -0.01137500
v -0.02444442 -0.03491024 -0.01137500
v -0.02739403 -0.03264693 -0.01137500
v -0.03013515 -0.03013515 -0.01137500
v -0.03264693 -0.02739403 -0.01137500
v -0.03491024 -0.02444442 -0.01137500
v -0.03690787 -0.02130877 -0.01137500
v -0.03862461 -0.01801095 -0.01137500
v -0.04004738 -0.01457606 -0.01137500
v -0.04116538 -0.01103023 -0.01137500
v -0.04197008 -0.00740046 -0.01137500
v -0.04245537 -0.00371436 -0.01137500
v -0.04261754 -0.00000000 -0.01137500
v -0.04245537 0.00371436 -0.01137500
v -0.04197008 0.00740046 -0.01137500
v -0.04116538 0.01103023 -0.01137500
v -0.04004738 0.01457606 -0.01137500
v -0.03862461 0.01801095 -0.01137500
v -0.03690787 0.02130877 -0.01137500
v -0.03491024 0.02444442 -0.01137500
v -0.03264693 0.02739403 -0.01137500
v -0.03013515 0.03013515 -0.01137500
v -0.02739403 0.03264693 -0.01137500
v -0.02444442 0.03491024 -0.01137500
v -0.02130877 0.03690787 -0.01137500
v -0.01801095 0.03862461 -0.01137500
v -0.01457606 0.04004738 -0.01137500
v -0.01103023 0.04116538 -0.01137500
v -0.00740046 0.04197008 -0.01137500
v -0.00371436 0.04245537 -0.01137500
v 0.00000000 0.04261754 -0.01137500
v 0.00371436 0.04245537 -0.01137500
v 0.00740046 0.04197008 -0.01137500
v 0.01103023 0.04116538 -0.01137500
v 0.01457606 0.04004738 -0.01137500
v 0.01801095 0.03862461 -0.01137500
v 0.02130877 0.03690787 -0.01137500
v 0.02444442 0.03491024 -0.01137500
v 0.02739403 0.03264693 -0.01137500
v 0.03013515 0.03013515 -0.01137500
v 0.03264693 0.02739403 -0.01137500
v 0.03491024 0.02444442 -0.01137500
v 0.03690787 0.02130877 -0.01137500
v 0.03862461 0.01801095 -0.01137500
v 0.04004738 0.01457606 -0.01137500
v 0.04116538 0.01103023 -0.01137500
v 0.04197008 0.00740046 -0.01137500
v 0.04245537 0.00371436 -0.01137500
v 0.04261754 0.00000000 -0.01137500
v 0.04242035 -0.00371130 -0.01131982
v 0.04193546 -0.00739435 -0.01131982
v 0.04113143 -0.01102113 -0.01131982
v 0.04001435 -0.01456403 -0.01131982
v 0.03859274 -0.01799609 -0.01131982
v 0.03687743 -0.02129119 -0.01131982
v 0.03488145 -0.02442425 -0.01131982
v 0.03262000 -0.02737143 -0.01131982
v 0.03011029 -0.03011029 -0.01131982
v 0.02737143 -0.03262000 -0.01131982
v 0.02442425 -0.03488145 -0.01131982
v 0.02129119 -0.03687743 -0.01131982
v 0.01799609 -0.03859274 -0.01131982
v 0.01456403 -0.04001435 -0.01131982
v 0.01102113 -0.04113143 -0.01131982
v 0.00739435 -0.04193546 -0.01131982
v 0.00371130 -0.04242035 -0.01131982
v 0.00000000 -0.04258239 -0.01131982
v -0.00371130 -0.04242035 -0.01131982
v -0.00739435 -0.04193546 -0.01131982
v -0.01102113 -0.04113143 -0.01131982
v -0.01456403 -0.04001435 -0.01131982
v -0.01799609 -0.03859274 -0.01131982
v -0.02129119 -0.03687743 -0.01131982
v -0.02442425 -0.03488145 -0.01131982
v -0.02737143 -0.03262000 -0.01131982
v -0.03011029 -0.03011029 -0.01131982
v -0.03262000 -0.02737143 -0.01131982
v -0.03488145 -0.02442425 -0.01131982
v -0.03687743 -0.02129119 -0.01131982
v -0.03859274 -0.01799609 -0.01131982
v -0.04001435 -0.01456403 -0.01131982
v -0.04113143 -0.01102113 -0.01131982
v -0.04193546 -0.00739435 -0.01131982
v -0.04242035 -0.00371130 -0.01131982
v -0.04258239 -0.00000000 -0.01131982
v -0.04242035 0.00371130 -0.01131982
v -0.04193546 0.00739435 -0.01131982
v -0.04113143 0.01102113 -0.01131982
v -0.04001435 0.01456403 -0.01131982
v -0.03859274 0.01799609 -0.01131982
v -0.03687743 0.02129119 -0.01131982
v -0.03488145 0.02442425 -0.01131982
v -0.03262000 0.02737143 -0.01131982
v -0.03011029 0.03011029 -0.01131982
v -0.02737143 0.03262000 -0.01131982
v -0.02442425 0.03488145 -0.01131982
v -0.02129119 0.03687743 -0.01131982
v -0.01799609 0.03859274 -0.01131982
v -0.01456403 0.04001435 -0.01131982
v -0.01102113 0.04113143 -0.01131982
v -0.00739435 0.04193546 -0.01131982
v -0.00371130 0.04242035 -0.01131982
v 0.00000000 0.04258239 -0.01131982
v 0.00371130 0.04242035 -0.01131982
v 0.00739435 0.04193546 -0.01131982
v 0.01102113 0.04113143 -0.01131982
v 0.01456403 0.04001435 -0.01131982
v 0.01799609 0.03859274 -0.01131982
v 0.02129119 0.03687743 -0.01131982
v 0.02442425 0.03488145 -0.01131982
v 0.02737143 0.03262000 -0.01131982
v 0.03011029 0.03011029 -0.01131982
v 0.03262000 0.02737143 -0.01131982
v 0.03488145 0.02442425 -0.01131982
v 0.03687743 0.02129119 -0.01131982
v 0.03859274 0.01799609 -0.01131982
v 0.04001435 0.01456403 -0.01131982
v 0.04113143 0.01102113 -0.01131982
v 0.04193546 0.00739435 -0.01131982
v 0.04242035 0.00371130 -0.01131982
v 0.04258239 0.00000000 -0.01131982
v 0.04238066 -0.00370783 -0.01126791
v 0.04189624 -0.00738744 -0.01126791
v 0.04109295 -0.01101082 -0.01126791
v 0.03997692 -0.01455041 -0.01126791
v 0.03855665 -0.01797926 -0.01126791
v 0.03684293 -0.02127128 -0.01126791
v 0.03484882 -0.02440141 -0.01126791
v 0.03258949 -0.02734582 -0.01126791
v 0.03008213 -0.03008213 -0.01126791
v 0.02734582 -0.03258949 -0.01126791
v 0.02440141 -0.03484882 -0.01126791
v 0.02127128 -0.03684293 -0.01126791
v 0.01797926 -0.03855665 -0.01126791
v 0.01455041 -0.03997692 -0.01126791
v 0.01101082 -0.04109295 -0.01126791
v 0.00738744 -0.04189624 -0.01126791
v 0.00370783 -0.04238066 -0.01126791
v 0.00000000 -0.04254255 -0.01126791
v -0.00370783 -0.04238066 -0.01126791
v -0.00738744 -0.04189624 -0.01126791
v -0.01101082 -0.04109295 -0.01126791
v -0.01455041 -0.03997692 -0.01126791
v -0.01797926 -0.03855665 -0.01126791
v -0.02127128 -0.03684293 -0.01126791
v -0.02440141 -0.03484882 -0.01126791
v -0.02734582 -0.03258949 -0.01126791
v -0.03008213 -0.03008213 -0.01126791
v -0.03258949 -0.02734582 -0.01126791
v -0.03484882 -0.02440141 -0.01126791
v -0.03684293 -0.02127128 -0.01126791
v -0.03855665 -0.01797926 -0.01126791
v -0.03997692 -0.01455041 -0.01126791
v -0.04109295 -0.01101082 -0.01126791
v -0.04189624 -0.00738744 -0.01126791
v -0.04238066 -0.00370783 -0.01126791
v -0.04254255 -0.00000000 -0.01126791
v -0.04238066 0.00370783 -0.01126791
v -0.04189624 0.00738744 -0.01126791
v -0.04109295 0.01101082 -0.01126791
v -0.03997692 0.01455041 -0.01126791
v -0.03855665 0.01797926 -0.01126791
v -0.03684293 0.02127128 -0.01126791
v -0.03484882 0.02440141 -0.01126791
v -0.03258949 0.02734582 -0.01126791
v -0.03008213 0.03008213 -0.01126791
v -0.02734582 0.03258949 -0.01126791
v -0.02440141 0.03484882 -0.01126791
v -0.02127128 0.03684293 -0.01126791
v -0.01797926 0.03855665 -0.01126791
v -0.01455041 0.03997692 -0.01126791
v -0.01101082 0.04109295 -0.01126791
v -0.00738744 0.04189624 -0.01126791
v -0.00370783 0.04238066 -0.01126791
v 0.00000000 0.04254255 -0.01126791
v 0.00370783 0.04238066 -0.01126791
v 0.00738744 0.04189624 -0.01126791
v 0.01101082 0.04109295 -0.01126791
v 0.01455041 0.03997692 -0.01126791
v 0.01797926 0.03855665 -0.01126791
v 0.02127128 0.03684293 -0.01126791
v 0.02440141 0.03484882 -0.01126791
v 0.02734582 0.03258949 -0.01126791
v 0.03008213 0.03008213 -0.01126791
v 0.03258949 0.02734582 -0.01126791
v 0.03484882 0.02440141 -0.01126791
v 0.03684293 0.02127128 -0.01126791
v 0.03855665 0.01797926 -0.01126791
v 0.03997692 0.01455041 -0.01126791
v 0.04109295 0.01101082 -0.01126791
v 0.04189624 0.00738744 -0.01126791
v 0.04238066 0.00370783 -0.01126791
v 0.04254255 0.00000000 -0.01126791
v 0.04233663 -0.00370398 -0.01121967
v 0.04185271 -0.00737976 -0.01121967
v 0.04105025 -0.01099938 -0.01121967
v 0.03993538 -0.01453529 -0.01121967
v 0.03851658 -0.01796058 -0.01121967
v 0.03680465 -0.02124918 -0.01121967
v 0.03481261 -0.02437605 -0.01121967
v 0.03255562 -0.02731741 -0.01121967
v 0.03005087 -0.03005087 -0.01121967
v 0.02731741 -0.03255562 -0.01121967
v 0.02437605 -0.03481261 -0.01121967
v 0.02124918 -0.03680465 -0.01121967
v 0.01796058 -0.03851658 -0.01121967
v 0.01453529 -0.03993538 -0.01121967
v 0.01099938 -0.04105025 -0.01121967
v 0.00737976 -0.04185271 -0.01121967
v 0.00370398 -0.04233663 -0.01121967
v 0.00000000 -0.04249835 -0.01121967
v -0.00370398 -0.04233663 -0.01121967
v -0.00737976 -0.04185271 -0.01121967
v -0.01099938 -0.04105025 -0.01121967
v -0.01453529 -0.03993538 -0.01121967
v -0.01796058 -0.03851658 -0.01121967
v -0.02124918 -0.03680465 -0.01121967
v -0.02437605 -0.03481261 -0.01121967
v -0.02731741 -0.03255562 -0.01121967
v -0.03005087 -0.03005087 -0.01121967
v -0.03255562 -0.02731741 -0.01121967
v -0.03481261 -0.02437605 -0.01121967
v -0.03680465 -0.02124918 -0.01121967
v -0.03851658 -0.01796058 -0.01121967
v -0.03993538 -0.01453529 -0.01121967
v -0.04105025 -0.01099938 -0.01121967
v -0.04185271 -0.00737976 -0.01121967
v -0.04233663 -0.00370398 -0.01121967
v -0.04249835 -0.00000000 -0.01121967
v -0.04233663 0.00370398 -0.01121967
v -0.04185271 0.00737976 -0.01121967
v -0.04105025 0.01099938 -0.01121967
v -0.03993538 0.01453529 -0.01121967
v -0.03851658 0.01796058 -0.01121967
v -0.03680465 0.02124918 -0.01121967
v -0.03481261 0.02437605 -0.01121967
v -0.03255562 0.02731741 -0.01121967
v -0.03005087 0.03005087 -0.01121967
v -0.02731741 0.03255562 -0.01121967
v -0.02437605 0.03481261 -0.01121967
v -0.02124918 0.03680465 -0.01121967
v -0.01796058 0.03851658 -0.01121967
v -0.01453529 0.03993538 -0.01121967
v -0.01099938 0.04105025 -0.01121967
v -0.00737976 0.04185271 -0.01121967
v -0.00370398 0.04233663 -0.01121967
v 0.00000000 0.04249835 -0.01121967
v 0.00370398 0.04233663 -0.01121967
v 0.00737976 0.04185271 -0.01121967
v 0.01099938 0.04105025 -0.01121967
v 0.01453529 0.03993538 -0.01121967
v 0.01796058 0.03851658 -0.01121967
v 0.02124918 0.03680465 -0.01121967
v 0.02437605 0.03481261 -0.01121967
v 0.02731741 0.03255562 -0.01121967
v 0.03005087 0.03005087 -0.01121967
v 0.03255562 0.02731741 -0.01121967
v 0.03481261 0.02437605 -0.01121967
v 0.03680465 0.02124918 -0.01121967
v 0.03851658 0.01796058 -0.01121967
v 0.03993538 0.01453529 -0.01121967
v 0.04105025 0.01099938 -0.01121967
v 0.04185271 0.00737976 -0.01121967
v 0.04233663 0.00370398 -0.01121967
v 0.04249835 0.00000000 -0.01121967
v 0.03968774 -0.00347223 -0.00856066
v 0.03923409 -0.00691803 -0.00856066
v 0.03848185 -0.01031118 -0.00856066
v 0.03743673 -0.01362586 -0.00856066
v 0.03610671 -0.01683683 -0.00856066
v 0.03450188 -0.01991967 -0.00856066
v 0.03263448 -0.02285091 -0.00856066
v 0.03051871 -0.02560823 -0.00856066
v 0.02817067 -0.02817067 -0.00856066
v 0.02560823 -0.03051871 -0.00856066
v 0.02285091 -0.03263448 -0.00856066
v 0.01991967 -0.03450188 -0.00856066
v 0.01683683 -0.03610671 -0.00856066
v 0.01362586 -0.03743673 -0.00856066
v 0.01031118 -0.03848185 -0.00856066
v 0.00691803 -0.03923409 -0.00856066
v 0.00347223 -0.03968774 -0.00856066
v 0.00000000 -0.03983934 -0.00856066
v -0.00347223 -0.03968774 -0.00856066
v -0.00691803 -0.03923409 -0.00856066
v -0.01031118 -0.03848185 -0.00856066
v -0.01362586 -0.03743673 -0.00856066
v -0.01683683 -0.03610671 -0.00856066
v -0.01991967 -0.03450188 -0.00856066
v -0.02285091 -0.03263448 -0.00856066
v -0.02560823 -0.03051871 -0.00856066
v -0.02817067 -0.02817067 -0.00856066
v -0.03051871 -0.02560823 -0.00856066
v -0.03263448 -0.02285091 -0.00856066
v -0.03450188 -0.01991967 -0.00856066
v -0.03610671 -0.01683683 -0.00856066
v -0.03743673 -0.01362586 -0.00856066
v -0.03848185 -0.01031118 -0.00856066
v -0.03923409 -0.00691803 -0.00856066
v -0.03968774 -0.00347223 -0.00856066
v -0.03983934 -0.00000000 -0.00856066
v -0.03968774 0.00347223 -0.00856066
v -0.03923409 0.00691803 -0.00856066
v -0.03848185 0.01031118 -0.00856066
v -0.03743673 0.01362586 -0.00856066
v -0.03610671 0.01683683 -0.00856066
v -0.03450188 0.01991967 -0.00856066
v -0.03263448 0.02285091 -0.00856066
v -0.03051871 0.02560823 -0.00856066
v -0.02817067 0.02817067 -0.00856066
v -0.02560823 0.03051871 -0.00856066
v -0.02285091 0.03263448 -0.00856066
v -0.01991967 0.03450188 -0.00856066
v -0.01683683 0.03610671 -0.00856066
v -0.01362586 0.03743673 -0.00856066
v -0.01031118 0.03848185 -0.00856066
v -0.00691803 0.03923409 -0.00856066
v -0.00347223 0.03968774 -0.00856066
v 0.00000000 0.03983934 -0.00856066
v 0.00347223 0.03968774 -0.00856066
v 0.00691803 0.03923409 -0.00856066
v 0.01031118 0.03848185 -0.00856066
v 0.01362586 0.03743673 -0.00856066
v 0.01683683 0.03610671 -0.00856066
v 0.01991967 0.03450188 -0.00856066
v 0.02285091 0.03263448 -0.00856066
v 0.02560823 0.03051871 -0.00856066
v 0.02817067 0.02817067 -0.00856066
v 0.03051871 0.02560823 -0.00856066
v 0.03263448 0.02285091 -0.00856066
v 0.03450188 0.01991967 -0.00856066
v 0.03610671 0.01683683 -0.00856066
v 0.03743673 0.01362586 -0.00856066
v 0.03848185 0.01031118 -0.00856066
v 0.03923409 0.00691803 -0.00856066
v 0.03968774 0.00347223 -0.00856066
v 0.03983934 0.00000000 -0.00856066
v 0.03959967 -0.00346452 -0.00846418
v 0.03914703 -0.00690268 -0.00846418
v 0.03839645 -0.01028830 -0.00846418
v 0.03735366 -0.01359562 -0.00846418
v 0.03602658 -0.01679947 -0.00846418
v 0.03442532 -0.01987547 -0.00846418
v 0.03256206 -0.02280020 -0.00846418
v 0.03045098 -0.02555141 -0.00846418
v 0.02810816 -0.02810816 -0.00846418
v 0.02555141 -0.03045098 -0.00846418
v 0.02280020 -0.03256206 -0.00846418
v 0.01987547 -0.03442532 -0.00846418
v 0.01679947 -0.03602658 -0.00846418
v 0.01359562 -0.03735366 -0.00846418
v 0.01028830 -0.03839645 -0.00846418
v 0.00690268 -0.03914703 -0.00846418
v 0.00346452 -0.03959967 -0.00846418
v 0.00000000 -0.03975093 -0.00846418
v -0.00346452 -0.03959967 -0.00846418
v -0.00690268 -0.03914703 -0.00846418
v -0.01028830 -0.03839645 -0.00846418
v -0.01359562 -0.03735366 -0.00846418
v -0.01679947 -0.03602658 -0.00846418
v -0.01987547 -0.03442532 -0.00846418
v -0.02280020 -0.03256206 -0.00846418
v -0.02555141 -0.03045098 -0.00846418
v -0.02810816 -0.02810816 -0.00846418
v -0.03045098 -0.02555141 -0.00846418
v -0.03256206 -0.02280020 -0.00846418
v -0.03442532 -0.01987547 -0.00846418
v -0.03602658 -0.01679947 -0.00846418
v -0.03735366 -0.01359562 -0.00846418
v -0.03839645 -0.01028830 -0.00846418
v -0.03914703 -0.00690268 -0.00846418
v -0.03959967 -0.00346452 -0.00846418
v -0.03975093 -0.00000000 -0.00846418
v -0.03959967 0.00346452 -0.00846418
v -0.03914703 0.00690268 -0.00846418
v -0.03839645 0.01028830 -0.00846418
v -0.03735366 0.01359562 -0.00846418
v -0.03602658 0.01679947 -0.00846418
v -0.03442532 0.01987547 -0.00846418
v -0.03256206 0.02280020 -0.00846418
v -0.03045098 0.02555141 -0.00846418
v -0.02810816 0.02810816 -0.00846418
v -0.02555141 0.03045098 -0.00846418
v -0.02280020 0.03256206 -0.00846418
v -0.01987547 0.03442532 -0.00846418
v -0.01679947 0.03602658 -0.00846418
v -0.01359562 0.03735366 -0.00846418
v -0.01028830 0.03839645 -0.00846418
v -0.00690268 0.03914703 -0.00846418
v -0.00346452 0.03959967 -0.00846418
v 0.00000000 0.03975093 -0.00846418
v 0.00346452 0.03959967 -0.00846418
v 0.00690268 0.03914703 -0.00846418
v 0.01028830 0.03839645 -0.00846418
v 0.01359562 0.03735366 -0.00846418
v 0.01679947 0.03602658 -0.00846418
v 0.01987547 0.03442532 -0.00846418
v 0.02280020 0.03256206 -0.00846418
v 0.02555141 0.03045098 -0.00846418
v 0.02810816 0.02810816 -0.00846418
v 0.03045098 0.02555141 -0.00846418
v 0.03256206 0.02280020 -0.00846418
v 0.03442532 0.01987547 -0.00846418
v 0.03602658 0.01679947 -0.00846418
v 0.03735366 0.01359562 -0.00846418
v 0.03839645 0.01028830 -0.00846418
v 0.03914703 0.00690268 -0.00846418
v 0.03959967 0.00346452 -0.00846418
v 0.03975093 0.00000000 -0.00846418
v 0.03952031 -0.00345758 -0.00836036
v 0.03906858 -0.00688884 -0.00836036
v 0.03831951 -0.01026768 -0.00836036
v 0.03727880 -0.01356837 -0.00836036
v 0.03595438 -0.01676580 -0.00836036
v 0.03435633 -0.01983564 -0.00836036
v 0.03249680 -0.02275451 -0.00836036
v 0.03038996 -0.02550020 -0.00836036
v 0.02805183 -0.02805183 -0.00836036
v 0.02550020 -0.03038996 -0.00836036
v 0.02275451 -0.03249680 -0.00836036
v 0.01983564 -0.03435633 -0.00836036
v 0.01676580 -0.03595438 -0.00836036
v 0.01356837 -0.03727880 -0.00836036
v 0.01026768 -0.03831951 -0.00836036
v 0.00688884 -0.03906858 -0.00836036
v 0.00345758 -0.03952031 -0.00836036
v 0.00000000 -0.03967127 -0.00836036
v -0.00345758 -0.03952031 -0.00836036
v -0.00688884 -0.03906858 -0.00836036
v -0.01026768 -0.03831951 -0.00836036
v -0.01356837 -0.03727880 -0.00836036
v -0.01676580 -0.03595438 -0.00836036
v -0.01983564 -0.03435633 -0.00836036
v -0.02275451 -0.03249680 -0.00836036
v -0.02550020 -0.03038996 -0.00836036
v -0.02805183 -0.02805183 -0.00836036
v -0.03038996 -0.02550020 -0.00836036
v -0.03249680 -0.02275451 -0.00836036
v -0.03435633 -0.01983564 -0.00836036
v -0.03595438 -0.01676580 -0.00836036
v -0.03727880 -0.01356837 -0.00836036
v -0.03831951 -0.01026768 -0.00836036
v -0.03906858 -0.00688884 -0.00836036
v -0.03952031 -0.00345758 -0.00836036
v -0.03967127 -0.00000000 -0.00836036
v -0.03952031 0.00345758 -0.00836036
v -0.03906858 0.00688884 -0.00836036
v -0.03831951 0.01026768 -0.00836036
v -0.03727880 0.01356837 -0.00836036
v -0.03595438 0.01676580 -0.00836036
v -0.03435633 0.01983564 -0.00836036
v -0.03249680 0.02275451 -0.00836036
v -0.03038996 0.02550020 -0.00836036
v -0.02805183 0.02805183 -0.00836036
v -0.02550020 0.03038996 -0.00836036
v -0.02275451 0.03249680 -0.00836036
v -0.01983564 0.03435633 -0.00836036
v -0.01676580 0.03595438 -0.00836036
v -0.01356837 0.03727880 -0.00836036
v -0.01026768 0.03831951 -0.00836036
v -0.00688884 0.03906858 -0.00836036
v -0.00345758 0.03952031 -0.00836036
v 0.00000000 0.03967127 -0.00836036
v 0.00345758 0.03952031 -0.00836036
v 0.00688884 0.03906858 -0.00836036
v 0.01026768 0.03831951 -0.00836036
v 0.01356837 0.03727880 -0.00836036
v 0.01676580 0.03595438 -0.00836036
v 0.01983564 0.03435633 -0.00836036
v 0.02275451 0.03249680 -0.00836036
v 0.02550020 0.03038996 -0.00836036
v 0.02805183 0.02805183 -0.00836036
v 0.03038996 0.02550020 -0.00836036
v 0.03249680 0.02275451 -0.00836036
v 0.03435633 0.01983564 -0.00836036
v 0.03595438 0.01676580 -0.00836036
v 0.03727880 0.01356837 -0.00836036
v 0.03831951 0.01026768 -0.00836036
v 0.03906858 0.00688884 -0.00836036
v 0.03952031 0.00345758 -0.00836036
v 0.03967127 0.00000000 -0.00836036
v 0.03945027 -0.00345145 -0.00825000
v 0.03899933 -0.00687663 -0.00825000
v 0.03825159 -0.01024948 -0.00825000
v 0.03721273 -0.01354433 -0.00825000
v 0.03589066 -0.01673609 -0.00825000
v 0.03429544 -0.01980048 -0.00825000
v 0.03243921 -0.02271418 -0.00825000
v 0.03033610 -0.02545501 -0.00825000
v 0.02800211 -0.02800211 -0.00825000
v 0.02545501 -0.03033610 -0.00825000
v 0.02271418 -0.03243921 -0.00825000
v 0.01980048 -0.03429544 -0.00825000
v 0.01673609 -0.03589066 -0.00825000
v 0.01354433 -0.03721273 -0.00825000
v 0.01024948 -0.03825159 -0.00825000
v 0.00687663 -0.03899933 -0.00825000
v 0.00345145 -0.03945027 -0.00825000
v 0.00000000 -0.03960096 -0.00825000
v -0.00345145 -0.03945027 -0.00825000
v -0.00687663 -0.03899933 -0.00825000
v -0.01024948 -0.03825159 -0.00825000
v -0.01354433 -0.03721273 -0.00825000
v -0.01673609 -0.03589066 -0.00825000
v -0.01980048 -0.03429544 -0.00825000
v -0.02271418 -0.03243921 -0.00825000
v -0.02545501 -0.03033610 -0.00825000
v -0.02800211 -0.02800211 -0.00825000
v -0.03033610 -0.02545501 -0.00825000
v -0.03243921 -0.02271418 -0.00825000
v -0.03429544 -0.01980048 -0.00825000
v -0.03589066 -0.01673609 -0.00825000
v -0.03721273 -0.01354433 -0.00825000
v -0.03825159 -0.01024948 -0.00825000
v -0.03899933 -0.00687663 -0.00825000
v -0.03945027 -0.00345145 -0.00825000
v -0.03960096 -0.00000000 -0.00825000
v -0.03945027 0.00345145 -0.00825000
v -0.03899933 0.00687663 -0.00825000
v -0.03825159 0.01024948 -0.00825000
v -0.03721273 0.01354433 -0.00825000
v -0.03589066 0.01673609 -0.00825000
v -0.03429544 0.01980048 -0.00825000
v -0.03243921 0.02271418 -0.00825000
v -0.03033610 0.02545501 -0.00825000
v -0.02800211 0.02800211 -0.00825000
v -0.02545501 0.03033610 -0.00825000
v -0.02271418 0.03243921 -0.00825000
v -0.01980048 0.03429544 -0.00825000
v -0.01673609 0.03589066 -0.00825000
v -0.01354433 0.03721273 -0.00825000
v -0.01024948 0.03825159 -0.00825000
v -0.00687663 0.03899933 -0.00825000
v -0.00345145 0.03945027 -0.00825000
v 0.00000000 0.03960096 -0.00825000
v 0.00345145 0.03945027 -0.00825000
v 0.00687663 0.03899933 -0.00825000
v 0.01024948 0.03825159 -0.00825000
v 0.01354433 0.03721273 -0.00825000
v 0.01673609 0.03589066 -0.00825000
v 0.01980048 0.03429544 -0.00825000
v 0.02271418 0.03243921 -0.00825000
v 0.02545501 0.03033610 -0.00825000
v 0.02800211 0.02800211 -0.00825000
v 0.03033610 0.02545501 -0.00825000
v 0.03243921 0.02271418 -0.00825000
v 0.03429544 0.01980048 -0.00825000
v 0.03589066 0.01673609 -0.00825000
v 0.03721273 0.01354433 -0.00825000
v 0.03825159 0.01024948 -0.00825000
v 0.03899933 0.00687663 -0.00825000
v 0.03945027 0.00345145 -0.00825000
v 0.03960096 0.00000000 -0.00825000
v 0.03939008 -0.00344619 -0.00813393
v 0.03893983 -0.00686614 -0.00813393
v 0.03819323 -0.01023384 -0.00813393
v 0.03715595 -0.01352366 -0.00813393
v 0.03583590 -0.01671055 -0.00813393
v 0.03424311 -0.01977027 -0.00813393
v 0.03238971 -0.02267952 -0.00813393
v 0.03028981 -0.02541617 -0.00813393
v 0.02795938 -0.02795938 -0.00813393
v 0.02541617 -0.03028981 -0.00813393
v 0.02267952 -0.03238971 -0.00813393
v 0.01977027 -0.03424311 -0.00813393
v 0.01671055 -0.03583590 -0.00813393
v 0.01352366 -0.03715595 -0.00813393
v 0.01023384 -0.03819323 -0.00813393
v 0.00686614 -0.03893983 -0.00813393
v 0.00344619 -0.03939008 -0.00813393
v 0.00000000 -0.03954054 -0.00813393
v -0.00344619 -0.03939008 -0.00813393
v -0.00686614 -0.03893983 -0.00813393
v -0.01023384 -0.03819323 -0.00813393
v -0.01352366 -0.03715595 -0.00813393
v -0.01671055 -0.03583590 -0.00813393
v -0.01977027 -0.03424311 -0.00813393
v -0.02267952 -0.03238971 -0.00813393
v -0.02541617 -0.03028981 -0.00813393
v -0.02795938 -0.02795938 -0.00813393
v -0.03028981 -0.02541617 -0.00813393
v -0.03238971 -0.02267952 -0.00813393
v -0.03424311 -0.01977027 -0.00813393
v -0.03583590 -0.01671055 -0.00813393
v -0.03715595 -0.01352366 -0.00813393
v -0.03819323 -0.01023384 -0.00813393
v -0.03893983 -0.00686614 -0.00813393
v -0.03939008 -0.00344619 -0.00813393
v -0.03954054 -0.00000000 -0.00813393
v -0.03939008 0.00344619 -0.00813393
v -0.03893983 0.00686614 -0.00813393
v -0.03819323 0.01023384 -0.00813393
v -0.03715595 0.01352366 -0.00813393
v -0.03583590 0.01671055 -0.00813393
v -0.03424311 0.01977027 -0.00813393
v -0.03238971 0.02267952 -0.00813393
v -0.03028981 0.02541617 -0.00813393
v -0.02795938 0.02795938 -0.00813393
v -0.02541617 0.03028981 -0.00813393
v -0.02267952 0.03238971 -0.00813393
v -0.01977027 0.03424311 -0.00813393
v -0.01671055 0.03583590 -0.00813393
v -0.01352366 0.03715595 -0.00813393
v -0.01023384 0.03819323 -0.00813393
v -0.00686614 0.03893983 -0.00813393
v -0.00344619 0.03939008 -0.00813393
v 0.00000000 0.03954054 -0.00813393
v 0.00344619 0.03939008 -0.00813393
v 0.00686614 0.03893983 -0.00813393
v 0.01023384 0.03819323 -0.00813393
v 0.01352366 0.03715595 -0.00813393
v 0.01671055 0.03583590 -0.00813393
v 0.01977027 0.03424311 -0.00813393
v 0.02267952 0.03238971 -0.00813393
v 0.02541617 0.03028981 -0.00813393
v 0.02795938 0.02795938 -0.00813393
v 0.03028981 0.02541617 -0.00813393
v 0.03238971 0.02267952 -0.00813393
v 0.03424311 0.01977027 -0.00813393
v 0.03583590 0.01671055 -0.00813393
v 0.03715595 0.01352366 -0.00813393
v 0.03819323 0.01023384 -0.00813393
v 0.03893983 0.00686614 -0.00813393
v 0.03939008 0.00344619 -0.00813393
v 0.03954054 0.00000000 -0.00813393
v 0.03934019 -0.00344182 -0.00801303
v 0.03889051 -0.00685745 -0.00801303
v 0.03814486 -0.01022088 -0.00801303
v 0.03710889 -0.01350653 -0.00801303
v 0.03579051 -0.01668939 -0.00801303
v 0.03419974 -0.01974523 -0.00801303
v 0.03234869 -0.02265080 -0.00801303
v 0.03025145 -0.02538398 -0.00801303
v 0.02792397 -0.02792397 -0.00801303
v 0.02538398 -0.03025145 -0.00801303
v 0.02265080 -0.03234869 -0.00801303
v 0.01974523 -0.03419974 -0.00801303
v 0.01668939 -0.03579051 -0.00801303
v 0.01350653 -0.03710889 -0.00801303
v 0.01022088 -0.03814486 -0.00801303
v 0.00685745 -0.03889051 -0.00801303
v 0.00344182 -0.03934019 -0.00801303
v 0.00000000 -0.03949046 -0.00801303
v -0.00344182 -0.03934019 -0.00801303
v -0.00685745 -0.03889051 -0.00801303
v -0.01022088 -0.03814486 -0.00801303
v -0.01350653 -0.03710889 -0.00801303
v -0.01668939 -0.03579051 -0.00801303
v -0.01974523 -0.03419974 -0.00801303
v -0.02265080 -0.03234869 -0.00801303
v -0.02538398 -0.03025145 -0.00801303
v -0.02792397 -0.02792397 -0.00801303
v -0.03025145 -0.02538398 -0.00801303
v -0.03234869 -0.02265080 -0.00801303
v -0.03419974 -0.01974523 -0.00801303
v -0.03579051 -0.01668939 -0.00801303
v -0.03710889 -0.01350653 -0.00801303
v -0.03814486 -0.01022088 -0.00801303
v -0.03889051 -0.00685745 -0.00801303
v -0.03934019 -0.00344182 -0.00801303
v -0.03949046 -0.00000000 -0.00801303
v -0.03934019 0.00344182 -0.00801303
v -0.03889051 0.00685745 -0.00801303
v -0.03814486 0.01022088 -0.00801303
v -0.03710889 0.01350653 -0.00801303
v -0.03579051 0.01668939 -0.00801303
v -0.03419974 0.01974523 -0.00801303
v -0.03234869 0.02265080 -0.00801303
v -0.03025145 0.02538398 -0.00801303
v -0.02792397 0.02792397 -0.00801303
v -0.02538398 0.03025145 -0.00801303
v -0.02265080 0.03234869 -0.00801303
v -0.01974523 0.03419974 -0.00801303
v -0.01668939 0.03579051 -0.00801303
v -0.01350653 0.03710889 -0.00801303
v -0.01022088 0.03814486 -0.00801303
v -0.00685745 0.03889051 -0.00801303
v -0.00344182 0.03934019 -0.00801303
v 0.00000000 0.03949046 -0.00801303
v 0.00344182 0.03934019 -0.00801303
v 0.00685745 0.03889051 -0.00801303
v 0.01022088 0.03814486 -0.00801303
v 0.01350653 0.03710889 -0.00801303
v 0.01668939 0.03579051 -0.00801303
v 0.01974523 0.03419974 -0.00801303
v 0.02265080 0.03234869 -0.00801303
v 0.02538398 0.03025145 -0.00801303
v 0.02792397 0.02792397 -0.00801303
v 0.03025145 0.02538398 -0.00801303
v 0.03234869 0.02265080 -0.00801303
v 0.03419974 0.01974523 -0.00801303
v 0.03579051 0.01668939 -0.00801303
v 0.03710889 0.01350653 -0.00801303
v 0.03814486 0.01022088 -0.00801303
v 0.03889051 0.00685745 -0.00801303
v 0.03934019 0.00344182 -0.00801303
v 0.03949046 0.00000000 -0.00801303
v 0.03930099 -0.00343839 -0.00788823
v 0.03885176 -0.00685061 -0.00788823
v 0.03810685 -0.01021070 -0.00788823
v 0.03707192 -0.01349308 -0.00788823
v 0.03575485 -0.01667276 -0.00788823
v 0.03416567 -0.01972556 -0.00788823
v 0.03231646 -0.02262823 -0.00788823
v 0.03022130 -0.02535869 -0.00788823
v 0.02789615 -0.02789615 -0.00788823
v 0.02535869 -0.03022130 -0.00788823
v 0.02262823 -0.03231646 -0.00788823
v 0.01972556 -0.03416567 -0.00788823
v 0.01667276 -0.03575485 -0.00788823
v 0.01349308 -0.03707192 -0.00788823
v 0.01021070 -0.03810685 -0.00788823
v 0.00685061 -0.03885176 -0.00788823
v 0.00343839 -0.03930099 -0.00788823
v 0.00000000 -0.03945111 -0.00788823
v -0.00343839 -0.03930099 -0.00788823
v -0.00685061 -0.03885176 -0.00788823
v -0.01021070 -0.03810685 -0.00788823
v -0.01349308 -0.03707192 -0.00788823
v -0.01667276 -0.03575485 -0.00788823
v -0.01972556 -0.03416567 -0.00788823
v -0.02262823 -0.03231646 -0.00788823
v -0.02535869 -0.03022130 -0.00788823
v -0.02789615 -0.02789615 -0.00788823
v -0.03022130 -0.02535869 -0.00788823
v -0.03231646 -0.02262823 -0.00788823
v -0.03416567 -0.01972556 -0.00788823
v -0.03575485 -0.01667276 -0.00788823
v -0.03707192 -0.01349308 -0.00788823
v -0.03810685 -0.01021070 -0.00788823
v -0.03885176 -0.00685061 -0.00788823
v -0.03930099 -0.00343839 -0.00788823
v -0.03945111 -0.00000000 -0.00788823
v -0.03930099 0.00343839 -0.00788823
v -0.03885176 0.00685061 -0.00788823
v -0.03810685 0.01021070 -0.00788823
v -0.03707192 0.01349308 -0.00788823
v -0.03575485 0.01667276 -0.00788823
v -0.03416567 0.01972556 -0.00788823
v -0.03231646 0.02262823 -0.00788823
v -0.03022130 0.02535869 -0.00788823
v -0.02789615 0.02789615 -0.00788823
v -0.02535869 0.03022130 -0.00788823
v -0.02262823 0.03231646 -0.00788823
v -0.01972556 0.03416567 -0.00788823
v -0.01667276 0.03575485 -0.00788823
v -0.01349308 0.03707192 -0.00788823
v -0.01021070 0.03810685 -0.00788823
v -0.00685061 0.03885176 -0.00788823
v -0.00343839 0.03930099 -0.00788823
v 0.00000000 0.03945111 -0.00788823
v 0.00343839 0.03930099 -0.00788823
v 0.00685061 0.03885176 -0.00788823
v 0.01021070 0.03810685 -0.00788823
v 0.01349308 0.03707192 -0.00788823
v 0.01667276 0.03575485 -0.00788823
v 0.01972556 0.03416567 -0.00788823
v 0.02262823 0.03231646 -0.00788823
v 0.02535869 0.03022130 -0.00788823
v 0.02789615 0.02789615 -0.00788823
v 0.03022130 0.02535869 -0.00788823
v 0.03231646 0.02262823 -0.00788823
v 0.03416567 0.01972556 -0.00788823
v 0.03575485 0.01667276 -0.00788823
v 0.03707192 0.01349308 -0.00788823
v 0.03810685 0.01021070 -0.00788823
v 0.03885176 0.00685061 -0.00788823
v 0.03930099 0.00343839 -0.00788823
v 0.03945111 0.00000000 -0.00788823
v 0.03927277 -0.00343592 -0.00776047
v 0.03882387 -0.00684570 -0.00776047
v 0.03807949 -0.01020337 -0.00776047
v 0.03704530 -0.01348339 -0.00776047
v 0.03572918 -0.01666079 -0.00776047
v 0.03414113 -0.01971139 -0.00776047
v 0.03229326 -0.02261198 -0.00776047
v 0.03019961 -0.02534048 -0.00776047
v 0.02787612 -0.02787612 -0.00776047
v 0.02534048 -0.03019961 -0.00776047
v 0.02261198 -0.03229326 -0.00776047
v 0.01971139 -0.03414113 -0.00776047
v 0.01666079 -0.03572918 -0.00776047
v 0.01348339 -0.03704530 -0.00776047
v 0.01020337 -0.03807949 -0.00776047
v 0.00684570 -0.03882387 -0.00776047
v 0.00343592 -0.03927277 -0.00776047
v 0.00000000 -0.03942279 -0.00776047
v -0.00343592 -0.03927277 -0.00776047
v -0.00684570 -0.03882387 -0.00776047
v -0.01020337 -0.03807949 -0.00776047
v -0.01348339 -0.03704530 -0.00776047
v -0.01666079 -0.03572918 -0.00776047
v -0.01971139 -0.03414113 -0.00776047
v -0.02261198 -0.03229326 -0.00776047
v -0.02534048 -0.03019961 -0.00776047
v -0.02787612 -0.02787612 -0.00776047
v -0.03019961 -0.02534048 -0.00776047
v -0.03229326 -0.02261198 -0.00776047
v -0.03414113 -0.01971139 -0.00776047
v -0.03572918 -0.01666079 -0.00776047
v -0.03704530 -0.01348339 -0.00776047
v -0.03807949 -0.01020337 -0.00776047
v -0.03882387 -0.00684570 -0.00776047
v -0.03927277 -0.00343592 -0.00776047
v -0.03942279 -0.00000000 -0.00776047
v -0.03927277 0.00343592 -0.00776047
v -0.03882387 0.00684570 -0.00776047
v -0.03807949 0.01020337 -0.00776047
v -0.03704530 0.01348339 -0.00776047
v -0.03572918 0.01666079 -0.00776047
v -0.03414113 0.01971139 -0.00776047
v -0.03229326 0.02261198 -0.00776047
v -0.03019961 0.02534048 -0.00776047
v -0.02787612 0.02787612 -0.00776047
v -0.02534048 0.03019961 -0.00776047
v -0.02261198 0.03229326 -0.00776047
v -0.01971139 0.03414113 -0.00776047
v -0.01666079 0.03572918 -0.00776047
v -0.01348339 0.03704530 -0.00776047
v -0.01020337 0.03807949 -0.00776047
v -0.00684570 0.03882387 -0.00776047
v -0.00343592 0.03927277 -0.00776047
v 0.00000000 0.03942279 -0.00776047
v 0.00343592 0.03927277 -0.00776047
v 0.00684570 0.03882387 -0.00776047
v 0.01020337 0.03807949 -0.00776047
v 0.01348339 0.03704530 -0.00776047
v 0.01666079 0.03572918 -0.00776047
v 0.01971139 0.03414113 -0.00776047
v 0.02261198 0.03229326 -0.00776047
v 0.02534048 0.03019961 -0.00776047
v 0.02787612 0.02787612 -0.00776047
v 0.03019961 0.02534048 -0.00776047
v 0.03229326 0.02261198 -0.00776047
v 0.03414113 0.01971139 -0.00776047
v 0.03572918 0.01666079 -0.00776047
v 0.03704530 0.01348339 -0.00776047
v 0.03807949 0.01020337 -0.00776047
v 0.03882387 0.00684570 -0.00776047
v 0.03927277 0.00343592 -0.00776047
v 0.03942279 0.00000000 -0.00776047
v 0.03925576 -0.00343443 -0.00763073
v 0.03880705 -0.00684273 -0.00763073
v 0.03806299 -0.01019895 -0.00763073
v 0.03702925 -0.01347755 -0.00763073
v 0.03571370 -0.01665357 -0.00763073
v 0.03412635 -0.01970285 -0.00763073
v 0.03227927 -0.02260219 -0.00763073
v 0.03018652 -0.02532950 -0.00763073
v 0.02786404 -0.02786404 -0.00763073
v 0.02532950 -0.03018652 -0.00763073
v 0.02260219 -0.03227927 -0.00763073
v 0.01970285 -0.03412635 -0.00763073
v 0.01665357 -0.03571370 -0.00763073
v 0.01347755 -0.03702925 -0.00763073
v 0.01019895 -0.03806299 -0.00763073
v 0.00684273 -0.03880705 -0.00763073
v 0.00343443 -0.03925576 -0.00763073
v 0.00000000 -0.03940571 -0.00763073
v -0.00343443 -0.03925576 -0.00763073
v -0.00684273 -0.03880705 -0.00763073
v -0.01019895 -0.03806299 -0.00763073
v -0.01347755 -0.03702925 -0.00763073
v -0.01665357 -0.03571370 -0.00763073
v -0.01970285 -0.03412635 -0.00763073
v -0.02260219 -0.03227927 -0.00763073
v -0.02532950 -0.03018652 -0.00763073
v -0.02786404 -0.02786404 -0.00763073
v -0.03018652 -0.02532950 -0.00763073
v -0.03227927 -0.02260219 -0.00763073
v -0.03412635 -0.01970285 -0.00763073
v -0.03571370 -0.01665357 -0.00763073
v -0.03702925 -0.01347755 -0.00763073
v -0.03806299 -0.01019895 -0.00763073
v -0.03880705 -0.00684273 -0.00763073
v -0.03925576 -0.00343443 -0.00763073
v -0.03940571 -0.00000000 -0.00763073
v -0.03925576 0.00343443 -0.00763073
v -0.03880705 0.00684273 -0.00763073
v -0.03806299 0.01019895 -0.00763073
v -0.03702925 0.01347755 -0.00763073
v -0.03571370 0.01665357 -0.00763073
v -0.03412635 0.01970285 -0.00763073
v -0.03227927 0.02260219 -0.00763073
v -0.03018652 0.02532950 -0.00763073
v -0.02786404 0.02786404 -0.00763073
v -0.02532950 0.03018652 -0.00763073
v -0.02260219 0.03227927 -0.00763073
v -0.01970285 0.03412635 -0.00763073
v -0.01665357 0.03571370 -0.00763073
v -0.01347755 0.03702925 -0.00763073
v -0.01019895 0.03806299 -0.00763073
v -0.00684273 0.03880705 -0.00763073
v -0.00343443 0.03925576 -0.00763073
v 0.00000000 0.03940571 -0.00763073
v 0.00343443 0.03925576 -0.00763073
v 0.00684273 0.03880705 -0.00763073
v 0.01019895 0.03806299 -0.00763073
v 0.01347755 0.03702925 -0.00763073
v 0.01665357 0.03571370 -0.00763073
v 0.01970285 0.03412635 -0.00763073
v 0.02260219 0.03227927 -0.00763073
v 0.02532950 0.03018652 -0.00763073
v 0.02786404 0.02786404 -0.00763073
v 0.03018652 0.02532950 -0.00763073
v 0.03227927 0.02260219 -0.00763073
v 0.03412635 0.01970285 -0.00763073
v 0.03571370 0.01665357 -0.00763073
v 0.03702925 0.01347755 -0.00763073
v 0.03806299 0.01019895 -0.00763073
v 0.03880705 0.00684273 -0.00763073
v 0.03925576 0.00343443 -0.00763073
v 0.03940571 0.00000000 -0.00763073
v 0.03925007 -0.00343394 -0.00750000
v 0.03880142 -0.00684174 -0.00750000
v 0.03805748 -0.01019747 -0.00750000
v 0.03702389 -0.01347559 -0.00750000
v 0.03570853 -0.01665116 -0.00750000
v 0.03412140 -0.01970000 -0.00750000
v 0.03227459 -0.02259891 -0.00750000
v 0.03018215 -0.02532583 -0.00750000
v 0.02786001 -0.02786001 -0.00750000
v 0.02532583 -0.03018215 -0.00750000
v 0.02259891 -0.03227459 -0.00750000
v 0.01970000 -0.03412140 -0.00750000
v 0.01665116 -0.03570853 -0.00750000
v 0.01347559 -0.03702389 -0.00750000
v 0.01019747 -0.03805748 -0.00750000
v 0.00684174 -0.03880142 -0.00750000
v 0.00343394 -0.03925007 -0.00750000
v 0.00000000 -0.03940000 -0.00750000
v -0.00343394 -0.03925007 -0.00750000
v -0.00684174 -0.03880142 -0.00750000
v -0.01019747 -0.03805748 -0.00750000
v -0.01347559 -0.03702389 -0.00750000
v -0.01665116 -0.03570853 -0.00750000
v -0.01970000 -0.03412140 -0.00750000
v -0.02259891 -0.03227459 -0.00750000
v -0.02532583 -0.03018215 -0.00750000
v -0.02786001 -0.02786001 -0.00750000
v -0.03018215 -0.02532583 -0.00750000
v -0.03227459 -0.02259891 -0.00750000
v -0.03412140 -0.01970000 -0.00750000
v -0.03570853 -0.01665116 -0.00750000
v -0.03702389 -0.01347559 -0.00750000
v -0.03805748 -0.01019747 -0.00750000
v -0.03880142 -0.00684174 -0.00750000
v -0.03925007 -0.00343394 -0.00750000
v -0.03940000 -0.00000000 -0.00750000
v -0.03925007 0.00343394 -0.00750000
v -0.03880142 0.00684174 -0.00750000
v -0.03805748 0.01019747 -0.00750000
v -0.03702389 0.01347559 -0.00750000
v -0.03570853 0.01665116 -0.00750000
v -0.03412140 0.01970000 -0.00750000
v -0.03227459 0.02259891 -0.00750000
v -0.03018215 0.02532583 -0.00750000
v -0.02786001 0.02786001 -0.00750000
v -0.02532583 0.03018215 -0.00750000
v -0.02259891 0.03227459 -0.00750000
v -0.01970000 0.03412140 -0.00750000
v -0.01665116 0.03570853 -0.00750000
v -0.01347559 0.03702389 -0.00750000
v -0.01019747 0.03805748 -0.00750000
v -0.00684174 0.03880142 -0.00750000
v -0.00343394 0.03925007 -0.00750000
v 0.00000000 0.03940000 -0.00750000
v 0.00343394 0.03925007 -0.00750000
v 0.00684174 0.03880142 -0.00750000
v 0.01019747 0.03805748 -0.00750000
v 0.01347559 0.03702389 -0.00750000
v 0.01665116 0.03570853 -0.00750000
v 0.01970000 0.03412140 -0.00750000
v 0.02259891 0.03227459 -0.00750000
v 0.02532583 0.03018215 -0.00750000
v 0.02786001 0.02786001 -0.00750000
v 0.03018215 0.02532583 -0.00750000
v 0.03227459 0.02259891 -0.00750000
v 0.03412140 0.01970000 -0.00750000
v 0.03570853 0.01665116 -0.00750000
v 0.03702389 0.01347559 -0.00750000
v 0.03805748 0.01019747 -0.00750000
v 0.03880142 0.00684174 -0.00750000
v 0.03925007 0.00343394 -0.00750000
v 0.03940000 0.00000000 -0.00750000
v 0.03925576 -0.00343443 -0.00736927
v 0.03880705 -0.00684273 -0.00736927
v 0.03806299 -0.01019895 -0.00736927
v 0.03702925 -0.01347755 -0.00736927
v 0.03571370 -0.01665357 -0.00736927
v 0.03412635 -0.01970285 -0.00736927
v 0.03227927 -0.02260219 -0.00736927
v 0.03018652 -0.02532950 -0.00736927
v 0.02786404 -0.02786404 -0.00736927
v 0.02532950 -0.03018652 -0.00736927
v 0.02260219 -0.03227927 -0.00736927
v 0.01970285 -0.03412635 -0.00736927
v 0.01665357 -0.03571370 -0.00736927
v 0.01347755 -0.03702925 -0.00736927
v 0.01019895 -0.03806299 -0.00736927
v 0.00684273 -0.03880705 -0.00736927
v 0.00343443 -0.03925576 -0.00736927
v 0.00000000 -0.03940571 -0.00736927
v -0.00343443 -0.03925576 -0.00736927
v -0.00684273 -0.03880705 -0.00736927
v -0.01019895 -0.03806299 -0.00736927
v -0.01347755 -0.03702925 -0.00736927
v -0.01665357 -0.03571370 -0.00736927
v -0.01970285 -0.03412635 -0.00736927
v -0.02260219 -0.03227927 -0.00736927
v -0.02532950 -0.03018652 -0.00736927
v -0.02786404 -0.02786404 -0.00736927
v -0.03018652 -0.02532950 -0.00736927
v -0.03227927 -0.02260219 -0.00736927
v -0.03412635 -0.01970285 -0.00736927
v -0.03571370 -0.01665357 -0.00736927
v -0.03702925 -0.01347755 -0.00736927
v -0.03806299 -0.01019895 -0.00736927
v -0.03880705 -0.00684273 -0.00736927
v -0.03925576 -0.00343443 -0.00736927
v -0.03940571 -0.00000000 -0.00736927
v -0.03925576 0.00343443 -0.00736927
v -0.03880705 0.00684273 -0.00736927
v -0.03806299 0.01019895 -0.00736927
v -0.03702925 0.01347755 -0.00736927
v -0.03571370 0.01665357 -0.00736927
v -0.03412635 0.01970285 -0.00736927
v -0.03227927 0.02260219 -0.00736927
v -0.03018652 0.02532950 -0.00736927
v -0.02786404 0.02786404 -0.00736927
v -0.02532950 0.03018652 -0.00736927
v -0.02260219 0.03227927 -0.00736927
v -0.01970285 0.03412635 -0.00736927
v -0.01665357 0.03571370 -0.00736927
v -0.01347755 0.03702925 -0.00736927
v -0.01019895 0.03806299 -0.00736927
v -0.00684273 0.03880705 -0.00736927
v -0.00343443 0.03925576 -0.00736927
v 0.00000000 0.03940571 -0.00736927
v 0.00343443 0.03925576 -0.00736927
v 0.00684273 0.03880705 -0.00736927
v 0.01019895 0.03806299 -0.00736927
v 0.01347755 0.03702925 -0.00736927
v 0.01665357 0.03571370 -0.00736927
v 0.01970285 0.03412635 -0.00736927
v 0.02260219 0.03227927 -0.00736927
v 0.02532950 0.03018652 -0.00736927
v 0.02786404 0.02786404 -0.00736927
v 0.03018652 0.02532950 -0.00736927
v 0.03227927 0.02260219 -0.00736927
v 0.03412635 0.01970285 -0.00736927
v 0.03571370 0.01665357 -0.00736927
v 0.03702925 0.01347755 -0.00736927
v 0.03806299 0.01019895 -0.00736927
v 0.03880705 0.00684273 -0.00736927
v 0.03925576 0.00343443 -0.00736927
v 0.03940571 0.00000000 -0.00736927
v 0.03927277 -0.00343592 -0.00723953
v 0.03882387 -0.00684570 -0.00723953
v 0.03807949 -0.01020337 -0.00723953
v 0.03704530 -0.01348339 -0.00723953
v 0.03572918 -0.01666079 -0.00723953
v 0.03414113 -0.01971139 -0.00723953
v 0.03229326 -0.02261198 -0.00723953
v 0.03019961 -0.02534048 -0.00723953
v 0.02787612 -0.02787612 -0.00723953
v 0.02534048 -0.03019961 -0.00723953
v 0.02261198 -0.03229326 -0.00723953
v 0.01971139 -0.03414113 -0.00723953
v 0.01666079 -0.03572918 -0.00723953
v 0.01348339 -0.03704530 -0.00723953
v 0.01020337 -0.03807949 -0.00723953
v 0.00684570 -0.03882387 -0.00723953
v 0.00343592 -0.03927277 -0.00723953
v 0.00000000 -0.03942279 -0.00723953
v -0.00343592 -0.03927277 -0.00723953
v -0.00684570 -0.03882387 -0.00723953
v -0.01020337 -0.03807949 -0.00723953
v -0.01348339 -0.03704530 -0.00723953
v -0.01666079 -0.03572918 -0.00723953
v -0.01971139 -0.03414113 -0.00723953
v -0.02261198 -0.03229326 -0.00723953
v -0.02534048 -0.03019961 -0.00723953
v -0.02787612 -0.02787612 -0.00723953
v -0.03019961 -0.02534048 -0.00723953
v -0.03229326 -0.02261198 -0.00723953
v -0.03414113 -0.01971139 -0.00723953
v -0.03572918 -0.01666079 -0.00723953
v -0.03704530 -0.01348339 -0.00723953
v -0.03807949 -0.01020337 -0.00723953
v -0.03882387 -0.00684570 -0.00723953
v -0.03927277 -0.00343592 -0.00723953
v -0.03942279 -0.00000000 -0.00723953
v -0.03927277 0.00343592 -0.00723953
v -0.03882387 0.00684570 -0.00723953
v -0.03807949 0.01020337 -0.00723953
v -0.03704530 0.01348339 -0.00723953
v -0.03572918 0.01666079 -0.00723953
v -0.03414113 0.01971139 -0.00723953
v -0.03229326 0.02261198 -0.00723953
v -0.03019961 0.02534048 -0.00723953
v -0.02787612 0.02787612 -0.00723953
v -0.02534048 0.03019961 -0.00723953
v -0.02261198 0.03229326 -0.00723953
v -0.01971139 0.03414113 -0.00723953
v -0.01666079 0.03572918 -0.00723953
v -0.01348339 0.03704530 -0.00723953
v -0.01020337 0.03807949 -0.00723953
v -0.00684570 0.03882387 -0.00723953
v -0.00343592 0.03927277 -0.00723953
v 0.00000000 0.03942279 -0.00723953
v 0.00343592 0.03927277 -0.00723953
v 0.00684570 0.03882387 -0.00723953
v 0.01020337 0.03807949 -0.00723953
v 0.01348339 0.03704530 -0.00723953
v 0.01666079 0.03572918 -0.00723953
v 0.01971139 0.03414113 -0.00723953
v 0.02261198 0.03229326 -0.00723953
v 0.02534048 0.03019961 -0.00723953
v 0.02787612 0.02787612 -0.00723953
v 0.03019961 0.02534048 -0.00723953
v 0.03229326 0.02261198 -0.00723953
v 0.03414113 0.01971139 -0.00723953
v 0.03572918 0.01666079 -0.00723953
v 0.03704530 0.01348339 -0.00723953
v 0.03807949 0.01020337 -0.00723953
v 0.03882387 0.00684570 -0.00723953
v 0.03927277 0.00343592 -0.00723953
v 0.03942279 0.00000000 -0.00723953
v 0.03930099 -0.00343839 -0.00711177
v 0.03885176 -0.00685061 -0.00711177
v 0.03810685 -0.01021070 -0.00711177
v 0.03707192 -0.01349308 -0.00711177
v 0.03575485 -0.01667276 -0.00711177
v 0.03416567 -0.01972556 -0.00711177
v 0.03231646 -0.02262823 -0.00711177
v 0.03022130 -0.02535869 -0.00711177
v 0.02789615 -0.02789615 -0.00711177
v 0.02535869 -0.03022130 -0.00711177
v 0.02262823 -0.03231646 -0.00711177
v 0.01972556 -0.03416567 -0.00711177
v 0.01667276 -0.03575485 -0.00711177
v 0.01349308 -0.03707192 -0.00711177
v 0.01021070 -0.03810685 -0.00711177
v 0.00685061 -0.03885176 -0.00711177
v 0.00343839 -0.03930099 -0.00711177
v 0.00000000 -0.03945111 -0.00711177
v -0.00343839 -0.03930099 -0.00711177
v -0.00685061 -0.03885176 -0.00711177
v -0.01021070 -0.03810685 -0.00711177
v -0.01349308 -0.03707192 -0.00711177
v -0.01667276 -0.03575485 -0.00711177
v -0.01972556 -0.03416567 -0.00711177
v -0.02262823 -0.03231646 -0.00711177
v -0.02535869 -0.03022130 -0.00711177
v -0.02789615 -0.02789615 -0.00711177
v -0.03022130 -0.02535869 -0.00711177
v -0.03231646 -0.02262823 -0.00711177
v -0.03416567 -0.01972556 -0.00711177
v -0.03575485 -0.01667276 -0.00711177
v -0.03707192 -0.01349308 -0.00711177
v -0.03810685 -0.01021070 -0.00711177
v -0.03885176 -0.00685061 -0.00711177
v -0.03930099 -0.00343839 -0.00711177
v -0.03945111 -0.00000000 -0.00711177
v -0.03930099 0.00343839 -0.00711177
v -0.03885176 0.00685061 -0.00711177
v -0.03810685 0.01021070 -0.00711177
v -0.03707192 0.01349308 -0.00711177
v -0.03575485 0.01667276 -0.00711177
v -0.03416567 0.01972556 -0.00711177
v -0.03231646 0.02262823 -0.00711177
v -0.03022130 0.02535869 -0.00711177
v -0.02789615 0.02789615 -0.00711177
v -0.02535869 0.03022130 -0.00711177
v -0.02262823 0.03231646 -0.00711177
v -0.01972556 0.03416567 -0.00711177
v -0.01667276 0.03575485 -0.00711177
v -0.01349308 0.03707192 -0.00711177
v -0.01021070 0.03810685 -0.00711177
v -0.00685061 0.03885176 -0.00711177
v -0.00343839 0.03930099 -0.00711177
v 0.00000000 0.03945111 -0.00711177
v 0.00343839 0.03930099 -0.00711177
v 0.00685061 0.03885176 -0.00711177
v 0.01021070 0.03810685 -0.00711177
v 0.01349308 0.03707192 -0.00711177
v 0.01667276 0.03575485 -0.00711177
v 0.01972556 0.03416567 -0.00711177
v 0.02262823 0.03231646 -0.00711177
v 0.02535869 0.03022130 -0.00711177
v 0.02789615 0.02789615 -0.00711177
v 0.03022130 0.02535869 -0.00711177
v 0.03231646 0.02262823 -0.00711177
v 0.03416567 0.01972556 -0.00711177
v 0.03575485 0.01667276 -0.00711177
v 0.03707192 0.01349308 -0.00711177
v 0.03810685 0.01021070 -0.00711177
v 0.03885176 0.00685061 -0.00711177
v 0.03930099 0.00343839 -0.00711177
v 0.03945111 0.00000000 -0.00711177
v 0.03934019 -0.00344182 -0.00698697
v 0.03889051 -0.00685745 -0.00698697
v 0.03814486 -0.01022088 -0.00698697
v 0.03710889 -0.01350653 -0.00698697
v 0.03579051 -0.01668939 -0.00698697
v 0.03419974 -0.01974523 -0.00698697
v 0.03234869 -0.02265080 -0.00698697
v 0.03025145 -0.02538398 -0.00698697
v 0.02792397 -0.02792397 -0.00698697
v 0.02538398 -0.03025145 -0.00698697
v 0.02265080 -0.03234869 -0.00698697
v 0.01974523 -0.03419974 -0.00698697
v 0.01668939 -0.03579051 -0.00698697
v 0.01350653 -0.03710889 -0.00698697
v 0.01022088 -0.03814486 -0.00698697
v 0.00685745 -0.03889051 -0.00698697
v 0.00344182 -0.03934019 -0.00698697
v 0.00000000 -0.03949046 -0.00698697
v -0.00344182 -0.03934019 -0.00698697
v -0.00685745 -0.03889051 -0.00698697
v -0.01022088 -0.03814486 -0.00698697
v -0.01350653 -0.03710889 -0.00698697
v -0.01668939 -0.03579051 -0.00698697
v -0.01974523 -0.03419974 -0.00698697
v -0.02265080 -0.03234869 -0.00698697
v -0.02538398 -0.03025145 -0.00698697
v -0.02792397 -0.02792397 -0.00698697
v -0.03025145 -0.02538398 -0.00698697
v -0.03234869 -0.02265080 -0.00698697
v -0.03419974 -0.01974523 -0.00698697
v -0.03579051 -0.01668939 -0.00698697
v -0.03710889 -0.01350653 -0.00698697
v -0.03814486 -0.01022088 -0.00698697
v -0.03889051 -0.00685745 -0.00698697
v -0.03934019 -0.00344182 -0.00698697
v -0.03949046 -0.00000000 -0.00698697
v -0.03934019 0.00344182 -0.00698697
v -0.03889051 0.00685745 -0.00698697
v -0.03814486 0.01022088 -0.00698697
v -0.03710889 0.01350653 -0.00698697
v -0.03579051 0.01668939 -0.00698697
v -0.03419974 0.01974523 -0.00698697
v -0.03234869 0.02265080 -0.00698697
v -0.03025145 0.02538398 -0.00698697
v -0.02792397 0.02792397 -0.00698697
v -0.02538398 0.03025145 -0.00698697
v -0.02265080 0.03234869 -0.00698697
v -0.01974523 0.03419974 -0.00698697
v -0.01668939 0.03579051 -0.00698697
v -0.01350653 0.03710889 -0.00698697
v -0.01022088 0.03814486 -0.00698697
v -0.00685745 0.03889051 -0.00698697
v -0.00344182 0.03934019 -0.00698697
v 0.00000000 0.03949046 -0.00698697
v 0.00344182 0.03934019 -0.00698697
v 0.00685745 0.03889051 -0.00698697
v 0.01022088 0.03814486 -0.00698697
v 0.01350653 0.03710889 -0.00698697
v 0.01668939 0.03579051 -0.00698697
v 0.01974523 0.03419974 -0.00698697
v 0.02265080 0.03234869 -0.00698697
v 0.02538398 0.03025145 -0.00698697
v 0.02792397 0.02792397 -0.00698697
v 0.03025145 0.02538398 -0.00698697
v 0.03234869 0.02265080 -0.00698697
v 0.03419974 0.01974523 -0.00698697
v 0.03579051 0.01668939 -0.00698697
v 0.03710889 0.01350653 -0.00698697
v 0.03814486 0.01022088 -0.00698697
v 0.03889051 0.00685745 -0.00698697
v 0.03934019 0.00344182 -0.00698697
v 0.03949046 0.00000000 -0.00698697
v 0.03939008 -0.00344619 -0.00686607
v 0.03893983 -0.00686614 -0.00686607
v 0.03819323 -0.01023384 -0.00686607
v 0.03715595 -0.01352366 -0.00686607
v 0.03583590 -0.01671055 -0.00686607
v 0.03424311 -0.01977027 -0.00686607
v 0.03238971 -0.02267952 -0.00686607
v 0.03028981 -0.02541617 -0.00686607
v 0.02795938 -0.02795938 -0.00686607
v 0.02541617 -0.03028981 -0.00686607
v 0.02267952 -0.03238971 -0.00686607
v 0.01977027 -0.03424311 -0.00686607
v 0.01671055 -0.03583590 -0.00686607
v 0.01352366 -0.03715595 -0.00686607
v 0.01023384 -0.03819323 -0.00686607
v 0.00686614 -0.03893983 -0.00686607
v 0.00344619 -0.03939008 -0.00686607
v 0.00000000 -0.03954054 -0.00686607
v -0.00344619 -0.03939008 -0.00686607
v -0.00686614 -0.03893983 -0.00686607
v -0.01023384 -0.03819323 -0.00686607
v -0.01352366 -0.03715595 -0.00686607
v -0.01671055 -0.03583590 -0.00686607
v -0.01977027 -0.03424311 -0.00686607
v -0.02267952 -0.03238971 -0.00686607
v -0.02541617 -0.03028981 -0.00686607
v -0.02795938 -0.02795938 -0.00686607
v -0.03028981 -0.02541617 -0.00686607
v -0.03238971 -0.02267952 -0.00686607
v -0.03424311 -0.01977027 -0.00686607
v -0.03583590 -0.01671055 -0.00686607
v -0.03715595 -0.01352366 -0.00686607
v -0.03819323 -0.01023384 -0.00686607
v -0.03893983 -0.00686614 -0.00686607
v -0.03939008 -0.00344619 -0.00686607
v -0.03954054 -0.00000000 -0.00686607
v -0.03939008 0.00344619 -0.00686607
v -0.03893983 0.00686614 -0.00686607
v -0.03819323 0.01023384 -0.00686607
v -0.03715595 0.01352366 -0.00686607
v -0.03583590 0.01671055 -0.00686607
v -0.03424311 0.01977027 -0.00686607
v -0.03238971 0.02267952 -0.00686607
v -0.03028981 0.02541617 -0.00686607
v -0.02795938 0.02795938 -0.00686607
v -0.02541617 0.03028981 -0.00686607
v -0.02267952 0.03238971 -0.00686607
v -0.01977027 0.03424311 -0.00686607
v -0.01671055 0.03583590 -0.00686607
v -0.01352366 0.03715595 -0.00686607
v -0.01023384 0.03819323 -0.00686607
v -0.00686614 0.03893983 -0.00686607
v -0.00344619 0.03939008 -0.00686607
v 0.00000000 0.03954054 -0.00686607
v 0.00344619 0.03939008 -0.00686607
v 0.00686614 0.03893983 -0.00686607
v 0.01023384 0.03819323 -0.00686607
v 0.01352366 0.03715595 -0.00686607
v 0.01671055 0.03583590 -0.00686607
v 0.01977027 0.03424311 -0.00686607
v 0.02267952 0.03238971 -0.00686607
v 0.02541617 0.03028981 -0.00686607
v 0.02795938 0.02795938 -0.00686607
v 0.03028981 0.02541617 -0.00686607
v 0.03238971 0.02267952 -0.00686607
v 0.03424311 0.01977027 -0.00686607
v 0.03583590 0.01671055 -0.00686607
v 0.03715595 0.01352366 -0.00686607
v 0.03819323 0.01023384 -0.00686607
v 0.03893983 0.00686614 -0.00686607
v 0.03939008 0.00344619 -0.00686607
v 0.03954054 0.00000000 -0.00686607
v 0.03945027 -0.00345145 -0.00675000
v 0.03899933 -0.00687663 -0.00675000
v 0.03825159 -0.01024948 -0.00675000
v 0.03721273 -0.01354433 -0.00675000
v 0.03589066 -0.01673609 -0.00675000
v 0.03429544 -0.01980048 -0.00675000
v 0.03243921 -0.02271418 -0.00675000
v 0.03033610 -0.02545501 -0.00675000
v 0.02800211 -0.02800211 -0.00675000
v 0.02545501 -0.03033610 -0.00675000
v 0.02271418 -0.03243921 -0.00675000
v 0.01980048 -0.03429544 -0.00675000
v 0.01673609 -0.03589066 -0.00675000
v 0.01354433 -0.03721273 -0.00675000
v 0.01024948 -0.03825159 -0.00675000
v 0.00687663 -0.03899933 -0.00675000
v 0.00345145 -0.03945027 -0.00675000
v 0.00000000 -0.03960096 -0.00675000
v -0.00345145 -0.03945027 -0.00675000
v -0.00687663 -0.03899933 -0.00675000
v -0.01024948 -0.03825159 -0.00675000
v -0.01354433 -0.03721273 -0.00675000
v -0.01673609 -0.03589066 -0.00675000
v -0.01980048 -0.03429544 -0.00675000
v -0.02271418 -0.03243921 -0.00675000
v -0.02545501 -0.03033610 -0.00675000
v -0.02800211 -0.02800211 -0.00675000
v -0.03033610 -0.02545501 -0.00675000
v -0.03243921 -0.02271418 -0.00675000
v -0.03429544 -0.01980048 -0.00675000
v -0.03589066 -0.01673609 -0.00675000
v -0.03721273 -0.01354433 -0.00675000
v -0.03825159 -0.01024948 -0.00675000
v -0.03899933 -0.00687663 -0.00675000
v -0.03945027 -0.00345145 -0.00675000
v -0.03960096 -0.00000000 -0.00675000
v -0.03945027 0.00345145 -0.00675000
v -0.03899933 0.00687663 -0.00675000
v -0.03825159 0.01024948 -0.00675000
v -0.03721273 0.01354433 -0.00675000
v -0.03589066 0.01673609 -0.00675000
v -0.03429544 0.01980048 -0.00675000
v -0.03243921 0.02271418 -0.00675000
v -0.03033610 0.02545501 -0.00675000
v -0.02800211 0.02800211 -0.00675000
v -0.02545501 0.03033610 -0.00675000
v -0.02271418 0.03243921 -0.00675000
v -0.01980048 0.03429544 -0.00675000
v -0.01673609 0.03589066 -0.00675000
v -0.01354433 0.03721273 -0.00675000
v -0.01024948 0.03825159 -0.00675000
v -0.00687663 0.03899933 -0.00675000
v -0.00345145 0.03945027 -0.00675000
v 0.00000000 0.03960096 -0.00675000
v 0.00345145 0.03945027 -0.00675000
v 0.00687663 0.03899933 -0.00675000
v 0.01024948 0.03825159 -0.00675000
v 0.01354433 0.03721273 -0.00675000
v 0.01673609 0.03589066 -0.00675000
v 0.01980048 0.03429544 -0.00675000
v 0.02271418 0.03243921 -0.00675000
v 0.02545501 0.03033610 -0.00675000
v 0.02800211 0.02800211 -0.00675000
v 0.03033610 0.02545501 -0.00675000
v 0.03243921 0.02271418 -0.00675000
v 0.03429544 0.01980048 -0.00675000
v 0.03589066 0.01673609 -0.00675000
v 0.03721273 0.01354433 -0.00675000
v 0.03825159 0.01024948 -0.00675000
v 0.03899933 0.00687663 -0.00675000
v 0.03945027 0.00345145 -0.00675000
v 0.03960096 0.00000000 -0.00675000
v 0.03952031 -0.00345758 -0.00663964
v 0.03906858 -0.00688884 -0.00663964
v 0.03831951 -0.01026768 -0.00663964
v 0.03727880 -0.01356837 -0.00663964
v 0.03595438 -0.01676580 -0.00663964
v 0.03435633 -0.01983564 -0.00663964
v 0.03249680 -0.02275451 -0.00663964
v 0.03038996 -0.02550020 -0.00663964
v 0.02805183 -0.02805183 -0.00663964
v 0.02550020 -0.03038996 -0.00663964
v 0.02275451 -0.03249680 -0.00663964
v 0.01983564 -0.03435633 -0.00663964
v 0.01676580 -0.03595438 -0.00663964
v 0.01356837 -0.03727880 -0.00663964
v 0.01026768 -0.03831951 -0.00663964
v 0.00688884 -0.03906858 -0.00663964
v 0.00345758 -0.03952031 -0.00663964
v 0.00000000 -0.03967127 -0.00663964
v -0.00345758 -0.03952031 -0.00663964
v -0.00688884 -0.03906858 -0.00663964
v -0.01026768 -0.03831951 -0.00663964
v -0.01356837 -0.03727880 -0.00663964
v -0.01676580 -0.03595438 -0.00663964
v -0.01983564 -0.03435633 -0.00663964
v -0.02275451 -0.03249680 -0.00663964
v -0.02550020 -0.03038996 -0.00663964
v -0.02805183 -0.02805183 -0.00663964
v -0.03038996 -0.02550020 -0.00663964
v -0.03249680 -0.02275451 -0.00663964
v -0.03435633 -0.01983564 -0.00663964
v -0.03595438 -0.01676580 -0.00663964
v -0.03727880 -0.01356837 -0.00663964
v -0.03831951 -0.01026768 -0.00663964
v -0.03906858 -0.00688884 -0.00663964
v -0.03952031 -0.00345758 -0.00663964
v -0.03967127 -0.00000000 -0.00663964
v -0.03952031 0.00345758 -0.00663964
v -0.03906858 0.00688884 -0.00663964
v -0.03831951 0.01026768 -0.00663964
v -0.03727880 0.01356837 -0.00663964
v -0.03595438 0.01676580 -0.00663964
v -0.03435633 0.01983564 -0.00663964
v -0.03249680 0.02275451 -0.00663964
v -0.03038996 0.02550020 -0.00663964
v -0.02805183 0.02805183 -0.00663964
v -0.02550020 0.03038996 -0.00663964
v -0.02275451 0.03249680 -0.00663964
v -0.01983564 0.03435633 -0.00663964
v -0.01676580 0.03595438 -0.00663964
v -0.01356837 0.03727880 -0.00663964
v -0.01026768 0.03831951 -0.00663964
v -0.00688884 0.03906858 -0.00663964
v -0.00345758 0.03952031 -0.00663964
v 0.00000000 0.03967127 -0.00663964
v 0.00345758 0.03952031 -0.00663964
v 0.00688884 0.03906858 -0.00663964
v 0.01026768 0.03831951 -0.00663964
v 0.01356837 0.03727880 -0.00663964
v 0.01676580 0.03595438 -0.00663964
v 0.01983564 0.03435633 -0.00663964
v 0.02275451 0.03249680 -0.00663964
v 0.02550020 0.03038996 -0.00663964
v 0.02805183 0.02805183 -0.00663964
v 0.03038996 0.02550020 -0.00663964
v 0.03249680 0.02275451 -0.00663964
v 0.03435633 0.01983564 -0.00663964
v 0.03595438 0.01676580 -0.00663964
v 0.03727880 0.01356837 -0.00663964
v 0.03831951 0.01026768 -0.00663964
v 0.03906858 0.00688884 -0.00663964
v 0.03952031 0.00345758 -0.00663964
v 0.03967127 0.00000000 -0.00663964
v 0.03959967 -0.00346452 -0.00653582
v 0.03914703 -0.00690268 -0.00653582
v 0.03839645 -0.01028830 -0.00653582
v 0.03735366 -0.01359562 -0.00653582
v 0.03602658 -0.01679947 -0.00653582
v 0.03442532 -0.01987547 -0.00653582
v 0.03256206 -0.02280020 -0.00653582
v 0.03045098 -0.02555141 -0.00653582
v 0.02810816 -0.02810816 -0.00653582
v 0.02555141 -0.03045098 -0.00653582
v 0.02280020 -0.03256206 -0.00653582
v 0.01987547 -0.03442532 -0.00653582
v 0.01679947 -0.03602658 -0.00653582
v 0.01359562 -0.03735366 -0.00653582
v 0.01028830 -0.03839645 -0.00653582
v 0.00690268 -0.03914703 -0.00653582
v 0.00346452 -0.03959967 -0.00653582
v 0.00000000 -0.03975093 -0.00653582
v -0.00346452 -0.03959967 -0.00653582
v -0.00690268 -0.03914703 -0.00653582
v -0.01028830 -0.03839645 -0.00653582
v -0.01359562 -0.03735366 -0.00653582
v -0.01679947 -0.03602658 -0.00653582
v -0.01987547 -0.03442532 -0.00653582
v -0.02280020 -0.03256206 -0.00653582
v -0.02555141 -0.03045098 -0.00653582
v -0.02810816 -0.02810816 -0.00653582
v -0.03045098 -0.02555141 -0.00653582
v -0.03256206 -0.02280020 -0.00653582
v -0.03442532 -0.01987547 -0.00653582
v -0.03602658 -0.01679947 -0.00653582
v -0.03735366 -0.01359562 -0.00653582
v -0.03839645 -0.01028830 -0.00653582
v -0.03914703 -0.00690268 -0.00653582
v -0.03959967 -0.00346452 -0.00653582
v -0.03975093 -0.00000000 -0.00653582
v -0.03959967 0.00346452 -0.00653582
v -0.03914703 0.00690268 -0.00653582
v -0.03839645 0.01028830 -0.00653582
v -0.03735366 0.01359562 -0.00653582
v -0.03602658 0.01679947 -0.00653582
v -0.03442532 0.01987547 -0.00653582
v -0.03256206 0.02280020 -0.00653582
v -0.03045098 0.02555141 -0.00653582
v -0.02810816 0.02810816 -0.00653582
v -0.02555141 0.03045098 -0.00653582
v -0.02280020 0.03256206 -0.00653582
v -0.01987547 0.03442532 -0.00653582
v -0.01679947 0.03602658 -0.00653582
v -0.01359562 0.03735366 -0.00653582
v -0.01028830 0.03839645 -0.00653582
v -0.00690268 0.03914703 -0.00653582
v -0.00346452 0.03959967 -0.00653582
v 0.00000000 0.03975093 -0.00653582
v 0.00346452 0.03959967 -0.00653582
v 0.00690268 0.03914703 -0.00653582
v 0.01028830 0.03839645 -0.00653582
v 0.01359562 0.03735366 -0.00653582
v 0.01679947 0.03602658 -0.00653582
v 0.01987547 0.03442532 -0.00653582
v 0.02280020 0.03256206 -0.00653582
v 0.02555141 0.03045098 -0.00653582
v 0.02810816 0.02810816 -0.00653582
v 0.03045098 0.02555141 -0.00653582
v 0.03256206 0.02280020 -0.00653582
v 0.03442532 0.01987547 -0.00653582
v 0.03602658 0.01679947 -0.00653582
v 0.03735366 0.01359562 -0.00653582
v 0.03839645 0.01028830 -0.00653582
v 0.03914703 0.00690268 -0.00653582
v 0.03959967 0.00346452 -0.00653582
v 0.03975093 0.00000000 -0.00653582
v 0.00375000 -0.00000000 0.00640000
v 0.00373573 0.00032683 0.00640000
v 0.00369303 0.00065118 0.00640000
v 0.00362222 0.00097057 0.00640000
v 0.00352385 0.00128258 0.00640000
v 0.00339865 0.00158482 0.00640000
v 0.00324760 0.00187500 0.00640000
v 0.00307182 0.00215091 0.00640000
v 0.00287267 0.00241045 0.00640000
v 0.00265165 0.00265165 0.00640000
v 0.00241045 0.00287267 0.00640000
v 0.00215091 0.00307182 0.00640000
v 0.00187500 0.00324760 0.00640000
v 0.00158482 0.00339865 0.00640000
v 0.00128258 0.00352385 0.00640000
v 0.00097057 0.00362222 0.00640000
v 0.00065118 0.00369303 0.00640000
v 0.00032683 0.00373573 0.00640000
v 0.00000000 0.00375000 0.00640000
v -0.00032683 0.00373573 0.00640000
v -0.00065118 0.00369303 0.00640000
v -0.00097057 0.00362222 0.00640000
v -0.00128258 0.00352385 0.00640000
v -0.00158482 0.00339865 0.00640000
v -0.00187500 0.00324760 0.00640000
v -0.00215091 0.00307182 0.00640000
v -0.00241045 0.00287267 0.00640000
v -0.00265165 0.00265165 0.00640000
v -0.00287267 0.00241045 0.00640000
v -0.00307182 0.00215091 0.00640000
v -0.00324760 0.00187500 0.00640000
v -0.00339865 0.00158482 0.00640000
v -0.00352385 0.00128258 0.00640000
v -0.00362222 0.00097057 0.00640000
v -0.00369303 0.00065118 0.00640000
v -0.00373573 0.00032683 0.00640000
v -0.00375000 0.00000000 0.00640000
v -0.00373573 -0.00032683 0.00640000
v -0.00369303 -0.00065118 0.00640000
v -0.00362222 -0.00097057 0.00640000
v -0.00352385 -0.00128258 0.00640000
v -0.00339865 -0.00158482 0.00640000
v -0.00324760 -0.00187500 0.00640000
v -0.00307182 -0.00215091 0.00640000
v -0.00287267 -0.00241045 0.00640000
v -0.00265165 -0.00265165 0.00640000
v -0.00241045 -0.00287267 0.00640000
v -0.00215091 -0.00307182 0.00640000
v -0.00187500 -0.00324760 0.00640000
v -0.00158482 -0.00339865 0.00640000
v -0.00128258 -0.00352385 0.00640000
v -0.00097057 -0.00362222 0.00640000
v -0.00065118 -0.00369303 0.00640000
v -0.00032683 -0.00373573 0.00640000
v -0.00000000 -0.00375000 0.00640000
v 0.00032683 -0.00373573 0.00640000
v 0.00065118 -0.00369303 0.00640000
v 0.00097057 -0.00362222 0.00640000
v 0.00128258 -0.00352385 0.00640000
v 0.00158482 -0.00339865 0.00640000
v 0.00187500 -0.00324760 0.00640000
v 0.00215091 -0.00307182 0.00640000
v 0.00241045 -0.00287267 0.00640000
v 0.00265165 -0.00265165 0.00640000
v 0.00287267 -0.00241045 0.00640000
v 0.00307182 -0.00215091 0.00640000
v 0.00324760 -0.00187500 0.00640000
v 0.00339865 -0.00158482 0.00640000
v 0.00352385 -0.00128258 0.00640000
v 0.00362222 -0.00097057 0.00640000
v 0.00369303 -0.00065118 0.00640000
v 0.00373573 -0.00032683 0.00640000
v 0.00831384 0.00480000 0.00640000
v 0.00786386 0.00550633 0.00640000
v 0.00735403 0.00617076 0.00640000
v 0.00678822 0.00678822 0.00640000
v 0.00617076 0.00735403 0.00640000
v 0.00550633 0.00786386 0.00640000
v 0.00480000 0.00831384 0.00640000
v 0.00405714 0.00870056 0.00640000
v 0.00328339 0.00902105 0.00640000
v 0.00248466 0.00927289 0.00640000
v 0.00166702 0.00945415 0.00640000
v 0.00083670 0.00956347 0.00640000
v 0.00000000 0.00960000 0.00640000
v -0.00083670 0.00956347 0.00640000
v -0.00166702 0.00945415 0.00640000
v -0.00248466 0.00927289 0.00640000
v -0.00328339 0.00902105 0.00640000
v -0.00405714 0.00870056 0.00640000
v -0.00480000 0.00831384 0.00640000
v -0.00550633 0.00786386 0.00640000
v -0.00617076 0.00735403 0.00640000
v -0.00678822 0.00678822 0.00640000
v -0.00735403 0.00617076 0.00640000
v -0.00786386 0.00550633 0.00640000
v -0.00831384 0.00480000 0.00640000
v -0.00870056 0.00405714 0.00640000
v -0.00902105 0.00328339 0.00640000
v -0.00927289 0.00248466 0.00640000
v -0.00945415 0.00166702 0.00640000
v -0.00956347 0.00083670 0.00640000
v -0.00960000 -0.00000000 0.00640000
v -0.00956347 -0.00083670 0.00640000
v -0.00945415 -0.00166702 0.00640000
v -0.00927289 -0.00248466 0.00640000
v -0.00902105 -0.00328339 0.00640000
v -0.00870056 -0.00405714 0.00640000
v -0.00831384 -0.00480000 0.00640000
v -0.00786386 -0.00550633 0.00640000
v -0.00735403 -0.00617076 0.00640000
v -0.00678822 -0.00678822 0.00640000
v -0.00617076 -0.00735403 0.00640000
v -0.00550633 -0.00786386 0.00640000
v -0.00480000 -0.00831384 0.00640000
v -0.00405714 -0.00870056 0.00640000
v -0.00328339 -0.00902105 0.00640000
v -0.00248466 -0.00927289 0.00640000
v -0.00166702 -0.00945415 0.00640000
v -0.00083670 -0.00956347 0.00640000
v 0.00000000 -0.00960000 0.00640000
v 0.00083670 -0.00956347 0.00640000
v 0.00166702 -0.00945415 0.00640000
v 0.00248466 -0.00927289 0.00640000
v 0.00328339 -0.00902105 0.00640000
v 0.00405714 -0.00870056 0.00640000
v 0.00480000 -0.00831384 0.00640000
v 0.00550633 -0.00786386 0.00640000
v 0.00617076 -0.00735403 0.00640000
v 0.00678822 -0.00678822 0.00640000
v 0.00735403 -0.00617076 0.00640000
v 0.00786386 -0.00550633 0.00640000
v 0.00831384 -0.00480000 0.00640000
v 0.00870056 -0.00405714 0.00640000
v 0.00902105 -0.00328339 0.00640000
v 0.00927289 -0.00248466 0.00640000
v 0.00945415 -0.00166702 0.00640000
v 0.00956347 -0.00083670 0.00640000
v 0.00960000 0.00000000 0.00640000
v 0.00956347 0.00083670 0.00640000
v 0.00945415 0.00166702 0.00640000
v 0.00927289 0.00248466 0.00640000
v 0.00902105 0.00328339 0.00640000
v 0.00870056 0.00405714 0.00640000
f 1 2 3
f 2 4 3
f 3 4 5
f 4 6 5
f 5 6 7
f 6 8 7
f 7 8 9
f 8 10 9
f 9 10 11
f 10 12 11
f 11 12 13
f 12 14 13
f 13 14 15
f 14 16 15
f 15 16 17
f 16 18 17
f 17 18 19
f 18 20 19
f 19 20 21
f 20 22 21
f 21 22 23
f 22 24 23
f 23 24 25
f 24 26 25
f 25 26 27
f 26 28 27
f 27 28 29
f 28 30 29
f 29 30 31
f 30 32 31
f 31 32 33
f 32 34 33
f 33 34 35
f 34 36 35
f 35 36 37
f 36 38 37
f 37 38 39
f 38 40 39
f 39 40 41
f 40 42 41
f 41 42 43
f 42 44 43
f 43 44 45
f 44 46 45
f 45 46 47
f 46 48 47
f 47 48 49
f 48 50 49
f 49 50 51
f 50 52 51
f 51 52 53
f 52 54 53
f 53 54 55
f 54 56 55
f 55 56 57
f 56 58 57
f 57 58 59
f 58 60 59
f 59 60 61
f 60 62 61
f 61 62 63
f 62 64 63
f 63 64 65
f 64 66 65
f 65 66 67
f 66 68 67
f 67 68 69
f 68 70 69
f 69 70 71
f 70 72 71
f 71 72 73
f 72 74 73
f 73 74 75
f 74 76 75
f 75 76 77
f 76 78 77
f 77 78 79
f 78 80 79
f 79 80 81
f 80 82 81
f 81 82 83
f 82 84 83
f 83 84 85
f 84 86 85
f 85 86 87
f 86 88 87
f 87 88 89
f 88 90 89
f 89 90 91
f 90 92 91
f 91 92 93
f 92 94 93
f 93 94 95
f 94 96 95
f 95 96 97
f 96 98 97
f 97 98 99
f 98 100 99
f 99 100 101
f 100 102 101
f 101 102 103
f 102 104 103
f 103 104 105
f 104 106 105
f 105 106 107
f 106 108 107
f 107 108 109
f 108 110 109
f 109 110 111
f 110 112 111
f 111 112 113
f 112 114 113
f 113 114 115
f 114 116 115
f 115 116 117
f 116 118 117
f 117 118 119
f 118 120 119
f 119 120 121
f 120 122 121
f 121 122 123
f 122 124 123
f 123 124 125
f 124 126 125
f 125 126 127
f 126 128 127
f 127 128 129
f 128 130 129
f 129 130 131
f 130 132 131
f 131 132 133
f 132 134 133
f 133 134 135
f 134 136 135
f 135 136 137
f 136 138 137
f 137 138 139
f 138 140 139
f 139 140 141
f 140 142 141
f 141 142 143
f 142 144 143
f 143 144 1
f 144 2 1
f 145 41 146
f 41 43 146
f 146 43 147
f 43 45 147
f 147 45 148
f 45 47 148
f 148 47 149
f 47 49 149
f 149 49 150
f 49 51 150
f 150 51 151
f 51 53 151
f 151 53 152
f 53 55 152
f 152 55 153
f 55 57 153
f 153 57 154
f 57 59 154
f 154 59 155
f 59 61 155
f 155 61 156
f 61 63 156
f 156 63 157
f 63 65 157
f 157 65 158
f 65 67 158
f 158 67 159
f 67 69 159
f 159 69 160
f 69 71 160
f 160 71 161
f 71 73 161
f 161 73 162
f 73 75 162
f 162 75 163
f 75 77 163
f 163 77 164
f 77 79 164
f 164 79 165
f 79 81 165
f 165 81 166
f 81 83 166
f 166 83 167
f 83 85 167
f 167 85 168
f 85 87 168
f 168 87 169
f 87 89 169
f 169 89 170
f 89 91 170
f 170 91 171
f 91 93 171
f 171 93 172
f 93 95 172
f 172 95 173
f 95 97 173
f 173 97 174
f 97 99 174
f 174 99 175
f 99 101 175
f 175 101 176
f 101 103 176
f 176 103 177
f 103 105 177
f 177 105 178
f 105 107 178
f 178 107 179
f 107 109 179
f 179 109 180
f 109 111 180
f 180 111 181
f 111 113 181
f 181 113 182
f 113 115 182
f 182 115 183
f 115 117 183
f 183 117 184
f 117 119 184
f 184 119 185
f 119 121 185
f 185 121 186
f 121 123 186
f 186 123 187
f 123 125 187
f 187 125 188
f 125 127 188
f 188 127 189
f 127 129 189
f 189 129 190
f 129 131 190
f 190 131 191
f 131 133 191
f 191 133 192
f 133 135 192
f 192 135 193
f 135 137 193
f 193 137 194
f 137 139 194
f 194 139 195
f 139 141 195
f 195 141 196
f 141 143 196
f 196 143 197
f 143 1 197
f 197 1 198
f 1 3 198
f 198 3 199
f 3 5 199
f 199 5 200
f 5 7 200
f 200 7 201
f 7 9 201
f 201 9 202
f 9 11 202
f 202 11 203
f 11 13 203
f 203 13 204
f 13 15 204
f 204 15 205
f 15 17 205
f 205 17 206
f 17 19 206
f 206 19 207
f 19 21 207
f 207 21 208
f 21 23 208
f 208 23 209
f 23 25 209
f 209 25 210
f 25 27 210
f 210 27 211
f 27 29 211
f 211 29 212
f 29 31 212
f 212 31 213
f 31 33 213
f 213 33 214
f 33 35 214
f 214 35 215
f 35 37 215
f 215 37 216
f 37 39 216
f 216 39 145
f 39 41 145
f 217 218 219
f 218 220 219
f 219 220 221
f 220 222 221
f 221 222 223
f 222 224 223
f 223 224 225
f 224 226 225
f 225 226 227
f 226 228 227
f 227 228 229
f 228 230 229
f 229 230 231
f 230 232 231
f 231 232 233
f 232 234 233
f 233 234 235
f 234 236 235
f 235 236 237
f 236 238 237
f 237 238 239
f 238 240 239
f 239 240 241
f 240 242 241
f 241 242 243
f 242 244 243
f 243 244 245
f 244 246 245
f 245 246 247
f 246 248 247
f 247 248 249
f 248 250 249
f 249 250 251
f 250 252 251
f 251 252 253
f 252 254 253
f 253 254 255
f 254 256 255
f 255 256 257
f 256 258 257
f 257 258 259
f 258 260 259
f 259 260 261
f 260 262 261
f 261 262 263
f 262 264 263
f 263 264 265
f 264 266 265
f 265 266 267
f 266 268 267
f 267 268 269
f 268 270 269
f 269 270 271
f 270 272 271
f 271 272 273
f 272 274 273
f 273 274 275
f 274 276 275
f 275 276 277
f 276 278 277
f 277 278 279
f 278 280 279
f 279 280 281
f 280 282 281
f 281 282 283
f 282 284 283
f 283 284 285
f 284 286 285
f 285 286 287
f 286 288 287
f 287 288 289
f 288 290 289
f 289 290 291
f 290 292 291
f 291 292 293
f 292 294 293
f 293 294 295
f 294 296 295
f 295 296 297
f 296 298 297
f 297 298 299
f 298 300 299
f 299 300 301
f 300 302 301
f 301 302 303
f 302 304 303
f 303 304 305
f 304 306 305
f 305 306 307
f 306 308 307
f 307 308 309
f 308 310 309
f 309 310 311
f 310 312 311
f 311 312 313
f 312 314 313
f 313 314 315
f 314 316 315
f 315 316 317
f 316 318 317
f 317 318 319
f 318 320 319
f 319 320 321
f 320 322 321
f 321 322 323
f 322 324 323
f 323 324 325
f 324 326 325
f 325 326 327
f 326 328 327
f 327 328 329
f 328 330 329
f 329 330 331
f 330 332 331
f 331 332 333
f 332 334 333
f 333 334 335
f 334 336 335
f 335 336 337
f 336 338 337
f 337 338 339
f 338 340 339
f 339 340 341
f 340 342 341
f 341 342 343
f 342 344 343
f 343 344 345
f 344 346 345
f 345 346 347
f 346 348 347
f 347 348 349
f 348 350 349
f 349 350 351
f 350 352 351
f 351 352 353
f 352 354 353
f 353 354 355
f 354 356 355
f 355 356 357
f 356 358 357
f 357 358 359
f 358 360 359
f 359 360 217
f 360 218 217
f 361 362 363
f 362 364 363
f 363 364 365
f 364 366 365
f 365 366 367
f 366 368 367
f 367 368 369
f 368 370 369
f 369 370 371
f 370 372 371
f 371 372 373
f 372 374 373
f 373 374 375
f 374 376 375
f 375 376 377
f 376 378 377
f 377 378 379
f 378 380 379
f 379 380 381
f 380 382 381
f 381 382 383
f 382 384 383
f 383 384 385
f 384 386 385
f 385 386 387
f 386 388 387
f 387 388 389
f 388 390 389
f 389 390 391
f 390 392 391
f 391 392 393
f 392 394 393
f 393 394 395
f 394 396 395
f 395 396 397
f 396 398 397
f 397 398 399
f 398 400 399
f 399 400 401
f 400 402 401
f 401 402 403
f 402 404 403
f 403 404 405
f 404 406 405
f 405 406 407
f 406 408 407
f 407 408 409
f 408 410 409
f 409 410 411
f 410 412 411
f 411 412 413
f 412 414 413
f 413 414 415
f 414 416 415
f 415 416 417
f 416 418 417
f 417 418 419
f 418 420 419
f 419 420 421
f 420 422 421
f 421 422 423
f 422 424 423
f 423 424 425
f 424 426 425
f 425 426 427
f 426 428 427
f 427 428 429
f 428 430 429
f 429 430 431
f 430 432 431
f 431 432 433
f 432 434 433
f 433 434 435
f 434 436 435
f 435 436 437
f 436 438 437
f 437 438 439
f 438 440 439
f 439 440 441
f 440 442 441
f 441 442 443
f 442 444 443
f 443 444 445
f 444 446 445
f 445 446 447
f 446 448 447
f 447 448 449
f 448 450 449
f 449 450 451
f 450 452 451
f 451 452 453
f 452 454 453
f 453 454 455
f 454 456 455
f 455 456 457
f 456 458 457
f 457 458 459
f 458 460 459
f 459 460 461
f 460 462 461
f 461 462 463
f 462 464 463
f 463 464 465
f 464 466 465
f 465 466 467
f 466 468 467
f 467 468 469
f 468 470 469
f 469 470 471
f 470 472 471
f 471 472 473
f 472 474 473
f 473 474 475
f 474 476 475
f 475 476 477
f 476 478 477
f 477 478 479
f 478 480 479
f 479 480 481
f 480 482 481
f 481 482 483
f 482 484 483
f 483 484 485
f 484 486 485
f 485 486 487
f 486 488 487
f 487 488 489
f 488 490 489
f 489 490 491
f 490 492 491
f 491 492 493
f 492 494 493
f 493 494 495
f 494 496 495
f 495 496 497
f 496 498 497
f 497 498 499
f 498 500 499
f 499 500 501
f 500 502 501
f 501 502 503
f 502 504 503
f 503 504 361
f 504 362 361
f 504 505 362
f 505 506 362
f 362 506 364
f 506 507 364
f 364 507 366
f 507 508 366
f 366 508 368
f 508 509 368
f 368 509 370
f 509 510 370
f 370 510 372
f 510 511 372
f 372 511 374
f 511 512 374
f 374 512 376
f 512 513 376
f 376 513 378
f 513 514 378
f 378 514 380
f 514 515 380
f 380 515 382
f 515 516 382
f 382 516 384
f 516 517 384
f 384 517 386
f 517 518 386
f 386 518 388
f 518 519 388
f 388 519 390
f 519 520 390
f 390 520 392
f 520 521 392
f 392 521 394
f 521 522 394
f 394 522 396
f 522 523 396
f 396 523 398
f 523 524 398
f 398 524 400
f 524 525 400
f 400 525 402
f 525 526 402
f 402 526 404
f 526 527 404
f 404 527 406
f 527 528 406
f 406 528 408
f 528 529 408
f 408 529 410
f 529 530 410
f 410 530 412
f 530 531 412
f 412 531 414
f 531 532 414
f 414 532 416
f 532 533 416
f 416 533 418
f 533 534 418
f 418 534 420
f 534 535 420
f 420 535 422
f 535 536 422
f 422 536 424
f 536 537 424
f 424 537 426
f 537 538 426
f 426 538 428
f 538 539 428
f 428 539 430
f 539 540 430
f 430 540 432
f 540 541 432
f 432 541 434
f 541 542 434
f 434 542 436
f 542 543 436
f 436 543 438
f 543 544 438
f 438 544 440
f 544 545 440
f 440 545 442
f 545 546 442
f 442 546 444
f 546 547 444
f 444 547 446
f 547 548 446
f 446 548 448
f 548 549 448
f 448 549 450
f 549 550 450
f 450 550 452
f 550 551 452
f 452 551 454
f 551 552 454
f 454 552 456
f 552 553 456
f 456 553 458
f 553 554 458
f 458 554 460
f 554 555 460
f 460 555 462
f 555 556 462
f 462 556 464
f 556 557 464
f 464 557 466
f 557 558 466
f 466 558 468
f 558 559 468
f 468 559 470
f 559 560 470
f 470 560 472
f 560 561 472
f 472 561 474
f 561 562 474
f 474 562 476
f 562 563 476
f 476 563 478
f 563 564 478
f 478 564 480
f 564 565 480
f 480 565 482
f 565 566 482
f 482 566 484
f 566 567 484
f 484 567 486
f 567 568 486
f 486 568 488
f 568 569 488
f 488 569 490
f 569 570 490
f 490 570 492
f 570 571 492
f 492 571 494
f 571 572 494
f 494 572 496
f 572 573 496
f 496 573 498
f 573 574 498
f 498 574 500
f 574 575 500
f 500 575 502
f 575 576 502
f 502 576 504
f 576 505 504
f 576 577 505
f 577 578 505
f 505 578 506
f 578 579 506
f 506 579 507
f 579 580 507
f 507 580 508
f 580 581 508
f 508 581 509
f 581 582 509
f 509 582 510
f 582 583 510
f 510 583 511
f 583 584 511
f 511 584 512
f 584 585 512
f 512 585 513
f 585 586 513
f 513 586 514
f 586 587 514
f 514 587 515
f 587 588 515
f 515 588 516
f 588 589 516
f 516 589 517
f 589 590 517
f 517 590 518
f 590 591 518
f 518 591 519
f 591 592 519
f 519 592 520
f 592 593 520
f 520 593 521
f 593 594 521
f 521 594 522
f 594 595 522
f 522 595 523
f 595 596 523
f 523 596 524
f 596 597 524
f 524 597 525
f 597 598 525
f 525 598 526
f 598 599 526
f 526 599 527
f 599 600 527
f 527 600 528
f 600 601 528
f 528 601 529
f 601 602 529
f 529 602 530
f 602 603 530
f 530 603 531
f 603 604 531
f 531 604 532
f 604 605 532
f 532 605 533
f 605 606 533
f 533 606 534
f 606 607 534
f 534 607 535
f 607 608 535
f 535 608 536
f 608 609 536
f 536 609 537
f 609 610 537
f 537 610 538
f 610 611 538
f 538 611 539
f 611 612 539
f 539 612 540
f 612 613 540
f 540 613 541
f 613 614 541
f 541 614 542
f 614 615 542
f 542 615 543
f 615 616 543
f 543 616 544
f 616 617 544
f 544 617 545
f 617 618 545
f 545 618 546
f 618 619 546
f 546 619 547
f 619 620 547
f 547 620 548
f 620 621 548
f 548 621 549
f 621 622 549
f 549 622 550
f 622 623 550
f 550 623 551
f 623 624 551
f 551 624 552
f 624 625 552
f 552 625 553
f 625 626 553
f 553 626 554
f 626 627 554
f 554 627 555
f 627 628 555
f 555 628 556
f 628 629 556
f 556 629 557
f 629 630 557
f 557 630 558
f 630 631 558
f 558 631 559
f 631 632 559
f 559 632 560
f 632 633 560
f 560 633 561
f 633 634 561
f 561 634 562
f 634 635 562
f 562 635 563
f 635 636 563
f 563 636 564
f 636 637 564
f 564 637 565
f 637 638 565
f 565 638 566
f 638 639 566
f 566 639 567
f 639 640 567
f 567 640 568
f 640 641 568
f 568 641 569
f 641 642 569
f 569 642 570
f 642 643 570
f 570 643 571
f 643 644 571
f 571 644 572
f 644 645 572
f 572 645 573
f 645 646 573
f 573 646 574
f 646 647 574
f 574 647 575
f 647 648 575
f 575 648 576
f 648 577 576
f 648 649 577
f 649 650 577
f 577 650 578
f 650 651 578
f 578 651 579
f 651 652 579
f 579 652 580
f 652 653 580
f 580 653 581
f 653 654 581
f 581 654 582
f 654 655 582
f 582 655 583
f 655 656 583
f 583 656 584
f 656 657 584
f 584 657 585
f 657 658 585
f 585 658 586
f 658 659 586
f 586 659 587
f 659 660 587
f 587 660 588
f 660 661 588
f 588 661 589
f 661 662 589
f 589 662 590
f 662 663 590
f 590 663 591
f 663 664 591
f 591 664 592
f 664 665 592
f 592 665 593
f 665 666 593
f 593 666 594
f 666 667 594
f 594 667 595
f 667 668 595
f 595 668 596
f 668 669 596
f 596 669 597
f 669 670 597
f 597 670 598
f 670 671 598
f 598 671 599
f 671 672 599
f 599 672 600
f 672 673 600
f 600 673 601
f 673 674 601
f 601 674 602
f 674 675 602
f 602 675 603
f 675 676 603
f 603 676 604
f 676 677 604
f 604 677 605
f 677 678 605
f 605 678 606
f 678 679 606
f 606 679 607
f 679 680 607
f 607 680 608
f 680 681 608
f 608 681 609
f 681 682 609
f 609 682 610
f 682 683 610
f 610 683 611
f 683 684 611
f 611 684 612
f 684 685 612
f 612 685 613
f 685 686 613
f 613 686 614
f 686 687 614
f 614 687 615
f 687 688 615
f 615 688 616
f 688 689 616
f 616 689 617
f 689 690 617
f 617 690 618
f 690 691 618
f 618 691 619
f 691 692 619
f 619 692 620
f 692 693 620
f 620 693 621
f 693 694 621
f 621 694 622
f 694 695 622
f 622 695 623
f 695 696 623
f 623 696 624
f 696 697 624
f 624 697 625
f 697 698 625
f 625 698 626
f 698 699 626
f 626 699 627
f 699 700 627
f 627 700 628
f 700 701 628
f 628 701 629
f 701 702 629
f 629 702 630
f 702 703 630
f 630 703 631
f 703 704 631
f 631 704 632
f 704 705 632
f 632 705 633
f 705 706 633
f 633 706 634
f 706 707 634
f 634 707 635
f 707 708 635
f 635 708 636
f 708 709 636
f 636 709 637
f 709 710 637
f 637 710 638
f 710 711 638
f 638 711 639
f 711 712 639
f 639 712 640
f 712 713 640
f 640 713 641
f 713 714 641
f 641 714 642
f 714 715 642
f 642 715 643
f 715 716 643
f 643 716 644
f 716 717 644
f 644 717 645
f 717 718 645
f 645 718 646
f 718 719 646
f 646 719 647
f 719 720 647
f 647 720 648
f 720 649 648
f 720 721 649
f 721 722 649
f 649 722 650
f 722 723 650
f 650 723 651
f 723 724 651
f 651 724 652
f 724 725 652
f 652 725 653
f 725 726 653
f 653 726 654
f 726 727 654
f 654 727 655
f 727 728 655
f 655 728 656
f 728 729 656
f 656 729 657
f 729 730 657
f 657 730 658
f 730 731 658
f 658 731 659
f 731 732 659
f 659 732 660
f 732 733 660
f 660 733 661
f 733 734 661
f 661 734 662
f 734 735 662
f 662 735 663
f 735 736 663
f 663 736 664
f 736 737 664
f 664 737 665
f 737 738 665
f 665 738 666
f 738 739 666
f 666 739 667
f 739 740 667
f 667 740 668
f 740 741 668
f 668 741 669
f 741 742 669
f 669 742 670
f 742 743 670
f 670 743 671
f 743 744 671
f 671 744 672
f 744 745 672
f 672 745 673
f 745 746 673
f 673 746 674
f 746 747 674
f 674 747 675
f 747 748 675
f 675 748 676
f 748 749 676
f 676 749 677
f 749 750 677
f 677 750 678
f 750 751 678
f 678 751 679
f 751 752 679
f 679 752 680
f 752 753 680
f 680 753 681
f 753 754 681
f 681 754 682
f 754 755 682
f 682 755 683
f 755 756 683
f 683 756 684
f 756 757 684
f 684 757 685
f 757 758 685
f 685 758 686
f 758 759 686
f 686 759 687
f 759 760 687
f 687 760 688
f 760 761 688
f 688 761 689
f 761 762 689
f 689 762 690
f 762 763 690
f 690 763 691
f 763 764 691
f 691 764 692
f 764 765 692
f 692 765 693
f 765 766 693
f 693 766 694
f 766 767 694
f 694 767 695
f 767 768 695
f 695 768 696
f 768 769 696
f 696 769 697
f 769 770 697
f 697 770 698
f 770 771 698
f 698 771 699
f 771 772 699
f 699 772 700
f 772 773 700
f 700 773 701
f 773 774 701
f 701 774 702
f 774 775 702
f 702 775 703
f 775 776 703
f 703 776 704
f 776 777 704
f 704 777 705
f 777 778 705
f 705 778 706
f 778 779 706
f 706 779 707
f 779 780 707
f 707 780 708
f 780 781 708
f 708 781 709
f 781 782 709
f 709 782 710
f 782 783 710
f 710 783 711
f 783 784 711
f 711 784 712
f 784 785 712
f 712 785 713
f 785 786 713
f 713 786 714
f 786 787 714
f 714 787 715
f 787 788 715
f 715 788 716
f 788 789 716
f 716 789 717
f 789 790 717
f 717 790 718
f 790 791 718
f 718 791 719
f 791 792 719
f 719 792 720
f 792 721 720
f 792 793 721
f 793 794 721
f 721 794 722
f 794 795 722
f 722 795 723
f 795 796 723
f 723 796 724
f 796 797 724
f 724 797 725
f 797 798 725
f 725 798 726
f 798 799 726
f 726 799 727
f 799 800 727
f 727 800 728
f 800 801 728
f 728 801 729
f 801 802 729
f 729 802 730
f 802 803 730
f 730 803 731
f 803 804 731
f 731 804 732
f 804 805 732
f 732 805 733
f 805 806 733
f 733 806 734
f 806 807 734
f 734 807 735
f 807 808 735
f 735 808 736
f 808 809 736
f 736 809 737
f 809 810 737
f 737 810 738
f 810 811 738
f 738 811 739
f 811 812 739
f 739 812 740
f 812 813 740
f 740 813 741
f 813 814 741
f 741 814 742
f 814 815 742
f 742 815 743
f 815 816 743
f 743 816 744
f 816 817 744
f 744 817 745
f 817 818 745
f 745 818 746
f 818 819 746
f 746 819 747
f 819 820 747
f 747 820 748
f 820 821 748
f 748 821 749
f 821 822 749
f 749 822 750
f 822 823 750
f 750 823 751
f 823 824 751
f 751 824 752
f 824 825 752
f 752 825 753
f 825 826 753
f 753 826 754
f 826 827 754
f 754 827 755
f 827 828 755
f 755 828 756
f 828 829 756
f 756 829 757
f 829 830 757
f 757 830 758
f 830 831 758
f 758 831 759
f 831 832 759
f 759 832 760
f 832 833 760
f 760 833 761
f 833 834 761
f 761 834 762
f 834 835 762
f 762 835 763
f 835 836 763
f 763 836 764
f 836 837 764
f 764 837 765
f 837 838 765
f 765 838 766
f 838 839 766
f 766 839 767
f 839 840 767
f 767 840 768
f 840 841 768
f 768 841 769
f 841 842 769
f 769 842 770
f 842 843 770
f 770 843 771
f 843 844 771
f 771 844 772
f 844 845 772
f 772 845 773
f 845 846 773
f 773 846 774
f 846 847 774
f 774 847 775
f 847 848 775
f 775 848 776
f 848 849 776
f 776 849 777
f 849 850 777
f 777 850 778
f 850 851 778
f 778 851 779
f 851 852 779
f 779 852 780
f 852 853 780
f 780 853 781
f 853 854 781
f 781 854 782
f 854 855 782
f 782 855 783
f 855 856 783
f 783 856 784
f 856 857 784
f 784 857 785
f 857 858 785
f 785 858 786
f 858 859 786
f 786 859 787
f 859 860 787
f 787 860 788
f 860 861 788
f 788 861 789
f 861 862 789
f 789 862 790
f 862 863 790
f 790 863 791
f 863 864 791
f 791 864 792
f 864 793 792
f 864 865 793
f 865 866 793
f 793 866 794
f 866 867 794
f 794 867 795
f 867 868 795
f 795 868 796
f 868 869 796
f 796 869 797
f 869 870 797
f 797 870 798
f 870 871 798
f 798 871 799
f 871 872 799
f 799 872 800
f 872 873 800
f 800 873 801
f 873 874 801
f 801 874 802
f 874 875 802
f 802 875 803
f 875 876 803
f 803 876 804
f 876 877 804
f 804 877 805
f 877 878 805
f 805 878 806
f 878 879 806
f 806 879 807
f 879 880 807
f 807 880 808
f 880 881 808
f 808 881 809
f 881 882 809
f 809 882 810
f 882 883 810
f 810 883 811
f 883 884 811
f 811 884 812
f 884 885 812
f 812 885 813
f 885 886 813
f 813 886 814
f 886 887 814
f 814 887 815
f 887 888 815
f 815 888 816
f 888 889 816
f 816 889 817
f 889 890 817
f 817 890 818
f 890 891 818
f 818 891 819
f 891 892 819
f 819 892 820
f 892 893 820
f 820 893 821
f 893 894 821
f 821 894 822
f 894 895 822
f 822 895 823
f 895 896 823
f 823 896 824
f 896 897 824
f 824 897 825
f 897 898 825
f 825 898 826
f 898 899 826
f 826 899 827
f 899 900 827
f 827 900 828
f 900 901 828
f 828 901 829
f 901 902 829
f 829 902 830
f 902 903 830
f 830 903 831
f 903 904 831
f 831 904 832
f 904 905 832
f 832 905 833
f 905 906 833
f 833 906 834
f 906 907 834
f 834 907 835
f 907 908 835
f 835 908 836
f 908 909 836
f 836 909 837
f 909 910 837
f 837 910 838
f 910 911 838
f 838 911 839
f 911 912 839
f 839 912 840
f 912 913 840
f 840 913 841
f 913 914 841
f 841 914 842
f 914 915 842
f 842 915 843
f 915 916 843
f 843 916 844
f 916 917 844
f 844 917 845
f 917 918 845
f 845 918 846
f 918 919 846
f 846 919 847
f 919 920 847
f 847 920 848
f 920 921 848
f 848 921 849
f 921 922 849
f 849 922 850
f 922 923 850
f 850 923 851
f 923 924 851
f 851 924 852
f 924 925 852
f 852 925 853
f 925 926 853
f 853 926 854
f 926 927 854
f 854 927 855
f 927 928 855
f 855 928 856
f 928 929 856
f 856 929 857
f 929 930 857
f 857 930 858
f 930 931 858
f 858 931 859
f 931 932 859
f 859 932 860
f 932 933 860
f 860 933 861
f 933 934 861
f 861 934 862
f 934 935 862
f 862 935 863
f 935 936 863
f 863 936 864
f 936 865 864
f 936 937 865
f 937 938 865
f 865 938 866
f 938 939 866
f 866 939 867
f 939 940 867
f 867 940 868
f 940 941 868
f 868 941 869
f 941 942 869
f 869 942 870
f 942 943 870
f 870 943 871
f 943 944 871
f 871 944 872
f 944 945 872
f 872 945 873
f 945 946 873
f 873 946 874
f 946 947 874
f 874 947 875
f 947 948 875
f 875 948 876
f 948 949 876
f 876 949 877
f 949 950 877
f 877 950 878
f 950 951 878
f 878 951 879
f 951 952 879
f 879 952 880
f 952 953 880
f 880 953 881
f 953 954 881
f 881 954 882
f 954 955 882
f 882 955 883
f 955 956 883
f 883 956 884
f 956 957 884
f 884 957 885
f 957 958 885
f 885 958 886
f 958 959 886
f 886 959 887
f 959 960 887
f 887 960 888
f 960 961 888
f 888 961 889
f 961 962 889
f 889 962 890
f 962 963 890
f 890 963 891
f 963 964 891
f 891 964 892
f 964 965 892
f 892 965 893
f 965 966 893
f 893 966 894
f 966 967 894
f 894 967 895
f 967 968 895
f 895 968 896
f 968 969 896
f 896 969 897
f 969 970 897
f 897 970 898
f 970 971 898
f 898 971 899
f 971 972 899
f 899 972 900
f 972 973 900
f 900 973 901
f 973 974 901
f 901 974 902
f 974 975 902
f 902 975 903
f 975 976 903
f 903 976 904
f 976 977 904
f 904 977 905
f 977 978 905
f 905 978 906
f 978 979 906
f 906 979 907
f 979 980 907
f 907 980 908
f 980 981 908
f 908 981 909
f 981 982 909
f 909 982 910
f 982 983 910
f 910 983 911
f 983 984 911
f 911 984 912
f 984 985 912
f 912 985 913
f 985 986 913
f 913 986 914
f 986 987 914
f 914 987 915
f 987 988 915
f 915 988 916
f 988 989 916
f 916 989 917
f 989 990 917
f 917 990 918
f 990 991 918
f 918 991 919
f 991 992 919
f 919 992 920
f 992 993 920
f 920 993 921
f 993 994 921
f 921 994 922
f 994 995 922
f 922 995 923
f 995 996 923
f 923 996 924
f 996 997 924
f 924 997 925
f 997 998 925
f 925 998 926
f 998 999 926
f 926 999 927
f 999 1000 927
f 927 1000 928
f 1000 1001 928
f 928 1001 929
f 1001 1002 929
f 929 1002 930
f 1002 1003 930
f 930 1003 931
f 1003 1004 931
f 931 1004 932
f 1004 1005 932
f 932 1005 933
f 1005 1006 933
f 933 1006 934
f 1006 1007 934
f 934 1007 935
f 1007 1008 935
f 935 1008 936
f 1008 937 936
f 1008 1009 937
f 1009 1010 937
f 937 1010 938
f 1010 1011 938
f 938 1011 939
f 1011 1012 939
f 939 1012 940
f 1012 1013 940
f 940 1013 941
f 1013 1014 941
f 941 1014 942
f 1014 1015 942
f 942 1015 943
f 1015 1016 943
f 943 1016 944
f 1016 1017 944
f 944 1017 945
f 1017 1018 945
f 945 1018 946
f 1018 1019 946
f 946 1019 947
f 1019 1020 947
f 947 1020 948
f 1020 1021 948
f 948 1021 949
f 1021 1022 949
f 949 1022 950
f 1022 1023 950
f 950 1023 951
f 1023 1024 951
f 951 1024 952
f 1024 1025 952
f 952 1025 953
f 1025 1026 953
f 953 1026 954
f 1026 1027 954
f 954 1027 955
f 1027 1028 955
f 955 1028 956
f 1028 1029 956
f 956 1029 957
f 1029 1030 957
f 957 1030 958
f 1030 1031 958
f 958 1031 959
f 1031 1032 959
f 959 1032 960
f 1032 1033 960
f 960 1033 961
f 1033 1034 961
f 961 1034 962
f 1034 1035 962
f 962 1035 963
f 1035 1036 963
f 963 1036 964
f 1036 1037 964
f 964 1037 965
f 1037 1038 965
f 965 1038 966
f 1038 1039 966
f 966 1039 967
f 1039 1040 967
f 967 1040 968
f 1040 1041 968
f 968 1041 969
f 1041 1042 969
f 969 1042 970
f 1042 1043 970
f 970 1043 971
f 1043 1044 971
f 971 1044 972
f 1044 1045 972
f 972 1045 973
f 1045 1046 973
f 973 1046 974
f 1046 1047 974
f 974 1047 975
f 1047 1048 975
f 975 1048 976
f 1048 1049 976
f 976 1049 977
f 1049 1050 977
f 977 1050 978
f 1050 1051 978
f 978 1051 979
f 1051 1052 979
f 979 1052 980
f 1052 1053 980
f 980 1053 981
f 1053 1054 981
f 981 1054 982
f 1054 1055 982
f 982 1055 983
f 1055 1056 983
f 983 1056 984
f 1056 1057 984
f 984 1057 985
f 1057 1058 985
f 985 1058 986
f 1058 1059 986
f 986 1059 987
f 1059 1060 987
f 987 1060 988
f 1060 1061 988
f 988 1061 989
f 1061 1062 989
f 989 1062 990
f 1062 1063 990
f 990 1063 991
f 1063 1064 991
f 991 1064 992
f 1064 1065 992
f 992 1065 993
f 1065 1066 993
f 993 1066 994
f 1066 1067 994
f 994 1067 995
f 1067 1068 995
f 995 1068 996
f 1068 1069 996
f 996 1069 997
f 1069 1070 997
f 997 1070 998
f 1070 1071 998
f 998 1071 999
f 1071 1072 999
f 999 1072 1000
f 1072 1073 1000
f 1000 1073 1001
f 1073 1074 1001
f 1001 1074 1002
f 1074 1075 1002
f 1002 1075 1003
f 1075 1076 1003
f 1003 1076 1004
f 1076 1077 1004
f 1004 1077 1005
f 1077 1078 1005
f 1005 1078 1006
f 1078 1079 1006
f 1006 1079 1007
f 1079 1080 1007
f 1007 1080 1008
f 1080 1009 1008
f 1080 1081 1009
f 1081 1082 1009
f 1009 1082 1010
f 1082 1083 1010
f 1010 1083 1011
f 1083 1084 1011
f 1011 1084 1012
f 1084 1085 1012
f 1012 1085 1013
f 1085 1086 1013
f 1013 1086 1014
f 1086 1087 1014
f 1014 1087 1015
f 1087 1088 1015
f 1015 1088 1016
f 1088 1089 1016
f 1016 1089 1017
f 1089 1090 1017
f 1017 1090 1018
f 1090 1091 1018
f 1018 1091 1019
f 1091 1092 1019
f 1019 1092 1020
f 1092 1093 1020
f 1020 1093 1021
f 1093 1094 1021
f 1021 1094 1022
f 1094 1095 1022
f 1022 1095 1023
f 1095 1096 1023
f 1023 1096 1024
f 1096 1097 1024
f 1024 1097 1025
f 1097 1098 1025
f 1025 1098 1026
f 1098 1099 1026
f 1026 1099 1027
f 1099 1100 1027
f 1027 1100 1028
f 1100 1101 1028
f 1028 1101 1029
f 1101 1102 1029
f 1029 1102 1030
f 1102 1103 1030
f 1030 1103 1031
f 1103 1104 1031
f 1031 1104 1032
f 1104 1105 1032
f 1032 1105 1033
f 1105 1106 1033
f 1033 1106 1034
f 1106 1107 1034
f 1034 1107 1035
f 1107 1108 1035
f 1035 1108 1036
f 1108 1109 1036
f 1036 1109 1037
f 1109 1110 1037
f 1037 1110 1038
f 1110 1111 1038
f 1038 1111 1039
f 1111 1112 1039
f 1039 1112 1040
f 1112 1113 1040
f 1040 1113 1041
f 1113 1114 1041
f 1041 1114 1042
f 1114 1115 1042
f 1042 1115 1043
f 1115 1116 1043
f 1043 1116 1044
f 1116 1117 1044
f 1044 1117 1045
f 1117 1118 1045
f 1045 1118 1046
f 1118 1119 1046
f 1046 1119 1047
f 1119 1120 1047
f 1047 1120 1048
f 1120 1121 1048
f 1048 1121 1049
f 1121 1122 1049
f 1049 1122 1050
f 1122 1123 1050
f 1050 1123 1051
f 1123 1124 1051
f 1051 1124 1052
f 1124 1125 1052
f 1052 1125 1053
f 1125 1126 1053
f 1053 1126 1054
f 1126 1127 1054
f 1054 1127 1055
f 1127 1128 1055
f 1055 1128 1056
f 1128 1129 1056
f 1056 1129 1057
f 1129 1130 1057
f 1057 1130 1058
f 1130 1131 1058
f 1058 1131 1059
f 1131 1132 1059
f 1059 1132 1060
f 1132 1133 1060
f 1060 1133 1061
f 1133 1134 1061
f 1061 1134 1062
f 1134 1135 1062
f 1062 1135 1063
f 1135 1136 1063
f 1063 1136 1064
f 1136 1137 1064
f 1064 1137 1065
f 1137 1138 1065
f 1065 1138 1066
f 1138 1139 1066
f 1066 1139 1067
f 1139 1140 1067
f 1067 1140 1068
f 1140 1141 1068
f 1068 1141 1069
f 1141 1142 1069
f 1069 1142 1070
f 1142 1143 1070
f 1070 1143 1071
f 1143 1144 1071
f 1071 1144 1072
f 1144 1145 1072
f 1072 1145 1073
f 1145 1146 1073
f 1073 1146 1074
f 1146 1147 1074
f 1074 1147 1075
f 1147 1148 1075
f 1075 1148 1076
f 1148 1149 1076
f 1076 1149 1077
f 1149 1150 1077
f 1077 1150 1078
f 1150 1151 1078
f 1078 1151 1079
f 1151 1152 1079
f 1079 1152 1080
f 1152 1081 1080
f 1152 1153 1081
f 1153 1154 1081
f 1081 1154 1082
f 1154 1155 1082
f 1082 1155 1083
f 1155 1156 1083
f 1083 1156 1084
f 1156 1157 1084
f 1084 1157 1085
f 1157 1158 1085
f 1085 1158 1086
f 1158 1159 1086
f 1086 1159 1087
f 1159 1160 1087
f 1087 1160 1088
f 1160 1161 1088
f 1088 1161 1089
f 1161 1162 1089
f 1089 1162 1090
f 1162 1163 1090
f 1090 1163 1091
f 1163 1164 1091
f 1091 1164 1092
f 1164 1165 1092
f 1092 1165 1093
f 1165 1166 1093
f 1093 1166 1094
f 1166 1167 1094
f 1094 1167 1095
f 1167 1168 1095
f 1095 1168 1096
f 1168 1169 1096
f 1096 1169 1097
f 1169 1170 1097
f 1097 1170 1098
f 1170 1171 1098
f 1098 1171 1099
f 1171 1172 1099
f 1099 1172 1100
f 1172 1173 1100
f 1100 1173 1101
f 1173 1174 1101
f 1101 1174 1102
f 1174 1175 1102
f 1102 1175 1103
f 1175 1176 1103
f 1103 1176 1104
f 1176 1177 1104
f 1104 1177 1105
f 1177 1178 1105
f 1105 1178 1106
f 1178 1179 1106
f 1106 1179 1107
f 1179 1180 1107
f 1107 1180 1108
f 1180 1181 1108
f 1108 1181 1109
f 1181 1182 1109
f 1109 1182 1110
f 1182 1183 1110
f 1110 1183 1111
f 1183 1184 1111
f 1111 1184 1112
f 1184 1185 1112
f 1112 1185 1113
f 1185 1186 1113
f 1113 1186 1114
f 1186 1187 1114
f 1114 1187 1115
f 1187 1188 1115
f 1115 1188 1116
f 1188 1189 1116
f 1116 1189 1117
f 1189 1190 1117
f 1117 1190 1118
f 1190 1191 1118
f 1118 1191 1119
f 1191 1192 1119
f 1119 1192 1120
f 1192 1193 1120
f 1120 1193 1121
f 1193 1194 1121
f 1121 1194 1122
f 1194 1195 1122
f 1122 1195 1123
f 1195 1196 1123
f 1123 1196 1124
f 1196 1197 1124
f 1124 1197 1125
f 1197 1198 1125
f 1125 1198 1126
f 1198 1199 1126
f 1126 1199 1127
f 1199 1200 1127
f 1127 1200 1128
f 1200 1201 1128
f 1128 1201 1129
f 1201 1202 1129
f 1129 1202 1130
f 1202 1203 1130
f 1130 1203 1131
f 1203 1204 1131
f 1131 1204 1132
f 1204 1205 1132
f 1132 1205 1133
f 1205 1206 1133
f 1133 1206 1134
f 1206 1207 1134
f 1134 1207 1135
f 1207 1208 1135
f 1135 1208 1136
f 1208 1209 1136
f 1136 1209 1137
f 1209 1210 1137
f 1137 1210 1138
f 1210 1211 1138
f 1138 1211 1139
f 1211 1212 1139
f 1139 1212 1140
f 1212 1213 1140
f 1140 1213 1141
f 1213 1214 1141
f 1141 1214 1142
f 1214 1215 1142
f 1142 1215 1143
f 1215 1216 1143
f 1143 1216 1144
f 1216 1217 1144
f 1144 1217 1145
f 1217 1218 1145
f 1145 1218 1146
f 1218 1219 1146
f 1146 1219 1147
f 1219 1220 1147
f 1147 1220 1148
f 1220 1221 1148
f 1148 1221 1149
f 1221 1222 1149
f 1149 1222 1150
f 1222 1223 1150
f 1150 1223 1151
f 1223 1224 1151
f 1151 1224 1152
f 1224 1153 1152
f 1224 1225 1153
f 1225 1226 1153
f 1153 1226 1154
f 1226 1227 1154
f 1154 1227 1155
f 1227 1228 1155
f 1155 1228 1156
f 1228 1229 1156
f 1156 1229 1157
f 1229 1230 1157
f 1157 1230 1158
f 1230 1231 1158
f 1158 1231 1159
f 1231 1232 1159
f 1159 1232 1160
f 1232 1233 1160
f 1160 1233 1161
f 1233 1234 1161
f 1161 1234 1162
f 1234 1235 1162
f 1162 1235 1163
f 1235 1236 1163
f 1163 1236 1164
f 1236 1237 1164
f 1164 1237 1165
f 1237 1238 1165
f 1165 1238 1166
f 1238 1239 1166
f 1166 1239 1167
f 1239 1240 1167
f 1167 1240 1168
f 1240 1241 1168
f 1168 1241 1169
f 1241 1242 1169
f 1169 1242 1170
f 1242 1243 1170
f 1170 1243 1171
f 1243 1244 1171
f 1171 1244 1172
f 1244 1245 1172
f 1172 1245 1173
f 1245 1246 1173
f 1173 1246 1174
f 1246 1247 1174
f 1174 1247 1175
f 1247 1248 1175
f 1175 1248 1176
f 1248 1249 1176
f 1176 1249 1177
f 1249 1250 1177
f 1177 1250 1178
f 1250 1251 1178
f 1178 1251 1179
f 1251 1252 1179
f 1179 1252 1180
f 1252 1253 1180
f 1180 1253 1181
f 1253 1254 1181
f 1181 1254 1182
f 1254 1255 1182
f 1182 1255 1183
f 1255 1256 1183
f 1183 1256 1184
f 1256 1257 1184
f 1184 1257 1185
f 1257 1258 1185
f 1185 1258 1186
f 1258 1259 1186
f 1186 1259 1187
f 1259 1260 1187
f 1187 1260 1188
f 1260 1261 1188
f 1188 1261 1189
f 1261 1262 1189
f 1189 1262 1190
f 1262 1263 1190
f 1190 1263 1191
f 1263 1264 1191
f 1191 1264 1192
f 1264 1265 1192
f 1192 1265 1193
f 1265 1266 1193
f 1193 1266 1194
f 1266 1267 1194
f 1194 1267 1195
f 1267 1268 1195
f 1195 1268 1196
f 1268 1269 1196
f 1196 1269 1197
f 1269 1270 1197
f 1197 1270 1198
f 1270 1271 1198
f 1198 1271 1199
f 1271 1272 1199
f 1199 1272 1200
f 1272 1273 1200
f 1200 1273 1201
f 1273 1274 1201
f 1201 1274 1202
f 1274 1275 1202
f 1202 1275 1203
f 1275 1276 1203
f 1203 1276 1204
f 1276 1277 1204
f 1204 1277 1205
f 1277 1278 1205
f 1205 1278 1206
f 1278 1279 1206
f 1206 1279 1207
f 1279 1280 1207
f 1207 1280 1208
f 1280 1281 1208
f 1208 1281 1209
f 1281 1282 1209
f 1209 1282 1210
f 1282 1283 1210
f 1210 1283 1211
f 1283 1284 1211
f 1211 1284 1212
f 1284 1285 1212
f 1212 1285 1213
f 1285 1286 1213
f 1213 1286 1214
f 1286 1287 1214
f 1214 1287 1215
f 1287 1288 1215
f 1215 1288 1216
f 1288 1289 1216
f 1216 1289 1217
f 1289 1290 1217
f 1217 1290 1218
f 1290 1291 1218
f 1218 1291 1219
f 1291 1292 1219
f 1219 1292 1220
f 1292 1293 1220
f 1220 1293 1221
f 1293 1294 1221
f 1221 1294 1222
f 1294 1295 1222
f 1222 1295 1223
f 1295 1296 1223
f 1223 1296 1224
f 1296 1225 1224
f 1296 1297 1225
f 1297 1298 1225
f 1225 1298 1226
f 1298 1299 1226
f 1226 1299 1227
f 1299 1300 1227
f 1227 1300 1228
f 1300 1301 1228
f 1228 1301 1229
f 1301 1302 1229
f 1229 1302 1230
f 1302 1303 1230
f 1230 1303 1231
f 1303 1304 1231
f 1231 1304 1232
f 1304 1305 1232
f 1232 1305 1233
f 1305 1306 1233
f 1233 1306 1234
f 1306 1307 1234
f 1234 1307 1235
f 1307 1308 1235
f 1235 1308 1236
f 1308 1309 1236
f 1236 1309 1237
f 1309 1310 1237
f 1237 1310 1238
f 1310 1311 1238
f 1238 1311 1239
f 1311 1312 1239
f 1239 1312 1240
f 1312 1313 1240
f 1240 1313 1241
f 1313 1314 1241
f 1241 1314 1242
f 1314 1315 1242
f 1242 1315 1243
f 1315 1316 1243
f 1243 1316 1244
f 1316 1317 1244
f 1244 1317 1245
f 1317 1318 1245
f 1245 1318 1246
f 1318 1319 1246
f 1246 1319 1247
f 1319 1320 1247
f 1247 1320 1248
f 1320 1321 1248
f 1248 1321 1249
f 1321 1322 1249
f 1249 1322 1250
f 1322 1323 1250
f 1250 1323 1251
f 1323 1324 1251
f 1251 1324 1252
f 1324 1325 1252
f 1252 1325 1253
f 1325 1326 1253
f 1253 1326 1254
f 1326 1327 1254
f 1254 1327 1255
f 1327 1328 1255
f 1255 1328 1256
f 1328 1329 1256
f 1256 1329 1257
f 1329 1330 1257
f 1257 1330 1258
f 1330 1331 1258
f 1258 1331 1259
f 1331 1332 1259
f 1259 1332 1260
f 1332 1333 1260
f 1260 1333 1261
f 1333 1334 1261
f 1261 1334 1262
f 1334 1335 1262
f 1262 1335 1263
f 1335 1336 1263
f 1263 1336 1264
f 1336 1337 1264
f 1264 1337 1265
f 1337 1338 1265
f 1265 1338 1266
f 1338 1339 1266
f 1266 1339 1267
f 1339 1340 1267
f 1267 1340 1268
f 1340 1341 1268
f 1268 1341 1269
f 1341 1342 1269
f 1269 1342 1270
f 1342 1343 1270
f 1270 1343 1271
f 1343 1344 1271
f 1271 1344 1272
f 1344 1345 1272
f 1272 1345 1273
f 1345 1346 1273
f 1273 1346 1274
f 1346 1347 1274
f 1274 1347 1275
f 1347 1348 1275
f 1275 1348 1276
f 1348 1349 1276
f 1276 1349 1277
f 1349 1350 1277
f 1277 1350 1278
f 1350 1351 1278
f 1278 1351 1279
f 1351 1352 1279
f 1279 1352 1280
f 1352 1353 1280
f 1280 1353 1281
f 1353 1354 1281
f 1281 1354 1282
f 1354 1355 1282
f 1282 1355 1283
f 1355 1356 1283
f 1283 1356 1284
f 1356 1357 1284
f 1284 1357 1285
f 1357 1358 1285
f 1285 1358 1286
f 1358 1359 1286
f 1286 1359 1287
f 1359 1360 1287
f 1287 1360 1288
f 1360 1361 1288
f 1288 1361 1289
f 1361 1362 1289
f 1289 1362 1290
f 1362 1363 1290
f 1290 1363 1291
f 1363 1364 1291
f 1291 1364 1292
f 1364 1365 1292
f 1292 1365 1293
f 1365 1366 1293
f 1293 1366 1294
f 1366 1367 1294
f 1294 1367 1295
f 1367 1368 1295
f 1295 1368 1296
f 1368 1297 1296
f 1368 1369 1297
f 1369 1370 1297
f 1297 1370 1298
f 1370 1371 1298
f 1298 1371 1299
f 1371 1372 1299
f 1299 1372 1300
f 1372 1373 1300
f 1300 1373 1301
f 1373 1374 1301
f 1301 1374 1302
f 1374 1375 1302
f 1302 1375 1303
f 1375 1376 1303
f 1303 1376 1304
f 1376 1377 1304
f 1304 1377 1305
f 1377 1378 1305
f 1305 1378 1306
f 1378 1379 1306
f 1306 1379 1307
f 1379 1380 1307
f 1307 1380 1308
f 1380 1381 1308
f 1308 1381 1309
f 1381 1382 1309
f 1309 1382 1310
f 1382 1383 1310
f 1310 1383 1311
f 1383 1384 1311
f 1311 1384 1312
f 1384 1385 1312
f 1312 1385 1313
f 1385 1386 1313
f 1313 1386 1314
f 1386 1387 1314
f 1314 1387 1315
f 1387 1388 1315
f 1315 1388 1316
f 1388 1389 1316
f 1316 1389 1317
f 1389 1390 1317
f 1317 1390 1318
f 1390 1391 1318
f 1318 1391 1319
f 1391 1392 1319
f 1319 1392 1320
f 1392 1393 1320
f 1320 1393 1321
f 1393 1394 1321
f 1321 1394 1322
f 1394 1395 1322
f 1322 1395 1323
f 1395 1396 1323
f 1323 1396 1324
f 1396 1397 1324
f 1324 1397 1325
f 1397 1398 1325
f 1325 1398 1326
f 1398 1399 1326
f 1326 1399 1327
f 1399 1400 1327
f 1327 1400 1328
f 1400 1401 1328
f 1328 1401 1329
f 1401 1402 1329
f 1329 1402 1330
f 1402 1403 1330
f 1330 1403 1331
f 1403 1404 1331
f 1331 1404 1332
f 1404 1405 1332
f 1332 1405 1333
f 1405 1406 1333
f 1333 1406 1334
f 1406 1407 1334
f 1334 1407 1335
f 1407 1408 1335
f 1335 1408 1336
f 1408 1409 1336
f 1336 1409 1337
f 1409 1410 1337
f 1337 1410 1338
f 1410 1411 1338
f 1338 1411 1339
f 1411 1412 1339
f 1339 1412 1340
f 1412 1413 1340
f 1340 1413 1341
f 1413 1414 1341
f 1341 1414 1342
f 1414 1415 1342
f 1342 1415 1343
f 1415 1416 1343
f 1343 1416 1344
f 1416 1417 1344
f 1344 1417 1345
f 1417 1418 1345
f 1345 1418 1346
f 1418 1419 1346
f 1346 1419 1347
f 1419 1420 1347
f 1347 1420 1348
f 1420 1421 1348
f 1348 1421 1349
f 1421 1422 1349
f 1349 1422 1350
f 1422 1423 1350
f 1350 1423 1351
f 1423 1424 1351
f 1351 1424 1352
f 1424 1425 1352
f 1352 1425 1353
f 1425 1426 1353
f 1353 1426 1354
f 1426 1427 1354
f 1354 1427 1355
f 1427 1428 1355
f 1355 1428 1356
f 1428 1429 1356
f 1356 1429 1357
f 1429 1430 1357
f 1357 1430 1358
f 1430 1431 1358
f 1358 1431 1359
f 1431 1432 1359
f 1359 1432 1360
f 1432 1433 1360
f 1360 1433 1361
f 1433 1434 1361
f 1361 1434 1362
f 1434 1435 1362
f 1362 1435 1363
f 1435 1436 1363
f 1363 1436 1364
f 1436 1437 1364
f 1364 1437 1365
f 1437 1438 1365
f 1365 1438 1366
f 1438 1439 1366
f 1366 1439 1367
f 1439 1440 1367
f 1367 1440 1368
f 1440 1369 1368
f 1440 1441 1369
f 1441 1442 1369
f 1369 1442 1370
f 1442 1443 1370
f 1370 1443 1371
f 1443 1444 1371
f 1371 1444 1372
f 1444 1445 1372
f 1372 1445 1373
f 1445 1446 1373
f 1373 1446 1374
f 1446 1447 1374
f 1374 1447 1375
f 1447 1448 1375
f 1375 1448 1376
f 1448 1449 1376
f 1376 1449 1377
f 1449 1450 1377
f 1377 1450 1378
f 1450 1451 1378
f 1378 1451 1379
f 1451 1452 1379
f 1379 1452 1380
f 1452 1453 1380
f 1380 1453 1381
f 1453 1454 1381
f 1381 1454 1382
f 1454 1455 1382
f 1382 1455 1383
f 1455 1456 1383
f 1383 1456 1384
f 1456 1457 1384
f 1384 1457 1385
f 1457 1458 1385
f 1385 1458 1386
f 1458 1459 1386
f 1386 1459 1387
f 1459 1460 1387
f 1387 1460 1388
f 1460 1461 1388
f 1388 1461 1389
f 1461 1462 1389
f 1389 1462 1390
f 1462 1463 1390
f 1390 1463 1391
f 1463 1464 1391
f 1391 1464 1392
f 1464 1465 1392
f 1392 1465 1393
f 1465 1466 1393
f 1393 1466 1394
f 1466 1467 1394
f 1394 1467 1395
f 1467 1468 1395
f 1395 1468 1396
f 1468 1469 1396
f 1396 1469 1397
f 1469 1470 1397
f 1397 1470 1398
f 1470 1471 1398
f 1398 1471 1399
f 1471 1472 1399
f 1399 1472 1400
f 1472 1473 1400
f 1400 1473 1401
f 1473 1474 1401
f 1401 1474 1402
f 1474 1475 1402
f 1402 1475 1403
f 1475 1476 1403
f 1403 1476 1404
f 1476 1477 1404
f 1404 1477 1405
f 1477 1478 1405
f 1405 1478 1406
f 1478 1479 1406
f 1406 1479 1407
f 1479 1480 1407
f 1407 1480 1408
f 1480 1481 1408
f 1408 1481 1409
f 1481 1482 1409
f 1409 1482 1410
f 1482 1483 1410
f 1410 1483 1411
f 1483 1484 1411
f 1411 1484 1412
f 1484 1485 1412
f 1412 1485 1413
f 1485 1486 1413
f 1413 1486 1414
f 1486 1487 1414
f 1414 1487 1415
f 1487 1488 1415
f 1415 1488 1416
f 1488 1489 1416
f 1416 1489 1417
f 1489 1490 1417
f 1417 1490 1418
f 1490 1491 1418
f 1418 1491 1419
f 1491 1492 1419
f 1419 1492 1420
f 1492 1493 1420
f 1420 1493 1421
f 1493 1494 1421
f 1421 1494 1422
f 1494 1495 1422
f 1422 1495 1423
f 1495 1496 1423
f 1423 1496 1424
f 1496 1497 1424
f 1424 1497 1425
f 1497 1498 1425
f 1425 1498 1426
f 1498 1499 1426
f 1426 1499 1427
f 1499 1500 1427
f 1427 1500 1428
f 1500 1501 1428
f 1428 1501 1429
f 1501 1502 1429
f 1429 1502 1430
f 1502 1503 1430
f 1430 1503 1431
f 1503 1504 1431
f 1431 1504 1432
f 1504 1505 1432
f 1432 1505 1433
f 1505 1506 1433
f 1433 1506 1434
f 1506 1507 1434
f 1434 1507 1435
f 1507 1508 1435
f 1435 1508 1436
f 1508 1509 1436
f 1436 1509 1437
f 1509 1510 1437
f 1437 1510 1438
f 1510 1511 1438
f 1438 1511 1439
f 1511 1512 1439
f 1439 1512 1440
f 1512 1441 1440
f 1512 1513 1441
f 1513 1514 1441
f 1441 1514 1442
f 1514 1515 1442
f 1442 1515 1443
f 1515 1516 1443
f 1443 1516 1444
f 1516 1517 1444
f 1444 1517 1445
f 1517 1518 1445
f 1445 1518 1446
f 1518 1519 1446
f 1446 1519 1447
f 1519 1520 1447
f 1447 1520 1448
f 1520 1521 1448
f 1448 1521 1449
f 1521 1522 1449
f 1449 1522 1450
f 1522 1523 1450
f 1450 1523 1451
f 1523 1524 1451
f 1451 1524 1452
f 1524 1525 1452
f 1452 1525 1453
f 1525 1526 1453
f 1453 1526 1454
f 1526 1527 1454
f 1454 1527 1455
f 1527 1528 1455
f 1455 1528 1456
f 1528 1529 1456
f 1456 1529 1457
f 1529 1530 1457
f 1457 1530 1458
f 1530 1531 1458
f 1458 1531 1459
f 1531 1532 1459
f 1459 1532 1460
f 1532 1533 1460
f 1460 1533 1461
f 1533 1534 1461
f 1461 1534 1462
f 1534 1535 1462
f 1462 1535 1463
f 1535 1536 1463
f 1463 1536 1464
f 1536 1537 1464
f 1464 1537 1465
f 1537 1538 1465
f 1465 1538 1466
f 1538 1539 1466
f 1466 1539 1467
f 1539 1540 1467
f 1467 1540 1468
f 1540 1541 1468
f 1468 1541 1469
f 1541 1542 1469
f 1469 1542 1470
f 1542 1543 1470
f 1470 1543 1471
f 1543 1544 1471
f 1471 1544 1472
f 1544 1545 1472
f 1472 1545 1473
f 1545 1546 1473
f 1473 1546 1474
f 1546 1547 1474
f 1474 1547 1475
f 1547 1548 1475
f 1475 1548 1476
f 1548 1549 1476
f 1476 1549 1477
f 1549 1550 1477
f 1477 1550 1478
f 1550 1551 1478
f 1478 1551 1479
f 1551 1552 1479
f 1479 1552 1480
f 1552 1553 1480
f 1480 1553 1481
f 1553 1554 1481
f 1481 1554 1482
f 1554 1555 1482
f 1482 1555 1483
f 1555 1556 1483
f 1483 1556 1484
f 1556 1557 1484
f 1484 1557 1485
f 1557 1558 1485
f 1485 1558 1486
f 1558 1559 1486
f 1486 1559 1487
f 1559 1560 1487
f 1487 1560 1488
f 1560 1561 1488
f 1488 1561 1489
f 1561 1562 1489
f 1489 1562 1490
f 1562 1563 1490
f 1490 1563 1491
f 1563 1564 1491
f 1491 1564 1492
f 1564 1565 1492
f 1492 1565 1493
f 1565 1566 1493
f 1493 1566 1494
f 1566 1567 1494
f 1494 1567 1495
f 1567 1568 1495
f 1495 1568 1496
f 1568 1569 1496
f 1496 1569 1497
f 1569 1570 1497
f 1497 1570 1498
f 1570 1571 1498
f 1498 1571 1499
f 1571 1572 1499
f 1499 1572 1500
f 1572 1573 1500
f 1500 1573 1501
f 1573 1574 1501
f 1501 1574 1502
f 1574 1575 1502
f 1502 1575 1503
f 1575 1576 1503
f 1503 1576 1504
f 1576 1577 1504
f 1504 1577 1505
f 1577 1578 1505
f 1505 1578 1506
f 1578 1579 1506
f 1506 1579 1507
f 1579 1580 1507
f 1507 1580 1508
f 1580 1581 1508
f 1508 1581 1509
f 1581 1582 1509
f 1509 1582 1510
f 1582 1583 1510
f 1510 1583 1511
f 1583 1584 1511
f 1511 1584 1512
f 1584 1513 1512
f 1584 1585 1513
f 1585 1586 1513
f 1513 1586 1514
f 1586 1587 1514
f 1514 1587 1515
f 1587 1588 1515
f 1515 1588 1516
f 1588 1589 1516
f 1516 1589 1517
f 1589 1590 1517
f 1517 1590 1518
f 1590 1591 1518
f 1518 1591 1519
f 1591 1592 1519
f 1519 1592 1520
f 1592 1593 1520
f 1520 1593 1521
f 1593 1594 1521
f 1521 1594 1522
f 1594 1595 1522
f 1522 1595 1523
f 1595 1596 1523
f 1523 1596 1524
f 1596 1597 1524
f 1524 1597 1525
f 1597 1598 1525
f 1525 1598 1526
f 1598 1599 1526
f 1526 1599 1527
f 1599 1600 1527
f 1527 1600 1528
f 1600 1601 1528
f 1528 1601 1529
f 1601 1602 1529
f 1529 1602 1530
f 1602 1603 1530
f 1530 1603 1531
f 1603 1604 1531
f 1531 1604 1532
f 1604 1605 1532
f 1532 1605 1533
f 1605 1606 1533
f 1533 1606 1534
f 1606 1607 1534
f 1534 1607 1535
f 1607 1608 1535
f 1535 1608 1536
f 1608 1609 1536
f 1536 1609 1537
f 1609 1610 1537
f 1537 1610 1538
f 1610 1611 1538
f 1538 1611 1539
f 1611 1612 1539
f 1539 1612 1540
f 1612 1613 1540
f 1540 1613 1541
f 1613 1614 1541
f 1541 1614 1542
f 1614 1615 1542
f 1542 1615 1543
f 1615 1616 1543
f 1543 1616 1544
f 1616 1617 1544
f 1544 1617 1545
f 1617 1618 1545
f 1545 1618 1546
f 1618 1619 1546
f 1546 1619 1547
f 1619 1620 1547
f 1547 1620 1548
f 1620 1621 1548
f 1548 1621 1549
f 1621 1622 1549
f 1549 1622 1550
f 1622 1623 1550
f 1550 1623 1551
f 1623 1624 1551
f 1551 1624 1552
f 1624 1625 1552
f 1552 1625 1553
f 1625 1626 1553
f 1553 1626 1554
f 1626 1627 1554
f 1554 1627 1555
f 1627 1628 1555
f 1555 1628 1556
f 1628 1629 1556
f 1556 1629 1557
f 1629 1630 1557
f 1557 1630 1558
f 1630 1631 1558
f 1558 1631 1559
f 1631 1632 1559
f 1559 1632 1560
f 1632 1633 1560
f 1560 1633 1561
f 1633 1634 1561
f 1561 1634 1562
f 1634 1635 1562
f 1562 1635 1563
f 1635 1636 1563
f 1563 1636 1564
f 1636 1637 1564
f 1564 1637 1565
f 1637 1638 1565
f 1565 1638 1566
f 1638 1639 1566
f 1566 1639 1567
f 1639 1640 1567
f 1567 1640 1568
f 1640 1641 1568
f 1568 1641 1569
f 1641 1642 1569
f 1569 1642 1570
f 1642 1643 1570
f 1570 1643 1571
f 1643 1644 1571
f 1571 1644 1572
f 1644 1645 1572
f 1572 1645 1573
f 1645 1646 1573
f 1573 1646 1574
f 1646 1647 1574
f 1574 1647 1575
f 1647 1648 1575
f 1575 1648 1576
f 1648 1649 1576
f 1576 1649 1577
f 1649 1650 1577
f 1577 1650 1578
f 1650 1651 1578
f 1578 1651 1579
f 1651 1652 1579
f 1579 1652 1580
f 1652 1653 1580
f 1580 1653 1581
f 1653 1654 1581
f 1581 1654 1582
f 1654 1655 1582
f 1582 1655 1583
f 1655 1656 1583
f 1583 1656 1584
f 1656 1585 1584
f 1656 1657 1585
f 1657 1658 1585
f 1585 1658 1586
f 1658 1659 1586
f 1586 1659 1587
f 1659 1660 1587
f 1587 1660 1588
f 1660 1661 1588
f 1588 1661 1589
f 1661 1662 1589
f 1589 1662 1590
f 1662 1663 1590
f 1590 1663 1591
f 1663 1664 1591
f 1591 1664 1592
f 1664 1665 1592
f 1592 1665 1593
f 1665 1666 1593
f 1593 1666 1594
f 1666 1667 1594
f 1594 1667 1595
f 1667 1668 1595
f 1595 1668 1596
f 1668 1669 1596
f 1596 1669 1597
f 1669 1670 1597
f 1597 1670 1598
f 1670 1671 1598
f 1598 1671 1599
f 1671 1672 1599
f 1599 1672 1600
f 1672 1673 1600
f 1600 1673 1601
f 1673 1674 1601
f 1601 1674 1602
f 1674 1675 1602
f 1602 1675 1603
f 1675 1676 1603
f 1603 1676 1604
f 1676 1677 1604
f 1604 1677 1605
f 1677 1678 1605
f 1605 1678 1606
f 1678 1679 1606
f 1606 1679 1607
f 1679 1680 1607
f 1607 1680 1608
f 1680 1681 1608
f 1608 1681 1609
f 1681 1682 1609
f 1609 1682 1610
f 1682 1683 1610
f 1610 1683 1611
f 1683 1684 1611
f 1611 1684 1612
f 1684 1685 1612
f 1612 1685 1613
f 1685 1686 1613
f 1613 1686 1614
f 1686 1687 1614
f 1614 1687 1615
f 1687 1688 1615
f 1615 1688 1616
f 1688 1689 1616
f 1616 1689 1617
f 1689 1690 1617
f 1617 1690 1618
f 1690 1691 1618
f 1618 1691 1619
f 1691 1692 1619
f 1619 1692 1620
f 1692 1693 1620
f 1620 1693 1621
f 1693 1694 1621
f 1621 1694 1622
f 1694 1695 1622
f 1622 1695 1623
f 1695 1696 1623
f 1623 1696 1624
f 1696 1697 1624
f 1624 1697 1625
f 1697 1698 1625
f 1625 1698 1626
f 1698 1699 1626
f 1626 1699 1627
f 1699 1700 1627
f 1627 1700 1628
f 1700 1701 1628
f 1628 1701 1629
f 1701 1702 1629
f 1629 1702 1630
f 1702 1703 1630
f 1630 1703 1631
f 1703 1704 1631
f 1631 1704 1632
f 1704 1705 1632
f 1632 1705 1633
f 1705 1706 1633
f 1633 1706 1634
f 1706 1707 1634
f 1634 1707 1635
f 1707 1708 1635
f 1635 1708 1636
f 1708 1709 1636
f 1636 1709 1637
f 1709 1710 1637
f 1637 1710 1638
f 1710 1711 1638
f 1638 1711 1639
f 1711 1712 1639
f 1639 1712 1640
f 1712 1713 1640
f 1640 1713 1641
f 1713 1714 1641
f 1641 1714 1642
f 1714 1715 1642
f 1642 1715 1643
f 1715 1716 1643
f 1643 1716 1644
f 1716 1717 1644
f 1644 1717 1645
f 1717 1718 1645
f 1645 1718 1646
f 1718 1719 1646
f 1646 1719 1647
f 1719 1720 1647
f 1647 1720 1648
f 1720 1721 1648
f 1648 1721 1649
f 1721 1722 1649
f 1649 1722 1650
f 1722 1723 1650
f 1650 1723 1651
f 1723 1724 1651
f 1651 1724 1652
f 1724 1725 1652
f 1652 1725 1653
f 1725 1726 1653
f 1653 1726 1654
f 1726 1727 1654
f 1654 1727 1655
f 1727 1728 1655
f 1655 1728 1656
f 1728 1657 1656
f 1728 1729 1657
f 1729 1730 1657
f 1657 1730 1658
f 1730 1731 1658
f 1658 1731 1659
f 1731 1732 1659
f 1659 1732 1660
f 1732 1733 1660
f 1660 1733 1661
f 1733 1734 1661
f 1661 1734 1662
f 1734 1735 1662
f 1662 1735 1663
f 1735 1736 1663
f 1663 1736 1664
f 1736 1737 1664
f 1664 1737 1665
f 1737 1738 1665
f 1665 1738 1666
f 1738 1739 1666
f 1666 1739 1667
f 1739 1740 1667
f 1667 1740 1668
f 1740 1741 1668
f 1668 1741 1669
f 1741 1742 1669
f 1669 1742 1670
f 1742 1743 1670
f 1670 1743 1671
f 1743 1744 1671
f 1671 1744 1672
f 1744 1745 1672
f 1672 1745 1673
f 1745 1746 1673
f 1673 1746 1674
f 1746 1747 1674
f 1674 1747 1675
f 1747 1748 1675
f 1675 1748 1676
f 1748 1749 1676
f 1676 1749 1677
f 1749 1750 1677
f 1677 1750 1678
f 1750 1751 1678
f 1678 1751 1679
f 1751 1752 1679
f 1679 1752 1680
f 1752 1753 1680
f 1680 1753 1681
f 1753 1754 1681
f 1681 1754 1682
f 1754 1755 1682
f 1682 1755 1683
f 1755 1756 1683
f 1683 1756 1684
f 1756 1757 1684
f 1684 1757 1685
f 1757 1758 1685
f 1685 1758 1686
f 1758 1759 1686
f 1686 1759 1687
f 1759 1760 1687
f 1687 1760 1688
f 1760 1761 1688
f 1688 1761 1689
f 1761 1762 1689
f 1689 1762 1690
f 1762 1763 1690
f 1690 1763 1691
f 1763 1764 1691
f 1691 1764 1692
f 1764 1765 1692
f 1692 1765 1693
f 1765 1766 1693
f 1693 1766 1694
f 1766 1767 1694
f 1694 1767 1695
f 1767 1768 1695
f 1695 1768 1696
f 1768 1769 1696
f 1696 1769 1697
f 1769 1770 1697
f 1697 1770 1698
f 1770 1771 1698
f 1698 1771 1699
f 1771 1772 1699
f 1699 1772 1700
f 1772 1773 1700
f 1700 1773 1701
f 1773 1774 1701
f 1701 1774 1702
f 1774 1775 1702
f 1702 1775 1703
f 1775 1776 1703
f 1703 1776 1704
f 1776 1777 1704
f 1704 1777 1705
f 1777 1778 1705
f 1705 1778 1706
f 1778 1779 1706
f 1706 1779 1707
f 1779 1780 1707
f 1707 1780 1708
f 1780 1781 1708
f 1708 1781 1709
f 1781 1782 1709
f 1709 1782 1710
f 1782 1783 1710
f 1710 1783 1711
f 1783 1784 1711
f 1711 1784 1712
f 1784 1785 1712
f 1712 1785 1713
f 1785 1786 1713
f 1713 1786 1714
f 1786 1787 1714
f 1714 1787 1715
f 1787 1788 1715
f 1715 1788 1716
f 1788 1789 1716
f 1716 1789 1717
f 1789 1790 1717
f 1717 1790 1718
f 1790 1791 1718
f 1718 1791 1719
f 1791 1792 1719
f 1719 1792 1720
f 1792 1793 1720
f 1720 1793 1721
f 1793 1794 1721
f 1721 1794 1722
f 1794 1795 1722
f 1722 1795 1723
f 1795 1796 1723
f 1723 1796 1724
f 1796 1797 1724
f 1724 1797 1725
f 1797 1798 1725
f 1725 1798 1726
f 1798 1799 1726
f 1726 1799 1727
f 1799 1800 1727
f 1727 1800 1728
f 1800 1729 1728
f 1800 1801 1729
f 1801 1802 1729
f 1729 1802 1730
f 1802 1803 1730
f 1730 1803 1731
f 1803 1804 1731
f 1731 1804 1732
f 1804 1805 1732
f 1732 1805 1733
f 1805 1806 1733
f 1733 1806 1734
f 1806 1807 1734
f 1734 1807 1735
f 1807 1808 1735
f 1735 1808 1736
f 1808 1809 1736
f 1736 1809 1737
f 1809 1810 1737
f 1737 1810 1738
f 1810 1811 1738
f 1738 1811 1739
f 1811 1812 1739
f 1739 1812 1740
f 1812 1813 1740
f 1740 1813 1741
f 1813 1814 1741
f 1741 1814 1742
f 1814 1815 1742
f 1742 1815 1743
f 1815 1816 1743
f 1743 1816 1744
f 1816 1817 1744
f 1744 1817 1745
f 1817 1818 1745
f 1745 1818 1746
f 1818 1819 1746
f 1746 1819 1747
f 1819 1820 1747
f 1747 1820 1748
f 1820 1821 1748
f 1748 1821 1749
f 1821 1822 1749
f 1749 1822 1750
f 1822 1823 1750
f 1750 1823 1751
f 1823 1824 1751
f 1751 1824 1752
f 1824 1825 1752
f 1752 1825 1753
f 1825 1826 1753
f 1753 1826 1754
f 1826 1827 1754
f 1754 1827 1755
f 1827 1828 1755
f 1755 1828 1756
f 1828 1829 1756
f 1756 1829 1757
f 1829 1830 1757
f 1757 1830 1758
f 1830 1831 1758
f 1758 1831 1759
f 1831 1832 1759
f 1759 1832 1760
f 1832 1833 1760
f 1760 1833 1761
f 1833 1834 1761
f 1761 1834 1762
f 1834 1835 1762
f 1762 1835 1763
f 1835 1836 1763
f 1763 1836 1764
f 1836 1837 1764
f 1764 1837 1765
f 1837 1838 1765
f 1765 1838 1766
f 1838 1839 1766
f 1766 1839 1767
f 1839 1840 1767
f 1767 1840 1768
f 1840 1841 1768
f 1768 1841 1769
f 1841 1842 1769
f 1769 1842 1770
f 1842 1843 1770
f 1770 1843 1771
f 1843 1844 1771
f 1771 1844 1772
f 1844 1845 1772
f 1772 1845 1773
f 1845 1846 1773
f 1773 1846 1774
f 1846 1847 1774
f 1774 1847 1775
f 1847 1848 1775
f 1775 1848 1776
f 1848 1849 1776
f 1776 1849 1777
f 1849 1850 1777
f 1777 1850 1778
f 1850 1851 1778
f 1778 1851 1779
f 1851 1852 1779
f 1779 1852 1780
f 1852 1853 1780
f 1780 1853 1781
f 1853 1854 1781
f 1781 1854 1782
f 1854 1855 1782
f 1782 1855 1783
f 1855 1856 1783
f 1783 1856 1784
f 1856 1857 1784
f 1784 1857 1785
f 1857 1858 1785
f 1785 1858 1786
f 1858 1859 1786
f 1786 1859 1787
f 1859 1860 1787
f 1787 1860 1788
f 1860 1861 1788
f 1788 1861 1789
f 1861 1862 1789
f 1789 1862 1790
f 1862 1863 1790
f 1790 1863 1791
f 1863 1864 1791
f 1791 1864 1792
f 1864 1865 1792
f 1792 1865 1793
f 1865 1866 1793
f 1793 1866 1794
f 1866 1867 1794
f 1794 1867 1795
f 1867 1868 1795
f 1795 1868 1796
f 1868 1869 1796
f 1796 1869 1797
f 1869 1870 1797
f 1797 1870 1798
f 1870 1871 1798
f 1798 1871 1799
f 1871 1872 1799
f 1799 1872 1800
f 1872 1801 1800
f 1872 1873 1801
f 1873 1874 1801
f 1801 1874 1802
f 1874 1875 1802
f 1802 1875 1803
f 1875 1876 1803
f 1803 1876 1804
f 1876 1877 1804
f 1804 1877 1805
f 1877 1878 1805
f 1805 1878 1806
f 1878 1879 1806
f 1806 1879 1807
f 1879 1880 1807
f 1807 1880 1808
f 1880 1881 1808
f 1808 1881 1809
f 1881 1882 1809
f 1809 1882 1810
f 1882 1883 1810
f 1810 1883 1811
f 1883 1884 1811
f 1811 1884 1812
f 1884 1885 1812
f 1812 1885 1813
f 1885 1886 1813
f 1813 1886 1814
f 1886 1887 1814
f 1814 1887 1815
f 1887 1888 1815
f 1815 1888 1816
f 1888 1889 1816
f 1816 1889 1817
f 1889 1890 1817
f 1817 1890 1818
f 1890 1891 1818
f 1818 1891 1819
f 1891 1892 1819
f 1819 1892 1820
f 1892 1893 1820
f 1820 1893 1821
f 1893 1894 1821
f 1821 1894 1822
f 1894 1895 1822
f 1822 1895 1823
f 1895 1896 1823
f 1823 1896 1824
f 1896 1897 1824
f 1824 1897 1825
f 1897 1898 1825
f 1825 1898 1826
f 1898 1899 1826
f 1826 1899 1827
f 1899 1900 1827
f 1827 1900 1828
f 1900 1901 1828
f 1828 1901 1829
f 1901 1902 1829
f 1829 1902 1830
f 1902 1903 1830
f 1830 1903 1831
f 1903 1904 1831
f 1831 1904 1832
f 1904 1905 1832
f 1832 1905 1833
f 1905 1906 1833
f 1833 1906 1834
f 1906 1907 1834
f 1834 1907 1835
f 1907 1908 1835
f 1835 1908 1836
f 1908 1909 1836
f 1836 1909 1837
f 1909 1910 1837
f 1837 1910 1838
f 1910 1911 1838
f 1838 1911 1839
f 1911 1912 1839
f 1839 1912 1840
f 1912 1913 1840
f 1840 1913 1841
f 1913 1914 1841
f 1841 1914 1842
f 1914 1915 1842
f 1842 1915 1843
f 1915 1916 1843
f 1843 1916 1844
f 1916 1917 1844
f 1844 1917 1845
f 1917 1918 1845
f 1845 1918 1846
f 1918 1919 1846
f 1846 1919 1847
f 1919 1920 1847
f 1847 1920 1848
f 1920 1921 1848
f 1848 1921 1849
f 1921 1922 1849
f 1849 1922 1850
f 1922 1923 1850
f 1850 1923 1851
f 1923 1924 1851
f 1851 1924 1852
f 1924 1925 1852
f 1852 1925 1853
f 1925 1926 1853
f 1853 1926 1854
f 1926 1927 1854
f 1854 1927 1855
f 1927 1928 1855
f 1855 1928 1856
f 1928 1929 1856
f 1856 1929 1857
f 1929 1930 1857
f 1857 1930 1858
f 1930 1931 1858
f 1858 1931 1859
f 1931 1932 1859
f 1859 1932 1860
f 1932 1933 1860
f 1860 1933 1861
f 1933 1934 1861
f 1861 1934 1862
f 1934 1935 1862
f 1862 1935 1863
f 1935 1936 1863
f 1863 1936 1864
f 1936 1937 1864
f 1864 1937 1865
f 1937 1938 1865
f 1865 1938 1866
f 1938 1939 1866
f 1866 1939 1867
f 1939 1940 1867
f 1867 1940 1868
f 1940 1941 1868
f 1868 1941 1869
f 1941 1942 1869
f 1869 1942 1870
f 1942 1943 1870
f 1870 1943 1871
f 1943 1944 1871
f 1871 1944 1872
f 1944 1873 1872
f 1944 1945 1873
f 1945 1946 1873
f 1873 1946 1874
f 1946 1947 1874
f 1874 1947 1875
f 1947 1948 1875
f 1875 1948 1876
f 1948 1949 1876
f 1876 1949 1877
f 1949 1950 1877
f 1877 1950 1878
f 1950 1951 1878
f 1878 1951 1879
f 1951 1952 1879
f 1879 1952 1880
f 1952 1953 1880
f 1880 1953 1881
f 1953 1954 1881
f 1881 1954 1882
f 1954 1955 1882
f 1882 1955 1883
f 1955 1956 1883
f 1883 1956 1884
f 1956 1957 1884
f 1884 1957 1885
f 1957 1958 1885
f 1885 1958 1886
f 1958 1959 1886
f 1886 1959 1887
f 1959 1960 1887
f 1887 1960 1888
f 1960 1961 1888
f 1888 1961 1889
f 1961 1962 1889
f 1889 1962 1890
f 1962 1963 1890
f 1890 1963 1891
f 1963 1964 1891
f 1891 1964 1892
f 1964 1965 1892
f 1892 1965 1893
f 1965 1966 1893
f 1893 1966 1894
f 1966 1967 1894
f 1894 1967 1895
f 1967 1968 1895
f 1895 1968 1896
f 1968 1969 1896
f 1896 1969 1897
f 1969 1970 1897
f 1897 1970 1898
f 1970 1971 1898
f 1898 1971 1899
f 1971 1972 1899
f 1899 1972 1900
f 1972 1973 1900
f 1900 1973 1901
f 1973 1974 1901
f 1901 1974 1902
f 1974 1975 1902
f 1902 1975 1903
f 1975 1976 1903
f 1903 1976 1904
f 1976 1977 1904
f 1904 1977 1905
f 1977 1978 1905
f 1905 1978 1906
f 1978 1979 1906
f 1906 1979 1907
f 1979 1980 1907
f 1907 1980 1908
f 1980 1981 1908
f 1908 1981 1909
f 1981 1982 1909
f 1909 1982 1910
f 1982 1983 1910
f 1910 1983 1911
f 1983 1984 1911
f 1911 1984 1912
f 1984 1985 1912
f 1912 1985 1913
f 1985 1986 1913
f 1913 1986 1914
f 1986 1987 1914
f 1914 1987 1915
f 1987 1988 1915
f 1915 1988 1916
f 1988 1989 1916
f 1916 1989 1917
f 1989 1990 1917
f 1917 1990 1918
f 1990 1991 1918
f 1918 1991 1919
f 1991 1992 1919
f 1919 1992 1920
f 1992 1993 1920
f 1920 1993 1921
f 1993 1994 1921
f 1921 1994 1922
f 1994 1995 1922
f 1922 1995 1923
f 1995 1996 1923
f 1923 1996 1924
f 1996 1997 1924
f 1924 1997 1925
f 1997 1998 1925
f 1925 1998 1926
f 1998 1999 1926
f 1926 1999 1927
f 1999 2000 1927
f 1927 2000 1928
f 2000 2001 1928
f 1928 2001 1929
f 2001 2002 1929
f 1929 2002 1930
f 2002 2003 1930
f 1930 2003 1931
f 2003 2004 1931
f 1931 2004 1932
f 2004 2005 1932
f 1932 2005 1933
f 2005 2006 1933
f 1933 2006 1934
f 2006 2007 1934
f 1934 2007 1935
f 2007 2008 1935
f 1935 2008 1936
f 2008 2009 1936
f 1936 2009 1937
f 2009 2010 1937
f 1937 2010 1938
f 2010 2011 1938
f 1938 2011 1939
f 2011 2012 1939
f 1939 2012 1940
f 2012 2013 1940
f 1940 2013 1941
f 2013 2014 1941
f 1941 2014 1942
f 2014 2015 1942
f 1942 2015 1943
f 2015 2016 1943
f 1943 2016 1944
f 2016 1945 1944
f 2016 2017 1945
f 2017 2018 1945
f 1945 2018 1946
f 2018 2019 1946
f 1946 2019 1947
f 2019 2020 1947
f 1947 2020 1948
f 2020 2021 1948
f 1948 2021 1949
f 2021 2022 1949
f 1949 2022 1950
f 2022 2023 1950
f 1950 2023 1951
f 2023 2024 1951
f 1951 2024 1952
f 2024 2025 1952
f 1952 2025 1953
f 2025 2026 1953
f 1953 2026 1954
f 2026 2027 1954
f 1954 2027 1955
f 2027 2028 1955
f 1955 2028 1956
f 2028 2029 1956
f 1956 2029 1957
f 2029 2030 1957
f 1957 2030 1958
f 2030 2031 1958
f 1958 2031 1959
f 2031 2032 1959
f 1959 2032 1960
f 2032 2033 1960
f 1960 2033 1961
f 2033 2034 1961
f 1961 2034 1962
f 2034 2035 1962
f 1962 2035 1963
f 2035 2036 1963
f 1963 2036 1964
f 2036 2037 1964
f 1964 2037 1965
f 2037 2038 1965
f 1965 2038 1966
f 2038 2039 1966
f 1966 2039 1967
f 2039 2040 1967
f 1967 2040 1968
f 2040 2041 1968
f 1968 2041 1969
f 2041 2042 1969
f 1969 2042 1970
f 2042 2043 1970
f 1970 2043 1971
f 2043 2044 1971
f 1971 2044 1972
f 2044 2045 1972
f 1972 2045 1973
f 2045 2046 1973
f 1973 2046 1974
f 2046 2047 1974
f 1974 2047 1975
f 2047 2048 1975
f 1975 2048 1976
f 2048 2049 1976
f 1976 2049 1977
f 2049 2050 1977
f 1977 2050 1978
f 2050 2051 1978
f 1978 2051 1979
f 2051 2052 1979
f 1979 2052 1980
f 2052 2053 1980
f 1980 2053 1981
f 2053 2054 1981
f 1981 2054 1982
f 2054 2055 1982
f 1982 2055 1983
f 2055 2056 1983
f 1983 2056 1984
f 2056 2057 1984
f 1984 2057 1985
f 2057 2058 1985
f 1985 2058 1986
f 2058 2059 1986
f 1986 2059 1987
f 2059 2060 1987
f 1987 2060 1988
f 2060 2061 1988
f 1988 2061 1989
f 2061 2062 1989
f 1989 2062 1990
f 2062 2063 1990
f 1990 2063 1991
f 2063 2064 1991
f 1991 2064 1992
f 2064 2065 1992
f 1992 2065 1993
f 2065 2066 1993
f 1993 2066 1994
f 2066 2067 1994
f 1994 2067 1995
f 2067 2068 1995
f 1995 2068 1996
f 2068 2069 1996
f 1996 2069 1997
f 2069 2070 1997
f 1997 2070 1998
f 2070 2071 1998
f 1998 2071 1999
f 2071 2072 1999
f 1999 2072 2000
f 2072 2073 2000
f 2000 2073 2001
f 2073 2074 2001
f 2001 2074 2002
f 2074 2075 2002
f 2002 2075 2003
f 2075 2076 2003
f 2003 2076 2004
f 2076 2077 2004
f 2004 2077 2005
f 2077 2078 2005
f 2005 2078 2006
f 2078 2079 2006
f 2006 2079 2007
f 2079 2080 2007
f 2007 2080 2008
f 2080 2081 2008
f 2008 2081 2009
f 2081 2082 2009
f 2009 2082 2010
f 2082 2083 2010
f 2010 2083 2011
f 2083 2084 2011
f 2011 2084 2012
f 2084 2085 2012
f 2012 2085 2013
f 2085 2086 2013
f 2013 2086 2014
f 2086 2087 2014
f 2014 2087 2015
f 2087 2088 2015
f 2015 2088 2016
f 2088 2017 2016
f 2088 2089 2017
f 2089 2090 2017
f 2017 2090 2018
f 2090 2091 2018
f 2018 2091 2019
f 2091 2092 2019
f 2019 2092 2020
f 2092 2093 2020
f 2020 2093 2021
f 2093 2094 2021
f 2021 2094 2022
f 2094 2095 2022
f 2022 2095 2023
f 2095 2096 2023
f 2023 2096 2024
f 2096 2097 2024
f 2024 2097 2025
f 2097 2098 2025
f 2025 2098 2026
f 2098 2099 2026
f 2026 2099 2027
f 2099 2100 2027
f 2027 2100 2028
f 2100 2101 2028
f 2028 2101 2029
f 2101 2102 2029
f 2029 2102 2030
f 2102 2103 2030
f 2030 2103 2031
f 2103 2104 2031
f 2031 2104 2032
f 2104 2105 2032
f 2032 2105 2033
f 2105 2106 2033
f 2033 2106 2034
f 2106 2107 2034
f 2034 2107 2035
f 2107 2108 2035
f 2035 2108 2036
f 2108 2109 2036
f 2036 2109 2037
f 2109 2110 2037
f 2037 2110 2038
f 2110 2111 2038
f 2038 2111 2039
f 2111 2112 2039
f 2039 2112 2040
f 2112 2113 2040
f 2040 2113 2041
f 2113 2114 2041
f 2041 2114 2042
f 2114 2115 2042
f 2042 2115 2043
f 2115 2116 2043
f 2043 2116 2044
f 2116 2117 2044
f 2044 2117 2045
f 2117 2118 2045
f 2045 2118 2046
f 2118 2119 2046
f 2046 2119 2047
f 2119 2120 2047
f 2047 2120 2048
f 2120 2121 2048
f 2048 2121 2049
f 2121 2122 2049
f 2049 2122 2050
f 2122 2123 2050
f 2050 2123 2051
f 2123 2124 2051
f 2051 2124 2052
f 2124 2125 2052
f 2052 2125 2053
f 2125 2126 2053
f 2053 2126 2054
f 2126 2127 2054
f 2054 2127 2055
f 2127 2128 2055
f 2055 2128 2056
f 2128 2129 2056
f 2056 2129 2057
f 2129 2130 2057
f 2057 2130 2058
f 2130 2131 2058
f 2058 2131 2059
f 2131 2132 2059
f 2059 2132 2060
f 2132 2133 2060
f 2060 2133 2061
f 2133 2134 2061
f 2061 2134 2062
f 2134 2135 2062
f 2062 2135 2063
f 2135 2136 2063
f 2063 2136 2064
f 2136 2137 2064
f 2064 2137 2065
f 2137 2138 2065
f 2065 2138 2066
f 2138 2139 2066
f 2066 2139 2067
f 2139 2140 2067
f 2067 2140 2068
f 2140 2141 2068
f 2068 2141 2069
f 2141 2142 2069
f 2069 2142 2070
f 2142 2143 2070
f 2070 2143 2071
f 2143 2144 2071
f 2071 2144 2072
f 2144 2145 2072
f 2072 2145 2073
f 2145 2146 2073
f 2073 2146 2074
f 2146 2147 2074
f 2074 2147 2075
f 2147 2148 2075
f 2075 2148 2076
f 2148 2149 2076
f 2076 2149 2077
f 2149 2150 2077
f 2077 2150 2078
f 2150 2151 2078
f 2078 2151 2079
f 2151 2152 2079
f 2079 2152 2080
f 2152 2153 2080
f 2080 2153 2081
f 2153 2154 2081
f 2081 2154 2082
f 2154 2155 2082
f 2082 2155 2083
f 2155 2156 2083
f 2083 2156 2084
f 2156 2157 2084
f 2084 2157 2085
f 2157 2158 2085
f 2085 2158 2086
f 2158 2159 2086
f 2086 2159 2087
f 2159 2160 2087
f 2087 2160 2088
f 2160 2089 2088
f 2160 2161 2089
f 2161 2162 2089
f 2089 2162 2090
f 2162 2163 2090
f 2090 2163 2091
f 2163 2164 2091
f 2091 2164 2092
f 2164 2165 2092
f 2092 2165 2093
f 2165 2166 2093
f 2093 2166 2094
f 2166 2167 2094
f 2094 2167 2095
f 2167 2168 2095
f 2095 2168 2096
f 2168 2169 2096
f 2096 2169 2097
f 2169 2170 2097
f 2097 2170 2098
f 2170 2171 2098
f 2098 2171 2099
f 2171 2172 2099
f 2099 2172 2100
f 2172 2173 2100
f 2100 2173 2101
f 2173 2174 2101
f 2101 2174 2102
f 2174 2175 2102
f 2102 2175 2103
f 2175 2176 2103
f 2103 2176 2104
f 2176 2177 2104
f 2104 2177 2105
f 2177 2178 2105
f 2105 2178 2106
f 2178 2179 2106
f 2106 2179 2107
f 2179 2180 2107
f 2107 2180 2108
f 2180 2181 2108
f 2108 2181 2109
f 2181 2182 2109
f 2109 2182 2110
f 2182 2183 2110
f 2110 2183 2111
f 2183 2184 2111
f 2111 2184 2112
f 2184 2185 2112
f 2112 2185 2113
f 2185 2186 2113
f 2113 2186 2114
f 2186 2187 2114
f 2114 2187 2115
f 2187 2188 2115
f 2115 2188 2116
f 2188 2189 2116
f 2116 2189 2117
f 2189 2190 2117
f 2117 2190 2118
f 2190 2191 2118
f 2118 2191 2119
f 2191 2192 2119
f 2119 2192 2120
f 2192 2193 2120
f 2120 2193 2121
f 2193 2194 2121
f 2121 2194 2122
f 2194 2195 2122
f 2122 2195 2123
f 2195 2196 2123
f 2123 2196 2124
f 2196 2197 2124
f 2124 2197 2125
f 2197 2198 2125
f 2125 2198 2126
f 2198 2199 2126
f 2126 2199 2127
f 2199 2200 2127
f 2127 2200 2128
f 2200 2201 2128
f 2128 2201 2129
f 2201 2202 2129
f 2129 2202 2130
f 2202 2203 2130
f 2130 2203 2131
f 2203 2204 2131
f 2131 2204 2132
f 2204 2205 2132
f 2132 2205 2133
f 2205 2206 2133
f 2133 2206 2134
f 2206 2207 2134
f 2134 2207 2135
f 2207 2208 2135
f 2135 2208 2136
f 2208 2209 2136
f 2136 2209 2137
f 2209 2210 2137
f 2137 2210 2138
f 2210 2211 2138
f 2138 2211 2139
f 2211 2212 2139
f 2139 2212 2140
f 2212 2213 2140
f 2140 2213 2141
f 2213 2214 2141
f 2141 2214 2142
f 2214 2215 2142
f 2142 2215 2143
f 2215 2216 2143
f 2143 2216 2144
f 2216 2217 2144
f 2144 2217 2145
f 2217 2218 2145
f 2145 2218 2146
f 2218 2219 2146
f 2146 2219 2147
f 2219 2220 2147
f 2147 2220 2148
f 2220 2221 2148
f 2148 2221 2149
f 2221 2222 2149
f 2149 2222 2150
f 2222 2223 2150
f 2150 2223 2151
f 2223 2224 2151
f 2151 2224 2152
f 2224 2225 2152
f 2152 2225 2153
f 2225 2226 2153
f 2153 2226 2154
f 2226 2227 2154
f 2154 2227 2155
f 2227 2228 2155
f 2155 2228 2156
f 2228 2229 2156
f 2156 2229 2157
f 2229 2230 2157
f 2157 2230 2158
f 2230 2231 2158
f 2158 2231 2159
f 2231 2232 2159
f 2159 2232 2160
f 2232 2161 2160
f 2232 2233 2161
f 2233 2234 2161
f 2161 2234 2162
f 2234 2235 2162
f 2162 2235 2163
f 2235 2236 2163
f 2163 2236 2164
f 2236 2237 2164
f 2164 2237 2165
f 2237 2238 2165
f 2165 2238 2166
f 2238 2239 2166
f 2166 2239 2167
f 2239 2240 2167
f 2167 2240 2168
f 2240 2241 2168
f 2168 2241 2169
f 2241 2242 2169
f 2169 2242 2170
f 2242 2243 2170
f 2170 2243 2171
f 2243 2244 2171
f 2171 2244 2172
f 2244 2245 2172
f 2172 2245 2173
f 2245 2246 2173
f 2173 2246 2174
f 2246 2247 2174
f 2174 2247 2175
f 2247 2248 2175
f 2175 2248 2176
f 2248 2249 2176
f 2176 2249 2177
f 2249 2250 2177
f 2177 2250 2178
f 2250 2251 2178
f 2178 2251 2179
f 2251 2252 2179
f 2179 2252 2180
f 2252 2253 2180
f 2180 2253 2181
f 2253 2254 2181
f 2181 2254 2182
f 2254 2255 2182
f 2182 2255 2183
f 2255 2256 2183
f 2183 2256 2184
f 2256 2257 2184
f 2184 2257 2185
f 2257 2258 2185
f 2185 2258 2186
f 2258 2259 2186
f 2186 2259 2187
f 2259 2260 2187
f 2187 2260 2188
f 2260 2261 2188
f 2188 2261 2189
f 2261 2262 2189
f 2189 2262 2190
f 2262 2263 2190
f 2190 2263 2191
f 2263 2264 2191
f 2191 2264 2192
f 2264 2265 2192
f 2192 2265 2193
f 2265 2266 2193
f 2193 2266 2194
f 2266 2267 2194
f 2194 2267 2195
f 2267 2268 2195
f 2195 2268 2196
f 2268 2269 2196
f 2196 2269 2197
f 2269 2270 2197
f 2197 2270 2198
f 2270 2271 2198
f 2198 2271 2199
f 2271 2272 2199
f 2199 2272 2200
f 2272 2273 2200
f 2200 2273 2201
f 2273 2274 2201
f 2201 2274 2202
f 2274 2275 2202
f 2202 2275 2203
f 2275 2276 2203
f 2203 2276 2204
f 2276 2277 2204
f 2204 2277 2205
f 2277 2278 2205
f 2205 2278 2206
f 2278 2279 2206
f 2206 2279 2207
f 2279 2280 2207
f 2207 2280 2208
f 2280 2281 2208
f 2208 2281 2209
f 2281 2282 2209
f 2209 2282 2210
f 2282 2283 2210
f 2210 2283 2211
f 2283 2284 2211
f 2211 2284 2212
f 2284 2285 2212
f 2212 2285 2213
f 2285 2286 2213
f 2213 2286 2214
f 2286 2287 2214
f 2214 2287 2215
f 2287 2288 2215
f 2215 2288 2216
f 2288 2289 2216
f 2216 2289 2217
f 2289 2290 2217
f 2217 2290 2218
f 2290 2291 2218
f 2218 2291 2219
f 2291 2292 2219
f 2219 2292 2220
f 2292 2293 2220
f 2220 2293 2221
f 2293 2294 2221
f 2221 2294 2222
f 2294 2295 2222
f 2222 2295 2223
f 2295 2296 2223
f 2223 2296 2224
f 2296 2297 2224
f 2224 2297 2225
f 2297 2298 2225
f 2225 2298 2226
f 2298 2299 2226
f 2226 2299 2227
f 2299 2300 2227
f 2227 2300 2228
f 2300 2301 2228
f 2228 2301 2229
f 2301 2302 2229
f 2229 2302 2230
f 2302 2303 2230
f 2230 2303 2231
f 2303 2304 2231
f 2231 2304 2232
f 2304 2233 2232
f 2304 219 2233
f 219 221 2233
f 2233 221 2234
f 221 223 2234
f 2234 223 2235
f 223 225 2235
f 2235 225 2236
f 225 227 2236
f 2236 227 2237
f 227 229 2237
f 2237 229 2238
f 229 231 2238
f 2238 231 2239
f 231 233 2239
f 2239 233 2240
f 233 235 2240
f 2240 235 2241
f 235 237 2241
f 2241 237 2242
f 237 239 2242
f 2242 239 2243
f 239 241 2243
f 2243 241 2244
f 241 243 2244
f 2244 243 2245
f 243 245 2245
f 2245 245 2246
f 245 247 2246
f 2246 247 2247
f 247 249 2247
f 2247 249 2248
f 249 251 2248
f 2248 251 2249
f 251 253 2249
f 2249 253 2250
f 253 255 2250
f 2250 255 2251
f 255 257 2251
f 2251 257 2252
f 257 259 2252
f 2252 259 2253
f 259 261 2253
f 2253 261 2254
f 261 263 2254
f 2254 263 2255
f 263 265 2255
f 2255 265 2256
f 265 267 2256
f 2256 267 2257
f 267 269 2257
f 2257 269 2258
f 269 271 2258
f 2258 271 2259
f 271 273 2259
f 2259 273 2260
f 273 275 2260
f 2260 275 2261
f 275 277 2261
f 2261 277 2262
f 277 279 2262
f 2262 279 2263
f 279 281 2263
f 2263 281 2264
f 281 283 2264
f 2264 283 2265
f 283 285 2265
f 2265 285 2266
f 285 287 2266
f 2266 287 2267
f 287 289 2267
f 2267 289 2268
f 289 291 2268
f 2268 291 2269
f 291 293 2269
f 2269 293 2270
f 293 295 2270
f 2270 295 2271
f 295 297 2271
f 2271 297 2272
f 297 299 2272
f 2272 299 2273
f 299 301 2273
f 2273 301 2274
f 301 303 2274
f 2274 303 2275
f 303 305 2275
f 2275 305 2276
f 305 307 2276
f 2276 307 2277
f 307 309 2277
f 2277 309 2278
f 309 311 2278
f 2278 311 2279
f 311 313 2279
f 2279 313 2280
f 313 315 2280
f 2280 315 2281
f 315 317 2281
f 2281 317 2282
f 317 319 2282
f 2282 319 2283
f 319 321 2283
f 2283 321 2284
f 321 323 2284
f 2284 323 2285
f 323 325 2285
f 2285 325 2286
f 325 327 2286
f 2286 327 2287
f 327 329 2287
f 2287 329 2288
f 329 331 2288
f 2288 331 2289
f 331 333 2289
f 2289 333 2290
f 333 335 2290
f 2290 335 2291
f 335 337 2291
f 2291 337 2292
f 337 339 2292
f 2292 339 2293
f 339 341 2293
f 2293 341 2294
f 341 343 2294
f 2294 343 2295
f 343 345 2295
f 2295 345 2296
f 345 347 2296
f 2296 347 2297
f 347 349 2297
f 2297 349 2298
f 349 351 2298
f 2298 351 2299
f 351 353 2299
f 2299 353 2300
f 353 355 2300
f 2300 355 2301
f 355 357 2301
f 2301 357 2302
f 357 359 2302
f 2302 359 2303
f 359 217 2303
f 2303 217 2304
f 217 219 2304
f 2305 367 2306
f 367 369 2306
f 2306 369 2307
f 369 371 2307
f 2307 371 2308
f 371 373 2308
f 2308 373 2309
f 373 375 2309
f 2309 375 2310
f 375 377 2310
f 2310 377 2311
f 377 379 2311
f 2311 379 2312
f 379 381 2312
f 2312 381 2313
f 381 383 2313
f 2313 383 2314
f 383 385 2314
f 2314 385 2315
f 385 387 2315
f 2315 387 2316
f 387 389 2316
f 2316 389 2317
f 389 391 2317
f 2317 391 2318
f 391 393 2318
f 2318 393 2319
f 393 395 2319
f 2319 395 2320
f 395 397 2320
f 2320 397 2321
f 397 399 2321
f 2321 399 2322
f 399 401 2322
f 2322 401 2323
f 401 403 2323
f 2323 403 2324
f 403 405 2324
f 2324 405 2325
f 405 407 2325
f 2325 407 2326
f 407 409 2326
f 2326 409 2327
f 409 411 2327
f 2327 411 2328
f 411 413 2328
f 2328 413 2329
f 413 415 2329
f 2329 415 2330
f 415 417 2330
f 2330 417 2331
f 417 419 2331
f 2331 419 2332
f 419 421 2332
f 2332 421 2333
f 421 423 2333
f 2333 423 2334
f 423 425 2334
f 2334 425 2335
f 425 427 2335
f 2335 427 2336
f 427 429 2336
f 2336 429 2337
f 429 431 2337
f 2337 431 2338
f 431 433 2338
f 2338 433 2339
f 433 435 2339
f 2339 435 2340
f 435 437 2340
f 2340 437 2341
f 437 439 2341
f 2341 439 2342
f 439 441 2342
f 2342 441 2343
f 441 443 2343
f 2343 443 2344
f 443 445 2344
f 2344 445 2345
f 445 447 2345
f 2345 447 2346
f 447 449 2346
f 2346 449 2347
f 449 451 2347
f 2347 451 2348
f 451 453 2348
f 2348 453 2349
f 453 455 2349
f 2349 455 2350
f 455 457 2350
f 2350 457 2351
f 457 459 2351
f 2351 459 2352
f 459 461 2352
f 2352 461 2353
f 461 463 2353
f 2353 463 2354
f 463 465 2354
f 2354 465 2355
f 465 467 2355
f 2355 467 2356
f 467 469 2356
f 2356 469 2357
f 469 471 2357
f 2357 471 2358
f 471 473 2358
f 2358 473 2359
f 473 475 2359
f 2359 475 2360
f 475 477 2360
f 2360 477 2361
f 477 479 2361
f 2361 479 2362
f 479 481 2362
f 2362 481 2363
f 481 483 2363
f 2363 483 2364
f 483 485 2364
f 2364 485 2365
f 485 487 2365
f 2365 487 2366
f 487 489 2366
f 2366 489 2367
f 489 491 2367
f 2367 491 2368
f 491 493 2368
f 2368 493 2369
f 493 495 2369
f 2369 495 2370
f 495 497 2370
f 2370 497 2371
f 497 499 2371
f 2371 499 2372
f 499 501 2372
f 2372 501 2373
f 501 503 2373
f 2373 503 2374
f 503 361 2374
f 2374 361 2375
f 361 363 2375
f 2375 363 2376
f 363 365 2376
f 2376 365 2305
f 365 367 2305
f 2377 2378 2379
f 2378 2380 2379
f 2379 2380 2381
f 2380 2382 2381
f 2381 2382 2383
f 2382 2384 2383
f 2383 2384 2385
f 2384 2386 2385
f 2385 2386 2387
f 2386 2388 2387
f 2387 2388 2389
f 2388 2390 2389
f 2389 2390 2391
f 2390 2392 2391
f 2391 2392 2393
f 2392 2394 2393
f 2393 2394 2395
f 2394 2396 2395
f 2395 2396 2397
f 2396 2398 2397
f 2397 2398 2399
f 2398 2400 2399
f 2399 2400 2401
f 2400 2402 2401
f 2401 2402 2403
f 2402 2404 2403
f 2403 2404 2405
f 2404 2406 2405
f 2405 2406 2407
f 2406 2408 2407
f 2407 2408 2409
f 2408 2410 2409
f 2409 2410 2411
f 2410 2412 2411
f 2411 2412 2413
f 2412 2414 2413
f 2413 2414 2415
f 2414 2416 2415
f 2415 2416 2417
f 2416 2418 2417
f 2417 2418 2419
f 2418 2420 2419
f 2419 2420 2421
f 2420 2422 2421
f 2421 2422 2423
f 2422 2424 2423
f 2423 2424 2425
f 2424 2426 2425
f 2425 2426 2427
f 2426 2428 2427
f 2427 2428 2429
f 2428 2430 2429
f 2429 2430 2431
f 2430 2432 2431
f 2431 2432 2433
f 2432 2434 2433
f 2433 2434 2435
f 2434 2436 2435
f 2435 2436 2437
f 2436 2438 2437
f 2437 2438 2439
f 2438 2440 2439
f 2439 2440 2441
f 2440 2442 2441
f 2441 2442 2443
f 2442 2444 2443
f 2443 2444 2445
f 2444 2446 2445
f 2445 2446 2447
f 2446 2448 2447
f 2447 2448 2449
f 2448 2450 2449
f 2449 2450 2451
f 2450 2452 2451
f 2451 2452 2453
f 2452 2454 2453
f 2453 2454 2455
f 2454 2456 2455
f 2455 2456 2457
f 2456 2458 2457
f 2457 2458 2459
f 2458 2460 2459
f 2459 2460 2461
f 2460 2462 2461
f 2461 2462 2463
f 2462 2464 2463
f 2463 2464 2465
f 2464 2466 2465
f 2465 2466 2467
f 2466 2468 2467
f 2467 2468 2469
f 2468 2470 2469
f 2469 2470 2471
f 2470 2472 2471
f 2471 2472 2473
f 2472 2474 2473
f 2473 2474 2475
f 2474 2476 2475
f 2475 2476 2477
f 2476 2478 2477
f 2477 2478 2479
f 2478 2480 2479
f 2479 2480 2481
f 2480 2482 2481
f 2481 2482 2483
f 2482 2484 2483
f 2483 2484 2485
f 2484 2486 2485
f 2485 2486 2487
f 2486 2488 2487
f 2487 2488 2489
f 2488 2490 2489
f 2489 2490 2491
f 2490 2492 2491
f 2491 2492 2493
f 2492 2494 2493
f 2493 2494 2495
f 2494 2496 2495
f 2495 2496 2497
f 2496 2498 2497
f 2497 2498 2499
f 2498 2500 2499
f 2499 2500 2501
f 2500 2502 2501
f 2501 2502 2503
f 2502 2504 2503
f 2503 2504 2505
f 2504 2506 2505
f 2505 2506 2507
f 2506 2508 2507
f 2507 2508 2509
f 2508 2510 2509
f 2509 2510 2511
f 2510 2512 2511
f 2511 2512 2513
f 2512 2514 2513
f 2513 2514 2515
f 2514 2516 2515
f 2515 2516 2517
f 2516 2518 2517
f 2517 2518 2519
f 2518 2520 2519
f 2519 2520 2377
f 2520 2378 2377
f 2521 2522 2523
f 2522 2524 2523
f 2523 2524 2525
f 2524 2526 2525
f 2525 2526 2527
f 2526 2528 2527
f 2527 2528 2529
f 2528 2530 2529
f 2529 2530 2531
f 2530 2532 2531
f 2531 2532 2533
f 2532 2534 2533
f 2533 2534 2535
f 2534 2536 2535
f 2535 2536 2537
f 2536 2538 2537
f 2537 2538 2539
f 2538 2540 2539
f 2539 2540 2541
f 2540 2542 2541
f 2541 2542 2543
f 2542 2544 2543
f 2543 2544 2545
f 2544 2546 2545
f 2545 2546 2547
f 2546 2548 2547
f 2547 2548 2549
f 2548 2550 2549
f 2549 2550 2551
f 2550 2552 2551
f 2551 2552 2553
f 2552 2554 2553
f 2553 2554 2555
f 2554 2556 2555
f 2555 2556 2557
f 2556 2558 2557
f 2557 2558 2559
f 2558 2560 2559
f 2559 2560 2561
f 2560 2562 2561
f 2561 2562 2563
f 2562 2564 2563
f 2563 2564 2565
f 2564 2566 2565
f 2565 2566 2567
f 2566 2568 2567
f 2567 2568 2569
f 2568 2570 2569
f 2569 2570 2571
f 2570 2572 2571
f 2571 2572 2573
f 2572 2574 2573
f 2573 2574 2575
f 2574 2576 2575
f 2575 2576 2577
f 2576 2578 2577
f 2577 2578 2579
f 2578 2580 2579
f 2579 2580 2581
f 2580 2582 2581
f 2581 2582 2583
f 2582 2584 2583
f 2583 2584 2585
f 2584 2586 2585
f 2585 2586 2587
f 2586 2588 2587
f 2587 2588 2589
f 2588 2590 2589
f 2589 2590 2591
f 2590 2592 2591
f 2591 2592 2593
f 2592 2594 2593
f 2593 2594 2595
f 2594 2596 2595
f 2595 2596 2597
f 2596 2598 2597
f 2597 2598 2599
f 2598 2600 2599
f 2599 2600 2601
f 2600 2602 2601
f 2601 2602 2603
f 2602 2604 2603
f 2603 2604 2605
f 2604 2606 2605
f 2605 2606 2607
f 2606 2608 2607
f 2607 2608 2609
f 2608 2610 2609
f 2609 2610 2611
f 2610 2612 2611
f 2611 2612 2613
f 2612 2614 2613
f 2613 2614 2615
f 2614 2616 2615
f 2615 2616 2617
f 2616 2618 2617
f 2617 2618 2619
f 2618 2620 2619
f 2619 2620 2621
f 2620 2622 2621
f 2621 2622 2623
f 2622 2624 2623
f 2623 2624 2625
f 2624 2626 2625
f 2625 2626 2627
f 2626 2628 2627
f 2627 2628 2629
f 2628 2630 2629
f 2629 2630 2631
f 2630 2632 2631
f 2631 2632 2633
f 2632 2634 2633
f 2633 2634 2635
f 2634 2636 2635
f 2635 2636 2637
f 2636 2638 2637
f 2637 2638 2639
f 2638 2640 2639
f 2639 2640 2641
f 2640 2642 2641
f 2641 2642 2643
f 2642 2644 2643
f 2643 2644 2645
f 2644 2646 2645
f 2645 2646 2647
f 2646 2648 2647
f 2647 2648 2649
f 2648 2650 2649
f 2649 2650 2651
f 2650 2652 2651
f 2651 2652 2653
f 2652 2654 2653
f 2653 2654 2655
f 2654 2656 2655
f 2655 2656 2657
f 2656 2658 2657
f 2657 2658 2659
f 2658 2660 2659
f 2659 2660 2661
f 2660 2662 2661
f 2661 2662 2663
f 2662 2664 2663
f 2663 2664 2521
f 2664 2522 2521
f 2521 2665 2663
f 2665 2666 2663
f 2663 2666 2661
f 2666 2667 2661
f 2661 2667 2659
f 2667 2668 2659
f 2659 2668 2657
f 2668 2669 2657
f 2657 2669 2655
f 2669 2670 2655
f 2655 2670 2653
f 2670 2671 2653
f 2653 2671 2651
f 2671 2672 2651
f 2651 2672 2649
f 2672 2673 2649
f 2649 2673 2647
f 2673 2674 2647
f 2647 2674 2645
f 2674 2675 2645
f 2645 2675 2643
f 2675 2676 2643
f 2643 2676 2641
f 2676 2677 2641
f 2641 2677 2639
f 2677 2678 2639
f 2639 2678 2637
f 2678 2679 2637
f 2637 2679 2635
f 2679 2680 2635
f 2635 2680 2633
f 2680 2681 2633
f 2633 2681 2631
f 2681 2682 2631
f 2631 2682 2629
f 2682 2683 2629
f 2629 2683 2627
f 2683 2684 2627
f 2627 2684 2625
f 2684 2685 2625
f 2625 2685 2623
f 2685 2686 2623
f 2623 2686 2621
f 2686 2687 2621
f 2621 2687 2619
f 2687 2688 2619
f 2619 2688 2617
f 2688 2689 2617
f 2617 2689 2615
f 2689 2690 2615
f 2615 2690 2613
f 2690 2691 2613
f 2613 2691 2611
f 2691 2692 2611
f 2611 2692 2609
f 2692 2693 2609
f 2609 2693 2607
f 2693 2694 2607
f 2607 2694 2605
f 2694 2695 2605
f 2605 2695 2603
f 2695 2696 2603
f 2603 2696 2601
f 2696 2697 2601
f 2601 2697 2599
f 2697 2698 2599
f 2599 2698 2597
f 2698 2699 2597
f 2597 2699 2595
f 2699 2700 2595
f 2595 2700 2593
f 2700 2701 2593
f 2593 2701 2591
f 2701 2702 2591
f 2591 2702 2589
f 2702 2703 2589
f 2589 2703 2587
f 2703 2704 2587
f 2587 2704 2585
f 2704 2705 2585
f 2585 2705 2583
f 2705 2706 2583
f 2583 2706 2581
f 2706 2707 2581
f 2581 2707 2579
f 2707 2708 2579
f 2579 2708 2577
f 2708 2709 2577
f 2577 2709 2575
f 2709 2710 2575
f 2575 2710 2573
f 2710 2711 2573
f 2573 2711 2571
f 2711 2712 2571
f 2571 2712 2569
f 2712 2713 2569
f 2569 2713 2567
f 2713 2714 2567
f 2567 2714 2565
f 2714 2715 2565
f 2565 2715 2563
f 2715 2716 2563
f 2563 2716 2561
f 2716 2717 2561
f 2561 2717 2559
f 2717 2718 2559
f 2559 2718 2557
f 2718 2719 2557
f 2557 2719 2555
f 2719 2720 2555
f 2555 2720 2553
f 2720 2721 2553
f 2553 2721 2551
f 2721 2722 2551
f 2551 2722 2549
f 2722 2723 2549
f 2549 2723 2547
f 2723 2724 2547
f 2547 2724 2545
f 2724 2725 2545
f 2545 2725 2543
f 2725 2726 2543
f 2543 2726 2541
f 2726 2727 2541
f 2541 2727 2539
f 2727 2728 2539
f 2539 2728 2537
f 2728 2729 2537
f 2537 2729 2535
f 2729 2730 2535
f 2535 2730 2533
f 2730 2731 2533
f 2533 2731 2531
f 2731 2732 2531
f 2531 2732 2529
f 2732 2733 2529
f 2529 2733 2527
f 2733 2734 2527
f 2527 2734 2525
f 2734 2735 2525
f 2525 2735 2523
f 2735 2736 2523
f 2523 2736 2521
f 2736 2665 2521
f 2736 2737 2665
f 2737 2738 2665
f 2665 2738 2666
f 2738 2739 2666
f 2666 2739 2667
f 2739 2740 2667
f 2667 2740 2668
f 2740 2741 2668
f 2668 2741 2669
f 2741 2742 2669
f 2669 2742 2670
f 2742 2743 2670
f 2670 2743 2671
f 2743 2744 2671
f 2671 2744 2672
f 2744 2745 2672
f 2672 2745 2673
f 2745 2746 2673
f 2673 2746 2674
f 2746 2747 2674
f 2674 2747 2675
f 2747 2748 2675
f 2675 2748 2676
f 2748 2749 2676
f 2676 2749 2677
f 2749 2750 2677
f 2677 2750 2678
f 2750 2751 2678
f 2678 2751 2679
f 2751 2752 2679
f 2679 2752 2680
f 2752 2753 2680
f 2680 2753 2681
f 2753 2754 2681
f 2681 2754 2682
f 2754 2755 2682
f 2682 2755 2683
f 2755 2756 2683
f 2683 2756 2684
f 2756 2757 2684
f 2684 2757 2685
f 2757 2758 2685
f 2685 2758 2686
f 2758 2759 2686
f 2686 2759 2687
f 2759 2760 2687
f 2687 2760 2688
f 2760 2761 2688
f 2688 2761 2689
f 2761 2762 2689
f 2689 2762 2690
f 2762 2763 2690
f 2690 2763 2691
f 2763 2764 2691
f 2691 2764 2692
f 2764 2765 2692
f 2692 2765 2693
f 2765 2766 2693
f 2693 2766 2694
f 2766 2767 2694
f 2694 2767 2695
f 2767 2768 2695
f 2695 2768 2696
f 2768 2769 2696
f 2696 2769 2697
f 2769 2770 2697
f 2697 2770 2698
f 2770 2771 2698
f 2698 2771 2699
f 2771 2772 2699
f 2699 2772 2700
f 2772 2773 2700
f 2700 2773 2701
f 2773 2774 2701
f 2701 2774 2702
f 2774 2775 2702
f 2702 2775 2703
f 2775 2776 2703
f 2703 2776 2704
f 2776 2777 2704
f 2704 2777 2705
f 2777 2778 2705
f 2705 2778 2706
f 2778 2779 2706
f 2706 2779 2707
f 2779 2780 2707
f 2707 2780 2708
f 2780 2781 2708
f 2708 2781 2709
f 2781 2782 2709
f 2709 2782 2710
f 2782 2783 2710
f 2710 2783 2711
f 2783 2784 2711
f 2711 2784 2712
f 2784 2785 2712
f 2712 2785 2713
f 2785 2786 2713
f 2713 2786 2714
f 2786 2787 2714
f 2714 2787 2715
f 2787 2788 2715
f 2715 2788 2716
f 2788 2789 2716
f 2716 2789 2717
f 2789 2790 2717
f 2717 2790 2718
f 2790 2791 2718
f 2718 2791 2719
f 2791 2792 2719
f 2719 2792 2720
f 2792 2793 2720
f 2720 2793 2721
f 2793 2794 2721
f 2721 2794 2722
f 2794 2795 2722
f 2722 2795 2723
f 2795 2796 2723
f 2723 2796 2724
f 2796 2797 2724
f 2724 2797 2725
f 2797 2798 2725
f 2725 2798 2726
f 2798 2799 2726
f 2726 2799 2727
f 2799 2800 2727
f 2727 2800 2728
f 2800 2801 2728
f 2728 2801 2729
f 2801 2802 2729
f 2729 2802 2730
f 2802 2803 2730
f 2730 2803 2731
f 2803 2804 2731
f 2731 2804 2732
f 2804 2805 2732
f 2732 2805 2733
f 2805 2806 2733
f 2733 2806 2734
f 2806 2807 2734
f 2734 2807 2735
f 2807 2808 2735
f 2735 2808 2736
f 2808 2737 2736
f 2808 2809 2737
f 2809 2810 2737
f 2737 2810 2738
f 2810 2811 2738
f 2738 2811 2739
f 2811 2812 2739
f 2739 2812 2740
f 2812 2813 2740
f 2740 2813 2741
f 2813 2814 2741
f 2741 2814 2742
f 2814 2815 2742
f 2742 2815 2743
f 2815 2816 2743
f 2743 2816 2744
f 2816 2817 2744
f 2744 2817 2745
f 2817 2818 2745
f 2745 2818 2746
f 2818 2819 2746
f 2746 2819 2747
f 2819 2820 2747
f 2747 2820 2748
f 2820 2821 2748
f 2748 2821 2749
f 2821 2822 2749
f 2749 2822 2750
f 2822 2823 2750
f 2750 2823 2751
f 2823 2824 2751
f 2751 2824 2752
f 2824 2825 2752
f 2752 2825 2753
f 2825 2826 2753
f 2753 2826 2754
f 2826 2827 2754
f 2754 2827 2755
f 2827 2828 2755
f 2755 2828 2756
f 2828 2829 2756
f 2756 2829 2757
f 2829 2830 2757
f 2757 2830 2758
f 2830 2831 2758
f 2758 2831 2759
f 2831 2832 2759
f 2759 2832 2760
f 2832 2833 2760
f 2760 2833 2761
f 2833 2834 2761
f 2761 2834 2762
f 2834 2835 2762
f 2762 2835 2763
f 2835 2836 2763
f 2763 2836 2764
f 2836 2837 2764
f 2764 2837 2765
f 2837 2838 2765
f 2765 2838 2766
f 2838 2839 2766
f 2766 2839 2767
f 2839 2840 2767
f 2767 2840 2768
f 2840 2841 2768
f 2768 2841 2769
f 2841 2842 2769
f 2769 2842 2770
f 2842 2843 2770
f 2770 2843 2771
f 2843 2844 2771
f 2771 2844 2772
f 2844 2845 2772
f 2772 2845 2773
f 2845 2846 2773
f 2773 2846 2774
f 2846 2847 2774
f 2774 2847 2775
f 2847 2848 2775
f 2775 2848 2776
f 2848 2849 2776
f 2776 2849 2777
f 2849 2850 2777
f 2777 2850 2778
f 2850 2851 2778
f 2778 2851 2779
f 2851 2852 2779
f 2779 2852 2780
f 2852 2853 2780
f 2780 2853 2781
f 2853 2854 2781
f 2781 2854 2782
f 2854 2855 2782
f 2782 2855 2783
f 2855 2856 2783
f 2783 2856 2784
f 2856 2857 2784
f 2784 2857 2785
f 2857 2858 2785
f 2785 2858 2786
f 2858 2859 2786
f 2786 2859 2787
f 2859 2860 2787
f 2787 2860 2788
f 2860 2861 2788
f 2788 2861 2789
f 2861 2862 2789
f 2789 2862 2790
f 2862 2863 2790
f 2790 2863 2791
f 2863 2864 2791
f 2791 2864 2792
f 2864 2865 2792
f 2792 2865 2793
f 2865 2866 2793
f 2793 2866 2794
f 2866 2867 2794
f 2794 2867 2795
f 2867 2868 2795
f 2795 2868 2796
f 2868 2869 2796
f 2796 2869 2797
f 2869 2870 2797
f 2797 2870 2798
f 2870 2871 2798
f 2798 2871 2799
f 2871 2872 2799
f 2799 2872 2800
f 2872 2873 2800
f 2800 2873 2801
f 2873 2874 2801
f 2801 2874 2802
f 2874 2875 2802
f 2802 2875 2803
f 2875 2876 2803
f 2803 2876 2804
f 2876 2877 2804
f 2804 2877 2805
f 2877 2878 2805
f 2805 2878 2806
f 2878 2879 2806
f 2806 2879 2807
f 2879 2880 2807
f 2807 2880 2808
f 2880 2809 2808
f 2880 2881 2809
f 2881 2882 2809
f 2809 2882 2810
f 2882 2883 2810
f 2810 2883 2811
f 2883 2884 2811
f 2811 2884 2812
f 2884 2885 2812
f 2812 2885 2813
f 2885 2886 2813
f 2813 2886 2814
f 2886 2887 2814
f 2814 2887 2815
f 2887 2888 2815
f 2815 2888 2816
f 2888 2889 2816
f 2816 2889 2817
f 2889 2890 2817
f 2817 2890 2818
f 2890 2891 2818
f 2818 2891 2819
f 2891 2892 2819
f 2819 2892 2820
f 2892 2893 2820
f 2820 2893 2821
f 2893 2894 2821
f 2821 2894 2822
f 2894 2895 2822
f 2822 2895 2823
f 2895 2896 2823
f 2823 2896 2824
f 2896 2897 2824
f 2824 2897 2825
f 2897 2898 2825
f 2825 2898 2826
f 2898 2899 2826
f 2826 2899 2827
f 2899 2900 2827
f 2827 2900 2828
f 2900 2901 2828
f 2828 2901 2829
f 2901 2902 2829
f 2829 2902 2830
f 2902 2903 2830
f 2830 2903 2831
f 2903 2904 2831
f 2831 2904 2832
f 2904 2905 2832
f 2832 2905 2833
f 2905 2906 2833
f 2833 2906 2834
f 2906 2907 2834
f 2834 2907 2835
f 2907 2908 2835
f 2835 2908 2836
f 2908 2909 2836
f 2836 2909 2837
f 2909 2910 2837
f 2837 2910 2838
f 2910 2911 2838
f 2838 2911 2839
f 2911 2912 2839
f 2839 2912 2840
f 2912 2913 2840
f 2840 2913 2841
f 2913 2914 2841
f 2841 2914 2842
f 2914 2915 2842
f 2842 2915 2843
f 2915 2916 2843
f 2843 2916 2844
f 2916 2917 2844
f 2844 2917 2845
f 2917 2918 2845
f 2845 2918 2846
f 2918 2919 2846
f 2846 2919 2847
f 2919 2920 2847
f 2847 2920 2848
f 2920 2921 2848
f 2848 2921 2849
f 2921 2922 2849
f 2849 2922 2850
f 2922 2923 2850
f 2850 2923 2851
f 2923 2924 2851
f 2851 2924 2852
f 2924 2925 2852
f 2852 2925 2853
f 2925 2926 2853
f 2853 2926 2854
f 2926 2927 2854
f 2854 2927 2855
f 2927 2928 2855
f 2855 2928 2856
f 2928 2929 2856
f 2856 2929 2857
f 2929 2930 2857
f 2857 2930 2858
f 2930 2931 2858
f 2858 2931 2859
f 2931 2932 2859
f 2859 2932 2860
f 2932 2933 2860
f 2860 2933 2861
f 2933 2934 2861
f 2861 2934 2862
f 2934 2935 2862
f 2862 2935 2863
f 2935 2936 2863
f 2863 2936 2864
f 2936 2937 2864
f 2864 2937 2865
f 2937 2938 2865
f 2865 2938 2866
f 2938 2939 2866
f 2866 2939 2867
f 2939 2940 2867
f 2867 2940 2868
f 2940 2941 2868
f 2868 2941 2869
f 2941 2942 2869
f 2869 2942 2870
f 2942 2943 2870
f 2870 2943 2871
f 2943 2944 2871
f 2871 2944 2872
f 2944 2945 2872
f 2872 2945 2873
f 2945 2946 2873
f 2873 2946 2874
f 2946 2947 2874
f 2874 2947 2875
f 2947 2948 2875
f 2875 2948 2876
f 2948 2949 2876
f 2876 2949 2877
f 2949 2950 2877
f 2877 2950 2878
f 2950 2951 2878
f 2878 2951 2879
f 2951 2952 2879
f 2879 2952 2880
f 2952 2881 2880
f 2952 2953 2881
f 2953 2954 2881
f 2881 2954 2882
f 2954 2955 2882
f 2882 2955 2883
f 2955 2956 2883
f 2883 2956 2884
f 2956 2957 2884
f 2884 2957 2885
f 2957 2958 2885
f 2885 2958 2886
f 2958 2959 2886
f 2886 2959 2887
f 2959 2960 2887
f 2887 2960 2888
f 2960 2961 2888
f 2888 2961 2889
f 2961 2962 2889
f 2889 2962 2890
f 2962 2963 2890
f 2890 2963 2891
f 2963 2964 2891
f 2891 2964 2892
f 2964 2965 2892
f 2892 2965 2893
f 2965 2966 2893
f 2893 2966 2894
f 2966 2967 2894
f 2894 2967 2895
f 2967 2968 2895
f 2895 2968 2896
f 2968 2969 2896
f 2896 2969 2897
f 2969 2970 2897
f 2897 2970 2898
f 2970 2971 2898
f 2898 2971 2899
f 2971 2972 2899
f 2899 2972 2900
f 2972 2973 2900
f 2900 2973 2901
f 2973 2974 2901
f 2901 2974 2902
f 2974 2975 2902
f 2902 2975 2903
f 2975 2976 2903
f 2903 2976 2904
f 2976 2977 2904
f 2904 2977 2905
f 2977 2978 2905
f 2905 2978 2906
f 2978 2979 2906
f 2906 2979 2907
f 2979 2980 2907
f 2907 2980 2908
f 2980 2981 2908
f 2908 2981 2909
f 2981 2982 2909
f 2909 2982 2910
f 2982 2983 2910
f 2910 2983 2911
f 2983 2984 2911
f 2911 2984 2912
f 2984 2985 2912
f 2912 2985 2913
f 2985 2986 2913
f 2913 2986 2914
f 2986 2987 2914
f 2914 2987 2915
f 2987 2988 2915
f 2915 2988 2916
f 2988 2989 2916
f 2916 2989 2917
f 2989 2990 2917
f 2917 2990 2918
f 2990 2991 2918
f 2918 2991 2919
f 2991 2992 2919
f 2919 2992 2920
f 2992 2993 2920
f 2920 2993 2921
f 2993 2994 2921
f 2921 2994 2922
f 2994 2995 2922
f 2922 2995 2923
f 2995 2996 2923
f 2923 2996 2924
f 2996 2997 2924
f 2924 2997 2925
f 2997 2998 2925
f 2925 2998 2926
f 2998 2999 2926
f 2926 2999 2927
f 2999 3000 2927
f 2927 3000 2928
f 3000 3001 2928
f 2928 3001 2929
f 3001 3002 2929
f 2929 3002 2930
f 3002 3003 2930
f 2930 3003 2931
f 3003 3004 2931
f 2931 3004 2932
f 3004 3005 2932
f 2932 3005 2933
f 3005 3006 2933
f 2933 3006 2934
f 3006 3007 2934
f 2934 3007 2935
f 3007 3008 2935
f 2935 3008 2936
f 3008 3009 2936
f 2936 3009 2937
f 3009 3010 2937
f 2937 3010 2938
f 3010 3011 2938
f 2938 3011 2939
f 3011 3012 2939
f 2939 3012 2940
f 3012 3013 2940
f 2940 3013 2941
f 3013 3014 2941
f 2941 3014 2942
f 3014 3015 2942
f 2942 3015 2943
f 3015 3016 2943
f 2943 3016 2944
f 3016 3017 2944
f 2944 3017 2945
f 3017 3018 2945
f 2945 3018 2946
f 3018 3019 2946
f 2946 3019 2947
f 3019 3020 2947
f 2947 3020 2948
f 3020 3021 2948
f 2948 3021 2949
f 3021 3022 2949
f 2949 3022 2950
f 3022 3023 2950
f 2950 3023 2951
f 3023 3024 2951
f 2951 3024 2952
f 3024 2953 2952
f 3024 3025 2953
f 3025 3026 2953
f 2953 3026 2954
f 3026 3027 2954
f 2954 3027 2955
f 3027 3028 2955
f 2955 3028 2956
f 3028 3029 2956
f 2956 3029 2957
f 3029 3030 2957
f 2957 3030 2958
f 3030 3031 2958
f 2958 3031 2959
f 3031 3032 2959
f 2959 3032 2960
f 3032 3033 2960
f 2960 3033 2961
f 3033 3034 2961
f 2961 3034 2962
f 3034 3035 2962
f 2962 3035 2963
f 3035 3036 2963
f 2963 3036 2964
f 3036 3037 2964
f 2964 3037 2965
f 3037 3038 2965
f 2965 3038 2966
f 3038 3039 2966
f 2966 3039 2967
f 3039 3040 2967
f 2967 3040 2968
f 3040 3041 2968
f 2968 3041 2969
f 3041 3042 2969
f 2969 3042 2970
f 3042 3043 2970
f 2970 3043 2971
f 3043 3044 2971
f 2971 3044 2972
f 3044 3045 2972
f 2972 3045 2973
f 3045 3046 2973
f 2973 3046 2974
f 3046 3047 2974
f 2974 3047 2975
f 3047 3048 2975
f 2975 3048 2976
f 3048 3049 2976
f 2976 3049 2977
f 3049 3050 2977
f 2977 3050 2978
f 3050 3051 2978
f 2978 3051 2979
f 3051 3052 2979
f 2979 3052 2980
f 3052 3053 2980
f 2980 3053 2981
f 3053 3054 2981
f 2981 3054 2982
f 3054 3055 2982
f 2982 3055 2983
f 3055 3056 2983
f 2983 3056 2984
f 3056 3057 2984
f 2984 3057 2985
f 3057 3058 2985
f 2985 3058 2986
f 3058 3059 2986
f 2986 3059 2987
f 3059 3060 2987
f 2987 3060 2988
f 3060 3061 2988
f 2988 3061 2989
f 3061 3062 2989
f 2989 3062 2990
f 3062 3063 2990
f 2990 3063 2991
f 3063 3064 2991
f 2991 3064 2992
f 3064 3065 2992
f 2992 3065 2993
f 3065 3066 2993
f 2993 3066 2994
f 3066 3067 2994
f 2994 3067 2995
f 3067 3068 2995
f 2995 3068 2996
f 3068 3069 2996
f 2996 3069 2997
f 3069 3070 2997
f 2997 3070 2998
f 3070 3071 2998
f 2998 3071 2999
f 3071 3072 2999
f 2999 3072 3000
f 3072 3073 3000
f 3000 3073 3001
f 3073 3074 3001
f 3001 3074 3002
f 3074 3075 3002
f 3002 3075 3003
f 3075 3076 3003
f 3003 3076 3004
f 3076 3077 3004
f 3004 3077 3005
f 3077 3078 3005
f 3005 3078 3006
f 3078 3079 3006
f 3006 3079 3007
f 3079 3080 3007
f 3007 3080 3008
f 3080 3081 3008
f 3008 3081 3009
f 3081 3082 3009
f 3009 3082 3010
f 3082 3083 3010
f 3010 3083 3011
f 3083 3084 3011
f 3011 3084 3012
f 3084 3085 3012
f 3012 3085 3013
f 3085 3086 3013
f 3013 3086 3014
f 3086 3087 3014
f 3014 3087 3015
f 3087 3088 3015
f 3015 3088 3016
f 3088 3089 3016
f 3016 3089 3017
f 3089 3090 3017
f 3017 3090 3018
f 3090 3091 3018
f 3018 3091 3019
f 3091 3092 3019
f 3019 3092 3020
f 3092 3093 3020
f 3020 3093 3021
f 3093 3094 3021
f 3021 3094 3022
f 3094 3095 3022
f 3022 3095 3023
f 3095 3096 3023
f 3023 3096 3024
f 3096 3025 3024
f 3096 3097 3025
f 3097 3098 3025
f 3025 3098 3026
f 3098 3099 3026
f 3026 3099 3027
f 3099 3100 3027
f 3027 3100 3028
f 3100 3101 3028
f 3028 3101 3029
f 3101 3102 3029
f 3029 3102 3030
f 3102 3103 3030
f 3030 3103 3031
f 3103 3104 3031
f 3031 3104 3032
f 3104 3105 3032
f 3032 3105 3033
f 3105 3106 3033
f 3033 3106 3034
f 3106 3107 3034
f 3034 3107 3035
f 3107 3108 3035
f 3035 3108 3036
f 3108 3109 3036
f 3036 3109 3037
f 3109 3110 3037
f 3037 3110 3038
f 3110 3111 3038
f 3038 3111 3039
f 3111 3112 3039
f 3039 3112 3040
f 3112 3113 3040
f 3040 3113 3041
f 3113 3114 3041
f 3041 3114 3042
f 3114 3115 3042
f 3042 3115 3043
f 3115 3116 3043
f 3043 3116 3044
f 3116 3117 3044
f 3044 3117 3045
f 3117 3118 3045
f 3045 3118 3046
f 3118 3119 3046
f 3046 3119 3047
f 3119 3120 3047
f 3047 3120 3048
f 3120 3121 3048
f 3048 3121 3049
f 3121 3122 3049
f 3049 3122 3050
f 3122 3123 3050
f 3050 3123 3051
f 3123 3124 3051
f 3051 3124 3052
f 3124 3125 3052
f 3052 3125 3053
f 3125 3126 3053
f 3053 3126 3054
f 3126 3127 3054
f 3054 3127 3055
f 3127 3128 3055
f 3055 3128 3056
f 3128 3129 3056
f 3056 3129 3057
f 3129 3130 3057
f 3057 3130 3058
f 3130 3131 3058
f 3058 3131 3059
f 3131 3132 3059
f 3059 3132 3060
f 3132 3133 3060
f 3060 3133 3061
f 3133 3134 3061
f 3061 3134 3062
f 3134 3135 3062
f 3062 3135 3063
f 3135 3136 3063
f 3063 3136 3064
f 3136 3137 3064
f 3064 3137 3065
f 3137 3138 3065
f 3065 3138 3066
f 3138 3139 3066
f 3066 3139 3067
f 3139 3140 3067
f 3067 3140 3068
f 3140 3141 3068
f 3068 3141 3069
f 3141 3142 3069
f 3069 3142 3070
f 3142 3143 3070
f 3070 3143 3071
f 3143 3144 3071
f 3071 3144 3072
f 3144 3145 3072
f 3072 3145 3073
f 3145 3146 3073
f 3073 3146 3074
f 3146 3147 3074
f 3074 3147 3075
f 3147 3148 3075
f 3075 3148 3076
f 3148 3149 3076
f 3076 3149 3077
f 3149 3150 3077
f 3077 3150 3078
f 3150 3151 3078
f 3078 3151 3079
f 3151 3152 3079
f 3079 3152 3080
f 3152 3153 3080
f 3080 3153 3081
f 3153 3154 3081
f 3081 3154 3082
f 3154 3155 3082
f 3082 3155 3083
f 3155 3156 3083
f 3083 3156 3084
f 3156 3157 3084
f 3084 3157 3085
f 3157 3158 3085
f 3085 3158 3086
f 3158 3159 3086
f 3086 3159 3087
f 3159 3160 3087
f 3087 3160 3088
f 3160 3161 3088
f 3088 3161 3089
f 3161 3162 3089
f 3089 3162 3090
f 3162 3163 3090
f 3090 3163 3091
f 3163 3164 3091
f 3091 3164 3092
f 3164 3165 3092
f 3092 3165 3093
f 3165 3166 3093
f 3093 3166 3094
f 3166 3167 3094
f 3094 3167 3095
f 3167 3168 3095
f 3095 3168 3096
f 3168 3097 3096
f 3168 3169 3097
f 3169 3170 3097
f 3097 3170 3098
f 3170 3171 3098
f 3098 3171 3099
f 3171 3172 3099
f 3099 3172 3100
f 3172 3173 3100
f 3100 3173 3101
f 3173 3174 3101
f 3101 3174 3102
f 3174 3175 3102
f 3102 3175 3103
f 3175 3176 3103
f 3103 3176 3104
f 3176 3177 3104
f 3104 3177 3105
f 3177 3178 3105
f 3105 3178 3106
f 3178 3179 3106
f 3106 3179 3107
f 3179 3180 3107
f 3107 3180 3108
f 3180 3181 3108
f 3108 3181 3109
f 3181 3182 3109
f 3109 3182 3110
f 3182 3183 3110
f 3110 3183 3111
f 3183 3184 3111
f 3111 3184 3112
f 3184 3185 3112
f 3112 3185 3113
f 3185 3186 3113
f 3113 3186 3114
f 3186 3187 3114
f 3114 3187 3115
f 3187 3188 3115
f 3115 3188 3116
f 3188 3189 3116
f 3116 3189 3117
f 3189 3190 3117
f 3117 3190 3118
f 3190 3191 3118
f 3118 3191 3119
f 3191 3192 3119
f 3119 3192 3120
f 3192 3193 3120
f 3120 3193 3121
f 3193 3194 3121
f 3121 3194 3122
f 3194 3195 3122
f 3122 3195 3123
f 3195 3196 3123
f 3123 3196 3124
f 3196 3197 3124
f 3124 3197 3125
f 3197 3198 3125
f 3125 3198 3126
f 3198 3199 3126
f 3126 3199 3127
f 3199 3200 3127
f 3127 3200 3128
f 3200 3201 3128
f 3128 3201 3129
f 3201 3202 3129
f 3129 3202 3130
f 3202 3203 3130
f 3130 3203 3131
f 3203 3204 3131
f 3131 3204 3132
f 3204 3205 3132
f 3132 3205 3133
f 3205 3206 3133
f 3133 3206 3134
f 3206 3207 3134
f 3134 3207 3135
f 3207 3208 3135
f 3135 3208 3136
f 3208 3209 3136
f 3136 3209 3137
f 3209 3210 3137
f 3137 3210 3138
f 3210 3211 3138
f 3138 3211 3139
f 3211 3212 3139
f 3139 3212 3140
f 3212 3213 3140
f 3140 3213 3141
f 3213 3214 3141
f 3141 3214 3142
f 3214 3215 3142
f 3142 3215 3143
f 3215 3216 3143
f 3143 3216 3144
f 3216 3217 3144
f 3144 3217 3145
f 3217 3218 3145
f 3145 3218 3146
f 3218 3219 3146
f 3146 3219 3147
f 3219 3220 3147
f 3147 3220 3148
f 3220 3221 3148
f 3148 3221 3149
f 3221 3222 3149
f 3149 3222 3150
f 3222 3223 3150
f 3150 3223 3151
f 3223 3224 3151
f 3151 3224 3152
f 3224 3225 3152
f 3152 3225 3153
f 3225 3226 3153
f 3153 3226 3154
f 3226 3227 3154
f 3154 3227 3155
f 3227 3228 3155
f 3155 3228 3156
f 3228 3229 3156
f 3156 3229 3157
f 3229 3230 3157
f 3157 3230 3158
f 3230 3231 3158
f 3158 3231 3159
f 3231 3232 3159
f 3159 3232 3160
f 3232 3233 3160
f 3160 3233 3161
f 3233 3234 3161
f 3161 3234 3162
f 3234 3235 3162
f 3162 3235 3163
f 3235 3236 3163
f 3163 3236 3164
f 3236 3237 3164
f 3164 3237 3165
f 3237 3238 3165
f 3165 3238 3166
f 3238 3239 3166
f 3166 3239 3167
f 3239 3240 3167
f 3167 3240 3168
f 3240 3169 3168
f 3240 2379 3169
f 2379 2381 3169
f 3169 2381 3170
f 2381 2383 3170
f 3170 2383 3171
f 2383 2385 3171
f 3171 2385 3172
f 2385 2387 3172
f 3172 2387 3173
f 2387 2389 3173
f 3173 2389 3174
f 2389 2391 3174
f 3174 2391 3175
f 2391 2393 3175
f 3175 2393 3176
f 2393 2395 3176
f 3176 2395 3177
f 2395 2397 3177
f 3177 2397 3178
f 2397 2399 3178
f 3178 2399 3179
f 2399 2401 3179
f 3179 2401 3180
f 2401 2403 3180
f 3180 2403 3181
f 2403 2405 3181
f 3181 2405 3182
f 2405 2407 3182
f 3182 2407 3183
f 2407 2409 3183
f 3183 2409 3184
f 2409 2411 3184
f 3184 2411 3185
f 2411 2413 3185
f 3185 2413 3186
f 2413 2415 3186
f 3186 2415 3187
f 2415 2417 3187
f 3187 2417 3188
f 2417 2419 3188
f 3188 2419 3189
f 2419 2421 3189
f 3189 2421 3190
f 2421 2423 3190
f 3190 2423 3191
f 2423 2425 3191
f 3191 2425 3192
f 2425 2427 3192
f 3192 2427 3193
f 2427 2429 3193
f 3193 2429 3194
f 2429 2431 3194
f 3194 2431 3195
f 2431 2433 3195
f 3195 2433 3196
f 2433 2435 3196
f 3196 2435 3197
f 2435 2437 3197
f 3197 2437 3198
f 2437 2439 3198
f 3198 2439 3199
f 2439 2441 3199
f 3199 2441 3200
f 2441 2443 3200
f 3200 2443 3201
f 2443 2445 3201
f 3201 2445 3202
f 2445 2447 3202
f 3202 2447 3203
f 2447 2449 3203
f 3203 2449 3204
f 2449 2451 3204
f 3204 2451 3205
f 2451 2453 3205
f 3205 2453 3206
f 2453 2455 3206
f 3206 2455 3207
f 2455 2457 3207
f 3207 2457 3208
f 2457 2459 3208
f 3208 2459 3209
f 2459 2461 3209
f 3209 2461 3210
f 2461 2463 3210
f 3210 2463 3211
f 2463 2465 3211
f 3211 2465 3212
f 2465 2467 3212
f 3212 2467 3213
f 2467 2469 3213
f 3213 2469 3214
f 2469 2471 3214
f 3214 2471 3215
f 2471 2473 3215
f 3215 2473 3216
f 2473 2475 3216
f 3216 2475 3217
f 2475 2477 3217
f 3217 2477 3218
f 2477 2479 3218
f 3218 2479 3219
f 2479 2481 3219
f 3219 2481 3220
f 2481 2483 3220
f 3220 2483 3221
f 2483 2485 3221
f 3221 2485 3222
f 2485 2487 3222
f 3222 2487 3223
f 2487 2489 3223
f 3223 2489 3224
f 2489 2491 3224
f 3224 2491 3225
f 2491 2493 3225
f 3225 2493 3226
f 2493 2495 3226
f 3226 2495 3227
f 2495 2497 3227
f 3227 2497 3228
f 2497 2499 3228
f 3228 2499 3229
f 2499 2501 3229
f 3229 2501 3230
f 2501 2503 3230
f 3230 2503 3231
f 2503 2505 3231
f 3231 2505 3232
f 2505 2507 3232
f 3232 2507 3233
f 2507 2509 3233
f 3233 2509 3234
f 2509 2511 3234
f 3234 2511 3235
f 2511 2513 3235
f 3235 2513 3236
f 2513 2515 3236
f 3236 2515 3237
f 2515 2517 3237
f 3237 2517 3238
f 2517 2519 3238
f 3238 2519 3239
f 2519 2377 3239
f 3239 2377 3240
f 2377 2379 3240
f 218 3241 220
f 3241 3242 220
f 220 3242 222
f 3242 3243 222
f 222 3243 224
f 3243 3244 224
f 224 3244 226
f 3244 3245 226
f 226 3245 228
f 3245 3246 228
f 228 3246 230
f 3246 3247 230
f 230 3247 232
f 3247 3248 232
f 232 3248 234
f 3248 3249 234
f 234 3249 236
f 3249 3250 236
f 236 3250 238
f 3250 3251 238
f 238 3251 240
f 3251 3252 240
f 240 3252 242
f 3252 3253 242
f 242 3253 244
f 3253 3254 244
f 244 3254 246
f 3254 3255 246
f 246 3255 248
f 3255 3256 248
f 248 3256 250
f 3256 3257 250
f 250 3257 252
f 3257 3258 252
f 252 3258 254
f 3258 3259 254
f 254 3259 256
f 3259 3260 256
f 256 3260 258
f 3260 3261 258
f 258 3261 260
f 3261 3262 260
f 260 3262 262
f 3262 3263 262
f 262 3263 264
f 3263 3264 264
f 264 3264 266
f 3264 3265 266
f 266 3265 268
f 3265 3266 268
f 268 3266 270
f 3266 3267 270
f 270 3267 272
f 3267 3268 272
f 272 3268 274
f 3268 3269 274
f 274 3269 276
f 3269 3270 276
f 276 3270 278
f 3270 3271 278
f 278 3271 280
f 3271 3272 280
f 280 3272 282
f 3272 3273 282
f 282 3273 284
f 3273 3274 284
f 284 3274 286
f 3274 3275 286
f 286 3275 288
f 3275 3276 288
f 288 3276 290
f 3276 3277 290
f 290 3277 292
f 3277 3278 292
f 292 3278 294
f 3278 3279 294
f 294 3279 296
f 3279 3280 296
f 296 3280 298
f 3280 3281 298
f 298 3281 300
f 3281 3282 300
f 300 3282 302
f 3282 3283 302
f 302 3283 304
f 3283 3284 304
f 304 3284 306
f 3284 3285 306
f 306 3285 308
f 3285 3286 308
f 308 3286 310
f 3286 3287 310
f 310 3287 312
f 3287 3288 312
f 312 3288 314
f 3288 3289 314
f 314 3289 316
f 3289 3290 316
f 316 3290 318
f 3290 3291 318
f 318 3291 320
f 3291 3292 320
f 320 3292 322
f 3292 3293 322
f 322 3293 324
f 3293 3294 324
f 324 3294 326
f 3294 3295 326
f 326 3295 328
f 3295 3296 328
f 328 3296 330
f 3296 3297 330
f 330 3297 332
f 3297 3298 332
f 332 3298 334
f 3298 3299 334
f 334 3299 336
f 3299 3300 336
f 336 3300 338
f 3300 3301 338
f 338 3301 340
f 3301 3302 340
f 340 3302 342
f 3302 3303 342
f 342 3303 344
f 3303 3304 344
f 344 3304 346
f 3304 3305 346
f 346 3305 348
f 3305 3306 348
f 348 3306 350
f 3306 3307 350
f 350 3307 352
f 3307 3308 352
f 352 3308 354
f 3308 3309 354
f 354 3309 356
f 3309 3310 356
f 356 3310 358
f 3310 3311 358
f 358 3311 360
f 3311 3312 360
f 360 3312 218
f 3312 3241 218
f 3241 3313 3242
f 3313 3314 3242
f 3242 3314 3243
f 3314 3315 3243
f 3243 3315 3244
f 3315 3316 3244
f 3244 3316 3245
f 3316 3317 3245
f 3245 3317 3246
f 3317 3318 3246
f 3246 3318 3247
f 3318 3319 3247
f 3247 3319 3248
f 3319 3320 3248
f 3248 3320 3249
f 3320 3321 3249
f 3249 3321 3250
f 3321 3322 3250
f 3250 3322 3251
f 3322 3323 3251
f 3251 3323 3252
f 3323 3324 3252
f 3252 3324 3253
f 3324 3325 3253
f 3253 3325 3254
f 3325 3326 3254
f 3254 3326 3255
f 3326 3327 3255
f 3255 3327 3256
f 3327 3328 3256
f 3256 3328 3257
f 3328 3329 3257
f 3257 3329 3258
f 3329 3330 3258
f 3258 3330 3259
f 3330 3331 3259
f 3259 3331 3260
f 3331 3332 3260
f 3260 3332 3261
f 3332 3333 3261
f 3261 3333 3262
f 3333 3334 3262
f 3262 3334 3263
f 3334 3335 3263
f 3263 3335 3264
f 3335 3336 3264
f 3264 3336 3265
f 3336 3337 3265
f 3265 3337 3266
f 3337 3338 3266
f 3266 3338 3267
f 3338 3339 3267
f 3267 3339 3268
f 3339 3340 3268
f 3268 3340 3269
f 3340 3341 3269
f 3269 3341 3270
f 3341 3342 3270
f 3270 3342 3271
f 3342 3343 3271
f 3271 3343 3272
f 3343 3344 3272
f 3272 3344 3273
f 3344 3345 3273
f 3273 3345 3274
f 3345 3346 3274
f 3274 3346 3275
f 3346 3347 3275
f 3275 3347 3276
f 3347 3348 3276
f 3276 3348 3277
f 3348 3349 3277
f 3277 3349 3278
f 3349 3350 3278
f 3278 3350 3279
f 3350 3351 3279
f 3279 3351 3280
f 3351 3352 3280
f 3280 3352 3281
f 3352 3353 3281
f 3281 3353 3282
f 3353 3354 3282
f 3282 3354 3283
f 3354 3355 3283
f 3283 3355 3284
f 3355 3356 3284
f 3284 3356 3285
f 3356 3357 3285
f 3285 3357 3286
f 3357 3358 3286
f 3286 3358 3287
f 3358 3359 3287
f 3287 3359 3288
f 3359 3360 3288
f 3288 3360 3289
f 3360 3361 3289
f 3289 3361 3290
f 3361 3362 3290
f 3290 3362 3291
f 3362 3363 3291
f 3291 3363 3292
f 3363 3364 3292
f 3292 3364 3293
f 3364 3365 3293
f 3293 3365 3294
f 3365 3366 3294
f 3294 3366 3295
f 3366 3367 3295
f 3295 3367 3296
f 3367 3368 3296
f 3296 3368 3297
f 3368 3369 3297
f 3297 3369 3298
f 3369 3370 3298
f 3298 3370 3299
f 3370 3371 3299
f 3299 3371 3300
f 3371 3372 3300
f 3300 3372 3301
f 3372 3373 3301
f 3301 3373 3302
f 3373 3374 3302
f 3302 3374 3303
f 3374 3375 3303
f 3303 3375 3304
f 3375 3376 3304
f 3304 3376 3305
f 3376 3377 3305
f 3305 3377 3306
f 3377 3378 3306
f 3306 3378 3307
f 3378 3379 3307
f 3307 3379 3308
f 3379 3380 3308
f 3308 3380 3309
f 3380 3381 3309
f 3309 3381 3310
f 3381 3382 3310
f 3310 3382 3311
f 3382 3383 3311
f 3311 3383 3312
f 3383 3384 3312
f 3312 3384 3241
f 3384 3313 3241
f 3313 3385 3314
f 3385 3386 3314
f 3314 3386 3315
f 3386 3387 3315
f 3315 3387 3316
f 3387 3388 3316
f 3316 3388 3317
f 3388 3389 3317
f 3317 3389 3318
f 3389 3390 3318
f 3318 3390 3319
f 3390 3391 3319
f 3319 3391 3320
f 3391 3392 3320
f 3320 3392 3321
f 3392 3393 3321
f 3321 3393 3322
f 3393 3394 3322
f 3322 3394 3323
f 3394 3395 3323
f 3323 3395 3324
f 3395 3396 3324
f 3324 3396 3325
f 3396 3397 3325
f 3325 3397 3326
f 3397 3398 3326
f 3326 3398 3327
f 3398 3399 3327
f 3327 3399 3328
f 3399 3400 3328
f 3328 3400 3329
f 3400 3401 3329
f 3329 3401 3330
f 3401 3402 3330
f 3330 3402 3331
f 3402 3403 3331
f 3331 3403 3332
f 3403 3404 3332
f 3332 3404 3333
f 3404 3405 3333
f 3333 3405 3334
f 3405 3406 3334
f 3334 3406 3335
f 3406 3407 3335
f 3335 3407 3336
f 3407 3408 3336
f 3336 3408 3337
f 3408 3409 3337
f 3337 3409 3338
f 3409 3410 3338
f 3338 3410 3339
f 3410 3411 3339
f 3339 3411 3340
f 3411 3412 3340
f 3340 3412 3341
f 3412 3413 3341
f 3341 3413 3342
f 3413 3414 3342
f 3342 3414 3343
f 3414 3415 3343
f 3343 3415 3344
f 3415 3416 3344
f 3344 3416 3345
f 3416 3417 3345
f 3345 3417 3346
f 3417 3418 3346
f 3346 3418 3347
f 3418 3419 3347
f 3347 3419 3348
f 3419 3420 3348
f 3348 3420 3349
f 3420 3421 3349
f 3349 3421 3350
f 3421 3422 3350
f 3350 3422 3351
f 3422 3423 3351
f 3351 3423 3352
f 3423 3424 3352
f 3352 3424 3353
f 3424 3425 3353
f 3353 3425 3354
f 3425 3426 3354
f 3354 3426 3355
f 3426 3427 3355
f 3355 3427 3356
f 3427 3428 3356
f 3356 3428 3357
f 3428 3429 3357
f 3357 3429 3358
f 3429 3430 3358
f 3358 3430 3359
f 3430 3431 3359
f 3359 3431 3360
f 3431 3432 3360
f 3360 3432 3361
f 3432 3433 3361
f 3361 3433 3362
f 3433 3434 3362
f 3362 3434 3363
f 3434 3435 3363
f 3363 3435 3364
f 3435 3436 3364
f 3364 3436 3365
f 3436 3437 3365
f 3365 3437 3366
f 3437 3438 3366
f 3366 3438 3367
f 3438 3439 3367
f 3367 3439 3368
f 3439 3440 3368
f 3368 3440 3369
f 3440 3441 3369
f 3369 3441 3370
f 3441 3442 3370
f 3370 3442 3371
f 3442 3443 3371
f 3371 3443 3372
f 3443 3444 3372
f 3372 3444 3373
f 3444 3445 3373
f 3373 3445 3374
f 3445 3446 3374
f 3374 3446 3375
f 3446 3447 3375
f 3375 3447 3376
f 3447 3448 3376
f 3376 3448 3377
f 3448 3449 3377
f 3377 3449 3378
f 3449 3450 3378
f 3378 3450 3379
f 3450 3451 3379
f 3379 3451 3380
f 3451 3452 3380
f 3380 3452 3381
f 3452 3453 3381
f 3381 3453 3382
f 3453 3454 3382
f 3382 3454 3383
f 3454 3455 3383
f 3383 3455 3384
f 3455 3456 3384
f 3384 3456 3313
f 3456 3385 3313
f 3385 3457 3386
f 3457 3458 3386
f 3386 3458 3387
f 3458 3459 3387
f 3387 3459 3388
f 3459 3460 3388
f 3388 3460 3389
f 3460 3461 3389
f 3389 3461 3390
f 3461 3462 3390
f 3390 3462 3391
f 3462 3463 3391
f 3391 3463 3392
f 3463 3464 3392
f 3392 3464 3393
f 3464 3465 3393
f 3393 3465 3394
f 3465 3466 3394
f 3394 3466 3395
f 3466 3467 3395
f 3395 3467 3396
f 3467 3468 3396
f 3396 3468 3397
f 3468 3469 3397
f 3397 3469 3398
f 3469 3470 3398
f 3398 3470 3399
f 3470 3471 3399
f 3399 3471 3400
f 3471 3472 3400
f 3400 3472 3401
f 3472 3473 3401
f 3401 3473 3402
f 3473 3474 3402
f 3402 3474 3403
f 3474 3475 3403
f 3403 3475 3404
f 3475 3476 3404
f 3404 3476 3405
f 3476 3477 3405
f 3405 3477 3406
f 3477 3478 3406
f 3406 3478 3407
f 3478 3479 3407
f 3407 3479 3408
f 3479 3480 3408
f 3408 3480 3409
f 3480 3481 3409
f 3409 3481 3410
f 3481 3482 3410
f 3410 3482 3411
f 3482 3483 3411
f 3411 3483 3412
f 3483 3484 3412
f 3412 3484 3413
f 3484 3485 3413
f 3413 3485 3414
f 3485 3486 3414
f 3414 3486 3415
f 3486 3487 3415
f 3415 3487 3416
f 3487 3488 3416
f 3416 3488 3417
f 3488 3489 3417
f 3417 3489 3418
f 3489 3490 3418
f 3418 3490 3419
f 3490 3491 3419
f 3419 3491 3420
f 3491 3492 3420
f 3420 3492 3421
f 3492 3493 3421
f 3421 3493 3422
f 3493 3494 3422
f 3422 3494 3423
f 3494 3495 3423
f 3423 3495 3424
f 3495 3496 3424
f 3424 3496 3425
f 3496 3497 3425
f 3425 3497 3426
f 3497 3498 3426
f 3426 3498 3427
f 3498 3499 3427
f 3427 3499 3428
f 3499 3500 3428
f 3428 3500 3429
f 3500 3501 3429
f 3429 3501 3430
f 3501 3502 3430
f 3430 3502 3431
f 3502 3503 3431
f 3431 3503 3432
f 3503 3504 3432
f 3432 3504 3433
f 3504 3505 3433
f 3433 3505 3434
f 3505 3506 3434
f 3434 3506 3435
f 3506 3507 3435
f 3435 3507 3436
f 3507 3508 3436
f 3436 3508 3437
f 3508 3509 3437
f 3437 3509 3438
f 3509 3510 3438
f 3438 3510 3439
f 3510 3511 3439
f 3439 3511 3440
f 3511 3512 3440
f 3440 3512 3441
f 3512 3513 3441
f 3441 3513 3442
f 3513 3514 3442
f 3442 3514 3443
f 3514 3515 3443
f 3443 3515 3444
f 3515 3516 3444
f 3444 3516 3445
f 3516 3517 3445
f 3445 3517 3446
f 3517 3518 3446
f 3446 3518 3447
f 3518 3519 3447
f 3447 3519 3448
f 3519 3520 3448
f 3448 3520 3449
f 3520 3521 3449
f 3449 3521 3450
f 3521 3522 3450
f 3450 3522 3451
f 3522 3523 3451
f 3451 3523 3452
f 3523 3524 3452
f 3452 3524 3453
f 3524 3525 3453
f 3453 3525 3454
f 3525 3526 3454
f 3454 3526 3455
f 3526 3527 3455
f 3455 3527 3456
f 3527 3528 3456
f 3456 3528 3385
f 3528 3457 3385
f 3457 3529 3458
f 3529 3530 3458
f 3458 3530 3459
f 3530 3531 3459
f 3459 3531 3460
f 3531 3532 3460
f 3460 3532 3461
f 3532 3533 3461
f 3461 3533 3462
f 3533 3534 3462
f 3462 3534 3463
f 3534 3535 3463
f 3463 3535 3464
f 3535 3536 3464
f 3464 3536 3465
f 3536 3537 3465
f 3465 3537 3466
f 3537 3538 3466
f 3466 3538 3467
f 3538 3539 3467
f 3467 3539 3468
f 3539 3540 3468
f 3468 3540 3469
f 3540 3541 3469
f 3469 3541 3470
f 3541 3542 3470
f 3470 3542 3471
f 3542 3543 3471
f 3471 3543 3472
f 3543 3544 3472
f 3472 3544 3473
f 3544 3545 3473
f 3473 3545 3474
f 3545 3546 3474
f 3474 3546 3475
f 3546 3547 3475
f 3475 3547 3476
f 3547 3548 3476
f 3476 3548 3477
f 3548 3549 3477
f 3477 3549 3478
f 3549 3550 3478
f 3478 3550 3479
f 3550 3551 3479
f 3479 3551 3480
f 3551 3552 3480
f 3480 3552 3481
f 3552 3553 3481
f 3481 3553 3482
f 3553 3554 3482
f 3482 3554 3483
f 3554 3555 3483
f 3483 3555 3484
f 3555 3556 3484
f 3484 3556 3485
f 3556 3557 3485
f 3485 3557 3486
f 3557 3558 3486
f 3486 3558 3487
f 3558 3559 3487
f 3487 3559 3488
f 3559 3560 3488
f 3488 3560 3489
f 3560 3561 3489
f 3489 3561 3490
f 3561 3562 3490
f 3490 3562 3491
f 3562 3563 3491
f 3491 3563 3492
f 3563 3564 3492
f 3492 3564 3493
f 3564 3565 3493
f 3493 3565 3494
f 3565 3566 3494
f 3494 3566 3495
f 3566 3567 3495
f 3495 3567 3496
f 3567 3568 3496
f 3496 3568 3497
f 3568 3569 3497
f 3497 3569 3498
f 3569 3570 3498
f 3498 3570 3499
f 3570 3571 3499
f 3499 3571 3500
f 3571 3572 3500
f 3500 3572 3501
f 3572 3573 3501
f 3501 3573 3502
f 3573 3574 3502
f 3502 3574 3503
f 3574 3575 3503
f 3503 3575 3504
f 3575 3576 3504
f 3504 3576 3505
f 3576 3577 3505
f 3505 3577 3506
f 3577 3578 3506
f 3506 3578 3507
f 3578 3579 3507
f 3507 3579 3508
f 3579 3580 3508
f 3508 3580 3509
f 3580 3581 3509
f 3509 3581 3510
f 3581 3582 3510
f 3510 3582 3511
f 3582 3583 3511
f 3511 3583 3512
f 3583 3584 3512
f 3512 3584 3513
f 3584 3585 3513
f 3513 3585 3514
f 3585 3586 3514
f 3514 3586 3515
f 3586 3587 3515
f 3515 3587 3516
f 3587 3588 3516
f 3516 3588 3517
f 3588 3589 3517
f 3517 3589 3518
f 3589 3590 3518
f 3518 3590 3519
f 3590 3591 3519
f 3519 3591 3520
f 3591 3592 3520
f 3520 3592 3521
f 3592 3593 3521
f 3521 3593 3522
f 3593 3594 3522
f 3522 3594 3523
f 3594 3595 3523
f 3523 3595 3524
f 3595 3596 3524
f 3524 3596 3525
f 3596 3597 3525
f 3525 3597 3526
f 3597 3598 3526
f 3526 3598 3527
f 3598 3599 3527
f 3527 3599 3528
f 3599 3600 3528
f 3528 3600 3457
f 3600 3529 3457
f 3529 3601 3530
f 3601 3602 3530
f 3530 3602 3531
f 3602 3603 3531
f 3531 3603 3532
f 3603 3604 3532
f 3532 3604 3533
f 3604 3605 3533
f 3533 3605 3534
f 3605 3606 3534
f 3534 3606 3535
f 3606 3607 3535
f 3535 3607 3536
f 3607 3608 3536
f 3536 3608 3537
f 3608 3609 3537
f 3537 3609 3538
f 3609 3610 3538
f 3538 3610 3539
f 3610 3611 3539
f 3539 3611 3540
f 3611 3612 3540
f 3540 3612 3541
f 3612 3613 3541
f 3541 3613 3542
f 3613 3614 3542
f 3542 3614 3543
f 3614 3615 3543
f 3543 3615 3544
f 3615 3616 3544
f 3544 3616 3545
f 3616 3617 3545
f 3545 3617 3546
f 3617 3618 3546
f 3546 3618 3547
f 3618 3619 3547
f 3547 3619 3548
f 3619 3620 3548
f 3548 3620 3549
f 3620 3621 3549
f 3549 3621 3550
f 3621 3622 3550
f 3550 3622 3551
f 3622 3623 3551
f 3551 3623 3552
f 3623 3624 3552
f 3552 3624 3553
f 3624 3625 3553
f 3553 3625 3554
f 3625 3626 3554
f 3554 3626 3555
f 3626 3627 3555
f 3555 3627 3556
f 3627 3628 3556
f 3556 3628 3557
f 3628 3629 3557
f 3557 3629 3558
f 3629 3630 3558
f 3558 3630 3559
f 3630 3631 3559
f 3559 3631 3560
f 3631 3632 3560
f 3560 3632 3561
f 3632 3633 3561
f 3561 3633 3562
f 3633 3634 3562
f 3562 3634 3563
f 3634 3635 3563
f 3563 3635 3564
f 3635 3636 3564
f 3564 3636 3565
f 3636 3637 3565
f 3565 3637 3566
f 3637 3638 3566
f 3566 3638 3567
f 3638 3639 3567
f 3567 3639 3568
f 3639 3640 3568
f 3568 3640 3569
f 3640 3641 3569
f 3569 3641 3570
f 3641 3642 3570
f 3570 3642 3571
f 3642 3643 3571
f 3571 3643 3572
f 3643 3644 3572
f 3572 3644 3573
f 3644 3645 3573
f 3573 3645 3574
f 3645 3646 3574
f 3574 3646 3575
f 3646 3647 3575
f 3575 3647 3576
f 3647 3648 3576
f 3576 3648 3577
f 3648 3649 3577
f 3577 3649 3578
f 3649 3650 3578
f 3578 3650 3579
f 3650 3651 3579
f 3579 3651 3580
f 3651 3652 3580
f 3580 3652 3581
f 3652 3653 3581
f 3581 3653 3582
f 3653 3654 3582
f 3582 3654 3583
f 3654 3655 3583
f 3583 3655 3584
f 3655 3656 3584
f 3584 3656 3585
f 3656 3657 3585
f 3585 3657 3586
f 3657 3658 3586
f 3586 3658 3587
f 3658 3659 3587
f 3587 3659 3588
f 3659 3660 3588
f 3588 3660 3589
f 3660 3661 3589
f 3589 3661 3590
f 3661 3662 3590
f 3590 3662 3591
f 3662 3663 3591
f 3591 3663 3592
f 3663 3664 3592
f 3592 3664 3593
f 3664 3665 3593
f 3593 3665 3594
f 3665 3666 3594
f 3594 3666 3595
f 3666 3667 3595
f 3595 3667 3596
f 3667 3668 3596
f 3596 3668 3597
f 3668 3669 3597
f 3597 3669 3598
f 3669 3670 3598
f 3598 3670 3599
f 3670 3671 3599
f 3599 3671 3600
f 3671 3672 3600
f 3600 3672 3529
f 3672 3601 3529
f 3601 3673 3602
f 3673 3674 3602
f 3602 3674 3603
f 3674 3675 3603
f 3603 3675 3604
f 3675 3676 3604
f 3604 3676 3605
f 3676 3677 3605
f 3605 3677 3606
f 3677 3678 3606
f 3606 3678 3607
f 3678 3679 3607
f 3607 3679 3608
f 3679 3680 3608
f 3608 3680 3609
f 3680 3681 3609
f 3609 3681 3610
f 3681 3682 3610
f 3610 3682 3611
f 3682 3683 3611
f 3611 3683 3612
f 3683 3684 3612
f 3612 3684 3613
f 3684 3685 3613
f 3613 3685 3614
f 3685 3686 3614
f 3614 3686 3615
f 3686 3687 3615
f 3615 3687 3616
f 3687 3688 3616
f 3616 3688 3617
f 3688 3689 3617
f 3617 3689 3618
f 3689 3690 3618
f 3618 3690 3619
f 3690 3691 3619
f 3619 3691 3620
f 3691 3692 3620
f 3620 3692 3621
f 3692 3693 3621
f 3621 3693 3622
f 3693 3694 3622
f 3622 3694 3623
f 3694 3695 3623
f 3623 3695 3624
f 3695 3696 3624
f 3624 3696 3625
f 3696 3697 3625
f 3625 3697 3626
f 3697 3698 3626
f 3626 3698 3627
f 3698 3699 3627
f 3627 3699 3628
f 3699 3700 3628
f 3628 3700 3629
f 3700 3701 3629
f 3629 3701 3630
f 3701 3702 3630
f 3630 3702 3631
f 3702 3703 3631
f 3631 3703 3632
f 3703 3704 3632
f 3632 3704 3633
f 3704 3705 3633
f 3633 3705 3634
f 3705 3706 3634
f 3634 3706 3635
f 3706 3707 3635
f 3635 3707 3636
f 3707 3708 3636
f 3636 3708 3637
f 3708 3709 3637
f 3637 3709 3638
f 3709 3710 3638
f 3638 3710 3639
f 3710 3711 3639
f 3639 3711 3640
f 3711 3712 3640
f 3640 3712 3641
f 3712 3713 3641
f 3641 3713 3642
f 3713 3714 3642
f 3642 3714 3643
f 3714 3715 3643
f 3643 3715 3644
f 3715 3716 3644
f 3644 3716 3645
f 3716 3717 3645
f 3645 3717 3646
f 3717 3718 3646
f 3646 3718 3647
f 3718 3719 3647
f 3647 3719 3648
f 3719 3720 3648
f 3648 3720 3649
f 3720 3721 3649
f 3649 3721 3650
f 3721 3722 3650
f 3650 3722 3651
f 3722 3723 3651
f 3651 3723 3652
f 3723 3724 3652
f 3652 3724 3653
f 3724 3725 3653
f 3653 3725 3654
f 3725 3726 3654
f 3654 3726 3655
f 3726 3727 3655
f 3655 3727 3656
f 3727 3728 3656
f 3656 3728 3657
f 3728 3729 3657
f 3657 3729 3658
f 3729 3730 3658
f 3658 3730 3659
f 3730 3731 3659
f 3659 3731 3660
f 3731 3732 3660
f 3660 3732 3661
f 3732 3733 3661
f 3661 3733 3662
f 3733 3734 3662
f 3662 3734 3663
f 3734 3735 3663
f 3663 3735 3664
f 3735 3736 3664
f 3664 3736 3665
f 3736 3737 3665
f 3665 3737 3666
f 3737 3738 3666
f 3666 3738 3667
f 3738 3739 3667
f 3667 3739 3668
f 3739 3740 3668
f 3668 3740 3669
f 3740 3741 3669
f 3669 3741 3670
f 3741 3742 3670
f 3670 3742 3671
f 3742 3743 3671
f 3671 3743 3672
f 3743 3744 3672
f 3672 3744 3601
f 3744 3673 3601
f 3673 3745 3674
f 3745 3746 3674
f 3674 3746 3675
f 3746 3747 3675
f 3675 3747 3676
f 3747 3748 3676
f 3676 3748 3677
f 3748 3749 3677
f 3677 3749 3678
f 3749 3750 3678
f 3678 3750 3679
f 3750 3751 3679
f 3679 3751 3680
f 3751 3752 3680
f 3680 3752 3681
f 3752 3753 3681
f 3681 3753 3682
f 3753 3754 3682
f 3682 3754 3683
f 3754 3755 3683
f 3683 3755 3684
f 3755 3756 3684
f 3684 3756 3685
f 3756 3757 3685
f 3685 3757 3686
f 3757 3758 3686
f 3686 3758 3687
f 3758 3759 3687
f 3687 3759 3688
f 3759 3760 3688
f 3688 3760 3689
f 3760 3761 3689
f 3689 3761 3690
f 3761 3762 3690
f 3690 3762 3691
f 3762 3763 3691
f 3691 3763 3692
f 3763 3764 3692
f 3692 3764 3693
f 3764 3765 3693
f 3693 3765 3694
f 3765 3766 3694
f 3694 3766 3695
f 3766 3767 3695
f 3695 3767 3696
f 3767 3768 3696
f 3696 3768 3697
f 3768 3769 3697
f 3697 3769 3698
f 3769 3770 3698
f 3698 3770 3699
f 3770 3771 3699
f 3699 3771 3700
f 3771 3772 3700
f 3700 3772 3701
f 3772 3773 3701
f 3701 3773 3702
f 3773 3774 3702
f 3702 3774 3703
f 3774 3775 3703
f 3703 3775 3704
f 3775 3776 3704
f 3704 3776 3705
f 3776 3777 3705
f 3705 3777 3706
f 3777 3778 3706
f 3706 3778 3707
f 3778 3779 3707
f 3707 3779 3708
f 3779 3780 3708
f 3708 3780 3709
f 3780 3781 3709
f 3709 3781 3710
f 3781 3782 3710
f 3710 3782 3711
f 3782 3783 3711
f 3711 3783 3712
f 3783 3784 3712
f 3712 3784 3713
f 3784 3785 3713
f 3713 3785 3714
f 3785 3786 3714
f 3714 3786 3715
f 3786 3787 3715
f 3715 3787 3716
f 3787 3788 3716
f 3716 3788 3717
f 3788 3789 3717
f 3717 3789 3718
f 3789 3790 3718
f 3718 3790 3719
f 3790 3791 3719
f 3719 3791 3720
f 3791 3792 3720
f 3720 3792 3721
f 3792 3793 3721
f 3721 3793 3722
f 3793 3794 3722
f 3722 3794 3723
f 3794 3795 3723
f 3723 3795 3724
f 3795 3796 3724
f 3724 3796 3725
f 3796 3797 3725
f 3725 3797 3726
f 3797 3798 3726
f 3726 3798 3727
f 3798 3799 3727
f 3727 3799 3728
f 3799 3800 3728
f 3728 3800 3729
f 3800 3801 3729
f 3729 3801 3730
f 3801 3802 3730
f 3730 3802 3731
f 3802 3803 3731
f 3731 3803 3732
f 3803 3804 3732
f 3732 3804 3733
f 3804 3805 3733
f 3733 3805 3734
f 3805 3806 3734
f 3734 3806 3735
f 3806 3807 3735
f 3735 3807 3736
f 3807 3808 3736
f 3736 3808 3737
f 3808 3809 3737
f 3737 3809 3738
f 3809 3810 3738
f 3738 3810 3739
f 3810 3811 3739
f 3739 3811 3740
f 3811 3812 3740
f 3740 3812 3741
f 3812 3813 3741
f 3741 3813 3742
f 3813 3814 3742
f 3742 3814 3743
f 3814 3815 3743
f 3743 3815 3744
f 3815 3816 3744
f 3744 3816 3673
f 3816 3745 3673
f 3745 3817 3746
f 3817 3818 3746
f 3746 3818 3747
f 3818 3819 3747
f 3747 3819 3748
f 3819 3820 3748
f 3748 3820 3749
f 3820 3821 3749
f 3749 3821 3750
f 3821 3822 3750
f 3750 3822 3751
f 3822 3823 3751
f 3751 3823 3752
f 3823 3824 3752
f 3752 3824 3753
f 3824 3825 3753
f 3753 3825 3754
f 3825 3826 3754
f 3754 3826 3755
f 3826 3827 3755
f 3755 3827 3756
f 3827 3828 3756
f 3756 3828 3757
f 3828 3829 3757
f 3757 3829 3758
f 3829 3830 3758
f 3758 3830 3759
f 3830 3831 3759
f 3759 3831 3760
f 3831 3832 3760
f 3760 3832 3761
f 3832 3833 3761
f 3761 3833 3762
f 3833 3834 3762
f 3762 3834 3763
f 3834 3835 3763
f 3763 3835 3764
f 3835 3836 3764
f 3764 3836 3765
f 3836 3837 3765
f 3765 3837 3766
f 3837 3838 3766
f 3766 3838 3767
f 3838 3839 3767
f 3767 3839 3768
f 3839 3840 3768
f 3768 3840 3769
f 3840 3841 3769
f 3769 3841 3770
f 3841 3842 3770
f 3770 3842 3771
f 3842 3843 3771
f 3771 3843 3772
f 3843 3844 3772
f 3772 3844 3773
f 3844 3845 3773
f 3773 3845 3774
f 3845 3846 3774
f 3774 3846 3775
f 3846 3847 3775
f 3775 3847 3776
f 3847 3848 3776
f 3776 3848 3777
f 3848 3849 3777
f 3777 3849 3778
f 3849 3850 3778
f 3778 3850 3779
f 3850 3851 3779
f 3779 3851 3780
f 3851 3852 3780
f 3780 3852 3781
f 3852 3853 3781
f 3781 3853 3782
f 3853 3854 3782
f 3782 3854 3783
f 3854 3855 3783
f 3783 3855 3784
f 3855 3856 3784
f 3784 3856 3785
f 3856 3857 3785
f 3785 3857 3786
f 3857 3858 3786
f 3786 3858 3787
f 3858 3859 3787
f 3787 3859 3788
f 3859 3860 3788
f 3788 3860 3789
f 3860 3861 3789
f 3789 3861 3790
f 3861 3862 3790
f 3790 3862 3791
f 3862 3863 3791
f 3791 3863 3792
f 3863 3864 3792
f 3792 3864 3793
f 3864 3865 3793
f 3793 3865 3794
f 3865 3866 3794
f 3794 3866 3795
f 3866 3867 3795
f 3795 3867 3796
f 3867 3868 3796
f 3796 3868 3797
f 3868 3869 3797
f 3797 3869 3798
f 3869 3870 3798
f 3798 3870 3799
f 3870 3871 3799
f 3799 3871 3800
f 3871 3872 3800
f 3800 3872 3801
f 3872 3873 3801
f 3801 3873 3802
f 3873 3874 3802
f 3802 3874 3803
f 3874 3875 3803
f 3803 3875 3804
f 3875 3876 3804
f 3804 3876 3805
f 3876 3877 3805
f 3805 3877 3806
f 3877 3878 3806
f 3806 3878 3807
f 3878 3879 3807
f 3807 3879 3808
f 3879 3880 3808
f 3808 3880 3809
f 3880 3881 3809
f 3809 3881 3810
f 3881 3882 3810
f 3810 3882 3811
f 3882 3883 3811
f 3811 3883 3812
f 3883 3884 3812
f 3812 3884 3813
f 3884 3885 3813
f 3813 3885 3814
f 3885 3886 3814
f 3814 3886 3815
f 3886 3887 3815
f 3815 3887 3816
f 3887 3888 3816
f 3816 3888 3745
f 3888 3817 3745
f 3817 3889 3818
f 3889 3890 3818
f 3818 3890 3819
f 3890 3891 3819
f 3819 3891 3820
f 3891 3892 3820
f 3820 3892 3821
f 3892 3893 3821
f 3821 3893 3822
f 3893 3894 3822
f 3822 3894 3823
f 3894 3895 3823
f 3823 3895 3824
f 3895 3896 3824
f 3824 3896 3825
f 3896 3897 3825
f 3825 3897 3826
f 3897 3898 3826
f 3826 3898 3827
f 3898 3899 3827
f 3827 3899 3828
f 3899 3900 3828
f 3828 3900 3829
f 3900 3901 3829
f 3829 3901 3830
f 3901 3902 3830
f 3830 3902 3831
f 3902 3903 3831
f 3831 3903 3832
f 3903 3904 3832
f 3832 3904 3833
f 3904 3905 3833
f 3833 3905 3834
f 3905 3906 3834
f 3834 3906 3835
f 3906 3907 3835
f 3835 3907 3836
f 3907 3908 3836
f 3836 3908 3837
f 3908 3909 3837
f 3837 3909 3838
f 3909 3910 3838
f 3838 3910 3839
f 3910 3911 3839
f 3839 3911 3840
f 3911 3912 3840
f 3840 3912 3841
f 3912 3913 3841
f 3841 3913 3842
f 3913 3914 3842
f 3842 3914 3843
f 3914 3915 3843
f 3843 3915 3844
f 3915 3916 3844
f 3844 3916 3845
f 3916 3917 3845
f 3845 3917 3846
f 3917 3918 3846
f 3846 3918 3847
f 3918 3919 3847
f 3847 3919 3848
f 3919 3920 3848
f 3848 3920 3849
f 3920 3921 3849
f 3849 3921 3850
f 3921 3922 3850
f 3850 3922 3851
f 3922 3923 3851
f 3851 3923 3852
f 3923 3924 3852
f 3852 3924 3853
f 3924 3925 3853
f 3853 3925 3854
f 3925 3926 3854
f 3854 3926 3855
f 3926 3927 3855
f 3855 3927 3856
f 3927 3928 3856
f 3856 3928 3857
f 3928 3929 3857
f 3857 3929 3858
f 3929 3930 3858
f 3858 3930 3859
f 3930 3931 3859
f 3859 3931 3860
f 3931 3932 3860
f 3860 3932 3861
f 3932 3933 3861
f 3861 3933 3862
f 3933 3934 3862
f 3862 3934 3863
f 3934 3935 3863
f 3863 3935 3864
f 3935 3936 3864
f 3864 3936 3865
f 3936 3937 3865
f 3865 3937 3866
f 3937 3938 3866
f 3866 3938 3867
f 3938 3939 3867
f 3867 3939 3868
f 3939 3940 3868
f 3868 3940 3869
f 3940 3941 3869
f 3869 3941 3870
f 3941 3942 3870
f 3870 3942 3871
f 3942 3943 3871
f 3871 3943 3872
f 3943 3944 3872
f 3872 3944 3873
f 3944 3945 3873
f 3873 3945 3874
f 3945 3946 3874
f 3874 3946 3875
f 3946 3947 3875
f 3875 3947 3876
f 3947 3948 3876
f 3876 3948 3877
f 3948 3949 3877
f 3877 3949 3878
f 3949 3950 3878
f 3878 3950 3879
f 3950 3951 3879
f 3879 3951 3880
f 3951 3952 3880
f 3880 3952 3881
f 3952 3953 3881
f 3881 3953 3882
f 3953 3954 3882
f 3882 3954 3883
f 3954 3955 3883
f 3883 3955 3884
f 3955 3956 3884
f 3884 3956 3885
f 3956 3957 3885
f 3885 3957 3886
f 3957 3958 3886
f 3886 3958 3887
f 3958 3959 3887
f 3887 3959 3888
f 3959 3960 3888
f 3888 3960 3817
f 3960 3889 3817
f 3889 3961 3890
f 3961 3962 3890
f 3890 3962 3891
f 3962 3963 3891
f 3891 3963 3892
f 3963 3964 3892
f 3892 3964 3893
f 3964 3965 3893
f 3893 3965 3894
f 3965 3966 3894
f 3894 3966 3895
f 3966 3967 3895
f 3895 3967 3896
f 3967 3968 3896
f 3896 3968 3897
f 3968 3969 3897
f 3897 3969 3898
f 3969 3970 3898
f 3898 3970 3899
f 3970 3971 3899
f 3899 3971 3900
f 3971 3972 3900
f 3900 3972 3901
f 3972 3973 3901
f 3901 3973 3902
f 3973 3974 3902
f 3902 3974 3903
f 3974 3975 3903
f 3903 3975 3904
f 3975 3976 3904
f 3904 3976 3905
f 3976 3977 3905
f 3905 3977 3906
f 3977 3978 3906
f 3906 3978 3907
f 3978 3979 3907
f 3907 3979 3908
f 3979 3980 3908
f 3908 3980 3909
f 3980 3981 3909
f 3909 3981 3910
f 3981 3982 3910
f 3910 3982 3911
f 3982 3983 3911
f 3911 3983 3912
f 3983 3984 3912
f 3912 3984 3913
f 3984 3985 3913
f 3913 3985 3914
f 3985 3986 3914
f 3914 3986 3915
f 3986 3987 3915
f 3915 3987 3916
f 3987 3988 3916
f 3916 3988 3917
f 3988 3989 3917
f 3917 3989 3918
f 3989 3990 3918
f 3918 3990 3919
f 3990 3991 3919
f 3919 3991 3920
f 3991 3992 3920
f 3920 3992 3921
f 3992 3993 3921
f 3921 3993 3922
f 3993 3994 3922
f 3922 3994 3923
f 3994 3995 3923
f 3923 3995 3924
f 3995 3996 3924
f 3924 3996 3925
f 3996 3997 3925
f 3925 3997 3926
f 3997 3998 3926
f 3926 3998 3927
f 3998 3999 3927
f 3927 3999 3928
f 3999 4000 3928
f 3928 4000 3929
f 4000 4001 3929
f 3929 4001 3930
f 4001 4002 3930
f 3930 4002 3931
f 4002 4003 3931
f 3931 4003 3932
f 4003 4004 3932
f 3932 4004 3933
f 4004 4005 3933
f 3933 4005 3934
f 4005 4006 3934
f 3934 4006 3935
f 4006 4007 3935
f 3935 4007 3936
f 4007 4008 3936
f 3936 4008 3937
f 4008 4009 3937
f 3937 4009 3938
f 4009 4010 3938
f 3938 4010 3939
f 4010 4011 3939
f 3939 4011 3940
f 4011 4012 3940
f 3940 4012 3941
f 4012 4013 3941
f 3941 4013 3942
f 4013 4014 3942
f 3942 4014 3943
f 4014 4015 3943
f 3943 4015 3944
f 4015 4016 3944
f 3944 4016 3945
f 4016 4017 3945
f 3945 4017 3946
f 4017 4018 3946
f 3946 4018 3947
f 4018 4019 3947
f 3947 4019 3948
f 4019 4020 3948
f 3948 4020 3949
f 4020 4021 3949
f 3949 4021 3950
f 4021 4022 3950
f 3950 4022 3951
f 4022 4023 3951
f 3951 4023 3952
f 4023 4024 3952
f 3952 4024 3953
f 4024 4025 3953
f 3953 4025 3954
f 4025 4026 3954
f 3954 4026 3955
f 4026 4027 3955
f 3955 4027 3956
f 4027 4028 3956
f 3956 4028 3957
f 4028 4029 3957
f 3957 4029 3958
f 4029 4030 3958
f 3958 4030 3959
f 4030 4031 3959
f 3959 4031 3960
f 4031 4032 3960
f 3960 4032 3889
f 4032 3961 3889
f 3961 4033 3962
f 4033 4034 3962
f 3962 4034 3963
f 4034 4035 3963
f 3963 4035 3964
f 4035 4036 3964
f 3964 4036 3965
f 4036 4037 3965
f 3965 4037 3966
f 4037 4038 3966
f 3966 4038 3967
f 4038 4039 3967
f 3967 4039 3968
f 4039 4040 3968
f 3968 4040 3969
f 4040 4041 3969
f 3969 4041 3970
f 4041 4042 3970
f 3970 4042 3971
f 4042 4043 3971
f 3971 4043 3972
f 4043 4044 3972
f 3972 4044 3973
f 4044 4045 3973
f 3973 4045 3974
f 4045 4046 3974
f 3974 4046 3975
f 4046 4047 3975
f 3975 4047 3976
f 4047 4048 3976
f 3976 4048 3977
f 4048 4049 3977
f 3977 4049 3978
f 4049 4050 3978
f 3978 4050 3979
f 4050 4051 3979
f 3979 4051 3980
f 4051 4052 3980
f 3980 4052 3981
f 4052 4053 3981
f 3981 4053 3982
f 4053 4054 3982
f 3982 4054 3983
f 4054 4055 3983
f 3983 4055 3984
f 4055 4056 3984
f 3984 4056 3985
f 4056 4057 3985
f 3985 4057 3986
f 4057 4058 3986
f 3986 4058 3987
f 4058 4059 3987
f 3987 4059 3988
f 4059 4060 3988
f 3988 4060 3989
f 4060 4061 3989
f 3989 4061 3990
f 4061 4062 3990
f 3990 4062 3991
f 4062 4063 3991
f 3991 4063 3992
f 4063 4064 3992
f 3992 4064 3993
f 4064 4065 3993
f 3993 4065 3994
f 4065 4066 3994
f 3994 4066 3995
f 4066 4067 3995
f 3995 4067 3996
f 4067 4068 3996
f 3996 4068 3997
f 4068 4069 3997
f 3997 4069 3998
f 4069 4070 3998
f 3998 4070 3999
f 4070 4071 3999
f 3999 4071 4000
f 4071 4072 4000
f 4000 4072 4001
f 4072 4073 4001
f 4001 4073 4002
f 4073 4074 4002
f 4002 4074 4003
f 4074 4075 4003
f 4003 4075 4004
f 4075 4076 4004
f 4004 4076 4005
f 4076 4077 4005
f 4005 4077 4006
f 4077 4078 4006
f 4006 4078 4007
f 4078 4079 4007
f 4007 4079 4008
f 4079 4080 4008
f 4008 4080 4009
f 4080 4081 4009
f 4009 4081 4010
f 4081 4082 4010
f 4010 4082 4011
f 4082 4083 4011
f 4011 4083 4012
f 4083 4084 4012
f 4012 4084 4013
f 4084 4085 4013
f 4013 4085 4014
f 4085 4086 4014
f 4014 4086 4015
f 4086 4087 4015
f 4015 4087 4016
f 4087 4088 4016
f 4016 4088 4017
f 4088 4089 4017
f 4017 4089 4018
f 4089 4090 4018
f 4018 4090 4019
f 4090 4091 4019
f 4019 4091 4020
f 4091 4092 4020
f 4020 4092 4021
f 4092 4093 4021
f 4021 4093 4022
f 4093 4094 4022
f 4022 4094 4023
f 4094 4095 4023
f 4023 4095 4024
f 4095 4096 4024
f 4024 4096 4025
f 4096 4097 4025
f 4025 4097 4026
f 4097 4098 4026
f 4026 4098 4027
f 4098 4099 4027
f 4027 4099 4028
f 4099 4100 4028
f 4028 4100 4029
f 4100 4101 4029
f 4029 4101 4030
f 4101 4102 4030
f 4030 4102 4031
f 4102 4103 4031
f 4031 4103 4032
f 4103 4104 4032
f 4032 4104 3961
f 4104 4033 3961
f 4033 4105 4034
f 4105 4106 4034
f 4034 4106 4035
f 4106 4107 4035
f 4035 4107 4036
f 4107 4108 4036
f 4036 4108 4037
f 4108 4109 4037
f 4037 4109 4038
f 4109 4110 4038
f 4038 4110 4039
f 4110 4111 4039
f 4039 4111 4040
f 4111 4112 4040
f 4040 4112 4041
f 4112 4113 4041
f 4041 4113 4042
f 4113 4114 4042
f 4042 4114 4043
f 4114 4115 4043
f 4043 4115 4044
f 4115 4116 4044
f 4044 4116 4045
f 4116 4117 4045
f 4045 4117 4046
f 4117 4118 4046
f 4046 4118 4047
f 4118 4119 4047
f 4047 4119 4048
f 4119 4120 4048
f 4048 4120 4049
f 4120 4121 4049
f 4049 4121 4050
f 4121 4122 4050
f 4050 4122 4051
f 4122 4123 4051
f 4051 4123 4052
f 4123 4124 4052
f 4052 4124 4053
f 4124 4125 4053
f 4053 4125 4054
f 4125 4126 4054
f 4054 4126 4055
f 4126 4127 4055
f 4055 4127 4056
f 4127 4128 4056
f 4056 4128 4057
f 4128 4129 4057
f 4057 4129 4058
f 4129 4130 4058
f 4058 4130 4059
f 4130 4131 4059
f 4059 4131 4060
f 4131 4132 4060
f 4060 4132 4061
f 4132 4133 4061
f 4061 4133 4062
f 4133 4134 4062
f 4062 4134 4063
f 4134 4135 4063
f 4063 4135 4064
f 4135 4136 4064
f 4064 4136 4065
f 4136 4137 4065
f 4065 4137 4066
f 4137 4138 4066
f 4066 4138 4067
f 4138 4139 4067
f 4067 4139 4068
f 4139 4140 4068
f 4068 4140 4069
f 4140 4141 4069
f 4069 4141 4070
f 4141 4142 4070
f 4070 4142 4071
f 4142 4143 4071
f 4071 4143 4072
f 4143 4144 4072
f 4072 4144 4073
f 4144 4145 4073
f 4073 4145 4074
f 4145 4146 4074
f 4074 4146 4075
f 4146 4147 4075
f 4075 4147 4076
f 4147 4148 4076
f 4076 4148 4077
f 4148 4149 4077
f 4077 4149 4078
f 4149 4150 4078
f 4078 4150 4079
f 4150 4151 4079
f 4079 4151 4080
f 4151 4152 4080
f 4080 4152 4081
f 4152 4153 4081
f 4081 4153 4082
f 4153 4154 4082
f 4082 4154 4083
f 4154 4155 4083
f 4083 4155 4084
f 4155 4156 4084
f 4084 4156 4085
f 4156 4157 4085
f 4085 4157 4086
f 4157 4158 4086
f 4086 4158 4087
f 4158 4159 4087
f 4087 4159 4088
f 4159 4160 4088
f 4088 4160 4089
f 4160 4161 4089
f 4089 4161 4090
f 4161 4162 4090
f 4090 4162 4091
f 4162 4163 4091
f 4091 4163 4092
f 4163 4164 4092
f 4092 4164 4093
f 4164 4165 4093
f 4093 4165 4094
f 4165 4166 4094
f 4094 4166 4095
f 4166 4167 4095
f 4095 4167 4096
f 4167 4168 4096
f 4096 4168 4097
f 4168 4169 4097
f 4097 4169 4098
f 4169 4170 4098
f 4098 4170 4099
f 4170 4171 4099
f 4099 4171 4100
f 4171 4172 4100
f 4100 4172 4101
f 4172 4173 4101
f 4101 4173 4102
f 4173 4174 4102
f 4102 4174 4103
f 4174 4175 4103
f 4103 4175 4104
f 4175 4176 4104
f 4104 4176 4033
f 4176 4105 4033
f 4105 4177 4106
f 4177 4178 4106
f 4106 4178 4107
f 4178 4179 4107
f 4107 4179 4108
f 4179 4180 4108
f 4108 4180 4109
f 4180 4181 4109
f 4109 4181 4110
f 4181 4182 4110
f 4110 4182 4111
f 4182 4183 4111
f 4111 4183 4112
f 4183 4184 4112
f 4112 4184 4113
f 4184 4185 4113
f 4113 4185 4114
f 4185 4186 4114
f 4114 4186 4115
f 4186 4187 4115
f 4115 4187 4116
f 4187 4188 4116
f 4116 4188 4117
f 4188 4189 4117
f 4117 4189 4118
f 4189 4190 4118
f 4118 4190 4119
f 4190 4191 4119
f 4119 4191 4120
f 4191 4192 4120
f 4120 4192 4121
f 4192 4193 4121
f 4121 4193 4122
f 4193 4194 4122
f 4122 4194 4123
f 4194 4195 4123
f 4123 4195 4124
f 4195 4196 4124
f 4124 4196 4125
f 4196 4197 4125
f 4125 4197 4126
f 4197 4198 4126
f 4126 4198 4127
f 4198 4199 4127
f 4127 4199 4128
f 4199 4200 4128
f 4128 4200 4129
f 4200 4201 4129
f 4129 4201 4130
f 4201 4202 4130
f 4130 4202 4131
f 4202 4203 4131
f 4131 4203 4132
f 4203 4204 4132
f 4132 4204 4133
f 4204 4205 4133
f 4133 4205 4134
f 4205 4206 4134
f 4134 4206 4135
f 4206 4207 4135
f 4135 4207 4136
f 4207 4208 4136
f 4136 4208 4137
f 4208 4209 4137
f 4137 4209 4138
f 4209 4210 4138
f 4138 4210 4139
f 4210 4211 4139
f 4139 4211 4140
f 4211 4212 4140
f 4140 4212 4141
f 4212 4213 4141
f 4141 4213 4142
f 4213 4214 4142
f 4142 4214 4143
f 4214 4215 4143
f 4143 4215 4144
f 4215 4216 4144
f 4144 4216 4145
f 4216 4217 4145
f 4145 4217 4146
f 4217 4218 4146
f 4146 4218 4147
f 4218 4219 4147
f 4147 4219 4148
f 4219 4220 4148
f 4148 4220 4149
f 4220 4221 4149
f 4149 4221 4150
f 4221 4222 4150
f 4150 4222 4151
f 4222 4223 4151
f 4151 4223 4152
f 4223 4224 4152
f 4152 4224 4153
f 4224 4225 4153
f 4153 4225 4154
f 4225 4226 4154
f 4154 4226 4155
f 4226 4227 4155
f 4155 4227 4156
f 4227 4228 4156
f 4156 4228 4157
f 4228 4229 4157
f 4157 4229 4158
f 4229 4230 4158
f 4158 4230 4159
f 4230 4231 4159
f 4159 4231 4160
f 4231 4232 4160
f 4160 4232 4161
f 4232 4233 4161
f 4161 4233 4162
f 4233 4234 4162
f 4162 4234 4163
f 4234 4235 4163
f 4163 4235 4164
f 4235 4236 4164
f 4164 4236 4165
f 4236 4237 4165
f 4165 4237 4166
f 4237 4238 4166
f 4166 4238 4167
f 4238 4239 4167
f 4167 4239 4168
f 4239 4240 4168
f 4168 4240 4169
f 4240 4241 4169
f 4169 4241 4170
f 4241 4242 4170
f 4170 4242 4171
f 4242 4243 4171
f 4171 4243 4172
f 4243 4244 4172
f 4172 4244 4173
f 4244 4245 4173
f 4173 4245 4174
f 4245 4246 4174
f 4174 4246 4175
f 4246 4247 4175
f 4175 4247 4176
f 4247 4248 4176
f 4176 4248 4105
f 4248 4177 4105
f 4177 4249 4178
f 4249 4250 4178
f 4178 4250 4179
f 4250 4251 4179
f 4179 4251 4180
f 4251 4252 4180
f 4180 4252 4181
f 4252 4253 4181
f 4181 4253 4182
f 4253 4254 4182
f 4182 4254 4183
f 4254 4255 4183
f 4183 4255 4184
f 4255 4256 4184
f 4184 4256 4185
f 4256 4257 4185
f 4185 4257 4186
f 4257 4258 4186
f 4186 4258 4187
f 4258 4259 4187
f 4187 4259 4188
f 4259 4260 4188
f 4188 4260 4189
f 4260 4261 4189
f 4189 4261 4190
f 4261 4262 4190
f 4190 4262 4191
f 4262 4263 4191
f 4191 4263 4192
f 4263 4264 4192
f 4192 4264 4193
f 4264 4265 4193
f 4193 4265 4194
f 4265 4266 4194
f 4194 4266 4195
f 4266 4267 4195
f 4195 4267 4196
f 4267 4268 4196
f 4196 4268 4197
f 4268 4269 4197
f 4197 4269 4198
f 4269 4270 4198
f 4198 4270 4199
f 4270 4271 4199
f 4199 4271 4200
f 4271 4272 4200
f 4200 4272 4201
f 4272 4273 4201
f 4201 4273 4202
f 4273 4274 4202
f 4202 4274 4203
f 4274 4275 4203
f 4203 4275 4204
f 4275 4276 4204
f 4204 4276 4205
f 4276 4277 4205
f 4205 4277 4206
f 4277 4278 4206
f 4206 4278 4207
f 4278 4279 4207
f 4207 4279 4208
f 4279 4280 4208
f 4208 4280 4209
f 4280 4281 4209
f 4209 4281 4210
f 4281 4282 4210
f 4210 4282 4211
f 4282 4283 4211
f 4211 4283 4212
f 4283 4284 4212
f 4212 4284 4213
f 4284 4285 4213
f 4213 4285 4214
f 4285 4286 4214
f 4214 4286 4215
f 4286 4287 4215
f 4215 4287 4216
f 4287 4288 4216
f 4216 4288 4217
f 4288 4289 4217
f 4217 4289 4218
f 4289 4290 4218
f 4218 4290 4219
f 4290 4291 4219
f 4219 4291 4220
f 4291 4292 4220
f 4220 4292 4221
f 4292 4293 4221
f 4221 4293 4222
f 4293 4294 4222
f 4222 4294 4223
f 4294 4295 4223
f 4223 4295 4224
f 4295 4296 4224
f 4224 4296 4225
f 4296 4297 4225
f 4225 4297 4226
f 4297 4298 4226
f 4226 4298 4227
f 4298 4299 4227
f 4227 4299 4228
f 4299 4300 4228
f 4228 4300 4229
f 4300 4301 4229
f 4229 4301 4230
f 4301 4302 4230
f 4230 4302 4231
f 4302 4303 4231
f 4231 4303 4232
f 4303 4304 4232
f 4232 4304 4233
f 4304 4305 4233
f 4233 4305 4234
f 4305 4306 4234
f 4234 4306 4235
f 4306 4307 4235
f 4235 4307 4236
f 4307 4308 4236
f 4236 4308 4237
f 4308 4309 4237
f 4237 4309 4238
f 4309 4310 4238
f 4238 4310 4239
f 4310 4311 4239
f 4239 4311 4240
f 4311 4312 4240
f 4240 4312 4241
f 4312 4313 4241
f 4241 4313 4242
f 4313 4314 4242
f 4242 4314 4243
f 4314 4315 4243
f 4243 4315 4244
f 4315 4316 4244
f 4244 4316 4245
f 4316 4317 4245
f 4245 4317 4246
f 4317 4318 4246
f 4246 4318 4247
f 4318 4319 4247
f 4247 4319 4248
f 4319 4320 4248
f 4248 4320 4177
f 4320 4249 4177
f 4249 4321 4250
f 4321 4322 4250
f 4250 4322 4251
f 4322 4323 4251
f 4251 4323 4252
f 4323 4324 4252
f 4252 4324 4253
f 4324 4325 4253
f 4253 4325 4254
f 4325 4326 4254
f 4254 4326 4255
f 4326 4327 4255
f 4255 4327 4256
f 4327 4328 4256
f 4256 4328 4257
f 4328 4329 4257
f 4257 4329 4258
f 4329 4330 4258
f 4258 4330 4259
f 4330 4331 4259
f 4259 4331 4260
f 4331 4332 4260
f 4260 4332 4261
f 4332 4333 4261
f 4261 4333 4262
f 4333 4334 4262
f 4262 4334 4263
f 4334 4335 4263
f 4263 4335 4264
f 4335 4336 4264
f 4264 4336 4265
f 4336 4337 4265
f 4265 4337 4266
f 4337 4338 4266
f 4266 4338 4267
f 4338 4339 4267
f 4267 4339 4268
f 4339 4340 4268
f 4268 4340 4269
f 4340 4341 4269
f 4269 4341 4270
f 4341 4342 4270
f 4270 4342 4271
f 4342 4343 4271
f 4271 4343 4272
f 4343 4344 4272
f 4272 4344 4273
f 4344 4345 4273
f 4273 4345 4274
f 4345 4346 4274
f 4274 4346 4275
f 4346 4347 4275
f 4275 4347 4276
f 4347 4348 4276
f 4276 4348 4277
f 4348 4349 4277
f 4277 4349 4278
f 4349 4350 4278
f 4278 4350 4279
f 4350 4351 4279
f 4279 4351 4280
f 4351 4352 4280
f 4280 4352 4281
f 4352 4353 4281
f 4281 4353 4282
f 4353 4354 4282
f 4282 4354 4283
f 4354 4355 4283
f 4283 4355 4284
f 4355 4356 4284
f 4284 4356 4285
f 4356 4357 4285
f 4285 4357 4286
f 4357 4358 4286
f 4286 4358 4287
f 4358 4359 4287
f 4287 4359 4288
f 4359 4360 4288
f 4288 4360 4289
f 4360 4361 4289
f 4289 4361 4290
f 4361 4362 4290
f 4290 4362 4291
f 4362 4363 4291
f 4291 4363 4292
f 4363 4364 4292
f 4292 4364 4293
f 4364 4365 4293
f 4293 4365 4294
f 4365 4366 4294
f 4294 4366 4295
f 4366 4367 4295
f 4295 4367 4296
f 4367 4368 4296
f 4296 4368 4297
f 4368 4369 4297
f 4297 4369 4298
f 4369 4370 4298
f 4298 4370 4299
f 4370 4371 4299
f 4299 4371 4300
f 4371 4372 4300
f 4300 4372 4301
f 4372 4373 4301
f 4301 4373 4302
f 4373 4374 4302
f 4302 4374 4303
f 4374 4375 4303
f 4303 4375 4304
f 4375 4376 4304
f 4304 4376 4305
f 4376 4377 4305
f 4305 4377 4306
f 4377 4378 4306
f 4306 4378 4307
f 4378 4379 4307
f 4307 4379 4308
f 4379 4380 4308
f 4308 4380 4309
f 4380 4381 4309
f 4309 4381 4310
f 4381 4382 4310
f 4310 4382 4311
f 4382 4383 4311
f 4311 4383 4312
f 4383 4384 4312
f 4312 4384 4313
f 4384 4385 4313
f 4313 4385 4314
f 4385 4386 4314
f 4314 4386 4315
f 4386 4387 4315
f 4315 4387 4316
f 4387 4388 4316
f 4316 4388 4317
f 4388 4389 4317
f 4317 4389 4318
f 4389 4390 4318
f 4318 4390 4319
f 4390 4391 4319
f 4319 4391 4320
f 4391 4392 4320
f 4320 4392 4249
f 4392 4321 4249
f 4321 4393 4322
f 4393 4394 4322
f 4322 4394 4323
f 4394 4395 4323
f 4323 4395 4324
f 4395 4396 4324
f 4324 4396 4325
f 4396 4397 4325
f 4325 4397 4326
f 4397 4398 4326
f 4326 4398 4327
f 4398 4399 4327
f 4327 4399 4328
f 4399 4400 4328
f 4328 4400 4329
f 4400 4401 4329
f 4329 4401 4330
f 4401 4402 4330
f 4330 4402 4331
f 4402 4403 4331
f 4331 4403 4332
f 4403 4404 4332
f 4332 4404 4333
f 4404 4405 4333
f 4333 4405 4334
f 4405 4406 4334
f 4334 4406 4335
f 4406 4407 4335
f 4335 4407 4336
f 4407 4408 4336
f 4336 4408 4337
f 4408 4409 4337
f 4337 4409 4338
f 4409 4410 4338
f 4338 4410 4339
f 4410 4411 4339
f 4339 4411 4340
f 4411 4412 4340
f 4340 4412 4341
f 4412 4413 4341
f 4341 4413 4342
f 4413 4414 4342
f 4342 4414 4343
f 4414 4415 4343
f 4343 4415 4344
f 4415 4416 4344
f 4344 4416 4345
f 4416 4417 4345
f 4345 4417 4346
f 4417 4418 4346
f 4346 4418 4347
f 4418 4419 4347
f 4347 4419 4348
f 4419 4420 4348
f 4348 4420 4349
f 4420 4421 4349
f 4349 4421 4350
f 4421 4422 4350
f 4350 4422 4351
f 4422 4423 4351
f 4351 4423 4352
f 4423 4424 4352
f 4352 4424 4353
f 4424 4425 4353
f 4353 4425 4354
f 4425 4426 4354
f 4354 4426 4355
f 4426 4427 4355
f 4355 4427 4356
f 4427 4428 4356
f 4356 4428 4357
f 4428 4429 4357
f 4357 4429 4358
f 4429 4430 4358
f 4358 4430 4359
f 4430 4431 4359
f 4359 4431 4360
f 4431 4432 4360
f 4360 4432 4361
f 4432 4433 4361
f 4361 4433 4362
f 4433 4434 4362
f 4362 4434 4363
f 4434 4435 4363
f 4363 4435 4364
f 4435 4436 4364
f 4364 4436 4365
f 4436 4437 4365
f 4365 4437 4366
f 4437 4438 4366
f 4366 4438 4367
f 4438 4439 4367
f 4367 4439 4368
f 4439 4440 4368
f 4368 4440 4369
f 4440 4441 4369
f 4369 4441 4370
f 4441 4442 4370
f 4370 4442 4371
f 4442 4443 4371
f 4371 4443 4372
f 4443 4444 4372
f 4372 4444 4373
f 4444 4445 4373
f 4373 4445 4374
f 4445 4446 4374
f 4374 4446 4375
f 4446 4447 4375
f 4375 4447 4376
f 4447 4448 4376
f 4376 4448 4377
f 4448 4449 4377
f 4377 4449 4378
f 4449 4450 4378
f 4378 4450 4379
f 4450 4451 4379
f 4379 4451 4380
f 4451 4452 4380
f 4380 4452 4381
f 4452 4453 4381
f 4381 4453 4382
f 4453 4454 4382
f 4382 4454 4383
f 4454 4455 4383
f 4383 4455 4384
f 4455 4456 4384
f 4384 4456 4385
f 4456 4457 4385
f 4385 4457 4386
f 4457 4458 4386
f 4386 4458 4387
f 4458 4459 4387
f 4387 4459 4388
f 4459 4460 4388
f 4388 4460 4389
f 4460 4461 4389
f 4389 4461 4390
f 4461 4462 4390
f 4390 4462 4391
f 4462 4463 4391
f 4391 4463 4392
f 4463 4464 4392
f 4392 4464 4321
f 4464 4393 4321
f 4393 2662 4394
f 2662 2660 4394
f 4394 2660 4395
f 2660 2658 4395
f 4395 2658 4396
f 2658 2656 4396
f 4396 2656 4397
f 2656 2654 4397
f 4397 2654 4398
f 2654 2652 4398
f 4398 2652 4399
f 2652 2650 4399
f 4399 2650 4400
f 2650 2648 4400
f 4400 2648 4401
f 2648 2646 4401
f 4401 2646 4402
f 2646 2644 4402
f 4402 2644 4403
f 2644 2642 4403
f 4403 2642 4404
f 2642 2640 4404
f 4404 2640 4405
f 2640 2638 4405
f 4405 2638 4406
f 2638 2636 4406
f 4406 2636 4407
f 2636 2634 4407
f 4407 2634 4408
f 2634 2632 4408
f 4408 2632 4409
f 2632 2630 4409
f 4409 2630 4410
f 2630 2628 4410
f 4410 2628 4411
f 2628 2626 4411
f 4411 2626 4412
f 2626 2624 4412
f 4412 2624 4413
f 2624 2622 4413
f 4413 2622 4414
f 2622 2620 4414
f 4414 2620 4415
f 2620 2618 4415
f 4415 2618 4416
f 2618 2616 4416
f 4416 2616 4417
f 2616 2614 4417
f 4417 2614 4418
f 2614 2612 4418
f 4418 2612 4419
f 2612 2610 4419
f 4419 2610 4420
f 2610 2608 4420
f 4420 2608 4421
f 2608 2606 4421
f 4421 2606 4422
f 2606 2604 4422
f 4422 2604 4423
f 2604 2602 4423
f 4423 2602 4424
f 2602 2600 4424
f 4424 2600 4425
f 2600 2598 4425
f 4425 2598 4426
f 2598 2596 4426
f 4426 2596 4427
f 2596 2594 4427
f 4427 2594 4428
f 2594 2592 4428
f 4428 2592 4429
f 2592 2590 4429
f 4429 2590 4430
f 2590 2588 4430
f 4430 2588 4431
f 2588 2586 4431
f 4431 2586 4432
f 2586 2584 4432
f 4432 2584 4433
f 2584 2582 4433
f 4433 2582 4434
f 2582 2580 4434
f 4434 2580 4435
f 2580 2578 4435
f 4435 2578 4436
f 2578 2576 4436
f 4436 2576 4437
f 2576 2574 4437
f 4437 2574 4438
f 2574 2572 4438
f 4438 2572 4439
f 2572 2570 4439
f 4439 2570 4440
f 2570 2568 4440
f 4440 2568 4441
f 2568 2566 4441
f 4441 2566 4442
f 2566 2564 4442
f 4442 2564 4443
f 2564 2562 4443
f 4443 2562 4444
f 2562 2560 4444
f 4444 2560 4445
f 2560 2558 4445
f 4445 2558 4446
f 2558 2556 4446
f 4446 2556 4447
f 2556 2554 4447
f 4447 2554 4448
f 2554 2552 4448
f 4448 2552 4449
f 2552 2550 4449
f 4449 2550 4450
f 2550 2548 4450
f 4450 2548 4451
f 2548 2546 4451
f 4451 2546 4452
f 2546 2544 4452
f 4452 2544 4453
f 2544 2542 4453
f 4453 2542 4454
f 2542 2540 4454
f 4454 2540 4455
f 2540 2538 4455
f 4455 2538 4456
f 2538 2536 4456
f 4456 2536 4457
f 2536 2534 4457
f 4457 2534 4458
f 2534 2532 4458
f 4458 2532 4459
f 2532 2530 4459
f 4459 2530 4460
f 2530 2528 4460
f 4460 2528 4461
f 2528 2526 4461
f 4461 2526 4462
f 2526 2524 4462
f 4462 2524 4463
f 2524 2522 4463
f 4463 2522 4464
f 2522 2664 4464
f 4464 2664 4393
f 2664 2662 4393
f 4465 4466 4467
f 4466 4468 4467
f 4467 4468 4469
f 4468 4470 4469
f 4469 4470 4471
f 4470 4472 4471
f 4471 4472 4473
f 4472 4474 4473
f 4473 4474 4475
f 4474 4476 4475
f 4475 4476 4477
f 4476 4478 4477
f 4477 4478 4479
f 4478 4480 4479
f 4479 4480 4481
f 4480 4482 4481
f 4481 4482 4483
f 4482 4484 4483
f 4483 4484 4485
f 4484 4486 4485
f 4485 4486 4487
f 4486 4488 4487
f 4487 4488 4489
f 4488 4490 4489
f 4489 4490 4491
f 4490 4492 4491
f 4491 4492 4493
f 4492 4494 4493
f 4493 4494 4495
f 4494 4496 4495
f 4495 4496 4497
f 4496 4498 4497
f 4497 4498 4499
f 4498 4500 4499
f 4499 4500 4501
f 4500 4502 4501
f 4501 4502 4503
f 4502 4504 4503
f 4503 4504 4505
f 4504 4506 4505
f 4505 4506 4507
f 4506 4508 4507
f 4507 4508 4509
f 4508 4510 4509
f 4509 4510 4511
f 4510 4512 4511
f 4511 4512 4513
f 4512 4514 4513
f 4513 4514 4515
f 4514 4516 4515
f 4515 4516 4517
f 4516 4518 4517
f 4517 4518 4519
f 4518 4520 4519
f 4519 4520 4521
f 4520 4522 4521
f 4521 4522 4523
f 4522 4524 4523
f 4523 4524 4525
f 4524 4526 4525
f 4525 4526 4527
f 4526 4528 4527
f 4527 4528 4529
f 4528 4530 4529
f 4529 4530 4531
f 4530 4532 4531
f 4531 4532 4533
f 4532 4534 4533
f 4533 4534 4535
f 4534 4536 4535
f 4535 4536 4537
f 4536 4538 4537
f 4537 4538 4539
f 4538 4540 4539
f 4539 4540 4541
f 4540 4542 4541
f 4541 4542 4543
f 4542 4544 4543
f 4543 4544 4545
f 4544 4546 4545
f 4545 4546 4547
f 4546 4548 4547
f 4547 4548 4549
f 4548 4550 4549
f 4549 4550 4551
f 4550 4552 4551
f 4551 4552 4553
f 4552 4554 4553
f 4553 4554 4555
f 4554 4556 4555
f 4555 4556 4557
f 4556 4558 4557
f 4557 4558 4559
f 4558 4560 4559
f 4559 4560 4561
f 4560 4562 4561
f 4561 4562 4563
f 4562 4564 4563
f 4563 4564 4565
f 4564 4566 4565
f 4565 4566 4567
f 4566 4568 4567
f 4567 4568 4569
f 4568 4570 4569
f 4569 4570 4571
f 4570 4572 4571
f 4571 4572 4573
f 4572 4574 4573
f 4573 4574 4575
f 4574 4576 4575
f 4575 4576 4577
f 4576 4578 4577
f 4577 4578 4579
f 4578 4580 4579
f 4579 4580 4581
f 4580 4582 4581
f 4581 4582 4583
f 4582 4584 4583
f 4583 4584 4585
f 4584 4586 4585
f 4585 4586 4587
f 4586 4588 4587
f 4587 4588 4589
f 4588 4590 4589
f 4589 4590 4591
f 4590 4592 4591
f 4591 4592 4593
f 4592 4594 4593
f 4593 4594 4595
f 4594 4596 4595
f 4595 4596 4597
f 4596 4598 4597
f 4597 4598 4599
f 4598 4600 4599
f 4599 4600 4601
f 4600 4602 4601
f 4601 4602 4603
f 4602 4604 4603
f 4603 4604 4605
f 4604 4606 4605
f 4605 4606 4607
f 4606 4608 4607
f 4607 4608 4465
f 4608 4466 4465
f 4465 4609 4607
f 4609 4610 4607
f 4607 4610 4605
f 4610 4611 4605
f 4605 4611 4603
f 4611 4612 4603
f 4603 4612 4601
f 4612 4613 4601
f 4601 4613 4599
f 4613 4614 4599
f 4599 4614 4597
f 4614 4615 4597
f 4597 4615 4595
f 4615 4616 4595
f 4595 4616 4593
f 4616 4617 4593
f 4593 4617 4591
f 4617 4618 4591
f 4591 4618 4589
f 4618 4619 4589
f 4589 4619 4587
f 4619 4620 4587
f 4587 4620 4585
f 4620 4621 4585
f 4585 4621 4583
f 4621 4622 4583
f 4583 4622 4581
f 4622 4623 4581
f 4581 4623 4579
f 4623 4624 4579
f 4579 4624 4577
f 4624 4625 4577
f 4577 4625 4575
f 4625 4626 4575
f 4575 4626 4573
f 4626 4627 4573
f 4573 4627 4571
f 4627 4628 4571
f 4571 4628 4569
f 4628 4629 4569
f 4569 4629 4567
f 4629 4630 4567
f 4567 4630 4565
f 4630 4631 4565
f 4565 4631 4563
f 4631 4632 4563
f 4563 4632 4561
f 4632 4633 4561
f 4561 4633 4559
f 4633 4634 4559
f 4559 4634 4557
f 4634 4635 4557
f 4557 4635 4555
f 4635 4636 4555
f 4555 4636 4553
f 4636 4637 4553
f 4553 4637 4551
f 4637 4638 4551
f 4551 4638 4549
f 4638 4639 4549
f 4549 4639 4547
f 4639 4640 4547
f 4547 4640 4545
f 4640 4641 4545
f 4545 4641 4543
f 4641 4642 4543
f 4543 4642 4541
f 4642 4643 4541
f 4541 4643 4539
f 4643 4644 4539
f 4539 4644 4537
f 4644 4645 4537
f 4537 4645 4535
f 4645 4646 4535
f 4535 4646 4533
f 4646 4647 4533
f 4533 4647 4531
f 4647 4648 4531
f 4531 4648 4529
f 4648 4649 4529
f 4529 4649 4527
f 4649 4650 4527
f 4527 4650 4525
f 4650 4651 4525
f 4525 4651 4523
f 4651 4652 4523
f 4523 4652 4521
f 4652 4653 4521
f 4521 4653 4519
f 4653 4654 4519
f 4519 4654 4517
f 4654 4655 4517
f 4517 4655 4515
f 4655 4656 4515
f 4515 4656 4513
f 4656 4657 4513
f 4513 4657 4511
f 4657 4658 4511
f 4511 4658 4509
f 4658 4659 4509
f 4509 4659 4507
f 4659 4660 4507
f 4507 4660 4505
f 4660 4661 4505
f 4505 4661 4503
f 4661 4662 4503
f 4503 4662 4501
f 4662 4663 4501
f 4501 4663 4499
f 4663 4664 4499
f 4499 4664 4497
f 4664 4665 4497
f 4497 4665 4495
f 4665 4666 4495
f 4495 4666 4493
f 4666 4667 4493
f 4493 4667 4491
f 4667 4668 4491
f 4491 4668 4489
f 4668 4669 4489
f 4489 4669 4487
f 4669 4670 4487
f 4487 4670 4485
f 4670 4671 4485
f 4485 4671 4483
f 4671 4672 4483
f 4483 4672 4481
f 4672 4673 4481
f 4481 4673 4479
f 4673 4674 4479
f 4479 4674 4477
f 4674 4675 4477
f 4477 4675 4475
f 4675 4676 4475
f 4475 4676 4473
f 4676 4677 4473
f 4473 4677 4471
f 4677 4678 4471
f 4471 4678 4469
f 4678 4679 4469
f 4469 4679 4467
f 4679 4680 4467
f 4467 4680 4465
f 4680 4609 4465
f 4680 4681 4609
f 4681 4682 4609
f 4609 4682 4610
f 4682 4683 4610
f 4610 4683 4611
f 4683 4684 4611
f 4611 4684 4612
f 4684 4685 4612
f 4612 4685 4613
f 4685 4686 4613
f 4613 4686 4614
f 4686 4687 4614
f 4614 4687 4615
f 4687 4688 4615
f 4615 4688 4616
f 4688 4689 4616
f 4616 4689 4617
f 4689 4690 4617
f 4617 4690 4618
f 4690 4691 4618
f 4618 4691 4619
f 4691 4692 4619
f 4619 4692 4620
f 4692 4693 4620
f 4620 4693 4621
f 4693 4694 4621
f 4621 4694 4622
f 4694 4695 4622
f 4622 4695 4623
f 4695 4696 4623
f 4623 4696 4624
f 4696 4697 4624
f 4624 4697 4625
f 4697 4698 4625
f 4625 4698 4626
f 4698 4699 4626
f 4626 4699 4627
f 4699 4700 4627
f 4627 4700 4628
f 4700 4701 4628
f 4628 4701 4629
f 4701 4702 4629
f 4629 4702 4630
f 4702 4703 4630
f 4630 4703 4631
f 4703 4704 4631
f 4631 4704 4632
f 4704 4705 4632
f 4632 4705 4633
f 4705 4706 4633
f 4633 4706 4634
f 4706 4707 4634
f 4634 4707 4635
f 4707 4708 4635
f 4635 4708 4636
f 4708 4709 4636
f 4636 4709 4637
f 4709 4710 4637
f 4637 4710 4638
f 4710 4711 4638
f 4638 4711 4639
f 4711 4712 4639
f 4639 4712 4640
f 4712 4713 4640
f 4640 4713 4641
f 4713 4714 4641
f 4641 4714 4642
f 4714 4715 4642
f 4642 4715 4643
f 4715 4716 4643
f 4643 4716 4644
f 4716 4717 4644
f 4644 4717 4645
f 4717 4718 4645
f 4645 4718 4646
f 4718 4719 4646
f 4646 4719 4647
f 4719 4720 4647
f 4647 4720 4648
f 4720 4721 4648
f 4648 4721 4649
f 4721 4722 4649
f 4649 4722 4650
f 4722 4723 4650
f 4650 4723 4651
f 4723 4724 4651
f 4651 4724 4652
f 4724 4725 4652
f 4652 4725 4653
f 4725 4726 4653
f 4653 4726 4654
f 4726 4727 4654
f 4654 4727 4655
f 4727 4728 4655
f 4655 4728 4656
f 4728 4729 4656
f 4656 4729 4657
f 4729 4730 4657
f 4657 4730 4658
f 4730 4731 4658
f 4658 4731 4659
f 4731 4732 4659
f 4659 4732 4660
f 4732 4733 4660
f 4660 4733 4661
f 4733 4734 4661
f 4661 4734 4662
f 4734 4735 4662
f 4662 4735 4663
f 4735 4736 4663
f 4663 4736 4664
f 4736 4737 4664
f 4664 4737 4665
f 4737 4738 4665
f 4665 4738 4666
f 4738 4739 4666
f 4666 4739 4667
f 4739 4740 4667
f 4667 4740 4668
f 4740 4741 4668
f 4668 4741 4669
f 4741 4742 4669
f 4669 4742 4670
f 4742 4743 4670
f 4670 4743 4671
f 4743 4744 4671
f 4671 4744 4672
f 4744 4745 4672
f 4672 4745 4673
f 4745 4746 4673
f 4673 4746 4674
f 4746 4747 4674
f 4674 4747 4675
f 4747 4748 4675
f 4675 4748 4676
f 4748 4749 4676
f 4676 4749 4677
f 4749 4750 4677
f 4677 4750 4678
f 4750 4751 4678
f 4678 4751 4679
f 4751 4752 4679
f 4679 4752 4680
f 4752 4681 4680
f 4752 4753 4681
f 4753 4754 4681
f 4681 4754 4682
f 4754 4755 4682
f 4682 4755 4683
f 4755 4756 4683
f 4683 4756 4684
f 4756 4757 4684
f 4684 4757 4685
f 4757 4758 4685
f 4685 4758 4686
f 4758 4759 4686
f 4686 4759 4687
f 4759 4760 4687
f 4687 4760 4688
f 4760 4761 4688
f 4688 4761 4689
f 4761 4762 4689
f 4689 4762 4690
f 4762 4763 4690
f 4690 4763 4691
f 4763 4764 4691
f 4691 4764 4692
f 4764 4765 4692
f 4692 4765 4693
f 4765 4766 4693
f 4693 4766 4694
f 4766 4767 4694
f 4694 4767 4695
f 4767 4768 4695
f 4695 4768 4696
f 4768 4769 4696
f 4696 4769 4697
f 4769 4770 4697
f 4697 4770 4698
f 4770 4771 4698
f 4698 4771 4699
f 4771 4772 4699
f 4699 4772 4700
f 4772 4773 4700
f 4700 4773 4701
f 4773 4774 4701
f 4701 4774 4702
f 4774 4775 4702
f 4702 4775 4703
f 4775 4776 4703
f 4703 4776 4704
f 4776 4777 4704
f 4704 4777 4705
f 4777 4778 4705
f 4705 4778 4706
f 4778 4779 4706
f 4706 4779 4707
f 4779 4780 4707
f 4707 4780 4708
f 4780 4781 4708
f 4708 4781 4709
f 4781 4782 4709
f 4709 4782 4710
f 4782 4783 4710
f 4710 4783 4711
f 4783 4784 4711
f 4711 4784 4712
f 4784 4785 4712
f 4712 4785 4713
f 4785 4786 4713
f 4713 4786 4714
f 4786 4787 4714
f 4714 4787 4715
f 4787 4788 4715
f 4715 4788 4716
f 4788 4789 4716
f 4716 4789 4717
f 4789 4790 4717
f 4717 4790 4718
f 4790 4791 4718
f 4718 4791 4719
f 4791 4792 4719
f 4719 4792 4720
f 4792 4793 4720
f 4720 4793 4721
f 4793 4794 4721
f 4721 4794 4722
f 4794 4795 4722
f 4722 4795 4723
f 4795 4796 4723
f 4723 4796 4724
f 4796 4797 4724
f 4724 4797 4725
f 4797 4798 4725
f 4725 4798 4726
f 4798 4799 4726
f 4726 4799 4727
f 4799 4800 4727
f 4727 4800 4728
f 4800 4801 4728
f 4728 4801 4729
f 4801 4802 4729
f 4729 4802 4730
f 4802 4803 4730
f 4730 4803 4731
f 4803 4804 4731
f 4731 4804 4732
f 4804 4805 4732
f 4732 4805 4733
f 4805 4806 4733
f 4733 4806 4734
f 4806 4807 4734
f 4734 4807 4735
f 4807 4808 4735
f 4735 4808 4736
f 4808 4809 4736
f 4736 4809 4737
f 4809 4810 4737
f 4737 4810 4738
f 4810 4811 4738
f 4738 4811 4739
f 4811 4812 4739
f 4739 4812 4740
f 4812 4813 4740
f 4740 4813 4741
f 4813 4814 4741
f 4741 4814 4742
f 4814 4815 4742
f 4742 4815 4743
f 4815 4816 4743
f 4743 4816 4744
f 4816 4817 4744
f 4744 4817 4745
f 4817 4818 4745
f 4745 4818 4746
f 4818 4819 4746
f 4746 4819 4747
f 4819 4820 4747
f 4747 4820 4748
f 4820 4821 4748
f 4748 4821 4749
f 4821 4822 4749
f 4749 4822 4750
f 4822 4823 4750
f 4750 4823 4751
f 4823 4824 4751
f 4751 4824 4752
f 4824 4753 4752
f 4824 4825 4753
f 4825 4826 4753
f 4753 4826 4754
f 4826 4827 4754
f 4754 4827 4755
f 4827 4828 4755
f 4755 4828 4756
f 4828 4829 4756
f 4756 4829 4757
f 4829 4830 4757
f 4757 4830 4758
f 4830 4831 4758
f 4758 4831 4759
f 4831 4832 4759
f 4759 4832 4760
f 4832 4833 4760
f 4760 4833 4761
f 4833 4834 4761
f 4761 4834 4762
f 4834 4835 4762
f 4762 4835 4763
f 4835 4836 4763
f 4763 4836 4764
f 4836 4837 4764
f 4764 4837 4765
f 4837 4838 4765
f 4765 4838 4766
f 4838 4839 4766
f 4766 4839 4767
f 4839 4840 4767
f 4767 4840 4768
f 4840 4841 4768
f 4768 4841 4769
f 4841 4842 4769
f 4769 4842 4770
f 4842 4843 4770
f 4770 4843 4771
f 4843 4844 4771
f 4771 4844 4772
f 4844 4845 4772
f 4772 4845 4773
f 4845 4846 4773
f 4773 4846 4774
f 4846 4847 4774
f 4774 4847 4775
f 4847 4848 4775
f 4775 4848 4776
f 4848 4849 4776
f 4776 4849 4777
f 4849 4850 4777
f 4777 4850 4778
f 4850 4851 4778
f 4778 4851 4779
f 4851 4852 4779
f 4779 4852 4780
f 4852 4853 4780
f 4780 4853 4781
f 4853 4854 4781
f 4781 4854 4782
f 4854 4855 4782
f 4782 4855 4783
f 4855 4856 4783
f 4783 4856 4784
f 4856 4857 4784
f 4784 4857 4785
f 4857 4858 4785
f 4785 4858 4786
f 4858 4859 4786
f 4786 4859 4787
f 4859 4860 4787
f 4787 4860 4788
f 4860 4861 4788
f 4788 4861 4789
f 4861 4862 4789
f 4789 4862 4790
f 4862 4863 4790
f 4790 4863 4791
f 4863 4864 4791
f 4791 4864 4792
f 4864 4865 4792
f 4792 4865 4793
f 4865 4866 4793
f 4793 4866 4794
f 4866 4867 4794
f 4794 4867 4795
f 4867 4868 4795
f 4795 4868 4796
f 4868 4869 4796
f 4796 4869 4797
f 4869 4870 4797
f 4797 4870 4798
f 4870 4871 4798
f 4798 4871 4799
f 4871 4872 4799
f 4799 4872 4800
f 4872 4873 4800
f 4800 4873 4801
f 4873 4874 4801
f 4801 4874 4802
f 4874 4875 4802
f 4802 4875 4803
f 4875 4876 4803
f 4803 4876 4804
f 4876 4877 4804
f 4804 4877 4805
f 4877 4878 4805
f 4805 4878 4806
f 4878 4879 4806
f 4806 4879 4807
f 4879 4880 4807
f 4807 4880 4808
f 4880 4881 4808
f 4808 4881 4809
f 4881 4882 4809
f 4809 4882 4810
f 4882 4883 4810
f 4810 4883 4811
f 4883 4884 4811
f 4811 4884 4812
f 4884 4885 4812
f 4812 4885 4813
f 4885 4886 4813
f 4813 4886 4814
f 4886 4887 4814
f 4814 4887 4815
f 4887 4888 4815
f 4815 4888 4816
f 4888 4889 4816
f 4816 4889 4817
f 4889 4890 4817
f 4817 4890 4818
f 4890 4891 4818
f 4818 4891 4819
f 4891 4892 4819
f 4819 4892 4820
f 4892 4893 4820
f 4820 4893 4821
f 4893 4894 4821
f 4821 4894 4822
f 4894 4895 4822
f 4822 4895 4823
f 4895 4896 4823
f 4823 4896 4824
f 4896 4825 4824
f 4896 4897 4825
f 4897 4898 4825
f 4825 4898 4826
f 4898 4899 4826
f 4826 4899 4827
f 4899 4900 4827
f 4827 4900 4828
f 4900 4901 4828
f 4828 4901 4829
f 4901 4902 4829
f 4829 4902 4830
f 4902 4903 4830
f 4830 4903 4831
f 4903 4904 4831
f 4831 4904 4832
f 4904 4905 4832
f 4832 4905 4833
f 4905 4906 4833
f 4833 4906 4834
f 4906 4907 4834
f 4834 4907 4835
f 4907 4908 4835
f 4835 4908 4836
f 4908 4909 4836
f 4836 4909 4837
f 4909 4910 4837
f 4837 4910 4838
f 4910 4911 4838
f 4838 4911 4839
f 4911 4912 4839
f 4839 4912 4840
f 4912 4913 4840
f 4840 4913 4841
f 4913 4914 4841
f 4841 4914 4842
f 4914 4915 4842
f 4842 4915 4843
f 4915 4916 4843
f 4843 4916 4844
f 4916 4917 4844
f 4844 4917 4845
f 4917 4918 4845
f 4845 4918 4846
f 4918 4919 4846
f 4846 4919 4847
f 4919 4920 4847
f 4847 4920 4848
f 4920 4921 4848
f 4848 4921 4849
f 4921 4922 4849
f 4849 4922 4850
f 4922 4923 4850
f 4850 4923 4851
f 4923 4924 4851
f 4851 4924 4852
f 4924 4925 4852
f 4852 4925 4853
f 4925 4926 4853
f 4853 4926 4854
f 4926 4927 4854
f 4854 4927 4855
f 4927 4928 4855
f 4855 4928 4856
f 4928 4929 4856
f 4856 4929 4857
f 4929 4930 4857
f 4857 4930 4858
f 4930 4931 4858
f 4858 4931 4859
f 4931 4932 4859
f 4859 4932 4860
f 4932 4933 4860
f 4860 4933 4861
f 4933 4934 4861
f 4861 4934 4862
f 4934 4935 4862
f 4862 4935 4863
f 4935 4936 4863
f 4863 4936 4864
f 4936 4937 4864
f 4864 4937 4865
f 4937 4938 4865
f 4865 4938 4866
f 4938 4939 4866
f 4866 4939 4867
f 4939 4940 4867
f 4867 4940 4868
f 4940 4941 4868
f 4868 4941 4869
f 4941 4942 4869
f 4869 4942 4870
f 4942 4943 4870
f 4870 4943 4871
f 4943 4944 4871
f 4871 4944 4872
f 4944 4945 4872
f 4872 4945 4873
f 4945 4946 4873
f 4873 4946 4874
f 4946 4947 4874
f 4874 4947 4875
f 4947 4948 4875
f 4875 4948 4876
f 4948 4949 4876
f 4876 4949 4877
f 4949 4950 4877
f 4877 4950 4878
f 4950 4951 4878
f 4878 4951 4879
f 4951 4952 4879
f 4879 4952 4880
f 4952 4953 4880
f 4880 4953 4881
f 4953 4954 4881
f 4881 4954 4882
f 4954 4955 4882
f 4882 4955 4883
f 4955 4956 4883
f 4883 4956 4884
f 4956 4957 4884
f 4884 4957 4885
f 4957 4958 4885
f 4885 4958 4886
f 4958 4959 4886
f 4886 4959 4887
f 4959 4960 4887
f 4887 4960 4888
f 4960 4961 4888
f 4888 4961 4889
f 4961 4962 4889
f 4889 4962 4890
f 4962 4963 4890
f 4890 4963 4891
f 4963 4964 4891
f 4891 4964 4892
f 4964 4965 4892
f 4892 4965 4893
f 4965 4966 4893
f 4893 4966 4894
f 4966 4967 4894
f 4894 4967 4895
f 4967 4968 4895
f 4895 4968 4896
f 4968 4897 4896
f 4968 4969 4897
f 4969 4970 4897
f 4897 4970 4898
f 4970 4971 4898
f 4898 4971 4899
f 4971 4972 4899
f 4899 4972 4900
f 4972 4973 4900
f 4900 4973 4901
f 4973 4974 4901
f 4901 4974 4902
f 4974 4975 4902
f 4902 4975 4903
f 4975 4976 4903
f 4903 4976 4904
f 4976 4977 4904
f 4904 4977 4905
f 4977 4978 4905
f 4905 4978 4906
f 4978 4979 4906
f 4906 4979 4907
f 4979 4980 4907
f 4907 4980 4908
f 4980 4981 4908
f 4908 4981 4909
f 4981 4982 4909
f 4909 4982 4910
f 4982 4983 4910
f 4910 4983 4911
f 4983 4984 4911
f 4911 4984 4912
f 4984 4985 4912
f 4912 4985 4913
f 4985 4986 4913
f 4913 4986 4914
f 4986 4987 4914
f 4914 4987 4915
f 4987 4988 4915
f 4915 4988 4916
f 4988 4989 4916
f 4916 4989 4917
f 4989 4990 4917
f 4917 4990 4918
f 4990 4991 4918
f 4918 4991 4919
f 4991 4992 4919
f 4919 4992 4920
f 4992 4993 4920
f 4920 4993 4921
f 4993 4994 4921
f 4921 4994 4922
f 4994 4995 4922
f 4922 4995 4923
f 4995 4996 4923
f 4923 4996 4924
f 4996 4997 4924
f 4924 4997 4925
f 4997 4998 4925
f 4925 4998 4926
f 4998 4999 4926
f 4926 4999 4927
f 4999 5000 4927
f 4927 5000 4928
f 5000 5001 4928
f 4928 5001 4929
f 5001 5002 4929
f 4929 5002 4930
f 5002 5003 4930
f 4930 5003 4931
f 5003 5004 4931
f 4931 5004 4932
f 5004 5005 4932
f 4932 5005 4933
f 5005 5006 4933
f 4933 5006 4934
f 5006 5007 4934
f 4934 5007 4935
f 5007 5008 4935
f 4935 5008 4936
f 5008 5009 4936
f 4936 5009 4937
f 5009 5010 4937
f 4937 5010 4938
f 5010 5011 4938
f 4938 5011 4939
f 5011 5012 4939
f 4939 5012 4940
f 5012 5013 4940
f 4940 5013 4941
f 5013 5014 4941
f 4941 5014 4942
f 5014 5015 4942
f 4942 5015 4943
f 5015 5016 4943
f 4943 5016 4944
f 5016 5017 4944
f 4944 5017 4945
f 5017 5018 4945
f 4945 5018 4946
f 5018 5019 4946
f 4946 5019 4947
f 5019 5020 4947
f 4947 5020 4948
f 5020 5021 4948
f 4948 5021 4949
f 5021 5022 4949
f 4949 5022 4950
f 5022 5023 4950
f 4950 5023 4951
f 5023 5024 4951
f 4951 5024 4952
f 5024 5025 4952
f 4952 5025 4953
f 5025 5026 4953
f 4953 5026 4954
f 5026 5027 4954
f 4954 5027 4955
f 5027 5028 4955
f 4955 5028 4956
f 5028 5029 4956
f 4956 5029 4957
f 5029 5030 4957
f 4957 5030 4958
f 5030 5031 4958
f 4958 5031 4959
f 5031 5032 4959
f 4959 5032 4960
f 5032 5033 4960
f 4960 5033 4961
f 5033 5034 4961
f 4961 5034 4962
f 5034 5035 4962
f 4962 5035 4963
f 5035 5036 4963
f 4963 5036 4964
f 5036 5037 4964
f 4964 5037 4965
f 5037 5038 4965
f 4965 5038 4966
f 5038 5039 4966
f 4966 5039 4967
f 5039 5040 4967
f 4967 5040 4968
f 5040 4969 4968
f 5040 5041 4969
f 5041 5042 4969
f 4969 5042 4970
f 5042 5043 4970
f 4970 5043 4971
f 5043 5044 4971
f 4971 5044 4972
f 5044 5045 4972
f 4972 5045 4973
f 5045 5046 4973
f 4973 5046 4974
f 5046 5047 4974
f 4974 5047 4975
f 5047 5048 4975
f 4975 5048 4976
f 5048 5049 4976
f 4976 5049 4977
f 5049 5050 4977
f 4977 5050 4978
f 5050 5051 4978
f 4978 5051 4979
f 5051 5052 4979
f 4979 5052 4980
f 5052 5053 4980
f 4980 5053 4981
f 5053 5054 4981
f 4981 5054 4982
f 5054 5055 4982
f 4982 5055 4983
f 5055 5056 4983
f 4983 5056 4984
f 5056 5057 4984
f 4984 5057 4985
f 5057 5058 4985
f 4985 5058 4986
f 5058 5059 4986
f 4986 5059 4987
f 5059 5060 4987
f 4987 5060 4988
f 5060 5061 4988
f 4988 5061 4989
f 5061 5062 4989
f 4989 5062 4990
f 5062 5063 4990
f 4990 5063 4991
f 5063 5064 4991
f 4991 5064 4992
f 5064 5065 4992
f 4992 5065 4993
f 5065 5066 4993
f 4993 5066 4994
f 5066 5067 4994
f 4994 5067 4995
f 5067 5068 4995
f 4995 5068 4996
f 5068 5069 4996
f 4996 5069 4997
f 5069 5070 4997
f 4997 5070 4998
f 5070 5071 4998
f 4998 5071 4999
f 5071 5072 4999
f 4999 5072 5000
f 5072 5073 5000
f 5000 5073 5001
f 5073 5074 5001
f 5001 5074 5002
f 5074 5075 5002
f 5002 5075 5003
f 5075 5076 5003
f 5003 5076 5004
f 5076 5077 5004
f 5004 5077 5005
f 5077 5078 5005
f 5005 5078 5006
f 5078 5079 5006
f 5006 5079 5007
f 5079 5080 5007
f 5007 5080 5008
f 5080 5081 5008
f 5008 5081 5009
f 5081 5082 5009
f 5009 5082 5010
f 5082 5083 5010
f 5010 5083 5011
f 5083 5084 5011
f 5011 5084 5012
f 5084 5085 5012
f 5012 5085 5013
f 5085 5086 5013
f 5013 5086 5014
f 5086 5087 5014
f 5014 5087 5015
f 5087 5088 5015
f 5015 5088 5016
f 5088 5089 5016
f 5016 5089 5017
f 5089 5090 5017
f 5017 5090 5018
f 5090 5091 5018
f 5018 5091 5019
f 5091 5092 5019
f 5019 5092 5020
f 5092 5093 5020
f 5020 5093 5021
f 5093 5094 5021
f 5021 5094 5022
f 5094 5095 5022
f 5022 5095 5023
f 5095 5096 5023
f 5023 5096 5024
f 5096 5097 5024
f 5024 5097 5025
f 5097 5098 5025
f 5025 5098 5026
f 5098 5099 5026
f 5026 5099 5027
f 5099 5100 5027
f 5027 5100 5028
f 5100 5101 5028
f 5028 5101 5029
f 5101 5102 5029
f 5029 5102 5030
f 5102 5103 5030
f 5030 5103 5031
f 5103 5104 5031
f 5031 5104 5032
f 5104 5105 5032
f 5032 5105 5033
f 5105 5106 5033
f 5033 5106 5034
f 5106 5107 5034
f 5034 5107 5035
f 5107 5108 5035
f 5035 5108 5036
f 5108 5109 5036
f 5036 5109 5037
f 5109 5110 5037
f 5037 5110 5038
f 5110 5111 5038
f 5038 5111 5039
f 5111 5112 5039
f 5039 5112 5040
f 5112 5041 5040
f 5112 5113 5041
f 5113 5114 5041
f 5041 5114 5042
f 5114 5115 5042
f 5042 5115 5043
f 5115 5116 5043
f 5043 5116 5044
f 5116 5117 5044
f 5044 5117 5045
f 5117 5118 5045
f 5045 5118 5046
f 5118 5119 5046
f 5046 5119 5047
f 5119 5120 5047
f 5047 5120 5048
f 5120 5121 5048
f 5048 5121 5049
f 5121 5122 5049
f 5049 5122 5050
f 5122 5123 5050
f 5050 5123 5051
f 5123 5124 5051
f 5051 5124 5052
f 5124 5125 5052
f 5052 5125 5053
f 5125 5126 5053
f 5053 5126 5054
f 5126 5127 5054
f 5054 5127 5055
f 5127 5128 5055
f 5055 5128 5056
f 5128 5129 5056
f 5056 5129 5057
f 5129 5130 5057
f 5057 5130 5058
f 5130 5131 5058
f 5058 5131 5059
f 5131 5132 5059
f 5059 5132 5060
f 5132 5133 5060
f 5060 5133 5061
f 5133 5134 5061
f 5061 5134 5062
f 5134 5135 5062
f 5062 5135 5063
f 5135 5136 5063
f 5063 5136 5064
f 5136 5137 5064
f 5064 5137 5065
f 5137 5138 5065
f 5065 5138 5066
f 5138 5139 5066
f 5066 5139 5067
f 5139 5140 5067
f 5067 5140 5068
f 5140 5141 5068
f 5068 5141 5069
f 5141 5142 5069
f 5069 5142 5070
f 5142 5143 5070
f 5070 5143 5071
f 5143 5144 5071
f 5071 5144 5072
f 5144 5145 5072
f 5072 5145 5073
f 5145 5146 5073
f 5073 5146 5074
f 5146 5147 5074
f 5074 5147 5075
f 5147 5148 5075
f 5075 5148 5076
f 5148 5149 5076
f 5076 5149 5077
f 5149 5150 5077
f 5077 5150 5078
f 5150 5151 5078
f 5078 5151 5079
f 5151 5152 5079
f 5079 5152 5080
f 5152 5153 5080
f 5080 5153 5081
f 5153 5154 5081
f 5081 5154 5082
f 5154 5155 5082
f 5082 5155 5083
f 5155 5156 5083
f 5083 5156 5084
f 5156 5157 5084
f 5084 5157 5085
f 5157 5158 5085
f 5085 5158 5086
f 5158 5159 5086
f 5086 5159 5087
f 5159 5160 5087
f 5087 5160 5088
f 5160 5161 5088
f 5088 5161 5089
f 5161 5162 5089
f 5089 5162 5090
f 5162 5163 5090
f 5090 5163 5091
f 5163 5164 5091
f 5091 5164 5092
f 5164 5165 5092
f 5092 5165 5093
f 5165 5166 5093
f 5093 5166 5094
f 5166 5167 5094
f 5094 5167 5095
f 5167 5168 5095
f 5095 5168 5096
f 5168 5169 5096
f 5096 5169 5097
f 5169 5170 5097
f 5097 5170 5098
f 5170 5171 5098
f 5098 5171 5099
f 5171 5172 5099
f 5099 5172 5100
f 5172 5173 5100
f 5100 5173 5101
f 5173 5174 5101
f 5101 5174 5102
f 5174 5175 5102
f 5102 5175 5103
f 5175 5176 5103
f 5103 5176 5104
f 5176 5177 5104
f 5104 5177 5105
f 5177 5178 5105
f 5105 5178 5106
f 5178 5179 5106
f 5106 5179 5107
f 5179 5180 5107
f 5107 5180 5108
f 5180 5181 5108
f 5108 5181 5109
f 5181 5182 5109
f 5109 5182 5110
f 5182 5183 5110
f 5110 5183 5111
f 5183 5184 5111
f 5111 5184 5112
f 5184 5113 5112
f 5184 2518 5113
f 2518 2516 5113
f 5113 2516 5114
f 2516 2514 5114
f 5114 2514 5115
f 2514 2512 5115
f 5115 2512 5116
f 2512 2510 5116
f 5116 2510 5117
f 2510 2508 5117
f 5117 2508 5118
f 2508 2506 5118
f 5118 2506 5119
f 2506 2504 5119
f 5119 2504 5120
f 2504 2502 5120
f 5120 2502 5121
f 2502 2500 5121
f 5121 2500 5122
f 2500 2498 5122
f 5122 2498 5123
f 2498 2496 5123
f 5123 2496 5124
f 2496 2494 5124
f 5124 2494 5125
f 2494 2492 5125
f 5125 2492 5126
f 2492 2490 5126
f 5126 2490 5127
f 2490 2488 5127
f 5127 2488 5128
f 2488 2486 5128
f 5128 2486 5129
f 2486 2484 5129
f 5129 2484 5130
f 2484 2482 5130
f 5130 2482 5131
f 2482 2480 5131
f 5131 2480 5132
f 2480 2478 5132
f 5132 2478 5133
f 2478 2476 5133
f 5133 2476 5134
f 2476 2474 5134
f 5134 2474 5135
f 2474 2472 5135
f 5135 2472 5136
f 2472 2470 5136
f 5136 2470 5137
f 2470 2468 5137
f 5137 2468 5138
f 2468 2466 5138
f 5138 2466 5139
f 2466 2464 5139
f 5139 2464 5140
f 2464 2462 5140
f 5140 2462 5141
f 2462 2460 5141
f 5141 2460 5142
f 2460 2458 5142
f 5142 2458 5143
f 2458 2456 5143
f 5143 2456 5144
f 2456 2454 5144
f 5144 2454 5145
f 2454 2452 5145
f 5145 2452 5146
f 2452 2450 5146
f 5146 2450 5147
f 2450 2448 5147
f 5147 2448 5148
f 2448 2446 5148
f 5148 2446 5149
f 2446 2444 5149
f 5149 2444 5150
f 2444 2442 5150
f 5150 2442 5151
f 2442 2440 5151
f 5151 2440 5152
f 2440 2438 5152
f 5152 2438 5153
f 2438 2436 5153
f 5153 2436 5154
f 2436 2434 5154
f 5154 2434 5155
f 2434 2432 5155
f 5155 2432 5156
f 2432 2430 5156
f 5156 2430 5157
f 2430 2428 5157
f 5157 2428 5158
f 2428 2426 5158
f 5158 2426 5159
f 2426 2424 5159
f 5159 2424 5160
f 2424 2422 5160
f 5160 2422 5161
f 2422 2420 5161
f 5161 2420 5162
f 2420 2418 5162
f 5162 2418 5163
f 2418 2416 5163
f 5163 2416 5164
f 2416 2414 5164
f 5164 2414 5165
f 2414 2412 5165
f 5165 2412 5166
f 2412 2410 5166
f 5166 2410 5167
f 2410 2408 5167
f 5167 2408 5168
f 2408 2406 5168
f 5168 2406 5169
f 2406 2404 5169
f 5169 2404 5170
f 2404 2402 5170
f 5170 2402 5171
f 2402 2400 5171
f 5171 2400 5172
f 2400 2398 5172
f 5172 2398 5173
f 2398 2396 5173
f 5173 2396 5174
f 2396 2394 5174
f 5174 2394 5175
f 2394 2392 5175
f 5175 2392 5176
f 2392 2390 5176
f 5176 2390 5177
f 2390 2388 5177
f 5177 2388 5178
f 2388 2386 5178
f 5178 2386 5179
f 2386 2384 5179
f 5179 2384 5180
f 2384 2382 5180
f 5180 2382 5181
f 2382 2380 5181
f 5181 2380 5182
f 2380 2378 5182
f 5182 2378 5183
f 2378 2520 5183
f 5183 2520 5184
f 2520 2518 5184
f 36 5185 38
f 5185 5186 38
f 38 5186 40
f 5186 5187 40
f 40 5187 42
f 5187 5188 42
f 42 5188 44
f 5188 5189 44
f 44 5189 46
f 5189 5190 46
f 46 5190 48
f 5190 5191 48
f 48 5191 50
f 5191 5192 50
f 50 5192 52
f 5192 5193 52
f 52 5193 54
f 5193 5194 54
f 54 5194 56
f 5194 5195 56
f 56 5195 58
f 5195 5196 58
f 58 5196 60
f 5196 5197 60
f 60 5197 62
f 5197 5198 62
f 62 5198 64
f 5198 5199 64
f 64 5199 66
f 5199 5200 66
f 66 5200 68
f 5200 5201 68
f 68 5201 70
f 5201 5202 70
f 70 5202 72
f 5202 5203 72
f 72 5203 74
f 5203 5204 74
f 74 5204 76
f 5204 5205 76
f 76 5205 78
f 5205 5206 78
f 78 5206 80
f 5206 5207 80
f 80 5207 82
f 5207 5208 82
f 82 5208 84
f 5208 5209 84
f 84 5209 86
f 5209 5210 86
f 86 5210 88
f 5210 5211 88
f 88 5211 90
f 5211 5212 90
f 90 5212 92
f 5212 5213 92
f 92 5213 94
f 5213 5214 94
f 94 5214 96
f 5214 5215 96
f 96 5215 98
f 5215 5216 98
f 98 5216 100
f 5216 5217 100
f 100 5217 102
f 5217 5218 102
f 102 5218 104
f 5218 5219 104
f 104 5219 106
f 5219 5220 106
f 106 5220 108
f 5220 5221 108
f 108 5221 110
f 5221 5222 110
f 110 5222 112
f 5222 5223 112
f 112 5223 114
f 5223 5224 114
f 114 5224 116
f 5224 5225 116
f 116 5225 118
f 5225 5226 118
f 118 5226 120
f 5226 5227 120
f 120 5227 122
f 5227 5228 122
f 122 5228 124
f 5228 5229 124
f 124 5229 126
f 5229 5230 126
f 126 5230 128
f 5230 5231 128
f 128 5231 130
f 5231 5232 130
f 130 5232 132
f 5232 5233 132
f 132 5233 134
f 5233 5234 134
f 134 5234 136
f 5234 5235 136
f 136 5235 138
f 5235 5236 138
f 138 5236 140
f 5236 5237 140
f 140 5237 142
f 5237 5238 142
f 142 5238 144
f 5238 5239 144
f 144 5239 2
f 5239 5240 2
f 2 5240 4
f 5240 5241 4
f 4 5241 6
f 5241 5242 6
f 6 5242 8
f 5242 5243 8
f 8 5243 10
f 5243 5244 10
f 10 5244 12
f 5244 5245 12
f 12 5245 14
f 5245 5246 14
f 14 5246 16
f 5246 5247 16
f 16 5247 18
f 5247 5248 18
f 18 5248 20
f 5248 5249 20
f 20 5249 22
f 5249 5250 22
f 22 5250 24
f 5250 5251 24
f 24 5251 26
f 5251 5252 26
f 26 5252 28
f 5252 5253 28
f 28 5253 30
f 5253 5254 30
f 30 5254 32
f 5254 5255 32
f 32 5255 34
f 5255 5256 34
f 34 5256 36
f 5256 5185 36
f 5204 5257 5205
f 5257 5258 5205
f 5205 5258 5206
f 5258 5259 5206
f 5206 5259 5207
f 5259 5260 5207
f 5207 5260 5208
f 5260 5261 5208
f 5208 5261 5209
f 5261 5262 5209
f 5209 5262 5210
f 5262 5263 5210
f 5210 5263 5211
f 5263 5264 5211
f 5211 5264 5212
f 5264 5265 5212
f 5212 5265 5213
f 5265 5266 5213
f 5213 5266 5214
f 5266 5267 5214
f 5214 5267 5215
f 5267 5268 5215
f 5215 5268 5216
f 5268 5269 5216
f 5216 5269 5217
f 5269 5270 5217
f 5217 5270 5218
f 5270 5271 5218
f 5218 5271 5219
f 5271 5272 5219
f 5219 5272 5220
f 5272 5273 5220
f 5220 5273 5221
f 5273 5274 5221
f 5221 5274 5222
f 5274 5275 5222
f 5222 5275 5223
f 5275 5276 5223
f 5223 5276 5224
f 5276 5277 5224
f 5224 5277 5225
f 5277 5278 5225
f 5225 5278 5226
f 5278 5279 5226
f 5226 5279 5227
f 5279 5280 5227
f 5227 5280 5228
f 5280 5281 5228
f 5228 5281 5229
f 5281 5282 5229
f 5229 5282 5230
f 5282 5283 5230
f 5230 5283 5231
f 5283 5284 5231
f 5231 5284 5232
f 5284 5285 5232
f 5232 5285 5233
f 5285 5286 5233
f 5233 5286 5234
f 5286 5287 5234
f 5234 5287 5235
f 5287 5288 5235
f 5235 5288 5236
f 5288 5289 5236
f 5236 5289 5237
f 5289 5290 5237
f 5237 5290 5238
f 5290 5291 5238
f 5238 5291 5239
f 5291 5292 5239
f 5239 5292 5240
f 5292 5293 5240
f 5240 5293 5241
f 5293 5294 5241
f 5241 5294 5242
f 5294 5295 5242
f 5242 5295 5243
f 5295 5296 5243
f 5243 5296 5244
f 5296 5297 5244
f 5244 5297 5245
f 5297 5298 5245
f 5245 5298 5246
f 5298 5299 5246
f 5246 5299 5247
f 5299 5300 5247
f 5247 5300 5248
f 5300 5301 5248
f 5248 5301 5249
f 5301 5302 5249
f 5249 5302 5250
f 5302 5303 5250
f 5250 5303 5251
f 5303 5304 5251
f 5251 5304 5252
f 5304 5305 5252
f 5252 5305 5253
f 5305 5306 5253
f 5253 5306 5254
f 5306 5307 5254
f 5254 5307 5255
f 5307 5308 5255
f 5255 5308 5256
f 5308 5309 5256
f 5256 5309 5185
f 5309 5310 5185
f 5185 5310 5186
f 5310 5311 5186
f 5186 5311 5187
f 5311 5312 5187
f 5187 5312 5188
f 5312 5313 5188
f 5188 5313 5189
f 5313 5314 5189
f 5189 5314 5190
f 5314 5315 5190
f 5190 5315 5191
f 5315 5316 5191
f 5191 5316 5192
f 5316 5317 5192
f 5192 5317 5193
f 5317 5318 5193
f 5193 5318 5194
f 5318 5319 5194
f 5194 5319 5195
f 5319 5320 5195
f 5195 5320 5196
f 5320 5321 5196
f 5196 5321 5197
f 5321 5322 5197
f 5197 5322 5198
f 5322 5323 5198
f 5198 5323 5199
f 5323 5324 5199
f 5199 5324 5200
f 5324 5325 5200
f 5200 5325 5201
f 5325 5326 5201
f 5201 5326 5202
f 5326 5327 5202
f 5202 5327 5203
f 5327 5328 5203
f 5203 5328 5204
f 5328 5257 5204
f 5328 5329 5257
f 5329 5330 5257
f 5257 5330 5258
f 5330 5331 5258
f 5258 5331 5259
f 5331 5332 5259
f 5259 5332 5260
f 5332 5333 5260
f 5260 5333 5261
f 5333 5334 5261
f 5261 5334 5262
f 5334 5335 5262
f 5262 5335 5263
f 5335 5336 5263
f 5263 5336 5264
f 5336 5337 5264
f 5264 5337 5265
f 5337 5338 5265
f 5265 5338 5266
f 5338 5339 5266
f 5266 5339 5267
f 5339 5340 5267
f 5267 5340 5268
f 5340 5341 5268
f 5268 5341 5269
f 5341 5342 5269
f 5269 5342 5270
f 5342 5343 5270
f 5270 5343 5271
f 5343 5344 5271
f 5271 5344 5272
f 5344 5345 5272
f 5272 5345 5273
f 5345 5346 5273
f 5273 5346 5274
f 5346 5347 5274
f 5274 5347 5275
f 5347 5348 5275
f 5275 5348 5276
f 5348 5349 5276
f 5276 5349 5277
f 5349 5350 5277
f 5277 5350 5278
f 5350 5351 5278
f 5278 5351 5279
f 5351 5352 5279
f 5279 5352 5280
f 5352 5353 5280
f 5280 5353 5281
f 5353 5354 5281
f 5281 5354 5282
f 5354 5355 5282
f 5282 5355 5283
f 5355 5356 5283
f 5283 5356 5284
f 5356 5357 5284
f 5284 5357 5285
f 5357 5358 5285
f 5285 5358 5286
f 5358 5359 5286
f 5286 5359 5287
f 5359 5360 5287
f 5287 5360 5288
f 5360 5361 5288
f 5288 5361 5289
f 5361 5362 5289
f 5289 5362 5290
f 5362 5363 5290
f 5290 5363 5291
f 5363 5364 5291
f 5291 5364 5292
f 5364 5365 5292
f 5292 5365 5293
f 5365 5366 5293
f 5293 5366 5294
f 5366 5367 5294
f 5294 5367 5295
f 5367 5368 5295
f 5295 5368 5296
f 5368 5369 5296
f 5296 5369 5297
f 5369 5370 5297
f 5297 5370 5298
f 5370 5371 5298
f 5298 5371 5299
f 5371 5372 5299
f 5299 5372 5300
f 5372 5373 5300
f 5300 5373 5301
f 5373 5374 5301
f 5301 5374 5302
f 5374 5375 5302
f 5302 5375 5303
f 5375 5376 5303
f 5303 5376 5304
f 5376 5377 5304
f 5304 5377 5305
f 5377 5378 5305
f 5305 5378 5306
f 5378 5379 5306
f 5306 5379 5307
f 5379 5380 5307
f 5307 5380 5308
f 5380 5381 5308
f 5308 5381 5309
f 5381 5382 5309
f 5309 5382 5310
f 5382 5383 5310
f 5310 5383 5311
f 5383 5384 5311
f 5311 5384 5312
f 5384 5385 5312
f 5312 5385 5313
f 5385 5386 5313
f 5313 5386 5314
f 5386 5387 5314
f 5314 5387 5315
f 5387 5388 5315
f 5315 5388 5316
f 5388 5389 5316
f 5316 5389 5317
f 5389 5390 5317
f 5317 5390 5318
f 5390 5391 5318
f 5318 5391 5319
f 5391 5392 5319
f 5319 5392 5320
f 5392 5393 5320
f 5320 5393 5321
f 5393 5394 5321
f 5321 5394 5322
f 5394 5395 5322
f 5322 5395 5323
f 5395 5396 5323
f 5323 5396 5324
f 5396 5397 5324
f 5324 5397 5325
f 5397 5398 5325
f 5325 5398 5326
f 5398 5399 5326
f 5326 5399 5327
f 5399 5400 5327
f 5327 5400 5328
f 5400 5329 5328
f 5400 5401 5329
f 5401 5402 5329
f 5329 5402 5330
f 5402 5403 5330
f 5330 5403 5331
f 5403 5404 5331
f 5331 5404 5332
f 5404 5405 5332
f 5332 5405 5333
f 5405 5406 5333
f 5333 5406 5334
f 5406 5407 5334
f 5334 5407 5335
f 5407 5408 5335
f 5335 5408 5336
f 5408 5409 5336
f 5336 5409 5337
f 5409 5410 5337
f 5337 5410 5338
f 5410 5411 5338
f 5338 5411 5339
f 5411 5412 5339
f 5339 5412 5340
f 5412 5413 5340
f 5340 5413 5341
f 5413 5414 5341
f 5341 5414 5342
f 5414 5415 5342
f 5342 5415 5343
f 5415 5416 5343
f 5343 5416 5344
f 5416 5417 5344
f 5344 5417 5345
f 5417 5418 5345
f 5345 5418 5346
f 5418 5419 5346
f 5346 5419 5347
f 5419 5420 5347
f 5347 5420 5348
f 5420 5421 5348
f 5348 5421 5349
f 5421 5422 5349
f 5349 5422 5350
f 5422 5423 5350
f 5350 5423 5351
f 5423 5424 5351
f 5351 5424 5352
f 5424 5425 5352
f 5352 5425 5353
f 5425 5426 5353
f 5353 5426 5354
f 5426 5427 5354
f 5354 5427 5355
f 5427 5428 5355
f 5355 5428 5356
f 5428 5429 5356
f 5356 5429 5357
f 5429 5430 5357
f 5357 5430 5358
f 5430 5431 5358
f 5358 5431 5359
f 5431 5432 5359
f 5359 5432 5360
f 5432 5433 5360
f 5360 5433 5361
f 5433 5434 5361
f 5361 5434 5362
f 5434 5435 5362
f 5362 5435 5363
f 5435 5436 5363
f 5363 5436 5364
f 5436 5437 5364
f 5364 5437 5365
f 5437 5438 5365
f 5365 5438 5366
f 5438 5439 5366
f 5366 5439 5367
f 5439 5440 5367
f 5367 5440 5368
f 5440 5441 5368
f 5368 5441 5369
f 5441 5442 5369
f 5369 5442 5370
f 5442 5443 5370
f 5370 5443 5371
f 5443 5444 5371
f 5371 5444 5372
f 5444 5445 5372
f 5372 5445 5373
f 5445 5446 5373
f 5373 5446 5374
f 5446 5447 5374
f 5374 5447 5375
f 5447 5448 5375
f 5375 5448 5376
f 5448 5449 5376
f 5376 5449 5377
f 5449 5450 5377
f 5377 5450 5378
f 5450 5451 5378
f 5378 5451 5379
f 5451 5452 5379
f 5379 5452 5380
f 5452 5453 5380
f 5380 5453 5381
f 5453 5454 5381
f 5381 5454 5382
f 5454 5455 5382
f 5382 5455 5383
f 5455 5456 5383
f 5383 5456 5384
f 5456 5457 5384
f 5384 5457 5385
f 5457 5458 5385
f 5385 5458 5386
f 5458 5459 5386
f 5386 5459 5387
f 5459 5460 5387
f 5387 5460 5388
f 5460 5461 5388
f 5388 5461 5389
f 5461 5462 5389
f 5389 5462 5390
f 5462 5463 5390
f 5390 5463 5391
f 5463 5464 5391
f 5391 5464 5392
f 5464 5465 5392
f 5392 5465 5393
f 5465 5466 5393
f 5393 5466 5394
f 5466 5467 5394
f 5394 5467 5395
f 5467 5468 5395
f 5395 5468 5396
f 5468 5469 5396
f 5396 5469 5397
f 5469 5470 5397
f 5397 5470 5398
f 5470 5471 5398
f 5398 5471 5399
f 5471 5472 5399
f 5399 5472 5400
f 5472 5401 5400
f 5472 5473 5401
f 5473 5474 5401
f 5401 5474 5402
f 5474 5475 5402
f 5402 5475 5403
f 5475 5476 5403
f 5403 5476 5404
f 5476 5477 5404
f 5404 5477 5405
f 5477 5478 5405
f 5405 5478 5406
f 5478 5479 5406
f 5406 5479 5407
f 5479 5480 5407
f 5407 5480 5408
f 5480 5481 5408
f 5408 5481 5409
f 5481 5482 5409
f 5409 5482 5410
f 5482 5483 5410
f 5410 5483 5411
f 5483 5484 5411
f 5411 5484 5412
f 5484 5485 5412
f 5412 5485 5413
f 5485 5486 5413
f 5413 5486 5414
f 5486 5487 5414
f 5414 5487 5415
f 5487 5488 5415
f 5415 5488 5416
f 5488 5489 5416
f 5416 5489 5417
f 5489 5490 5417
f 5417 5490 5418
f 5490 5491 5418
f 5418 5491 5419
f 5491 5492 5419
f 5419 5492 5420
f 5492 5493 5420
f 5420 5493 5421
f 5493 5494 5421
f 5421 5494 5422
f 5494 5495 5422
f 5422 5495 5423
f 5495 5496 5423
f 5423 5496 5424
f 5496 5497 5424
f 5424 5497 5425
f 5497 5498 5425
f 5425 5498 5426
f 5498 5499 5426
f 5426 5499 5427
f 5499 5500 5427
f 5427 5500 5428
f 5500 5501 5428
f 5428 5501 5429
f 5501 5502 5429
f 5429 5502 5430
f 5502 5503 5430
f 5430 5503 5431
f 5503 5504 5431
f 5431 5504 5432
f 5504 5505 5432
f 5432 5505 5433
f 5505 5506 5433
f 5433 5506 5434
f 5506 5507 5434
f 5434 5507 5435
f 5507 5508 5435
f 5435 5508 5436
f 5508 5509 5436
f 5436 5509 5437
f 5509 5510 5437
f 5437 5510 5438
f 5510 5511 5438
f 5438 5511 5439
f 5511 5512 5439
f 5439 5512 5440
f 5512 5513 5440
f 5440 5513 5441
f 5513 5514 5441
f 5441 5514 5442
f 5514 5515 5442
f 5442 5515 5443
f 5515 5516 5443
f 5443 5516 5444
f 5516 5517 5444
f 5444 5517 5445
f 5517 5518 5445
f 5445 5518 5446
f 5518 5519 5446
f 5446 5519 5447
f 5519 5520 5447
f 5447 5520 5448
f 5520 5521 5448
f 5448 5521 5449
f 5521 5522 5449
f 5449 5522 5450
f 5522 5523 5450
f 5450 5523 5451
f 5523 5524 5451
f 5451 5524 5452
f 5524 5525 5452
f 5452 5525 5453
f 5525 5526 5453
f 5453 5526 5454
f 5526 5527 5454
f 5454 5527 5455
f 5527 5528 5455
f 5455 5528 5456
f 5528 5529 5456
f 5456 5529 5457
f 5529 5530 5457
f 5457 5530 5458
f 5530 5531 5458
f 5458 5531 5459
f 5531 5532 5459
f 5459 5532 5460
f 5532 5533 5460
f 5460 5533 5461
f 5533 5534 5461
f 5461 5534 5462
f 5534 5535 5462
f 5462 5535 5463
f 5535 5536 5463
f 5463 5536 5464
f 5536 5537 5464
f 5464 5537 5465
f 5537 5538 5465
f 5465 5538 5466
f 5538 5539 5466
f 5466 5539 5467
f 5539 5540 5467
f 5467 5540 5468
f 5540 5541 5468
f 5468 5541 5469
f 5541 5542 5469
f 5469 5542 5470
f 5542 5543 5470
f 5470 5543 5471
f 5543 5544 5471
f 5471 5544 5472
f 5544 5473 5472
f 5544 5545 5473
f 5545 5546 5473
f 5473 5546 5474
f 5546 5547 5474
f 5474 5547 5475
f 5547 5548 5475
f 5475 5548 5476
f 5548 5549 5476
f 5476 5549 5477
f 5549 5550 5477
f 5477 5550 5478
f 5550 5551 5478
f 5478 5551 5479
f 5551 5552 5479
f 5479 5552 5480
f 5552 5553 5480
f 5480 5553 5481
f 5553 5554 5481
f 5481 5554 5482
f 5554 5555 5482
f 5482 5555 5483
f 5555 5556 5483
f 5483 5556 5484
f 5556 5557 5484
f 5484 5557 5485
f 5557 5558 5485
f 5485 5558 5486
f 5558 5559 5486
f 5486 5559 5487
f 5559 5560 5487
f 5487 5560 5488
f 5560 5561 5488
f 5488 5561 5489
f 5561 5562 5489
f 5489 5562 5490
f 5562 5563 5490
f 5490 5563 5491
f 5563 5564 5491
f 5491 5564 5492
f 5564 5565 5492
f 5492 5565 5493
f 5565 5566 5493
f 5493 5566 5494
f 5566 5567 5494
f 5494 5567 5495
f 5567 5568 5495
f 5495 5568 5496
f 5568 5569 5496
f 5496 5569 5497
f 5569 5570 5497
f 5497 5570 5498
f 5570 5571 5498
f 5498 5571 5499
f 5571 5572 5499
f 5499 5572 5500
f 5572 5573 5500
f 5500 5573 5501
f 5573 5574 5501
f 5501 5574 5502
f 5574 5575 5502
f 5502 5575 5503
f 5575 5576 5503
f 5503 5576 5504
f 5576 5577 5504
f 5504 5577 5505
f 5577 5578 5505
f 5505 5578 5506
f 5578 5579 5506
f 5506 5579 5507
f 5579 5580 5507
f 5507 5580 5508
f 5580 5581 5508
f 5508 5581 5509
f 5581 5582 5509
f 5509 5582 5510
f 5582 5583 5510
f 5510 5583 5511
f 5583 5584 5511
f 5511 5584 5512
f 5584 5585 5512
f 5512 5585 5513
f 5585 5586 5513
f 5513 5586 5514
f 5586 5587 5514
f 5514 5587 5515
f 5587 5588 5515
f 5515 5588 5516
f 5588 5589 5516
f 5516 5589 5517
f 5589 5590 5517
f 5517 5590 5518
f 5590 5591 5518
f 5518 5591 5519
f 5591 5592 5519
f 5519 5592 5520
f 5592 5593 5520
f 5520 5593 5521
f 5593 5594 5521
f 5521 5594 5522
f 5594 5595 5522
f 5522 5595 5523
f 5595 5596 5523
f 5523 5596 5524
f 5596 5597 5524
f 5524 5597 5525
f 5597 5598 5525
f 5525 5598 5526
f 5598 5599 5526
f 5526 5599 5527
f 5599 5600 5527
f 5527 5600 5528
f 5600 5601 5528
f 5528 5601 5529
f 5601 5602 5529
f 5529 5602 5530
f 5602 5603 5530
f 5530 5603 5531
f 5603 5604 5531
f 5531 5604 5532
f 5604 5605 5532
f 5532 5605 5533
f 5605 5606 5533
f 5533 5606 5534
f 5606 5607 5534
f 5534 5607 5535
f 5607 5608 5535
f 5535 5608 5536
f 5608 5609 5536
f 5536 5609 5537
f 5609 5610 5537
f 5537 5610 5538
f 5610 5611 5538
f 5538 5611 5539
f 5611 5612 5539
f 5539 5612 5540
f 5612 5613 5540
f 5540 5613 5541
f 5613 5614 5541
f 5541 5614 5542
f 5614 5615 5542
f 5542 5615 5543
f 5615 5616 5543
f 5543 5616 5544
f 5616 5545 5544
f 5616 5617 5545
f 5617 5618 5545
f 5545 5618 5546
f 5618 5619 5546
f 5546 5619 5547
f 5619 5620 5547
f 5547 5620 5548
f 5620 5621 5548
f 5548 5621 5549
f 5621 5622 5549
f 5549 5622 5550
f 5622 5623 5550
f 5550 5623 5551
f 5623 5624 5551
f 5551 5624 5552
f 5624 5625 5552
f 5552 5625 5553
f 5625 5626 5553
f 5553 5626 5554
f 5626 5627 5554
f 5554 5627 5555
f 5627 5628 5555
f 5555 5628 5556
f 5628 5629 5556
f 5556 5629 5557
f 5629 5630 5557
f 5557 5630 5558
f 5630 5631 5558
f 5558 5631 5559
f 5631 5632 5559
f 5559 5632 5560
f 5632 5633 5560
f 5560 5633 5561
f 5633 5634 5561
f 5561 5634 5562
f 5634 5635 5562
f 5562 5635 5563
f 5635 5636 5563
f 5563 5636 5564
f 5636 5637 5564
f 5564 5637 5565
f 5637 5638 5565
f 5565 5638 5566
f 5638 5639 5566
f 5566 5639 5567
f 5639 5640 5567
f 5567 5640 5568
f 5640 5641 5568
f 5568 5641 5569
f 5641 5642 5569
f 5569 5642 5570
f 5642 5643 5570
f 5570 5643 5571
f 5643 5644 5571
f 5571 5644 5572
f 5644 5645 5572
f 5572 5645 5573
f 5645 5646 5573
f 5573 5646 5574
f 5646 5647 5574
f 5574 5647 5575
f 5647 5648 5575
f 5575 5648 5576
f 5648 5649 5576
f 5576 5649 5577
f 5649 5650 5577
f 5577 5650 5578
f 5650 5651 5578
f 5578 5651 5579
f 5651 5652 5579
f 5579 5652 5580
f 5652 5653 5580
f 5580 5653 5581
f 5653 5654 5581
f 5581 5654 5582
f 5654 5655 5582
f 5582 5655 5583
f 5655 5656 5583
f 5583 5656 5584
f 5656 5657 5584
f 5584 5657 5585
f 5657 5658 5585
f 5585 5658 5586
f 5658 5659 5586
f 5586 5659 5587
f 5659 5660 5587
f 5587 5660 5588
f 5660 5661 5588
f 5588 5661 5589
f 5661 5662 5589
f 5589 5662 5590
f 5662 5663 5590
f 5590 5663 5591
f 5663 5664 5591
f 5591 5664 5592
f 5664 5665 5592
f 5592 5665 5593
f 5665 5666 5593
f 5593 5666 5594
f 5666 5667 5594
f 5594 5667 5595
f 5667 5668 5595
f 5595 5668 5596
f 5668 5669 5596
f 5596 5669 5597
f 5669 5670 5597
f 5597 5670 5598
f 5670 5671 5598
f 5598 5671 5599
f 5671 5672 5599
f 5599 5672 5600
f 5672 5673 5600
f 5600 5673 5601
f 5673 5674 5601
f 5601 5674 5602
f 5674 5675 5602
f 5602 5675 5603
f 5675 5676 5603
f 5603 5676 5604
f 5676 5677 5604
f 5604 5677 5605
f 5677 5678 5605
f 5605 5678 5606
f 5678 5679 5606
f 5606 5679 5607
f 5679 5680 5607
f 5607 5680 5608
f 5680 5681 5608
f 5608 5681 5609
f 5681 5682 5609
f 5609 5682 5610
f 5682 5683 5610
f 5610 5683 5611
f 5683 5684 5611
f 5611 5684 5612
f 5684 5685 5612
f 5612 5685 5613
f 5685 5686 5613
f 5613 5686 5614
f 5686 5687 5614
f 5614 5687 5615
f 5687 5688 5615
f 5615 5688 5616
f 5688 5617 5616
f 5688 5689 5617
f 5689 5690 5617
f 5617 5690 5618
f 5690 5691 5618
f 5618 5691 5619
f 5691 5692 5619
f 5619 5692 5620
f 5692 5693 5620
f 5620 5693 5621
f 5693 5694 5621
f 5621 5694 5622
f 5694 5695 5622
f 5622 5695 5623
f 5695 5696 5623
f 5623 5696 5624
f 5696 5697 5624
f 5624 5697 5625
f 5697 5698 5625
f 5625 5698 5626
f 5698 5699 5626
f 5626 5699 5627
f 5699 5700 5627
f 5627 5700 5628
f 5700 5701 5628
f 5628 5701 5629
f 5701 5702 5629
f 5629 5702 5630
f 5702 5703 5630
f 5630 5703 5631
f 5703 5704 5631
f 5631 5704 5632
f 5704 5705 5632
f 5632 5705 5633
f 5705 5706 5633
f 5633 5706 5634
f 5706 5707 5634
f 5634 5707 5635
f 5707 5708 5635
f 5635 5708 5636
f 5708 5709 5636
f 5636 5709 5637
f 5709 5710 5637
f 5637 5710 5638
f 5710 5711 5638
f 5638 5711 5639
f 5711 5712 5639
f 5639 5712 5640
f 5712 5713 5640
f 5640 5713 5641
f 5713 5714 5641
f 5641 5714 5642
f 5714 5715 5642
f 5642 5715 5643
f 5715 5716 5643
f 5643 5716 5644
f 5716 5717 5644
f 5644 5717 5645
f 5717 5718 5645
f 5645 5718 5646
f 5718 5719 5646
f 5646 5719 5647
f 5719 5720 5647
f 5647 5720 5648
f 5720 5721 5648
f 5648 5721 5649
f 5721 5722 5649
f 5649 5722 5650
f 5722 5723 5650
f 5650 5723 5651
f 5723 5724 5651
f 5651 5724 5652
f 5724 5725 5652
f 5652 5725 5653
f 5725 5726 5653
f 5653 5726 5654
f 5726 5727 5654
f 5654 5727 5655
f 5727 5728 5655
f 5655 5728 5656
f 5728 5729 5656
f 5656 5729 5657
f 5729 5730 5657
f 5657 5730 5658
f 5730 5731 5658
f 5658 5731 5659
f 5731 5732 5659
f 5659 5732 5660
f 5732 5733 5660
f 5660 5733 5661
f 5733 5734 5661
f 5661 5734 5662
f 5734 5735 5662
f 5662 5735 5663
f 5735 5736 5663
f 5663 5736 5664
f 5736 5737 5664
f 5664 5737 5665
f 5737 5738 5665
f 5665 5738 5666
f 5738 5739 5666
f 5666 5739 5667
f 5739 5740 5667
f 5667 5740 5668
f 5740 5741 5668
f 5668 5741 5669
f 5741 5742 5669
f 5669 5742 5670
f 5742 5743 5670
f 5670 5743 5671
f 5743 5744 5671
f 5671 5744 5672
f 5744 5745 5672
f 5672 5745 5673
f 5745 5746 5673
f 5673 5746 5674
f 5746 5747 5674
f 5674 5747 5675
f 5747 5748 5675
f 5675 5748 5676
f 5748 5749 5676
f 5676 5749 5677
f 5749 5750 5677
f 5677 5750 5678
f 5750 5751 5678
f 5678 5751 5679
f 5751 5752 5679
f 5679 5752 5680
f 5752 5753 5680
f 5680 5753 5681
f 5753 5754 5681
f 5681 5754 5682
f 5754 5755 5682
f 5682 5755 5683
f 5755 5756 5683
f 5683 5756 5684
f 5756 5757 5684
f 5684 5757 5685
f 5757 5758 5685
f 5685 5758 5686
f 5758 5759 5686
f 5686 5759 5687
f 5759 5760 5687
f 5687 5760 5688
f 5760 5689 5688
f 5760 5761 5689
f 5761 5762 5689
f 5689 5762 5690
f 5762 5763 5690
f 5690 5763 5691
f 5763 5764 5691
f 5691 5764 5692
f 5764 5765 5692
f 5692 5765 5693
f 5765 5766 5693
f 5693 5766 5694
f 5766 5767 5694
f 5694 5767 5695
f 5767 5768 5695
f 5695 5768 5696
f 5768 5769 5696
f 5696 5769 5697
f 5769 5770 5697
f 5697 5770 5698
f 5770 5771 5698
f 5698 5771 5699
f 5771 5772 5699
f 5699 5772 5700
f 5772 5773 5700
f 5700 5773 5701
f 5773 5774 5701
f 5701 5774 5702
f 5774 5775 5702
f 5702 5775 5703
f 5775 5776 5703
f 5703 5776 5704
f 5776 5777 5704
f 5704 5777 5705
f 5777 5778 5705
f 5705 5778 5706
f 5778 5779 5706
f 5706 5779 5707
f 5779 5780 5707
f 5707 5780 5708
f 5780 5781 5708
f 5708 5781 5709
f 5781 5782 5709
f 5709 5782 5710
f 5782 5783 5710
f 5710 5783 5711
f 5783 5784 5711
f 5711 5784 5712
f 5784 5785 5712
f 5712 5785 5713
f 5785 5786 5713
f 5713 5786 5714
f 5786 5787 5714
f 5714 5787 5715
f 5787 5788 5715
f 5715 5788 5716
f 5788 5789 5716
f 5716 5789 5717
f 5789 5790 5717
f 5717 5790 5718
f 5790 5791 5718
f 5718 5791 5719
f 5791 5792 5719
f 5719 5792 5720
f 5792 5793 5720
f 5720 5793 5721
f 5793 5794 5721
f 5721 5794 5722
f 5794 5795 5722
f 5722 5795 5723
f 5795 5796 5723
f 5723 5796 5724
f 5796 5797 5724
f 5724 5797 5725
f 5797 5798 5725
f 5725 5798 5726
f 5798 5799 5726
f 5726 5799 5727
f 5799 5800 5727
f 5727 5800 5728
f 5800 5801 5728
f 5728 5801 5729
f 5801 5802 5729
f 5729 5802 5730
f 5802 5803 5730
f 5730 5803 5731
f 5803 5804 5731
f 5731 5804 5732
f 5804 5805 5732
f 5732 5805 5733
f 5805 5806 5733
f 5733 5806 5734
f 5806 5807 5734
f 5734 5807 5735
f 5807 5808 5735
f 5735 5808 5736
f 5808 5809 5736
f 5736 5809 5737
f 5809 5810 5737
f 5737 5810 5738
f 5810 5811 5738
f 5738 5811 5739
f 5811 5812 5739
f 5739 5812 5740
f 5812 5813 5740
f 5740 5813 5741
f 5813 5814 5741
f 5741 5814 5742
f 5814 5815 5742
f 5742 5815 5743
f 5815 5816 5743
f 5743 5816 5744
f 5816 5817 5744
f 5744 5817 5745
f 5817 5818 5745
f 5745 5818 5746
f 5818 5819 5746
f 5746 5819 5747
f 5819 5820 5747
f 5747 5820 5748
f 5820 5821 5748
f 5748 5821 5749
f 5821 5822 5749
f 5749 5822 5750
f 5822 5823 5750
f 5750 5823 5751
f 5823 5824 5751
f 5751 5824 5752
f 5824 5825 5752
f 5752 5825 5753
f 5825 5826 5753
f 5753 5826 5754
f 5826 5827 5754
f 5754 5827 5755
f 5827 5828 5755
f 5755 5828 5756
f 5828 5829 5756
f 5756 5829 5757
f 5829 5830 5757
f 5757 5830 5758
f 5830 5831 5758
f 5758 5831 5759
f 5831 5832 5759
f 5759 5832 5760
f 5832 5761 5760
f 5832 5833 5761
f 5833 5834 5761
f 5761 5834 5762
f 5834 5835 5762
f 5762 5835 5763
f 5835 5836 5763
f 5763 5836 5764
f 5836 5837 5764
f 5764 5837 5765
f 5837 5838 5765
f 5765 5838 5766
f 5838 5839 5766
f 5766 5839 5767
f 5839 5840 5767
f 5767 5840 5768
f 5840 5841 5768
f 5768 5841 5769
f 5841 5842 5769
f 5769 5842 5770
f 5842 5843 5770
f 5770 5843 5771
f 5843 5844 5771
f 5771 5844 5772
f 5844 5845 5772
f 5772 5845 5773
f 5845 5846 5773
f 5773 5846 5774
f 5846 5847 5774
f 5774 5847 5775
f 5847 5848 5775
f 5775 5848 5776
f 5848 5849 5776
f 5776 5849 5777
f 5849 5850 5777
f 5777 5850 5778
f 5850 5851 5778
f 5778 5851 5779
f 5851 5852 5779
f 5779 5852 5780
f 5852 5853 5780
f 5780 5853 5781
f 5853 5854 5781
f 5781 5854 5782
f 5854 5855 5782
f 5782 5855 5783
f 5855 5856 5783
f 5783 5856 5784
f 5856 5857 5784
f 5784 5857 5785
f 5857 5858 5785
f 5785 5858 5786
f 5858 5859 5786
f 5786 5859 5787
f 5859 5860 5787
f 5787 5860 5788
f 5860 5861 5788
f 5788 5861 5789
f 5861 5862 5789
f 5789 5862 5790
f 5862 5863 5790
f 5790 5863 5791
f 5863 5864 5791
f 5791 5864 5792
f 5864 5865 5792
f 5792 5865 5793
f 5865 5866 5793
f 5793 5866 5794
f 5866 5867 5794
f 5794 5867 5795
f 5867 5868 5795
f 5795 5868 5796
f 5868 5869 5796
f 5796 5869 5797
f 5869 5870 5797
f 5797 5870 5798
f 5870 5871 5798
f 5798 5871 5799
f 5871 5872 5799
f 5799 5872 5800
f 5872 5873 5800
f 5800 5873 5801
f 5873 5874 5801
f 5801 5874 5802
f 5874 5875 5802
f 5802 5875 5803
f 5875 5876 5803
f 5803 5876 5804
f 5876 5877 5804
f 5804 5877 5805
f 5877 5878 5805
f 5805 5878 5806
f 5878 5879 5806
f 5806 5879 5807
f 5879 5880 5807
f 5807 5880 5808
f 5880 5881 5808
f 5808 5881 5809
f 5881 5882 5809
f 5809 5882 5810
f 5882 5883 5810
f 5810 5883 5811
f 5883 5884 5811
f 5811 5884 5812
f 5884 5885 5812
f 5812 5885 5813
f 5885 5886 5813
f 5813 5886 5814
f 5886 5887 5814
f 5814 5887 5815
f 5887 5888 5815
f 5815 5888 5816
f 5888 5889 5816
f 5816 5889 5817
f 5889 5890 5817
f 5817 5890 5818
f 5890 5891 5818
f 5818 5891 5819
f 5891 5892 5819
f 5819 5892 5820
f 5892 5893 5820
f 5820 5893 5821
f 5893 5894 5821
f 5821 5894 5822
f 5894 5895 5822
f 5822 5895 5823
f 5895 5896 5823
f 5823 5896 5824
f 5896 5897 5824
f 5824 5897 5825
f 5897 5898 5825
f 5825 5898 5826
f 5898 5899 5826
f 5826 5899 5827
f 5899 5900 5827
f 5827 5900 5828
f 5900 5901 5828
f 5828 5901 5829
f 5901 5902 5829
f 5829 5902 5830
f 5902 5903 5830
f 5830 5903 5831
f 5903 5904 5831
f 5831 5904 5832
f 5904 5833 5832
f 5904 5905 5833
f 5905 5906 5833
f 5833 5906 5834
f 5906 5907 5834
f 5834 5907 5835
f 5907 5908 5835
f 5835 5908 5836
f 5908 5909 5836
f 5836 5909 5837
f 5909 5910 5837
f 5837 5910 5838
f 5910 5911 5838
f 5838 5911 5839
f 5911 5912 5839
f 5839 5912 5840
f 5912 5913 5840
f 5840 5913 5841
f 5913 5914 5841
f 5841 5914 5842
f 5914 5915 5842
f 5842 5915 5843
f 5915 5916 5843
f 5843 5916 5844
f 5916 5917 5844
f 5844 5917 5845
f 5917 5918 5845
f 5845 5918 5846
f 5918 5919 5846
f 5846 5919 5847
f 5919 5920 5847
f 5847 5920 5848
f 5920 5921 5848
f 5848 5921 5849
f 5921 5922 5849
f 5849 5922 5850
f 5922 5923 5850
f 5850 5923 5851
f 5923 5924 5851
f 5851 5924 5852
f 5924 5925 5852
f 5852 5925 5853
f 5925 5926 5853
f 5853 5926 5854
f 5926 5927 5854
f 5854 5927 5855
f 5927 5928 5855
f 5855 5928 5856
f 5928 5929 5856
f 5856 5929 5857
f 5929 5930 5857
f 5857 5930 5858
f 5930 5931 5858
f 5858 5931 5859
f 5931 5932 5859
f 5859 5932 5860
f 5932 5933 5860
f 5860 5933 5861
f 5933 5934 5861
f 5861 5934 5862
f 5934 5935 5862
f 5862 5935 5863
f 5935 5936 5863
f 5863 5936 5864
f 5936 5937 5864
f 5864 5937 5865
f 5937 5938 5865
f 5865 5938 5866
f 5938 5939 5866
f 5866 5939 5867
f 5939 5940 5867
f 5867 5940 5868
f 5940 5941 5868
f 5868 5941 5869
f 5941 5942 5869
f 5869 5942 5870
f 5942 5943 5870
f 5870 5943 5871
f 5943 5944 5871
f 5871 5944 5872
f 5944 5945 5872
f 5872 5945 5873
f 5945 5946 5873
f 5873 5946 5874
f 5946 5947 5874
f 5874 5947 5875
f 5947 5948 5875
f 5875 5948 5876
f 5948 5949 5876
f 5876 5949 5877
f 5949 5950 5877
f 5877 5950 5878
f 5950 5951 5878
f 5878 5951 5879
f 5951 5952 5879
f 5879 5952 5880
f 5952 5953 5880
f 5880 5953 5881
f 5953 5954 5881
f 5881 5954 5882
f 5954 5955 5882
f 5882 5955 5883
f 5955 5956 5883
f 5883 5956 5884
f 5956 5957 5884
f 5884 5957 5885
f 5957 5958 5885
f 5885 5958 5886
f 5958 5959 5886
f 5886 5959 5887
f 5959 5960 5887
f 5887 5960 5888
f 5960 5961 5888
f 5888 5961 5889
f 5961 5962 5889
f 5889 5962 5890
f 5962 5963 5890
f 5890 5963 5891
f 5963 5964 5891
f 5891 5964 5892
f 5964 5965 5892
f 5892 5965 5893
f 5965 5966 5893
f 5893 5966 5894
f 5966 5967 5894
f 5894 5967 5895
f 5967 5968 5895
f 5895 5968 5896
f 5968 5969 5896
f 5896 5969 5897
f 5969 5970 5897
f 5897 5970 5898
f 5970 5971 5898
f 5898 5971 5899
f 5971 5972 5899
f 5899 5972 5900
f 5972 5973 5900
f 5900 5973 5901
f 5973 5974 5901
f 5901 5974 5902
f 5974 5975 5902
f 5902 5975 5903
f 5975 5976 5903
f 5903 5976 5904
f 5976 5905 5904
f 5976 5977 5905
f 5977 5978 5905
f 5905 5978 5906
f 5978 5979 5906
f 5906 5979 5907
f 5979 5980 5907
f 5907 5980 5908
f 5980 5981 5908
f 5908 5981 5909
f 5981 5982 5909
f 5909 5982 5910
f 5982 5983 5910
f 5910 5983 5911
f 5983 5984 5911
f 5911 5984 5912
f 5984 5985 5912
f 5912 5985 5913
f 5985 5986 5913
f 5913 5986 5914
f 5986 5987 5914
f 5914 5987 5915
f 5987 5988 5915
f 5915 5988 5916
f 5988 5989 5916
f 5916 5989 5917
f 5989 5990 5917
f 5917 5990 5918
f 5990 5991 5918
f 5918 5991 5919
f 5991 5992 5919
f 5919 5992 5920
f 5992 5993 5920
f 5920 5993 5921
f 5993 5994 5921
f 5921 5994 5922
f 5994 5995 5922
f 5922 5995 5923
f 5995 5996 5923
f 5923 5996 5924
f 5996 5997 5924
f 5924 5997 5925
f 5997 5998 5925
f 5925 5998 5926
f 5998 5999 5926
f 5926 5999 5927
f 5999 6000 5927
f 5927 6000 5928
f 6000 6001 5928
f 5928 6001 5929
f 6001 6002 5929
f 5929 6002 5930
f 6002 6003 5930
f 5930 6003 5931
f 6003 6004 5931
f 5931 6004 5932
f 6004 6005 5932
f 5932 6005 5933
f 6005 6006 5933
f 5933 6006 5934
f 6006 6007 5934
f 5934 6007 5935
f 6007 6008 5935
f 5935 6008 5936
f 6008 6009 5936
f 5936 6009 5937
f 6009 6010 5937
f 5937 6010 5938
f 6010 6011 5938
f 5938 6011 5939
f 6011 6012 5939
f 5939 6012 5940
f 6012 6013 5940
f 5940 6013 5941
f 6013 6014 5941
f 5941 6014 5942
f 6014 6015 5942
f 5942 6015 5943
f 6015 6016 5943
f 5943 6016 5944
f 6016 6017 5944
f 5944 6017 5945
f 6017 6018 5945
f 5945 6018 5946
f 6018 6019 5946
f 5946 6019 5947
f 6019 6020 5947
f 5947 6020 5948
f 6020 6021 5948
f 5948 6021 5949
f 6021 6022 5949
f 5949 6022 5950
f 6022 6023 5950
f 5950 6023 5951
f 6023 6024 5951
f 5951 6024 5952
f 6024 6025 5952
f 5952 6025 5953
f 6025 6026 5953
f 5953 6026 5954
f 6026 6027 5954
f 5954 6027 5955
f 6027 6028 5955
f 5955 6028 5956
f 6028 6029 5956
f 5956 6029 5957
f 6029 6030 5957
f 5957 6030 5958
f 6030 6031 5958
f 5958 6031 5959
f 6031 6032 5959
f 5959 6032 5960
f 6032 6033 5960
f 5960 6033 5961
f 6033 6034 5961
f 5961 6034 5962
f 6034 6035 5962
f 5962 6035 5963
f 6035 6036 5963
f 5963 6036 5964
f 6036 6037 5964
f 5964 6037 5965
f 6037 6038 5965
f 5965 6038 5966
f 6038 6039 5966
f 5966 6039 5967
f 6039 6040 5967
f 5967 6040 5968
f 6040 6041 5968
f 5968 6041 5969
f 6041 6042 5969
f 5969 6042 5970
f 6042 6043 5970
f 5970 6043 5971
f 6043 6044 5971
f 5971 6044 5972
f 6044 6045 5972
f 5972 6045 5973
f 6045 6046 5973
f 5973 6046 5974
f 6046 6047 5974
f 5974 6047 5975
f 6047 6048 5975
f 5975 6048 5976
f 6048 5977 5976
f 6048 6049 5977
f 6049 6050 5977
f 5977 6050 5978
f 6050 6051 5978
f 5978 6051 5979
f 6051 6052 5979
f 5979 6052 5980
f 6052 6053 5980
f 5980 6053 5981
f 6053 6054 5981
f 5981 6054 5982
f 6054 6055 5982
f 5982 6055 5983
f 6055 6056 5983
f 5983 6056 5984
f 6056 6057 5984
f 5984 6057 5985
f 6057 6058 5985
f 5985 6058 5986
f 6058 6059 5986
f 5986 6059 5987
f 6059 6060 5987
f 5987 6060 5988
f 6060 6061 5988
f 5988 6061 5989
f 6061 6062 5989
f 5989 6062 5990
f 6062 6063 5990
f 5990 6063 5991
f 6063 6064 5991
f 5991 6064 5992
f 6064 6065 5992
f 5992 6065 5993
f 6065 6066 5993
f 5993 6066 5994
f 6066 6067 5994
f 5994 6067 5995
f 6067 6068 5995
f 5995 6068 5996
f 6068 6069 5996
f 5996 6069 5997
f 6069 6070 5997
f 5997 6070 5998
f 6070 6071 5998
f 5998 6071 5999
f 6071 6072 5999
f 5999 6072 6000
f 6072 6073 6000
f 6000 6073 6001
f 6073 6074 6001
f 6001 6074 6002
f 6074 6075 6002
f 6002 6075 6003
f 6075 6076 6003
f 6003 6076 6004
f 6076 6077 6004
f 6004 6077 6005
f 6077 6078 6005
f 6005 6078 6006
f 6078 6079 6006
f 6006 6079 6007
f 6079 6080 6007
f 6007 6080 6008
f 6080 6081 6008
f 6008 6081 6009
f 6081 6082 6009
f 6009 6082 6010
f 6082 6083 6010
f 6010 6083 6011
f 6083 6084 6011
f 6011 6084 6012
f 6084 6085 6012
f 6012 6085 6013
f 6085 6086 6013
f 6013 6086 6014
f 6086 6087 6014
f 6014 6087 6015
f 6087 6088 6015
f 6015 6088 6016
f 6088 6089 6016
f 6016 6089 6017
f 6089 6090 6017
f 6017 6090 6018
f 6090 6091 6018
f 6018 6091 6019
f 6091 6092 6019
f 6019 6092 6020
f 6092 6093 6020
f 6020 6093 6021
f 6093 6094 6021
f 6021 6094 6022
f 6094 6095 6022
f 6022 6095 6023
f 6095 6096 6023
f 6023 6096 6024
f 6096 6097 6024
f 6024 6097 6025
f 6097 6098 6025
f 6025 6098 6026
f 6098 6099 6026
f 6026 6099 6027
f 6099 6100 6027
f 6027 6100 6028
f 6100 6101 6028
f 6028 6101 6029
f 6101 6102 6029
f 6029 6102 6030
f 6102 6103 6030
f 6030 6103 6031
f 6103 6104 6031
f 6031 6104 6032
f 6104 6105 6032
f 6032 6105 6033
f 6105 6106 6033
f 6033 6106 6034
f 6106 6107 6034
f 6034 6107 6035
f 6107 6108 6035
f 6035 6108 6036
f 6108 6109 6036
f 6036 6109 6037
f 6109 6110 6037
f 6037 6110 6038
f 6110 6111 6038
f 6038 6111 6039
f 6111 6112 6039
f 6039 6112 6040
f 6112 6113 6040
f 6040 6113 6041
f 6113 6114 6041
f 6041 6114 6042
f 6114 6115 6042
f 6042 6115 6043
f 6115 6116 6043
f 6043 6116 6044
f 6116 6117 6044
f 6044 6117 6045
f 6117 6118 6045
f 6045 6118 6046
f 6118 6119 6046
f 6046 6119 6047
f 6119 6120 6047
f 6047 6120 6048
f 6120 6049 6048
f 6120 6121 6049
f 6121 6122 6049
f 6049 6122 6050
f 6122 6123 6050
f 6050 6123 6051
f 6123 6124 6051
f 6051 6124 6052
f 6124 6125 6052
f 6052 6125 6053
f 6125 6126 6053
f 6053 6126 6054
f 6126 6127 6054
f 6054 6127 6055
f 6127 6128 6055
f 6055 6128 6056
f 6128 6129 6056
f 6056 6129 6057
f 6129 6130 6057
f 6057 6130 6058
f 6130 6131 6058
f 6058 6131 6059
f 6131 6132 6059
f 6059 6132 6060
f 6132 6133 6060
f 6060 6133 6061
f 6133 6134 6061
f 6061 6134 6062
f 6134 6135 6062
f 6062 6135 6063
f 6135 6136 6063
f 6063 6136 6064
f 6136 6137 6064
f 6064 6137 6065
f 6137 6138 6065
f 6065 6138 6066
f 6138 6139 6066
f 6066 6139 6067
f 6139 6140 6067
f 6067 6140 6068
f 6140 6141 6068
f 6068 6141 6069
f 6141 6142 6069
f 6069 6142 6070
f 6142 6143 6070
f 6070 6143 6071
f 6143 6144 6071
f 6071 6144 6072
f 6144 6145 6072
f 6072 6145 6073
f 6145 6146 6073
f 6073 6146 6074
f 6146 6147 6074
f 6074 6147 6075
f 6147 6148 6075
f 6075 6148 6076
f 6148 6149 6076
f 6076 6149 6077
f 6149 6150 6077
f 6077 6150 6078
f 6150 6151 6078
f 6078 6151 6079
f 6151 6152 6079
f 6079 6152 6080
f 6152 6153 6080
f 6080 6153 6081
f 6153 6154 6081
f 6081 6154 6082
f 6154 6155 6082
f 6082 6155 6083
f 6155 6156 6083
f 6083 6156 6084
f 6156 6157 6084
f 6084 6157 6085
f 6157 6158 6085
f 6085 6158 6086
f 6158 6159 6086
f 6086 6159 6087
f 6159 6160 6087
f 6087 6160 6088
f 6160 6161 6088
f 6088 6161 6089
f 6161 6162 6089
f 6089 6162 6090
f 6162 6163 6090
f 6090 6163 6091
f 6163 6164 6091
f 6091 6164 6092
f 6164 6165 6092
f 6092 6165 6093
f 6165 6166 6093
f 6093 6166 6094
f 6166 6167 6094
f 6094 6167 6095
f 6167 6168 6095
f 6095 6168 6096
f 6168 6169 6096
f 6096 6169 6097
f 6169 6170 6097
f 6097 6170 6098
f 6170 6171 6098
f 6098 6171 6099
f 6171 6172 6099
f 6099 6172 6100
f 6172 6173 6100
f 6100 6173 6101
f 6173 6174 6101
f 6101 6174 6102
f 6174 6175 6102
f 6102 6175 6103
f 6175 6176 6103
f 6103 6176 6104
f 6176 6177 6104
f 6104 6177 6105
f 6177 6178 6105
f 6105 6178 6106
f 6178 6179 6106
f 6106 6179 6107
f 6179 6180 6107
f 6107 6180 6108
f 6180 6181 6108
f 6108 6181 6109
f 6181 6182 6109
f 6109 6182 6110
f 6182 6183 6110
f 6110 6183 6111
f 6183 6184 6111
f 6111 6184 6112
f 6184 6185 6112
f 6112 6185 6113
f 6185 6186 6113
f 6113 6186 6114
f 6186 6187 6114
f 6114 6187 6115
f 6187 6188 6115
f 6115 6188 6116
f 6188 6189 6116
f 6116 6189 6117
f 6189 6190 6117
f 6117 6190 6118
f 6190 6191 6118
f 6118 6191 6119
f 6191 6192 6119
f 6119 6192 6120
f 6192 6121 6120
f 6192 6193 6121
f 6193 6194 6121
f 6121 6194 6122
f 6194 6195 6122
f 6122 6195 6123
f 6195 6196 6123
f 6123 6196 6124
f 6196 6197 6124
f 6124 6197 6125
f 6197 6198 6125
f 6125 6198 6126
f 6198 6199 6126
f 6126 6199 6127
f 6199 6200 6127
f 6127 6200 6128
f 6200 6201 6128
f 6128 6201 6129
f 6201 6202 6129
f 6129 6202 6130
f 6202 6203 6130
f 6130 6203 6131
f 6203 6204 6131
f 6131 6204 6132
f 6204 6205 6132
f 6132 6205 6133
f 6205 6206 6133
f 6133 6206 6134
f 6206 6207 6134
f 6134 6207 6135
f 6207 6208 6135
f 6135 6208 6136
f 6208 6209 6136
f 6136 6209 6137
f 6209 6210 6137
f 6137 6210 6138
f 6210 6211 6138
f 6138 6211 6139
f 6211 6212 6139
f 6139 6212 6140
f 6212 6213 6140
f 6140 6213 6141
f 6213 6214 6141
f 6141 6214 6142
f 6214 6215 6142
f 6142 6215 6143
f 6215 6216 6143
f 6143 6216 6144
f 6216 6217 6144
f 6144 6217 6145
f 6217 6218 6145
f 6145 6218 6146
f 6218 6219 6146
f 6146 6219 6147
f 6219 6220 6147
f 6147 6220 6148
f 6220 6221 6148
f 6148 6221 6149
f 6221 6222 6149
f 6149 6222 6150
f 6222 6223 6150
f 6150 6223 6151
f 6223 6224 6151
f 6151 6224 6152
f 6224 6225 6152
f 6152 6225 6153
f 6225 6226 6153
f 6153 6226 6154
f 6226 6227 6154
f 6154 6227 6155
f 6227 6228 6155
f 6155 6228 6156
f 6228 6229 6156
f 6156 6229 6157
f 6229 6230 6157
f 6157 6230 6158
f 6230 6231 6158
f 6158 6231 6159
f 6231 6232 6159
f 6159 6232 6160
f 6232 6233 6160
f 6160 6233 6161
f 6233 6234 6161
f 6161 6234 6162
f 6234 6235 6162
f 6162 6235 6163
f 6235 6236 6163
f 6163 6236 6164
f 6236 6237 6164
f 6164 6237 6165
f 6237 6238 6165
f 6165 6238 6166
f 6238 6239 6166
f 6166 6239 6167
f 6239 6240 6167
f 6167 6240 6168
f 6240 6241 6168
f 6168 6241 6169
f 6241 6242 6169
f 6169 6242 6170
f 6242 6243 6170
f 6170 6243 6171
f 6243 6244 6171
f 6171 6244 6172
f 6244 6245 6172
f 6172 6245 6173
f 6245 6246 6173
f 6173 6246 6174
f 6246 6247 6174
f 6174 6247 6175
f 6247 6248 6175
f 6175 6248 6176
f 6248 6249 6176
f 6176 6249 6177
f 6249 6250 6177
f 6177 6250 6178
f 6250 6251 6178
f 6178 6251 6179
f 6251 6252 6179
f 6179 6252 6180
f 6252 6253 6180
f 6180 6253 6181
f 6253 6254 6181
f 6181 6254 6182
f 6254 6255 6182
f 6182 6255 6183
f 6255 6256 6183
f 6183 6256 6184
f 6256 6257 6184
f 6184 6257 6185
f 6257 6258 6185
f 6185 6258 6186
f 6258 6259 6186
f 6186 6259 6187
f 6259 6260 6187
f 6187 6260 6188
f 6260 6261 6188
f 6188 6261 6189
f 6261 6262 6189
f 6189 6262 6190
f 6262 6263 6190
f 6190 6263 6191
f 6263 6264 6191
f 6191 6264 6192
f 6264 6193 6192
f 6264 6265 6193
f 6265 6266 6193
f 6193 6266 6194
f 6266 6267 6194
f 6194 6267 6195
f 6267 6268 6195
f 6195 6268 6196
f 6268 6269 6196
f 6196 6269 6197
f 6269 6270 6197
f 6197 6270 6198
f 6270 6271 6198
f 6198 6271 6199
f 6271 6272 6199
f 6199 6272 6200
f 6272 6273 6200
f 6200 6273 6201
f 6273 6274 6201
f 6201 6274 6202
f 6274 6275 6202
f 6202 6275 6203
f 6275 6276 6203
f 6203 6276 6204
f 6276 6277 6204
f 6204 6277 6205
f 6277 6278 6205
f 6205 6278 6206
f 6278 6279 6206
f 6206 6279 6207
f 6279 6280 6207
f 6207 6280 6208
f 6280 6281 6208
f 6208 6281 6209
f 6281 6282 6209
f 6209 6282 6210
f 6282 6283 6210
f 6210 6283 6211
f 6283 6284 6211
f 6211 6284 6212
f 6284 6285 6212
f 6212 6285 6213
f 6285 6286 6213
f 6213 6286 6214
f 6286 6287 6214
f 6214 6287 6215
f 6287 6288 6215
f 6215 6288 6216
f 6288 6289 6216
f 6216 6289 6217
f 6289 6290 6217
f 6217 6290 6218
f 6290 6291 6218
f 6218 6291 6219
f 6291 6292 6219
f 6219 6292 6220
f 6292 6293 6220
f 6220 6293 6221
f 6293 6294 6221
f 6221 6294 6222
f 6294 6295 6222
f 6222 6295 6223
f 6295 6296 6223
f 6223 6296 6224
f 6296 6297 6224
f 6224 6297 6225
f 6297 6298 6225
f 6225 6298 6226
f 6298 6299 6226
f 6226 6299 6227
f 6299 6300 6227
f 6227 6300 6228
f 6300 6301 6228
f 6228 6301 6229
f 6301 6302 6229
f 6229 6302 6230
f 6302 6303 6230
f 6230 6303 6231
f 6303 6304 6231
f 6231 6304 6232
f 6304 6305 6232
f 6232 6305 6233
f 6305 6306 6233
f 6233 6306 6234
f 6306 6307 6234
f 6234 6307 6235
f 6307 6308 6235
f 6235 6308 6236
f 6308 6309 6236
f 6236 6309 6237
f 6309 6310 6237
f 6237 6310 6238
f 6310 6311 6238
f 6238 6311 6239
f 6311 6312 6239
f 6239 6312 6240
f 6312 6313 6240
f 6240 6313 6241
f 6313 6314 6241
f 6241 6314 6242
f 6314 6315 6242
f 6242 6315 6243
f 6315 6316 6243
f 6243 6316 6244
f 6316 6317 6244
f 6244 6317 6245
f 6317 6318 6245
f 6245 6318 6246
f 6318 6319 6246
f 6246 6319 6247
f 6319 6320 6247
f 6247 6320 6248
f 6320 6321 6248
f 6248 6321 6249
f 6321 6322 6249
f 6249 6322 6250
f 6322 6323 6250
f 6250 6323 6251
f 6323 6324 6251
f 6251 6324 6252
f 6324 6325 6252
f 6252 6325 6253
f 6325 6326 6253
f 6253 6326 6254
f 6326 6327 6254
f 6254 6327 6255
f 6327 6328 6255
f 6255 6328 6256
f 6328 6329 6256
f 6256 6329 6257
f 6329 6330 6257
f 6257 6330 6258
f 6330 6331 6258
f 6258 6331 6259
f 6331 6332 6259
f 6259 6332 6260
f 6332 6333 6260
f 6260 6333 6261
f 6333 6334 6261
f 6261 6334 6262
f 6334 6335 6262
f 6262 6335 6263
f 6335 6336 6263
f 6263 6336 6264
f 6336 6265 6264
f 6336 6337 6265
f 6337 6338 6265
f 6265 6338 6266
f 6338 6339 6266
f 6266 6339 6267
f 6339 6340 6267
f 6267 6340 6268
f 6340 6341 6268
f 6268 6341 6269
f 6341 6342 6269
f 6269 6342 6270
f 6342 6343 6270
f 6270 6343 6271
f 6343 6344 6271
f 6271 6344 6272
f 6344 6345 6272
f 6272 6345 6273
f 6345 6346 6273
f 6273 6346 6274
f 6346 6347 6274
f 6274 6347 6275
f 6347 6348 6275
f 6275 6348 6276
f 6348 6349 6276
f 6276 6349 6277
f 6349 6350 6277
f 6277 6350 6278
f 6350 6351 6278
f 6278 6351 6279
f 6351 6352 6279
f 6279 6352 6280
f 6352 6353 6280
f 6280 6353 6281
f 6353 6354 6281
f 6281 6354 6282
f 6354 6355 6282
f 6282 6355 6283
f 6355 6356 6283
f 6283 6356 6284
f 6356 6357 6284
f 6284 6357 6285
f 6357 6358 6285
f 6285 6358 6286
f 6358 6359 6286
f 6286 6359 6287
f 6359 6360 6287
f 6287 6360 6288
f 6360 6361 6288
f 6288 6361 6289
f 6361 6362 6289
f 6289 6362 6290
f 6362 6363 6290
f 6290 6363 6291
f 6363 6364 6291
f 6291 6364 6292
f 6364 6365 6292
f 6292 6365 6293
f 6365 6366 6293
f 6293 6366 6294
f 6366 6367 6294
f 6294 6367 6295
f 6367 6368 6295
f 6295 6368 6296
f 6368 6369 6296
f 6296 6369 6297
f 6369 6370 6297
f 6297 6370 6298
f 6370 6371 6298
f 6298 6371 6299
f 6371 6372 6299
f 6299 6372 6300
f 6372 6373 6300
f 6300 6373 6301
f 6373 6374 6301
f 6301 6374 6302
f 6374 6375 6302
f 6302 6375 6303
f 6375 6376 6303
f 6303 6376 6304
f 6376 6377 6304
f 6304 6377 6305
f 6377 6378 6305
f 6305 6378 6306
f 6378 6379 6306
f 6306 6379 6307
f 6379 6380 6307
f 6307 6380 6308
f 6380 6381 6308
f 6308 6381 6309
f 6381 6382 6309
f 6309 6382 6310
f 6382 6383 6310
f 6310 6383 6311
f 6383 6384 6311
f 6311 6384 6312
f 6384 6385 6312
f 6312 6385 6313
f 6385 6386 6313
f 6313 6386 6314
f 6386 6387 6314
f 6314 6387 6315
f 6387 6388 6315
f 6315 6388 6316
f 6388 6389 6316
f 6316 6389 6317
f 6389 6390 6317
f 6317 6390 6318
f 6390 6391 6318
f 6318 6391 6319
f 6391 6392 6319
f 6319 6392 6320
f 6392 6393 6320
f 6320 6393 6321
f 6393 6394 6321
f 6321 6394 6322
f 6394 6395 6322
f 6322 6395 6323
f 6395 6396 6323
f 6323 6396 6324
f 6396 6397 6324
f 6324 6397 6325
f 6397 6398 6325
f 6325 6398 6326
f 6398 6399 6326
f 6326 6399 6327
f 6399 6400 6327
f 6327 6400 6328
f 6400 6401 6328
f 6328 6401 6329
f 6401 6402 6329
f 6329 6402 6330
f 6402 6403 6330
f 6330 6403 6331
f 6403 6404 6331
f 6331 6404 6332
f 6404 6405 6332
f 6332 6405 6333
f 6405 6406 6333
f 6333 6406 6334
f 6406 6407 6334
f 6334 6407 6335
f 6407 6408 6335
f 6335 6408 6336
f 6408 6337 6336
f 6408 6409 6337
f 6409 6410 6337
f 6337 6410 6338
f 6410 6411 6338
f 6338 6411 6339
f 6411 6412 6339
f 6339 6412 6340
f 6412 6413 6340
f 6340 6413 6341
f 6413 6414 6341
f 6341 6414 6342
f 6414 6415 6342
f 6342 6415 6343
f 6415 6416 6343
f 6343 6416 6344
f 6416 6417 6344
f 6344 6417 6345
f 6417 6418 6345
f 6345 6418 6346
f 6418 6419 6346
f 6346 6419 6347
f 6419 6420 6347
f 6347 6420 6348
f 6420 6421 6348
f 6348 6421 6349
f 6421 6422 6349
f 6349 6422 6350
f 6422 6423 6350
f 6350 6423 6351
f 6423 6424 6351
f 6351 6424 6352
f 6424 6425 6352
f 6352 6425 6353
f 6425 6426 6353
f 6353 6426 6354
f 6426 6427 6354
f 6354 6427 6355
f 6427 6428 6355
f 6355 6428 6356
f 6428 6429 6356
f 6356 6429 6357
f 6429 6430 6357
f 6357 6430 6358
f 6430 6431 6358
f 6358 6431 6359
f 6431 6432 6359
f 6359 6432 6360
f 6432 6433 6360
f 6360 6433 6361
f 6433 6434 6361
f 6361 6434 6362
f 6434 6435 6362
f 6362 6435 6363
f 6435 6436 6363
f 6363 6436 6364
f 6436 6437 6364
f 6364 6437 6365
f 6437 6438 6365
f 6365 6438 6366
f 6438 6439 6366
f 6366 6439 6367
f 6439 6440 6367
f 6367 6440 6368
f 6440 6441 6368
f 6368 6441 6369
f 6441 6442 6369
f 6369 6442 6370
f 6442 6443 6370
f 6370 6443 6371
f 6443 6444 6371
f 6371 6444 6372
f 6444 6445 6372
f 6372 6445 6373
f 6445 6446 6373
f 6373 6446 6374
f 6446 6447 6374
f 6374 6447 6375
f 6447 6448 6375
f 6375 6448 6376
f 6448 6449 6376
f 6376 6449 6377
f 6449 6450 6377
f 6377 6450 6378
f 6450 6451 6378
f 6378 6451 6379
f 6451 6452 6379
f 6379 6452 6380
f 6452 6453 6380
f 6380 6453 6381
f 6453 6454 6381
f 6381 6454 6382
f 6454 6455 6382
f 6382 6455 6383
f 6455 6456 6383
f 6383 6456 6384
f 6456 6457 6384
f 6384 6457 6385
f 6457 6458 6385
f 6385 6458 6386
f 6458 6459 6386
f 6386 6459 6387
f 6459 6460 6387
f 6387 6460 6388
f 6460 6461 6388
f 6388 6461 6389
f 6461 6462 6389
f 6389 6462 6390
f 6462 6463 6390
f 6390 6463 6391
f 6463 6464 6391
f 6391 6464 6392
f 6464 6465 6392
f 6392 6465 6393
f 6465 6466 6393
f 6393 6466 6394
f 6466 6467 6394
f 6394 6467 6395
f 6467 6468 6395
f 6395 6468 6396
f 6468 6469 6396
f 6396 6469 6397
f 6469 6470 6397
f 6397 6470 6398
f 6470 6471 6398
f 6398 6471 6399
f 6471 6472 6399
f 6399 6472 6400
f 6472 6473 6400
f 6400 6473 6401
f 6473 6474 6401
f 6401 6474 6402
f 6474 6475 6402
f 6402 6475 6403
f 6475 6476 6403
f 6403 6476 6404
f 6476 6477 6404
f 6404 6477 6405
f 6477 6478 6405
f 6405 6478 6406
f 6478 6479 6406
f 6406 6479 6407
f 6479 6480 6407
f 6407 6480 6408
f 6480 6409 6408
f 6480 6481 6409
f 6481 6482 6409
f 6409 6482 6410
f 6482 6483 6410
f 6410 6483 6411
f 6483 6484 6411
f 6411 6484 6412
f 6484 6485 6412
f 6412 6485 6413
f 6485 6486 6413
f 6413 6486 6414
f 6486 6487 6414
f 6414 6487 6415
f 6487 6488 6415
f 6415 6488 6416
f 6488 6489 6416
f 6416 6489 6417
f 6489 6490 6417
f 6417 6490 6418
f 6490 6491 6418
f 6418 6491 6419
f 6491 6492 6419
f 6419 6492 6420
f 6492 6493 6420
f 6420 6493 6421
f 6493 6494 6421
f 6421 6494 6422
f 6494 6495 6422
f 6422 6495 6423
f 6495 6496 6423
f 6423 6496 6424
f 6496 6497 6424
f 6424 6497 6425
f 6497 6498 6425
f 6425 6498 6426
f 6498 6499 6426
f 6426 6499 6427
f 6499 6500 6427
f 6427 6500 6428
f 6500 6501 6428
f 6428 6501 6429
f 6501 6502 6429
f 6429 6502 6430
f 6502 6503 6430
f 6430 6503 6431
f 6503 6504 6431
f 6431 6504 6432
f 6504 6505 6432
f 6432 6505 6433
f 6505 6506 6433
f 6433 6506 6434
f 6506 6507 6434
f 6434 6507 6435
f 6507 6508 6435
f 6435 6508 6436
f 6508 6509 6436
f 6436 6509 6437
f 6509 6510 6437
f 6437 6510 6438
f 6510 6511 6438
f 6438 6511 6439
f 6511 6512 6439
f 6439 6512 6440
f 6512 6513 6440
f 6440 6513 6441
f 6513 6514 6441
f 6441 6514 6442
f 6514 6515 6442
f 6442 6515 6443
f 6515 6516 6443
f 6443 6516 6444
f 6516 6517 6444
f 6444 6517 6445
f 6517 6518 6445
f 6445 6518 6446
f 6518 6519 6446
f 6446 6519 6447
f 6519 6520 6447
f 6447 6520 6448
f 6520 6521 6448
f 6448 6521 6449
f 6521 6522 6449
f 6449 6522 6450
f 6522 6523 6450
f 6450 6523 6451
f 6523 6524 6451
f 6451 6524 6452
f 6524 6525 6452
f 6452 6525 6453
f 6525 6526 6453
f 6453 6526 6454
f 6526 6527 6454
f 6454 6527 6455
f 6527 6528 6455
f 6455 6528 6456
f 6528 6529 6456
f 6456 6529 6457
f 6529 6530 6457
f 6457 6530 6458
f 6530 6531 6458
f 6458 6531 6459
f 6531 6532 6459
f 6459 6532 6460
f 6532 6533 6460
f 6460 6533 6461
f 6533 6534 6461
f 6461 6534 6462
f 6534 6535 6462
f 6462 6535 6463
f 6535 6536 6463
f 6463 6536 6464
f 6536 6537 6464
f 6464 6537 6465
f 6537 6538 6465
f 6465 6538 6466
f 6538 6539 6466
f 6466 6539 6467
f 6539 6540 6467
f 6467 6540 6468
f 6540 6541 6468
f 6468 6541 6469
f 6541 6542 6469
f 6469 6542 6470
f 6542 6543 6470
f 6470 6543 6471
f 6543 6544 6471
f 6471 6544 6472
f 6544 6545 6472
f 6472 6545 6473
f 6545 6546 6473
f 6473 6546 6474
f 6546 6547 6474
f 6474 6547 6475
f 6547 6548 6475
f 6475 6548 6476
f 6548 6549 6476
f 6476 6549 6477
f 6549 6550 6477
f 6477 6550 6478
f 6550 6551 6478
f 6478 6551 6479
f 6551 6552 6479
f 6479 6552 6480
f 6552 6481 6480
f 6552 6553 6481
f 6553 6554 6481
f 6481 6554 6482
f 6554 6555 6482
f 6482 6555 6483
f 6555 6556 6483
f 6483 6556 6484
f 6556 6557 6484
f 6484 6557 6485
f 6557 6558 6485
f 6485 6558 6486
f 6558 6559 6486
f 6486 6559 6487
f 6559 6560 6487
f 6487 6560 6488
f 6560 6561 6488
f 6488 6561 6489
f 6561 6562 6489
f 6489 6562 6490
f 6562 6563 6490
f 6490 6563 6491
f 6563 6564 6491
f 6491 6564 6492
f 6564 6565 6492
f 6492 6565 6493
f 6565 6566 6493
f 6493 6566 6494
f 6566 6567 6494
f 6494 6567 6495
f 6567 6568 6495
f 6495 6568 6496
f 6568 6569 6496
f 6496 6569 6497
f 6569 6570 6497
f 6497 6570 6498
f 6570 6571 6498
f 6498 6571 6499
f 6571 6572 6499
f 6499 6572 6500
f 6572 6573 6500
f 6500 6573 6501
f 6573 6574 6501
f 6501 6574 6502
f 6574 6575 6502
f 6502 6575 6503
f 6575 6576 6503
f 6503 6576 6504
f 6576 6577 6504
f 6504 6577 6505
f 6577 6578 6505
f 6505 6578 6506
f 6578 6579 6506
f 6506 6579 6507
f 6579 6580 6507
f 6507 6580 6508
f 6580 6581 6508
f 6508 6581 6509
f 6581 6582 6509
f 6509 6582 6510
f 6582 6583 6510
f 6510 6583 6511
f 6583 6584 6511
f 6511 6584 6512
f 6584 6585 6512
f 6512 6585 6513
f 6585 6586 6513
f 6513 6586 6514
f 6586 6587 6514
f 6514 6587 6515
f 6587 6588 6515
f 6515 6588 6516
f 6588 6589 6516
f 6516 6589 6517
f 6589 6590 6517
f 6517 6590 6518
f 6590 6591 6518
f 6518 6591 6519
f 6591 6592 6519
f 6519 6592 6520
f 6592 6593 6520
f 6520 6593 6521
f 6593 6594 6521
f 6521 6594 6522
f 6594 6595 6522
f 6522 6595 6523
f 6595 6596 6523
f 6523 6596 6524
f 6596 6597 6524
f 6524 6597 6525
f 6597 6598 6525
f 6525 6598 6526
f 6598 6599 6526
f 6526 6599 6527
f 6599 6600 6527
f 6527 6600 6528
f 6600 6601 6528
f 6528 6601 6529
f 6601 6602 6529
f 6529 6602 6530
f 6602 6603 6530
f 6530 6603 6531
f 6603 6604 6531
f 6531 6604 6532
f 6604 6605 6532
f 6532 6605 6533
f 6605 6606 6533
f 6533 6606 6534
f 6606 6607 6534
f 6534 6607 6535
f 6607 6608 6535
f 6535 6608 6536
f 6608 6609 6536
f 6536 6609 6537
f 6609 6610 6537
f 6537 6610 6538
f 6610 6611 6538
f 6538 6611 6539
f 6611 6612 6539
f 6539 6612 6540
f 6612 6613 6540
f 6540 6613 6541
f 6613 6614 6541
f 6541 6614 6542
f 6614 6615 6542
f 6542 6615 6543
f 6615 6616 6543
f 6543 6616 6544
f 6616 6617 6544
f 6544 6617 6545
f 6617 6618 6545
f 6545 6618 6546
f 6618 6619 6546
f 6546 6619 6547
f 6619 6620 6547
f 6547 6620 6548
f 6620 6621 6548
f 6548 6621 6549
f 6621 6622 6549
f 6549 6622 6550
f 6622 6623 6550
f 6550 6623 6551
f 6623 6624 6551
f 6551 6624 6552
f 6624 6553 6552
f 6624 6625 6553
f 6625 6626 6553
f 6553 6626 6554
f 6626 6627 6554
f 6554 6627 6555
f 6627 6628 6555
f 6555 6628 6556
f 6628 6629 6556
f 6556 6629 6557
f 6629 6630 6557
f 6557 6630 6558
f 6630 6631 6558
f 6558 6631 6559
f 6631 6632 6559
f 6559 6632 6560
f 6632 6633 6560
f 6560 6633 6561
f 6633 6634 6561
f 6561 6634 6562
f 6634 6635 6562
f 6562 6635 6563
f 6635 6636 6563
f 6563 6636 6564
f 6636 6637 6564
f 6564 6637 6565
f 6637 6638 6565
f 6565 6638 6566
f 6638 6639 6566
f 6566 6639 6567
f 6639 6640 6567
f 6567 6640 6568
f 6640 6641 6568
f 6568 6641 6569
f 6641 6642 6569
f 6569 6642 6570
f 6642 6643 6570
f 6570 6643 6571
f 6643 6644 6571
f 6571 6644 6572
f 6644 6645 6572
f 6572 6645 6573
f 6645 6646 6573
f 6573 6646 6574
f 6646 6647 6574
f 6574 6647 6575
f 6647 6648 6575
f 6575 6648 6576
f 6648 6649 6576
f 6576 6649 6577
f 6649 6650 6577
f 6577 6650 6578
f 6650 6651 6578
f 6578 6651 6579
f 6651 6652 6579
f 6579 6652 6580
f 6652 6653 6580
f 6580 6653 6581
f 6653 6654 6581
f 6581 6654 6582
f 6654 6655 6582
f 6582 6655 6583
f 6655 6656 6583
f 6583 6656 6584
f 6656 6657 6584
f 6584 6657 6585
f 6657 6658 6585
f 6585 6658 6586
f 6658 6659 6586
f 6586 6659 6587
f 6659 6660 6587
f 6587 6660 6588
f 6660 6661 6588
f 6588 6661 6589
f 6661 6662 6589
f 6589 6662 6590
f 6662 6663 6590
f 6590 6663 6591
f 6663 6664 6591
f 6591 6664 6592
f 6664 6665 6592
f 6592 6665 6593
f 6665 6666 6593
f 6593 6666 6594
f 6666 6667 6594
f 6594 6667 6595
f 6667 6668 6595
f 6595 6668 6596
f 6668 6669 6596
f 6596 6669 6597
f 6669 6670 6597
f 6597 6670 6598
f 6670 6671 6598
f 6598 6671 6599
f 6671 6672 6599
f 6599 6672 6600
f 6672 6673 6600
f 6600 6673 6601
f 6673 6674 6601
f 6601 6674 6602
f 6674 6675 6602
f 6602 6675 6603
f 6675 6676 6603
f 6603 6676 6604
f 6676 6677 6604
f 6604 6677 6605
f 6677 6678 6605
f 6605 6678 6606
f 6678 6679 6606
f 6606 6679 6607
f 6679 6680 6607
f 6607 6680 6608
f 6680 6681 6608
f 6608 6681 6609
f 6681 6682 6609
f 6609 6682 6610
f 6682 6683 6610
f 6610 6683 6611
f 6683 6684 6611
f 6611 6684 6612
f 6684 6685 6612
f 6612 6685 6613
f 6685 6686 6613
f 6613 6686 6614
f 6686 6687 6614
f 6614 6687 6615
f 6687 6688 6615
f 6615 6688 6616
f 6688 6689 6616
f 6616 6689 6617
f 6689 6690 6617
f 6617 6690 6618
f 6690 6691 6618
f 6618 6691 6619
f 6691 6692 6619
f 6619 6692 6620
f 6692 6693 6620
f 6620 6693 6621
f 6693 6694 6621
f 6621 6694 6622
f 6694 6695 6622
f 6622 6695 6623
f 6695 6696 6623
f 6623 6696 6624
f 6696 6625 6624
f 6696 6697 6625
f 6697 6698 6625
f 6625 6698 6626
f 6698 6699 6626
f 6626 6699 6627
f 6699 6700 6627
f 6627 6700 6628
f 6700 6701 6628
f 6628 6701 6629
f 6701 6702 6629
f 6629 6702 6630
f 6702 6703 6630
f 6630 6703 6631
f 6703 6704 6631
f 6631 6704 6632
f 6704 6705 6632
f 6632 6705 6633
f 6705 6706 6633
f 6633 6706 6634
f 6706 6707 6634
f 6634 6707 6635
f 6707 6708 6635
f 6635 6708 6636
f 6708 6709 6636
f 6636 6709 6637
f 6709 6710 6637
f 6637 6710 6638
f 6710 6711 6638
f 6638 6711 6639
f 6711 6712 6639
f 6639 6712 6640
f 6712 6713 6640
f 6640 6713 6641
f 6713 6714 6641
f 6641 6714 6642
f 6714 6715 6642
f 6642 6715 6643
f 6715 6716 6643
f 6643 6716 6644
f 6716 6717 6644
f 6644 6717 6645
f 6717 6718 6645
f 6645 6718 6646
f 6718 6719 6646
f 6646 6719 6647
f 6719 6720 6647
f 6647 6720 6648
f 6720 6721 6648
f 6648 6721 6649
f 6721 6722 6649
f 6649 6722 6650
f 6722 6723 6650
f 6650 6723 6651
f 6723 6724 6651
f 6651 6724 6652
f 6724 6725 6652
f 6652 6725 6653
f 6725 6726 6653
f 6653 6726 6654
f 6726 6727 6654
f 6654 6727 6655
f 6727 6728 6655
f 6655 6728 6656
f 6728 6729 6656
f 6656 6729 6657
f 6729 6730 6657
f 6657 6730 6658
f 6730 6731 6658
f 6658 6731 6659
f 6731 6732 6659
f 6659 6732 6660
f 6732 6733 6660
f 6660 6733 6661
f 6733 6734 6661
f 6661 6734 6662
f 6734 6735 6662
f 6662 6735 6663
f 6735 6736 6663
f 6663 6736 6664
f 6736 6737 6664
f 6664 6737 6665
f 6737 6738 6665
f 6665 6738 6666
f 6738 6739 6666
f 6666 6739 6667
f 6739 6740 6667
f 6667 6740 6668
f 6740 6741 6668
f 6668 6741 6669
f 6741 6742 6669
f 6669 6742 6670
f 6742 6743 6670
f 6670 6743 6671
f 6743 6744 6671
f 6671 6744 6672
f 6744 6745 6672
f 6672 6745 6673
f 6745 6746 6673
f 6673 6746 6674
f 6746 6747 6674
f 6674 6747 6675
f 6747 6748 6675
f 6675 6748 6676
f 6748 6749 6676
f 6676 6749 6677
f 6749 6750 6677
f 6677 6750 6678
f 6750 6751 6678
f 6678 6751 6679
f 6751 6752 6679
f 6679 6752 6680
f 6752 6753 6680
f 6680 6753 6681
f 6753 6754 6681
f 6681 6754 6682
f 6754 6755 6682
f 6682 6755 6683
f 6755 6756 6683
f 6683 6756 6684
f 6756 6757 6684
f 6684 6757 6685
f 6757 6758 6685
f 6685 6758 6686
f 6758 6759 6686
f 6686 6759 6687
f 6759 6760 6687
f 6687 6760 6688
f 6760 6761 6688
f 6688 6761 6689
f 6761 6762 6689
f 6689 6762 6690
f 6762 6763 6690
f 6690 6763 6691
f 6763 6764 6691
f 6691 6764 6692
f 6764 6765 6692
f 6692 6765 6693
f 6765 6766 6693
f 6693 6766 6694
f 6766 6767 6694
f 6694 6767 6695
f 6767 6768 6695
f 6695 6768 6696
f 6768 6697 6696
f 6768 6769 6697
f 6769 6770 6697
f 6697 6770 6698
f 6770 6771 6698
f 6698 6771 6699
f 6771 6772 6699
f 6699 6772 6700
f 6772 6773 6700
f 6700 6773 6701
f 6773 6774 6701
f 6701 6774 6702
f 6774 6775 6702
f 6702 6775 6703
f 6775 6776 6703
f 6703 6776 6704
f 6776 6777 6704
f 6704 6777 6705
f 6777 6778 6705
f 6705 6778 6706
f 6778 6779 6706
f 6706 6779 6707
f 6779 6780 6707
f 6707 6780 6708
f 6780 6781 6708
f 6708 6781 6709
f 6781 6782 6709
f 6709 6782 6710
f 6782 6783 6710
f 6710 6783 6711
f 6783 6784 6711
f 6711 6784 6712
f 6784 6785 6712
f 6712 6785 6713
f 6785 6786 6713
f 6713 6786 6714
f 6786 6787 6714
f 6714 6787 6715
f 6787 6788 6715
f 6715 6788 6716
f 6788 6789 6716
f 6716 6789 6717
f 6789 6790 6717
f 6717 6790 6718
f 6790 6791 6718
f 6718 6791 6719
f 6791 6792 6719
f 6719 6792 6720
f 6792 6793 6720
f 6720 6793 6721
f 6793 6794 6721
f 6721 6794 6722
f 6794 6795 6722
f 6722 6795 6723
f 6795 6796 6723
f 6723 6796 6724
f 6796 6797 6724
f 6724 6797 6725
f 6797 6798 6725
f 6725 6798 6726
f 6798 6799 6726
f 6726 6799 6727
f 6799 6800 6727
f 6727 6800 6728
f 6800 6801 6728
f 6728 6801 6729
f 6801 6802 6729
f 6729 6802 6730
f 6802 6803 6730
f 6730 6803 6731
f 6803 6804 6731
f 6731 6804 6732
f 6804 6805 6732
f 6732 6805 6733
f 6805 6806 6733
f 6733 6806 6734
f 6806 6807 6734
f 6734 6807 6735
f 6807 6808 6735
f 6735 6808 6736
f 6808 6809 6736
f 6736 6809 6737
f 6809 6810 6737
f 6737 6810 6738
f 6810 6811 6738
f 6738 6811 6739
f 6811 6812 6739
f 6739 6812 6740
f 6812 6813 6740
f 6740 6813 6741
f 6813 6814 6741
f 6741 6814 6742
f 6814 6815 6742
f 6742 6815 6743
f 6815 6816 6743
f 6743 6816 6744
f 6816 6817 6744
f 6744 6817 6745
f 6817 6818 6745
f 6745 6818 6746
f 6818 6819 6746
f 6746 6819 6747
f 6819 6820 6747
f 6747 6820 6748
f 6820 6821 6748
f 6748 6821 6749
f 6821 6822 6749
f 6749 6822 6750
f 6822 6823 6750
f 6750 6823 6751
f 6823 6824 6751
f 6751 6824 6752
f 6824 6825 6752
f 6752 6825 6753
f 6825 6826 6753
f 6753 6826 6754
f 6826 6827 6754
f 6754 6827 6755
f 6827 6828 6755
f 6755 6828 6756
f 6828 6829 6756
f 6756 6829 6757
f 6829 6830 6757
f 6757 6830 6758
f 6830 6831 6758
f 6758 6831 6759
f 6831 6832 6759
f 6759 6832 6760
f 6832 6833 6760
f 6760 6833 6761
f 6833 6834 6761
f 6761 6834 6762
f 6834 6835 6762
f 6762 6835 6763
f 6835 6836 6763
f 6763 6836 6764
f 6836 6837 6764
f 6764 6837 6765
f 6837 6838 6765
f 6765 6838 6766
f 6838 6839 6766
f 6766 6839 6767
f 6839 6840 6767
f 6767 6840 6768
f 6840 6769 6768
f 6840 6841 6769
f 6841 6842 6769
f 6769 6842 6770
f 6842 6843 6770
f 6770 6843 6771
f 6843 6844 6771
f 6771 6844 6772
f 6844 6845 6772
f 6772 6845 6773
f 6845 6846 6773
f 6773 6846 6774
f 6846 6847 6774
f 6774 6847 6775
f 6847 6848 6775
f 6775 6848 6776
f 6848 6849 6776
f 6776 6849 6777
f 6849 6850 6777
f 6777 6850 6778
f 6850 6851 6778
f 6778 6851 6779
f 6851 6852 6779
f 6779 6852 6780
f 6852 6853 6780
f 6780 6853 6781
f 6853 6854 6781
f 6781 6854 6782
f 6854 6855 6782
f 6782 6855 6783
f 6855 6856 6783
f 6783 6856 6784
f 6856 6857 6784
f 6784 6857 6785
f 6857 6858 6785
f 6785 6858 6786
f 6858 6859 6786
f 6786 6859 6787
f 6859 6860 6787
f 6787 6860 6788
f 6860 6861 6788
f 6788 6861 6789
f 6861 6862 6789
f 6789 6862 6790
f 6862 6863 6790
f 6790 6863 6791
f 6863 6864 6791
f 6791 6864 6792
f 6864 6865 6792
f 6792 6865 6793
f 6865 6866 6793
f 6793 6866 6794
f 6866 6867 6794
f 6794 6867 6795
f 6867 6868 6795
f 6795 6868 6796
f 6868 6869 6796
f 6796 6869 6797
f 6869 6870 6797
f 6797 6870 6798
f 6870 6871 6798
f 6798 6871 6799
f 6871 6872 6799
f 6799 6872 6800
f 6872 6873 6800
f 6800 6873 6801
f 6873 6874 6801
f 6801 6874 6802
f 6874 6875 6802
f 6802 6875 6803
f 6875 6876 6803
f 6803 6876 6804
f 6876 6877 6804
f 6804 6877 6805
f 6877 6878 6805
f 6805 6878 6806
f 6878 6879 6806
f 6806 6879 6807
f 6879 6880 6807
f 6807 6880 6808
f 6880 6881 6808
f 6808 6881 6809
f 6881 6882 6809
f 6809 6882 6810
f 6882 6883 6810
f 6810 6883 6811
f 6883 6884 6811
f 6811 6884 6812
f 6884 6885 6812
f 6812 6885 6813
f 6885 6886 6813
f 6813 6886 6814
f 6886 6887 6814
f 6814 6887 6815
f 6887 6888 6815
f 6815 6888 6816
f 6888 6889 6816
f 6816 6889 6817
f 6889 6890 6817
f 6817 6890 6818
f 6890 6891 6818
f 6818 6891 6819
f 6891 6892 6819
f 6819 6892 6820
f 6892 6893 6820
f 6820 6893 6821
f 6893 6894 6821
f 6821 6894 6822
f 6894 6895 6822
f 6822 6895 6823
f 6895 6896 6823
f 6823 6896 6824
f 6896 6897 6824
f 6824 6897 6825
f 6897 6898 6825
f 6825 6898 6826
f 6898 6899 6826
f 6826 6899 6827
f 6899 6900 6827
f 6827 6900 6828
f 6900 6901 6828
f 6828 6901 6829
f 6901 6902 6829
f 6829 6902 6830
f 6902 6903 6830
f 6830 6903 6831
f 6903 6904 6831
f 6831 6904 6832
f 6904 6905 6832
f 6832 6905 6833
f 6905 6906 6833
f 6833 6906 6834
f 6906 6907 6834
f 6834 6907 6835
f 6907 6908 6835
f 6835 6908 6836
f 6908 6909 6836
f 6836 6909 6837
f 6909 6910 6837
f 6837 6910 6838
f 6910 6911 6838
f 6838 6911 6839
f 6911 6912 6839
f 6839 6912 6840
f 6912 6841 6840
f 6912 6913 6841
f 6913 6914 6841
f 6841 6914 6842
f 6914 6915 6842
f 6842 6915 6843
f 6915 6916 6843
f 6843 6916 6844
f 6916 6917 6844
f 6844 6917 6845
f 6917 6918 6845
f 6845 6918 6846
f 6918 6919 6846
f 6846 6919 6847
f 6919 6920 6847
f 6847 6920 6848
f 6920 6921 6848
f 6848 6921 6849
f 6921 6922 6849
f 6849 6922 6850
f 6922 6923 6850
f 6850 6923 6851
f 6923 6924 6851
f 6851 6924 6852
f 6924 6925 6852
f 6852 6925 6853
f 6925 6926 6853
f 6853 6926 6854
f 6926 6927 6854
f 6854 6927 6855
f 6927 6928 6855
f 6855 6928 6856
f 6928 6929 6856
f 6856 6929 6857
f 6929 6930 6857
f 6857 6930 6858
f 6930 6931 6858
f 6858 6931 6859
f 6931 6932 6859
f 6859 6932 6860
f 6932 6933 6860
f 6860 6933 6861
f 6933 6934 6861
f 6861 6934 6862
f 6934 6935 6862
f 6862 6935 6863
f 6935 6936 6863
f 6863 6936 6864
f 6936 6937 6864
f 6864 6937 6865
f 6937 6938 6865
f 6865 6938 6866
f 6938 6939 6866
f 6866 6939 6867
f 6939 6940 6867
f 6867 6940 6868
f 6940 6941 6868
f 6868 6941 6869
f 6941 6942 6869
f 6869 6942 6870
f 6942 6943 6870
f 6870 6943 6871
f 6943 6944 6871
f 6871 6944 6872
f 6944 6945 6872
f 6872 6945 6873
f 6945 6946 6873
f 6873 6946 6874
f 6946 6947 6874
f 6874 6947 6875
f 6947 6948 6875
f 6875 6948 6876
f 6948 6949 6876
f 6876 6949 6877
f 6949 6950 6877
f 6877 6950 6878
f 6950 6951 6878
f 6878 6951 6879
f 6951 6952 6879
f 6879 6952 6880
f 6952 6953 6880
f 6880 6953 6881
f 6953 6954 6881
f 6881 6954 6882
f 6954 6955 6882
f 6882 6955 6883
f 6955 6956 6883
f 6883 6956 6884
f 6956 6957 6884
f 6884 6957 6885
f 6957 6958 6885
f 6885 6958 6886
f 6958 6959 6886
f 6886 6959 6887
f 6959 6960 6887
f 6887 6960 6888
f 6960 6961 6888
f 6888 6961 6889
f 6961 6962 6889
f 6889 6962 6890
f 6962 6963 6890
f 6890 6963 6891
f 6963 6964 6891
f 6891 6964 6892
f 6964 6965 6892
f 6892 6965 6893
f 6965 6966 6893
f 6893 6966 6894
f 6966 6967 6894
f 6894 6967 6895
f 6967 6968 6895
f 6895 6968 6896
f 6968 6969 6896
f 6896 6969 6897
f 6969 6970 6897
f 6897 6970 6898
f 6970 6971 6898
f 6898 6971 6899
f 6971 6972 6899
f 6899 6972 6900
f 6972 6973 6900
f 6900 6973 6901
f 6973 6974 6901
f 6901 6974 6902
f 6974 6975 6902
f 6902 6975 6903
f 6975 6976 6903
f 6903 6976 6904
f 6976 6977 6904
f 6904 6977 6905
f 6977 6978 6905
f 6905 6978 6906
f 6978 6979 6906
f 6906 6979 6907
f 6979 6980 6907
f 6907 6980 6908
f 6980 6981 6908
f 6908 6981 6909
f 6981 6982 6909
f 6909 6982 6910
f 6982 6983 6910
f 6910 6983 6911
f 6983 6984 6911
f 6911 6984 6912
f 6984 6913 6912
f 6984 6985 6913
f 6985 6986 6913
f 6913 6986 6914
f 6986 6987 6914
f 6914 6987 6915
f 6987 6988 6915
f 6915 6988 6916
f 6988 6989 6916
f 6916 6989 6917
f 6989 6990 6917
f 6917 6990 6918
f 6990 6991 6918
f 6918 6991 6919
f 6991 6992 6919
f 6919 6992 6920
f 6992 6993 6920
f 6920 6993 6921
f 6993 6994 6921
f 6921 6994 6922
f 6994 6995 6922
f 6922 6995 6923
f 6995 6996 6923
f 6923 6996 6924
f 6996 6997 6924
f 6924 6997 6925
f 6997 6998 6925
f 6925 6998 6926
f 6998 6999 6926
f 6926 6999 6927
f 6999 7000 6927
f 6927 7000 6928
f 7000 7001 6928
f 6928 7001 6929
f 7001 7002 6929
f 6929 7002 6930
f 7002 7003 6930
f 6930 7003 6931
f 7003 7004 6931
f 6931 7004 6932
f 7004 7005 6932
f 6932 7005 6933
f 7005 7006 6933
f 6933 7006 6934
f 7006 7007 6934
f 6934 7007 6935
f 7007 7008 6935
f 6935 7008 6936
f 7008 7009 6936
f 6936 7009 6937
f 7009 7010 6937
f 6937 7010 6938
f 7010 7011 6938
f 6938 7011 6939
f 7011 7012 6939
f 6939 7012 6940
f 7012 7013 6940
f 6940 7013 6941
f 7013 7014 6941
f 6941 7014 6942
f 7014 7015 6942
f 6942 7015 6943
f 7015 7016 6943
f 6943 7016 6944
f 7016 7017 6944
f 6944 7017 6945
f 7017 7018 6945
f 6945 7018 6946
f 7018 7019 6946
f 6946 7019 6947
f 7019 7020 6947
f 6947 7020 6948
f 7020 7021 6948
f 6948 7021 6949
f 7021 7022 6949
f 6949 7022 6950
f 7022 7023 6950
f 6950 7023 6951
f 7023 7024 6951
f 6951 7024 6952
f 7024 7025 6952
f 6952 7025 6953
f 7025 7026 6953
f 6953 7026 6954
f 7026 7027 6954
f 6954 7027 6955
f 7027 7028 6955
f 6955 7028 6956
f 7028 7029 6956
f 6956 7029 6957
f 7029 7030 6957
f 6957 7030 6958
f 7030 7031 6958
f 6958 7031 6959
f 7031 7032 6959
f 6959 7032 6960
f 7032 7033 6960
f 6960 7033 6961
f 7033 7034 6961
f 6961 7034 6962
f 7034 7035 6962
f 6962 7035 6963
f 7035 7036 6963
f 6963 7036 6964
f 7036 7037 6964
f 6964 7037 6965
f 7037 7038 6965
f 6965 7038 6966
f 7038 7039 6966
f 6966 7039 6967
f 7039 7040 6967
f 6967 7040 6968
f 7040 7041 6968
f 6968 7041 6969
f 7041 7042 6969
f 6969 7042 6970
f 7042 7043 6970
f 6970 7043 6971
f 7043 7044 6971
f 6971 7044 6972
f 7044 7045 6972
f 6972 7045 6973
f 7045 7046 6973
f 6973 7046 6974
f 7046 7047 6974
f 6974 7047 6975
f 7047 7048 6975
f 6975 7048 6976
f 7048 7049 6976
f 6976 7049 6977
f 7049 7050 6977
f 6977 7050 6978
f 7050 7051 6978
f 6978 7051 6979
f 7051 7052 6979
f 6979 7052 6980
f 7052 7053 6980
f 6980 7053 6981
f 7053 7054 6981
f 6981 7054 6982
f 7054 7055 6982
f 6982 7055 6983
f 7055 7056 6983
f 6983 7056 6984
f 7056 6985 6984
f 7056 7057 6985
f 7057 7058 6985
f 6985 7058 6986
f 7058 7059 6986
f 6986 7059 6987
f 7059 7060 6987
f 6987 7060 6988
f 7060 7061 6988
f 6988 7061 6989
f 7061 7062 6989
f 6989 7062 6990
f 7062 7063 6990
f 6990 7063 6991
f 7063 7064 6991
f 6991 7064 6992
f 7064 7065 6992
f 6992 7065 6993
f 7065 7066 6993
f 6993 7066 6994
f 7066 7067 6994
f 6994 7067 6995
f 7067 7068 6995
f 6995 7068 6996
f 7068 7069 6996
f 6996 7069 6997
f 7069 7070 6997
f 6997 7070 6998
f 7070 7071 6998
f 6998 7071 6999
f 7071 7072 6999
f 6999 7072 7000
f 7072 7073 7000
f 7000 7073 7001
f 7073 7074 7001
f 7001 7074 7002
f 7074 7075 7002
f 7002 7075 7003
f 7075 7076 7003
f 7003 7076 7004
f 7076 7077 7004
f 7004 7077 7005
f 7077 7078 7005
f 7005 7078 7006
f 7078 7079 7006
f 7006 7079 7007
f 7079 7080 7007
f 7007 7080 7008
f 7080 7081 7008
f 7008 7081 7009
f 7081 7082 7009
f 7009 7082 7010
f 7082 7083 7010
f 7010 7083 7011
f 7083 7084 7011
f 7011 7084 7012
f 7084 7085 7012
f 7012 7085 7013
f 7085 7086 7013
f 7013 7086 7014
f 7086 7087 7014
f 7014 7087 7015
f 7087 7088 7015
f 7015 7088 7016
f 7088 7089 7016
f 7016 7089 7017
f 7089 7090 7017
f 7017 7090 7018
f 7090 7091 7018
f 7018 7091 7019
f 7091 7092 7019
f 7019 7092 7020
f 7092 7093 7020
f 7020 7093 7021
f 7093 7094 7021
f 7021 7094 7022
f 7094 7095 7022
f 7022 7095 7023
f 7095 7096 7023
f 7023 7096 7024
f 7096 7097 7024
f 7024 7097 7025
f 7097 7098 7025
f 7025 7098 7026
f 7098 7099 7026
f 7026 7099 7027
f 7099 7100 7027
f 7027 7100 7028
f 7100 7101 7028
f 7028 7101 7029
f 7101 7102 7029
f 7029 7102 7030
f 7102 7103 7030
f 7030 7103 7031
f 7103 7104 7031
f 7031 7104 7032
f 7104 7105 7032
f 7032 7105 7033
f 7105 7106 7033
f 7033 7106 7034
f 7106 7107 7034
f 7034 7107 7035
f 7107 7108 7035
f 7035 7108 7036
f 7108 7109 7036
f 7036 7109 7037
f 7109 7110 7037
f 7037 7110 7038
f 7110 7111 7038
f 7038 7111 7039
f 7111 7112 7039
f 7039 7112 7040
f 7112 7113 7040
f 7040 7113 7041
f 7113 7114 7041
f 7041 7114 7042
f 7114 7115 7042
f 7042 7115 7043
f 7115 7116 7043
f 7043 7116 7044
f 7116 7117 7044
f 7044 7117 7045
f 7117 7118 7045
f 7045 7118 7046
f 7118 7119 7046
f 7046 7119 7047
f 7119 7120 7047
f 7047 7120 7048
f 7120 7121 7048
f 7048 7121 7049
f 7121 7122 7049
f 7049 7122 7050
f 7122 7123 7050
f 7050 7123 7051
f 7123 7124 7051
f 7051 7124 7052
f 7124 7125 7052
f 7052 7125 7053
f 7125 7126 7053
f 7053 7126 7054
f 7126 7127 7054
f 7054 7127 7055
f 7127 7128 7055
f 7055 7128 7056
f 7128 7057 7056
f 7128 7129 7057
f 7129 7130 7057
f 7057 7130 7058
f 7130 7131 7058
f 7058 7131 7059
f 7131 7132 7059
f 7059 7132 7060
f 7132 7133 7060
f 7060 7133 7061
f 7133 7134 7061
f 7061 7134 7062
f 7134 7135 7062
f 7062 7135 7063
f 7135 7136 7063
f 7063 7136 7064
f 7136 7137 7064
f 7064 7137 7065
f 7137 7138 7065
f 7065 7138 7066
f 7138 7139 7066
f 7066 7139 7067
f 7139 7140 7067
f 7067 7140 7068
f 7140 7141 7068
f 7068 7141 7069
f 7141 7142 7069
f 7069 7142 7070
f 7142 7143 7070
f 7070 7143 7071
f 7143 7144 7071
f 7071 7144 7072
f 7144 7145 7072
f 7072 7145 7073
f 7145 7146 7073
f 7073 7146 7074
f 7146 7147 7074
f 7074 7147 7075
f 7147 7148 7075
f 7075 7148 7076
f 7148 7149 7076
f 7076 7149 7077
f 7149 7150 7077
f 7077 7150 7078
f 7150 7151 7078
f 7078 7151 7079
f 7151 7152 7079
f 7079 7152 7080
f 7152 7153 7080
f 7080 7153 7081
f 7153 7154 7081
f 7081 7154 7082
f 7154 7155 7082
f 7082 7155 7083
f 7155 7156 7083
f 7083 7156 7084
f 7156 7157 7084
f 7084 7157 7085
f 7157 7158 7085
f 7085 7158 7086
f 7158 7159 7086
f 7086 7159 7087
f 7159 7160 7087
f 7087 7160 7088
f 7160 7161 7088
f 7088 7161 7089
f 7161 7162 7089
f 7089 7162 7090
f 7162 7163 7090
f 7090 7163 7091
f 7163 7164 7091
f 7091 7164 7092
f 7164 7165 7092
f 7092 7165 7093
f 7165 7166 7093
f 7093 7166 7094
f 7166 7167 7094
f 7094 7167 7095
f 7167 7168 7095
f 7095 7168 7096
f 7168 7169 7096
f 7096 7169 7097
f 7169 7170 7097
f 7097 7170 7098
f 7170 7171 7098
f 7098 7171 7099
f 7171 7172 7099
f 7099 7172 7100
f 7172 7173 7100
f 7100 7173 7101
f 7173 7174 7101
f 7101 7174 7102
f 7174 7175 7102
f 7102 7175 7103
f 7175 7176 7103
f 7103 7176 7104
f 7176 7177 7104
f 7104 7177 7105
f 7177 7178 7105
f 7105 7178 7106
f 7178 7179 7106
f 7106 7179 7107
f 7179 7180 7107
f 7107 7180 7108
f 7180 7181 7108
f 7108 7181 7109
f 7181 7182 7109
f 7109 7182 7110
f 7182 7183 7110
f 7110 7183 7111
f 7183 7184 7111
f 7111 7184 7112
f 7184 7185 7112
f 7112 7185 7113
f 7185 7186 7113
f 7113 7186 7114
f 7186 7187 7114
f 7114 7187 7115
f 7187 7188 7115
f 7115 7188 7116
f 7188 7189 7116
f 7116 7189 7117
f 7189 7190 7117
f 7117 7190 7118
f 7190 7191 7118
f 7118 7191 7119
f 7191 7192 7119
f 7119 7192 7120
f 7192 7193 7120
f 7120 7193 7121
f 7193 7194 7121
f 7121 7194 7122
f 7194 7195 7122
f 7122 7195 7123
f 7195 7196 7123
f 7123 7196 7124
f 7196 7197 7124
f 7124 7197 7125
f 7197 7198 7125
f 7125 7198 7126
f 7198 7199 7126
f 7126 7199 7127
f 7199 7200 7127
f 7127 7200 7128
f 7200 7129 7128
f 7200 7201 7129
f 7201 7202 7129
f 7129 7202 7130
f 7202 7203 7130
f 7130 7203 7131
f 7203 7204 7131
f 7131 7204 7132
f 7204 7205 7132
f 7132 7205 7133
f 7205 7206 7133
f 7133 7206 7134
f 7206 7207 7134
f 7134 7207 7135
f 7207 7208 7135
f 7135 7208 7136
f 7208 7209 7136
f 7136 7209 7137
f 7209 7210 7137
f 7137 7210 7138
f 7210 7211 7138
f 7138 7211 7139
f 7211 7212 7139
f 7139 7212 7140
f 7212 7213 7140
f 7140 7213 7141
f 7213 7214 7141
f 7141 7214 7142
f 7214 7215 7142
f 7142 7215 7143
f 7215 7216 7143
f 7143 7216 7144
f 7216 7217 7144
f 7144 7217 7145
f 7217 7218 7145
f 7145 7218 7146
f 7218 7219 7146
f 7146 7219 7147
f 7219 7220 7147
f 7147 7220 7148
f 7220 7221 7148
f 7148 7221 7149
f 7221 7222 7149
f 7149 7222 7150
f 7222 7223 7150
f 7150 7223 7151
f 7223 7224 7151
f 7151 7224 7152
f 7224 7225 7152
f 7152 7225 7153
f 7225 7226 7153
f 7153 7226 7154
f 7226 7227 7154
f 7154 7227 7155
f 7227 7228 7155
f 7155 7228 7156
f 7228 7229 7156
f 7156 7229 7157
f 7229 7230 7157
f 7157 7230 7158
f 7230 7231 7158
f 7158 7231 7159
f 7231 7232 7159
f 7159 7232 7160
f 7232 7233 7160
f 7160 7233 7161
f 7233 7234 7161
f 7161 7234 7162
f 7234 7235 7162
f 7162 7235 7163
f 7235 7236 7163
f 7163 7236 7164
f 7236 7237 7164
f 7164 7237 7165
f 7237 7238 7165
f 7165 7238 7166
f 7238 7239 7166
f 7166 7239 7167
f 7239 7240 7167
f 7167 7240 7168
f 7240 7241 7168
f 7168 7241 7169
f 7241 7242 7169
f 7169 7242 7170
f 7242 7243 7170
f 7170 7243 7171
f 7243 7244 7171
f 7171 7244 7172
f 7244 7245 7172
f 7172 7245 7173
f 7245 7246 7173
f 7173 7246 7174
f 7246 7247 7174
f 7174 7247 7175
f 7247 7248 7175
f 7175 7248 7176
f 7248 7249 7176
f 7176 7249 7177
f 7249 7250 7177
f 7177 7250 7178
f 7250 7251 7178
f 7178 7251 7179
f 7251 7252 7179
f 7179 7252 7180
f 7252 7253 7180
f 7180 7253 7181
f 7253 7254 7181
f 7181 7254 7182
f 7254 7255 7182
f 7182 7255 7183
f 7255 7256 7183
f 7183 7256 7184
f 7256 7257 7184
f 7184 7257 7185
f 7257 7258 7185
f 7185 7258 7186
f 7258 7259 7186
f 7186 7259 7187
f 7259 7260 7187
f 7187 7260 7188
f 7260 7261 7188
f 7188 7261 7189
f 7261 7262 7189
f 7189 7262 7190
f 7262 7263 7190
f 7190 7263 7191
f 7263 7264 7191
f 7191 7264 7192
f 7264 7265 7192
f 7192 7265 7193
f 7265 7266 7193
f 7193 7266 7194
f 7266 7267 7194
f 7194 7267 7195
f 7267 7268 7195
f 7195 7268 7196
f 7268 7269 7196
f 7196 7269 7197
f 7269 7270 7197
f 7197 7270 7198
f 7270 7271 7198
f 7198 7271 7199
f 7271 7272 7199
f 7199 7272 7200
f 7272 7201 7200
f 7201 7273 7202
f 7273 7274 7202
f 7202 7274 7203
f 7274 7275 7203
f 7203 7275 7204
f 7275 7276 7204
f 7204 7276 7205
f 7276 7277 7205
f 7205 7277 7206
f 7277 7278 7206
f 7206 7278 7207
f 7278 7279 7207
f 7207 7279 7208
f 7279 7280 7208
f 7208 7280 7209
f 7280 7281 7209
f 7209 7281 7210
f 7281 7282 7210
f 7210 7282 7211
f 7282 7283 7211
f 7211 7283 7212
f 7283 7284 7212
f 7212 7284 7213
f 7284 7285 7213
f 7213 7285 7214
f 7285 7286 7214
f 7214 7286 7215
f 7286 7287 7215
f 7215 7287 7216
f 7287 7288 7216
f 7216 7288 7217
f 7288 7289 7217
f 7217 7289 7218
f 7289 7290 7218
f 7218 7290 7219
f 7290 7291 7219
f 7219 7291 7220
f 7291 7292 7220
f 7220 7292 7221
f 7292 7293 7221
f 7221 7293 7222
f 7293 7294 7222
f 7222 7294 7223
f 7294 7295 7223
f 7223 7295 7224
f 7295 7296 7224
f 7224 7296 7225
f 7296 7297 7225
f 7225 7297 7226
f 7297 7298 7226
f 7226 7298 7227
f 7298 7299 7227
f 7227 7299 7228
f 7299 7300 7228
f 7228 7300 7229
f 7300 7301 7229
f 7229 7301 7230
f 7301 7302 7230
f 7230 7302 7231
f 7302 7303 7231
f 7231 7303 7232
f 7303 7304 7232
f 7232 7304 7233
f 7304 7305 7233
f 7233 7305 7234
f 7305 7306 7234
f 7234 7306 7235
f 7306 7307 7235
f 7235 7307 7236
f 7307 7308 7236
f 7236 7308 7237
f 7308 7309 7237
f 7237 7309 7238
f 7309 7310 7238
f 7238 7310 7239
f 7310 7311 7239
f 7239 7311 7240
f 7311 7312 7240
f 7240 7312 7241
f 7312 7313 7241
f 7241 7313 7242
f 7313 7314 7242
f 7242 7314 7243
f 7314 7315 7243
f 7243 7315 7244
f 7315 7316 7244
f 7244 7316 7245
f 7316 7317 7245
f 7245 7317 7246
f 7317 7318 7246
f 7246 7318 7247
f 7318 7319 7247
f 7247 7319 7248
f 7319 7320 7248
f 7248 7320 7249
f 7320 7321 7249
f 7249 7321 7250
f 7321 7322 7250
f 7250 7322 7251
f 7322 7323 7251
f 7251 7323 7252
f 7323 7324 7252
f 7252 7324 7253
f 7324 7325 7253
f 7253 7325 7254
f 7325 7326 7254
f 7254 7326 7255
f 7326 7327 7255
f 7255 7327 7256
f 7327 7328 7256
f 7256 7328 7257
f 7328 7329 7257
f 7257 7329 7258
f 7329 7330 7258
f 7258 7330 7259
f 7330 7331 7259
f 7259 7331 7260
f 7331 7332 7260
f 7260 7332 7261
f 7332 7333 7261
f 7261 7333 7262
f 7333 7334 7262
f 7262 7334 7263
f 7334 7335 7263
f 7263 7335 7264
f 7335 7336 7264
f 7264 7336 7265
f 7336 7337 7265
f 7265 7337 7266
f 7337 7338 7266
f 7266 7338 7267
f 7338 7339 7267
f 7267 7339 7268
f 7339 7340 7268
f 7268 7340 7269
f 7340 7341 7269
f 7269 7341 7270
f 7341 7342 7270
f 7270 7342 7271
f 7342 7343 7271
f 7271 7343 7272
f 7343 7344 7272
f 7272 7344 7201
f 7344 7273 7201
f 7273 7345 7274
f 7345 7346 7274
f 7274 7346 7275
f 7346 7347 7275
f 7275 7347 7276
f 7347 7348 7276
f 7276 7348 7277
f 7348 7349 7277
f 7277 7349 7278
f 7349 7350 7278
f 7278 7350 7279
f 7350 7351 7279
f 7279 7351 7280
f 7351 7352 7280
f 7280 7352 7281
f 7352 7353 7281
f 7281 7353 7282
f 7353 7354 7282
f 7282 7354 7283
f 7354 7355 7283
f 7283 7355 7284
f 7355 7356 7284
f 7284 7356 7285
f 7356 7357 7285
f 7285 7357 7286
f 7357 7358 7286
f 7286 7358 7287
f 7358 7359 7287
f 7287 7359 7288
f 7359 7360 7288
f 7288 7360 7289
f 7360 7361 7289
f 7289 7361 7290
f 7361 7362 7290
f 7290 7362 7291
f 7362 7363 7291
f 7291 7363 7292
f 7363 7364 7292
f 7292 7364 7293
f 7364 7365 7293
f 7293 7365 7294
f 7365 7366 7294
f 7294 7366 7295
f 7366 7367 7295
f 7295 7367 7296
f 7367 7368 7296
f 7296 7368 7297
f 7368 7369 7297
f 7297 7369 7298
f 7369 7370 7298
f 7298 7370 7299
f 7370 7371 7299
f 7299 7371 7300
f 7371 7372 7300
f 7300 7372 7301
f 7372 7373 7301
f 7301 7373 7302
f 7373 7374 7302
f 7302 7374 7303
f 7374 7375 7303
f 7303 7375 7304
f 7375 7376 7304
f 7304 7376 7305
f 7376 7377 7305
f 7305 7377 7306
f 7377 7378 7306
f 7306 7378 7307
f 7378 7379 7307
f 7307 7379 7308
f 7379 7380 7308
f 7308 7380 7309
f 7380 7381 7309
f 7309 7381 7310
f 7381 7382 7310
f 7310 7382 7311
f 7382 7383 7311
f 7311 7383 7312
f 7383 7384 7312
f 7312 7384 7313
f 7384 7385 7313
f 7313 7385 7314
f 7385 7386 7314
f 7314 7386 7315
f 7386 7387 7315
f 7315 7387 7316
f 7387 7388 7316
f 7316 7388 7317
f 7388 7389 7317
f 7317 7389 7318
f 7389 7390 7318
f 7318 7390 7319
f 7390 7391 7319
f 7319 7391 7320
f 7391 7392 7320
f 7320 7392 7321
f 7392 7393 7321
f 7321 7393 7322
f 7393 7394 7322
f 7322 7394 7323
f 7394 7395 7323
f 7323 7395 7324
f 7395 7396 7324
f 7324 7396 7325
f 7396 7397 7325
f 7325 7397 7326
f 7397 7398 7326
f 7326 7398 7327
f 7398 7399 7327
f 7327 7399 7328
f 7399 7400 7328
f 7328 7400 7329
f 7400 7401 7329
f 7329 7401 7330
f 7401 7402 7330
f 7330 7402 7331
f 7402 7403 7331
f 7331 7403 7332
f 7403 7404 7332
f 7332 7404 7333
f 7404 7405 7333
f 7333 7405 7334
f 7405 7406 7334
f 7334 7406 7335
f 7406 7407 7335
f 7335 7407 7336
f 7407 7408 7336
f 7336 7408 7337
f 7408 7409 7337
f 7337 7409 7338
f 7409 7410 7338
f 7338 7410 7339
f 7410 7411 7339
f 7339 7411 7340
f 7411 7412 7340
f 7340 7412 7341
f 7412 7413 7341
f 7341 7413 7342
f 7413 7414 7342
f 7342 7414 7343
f 7414 7415 7343
f 7343 7415 7344
f 7415 7416 7344
f 7344 7416 7273
f 7416 7345 7273
f 7345 7417 7346
f 7417 7418 7346
f 7346 7418 7347
f 7418 7419 7347
f 7347 7419 7348
f 7419 7420 7348
f 7348 7420 7349
f 7420 7421 7349
f 7349 7421 7350
f 7421 7422 7350
f 7350 7422 7351
f 7422 7423 7351
f 7351 7423 7352
f 7423 7424 7352
f 7352 7424 7353
f 7424 7425 7353
f 7353 7425 7354
f 7425 7426 7354
f 7354 7426 7355
f 7426 7427 7355
f 7355 7427 7356
f 7427 7428 7356
f 7356 7428 7357
f 7428 7429 7357
f 7357 7429 7358
f 7429 7430 7358
f 7358 7430 7359
f 7430 7431 7359
f 7359 7431 7360
f 7431 7432 7360
f 7360 7432 7361
f 7432 7433 7361
f 7361 7433 7362
f 7433 7434 7362
f 7362 7434 7363
f 7434 7435 7363
f 7363 7435 7364
f 7435 7436 7364
f 7364 7436 7365
f 7436 7437 7365
f 7365 7437 7366
f 7437 7438 7366
f 7366 7438 7367
f 7438 7439 7367
f 7367 7439 7368
f 7439 7440 7368
f 7368 7440 7369
f 7440 7441 7369
f 7369 7441 7370
f 7441 7442 7370
f 7370 7442 7371
f 7442 7443 7371
f 7371 7443 7372
f 7443 7444 7372
f 7372 7444 7373
f 7444 7445 7373
f 7373 7445 7374
f 7445 7446 7374
f 7374 7446 7375
f 7446 7447 7375
f 7375 7447 7376
f 7447 7448 7376
f 7376 7448 7377
f 7448 7449 7377
f 7377 7449 7378
f 7449 7450 7378
f 7378 7450 7379
f 7450 7451 7379
f 7379 7451 7380
f 7451 7452 7380
f 7380 7452 7381
f 7452 7453 7381
f 7381 7453 7382
f 7453 7454 7382
f 7382 7454 7383
f 7454 7455 7383
f 7383 7455 7384
f 7455 7456 7384
f 7384 7456 7385
f 7456 7457 7385
f 7385 7457 7386
f 7457 7458 7386
f 7386 7458 7387
f 7458 7459 7387
f 7387 7459 7388
f 7459 7460 7388
f 7388 7460 7389
f 7460 7461 7389
f 7389 7461 7390
f 7461 7462 7390
f 7390 7462 7391
f 7462 7463 7391
f 7391 7463 7392
f 7463 7464 7392
f 7392 7464 7393
f 7464 7465 7393
f 7393 7465 7394
f 7465 7466 7394
f 7394 7466 7395
f 7466 7467 7395
f 7395 7467 7396
f 7467 7468 7396
f 7396 7468 7397
f 7468 7469 7397
f 7397 7469 7398
f 7469 7470 7398
f 7398 7470 7399
f 7470 7471 7399
f 7399 7471 7400
f 7471 7472 7400
f 7400 7472 7401
f 7472 7473 7401
f 7401 7473 7402
f 7473 7474 7402
f 7402 7474 7403
f 7474 7475 7403
f 7403 7475 7404
f 7475 7476 7404
f 7404 7476 7405
f 7476 7477 7405
f 7405 7477 7406
f 7477 7478 7406
f 7406 7478 7407
f 7478 7479 7407
f 7407 7479 7408
f 7479 7480 7408
f 7408 7480 7409
f 7480 7481 7409
f 7409 7481 7410
f 7481 7482 7410
f 7410 7482 7411
f 7482 7483 7411
f 7411 7483 7412
f 7483 7484 7412
f 7412 7484 7413
f 7484 7485 7413
f 7413 7485 7414
f 7485 7486 7414
f 7414 7486 7415
f 7486 7487 7415
f 7415 7487 7416
f 7487 7488 7416
f 7416 7488 7345
f 7488 7417 7345
f 7417 7489 7418
f 7489 7490 7418
f 7418 7490 7419
f 7490 7491 7419
f 7419 7491 7420
f 7491 7492 7420
f 7420 7492 7421
f 7492 7493 7421
f 7421 7493 7422
f 7493 7494 7422
f 7422 7494 7423
f 7494 7495 7423
f 7423 7495 7424
f 7495 7496 7424
f 7424 7496 7425
f 7496 7497 7425
f 7425 7497 7426
f 7497 7498 7426
f 7426 7498 7427
f 7498 7499 7427
f 7427 7499 7428
f 7499 7500 7428
f 7428 7500 7429
f 7500 7501 7429
f 7429 7501 7430
f 7501 7502 7430
f 7430 7502 7431
f 7502 7503 7431
f 7431 7503 7432
f 7503 7504 7432
f 7432 7504 7433
f 7504 7505 7433
f 7433 7505 7434
f 7505 7506 7434
f 7434 7506 7435
f 7506 7507 7435
f 7435 7507 7436
f 7507 7508 7436
f 7436 7508 7437
f 7508 7509 7437
f 7437 7509 7438
f 7509 7510 7438
f 7438 7510 7439
f 7510 7511 7439
f 7439 7511 7440
f 7511 7512 7440
f 7440 7512 7441
f 7512 7513 7441
f 7441 7513 7442
f 7513 7514 7442
f 7442 7514 7443
f 7514 7515 7443
f 7443 7515 7444
f 7515 7516 7444
f 7444 7516 7445
f 7516 7517 7445
f 7445 7517 7446
f 7517 7518 7446
f 7446 7518 7447
f 7518 7519 7447
f 7447 7519 7448
f 7519 7520 7448
f 7448 7520 7449
f 7520 7521 7449
f 7449 7521 7450
f 7521 7522 7450
f 7450 7522 7451
f 7522 7523 7451
f 7451 7523 7452
f 7523 7524 7452
f 7452 7524 7453
f 7524 7525 7453
f 7453 7525 7454
f 7525 7526 7454
f 7454 7526 7455
f 7526 7527 7455
f 7455 7527 7456
f 7527 7528 7456
f 7456 7528 7457
f 7528 7529 7457
f 7457 7529 7458
f 7529 7530 7458
f 7458 7530 7459
f 7530 7531 7459
f 7459 7531 7460
f 7531 7532 7460
f 7460 7532 7461
f 7532 7533 7461
f 7461 7533 7462
f 7533 7534 7462
f 7462 7534 7463
f 7534 7535 7463
f 7463 7535 7464
f 7535 7536 7464
f 7464 7536 7465
f 7536 7537 7465
f 7465 7537 7466
f 7537 7538 7466
f 7466 7538 7467
f 7538 7539 7467
f 7467 7539 7468
f 7539 7540 7468
f 7468 7540 7469
f 7540 7541 7469
f 7469 7541 7470
f 7541 7542 7470
f 7470 7542 7471
f 7542 7543 7471
f 7471 7543 7472
f 7543 7544 7472
f 7472 7544 7473
f 7544 7545 7473
f 7473 7545 7474
f 7545 7546 7474
f 7474 7546 7475
f 7546 7547 7475
f 7475 7547 7476
f 7547 7548 7476
f 7476 7548 7477
f 7548 7549 7477
f 7477 7549 7478
f 7549 7550 7478
f 7478 7550 7479
f 7550 7551 7479
f 7479 7551 7480
f 7551 7552 7480
f 7480 7552 7481
f 7552 7553 7481
f 7481 7553 7482
f 7553 7554 7482
f 7482 7554 7483
f 7554 7555 7483
f 7483 7555 7484
f 7555 7556 7484
f 7484 7556 7485
f 7556 7557 7485
f 7485 7557 7486
f 7557 7558 7486
f 7486 7558 7487
f 7558 7559 7487
f 7487 7559 7488
f 7559 7560 7488
f 7488 7560 7417
f 7560 7489 7417
f 7489 7561 7490
f 7561 7562 7490
f 7490 7562 7491
f 7562 7563 7491
f 7491 7563 7492
f 7563 7564 7492
f 7492 7564 7493
f 7564 7565 7493
f 7493 7565 7494
f 7565 7566 7494
f 7494 7566 7495
f 7566 7567 7495
f 7495 7567 7496
f 7567 7568 7496
f 7496 7568 7497
f 7568 7569 7497
f 7497 7569 7498
f 7569 7570 7498
f 7498 7570 7499
f 7570 7571 7499
f 7499 7571 7500
f 7571 7572 7500
f 7500 7572 7501
f 7572 7573 7501
f 7501 7573 7502
f 7573 7574 7502
f 7502 7574 7503
f 7574 7575 7503
f 7503 7575 7504
f 7575 7576 7504
f 7504 7576 7505
f 7576 7577 7505
f 7505 7577 7506
f 7577 7578 7506
f 7506 7578 7507
f 7578 7579 7507
f 7507 7579 7508
f 7579 7580 7508
f 7508 7580 7509
f 7580 7581 7509
f 7509 7581 7510
f 7581 7582 7510
f 7510 7582 7511
f 7582 7583 7511
f 7511 7583 7512
f 7583 7584 7512
f 7512 7584 7513
f 7584 7585 7513
f 7513 7585 7514
f 7585 7586 7514
f 7514 7586 7515
f 7586 7587 7515
f 7515 7587 7516
f 7587 7588 7516
f 7516 7588 7517
f 7588 7589 7517
f 7517 7589 7518
f 7589 7590 7518
f 7518 7590 7519
f 7590 7591 7519
f 7519 7591 7520
f 7591 7592 7520
f 7520 7592 7521
f 7592 7593 7521
f 7521 7593 7522
f 7593 7594 7522
f 7522 7594 7523
f 7594 7595 7523
f 7523 7595 7524
f 7595 7596 7524
f 7524 7596 7525
f 7596 7597 7525
f 7525 7597 7526
f 7597 7598 7526
f 7526 7598 7527
f 7598 7599 7527
f 7527 7599 7528
f 7599 7600 7528
f 7528 7600 7529
f 7600 7601 7529
f 7529 7601 7530
f 7601 7602 7530
f 7530 7602 7531
f 7602 7603 7531
f 7531 7603 7532
f 7603 7604 7532
f 7532 7604 7533
f 7604 7605 7533
f 7533 7605 7534
f 7605 7606 7534
f 7534 7606 7535
f 7606 7607 7535
f 7535 7607 7536
f 7607 7608 7536
f 7536 7608 7537
f 7608 7609 7537
f 7537 7609 7538
f 7609 7610 7538
f 7538 7610 7539
f 7610 7611 7539
f 7539 7611 7540
f 7611 7612 7540
f 7540 7612 7541
f 7612 7613 7541
f 7541 7613 7542
f 7613 7614 7542
f 7542 7614 7543
f 7614 7615 7543
f 7543 7615 7544
f 7615 7616 7544
f 7544 7616 7545
f 7616 7617 7545
f 7545 7617 7546
f 7617 7618 7546
f 7546 7618 7547
f 7618 7619 7547
f 7547 7619 7548
f 7619 7620 7548
f 7548 7620 7549
f 7620 7621 7549
f 7549 7621 7550
f 7621 7622 7550
f 7550 7622 7551
f 7622 7623 7551
f 7551 7623 7552
f 7623 7624 7552
f 7552 7624 7553
f 7624 7625 7553
f 7553 7625 7554
f 7625 7626 7554
f 7554 7626 7555
f 7626 7627 7555
f 7555 7627 7556
f 7627 7628 7556
f 7556 7628 7557
f 7628 7629 7557
f 7557 7629 7558
f 7629 7630 7558
f 7558 7630 7559
f 7630 7631 7559
f 7559 7631 7560
f 7631 7632 7560
f 7560 7632 7489
f 7632 7561 7489
f 7561 7633 7562
f 7633 7634 7562
f 7562 7634 7563
f 7634 7635 7563
f 7563 7635 7564
f 7635 7636 7564
f 7564 7636 7565
f 7636 7637 7565
f 7565 7637 7566
f 7637 7638 7566
f 7566 7638 7567
f 7638 7639 7567
f 7567 7639 7568
f 7639 7640 7568
f 7568 7640 7569
f 7640 7641 7569
f 7569 7641 7570
f 7641 7642 7570
f 7570 7642 7571
f 7642 7643 7571
f 7571 7643 7572
f 7643 7644 7572
f 7572 7644 7573
f 7644 7645 7573
f 7573 7645 7574
f 7645 7646 7574
f 7574 7646 7575
f 7646 7647 7575
f 7575 7647 7576
f 7647 7648 7576
f 7576 7648 7577
f 7648 7649 7577
f 7577 7649 7578
f 7649 7650 7578
f 7578 7650 7579
f 7650 7651 7579
f 7579 7651 7580
f 7651 7652 7580
f 7580 7652 7581
f 7652 7653 7581
f 7581 7653 7582
f 7653 7654 7582
f 7582 7654 7583
f 7654 7655 7583
f 7583 7655 7584
f 7655 7656 7584
f 7584 7656 7585
f 7656 7657 7585
f 7585 7657 7586
f 7657 7658 7586
f 7586 7658 7587
f 7658 7659 7587
f 7587 7659 7588
f 7659 7660 7588
f 7588 7660 7589
f 7660 7661 7589
f 7589 7661 7590
f 7661 7662 7590
f 7590 7662 7591
f 7662 7663 7591
f 7591 7663 7592
f 7663 7664 7592
f 7592 7664 7593
f 7664 7665 7593
f 7593 7665 7594
f 7665 7666 7594
f 7594 7666 7595
f 7666 7667 7595
f 7595 7667 7596
f 7667 7668 7596
f 7596 7668 7597
f 7668 7669 7597
f 7597 7669 7598
f 7669 7670 7598
f 7598 7670 7599
f 7670 7671 7599
f 7599 7671 7600
f 7671 7672 7600
f 7600 7672 7601
f 7672 7673 7601
f 7601 7673 7602
f 7673 7674 7602
f 7602 7674 7603
f 7674 7675 7603
f 7603 7675 7604
f 7675 7676 7604
f 7604 7676 7605
f 7676 7677 7605
f 7605 7677 7606
f 7677 7678 7606
f 7606 7678 7607
f 7678 7679 7607
f 7607 7679 7608
f 7679 7680 7608
f 7608 7680 7609
f 7680 7681 7609
f 7609 7681 7610
f 7681 7682 7610
f 7610 7682 7611
f 7682 7683 7611
f 7611 7683 7612
f 7683 7684 7612
f 7612 7684 7613
f 7684 7685 7613
f 7613 7685 7614
f 7685 7686 7614
f 7614 7686 7615
f 7686 7687 7615
f 7615 7687 7616
f 7687 7688 7616
f 7616 7688 7617
f 7688 7689 7617
f 7617 7689 7618
f 7689 7690 7618
f 7618 7690 7619
f 7690 7691 7619
f 7619 7691 7620
f 7691 7692 7620
f 7620 7692 7621
f 7692 7693 7621
f 7621 7693 7622
f 7693 7694 7622
f 7622 7694 7623
f 7694 7695 7623
f 7623 7695 7624
f 7695 7696 7624
f 7624 7696 7625
f 7696 7697 7625
f 7625 7697 7626
f 7697 7698 7626
f 7626 7698 7627
f 7698 7699 7627
f 7627 7699 7628
f 7699 7700 7628
f 7628 7700 7629
f 7700 7701 7629
f 7629 7701 7630
f 7701 7702 7630
f 7630 7702 7631
f 7702 7703 7631
f 7631 7703 7632
f 7703 7704 7632
f 7632 7704 7561
f 7704 7633 7561
f 7633 7705 7634
f 7705 7706 7634
f 7634 7706 7635
f 7706 7707 7635
f 7635 7707 7636
f 7707 7708 7636
f 7636 7708 7637
f 7708 7709 7637
f 7637 7709 7638
f 7709 7710 7638
f 7638 7710 7639
f 7710 7711 7639
f 7639 7711 7640
f 7711 7712 7640
f 7640 7712 7641
f 7712 7713 7641
f 7641 7713 7642
f 7713 7714 7642
f 7642 7714 7643
f 7714 7715 7643
f 7643 7715 7644
f 7715 7716 7644
f 7644 7716 7645
f 7716 7717 7645
f 7645 7717 7646
f 7717 7718 7646
f 7646 7718 7647
f 7718 7719 7647
f 7647 7719 7648
f 7719 7720 7648
f 7648 7720 7649
f 7720 7721 7649
f 7649 7721 7650
f 7721 7722 7650
f 7650 7722 7651
f 7722 7723 7651
f 7651 7723 7652
f 7723 7724 7652
f 7652 7724 7653
f 7724 7725 7653
f 7653 7725 7654
f 7725 7726 7654
f 7654 7726 7655
f 7726 7727 7655
f 7655 7727 7656
f 7727 7728 7656
f 7656 7728 7657
f 7728 7729 7657
f 7657 7729 7658
f 7729 7730 7658
f 7658 7730 7659
f 7730 7731 7659
f 7659 7731 7660
f 7731 7732 7660
f 7660 7732 7661
f 7732 7733 7661
f 7661 7733 7662
f 7733 7734 7662
f 7662 7734 7663
f 7734 7735 7663
f 7663 7735 7664
f 7735 7736 7664
f 7664 7736 7665
f 7736 7737 7665
f 7665 7737 7666
f 7737 7738 7666
f 7666 7738 7667
f 7738 7739 7667
f 7667 7739 7668
f 7739 7740 7668
f 7668 7740 7669
f 7740 7741 7669
f 7669 7741 7670
f 7741 7742 7670
f 7670 7742 7671
f 7742 7743 7671
f 7671 7743 7672
f 7743 7744 7672
f 7672 7744 7673
f 7744 7745 7673
f 7673 7745 7674
f 7745 7746 7674
f 7674 7746 7675
f 7746 7747 7675
f 7675 7747 7676
f 7747 7748 7676
f 7676 7748 7677
f 7748 7749 7677
f 7677 7749 7678
f 7749 7750 7678
f 7678 7750 7679
f 7750 7751 7679
f 7679 7751 7680
f 7751 7752 7680
f 7680 7752 7681
f 7752 7753 7681
f 7681 7753 7682
f 7753 7754 7682
f 7682 7754 7683
f 7754 7755 7683
f 7683 7755 7684
f 7755 7756 7684
f 7684 7756 7685
f 7756 7757 7685
f 7685 7757 7686
f 7757 7758 7686
f 7686 7758 7687
f 7758 7759 7687
f 7687 7759 7688
f 7759 7760 7688
f 7688 7760 7689
f 7760 7761 7689
f 7689 7761 7690
f 7761 7762 7690
f 7690 7762 7691
f 7762 7763 7691
f 7691 7763 7692
f 7763 7764 7692
f 7692 7764 7693
f 7764 7765 7693
f 7693 7765 7694
f 7765 7766 7694
f 7694 7766 7695
f 7766 7767 7695
f 7695 7767 7696
f 7767 7768 7696
f 7696 7768 7697
f 7768 7769 7697
f 7697 7769 7698
f 7769 7770 7698
f 7698 7770 7699
f 7770 7771 7699
f 7699 7771 7700
f 7771 7772 7700
f 7700 7772 7701
f 7772 7773 7701
f 7701 7773 7702
f 7773 7774 7702
f 7702 7774 7703
f 7774 7775 7703
f 7703 7775 7704
f 7775 7776 7704
f 7704 7776 7633
f 7776 7705 7633
f 7705 7777 7706
f 7777 7778 7706
f 7706 7778 7707
f 7778 7779 7707
f 7707 7779 7708
f 7779 7780 7708
f 7708 7780 7709
f 7780 7781 7709
f 7709 7781 7710
f 7781 7782 7710
f 7710 7782 7711
f 7782 7783 7711
f 7711 7783 7712
f 7783 7784 7712
f 7712 7784 7713
f 7784 7785 7713
f 7713 7785 7714
f 7785 7786 7714
f 7714 7786 7715
f 7786 7787 7715
f 7715 7787 7716
f 7787 7788 7716
f 7716 7788 7717
f 7788 7789 7717
f 7717 7789 7718
f 7789 7790 7718
f 7718 7790 7719
f 7790 7791 7719
f 7719 7791 7720
f 7791 7792 7720
f 7720 7792 7721
f 7792 7793 7721
f 7721 7793 7722
f 7793 7794 7722
f 7722 7794 7723
f 7794 7795 7723
f 7723 7795 7724
f 7795 7796 7724
f 7724 7796 7725
f 7796 7797 7725
f 7725 7797 7726
f 7797 7798 7726
f 7726 7798 7727
f 7798 7799 7727
f 7727 7799 7728
f 7799 7800 7728
f 7728 7800 7729
f 7800 7801 7729
f 7729 7801 7730
f 7801 7802 7730
f 7730 7802 7731
f 7802 7803 7731
f 7731 7803 7732
f 7803 7804 7732
f 7732 7804 7733
f 7804 7805 7733
f 7733 7805 7734
f 7805 7806 7734
f 7734 7806 7735
f 7806 7807 7735
f 7735 7807 7736
f 7807 7808 7736
f 7736 7808 7737
f 7808 7809 7737
f 7737 7809 7738
f 7809 7810 7738
f 7738 7810 7739
f 7810 7811 7739
f 7739 7811 7740
f 7811 7812 7740
f 7740 7812 7741
f 7812 7813 7741
f 7741 7813 7742
f 7813 7814 7742
f 7742 7814 7743
f 7814 7815 7743
f 7743 7815 7744
f 7815 7816 7744
f 7744 7816 7745
f 7816 7817 7745
f 7745 7817 7746
f 7817 7818 7746
f 7746 7818 7747
f 7818 7819 7747
f 7747 7819 7748
f 7819 7820 7748
f 7748 7820 7749
f 7820 7821 7749
f 7749 7821 7750
f 7821 7822 7750
f 7750 7822 7751
f 7822 7823 7751
f 7751 7823 7752
f 7823 7824 7752
f 7752 7824 7753
f 7824 7825 7753
f 7753 7825 7754
f 7825 7826 7754
f 7754 7826 7755
f 7826 7827 7755
f 7755 7827 7756
f 7827 7828 7756
f 7756 7828 7757
f 7828 7829 7757
f 7757 7829 7758
f 7829 7830 7758
f 7758 7830 7759
f 7830 7831 7759
f 7759 7831 7760
f 7831 7832 7760
f 7760 7832 7761
f 7832 7833 7761
f 7761 7833 7762
f 7833 7834 7762
f 7762 7834 7763
f 7834 7835 7763
f 7763 7835 7764
f 7835 7836 7764
f 7764 7836 7765
f 7836 7837 7765
f 7765 7837 7766
f 7837 7838 7766
f 7766 7838 7767
f 7838 7839 7767
f 7767 7839 7768
f 7839 7840 7768
f 7768 7840 7769
f 7840 7841 7769
f 7769 7841 7770
f 7841 7842 7770
f 7770 7842 7771
f 7842 7843 7771
f 7771 7843 7772
f 7843 7844 7772
f 7772 7844 7773
f 7844 7845 7773
f 7773 7845 7774
f 7845 7846 7774
f 7774 7846 7775
f 7846 7847 7775
f 7775 7847 7776
f 7847 7848 7776
f 7776 7848 7705
f 7848 7777 7705
f 7777 7849 7778
f 7849 7850 7778
f 7778 7850 7779
f 7850 7851 7779
f 7779 7851 7780
f 7851 7852 7780
f 7780 7852 7781
f 7852 7853 7781
f 7781 7853 7782
f 7853 7854 7782
f 7782 7854 7783
f 7854 7855 7783
f 7783 7855 7784
f 7855 7856 7784
f 7784 7856 7785
f 7856 7857 7785
f 7785 7857 7786
f 7857 7858 7786
f 7786 7858 7787
f 7858 7859 7787
f 7787 7859 7788
f 7859 7860 7788
f 7788 7860 7789
f 7860 7861 7789
f 7789 7861 7790
f 7861 7862 7790
f 7790 7862 7791
f 7862 7863 7791
f 7791 7863 7792
f 7863 7864 7792
f 7792 7864 7793
f 7864 7865 7793
f 7793 7865 7794
f 7865 7866 7794
f 7794 7866 7795
f 7866 7867 7795
f 7795 7867 7796
f 7867 7868 7796
f 7796 7868 7797
f 7868 7869 7797
f 7797 7869 7798
f 7869 7870 7798
f 7798 7870 7799
f 7870 7871 7799
f 7799 7871 7800
f 7871 7872 7800
f 7800 7872 7801
f 7872 7873 7801
f 7801 7873 7802
f 7873 7874 7802
f 7802 7874 7803
f 7874 7875 7803
f 7803 7875 7804
f 7875 7876 7804
f 7804 7876 7805
f 7876 7877 7805
f 7805 7877 7806
f 7877 7878 7806
f 7806 7878 7807
f 7878 7879 7807
f 7807 7879 7808
f 7879 7880 7808
f 7808 7880 7809
f 7880 7881 7809
f 7809 7881 7810
f 7881 7882 7810
f 7810 7882 7811
f 7882 7883 7811
f 7811 7883 7812
f 7883 7884 7812
f 7812 7884 7813
f 7884 7885 7813
f 7813 7885 7814
f 7885 7886 7814
f 7814 7886 7815
f 7886 7887 7815
f 7815 7887 7816
f 7887 7888 7816
f 7816 7888 7817
f 7888 7889 7817
f 7817 7889 7818
f 7889 7890 7818
f 7818 7890 7819
f 7890 7891 7819
f 7819 7891 7820
f 7891 7892 7820
f 7820 7892 7821
f 7892 7893 7821
f 7821 7893 7822
f 7893 7894 7822
f 7822 7894 7823
f 7894 7895 7823
f 7823 7895 7824
f 7895 7896 7824
f 7824 7896 7825
f 7896 7897 7825
f 7825 7897 7826
f 7897 7898 7826
f 7826 7898 7827
f 7898 7899 7827
f 7827 7899 7828
f 7899 7900 7828
f 7828 7900 7829
f 7900 7901 7829
f 7829 7901 7830
f 7901 7902 7830
f 7830 7902 7831
f 7902 7903 7831
f 7831 7903 7832
f 7903 7904 7832
f 7832 7904 7833
f 7904 7905 7833
f 7833 7905 7834
f 7905 7906 7834
f 7834 7906 7835
f 7906 7907 7835
f 7835 7907 7836
f 7907 7908 7836
f 7836 7908 7837
f 7908 7909 7837
f 7837 7909 7838
f 7909 7910 7838
f 7838 7910 7839
f 7910 7911 7839
f 7839 7911 7840
f 7911 7912 7840
f 7840 7912 7841
f 7912 7913 7841
f 7841 7913 7842
f 7913 7914 7842
f 7842 7914 7843
f 7914 7915 7843
f 7843 7915 7844
f 7915 7916 7844
f 7844 7916 7845
f 7916 7917 7845
f 7845 7917 7846
f 7917 7918 7846
f 7846 7918 7847
f 7918 7919 7847
f 7847 7919 7848
f 7919 7920 7848
f 7848 7920 7777
f 7920 7849 7777
f 7849 7921 7850
f 7921 7922 7850
f 7850 7922 7851
f 7922 7923 7851
f 7851 7923 7852
f 7923 7924 7852
f 7852 7924 7853
f 7924 7925 7853
f 7853 7925 7854
f 7925 7926 7854
f 7854 7926 7855
f 7926 7927 7855
f 7855 7927 7856
f 7927 7928 7856
f 7856 7928 7857
f 7928 7929 7857
f 7857 7929 7858
f 7929 7930 7858
f 7858 7930 7859
f 7930 7931 7859
f 7859 7931 7860
f 7931 7932 7860
f 7860 7932 7861
f 7932 7933 7861
f 7861 7933 7862
f 7933 7934 7862
f 7862 7934 7863
f 7934 7935 7863
f 7863 7935 7864
f 7935 7936 7864
f 7864 7936 7865
f 7936 7937 7865
f 7865 7937 7866
f 7937 7938 7866
f 7866 7938 7867
f 7938 7939 7867
f 7867 7939 7868
f 7939 7940 7868
f 7868 7940 7869
f 7940 7941 7869
f 7869 7941 7870
f 7941 7942 7870
f 7870 7942 7871
f 7942 7943 7871
f 7871 7943 7872
f 7943 7944 7872
f 7872 7944 7873
f 7944 7945 7873
f 7873 7945 7874
f 7945 7946 7874
f 7874 7946 7875
f 7946 7947 7875
f 7875 7947 7876
f 7947 7948 7876
f 7876 7948 7877
f 7948 7949 7877
f 7877 7949 7878
f 7949 7950 7878
f 7878 7950 7879
f 7950 7951 7879
f 7879 7951 7880
f 7951 7952 7880
f 7880 7952 7881
f 7952 7953 7881
f 7881 7953 7882
f 7953 7954 7882
f 7882 7954 7883
f 7954 7955 7883
f 7883 7955 7884
f 7955 7956 7884
f 7884 7956 7885
f 7956 7957 7885
f 7885 7957 7886
f 7957 7958 7886
f 7886 7958 7887
f 7958 7959 7887
f 7887 7959 7888
f 7959 7960 7888
f 7888 7960 7889
f 7960 7961 7889
f 7889 7961 7890
f 7961 7962 7890
f 7890 7962 7891
f 7962 7963 7891
f 7891 7963 7892
f 7963 7964 7892
f 7892 7964 7893
f 7964 7965 7893
f 7893 7965 7894
f 7965 7966 7894
f 7894 7966 7895
f 7966 7967 7895
f 7895 7967 7896
f 7967 7968 7896
f 7896 7968 7897
f 7968 7969 7897
f 7897 7969 7898
f 7969 7970 7898
f 7898 7970 7899
f 7970 7971 7899
f 7899 7971 7900
f 7971 7972 7900
f 7900 7972 7901
f 7972 7973 7901
f 7901 7973 7902
f 7973 7974 7902
f 7902 7974 7903
f 7974 7975 7903
f 7903 7975 7904
f 7975 7976 7904
f 7904 7976 7905
f 7976 7977 7905
f 7905 7977 7906
f 7977 7978 7906
f 7906 7978 7907
f 7978 7979 7907
f 7907 7979 7908
f 7979 7980 7908
f 7908 7980 7909
f 7980 7981 7909
f 7909 7981 7910
f 7981 7982 7910
f 7910 7982 7911
f 7982 7983 7911
f 7911 7983 7912
f 7983 7984 7912
f 7912 7984 7913
f 7984 7985 7913
f 7913 7985 7914
f 7985 7986 7914
f 7914 7986 7915
f 7986 7987 7915
f 7915 7987 7916
f 7987 7988 7916
f 7916 7988 7917
f 7988 7989 7917
f 7917 7989 7918
f 7989 7990 7918
f 7918 7990 7919
f 7990 7991 7919
f 7919 7991 7920
f 7991 7992 7920
f 7920 7992 7849
f 7992 7921 7849
f 7921 7993 7922
f 7993 7994 7922
f 7922 7994 7923
f 7994 7995 7923
f 7923 7995 7924
f 7995 7996 7924
f 7924 7996 7925
f 7996 7997 7925
f 7925 7997 7926
f 7997 7998 7926
f 7926 7998 7927
f 7998 7999 7927
f 7927 7999 7928
f 7999 8000 7928
f 7928 8000 7929
f 8000 8001 7929
f 7929 8001 7930
f 8001 8002 7930
f 7930 8002 7931
f 8002 8003 7931
f 7931 8003 7932
f 8003 8004 7932
f 7932 8004 7933
f 8004 8005 7933
f 7933 8005 7934
f 8005 8006 7934
f 7934 8006 7935
f 8006 8007 7935
f 7935 8007 7936
f 8007 8008 7936
f 7936 8008 7937
f 8008 8009 7937
f 7937 8009 7938
f 8009 8010 7938
f 7938 8010 7939
f 8010 8011 7939
f 7939 8011 7940
f 8011 8012 7940
f 7940 8012 7941
f 8012 8013 7941
f 7941 8013 7942
f 8013 8014 7942
f 7942 8014 7943
f 8014 8015 7943
f 7943 8015 7944
f 8015 8016 7944
f 7944 8016 7945
f 8016 8017 7945
f 7945 8017 7946
f 8017 8018 7946
f 7946 8018 7947
f 8018 8019 7947
f 7947 8019 7948
f 8019 8020 7948
f 7948 8020 7949
f 8020 8021 7949
f 7949 8021 7950
f 8021 8022 7950
f 7950 8022 7951
f 8022 8023 7951
f 7951 8023 7952
f 8023 8024 7952
f 7952 8024 7953
f 8024 8025 7953
f 7953 8025 7954
f 8025 8026 7954
f 7954 8026 7955
f 8026 8027 7955
f 7955 8027 7956
f 8027 8028 7956
f 7956 8028 7957
f 8028 8029 7957
f 7957 8029 7958
f 8029 8030 7958
f 7958 8030 7959
f 8030 8031 7959
f 7959 8031 7960
f 8031 8032 7960
f 7960 8032 7961
f 8032 8033 7961
f 7961 8033 7962
f 8033 8034 7962
f 7962 8034 7963
f 8034 8035 7963
f 7963 8035 7964
f 8035 8036 7964
f 7964 8036 7965
f 8036 8037 7965
f 7965 8037 7966
f 8037 8038 7966
f 7966 8038 7967
f 8038 8039 7967
f 7967 8039 7968
f 8039 8040 7968
f 7968 8040 7969
f 8040 8041 7969
f 7969 8041 7970
f 8041 8042 7970
f 7970 8042 7971
f 8042 8043 7971
f 7971 8043 7972
f 8043 8044 7972
f 7972 8044 7973
f 8044 8045 7973
f 7973 8045 7974
f 8045 8046 7974
f 7974 8046 7975
f 8046 8047 7975
f 7975 8047 7976
f 8047 8048 7976
f 7976 8048 7977
f 8048 8049 7977
f 7977 8049 7978
f 8049 8050 7978
f 7978 8050 7979
f 8050 8051 7979
f 7979 8051 7980
f 8051 8052 7980
f 7980 8052 7981
f 8052 8053 7981
f 7981 8053 7982
f 8053 8054 7982
f 7982 8054 7983
f 8054 8055 7983
f 7983 8055 7984
f 8055 8056 7984
f 7984 8056 7985
f 8056 8057 7985
f 7985 8057 7986
f 8057 8058 7986
f 7986 8058 7987
f 8058 8059 7987
f 7987 8059 7988
f 8059 8060 7988
f 7988 8060 7989
f 8060 8061 7989
f 7989 8061 7990
f 8061 8062 7990
f 7990 8062 7991
f 8062 8063 7991
f 7991 8063 7992
f 8063 8064 7992
f 7992 8064 7921
f 8064 7993 7921
f 7993 8065 7994
f 8065 8066 7994
f 7994 8066 7995
f 8066 8067 7995
f 7995 8067 7996
f 8067 8068 7996
f 7996 8068 7997
f 8068 8069 7997
f 7997 8069 7998
f 8069 8070 7998
f 7998 8070 7999
f 8070 8071 7999
f 7999 8071 8000
f 8071 8072 8000
f 8000 8072 8001
f 8072 8073 8001
f 8001 8073 8002
f 8073 8074 8002
f 8002 8074 8003
f 8074 8075 8003
f 8003 8075 8004
f 8075 8076 8004
f 8004 8076 8005
f 8076 8077 8005
f 8005 8077 8006
f 8077 8078 8006
f 8006 8078 8007
f 8078 8079 8007
f 8007 8079 8008
f 8079 8080 8008
f 8008 8080 8009
f 8080 8081 8009
f 8009 8081 8010
f 8081 8082 8010
f 8010 8082 8011
f 8082 8083 8011
f 8011 8083 8012
f 8083 8084 8012
f 8012 8084 8013
f 8084 8085 8013
f 8013 8085 8014
f 8085 8086 8014
f 8014 8086 8015
f 8086 8087 8015
f 8015 8087 8016
f 8087 8088 8016
f 8016 8088 8017
f 8088 8089 8017
f 8017 8089 8018
f 8089 8090 8018
f 8018 8090 8019
f 8090 8091 8019
f 8019 8091 8020
f 8091 8092 8020
f 8020 8092 8021
f 8092 8093 8021
f 8021 8093 8022
f 8093 8094 8022
f 8022 8094 8023
f 8094 8095 8023
f 8023 8095 8024
f 8095 8096 8024
f 8024 8096 8025
f 8096 8097 8025
f 8025 8097 8026
f 8097 8098 8026
f 8026 8098 8027
f 8098 8099 8027
f 8027 8099 8028
f 8099 8100 8028
f 8028 8100 8029
f 8100 8101 8029
f 8029 8101 8030
f 8101 8102 8030
f 8030 8102 8031
f 8102 8103 8031
f 8031 8103 8032
f 8103 8104 8032
f 8032 8104 8033
f 8104 8105 8033
f 8033 8105 8034
f 8105 8106 8034
f 8034 8106 8035
f 8106 8107 8035
f 8035 8107 8036
f 8107 8108 8036
f 8036 8108 8037
f 8108 8109 8037
f 8037 8109 8038
f 8109 8110 8038
f 8038 8110 8039
f 8110 8111 8039
f 8039 8111 8040
f 8111 8112 8040
f 8040 8112 8041
f 8112 8113 8041
f 8041 8113 8042
f 8113 8114 8042
f 8042 8114 8043
f 8114 8115 8043
f 8043 8115 8044
f 8115 8116 8044
f 8044 8116 8045
f 8116 8117 8045
f 8045 8117 8046
f 8117 8118 8046
f 8046 8118 8047
f 8118 8119 8047
f 8047 8119 8048
f 8119 8120 8048
f 8048 8120 8049
f 8120 8121 8049
f 8049 8121 8050
f 8121 8122 8050
f 8050 8122 8051
f 8122 8123 8051
f 8051 8123 8052
f 8123 8124 8052
f 8052 8124 8053
f 8124 8125 8053
f 8053 8125 8054
f 8125 8126 8054
f 8054 8126 8055
f 8126 8127 8055
f 8055 8127 8056
f 8127 8128 8056
f 8056 8128 8057
f 8128 8129 8057
f 8057 8129 8058
f 8129 8130 8058
f 8058 8130 8059
f 8130 8131 8059
f 8059 8131 8060
f 8131 8132 8060
f 8060 8132 8061
f 8132 8133 8061
f 8061 8133 8062
f 8133 8134 8062
f 8062 8134 8063
f 8134 8135 8063
f 8063 8135 8064
f 8135 8136 8064
f 8064 8136 7993
f 8136 8065 7993
f 8065 8137 8066
f 8137 8138 8066
f 8066 8138 8067
f 8138 8139 8067
f 8067 8139 8068
f 8139 8140 8068
f 8068 8140 8069
f 8140 8141 8069
f 8069 8141 8070
f 8141 8142 8070
f 8070 8142 8071
f 8142 8143 8071
f 8071 8143 8072
f 8143 8144 8072
f 8072 8144 8073
f 8144 8145 8073
f 8073 8145 8074
f 8145 8146 8074
f 8074 8146 8075
f 8146 8147 8075
f 8075 8147 8076
f 8147 8148 8076
f 8076 8148 8077
f 8148 8149 8077
f 8077 8149 8078
f 8149 8150 8078
f 8078 8150 8079
f 8150 8151 8079
f 8079 8151 8080
f 8151 8152 8080
f 8080 8152 8081
f 8152 8153 8081
f 8081 8153 8082
f 8153 8154 8082
f 8082 8154 8083
f 8154 8155 8083
f 8083 8155 8084
f 8155 8156 8084
f 8084 8156 8085
f 8156 8157 8085
f 8085 8157 8086
f 8157 8158 8086
f 8086 8158 8087
f 8158 8159 8087
f 8087 8159 8088
f 8159 8160 8088
f 8088 8160 8089
f 8160 8161 8089
f 8089 8161 8090
f 8161 8162 8090
f 8090 8162 8091
f 8162 8163 8091
f 8091 8163 8092
f 8163 8164 8092
f 8092 8164 8093
f 8164 8165 8093
f 8093 8165 8094
f 8165 8166 8094
f 8094 8166 8095
f 8166 8167 8095
f 8095 8167 8096
f 8167 8168 8096
f 8096 8168 8097
f 8168 8169 8097
f 8097 8169 8098
f 8169 8170 8098
f 8098 8170 8099
f 8170 8171 8099
f 8099 8171 8100
f 8171 8172 8100
f 8100 8172 8101
f 8172 8173 8101
f 8101 8173 8102
f 8173 8174 8102
f 8102 8174 8103
f 8174 8175 8103
f 8103 8175 8104
f 8175 8176 8104
f 8104 8176 8105
f 8176 8177 8105
f 8105 8177 8106
f 8177 8178 8106
f 8106 8178 8107
f 8178 8179 8107
f 8107 8179 8108
f 8179 8180 8108
f 8108 8180 8109
f 8180 8181 8109
f 8109 8181 8110
f 8181 8182 8110
f 8110 8182 8111
f 8182 8183 8111
f 8111 8183 8112
f 8183 8184 8112
f 8112 8184 8113
f 8184 8185 8113
f 8113 8185 8114
f 8185 8186 8114
f 8114 8186 8115
f 8186 8187 8115
f 8115 8187 8116
f 8187 8188 8116
f 8116 8188 8117
f 8188 8189 8117
f 8117 8189 8118
f 8189 8190 8118
f 8118 8190 8119
f 8190 8191 8119
f 8119 8191 8120
f 8191 8192 8120
f 8120 8192 8121
f 8192 8193 8121
f 8121 8193 8122
f 8193 8194 8122
f 8122 8194 8123
f 8194 8195 8123
f 8123 8195 8124
f 8195 8196 8124
f 8124 8196 8125
f 8196 8197 8125
f 8125 8197 8126
f 8197 8198 8126
f 8126 8198 8127
f 8198 8199 8127
f 8127 8199 8128
f 8199 8200 8128
f 8128 8200 8129
f 8200 8201 8129
f 8129 8201 8130
f 8201 8202 8130
f 8130 8202 8131
f 8202 8203 8131
f 8131 8203 8132
f 8203 8204 8132
f 8132 8204 8133
f 8204 8205 8133
f 8133 8205 8134
f 8205 8206 8134
f 8134 8206 8135
f 8206 8207 8135
f 8135 8207 8136
f 8207 8208 8136
f 8136 8208 8065
f 8208 8137 8065
f 8137 8209 8138
f 8209 8210 8138
f 8138 8210 8139
f 8210 8211 8139
f 8139 8211 8140
f 8211 8212 8140
f 8140 8212 8141
f 8212 8213 8141
f 8141 8213 8142
f 8213 8214 8142
f 8142 8214 8143
f 8214 8215 8143
f 8143 8215 8144
f 8215 8216 8144
f 8144 8216 8145
f 8216 8217 8145
f 8145 8217 8146
f 8217 8218 8146
f 8146 8218 8147
f 8218 8219 8147
f 8147 8219 8148
f 8219 8220 8148
f 8148 8220 8149
f 8220 8221 8149
f 8149 8221 8150
f 8221 8222 8150
f 8150 8222 8151
f 8222 8223 8151
f 8151 8223 8152
f 8223 8224 8152
f 8152 8224 8153
f 8224 8225 8153
f 8153 8225 8154
f 8225 8226 8154
f 8154 8226 8155
f 8226 8227 8155
f 8155 8227 8156
f 8227 8228 8156
f 8156 8228 8157
f 8228 8229 8157
f 8157 8229 8158
f 8229 8230 8158
f 8158 8230 8159
f 8230 8231 8159
f 8159 8231 8160
f 8231 8232 8160
f 8160 8232 8161
f 8232 8233 8161
f 8161 8233 8162
f 8233 8234 8162
f 8162 8234 8163
f 8234 8235 8163
f 8163 8235 8164
f 8235 8236 8164
f 8164 8236 8165
f 8236 8237 8165
f 8165 8237 8166
f 8237 8238 8166
f 8166 8238 8167
f 8238 8239 8167
f 8167 8239 8168
f 8239 8240 8168
f 8168 8240 8169
f 8240 8241 8169
f 8169 8241 8170
f 8241 8242 8170
f 8170 8242 8171
f 8242 8243 8171
f 8171 8243 8172
f 8243 8244 8172
f 8172 8244 8173
f 8244 8245 8173
f 8173 8245 8174
f 8245 8246 8174
f 8174 8246 8175
f 8246 8247 8175
f 8175 8247 8176
f 8247 8248 8176
f 8176 8248 8177
f 8248 8249 8177
f 8177 8249 8178
f 8249 8250 8178
f 8178 8250 8179
f 8250 8251 8179
f 8179 8251 8180
f 8251 8252 8180
f 8180 8252 8181
f 8252 8253 8181
f 8181 8253 8182
f 8253 8254 8182
f 8182 8254 8183
f 8254 8255 8183
f 8183 8255 8184
f 8255 8256 8184
f 8184 8256 8185
f 8256 8257 8185
f 8185 8257 8186
f 8257 8258 8186
f 8186 8258 8187
f 8258 8259 8187
f 8187 8259 8188
f 8259 8260 8188
f 8188 8260 8189
f 8260 8261 8189
f 8189 8261 8190
f 8261 8262 8190
f 8190 8262 8191
f 8262 8263 8191
f 8191 8263 8192
f 8263 8264 8192
f 8192 8264 8193
f 8264 8265 8193
f 8193 8265 8194
f 8265 8266 8194
f 8194 8266 8195
f 8266 8267 8195
f 8195 8267 8196
f 8267 8268 8196
f 8196 8268 8197
f 8268 8269 8197
f 8197 8269 8198
f 8269 8270 8198
f 8198 8270 8199
f 8270 8271 8199
f 8199 8271 8200
f 8271 8272 8200
f 8200 8272 8201
f 8272 8273 8201
f 8201 8273 8202
f 8273 8274 8202
f 8202 8274 8203
f 8274 8275 8203
f 8203 8275 8204
f 8275 8276 8204
f 8204 8276 8205
f 8276 8277 8205
f 8205 8277 8206
f 8277 8278 8206
f 8206 8278 8207
f 8278 8279 8207
f 8207 8279 8208
f 8279 8280 8208
f 8208 8280 8137
f 8280 8209 8137
f 8209 8281 8210
f 8281 8282 8210
f 8210 8282 8211
f 8282 8283 8211
f 8211 8283 8212
f 8283 8284 8212
f 8212 8284 8213
f 8284 8285 8213
f 8213 8285 8214
f 8285 8286 8214
f 8214 8286 8215
f 8286 8287 8215
f 8215 8287 8216
f 8287 8288 8216
f 8216 8288 8217
f 8288 8289 8217
f 8217 8289 8218
f 8289 8290 8218
f 8218 8290 8219
f 8290 8291 8219
f 8219 8291 8220
f 8291 8292 8220
f 8220 8292 8221
f 8292 8293 8221
f 8221 8293 8222
f 8293 8294 8222
f 8222 8294 8223
f 8294 8295 8223
f 8223 8295 8224
f 8295 8296 8224
f 8224 8296 8225
f 8296 8297 8225
f 8225 8297 8226
f 8297 8298 8226
f 8226 8298 8227
f 8298 8299 8227
f 8227 8299 8228
f 8299 8300 8228
f 8228 8300 8229
f 8300 8301 8229
f 8229 8301 8230
f 8301 8302 8230
f 8230 8302 8231
f 8302 8303 8231
f 8231 8303 8232
f 8303 8304 8232
f 8232 8304 8233
f 8304 8305 8233
f 8233 8305 8234
f 8305 8306 8234
f 8234 8306 8235
f 8306 8307 8235
f 8235 8307 8236
f 8307 8308 8236
f 8236 8308 8237
f 8308 8309 8237
f 8237 8309 8238
f 8309 8310 8238
f 8238 8310 8239
f 8310 8311 8239
f 8239 8311 8240
f 8311 8312 8240
f 8240 8312 8241
f 8312 8313 8241
f 8241 8313 8242
f 8313 8314 8242
f 8242 8314 8243
f 8314 8315 8243
f 8243 8315 8244
f 8315 8316 8244
f 8244 8316 8245
f 8316 8317 8245
f 8245 8317 8246
f 8317 8318 8246
f 8246 8318 8247
f 8318 8319 8247
f 8247 8319 8248
f 8319 8320 8248
f 8248 8320 8249
f 8320 8321 8249
f 8249 8321 8250
f 8321 8322 8250
f 8250 8322 8251
f 8322 8323 8251
f 8251 8323 8252
f 8323 8324 8252
f 8252 8324 8253
f 8324 8325 8253
f 8253 8325 8254
f 8325 8326 8254
f 8254 8326 8255
f 8326 8327 8255
f 8255 8327 8256
f 8327 8328 8256
f 8256 8328 8257
f 8328 8329 8257
f 8257 8329 8258
f 8329 8330 8258
f 8258 8330 8259
f 8330 8331 8259
f 8259 8331 8260
f 8331 8332 8260
f 8260 8332 8261
f 8332 8333 8261
f 8261 8333 8262
f 8333 8334 8262
f 8262 8334 8263
f 8334 8335 8263
f 8263 8335 8264
f 8335 8336 8264
f 8264 8336 8265
f 8336 8337 8265
f 8265 8337 8266
f 8337 8338 8266
f 8266 8338 8267
f 8338 8339 8267
f 8267 8339 8268
f 8339 8340 8268
f 8268 8340 8269
f 8340 8341 8269
f 8269 8341 8270
f 8341 8342 8270
f 8270 8342 8271
f 8342 8343 8271
f 8271 8343 8272
f 8343 8344 8272
f 8272 8344 8273
f 8344 8345 8273
f 8273 8345 8274
f 8345 8346 8274
f 8274 8346 8275
f 8346 8347 8275
f 8275 8347 8276
f 8347 8348 8276
f 8276 8348 8277
f 8348 8349 8277
f 8277 8349 8278
f 8349 8350 8278
f 8278 8350 8279
f 8350 8351 8279
f 8279 8351 8280
f 8351 8352 8280
f 8280 8352 8209
f 8352 8281 8209
f 8281 8353 8282
f 8353 8354 8282
f 8282 8354 8283
f 8354 8355 8283
f 8283 8355 8284
f 8355 8356 8284
f 8284 8356 8285
f 8356 8357 8285
f 8285 8357 8286
f 8357 8358 8286
f 8286 8358 8287
f 8358 8359 8287
f 8287 8359 8288
f 8359 8360 8288
f 8288 8360 8289
f 8360 8361 8289
f 8289 8361 8290
f 8361 8362 8290
f 8290 8362 8291
f 8362 8363 8291
f 8291 8363 8292
f 8363 8364 8292
f 8292 8364 8293
f 8364 8365 8293
f 8293 8365 8294
f 8365 8366 8294
f 8294 8366 8295
f 8366 8367 8295
f 8295 8367 8296
f 8367 8368 8296
f 8296 8368 8297
f 8368 8369 8297
f 8297 8369 8298
f 8369 8370 8298
f 8298 8370 8299
f 8370 8371 8299
f 8299 8371 8300
f 8371 8372 8300
f 8300 8372 8301
f 8372 8373 8301
f 8301 8373 8302
f 8373 8374 8302
f 8302 8374 8303
f 8374 8375 8303
f 8303 8375 8304
f 8375 8376 8304
f 8304 8376 8305
f 8376 8377 8305
f 8305 8377 8306
f 8377 8378 8306
f 8306 8378 8307
f 8378 8379 8307
f 8307 8379 8308
f 8379 8380 8308
f 8308 8380 8309
f 8380 8381 8309
f 8309 8381 8310
f 8381 8382 8310
f 8310 8382 8311
f 8382 8383 8311
f 8311 8383 8312
f 8383 8384 8312
f 8312 8384 8313
f 8384 8385 8313
f 8313 8385 8314
f 8385 8386 8314
f 8314 8386 8315
f 8386 8387 8315
f 8315 8387 8316
f 8387 8388 8316
f 8316 8388 8317
f 8388 8389 8317
f 8317 8389 8318
f 8389 8390 8318
f 8318 8390 8319
f 8390 8391 8319
f 8319 8391 8320
f 8391 8392 8320
f 8320 8392 8321
f 8392 8393 8321
f 8321 8393 8322
f 8393 8394 8322
f 8322 8394 8323
f 8394 8395 8323
f 8323 8395 8324
f 8395 8396 8324
f 8324 8396 8325
f 8396 8397 8325
f 8325 8397 8326
f 8397 8398 8326
f 8326 8398 8327
f 8398 8399 8327
f 8327 8399 8328
f 8399 8400 8328
f 8328 8400 8329
f 8400 8401 8329
f 8329 8401 8330
f 8401 8402 8330
f 8330 8402 8331
f 8402 8403 8331
f 8331 8403 8332
f 8403 8404 8332
f 8332 8404 8333
f 8404 8405 8333
f 8333 8405 8334
f 8405 8406 8334
f 8334 8406 8335
f 8406 8407 8335
f 8335 8407 8336
f 8407 8408 8336
f 8336 8408 8337
f 8408 8409 8337
f 8337 8409 8338
f 8409 8410 8338
f 8338 8410 8339
f 8410 8411 8339
f 8339 8411 8340
f 8411 8412 8340
f 8340 8412 8341
f 8412 8413 8341
f 8341 8413 8342
f 8413 8414 8342
f 8342 8414 8343
f 8414 8415 8343
f 8343 8415 8344
f 8415 8416 8344
f 8344 8416 8345
f 8416 8417 8345
f 8345 8417 8346
f 8417 8418 8346
f 8346 8418 8347
f 8418 8419 8347
f 8347 8419 8348
f 8419 8420 8348
f 8348 8420 8349
f 8420 8421 8349
f 8349 8421 8350
f 8421 8422 8350
f 8350 8422 8351
f 8422 8423 8351
f 8351 8423 8352
f 8423 8424 8352
f 8352 8424 8281
f 8424 8353 8281
f 8353 8425 8354
f 8425 8426 8354
f 8354 8426 8355
f 8426 8427 8355
f 8355 8427 8356
f 8427 8428 8356
f 8356 8428 8357
f 8428 8429 8357
f 8357 8429 8358
f 8429 8430 8358
f 8358 8430 8359
f 8430 8431 8359
f 8359 8431 8360
f 8431 8432 8360
f 8360 8432 8361
f 8432 8433 8361
f 8361 8433 8362
f 8433 8434 8362
f 8362 8434 8363
f 8434 8435 8363
f 8363 8435 8364
f 8435 8436 8364
f 8364 8436 8365
f 8436 8437 8365
f 8365 8437 8366
f 8437 8438 8366
f 8366 8438 8367
f 8438 8439 8367
f 8367 8439 8368
f 8439 8440 8368
f 8368 8440 8369
f 8440 8441 8369
f 8369 8441 8370
f 8441 8442 8370
f 8370 8442 8371
f 8442 8443 8371
f 8371 8443 8372
f 8443 8444 8372
f 8372 8444 8373
f 8444 8445 8373
f 8373 8445 8374
f 8445 8446 8374
f 8374 8446 8375
f 8446 8447 8375
f 8375 8447 8376
f 8447 8448 8376
f 8376 8448 8377
f 8448 8449 8377
f 8377 8449 8378
f 8449 8450 8378
f 8378 8450 8379
f 8450 8451 8379
f 8379 8451 8380
f 8451 8452 8380
f 8380 8452 8381
f 8452 8453 8381
f 8381 8453 8382
f 8453 8454 8382
f 8382 8454 8383
f 8454 8455 8383
f 8383 8455 8384
f 8455 8456 8384
f 8384 8456 8385
f 8456 8457 8385
f 8385 8457 8386
f 8457 8458 8386
f 8386 8458 8387
f 8458 8459 8387
f 8387 8459 8388
f 8459 8460 8388
f 8388 8460 8389
f 8460 8461 8389
f 8389 8461 8390
f 8461 8462 8390
f 8390 8462 8391
f 8462 8463 8391
f 8391 8463 8392
f 8463 8464 8392
f 8392 8464 8393
f 8464 8465 8393
f 8393 8465 8394
f 8465 8466 8394
f 8394 8466 8395
f 8466 8467 8395
f 8395 8467 8396
f 8467 8468 8396
f 8396 8468 8397
f 8468 8469 8397
f 8397 8469 8398
f 8469 8470 8398
f 8398 8470 8399
f 8470 8471 8399
f 8399 8471 8400
f 8471 8472 8400
f 8400 8472 8401
f 8472 8473 8401
f 8401 8473 8402
f 8473 8474 8402
f 8402 8474 8403
f 8474 8475 8403
f 8403 8475 8404
f 8475 8476 8404
f 8404 8476 8405
f 8476 8477 8405
f 8405 8477 8406
f 8477 8478 8406
f 8406 8478 8407
f 8478 8479 8407
f 8407 8479 8408
f 8479 8480 8408
f 8408 8480 8409
f 8480 8481 8409
f 8409 8481 8410
f 8481 8482 8410
f 8410 8482 8411
f 8482 8483 8411
f 8411 8483 8412
f 8483 8484 8412
f 8412 8484 8413
f 8484 8485 8413
f 8413 8485 8414
f 8485 8486 8414
f 8414 8486 8415
f 8486 8487 8415
f 8415 8487 8416
f 8487 8488 8416
f 8416 8488 8417
f 8488 8489 8417
f 8417 8489 8418
f 8489 8490 8418
f 8418 8490 8419
f 8490 8491 8419
f 8419 8491 8420
f 8491 8492 8420
f 8420 8492 8421
f 8492 8493 8421
f 8421 8493 8422
f 8493 8494 8422
f 8422 8494 8423
f 8494 8495 8423
f 8423 8495 8424
f 8495 8496 8424
f 8424 8496 8353
f 8496 8425 8353
f 8425 4606 8426
f 4606 4604 8426
f 8426 4604 8427
f 4604 4602 8427
f 8427 4602 8428
f 4602 4600 8428
f 8428 4600 8429
f 4600 4598 8429
f 8429 4598 8430
f 4598 4596 8430
f 8430 4596 8431
f 4596 4594 8431
f 8431 4594 8432
f 4594 4592 8432
f 8432 4592 8433
f 4592 4590 8433
f 8433 4590 8434
f 4590 4588 8434
f 8434 4588 8435
f 4588 4586 8435
f 8435 4586 8436
f 4586 4584 8436
f 8436 4584 8437
f 4584 4582 8437
f 8437 4582 8438
f 4582 4580 8438
f 8438 4580 8439
f 4580 4578 8439
f 8439 4578 8440
f 4578 4576 8440
f 8440 4576 8441
f 4576 4574 8441
f 8441 4574 8442
f 4574 4572 8442
f 8442 4572 8443
f 4572 4570 8443
f 8443 4570 8444
f 4570 4568 8444
f 8444 4568 8445
f 4568 4566 8445
f 8445 4566 8446
f 4566 4564 8446
f 8446 4564 8447
f 4564 4562 8447
f 8447 4562 8448
f 4562 4560 8448
f 8448 4560 8449
f 4560 4558 8449
f 8449 4558 8450
f 4558 4556 8450
f 8450 4556 8451
f 4556 4554 8451
f 8451 4554 8452
f 4554 4552 8452
f 8452 4552 8453
f 4552 4550 8453
f 8453 4550 8454
f 4550 4548 8454
f 8454 4548 8455
f 4548 4546 8455
f 8455 4546 8456
f 4546 4544 8456
f 8456 4544 8457
f 4544 4542 8457
f 8457 4542 8458
f 4542 4540 8458
f 8458 4540 8459
f 4540 4538 8459
f 8459 4538 8460
f 4538 4536 8460
f 8460 4536 8461
f 4536 4534 8461
f 8461 4534 8462
f 4534 4532 8462
f 8462 4532 8463
f 4532 4530 8463
f 8463 4530 8464
f 4530 4528 8464
f 8464 4528 8465
f 4528 4526 8465
f 8465 4526 8466
f 4526 4524 8466
f 8466 4524 8467
f 4524 4522 8467
f 8467 4522 8468
f 4522 4520 8468
f 8468 4520 8469
f 4520 4518 8469
f 8469 4518 8470
f 4518 4516 8470
f 8470 4516 8471
f 4516 4514 8471
f 8471 4514 8472
f 4514 4512 8472
f 8472 4512 8473
f 4512 4510 8473
f 8473 4510 8474
f 4510 4508 8474
f 8474 4508 8475
f 4508 4506 8475
f 8475 4506 8476
f 4506 4504 8476
f 8476 4504 8477
f 4504 4502 8477
f 8477 4502 8478
f 4502 4500 8478
f 8478 4500 8479
f 4500 4498 8479
f 8479 4498 8480
f 4498 4496 8480
f 8480 4496 8481
f 4496 4494 8481
f 8481 4494 8482
f 4494 4492 8482
f 8482 4492 8483
f 4492 4490 8483
f 8483 4490 8484
f 4490 4488 8484
f 8484 4488 8485
f 4488 4486 8485
f 8485 4486 8486
f 4486 4484 8486
f 8486 4484 8487
f 4484 4482 8487
f 8487 4482 8488
f 4482 4480 8488
f 8488 4480 8489
f 4480 4478 8489
f 8489 4478 8490
f 4478 4476 8490
f 8490 4476 8491
f 4476 4474 8491
f 8491 4474 8492
f 4474 4472 8492
f 8492 4472 8493
f 4472 4470 8493
f 8493 4470 8494
f 4470 4468 8494
f 8494 4468 8495
f 4468 4466 8495
f 8495 4466 8496
f 4466 4608 8496
f 8496 4608 8425
f 4608 4606 8425
f 161 8497 160
f 8497 8498 160
f 160 8498 159
f 8498 8499 159
f 159 8499 158
f 8499 8500 158
f 158 8500 157
f 8500 8501 157
f 157 8501 156
f 8501 8502 156
f 156 8502 155
f 8502 8503 155
f 155 8503 154
f 8503 8504 154
f 154 8504 153
f 8504 8505 153
f 153 8505 152
f 8505 8506 152
f 152 8506 151
f 8506 8507 151
f 151 8507 150
f 8507 8508 150
f 150 8508 149
f 8508 8509 149
f 149 8509 148
f 8509 8510 148
f 148 8510 147
f 8510 8511 147
f 147 8511 146
f 8511 8512 146
f 146 8512 145
f 8512 8513 145
f 145 8513 216
f 8513 8514 216
f 216 8514 215
f 8514 8515 215
f 215 8515 214
f 8515 8516 214
f 214 8516 213
f 8516 8517 213
f 213 8517 212
f 8517 8518 212
f 212 8518 211
f 8518 8519 211
f 211 8519 210
f 8519 8520 210
f 210 8520 209
f 8520 8521 209
f 209 8521 208
f 8521 8522 208
f 208 8522 207
f 8522 8523 207
f 207 8523 206
f 8523 8524 206
f 206 8524 205
f 8524 8525 205
f 205 8525 204
f 8525 8526 204
f 204 8526 203
f 8526 8527 203
f 203 8527 202
f 8527 8528 202
f 202 8528 201
f 8528 8529 201
f 201 8529 200
f 8529 8530 200
f 200 8530 199
f 8530 8531 199
f 199 8531 198
f 8531 8532 198
f 198 8532 197
f 8532 8533 197
f 197 8533 196
f 8533 8534 196
f 196 8534 195
f 8534 8535 195
f 195 8535 194
f 8535 8536 194
f 194 8536 193
f 8536 8537 193
f 193 8537 192
f 8537 8538 192
f 192 8538 191
f 8538 8539 191
f 191 8539 190
f 8539 8540 190
f 190 8540 189
f 8540 8541 189
f 189 8541 188
f 8541 8542 188
f 188 8542 187
f 8542 8543 187
f 187 8543 186
f 8543 8544 186
f 186 8544 185
f 8544 8545 185
f 185 8545 184
f 8545 8546 184
f 184 8546 183
f 8546 8547 183
f 183 8547 182
f 8547 8548 182
f 182 8548 181
f 8548 8549 181
f 181 8549 180
f 8549 8550 180
f 180 8550 179
f 8550 8551 179
f 179 8551 178
f 8551 8552 178
f 178 8552 177
f 8552 8553 177
f 177 8553 176
f 8553 8554 176
f 176 8554 175
f 8554 8555 175
f 175 8555 174
f 8555 8556 174
f 174 8556 173
f 8556 8557 173
f 173 8557 172
f 8557 8558 172
f 172 8558 171
f 8558 8559 171
f 171 8559 170
f 8559 8560 170
f 170 8560 169
f 8560 8561 169
f 169 8561 168
f 8561 8562 168
f 168 8562 167
f 8562 8563 167
f 167 8563 166
f 8563 8564 166
f 166 8564 165
f 8564 8565 165
f 165 8565 164
f 8565 8566 164
f 164 8566 163
f 8566 8567 163
f 163 8567 162
f 8567 8568 162
f 162 8568 161
f 8568 8497 161
f 8503 8569 8504
f 8569 8570 8504
f 8504 8570 8505
f 8570 8571 8505
f 8505 8571 8506
f 8571 8572 8506
f 8506 8572 8507
f 8572 8573 8507
f 8507 8573 8508
f 8573 8574 8508
f 8508 8574 8509
f 8574 8575 8509
f 8509 8575 8510
f 8575 8576 8510
f 8510 8576 8511
f 8576 8577 8511
f 8511 8577 8512
f 8577 8578 8512
f 8512 8578 8513
f 8578 8579 8513
f 8513 8579 8514
f 8579 8580 8514
f 8514 8580 8515
f 8580 8581 8515
f 8515 8581 8516
f 8581 8582 8516
f 8516 8582 8517
f 8582 8583 8517
f 8517 8583 8518
f 8583 8584 8518
f 8518 8584 8519
f 8584 8585 8519
f 8519 8585 8520
f 8585 8586 8520
f 8520 8586 8521
f 8586 8587 8521
f 8521 8587 8522
f 8587 8588 8522
f 8522 8588 8523
f 8588 8589 8523
f 8523 8589 8524
f 8589 8590 8524
f 8524 8590 8525
f 8590 8591 8525
f 8525 8591 8526
f 8591 8592 8526
f 8526 8592 8527
f 8592 8593 8527
f 8527 8593 8528
f 8593 8594 8528
f 8528 8594 8529
f 8594 8595 8529
f 8529 8595 8530
f 8595 8596 8530
f 8530 8596 8531
f 8596 8597 8531
f 8531 8597 8532
f 8597 8598 8532
f 8532 8598 8533
f 8598 8599 8533
f 8533 8599 8534
f 8599 8600 8534
f 8534 8600 8535
f 8600 8601 8535
f 8535 8601 8536
f 8601 8602 8536
f 8536 8602 8537
f 8602 8603 8537
f 8537 8603 8538
f 8603 8604 8538
f 8538 8604 8539
f 8604 8605 8539
f 8539 8605 8540
f 8605 8606 8540
f 8540 8606 8541
f 8606 8607 8541
f 8541 8607 8542
f 8607 8608 8542
f 8542 8608 8543
f 8608 8609 8543
f 8543 8609 8544
f 8609 8610 8544
f 8544 8610 8545
f 8610 8611 8545
f 8545 8611 8546
f 8611 8612 8546
f 8546 8612 8547
f 8612 8613 8547
f 8547 8613 8548
f 8613 8614 8548
f 8548 8614 8549
f 8614 8615 8549
f 8549 8615 8550
f 8615 8616 8550
f 8550 8616 8551
f 8616 8617 8551
f 8551 8617 8552
f 8617 8618 8552
f 8552 8618 8553
f 8618 8619 8553
f 8553 8619 8554
f 8619 8620 8554
f 8554 8620 8555
f 8620 8621 8555
f 8555 8621 8556
f 8621 8622 8556
f 8556 8622 8557
f 8622 8623 8557
f 8557 8623 8558
f 8623 8624 8558
f 8558 8624 8559
f 8624 8625 8559
f 8559 8625 8560
f 8625 8626 8560
f 8560 8626 8561
f 8626 8627 8561
f 8561 8627 8562
f 8627 8628 8562
f 8562 8628 8563
f 8628 8629 8563
f 8563 8629 8564
f 8629 8630 8564
f 8564 8630 8565
f 8630 8631 8565
f 8565 8631 8566
f 8631 8632 8566
f 8566 8632 8567
f 8632 8633 8567
f 8567 8633 8568
f 8633 8634 8568
f 8568 8634 8497
f 8634 8635 8497
f 8497 8635 8498
f 8635 8636 8498
f 8498 8636 8499
f 8636 8637 8499
f 8499 8637 8500
f 8637 8638 8500
f 8500 8638 8501
f 8638 8639 8501
f 8501 8639 8502
f 8639 8640 8502
f 8502 8640 8503
f 8640 8569 8503
f 2338 8599 2337
f 8599 8598 2337
f 2337 8598 2336
f 8598 8597 2336
f 2336 8597 2335
f 8597 8596 2335
f 2335 8596 2334
f 8596 8595 2334
f 2334 8595 2333
f 8595 8594 2333
f 2333 8594 2332
f 8594 8593 2332
f 2332 8593 2331
f 8593 8592 2331
f 2331 8592 2330
f 8592 8591 2330
f 2330 8591 2329
f 8591 8590 2329
f 2329 8590 2328
f 8590 8589 2328
f 2328 8589 2327
f 8589 8588 2327
f 2327 8588 2326
f 8588 8587 2326
f 2326 8587 2325
f 8587 8586 2325
f 2325 8586 2324
f 8586 8585 2324
f 2324 8585 2323
f 8585 8584 2323
f 2323 8584 2322
f 8584 8583 2322
f 2322 8583 2321
f 8583 8582 2321
f 2321 8582 2320
f 8582 8581 2320
f 2320 8581 2319
f 8581 8580 2319
f 2319 8580 2318
f 8580 8579 2318
f 2318 8579 2317
f 8579 8578 2317
f 2317 8578 2316
f 8578 8577 2316
f 2316 8577 2315
f 8577 8576 2315
f 2315 8576 2314
f 8576 8575 2314
f 2314 8575 2313
f 8575 8574 2313
f 2313 8574 2312
f 8574 8573 2312
f 2312 8573 2311
f 8573 8572 2311
f 2311 8572 2310
f 8572 8571 2310
f 2310 8571 2309
f 8571 8570 2309
f 2309 8570 2308
f 8570 8569 2308
f 2308 8569 2307
f 8569 8640 2307
f 2307 8640 2306
f 8640 8639 2306
f 2306 8639 2305
f 8639 8638 2305
f 2305 8638 2376
f 8638 8637 2376
f 2376 8637 2375
f 8637 8636 2375
f 2375 8636 2374
f 8636 8635 2374
f 2374 8635 2373
f 8635 8634 2373
f 2373 8634 2372
f 8634 8633 2372
f 2372 8633 2371
f 8633 8632 2371
f 2371 8632 2370
f 8632 8631 2370
f 2370 8631 2369
f 8631 8630 2369
f 2369 8630 2368
f 8630 8629 2368
f 2368 8629 2367
f 8629 8628 2367
f 2367 8628 2366
f 8628 8627 2366
f 2366 8627 2365
f 8627 8626 2365
f 2365 8626 2364
f 8626 8625 2364
f 2364 8625 2363
f 8625 8624 2363
f 2363 8624 2362
f 8624 8623 2362
f 2362 8623 2361
f 8623 8622 2361
f 2361 8622 2360
f 8622 8621 2360
f 2360 8621 2359
f 8621 8620 2359
f 2359 8620 2358
f 8620 8619 2358
f 2358 8619 2357
f 8619 8618 2357
f 2357 8618 2356
f 8618 8617 2356
f 2356 8617 2355
f 8617 8616 2355
f 2355 8616 2354
f 8616 8615 2354
f 2354 8615 2353
f 8615 8614 2353
f 2353 8614 2352
f 8614 8613 2352
f 2352 8613 2351
f 8613 8612 2351
f 2351 8612 2350
f 8612 8611 2350
f 2350 8611 2349
f 8611 8610 2349
f 2349 8610 2348
f 8610 8609 2348
f 2348 8609 2347
f 8609 8608 2347
f 2347 8608 2346
f 8608 8607 2346
f 2346 8607 2345
f 8607 8606 2345
f 2345 8606 2344
f 8606 8605 2344
f 2344 8605 2343
f 8605 8604 2343
f 2343 8604 2342
f 8604 8603 2342
f 2342 8603 2341
f 8603 8602 2341
f 2341 8602 2340
f 8602 8601 2340
f 2340 8601 2339
f 8601 8600 2339
f 2339 8600 2338
f 8600 8599 2338

