# https://github.com/mikedh/trimesh
v -0.00893458 0.01359476 0.00056655
v -0.00889801 0.01362132 0.00050000
v -0.01016845 0.01269830 0.00056655
v -0.01020501 0.01267173 0.00050000
v -0.01008233 0.01276086 0.00068702
v -0.01003340 0.01279642 0.00074007
v -0.00897557 0.01356497 0.00062904
v -0.00986739 0.01291702 0.00086605
v -0.00980698 0.01296092 0.00089598
v -0.00929604 0.01333214 0.00089598
v -0.01012745 0.01272808 0.00062904
v -0.00998101 0.01283448 0.00078782
v -0.00992554 0.01287477 0.00082991
v -0.00902069 0.01353219 0.00068702
v -0.00961654 0.01309928 0.00094659
v -0.00955151 0.01314653 0.00095000
v -0.00923563 0.01337603 0.00086605
v -0.00917748 0.01341828 0.00082991
v -0.00912201 0.01345858 0.00078782
v -0.00906962 0.01349664 0.00074007
v -0.00974473 0.01300614 0.00091949
v -0.00968110 0.01305237 0.00093640
v -0.00948648 0.01319377 0.00094659
v -0.00942192 0.01324068 0.00093640
v -0.00935829 0.01328691 0.00091949
v -0.00726609 0.00862664 0.00050000
v -0.00722952 0.00865321 0.00056655
v -0.00718853 0.00868300 0.00062904
v -0.00714340 0.00871578 0.00068702
v -0.00709447 0.00875133 0.00074007
v -0.00704208 0.00878939 0.00078782
v -0.00698662 0.00882969 0.00082991
v -0.00692847 0.00887194 0.00086605
v -0.00686805 0.00891583 0.00089598
v -0.00680581 0.00896106 0.00091949
v -0.00674217 0.00900729 0.00093640
v -0.00667761 0.00905420 0.00094659
v -0.00661258 0.00910144 0.00095000
v -0.00654756 0.00914869 0.00094659
v -0.00648299 0.00919559 0.00093640
v -0.00641936 0.00924183 0.00091949
v -0.00635711 0.00928705 0.00089598
v -0.00629670 0.00933095 0.00086605
v -0.00623855 0.00937319 0.00082991
v -0.00618308 0.00941349 0.00078782
v -0.00613070 0.00945155 0.00074007
v -0.00608177 0.00948710 0.00068702
v -0.00603664 0.00951989 0.00062904
v -0.00599565 0.00954967 0.00056655
v -0.00595908 0.00957624 0.00050000
v -0.00889801 0.01362132 -0.00050000
v -0.00595908 0.00957624 -0.00050000
v -0.00599565 0.00954967 -0.00056655
v -0.00893458 0.01359476 -0.00056655
v -0.00603664 0.00951989 -0.00062904
v -0.00897557 0.01356497 -0.00062904
v -0.00608177 0.00948710 -0.00068702
v -0.00902069 0.01353219 -0.00068702
v -0.00613070 0.00945155 -0.00074007
v -0.00906962 0.01349664 -0.00074007
v -0.00618308 0.00941349 -0.00078782
v -0.00912201 0.01345858 -0.00078782
v -0.00623855 0.00937319 -0.00082991
v -0.00917748 0.01341828 -0.00082991
v -0.00629670 0.00933095 -0.00086605
v -0.00923563 0.01337603 -0.00086605
v -0.00635711 0.00928705 -0.00089598
v -0.00929604 0.01333214 -0.00089598
v -0.00641936 0.00924183 -0.00091949
v -0.00935829 0.01328691 -0.00091949
v -0.00648299 0.00919559 -0.00093640
v -0.00942192 0.01324068 -0.00093640
v -0.00654756 0.00914869 -0.00094659
v -0.00948648 0.01319377 -0.00094659
v -0.00661258 0.00910144 -0.00095000
v -0.00955151 0.01314653 -0.00095000
v -0.00667761 0.00905420 -0.00094659
v -0.00961654 0.01309928 -0.00094659
v -0.00674217 0.00900729 -0.00093640
v -0.00968110 0.01305237 -0.00093640
v -0.00680581 0.00896106 -0.00091949
v -0.00974473 0.01300614 -0.00091949
v -0.00686805 0.00891583 -0.00089598
v -0.00980698 0.01296092 -0.00089598
v -0.00692847 0.00887194 -0.00086605
v -0.00986739 0.01291702 -0.00086605
v -0.00698662 0.00882969 -0.00082991
v -0.00992554 0.01287477 -0.00082991
v -0.00704208 0.00878939 -0.00078782
v -0.00998101 0.01283448 -0.00078782
v -0.00709447 0.00875133 -0.00074007
v -0.01003340 0.01279642 -0.00074007
v -0.00714340 0.00871578 -0.00068702
v -0.01008233 0.01276086 -0.00068702
v -0.00718853 0.00868300 -0.00062904
v -0.01012745 0.01272808 -0.00062904
v -0.00722952 0.00865321 -0.00056655
v -0.01016845 0.01269830 -0.00056655
v -0.00726609 0.00862664 -0.00050000
v -0.01020501 0.01267173 -0.00050000
v -0.01276086 0.01008233 0.00068702
v -0.01272808 0.01012745 0.00062904
v -0.01356497 0.00897557 0.00062904
v -0.01345858 0.00912201 0.00078782
v -0.01341828 0.00917748 0.00082991
v -0.01279642 0.01003340 0.00074007
v -0.01362132 0.00889801 0.00050000
v -0.01359476 0.00893458 0.00056655
v -0.01267173 0.01020501 0.00050000
v -0.01269830 0.01016845 0.00056655
v -0.01349664 0.00906962 0.00074007
v -0.01337603 0.00923563 0.00086605
v -0.01333214 0.00929604 0.00089598
v -0.01283448 0.00998101 0.00078782
v -0.01287477 0.00992554 0.00082991
v -0.01353219 0.00902069 0.00068702
v -0.01300614 0.00974473 0.00091949
v -0.01296092 0.00980698 0.00089598
v -0.01291702 0.00986739 0.00086605
v -0.01309928 0.00961654 0.00094659
v -0.01324068 0.00942192 0.00093640
v -0.01314653 0.00955151 0.00095000
v -0.01319377 0.00948648 0.00094659
v -0.01328691 0.00935829 0.00091949
v -0.01305237 0.00968110 0.00093640
v -0.01032739 0.00650482 0.00050000
v -0.00957624 0.00595908 0.00050000
v -0.00954967 0.00599565 0.00056655
v -0.00951989 0.00603664 0.00062904
v -0.00948710 0.00608177 0.00068702
v -0.00945155 0.00613070 0.00074007
v -0.00941349 0.00618308 0.00078782
v -0.00937319 0.00623855 0.00082991
v -0.00933095 0.00629670 0.00086605
v -0.00928705 0.00635711 0.00089598
v -0.00924183 0.00641936 0.00091949
v -0.00919559 0.00648299 0.00093640
v -0.00914869 0.00654756 0.00094659
v -0.00910144 0.00661258 0.00095000
v -0.00905420 0.00667761 0.00094659
v -0.00900729 0.00674217 0.00093640
v -0.00896106 0.00680581 0.00091949
v -0.00891583 0.00686805 0.00089598
v -0.00887194 0.00692847 0.00086605
v -0.00882969 0.00698662 0.00082991
v -0.00878939 0.00704208 0.00078782
v -0.00875133 0.00709447 0.00074007
v -0.00871578 0.00714340 0.00068702
v -0.00868300 0.00718853 0.00062904
v -0.00865321 0.00722952 0.00056655
v -0.00862664 0.00726609 0.00050000
v -0.01267173 0.01020501 -0.00050000
v -0.00862664 0.00726609 -0.00050000
v -0.00865321 0.00722952 -0.00056655
v -0.00954967 0.00599565 -0.00056655
v -0.00957624 0.00595908 -0.00050000
v -0.01032739 0.00650482 -0.00050000
v -0.01269830 0.01016845 -0.00056655
v -0.00868300 0.00718853 -0.00062904
v -0.01272808 0.01012745 -0.00062904
v -0.00871578 0.00714340 -0.00068702
v -0.01276086 0.01008233 -0.00068702
v -0.00875133 0.00709447 -0.00074007
v -0.01279642 0.01003340 -0.00074007
v -0.00878939 0.00704208 -0.00078782
v -0.01283448 0.00998101 -0.00078782
v -0.00882969 0.00698662 -0.00082991
v -0.01287477 0.00992554 -0.00082991
v -0.00887194 0.00692847 -0.00086605
v -0.01291702 0.00986739 -0.00086605
v -0.00891583 0.00686805 -0.00089598
v -0.01296092 0.00980698 -0.00089598
v -0.00896106 0.00680581 -0.00091949
v -0.01300614 0.00974473 -0.00091949
v -0.00900729 0.00674217 -0.00093640
v -0.01305237 0.00968110 -0.00093640
v -0.00905420 0.00667761 -0.00094659
v -0.01309928 0.00961654 -0.00094659
v -0.00910144 0.00661258 -0.00095000
v -0.01314653 0.00955151 -0.00095000
v -0.00914869 0.00654756 -0.00094659
v -0.01319377 0.00948648 -0.00094659
v -0.00919559 0.00648299 -0.00093640
v -0.01324068 0.00942192 -0.00093640
v -0.00924183 0.00641936 -0.00091949
v -0.01328691 0.00935829 -0.00091949
v -0.00928705 0.00635711 -0.00089598
v -0.01333214 0.00929604 -0.00089598
v -0.00933095 0.00629670 -0.00086605
v -0.01337603 0.00923563 -0.00086605
v -0.00937319 0.00623855 -0.00082991
v -0.01341828 0.00917748 -0.00082991
v -0.00941349 0.00618308 -0.00078782
v -0.01345858 0.00912201 -0.00078782
v -0.00945155 0.00613070 -0.00074007
v -0.01349664 0.00906962 -0.00074007
v -0.00948710 0.00608177 -0.00068702
v -0.01353219 0.00902069 -0.00068702
v -0.00951989 0.00603664 -0.00062904
v -0.01356497 0.00897557 -0.00062904
v -0.01359476 0.00893458 -0.00056655
v -0.01362132 0.00889801 -0.00050000
v -0.01521902 0.00574678 0.00056655
v -0.01520505 0.00578977 0.00050000
v -0.01570429 0.00425329 0.00050000
v -0.01563873 0.00445503 0.00074007
v -0.01561872 0.00451662 0.00078782
v -0.01523468 0.00569859 0.00062904
v -0.01569032 0.00429628 0.00056655
v -0.01567466 0.00434447 0.00062904
v -0.01565742 0.00439751 0.00068702
v -0.01531180 0.00546123 0.00082991
v -0.01529061 0.00552643 0.00078782
v -0.01557533 0.00465018 0.00086605
v -0.01555225 0.00472120 0.00089598
v -0.01533401 0.00539287 0.00086605
v -0.01552847 0.00479438 0.00091949
v -0.01550417 0.00486918 0.00093640
v -0.01535709 0.00532185 0.00089598
v -0.01527060 0.00558802 0.00074007
v -0.01525191 0.00564554 0.00068702
v -0.01559754 0.00458182 0.00082991
v -0.01545467 0.00502153 0.00095000
v -0.01542983 0.00509797 0.00094659
v -0.01547951 0.00494508 0.00094659
v -0.01540517 0.00517387 0.00093640
v -0.01538086 0.00524867 0.00091949
v -0.01044977 0.00424468 0.00050000
v -0.01046374 0.00420169 0.00056655
v -0.01047940 0.00415350 0.00062904
v -0.01049663 0.00410045 0.00068702
v -0.01051532 0.00404293 0.00074007
v -0.01053533 0.00398135 0.00078782
v -0.01055652 0.00391614 0.00082991
v -0.01057873 0.00384779 0.00086605
v -0.01060181 0.00377676 0.00089598
v -0.01062558 0.00370359 0.00091949
v -0.01064989 0.00362878 0.00093640
v -0.01067455 0.00355289 0.00094659
v -0.01069939 0.00347644 0.00095000
v -0.01072422 0.00340000 0.00094659
v -0.01074888 0.00332410 0.00093640
v -0.01077319 0.00324929 0.00091949
v -0.01079697 0.00317612 0.00089598
v -0.01082004 0.00310510 0.00086605
v -0.01084225 0.00303674 0.00082991
v -0.01086344 0.00297153 0.00078782
v -0.01088345 0.00290995 0.00074007
v -0.01090214 0.00285243 0.00068702
v -0.01091938 0.00279938 0.00062904
v -0.01093503 0.00275119 0.00056655
v -0.01094900 0.00270820 0.00050000
v -0.01094900 0.00270820 -0.00050000
v -0.01570429 0.00425329 -0.00050000
v -0.01569032 0.00429628 -0.00056655
v -0.01093503 0.00275119 -0.00056655
v -0.01567466 0.00434447 -0.00062904
v -0.01091938 0.00279938 -0.00062904
v -0.01565742 0.00439751 -0.00068702
v -0.01090214 0.00285243 -0.00068702
v -0.01563873 0.00445503 -0.00074007
v -0.01088345 0.00290995 -0.00074007
v -0.01561872 0.00451662 -0.00078782
v -0.01086344 0.00297153 -0.00078782
v -0.01559754 0.00458182 -0.00082991
v -0.01084225 0.00303674 -0.00082991
v -0.01557533 0.00465018 -0.00086605
v -0.01082004 0.00310510 -0.00086605
v -0.01555225 0.00472120 -0.00089598
v -0.01079697 0.00317612 -0.00089598
v -0.01552847 0.00479438 -0.00091949
v -0.01077319 0.00324929 -0.00091949
v -0.01550417 0.00486918 -0.00093640
v -0.01074888 0.00332410 -0.00093640
v -0.01547951 0.00494508 -0.00094659
v -0.01072422 0.00340000 -0.00094659
v -0.01545467 0.00502153 -0.00095000
v -0.01069939 0.00347644 -0.00095000
v -0.01542983 0.00509797 -0.00094659
v -0.01067455 0.00355289 -0.00094659
v -0.01540517 0.00517387 -0.00093640
v -0.01064989 0.00362878 -0.00093640
v -0.01538086 0.00524867 -0.00091949
v -0.01062558 0.00370359 -0.00091949
v -0.01535709 0.00532185 -0.00089598
v -0.01060181 0.00377676 -0.00089598
v -0.01533401 0.00539287 -0.00086605
v -0.01057873 0.00384779 -0.00086605
v -0.01531180 0.00546123 -0.00082991
v -0.01055652 0.00391614 -0.00082991
v -0.01529061 0.00552643 -0.00078782
v -0.01053533 0.00398135 -0.00078782
v -0.01527060 0.00558802 -0.00074007
v -0.01051532 0.00404293 -0.00074007
v -0.01525191 0.00564554 -0.00068702
v -0.01049663 0.00410045 -0.00068702
v -0.01523468 0.00569859 -0.00062904
v -0.01047940 0.00415350 -0.00062904
v -0.01521902 0.00574678 -0.00056655
v -0.01046374 0.00420169 -0.00056655
v -0.01520505 0.00578977 -0.00050000
v -0.01044977 0.00424468 -0.00050000
v -0.01625000 0.00053089 0.00078782
v -0.01625000 -0.00076257 0.00056655
v -0.01625000 -0.00071190 0.00062904
v -0.01625000 -0.00031578 0.00089598
v -0.01625000 -0.00023884 0.00091949
v -0.01625000 0.00071190 0.00062904
v -0.01625000 0.00076257 0.00056655
v -0.01625000 0.00080777 0.00050000
v -0.01625000 -0.00080777 0.00050000
v -0.01625000 0.00059565 0.00074007
v -0.01625000 0.00065613 0.00068702
v -0.01625000 -0.00065613 0.00068702
v -0.01625000 -0.00059565 0.00074007
v -0.01625000 -0.00053089 0.00078782
v -0.01625000 -0.00016018 0.00093640
v -0.01625000 -0.00008038 0.00094659
v -0.01625000 0.00046233 0.00082991
v -0.01625000 -0.00046233 0.00082991
v -0.01625000 -0.00039045 0.00086605
v -0.01625000 0.00039045 0.00086605
v -0.01625000 0.00000000 0.00095000
v -0.01625000 0.00008038 0.00094659
v -0.01625000 0.00016018 0.00093640
v -0.01625000 0.00023884 0.00091949
v -0.01625000 0.00031578 0.00089598
v -0.01125000 0.00080777 0.00050000
v -0.01125000 0.00076257 0.00056655
v -0.01125000 0.00071190 0.00062904
v -0.01125000 0.00065613 0.00068702
v -0.01125000 0.00059565 0.00074007
v -0.01125000 0.00053089 0.00078782
v -0.01125000 0.00046233 0.00082991
v -0.01125000 0.00039045 0.00086605
v -0.01125000 0.00031578 0.00089598
v -0.01125000 0.00023884 0.00091949
v -0.01125000 0.00016018 0.00093640
v -0.01125000 0.00008038 0.00094659
v -0.01125000 0.00000000 0.00095000
v -0.01125000 -0.00008038 0.00094659
v -0.01125000 -0.00016018 0.00093640
v -0.01125000 -0.00023884 0.00091949
v -0.01125000 -0.00031578 0.00089598
v -0.01125000 -0.00039045 0.00086605
v -0.01125000 -0.00046233 0.00082991
v -0.01125000 -0.00053089 0.00078782
v -0.01125000 -0.00059565 0.00074007
v -0.01125000 -0.00065613 0.00068702
v -0.01125000 -0.00071190 0.00062904
v -0.01125000 -0.00076257 0.00056655
v -0.01125000 -0.00080777 0.00050000
v -0.01125000 -0.00080777 -0.00050000
v -0.01625000 -0.00080777 -0.00050000
v -0.01625000 -0.00076257 -0.00056655
v -0.01125000 -0.00076257 -0.00056655
v -0.01625000 -0.00071190 -0.00062904
v -0.01125000 -0.00071190 -0.00062904
v -0.01625000 -0.00065613 -0.00068702
v -0.01125000 -0.00065613 -0.00068702
v -0.01625000 -0.00059565 -0.00074007
v -0.01125000 -0.00059565 -0.00074007
v -0.01625000 -0.00053089 -0.00078782
v -0.01125000 -0.00053089 -0.00078782
v -0.01625000 -0.00046233 -0.00082991
v -0.01125000 -0.00046233 -0.00082991
v -0.01625000 -0.00039045 -0.00086605
v -0.01125000 -0.00039045 -0.00086605
v -0.01625000 -0.00031578 -0.00089598
v -0.01125000 -0.00031578 -0.00089598
v -0.01625000 -0.00023884 -0.00091949
v -0.01125000 -0.00023884 -0.00091949
v -0.01625000 -0.00016018 -0.00093640
v -0.01125000 -0.00016018 -0.00093640
v -0.01625000 -0.00008038 -0.00094659
v -0.01125000 -0.00008038 -0.00094659
v -0.01625000 0.00000000 -0.00095000
v -0.01125000 0.00000000 -0.00095000
v -0.01625000 0.00008038 -0.00094659
v -0.01125000 0.00008038 -0.00094659
v -0.01625000 0.00016018 -0.00093640
v -0.01125000 0.00016018 -0.00093640
v -0.01625000 0.00023884 -0.00091949
v -0.01125000 0.00023884 -0.00091949
v -0.01625000 0.00031578 -0.00089598
v -0.01125000 0.00031578 -0.00089598
v -0.01625000 0.00039045 -0.00086605
v -0.01125000 0.00039045 -0.00086605
v -0.01625000 0.00046233 -0.00082991
v -0.01125000 0.00046233 -0.00082991
v -0.01625000 0.00053089 -0.00078782
v -0.01125000 0.00053089 -0.00078782
v -0.01625000 0.00059565 -0.00074007
v -0.01125000 0.00059565 -0.00074007
v -0.01625000 0.00065613 -0.00068702
v -0.01125000 0.00065613 -0.00068702
v -0.01625000 0.00071190 -0.00062904
v -0.01125000 0.00071190 -0.00062904
v -0.01625000 0.00076257 -0.00056655
v -0.01125000 0.00076257 -0.00056655
v -0.01625000 0.00080777 -0.00050000
v -0.01125000 0.00080777 -0.00050000
v -0.01520505 -0.00578977 0.00050000
v -0.01521902 -0.00574678 0.00056655
v -0.01570429 -0.00425329 0.00050000
v -0.01523468 -0.00569859 0.00062904
v -0.01525191 -0.00564554 0.00068702
v -0.01527060 -0.00558802 0.00074007
v -0.01529061 -0.00552643 0.00078782
v -0.01531180 -0.00546123 0.00082991
v -0.01552847 -0.00479438 0.00091949
v -0.01535709 -0.00532185 0.00089598
v -0.01538086 -0.00524867 0.00091949
v -0.01559754 -0.00458182 0.00082991
v -0.01561872 -0.00451662 0.00078782
v -0.01555225 -0.00472120 0.00089598
v -0.01557533 -0.00465018 0.00086605
v -0.01563873 -0.00445503 0.00074007
v -0.01565742 -0.00439751 0.00068702
v -0.01567466 -0.00434447 0.00062904
v -0.01533401 -0.00539287 0.00086605
v -0.01569032 -0.00429628 0.00056655
v -0.01545467 -0.00502153 0.00095000
v -0.01542983 -0.00509797 0.00094659
v -0.01540517 -0.00517387 0.00093640
v -0.01547951 -0.00494508 0.00094659
v -0.01550417 -0.00486918 0.00093640
v -0.01094900 -0.00270820 0.00050000
v -0.01093503 -0.00275119 0.00056655
v -0.01091938 -0.00279938 0.00062904
v -0.01090214 -0.00285243 0.00068702
v -0.01088345 -0.00290995 0.00074007
v -0.01086344 -0.00297153 0.00078782
v -0.01084225 -0.00303674 0.00082991
v -0.01082004 -0.00310510 0.00086605
v -0.01079697 -0.00317612 0.00089598
v -0.01077319 -0.00324929 0.00091949
v -0.01074888 -0.00332410 0.00093640
v -0.01072422 -0.00340000 0.00094659
v -0.01069939 -0.00347644 0.00095000
v -0.01067455 -0.00355289 0.00094659
v -0.01064989 -0.00362878 0.00093640
v -0.01062558 -0.00370359 0.00091949
v -0.01060181 -0.00377676 0.00089598
v -0.01057873 -0.00384779 0.00086605
v -0.01055652 -0.00391614 0.00082991
v -0.01053533 -0.00398135 0.00078782
v -0.01051532 -0.00404293 0.00074007
v -0.01049663 -0.00410045 0.00068702
v -0.01047940 -0.00415350 0.00062904
v -0.01046374 -0.00420169 0.00056655
v -0.01044977 -0.00424468 0.00050000
v -0.01044977 -0.00424468 -0.00050000
v -0.01520505 -0.00578977 -0.00050000
v -0.01521902 -0.00574678 -0.00056655
v -0.01046374 -0.00420169 -0.00056655
v -0.01523468 -0.00569859 -0.00062904
v -0.01047940 -0.00415350 -0.00062904
v -0.01525191 -0.00564554 -0.00068702
v -0.01049663 -0.00410045 -0.00068702
v -0.01527060 -0.00558802 -0.00074007
v -0.01051532 -0.00404293 -0.00074007
v -0.01529061 -0.00552643 -0.00078782
v -0.01053533 -0.00398135 -0.00078782
v -0.01531180 -0.00546123 -0.00082991
v -0.01055652 -0.00391614 -0.00082991
v -0.01533401 -0.00539287 -0.00086605
v -0.01057873 -0.00384779 -0.00086605
v -0.01535709 -0.00532185 -0.00089598
v -0.01060181 -0.00377676 -0.00089598
v -0.01538086 -0.00524867 -0.00091949
v -0.01062558 -0.00370359 -0.00091949
v -0.01540517 -0.00517387 -0.00093640
v -0.01064989 -0.00362878 -0.00093640
v -0.01542983 -0.00509797 -0.00094659
v -0.01067455 -0.00355289 -0.00094659
v -0.01545467 -0.00502153 -0.00095000
v -0.01069939 -0.00347644 -0.00095000
v -0.01547951 -0.00494508 -0.00094659
v -0.01072422 -0.00340000 -0.00094659
v -0.01550417 -0.00486918 -0.00093640
v -0.01074888 -0.00332410 -0.00093640
v -0.01552847 -0.00479438 -0.00091949
v -0.01077319 -0.00324929 -0.00091949
v -0.01555225 -0.00472120 -0.00089598
v -0.01079697 -0.00317612 -0.00089598
v -0.01557533 -0.00465018 -0.00086605
v -0.01082004 -0.00310510 -0.00086605
v -0.01559754 -0.00458182 -0.00082991
v -0.01084225 -0.00303674 -0.00082991
v -0.01561872 -0.00451662 -0.00078782
v -0.01086344 -0.00297153 -0.00078782
v -0.01563873 -0.00445503 -0.00074007
v -0.01088345 -0.00290995 -0.00074007
v -0.01565742 -0.00439751 -0.00068702
v -0.01090214 -0.00285243 -0.00068702
v -0.01567466 -0.00434447 -0.00062904
v -0.01091938 -0.00279938 -0.00062904
v -0.01569032 -0.00429628 -0.00056655
v -0.01093503 -0.00275119 -0.00056655
v -0.01570429 -0.00425329 -0.00050000
v -0.01094900 -0.00270820 -0.00050000
v -0.01359476 -0.00893458 0.00056655
v -0.01362132 -0.00889801 0.00050000
v -0.01267173 -0.01020501 0.00050000
v -0.01276086 -0.01008233 0.00068702
v -0.01279642 -0.01003340 0.00074007
v -0.01356497 -0.00897557 0.00062904
v -0.01272808 -0.01012745 0.00062904
v -0.01269830 -0.01016845 0.00056655
v -0.01283448 -0.00998101 0.00078782
v -0.01287477 -0.00992554 0.00082991
v -0.01353219 -0.00902069 0.00068702
v -0.01349664 -0.00906962 0.00074007
v -0.01333214 -0.00929604 0.00089598
v -0.01337603 -0.00923563 0.00086605
v -0.01291702 -0.00986739 0.00086605
v -0.01324068 -0.00942192 0.00093640
v -0.01328691 -0.00935829 0.00091949
v -0.01309928 -0.00961654 0.00094659
v -0.01314653 -0.00955151 0.00095000
v -0.01305237 -0.00968110 0.00093640
v -0.01300614 -0.00974473 0.00091949
v -0.01296092 -0.00980698 0.00089598
v -0.01319377 -0.00948648 0.00094659
v -0.01341828 -0.00917748 0.00082991
v -0.01345858 -0.00912201 0.00078782
v -0.00957624 -0.00595908 0.00050000
v -0.00954967 -0.00599565 0.00056655
v -0.00951989 -0.00603664 0.00062904
v -0.00948710 -0.00608177 0.00068702
v -0.00945155 -0.00613070 0.00074007
v -0.00941349 -0.00618308 0.00078782
v -0.00937319 -0.00623855 0.00082991
v -0.00933095 -0.00629670 0.00086605
v -0.00928705 -0.00635711 0.00089598
v -0.00924183 -0.00641936 0.00091949
v -0.00919559 -0.00648299 0.00093640
v -0.00914869 -0.00654756 0.00094659
v -0.00910144 -0.00661258 0.00095000
v -0.00905420 -0.00667761 0.00094659
v -0.00900729 -0.00674217 0.00093640
v -0.00896106 -0.00680581 0.00091949
v -0.00891583 -0.00686805 0.00089598
v -0.00887194 -0.00692847 0.00086605
v -0.00882969 -0.00698662 0.00082991
v -0.00878939 -0.00704208 0.00078782
v -0.00875133 -0.00709447 0.00074007
v -0.00871578 -0.00714340 0.00068702
v -0.00868300 -0.00718853 0.00062904
v -0.00865321 -0.00722952 0.00056655
v -0.00862664 -0.00726609 0.00050000
v -0.00862664 -0.00726609 -0.00050000
v -0.01267173 -0.01020501 -0.00050000
v -0.01269830 -0.01016845 -0.00056655
v -0.00865321 -0.00722952 -0.00056655
v -0.01272808 -0.01012745 -0.00062904
v -0.00868300 -0.00718853 -0.00062904
v -0.01276086 -0.01008233 -0.00068702
v -0.00871578 -0.00714340 -0.00068702
v -0.01279642 -0.01003340 -0.00074007
v -0.00875133 -0.00709447 -0.00074007
v -0.01283448 -0.00998101 -0.00078782
v -0.00878939 -0.00704208 -0.00078782
v -0.01287477 -0.00992554 -0.00082991
v -0.00882969 -0.00698662 -0.00082991
v -0.01291702 -0.00986739 -0.00086605
v -0.00887194 -0.00692847 -0.00086605
v -0.01296092 -0.00980698 -0.00089598
v -0.00891583 -0.00686805 -0.00089598
v -0.01300614 -0.00974473 -0.00091949
v -0.00896106 -0.00680581 -0.00091949
v -0.01305237 -0.00968110 -0.00093640
v -0.00900729 -0.00674217 -0.00093640
v -0.01309928 -0.00961654 -0.00094659
v -0.00905420 -0.00667761 -0.00094659
v -0.01314653 -0.00955151 -0.00095000
v -0.00910144 -0.00661258 -0.00095000
v -0.01319377 -0.00948648 -0.00094659
v -0.00914869 -0.00654756 -0.00094659
v -0.01324068 -0.00942192 -0.00093640
v -0.00919559 -0.00648299 -0.00093640
v -0.01328691 -0.00935829 -0.00091949
v -0.00924183 -0.00641936 -0.00091949
v -0.01333214 -0.00929604 -0.00089598
v -0.00928705 -0.00635711 -0.00089598
v -0.01337603 -0.00923563 -0.00086605
v -0.00933095 -0.00629670 -0.00086605
v -0.01341828 -0.00917748 -0.00082991
v -0.00937319 -0.00623855 -0.00082991
v -0.01345858 -0.00912201 -0.00078782
v -0.00941349 -0.00618308 -0.00078782
v -0.01349664 -0.00906962 -0.00074007
v -0.00945155 -0.00613070 -0.00074007
v -0.01353219 -0.00902069 -0.00068702
v -0.00948710 -0.00608177 -0.00068702
v -0.01356497 -0.00897557 -0.00062904
v -0.00951989 -0.00603664 -0.00062904
v -0.01359476 -0.00893458 -0.00056655
v -0.00954967 -0.00599565 -0.00056655
v -0.01362132 -0.00889801 -0.00050000
v -0.00957624 -0.00595908 -0.00050000
v -0.01016845 -0.01269830 0.00056655
v -0.01020501 -0.01267173 0.00050000
v -0.00893458 -0.01359476 0.00056655
v -0.00889801 -0.01362132 0.00050000
v -0.00986739 -0.01291702 0.00086605
v -0.00992554 -0.01287477 0.00082991
v -0.00897557 -0.01356497 0.00062904
v -0.00998101 -0.01283448 0.00078782
v -0.01003340 -0.01279642 0.00074007
v -0.01008233 -0.01276086 0.00068702
v -0.01012745 -0.01272808 0.00062904
v -0.00980698 -0.01296092 0.00089598
v -0.00902069 -0.01353219 0.00068702
v -0.00906962 -0.01349664 0.00074007
v -0.00929604 -0.01333214 0.00089598
v -0.00935829 -0.01328691 0.00091949
v -0.00974473 -0.01300614 0.00091949
v -0.00942192 -0.01324068 0.00093640
v -0.00948648 -0.01319377 0.00094659
v -0.00955151 -0.01314653 0.00095000
v -0.00961654 -0.01309928 0.00094659
v -0.00968110 -0.01305237 0.00093640
v -0.00912201 -0.01345858 0.00078782
v -0.00917748 -0.01341828 0.00082991
v -0.00923563 -0.01337603 0.00086605
v -0.00726609 -0.00862664 0.00050000
v -0.00722952 -0.00865321 0.00056655
v -0.00718853 -0.00868300 0.00062904
v -0.00714340 -0.00871578 0.00068702
v -0.00709447 -0.00875133 0.00074007
v -0.00704208 -0.00878939 0.00078782
v -0.00698662 -0.00882969 0.00082991
v -0.00692847 -0.00887194 0.00086605
v -0.00686805 -0.00891583 0.00089598
v -0.00680581 -0.00896106 0.00091949
v -0.00674217 -0.00900729 0.00093640
v -0.00667761 -0.00905420 0.00094659
v -0.00661258 -0.00910144 0.00095000
v -0.00654756 -0.00914869 0.00094659
v -0.00648299 -0.00919559 0.00093640
v -0.00641936 -0.00924183 0.00091949
v -0.00635711 -0.00928705 0.00089598
v -0.00629670 -0.00933095 0.00086605
v -0.00623855 -0.00937319 0.00082991
v -0.00618308 -0.00941349 0.00078782
v -0.00613070 -0.00945155 0.00074007
v -0.00608177 -0.00948710 0.00068702
v -0.00603664 -0.00951989 0.00062904
v -0.00599565 -0.00954967 0.00056655
v -0.00595908 -0.00957624 0.00050000
v -0.00595908 -0.00957624 -0.00050000
v -0.00889801 -0.01362132 -0.00050000
v -0.00893458 -0.01359476 -0.00056655
v -0.00599565 -0.00954967 -0.00056655
v -0.00897557 -0.01356497 -0.00062904
v -0.00603664 -0.00951989 -0.00062904
v -0.00902069 -0.01353219 -0.00068702
v -0.00608177 -0.00948710 -0.00068702
v -0.00906962 -0.01349664 -0.00074007
v -0.00613070 -0.00945155 -0.00074007
v -0.00912201 -0.01345858 -0.00078782
v -0.00618308 -0.00941349 -0.00078782
v -0.00917748 -0.01341828 -0.00082991
v -0.00623855 -0.00937319 -0.00082991
v -0.00923563 -0.01337603 -0.00086605
v -0.00629670 -0.00933095 -0.00086605
v -0.00929604 -0.01333214 -0.00089598
v -0.00635711 -0.00928705 -0.00089598
v -0.00935829 -0.01328691 -0.00091949
v -0.00641936 -0.00924183 -0.00091949
v -0.00942192 -0.01324068 -0.00093640
v -0.00648299 -0.00919559 -0.00093640
v -0.00948648 -0.01319377 -0.00094659
v -0.00654756 -0.00914869 -0.00094659
v -0.00955151 -0.01314653 -0.00095000
v -0.00661258 -0.00910144 -0.00095000
v -0.00961654 -0.01309928 -0.00094659
v -0.00667761 -0.00905420 -0.00094659
v -0.00968110 -0.01305237 -0.00093640
v -0.00674217 -0.00900729 -0.00093640
v -0.00974473 -0.01300614 -0.00091949
v -0.00680581 -0.00896106 -0.00091949
v -0.00980698 -0.01296092 -0.00089598
v -0.00686805 -0.00891583 -0.00089598
v -0.00986739 -0.01291702 -0.00086605
v -0.00692847 -0.00887194 -0.00086605
v -0.00992554 -0.01287477 -0.00082991
v -0.00698662 -0.00882969 -0.00082991
v -0.00998101 -0.01283448 -0.00078782
v -0.00704208 -0.00878939 -0.00078782
v -0.01003340 -0.01279642 -0.00074007
v -0.00709447 -0.00875133 -0.00074007
v -0.01008233 -0.01276086 -0.00068702
v -0.00714340 -0.00871578 -0.00068702
v -0.01012745 -0.01272808 -0.00062904
v -0.00718853 -0.00868300 -0.00062904
v -0.01016845 -0.01269830 -0.00056655
v -0.00722952 -0.00865321 -0.00056655
v -0.01020501 -0.01267173 -0.00050000
v -0.00726609 -0.00862664 -0.00050000
v -0.00574678 -0.01521902 0.00056655
v -0.00578977 -0.01520505 0.00050000
v -0.00425329 -0.01570429 0.00050000
v -0.00439751 -0.01565742 0.00068702
v -0.00445503 -0.01563873 0.00074007
v -0.00569859 -0.01523468 0.00062904
v -0.00434447 -0.01567466 0.00062904
v -0.00429628 -0.01569032 0.00056655
v -0.00451662 -0.01561872 0.00078782
v -0.00458182 -0.01559754 0.00082991
v -0.00465018 -0.01557533 0.00086605
v -0.00472120 -0.01555225 0.00089598
v -0.00479438 -0.01552847 0.00091949
v -0.00564554 -0.01525191 0.00068702
v -0.00558802 -0.01527060 0.00074007
v -0.00524867 -0.01538086 0.00091949
v -0.00494508 -0.01547951 0.00094659
v -0.00517387 -0.01540517 0.00093640
v -0.00502153 -0.01545467 0.00095000
v -0.00509797 -0.01542983 0.00094659
v -0.00539287 -0.01533401 0.00086605
v -0.00546123 -0.01531180 0.00082991
v -0.00552643 -0.01529061 0.00078782
v -0.00486918 -0.01550417 0.00093640
v -0.00532185 -0.01535709 0.00089598
v -0.00424468 -0.01044977 0.00050000
v -0.00420169 -0.01046374 0.00056655
v -0.00415350 -0.01047940 0.00062904
v -0.00410045 -0.01049663 0.00068702
v -0.00404293 -0.01051532 0.00074007
v -0.00398135 -0.01053533 0.00078782
v -0.00391614 -0.01055652 0.00082991
v -0.00384779 -0.01057873 0.00086605
v -0.00377676 -0.01060181 0.00089598
v -0.00370359 -0.01062558 0.00091949
v -0.00362878 -0.01064989 0.00093640
v -0.00355289 -0.01067455 0.00094659
v -0.00347644 -0.01069939 0.00095000
v -0.00340000 -0.01072422 0.00094659
v -0.00332410 -0.01074888 0.00093640
v -0.00324929 -0.01077319 0.00091949
v -0.00317612 -0.01079697 0.00089598
v -0.00310510 -0.01082004 0.00086605
v -0.00303674 -0.01084225 0.00082991
v -0.00297153 -0.01086344 0.00078782
v -0.00290995 -0.01088345 0.00074007
v -0.00285243 -0.01090214 0.00068702
v -0.00279938 -0.01091938 0.00062904
v -0.00275119 -0.01093503 0.00056655
v -0.00270820 -0.01094900 0.00050000
v -0.00270820 -0.01094900 -0.00050000
v -0.00425329 -0.01570429 -0.00050000
v -0.00429628 -0.01569032 -0.00056655
v -0.00275119 -0.01093503 -0.00056655
v -0.00434447 -0.01567466 -0.00062904
v -0.00279938 -0.01091938 -0.00062904
v -0.00439751 -0.01565742 -0.00068702
v -0.00285243 -0.01090214 -0.00068702
v -0.00445503 -0.01563873 -0.00074007
v -0.00290995 -0.01088345 -0.00074007
v -0.00451662 -0.01561872 -0.00078782
v -0.00297153 -0.01086344 -0.00078782
v -0.00458182 -0.01559754 -0.00082991
v -0.00303674 -0.01084225 -0.00082991
v -0.00465018 -0.01557533 -0.00086605
v -0.00310510 -0.01082004 -0.00086605
v -0.00472120 -0.01555225 -0.00089598
v -0.00317612 -0.01079697 -0.00089598
v -0.00479438 -0.01552847 -0.00091949
v -0.00324929 -0.01077319 -0.00091949
v -0.00486918 -0.01550417 -0.00093640
v -0.00332410 -0.01074888 -0.00093640
v -0.00494508 -0.01547951 -0.00094659
v -0.00340000 -0.01072422 -0.00094659
v -0.00502153 -0.01545467 -0.00095000
v -0.00347644 -0.01069939 -0.00095000
v -0.00509797 -0.01542983 -0.00094659
v -0.00355289 -0.01067455 -0.00094659
v -0.00517387 -0.01540517 -0.00093640
v -0.00362878 -0.01064989 -0.00093640
v -0.00524867 -0.01538086 -0.00091949
v -0.00370359 -0.01062558 -0.00091949
v -0.00532185 -0.01535709 -0.00089598
v -0.00377676 -0.01060181 -0.00089598
v -0.00539287 -0.01533401 -0.00086605
v -0.00384779 -0.01057873 -0.00086605
v -0.00546123 -0.01531180 -0.00082991
v -0.00391614 -0.01055652 -0.00082991
v -0.00552643 -0.01529061 -0.00078782
v -0.00398135 -0.01053533 -0.00078782
v -0.00558802 -0.01527060 -0.00074007
v -0.00404293 -0.01051532 -0.00074007
v -0.00564554 -0.01525191 -0.00068702
v -0.00410045 -0.01049663 -0.00068702
v -0.00569859 -0.01523468 -0.00062904
v -0.00415350 -0.01047940 -0.00062904
v -0.00574678 -0.01521902 -0.00056655
v -0.00420169 -0.01046374 -0.00056655
v -0.00578977 -0.01520505 -0.00050000
v -0.00424468 -0.01044977 -0.00050000
v 0.01044977 0.00424468 -0.00050000
v 0.01046374 0.00420169 -0.00056655
v 0.01094900 0.00270820 -0.00050000
v 0.01047940 0.00415350 -0.00062904
v 0.01049663 0.00410045 -0.00068702
v 0.01051532 0.00404293 -0.00074007
v 0.01053533 0.00398135 -0.00078782
v 0.01093503 0.00275119 -0.00056655
v 0.01091938 0.00279938 -0.00062904
v 0.01084225 0.00303674 -0.00082991
v 0.01086344 0.00297153 -0.00078782
v 0.01082004 0.00310510 -0.00086605
v 0.01055652 0.00391614 -0.00082991
v 0.01057873 0.00384779 -0.00086605
v 0.01064989 0.00362878 -0.00093640
v 0.01067455 0.00355289 -0.00094659
v 0.01069939 0.00347644 -0.00095000
v 0.01074888 0.00332410 -0.00093640
v 0.01077319 0.00324929 -0.00091949
v 0.01062558 0.00370359 -0.00091949
v 0.01088345 0.00290995 -0.00074007
v 0.01090214 0.00285243 -0.00068702
v 0.01072422 0.00340000 -0.00094659
v 0.01060181 0.00377676 -0.00089598
v 0.01079697 0.00317612 -0.00089598
v 0.01521902 0.00574678 -0.00056655
v 0.01520505 0.00578977 -0.00050000
v 0.01570429 0.00425329 -0.00050000
v 0.01535709 0.00532185 -0.00089598
v 0.01533401 0.00539287 -0.00086605
v 0.01557533 0.00465018 -0.00086605
v 0.01527060 0.00558802 -0.00074007
v 0.01569032 0.00429628 -0.00056655
v 0.01525191 0.00564554 -0.00068702
v 0.01523468 0.00569859 -0.00062904
v 0.01567466 0.00434447 -0.00062904
v 0.01565742 0.00439751 -0.00068702
v 0.01563873 0.00445503 -0.00074007
v 0.01531180 0.00546123 -0.00082991
v 0.01529061 0.00552643 -0.00078782
v 0.01561872 0.00451662 -0.00078782
v 0.01559754 0.00458182 -0.00082991
v 0.01550417 0.00486918 -0.00093640
v 0.01552847 0.00479438 -0.00091949
v 0.01555225 0.00472120 -0.00089598
v 0.01547951 0.00494508 -0.00094659
v 0.01545467 0.00502153 -0.00095000
v 0.01542983 0.00509797 -0.00094659
v 0.01540517 0.00517387 -0.00093640
v 0.01538086 0.00524867 -0.00091949
v 0.01267173 0.01020501 0.00050000
v 0.01269830 0.01016845 0.00056655
v 0.01362132 0.00889801 0.00050000
v 0.01272808 0.01012745 0.00062904
v 0.01349664 0.00906962 0.00074007
v 0.01353219 0.00902069 0.00068702
v 0.01279642 0.01003340 0.00074007
v 0.01356497 0.00897557 0.00062904
v 0.01333214 0.00929604 0.00089598
v 0.01337603 0.00923563 0.00086605
v 0.01287477 0.00992554 0.00082991
v 0.01341828 0.00917748 0.00082991
v 0.01283448 0.00998101 0.00078782
v 0.01345858 0.00912201 0.00078782
v 0.01276086 0.01008233 0.00068702
v 0.01359476 0.00893458 0.00056655
v 0.01291702 0.00986739 0.00086605
v 0.01296092 0.00980698 0.00089598
v 0.01300614 0.00974473 0.00091949
v 0.01319377 0.00948648 0.00094659
v 0.01324068 0.00942192 0.00093640
v 0.01328691 0.00935829 0.00091949
v 0.01305237 0.00968110 0.00093640
v 0.01309928 0.00961654 0.00094659
v 0.01314653 0.00955151 0.00095000
v 0.00862664 0.00726609 0.00050000
v 0.00865321 0.00722952 0.00056655
v 0.00954967 0.00599565 0.00056655
v 0.00957624 0.00595908 0.00050000
v 0.01032739 0.00650482 0.00050000
v 0.00868300 0.00718853 0.00062904
v 0.00871578 0.00714340 0.00068702
v 0.00875133 0.00709447 0.00074007
v 0.00878939 0.00704208 0.00078782
v 0.00882969 0.00698662 0.00082991
v 0.00887194 0.00692847 0.00086605
v 0.00891583 0.00686805 0.00089598
v 0.00896106 0.00680581 0.00091949
v 0.00900729 0.00674217 0.00093640
v 0.00905420 0.00667761 0.00094659
v 0.00910144 0.00661258 0.00095000
v 0.00914869 0.00654756 0.00094659
v 0.00919559 0.00648299 0.00093640
v 0.00924183 0.00641936 0.00091949
v 0.00928705 0.00635711 0.00089598
v 0.00933095 0.00629670 0.00086605
v 0.00937319 0.00623855 0.00082991
v 0.00941349 0.00618308 0.00078782
v 0.00945155 0.00613070 0.00074007
v 0.00948710 0.00608177 0.00068702
v 0.00951989 0.00603664 0.00062904
v 0.01032739 0.00650482 -0.00050000
v 0.00957624 0.00595908 -0.00050000
v 0.00954967 0.00599565 -0.00056655
v 0.01359476 0.00893458 -0.00056655
v 0.01362132 0.00889801 -0.00050000
v 0.00951989 0.00603664 -0.00062904
v 0.01356497 0.00897557 -0.00062904
v 0.00948710 0.00608177 -0.00068702
v 0.01353219 0.00902069 -0.00068702
v 0.00945155 0.00613070 -0.00074007
v 0.01349664 0.00906962 -0.00074007
v 0.00941349 0.00618308 -0.00078782
v 0.01345858 0.00912201 -0.00078782
v 0.00937319 0.00623855 -0.00082991
v 0.01341828 0.00917748 -0.00082991
v 0.00933095 0.00629670 -0.00086605
v 0.01337603 0.00923563 -0.00086605
v 0.00928705 0.00635711 -0.00089598
v 0.01333214 0.00929604 -0.00089598
v 0.00924183 0.00641936 -0.00091949
v 0.01328691 0.00935829 -0.00091949
v 0.00919559 0.00648299 -0.00093640
v 0.01324068 0.00942192 -0.00093640
v 0.00914869 0.00654756 -0.00094659
v 0.01319377 0.00948648 -0.00094659
v 0.00910144 0.00661258 -0.00095000
v 0.01314653 0.00955151 -0.00095000
v 0.00905420 0.00667761 -0.00094659
v 0.01309928 0.00961654 -0.00094659
v 0.00900729 0.00674217 -0.00093640
v 0.01305237 0.00968110 -0.00093640
v 0.00896106 0.00680581 -0.00091949
v 0.01300614 0.00974473 -0.00091949
v 0.00891583 0.00686805 -0.00089598
v 0.01296092 0.00980698 -0.00089598
v 0.00887194 0.00692847 -0.00086605
v 0.01291702 0.00986739 -0.00086605
v 0.00882969 0.00698662 -0.00082991
v 0.01287477 0.00992554 -0.00082991
v 0.00878939 0.00704208 -0.00078782
v 0.01283448 0.00998101 -0.00078782
v 0.00875133 0.00709447 -0.00074007
v 0.01279642 0.01003340 -0.00074007
v 0.00871578 0.00714340 -0.00068702
v 0.01276086 0.01008233 -0.00068702
v 0.00868300 0.00718853 -0.00062904
v 0.01272808 0.01012745 -0.00062904
v 0.00865321 0.00722952 -0.00056655
v 0.01269830 0.01016845 -0.00056655
v 0.00862664 0.00726609 -0.00050000
v 0.01267173 0.01020501 -0.00050000
v 0.01020501 0.01267173 0.00050000
v 0.00889801 0.01362132 0.00050000
v 0.00893458 0.01359476 0.00056655
v 0.00897557 0.01356497 0.00062904
v 0.00902069 0.01353219 0.00068702
v 0.00906962 0.01349664 0.00074007
v 0.00917748 0.01341828 0.00082991
v 0.01008233 0.01276086 0.00068702
v 0.01012745 0.01272808 0.00062904
v 0.00912201 0.01345858 0.00078782
v 0.01016845 0.01269830 0.00056655
v 0.00935829 0.01328691 0.00091949
v 0.00942192 0.01324068 0.00093640
v 0.00948648 0.01319377 0.00094659
v 0.00974473 0.01300614 0.00091949
v 0.00929604 0.01333214 0.00089598
v 0.00968110 0.01305237 0.00093640
v 0.00961654 0.01309928 0.00094659
v 0.00992554 0.01287477 0.00082991
v 0.00998101 0.01283448 0.00078782
v 0.00955151 0.01314653 0.00095000
v 0.00980698 0.01296092 0.00089598
v 0.00986739 0.01291702 0.00086605
v 0.00923563 0.01337603 0.00086605
v 0.01003340 0.01279642 0.00074007
v 0.00650482 0.01032739 0.00050000
v 0.00595908 0.00957624 0.00050000
v 0.00599565 0.00954967 0.00056655
v 0.00603664 0.00951989 0.00062904
v 0.00608177 0.00948710 0.00068702
v 0.00613070 0.00945155 0.00074007
v 0.00618308 0.00941349 0.00078782
v 0.00623855 0.00937319 0.00082991
v 0.00629670 0.00933095 0.00086605
v 0.00635711 0.00928705 0.00089598
v 0.00641936 0.00924183 0.00091949
v 0.00648299 0.00919559 0.00093640
v 0.00654756 0.00914869 0.00094659
v 0.00661258 0.00910144 0.00095000
v 0.00667761 0.00905420 0.00094659
v 0.00674217 0.00900729 0.00093640
v 0.00680581 0.00896106 0.00091949
v 0.00686805 0.00891583 0.00089598
v 0.00692847 0.00887194 0.00086605
v 0.00698662 0.00882969 0.00082991
v 0.00704208 0.00878939 0.00078782
v 0.00709447 0.00875133 0.00074007
v 0.00714340 0.00871578 0.00068702
v 0.00718853 0.00868300 0.00062904
v 0.00722952 0.00865321 0.00056655
v 0.00726609 0.00862664 0.00050000
v 0.01020501 0.01267173 -0.00050000
v 0.00726609 0.00862664 -0.00050000
v 0.00722952 0.00865321 -0.00056655
v 0.00599565 0.00954967 -0.00056655
v 0.00595908 0.00957624 -0.00050000
v 0.00650482 0.01032739 -0.00050000
v 0.01016845 0.01269830 -0.00056655
v 0.00718853 0.00868300 -0.00062904
v 0.01012745 0.01272808 -0.00062904
v 0.00714340 0.00871578 -0.00068702
v 0.01008233 0.01276086 -0.00068702
v 0.00709447 0.00875133 -0.00074007
v 0.01003340 0.01279642 -0.00074007
v 0.00704208 0.00878939 -0.00078782
v 0.00998101 0.01283448 -0.00078782
v 0.00698662 0.00882969 -0.00082991
v 0.00992554 0.01287477 -0.00082991
v 0.00692847 0.00887194 -0.00086605
v 0.00986739 0.01291702 -0.00086605
v 0.00686805 0.00891583 -0.00089598
v 0.00980698 0.01296092 -0.00089598
v 0.00680581 0.00896106 -0.00091949
v 0.00974473 0.01300614 -0.00091949
v 0.00674217 0.00900729 -0.00093640
v 0.00968110 0.01305237 -0.00093640
v 0.00667761 0.00905420 -0.00094659
v 0.00961654 0.01309928 -0.00094659
v 0.00661258 0.00910144 -0.00095000
v 0.00955151 0.01314653 -0.00095000
v 0.00654756 0.00914869 -0.00094659
v 0.00948648 0.01319377 -0.00094659
v 0.00648299 0.00919559 -0.00093640
v 0.00942192 0.01324068 -0.00093640
v 0.00641936 0.00924183 -0.00091949
v 0.00935829 0.01328691 -0.00091949
v 0.00635711 0.00928705 -0.00089598
v 0.00929604 0.01333214 -0.00089598
v 0.00629670 0.00933095 -0.00086605
v 0.00923563 0.01337603 -0.00086605
v 0.00623855 0.00937319 -0.00082991
v 0.00917748 0.01341828 -0.00082991
v 0.00618308 0.00941349 -0.00078782
v 0.00912201 0.01345858 -0.00078782
v 0.00613070 0.00945155 -0.00074007
v 0.00906962 0.01349664 -0.00074007
v 0.00608177 0.00948710 -0.00068702
v 0.00902069 0.01353219 -0.00068702
v 0.00603664 0.00951989 -0.00062904
v 0.00897557 0.01356497 -0.00062904
v 0.00893458 0.01359476 -0.00056655
v 0.00889801 0.01362132 -0.00050000
v 0.00569859 0.01523468 0.00062904
v 0.00434447 0.01567466 0.00062904
v 0.00564554 0.01525191 0.00068702
v 0.00558802 0.01527060 0.00074007
v 0.00425329 0.01570429 0.00050000
v 0.00429628 0.01569032 0.00056655
v 0.00578977 0.01520505 0.00050000
v 0.00574678 0.01521902 0.00056655
v 0.00439751 0.01565742 0.00068702
v 0.00445503 0.01563873 0.00074007
v 0.00451662 0.01561872 0.00078782
v 0.00472120 0.01555225 0.00089598
v 0.00532185 0.01535709 0.00089598
v 0.00539287 0.01533401 0.00086605
v 0.00546123 0.01531180 0.00082991
v 0.00552643 0.01529061 0.00078782
v 0.00458182 0.01559754 0.00082991
v 0.00465018 0.01557533 0.00086605
v 0.00479438 0.01552847 0.00091949
v 0.00486918 0.01550417 0.00093640
v 0.00524867 0.01538086 0.00091949
v 0.00494508 0.01547951 0.00094659
v 0.00502153 0.01545467 0.00095000
v 0.00509797 0.01542983 0.00094659
v 0.00517387 0.01540517 0.00093640
v 0.00270820 0.01094900 0.00050000
v 0.00275119 0.01093503 0.00056655
v 0.00279938 0.01091938 0.00062904
v 0.00285243 0.01090214 0.00068702
v 0.00290995 0.01088345 0.00074007
v 0.00297153 0.01086344 0.00078782
v 0.00303674 0.01084225 0.00082991
v 0.00310510 0.01082004 0.00086605
v 0.00317612 0.01079697 0.00089598
v 0.00324929 0.01077319 0.00091949
v 0.00332410 0.01074888 0.00093640
v 0.00340000 0.01072422 0.00094659
v 0.00347644 0.01069939 0.00095000
v 0.00355289 0.01067455 0.00094659
v 0.00362878 0.01064989 0.00093640
v 0.00370359 0.01062558 0.00091949
v 0.00377676 0.01060181 0.00089598
v 0.00384779 0.01057873 0.00086605
v 0.00391614 0.01055652 0.00082991
v 0.00398135 0.01053533 0.00078782
v 0.00404293 0.01051532 0.00074007
v 0.00410045 0.01049663 0.00068702
v 0.00415350 0.01047940 0.00062904
v 0.00420169 0.01046374 0.00056655
v 0.00424468 0.01044977 0.00050000
v 0.00578977 0.01520505 -0.00050000
v 0.00424468 0.01044977 -0.00050000
v 0.00420169 0.01046374 -0.00056655
v 0.00574678 0.01521902 -0.00056655
v 0.00415350 0.01047940 -0.00062904
v 0.00569859 0.01523468 -0.00062904
v 0.00410045 0.01049663 -0.00068702
v 0.00564554 0.01525191 -0.00068702
v 0.00404293 0.01051532 -0.00074007
v 0.00558802 0.01527060 -0.00074007
v 0.00398135 0.01053533 -0.00078782
v 0.00552643 0.01529061 -0.00078782
v 0.00391614 0.01055652 -0.00082991
v 0.00546123 0.01531180 -0.00082991
v 0.00384779 0.01057873 -0.00086605
v 0.00539287 0.01533401 -0.00086605
v 0.00377676 0.01060181 -0.00089598
v 0.00532185 0.01535709 -0.00089598
v 0.00370359 0.01062558 -0.00091949
v 0.00524867 0.01538086 -0.00091949
v 0.00362878 0.01064989 -0.00093640
v 0.00517387 0.01540517 -0.00093640
v 0.00355289 0.01067455 -0.00094659
v 0.00509797 0.01542983 -0.00094659
v 0.00347644 0.01069939 -0.00095000
v 0.00502153 0.01545467 -0.00095000
v 0.00340000 0.01072422 -0.00094659
v 0.00494508 0.01547951 -0.00094659
v 0.00332410 0.01074888 -0.00093640
v 0.00486918 0.01550417 -0.00093640
v 0.00324929 0.01077319 -0.00091949
v 0.00479438 0.01552847 -0.00091949
v 0.00317612 0.01079697 -0.00089598
v 0.00472120 0.01555225 -0.00089598
v 0.00310510 0.01082004 -0.00086605
v 0.00465018 0.01557533 -0.00086605
v 0.00303674 0.01084225 -0.00082991
v 0.00458182 0.01559754 -0.00082991
v 0.00297153 0.01086344 -0.00078782
v 0.00451662 0.01561872 -0.00078782
v 0.00290995 0.01088345 -0.00074007
v 0.00445503 0.01563873 -0.00074007
v 0.00285243 0.01090214 -0.00068702
v 0.00439751 0.01565742 -0.00068702
v 0.00279938 0.01091938 -0.00062904
v 0.00434447 0.01567466 -0.00062904
v 0.00275119 0.01093503 -0.00056655
v 0.00429628 0.01569032 -0.00056655
v 0.00270820 0.01094900 -0.00050000
v 0.00425329 0.01570429 -0.00050000
v -0.00424468 0.01044977 -0.00050000
v -0.00420169 0.01046374 -0.00056655
v -0.00270820 0.01094900 -0.00050000
v -0.00415350 0.01047940 -0.00062904
v -0.00410045 0.01049663 -0.00068702
v -0.00290995 0.01088345 -0.00074007
v -0.00285243 0.01090214 -0.00068702
v -0.00398135 0.01053533 -0.00078782
v -0.00279938 0.01091938 -0.00062904
v -0.00391614 0.01055652 -0.00082991
v -0.00384779 0.01057873 -0.00086605
v -0.00303674 0.01084225 -0.00082991
v -0.00377676 0.01060181 -0.00089598
v -0.00370359 0.01062558 -0.00091949
v -0.00297153 0.01086344 -0.00078782
v -0.00404293 0.01051532 -0.00074007
v -0.00275119 0.01093503 -0.00056655
v -0.00362878 0.01064989 -0.00093640
v -0.00355289 0.01067455 -0.00094659
v -0.00347644 0.01069939 -0.00095000
v -0.00340000 0.01072422 -0.00094659
v -0.00332410 0.01074888 -0.00093640
v -0.00310510 0.01082004 -0.00086605
v -0.00324929 0.01077319 -0.00091949
v -0.00317612 0.01079697 -0.00089598
v -0.00574678 0.01521902 -0.00056655
v -0.00578977 0.01520505 -0.00050000
v -0.00425329 0.01570429 -0.00050000
v -0.00451662 0.01561872 -0.00078782
v -0.00458182 0.01559754 -0.00082991
v -0.00552643 0.01529061 -0.00078782
v -0.00465018 0.01557533 -0.00086605
v -0.00472120 0.01555225 -0.00089598
v -0.00558802 0.01527060 -0.00074007
v -0.00564554 0.01525191 -0.00068702
v -0.00569859 0.01523468 -0.00062904
v -0.00429628 0.01569032 -0.00056655
v -0.00434447 0.01567466 -0.00062904
v -0.00439751 0.01565742 -0.00068702
v -0.00445503 0.01563873 -0.00074007
v -0.00479438 0.01552847 -0.00091949
v -0.00486918 0.01550417 -0.00093640
v -0.00494508 0.01547951 -0.00094659
v -0.00502153 0.01545467 -0.00095000
v -0.00509797 0.01542983 -0.00094659
v -0.00517387 0.01540517 -0.00093640
v -0.00539287 0.01533401 -0.00086605
v -0.00546123 0.01531180 -0.00082991
v -0.00532185 0.01535709 -0.00089598
v -0.00524867 0.01538086 -0.00091949
v 0.00642788 0.00766044 -0.00050000
v 0.00729286 0.00729286 -0.00050000
v 0.00707107 0.00707107 -0.00050000
v -0.00500000 0.00866025 -0.00050000
v -0.00573576 0.00819152 -0.00050000
v -0.00587442 0.01032739 -0.00050000
v -0.00766044 0.00642788 -0.00050000
v -0.00729286 0.00729286 -0.00050000
v -0.00707107 0.00707107 -0.00050000
v -0.00175799 0.01466280 -0.00050000
v 0.01032739 0.01032739 -0.00050000
v -0.01032739 0.01032739 -0.00050000
v 0.01515544 -0.00875000 -0.00050000
v 0.01433516 -0.01003759 -0.00050000
v 0.01466280 -0.00729286 -0.00050000
v 0.00875000 -0.01515544 -0.00050000
v 0.00739582 -0.01586039 -0.00050000
v 0.00729286 -0.01466280 -0.00050000
v -0.00875000 -0.01515544 -0.00050000
v -0.01003759 -0.01433516 -0.00050000
v -0.00729286 -0.01466280 -0.00050000
v 0.00303884 0.01723414 -0.00050000
v 0.00452933 0.01690370 -0.00050000
v 0.01515544 0.00875000 -0.00050000
v 0.01586039 0.00739582 -0.00050000
v 0.01466280 0.00729286 -0.00050000
v 0.01625000 0.00080777 -0.00050000
v 0.01743341 0.00152523 -0.00050000
v 0.01625000 -0.00080777 -0.00050000
v 0.01750000 -0.00000000 -0.00050000
v 0.01690370 0.00452933 -0.00050000
v 0.01723414 0.00303884 -0.00050000
v 0.01466280 0.00175799 -0.00050000
v 0.01644462 0.00598535 -0.00050000
v 0.01433516 0.01003759 -0.00050000
v 0.01340578 0.01124878 -0.00050000
v 0.01237437 0.01237437 -0.00050000
v 0.01124878 0.01340578 -0.00050000
v 0.00598535 0.01644462 -0.00050000
v 0.00739582 0.01586039 -0.00050000
v 0.00729286 0.01466280 -0.00050000
v 0.00875000 0.01515544 -0.00050000
v 0.01003759 0.01433516 -0.00050000
v 0.00152523 0.01743341 -0.00050000
v 0.00175799 0.01466280 -0.00050000
v 0.00080777 0.01625000 -0.00050000
v -0.00303884 0.01723414 -0.00050000
v -0.00152523 0.01743341 -0.00050000
v -0.00875000 0.01515544 -0.00050000
v -0.00739582 0.01586039 -0.00050000
v -0.00729286 0.01466280 -0.00050000
v -0.00598535 0.01644462 -0.00050000
v -0.01003759 0.01433516 -0.00050000
v -0.01124878 0.01340578 -0.00050000
v -0.01237437 0.01237437 -0.00050000
v -0.01340578 0.01124878 -0.00050000
v -0.01644462 0.00598535 -0.00050000
v -0.01586039 0.00739582 -0.00050000
v -0.01466280 0.00729286 -0.00050000
v -0.01515544 0.00875000 -0.00050000
v -0.01433516 0.01003759 -0.00050000
v -0.01690370 0.00452933 -0.00050000
v -0.01687500 0.00175799 -0.00050000
v -0.01723414 0.00303884 -0.00050000
v -0.01743341 0.00152523 -0.00050000
v -0.01687500 -0.00175799 -0.00050000
v -0.01743341 -0.00152523 -0.00050000
v -0.01750000 0.00000000 -0.00050000
v -0.01466280 -0.00175799 -0.00050000
v -0.01690370 -0.00452933 -0.00050000
v -0.01723414 -0.00303884 -0.00050000
v -0.01515544 -0.00875000 -0.00050000
v -0.01586039 -0.00739582 -0.00050000
v -0.01466280 -0.00729286 -0.00050000
v -0.01644462 -0.00598535 -0.00050000
v -0.01433516 -0.01003759 -0.00050000
v -0.01340578 -0.01124878 -0.00050000
v -0.01032739 -0.01032739 -0.00050000
v -0.01237437 -0.01237437 -0.00050000
v -0.01124878 -0.01340578 -0.00050000
v -0.00739582 -0.01586039 -0.00050000
v -0.00587442 -0.01466280 -0.00050000
v -0.00598535 -0.01644462 -0.00050000
v -0.00452933 -0.01690370 -0.00050000
v -0.00175799 -0.01687500 -0.00050000
v -0.00303884 -0.01723414 -0.00050000
v -0.00152523 -0.01743341 -0.00050000
v 0.00175799 -0.01687500 -0.00050000
v 0.00152523 -0.01743341 -0.00050000
v -0.00000000 -0.01750000 -0.00050000
v 0.00175799 -0.01466280 -0.00050000
v 0.00452933 -0.01690370 -0.00050000
v 0.00303884 -0.01723414 -0.00050000
v 0.00425329 -0.01570429 -0.00050000
v 0.00578977 -0.01520505 -0.00050000
v 0.00598535 -0.01644462 -0.00050000
v 0.01003759 -0.01433516 -0.00050000
v 0.00889801 -0.01362132 -0.00050000
v 0.01124878 -0.01340578 -0.00050000
v 0.01020501 -0.01267173 -0.00050000
v 0.01032739 -0.01032739 -0.00050000
v 0.01237437 -0.01237437 -0.00050000
v 0.01340578 -0.01124878 -0.00050000
v 0.01586039 -0.00739582 -0.00050000
v 0.01466280 -0.00587442 -0.00050000
v 0.01644462 -0.00598535 -0.00050000
v 0.01520505 -0.00578977 -0.00050000
v 0.01690370 -0.00452933 -0.00050000
v 0.01570429 -0.00425329 -0.00050000
v 0.01723414 -0.00303884 -0.00050000
v -0.00642788 0.00766044 -0.00050000
v -0.00587442 0.01466280 -0.00050000
v -0.00819152 0.00573576 -0.00050000
v -0.00866025 0.00500000 -0.00050000
v -0.00984808 0.00173648 -0.00050000
v -0.01032739 0.00175799 -0.00050000
v -0.00965926 0.00258819 -0.00050000
v -0.00939693 0.00342020 -0.00050000
v -0.00906308 0.00422618 -0.00050000
v -0.01466280 0.00175799 -0.00050000
v -0.01032739 -0.00175799 -0.00050000
v -0.01466280 -0.00587442 -0.00050000
v -0.01032739 -0.00587442 -0.00050000
v -0.00819152 -0.00573576 -0.00050000
v -0.00766044 -0.00642788 -0.00050000
v -0.00729286 -0.00729286 -0.00050000
v -0.00707107 -0.00707107 -0.00050000
v -0.00642788 -0.00766044 -0.00050000
v -0.00587442 -0.01032739 -0.00050000
v -0.00080777 -0.01625000 -0.00050000
v -0.00175799 -0.01466280 -0.00050000
v -0.00080777 -0.01125000 -0.00050000
v -0.00175799 -0.01032739 -0.00050000
v 0.00080777 -0.01125000 -0.00050000
v 0.00175799 -0.01032739 -0.00050000
v 0.00080777 -0.01625000 -0.00050000
v 0.00270820 -0.01094900 -0.00050000
v 0.00424468 -0.01044977 -0.00050000
v 0.00650482 -0.01032739 -0.00050000
v 0.00173648 -0.00984808 -0.00050000
v 0.00258819 -0.00965926 -0.00050000
v 0.00595908 -0.00957624 -0.00050000
v 0.00342020 -0.00939693 -0.00050000
v 0.00422618 -0.00906308 -0.00050000
v 0.00500000 -0.00866025 -0.00050000
v 0.00573576 -0.00819152 -0.00050000
v 0.00726609 -0.00862664 -0.00050000
v 0.00642788 -0.00766044 -0.00050000
v 0.00729286 -0.00729286 -0.00050000
v 0.00707107 -0.00707107 -0.00050000
v 0.00766044 -0.00642788 -0.00050000
v 0.01362132 -0.00889801 -0.00050000
v 0.00957624 -0.00595908 -0.00050000
v 0.01032739 -0.00587442 -0.00050000
v 0.01044977 -0.00424468 -0.00050000
v 0.01032739 -0.00175799 -0.00050000
v 0.01743341 -0.00152523 -0.00050000
v 0.01466280 -0.00175799 -0.00050000
v 0.01094900 -0.00270820 -0.00050000
v 0.00862664 -0.00726609 -0.00050000
v 0.01267173 -0.01020501 -0.00050000
v 0.01125000 -0.00080777 -0.00050000
v 0.01125000 0.00080777 -0.00050000
v 0.01032739 0.00175799 -0.00050000
v 0.00766044 0.00642788 -0.00050000
v 0.00939693 0.00342020 -0.00050000
v 0.00906308 0.00422618 -0.00050000
v 0.00965926 0.00258819 -0.00050000
v 0.00984808 0.00173648 -0.00050000
v 0.00996195 0.00087156 -0.00050000
v 0.00866025 0.00500000 -0.00050000
v 0.00819152 0.00573576 -0.00050000
v 0.00573576 0.00819152 -0.00050000
v 0.00500000 0.00866025 -0.00050000
v 0.00173648 0.00984808 -0.00050000
v 0.00175799 0.01032739 -0.00050000
v 0.00258819 0.00965926 -0.00050000
v 0.00342020 0.00939693 -0.00050000
v 0.00422618 0.00906308 -0.00050000
v 0.00080777 0.01125000 -0.00050000
v -0.00080777 0.01125000 -0.00050000
v -0.00175799 0.01032739 -0.00050000
v -0.00080777 0.01625000 -0.00050000
v 0.00000000 0.01750000 -0.00050000
v -0.00452933 0.01690370 -0.00050000
v 0.01000000 0.00000000 -0.00050000
v 0.00996195 -0.00087156 -0.00050000
v 0.00819152 -0.00573576 -0.00050000
v 0.00866025 -0.00500000 -0.00050000
v 0.00906308 -0.00422618 -0.00050000
v 0.00939693 -0.00342020 -0.00050000
v 0.00965926 -0.00258819 -0.00050000
v 0.00984808 -0.00173648 -0.00050000
v -0.00173648 -0.00984808 -0.00050000
v -0.00087156 -0.00996195 -0.00050000
v -0.00000000 -0.01000000 -0.00050000
v 0.00087156 -0.00996195 -0.00050000
v -0.00573576 -0.00819152 -0.00050000
v -0.00500000 -0.00866025 -0.00050000
v -0.00422618 -0.00906308 -0.00050000
v -0.00342020 -0.00939693 -0.00050000
v -0.00258819 -0.00965926 -0.00050000
v -0.00984808 -0.00173648 -0.00050000
v -0.00965926 -0.00258819 -0.00050000
v -0.00939693 -0.00342020 -0.00050000
v -0.00906308 -0.00422618 -0.00050000
v -0.00866025 -0.00500000 -0.00050000
v -0.00996195 0.00087156 -0.00050000
v -0.01000000 0.00000000 -0.00050000
v -0.00996195 -0.00087156 -0.00050000
v -0.00173648 0.00984808 -0.00050000
v -0.00258819 0.00965926 -0.00050000
v -0.00342020 0.00939693 -0.00050000
v -0.00422618 0.00906308 -0.00050000
v 0.00087156 0.00996195 -0.00050000
v 0.00000000 0.01000000 -0.00050000
v -0.00087156 0.00996195 -0.00050000
v 0.01000000 -0.00000000 0.00050000
v 0.00996195 0.00087156 0.00050000
v 0.00984808 0.00173648 0.00050000
v 0.00965926 0.00258819 0.00050000
v 0.00939693 0.00342020 0.00050000
v 0.00906308 0.00422618 0.00050000
v 0.00866025 0.00500000 0.00050000
v 0.00819152 0.00573576 0.00050000
v 0.00766044 0.00642788 0.00050000
v 0.00707107 0.00707107 0.00050000
v 0.00642788 0.00766044 0.00050000
v 0.00573576 0.00819152 0.00050000
v 0.00500000 0.00866025 0.00050000
v 0.00422618 0.00906308 0.00050000
v 0.00342020 0.00939693 0.00050000
v 0.00258819 0.00965926 0.00050000
v 0.00173648 0.00984808 0.00050000
v 0.00087156 0.00996195 0.00050000
v 0.00000000 0.01000000 0.00050000
v -0.00087156 0.00996195 0.00050000
v -0.00173648 0.00984808 0.00050000
v -0.00258819 0.00965926 0.00050000
v -0.00342020 0.00939693 0.00050000
v -0.00422618 0.00906308 0.00050000
v -0.00500000 0.00866025 0.00050000
v -0.00573576 0.00819152 0.00050000
v -0.00642788 0.00766044 0.00050000
v -0.00707107 0.00707107 0.00050000
v -0.00766044 0.00642788 0.00050000
v -0.00819152 0.00573576 0.00050000
v -0.00866025 0.00500000 0.00050000
v -0.00906308 0.00422618 0.00050000
v -0.00939693 0.00342020 0.00050000
v -0.00965926 0.00258819 0.00050000
v -0.00984808 0.00173648 0.00050000
v -0.00996195 0.00087156 0.00050000
v -0.01000000 0.00000000 0.00050000
v -0.00996195 -0.00087156 0.00050000
v -0.00984808 -0.00173648 0.00050000
v -0.00965926 -0.00258819 0.00050000
v -0.00939693 -0.00342020 0.00050000
v -0.00906308 -0.00422618 0.00050000
v -0.00866025 -0.00500000 0.00050000
v -0.00819152 -0.00573576 0.00050000
v -0.00766044 -0.00642788 0.00050000
v -0.00707107 -0.00707107 0.00050000
v -0.00642788 -0.00766044 0.00050000
v -0.00573576 -0.00819152 0.00050000
v -0.00500000 -0.00866025 0.00050000
v -0.00422618 -0.00906308 0.00050000
v -0.00342020 -0.00939693 0.00050000
v -0.00258819 -0.00965926 0.00050000
v -0.00173648 -0.00984808 0.00050000
v -0.00087156 -0.00996195 0.00050000
v -0.00000000 -0.01000000 0.00050000
v 0.00087156 -0.00996195 0.00050000
v 0.00173648 -0.00984808 0.00050000
v 0.00258819 -0.00965926 0.00050000
v 0.00342020 -0.00939693 0.00050000
v 0.00422618 -0.00906308 0.00050000
v 0.00500000 -0.00866025 0.00050000
v 0.00573576 -0.00819152 0.00050000
v 0.00642788 -0.00766044 0.00050000
v 0.00707107 -0.00707107 0.00050000
v 0.00766044 -0.00642788 0.00050000
v 0.00819152 -0.00573576 0.00050000
v 0.00866025 -0.00500000 0.00050000
v 0.00906308 -0.00422618 0.00050000
v 0.00939693 -0.00342020 0.00050000
v 0.00965926 -0.00258819 0.00050000
v 0.00984808 -0.00173648 0.00050000
v 0.00996195 -0.00087156 0.00050000
v 0.01032739 0.01032739 0.00050000
v 0.01094900 -0.00270820 0.00050000
v 0.01570429 -0.00425329 0.00050000
v 0.01466280 -0.00175799 0.00050000
v 0.01032739 -0.01032739 0.00050000
v 0.01267173 -0.01020501 0.00050000
v 0.00862664 -0.00726609 0.00050000
v -0.00175799 -0.01466280 0.00050000
v -0.01466280 0.00175799 0.00050000
v -0.00303884 0.01723414 0.00050000
v -0.00452933 0.01690370 0.00050000
v -0.00425329 0.01570429 0.00050000
v -0.00875000 0.01515544 0.00050000
v -0.01003759 0.01433516 0.00050000
v -0.00729286 0.01466280 0.00050000
v -0.01515544 -0.00875000 0.00050000
v -0.01433516 -0.01003759 0.00050000
v -0.01466280 -0.00729286 0.00050000
v 0.01515544 -0.00875000 0.00050000
v 0.01586039 -0.00739582 0.00050000
v 0.01466280 -0.00729286 0.00050000
v 0.01644462 -0.00598535 0.00050000
v 0.00957624 -0.00595908 0.00050000
v 0.01362132 -0.00889801 0.00050000
v 0.01433516 -0.01003759 0.00050000
v 0.01340578 -0.01124878 0.00050000
v 0.01237437 -0.01237437 0.00050000
v 0.01124878 -0.01340578 0.00050000
v 0.00598535 -0.01644462 0.00050000
v 0.00739582 -0.01586039 0.00050000
v 0.00729286 -0.01466280 0.00050000
v 0.00875000 -0.01515544 0.00050000
v 0.01003759 -0.01433516 0.00050000
v 0.00578977 -0.01520505 0.00050000
v 0.00425329 -0.01570429 0.00050000
v 0.00452933 -0.01690370 0.00050000
v 0.00175799 -0.01687500 0.00050000
v 0.00303884 -0.01723414 0.00050000
v -0.00175799 -0.01687500 0.00050000
v -0.00000000 -0.01750000 0.00050000
v 0.00152523 -0.01743341 0.00050000
v -0.00452933 -0.01690370 0.00050000
v -0.00303884 -0.01723414 0.00050000
v -0.00152523 -0.01743341 0.00050000
v -0.00875000 -0.01515544 0.00050000
v -0.00739582 -0.01586039 0.00050000
v -0.00729286 -0.01466280 0.00050000
v -0.00598535 -0.01644462 0.00050000
v -0.01003759 -0.01433516 0.00050000
v -0.01124878 -0.01340578 0.00050000
v -0.01032739 -0.01032739 0.00050000
v -0.01237437 -0.01237437 0.00050000
v -0.01340578 -0.01124878 0.00050000
v -0.01586039 -0.00739582 0.00050000
v -0.01466280 -0.00587442 0.00050000
v -0.01644462 -0.00598535 0.00050000
v -0.01690370 -0.00452933 0.00050000
v -0.01687500 -0.00175799 0.00050000
v -0.01723414 -0.00303884 0.00050000
v -0.01687500 0.00175799 0.00050000
v -0.01750000 0.00000000 0.00050000
v -0.01743341 -0.00152523 0.00050000
v -0.01690370 0.00452933 0.00050000
v -0.01723414 0.00303884 0.00050000
v -0.01743341 0.00152523 0.00050000
v -0.01644462 0.00598535 0.00050000
v -0.01586039 0.00739582 0.00050000
v -0.01466280 0.00729286 0.00050000
v -0.01515544 0.00875000 0.00050000
v -0.01433516 0.01003759 0.00050000
v -0.01340578 0.01124878 0.00050000
v -0.01032739 0.01032739 0.00050000
v -0.01237437 0.01237437 0.00050000
v -0.01124878 0.01340578 0.00050000
v -0.00739582 0.01586039 0.00050000
v -0.00587442 0.01466280 0.00050000
v -0.00598535 0.01644462 0.00050000
v -0.00578977 0.01520505 0.00050000
v 0.00080777 0.01625000 0.00050000
v 0.00152523 0.01743341 0.00050000
v 0.00000000 0.01750000 0.00050000
v -0.00080777 0.01625000 0.00050000
v 0.00452933 0.01690370 0.00050000
v 0.00303884 0.01723414 0.00050000
v 0.00175799 0.01466280 0.00050000
v 0.00598535 0.01644462 0.00050000
v 0.00739582 0.01586039 0.00050000
v 0.00729286 0.01466280 0.00050000
v 0.00875000 0.01515544 0.00050000
v 0.01003759 0.01433516 0.00050000
v 0.01124878 0.01340578 0.00050000
v 0.01237437 0.01237437 0.00050000
v 0.01340578 0.01124878 0.00050000
v 0.01520505 0.00578977 0.00050000
v 0.01570429 0.00425329 0.00050000
v 0.01690370 0.00452933 0.00050000
v 0.01644462 0.00598535 0.00050000
v 0.01586039 0.00739582 0.00050000
v 0.01466280 0.00729286 0.00050000
v 0.01515544 0.00875000 0.00050000
v 0.01433516 0.01003759 0.00050000
v 0.01125000 0.00080777 0.00050000
v 0.01625000 0.00080777 0.00050000
v 0.01466280 0.00175799 0.00050000
v 0.01743341 0.00152523 0.00050000
v 0.01723414 0.00303884 0.00050000
v -0.00587442 0.01032739 0.00050000
v -0.00729286 0.00729286 0.00050000
v -0.01032739 0.00175799 0.00050000
v -0.01466280 -0.00175799 0.00050000
v -0.01032739 -0.00175799 0.00050000
v -0.01032739 -0.00587442 0.00050000
v -0.00587442 -0.01466280 0.00050000
v -0.00587442 -0.01032739 0.00050000
v -0.00729286 -0.00729286 0.00050000
v 0.00080777 -0.01625000 0.00050000
v 0.00175799 -0.01466280 0.00050000
v 0.00080777 -0.01125000 0.00050000
v 0.00175799 -0.01032739 0.00050000
v -0.00080777 -0.01125000 0.00050000
v -0.00175799 -0.01032739 0.00050000
v -0.00080777 -0.01625000 0.00050000
v 0.00424468 -0.01044977 0.00050000
v 0.00726609 -0.00862664 0.00050000
v 0.00729286 -0.00729286 0.00050000
v 0.00650482 -0.01032739 0.00050000
v 0.00595908 -0.00957624 0.00050000
v 0.00270820 -0.01094900 0.00050000
v 0.00889801 -0.01362132 0.00050000
v 0.01020501 -0.01267173 0.00050000
v 0.01466280 -0.00587442 0.00050000
v 0.01032739 -0.00587442 0.00050000
v 0.01032739 -0.00175799 0.00050000
v 0.01044977 -0.00424468 0.00050000
v 0.01520505 -0.00578977 0.00050000
v 0.01690370 -0.00452933 0.00050000
v 0.01723414 -0.00303884 0.00050000
v 0.01743341 -0.00152523 0.00050000
v 0.01625000 -0.00080777 0.00050000
v 0.01750000 0.00000000 0.00050000
v 0.01125000 -0.00080777 0.00050000
v 0.01032739 0.00175799 0.00050000
v 0.01044977 0.00424468 0.00050000
v 0.00729286 0.00729286 0.00050000
v 0.01094900 0.00270820 0.00050000
v 0.00175799 0.01032739 0.00050000
v -0.00152523 0.01743341 0.00050000
v -0.00175799 0.01466280 0.00050000
v -0.00080777 0.01125000 0.00050000
v -0.00175799 0.01032739 0.00050000
v 0.00080777 0.01125000 0.00050000
v -0.00270820 0.01094900 0.00050000
v -0.00424468 0.01044977 0.00050000
v -0.00420169 0.01046374 0.00056655
v -0.00415350 0.01047940 0.00062904
v -0.00310510 0.01082004 0.00086605
v -0.00317612 0.01079697 0.00089598
v -0.00391614 0.01055652 0.00082991
v -0.00398135 0.01053533 0.00078782
v -0.00404293 0.01051532 0.00074007
v -0.00410045 0.01049663 0.00068702
v -0.00279938 0.01091938 0.00062904
v -0.00285243 0.01090214 0.00068702
v -0.00290995 0.01088345 0.00074007
v -0.00275119 0.01093503 0.00056655
v -0.00297153 0.01086344 0.00078782
v -0.00303674 0.01084225 0.00082991
v -0.00355289 0.01067455 0.00094659
v -0.00362878 0.01064989 0.00093640
v -0.00347644 0.01069939 0.00095000
v -0.00340000 0.01072422 0.00094659
v -0.00332410 0.01074888 0.00093640
v -0.00370359 0.01062558 0.00091949
v -0.00377676 0.01060181 0.00089598
v -0.00324929 0.01077319 0.00091949
v -0.00384779 0.01057873 0.00086605
v -0.00574678 0.01521902 0.00056655
v -0.00569859 0.01523468 0.00062904
v -0.00564554 0.01525191 0.00068702
v -0.00558802 0.01527060 0.00074007
v -0.00552643 0.01529061 0.00078782
v -0.00546123 0.01531180 0.00082991
v -0.00539287 0.01533401 0.00086605
v -0.00532185 0.01535709 0.00089598
v -0.00524867 0.01538086 0.00091949
v -0.00517387 0.01540517 0.00093640
v -0.00509797 0.01542983 0.00094659
v -0.00502153 0.01545467 0.00095000
v -0.00494508 0.01547951 0.00094659
v -0.00486918 0.01550417 0.00093640
v -0.00479438 0.01552847 0.00091949
v -0.00472120 0.01555225 0.00089598
v -0.00465018 0.01557533 0.00086605
v -0.00458182 0.01559754 0.00082991
v -0.00451662 0.01561872 0.00078782
v -0.00445503 0.01563873 0.00074007
v -0.00439751 0.01565742 0.00068702
v -0.00434447 0.01567466 0.00062904
v -0.00429628 0.01569032 0.00056655
v -0.00065613 0.01625000 -0.00068702
v -0.00071190 0.01625000 -0.00062904
v 0.00053089 0.01625000 -0.00078782
v 0.00076257 0.01625000 -0.00056655
v 0.00071190 0.01625000 -0.00062904
v 0.00065613 0.01625000 -0.00068702
v -0.00059565 0.01625000 -0.00074007
v 0.00059565 0.01625000 -0.00074007
v -0.00076257 0.01625000 -0.00056655
v -0.00053089 0.01625000 -0.00078782
v 0.00046233 0.01625000 -0.00082991
v 0.00039045 0.01625000 -0.00086605
v 0.00031578 0.01625000 -0.00089598
v 0.00023884 0.01625000 -0.00091949
v 0.00016018 0.01625000 -0.00093640
v 0.00008038 0.01625000 -0.00094659
v -0.00000000 0.01625000 -0.00095000
v -0.00008038 0.01625000 -0.00094659
v -0.00016018 0.01625000 -0.00093640
v -0.00023884 0.01625000 -0.00091949
v -0.00046233 0.01625000 -0.00082991
v -0.00031578 0.01625000 -0.00089598
v -0.00039045 0.01625000 -0.00086605
v -0.00076257 0.01125000 -0.00056655
v -0.00071190 0.01125000 -0.00062904
v 0.00053089 0.01125000 -0.00078782
v -0.00065613 0.01125000 -0.00068702
v 0.00059565 0.01125000 -0.00074007
v 0.00065613 0.01125000 -0.00068702
v 0.00071190 0.01125000 -0.00062904
v 0.00076257 0.01125000 -0.00056655
v -0.00039045 0.01125000 -0.00086605
v -0.00031578 0.01125000 -0.00089598
v -0.00046233 0.01125000 -0.00082991
v -0.00023884 0.01125000 -0.00091949
v -0.00053089 0.01125000 -0.00078782
v -0.00016018 0.01125000 -0.00093640
v -0.00008038 0.01125000 -0.00094659
v -0.00000000 0.01125000 -0.00095000
v 0.00008038 0.01125000 -0.00094659
v 0.00016018 0.01125000 -0.00093640
v 0.00023884 0.01125000 -0.00091949
v 0.00031578 0.01125000 -0.00089598
v 0.00039045 0.01125000 -0.00086605
v -0.00059565 0.01125000 -0.00074007
v 0.00046233 0.01125000 -0.00082991
v 0.00046233 0.01125000 0.00082991
v 0.00039045 0.01125000 0.00086605
v 0.00076257 0.01125000 0.00056655
v 0.00071190 0.01125000 0.00062904
v 0.00065613 0.01125000 0.00068702
v 0.00059565 0.01125000 0.00074007
v 0.00053089 0.01125000 0.00078782
v -0.00053089 0.01125000 0.00078782
v 0.00023884 0.01125000 0.00091949
v -0.00046233 0.01125000 0.00082991
v 0.00016018 0.01125000 0.00093640
v -0.00031578 0.01125000 0.00089598
v -0.00000000 0.01125000 0.00095000
v -0.00023884 0.01125000 0.00091949
v -0.00008038 0.01125000 0.00094659
v -0.00016018 0.01125000 0.00093640
v -0.00059565 0.01125000 0.00074007
v -0.00065613 0.01125000 0.00068702
v -0.00071190 0.01125000 0.00062904
v 0.00031578 0.01125000 0.00089598
v -0.00076257 0.01125000 0.00056655
v 0.00008038 0.01125000 0.00094659
v -0.00039045 0.01125000 0.00086605
v -0.00076257 0.01625000 0.00056655
v -0.00071190 0.01625000 0.00062904
v -0.00065613 0.01625000 0.00068702
v -0.00059565 0.01625000 0.00074007
v -0.00053089 0.01625000 0.00078782
v -0.00046233 0.01625000 0.00082991
v -0.00039045 0.01625000 0.00086605
v -0.00031578 0.01625000 0.00089598
v -0.00023884 0.01625000 0.00091949
v -0.00016018 0.01625000 0.00093640
v -0.00008038 0.01625000 0.00094659
v -0.00000000 0.01625000 0.00095000
v 0.00008038 0.01625000 0.00094659
v 0.00016018 0.01625000 0.00093640
v 0.00023884 0.01625000 0.00091949
v 0.00031578 0.01625000 0.00089598
v 0.00039045 0.01625000 0.00086605
v 0.00046233 0.01625000 0.00082991
v 0.00053089 0.01625000 0.00078782
v 0.00059565 0.01625000 0.00074007
v 0.00065613 0.01625000 0.00068702
v 0.00071190 0.01625000 0.00062904
v 0.00076257 0.01625000 0.00056655
v 0.01046374 0.00420169 0.00056655
v 0.01093503 0.00275119 0.00056655
v 0.01091938 0.00279938 0.00062904
v 0.01051532 0.00404293 0.00074007
v 0.01049663 0.00410045 0.00068702
v 0.01088345 0.00290995 0.00074007
v 0.01090214 0.00285243 0.00068702
v 0.01047940 0.00415350 0.00062904
v 0.01086344 0.00297153 0.00078782
v 0.01084225 0.00303674 0.00082991
v 0.01055652 0.00391614 0.00082991
v 0.01082004 0.00310510 0.00086605
v 0.01062558 0.00370359 0.00091949
v 0.01060181 0.00377676 0.00089598
v 0.01077319 0.00324929 0.00091949
v 0.01053533 0.00398135 0.00078782
v 0.01064989 0.00362878 0.00093640
v 0.01079697 0.00317612 0.00089598
v 0.01057873 0.00384779 0.00086605
v 0.01074888 0.00332410 0.00093640
v 0.01072422 0.00340000 0.00094659
v 0.01069939 0.00347644 0.00095000
v 0.01067455 0.00355289 0.00094659
v 0.01521902 0.00574678 0.00056655
v 0.01523468 0.00569859 0.00062904
v 0.01525191 0.00564554 0.00068702
v 0.01527060 0.00558802 0.00074007
v 0.01529061 0.00552643 0.00078782
v 0.01531180 0.00546123 0.00082991
v 0.01533401 0.00539287 0.00086605
v 0.01535709 0.00532185 0.00089598
v 0.01538086 0.00524867 0.00091949
v 0.01540517 0.00517387 0.00093640
v 0.01542983 0.00509797 0.00094659
v 0.01545467 0.00502153 0.00095000
v 0.01547951 0.00494508 0.00094659
v 0.01550417 0.00486918 0.00093640
v 0.01552847 0.00479438 0.00091949
v 0.01555225 0.00472120 0.00089598
v 0.01557533 0.00465018 0.00086605
v 0.01559754 0.00458182 0.00082991
v 0.01561872 0.00451662 0.00078782
v 0.01563873 0.00445503 0.00074007
v 0.01565742 0.00439751 0.00068702
v 0.01567466 0.00434447 0.00062904
v 0.01569032 0.00429628 0.00056655
v 0.01625000 -0.00076257 -0.00056655
v 0.01625000 -0.00071190 -0.00062904
v 0.01625000 -0.00065613 -0.00068702
v 0.01625000 0.00065613 -0.00068702
v 0.01625000 0.00071190 -0.00062904
v 0.01625000 -0.00053089 -0.00078782
v 0.01625000 -0.00059565 -0.00074007
v 0.01625000 0.00076257 -0.00056655
v 0.01625000 -0.00046233 -0.00082991
v 0.01625000 -0.00039045 -0.00086605
v 0.01625000 0.00053089 -0.00078782
v 0.01625000 -0.00031578 -0.00089598
v 0.01625000 -0.00023884 -0.00091949
v 0.01625000 0.00059565 -0.00074007
v 0.01625000 -0.00016018 -0.00093640
v 0.01625000 -0.00008038 -0.00094659
v 0.01625000 -0.00000000 -0.00095000
v 0.01625000 0.00008038 -0.00094659
v 0.01625000 0.00016018 -0.00093640
v 0.01625000 0.00023884 -0.00091949
v 0.01625000 0.00031578 -0.00089598
v 0.01625000 0.00039045 -0.00086605
v 0.01625000 0.00046233 -0.00082991
v 0.01125000 -0.00065613 -0.00068702
v 0.01125000 -0.00059565 -0.00074007
v 0.01125000 -0.00053089 -0.00078782
v 0.01125000 -0.00071190 -0.00062904
v 0.01125000 -0.00076257 -0.00056655
v 0.01125000 0.00076257 -0.00056655
v 0.01125000 0.00071190 -0.00062904
v 0.01125000 0.00065613 -0.00068702
v 0.01125000 -0.00031578 -0.00089598
v 0.01125000 -0.00039045 -0.00086605
v 0.01125000 0.00053089 -0.00078782
v 0.01125000 0.00039045 -0.00086605
v 0.01125000 0.00031578 -0.00089598
v 0.01125000 -0.00023884 -0.00091949
v 0.01125000 0.00059565 -0.00074007
v 0.01125000 -0.00046233 -0.00082991
v 0.01125000 0.00046233 -0.00082991
v 0.01125000 0.00023884 -0.00091949
v 0.01125000 0.00016018 -0.00093640
v 0.01125000 0.00008038 -0.00094659
v 0.01125000 -0.00000000 -0.00095000
v 0.01125000 -0.00008038 -0.00094659
v 0.01125000 -0.00016018 -0.00093640
v 0.01125000 0.00031578 0.00089598
v 0.01125000 0.00039045 0.00086605
v 0.01125000 0.00046233 0.00082991
v 0.01125000 -0.00076257 0.00056655
v 0.01125000 -0.00065613 0.00068702
v 0.01125000 -0.00059565 0.00074007
v 0.01125000 0.00065613 0.00068702
v 0.01125000 0.00071190 0.00062904
v 0.01125000 0.00053089 0.00078782
v 0.01125000 0.00059565 0.00074007
v 0.01125000 -0.00071190 0.00062904
v 0.01125000 0.00076257 0.00056655
v 0.01125000 -0.00053089 0.00078782
v 0.01125000 -0.00046233 0.00082991
v 0.01125000 -0.00039045 0.00086605
v 0.01125000 -0.00031578 0.00089598
v 0.01125000 -0.00023884 0.00091949
v 0.01125000 -0.00016018 0.00093640
v 0.01125000 -0.00008038 0.00094659
v 0.01125000 -0.00000000 0.00095000
v 0.01125000 0.00008038 0.00094659
v 0.01125000 0.00016018 0.00093640
v 0.01125000 0.00023884 0.00091949
v 0.01625000 0.00076257 0.00056655
v 0.01625000 0.00071190 0.00062904
v 0.01625000 0.00065613 0.00068702
v 0.01625000 0.00059565 0.00074007
v 0.01625000 0.00053089 0.00078782
v 0.01625000 0.00046233 0.00082991
v 0.01625000 0.00039045 0.00086605
v 0.01625000 0.00031578 0.00089598
v 0.01625000 0.00023884 0.00091949
v 0.01625000 0.00016018 0.00093640
v 0.01625000 0.00008038 0.00094659
v 0.01625000 -0.00000000 0.00095000
v 0.01625000 -0.00008038 0.00094659
v 0.01625000 -0.00016018 0.00093640
v 0.01625000 -0.00023884 0.00091949
v 0.01625000 -0.00031578 0.00089598
v 0.01625000 -0.00039045 0.00086605
v 0.01625000 -0.00046233 0.00082991
v 0.01625000 -0.00053089 0.00078782
v 0.01625000 -0.00059565 0.00074007
v 0.01625000 -0.00065613 0.00068702
v 0.01625000 -0.00071190 0.00062904
v 0.01625000 -0.00076257 0.00056655
v 0.01569032 -0.00429628 -0.00056655
v 0.01567466 -0.00434447 -0.00062904
v 0.01521902 -0.00574678 -0.00056655
v 0.01523468 -0.00569859 -0.00062904
v 0.01563873 -0.00445503 -0.00074007
v 0.01555225 -0.00472120 -0.00089598
v 0.01557533 -0.00465018 -0.00086605
v 0.01559754 -0.00458182 -0.00082991
v 0.01565742 -0.00439751 -0.00068702
v 0.01525191 -0.00564554 -0.00068702
v 0.01561872 -0.00451662 -0.00078782
v 0.01527060 -0.00558802 -0.00074007
v 0.01529061 -0.00552643 -0.00078782
v 0.01531180 -0.00546123 -0.00082991
v 0.01533401 -0.00539287 -0.00086605
v 0.01535709 -0.00532185 -0.00089598
v 0.01538086 -0.00524867 -0.00091949
v 0.01552847 -0.00479438 -0.00091949
v 0.01540517 -0.00517387 -0.00093640
v 0.01542983 -0.00509797 -0.00094659
v 0.01545467 -0.00502153 -0.00095000
v 0.01547951 -0.00494508 -0.00094659
v 0.01550417 -0.00486918 -0.00093640
v 0.01091938 -0.00279938 -0.00062904
v 0.01090214 -0.00285243 -0.00068702
v 0.01053533 -0.00398135 -0.00078782
v 0.01049663 -0.00410045 -0.00068702
v 0.01047940 -0.00415350 -0.00062904
v 0.01093503 -0.00275119 -0.00056655
v 0.01046374 -0.00420169 -0.00056655
v 0.01088345 -0.00290995 -0.00074007
v 0.01086344 -0.00297153 -0.00078782
v 0.01055652 -0.00391614 -0.00082991
v 0.01051532 -0.00404293 -0.00074007
v 0.01057873 -0.00384779 -0.00086605
v 0.01084225 -0.00303674 -0.00082991
v 0.01082004 -0.00310510 -0.00086605
v 0.01074888 -0.00332410 -0.00093640
v 0.01072422 -0.00340000 -0.00094659
v 0.01077319 -0.00324929 -0.00091949
v 0.01069939 -0.00347644 -0.00095000
v 0.01067455 -0.00355289 -0.00094659
v 0.01064989 -0.00362878 -0.00093640
v 0.01062558 -0.00370359 -0.00091949
v 0.01079697 -0.00317612 -0.00089598
v 0.01060181 -0.00377676 -0.00089598
v 0.01093503 -0.00275119 0.00056655
v 0.01046374 -0.00420169 0.00056655
v 0.01047940 -0.00415350 0.00062904
v 0.01051532 -0.00404293 0.00074007
v 0.01053533 -0.00398135 0.00078782
v 0.01086344 -0.00297153 0.00078782
v 0.01088345 -0.00290995 0.00074007
v 0.01090214 -0.00285243 0.00068702
v 0.01091938 -0.00279938 0.00062904
v 0.01055652 -0.00391614 0.00082991
v 0.01057873 -0.00384779 0.00086605
v 0.01060181 -0.00377676 0.00089598
v 0.01049663 -0.00410045 0.00068702
v 0.01062558 -0.00370359 0.00091949
v 0.01064989 -0.00362878 0.00093640
v 0.01067455 -0.00355289 0.00094659
v 0.01082004 -0.00310510 0.00086605
v 0.01072422 -0.00340000 0.00094659
v 0.01079697 -0.00317612 0.00089598
v 0.01074888 -0.00332410 0.00093640
v 0.01077319 -0.00324929 0.00091949
v 0.01069939 -0.00347644 0.00095000
v 0.01084225 -0.00303674 0.00082991
v 0.01569032 -0.00429628 0.00056655
v 0.01567466 -0.00434447 0.00062904
v 0.01565742 -0.00439751 0.00068702
v 0.01563873 -0.00445503 0.00074007
v 0.01561872 -0.00451662 0.00078782
v 0.01559754 -0.00458182 0.00082991
v 0.01557533 -0.00465018 0.00086605
v 0.01555225 -0.00472120 0.00089598
v 0.01552847 -0.00479438 0.00091949
v 0.01550417 -0.00486918 0.00093640
v 0.01547951 -0.00494508 0.00094659
v 0.01545467 -0.00502153 0.00095000
v 0.01542983 -0.00509797 0.00094659
v 0.01540517 -0.00517387 0.00093640
v 0.01538086 -0.00524867 0.00091949
v 0.01535709 -0.00532185 0.00089598
v 0.01533401 -0.00539287 0.00086605
v 0.01531180 -0.00546123 0.00082991
v 0.01529061 -0.00552643 0.00078782
v 0.01527060 -0.00558802 0.00074007
v 0.01525191 -0.00564554 0.00068702
v 0.01523468 -0.00569859 0.00062904
v 0.01521902 -0.00574678 0.00056655
v 0.01359476 -0.00893458 -0.00056655
v 0.01269830 -0.01016845 -0.00056655
v 0.01272808 -0.01012745 -0.00062904
v 0.01349664 -0.00906962 -0.00074007
v 0.01276086 -0.01008233 -0.00068702
v 0.01353219 -0.00902069 -0.00068702
v 0.01356497 -0.00897557 -0.00062904
v 0.01279642 -0.01003340 -0.00074007
v 0.01283448 -0.00998101 -0.00078782
v 0.01287477 -0.00992554 -0.00082991
v 0.01291702 -0.00986739 -0.00086605
v 0.01296092 -0.00980698 -0.00089598
v 0.01300614 -0.00974473 -0.00091949
v 0.01337603 -0.00923563 -0.00086605
v 0.01305237 -0.00968110 -0.00093640
v 0.01341828 -0.00917748 -0.00082991
v 0.01345858 -0.00912201 -0.00078782
v 0.01309928 -0.00961654 -0.00094659
v 0.01314653 -0.00955151 -0.00095000
v 0.01319377 -0.00948648 -0.00094659
v 0.01324068 -0.00942192 -0.00093640
v 0.01328691 -0.00935829 -0.00091949
v 0.01333214 -0.00929604 -0.00089598
v 0.00954967 -0.00599565 -0.00056655
v 0.00951989 -0.00603664 -0.00062904
v 0.00868300 -0.00718853 -0.00062904
v 0.00865321 -0.00722952 -0.00056655
v 0.00882969 -0.00698662 -0.00082991
v 0.00878939 -0.00704208 -0.00078782
v 0.00945155 -0.00613070 -0.00074007
v 0.00875133 -0.00709447 -0.00074007
v 0.00941349 -0.00618308 -0.00078782
v 0.00937319 -0.00623855 -0.00082991
v 0.00887194 -0.00692847 -0.00086605
v 0.00891583 -0.00686805 -0.00089598
v 0.00948710 -0.00608177 -0.00068702
v 0.00871578 -0.00714340 -0.00068702
v 0.00928705 -0.00635711 -0.00089598
v 0.00924183 -0.00641936 -0.00091949
v 0.00896106 -0.00680581 -0.00091949
v 0.00919559 -0.00648299 -0.00093640
v 0.00914869 -0.00654756 -0.00094659
v 0.00910144 -0.00661258 -0.00095000
v 0.00905420 -0.00667761 -0.00094659
v 0.00900729 -0.00674217 -0.00093640
v 0.00933095 -0.00629670 -0.00086605
v 0.00954967 -0.00599565 0.00056655
v 0.00865321 -0.00722952 0.00056655
v 0.00937319 -0.00623855 0.00082991
v 0.00941349 -0.00618308 0.00078782
v 0.00945155 -0.00613070 0.00074007
v 0.00948710 -0.00608177 0.00068702
v 0.00951989 -0.00603664 0.00062904
v 0.00868300 -0.00718853 0.00062904
v 0.00871578 -0.00714340 0.00068702
v 0.00875133 -0.00709447 0.00074007
v 0.00928705 -0.00635711 0.00089598
v 0.00933095 -0.00629670 0.00086605
v 0.00882969 -0.00698662 0.00082991
v 0.00878939 -0.00704208 0.00078782
v 0.00900729 -0.00674217 0.00093640
v 0.00905420 -0.00667761 0.00094659
v 0.00910144 -0.00661258 0.00095000
v 0.00914869 -0.00654756 0.00094659
v 0.00919559 -0.00648299 0.00093640
v 0.00924183 -0.00641936 0.00091949
v 0.00887194 -0.00692847 0.00086605
v 0.00891583 -0.00686805 0.00089598
v 0.00896106 -0.00680581 0.00091949
v 0.01269830 -0.01016845 0.00056655
v 0.01272808 -0.01012745 0.00062904
v 0.01276086 -0.01008233 0.00068702
v 0.01279642 -0.01003340 0.00074007
v 0.01283448 -0.00998101 0.00078782
v 0.01287477 -0.00992554 0.00082991
v 0.01291702 -0.00986739 0.00086605
v 0.01296092 -0.00980698 0.00089598
v 0.01300614 -0.00974473 0.00091949
v 0.01305237 -0.00968110 0.00093640
v 0.01309928 -0.00961654 0.00094659
v 0.01314653 -0.00955151 0.00095000
v 0.01319377 -0.00948648 0.00094659
v 0.01324068 -0.00942192 0.00093640
v 0.01328691 -0.00935829 0.00091949
v 0.01333214 -0.00929604 0.00089598
v 0.01337603 -0.00923563 0.00086605
v 0.01341828 -0.00917748 0.00082991
v 0.01345858 -0.00912201 0.00078782
v 0.01349664 -0.00906962 0.00074007
v 0.01353219 -0.00902069 0.00068702
v 0.01356497 -0.00897557 0.00062904
v 0.01359476 -0.00893458 0.00056655
v 0.00897557 -0.01356497 -0.00062904
v 0.00992554 -0.01287477 -0.00082991
v 0.00893458 -0.01359476 -0.00056655
v 0.00998101 -0.01283448 -0.00078782
v 0.00974473 -0.01300614 -0.00091949
v 0.00980698 -0.01296092 -0.00089598
v 0.00935829 -0.01328691 -0.00091949
v 0.01003340 -0.01279642 -0.00074007
v 0.01008233 -0.01276086 -0.00068702
v 0.01012745 -0.01272808 -0.00062904
v 0.00902069 -0.01353219 -0.00068702
v 0.00906962 -0.01349664 -0.00074007
v 0.00912201 -0.01345858 -0.00078782
v 0.01016845 -0.01269830 -0.00056655
v 0.00917748 -0.01341828 -0.00082991
v 0.00923563 -0.01337603 -0.00086605
v 0.00986739 -0.01291702 -0.00086605
v 0.00929604 -0.01333214 -0.00089598
v 0.00948648 -0.01319377 -0.00094659
v 0.00955151 -0.01314653 -0.00095000
v 0.00942192 -0.01324068 -0.00093640
v 0.00961654 -0.01309928 -0.00094659
v 0.00968110 -0.01305237 -0.00093640
v 0.00608177 -0.00948710 -0.00068702
v 0.00603664 -0.00951989 -0.00062904
v 0.00599565 -0.00954967 -0.00056655
v 0.00714340 -0.00871578 -0.00068702
v 0.00709447 -0.00875133 -0.00074007
v 0.00613070 -0.00945155 -0.00074007
v 0.00718853 -0.00868300 -0.00062904
v 0.00692847 -0.00887194 -0.00086605
v 0.00648299 -0.00919559 -0.00093640
v 0.00698662 -0.00882969 -0.00082991
v 0.00641936 -0.00924183 -0.00091949
v 0.00704208 -0.00878939 -0.00078782
v 0.00618308 -0.00941349 -0.00078782
v 0.00623855 -0.00937319 -0.00082991
v 0.00722952 -0.00865321 -0.00056655
v 0.00635711 -0.00928705 -0.00089598
v 0.00629670 -0.00933095 -0.00086605
v 0.00686805 -0.00891583 -0.00089598
v 0.00680581 -0.00896106 -0.00091949
v 0.00674217 -0.00900729 -0.00093640
v 0.00667761 -0.00905420 -0.00094659
v 0.00661258 -0.00910144 -0.00095000
v 0.00654756 -0.00914869 -0.00094659
v 0.00599565 -0.00954967 0.00056655
v 0.00603664 -0.00951989 0.00062904
v 0.00722952 -0.00865321 0.00056655
v 0.00618308 -0.00941349 0.00078782
v 0.00623855 -0.00937319 0.00082991
v 0.00698662 -0.00882969 0.00082991
v 0.00613070 -0.00945155 0.00074007
v 0.00704208 -0.00878939 0.00078782
v 0.00709447 -0.00875133 0.00074007
v 0.00714340 -0.00871578 0.00068702
v 0.00718853 -0.00868300 0.00062904
v 0.00608177 -0.00948710 0.00068702
v 0.00629670 -0.00933095 0.00086605
v 0.00686805 -0.00891583 0.00089598
v 0.00692847 -0.00887194 0.00086605
v 0.00635711 -0.00928705 0.00089598
v 0.00641936 -0.00924183 0.00091949
v 0.00648299 -0.00919559 0.00093640
v 0.00654756 -0.00914869 0.00094659
v 0.00661258 -0.00910144 0.00095000
v 0.00680581 -0.00896106 0.00091949
v 0.00667761 -0.00905420 0.00094659
v 0.00674217 -0.00900729 0.00093640
v 0.00893458 -0.01359476 0.00056655
v 0.00897557 -0.01356497 0.00062904
v 0.00902069 -0.01353219 0.00068702
v 0.00906962 -0.01349664 0.00074007
v 0.00912201 -0.01345858 0.00078782
v 0.00917748 -0.01341828 0.00082991
v 0.00923563 -0.01337603 0.00086605
v 0.00929604 -0.01333214 0.00089598
v 0.00935829 -0.01328691 0.00091949
v 0.00942192 -0.01324068 0.00093640
v 0.00948648 -0.01319377 0.00094659
v 0.00955151 -0.01314653 0.00095000
v 0.00961654 -0.01309928 0.00094659
v 0.00968110 -0.01305237 0.00093640
v 0.00974473 -0.01300614 0.00091949
v 0.00980698 -0.01296092 0.00089598
v 0.00986739 -0.01291702 0.00086605
v 0.00992554 -0.01287477 0.00082991
v 0.00998101 -0.01283448 0.00078782
v 0.01003340 -0.01279642 0.00074007
v 0.01008233 -0.01276086 0.00068702
v 0.01012745 -0.01272808 0.00062904
v 0.01016845 -0.01269830 0.00056655
v 0.00564554 -0.01525191 -0.00068702
v 0.00569859 -0.01523468 -0.00062904
v 0.00574678 -0.01521902 -0.00056655
v 0.00429628 -0.01569032 -0.00056655
v 0.00434447 -0.01567466 -0.00062904
v 0.00439751 -0.01565742 -0.00068702
v 0.00445503 -0.01563873 -0.00074007
v 0.00451662 -0.01561872 -0.00078782
v 0.00458182 -0.01559754 -0.00082991
v 0.00465018 -0.01557533 -0.00086605
v 0.00472120 -0.01555225 -0.00089598
v 0.00479438 -0.01552847 -0.00091949
v 0.00517387 -0.01540517 -0.00093640
v 0.00524867 -0.01538086 -0.00091949
v 0.00532185 -0.01535709 -0.00089598
v 0.00486918 -0.01550417 -0.00093640
v 0.00494508 -0.01547951 -0.00094659
v 0.00502153 -0.01545467 -0.00095000
v 0.00539287 -0.01533401 -0.00086605
v 0.00546123 -0.01531180 -0.00082991
v 0.00552643 -0.01529061 -0.00078782
v 0.00509797 -0.01542983 -0.00094659
v 0.00558802 -0.01527060 -0.00074007
v 0.00420169 -0.01046374 -0.00056655
v 0.00415350 -0.01047940 -0.00062904
v 0.00404293 -0.01051532 -0.00074007
v 0.00285243 -0.01090214 -0.00068702
v 0.00279938 -0.01091938 -0.00062904
v 0.00410045 -0.01049663 -0.00068702
v 0.00275119 -0.01093503 -0.00056655
v 0.00303674 -0.01084225 -0.00082991
v 0.00297153 -0.01086344 -0.00078782
v 0.00290995 -0.01088345 -0.00074007
v 0.00398135 -0.01053533 -0.00078782
v 0.00391614 -0.01055652 -0.00082991
v 0.00384779 -0.01057873 -0.00086605
v 0.00377676 -0.01060181 -0.00089598
v 0.00370359 -0.01062558 -0.00091949
v 0.00362878 -0.01064989 -0.00093640
v 0.00355289 -0.01067455 -0.00094659
v 0.00347644 -0.01069939 -0.00095000
v 0.00340000 -0.01072422 -0.00094659
v 0.00332410 -0.01074888 -0.00093640
v 0.00324929 -0.01077319 -0.00091949
v 0.00310510 -0.01082004 -0.00086605
v 0.00317612 -0.01079697 -0.00089598
v 0.00420169 -0.01046374 0.00056655
v 0.00415350 -0.01047940 0.00062904
v 0.00285243 -0.01090214 0.00068702
v 0.00275119 -0.01093503 0.00056655
v 0.00279938 -0.01091938 0.00062904
v 0.00347644 -0.01069939 0.00095000
v 0.00355289 -0.01067455 0.00094659
v 0.00290995 -0.01088345 0.00074007
v 0.00297153 -0.01086344 0.00078782
v 0.00303674 -0.01084225 0.00082991
v 0.00317612 -0.01079697 0.00089598
v 0.00324929 -0.01077319 0.00091949
v 0.00362878 -0.01064989 0.00093640
v 0.00370359 -0.01062558 0.00091949
v 0.00377676 -0.01060181 0.00089598
v 0.00384779 -0.01057873 0.00086605
v 0.00391614 -0.01055652 0.00082991
v 0.00398135 -0.01053533 0.00078782
v 0.00404293 -0.01051532 0.00074007
v 0.00410045 -0.01049663 0.00068702
v 0.00310510 -0.01082004 0.00086605
v 0.00332410 -0.01074888 0.00093640
v 0.00340000 -0.01072422 0.00094659
v 0.00429628 -0.01569032 0.00056655
v 0.00434447 -0.01567466 0.00062904
v 0.00439751 -0.01565742 0.00068702
v 0.00445503 -0.01563873 0.00074007
v 0.00451662 -0.01561872 0.00078782
v 0.00458182 -0.01559754 0.00082991
v 0.00465018 -0.01557533 0.00086605
v 0.00472120 -0.01555225 0.00089598
v 0.00479438 -0.01552847 0.00091949
v 0.00486918 -0.01550417 0.00093640
v 0.00494508 -0.01547951 0.00094659
v 0.00502153 -0.01545467 0.00095000
v 0.00509797 -0.01542983 0.00094659
v 0.00517387 -0.01540517 0.00093640
v 0.00524867 -0.01538086 0.00091949
v 0.00532185 -0.01535709 0.00089598
v 0.00539287 -0.01533401 0.00086605
v 0.00546123 -0.01531180 0.00082991
v 0.00552643 -0.01529061 0.00078782
v 0.00558802 -0.01527060 0.00074007
v 0.00564554 -0.01525191 0.00068702
v 0.00569859 -0.01523468 0.00062904
v 0.00574678 -0.01521902 0.00056655
v -0.00046233 -0.01625000 -0.00082991
v -0.00039045 -0.01625000 -0.00086605
v -0.00076257 -0.01625000 -0.00056655
v -0.00071190 -0.01625000 -0.00062904
v -0.00065613 -0.01625000 -0.00068702
v -0.00016018 -0.01625000 -0.00093640
v 0.00046233 -0.01625000 -0.00082991
v -0.00023884 -0.01625000 -0.00091949
v 0.00053089 -0.01625000 -0.00078782
v -0.00059565 -0.01625000 -0.00074007
v -0.00053089 -0.01625000 -0.00078782
v 0.00008038 -0.01625000 -0.00094659
v 0.00016018 -0.01625000 -0.00093640
v -0.00000000 -0.01625000 -0.00095000
v 0.00023884 -0.01625000 -0.00091949
v 0.00031578 -0.01625000 -0.00089598
v 0.00059565 -0.01625000 -0.00074007
v 0.00065613 -0.01625000 -0.00068702
v 0.00071190 -0.01625000 -0.00062904
v -0.00031578 -0.01625000 -0.00089598
v 0.00076257 -0.01625000 -0.00056655
v -0.00008038 -0.01625000 -0.00094659
v 0.00039045 -0.01625000 -0.00086605
v -0.00016018 -0.01125000 -0.00093640
v -0.00023884 -0.01125000 -0.00091949
v 0.00046233 -0.01125000 -0.00082991
v -0.00076257 -0.01125000 -0.00056655
v -0.00071190 -0.01125000 -0.00062904
v 0.00071190 -0.01125000 -0.00062904
v 0.00065613 -0.01125000 -0.00068702
v 0.00076257 -0.01125000 -0.00056655
v -0.00039045 -0.01125000 -0.00086605
v -0.00046233 -0.01125000 -0.00082991
v -0.00053089 -0.01125000 -0.00078782
v -0.00031578 -0.01125000 -0.00089598
v 0.00059565 -0.01125000 -0.00074007
v 0.00053089 -0.01125000 -0.00078782
v 0.00039045 -0.01125000 -0.00086605
v 0.00031578 -0.01125000 -0.00089598
v -0.00000000 -0.01125000 -0.00095000
v -0.00059565 -0.01125000 -0.00074007
v -0.00065613 -0.01125000 -0.00068702
v -0.00008038 -0.01125000 -0.00094659
v 0.00023884 -0.01125000 -0.00091949
v 0.00016018 -0.01125000 -0.00093640
v 0.00008038 -0.01125000 -0.00094659
v -0.00065613 -0.01125000 0.00068702
v -0.00059565 -0.01125000 0.00074007
v -0.00076257 -0.01125000 0.00056655
v -0.00071190 -0.01125000 0.00062904
v 0.00059565 -0.01125000 0.00074007
v 0.00065613 -0.01125000 0.00068702
v -0.00046233 -0.01125000 0.00082991
v 0.00071190 -0.01125000 0.00062904
v -0.00031578 -0.01125000 0.00089598
v -0.00023884 -0.01125000 0.00091949
v -0.00000000 -0.01125000 0.00095000
v -0.00016018 -0.01125000 0.00093640
v -0.00008038 -0.01125000 0.00094659
v 0.00008038 -0.01125000 0.00094659
v 0.00016018 -0.01125000 0.00093640
v -0.00053089 -0.01125000 0.00078782
v 0.00076257 -0.01125000 0.00056655
v -0.00039045 -0.01125000 0.00086605
v 0.00023884 -0.01125000 0.00091949
v 0.00031578 -0.01125000 0.00089598
v 0.00039045 -0.01125000 0.00086605
v 0.00046233 -0.01125000 0.00082991
v 0.00053089 -0.01125000 0.00078782
v -0.00076257 -0.01625000 0.00056655
v -0.00071190 -0.01625000 0.00062904
v -0.00065613 -0.01625000 0.00068702
v -0.00059565 -0.01625000 0.00074007
v -0.00053089 -0.01625000 0.00078782
v -0.00046233 -0.01625000 0.00082991
v -0.00039045 -0.01625000 0.00086605
v -0.00031578 -0.01625000 0.00089598
v -0.00023884 -0.01625000 0.00091949
v -0.00016018 -0.01625000 0.00093640
v -0.00008038 -0.01625000 0.00094659
v -0.00000000 -0.01625000 0.00095000
v 0.00008038 -0.01625000 0.00094659
v 0.00016018 -0.01625000 0.00093640
v 0.00023884 -0.01625000 0.00091949
v 0.00031578 -0.01625000 0.00089598
v 0.00039045 -0.01625000 0.00086605
v 0.00046233 -0.01625000 0.00082991
v 0.00053089 -0.01625000 0.00078782
v 0.00059565 -0.01625000 0.00074007
v 0.00065613 -0.01625000 0.00068702
v 0.00071190 -0.01625000 0.00062904
v 0.00076257 -0.01625000 0.00056655
f 1 2 3
f 2 4 3
f 5 6 7
f 8 9 10
f 1 3 7
f 3 11 7
f 7 11 5
f 6 12 7
f 12 13 7
f 7 13 14
f 10 15 16
f 8 10 13
f 10 17 13
f 13 17 18
f 18 19 13
f 19 20 13
f 13 20 14
f 9 21 10
f 21 22 10
f 10 22 15
f 16 23 10
f 23 24 10
f 10 24 25
f 4 26 27
f 4 27 3
f 27 28 3
f 3 28 11
f 28 29 11
f 11 29 5
f 29 30 5
f 5 30 6
f 30 31 6
f 6 31 12
f 31 32 12
f 12 32 13
f 32 33 13
f 13 33 8
f 33 34 8
f 8 34 9
f 34 35 9
f 9 35 21
f 35 36 21
f 21 36 22
f 36 37 22
f 22 37 15
f 37 38 15
f 15 38 16
f 38 39 16
f 16 39 23
f 39 40 23
f 23 40 24
f 40 41 24
f 24 41 25
f 41 42 25
f 25 42 10
f 42 43 10
f 10 43 17
f 43 44 17
f 17 44 18
f 44 45 18
f 18 45 19
f 45 46 19
f 19 46 20
f 46 47 20
f 20 47 14
f 47 48 14
f 14 48 7
f 48 49 7
f 7 49 1
f 49 50 1
f 1 50 2
f 51 52 53
f 51 53 54
f 53 55 54
f 54 55 56
f 55 57 56
f 56 57 58
f 57 59 58
f 58 59 60
f 59 61 60
f 60 61 62
f 61 63 62
f 62 63 64
f 63 65 64
f 64 65 66
f 65 67 66
f 66 67 68
f 67 69 68
f 68 69 70
f 69 71 70
f 70 71 72
f 71 73 72
f 72 73 74
f 73 75 74
f 74 75 76
f 75 77 76
f 76 77 78
f 77 79 78
f 78 79 80
f 79 81 80
f 80 81 82
f 81 83 82
f 82 83 84
f 83 85 84
f 84 85 86
f 85 87 86
f 86 87 88
f 87 89 88
f 88 89 90
f 89 91 90
f 90 91 92
f 91 93 92
f 92 93 94
f 93 95 94
f 94 95 96
f 95 97 96
f 96 97 98
f 97 99 98
f 98 99 100
f 26 50 27
f 50 49 27
f 49 48 27
f 48 47 27
f 27 47 46
f 41 27 42
f 27 43 42
f 46 45 27
f 45 44 27
f 27 44 43
f 33 41 34
f 41 40 34
f 34 40 39
f 33 32 41
f 32 31 41
f 41 31 30
f 39 38 34
f 38 37 34
f 34 37 35
f 37 36 35
f 30 29 41
f 29 28 41
f 41 28 27
f 95 65 97
f 65 63 97
f 97 63 61
f 61 59 97
f 59 57 97
f 97 57 55
f 55 53 97
f 53 52 97
f 97 52 99
f 95 93 65
f 93 91 65
f 65 91 89
f 83 81 65
f 81 79 65
f 89 87 65
f 87 85 65
f 65 85 83
f 79 77 65
f 77 75 65
f 65 75 73
f 73 71 65
f 71 69 65
f 65 69 67
f 98 100 51
f 51 54 98
f 54 56 98
f 98 56 58
f 58 60 98
f 60 62 98
f 98 62 64
f 92 94 68
f 92 68 90
f 64 66 98
f 66 68 98
f 98 68 96
f 68 94 96
f 76 78 80
f 80 82 76
f 82 84 76
f 76 84 86
f 70 72 86
f 72 74 86
f 86 74 76
f 70 86 68
f 86 88 68
f 68 88 90
f 101 102 103
f 104 105 106
f 107 108 109
f 108 103 109
f 109 103 110
f 103 102 110
f 104 106 111
f 105 112 106
f 112 113 106
f 106 113 114
f 113 115 114
f 101 103 106
f 103 116 106
f 106 116 111
f 117 118 113
f 118 119 113
f 113 119 115
f 120 121 122
f 121 123 122
f 113 124 117
f 124 121 117
f 117 121 125
f 121 120 125
f 126 127 128
f 108 107 126
f 126 128 108
f 128 129 108
f 108 129 103
f 129 130 103
f 103 130 116
f 130 131 116
f 116 131 111
f 131 132 111
f 111 132 104
f 132 133 104
f 104 133 105
f 133 134 105
f 105 134 112
f 134 135 112
f 112 135 113
f 135 136 113
f 113 136 124
f 136 137 124
f 124 137 121
f 137 138 121
f 121 138 123
f 138 139 123
f 123 139 122
f 139 140 122
f 122 140 120
f 140 141 120
f 120 141 125
f 141 142 125
f 125 142 117
f 142 143 117
f 117 143 118
f 143 144 118
f 118 144 119
f 144 145 119
f 119 145 115
f 145 146 115
f 115 146 114
f 146 147 114
f 114 147 106
f 147 148 106
f 106 148 101
f 148 149 101
f 101 149 102
f 149 150 102
f 102 150 110
f 150 151 110
f 110 151 109
f 152 153 154
f 155 156 157
f 152 154 158
f 154 159 158
f 158 159 160
f 159 161 160
f 160 161 162
f 161 163 162
f 162 163 164
f 163 165 164
f 164 165 166
f 165 167 166
f 166 167 168
f 167 169 168
f 168 169 170
f 169 171 170
f 170 171 172
f 171 173 172
f 172 173 174
f 173 175 174
f 174 175 176
f 175 177 176
f 176 177 178
f 177 179 178
f 178 179 180
f 179 181 180
f 180 181 182
f 181 183 182
f 182 183 184
f 183 185 184
f 184 185 186
f 185 187 186
f 186 187 188
f 187 189 188
f 188 189 190
f 189 191 190
f 190 191 192
f 191 193 192
f 192 193 194
f 193 195 194
f 194 195 196
f 195 197 196
f 196 197 198
f 197 199 198
f 198 199 200
f 199 155 200
f 200 155 201
f 155 157 201
f 201 157 202
f 127 151 150
f 150 149 127
f 149 148 127
f 127 148 128
f 148 129 128
f 135 148 147
f 135 134 148
f 134 133 148
f 148 133 132
f 147 146 135
f 146 145 135
f 135 145 144
f 144 143 135
f 143 142 135
f 135 142 141
f 132 131 148
f 131 130 148
f 148 130 129
f 136 135 137
f 135 138 137
f 141 140 135
f 140 139 135
f 135 139 138
f 163 161 191
f 153 156 154
f 156 155 154
f 154 155 199
f 199 197 154
f 197 195 154
f 154 195 159
f 159 195 161
f 195 193 161
f 161 193 191
f 163 191 165
f 191 189 165
f 165 189 187
f 185 183 175
f 185 175 187
f 175 173 187
f 187 173 171
f 171 169 187
f 169 167 187
f 187 167 165
f 183 181 175
f 181 179 175
f 175 179 177
f 166 168 188
f 182 184 172
f 152 190 192
f 192 194 152
f 194 196 152
f 152 196 198
f 174 176 178
f 168 170 188
f 170 172 188
f 188 172 186
f 172 184 186
f 198 200 152
f 200 201 152
f 152 201 202
f 190 152 188
f 152 158 188
f 188 158 160
f 160 162 188
f 162 164 188
f 188 164 166
f 174 178 172
f 178 180 172
f 172 180 182
f 203 204 205
f 206 207 208
f 205 209 203
f 209 210 203
f 203 210 208
f 210 211 208
f 208 211 206
f 212 213 207
f 214 215 216
f 215 217 216
f 217 218 216
f 216 218 219
f 213 220 207
f 220 221 207
f 207 221 208
f 212 207 216
f 207 222 216
f 216 222 214
f 223 224 225
f 224 226 225
f 225 226 218
f 226 227 218
f 218 227 219
f 228 204 203
f 228 203 229
f 203 208 229
f 229 208 230
f 208 221 230
f 230 221 231
f 221 220 231
f 231 220 232
f 220 213 232
f 232 213 233
f 213 212 233
f 233 212 234
f 212 216 234
f 234 216 235
f 216 219 235
f 235 219 236
f 219 227 236
f 236 227 237
f 227 226 237
f 237 226 238
f 226 224 238
f 238 224 239
f 224 223 239
f 239 223 240
f 223 225 240
f 240 225 241
f 225 218 241
f 241 218 242
f 218 217 242
f 242 217 243
f 217 215 243
f 243 215 244
f 215 214 244
f 244 214 245
f 214 222 245
f 245 222 246
f 222 207 246
f 246 207 247
f 207 206 247
f 247 206 248
f 206 211 248
f 248 211 249
f 211 210 249
f 249 210 250
f 210 209 250
f 250 209 251
f 209 205 251
f 251 205 252
f 253 254 255
f 253 255 256
f 255 257 256
f 256 257 258
f 257 259 258
f 258 259 260
f 259 261 260
f 260 261 262
f 261 263 262
f 262 263 264
f 263 265 264
f 264 265 266
f 265 267 266
f 266 267 268
f 267 269 268
f 268 269 270
f 269 271 270
f 270 271 272
f 271 273 272
f 272 273 274
f 273 275 274
f 274 275 276
f 275 277 276
f 276 277 278
f 277 279 278
f 278 279 280
f 279 281 280
f 280 281 282
f 281 283 282
f 282 283 284
f 283 285 284
f 284 285 286
f 285 287 286
f 286 287 288
f 287 289 288
f 288 289 290
f 289 291 290
f 290 291 292
f 291 293 292
f 292 293 294
f 293 295 294
f 294 295 296
f 295 297 296
f 296 297 298
f 297 299 298
f 298 299 300
f 299 301 300
f 300 301 302
f 230 249 250
f 248 241 242
f 228 229 252
f 229 230 252
f 252 230 251
f 230 250 251
f 249 230 248
f 230 231 248
f 248 231 232
f 235 236 248
f 236 237 248
f 248 237 238
f 238 239 248
f 239 240 248
f 248 240 241
f 247 248 246
f 248 245 246
f 232 233 248
f 233 234 248
f 248 234 235
f 242 243 248
f 243 244 248
f 248 244 245
f 300 302 253
f 253 256 300
f 256 258 300
f 300 258 260
f 288 260 262
f 288 290 260
f 290 292 260
f 260 292 294
f 262 264 288
f 264 266 288
f 288 266 268
f 268 270 288
f 270 272 288
f 288 272 274
f 294 296 260
f 296 298 260
f 260 298 300
f 276 284 274
f 284 286 274
f 274 286 288
f 276 278 284
f 278 280 284
f 284 280 282
f 299 257 301
f 257 255 301
f 301 255 254
f 299 297 257
f 297 295 257
f 257 295 259
f 295 261 259
f 293 265 295
f 265 263 295
f 295 263 261
f 293 291 265
f 291 289 265
f 265 289 287
f 287 285 265
f 285 283 265
f 265 283 281
f 265 275 273
f 273 271 265
f 271 269 265
f 265 269 267
f 281 279 265
f 279 277 265
f 265 277 275
f 303 304 305
f 306 307 303
f 308 309 304
f 309 310 304
f 304 310 311
f 303 312 304
f 312 313 304
f 304 313 308
f 305 314 303
f 314 315 303
f 303 315 316
f 307 317 303
f 317 318 303
f 303 318 319
f 316 320 303
f 320 321 303
f 303 321 306
f 319 318 322
f 318 323 322
f 322 323 324
f 324 325 322
f 325 326 322
f 322 326 327
f 328 310 309
f 328 309 329
f 309 308 329
f 329 308 330
f 308 313 330
f 330 313 331
f 313 312 331
f 331 312 332
f 312 303 332
f 332 303 333
f 303 319 333
f 333 319 334
f 319 322 334
f 334 322 335
f 322 327 335
f 335 327 336
f 327 326 336
f 336 326 337
f 326 325 337
f 337 325 338
f 325 324 338
f 338 324 339
f 324 323 339
f 339 323 340
f 323 318 340
f 340 318 341
f 318 317 341
f 341 317 342
f 317 307 342
f 342 307 343
f 307 306 343
f 343 306 344
f 306 321 344
f 344 321 345
f 321 320 345
f 345 320 346
f 320 316 346
f 346 316 347
f 316 315 347
f 347 315 348
f 315 314 348
f 348 314 349
f 314 305 349
f 349 305 350
f 305 304 350
f 350 304 351
f 304 311 351
f 351 311 352
f 353 354 355
f 353 355 356
f 355 357 356
f 356 357 358
f 357 359 358
f 358 359 360
f 359 361 360
f 360 361 362
f 361 363 362
f 362 363 364
f 363 365 364
f 364 365 366
f 365 367 366
f 366 367 368
f 367 369 368
f 368 369 370
f 369 371 370
f 370 371 372
f 371 373 372
f 372 373 374
f 373 375 374
f 374 375 376
f 375 377 376
f 376 377 378
f 377 379 378
f 378 379 380
f 379 381 380
f 380 381 382
f 381 383 382
f 382 383 384
f 383 385 384
f 384 385 386
f 385 387 386
f 386 387 388
f 387 389 388
f 388 389 390
f 389 391 390
f 390 391 392
f 391 393 392
f 392 393 394
f 393 395 394
f 394 395 396
f 395 397 396
f 396 397 398
f 397 399 398
f 398 399 400
f 399 401 400
f 400 401 402
f 349 350 333
f 328 329 352
f 329 330 352
f 352 330 331
f 331 332 352
f 332 333 352
f 352 333 351
f 333 350 351
f 333 334 343
f 334 335 343
f 343 335 342
f 343 344 333
f 344 345 333
f 333 345 346
f 346 347 333
f 347 348 333
f 333 348 349
f 336 337 335
f 337 338 335
f 335 338 339
f 339 340 335
f 340 341 335
f 335 341 342
f 353 356 402
f 356 358 402
f 402 358 360
f 360 362 402
f 362 364 402
f 402 364 366
f 386 388 390
f 394 396 384
f 396 398 384
f 402 372 374
f 380 382 402
f 382 384 402
f 402 384 400
f 384 398 400
f 366 368 402
f 368 370 402
f 402 370 372
f 374 376 402
f 376 378 402
f 402 378 380
f 386 390 384
f 390 392 384
f 384 392 394
f 355 354 401
f 355 389 387
f 401 399 355
f 399 397 355
f 355 397 395
f 365 383 381
f 387 385 355
f 385 383 355
f 355 383 357
f 383 359 357
f 395 393 355
f 393 391 355
f 355 391 389
f 375 373 377
f 373 371 377
f 377 371 369
f 365 363 383
f 363 361 383
f 383 361 359
f 381 379 365
f 379 377 365
f 365 377 367
f 377 369 367
f 403 404 405
f 404 406 405
f 405 406 407
f 407 408 405
f 408 409 405
f 405 409 410
f 411 412 413
f 412 414 415
f 411 416 412
f 416 417 412
f 412 417 414
f 415 418 412
f 418 419 412
f 412 419 420
f 410 421 405
f 421 412 405
f 405 412 422
f 412 420 422
f 423 413 424
f 413 425 424
f 423 426 413
f 426 427 413
f 413 427 411
f 428 405 422
f 428 422 429
f 422 420 429
f 429 420 430
f 420 419 430
f 430 419 431
f 419 418 431
f 431 418 432
f 418 415 432
f 432 415 433
f 415 414 433
f 433 414 434
f 414 417 434
f 434 417 435
f 417 416 435
f 435 416 436
f 416 411 436
f 436 411 437
f 411 427 437
f 437 427 438
f 427 426 438
f 438 426 439
f 426 423 439
f 439 423 440
f 423 424 440
f 440 424 441
f 424 425 441
f 441 425 442
f 425 413 442
f 442 413 443
f 413 412 443
f 443 412 444
f 412 421 444
f 444 421 445
f 421 410 445
f 445 410 446
f 410 409 446
f 446 409 447
f 409 408 447
f 447 408 448
f 408 407 448
f 448 407 449
f 407 406 449
f 449 406 450
f 406 404 450
f 450 404 451
f 404 403 451
f 451 403 452
f 453 454 455
f 453 455 456
f 455 457 456
f 456 457 458
f 457 459 458
f 458 459 460
f 459 461 460
f 460 461 462
f 461 463 462
f 462 463 464
f 463 465 464
f 464 465 466
f 465 467 466
f 466 467 468
f 467 469 468
f 468 469 470
f 469 471 470
f 470 471 472
f 471 473 472
f 472 473 474
f 473 475 474
f 474 475 476
f 475 477 476
f 476 477 478
f 477 479 478
f 478 479 480
f 479 481 480
f 480 481 482
f 481 483 482
f 482 483 484
f 483 485 484
f 484 485 486
f 485 487 486
f 486 487 488
f 487 489 488
f 488 489 490
f 489 491 490
f 490 491 492
f 491 493 492
f 492 493 494
f 493 495 494
f 494 495 496
f 495 497 496
f 496 497 498
f 497 499 498
f 498 499 500
f 499 501 500
f 500 501 502
f 451 452 428
f 450 451 431
f 428 429 451
f 429 430 451
f 451 430 431
f 440 441 431
f 432 433 434
f 436 437 431
f 441 442 431
f 442 443 431
f 431 443 444
f 444 445 431
f 445 446 431
f 431 446 447
f 447 448 431
f 448 449 431
f 431 449 450
f 432 434 431
f 434 435 431
f 431 435 436
f 437 438 431
f 438 439 431
f 431 439 440
f 453 456 502
f 456 458 502
f 462 496 498
f 458 460 502
f 460 462 502
f 502 462 500
f 462 498 500
f 490 492 462
f 492 494 462
f 462 494 496
f 462 464 490
f 464 466 490
f 490 466 468
f 468 470 490
f 470 472 490
f 490 472 474
f 474 476 490
f 476 478 490
f 490 478 480
f 480 482 490
f 482 484 490
f 490 484 488
f 484 486 488
f 459 457 501
f 457 455 501
f 501 455 454
f 501 499 459
f 499 497 459
f 459 497 495
f 495 493 459
f 493 491 459
f 459 491 489
f 489 487 459
f 487 485 459
f 459 485 483
f 473 471 469
f 483 481 459
f 481 479 459
f 459 479 477
f 469 467 473
f 467 465 473
f 473 465 463
f 477 475 459
f 475 473 459
f 459 473 461
f 473 463 461
f 503 504 505
f 506 507 508
f 506 508 509
f 503 505 508
f 505 510 508
f 508 510 509
f 507 511 508
f 511 512 508
f 508 512 513
f 512 514 513
f 512 515 516
f 517 518 512
f 518 519 512
f 512 519 515
f 520 521 522
f 521 523 522
f 517 524 518
f 524 523 518
f 518 523 525
f 523 521 525
f 516 526 512
f 526 527 512
f 512 527 514
f 528 504 503
f 528 503 529
f 503 508 529
f 529 508 530
f 508 513 530
f 530 513 531
f 513 514 531
f 531 514 532
f 514 527 532
f 532 527 533
f 527 526 533
f 533 526 534
f 526 516 534
f 534 516 535
f 516 515 535
f 535 515 536
f 515 519 536
f 536 519 537
f 519 518 537
f 537 518 538
f 518 525 538
f 538 525 539
f 525 521 539
f 539 521 540
f 521 520 540
f 540 520 541
f 520 522 541
f 541 522 542
f 522 523 542
f 542 523 543
f 523 524 543
f 543 524 544
f 524 517 544
f 544 517 545
f 517 512 545
f 545 512 546
f 512 511 546
f 546 511 547
f 511 507 547
f 547 507 548
f 507 506 548
f 548 506 549
f 506 509 549
f 549 509 550
f 509 510 550
f 550 510 551
f 510 505 551
f 551 505 552
f 553 554 555
f 553 555 556
f 555 557 556
f 556 557 558
f 557 559 558
f 558 559 560
f 559 561 560
f 560 561 562
f 561 563 562
f 562 563 564
f 563 565 564
f 564 565 566
f 565 567 566
f 566 567 568
f 567 569 568
f 568 569 570
f 569 571 570
f 570 571 572
f 571 573 572
f 572 573 574
f 573 575 574
f 574 575 576
f 575 577 576
f 576 577 578
f 577 579 578
f 578 579 580
f 579 581 580
f 580 581 582
f 581 583 582
f 582 583 584
f 583 585 584
f 584 585 586
f 585 587 586
f 586 587 588
f 587 589 588
f 588 589 590
f 589 591 590
f 590 591 592
f 591 593 592
f 592 593 594
f 593 595 594
f 594 595 596
f 595 597 596
f 596 597 598
f 597 599 598
f 598 599 600
f 599 601 600
f 600 601 602
f 528 529 552
f 529 530 552
f 552 530 551
f 533 534 546
f 533 546 532
f 547 548 530
f 548 549 530
f 549 550 530
f 530 550 551
f 547 530 546
f 530 531 546
f 546 531 532
f 535 544 534
f 544 545 534
f 534 545 546
f 535 536 544
f 536 537 544
f 544 537 538
f 538 539 544
f 539 540 544
f 544 540 543
f 540 541 543
f 543 541 542
f 596 598 553
f 598 600 553
f 553 600 602
f 560 562 594
f 560 594 558
f 568 582 566
f 582 584 566
f 562 564 594
f 564 566 594
f 594 566 592
f 566 590 592
f 596 553 594
f 553 556 594
f 594 556 558
f 584 586 566
f 586 588 566
f 566 588 590
f 568 570 582
f 570 572 582
f 582 572 574
f 574 576 582
f 576 578 582
f 582 578 580
f 597 565 599
f 565 563 599
f 571 569 583
f 563 561 599
f 561 559 599
f 599 559 557
f 597 595 565
f 595 593 565
f 565 593 591
f 557 555 599
f 555 554 599
f 599 554 601
f 591 589 565
f 589 587 565
f 565 587 567
f 567 587 569
f 587 585 569
f 569 585 583
f 579 577 581
f 577 575 581
f 581 575 583
f 575 573 583
f 583 573 571
f 603 604 605
f 604 606 605
f 607 608 609
f 609 608 605
f 608 610 605
f 605 610 611
f 611 612 605
f 612 613 605
f 605 613 603
f 607 609 614
f 609 615 614
f 614 615 616
f 617 618 619
f 618 620 619
f 619 620 621
f 621 622 619
f 622 623 619
f 619 623 624
f 616 625 614
f 625 626 614
f 614 626 619
f 626 627 619
f 619 627 617
f 628 604 603
f 628 603 629
f 603 613 629
f 629 613 630
f 613 612 630
f 630 612 631
f 612 611 631
f 631 611 632
f 611 610 632
f 632 610 633
f 610 608 633
f 633 608 634
f 608 607 634
f 634 607 635
f 607 614 635
f 635 614 636
f 614 619 636
f 636 619 637
f 619 624 637
f 637 624 638
f 624 623 638
f 638 623 639
f 623 622 639
f 639 622 640
f 622 621 640
f 640 621 641
f 621 620 641
f 641 620 642
f 620 618 642
f 642 618 643
f 618 617 643
f 643 617 644
f 617 627 644
f 644 627 645
f 627 626 645
f 645 626 646
f 626 625 646
f 646 625 647
f 625 616 647
f 647 616 648
f 616 615 648
f 648 615 649
f 615 609 649
f 649 609 650
f 609 605 650
f 650 605 651
f 605 606 651
f 651 606 652
f 653 654 655
f 653 655 656
f 655 657 656
f 656 657 658
f 657 659 658
f 658 659 660
f 659 661 660
f 660 661 662
f 661 663 662
f 662 663 664
f 663 665 664
f 664 665 666
f 665 667 666
f 666 667 668
f 667 669 668
f 668 669 670
f 669 671 670
f 670 671 672
f 671 673 672
f 672 673 674
f 673 675 674
f 674 675 676
f 675 677 676
f 676 677 678
f 677 679 678
f 678 679 680
f 679 681 680
f 680 681 682
f 681 683 682
f 682 683 684
f 683 685 684
f 684 685 686
f 685 687 686
f 686 687 688
f 687 689 688
f 688 689 690
f 689 691 690
f 690 691 692
f 691 693 692
f 692 693 694
f 693 695 694
f 694 695 696
f 695 697 696
f 696 697 698
f 697 699 698
f 698 699 700
f 699 701 700
f 700 701 702
f 651 652 628
f 629 646 628
f 646 647 628
f 628 647 648
f 648 649 628
f 649 650 628
f 628 650 651
f 629 630 646
f 630 631 646
f 646 631 632
f 644 645 634
f 645 646 634
f 634 646 633
f 646 632 633
f 638 639 634
f 639 640 634
f 634 640 641
f 641 642 634
f 642 643 634
f 634 643 644
f 635 636 634
f 636 637 634
f 634 637 638
f 702 653 656
f 658 698 656
f 698 700 656
f 656 700 702
f 690 692 662
f 692 694 662
f 662 664 690
f 664 666 690
f 690 666 688
f 666 686 688
f 658 660 698
f 660 662 698
f 698 662 696
f 662 694 696
f 670 672 684
f 672 674 684
f 684 674 676
f 676 678 684
f 678 680 684
f 684 680 682
f 686 666 684
f 666 668 684
f 684 668 670
f 654 701 655
f 701 699 655
f 655 699 697
f 661 697 695
f 661 659 697
f 659 657 697
f 697 657 655
f 695 693 661
f 693 691 661
f 661 691 689
f 689 687 661
f 687 685 661
f 661 685 683
f 667 683 681
f 667 665 683
f 665 663 683
f 683 663 661
f 681 679 667
f 679 677 667
f 667 677 675
f 675 673 667
f 673 671 667
f 667 671 669
f 703 704 705
f 706 707 708
f 706 708 709
f 703 705 708
f 705 710 708
f 708 710 709
f 707 711 708
f 711 712 708
f 708 712 713
f 713 714 708
f 714 715 708
f 708 715 716
f 715 717 716
f 718 719 720
f 719 721 720
f 720 721 722
f 723 724 715
f 724 725 715
f 715 725 717
f 715 726 723
f 726 719 723
f 723 719 727
f 719 718 727
f 728 704 703
f 728 703 729
f 703 708 729
f 729 708 730
f 708 716 730
f 730 716 731
f 716 717 731
f 731 717 732
f 717 725 732
f 732 725 733
f 725 724 733
f 733 724 734
f 724 723 734
f 734 723 735
f 723 727 735
f 735 727 736
f 727 718 736
f 736 718 737
f 718 720 737
f 737 720 738
f 720 722 738
f 738 722 739
f 722 721 739
f 739 721 740
f 721 719 740
f 740 719 741
f 719 726 741
f 741 726 742
f 726 715 742
f 742 715 743
f 715 714 743
f 743 714 744
f 714 713 744
f 744 713 745
f 713 712 745
f 745 712 746
f 712 711 746
f 746 711 747
f 711 707 747
f 747 707 748
f 707 706 748
f 748 706 749
f 706 709 749
f 749 709 750
f 709 710 750
f 750 710 751
f 710 705 751
f 751 705 752
f 753 754 755
f 753 755 756
f 755 757 756
f 756 757 758
f 757 759 758
f 758 759 760
f 759 761 760
f 760 761 762
f 761 763 762
f 762 763 764
f 763 765 764
f 764 765 766
f 765 767 766
f 766 767 768
f 767 769 768
f 768 769 770
f 769 771 770
f 770 771 772
f 771 773 772
f 772 773 774
f 773 775 774
f 774 775 776
f 775 777 776
f 776 777 778
f 777 779 778
f 778 779 780
f 779 781 780
f 780 781 782
f 781 783 782
f 782 783 784
f 783 785 784
f 784 785 786
f 785 787 786
f 786 787 788
f 787 789 788
f 788 789 790
f 789 791 790
f 790 791 792
f 791 793 792
f 792 793 794
f 793 795 794
f 794 795 796
f 795 797 796
f 796 797 798
f 797 799 798
f 798 799 800
f 799 801 800
f 800 801 802
f 752 728 729
f 729 730 752
f 730 731 752
f 752 731 732
f 750 734 749
f 734 735 749
f 749 735 736
f 732 733 752
f 733 734 752
f 752 734 751
f 734 750 751
f 736 745 746
f 738 742 743
f 746 747 736
f 747 748 736
f 736 748 749
f 738 739 742
f 739 740 742
f 742 740 741
f 736 737 745
f 737 738 745
f 745 738 744
f 738 743 744
f 803 804 805
f 804 806 805
f 805 806 807
f 807 808 805
f 808 809 805
f 805 809 810
f 809 811 810
f 812 813 809
f 812 809 814
f 809 815 814
f 814 815 816
f 817 818 819
f 820 821 822
f 813 823 809
f 823 824 809
f 809 824 811
f 817 819 822
f 819 825 822
f 822 825 820
f 816 826 814
f 826 822 814
f 814 822 827
f 822 821 827
f 828 829 830
f 831 832 833
f 834 830 835
f 834 836 830
f 836 837 830
f 830 837 828
f 835 838 834
f 838 839 834
f 834 839 840
f 832 841 833
f 841 842 833
f 833 842 834
f 840 843 834
f 843 844 834
f 834 844 833
f 845 833 846
f 833 847 846
f 845 848 833
f 848 849 833
f 833 849 850
f 850 851 833
f 851 852 833
f 833 852 831
f 853 854 855
f 854 856 855
f 857 858 859
f 858 860 859
f 861 862 863
f 862 864 863
f 863 864 865
f 865 864 859
f 864 866 859
f 859 866 857
f 856 867 855
f 867 859 855
f 855 859 868
f 859 860 868
f 863 869 861
f 869 870 861
f 861 870 871
f 872 873 874
f 871 875 861
f 875 876 861
f 861 876 874
f 876 877 874
f 874 877 872
f 853 878 879
f 880 881 882
f 853 879 854
f 879 883 854
f 854 883 856
f 883 884 856
f 856 884 867
f 884 885 867
f 867 885 859
f 885 886 859
f 859 886 865
f 886 887 865
f 865 887 863
f 887 888 863
f 863 888 869
f 888 889 869
f 869 889 870
f 889 890 870
f 870 890 871
f 890 891 871
f 871 891 875
f 891 892 875
f 875 892 876
f 892 893 876
f 876 893 877
f 893 894 877
f 877 894 872
f 894 895 872
f 872 895 873
f 895 896 873
f 873 896 874
f 896 897 874
f 874 897 861
f 897 898 861
f 861 898 862
f 898 899 862
f 862 899 864
f 899 900 864
f 864 900 866
f 900 901 866
f 866 901 857
f 901 902 857
f 857 902 858
f 902 903 858
f 858 903 860
f 903 880 860
f 860 880 868
f 880 882 868
f 868 882 855
f 904 905 906
f 907 908 904
f 904 906 907
f 906 909 907
f 907 909 910
f 909 911 910
f 910 911 912
f 911 913 912
f 912 913 914
f 913 915 914
f 914 915 916
f 915 917 916
f 916 917 918
f 917 919 918
f 918 919 920
f 919 921 920
f 920 921 922
f 921 923 922
f 922 923 924
f 923 925 924
f 924 925 926
f 925 927 926
f 926 927 928
f 927 929 928
f 928 929 930
f 929 931 930
f 930 931 932
f 931 933 932
f 932 933 934
f 933 935 934
f 934 935 936
f 935 937 936
f 936 937 938
f 937 939 938
f 938 939 940
f 939 941 940
f 940 941 942
f 941 943 942
f 942 943 944
f 943 945 944
f 944 945 946
f 945 947 946
f 946 947 948
f 947 949 948
f 948 949 950
f 949 951 950
f 950 951 952
f 951 953 952
f 952 953 954
f 878 881 879
f 881 880 879
f 879 880 903
f 900 889 901
f 889 888 901
f 901 888 887
f 900 899 889
f 899 898 889
f 889 898 897
f 897 896 889
f 896 895 889
f 889 895 894
f 887 886 901
f 886 885 901
f 901 885 884
f 903 902 879
f 902 901 879
f 879 901 883
f 901 884 883
f 894 893 889
f 893 892 889
f 889 892 890
f 892 891 890
f 921 919 949
f 949 913 951
f 913 911 951
f 951 911 909
f 909 906 951
f 906 905 951
f 951 905 953
f 927 925 923
f 919 917 949
f 917 915 949
f 949 915 913
f 921 949 923
f 949 947 923
f 923 947 945
f 945 943 923
f 943 941 923
f 923 941 939
f 939 937 923
f 937 935 923
f 923 935 933
f 933 931 923
f 931 929 923
f 923 929 927
f 952 954 908
f 952 908 950
f 908 907 950
f 950 907 910
f 910 912 950
f 912 914 950
f 950 914 948
f 914 946 948
f 940 914 938
f 914 936 938
f 940 942 914
f 942 944 914
f 914 944 946
f 914 916 936
f 916 918 936
f 936 918 920
f 920 922 936
f 922 924 936
f 936 924 926
f 926 928 936
f 928 930 936
f 936 930 934
f 930 932 934
f 955 956 957
f 957 958 955
f 958 959 955
f 955 959 960
f 961 962 963
f 960 964 955
f 964 961 955
f 955 961 965
f 961 963 965
f 966 967 968
f 969 970 971
f 970 972 971
f 970 973 974
f 966 968 970
f 968 975 970
f 970 975 972
f 969 976 970
f 976 977 970
f 970 977 973
f 961 978 962
f 978 970 962
f 962 970 979
f 970 974 979
f 980 981 982
f 957 956 980
f 980 982 957
f 982 983 957
f 957 983 958
f 983 984 958
f 958 984 959
f 984 985 959
f 959 985 960
f 985 986 960
f 960 986 964
f 986 987 964
f 964 987 961
f 987 988 961
f 961 988 978
f 988 989 978
f 978 989 970
f 989 990 970
f 970 990 966
f 990 991 966
f 966 991 967
f 991 992 967
f 967 992 968
f 992 993 968
f 968 993 975
f 993 994 975
f 975 994 972
f 994 995 972
f 972 995 971
f 995 996 971
f 971 996 969
f 996 997 969
f 969 997 976
f 997 998 976
f 976 998 977
f 998 999 977
f 977 999 973
f 999 1000 973
f 973 1000 974
f 1000 1001 974
f 974 1001 979
f 1001 1002 979
f 979 1002 962
f 1002 1003 962
f 962 1003 963
f 1003 1004 963
f 963 1004 965
f 1004 1005 965
f 965 1005 955
f 1006 1007 1008
f 1009 1010 1011
f 1006 1008 1012
f 1008 1013 1012
f 1012 1013 1014
f 1013 1015 1014
f 1014 1015 1016
f 1015 1017 1016
f 1016 1017 1018
f 1017 1019 1018
f 1018 1019 1020
f 1019 1021 1020
f 1020 1021 1022
f 1021 1023 1022
f 1022 1023 1024
f 1023 1025 1024
f 1024 1025 1026
f 1025 1027 1026
f 1026 1027 1028
f 1027 1029 1028
f 1028 1029 1030
f 1029 1031 1030
f 1030 1031 1032
f 1031 1033 1032
f 1032 1033 1034
f 1033 1035 1034
f 1034 1035 1036
f 1035 1037 1036
f 1036 1037 1038
f 1037 1039 1038
f 1038 1039 1040
f 1039 1041 1040
f 1040 1041 1042
f 1041 1043 1042
f 1042 1043 1044
f 1043 1045 1044
f 1044 1045 1046
f 1045 1047 1046
f 1046 1047 1048
f 1047 1049 1048
f 1048 1049 1050
f 1049 1051 1050
f 1050 1051 1052
f 1051 1053 1052
f 1052 1053 1054
f 1053 1009 1054
f 1054 1009 1055
f 1009 1011 1055
f 1055 1011 1056
f 981 1005 1004
f 1004 1003 981
f 1003 1002 981
f 981 1002 1001
f 986 985 999
f 985 984 999
f 999 984 983
f 989 999 990
f 999 991 990
f 989 988 999
f 988 987 999
f 999 987 986
f 1001 1000 981
f 1000 999 981
f 981 999 982
f 999 983 982
f 996 995 997
f 995 994 997
f 997 994 993
f 999 998 991
f 998 997 991
f 991 997 992
f 997 993 992
f 1008 1007 1010
f 1010 1009 1008
f 1009 1053 1008
f 1008 1053 1051
f 1051 1049 1008
f 1049 1047 1008
f 1008 1047 1013
f 1021 1019 1047
f 1045 1043 1025
f 1043 1041 1025
f 1025 1041 1027
f 1019 1017 1047
f 1017 1015 1047
f 1047 1015 1013
f 1027 1041 1029
f 1041 1039 1029
f 1029 1039 1037
f 1045 1025 1047
f 1025 1023 1047
f 1047 1023 1021
f 1037 1035 1029
f 1035 1033 1029
f 1029 1033 1031
f 1055 1056 1006
f 1014 1016 1042
f 1044 1046 1006
f 1046 1048 1006
f 1006 1048 1050
f 1050 1052 1006
f 1052 1054 1006
f 1006 1054 1055
f 1044 1006 1042
f 1006 1012 1042
f 1042 1012 1014
f 1016 1018 1042
f 1018 1020 1042
f 1042 1020 1022
f 1022 1024 1042
f 1024 1026 1042
f 1042 1026 1028
f 1028 1030 1042
f 1030 1032 1042
f 1042 1032 1034
f 1034 1036 1042
f 1036 1038 1042
f 1042 1038 1040
f 1057 1058 1059
f 1058 1060 1059
f 1061 1062 1063
f 1062 1058 1063
f 1063 1058 1064
f 1058 1057 1064
f 1058 1065 1060
f 1065 1066 1060
f 1060 1066 1067
f 1068 1069 1070
f 1070 1071 1068
f 1071 1072 1068
f 1068 1072 1060
f 1067 1073 1060
f 1073 1074 1060
f 1060 1074 1068
f 1068 1075 1069
f 1075 1076 1069
f 1069 1076 1077
f 1076 1078 1077
f 1078 1079 1077
f 1079 1080 1077
f 1077 1080 1081
f 1061 1082 1083
f 1061 1083 1062
f 1083 1084 1062
f 1062 1084 1058
f 1084 1085 1058
f 1058 1085 1065
f 1085 1086 1065
f 1065 1086 1066
f 1086 1087 1066
f 1066 1087 1067
f 1087 1088 1067
f 1067 1088 1073
f 1088 1089 1073
f 1073 1089 1074
f 1089 1090 1074
f 1074 1090 1068
f 1090 1091 1068
f 1068 1091 1075
f 1091 1092 1075
f 1075 1092 1076
f 1092 1093 1076
f 1076 1093 1078
f 1093 1094 1078
f 1078 1094 1079
f 1094 1095 1079
f 1079 1095 1080
f 1095 1096 1080
f 1080 1096 1081
f 1096 1097 1081
f 1081 1097 1077
f 1097 1098 1077
f 1077 1098 1069
f 1098 1099 1069
f 1069 1099 1070
f 1099 1100 1070
f 1070 1100 1071
f 1100 1101 1071
f 1071 1101 1072
f 1101 1102 1072
f 1072 1102 1060
f 1102 1103 1060
f 1060 1103 1059
f 1103 1104 1059
f 1059 1104 1057
f 1104 1105 1057
f 1057 1105 1064
f 1105 1106 1064
f 1064 1106 1063
f 1107 1108 1109
f 1107 1109 1110
f 1109 1111 1110
f 1110 1111 1112
f 1111 1113 1112
f 1112 1113 1114
f 1113 1115 1114
f 1114 1115 1116
f 1115 1117 1116
f 1116 1117 1118
f 1117 1119 1118
f 1118 1119 1120
f 1119 1121 1120
f 1120 1121 1122
f 1121 1123 1122
f 1122 1123 1124
f 1123 1125 1124
f 1124 1125 1126
f 1125 1127 1126
f 1126 1127 1128
f 1127 1129 1128
f 1128 1129 1130
f 1129 1131 1130
f 1130 1131 1132
f 1131 1133 1132
f 1132 1133 1134
f 1133 1135 1134
f 1134 1135 1136
f 1135 1137 1136
f 1136 1137 1138
f 1137 1139 1138
f 1138 1139 1140
f 1139 1141 1140
f 1140 1141 1142
f 1141 1143 1142
f 1142 1143 1144
f 1143 1145 1144
f 1144 1145 1146
f 1145 1147 1146
f 1146 1147 1148
f 1147 1149 1148
f 1148 1149 1150
f 1149 1151 1150
f 1150 1151 1152
f 1151 1153 1152
f 1152 1153 1154
f 1153 1155 1154
f 1154 1155 1156
f 1083 1082 1106
f 1101 1083 1102
f 1083 1103 1102
f 1090 1089 1101
f 1106 1105 1083
f 1105 1104 1083
f 1083 1104 1103
f 1086 1085 1101
f 1085 1084 1101
f 1101 1084 1083
f 1090 1101 1091
f 1089 1088 1101
f 1088 1087 1101
f 1101 1087 1086
f 1099 1098 1092
f 1098 1097 1092
f 1092 1097 1096
f 1096 1095 1092
f 1095 1094 1092
f 1092 1094 1093
f 1091 1101 1092
f 1101 1100 1092
f 1092 1100 1099
f 1108 1155 1153
f 1117 1115 1143
f 1115 1113 1143
f 1143 1113 1111
f 1153 1151 1108
f 1151 1149 1108
f 1108 1149 1147
f 1147 1145 1108
f 1145 1143 1108
f 1108 1143 1109
f 1143 1111 1109
f 1141 1121 1143
f 1121 1119 1143
f 1143 1119 1117
f 1141 1139 1121
f 1139 1137 1121
f 1121 1137 1123
f 1137 1125 1123
f 1133 1131 1129
f 1137 1135 1125
f 1135 1133 1125
f 1125 1133 1127
f 1133 1129 1127
f 1154 1156 1107
f 1112 1114 1152
f 1114 1116 1152
f 1116 1118 1152
f 1152 1118 1120
f 1154 1107 1152
f 1107 1110 1152
f 1152 1110 1112
f 1120 1122 1152
f 1122 1124 1152
f 1152 1124 1126
f 1126 1128 1152
f 1128 1130 1152
f 1152 1130 1132
f 1132 1134 1152
f 1134 1136 1152
f 1152 1136 1138
f 1146 1148 1144
f 1148 1142 1144
f 1138 1140 1152
f 1140 1142 1152
f 1152 1142 1150
f 1142 1148 1150
f 1157 1158 1159
f 1158 1160 1159
f 1159 1160 1161
f 1162 1163 1164
f 1163 1165 1164
f 1166 1167 1168
f 1167 1169 1168
f 1168 1169 1170
f 1166 1168 1164
f 1168 1171 1164
f 1164 1171 1162
f 1161 1172 1159
f 1172 1164 1159
f 1159 1164 1173
f 1164 1165 1173
f 1170 1174 1168
f 1174 1175 1168
f 1168 1175 1176
f 1176 1177 1168
f 1177 1178 1168
f 1168 1178 1179
f 1178 1180 1179
f 1179 1180 1181
f 1182 1183 1184
f 1185 1186 1187
f 1186 1188 1187
f 1187 1188 1189
f 1190 1191 1184
f 1191 1192 1184
f 1184 1192 1182
f 1190 1184 1187
f 1184 1193 1187
f 1187 1193 1194
f 1194 1195 1187
f 1195 1196 1187
f 1187 1196 1185
f 1189 1197 1187
f 1197 1198 1187
f 1187 1198 1199
f 1199 1200 1187
f 1200 1201 1187
f 1187 1201 1202
f 1203 1204 1205
f 1204 1187 1205
f 1205 1187 1206
f 1187 1202 1206
f 1207 1208 1209
f 1210 1211 1212
f 1213 1214 1215
f 1159 1184 1216
f 1217 954 953
f 1218 100 99
f 1219 1220 1221
f 1222 1223 1224
f 1225 1226 1227
f 1228 1229 1156
f 1230 1231 1232
f 1233 1234 1235
f 1234 1236 1235
f 1237 1238 1239
f 830 829 1240
f 1230 1232 1241
f 1232 908 1241
f 1241 908 1242
f 908 954 1242
f 954 1217 1242
f 1242 1217 1243
f 1217 1244 1243
f 1156 1229 1107
f 1245 1246 1247
f 1246 1248 1247
f 1247 1248 1249
f 1250 1251 1252
f 1253 1254 1216
f 1255 1256 1257
f 1256 1258 1257
f 1257 52 51
f 1255 1257 1259
f 1257 51 1259
f 1259 51 1260
f 51 100 1260
f 100 1218 1260
f 1260 1218 1261
f 1218 1262 1261
f 1263 1264 1265
f 1264 1266 1265
f 1265 1266 1267
f 301 254 1268
f 254 1269 1268
f 1268 1269 1270
f 1269 1271 1270
f 1272 1273 1269
f 1273 1274 1269
f 1269 1274 1271
f 1275 1276 1272
f 1276 1277 1272
f 1272 1277 1273
f 1278 1279 1280
f 1279 1281 1280
f 1280 602 601
f 1278 1280 1282
f 1280 601 1282
f 1282 601 1283
f 601 554 1283
f 554 1284 1283
f 1283 1284 1285
f 1284 1286 1285
f 1225 1227 1287
f 1227 1288 1287
f 1287 1288 1289
f 801 754 1290
f 754 1291 1290
f 1290 1291 1292
f 1291 1293 1292
f 1294 1295 1291
f 1295 1296 1291
f 1291 1296 1293
f 1297 1298 1294
f 1298 1299 1294
f 1294 1299 1295
f 1300 1301 1302
f 1222 1224 1303
f 1224 1304 1303
f 1303 1304 1305
f 1304 1306 1305
f 1306 1307 1305
f 1305 1307 1308
f 1307 1309 1308
f 1219 1221 1310
f 1221 1311 1310
f 1310 1311 1312
f 1311 1313 1312
f 1312 1313 1314
f 1313 1315 1314
f 1314 1315 1316
f 1215 1214 1317
f 1258 1318 1257
f 1318 1212 1257
f 1257 1212 52
f 1212 1211 52
f 52 1211 99
f 1319 1320 156
f 1321 1322 1323
f 1322 157 1323
f 1323 157 1324
f 157 156 1324
f 1324 156 1325
f 156 1320 1325
f 1319 156 1213
f 156 153 1213
f 1213 153 1214
f 1268 1263 301
f 1263 1265 301
f 301 1265 302
f 1322 302 157
f 302 1265 157
f 157 1265 202
f 1265 1267 202
f 202 1267 152
f 1267 1262 152
f 152 1262 153
f 1262 1218 153
f 153 1218 1214
f 1218 99 1214
f 1214 99 1317
f 99 1211 1317
f 401 1326 402
f 1326 1322 402
f 402 1322 353
f 1322 1327 353
f 353 1327 354
f 1327 1275 354
f 1275 1272 354
f 354 1272 401
f 1272 1269 401
f 401 1269 1326
f 1269 254 1326
f 1326 254 1322
f 254 253 1322
f 1322 253 302
f 1328 454 453
f 1281 1276 501
f 1276 1275 501
f 501 1275 502
f 1275 1327 502
f 502 1327 453
f 1327 1329 453
f 453 1329 1328
f 501 454 1281
f 454 1328 1281
f 1281 1328 1280
f 1328 1329 1280
f 1280 1329 602
f 1329 1330 602
f 602 1330 553
f 1330 1331 553
f 553 1331 1332
f 1331 1333 1332
f 1332 1333 1334
f 654 653 1335
f 1284 702 1286
f 702 701 1286
f 1286 701 1226
f 701 654 1226
f 1226 654 1227
f 654 1335 1227
f 1227 1335 1288
f 1336 1337 1338
f 1337 1339 1338
f 1338 1339 1340
f 1339 1341 1340
f 1340 1341 1342
f 1341 1297 1342
f 1297 1294 1342
f 1342 1294 1336
f 1294 1291 1336
f 1336 1291 1337
f 1291 754 1337
f 1337 754 1339
f 754 753 1339
f 1339 753 802
f 1302 1298 1300
f 1298 1297 1300
f 1300 1297 1343
f 1297 1341 1343
f 1343 1341 1344
f 1341 1345 1344
f 1345 1304 1344
f 1304 1224 1344
f 1344 1224 1301
f 1224 1223 1301
f 1301 1223 1302
f 1341 1346 1345
f 1346 1347 1345
f 1345 1347 1348
f 1347 1349 1348
f 1348 1349 1350
f 1350 1351 1348
f 1351 1352 1348
f 1348 1352 1353
f 1352 1354 1353
f 1353 1354 1355
f 1354 1356 1355
f 1355 1356 1357
f 1358 1359 1360
f 1361 1360 1362
f 1363 1316 1364
f 1316 1315 1364
f 1364 1315 1362
f 1315 1365 1362
f 1362 1365 1361
f 1307 1366 1309
f 1366 1367 1309
f 1309 1367 1220
f 1367 1358 1220
f 1220 1358 1221
f 1358 1360 1221
f 1221 1360 1311
f 1360 1361 1311
f 1311 1361 1313
f 1236 1363 1235
f 1363 1364 1235
f 1235 1364 1368
f 1364 1362 1368
f 1368 1362 1369
f 1362 1370 1369
f 1369 1370 1233
f 1370 1239 1233
f 1233 1239 1234
f 1239 1238 1234
f 1240 1237 830
f 1237 1239 830
f 830 1239 805
f 1239 1370 805
f 805 1370 803
f 1370 904 803
f 904 908 803
f 908 1232 803
f 803 1232 829
f 1232 1231 829
f 829 1231 1240
f 1209 1208 1371
f 905 1372 1373
f 1372 905 1374
f 905 904 1374
f 1374 904 1375
f 904 1370 1375
f 1375 1370 1376
f 1373 1377 905
f 1377 1378 905
f 905 1378 953
f 1010 1379 1380
f 1379 1010 1207
f 1010 1007 1207
f 1207 1007 1208
f 1381 1382 1383
f 1382 1011 1383
f 1383 1011 1384
f 1011 1010 1384
f 1384 1010 1385
f 1010 1380 1385
f 1250 1228 1251
f 1228 1156 1251
f 1251 1156 1382
f 1229 1245 1107
f 1245 1247 1107
f 1107 1247 1108
f 1156 1155 1382
f 1155 1108 1382
f 1382 1108 1011
f 1108 1247 1011
f 1011 1247 1056
f 1247 1249 1056
f 1056 1249 1006
f 1249 1244 1006
f 1006 1244 1007
f 1244 1217 1007
f 1007 1217 1208
f 1217 953 1208
f 1208 953 1371
f 953 1378 1371
f 1252 1251 1386
f 1251 1382 1386
f 1386 1382 1387
f 1382 1388 1387
f 1387 1388 1389
f 1157 1159 1388
f 1159 1216 1388
f 1388 1216 1389
f 1216 1254 1389
f 1389 1254 1252
f 1254 1390 1252
f 1252 1390 1250
f 1253 1216 1391
f 1216 1184 1391
f 1391 1184 1258
f 1184 1183 1258
f 1258 1183 1318
f 1183 1157 1318
f 1318 1157 1212
f 1376 1370 1392
f 1370 1362 1392
f 1392 1362 1393
f 1306 1353 1307
f 1353 1355 1307
f 1307 1355 1366
f 1355 1357 1366
f 1366 1357 1359
f 1357 1394 1359
f 1359 1394 1360
f 1394 1395 1360
f 1360 1395 1396
f 1396 1397 1360
f 1397 1398 1360
f 1360 1398 1362
f 1398 1399 1362
f 1362 1399 1393
f 1400 1401 1339
f 1401 1402 1339
f 1339 1402 1341
f 1402 1403 1341
f 1341 1403 1346
f 554 553 1284
f 553 1332 1284
f 1284 1332 702
f 1332 1334 702
f 702 1334 653
f 1334 1404 653
f 653 1404 1335
f 1404 1405 1335
f 1405 1406 1335
f 1406 1407 1335
f 1335 1407 1408
f 1290 1289 801
f 1289 1288 801
f 801 1288 802
f 1288 1335 802
f 802 1335 1339
f 1335 1408 1339
f 1339 1408 1400
f 1327 1409 1329
f 1409 1410 1329
f 1329 1410 1411
f 1411 1412 1329
f 1412 1413 1329
f 1329 1413 1330
f 1321 1414 1322
f 1414 1415 1322
f 1322 1415 1327
f 1415 1416 1327
f 1327 1416 1409
f 1157 1388 1212
f 1388 1417 1212
f 1212 1417 1418
f 1418 1419 1212
f 1419 1420 1212
f 1212 1420 1210
f 1381 1421 1382
f 1421 1422 1382
f 1382 1422 1388
f 1422 1423 1388
f 1388 1423 1417
f 1392 1424 1376
f 1424 1425 1376
f 1376 1425 1375
f 1425 1426 1375
f 1375 1426 1374
f 1426 1427 1374
f 1374 1427 1372
f 1427 1428 1372
f 1372 1428 1373
f 1428 1429 1373
f 1373 1429 1377
f 1429 1430 1377
f 1377 1430 1378
f 1430 1431 1378
f 1378 1431 1371
f 1431 1432 1371
f 1371 1432 1209
f 1432 1433 1209
f 1209 1433 1207
f 1433 1434 1207
f 1207 1434 1379
f 1434 1435 1379
f 1379 1435 1380
f 1435 1436 1380
f 1380 1436 1385
f 1436 1437 1385
f 1385 1437 1384
f 1437 1438 1384
f 1384 1438 1383
f 1438 1439 1383
f 1383 1439 1381
f 1439 1440 1381
f 1381 1440 1421
f 1440 1441 1421
f 1421 1441 1422
f 1441 1442 1422
f 1422 1442 1423
f 1442 1443 1423
f 1423 1443 1417
f 1443 1444 1417
f 1417 1444 1418
f 1444 1445 1418
f 1418 1445 1419
f 1445 1446 1419
f 1419 1446 1420
f 1446 1447 1420
f 1420 1447 1210
f 1447 1448 1210
f 1210 1448 1211
f 1448 1449 1211
f 1211 1449 1317
f 1449 1450 1317
f 1317 1450 1215
f 1450 1451 1215
f 1215 1451 1213
f 1451 1452 1213
f 1213 1452 1319
f 1452 1453 1319
f 1319 1453 1320
f 1453 1454 1320
f 1320 1454 1325
f 1454 1455 1325
f 1325 1455 1324
f 1455 1456 1324
f 1324 1456 1323
f 1456 1457 1323
f 1323 1457 1321
f 1457 1458 1321
f 1321 1458 1414
f 1458 1459 1414
f 1414 1459 1415
f 1459 1460 1415
f 1415 1460 1416
f 1460 1461 1416
f 1416 1461 1409
f 1461 1462 1409
f 1409 1462 1410
f 1462 1463 1410
f 1410 1463 1411
f 1463 1464 1411
f 1411 1464 1412
f 1464 1465 1412
f 1412 1465 1413
f 1465 1466 1413
f 1413 1466 1330
f 1466 1467 1330
f 1330 1467 1331
f 1467 1468 1331
f 1331 1468 1333
f 1468 1469 1333
f 1333 1469 1334
f 1469 1470 1334
f 1334 1470 1404
f 1470 1471 1404
f 1404 1471 1405
f 1471 1472 1405
f 1405 1472 1406
f 1472 1473 1406
f 1406 1473 1407
f 1473 1474 1407
f 1407 1474 1408
f 1474 1475 1408
f 1408 1475 1400
f 1475 1476 1400
f 1400 1476 1401
f 1476 1477 1401
f 1401 1477 1402
f 1477 1478 1402
f 1402 1478 1403
f 1478 1479 1403
f 1403 1479 1346
f 1479 1480 1346
f 1346 1480 1347
f 1480 1481 1347
f 1347 1481 1349
f 1481 1482 1349
f 1349 1482 1350
f 1482 1483 1350
f 1350 1483 1351
f 1483 1484 1351
f 1351 1484 1352
f 1484 1485 1352
f 1352 1485 1354
f 1485 1486 1354
f 1354 1486 1356
f 1486 1487 1356
f 1356 1487 1357
f 1487 1488 1357
f 1357 1488 1394
f 1488 1489 1394
f 1394 1489 1395
f 1489 1490 1395
f 1395 1490 1396
f 1490 1491 1396
f 1396 1491 1397
f 1491 1492 1397
f 1397 1492 1398
f 1492 1493 1398
f 1398 1493 1399
f 1493 1494 1399
f 1399 1494 1393
f 1494 1495 1393
f 1393 1495 1392
f 1495 1424 1392
f 1496 955 1005
f 1497 1498 1499
f 1500 1501 1502
f 752 705 1503
f 252 205 1504
f 1505 1506 1507
f 1508 1509 1510
f 1511 1512 1513
f 1514 1515 1516
f 1515 1517 1516
f 1516 1518 1519
f 1514 1516 1520
f 1516 1519 1520
f 1520 1519 1521
f 1519 1501 1521
f 1501 1500 1521
f 1521 1500 1522
f 1500 1523 1522
f 1524 1525 1526
f 1525 1527 1526
f 1526 1527 1528
f 1529 1530 1531
f 1530 1532 1531
f 1531 1532 1533
f 1534 1535 1532
f 1535 1536 1532
f 1532 1536 1533
f 1537 1538 1534
f 1538 1539 1534
f 1534 1539 1535
f 1540 1541 1542
f 1541 1543 1542
f 1542 652 606
f 1540 1542 1544
f 1542 606 1544
f 1544 606 1545
f 606 604 1545
f 604 1546 1545
f 1545 1546 1547
f 1546 1548 1547
f 1511 1513 1549
f 1513 1550 1549
f 1549 1550 1551
f 403 405 1552
f 405 1553 1552
f 1552 1553 1554
f 1555 1556 1553
f 1556 1557 1553
f 1553 1557 1554
f 1558 1559 1555
f 1559 1560 1555
f 1555 1560 1556
f 1555 1504 1558
f 1504 205 1558
f 1558 205 1561
f 205 204 1561
f 1562 1563 1564
f 1563 1565 1564
f 1566 1565 107
f 107 109 1566
f 109 1567 1566
f 1566 1567 1568
f 1567 1569 1568
f 1508 1510 1570
f 1510 1571 1570
f 1570 1571 1572
f 1507 1506 1573
f 1574 1575 1576
f 1574 1576 1577
f 1578 1579 1580
f 1061 1063 1581
f 1582 1583 1584
f 1583 1585 1584
f 1586 1585 956
f 956 955 1586
f 955 1496 1586
f 1586 1496 1587
f 1496 1588 1587
f 1589 1590 1591
f 1592 1593 1594
f 1593 1595 1594
f 1594 1595 1596
f 1597 1598 1599
f 1598 1600 1599
f 1599 1600 1601
f 2 50 1602
f 1567 26 1569
f 26 4 1569
f 1569 4 1509
f 4 2 1509
f 1509 2 1510
f 2 1602 1510
f 1510 1602 1571
f 1458 1457 126
f 126 1457 127
f 1457 1456 127
f 127 1456 1455
f 1455 1454 127
f 1454 1453 127
f 127 1453 151
f 1453 1452 151
f 151 1452 1603
f 1452 1451 1603
f 1603 1451 1450
f 228 1563 204
f 1563 1562 204
f 204 1562 1561
f 1565 1563 107
f 1563 228 107
f 107 228 126
f 228 1604 126
f 126 1604 1458
f 311 1605 352
f 1605 1606 352
f 352 1606 328
f 1606 1604 328
f 328 1604 310
f 228 252 1604
f 252 1504 1604
f 1604 1504 310
f 1504 1555 310
f 310 1555 311
f 1555 1553 311
f 311 1553 1605
f 1553 405 1605
f 1605 405 1606
f 405 428 1606
f 1606 428 452
f 504 528 1607
f 1546 552 1548
f 552 505 1548
f 1548 505 1512
f 505 504 1512
f 1512 504 1513
f 504 1607 1513
f 1513 1607 1550
f 1543 1608 1542
f 1608 1609 1542
f 1542 1609 652
f 1609 1471 652
f 652 1471 628
f 1471 1470 628
f 628 1470 1610
f 1470 1469 1610
f 1610 1469 1468
f 1534 1503 1537
f 1503 705 1537
f 1537 705 1543
f 705 704 1543
f 1543 704 1608
f 704 728 1608
f 1608 728 1609
f 1611 1612 1613
f 1612 1614 1613
f 1613 1614 1615
f 1614 1616 1615
f 1615 1616 1617
f 728 752 1616
f 752 1503 1616
f 1616 1503 1617
f 1503 1534 1617
f 1617 1534 1611
f 1534 1532 1611
f 1611 1532 1612
f 1532 1530 1612
f 1612 1530 1614
f 1531 1524 1529
f 1524 1526 1529
f 1529 1526 1618
f 1619 1620 1486
f 1480 1614 1481
f 1614 1621 1481
f 1481 1621 1482
f 1621 1622 1482
f 1482 1622 1483
f 1622 1484 1483
f 1619 1486 1622
f 1486 1485 1622
f 1622 1485 1484
f 1530 1623 1614
f 1623 1618 1614
f 1614 1618 1621
f 1618 1526 1621
f 1621 1526 1624
f 1526 1528 1624
f 1624 1528 1625
f 1528 1523 1625
f 1625 1523 1619
f 1523 1500 1619
f 1619 1500 1620
f 1500 1502 1620
f 1517 1626 1516
f 1626 1627 1516
f 1516 1627 1518
f 1627 1489 1518
f 1518 1489 1502
f 1489 1488 1502
f 1502 1488 1620
f 1488 1487 1620
f 1620 1487 1486
f 1628 1627 1629
f 1627 1626 1629
f 1629 1626 1630
f 1626 1517 1630
f 1630 1517 1498
f 1517 1631 1498
f 1498 1631 1499
f 1631 1632 1499
f 1499 1632 1633
f 1629 1497 1628
f 1497 1499 1628
f 1628 1499 1634
f 1499 1633 1634
f 1634 1633 1598
f 1633 1635 1598
f 1598 1635 1600
f 1636 1597 1637
f 1597 1599 1637
f 1637 1599 1590
f 1599 1601 1590
f 1590 1601 1591
f 1591 1592 1589
f 1592 1594 1589
f 1589 1594 1638
f 1432 1431 881
f 1431 1430 881
f 881 878 1432
f 878 1639 1432
f 1432 1639 1433
f 1639 1434 1433
f 981 1438 1437
f 1438 981 1439
f 981 980 1439
f 1439 980 1440
f 1437 1436 981
f 1436 1435 981
f 981 1435 1005
f 1435 1434 1005
f 1434 1639 1005
f 1005 1639 1496
f 1639 878 1496
f 1496 878 1588
f 878 853 1588
f 1588 853 1596
f 853 855 1596
f 1596 855 1594
f 855 882 1594
f 1594 882 1638
f 882 1637 1638
f 1638 1637 1640
f 1637 1590 1640
f 1106 1583 1063
f 1583 1582 1063
f 1063 1582 1581
f 1581 1578 1061
f 1578 1580 1061
f 1061 1580 1082
f 1580 1641 1082
f 1082 1641 1106
f 1585 1583 956
f 1583 1106 956
f 956 1106 980
f 1106 1641 980
f 980 1641 1440
f 1576 1642 1577
f 1642 1643 1577
f 1577 1643 1644
f 1643 1645 1644
f 1644 1645 1646
f 1645 1641 1646
f 1646 1641 1574
f 1641 1580 1574
f 1574 1580 1575
f 1580 1579 1575
f 1642 1505 1643
f 1505 1507 1643
f 1643 1507 1645
f 1507 1647 1645
f 1645 1647 1648
f 1430 1429 881
f 1429 1428 881
f 881 1428 882
f 1428 1427 882
f 882 1427 1637
f 1427 1426 1637
f 1637 1426 1425
f 1634 1636 1628
f 1636 1637 1628
f 1628 1637 1424
f 1637 1425 1424
f 1444 1443 1645
f 1443 1442 1645
f 1645 1442 1641
f 1442 1441 1641
f 1641 1441 1440
f 109 151 1567
f 151 1603 1567
f 1567 1603 26
f 1603 1450 26
f 26 1450 50
f 1450 1449 50
f 50 1449 1602
f 1449 1448 1602
f 1448 1447 1602
f 1447 1446 1602
f 1602 1446 1445
f 1506 1572 1573
f 1572 1571 1573
f 1573 1571 1648
f 1571 1602 1648
f 1648 1602 1645
f 1602 1445 1645
f 1645 1445 1444
f 1462 1461 1606
f 1461 1460 1606
f 1606 1460 1604
f 1460 1459 1604
f 1604 1459 1458
f 1464 1463 1607
f 1464 1607 1465
f 1552 1551 403
f 1551 1550 403
f 403 1550 452
f 1550 1607 452
f 452 1607 1606
f 1607 1463 1606
f 1606 1463 1462
f 604 628 1546
f 628 1610 1546
f 1546 1610 552
f 1610 1468 552
f 552 1468 528
f 1468 1467 528
f 528 1467 1607
f 1467 1466 1607
f 1607 1466 1465
f 1475 1474 1609
f 1474 1473 1609
f 1473 1472 1609
f 1609 1472 1471
f 728 1616 1609
f 1616 1476 1609
f 1609 1476 1475
f 1480 1479 1614
f 1479 1478 1614
f 1614 1478 1616
f 1478 1477 1616
f 1616 1477 1476
f 1492 1491 1627
f 1491 1490 1627
f 1627 1490 1489
f 1424 1495 1628
f 1495 1494 1628
f 1628 1494 1627
f 1494 1493 1627
f 1627 1493 1492
f 1635 1234 1600
f 1234 1238 1600
f 1600 1238 1601
f 1238 1237 1601
f 1601 1237 1591
f 1237 1240 1591
f 1591 1240 1592
f 1240 1231 1592
f 1592 1231 1593
f 1231 1230 1593
f 1593 1230 1595
f 1230 1241 1595
f 1595 1241 1596
f 1241 1242 1596
f 1596 1242 1588
f 1242 1243 1588
f 1588 1243 1587
f 1243 1244 1587
f 1587 1244 1586
f 1244 1249 1586
f 1586 1249 1585
f 1249 1248 1585
f 1585 1248 1584
f 1248 1246 1584
f 1584 1246 1582
f 1246 1245 1582
f 1582 1245 1581
f 1245 1229 1581
f 1581 1229 1578
f 1229 1228 1578
f 1578 1228 1579
f 1228 1250 1579
f 1579 1250 1575
f 1250 1390 1575
f 1575 1390 1576
f 1390 1254 1576
f 1576 1254 1642
f 1254 1253 1642
f 1642 1253 1505
f 1253 1391 1505
f 1505 1391 1506
f 1391 1258 1506
f 1506 1258 1572
f 1258 1256 1572
f 1572 1256 1570
f 1256 1255 1570
f 1570 1255 1508
f 1255 1259 1508
f 1508 1259 1509
f 1259 1260 1509
f 1509 1260 1569
f 1260 1261 1569
f 1569 1261 1568
f 1261 1262 1568
f 1568 1262 1566
f 1262 1267 1566
f 1566 1267 1565
f 1267 1266 1565
f 1565 1266 1564
f 1266 1264 1564
f 1564 1264 1562
f 1264 1263 1562
f 1562 1263 1561
f 1263 1268 1561
f 1561 1268 1558
f 1268 1270 1558
f 1558 1270 1559
f 1270 1271 1559
f 1559 1271 1560
f 1271 1274 1560
f 1560 1274 1556
f 1274 1273 1556
f 1556 1273 1557
f 1273 1277 1557
f 1557 1277 1554
f 1277 1276 1554
f 1554 1276 1552
f 1276 1281 1552
f 1552 1281 1551
f 1281 1279 1551
f 1551 1279 1549
f 1279 1278 1549
f 1549 1278 1511
f 1278 1282 1511
f 1511 1282 1512
f 1282 1283 1512
f 1512 1283 1548
f 1283 1285 1548
f 1548 1285 1547
f 1285 1286 1547
f 1547 1286 1545
f 1286 1226 1545
f 1545 1226 1544
f 1226 1225 1544
f 1544 1225 1540
f 1225 1287 1540
f 1540 1287 1541
f 1287 1289 1541
f 1541 1289 1543
f 1289 1290 1543
f 1543 1290 1537
f 1290 1292 1537
f 1537 1292 1538
f 1292 1293 1538
f 1538 1293 1539
f 1293 1296 1539
f 1539 1296 1535
f 1296 1295 1535
f 1535 1295 1536
f 1295 1299 1536
f 1536 1299 1533
f 1299 1298 1533
f 1533 1298 1531
f 1298 1302 1531
f 1531 1302 1524
f 1302 1223 1524
f 1524 1223 1525
f 1223 1222 1525
f 1525 1222 1527
f 1222 1303 1527
f 1527 1303 1528
f 1303 1305 1528
f 1528 1305 1523
f 1305 1308 1523
f 1523 1308 1522
f 1308 1309 1522
f 1522 1309 1521
f 1309 1220 1521
f 1521 1220 1520
f 1220 1219 1520
f 1520 1219 1514
f 1219 1310 1514
f 1514 1310 1515
f 1310 1312 1515
f 1515 1312 1517
f 1312 1314 1517
f 1517 1314 1631
f 1314 1316 1631
f 1631 1316 1632
f 1316 1363 1632
f 1632 1363 1633
f 1363 1236 1633
f 1633 1236 1635
f 1236 1234 1635
f 1649 1648 1647
f 1649 1647 1650
f 1651 1652 1653
f 1654 1655 1647
f 1655 1656 1647
f 1647 1656 1650
f 1657 1658 1653
f 1658 1659 1653
f 1654 1647 1653
f 1647 1660 1653
f 1653 1660 1657
f 1659 1661 1653
f 1661 1662 1653
f 1653 1662 1651
f 1663 1664 1665
f 1664 1666 1665
f 1666 1664 1667
f 1664 1668 1667
f 1667 1668 1669
f 1652 1670 1653
f 1670 1667 1653
f 1653 1667 1671
f 1667 1669 1671
f 1184 1159 1173
f 1184 1173 1193
f 1173 1165 1193
f 1193 1165 1194
f 1165 1163 1194
f 1194 1163 1195
f 1163 1162 1195
f 1195 1162 1196
f 1162 1171 1196
f 1196 1171 1185
f 1171 1168 1185
f 1185 1168 1186
f 1168 1179 1186
f 1186 1179 1188
f 1179 1181 1188
f 1188 1181 1189
f 1181 1180 1189
f 1189 1180 1197
f 1180 1178 1197
f 1197 1178 1198
f 1178 1177 1198
f 1198 1177 1199
f 1177 1176 1199
f 1199 1176 1200
f 1176 1175 1200
f 1200 1175 1201
f 1175 1174 1201
f 1201 1174 1202
f 1174 1170 1202
f 1202 1170 1206
f 1170 1169 1206
f 1206 1169 1205
f 1169 1167 1205
f 1205 1167 1203
f 1167 1166 1203
f 1203 1166 1204
f 1166 1164 1204
f 1204 1164 1187
f 1164 1172 1187
f 1187 1172 1190
f 1172 1161 1190
f 1190 1161 1191
f 1161 1160 1191
f 1191 1160 1192
f 1160 1158 1192
f 1192 1158 1182
f 1158 1157 1182
f 1182 1157 1183
f 1573 1648 1649
f 1573 1649 1672
f 1649 1650 1672
f 1672 1650 1673
f 1650 1656 1673
f 1673 1656 1674
f 1656 1655 1674
f 1674 1655 1675
f 1655 1654 1675
f 1675 1654 1676
f 1654 1653 1676
f 1676 1653 1677
f 1653 1671 1677
f 1677 1671 1678
f 1671 1669 1678
f 1678 1669 1679
f 1669 1668 1679
f 1679 1668 1680
f 1668 1664 1680
f 1680 1664 1681
f 1664 1663 1681
f 1681 1663 1682
f 1663 1665 1682
f 1682 1665 1683
f 1665 1666 1683
f 1683 1666 1684
f 1666 1667 1684
f 1684 1667 1685
f 1667 1670 1685
f 1685 1670 1686
f 1670 1652 1686
f 1686 1652 1687
f 1652 1651 1687
f 1687 1651 1688
f 1651 1662 1688
f 1688 1662 1689
f 1662 1661 1689
f 1689 1661 1690
f 1661 1659 1690
f 1690 1659 1691
f 1659 1658 1691
f 1691 1658 1692
f 1658 1657 1692
f 1692 1657 1693
f 1657 1660 1693
f 1693 1660 1694
f 1660 1647 1694
f 1694 1647 1507
f 1507 1573 1672
f 1672 1673 1507
f 1673 1674 1507
f 1507 1674 1675
f 1677 1692 1693
f 1684 1685 1677
f 1685 1686 1677
f 1675 1676 1507
f 1676 1677 1507
f 1507 1677 1694
f 1677 1693 1694
f 1678 1679 1677
f 1679 1680 1677
f 1677 1680 1681
f 1686 1687 1677
f 1687 1688 1677
f 1677 1688 1689
f 1689 1690 1677
f 1690 1691 1677
f 1677 1691 1692
f 1681 1682 1677
f 1682 1683 1677
f 1677 1683 1684
f 1695 1696 1697
f 1252 1698 1389
f 1698 1699 1389
f 1389 1699 1700
f 1695 1697 1701
f 1700 1702 1389
f 1702 1697 1389
f 1389 1697 1703
f 1697 1696 1703
f 1701 1697 1704
f 1697 1705 1704
f 1704 1705 1706
f 1706 1707 1704
f 1707 1708 1704
f 1704 1708 1709
f 1709 1710 1704
f 1710 1711 1704
f 1704 1711 1712
f 1712 1713 1704
f 1713 1714 1704
f 1704 1714 1715
f 1714 1716 1715
f 1715 1716 1717
f 1718 1719 1720
f 1719 1721 1720
f 1718 1720 1387
f 1720 1722 1387
f 1387 1722 1723
f 1723 1724 1387
f 1724 1725 1387
f 1387 1725 1386
f 1726 1727 1728
f 1727 1729 1728
f 1728 1729 1730
f 1729 1731 1730
f 1730 1731 1732
f 1732 1733 1730
f 1733 1734 1730
f 1730 1734 1735
f 1735 1736 1730
f 1736 1737 1730
f 1730 1737 1738
f 1721 1739 1720
f 1739 1730 1720
f 1720 1730 1740
f 1730 1738 1740
f 1741 1742 1644
f 1646 1743 1644
f 1743 1744 1644
f 1644 1744 1745
f 1745 1746 1644
f 1746 1747 1644
f 1644 1747 1741
f 1748 1749 1750
f 1749 1751 1750
f 1752 1753 1754
f 1753 1755 1754
f 1754 1755 1756
f 1748 1757 1749
f 1757 1758 1749
f 1749 1758 1759
f 1742 1760 1644
f 1760 1749 1644
f 1644 1749 1761
f 1749 1759 1761
f 1751 1762 1750
f 1762 1753 1750
f 1750 1753 1763
f 1753 1752 1763
f 1252 1386 1725
f 1252 1725 1698
f 1725 1724 1698
f 1698 1724 1699
f 1724 1723 1699
f 1699 1723 1700
f 1723 1722 1700
f 1700 1722 1702
f 1722 1720 1702
f 1702 1720 1697
f 1720 1740 1697
f 1697 1740 1705
f 1740 1738 1705
f 1705 1738 1706
f 1738 1737 1706
f 1706 1737 1707
f 1737 1736 1707
f 1707 1736 1708
f 1736 1735 1708
f 1708 1735 1709
f 1735 1734 1709
f 1709 1734 1710
f 1734 1733 1710
f 1710 1733 1711
f 1733 1732 1711
f 1711 1732 1712
f 1732 1731 1712
f 1712 1731 1713
f 1731 1729 1713
f 1713 1729 1714
f 1729 1727 1714
f 1714 1727 1716
f 1727 1726 1716
f 1716 1726 1717
f 1726 1728 1717
f 1717 1728 1715
f 1728 1730 1715
f 1715 1730 1704
f 1730 1739 1704
f 1704 1739 1701
f 1739 1721 1701
f 1701 1721 1695
f 1721 1719 1695
f 1695 1719 1696
f 1719 1718 1696
f 1696 1718 1703
f 1718 1387 1703
f 1703 1387 1389
f 1577 1644 1761
f 1577 1761 1764
f 1761 1759 1764
f 1764 1759 1765
f 1759 1758 1765
f 1765 1758 1766
f 1758 1757 1766
f 1766 1757 1767
f 1757 1748 1767
f 1767 1748 1768
f 1748 1750 1768
f 1768 1750 1769
f 1750 1763 1769
f 1769 1763 1770
f 1763 1752 1770
f 1770 1752 1771
f 1752 1754 1771
f 1771 1754 1772
f 1754 1756 1772
f 1772 1756 1773
f 1756 1755 1773
f 1773 1755 1774
f 1755 1753 1774
f 1774 1753 1775
f 1753 1762 1775
f 1775 1762 1776
f 1762 1751 1776
f 1776 1751 1777
f 1751 1749 1777
f 1777 1749 1778
f 1749 1760 1778
f 1778 1760 1779
f 1760 1742 1779
f 1779 1742 1780
f 1742 1741 1780
f 1780 1741 1781
f 1741 1747 1781
f 1781 1747 1782
f 1747 1746 1782
f 1782 1746 1783
f 1746 1745 1783
f 1783 1745 1784
f 1745 1744 1784
f 1784 1744 1785
f 1744 1743 1785
f 1785 1743 1786
f 1743 1646 1786
f 1786 1646 1574
f 1786 1574 1577
f 1577 1764 1786
f 1764 1765 1786
f 1786 1765 1766
f 1766 1767 1786
f 1767 1768 1786
f 1786 1768 1769
f 1770 1771 1769
f 1771 1772 1769
f 1769 1772 1773
f 1769 1776 1777
f 1777 1778 1769
f 1778 1779 1769
f 1769 1779 1780
f 1780 1781 1769
f 1781 1782 1769
f 1769 1782 1783
f 1773 1774 1769
f 1774 1775 1769
f 1769 1775 1776
f 1783 1784 1769
f 1784 1785 1769
f 1769 1785 1786
f 1638 1640 1787
f 1640 1788 1787
f 1787 1788 1789
f 1790 1791 1792
f 1789 1793 1787
f 1793 1792 1787
f 1787 1792 1794
f 1792 1791 1794
f 1795 1796 1797
f 1796 1798 1797
f 1799 1800 1801
f 1795 1797 1792
f 1797 1802 1792
f 1792 1802 1790
f 1799 1801 1803
f 1798 1804 1797
f 1804 1801 1797
f 1797 1801 1805
f 1801 1800 1805
f 1801 1806 1807
f 1807 1808 1801
f 1808 1809 1801
f 1801 1809 1803
f 830 805 810
f 830 810 835
f 810 811 835
f 835 811 838
f 811 824 838
f 838 824 839
f 824 823 839
f 839 823 840
f 823 813 840
f 840 813 843
f 813 812 843
f 843 812 844
f 812 814 844
f 844 814 833
f 814 827 833
f 833 827 847
f 827 821 847
f 847 821 846
f 821 820 846
f 846 820 845
f 820 825 845
f 845 825 848
f 825 819 848
f 848 819 849
f 819 818 849
f 849 818 850
f 818 817 850
f 850 817 851
f 817 822 851
f 851 822 852
f 822 826 852
f 852 826 831
f 826 816 831
f 831 816 832
f 816 815 832
f 832 815 841
f 815 809 841
f 841 809 842
f 809 808 842
f 842 808 834
f 808 807 834
f 834 807 836
f 807 806 836
f 836 806 837
f 806 804 837
f 837 804 828
f 804 803 828
f 828 803 829
f 1589 1638 1787
f 1589 1787 1810
f 1787 1794 1810
f 1810 1794 1811
f 1794 1791 1811
f 1811 1791 1812
f 1791 1790 1812
f 1812 1790 1813
f 1790 1802 1813
f 1813 1802 1814
f 1802 1797 1814
f 1814 1797 1815
f 1797 1805 1815
f 1815 1805 1816
f 1805 1800 1816
f 1816 1800 1817
f 1800 1799 1817
f 1817 1799 1818
f 1799 1803 1818
f 1818 1803 1819
f 1803 1809 1819
f 1819 1809 1820
f 1809 1808 1820
f 1820 1808 1821
f 1808 1807 1821
f 1821 1807 1822
f 1807 1806 1822
f 1822 1806 1823
f 1806 1801 1823
f 1823 1801 1824
f 1801 1804 1824
f 1824 1804 1825
f 1804 1798 1825
f 1825 1798 1826
f 1798 1796 1826
f 1826 1796 1827
f 1796 1795 1827
f 1827 1795 1828
f 1795 1792 1828
f 1828 1792 1829
f 1792 1793 1829
f 1829 1793 1830
f 1793 1789 1830
f 1830 1789 1831
f 1789 1788 1831
f 1831 1788 1832
f 1788 1640 1832
f 1832 1640 1590
f 1832 1590 1589
f 1829 1830 1589
f 1830 1831 1589
f 1589 1831 1832
f 1824 1825 1811
f 1825 1826 1811
f 1811 1826 1827
f 1811 1812 1824
f 1812 1813 1824
f 1824 1813 1814
f 1589 1810 1829
f 1810 1811 1829
f 1829 1811 1828
f 1811 1827 1828
f 1814 1815 1824
f 1815 1816 1824
f 1824 1816 1817
f 1817 1818 1824
f 1818 1819 1824
f 1824 1819 1820
f 1820 1821 1824
f 1821 1822 1824
f 1824 1822 1823
f 1235 1833 1233
f 1833 1834 1233
f 1233 1834 1835
f 1836 1837 1838
f 1835 1839 1233
f 1839 1838 1233
f 1233 1838 1840
f 1838 1837 1840
f 1841 1842 1843
f 1842 1844 1843
f 1843 1844 1845
f 1841 1843 1838
f 1843 1846 1838
f 1838 1846 1836
f 1847 1848 1845
f 1848 1849 1845
f 1845 1849 1850
f 1850 1851 1845
f 1851 1852 1845
f 1845 1852 1853
f 1853 1854 1845
f 1854 1855 1845
f 1845 1855 1843
f 1856 1369 1857
f 1369 1858 1857
f 1856 1859 1369
f 1859 1860 1369
f 1369 1860 1368
f 1369 1861 1858
f 1861 1862 1858
f 1858 1862 1863
f 1864 1865 1866
f 1867 1868 1869
f 1863 1870 1858
f 1870 1866 1858
f 1858 1866 1871
f 1866 1865 1871
f 1864 1866 1869
f 1866 1872 1869
f 1869 1872 1867
f 1868 1873 1869
f 1873 1874 1869
f 1869 1874 1875
f 1875 1876 1869
f 1876 1877 1869
f 1869 1877 1878
f 1879 1880 1881
f 1597 1636 1882
f 1881 1883 1884
f 1883 1885 1886
f 1881 1887 1883
f 1887 1888 1883
f 1883 1888 1885
f 1882 1889 1597
f 1889 1883 1597
f 1597 1883 1890
f 1883 1886 1890
f 1884 1891 1881
f 1891 1892 1881
f 1881 1892 1893
f 1893 1894 1881
f 1894 1895 1881
f 1881 1895 1896
f 1896 1897 1881
f 1897 1898 1881
f 1881 1898 1899
f 1899 1900 1881
f 1900 1901 1881
f 1881 1901 1879
f 1235 1368 1860
f 1235 1860 1833
f 1860 1859 1833
f 1833 1859 1834
f 1859 1856 1834
f 1834 1856 1835
f 1856 1857 1835
f 1835 1857 1839
f 1857 1858 1839
f 1839 1858 1838
f 1858 1871 1838
f 1838 1871 1841
f 1871 1865 1841
f 1841 1865 1842
f 1865 1864 1842
f 1842 1864 1844
f 1864 1869 1844
f 1844 1869 1845
f 1869 1878 1845
f 1845 1878 1847
f 1878 1877 1847
f 1847 1877 1848
f 1877 1876 1848
f 1848 1876 1849
f 1876 1875 1849
f 1849 1875 1850
f 1875 1874 1850
f 1850 1874 1851
f 1874 1873 1851
f 1851 1873 1852
f 1873 1868 1852
f 1852 1868 1853
f 1868 1867 1853
f 1853 1867 1854
f 1867 1872 1854
f 1854 1872 1855
f 1872 1866 1855
f 1855 1866 1843
f 1866 1870 1843
f 1843 1870 1846
f 1870 1863 1846
f 1846 1863 1836
f 1863 1862 1836
f 1836 1862 1837
f 1862 1861 1837
f 1837 1861 1840
f 1861 1369 1840
f 1840 1369 1233
f 1598 1597 1890
f 1598 1890 1902
f 1890 1886 1902
f 1902 1886 1903
f 1886 1885 1903
f 1903 1885 1904
f 1885 1888 1904
f 1904 1888 1905
f 1888 1887 1905
f 1905 1887 1906
f 1887 1881 1906
f 1906 1881 1907
f 1881 1880 1907
f 1907 1880 1908
f 1880 1879 1908
f 1908 1879 1909
f 1879 1901 1909
f 1909 1901 1910
f 1901 1900 1910
f 1910 1900 1911
f 1900 1899 1911
f 1911 1899 1912
f 1899 1898 1912
f 1912 1898 1913
f 1898 1897 1913
f 1913 1897 1914
f 1897 1896 1914
f 1914 1896 1915
f 1896 1895 1915
f 1915 1895 1916
f 1895 1894 1916
f 1916 1894 1917
f 1894 1893 1917
f 1917 1893 1918
f 1893 1892 1918
f 1918 1892 1919
f 1892 1891 1919
f 1919 1891 1920
f 1891 1884 1920
f 1920 1884 1921
f 1884 1883 1921
f 1921 1883 1922
f 1883 1889 1922
f 1922 1889 1923
f 1889 1882 1923
f 1923 1882 1924
f 1882 1636 1924
f 1924 1636 1634
f 1924 1634 1598
f 1921 1922 1910
f 1924 1904 1905
f 1910 1922 1909
f 1598 1902 1924
f 1902 1903 1924
f 1924 1903 1904
f 1905 1906 1924
f 1906 1907 1924
f 1924 1907 1923
f 1923 1907 1922
f 1907 1908 1922
f 1922 1908 1909
f 1921 1910 1920
f 1910 1911 1920
f 1920 1911 1912
f 1912 1913 1920
f 1913 1914 1920
f 1920 1914 1915
f 1915 1916 1920
f 1916 1917 1920
f 1920 1917 1919
f 1917 1918 1919
f 1925 1315 1313
f 1925 1313 1926
f 1927 1928 1929
f 1930 1931 1932
f 1927 1929 1313
f 1929 1933 1313
f 1313 1933 1926
f 1934 1932 1928
f 1932 1935 1928
f 1928 1935 1929
f 1934 1936 1932
f 1936 1937 1932
f 1932 1937 1938
f 1938 1939 1932
f 1939 1940 1932
f 1932 1940 1941
f 1930 1932 1942
f 1941 1943 1932
f 1943 1944 1932
f 1932 1944 1945
f 1945 1946 1932
f 1946 1947 1932
f 1932 1947 1942
f 1948 1949 1950
f 1951 1952 1953
f 1952 1954 1953
f 1954 1361 1953
f 1953 1361 1365
f 1949 1955 1950
f 1955 1956 1950
f 1950 1956 1957
f 1948 1950 1953
f 1950 1958 1953
f 1953 1958 1951
f 1957 1956 1959
f 1956 1960 1959
f 1959 1960 1961
f 1962 1963 1964
f 1963 1965 1964
f 1965 1966 1964
f 1966 1967 1964
f 1964 1967 1968
f 1961 1969 1959
f 1969 1964 1959
f 1959 1964 1970
f 1964 1968 1970
f 1497 1629 1971
f 1629 1972 1971
f 1971 1972 1973
f 1974 1975 1976
f 1977 1978 1973
f 1978 1979 1973
f 1973 1979 1971
f 1975 1980 1976
f 1980 1981 1976
f 1976 1981 1982
f 1977 1973 1976
f 1973 1983 1976
f 1976 1983 1974
f 1982 1984 1976
f 1984 1985 1976
f 1976 1985 1986
f 1987 1988 1989
f 1988 1990 1989
f 1989 1990 1991
f 1986 1992 1976
f 1992 1988 1976
f 1976 1988 1993
f 1988 1987 1993
f 1313 1361 1954
f 1313 1954 1927
f 1954 1952 1927
f 1927 1952 1928
f 1952 1951 1928
f 1928 1951 1934
f 1951 1958 1934
f 1934 1958 1936
f 1958 1950 1936
f 1936 1950 1937
f 1950 1957 1937
f 1937 1957 1938
f 1957 1959 1938
f 1938 1959 1939
f 1959 1970 1939
f 1939 1970 1940
f 1970 1968 1940
f 1940 1968 1941
f 1968 1967 1941
f 1941 1967 1943
f 1967 1966 1943
f 1943 1966 1944
f 1966 1965 1944
f 1944 1965 1945
f 1965 1963 1945
f 1945 1963 1946
f 1963 1962 1946
f 1946 1962 1947
f 1962 1964 1947
f 1947 1964 1942
f 1964 1969 1942
f 1942 1969 1930
f 1969 1961 1930
f 1930 1961 1931
f 1961 1960 1931
f 1931 1960 1932
f 1960 1956 1932
f 1932 1956 1935
f 1956 1955 1935
f 1935 1955 1929
f 1955 1949 1929
f 1929 1949 1933
f 1949 1948 1933
f 1933 1948 1926
f 1948 1953 1926
f 1926 1953 1925
f 1953 1365 1925
f 1925 1365 1315
f 1498 1497 1971
f 1498 1971 1994
f 1971 1979 1994
f 1994 1979 1995
f 1979 1978 1995
f 1995 1978 1996
f 1978 1977 1996
f 1996 1977 1997
f 1977 1976 1997
f 1997 1976 1998
f 1976 1993 1998
f 1998 1993 1999
f 1993 1987 1999
f 1999 1987 2000
f 1987 1989 2000
f 2000 1989 2001
f 1989 1991 2001
f 2001 1991 2002
f 1991 1990 2002
f 2002 1990 2003
f 1990 1988 2003
f 2003 1988 2004
f 1988 1992 2004
f 2004 1992 2005
f 1992 1986 2005
f 2005 1986 2006
f 1986 1985 2006
f 2006 1985 2007
f 1985 1984 2007
f 2007 1984 2008
f 1984 1982 2008
f 2008 1982 2009
f 1982 1981 2009
f 2009 1981 2010
f 1981 1980 2010
f 2010 1980 2011
f 1980 1975 2011
f 2011 1975 2012
f 1975 1974 2012
f 2012 1974 2013
f 1974 1983 2013
f 2013 1983 2014
f 1983 1973 2014
f 2014 1973 2015
f 1973 1972 2015
f 2015 1972 2016
f 1972 1629 2016
f 2016 1629 1630
f 1498 1994 1630
f 1994 1995 1630
f 1630 1995 1996
f 1996 1997 1630
f 1997 1998 1630
f 1630 1998 2016
f 2013 2014 1998
f 2014 2015 1998
f 1998 2015 2016
f 2010 1998 2009
f 1998 2008 2009
f 2005 2006 1998
f 2006 2007 1998
f 1998 2007 2008
f 2010 2011 1998
f 2011 2012 1998
f 1998 2012 2013
f 1999 2000 1998
f 2000 2001 1998
f 1998 2001 2002
f 2002 2003 1998
f 2003 2004 1998
f 1998 2004 2005
f 1358 1367 2017
f 1367 2018 2017
f 2017 2018 2019
f 2020 2019 2021
f 2020 2022 2019
f 2022 2023 2019
f 2019 2023 2017
f 2021 2024 2020
f 2024 2025 2020
f 2020 2025 2026
f 2026 2027 2020
f 2027 2028 2020
f 2020 2028 2029
f 2030 2029 2031
f 2030 2032 2029
f 2032 2033 2029
f 2029 2033 2020
f 2031 2034 2030
f 2034 2035 2030
f 2030 2035 2036
f 2036 2037 2030
f 2037 2038 2030
f 2030 2038 2039
f 1366 1359 2040
f 2041 2042 2040
f 2042 2043 2040
f 2040 2043 1366
f 2044 2045 2046
f 2045 2047 2046
f 2046 2048 2044
f 2048 2049 2044
f 2044 2049 2050
f 2049 2051 2050
f 2041 2052 2042
f 2052 2046 2042
f 2042 2046 2053
f 2046 2047 2053
f 2054 2055 2056
f 2055 2057 2056
f 2056 2057 2058
f 2058 2059 2056
f 2059 2060 2056
f 2056 2060 2061
f 2051 2049 2056
f 2049 2062 2056
f 2056 2062 2054
f 2063 1518 1502
f 2064 2065 1502
f 2065 2066 1502
f 1502 2066 2067
f 2067 2068 1502
f 2068 2069 1502
f 1502 2069 2063
f 2064 2070 2065
f 2070 2071 2065
f 2065 2071 2072
f 2073 2074 2075
f 2074 2065 2075
f 2075 2065 2076
f 2065 2072 2076
f 2077 2078 2075
f 2078 2079 2075
f 2075 2079 2080
f 2080 2081 2075
f 2081 2082 2075
f 2075 2082 2073
f 2083 2084 2075
f 2084 2085 2075
f 2075 2085 2077
f 1359 1358 2017
f 1359 2017 2040
f 2017 2023 2040
f 2040 2023 2041
f 2023 2022 2041
f 2041 2022 2052
f 2022 2020 2052
f 2052 2020 2046
f 2020 2033 2046
f 2046 2033 2048
f 2033 2032 2048
f 2048 2032 2049
f 2032 2030 2049
f 2049 2030 2062
f 2030 2039 2062
f 2062 2039 2054
f 2039 2038 2054
f 2054 2038 2055
f 2038 2037 2055
f 2055 2037 2057
f 2037 2036 2057
f 2057 2036 2058
f 2036 2035 2058
f 2058 2035 2059
f 2035 2034 2059
f 2059 2034 2060
f 2034 2031 2060
f 2060 2031 2061
f 2031 2029 2061
f 2061 2029 2056
f 2029 2028 2056
f 2056 2028 2051
f 2028 2027 2051
f 2051 2027 2050
f 2027 2026 2050
f 2050 2026 2044
f 2026 2025 2044
f 2044 2025 2045
f 2025 2024 2045
f 2045 2024 2047
f 2024 2021 2047
f 2047 2021 2053
f 2021 2019 2053
f 2053 2019 2042
f 2019 2018 2042
f 2042 2018 2043
f 2018 1367 2043
f 2043 1367 1366
f 1502 1501 2086
f 1502 2086 2064
f 2086 2087 2064
f 2064 2087 2070
f 2087 2088 2070
f 2070 2088 2071
f 2088 2089 2071
f 2071 2089 2072
f 2089 2090 2072
f 2072 2090 2076
f 2090 2091 2076
f 2076 2091 2075
f 2091 2092 2075
f 2075 2092 2083
f 2092 2093 2083
f 2083 2093 2084
f 2093 2094 2084
f 2084 2094 2085
f 2094 2095 2085
f 2085 2095 2077
f 2095 2096 2077
f 2077 2096 2078
f 2096 2097 2078
f 2078 2097 2079
f 2097 2098 2079
f 2079 2098 2080
f 2098 2099 2080
f 2080 2099 2081
f 2099 2100 2081
f 2081 2100 2082
f 2100 2101 2082
f 2082 2101 2073
f 2101 2102 2073
f 2073 2102 2074
f 2102 2103 2074
f 2074 2103 2065
f 2103 2104 2065
f 2065 2104 2066
f 2104 2105 2066
f 2066 2105 2067
f 2105 2106 2067
f 2067 2106 2068
f 2106 2107 2068
f 2068 2107 2069
f 2107 2108 2069
f 2069 2108 2063
f 2108 1519 2063
f 2063 1519 1518
f 2086 1501 2108
f 1501 1519 2108
f 2092 2091 2107
f 2107 2091 2108
f 2091 2090 2108
f 2108 2090 2089
f 2089 2088 2108
f 2088 2087 2108
f 2108 2087 2086
f 2092 2107 2093
f 2107 2106 2093
f 2093 2106 2105
f 2101 2100 2094
f 2100 2099 2094
f 2094 2099 2098
f 2098 2097 2094
f 2097 2096 2094
f 2094 2096 2095
f 2105 2104 2093
f 2104 2103 2093
f 2093 2103 2094
f 2103 2102 2094
f 2094 2102 2101
f 2109 2110 2111
f 2110 2112 2111
f 2113 2114 2115
f 2112 2116 2111
f 2116 2117 2111
f 2111 2117 2118
f 2109 2119 2110
f 2119 2120 2110
f 2110 2120 2121
f 2118 2122 2111
f 2122 1306 2111
f 2111 1306 1304
f 2121 2123 2110
f 2123 2124 2110
f 2110 2124 2125
f 2125 2124 2114
f 2124 2126 2114
f 2114 2126 2115
f 2127 2128 2129
f 2128 2130 2129
f 2129 2130 2115
f 2130 2131 2115
f 2115 2131 2113
f 2132 2133 1353
f 2133 2134 1353
f 1353 2134 1348
f 2135 2136 2137
f 2135 2137 2138
f 2139 2140 2141
f 2140 2142 2141
f 2136 2143 2137
f 2143 2141 2137
f 2137 2141 2144
f 2141 2145 2144
f 2132 1353 2137
f 1353 2146 2137
f 2137 2146 2138
f 2142 2147 2141
f 2147 2148 2141
f 2141 2148 2145
f 2139 2149 2140
f 2149 2150 2140
f 2140 2150 2151
f 2151 2152 2140
f 2152 2153 2140
f 2140 2153 2154
f 1622 2155 1619
f 2155 2156 1619
f 1619 2156 2157
f 2158 2159 2160
f 2158 2160 2161
f 2162 2163 2156
f 2163 2164 2156
f 2164 2165 2156
f 2156 2165 2157
f 2162 2156 2160
f 2156 2166 2160
f 2160 2166 2161
f 2167 2168 2159
f 2168 2169 2159
f 2159 2169 2160
f 2167 2170 2168
f 2170 2171 2168
f 2168 2171 2172
f 2172 2173 2168
f 2173 2174 2168
f 2168 2174 2175
f 2174 2176 2175
f 2175 2176 2177
f 1345 1348 2134
f 2111 2133 2109
f 2133 2132 2109
f 2109 2132 2119
f 2132 2137 2119
f 2119 2137 2120
f 2137 2144 2120
f 2120 2144 2121
f 2144 2145 2121
f 2121 2145 2123
f 2145 2148 2123
f 2123 2148 2124
f 2148 2147 2124
f 2124 2147 2126
f 2147 2142 2126
f 2126 2142 2115
f 2142 2140 2115
f 2115 2140 2129
f 2140 2154 2129
f 2129 2154 2127
f 2154 2153 2127
f 2127 2153 2128
f 2153 2152 2128
f 2128 2152 2130
f 2152 2151 2130
f 2130 2151 2131
f 2151 2150 2131
f 2131 2150 2113
f 2150 2149 2113
f 2113 2149 2114
f 2149 2139 2114
f 2114 2139 2125
f 2139 2141 2125
f 2125 2141 2110
f 2141 2143 2110
f 2110 2143 2112
f 2143 2136 2112
f 2112 2136 2116
f 2136 2135 2116
f 2116 2135 2117
f 2135 2138 2117
f 2117 2138 2118
f 2138 2146 2118
f 2118 2146 2122
f 2146 1353 2122
f 2122 1353 1306
f 1304 1345 2111
f 1345 2134 2111
f 2111 2134 2133
f 1621 1624 2178
f 2155 1622 1621
f 1621 2178 2155
f 2178 2179 2155
f 2155 2179 2156
f 2179 2180 2156
f 2156 2180 2166
f 2180 2181 2166
f 2166 2181 2161
f 2181 2182 2161
f 2161 2182 2158
f 2182 2183 2158
f 2158 2183 2159
f 2183 2184 2159
f 2159 2184 2167
f 2184 2185 2167
f 2167 2185 2170
f 2185 2186 2170
f 2170 2186 2171
f 2186 2187 2171
f 2171 2187 2172
f 2187 2188 2172
f 2172 2188 2173
f 2188 2189 2173
f 2173 2189 2174
f 2189 2190 2174
f 2174 2190 2176
f 2190 2191 2176
f 2176 2191 2177
f 2191 2192 2177
f 2177 2192 2175
f 2192 2193 2175
f 2175 2193 2168
f 2193 2194 2168
f 2168 2194 2169
f 2194 2195 2169
f 2169 2195 2160
f 2195 2196 2160
f 2160 2196 2162
f 2196 2197 2162
f 2162 2197 2163
f 2197 2198 2163
f 2163 2198 2164
f 2198 2199 2164
f 2164 2199 2165
f 2199 2200 2165
f 2165 2200 2157
f 2200 1625 2157
f 2157 1625 1619
f 2178 1624 1625
f 2198 2197 2179
f 2198 2179 2199
f 2178 1625 2179
f 1625 2200 2179
f 2179 2200 2199
f 2197 2196 2179
f 2196 2195 2179
f 2179 2195 2180
f 2195 2181 2180
f 2195 2185 2184
f 2194 2187 2195
f 2187 2186 2195
f 2195 2186 2185
f 2190 2189 2191
f 2189 2192 2191
f 2194 2193 2187
f 2193 2192 2187
f 2187 2192 2188
f 2192 2189 2188
f 2184 2183 2195
f 2183 2182 2195
f 2195 2182 2181
f 2201 2202 1300
f 2202 2203 1300
f 1300 2203 1301
f 1300 2204 2201
f 2204 2205 2201
f 2201 2205 2206
f 2206 2207 2201
f 2207 2208 2201
f 2201 2208 2209
f 2209 2210 2201
f 2210 2211 2201
f 2201 2211 2212
f 2213 2214 2215
f 2212 2216 2201
f 2216 2217 2201
f 2201 2217 2218
f 2215 2219 2213
f 2219 2220 2213
f 2213 2220 2221
f 2218 2222 2201
f 2222 2213 2201
f 2201 2213 2223
f 2213 2221 2223
f 1344 2224 1343
f 2224 2225 1343
f 2226 2227 2228
f 2225 2229 1343
f 2229 2226 1343
f 1343 2226 2230
f 2226 2228 2230
f 2231 2232 2226
f 2232 2233 2226
f 2226 2233 2227
f 2226 2234 2231
f 2234 2235 2231
f 2231 2235 2236
f 2236 2237 2231
f 2237 2238 2231
f 2231 2238 2239
f 2239 2240 2231
f 2240 2241 2231
f 2231 2241 2242
f 2242 2243 2231
f 2243 2244 2231
f 2231 2244 2245
f 2244 2246 2245
f 2247 1618 1623
f 2248 2247 2249
f 1623 2250 2247
f 2250 2251 2247
f 2247 2251 2249
f 2252 2253 2249
f 2254 2255 2256
f 2257 2258 2249
f 2253 2259 2249
f 2259 2260 2249
f 2249 2260 2261
f 2261 2262 2249
f 2262 2263 2249
f 2249 2263 2264
f 2264 2265 2249
f 2265 2266 2249
f 2249 2266 2248
f 2254 2256 2249
f 2256 2267 2249
f 2249 2267 2257
f 2258 2268 2249
f 2268 2269 2249
f 2249 2269 2252
f 1344 1301 2203
f 1344 2203 2224
f 2203 2202 2224
f 2224 2202 2225
f 2202 2201 2225
f 2225 2201 2229
f 2201 2223 2229
f 2229 2223 2226
f 2223 2221 2226
f 2226 2221 2234
f 2221 2220 2234
f 2234 2220 2235
f 2220 2219 2235
f 2235 2219 2236
f 2219 2215 2236
f 2236 2215 2237
f 2215 2214 2237
f 2237 2214 2238
f 2214 2213 2238
f 2238 2213 2239
f 2213 2222 2239
f 2239 2222 2240
f 2222 2218 2240
f 2240 2218 2241
f 2218 2217 2241
f 2241 2217 2242
f 2217 2216 2242
f 2242 2216 2243
f 2216 2212 2243
f 2243 2212 2244
f 2212 2211 2244
f 2244 2211 2246
f 2211 2210 2246
f 2246 2210 2245
f 2210 2209 2245
f 2245 2209 2231
f 2209 2208 2231
f 2231 2208 2232
f 2208 2207 2232
f 2232 2207 2233
f 2207 2206 2233
f 2233 2206 2227
f 2206 2205 2227
f 2227 2205 2228
f 2205 2204 2228
f 2228 2204 2230
f 2204 1300 2230
f 2230 1300 1343
f 1623 1530 2270
f 1623 2270 2250
f 2270 2271 2250
f 2250 2271 2251
f 2271 2272 2251
f 2251 2272 2249
f 2272 2273 2249
f 2249 2273 2254
f 2273 2274 2254
f 2254 2274 2255
f 2274 2275 2255
f 2255 2275 2256
f 2275 2276 2256
f 2256 2276 2267
f 2276 2277 2267
f 2267 2277 2257
f 2277 2278 2257
f 2257 2278 2258
f 2278 2279 2258
f 2258 2279 2268
f 2279 2280 2268
f 2268 2280 2269
f 2280 2281 2269
f 2269 2281 2252
f 2281 2282 2252
f 2252 2282 2253
f 2282 2283 2253
f 2253 2283 2259
f 2283 2284 2259
f 2259 2284 2260
f 2284 2285 2260
f 2260 2285 2261
f 2285 2286 2261
f 2261 2286 2262
f 2286 2287 2262
f 2262 2287 2263
f 2287 2288 2263
f 2263 2288 2264
f 2288 2289 2264
f 2264 2289 2265
f 2289 2290 2265
f 2265 2290 2266
f 2290 2291 2266
f 2266 2291 2248
f 2291 2292 2248
f 2248 2292 2247
f 2292 1529 2247
f 2247 1529 1618
f 1529 2292 1530
f 2292 2291 1530
f 1530 2291 2290
f 2290 2289 1530
f 2289 2288 1530
f 1530 2288 2287
f 2278 2285 2284
f 2285 2275 2274
f 2278 2277 2285
f 2277 2276 2285
f 2285 2276 2275
f 2274 2273 2285
f 2273 2272 2285
f 2285 2272 2271
f 2287 2286 1530
f 2286 2285 1530
f 1530 2285 2270
f 2285 2271 2270
f 2281 2284 2282
f 2284 2283 2282
f 2281 2280 2284
f 2280 2279 2284
f 2284 2279 2278
f 1342 2293 2294
f 1336 2295 1342
f 2295 2296 1342
f 1342 2296 2297
f 2298 2299 2300
f 2299 2301 2300
f 2297 2302 1342
f 2302 2303 1342
f 1342 2303 2293
f 2304 2305 2306
f 2305 2307 2306
f 2306 2307 2308
f 2301 2309 2300
f 2309 2310 2300
f 2300 2310 2311
f 2294 2312 1342
f 2312 2300 1342
f 1342 2300 2313
f 2300 2311 2313
f 2298 2314 2299
f 2314 2306 2299
f 2299 2306 2315
f 2306 2308 2315
f 2316 2317 2318
f 1338 1340 2319
f 1340 2320 2319
f 2321 2322 2317
f 2321 2317 2323
f 2324 2325 1340
f 2325 2326 1340
f 2323 2317 1340
f 2317 2327 1340
f 1340 2327 2324
f 2322 2328 2317
f 2328 2329 2317
f 2317 2329 2318
f 2330 2331 2332
f 2326 2333 1340
f 2333 2334 1340
f 1340 2334 2320
f 2330 2332 2318
f 2332 2335 2318
f 2318 2335 2316
f 2331 2336 2332
f 2336 2337 2332
f 2332 2337 2338
f 1613 2339 2340
f 1615 2341 1613
f 2341 2342 1613
f 1613 2342 2339
f 2343 2344 2345
f 2344 2346 2345
f 2347 2348 2349
f 2348 2350 2349
f 2349 2350 2351
f 2345 2352 2353
f 2340 2354 1613
f 2354 2345 1613
f 1613 2345 2355
f 2345 2346 2355
f 2352 2345 2349
f 2345 2356 2349
f 2349 2356 2347
f 2353 2357 2345
f 2357 2358 2345
f 2345 2358 2359
f 2359 2360 2345
f 2360 2361 2345
f 2345 2361 2343
f 1340 1342 2313
f 1340 2313 2323
f 2313 2311 2323
f 2323 2311 2321
f 2311 2310 2321
f 2321 2310 2322
f 2310 2309 2322
f 2322 2309 2328
f 2309 2301 2328
f 2328 2301 2329
f 2301 2299 2329
f 2329 2299 2318
f 2299 2315 2318
f 2318 2315 2330
f 2315 2308 2330
f 2330 2308 2331
f 2308 2307 2331
f 2331 2307 2336
f 2307 2305 2336
f 2336 2305 2337
f 2305 2304 2337
f 2337 2304 2338
f 2304 2306 2338
f 2338 2306 2332
f 2306 2314 2332
f 2332 2314 2335
f 2314 2298 2335
f 2335 2298 2316
f 2298 2300 2316
f 2316 2300 2317
f 2300 2312 2317
f 2317 2312 2327
f 2312 2294 2327
f 2327 2294 2324
f 2294 2293 2324
f 2324 2293 2325
f 2293 2303 2325
f 2325 2303 2326
f 2303 2302 2326
f 2326 2302 2333
f 2302 2297 2333
f 2333 2297 2334
f 2297 2296 2334
f 2334 2296 2320
f 2296 2295 2320
f 2320 2295 2319
f 2295 1336 2319
f 2319 1336 1338
f 1615 1617 2362
f 1615 2362 2341
f 2362 2363 2341
f 2341 2363 2342
f 2363 2364 2342
f 2342 2364 2339
f 2364 2365 2339
f 2339 2365 2340
f 2365 2366 2340
f 2340 2366 2354
f 2366 2367 2354
f 2354 2367 2345
f 2367 2368 2345
f 2345 2368 2356
f 2368 2369 2356
f 2356 2369 2347
f 2369 2370 2347
f 2347 2370 2348
f 2370 2371 2348
f 2348 2371 2350
f 2371 2372 2350
f 2350 2372 2351
f 2372 2373 2351
f 2351 2373 2349
f 2373 2374 2349
f 2349 2374 2352
f 2374 2375 2352
f 2352 2375 2353
f 2375 2376 2353
f 2353 2376 2357
f 2376 2377 2357
f 2357 2377 2358
f 2377 2378 2358
f 2358 2378 2359
f 2378 2379 2359
f 2359 2379 2360
f 2379 2380 2360
f 2360 2380 2361
f 2380 2381 2361
f 2361 2381 2343
f 2381 2382 2343
f 2343 2382 2344
f 2382 2383 2344
f 2344 2383 2346
f 2383 2384 2346
f 2346 2384 2355
f 2384 1611 2355
f 2355 1611 1613
f 2365 2364 2376
f 2364 2363 2376
f 2383 1617 2384
f 1617 1611 2384
f 2383 2382 1617
f 2382 2381 1617
f 1617 2381 2380
f 2363 2362 2376
f 2362 1617 2376
f 2376 1617 2377
f 2380 2379 1617
f 2379 2378 1617
f 1617 2378 2377
f 2375 2367 2376
f 2367 2366 2376
f 2376 2366 2365
f 2372 2371 2373
f 2371 2370 2373
f 2373 2370 2369
f 2375 2374 2367
f 2374 2373 2367
f 2367 2373 2368
f 2373 2369 2368
f 801 799 754
f 799 797 754
f 797 795 754
f 795 793 754
f 754 793 791
f 765 763 787
f 763 761 787
f 761 759 787
f 787 759 757
f 791 789 754
f 789 787 754
f 754 787 755
f 787 757 755
f 765 787 767
f 787 785 767
f 767 785 783
f 783 781 767
f 781 779 767
f 767 779 777
f 777 775 767
f 775 773 767
f 767 773 769
f 773 771 769
f 800 802 753
f 798 800 760
f 753 756 800
f 756 758 800
f 800 758 760
f 798 760 796
f 760 762 796
f 796 762 764
f 786 768 784
f 768 782 784
f 786 788 768
f 788 790 768
f 768 790 792
f 764 766 796
f 766 768 796
f 796 768 794
f 768 792 794
f 768 770 782
f 770 772 782
f 782 772 774
f 774 776 782
f 776 778 782
f 782 778 780

