# https://github.com/mikedh/trimesh
v 0.45883763 0.03949999 -0.03530000
v 0.45866331 0.03750760 -0.03530000
v 0.45950001 0.03947107 -0.03530000
v 0.45950001 0.03747107 -0.03530000
v 0.46016237 0.03949999 -0.03530000
v 0.46033669 0.03750760 -0.03530000
v 0.46081972 0.03958653 -0.03530000
v 0.46116701 0.03761691 -0.03530000
v 0.46146703 0.03973003 -0.03530000
v 0.46198466 0.03779818 -0.03530000
v 0.46209934 0.03992940 -0.03530000
v 0.46278340 0.03805002 -0.03530000
v 0.46271190 0.04018313 -0.03530000
v 0.46355712 0.03837051 -0.03530000
v 0.46329999 0.04048928 -0.03530000
v 0.46430001 0.03875722 -0.03530000
v 0.46385917 0.04084551 -0.03530000
v 0.46500632 0.03920721 -0.03530000
v 0.46438518 0.04124913 -0.03530000
v 0.46567076 0.03971704 -0.03530000
v 0.46487400 0.04169706 -0.03530000
v 0.46628824 0.04028284 -0.03530000
v 0.46532193 0.04218588 -0.03530000
v 0.46685404 0.04090030 -0.03530000
v 0.46572554 0.04271189 -0.03530000
v 0.46736386 0.04156473 -0.03530000
v 0.46608180 0.04327107 -0.03530000
v 0.46781385 0.04227107 -0.03530000
v 0.46638793 0.04385917 -0.03530000
v 0.46820056 0.04301393 -0.03530000
v 0.46664166 0.04447171 -0.03530000
v 0.46852106 0.04378767 -0.03530000
v 0.46684104 0.04510404 -0.03530000
v 0.46877289 0.04458641 -0.03530000
v 0.46698454 0.04575134 -0.03530000
v 0.46895415 0.04540405 -0.03530000
v 0.46707109 0.04640868 -0.03530000
v 0.46906346 0.04623437 -0.03530000
v 0.46709999 0.04707107 -0.03530000
v 0.46910000 0.04707107 -0.03530000
v 0.46707109 0.04773345 -0.03530000
v 0.46906346 0.04790776 -0.03530000
v 0.46698454 0.04839079 -0.03530000
v 0.46895415 0.04873809 -0.03530000
v 0.46684104 0.04903809 -0.03530000
v 0.46877289 0.04955573 -0.03530000
v 0.46664166 0.04967042 -0.03530000
v 0.46852106 0.05035446 -0.03530000
v 0.46638793 0.05028297 -0.03530000
v 0.46820056 0.05112820 -0.03530000
v 0.46608180 0.05087107 -0.03530000
v 0.46781385 0.05187107 -0.03530000
v 0.46572554 0.05143025 -0.03530000
v 0.46736386 0.05257740 -0.03530000
v 0.46532193 0.05195625 -0.03530000
v 0.46685404 0.05324183 -0.03530000
v 0.46487400 0.05244508 -0.03530000
v 0.46628824 0.05385929 -0.03530000
v 0.46438518 0.05289301 -0.03530000
v 0.46567076 0.05442509 -0.03530000
v 0.46385917 0.05329662 -0.03530000
v 0.46500632 0.05493493 -0.03530000
v 0.46329999 0.05365286 -0.03530000
v 0.46430001 0.05538491 -0.03530000
v 0.46271190 0.05395901 -0.03530000
v 0.46355712 0.05577162 -0.03530000
v 0.46209934 0.05421273 -0.03530000
v 0.46278340 0.05609212 -0.03530000
v 0.46146703 0.05441210 -0.03530000
v 0.46198466 0.05634395 -0.03530000
v 0.46081972 0.05455561 -0.03530000
v 0.46116701 0.05652522 -0.03530000
v 0.46016237 0.05464215 -0.03530000
v 0.46033669 0.05663454 -0.03530000
v 0.45950001 0.05467107 -0.03530000
v 0.45950001 0.05667107 -0.03530000
v 0.45883763 0.05464215 -0.03530000
v 0.45866331 0.05663454 -0.03530000
v 0.45818028 0.05455561 -0.03530000
v 0.45783299 0.05652522 -0.03530000
v 0.45753297 0.05441210 -0.03530000
v 0.45701534 0.05634395 -0.03530000
v 0.45690066 0.05421273 -0.03530000
v 0.45621660 0.05609212 -0.03530000
v 0.45628810 0.05395901 -0.03530000
v 0.45544288 0.05577162 -0.03530000
v 0.45570001 0.05365286 -0.03530000
v 0.45469999 0.05538491 -0.03530000
v 0.45514083 0.05329662 -0.03530000
v 0.45399368 0.05493493 -0.03530000
v 0.45461482 0.05289301 -0.03530000
v 0.45332924 0.05442509 -0.03530000
v 0.45412600 0.05244508 -0.03530000
v 0.45271176 0.05385929 -0.03530000
v 0.45367807 0.05195625 -0.03530000
v 0.45214596 0.05324183 -0.03530000
v 0.45327446 0.05143025 -0.03530000
v 0.45163614 0.05257740 -0.03530000
v 0.45291820 0.05087107 -0.03530000
v 0.45118615 0.05187107 -0.03530000
v 0.45261207 0.05028297 -0.03530000
v 0.45079944 0.05112820 -0.03530000
v 0.45235834 0.04967042 -0.03530000
v 0.45047894 0.05035446 -0.03530000
v 0.45215896 0.04903809 -0.03530000
v 0.45022711 0.04955573 -0.03530000
v 0.45201546 0.04839079 -0.03530000
v 0.45004585 0.04873809 -0.03530000
v 0.45192891 0.04773345 -0.03530000
v 0.44993654 0.04790776 -0.03530000
v 0.45190001 0.04707107 -0.03530000
v 0.44990000 0.04707107 -0.03530000
v 0.45192891 0.04640868 -0.03530000
v 0.44993654 0.04623437 -0.03530000
v 0.45201546 0.04575134 -0.03530000
v 0.45004585 0.04540405 -0.03530000
v 0.45215896 0.04510404 -0.03530000
v 0.45022711 0.04458641 -0.03530000
v 0.45235834 0.04447171 -0.03530000
v 0.45047894 0.04378767 -0.03530000
v 0.45261207 0.04385917 -0.03530000
v 0.45079944 0.04301393 -0.03530000
v 0.45291820 0.04327107 -0.03530000
v 0.45118615 0.04227107 -0.03530000
v 0.45327446 0.04271189 -0.03530000
v 0.45163614 0.04156473 -0.03530000
v 0.45367807 0.04218588 -0.03530000
v 0.45214596 0.04090030 -0.03530000
v 0.45412600 0.04169706 -0.03530000
v 0.45271176 0.04028284 -0.03530000
v 0.45461482 0.04124913 -0.03530000
v 0.45332924 0.03971704 -0.03530000
v 0.45514083 0.04084551 -0.03530000
v 0.45399368 0.03920721 -0.03530000
v 0.45570001 0.04048928 -0.03530000
v 0.45469999 0.03875722 -0.03530000
v 0.45628810 0.04018313 -0.03530000
v 0.45544288 0.03837051 -0.03530000
v 0.45690066 0.03992940 -0.03530000
v 0.45621660 0.03805002 -0.03530000
v 0.45753297 0.03973003 -0.03530000
v 0.45701534 0.03779818 -0.03530000
v 0.45818028 0.03958653 -0.03530000
v 0.45783299 0.03761691 -0.03530000
v 0.46910000 0.04707107 -0.02920000
v 0.46906346 0.04790776 -0.02920000
v 0.46895415 0.04873809 -0.02920000
v 0.46877289 0.04955573 -0.02920000
v 0.46852106 0.05035446 -0.02920000
v 0.46820056 0.05112820 -0.02920000
v 0.46781385 0.05187107 -0.02920000
v 0.46736386 0.05257740 -0.02920000
v 0.46685404 0.05324183 -0.02920000
v 0.46628824 0.05385929 -0.02920000
v 0.46567076 0.05442509 -0.02920000
v 0.46500632 0.05493493 -0.02920000
v 0.46430001 0.05538491 -0.02920000
v 0.46355712 0.05577162 -0.02920000
v 0.46278340 0.05609212 -0.02920000
v 0.46198466 0.05634395 -0.02920000
v 0.46116701 0.05652522 -0.02920000
v 0.46033669 0.05663454 -0.02920000
v 0.45950001 0.05667107 -0.02920000
v 0.45866331 0.05663454 -0.02920000
v 0.45783299 0.05652522 -0.02920000
v 0.45701534 0.05634395 -0.02920000
v 0.45621660 0.05609212 -0.02920000
v 0.45544288 0.05577162 -0.02920000
v 0.45469999 0.05538491 -0.02920000
v 0.45399368 0.05493493 -0.02920000
v 0.45332924 0.05442509 -0.02920000
v 0.45271176 0.05385929 -0.02920000
v 0.45214596 0.05324183 -0.02920000
v 0.45163614 0.05257740 -0.02920000
v 0.45118615 0.05187107 -0.02920000
v 0.45079944 0.05112820 -0.02920000
v 0.45047894 0.05035446 -0.02920000
v 0.45022711 0.04955573 -0.02920000
v 0.45004585 0.04873809 -0.02920000
v 0.44993654 0.04790776 -0.02920000
v 0.44990000 0.04707107 -0.02920000
v 0.44993654 0.04623437 -0.02920000
v 0.45004585 0.04540405 -0.02920000
v 0.45022711 0.04458641 -0.02920000
v 0.45047894 0.04378767 -0.02920000
v 0.45079944 0.04301393 -0.02920000
v 0.45118615 0.04227107 -0.02920000
v 0.45163614 0.04156473 -0.02920000
v 0.45214596 0.04090030 -0.02920000
v 0.45271176 0.04028284 -0.02920000
v 0.45332924 0.03971704 -0.02920000
v 0.45399368 0.03920721 -0.02920000
v 0.45469999 0.03875722 -0.02920000
v 0.45544288 0.03837051 -0.02920000
v 0.45621660 0.03805002 -0.02920000
v 0.45701534 0.03779818 -0.02920000
v 0.45783299 0.03761691 -0.02920000
v 0.45866331 0.03750760 -0.02920000
v 0.45950001 0.03747107 -0.02920000
v 0.46033669 0.03750760 -0.02920000
v 0.46116701 0.03761691 -0.02920000
v 0.46198466 0.03779818 -0.02920000
v 0.46278340 0.03805002 -0.02920000
v 0.46355712 0.03837051 -0.02920000
v 0.46430001 0.03875722 -0.02920000
v 0.46500632 0.03920721 -0.02920000
v 0.46567076 0.03971704 -0.02920000
v 0.46628824 0.04028284 -0.02920000
v 0.46685404 0.04090030 -0.02920000
v 0.46736386 0.04156473 -0.02920000
v 0.46781385 0.04227107 -0.02920000
v 0.46820056 0.04301393 -0.02920000
v 0.46852106 0.04378767 -0.02920000
v 0.46877289 0.04458641 -0.02920000
v 0.46895415 0.04540405 -0.02920000
v 0.46906346 0.04623437 -0.02920000
v 0.46709999 0.04707107 -0.04000000
v 0.46707109 0.04773345 -0.04000000
v 0.46698454 0.04839079 -0.04000000
v 0.46684104 0.04903809 -0.04000000
v 0.46664166 0.04967042 -0.04000000
v 0.46638793 0.05028297 -0.04000000
v 0.46608180 0.05087107 -0.04000000
v 0.46572554 0.05143025 -0.04000000
v 0.46532193 0.05195625 -0.04000000
v 0.46487400 0.05244508 -0.04000000
v 0.46438518 0.05289301 -0.04000000
v 0.46385917 0.05329662 -0.04000000
v 0.46329999 0.05365286 -0.04000000
v 0.46271190 0.05395901 -0.04000000
v 0.46209934 0.05421273 -0.04000000
v 0.46146703 0.05441210 -0.04000000
v 0.46081972 0.05455561 -0.04000000
v 0.46016237 0.05464215 -0.04000000
v 0.45950001 0.05467107 -0.04000000
v 0.45883763 0.05464215 -0.04000000
v 0.45818028 0.05455561 -0.04000000
v 0.45753297 0.05441210 -0.04000000
v 0.45690066 0.05421273 -0.04000000
v 0.45628810 0.05395901 -0.04000000
v 0.45570001 0.05365286 -0.04000000
v 0.45514083 0.05329662 -0.04000000
v 0.45461482 0.05289301 -0.04000000
v 0.45412600 0.05244508 -0.04000000
v 0.45367807 0.05195625 -0.04000000
v 0.45327446 0.05143025 -0.04000000
v 0.45291820 0.05087107 -0.04000000
v 0.45261207 0.05028297 -0.04000000
v 0.45235834 0.04967042 -0.04000000
v 0.45215896 0.04903809 -0.04000000
v 0.45201546 0.04839079 -0.04000000
v 0.45192891 0.04773345 -0.04000000
v 0.45190001 0.04707107 -0.04000000
v 0.45192891 0.04640868 -0.04000000
v 0.45201546 0.04575134 -0.04000000
v 0.45215896 0.04510404 -0.04000000
v 0.45235834 0.04447171 -0.04000000
v 0.45261207 0.04385917 -0.04000000
v 0.45291820 0.04327107 -0.04000000
v 0.45327446 0.04271189 -0.04000000
v 0.45367807 0.04218588 -0.04000000
v 0.45412600 0.04169706 -0.04000000
v 0.45461482 0.04124913 -0.04000000
v 0.45514083 0.04084551 -0.04000000
v 0.45570001 0.04048928 -0.04000000
v 0.45628810 0.04018313 -0.04000000
v 0.45690066 0.03992940 -0.04000000
v 0.45753297 0.03973003 -0.04000000
v 0.45818028 0.03958653 -0.04000000
v 0.45883763 0.03949999 -0.04000000
v 0.45950001 0.03947107 -0.04000000
v 0.46016237 0.03949999 -0.04000000
v 0.46081972 0.03958653 -0.04000000
v 0.46146703 0.03973003 -0.04000000
v 0.46209934 0.03992940 -0.04000000
v 0.46271190 0.04018313 -0.04000000
v 0.46329999 0.04048928 -0.04000000
v 0.46385917 0.04084551 -0.04000000
v 0.46438518 0.04124913 -0.04000000
v 0.46487400 0.04169706 -0.04000000
v 0.46532193 0.04218588 -0.04000000
v 0.46572554 0.04271189 -0.04000000
v 0.46608180 0.04327107 -0.04000000
v 0.46638793 0.04385917 -0.04000000
v 0.46664166 0.04447171 -0.04000000
v 0.46684104 0.04510404 -0.04000000
v 0.46698454 0.04575134 -0.04000000
v 0.46707109 0.04640868 -0.04000000
v 0.44506881 0.00997616 -0.03790509
v 0.44496188 0.00983234 -0.03776127
v 0.44467321 0.01023958 -0.03751297
v 0.43597054 0.01197764 -0.03990657
v 0.43595845 0.01206766 -0.03999659
v 0.43621299 0.01216125 -0.03973371
v 0.44292459 0.00915713 -0.03598660
v 0.44302189 0.00921518 -0.03603513
v 0.44312891 0.00883111 -0.03620041
v 0.44492176 0.01247877 -0.03900000
v 0.44514585 0.01236919 -0.03922904
v 0.44513804 0.01227388 -0.03913427
v 0.44552368 0.01220535 -0.03961812
v 0.44486368 0.01192732 -0.03847038
v 0.44488972 0.01209625 -0.03863127
v 0.44508809 0.01189795 -0.03876758
v 0.44489843 0.01216687 -0.03869886
v 0.44490910 0.01227280 -0.03880064
v 0.44482744 0.01174611 -0.03829897
v 0.44500312 0.01152507 -0.03840835
v 0.44482309 0.01172696 -0.03828093
v 0.44465688 0.01118307 -0.03777348
v 0.44468331 0.01125370 -0.03783882
v 0.44488317 0.01115836 -0.03805918
v 0.44471204 0.01133535 -0.03791457
v 0.44478825 0.01158676 -0.03814918
v 0.44454968 0.01093094 -0.03754154
v 0.44472834 0.01080092 -0.03772268
v 0.44450188 0.01083196 -0.03745108
v 0.44463789 0.01062665 -0.03756000
v 0.44438854 0.01062130 -0.03725975
v 0.44453871 0.01045585 -0.03740146
v 0.44429711 0.00975564 -0.03705576
v 0.44418484 0.01030397 -0.03697485
v 0.44443095 0.00991212 -0.03720301
v 0.44420111 0.01032704 -0.03699542
v 0.44455633 0.01007356 -0.03735552
v 0.44431162 0.01049363 -0.03714463
v 0.44437796 0.01060311 -0.03724331
v 0.44375288 0.00979281 -0.03652585
v 0.44382554 0.00986737 -0.03659048
v 0.44400409 0.00945898 -0.03677837
v 0.44396603 0.01002340 -0.03672672
v 0.44415480 0.00960447 -0.03691411
v 0.44398877 0.01005026 -0.03675031
v 0.44408619 0.01017109 -0.03685686
v 0.44349447 0.00955606 -0.03632277
v 0.44349545 0.00955690 -0.03632348
v 0.44384503 0.00931954 -0.03664887
v 0.44368193 0.00972358 -0.03646612
v 0.44373971 0.00977967 -0.03651449
v 0.44321877 0.00934456 -0.03614376
v 0.44325948 0.00937347 -0.03616811
v 0.44331920 0.00894177 -0.03630132
v 0.44336838 0.00945461 -0.03623665
v 0.44350225 0.00906042 -0.03640996
v 0.44367766 0.00918652 -0.03652595
v 0.44313493 0.00928744 -0.03609572
v 0.44289124 0.00913810 -0.03597071
v 0.44293177 0.00872898 -0.03610764
v 0.44283736 0.00910821 -0.03594580
v 0.44272822 0.00863593 -0.03602342
v 0.44263858 0.00900704 -0.03586178
v 0.44251862 0.00855250 -0.03594812
v 0.44244796 0.00892263 -0.03579215
v 0.44261494 0.00899592 -0.03585258
v 0.44208291 0.00841666 -0.03582592
v 0.44203433 0.00877818 -0.03567487
v 0.44209602 0.00879653 -0.03568956
v 0.44230339 0.00847923 -0.03588215
v 0.44229260 0.00886238 -0.03574285
v 0.44233543 0.00887825 -0.03575579
v 0.44237682 0.00889411 -0.03576876
v 0.44139576 0.00829704 -0.03571844
v 0.44160518 0.00867944 -0.03559792
v 0.44162822 0.00832545 -0.03574397
v 0.44161895 0.00868185 -0.03559974
v 0.44185761 0.00836532 -0.03577980
v 0.44185343 0.00873048 -0.03563721
v 0.44195989 0.00875745 -0.03565841
v 0.44124559 0.00863399 -0.03556393
v 0.44127294 0.00863629 -0.03556561
v 0.44134995 0.00864378 -0.03557114
v 0.44116125 0.00828009 -0.03570319
v 0.44092569 0.00827459 -0.03569822
v 0.44099519 0.00862170 -0.03555512
v 0.44022968 0.00868184 -0.03560193
v 0.44023791 0.00868040 -0.03560081
v 0.44022292 0.00832673 -0.03574495
v 0.44049129 0.00864457 -0.03557315
v 0.44045550 0.00829792 -0.03571910
v 0.44057560 0.00863630 -0.03556678
v 0.44069010 0.00828054 -0.03570352
v 0.44074371 0.00862515 -0.03555812
v 0.44092429 0.00862107 -0.03555477
v 0.44015393 0.00869595 -0.03561291
v 0.43999335 0.00836697 -0.03578105
v 0.44003150 0.00872198 -0.03563330
v 0.43976784 0.00841862 -0.03582741
v 0.43991309 0.00875100 -0.03565627
v 0.43954706 0.00848143 -0.03588384
v 0.43960622 0.00884448 -0.03573172
v 0.43967643 0.00882070 -0.03571238
v 0.43988889 0.00875740 -0.03566138
v 0.43912160 0.00863845 -0.03602536
v 0.43923366 0.00899591 -0.03585616
v 0.43933153 0.00855489 -0.03594995
v 0.43944216 0.00890579 -0.03578189
v 0.43955582 0.00886244 -0.03574638
v 0.43891770 0.00873158 -0.03610966
v 0.43912879 0.00904669 -0.03589819
v 0.43920964 0.00900722 -0.03586550
v 0.43872026 0.00883375 -0.03620247
v 0.43892404 0.00915712 -0.03598994
v 0.43901142 0.00910810 -0.03594916
v 0.43862975 0.00934463 -0.03614665
v 0.43864897 0.00933126 -0.03613544
v 0.43852964 0.00894441 -0.03630339
v 0.43865645 0.00932610 -0.03613111
v 0.43888882 0.00917769 -0.03600707
v 0.43843207 0.00949237 -0.03627101
v 0.43834630 0.00906303 -0.03641201
v 0.43835258 0.00955735 -0.03632601
v 0.43817061 0.00918907 -0.03652795
v 0.43831798 0.00958675 -0.03635096
v 0.43821645 0.00967699 -0.03642784
v 0.43800300 0.00932199 -0.03665082
v 0.43817997 0.00971097 -0.03645691
v 0.43809521 0.00979330 -0.03652764
v 0.43784377 0.00946131 -0.03678023
v 0.43802166 0.00986884 -0.03659291
v 0.43796149 0.00993374 -0.03664923
v 0.43769294 0.00960667 -0.03691587
v 0.43788689 0.01001833 -0.03672301
v 0.43741670 0.00991402 -0.03720453
v 0.43764713 0.01032754 -0.03699590
v 0.43755057 0.00975769 -0.03705741
v 0.43775898 0.01017549 -0.03686111
v 0.43785948 0.01005068 -0.03675133
v 0.43717447 0.01024112 -0.03751421
v 0.43753579 0.01049551 -0.03714607
v 0.43729129 0.01007528 -0.03735690
v 0.43757319 0.01043700 -0.03709361
v 0.43764398 0.01033206 -0.03699992
v 0.43745977 0.01062180 -0.03725979
v 0.43730888 0.01045753 -0.03740270
v 0.43740538 0.01071915 -0.03734790
v 0.43720976 0.01062813 -0.03756109
v 0.43729892 0.01093089 -0.03754080
v 0.43711936 0.01080220 -0.03772363
v 0.43728119 0.01096947 -0.03757614
v 0.43716532 0.01125358 -0.03783795
v 0.43703771 0.01097937 -0.03788999
v 0.43714091 0.01132265 -0.03790202
v 0.43696475 0.01115925 -0.03805984
v 0.43712702 0.01136377 -0.03794024
v 0.43706042 0.01158648 -0.03814825
v 0.43684503 0.01152562 -0.03840875
v 0.43703353 0.01169261 -0.03824796
v 0.43676028 0.01189821 -0.03876777
v 0.43698496 0.01192718 -0.03846977
v 0.43702531 0.01172784 -0.03828115
v 0.43671051 0.01227395 -0.03913432
v 0.43693945 0.01227310 -0.03880069
v 0.43696129 0.01207841 -0.03861386
v 0.43602708 0.01166563 -0.03959456
v 0.43625489 0.01186840 -0.03944115
v 0.43668672 0.01236178 -0.03924550
v 0.44223726 0.00807529 -0.03600422
v 0.44213212 0.00805013 -0.03597906
v 0.44191769 0.00800601 -0.03593494
v 0.44160452 0.00795818 -0.03588711
v 0.44141462 0.00793828 -0.03586721
v 0.44128537 0.00792853 -0.03585747
v 0.44353619 0.00859757 -0.03652650
v 0.44344175 0.00854488 -0.03647381
v 0.44319859 0.00842091 -0.03634984
v 0.44302782 0.00834331 -0.03627224
v 0.44289640 0.00828862 -0.03621756
v 0.44281179 0.00825565 -0.03618458
v 0.44256413 0.00816880 -0.03609773
v 0.44236356 0.00810865 -0.03603758
v 0.44503418 0.01036688 -0.03796009
v 0.44521058 0.01018647 -0.03811540
v 0.44522652 0.01072593 -0.03831216
v 0.44538420 0.01109770 -0.03867808
v 0.44545615 0.01062333 -0.03855226
v 0.44539818 0.01050972 -0.03843865
v 0.44589016 0.01206766 -0.03999659
v 0.44580403 0.01158893 -0.03951786
v 0.44559366 0.01186834 -0.03944110
v 0.44571608 0.01127017 -0.03919910
v 0.44550675 0.01147943 -0.03905526
v 0.44565672 0.01109463 -0.03902356
v 0.44557476 0.01088402 -0.03881295
v 0.44478151 0.01040982 -0.03767503
v 0.44488126 0.01058390 -0.03784139
v 0.44505486 0.01094215 -0.03818567
v 0.44519368 0.01131139 -0.03854322
v 0.44529742 0.01168869 -0.03891142
v 0.44536585 0.01207111 -0.03928769
v 0.44563508 0.01216146 -0.03973315
v 0.44480723 0.00964283 -0.03757176
v 0.44469476 0.00951666 -0.03744559
v 0.44451293 0.00933041 -0.03725934
v 0.44441491 0.00923798 -0.03716691
v 0.44416341 0.00902288 -0.03695181
v 0.44401169 0.00890668 -0.03683561
v 0.44386938 0.00880594 -0.03673487
v 0.44363892 0.00865797 -0.03658690
v 0.44481012 0.01097829 -0.03788919
v 0.44456327 0.01096036 -0.03756849
v 0.43706620 0.01041117 -0.03767613
v 0.43696654 0.01058507 -0.03784234
v 0.43679312 0.01094297 -0.03818633
v 0.43665454 0.01131189 -0.03854362
v 0.43655097 0.01168893 -0.03891161
v 0.43648270 0.01207117 -0.03928773
v 0.43646401 0.01109816 -0.03867849
v 0.43621486 0.01103192 -0.03896085
v 0.43634164 0.01147965 -0.03905546
v 0.43613234 0.01127036 -0.03919930
v 0.43606654 0.01149991 -0.03942885
v 0.43681368 0.01036795 -0.03796105
v 0.43644989 0.01051039 -0.03843932
v 0.43662152 0.01072668 -0.03831283
v 0.43640459 0.01059850 -0.03852743
v 0.43627349 0.01088443 -0.03881336
v 0.43692681 0.01247888 -0.03900000
v 0.44095954 0.00791732 -0.03584625
v 0.44082332 0.00791824 -0.03584717
v 0.44068041 0.00792276 -0.03585169
v 0.44049487 0.00793409 -0.03586302
v 0.44016945 0.00796918 -0.03589812
v 0.43985149 0.00802303 -0.03595196
v 0.43971831 0.00805166 -0.03598059
v 0.43954453 0.00809463 -0.03602356
v 0.43924367 0.00818446 -0.03611339
v 0.43893936 0.00829618 -0.03622512
v 0.43882155 0.00834537 -0.03627431
v 0.43863252 0.00843163 -0.03636056
v 0.43832493 0.00859260 -0.03652153
v 0.43820962 0.00866006 -0.03658899
v 0.43801951 0.00878061 -0.03670954
v 0.43783644 0.00890866 -0.03683759
v 0.43772042 0.00899652 -0.03692545
v 0.43741795 0.00925348 -0.03718242
v 0.43733487 0.00933208 -0.03726101
v 0.43713966 0.00953267 -0.03746160
v 0.43704054 0.00964423 -0.03757316
v 0.43687421 0.00984878 -0.03777771
v 0.43677905 0.00997727 -0.03790620
v 0.43662700 0.01020373 -0.03813267
v 0.44492429 0.01262107 -0.03900000
v 0.44592431 0.01262107 -0.04000000
v 0.44590527 0.01218529 -0.04000000
v 0.44589394 0.01207107 -0.04000000
v 0.43595463 0.01207107 -0.04000000
v 0.43594334 0.01218529 -0.04000000
v 0.43592429 0.01262107 -0.04000000
v 0.44590527 0.01305685 -0.04000000
v 0.44490907 0.01296969 -0.03900000
v 0.44584835 0.01348931 -0.04000000
v 0.44486353 0.01331566 -0.03900000
v 0.44575393 0.01391516 -0.04000000
v 0.44478801 0.01365634 -0.03900000
v 0.44562277 0.01433117 -0.04000000
v 0.44468307 0.01398915 -0.03900000
v 0.44545585 0.01473416 -0.04000000
v 0.44454953 0.01431154 -0.03900000
v 0.44525442 0.01512107 -0.04000000
v 0.44438839 0.01462107 -0.03900000
v 0.44502005 0.01548895 -0.04000000
v 0.44420090 0.01491537 -0.03900000
v 0.44475451 0.01583501 -0.04000000
v 0.44398847 0.01519222 -0.03900000
v 0.44445983 0.01615660 -0.04000000
v 0.44375274 0.01544950 -0.03900000
v 0.44413823 0.01645129 -0.04000000
v 0.44349545 0.01568525 -0.03900000
v 0.44379219 0.01671683 -0.04000000
v 0.44321862 0.01589768 -0.03900000
v 0.44342428 0.01695119 -0.04000000
v 0.44292429 0.01608517 -0.03900000
v 0.44303739 0.01715261 -0.04000000
v 0.44261476 0.01624630 -0.03900000
v 0.44263440 0.01731953 -0.04000000
v 0.44229239 0.01637984 -0.03900000
v 0.44221839 0.01745070 -0.04000000
v 0.44195956 0.01648477 -0.03900000
v 0.44179255 0.01754511 -0.04000000
v 0.44161889 0.01656030 -0.03900000
v 0.44136009 0.01760204 -0.04000000
v 0.44127291 0.01660585 -0.03900000
v 0.44092429 0.01762107 -0.04000000
v 0.44092429 0.01662107 -0.03900000
v 0.44048852 0.01760204 -0.04000000
v 0.44057569 0.01660585 -0.03900000
v 0.44005606 0.01754511 -0.04000000
v 0.44022971 0.01656030 -0.03900000
v 0.43963021 0.01745070 -0.04000000
v 0.43988901 0.01648477 -0.03900000
v 0.43921420 0.01731953 -0.04000000
v 0.43955621 0.01637984 -0.03900000
v 0.43881121 0.01715261 -0.04000000
v 0.43923384 0.01624630 -0.03900000
v 0.43842429 0.01695119 -0.04000000
v 0.43892431 0.01608517 -0.03900000
v 0.43805641 0.01671683 -0.04000000
v 0.43862998 0.01589768 -0.03900000
v 0.43771037 0.01645129 -0.04000000
v 0.43835315 0.01568525 -0.03900000
v 0.43738878 0.01615660 -0.04000000
v 0.43809587 0.01544950 -0.03900000
v 0.43709406 0.01583501 -0.04000000
v 0.43786013 0.01519222 -0.03900000
v 0.43682852 0.01548895 -0.04000000
v 0.43764770 0.01491537 -0.03900000
v 0.43659416 0.01512107 -0.04000000
v 0.43746018 0.01462107 -0.03900000
v 0.43639275 0.01473416 -0.04000000
v 0.43729907 0.01431154 -0.03900000
v 0.43622583 0.01433117 -0.04000000
v 0.43716553 0.01398915 -0.03900000
v 0.43609467 0.01391516 -0.04000000
v 0.43706059 0.01365634 -0.03900000
v 0.43600026 0.01348931 -0.04000000
v 0.43698508 0.01331566 -0.03900000
v 0.43594334 0.01305685 -0.04000000
v 0.43693951 0.01296969 -0.03900000
v 0.43692431 0.01262107 -0.03900000
v 0.42449999 0.00707107 -0.03500000
v 0.49450001 0.00707107 -0.03500000
v 0.49084130 0.01031711 -0.03824604
v 0.49095368 0.01030217 -0.03823110
v 0.49126735 0.01027289 -0.03820183
v 0.49149576 0.01026305 -0.03819198
v 0.49188709 0.01026897 -0.03819790
v 0.49202451 0.01027800 -0.03820693
v 0.49220833 0.01029572 -0.03822465
v 0.49449983 0.01112275 -0.03905168
v 0.49442381 0.01107356 -0.03900249
v 0.49420395 0.01094122 -0.03887016
v 0.48882002 0.01104509 -0.03897402
v 0.48896605 0.01095714 -0.03888607
v 0.48995206 0.01052131 -0.03845024
v 0.49019846 0.01044883 -0.03837777
v 0.49045220 0.01038723 -0.03831616
v 0.49157488 0.01026191 -0.03819084
v 0.49176034 0.01026386 -0.03819279
v 0.49228725 0.01030531 -0.03823424
v 0.49253452 0.01034310 -0.03827203
v 0.49280369 0.01039779 -0.03832672
v 0.49319330 0.01050321 -0.03843214
v 0.49330050 0.01053795 -0.03846689
v 0.49352869 0.01062060 -0.03854953
v 0.49377179 0.01072229 -0.03865122
v 0.42449999 0.01207107 -0.04000000
v 0.48903060 0.01092041 -0.03884934
v 0.48926181 0.01079908 -0.03872801
v 0.48947614 0.01069999 -0.03862892
v 0.49051946 0.01037304 -0.03830197
v 0.49070904 0.01033771 -0.03826664
v 0.49286187 0.01041151 -0.03834045
v 0.49305505 0.01046212 -0.03839105
v 0.49386680 0.01076607 -0.03869500
v 0.49399683 0.01082987 -0.03875880
v 0.48789731 0.01179311 -0.03972204
v 0.48808745 0.01160644 -0.03953538
v 0.48823953 0.01147099 -0.03939993
v 0.48837712 0.01135779 -0.03928673
v 0.48842427 0.01132089 -0.03924982
v 0.48867077 0.01114236 -0.03907130
v 0.48956567 0.01066220 -0.03859113
v 0.48971063 0.01060524 -0.03853417
v 0.48987925 0.01054524 -0.03847417
v 0.48752737 0.01207107 -0.04000000
v 0.48774028 0.01196411 -0.03989305
v 0.48780197 0.01189494 -0.03982387
v 0.43955621 0.00886230 -0.01970000
v 0.43706059 0.01158579 -0.01970000
v 0.43698508 0.01192647 -0.01970000
v 0.43692431 0.01262107 -0.01970000
v 0.43693951 0.01227244 -0.01970000
v 0.43716553 0.01125299 -0.01970000
v 0.43729907 0.01093059 -0.01970000
v 0.43746018 0.01062107 -0.01970000
v 0.43764770 0.01032676 -0.01970000
v 0.43786013 0.01004992 -0.01970000
v 0.43835315 0.00955689 -0.01970000
v 0.43809587 0.00979264 -0.01970000
v 0.43862998 0.00934446 -0.01970000
v 0.43892431 0.00915697 -0.01970000
v 0.43923384 0.00899584 -0.01970000
v 0.43988901 0.00875736 -0.01970000
v 0.44022971 0.00868184 -0.01970000
v 0.44057569 0.00863629 -0.01970000
v 0.44092429 0.00862107 -0.01970000
v 0.44127291 0.00863629 -0.01970000
v 0.44161889 0.00868184 -0.01970000
v 0.44195956 0.00875736 -0.01970000
v 0.44229239 0.00886230 -0.01970000
v 0.44261476 0.00899584 -0.01970000
v 0.44292429 0.00915697 -0.01970000
v 0.44321862 0.00934446 -0.01970000
v 0.44349545 0.00955689 -0.01970000
v 0.44375274 0.00979264 -0.01970000
v 0.44398847 0.01004992 -0.01970000
v 0.44420090 0.01032676 -0.01970000
v 0.44438839 0.01062107 -0.01970000
v 0.44454953 0.01093059 -0.01970000
v 0.44468307 0.01125299 -0.01970000
v 0.44478801 0.01158579 -0.01970000
v 0.44486353 0.01192647 -0.01970000
v 0.44490907 0.01227244 -0.01970000
v 0.44492429 0.01262107 -0.01970000
v 0.43693951 0.01296969 -0.01970000
v 0.43698508 0.01331566 -0.01970000
v 0.43706059 0.01365634 -0.01970000
v 0.43716553 0.01398915 -0.01970000
v 0.43729907 0.01431154 -0.01970000
v 0.43746018 0.01462107 -0.01970000
v 0.43764770 0.01491537 -0.01970000
v 0.43786013 0.01519222 -0.01970000
v 0.43809587 0.01544950 -0.01970000
v 0.43835315 0.01568525 -0.01970000
v 0.43862998 0.01589768 -0.01970000
v 0.43892431 0.01608517 -0.01970000
v 0.43923384 0.01624630 -0.01970000
v 0.43955621 0.01637984 -0.01970000
v 0.43988901 0.01648477 -0.01970000
v 0.44022971 0.01656030 -0.01970000
v 0.44057569 0.01660585 -0.01970000
v 0.44092429 0.01662107 -0.01970000
v 0.44127291 0.01660585 -0.01970000
v 0.44161889 0.01656030 -0.01970000
v 0.44195956 0.01648477 -0.01970000
v 0.44229239 0.01637984 -0.01970000
v 0.44261476 0.01624630 -0.01970000
v 0.44292429 0.01608517 -0.01970000
v 0.44321862 0.01589768 -0.01970000
v 0.44349545 0.01568525 -0.01970000
v 0.44375274 0.01544950 -0.01970000
v 0.44398847 0.01519222 -0.01970000
v 0.44420090 0.01491537 -0.01970000
v 0.44438839 0.01462107 -0.01970000
v 0.44454953 0.01431154 -0.01970000
v 0.44468307 0.01398915 -0.01970000
v 0.44478801 0.01365634 -0.01970000
v 0.44486353 0.01331566 -0.01970000
v 0.44490907 0.01296969 -0.01970000
v 0.48804253 0.01207135 -0.03958978
v 0.48960125 0.01150558 -0.03833237
v 0.48966473 0.01146970 -0.03830286
v 0.48957238 0.01108466 -0.03846477
v 0.49428228 0.01200071 -0.03875310
v 0.49442986 0.01214081 -0.03887287
v 0.49452245 0.01204792 -0.03896485
v 0.49408573 0.01134521 -0.03870229
v 0.49388313 0.01122204 -0.03858962
v 0.49379551 0.01162489 -0.03843608
v 0.49404621 0.01180350 -0.03858602
v 0.49427971 0.01147749 -0.03882378
v 0.49395889 0.01173797 -0.03853086
v 0.49389654 0.01169338 -0.03849343
v 0.49329254 0.01134453 -0.03820312
v 0.49336880 0.01138109 -0.03823332
v 0.49345362 0.01100534 -0.03839253
v 0.49340039 0.01139683 -0.03824634
v 0.49367228 0.01110855 -0.03848621
v 0.49360189 0.01150561 -0.03833659
v 0.49364612 0.01153152 -0.03835816
v 0.49314657 0.01127994 -0.03814991
v 0.49322754 0.01091299 -0.03830901
v 0.49304584 0.01123936 -0.03811659
v 0.49288407 0.01118070 -0.03806860
v 0.49297008 0.01121090 -0.03809328
v 0.49247199 0.01106537 -0.03797472
v 0.49261352 0.01109964 -0.03800260
v 0.49270618 0.01112507 -0.03802328
v 0.49263695 0.01110585 -0.03800765
v 0.49229631 0.01103031 -0.03794617
v 0.49236459 0.01104297 -0.03795648
v 0.49174771 0.01097219 -0.03789913
v 0.49185559 0.01097759 -0.03790332
v 0.49195030 0.01098475 -0.03790906
v 0.49199131 0.01098855 -0.03791214
v 0.49211192 0.01100221 -0.03792325
v 0.49223322 0.01101971 -0.03793752
v 0.49125287 0.01098474 -0.03791101
v 0.49143615 0.01097294 -0.03790077
v 0.49150366 0.01097071 -0.03789871
v 0.49160153 0.01096952 -0.03789739
v 0.49167693 0.01097023 -0.03789773
v 0.49094898 0.01102311 -0.03794285
v 0.49101856 0.01101223 -0.03793392
v 0.49119359 0.01099037 -0.03791576
v 0.49056605 0.01110588 -0.03800977
v 0.49062833 0.01108971 -0.03799679
v 0.49070215 0.01107194 -0.03798248
v 0.49077976 0.01105485 -0.03796867
v 0.49090683 0.01103031 -0.03794873
v 0.49038026 0.01116053 -0.03805354
v 0.49054492 0.01111160 -0.03801436
v 0.49002233 0.01089525 -0.03829301
v 0.49009189 0.01126534 -0.03813740
v 0.49013680 0.01124735 -0.03812299
v 0.49023312 0.01121088 -0.03809380
v 0.49031526 0.01118197 -0.03807069
v 0.48991099 0.01134433 -0.03820091
v 0.48979354 0.01098437 -0.03837369
v 0.48989818 0.01135033 -0.03820575
v 0.48949483 0.01156926 -0.03838506
v 0.48935968 0.01119564 -0.03856591
v 0.48946968 0.01158498 -0.03839814
v 0.48930690 0.01169315 -0.03848866
v 0.48915568 0.01131670 -0.03867663
v 0.48926675 0.01172163 -0.03851264
v 0.48896059 0.01144723 -0.03879644
v 0.48910061 0.01184777 -0.03861955
v 0.48877454 0.01158657 -0.03892485
v 0.48893037 0.01199212 -0.03874303
v 0.48903024 0.01190548 -0.03866878
v 0.48904693 0.01189155 -0.03865688
v 0.48883563 0.01207993 -0.03881866
v 0.48859772 0.01173411 -0.03906137
v 0.48877254 0.01214168 -0.03887204
v 0.48843032 0.01188920 -0.03920551
v 0.48863342 0.01228706 -0.03899978
v 0.48820481 0.01213038 -0.03942702
v 0.48827249 0.01205123 -0.03935678
v 0.48833099 0.01217680 -0.03930068
v 0.49467456 0.01126094 -0.03917127
v 0.49464670 0.01123559 -0.03915174
v 0.49446470 0.01161827 -0.03895365
v 0.49458578 0.01118494 -0.03910973
v 0.49449998 0.01112286 -0.03905179
v 0.49464029 0.01176698 -0.03909145
v 0.49475479 0.01134321 -0.03922884
v 0.49470770 0.01129313 -0.03919481
v 0.49488521 0.01152002 -0.03932767
v 0.49490553 0.01155526 -0.03934387
v 0.49494255 0.01162852 -0.03937415
v 0.49485603 0.01147405 -0.03930487
v 0.49479857 0.01139528 -0.03926119
v 0.49417338 0.01190591 -0.03867257
v 0.49452257 0.01204780 -0.03896497
v 0.49449965 0.01852860 -0.03958978
v 0.49477795 0.01867380 -0.03972204
v 0.49490210 0.01854979 -0.03959788
v 0.49460694 0.01883079 -0.03989305
v 0.49509570 0.01171401 -0.03930548
v 0.49505100 0.01168577 -0.03932766
v 0.49480155 0.01193130 -0.03909025
v 0.49502337 0.01166973 -0.03934047
v 0.49499646 0.01165508 -0.03935230
v 0.49531800 0.01190383 -0.03916509
v 0.49527851 0.01186305 -0.03919419
v 0.49495032 0.01210546 -0.03895241
v 0.49524659 0.01183262 -0.03921625
v 0.49522063 0.01180935 -0.03923333
v 0.49517217 0.01176928 -0.03926319
v 0.49443951 0.01836367 -0.03942430
v 0.49451724 0.01829752 -0.03935554
v 0.49439400 0.01824034 -0.03930071
v 0.49467930 0.01814002 -0.03920430
v 0.49428391 0.01793790 -0.03899970
v 0.49483442 0.01797298 -0.03906019
v 0.49442956 0.01779836 -0.03887112
v 0.49498203 0.01779651 -0.03892369
v 0.49457824 0.01764147 -0.03874266
v 0.49446985 0.01775749 -0.03883619
v 0.49487811 0.01726389 -0.03848736
v 0.49487132 0.01727355 -0.03849306
v 0.49525201 0.01741586 -0.03867549
v 0.49472252 0.01747145 -0.03861911
v 0.49512142 0.01761076 -0.03879529
v 0.49468061 0.01752282 -0.03865486
v 0.49466556 0.01754088 -0.03866774
v 0.49498752 0.01709914 -0.03839588
v 0.49537316 0.01721194 -0.03856476
v 0.49506530 0.01697011 -0.03833155
v 0.49548420 0.01699913 -0.03846361
v 0.49510276 0.01690382 -0.03830082
v 0.49567381 0.01654841 -0.03829179
v 0.49530572 0.01647922 -0.03813700
v 0.49558458 0.01677767 -0.03837250
v 0.49524879 0.01661194 -0.03818257
v 0.49522662 0.01666033 -0.03820039
v 0.49520987 0.01669579 -0.03821388
v 0.49512637 0.01686049 -0.03828155
v 0.49612284 0.01637110 -0.03837717
v 0.49538931 0.01625519 -0.03807030
v 0.49610481 0.01643678 -0.03839520
v 0.49536029 0.01633767 -0.03809343
v 0.49535504 0.01635204 -0.03809763
v 0.49549788 0.01587431 -0.03798337
v 0.49546516 0.01600510 -0.03800967
v 0.49618736 0.01610334 -0.03831265
v 0.49545982 0.01602486 -0.03801395
v 0.49543035 0.01612719 -0.03803753
v 0.49551663 0.01578944 -0.03796821
v 0.49623376 0.01586065 -0.03826624
v 0.49554077 0.01566426 -0.03794856
v 0.49624860 0.01576758 -0.03825141
v 0.49554881 0.01561687 -0.03794194
v 0.49555919 0.01555017 -0.03793339
v 0.49627119 0.01560016 -0.03822879
v 0.49558297 0.01535477 -0.03791348
v 0.49628791 0.01544061 -0.03821208
v 0.49558634 0.01531817 -0.03791060
v 0.49629623 0.01533748 -0.03820379
v 0.49559584 0.01518334 -0.03790231
v 0.49630746 0.01511304 -0.03819255
v 0.49560040 0.01506504 -0.03789807
v 0.49630716 0.01479423 -0.03819284
v 0.49559882 0.01482158 -0.03789849
v 0.49560145 0.01493945 -0.03789673
v 0.49560156 0.01496953 -0.03789675
v 0.49559227 0.01469718 -0.03790361
v 0.49629340 0.01454603 -0.03820659
v 0.49558631 0.01462078 -0.03790843
v 0.49625197 0.01418355 -0.03824804
v 0.49554077 0.01427477 -0.03794601
v 0.49626601 0.01428426 -0.03823399
v 0.49555144 0.01433842 -0.03793717
v 0.49628830 0.01448622 -0.03821169
v 0.49556825 0.01445443 -0.03792329
v 0.49558243 0.01457904 -0.03791159
v 0.49617338 0.01376910 -0.03832661
v 0.49546522 0.01393406 -0.03800816
v 0.49619651 0.01387429 -0.03830348
v 0.49550608 0.01410074 -0.03797461
v 0.49622586 0.01402500 -0.03827414
v 0.49551278 0.01413147 -0.03796909
v 0.49552870 0.01420962 -0.03795595
v 0.49610904 0.01351745 -0.03839097
v 0.49537358 0.01363845 -0.03808296
v 0.49537504 0.01364259 -0.03808177
v 0.49612075 0.01355975 -0.03837924
v 0.49544662 0.01386705 -0.03802338
v 0.49545196 0.01388579 -0.03801902
v 0.49536023 0.01360121 -0.03809382
v 0.49565583 0.01334433 -0.03830792
v 0.49528754 0.01341599 -0.03815289
v 0.49556348 0.01311651 -0.03839136
v 0.49522656 0.01327860 -0.03820243
v 0.49528164 0.01340204 -0.03815769
v 0.49506542 0.01296913 -0.03833388
v 0.49507952 0.01299373 -0.03832233
v 0.49546027 0.01289618 -0.03848496
v 0.49509451 0.01302033 -0.03831007
v 0.49517110 0.01316446 -0.03824754
v 0.49495324 0.01278635 -0.03842638
v 0.49534675 0.01268429 -0.03858830
v 0.49487773 0.01267460 -0.03848930
v 0.49522355 0.01248175 -0.03870096
v 0.49483016 0.01260813 -0.03852927
v 0.49454686 0.01226302 -0.03877110
v 0.49462256 0.01234777 -0.03870596
v 0.49509120 0.01228887 -0.03882249
v 0.49466535 0.01239794 -0.03866925
v 0.49469247 0.01243058 -0.03864608
v 0.49479648 0.01256277 -0.03855769
v 0.49605000 0.01661912 -0.03845000
v 0.49600163 0.01676309 -0.03849837
v 0.49587515 0.01708675 -0.03862485
v 0.49576595 0.01732276 -0.03873403
v 0.49573761 0.01737913 -0.03876239
v 0.49565074 0.01754156 -0.03884927
v 0.49557471 0.01767270 -0.03892529
v 0.49538335 0.01796692 -0.03911666
v 0.49525020 0.01814742 -0.03924980
v 0.49516019 0.01826025 -0.03933980
v 0.49584898 0.01279658 -0.03865100
v 0.49576297 0.01261354 -0.03873703
v 0.49560010 0.01231149 -0.03889988
v 0.49549767 0.01214442 -0.03900233
v 0.49544966 0.01207102 -0.03905033
v 0.49538589 0.01198319 -0.03910977
v 0.49603322 0.01327090 -0.03846677
v 0.49602360 0.01324235 -0.03847640
v 0.49590439 0.01292550 -0.03859563
v 0.49417269 0.01803369 -0.03900000
v 0.48853737 0.01239837 -0.03900000
v 0.48832494 0.01267521 -0.03900000
v 0.48750579 0.01210163 -0.04000000
v 0.48813745 0.01296952 -0.03900000
v 0.48727143 0.01246952 -0.04000000
v 0.48797631 0.01327904 -0.03900000
v 0.48707002 0.01285643 -0.04000000
v 0.48784277 0.01360144 -0.03900000
v 0.48690310 0.01325942 -0.04000000
v 0.48773783 0.01393424 -0.03900000
v 0.48677191 0.01367542 -0.04000000
v 0.48766232 0.01427492 -0.03900000
v 0.48667750 0.01410128 -0.04000000
v 0.48761678 0.01462089 -0.03900000
v 0.48662058 0.01453374 -0.04000000
v 0.48760155 0.01496952 -0.03900000
v 0.48660156 0.01496952 -0.04000000
v 0.48761678 0.01531814 -0.03900000
v 0.48662058 0.01540530 -0.04000000
v 0.48766232 0.01566411 -0.03900000
v 0.48667750 0.01583776 -0.04000000
v 0.48773783 0.01600479 -0.03900000
v 0.48677191 0.01626361 -0.04000000
v 0.48784277 0.01633760 -0.03900000
v 0.48690310 0.01667962 -0.04000000
v 0.48797631 0.01665999 -0.03900000
v 0.48707002 0.01708261 -0.04000000
v 0.48813745 0.01696952 -0.03900000
v 0.48727143 0.01746952 -0.04000000
v 0.48832494 0.01726382 -0.03900000
v 0.48750579 0.01783740 -0.04000000
v 0.48853737 0.01754067 -0.03900000
v 0.48777133 0.01818345 -0.04000000
v 0.48877314 0.01779794 -0.03900000
v 0.48806602 0.01850505 -0.04000000
v 0.48903039 0.01803369 -0.03900000
v 0.48838761 0.01879974 -0.04000000
v 0.48930725 0.01824613 -0.03900000
v 0.48873368 0.01906528 -0.04000000
v 0.48960155 0.01843362 -0.03900000
v 0.48910156 0.01929964 -0.04000000
v 0.48991108 0.01859475 -0.03900000
v 0.48948845 0.01950106 -0.04000000
v 0.49023348 0.01872829 -0.03900000
v 0.48989144 0.01966798 -0.04000000
v 0.49056628 0.01883322 -0.03900000
v 0.49030745 0.01979914 -0.04000000
v 0.49090695 0.01890875 -0.03900000
v 0.49073330 0.01989355 -0.04000000
v 0.49125293 0.01895430 -0.03900000
v 0.49116579 0.01995049 -0.04000000
v 0.49160156 0.01896952 -0.03900000
v 0.49160156 0.01996952 -0.04000000
v 0.49195018 0.01895430 -0.03900000
v 0.49203733 0.01995049 -0.04000000
v 0.49229613 0.01890875 -0.03900000
v 0.49246979 0.01989355 -0.04000000
v 0.49263683 0.01883322 -0.03900000
v 0.49289563 0.01979914 -0.04000000
v 0.49296963 0.01872829 -0.03900000
v 0.49331164 0.01966798 -0.04000000
v 0.49329203 0.01859475 -0.03900000
v 0.49371463 0.01950106 -0.04000000
v 0.49360156 0.01843362 -0.03900000
v 0.49410155 0.01929964 -0.04000000
v 0.49389586 0.01824613 -0.03900000
v 0.49450001 0.01904370 -0.04000000
v 0.49446943 0.01906528 -0.04000000
v 0.49950001 0.01207107 -0.03500000
v 0.49950001 0.08207107 -0.03500000
v 0.49450001 0.08207107 -0.04000000
v 0.42449999 0.02457107 -0.04000000
v 0.40497327 0.04619414 -0.04000000
v 0.40503079 0.04663093 -0.04000000
v 0.40505001 0.04707107 -0.04000000
v 0.38276586 0.04403222 -0.04000000
v 0.40252501 0.04269764 -0.04000000
v 0.40289655 0.04293435 -0.04000000
v 0.40324607 0.04320254 -0.04000000
v 0.40357089 0.04350018 -0.04000000
v 0.40386853 0.04382499 -0.04000000
v 0.40413672 0.04417451 -0.04000000
v 0.40437344 0.04454607 -0.04000000
v 0.40457684 0.04493685 -0.04000000
v 0.40044013 0.04204028 -0.04000000
v 0.40087691 0.04209779 -0.04000000
v 0.40130705 0.04219314 -0.04000000
v 0.42242894 0.06603553 -0.04000000
v 0.42284569 0.06635713 -0.04000000
v 0.40386853 0.05031715 -0.04000000
v 0.40172720 0.04232562 -0.04000000
v 0.40213421 0.04249422 -0.04000000
v 0.39512208 0.04576403 -0.04000000
v 0.39525455 0.04534386 -0.04000000
v 0.39542314 0.04493685 -0.04000000
v 0.39562657 0.04454607 -0.04000000
v 0.39586329 0.04417451 -0.04000000
v 0.42449999 0.08207107 -0.04000000
v 0.42449999 0.06957106 -0.04000000
v 0.42449328 0.06935297 -0.04000000
v 0.40487793 0.04576403 -0.04000000
v 0.40474546 0.04534386 -0.04000000
v 0.40000001 0.04202107 -0.04000000
v 0.42439258 0.06870282 -0.04000000
v 0.42443952 0.06891844 -0.04000000
v 0.42447311 0.06913529 -0.04000000
v 0.42197412 0.06574085 -0.04000000
v 0.39613149 0.04382499 -0.04000000
v 0.39642912 0.04350018 -0.04000000
v 0.39675391 0.04320254 -0.04000000
v 0.40357089 0.05064196 -0.04000000
v 0.40324607 0.05093959 -0.04000000
v 0.41742894 0.06457107 -0.04000000
v 0.40289655 0.05120778 -0.04000000
v 0.40130705 0.05194899 -0.04000000
v 0.40087691 0.05204435 -0.04000000
v 0.40000001 0.06457107 -0.04000000
v 0.42197412 0.02840129 -0.04000000
v 0.39710343 0.04293435 -0.04000000
v 0.39747500 0.04269764 -0.04000000
v 0.39786577 0.04249422 -0.04000000
v 0.42242894 0.02810660 -0.04000000
v 0.42284569 0.02778501 -0.04000000
v 0.42449328 0.02478917 -0.04000000
v 0.42447311 0.02500685 -0.04000000
v 0.40474546 0.04879827 -0.04000000
v 0.40487793 0.04837810 -0.04000000
v 0.40497327 0.04794799 -0.04000000
v 0.40503079 0.04751121 -0.04000000
v 0.42417273 0.06806754 -0.04000000
v 0.42425907 0.06827697 -0.04000000
v 0.42433238 0.06848887 -0.04000000
v 0.42041731 0.06503953 -0.04000000
v 0.42096448 0.06524094 -0.04000000
v 0.42148474 0.06547531 -0.04000000
v 0.39869297 0.04219314 -0.04000000
v 0.39827278 0.04232562 -0.04000000
v 0.40252501 0.05144450 -0.04000000
v 0.40213421 0.05164792 -0.04000000
v 0.40172720 0.05181652 -0.04000000
v 0.39912307 0.04209779 -0.04000000
v 0.39955986 0.04204028 -0.04000000
v 0.40044013 0.05210185 -0.04000000
v 0.40000001 0.05212107 -0.04000000
v 0.39847478 0.06450447 -0.04000000
v 0.39955986 0.05210185 -0.04000000
v 0.39696115 0.06430520 -0.04000000
v 0.39912307 0.05204435 -0.04000000
v 0.39547068 0.06397477 -0.04000000
v 0.39869297 0.05194899 -0.04000000
v 0.39401466 0.06351569 -0.04000000
v 0.39827278 0.05181652 -0.04000000
v 0.39260417 0.06293146 -0.04000000
v 0.39786577 0.05164792 -0.04000000
v 0.39124998 0.06222651 -0.04000000
v 0.39747500 0.05144450 -0.04000000
v 0.38996240 0.06140623 -0.04000000
v 0.39710343 0.05120778 -0.04000000
v 0.38875121 0.06047684 -0.04000000
v 0.39675391 0.05093959 -0.04000000
v 0.38762563 0.05944544 -0.04000000
v 0.39642912 0.05064196 -0.04000000
v 0.38659424 0.05831985 -0.04000000
v 0.39613149 0.05031715 -0.04000000
v 0.38566485 0.05710866 -0.04000000
v 0.39586329 0.04996763 -0.04000000
v 0.38484454 0.05582107 -0.04000000
v 0.39562657 0.04959607 -0.04000000
v 0.38413963 0.05446689 -0.04000000
v 0.39542314 0.04920529 -0.04000000
v 0.38355538 0.05305642 -0.04000000
v 0.39525455 0.04879827 -0.04000000
v 0.38309631 0.05160040 -0.04000000
v 0.39512208 0.04837810 -0.04000000
v 0.38276586 0.05010991 -0.04000000
v 0.39502671 0.04794799 -0.04000000
v 0.38256660 0.04859629 -0.04000000
v 0.39496922 0.04751121 -0.04000000
v 0.38249999 0.04707107 -0.04000000
v 0.39495000 0.04707107 -0.04000000
v 0.38256660 0.04554584 -0.04000000
v 0.39496922 0.04663093 -0.04000000
v 0.39502671 0.04619414 -0.04000000
v 0.42443952 0.02522370 -0.04000000
v 0.42439258 0.02543931 -0.04000000
v 0.42433238 0.02565327 -0.04000000
v 0.42383748 0.06745797 -0.04000000
v 0.42396176 0.06765765 -0.04000000
v 0.42407358 0.06786097 -0.04000000
v 0.41865680 0.06464703 -0.04000000
v 0.41925907 0.06474144 -0.04000000
v 0.41984737 0.06487260 -0.04000000
v 0.42148474 0.02866683 -0.04000000
v 0.42096448 0.02890120 -0.04000000
v 0.42041731 0.02910261 -0.04000000
v 0.41984737 0.02926953 -0.04000000
v 0.38355538 0.04108572 -0.04000000
v 0.38309631 0.04254173 -0.04000000
v 0.42425907 0.02586516 -0.04000000
v 0.42417273 0.02607460 -0.04000000
v 0.42407358 0.02628117 -0.04000000
v 0.42339262 0.06688457 -0.04000000
v 0.42355266 0.06707107 -0.04000000
v 0.42370105 0.06726232 -0.04000000
v 0.41804522 0.06459010 -0.04000000
v 0.38659424 0.03582229 -0.04000000
v 0.38566485 0.03703348 -0.04000000
v 0.41925907 0.02940070 -0.04000000
v 0.38484454 0.03832107 -0.04000000
v 0.38413963 0.03967525 -0.04000000
v 0.38762563 0.03469670 -0.04000000
v 0.41865680 0.02949511 -0.04000000
v 0.38875121 0.03366529 -0.04000000
v 0.39847478 0.02963766 -0.04000000
v 0.39696115 0.02983693 -0.04000000
v 0.40000001 0.02957107 -0.04000000
v 0.41742894 0.02957107 -0.04000000
v 0.42396176 0.02648449 -0.04000000
v 0.42383748 0.02668416 -0.04000000
v 0.42370105 0.02687981 -0.04000000
v 0.42303878 0.06652726 -0.04000000
v 0.42322120 0.06670319 -0.04000000
v 0.38996240 0.03273591 -0.04000000
v 0.41804522 0.02955204 -0.04000000
v 0.39124998 0.03191562 -0.04000000
v 0.39547068 0.03016737 -0.04000000
v 0.39401466 0.03062645 -0.04000000
v 0.39260417 0.03121068 -0.04000000
v 0.42355266 0.02707107 -0.04000000
v 0.42339262 0.02725757 -0.04000000
v 0.42322120 0.02743895 -0.04000000
v 0.42303878 0.02761488 -0.04000000
v 0.40457684 0.04920529 -0.04000000
v 0.40437344 0.04959607 -0.04000000
v 0.40413672 0.04996763 -0.04000000
v 0.49263683 0.01110581 -0.01050000
v 0.49125293 0.01098474 -0.01050000
v 0.48991108 0.01134429 -0.01050000
v 0.48960155 0.01150541 -0.01050000
v 0.48930725 0.01169291 -0.01050000
v 0.48877314 0.01214109 -0.01050000
v 0.49560156 0.01496952 -0.01050000
v 0.49522677 0.01327904 -0.01050000
v 0.49442998 0.01214109 -0.01050000
v 0.49417269 0.01190534 -0.01050000
v 0.49487817 0.01267521 -0.01050000
v 0.49466574 0.01239837 -0.01050000
v 0.49506566 0.01296952 -0.01050000
v 0.49536031 0.01360144 -0.01050000
v 0.49546525 0.01393424 -0.01050000
v 0.49554077 0.01427492 -0.01050000
v 0.49558634 0.01462089 -0.01050000
v 0.49558634 0.01531814 -0.01050000
v 0.49546525 0.01600479 -0.01050000
v 0.49554077 0.01566411 -0.01050000
v 0.49536031 0.01633760 -0.01050000
v 0.49522677 0.01665999 -0.01050000
v 0.49487817 0.01726382 -0.01050000
v 0.49506566 0.01696952 -0.01050000
v 0.49466574 0.01754067 -0.01050000
v 0.49442998 0.01779794 -0.01050000
v 0.49417269 0.01803369 -0.01050000
v 0.48853737 0.01239837 -0.01050000
v 0.48903039 0.01190534 -0.01050000
v 0.49023348 0.01121075 -0.01050000
v 0.49056628 0.01110581 -0.01050000
v 0.49090695 0.01103029 -0.01050000
v 0.49160156 0.01096952 -0.01050000
v 0.49195018 0.01098474 -0.01050000
v 0.49229613 0.01103029 -0.01050000
v 0.49329203 0.01134429 -0.01050000
v 0.49296963 0.01121075 -0.01050000
v 0.49360156 0.01150541 -0.01050000
v 0.49389586 0.01169291 -0.01050000
v 0.48832494 0.01267521 -0.01050000
v 0.48813745 0.01296952 -0.01050000
v 0.48797631 0.01327904 -0.01050000
v 0.48784277 0.01360144 -0.01050000
v 0.48773783 0.01393424 -0.01050000
v 0.48766232 0.01427492 -0.01050000
v 0.48761678 0.01462089 -0.01050000
v 0.48760155 0.01496952 -0.01050000
v 0.48761678 0.01531814 -0.01050000
v 0.48766232 0.01566411 -0.01050000
v 0.48773783 0.01600479 -0.01050000
v 0.48784277 0.01633760 -0.01050000
v 0.48797631 0.01665999 -0.01050000
v 0.48813745 0.01696952 -0.01050000
v 0.48832494 0.01726382 -0.01050000
v 0.48853737 0.01754067 -0.01050000
v 0.48877314 0.01779794 -0.01050000
v 0.48903039 0.01803369 -0.01050000
v 0.48930725 0.01824613 -0.01050000
v 0.48960155 0.01843362 -0.01050000
v 0.48991108 0.01859475 -0.01050000
v 0.49023348 0.01872829 -0.01050000
v 0.49056628 0.01883322 -0.01050000
v 0.49090695 0.01890875 -0.01050000
v 0.49125293 0.01895430 -0.01050000
v 0.49160156 0.01896952 -0.01050000
v 0.49195018 0.01895430 -0.01050000
v 0.49229613 0.01890875 -0.01050000
v 0.49263683 0.01883322 -0.01050000
v 0.49296963 0.01872829 -0.01050000
v 0.49329203 0.01859475 -0.01050000
v 0.49360156 0.01843362 -0.01050000
v 0.49389586 0.01824613 -0.01050000
v 0.49231979 0.01299616 -0.01050000
v 0.49214506 0.01294107 -0.01050000
v 0.49196622 0.01290142 -0.01050000
v 0.49178457 0.01287751 -0.01050000
v 0.49160156 0.01286952 -0.01050000
v 0.49141851 0.01287751 -0.01050000
v 0.49123690 0.01290142 -0.01050000
v 0.49105802 0.01294107 -0.01050000
v 0.49088332 0.01299616 -0.01050000
v 0.49071404 0.01306627 -0.01050000
v 0.49055156 0.01315086 -0.01050000
v 0.49039704 0.01324930 -0.01050000
v 0.49025169 0.01336082 -0.01050000
v 0.49011663 0.01348459 -0.01050000
v 0.48999286 0.01361966 -0.01050000
v 0.48988134 0.01376501 -0.01050000
v 0.48978290 0.01391952 -0.01050000
v 0.48969829 0.01408202 -0.01050000
v 0.48962820 0.01425127 -0.01050000
v 0.48957312 0.01442600 -0.01050000
v 0.48953345 0.01460486 -0.01050000
v 0.48950955 0.01478649 -0.01050000
v 0.48950157 0.01496952 -0.01050000
v 0.48950955 0.01515254 -0.01050000
v 0.48953345 0.01533418 -0.01050000
v 0.48957312 0.01551304 -0.01050000
v 0.48962820 0.01568776 -0.01050000
v 0.48969829 0.01585701 -0.01050000
v 0.48978290 0.01601952 -0.01050000
v 0.48988134 0.01617403 -0.01050000
v 0.48999286 0.01631937 -0.01050000
v 0.49011663 0.01645444 -0.01050000
v 0.49025169 0.01657821 -0.01050000
v 0.49039704 0.01668974 -0.01050000
v 0.49055156 0.01678817 -0.01050000
v 0.49071404 0.01687276 -0.01050000
v 0.49088332 0.01694287 -0.01050000
v 0.49105802 0.01699796 -0.01050000
v 0.49123690 0.01703761 -0.01050000
v 0.49141851 0.01706153 -0.01050000
v 0.49160156 0.01706952 -0.01050000
v 0.49178457 0.01706153 -0.01050000
v 0.49196622 0.01703761 -0.01050000
v 0.49214506 0.01699796 -0.01050000
v 0.49231979 0.01694287 -0.01050000
v 0.49248904 0.01687276 -0.01050000
v 0.49265155 0.01678817 -0.01050000
v 0.49280605 0.01668974 -0.01050000
v 0.49295139 0.01657821 -0.01050000
v 0.49308649 0.01645444 -0.01050000
v 0.49321026 0.01631937 -0.01050000
v 0.49332178 0.01617403 -0.01050000
v 0.49342021 0.01601952 -0.01050000
v 0.49350479 0.01585701 -0.01050000
v 0.49357492 0.01568776 -0.01050000
v 0.49362999 0.01551304 -0.01050000
v 0.49366966 0.01533418 -0.01050000
v 0.49369356 0.01515254 -0.01050000
v 0.49370155 0.01496952 -0.01050000
v 0.49369356 0.01478649 -0.01050000
v 0.49366966 0.01460486 -0.01050000
v 0.49362999 0.01442600 -0.01050000
v 0.49357492 0.01425127 -0.01050000
v 0.49350479 0.01408202 -0.01050000
v 0.49342021 0.01391952 -0.01050000
v 0.49332178 0.01376501 -0.01050000
v 0.49321026 0.01361966 -0.01050000
v 0.49308649 0.01348459 -0.01050000
v 0.49295139 0.01336082 -0.01050000
v 0.49280605 0.01324930 -0.01050000
v 0.49265155 0.01315086 -0.01050000
v 0.49248904 0.01306627 -0.01050000
v 0.44164255 0.01459442 -0.01970000
v 0.44181180 0.01452431 -0.01970000
v 0.44197431 0.01443972 -0.01970000
v 0.44212881 0.01434129 -0.01970000
v 0.44227415 0.01422976 -0.01970000
v 0.44240922 0.01410599 -0.01970000
v 0.44253299 0.01397092 -0.01970000
v 0.44264451 0.01382558 -0.01970000
v 0.44274294 0.01367107 -0.01970000
v 0.44282755 0.01350857 -0.01970000
v 0.44289765 0.01333931 -0.01970000
v 0.44295275 0.01316459 -0.01970000
v 0.44299239 0.01298573 -0.01970000
v 0.44301632 0.01280409 -0.01970000
v 0.44302431 0.01262107 -0.01970000
v 0.44301632 0.01243804 -0.01970000
v 0.44299239 0.01225641 -0.01970000
v 0.44295275 0.01207755 -0.01970000
v 0.44289765 0.01190283 -0.01970000
v 0.44282755 0.01173357 -0.01970000
v 0.44274294 0.01157107 -0.01970000
v 0.44264451 0.01141656 -0.01970000
v 0.44253299 0.01127121 -0.01970000
v 0.44240922 0.01113614 -0.01970000
v 0.44227415 0.01101237 -0.01970000
v 0.44212881 0.01090085 -0.01970000
v 0.44197431 0.01080241 -0.01970000
v 0.44181180 0.01071782 -0.01970000
v 0.44164255 0.01064771 -0.01970000
v 0.44146782 0.01059262 -0.01970000
v 0.44128895 0.01055297 -0.01970000
v 0.44110733 0.01052906 -0.01970000
v 0.44092429 0.01052107 -0.01970000
v 0.44074127 0.01052906 -0.01970000
v 0.44055963 0.01055297 -0.01970000
v 0.44038078 0.01059262 -0.01970000
v 0.44020605 0.01064771 -0.01970000
v 0.44003680 0.01071782 -0.01970000
v 0.43987429 0.01080241 -0.01970000
v 0.43971980 0.01090085 -0.01970000
v 0.43957445 0.01101237 -0.01970000
v 0.43943939 0.01113614 -0.01970000
v 0.43931562 0.01127121 -0.01970000
v 0.43920407 0.01141656 -0.01970000
v 0.43910563 0.01157107 -0.01970000
v 0.43902105 0.01173357 -0.01970000
v 0.43895096 0.01190283 -0.01970000
v 0.43889585 0.01207755 -0.01970000
v 0.43885621 0.01225641 -0.01970000
v 0.43883228 0.01243804 -0.01970000
v 0.43882430 0.01262107 -0.01970000
v 0.43883228 0.01280409 -0.01970000
v 0.43885621 0.01298573 -0.01970000
v 0.43889585 0.01316459 -0.01970000
v 0.43895096 0.01333931 -0.01970000
v 0.43902105 0.01350857 -0.01970000
v 0.43910563 0.01367107 -0.01970000
v 0.43920407 0.01382558 -0.01970000
v 0.43931562 0.01397092 -0.01970000
v 0.43943939 0.01410599 -0.01970000
v 0.43957445 0.01422976 -0.01970000
v 0.43971980 0.01434129 -0.01970000
v 0.43987429 0.01443972 -0.01970000
v 0.44003680 0.01452431 -0.01970000
v 0.44020605 0.01459442 -0.01970000
v 0.44038078 0.01464951 -0.01970000
v 0.44055963 0.01468916 -0.01970000
v 0.44074127 0.01471308 -0.01970000
v 0.44092429 0.01472107 -0.01970000
v 0.44110733 0.01471308 -0.01970000
v 0.44128895 0.01468916 -0.01970000
v 0.44146782 0.01464951 -0.01970000
v 0.49440154 0.07917262 0.00280000
v 0.49440154 0.07917262 -0.02720000
v 0.49439090 0.07892858 0.00280000
v 0.49439090 0.07892858 -0.02720000
v 0.49435902 0.07868640 0.00280000
v 0.49435902 0.07868640 -0.02720000
v 0.49430615 0.07844792 0.00280000
v 0.49430615 0.07844792 -0.02720000
v 0.49423268 0.07821497 0.00280000
v 0.49423268 0.07821497 -0.02720000
v 0.49413922 0.07798929 0.00280000
v 0.49413922 0.07798929 -0.02720000
v 0.49402642 0.07777262 0.00280000
v 0.49402642 0.07777262 -0.02720000
v 0.49389517 0.07756660 0.00280000
v 0.49389517 0.07756660 -0.02720000
v 0.49374649 0.07737281 0.00280000
v 0.49374649 0.07737281 -0.02720000
v 0.49358144 0.07719272 0.00280000
v 0.49358144 0.07719272 -0.02720000
v 0.49340135 0.07702769 0.00280000
v 0.49340135 0.07702769 -0.02720000
v 0.49320757 0.07687899 0.00280000
v 0.49320757 0.07687899 -0.02720000
v 0.49300155 0.07674775 0.00280000
v 0.49300155 0.07674775 -0.02720000
v 0.49278489 0.07663496 0.00280000
v 0.49278489 0.07663496 -0.02720000
v 0.49255919 0.07654148 0.00280000
v 0.49255919 0.07654148 -0.02720000
v 0.49232623 0.07646803 0.00280000
v 0.49232623 0.07646803 -0.02720000
v 0.49208775 0.07641516 0.00280000
v 0.49208775 0.07641516 -0.02720000
v 0.49184558 0.07638327 0.00280000
v 0.49184558 0.07638327 -0.02720000
v 0.49160156 0.07637262 0.00280000
v 0.49160156 0.07637262 -0.02720000
v 0.49135751 0.07638327 0.00280000
v 0.49135751 0.07638327 -0.02720000
v 0.49111533 0.07641516 0.00280000
v 0.49111533 0.07641516 -0.02720000
v 0.49087685 0.07646803 0.00280000
v 0.49087685 0.07646803 -0.02720000
v 0.49064389 0.07654148 0.00280000
v 0.49064389 0.07654148 -0.02720000
v 0.49041823 0.07663496 0.00280000
v 0.49041823 0.07663496 -0.02720000
v 0.49020156 0.07674775 0.00280000
v 0.49020156 0.07674775 -0.02720000
v 0.48999554 0.07687899 0.00280000
v 0.48999554 0.07687899 -0.02720000
v 0.48980173 0.07702769 0.00280000
v 0.48980173 0.07702769 -0.02720000
v 0.48962164 0.07719272 0.00280000
v 0.48962164 0.07719272 -0.02720000
v 0.48945662 0.07737281 0.00280000
v 0.48945662 0.07737281 -0.02720000
v 0.48930794 0.07756660 0.00280000
v 0.48930794 0.07756660 -0.02720000
v 0.48917669 0.07777262 0.00280000
v 0.48917669 0.07777262 -0.02720000
v 0.48906389 0.07798929 0.00280000
v 0.48906389 0.07798929 -0.02720000
v 0.48897040 0.07821497 0.00280000
v 0.48897040 0.07821497 -0.02720000
v 0.48889697 0.07844792 0.00280000
v 0.48889697 0.07844792 -0.02720000
v 0.48884410 0.07868640 0.00280000
v 0.48884410 0.07868640 -0.02720000
v 0.48881221 0.07892858 0.00280000
v 0.48881221 0.07892858 -0.02720000
v 0.48880154 0.07917262 0.00280000
v 0.48880154 0.07917262 -0.02720000
v 0.48881221 0.07941666 0.00280000
v 0.48881221 0.07941666 -0.02720000
v 0.48884410 0.07965884 0.00280000
v 0.48884410 0.07965884 -0.02720000
v 0.48889697 0.07989731 0.00280000
v 0.48889697 0.07989731 -0.02720000
v 0.48897040 0.08013027 0.00280000
v 0.48897040 0.08013027 -0.02720000
v 0.48906389 0.08035595 0.00280000
v 0.48906389 0.08035595 -0.02720000
v 0.48917669 0.08057262 0.00280000
v 0.48917669 0.08057262 -0.02720000
v 0.48930794 0.08077864 0.00280000
v 0.48930794 0.08077864 -0.02720000
v 0.48945662 0.08097243 0.00280000
v 0.48945662 0.08097243 -0.02720000
v 0.48962164 0.08115252 0.00280000
v 0.48962164 0.08115252 -0.02720000
v 0.48980173 0.08131754 0.00280000
v 0.48980173 0.08131754 -0.02720000
v 0.48999554 0.08146624 0.00280000
v 0.48999554 0.08146624 -0.02720000
v 0.49020156 0.08159749 0.00280000
v 0.49020156 0.08159749 -0.02720000
v 0.49041823 0.08171028 0.00280000
v 0.49041823 0.08171028 -0.02720000
v 0.49064389 0.08180376 0.00280000
v 0.49064389 0.08180376 -0.02720000
v 0.49087685 0.08187721 0.00280000
v 0.49087685 0.08187721 -0.02720000
v 0.49111533 0.08193008 0.00280000
v 0.49111533 0.08193008 -0.02720000
v 0.49135751 0.08196197 0.00280000
v 0.49135751 0.08196197 -0.02720000
v 0.49160156 0.08197262 0.00280000
v 0.49160156 0.08197262 -0.02720000
v 0.49184558 0.08196197 0.00280000
v 0.49184558 0.08196197 -0.02720000
v 0.49208775 0.08193008 0.00280000
v 0.49208775 0.08193008 -0.02720000
v 0.49232623 0.08187721 0.00280000
v 0.49232623 0.08187721 -0.02720000
v 0.49255919 0.08180376 0.00280000
v 0.49255919 0.08180376 -0.02720000
v 0.49278489 0.08171028 0.00280000
v 0.49278489 0.08171028 -0.02720000
v 0.49300155 0.08159749 0.00280000
v 0.49300155 0.08159749 -0.02720000
v 0.49320757 0.08146624 0.00280000
v 0.49320757 0.08146624 -0.02720000
v 0.49340135 0.08131754 0.00280000
v 0.49340135 0.08131754 -0.02720000
v 0.49358144 0.08115252 0.00280000
v 0.49358144 0.08115252 -0.02720000
v 0.49374649 0.08097243 0.00280000
v 0.49374649 0.08097243 -0.02720000
v 0.49389517 0.08077864 0.00280000
v 0.49389517 0.08077864 -0.02720000
v 0.49402642 0.08057262 0.00280000
v 0.49402642 0.08057262 -0.02720000
v 0.49413922 0.08035595 0.00280000
v 0.49413922 0.08035595 -0.02720000
v 0.49423268 0.08013027 0.00280000
v 0.49423268 0.08013027 -0.02720000
v 0.49430615 0.07989731 0.00280000
v 0.49430615 0.07989731 -0.02720000
v 0.49435902 0.07965884 0.00280000
v 0.49435902 0.07965884 -0.02720000
v 0.49439090 0.07941666 0.00280000
v 0.49439090 0.07941666 -0.02720000
v 0.49160156 0.07917262 -0.02720000
v 0.49370155 0.01496952 -0.00300000
v 0.49369356 0.01478649 -0.00300000
v 0.49366966 0.01460486 -0.00300000
v 0.49362999 0.01442600 -0.00300000
v 0.49357492 0.01425127 -0.00300000
v 0.49350479 0.01408202 -0.00300000
v 0.49342021 0.01391952 -0.00300000
v 0.49332178 0.01376501 -0.00300000
v 0.49321026 0.01361966 -0.00300000
v 0.49308649 0.01348459 -0.00300000
v 0.49295139 0.01336082 -0.00300000
v 0.49280605 0.01324930 -0.00300000
v 0.49265155 0.01315086 -0.00300000
v 0.49248904 0.01306627 -0.00300000
v 0.49231979 0.01299616 -0.00300000
v 0.49214506 0.01294107 -0.00300000
v 0.49196622 0.01290142 -0.00300000
v 0.49178457 0.01287751 -0.00300000
v 0.49160156 0.01286952 -0.00300000
v 0.49141851 0.01287751 -0.00300000
v 0.49123690 0.01290142 -0.00300000
v 0.49105802 0.01294107 -0.00300000
v 0.49088332 0.01299616 -0.00300000
v 0.49071404 0.01306627 -0.00300000
v 0.49055156 0.01315086 -0.00300000
v 0.49039704 0.01324930 -0.00300000
v 0.49025169 0.01336082 -0.00300000
v 0.49011663 0.01348459 -0.00300000
v 0.48999286 0.01361966 -0.00300000
v 0.48988134 0.01376501 -0.00300000
v 0.48978290 0.01391952 -0.00300000
v 0.48969829 0.01408202 -0.00300000
v 0.48962820 0.01425127 -0.00300000
v 0.48957312 0.01442600 -0.00300000
v 0.48953345 0.01460486 -0.00300000
v 0.48950955 0.01478649 -0.00300000
v 0.48950157 0.01496952 -0.00300000
v 0.48950955 0.01515254 -0.00300000
v 0.48953345 0.01533418 -0.00300000
v 0.48957312 0.01551304 -0.00300000
v 0.48962820 0.01568776 -0.00300000
v 0.48969829 0.01585701 -0.00300000
v 0.48978290 0.01601952 -0.00300000
v 0.48988134 0.01617403 -0.00300000
v 0.48999286 0.01631937 -0.00300000
v 0.49011663 0.01645444 -0.00300000
v 0.49025169 0.01657821 -0.00300000
v 0.49039704 0.01668974 -0.00300000
v 0.49055156 0.01678817 -0.00300000
v 0.49071404 0.01687276 -0.00300000
v 0.49088332 0.01694287 -0.00300000
v 0.49105802 0.01699796 -0.00300000
v 0.49123690 0.01703761 -0.00300000
v 0.49141851 0.01706153 -0.00300000
v 0.49160156 0.01706952 -0.00300000
v 0.49178457 0.01706153 -0.00300000
v 0.49196622 0.01703761 -0.00300000
v 0.49214506 0.01699796 -0.00300000
v 0.49231979 0.01694287 -0.00300000
v 0.49248904 0.01687276 -0.00300000
v 0.49265155 0.01678817 -0.00300000
v 0.49280605 0.01668974 -0.00300000
v 0.49295139 0.01657821 -0.00300000
v 0.49308649 0.01645444 -0.00300000
v 0.49321026 0.01631937 -0.00300000
v 0.49332178 0.01617403 -0.00300000
v 0.49342021 0.01601952 -0.00300000
v 0.49350479 0.01585701 -0.00300000
v 0.49357492 0.01568776 -0.00300000
v 0.49362999 0.01551304 -0.00300000
v 0.49366966 0.01533418 -0.00300000
v 0.49369356 0.01515254 -0.00300000
v 0.44372430 0.08152107 0.00280000
v 0.44372430 0.08152107 -0.02720000
v 0.44371364 0.08127704 0.00280000
v 0.44371364 0.08127704 -0.02720000
v 0.44368175 0.08103485 0.00280000
v 0.44368175 0.08103485 -0.02720000
v 0.44362888 0.08079638 0.00280000
v 0.44362888 0.08079638 -0.02720000
v 0.44355544 0.08056341 0.00280000
v 0.44355544 0.08056341 -0.02720000
v 0.44346195 0.08033773 0.00280000
v 0.44346195 0.08033773 -0.02720000
v 0.44334918 0.08012107 0.00280000
v 0.44334918 0.08012107 -0.02720000
v 0.44321793 0.07991505 0.00280000
v 0.44321793 0.07991505 -0.02720000
v 0.44306922 0.07972126 0.00280000
v 0.44306922 0.07972126 -0.02720000
v 0.44290420 0.07954117 0.00280000
v 0.44290420 0.07954117 -0.02720000
v 0.44272411 0.07937615 0.00280000
v 0.44272411 0.07937615 -0.02720000
v 0.44253030 0.07922744 0.00280000
v 0.44253030 0.07922744 -0.02720000
v 0.44232431 0.07909620 0.00280000
v 0.44232431 0.07909620 -0.02720000
v 0.44210762 0.07898340 0.00280000
v 0.44210762 0.07898340 -0.02720000
v 0.44188195 0.07888993 0.00280000
v 0.44188195 0.07888993 -0.02720000
v 0.44164899 0.07881647 0.00280000
v 0.44164899 0.07881647 -0.02720000
v 0.44141051 0.07876360 0.00280000
v 0.44141051 0.07876360 -0.02720000
v 0.44116834 0.07873172 0.00280000
v 0.44116834 0.07873172 -0.02720000
v 0.44092429 0.07872107 0.00280000
v 0.44092429 0.07872107 -0.02720000
v 0.44068027 0.07873172 0.00280000
v 0.44068027 0.07873172 -0.02720000
v 0.44043809 0.07876360 0.00280000
v 0.44043809 0.07876360 -0.02720000
v 0.44019961 0.07881647 0.00280000
v 0.44019961 0.07881647 -0.02720000
v 0.43996665 0.07888993 0.00280000
v 0.43996665 0.07888993 -0.02720000
v 0.43974096 0.07898340 0.00280000
v 0.43974096 0.07898340 -0.02720000
v 0.43952429 0.07909620 0.00280000
v 0.43952429 0.07909620 -0.02720000
v 0.43931827 0.07922744 0.00280000
v 0.43931827 0.07922744 -0.02720000
v 0.43912449 0.07937615 0.00280000
v 0.43912449 0.07937615 -0.02720000
v 0.43894440 0.07954117 0.00280000
v 0.43894440 0.07954117 -0.02720000
v 0.43877938 0.07972126 0.00280000
v 0.43877938 0.07972126 -0.02720000
v 0.43863067 0.07991505 0.00280000
v 0.43863067 0.07991505 -0.02720000
v 0.43849942 0.08012107 0.00280000
v 0.43849942 0.08012107 -0.02720000
v 0.43838665 0.08033773 0.00280000
v 0.43838665 0.08033773 -0.02720000
v 0.43829316 0.08056341 0.00280000
v 0.43829316 0.08056341 -0.02720000
v 0.43821970 0.08079638 0.00280000
v 0.43821970 0.08079638 -0.02720000
v 0.43816683 0.08103485 0.00280000
v 0.43816683 0.08103485 -0.02720000
v 0.43813494 0.08127704 0.00280000
v 0.43813494 0.08127704 -0.02720000
v 0.43812430 0.08152107 0.00280000
v 0.43812430 0.08152107 -0.02720000
v 0.43813494 0.08176510 0.00280000
v 0.43813494 0.08176510 -0.02720000
v 0.43816683 0.08200728 0.00280000
v 0.43816683 0.08200728 -0.02720000
v 0.43821970 0.08224576 0.00280000
v 0.43821970 0.08224576 -0.02720000
v 0.43829316 0.08247872 0.00280000
v 0.43829316 0.08247872 -0.02720000
v 0.43838665 0.08270440 0.00280000
v 0.43838665 0.08270440 -0.02720000
v 0.43849942 0.08292107 0.00280000
v 0.43849942 0.08292107 -0.02720000
v 0.43863067 0.08312708 0.00280000
v 0.43863067 0.08312708 -0.02720000
v 0.43877938 0.08332087 0.00280000
v 0.43877938 0.08332087 -0.02720000
v 0.43894440 0.08350097 0.00280000
v 0.43894440 0.08350097 -0.02720000
v 0.43912449 0.08366599 0.00280000
v 0.43912449 0.08366599 -0.02720000
v 0.43931827 0.08381470 0.00280000
v 0.43931827 0.08381470 -0.02720000
v 0.43952429 0.08394594 0.00280000
v 0.43952429 0.08394594 -0.02720000
v 0.43974096 0.08405873 0.00280000
v 0.43974096 0.08405873 -0.02720000
v 0.43996665 0.08415221 0.00280000
v 0.43996665 0.08415221 -0.02720000
v 0.44019961 0.08422566 0.00280000
v 0.44019961 0.08422566 -0.02720000
v 0.44043809 0.08427853 0.00280000
v 0.44043809 0.08427853 -0.02720000
v 0.44068027 0.08431041 0.00280000
v 0.44068027 0.08431041 -0.02720000
v 0.44092429 0.08432107 0.00280000
v 0.44092429 0.08432107 -0.02720000
v 0.44116834 0.08431041 0.00280000
v 0.44116834 0.08431041 -0.02720000
v 0.44141051 0.08427853 0.00280000
v 0.44141051 0.08427853 -0.02720000
v 0.44164899 0.08422566 0.00280000
v 0.44164899 0.08422566 -0.02720000
v 0.44188195 0.08415221 0.00280000
v 0.44188195 0.08415221 -0.02720000
v 0.44210762 0.08405873 0.00280000
v 0.44210762 0.08405873 -0.02720000
v 0.44232431 0.08394594 0.00280000
v 0.44232431 0.08394594 -0.02720000
v 0.44253030 0.08381470 0.00280000
v 0.44253030 0.08381470 -0.02720000
v 0.44272411 0.08366599 0.00280000
v 0.44272411 0.08366599 -0.02720000
v 0.44290420 0.08350097 0.00280000
v 0.44290420 0.08350097 -0.02720000
v 0.44306922 0.08332087 0.00280000
v 0.44306922 0.08332087 -0.02720000
v 0.44321793 0.08312708 0.00280000
v 0.44321793 0.08312708 -0.02720000
v 0.44334918 0.08292107 0.00280000
v 0.44334918 0.08292107 -0.02720000
v 0.44346195 0.08270440 0.00280000
v 0.44346195 0.08270440 -0.02720000
v 0.44355544 0.08247872 0.00280000
v 0.44355544 0.08247872 -0.02720000
v 0.44362888 0.08224576 0.00280000
v 0.44362888 0.08224576 -0.02720000
v 0.44368175 0.08200728 0.00280000
v 0.44368175 0.08200728 -0.02720000
v 0.44371364 0.08176510 0.00280000
v 0.44371364 0.08176510 -0.02720000
v 0.44092429 0.08152107 -0.02720000
v 0.44302431 0.01262107 -0.01220000
v 0.44301632 0.01243804 -0.01220000
v 0.44299239 0.01225641 -0.01220000
v 0.44295275 0.01207755 -0.01220000
v 0.44289765 0.01190283 -0.01220000
v 0.44282755 0.01173357 -0.01220000
v 0.44274294 0.01157107 -0.01220000
v 0.44264451 0.01141656 -0.01220000
v 0.44253299 0.01127121 -0.01220000
v 0.44240922 0.01113614 -0.01220000
v 0.44227415 0.01101237 -0.01220000
v 0.44212881 0.01090085 -0.01220000
v 0.44197431 0.01080241 -0.01220000
v 0.44181180 0.01071782 -0.01220000
v 0.44164255 0.01064771 -0.01220000
v 0.44146782 0.01059262 -0.01220000
v 0.44128895 0.01055297 -0.01220000
v 0.44110733 0.01052906 -0.01220000
v 0.44092429 0.01052107 -0.01220000
v 0.44074127 0.01052906 -0.01220000
v 0.44055963 0.01055297 -0.01220000
v 0.44038078 0.01059262 -0.01220000
v 0.44020605 0.01064771 -0.01220000
v 0.44003680 0.01071782 -0.01220000
v 0.43987429 0.01080241 -0.01220000
v 0.43971980 0.01090085 -0.01220000
v 0.43957445 0.01101237 -0.01220000
v 0.43943939 0.01113614 -0.01220000
v 0.43931562 0.01127121 -0.01220000
v 0.43920407 0.01141656 -0.01220000
v 0.43910563 0.01157107 -0.01220000
v 0.43902105 0.01173357 -0.01220000
v 0.43895096 0.01190283 -0.01220000
v 0.43889585 0.01207755 -0.01220000
v 0.43885621 0.01225641 -0.01220000
v 0.43883228 0.01243804 -0.01220000
v 0.43882430 0.01262107 -0.01220000
v 0.43883228 0.01280409 -0.01220000
v 0.43885621 0.01298573 -0.01220000
v 0.43889585 0.01316459 -0.01220000
v 0.43895096 0.01333931 -0.01220000
v 0.43902105 0.01350857 -0.01220000
v 0.43910563 0.01367107 -0.01220000
v 0.43920407 0.01382558 -0.01220000
v 0.43931562 0.01397092 -0.01220000
v 0.43943939 0.01410599 -0.01220000
v 0.43957445 0.01422976 -0.01220000
v 0.43971980 0.01434129 -0.01220000
v 0.43987429 0.01443972 -0.01220000
v 0.44003680 0.01452431 -0.01220000
v 0.44020605 0.01459442 -0.01220000
v 0.44038078 0.01464951 -0.01220000
v 0.44055963 0.01468916 -0.01220000
v 0.44074127 0.01471308 -0.01220000
v 0.44092429 0.01472107 -0.01220000
v 0.44110733 0.01471308 -0.01220000
v 0.44128895 0.01468916 -0.01220000
v 0.44146782 0.01464951 -0.01220000
v 0.44164255 0.01459442 -0.01220000
v 0.44181180 0.01452431 -0.01220000
v 0.44197431 0.01443972 -0.01220000
v 0.44212881 0.01434129 -0.01220000
v 0.44227415 0.01422976 -0.01220000
v 0.44240922 0.01410599 -0.01220000
v 0.44253299 0.01397092 -0.01220000
v 0.44264451 0.01382558 -0.01220000
v 0.44274294 0.01367107 -0.01220000
v 0.44282755 0.01350857 -0.01220000
v 0.44289765 0.01333931 -0.01220000
v 0.44295275 0.01316459 -0.01220000
v 0.44299239 0.01298573 -0.01220000
v 0.44301632 0.01280409 -0.01220000
v 0.41822121 0.02743895 -0.03500000
v 0.41803879 0.02761488 -0.03500000
v 0.41949999 0.02457107 -0.03500000
v 0.41949326 0.02478917 -0.03500000
v 0.41947308 0.02500685 -0.03500000
v 0.41943949 0.02522370 -0.03500000
v 0.41939259 0.02543931 -0.03500000
v 0.41933239 0.02565327 -0.03500000
v 0.41925907 0.02586516 -0.03500000
v 0.41917273 0.02607460 -0.03500000
v 0.41907355 0.02628117 -0.03500000
v 0.41896173 0.02648449 -0.03500000
v 0.41883749 0.02668416 -0.03500000
v 0.41870105 0.02687981 -0.03500000
v 0.41855267 0.02707107 -0.03500000
v 0.41839260 0.02725757 -0.03500000
v 0.41784570 0.02778501 -0.03500000
v 0.41742894 0.02810660 -0.03500000
v 0.41697413 0.02840129 -0.03500000
v 0.41648474 0.02866683 -0.03500000
v 0.41596445 0.02890120 -0.03500000
v 0.41541728 0.02910261 -0.03500000
v 0.41484737 0.02926953 -0.03500000
v 0.41425905 0.02940070 -0.03500000
v 0.41365680 0.02949511 -0.03500000
v 0.41304523 0.02955204 -0.03500000
v 0.41242895 0.02957107 -0.03500000
v 0.41949999 0.01817107 -0.03500000
v 0.41949999 0.01207107 -0.03500000
v 0.41242895 0.06457107 -0.03500000
v 0.41304523 0.06459010 -0.03500000
v 0.41365680 0.06464703 -0.03500000
v 0.41425905 0.06474144 -0.03500000
v 0.41484737 0.06487260 -0.03500000
v 0.41541728 0.06503953 -0.03500000
v 0.41596445 0.06524094 -0.03500000
v 0.41648474 0.06547531 -0.03500000
v 0.41697413 0.06574085 -0.03500000
v 0.41742894 0.06603553 -0.03500000
v 0.41784570 0.06635713 -0.03500000
v 0.41803879 0.06652726 -0.03500000
v 0.41822121 0.06670319 -0.03500000
v 0.41839260 0.06688457 -0.03500000
v 0.41855267 0.06707107 -0.03500000
v 0.41870105 0.06726232 -0.03500000
v 0.41883749 0.06745797 -0.03500000
v 0.41896173 0.06765765 -0.03500000
v 0.41907355 0.06786097 -0.03500000
v 0.41917273 0.06806754 -0.03500000
v 0.41925907 0.06827697 -0.03500000
v 0.41933239 0.06848887 -0.03500000
v 0.41939259 0.06870282 -0.03500000
v 0.41943949 0.06891844 -0.03500000
v 0.41947308 0.06913529 -0.03500000
v 0.41949326 0.06935297 -0.03500000
v 0.41949999 0.06957106 -0.03500000
v 0.38709468 0.06674417 -0.03500000
v 0.38657776 0.06713639 -0.03500000
v 0.39260417 0.06293146 -0.03500000
v 0.38967758 0.06235874 -0.03500000
v 0.38953003 0.06299062 -0.03500000
v 0.39124998 0.06222651 -0.03500000
v 0.38976994 0.06171647 -0.03500000
v 0.38996240 0.06140623 -0.03500000
v 0.38980022 0.06129128 -0.03500000
v 0.38932845 0.06360739 -0.03500000
v 0.38907430 0.06420442 -0.03500000
v 0.38876951 0.06477725 -0.03500000
v 0.41949999 0.07597107 -0.03500000
v 0.39847478 0.06450447 -0.03500000
v 0.39696115 0.06430520 -0.03500000
v 0.35095558 0.06847107 -0.03500000
v 0.35095558 0.07597107 -0.03500000
v 0.38230705 0.06847107 -0.03500000
v 0.38295534 0.06844300 -0.03500000
v 0.39401466 0.06351569 -0.03500000
v 0.38841632 0.06532159 -0.03500000
v 0.38801742 0.06583337 -0.03500000
v 0.38757578 0.06630874 -0.03500000
v 0.38602886 0.06748246 -0.03500000
v 0.38545212 0.06777979 -0.03500000
v 0.39547068 0.06397477 -0.03500000
v 0.38485184 0.06802615 -0.03500000
v 0.38423249 0.06821970 -0.03500000
v 0.38359874 0.06835900 -0.03500000
v 0.40000001 0.06457107 -0.03500000
v 0.40000001 0.02957107 -0.03500000
v 0.41949999 0.08207107 -0.03500000
v 0.38841629 0.02882052 -0.03500000
v 0.38876948 0.02936486 -0.03500000
v 0.39124998 0.03191562 -0.03500000
v 0.38801739 0.02830875 -0.03500000
v 0.39260417 0.03121068 -0.03500000
v 0.38757575 0.02783337 -0.03500000
v 0.39401466 0.03062645 -0.03500000
v 0.39547068 0.03016737 -0.03500000
v 0.38545212 0.02636235 -0.03500000
v 0.38485181 0.02611598 -0.03500000
v 0.38907430 0.02993768 -0.03500000
v 0.38932842 0.03053471 -0.03500000
v 0.38953003 0.03115148 -0.03500000
v 0.38602886 0.02665967 -0.03500000
v 0.38657773 0.02700574 -0.03500000
v 0.38709465 0.02739795 -0.03500000
v 0.38295534 0.02569914 -0.03500000
v 0.38359874 0.02578313 -0.03500000
v 0.38423249 0.02592243 -0.03500000
v 0.38967755 0.03178335 -0.03500000
v 0.38976991 0.03242562 -0.03500000
v 0.38996240 0.03273591 -0.03500000
v 0.38980022 0.03285085 -0.03500000
v 0.38230705 0.02567107 -0.03500000
v 0.35095558 0.01817107 -0.03500000
v 0.35095558 0.02567107 -0.03500000
v 0.39696115 0.02983693 -0.03500000
v 0.39847478 0.02963766 -0.03500000
v 0.38659424 0.05831985 -0.03254070
v 0.38646826 0.05816801 -0.03251724
v 0.38645396 0.05817764 -0.03250000
v 0.38635305 0.05802602 -0.03250434
v 0.38623878 0.05788214 -0.03250000
v 0.38648966 0.05823138 -0.03250000
v 0.38667989 0.05854654 -0.03250000
v 0.38675275 0.05850613 -0.03258332
v 0.38670960 0.05860089 -0.03250000
v 0.38690582 0.05868110 -0.03263738
v 0.38687310 0.05893358 -0.03250000
v 0.38705838 0.05885090 -0.03270289
v 0.38689697 0.05898793 -0.03250000
v 0.38722679 0.05903332 -0.03278760
v 0.38703212 0.05933587 -0.03250000
v 0.38739491 0.05921033 -0.03288390
v 0.38705039 0.05938963 -0.03250000
v 0.38762563 0.05944544 -0.03303305
v 0.38715577 0.05975041 -0.03250000
v 0.38777623 0.05959421 -0.03313980
v 0.38716871 0.05980304 -0.03250000
v 0.38822356 0.06001578 -0.03349312
v 0.38724312 0.06017408 -0.03250000
v 0.38725111 0.06022507 -0.03250000
v 0.38875121 0.06047684 -0.03396308
v 0.38729355 0.06060372 -0.03250000
v 0.38729692 0.06065263 -0.03250000
v 0.38949126 0.06106452 -0.03468482
v 0.38730663 0.06103610 -0.03250000
v 0.38730583 0.06108255 -0.03250000
v 0.38728231 0.06146800 -0.03250000
v 0.38727775 0.06151164 -0.03250000
v 0.38722074 0.06189618 -0.03250000
v 0.38721293 0.06193673 -0.03250000
v 0.38712239 0.06231743 -0.03250000
v 0.38711181 0.06235468 -0.03250000
v 0.38698798 0.06272861 -0.03250000
v 0.38697517 0.06276239 -0.03250000
v 0.38681856 0.06312663 -0.03250000
v 0.38680398 0.06315686 -0.03250000
v 0.38661534 0.06350852 -0.03250000
v 0.38659954 0.06353515 -0.03250000
v 0.38637990 0.06387141 -0.03250000
v 0.38636336 0.06389450 -0.03250000
v 0.38611397 0.06421260 -0.03250000
v 0.38609719 0.06423221 -0.03250000
v 0.38581952 0.06452952 -0.03250000
v 0.38580295 0.06454580 -0.03250000
v 0.38549879 0.06481981 -0.03250000
v 0.38548288 0.06483295 -0.03250000
v 0.38515419 0.06508128 -0.03250000
v 0.38513932 0.06509154 -0.03250000
v 0.38478827 0.06531199 -0.03250000
v 0.38477480 0.06531966 -0.03250000
v 0.38440377 0.06551021 -0.03250000
v 0.38439205 0.06551561 -0.03250000
v 0.38400358 0.06567445 -0.03250000
v 0.38399386 0.06567795 -0.03250000
v 0.38359070 0.06580349 -0.03250000
v 0.38230705 0.06597107 -0.03250000
v 0.38273925 0.06595235 -0.03250000
v 0.38316819 0.06589635 -0.03250000
v 0.38358319 0.06580547 -0.03250000
v 0.32200000 0.02817107 -0.00760000
v 0.31950000 0.02567107 -0.00760000
v 0.32200000 0.02817107 -0.00300000
v 0.31950000 0.02567107 -0.00300000
v 0.32333955 0.02817107 -0.01047267
v 0.32173258 0.02567107 -0.01238778
v 0.32133058 0.02567107 -0.01201942
v 0.32309836 0.02817107 -0.01025165
v 0.32096222 0.02567107 -0.01161742
v 0.32287735 0.02817107 -0.01001045
v 0.32063031 0.02567107 -0.01118485
v 0.32267818 0.02817107 -0.00975091
v 0.32033736 0.02567107 -0.01072500
v 0.32250240 0.02817107 -0.00947500
v 0.32008559 0.02567107 -0.01024136
v 0.32235134 0.02817107 -0.00918482
v 0.31987691 0.02567107 -0.00973763
v 0.32222617 0.02817107 -0.00888258
v 0.31971297 0.02567107 -0.00921762
v 0.32212779 0.02817107 -0.00857057
v 0.31959495 0.02567107 -0.00868530
v 0.32205698 0.02817107 -0.00825118
v 0.31952378 0.02567107 -0.00814472
v 0.32201427 0.02817107 -0.00792683
v 0.34854513 0.02817107 -0.03162267
v 0.34693816 0.02567107 -0.03353778
v 0.35095558 0.02817107 -0.03250000
v 0.35041088 0.02567107 -0.03497622
v 0.35062876 0.02817107 -0.03248573
v 0.34987029 0.02567107 -0.03490505
v 0.35030439 0.02817107 -0.03244303
v 0.34933797 0.02567107 -0.03478704
v 0.34998500 0.02817107 -0.03237222
v 0.34881797 0.02567107 -0.03462308
v 0.34967300 0.02817107 -0.03227385
v 0.34831423 0.02567107 -0.03441443
v 0.34937078 0.02817107 -0.03214866
v 0.34783059 0.02567107 -0.03416266
v 0.34908059 0.02817107 -0.03199759
v 0.34737074 0.02567107 -0.03386970
v 0.34880468 0.02817107 -0.03182182
v 0.38230705 0.02817107 -0.03250000
v 0.38949135 0.03307757 -0.03468489
v 0.38730663 0.03310600 -0.03250000
v 0.38729355 0.03353839 -0.03250000
v 0.38822362 0.03412632 -0.03349316
v 0.38875166 0.03366493 -0.03396348
v 0.38877264 0.03364734 -0.03398310
v 0.38724315 0.03396802 -0.03250000
v 0.38715577 0.03439169 -0.03250000
v 0.38777626 0.03454789 -0.03313983
v 0.38703212 0.03480622 -0.03250000
v 0.38739493 0.03493178 -0.03288392
v 0.38762563 0.03469670 -0.03303305
v 0.38687313 0.03520852 -0.03250000
v 0.38667992 0.03559556 -0.03250000
v 0.38675278 0.03563597 -0.03258333
v 0.38690519 0.03546177 -0.03263712
v 0.38705841 0.03529120 -0.03270291
v 0.38722706 0.03510854 -0.03278774
v 0.38623881 0.03625996 -0.03250000
v 0.38635331 0.03611579 -0.03250436
v 0.38645399 0.03596446 -0.03250000
v 0.38646829 0.03597409 -0.03251725
v 0.38659424 0.03582229 -0.03254070
v 0.38273925 0.02818978 -0.03250000
v 0.38316819 0.02824578 -0.03250000
v 0.38359067 0.02833864 -0.03250000
v 0.38400358 0.02846768 -0.03250000
v 0.38440377 0.02863192 -0.03250000
v 0.38478824 0.02883014 -0.03250000
v 0.38515419 0.02906085 -0.03250000
v 0.38549879 0.02932232 -0.03250000
v 0.38581952 0.02961260 -0.03250000
v 0.38611394 0.02992952 -0.03250000
v 0.38637990 0.03027070 -0.03250000
v 0.38661534 0.03063359 -0.03250000
v 0.38681853 0.03101548 -0.03250000
v 0.38698798 0.03141350 -0.03250000
v 0.38712236 0.03182467 -0.03250000
v 0.38722074 0.03224593 -0.03250000
v 0.38728231 0.03267410 -0.03250000
v 0.35095558 0.06597107 -0.03250000
v 0.34854513 0.06597107 -0.03162267
v 0.34693816 0.06847107 -0.03353778
v 0.34737074 0.06847107 -0.03386970
v 0.34880468 0.06597107 -0.03182182
v 0.34783059 0.06847107 -0.03416266
v 0.34908059 0.06597107 -0.03199759
v 0.34831423 0.06847107 -0.03441443
v 0.34937078 0.06597107 -0.03214866
v 0.34881797 0.06847107 -0.03462308
v 0.34967300 0.06597107 -0.03227385
v 0.34933797 0.06847107 -0.03478704
v 0.34998500 0.06597107 -0.03237222
v 0.34987029 0.06847107 -0.03490505
v 0.35030439 0.06597107 -0.03244303
v 0.35041088 0.06847107 -0.03497622
v 0.35062876 0.06597107 -0.03248573
v 0.32333955 0.06597107 -0.01047267
v 0.32173258 0.06847107 -0.01238778
v 0.48077276 0.01618871 -0.02920000
v 0.48077276 0.01618871 -0.00300000
v 0.48296508 0.01781974 -0.02920000
v 0.48296508 0.01781974 -0.00300000
v 0.48503283 0.01960609 -0.02920000
v 0.48503283 0.01960609 -0.00300000
v 0.48696497 0.02153825 -0.02920000
v 0.48696497 0.02153825 -0.00300000
v 0.48875132 0.02360599 -0.02920000
v 0.48875132 0.02360599 -0.00300000
v 0.49038234 0.02579831 -0.02920000
v 0.49038234 0.02579831 -0.00300000
v 0.43345645 0.01817107 -0.00300000
v 0.43345645 0.01817107 -0.01220000
v 0.43352541 0.01817402 -0.01220000
v 0.43352541 0.01817402 -0.00300000
v 0.43359384 0.01818284 -0.01220000
v 0.43359384 0.01818284 -0.00300000
v 0.43366128 0.01819748 -0.01220000
v 0.43366128 0.01819748 -0.00300000
v 0.43372723 0.01821783 -0.01220000
v 0.43372723 0.01821783 -0.00300000
v 0.43379122 0.01824373 -0.01220000
v 0.43379122 0.01824373 -0.00300000
v 0.43385273 0.01827501 -0.01220000
v 0.43385273 0.01827501 -0.00300000
v 0.43391135 0.01831142 -0.01220000
v 0.43391135 0.01831142 -0.00300000
v 0.43396667 0.01835270 -0.01220000
v 0.43396667 0.01835270 -0.00300000
v 0.43401825 0.01839856 -0.01220000
v 0.43401825 0.01839856 -0.00300000
v 0.43406573 0.01844865 -0.01220000
v 0.43406573 0.01844865 -0.00300000
v 0.43410873 0.01850262 -0.01220000
v 0.43410873 0.01850262 -0.00300000
v 0.43414700 0.01856006 -0.01220000
v 0.43414700 0.01856006 -0.00300000
v 0.43418020 0.01862056 -0.01220000
v 0.43418020 0.01862056 -0.00300000
v 0.43420812 0.01868367 -0.01220000
v 0.43420812 0.01868367 -0.00300000
v 0.43423057 0.01874894 -0.01220000
v 0.43423057 0.01874894 -0.00300000
v 0.43424734 0.01881588 -0.01220000
v 0.43424734 0.01881588 -0.00300000
v 0.43425834 0.01888402 -0.01220000
v 0.43425834 0.01888402 -0.00300000
v 0.43426347 0.01895284 -0.01220000
v 0.43426347 0.01895284 -0.00300000
v 0.43426272 0.01902185 -0.01220000
v 0.43426272 0.01902185 -0.00300000
v 0.43425608 0.01909055 -0.01220000
v 0.43425608 0.01909055 -0.00300000
v 0.43424359 0.01915842 -0.01220000
v 0.43424359 0.01915842 -0.00300000
v 0.43422535 0.01922498 -0.01220000
v 0.43422535 0.01922498 -0.00300000
v 0.43420148 0.01928974 -0.01220000
v 0.43420148 0.01928974 -0.00300000
v 0.43417218 0.01935223 -0.01220000
v 0.43417218 0.01935223 -0.00300000
v 0.43413764 0.01941198 -0.01220000
v 0.43413764 0.01941198 -0.00300000
v 0.43409815 0.01946857 -0.01220000
v 0.43409815 0.01946857 -0.00300000
v 0.43405396 0.01952158 -0.01220000
v 0.43405396 0.01952158 -0.00300000
v 0.43400538 0.01957062 -0.01220000
v 0.43400538 0.01957062 -0.00300000
v 0.49950001 0.02296194 -0.00300000
v 0.49950001 0.02296194 -0.02920000
v 0.49948213 0.02338450 -0.02920000
v 0.49948213 0.02338450 -0.00300000
v 0.49942857 0.02380404 -0.02920000
v 0.49942857 0.02380404 -0.00300000
v 0.49933979 0.02421756 -0.02920000
v 0.49933979 0.02421756 -0.00300000
v 0.49921635 0.02462208 -0.02920000
v 0.49921635 0.02462208 -0.00300000
v 0.49905917 0.02501474 -0.02920000
v 0.49905917 0.02501474 -0.00300000
v 0.49886936 0.02539270 -0.02920000
v 0.49886936 0.02539270 -0.00300000
v 0.49864832 0.02575327 -0.02920000
v 0.49864832 0.02575327 -0.00300000
v 0.49839756 0.02609387 -0.02920000
v 0.49839756 0.02609387 -0.00300000
v 0.49811894 0.02641205 -0.02920000
v 0.49811894 0.02641205 -0.00300000
v 0.49781442 0.02670556 -0.02920000
v 0.49781442 0.02670556 -0.00300000
v 0.49748617 0.02697227 -0.02920000
v 0.49748617 0.02697227 -0.00300000
v 0.49713656 0.02721030 -0.02920000
v 0.49713656 0.02721030 -0.00300000
v 0.49676809 0.02741792 -0.02920000
v 0.49676809 0.02741792 -0.00300000
v 0.49638340 0.02759366 -0.02920000
v 0.49638340 0.02759366 -0.00300000
v 0.49598521 0.02773626 -0.02920000
v 0.49598521 0.02773626 -0.00300000
v 0.49557641 0.02784470 -0.02920000
v 0.49557641 0.02784470 -0.00300000
v 0.49515992 0.02791820 -0.02920000
v 0.49515992 0.02791820 -0.00300000
v 0.49473870 0.02795624 -0.02920000
v 0.49473870 0.02795624 -0.00300000
v 0.49431574 0.02795855 -0.02920000
v 0.49431574 0.02795855 -0.00300000
v 0.49389413 0.02792510 -0.02920000
v 0.49389413 0.02792510 -0.00300000
v 0.49347687 0.02785614 -0.02920000
v 0.49347687 0.02785614 -0.00300000
v 0.49306691 0.02775216 -0.02920000
v 0.49306691 0.02775216 -0.00300000
v 0.49266720 0.02761391 -0.02920000
v 0.49266720 0.02761391 -0.00300000
v 0.49228060 0.02744237 -0.02920000
v 0.49228060 0.02744237 -0.00300000
v 0.49190989 0.02723878 -0.02920000
v 0.49190989 0.02723878 -0.00300000
v 0.49155772 0.02700458 -0.02920000
v 0.49155772 0.02700458 -0.00300000
v 0.49122658 0.02674145 -0.02920000
v 0.49122658 0.02674145 -0.00300000
v 0.49091887 0.02645129 -0.02920000
v 0.49091887 0.02645129 -0.00300000
v 0.49063680 0.02613615 -0.02920000
v 0.49063680 0.02613615 -0.00300000
v 0.44217381 0.07667971 -0.02920000
v 0.44217381 0.07667971 0.00280000
v 0.43527544 0.07489930 -0.02920000
v 0.43527544 0.07489930 0.00280000
v 0.44592431 0.08152107 -0.02920000
v 0.44592431 0.08152107 0.00280000
v 0.44590732 0.08110959 0.00280000
v 0.44590732 0.08110959 -0.02920000
v 0.44585657 0.08070090 0.00280000
v 0.44585657 0.08070090 -0.02920000
v 0.44577235 0.08029778 0.00280000
v 0.44577235 0.08029778 -0.02920000
v 0.44565523 0.07990296 0.00280000
v 0.44565523 0.07990296 -0.02920000
v 0.44550601 0.07951912 0.00280000
v 0.44550601 0.07951912 -0.02920000
v 0.44532573 0.07914885 0.00280000
v 0.44532573 0.07914885 -0.02920000
v 0.44511557 0.07879468 0.00280000
v 0.44511557 0.07879468 -0.02920000
v 0.44487700 0.07845901 0.00280000
v 0.44487700 0.07845901 -0.02920000
v 0.44461158 0.07814410 0.00280000
v 0.44461158 0.07814410 -0.02920000
v 0.44432119 0.07785212 0.00280000
v 0.44432119 0.07785212 -0.02920000
v 0.44400772 0.07758501 0.00280000
v 0.44400772 0.07758501 -0.02920000
v 0.44367334 0.07734461 0.00280000
v 0.44367334 0.07734461 -0.02920000
v 0.44332030 0.07713255 0.00280000
v 0.44332030 0.07713255 -0.02920000
v 0.44295102 0.07695025 0.00280000
v 0.44295102 0.07695025 -0.02920000
v 0.44256800 0.07679896 0.00280000
v 0.44256800 0.07679896 -0.02920000
v 0.44592431 0.08207107 0.00280000
v 0.44592431 0.08207107 -0.02920000
v 0.44217381 0.01746242 -0.02920000
v 0.44217381 0.01746242 -0.01220000
v 0.44256800 0.01734317 -0.01220000
v 0.44256800 0.01734317 -0.02920000
v 0.44295102 0.01719189 -0.01220000
v 0.44295102 0.01719189 -0.02920000
v 0.44332030 0.01700959 -0.01220000
v 0.44332030 0.01700959 -0.02920000
v 0.44367334 0.01679753 -0.01220000
v 0.44367334 0.01679753 -0.02920000
v 0.44400772 0.01655713 -0.01220000
v 0.44400772 0.01655713 -0.02920000
v 0.44432119 0.01629002 -0.01220000
v 0.44432119 0.01629002 -0.02920000
v 0.44461158 0.01599803 -0.01220000
v 0.44461158 0.01599803 -0.02920000
v 0.44487700 0.01568313 -0.01220000
v 0.44487700 0.01568313 -0.02920000
v 0.44511557 0.01534745 -0.01220000
v 0.44511557 0.01534745 -0.02920000
v 0.44532573 0.01499328 -0.01220000
v 0.44532573 0.01499328 -0.02920000
v 0.44550601 0.01462302 -0.01220000
v 0.44550601 0.01462302 -0.02920000
v 0.44565523 0.01423917 -0.01220000
v 0.44565523 0.01423917 -0.02920000
v 0.44577235 0.01384435 -0.01220000
v 0.44577235 0.01384435 -0.02920000
v 0.44585657 0.01344123 -0.01220000
v 0.44585657 0.01344123 -0.02920000
v 0.44590732 0.01303254 -0.01220000
v 0.44590732 0.01303254 -0.02920000
v 0.44592431 0.01262107 -0.01220000
v 0.44592431 0.01262107 -0.02920000
v 0.44562277 0.01036097 -0.02920000
v 0.44545585 0.00995798 -0.02920000
v 0.48318657 0.00708896 -0.02920000
v 0.44502005 0.08493895 -0.02920000
v 0.44525442 0.08457107 -0.02920000
v 0.48318657 0.08705318 -0.02920000
v 0.44545585 0.08418416 -0.02920000
v 0.44562277 0.08378117 -0.02920000
v 0.49921635 0.06952005 -0.02920000
v 0.49905917 0.06912740 -0.02920000
v 0.48360914 0.08707107 -0.02920000
v 0.44092429 0.08707107 -0.02920000
v 0.44136009 0.08705204 -0.02920000
v 0.44179255 0.08699511 -0.02920000
v 0.44221839 0.08690070 -0.02920000
v 0.44263440 0.08676953 -0.02920000
v 0.44303739 0.08660261 -0.02920000
v 0.44342428 0.08640119 -0.02920000
v 0.44379219 0.08616683 -0.02920000
v 0.44413823 0.08590129 -0.02920000
v 0.44445983 0.08560660 -0.02920000
v 0.44475451 0.08528501 -0.02920000
v 0.49933979 0.06992458 -0.02920000
v 0.44525442 0.00957107 -0.02920000
v 0.44502005 0.00920319 -0.02920000
v 0.44475451 0.00885713 -0.02920000
v 0.49713656 0.06693184 -0.02920000
v 0.44342428 0.00774094 -0.02920000
v 0.44303739 0.00753953 -0.02920000
v 0.48360914 0.00707107 -0.02920000
v 0.44263440 0.00737260 -0.02920000
v 0.44221839 0.00724144 -0.02920000
v 0.44179255 0.00714703 -0.02920000
v 0.44136009 0.00709009 -0.02920000
v 0.44092429 0.00707107 -0.02920000
v 0.49950001 0.07118019 -0.02920000
v 0.49948213 0.07075763 -0.02920000
v 0.49942857 0.07033809 -0.02920000
v 0.49864832 0.06838886 -0.02920000
v 0.44445983 0.00853553 -0.02920000
v 0.44413823 0.00824085 -0.02920000
v 0.44379219 0.00797531 -0.02920000
v 0.49811894 0.06773008 -0.02920000
v 0.49886936 0.06874944 -0.02920000
v 0.42628083 0.02967176 -0.02920000
v 0.42788166 0.02690845 -0.02920000
v 0.49748617 0.06716986 -0.02920000
v 0.49839756 0.06804827 -0.02920000
v 0.42971182 0.02429138 -0.02920000
v 0.43175802 0.02183951 -0.02920000
v 0.43299031 0.02054775 -0.02920000
v 0.43326932 0.02028932 -0.02920000
v 0.42492089 0.03256125 -0.02920000
v 0.42381173 0.03555596 -0.02920000
v 0.42296141 0.03863419 -0.02920000
v 0.42237607 0.04177361 -0.02920000
v 0.42205995 0.04495144 -0.02920000
v 0.42201537 0.04814465 -0.02920000
v 0.42224264 0.05133007 -0.02920000
v 0.42274010 0.05448460 -0.02920000
v 0.42350417 0.05758537 -0.02920000
v 0.42452928 0.06060988 -0.02920000
v 0.42580801 0.06353621 -0.02920000
v 0.42733112 0.06634313 -0.02920000
v 0.42908749 0.06901027 -0.02920000
v 0.43106443 0.07151832 -0.02920000
v 0.43299031 0.07359439 -0.02920000
v 0.43326932 0.07385281 -0.02920000
v 0.49781442 0.06743658 -0.02920000
v 0.47936076 0.00943450 -0.02920000
v 0.44575393 0.08336516 -0.02920000
v 0.44584835 0.08293931 -0.02920000
v 0.48276702 0.08699965 -0.02920000
v 0.48235351 0.08691084 -0.02920000
v 0.47915316 0.08433916 -0.02920000
v 0.47936076 0.08470763 -0.02920000
v 0.49155772 0.06713756 -0.02920000
v 0.49122658 0.06740068 -0.02920000
v 0.44584835 0.01120283 -0.02920000
v 0.48047721 0.00817350 -0.02920000
v 0.48015901 0.00845213 -0.02920000
v 0.43356720 0.02005285 -0.02920000
v 0.43388215 0.01983970 -0.02920000
v 0.43421242 0.01965111 -0.02920000
v 0.43421242 0.07449102 -0.02920000
v 0.43388215 0.07430243 -0.02920000
v 0.43356720 0.07408929 -0.02920000
v 0.48047721 0.08596864 -0.02920000
v 0.48081779 0.08621938 -0.02920000
v 0.48117837 0.08644044 -0.02920000
v 0.48696497 0.07260388 -0.02920000
v 0.48503283 0.07453605 -0.02920000
v 0.48296508 0.07632239 -0.02920000
v 0.48077276 0.07795342 -0.02920000
v 0.49266720 0.06652822 -0.02920000
v 0.49228060 0.06669977 -0.02920000
v 0.49190989 0.06690336 -0.02920000
v 0.47883481 0.01058585 -0.02920000
v 0.47872636 0.01099465 -0.02920000
v 0.44590527 0.01163529 -0.02920000
v 0.43455604 0.01948817 -0.02920000
v 0.43491107 0.01935181 -0.02920000
v 0.43527544 0.01924283 -0.02920000
v 0.43491107 0.07479033 -0.02920000
v 0.43455604 0.07465397 -0.02920000
v 0.48155633 0.08663024 -0.02920000
v 0.48194897 0.08678742 -0.02920000
v 0.44590527 0.08250684 -0.02920000
v 0.47864598 0.08146521 -0.02920000
v 0.47861251 0.08188682 -0.02920000
v 0.47861484 0.08230975 -0.02920000
v 0.47865286 0.08273098 -0.02920000
v 0.47872636 0.08314749 -0.02920000
v 0.48043492 0.07820786 -0.02920000
v 0.48011979 0.07848994 -0.02920000
v 0.47982961 0.07879765 -0.02920000
v 0.47956648 0.07912877 -0.02920000
v 0.47933230 0.07948095 -0.02920000
v 0.47912869 0.07985166 -0.02920000
v 0.49598521 0.06640588 -0.02920000
v 0.49557641 0.06629743 -0.02920000
v 0.49431574 0.06618359 -0.02920000
v 0.49389413 0.06621704 -0.02920000
v 0.49347687 0.06628600 -0.02920000
v 0.49306691 0.06638998 -0.02920000
v 0.47865286 0.01141115 -0.02920000
v 0.47861484 0.01183238 -0.02920000
v 0.47861251 0.01225531 -0.02920000
v 0.48276702 0.00714249 -0.02920000
v 0.44575393 0.01077697 -0.02920000
v 0.48235351 0.00723129 -0.02920000
v 0.48194897 0.00735472 -0.02920000
v 0.48155633 0.00751190 -0.02920000
v 0.48117837 0.00770169 -0.02920000
v 0.48081779 0.00792276 -0.02920000
v 0.47959879 0.08505724 -0.02920000
v 0.47986552 0.08538548 -0.02920000
v 0.48015901 0.08569001 -0.02920000
v 0.47895715 0.08023826 -0.02920000
v 0.47881889 0.08063796 -0.02920000
v 0.47871494 0.08104792 -0.02920000
v 0.47883481 0.08355629 -0.02920000
v 0.47897741 0.08395447 -0.02920000
v 0.49091887 0.06769085 -0.02920000
v 0.49063680 0.06800598 -0.02920000
v 0.49038234 0.06834383 -0.02920000
v 0.48875132 0.07053615 -0.02920000
v 0.47895715 0.01390388 -0.02920000
v 0.47912869 0.01429047 -0.02920000
v 0.47933230 0.01466118 -0.02920000
v 0.47915316 0.00980297 -0.02920000
v 0.47897741 0.01018767 -0.02920000
v 0.47864598 0.01267693 -0.02920000
v 0.47871494 0.01309421 -0.02920000
v 0.47881889 0.01350417 -0.02920000
v 0.49676809 0.06672422 -0.02920000
v 0.49638340 0.06654847 -0.02920000
v 0.49515992 0.06622393 -0.02920000
v 0.49473870 0.06618589 -0.02920000
v 0.48043492 0.01593428 -0.02920000
v 0.48011979 0.01565219 -0.02920000
v 0.47986552 0.00875665 -0.02920000
v 0.47959879 0.00908489 -0.02920000
v 0.47956648 0.01501336 -0.02920000
v 0.47982961 0.01534449 -0.02920000
v 0.44592431 0.01207107 -0.02920000
v 0.43491107 0.07479033 0.00280000
v 0.43455604 0.07465397 0.00280000
v 0.43421242 0.07449102 0.00280000
v 0.43388215 0.07430243 0.00280000
v 0.43356720 0.07408929 0.00280000
v 0.43326932 0.07385281 0.00280000
v 0.43299031 0.07359439 0.00280000
v 0.43527544 0.01924283 -0.01220000
v 0.43299031 0.02054775 -0.01220000
v 0.43326932 0.02028932 -0.01220000
v 0.43356720 0.02005285 -0.01220000
v 0.43388215 0.01983970 -0.01220000
v 0.43421242 0.01965111 -0.01220000
v 0.43455604 0.01948817 -0.01220000
v 0.43491107 0.01935181 -0.01220000
v 0.42449999 0.00707107 -0.01220000
v 0.41949999 0.01817107 -0.01220000
v 0.42096448 0.00853553 -0.01220000
v 0.42128608 0.00824085 -0.01220000
v 0.41949999 0.01207107 -0.01220000
v 0.44092429 0.00707107 -0.01220000
v 0.42278990 0.00737260 -0.01220000
v 0.42320591 0.00724144 -0.01220000
v 0.42406422 0.00709009 -0.01220000
v 0.42363176 0.00714703 -0.01220000
v 0.42163211 0.00797531 -0.01220000
v 0.42199999 0.00774094 -0.01220000
v 0.42238691 0.00753953 -0.01220000
v 0.41980153 0.01036097 -0.01220000
v 0.41996846 0.00995798 -0.01220000
v 0.41951904 0.01163529 -0.01220000
v 0.41957596 0.01120283 -0.01220000
v 0.41967037 0.01077697 -0.01220000
v 0.42016986 0.00957107 -0.01220000
v 0.42040423 0.00920319 -0.01220000
v 0.42066976 0.00885713 -0.01220000
v 0.44592431 0.01207107 -0.01220000
v 0.44590527 0.01163529 -0.01220000
v 0.44584835 0.01120283 -0.01220000
v 0.44575393 0.01077697 -0.01220000
v 0.44562277 0.01036097 -0.01220000
v 0.44545585 0.00995798 -0.01220000
v 0.44525442 0.00957107 -0.01220000
v 0.44502005 0.00920319 -0.01220000
v 0.44475451 0.00885713 -0.01220000
v 0.44445983 0.00853553 -0.01220000
v 0.44413823 0.00824085 -0.01220000
v 0.44379219 0.00797531 -0.01220000
v 0.44342428 0.00774094 -0.01220000
v 0.44303739 0.00753953 -0.01220000
v 0.44263440 0.00737260 -0.01220000
v 0.44221839 0.00724144 -0.01220000
v 0.44179255 0.00714703 -0.01220000
v 0.44136009 0.00709009 -0.01220000
v 0.41949999 0.08207107 0.00280000
v 0.41951904 0.08250684 0.00280000
v 0.41951904 0.08250684 -0.03500000
v 0.41957596 0.08293931 0.00280000
v 0.41957596 0.08293931 -0.03500000
v 0.41967037 0.08336516 0.00280000
v 0.41967037 0.08336516 -0.03500000
v 0.41980153 0.08378117 0.00280000
v 0.41980153 0.08378117 -0.03500000
v 0.41996846 0.08418416 0.00280000
v 0.41996846 0.08418416 -0.03500000
v 0.42016986 0.08457107 0.00280000
v 0.42016986 0.08457107 -0.03500000
v 0.42040423 0.08493895 0.00280000
v 0.42040423 0.08493895 -0.03500000
v 0.42066976 0.08528501 0.00280000
v 0.42066976 0.08528501 -0.03500000
v 0.42096448 0.08560660 0.00280000
v 0.42096448 0.08560660 -0.03500000
v 0.42128608 0.08590129 0.00280000
v 0.42128608 0.08590129 -0.03500000
v 0.42163211 0.08616683 0.00280000
v 0.42163211 0.08616683 -0.03500000
v 0.42199999 0.08640119 0.00280000
v 0.42199999 0.08640119 -0.03500000
v 0.42238691 0.08660261 0.00280000
v 0.42238691 0.08660261 -0.03500000
v 0.42278990 0.08676953 0.00280000
v 0.42278990 0.08676953 -0.03500000
v 0.42320591 0.08690070 0.00280000
v 0.42320591 0.08690070 -0.03500000
v 0.42363176 0.08699511 0.00280000
v 0.42363176 0.08699511 -0.03500000
v 0.42406422 0.08705204 0.00280000
v 0.42406422 0.08705204 -0.03500000
v 0.42449999 0.08707107 0.00280000
v 0.42449999 0.08707107 -0.03500000
v 0.36745098 0.06597107 0.00280000
v 0.36745098 0.05722107 0.00280000
v 0.38745099 0.05722107 0.00280000
v 0.31950000 0.06847107 0.00280000
v 0.32200000 0.06597107 0.00280000
v 0.31950000 0.07597107 0.00280000
v 0.41949999 0.07597107 0.00280000
v 0.39642912 0.05064196 0.00280000
v 0.39675391 0.05093959 0.00280000
v 0.39613149 0.05031715 0.00280000
v 0.39710343 0.05120778 0.00280000
v 0.39747500 0.05144450 0.00280000
v 0.39786577 0.05164792 0.00280000
v 0.38745099 0.04967107 0.00280000
v 0.39567074 0.04967107 0.00280000
v 0.39586329 0.04996763 0.00280000
v 0.40252501 0.05144450 0.00280000
v 0.40289655 0.05120778 0.00280000
v 0.40413672 0.04996763 0.00280000
v 0.40432927 0.04967107 0.00280000
v 0.42209023 0.04967107 0.00280000
v 0.40386853 0.05031715 0.00280000
v 0.42452928 0.06060988 0.00280000
v 0.42580801 0.06353621 0.00280000
v 0.40324607 0.05093959 0.00280000
v 0.42908749 0.06901027 0.00280000
v 0.43106443 0.07151832 0.00280000
v 0.39955986 0.05210185 0.00280000
v 0.40000001 0.05212107 0.00280000
v 0.42224264 0.05133007 0.00280000
v 0.42274010 0.05448460 0.00280000
v 0.42350417 0.05758537 0.00280000
v 0.40357089 0.05064196 0.00280000
v 0.42733112 0.06634313 0.00280000
v 0.39827278 0.05181652 0.00280000
v 0.39869297 0.05194899 0.00280000
v 0.39912307 0.05204435 0.00280000
v 0.40044013 0.05210185 0.00280000
v 0.40087691 0.05204435 0.00280000
v 0.40130705 0.05194899 0.00280000
v 0.40172720 0.05181652 0.00280000
v 0.40213421 0.05164792 0.00280000
v 0.44092429 0.08707107 0.00280000
v 0.44590527 0.08250684 0.00280000
v 0.44584835 0.08293931 0.00280000
v 0.44575393 0.08336516 0.00280000
v 0.44562277 0.08378117 0.00280000
v 0.44545585 0.08418416 0.00280000
v 0.44525442 0.08457107 0.00280000
v 0.44502005 0.08493895 0.00280000
v 0.44475451 0.08528501 0.00280000
v 0.44445983 0.08560660 0.00280000
v 0.44413823 0.08590129 0.00280000
v 0.44379219 0.08616683 0.00280000
v 0.44342428 0.08640119 0.00280000
v 0.44303739 0.08660261 0.00280000
v 0.44263440 0.08676953 0.00280000
v 0.44221839 0.08690070 0.00280000
v 0.44179255 0.08699511 0.00280000
v 0.44136009 0.08705204 0.00280000
v 0.48360914 0.08707107 0.00280000
v 0.49450001 0.08707107 0.00280000
v 0.49450001 0.08707107 -0.03500000
v 0.42406422 0.00709009 -0.03500000
v 0.42363176 0.00714703 -0.03500000
v 0.42320591 0.00724144 -0.03500000
v 0.42278990 0.00737260 -0.03500000
v 0.42238691 0.00753953 -0.03500000
v 0.42199999 0.00774094 -0.03500000
v 0.42163211 0.00797531 -0.03500000
v 0.42128608 0.00824085 -0.03500000
v 0.42096448 0.00853553 -0.03500000
v 0.42066976 0.00885713 -0.03500000
v 0.42040423 0.00920319 -0.03500000
v 0.42016986 0.00957107 -0.03500000
v 0.41996846 0.00995798 -0.03500000
v 0.41980153 0.01036097 -0.03500000
v 0.41967037 0.01077697 -0.03500000
v 0.41957596 0.01120283 -0.03500000
v 0.41951904 0.01163529 -0.03500000
v 0.42200196 0.04745357 0.00145443
v 0.42200148 0.04740530 0.00135655
v 0.42200425 0.04763661 0.00147462
v 0.42200112 0.04736147 0.00125696
v 0.42200083 0.04732184 0.00115505
v 0.42200062 0.04728669 0.00105148
v 0.42200047 0.04725625 0.00094705
v 0.42201108 0.04798212 0.00214322
v 0.42200923 0.04790330 0.00206777
v 0.42200765 0.04782804 0.00198916
v 0.42200625 0.04775596 0.00190697
v 0.42200506 0.04768754 0.00182171
v 0.42200407 0.04762319 0.00173394
v 0.42200321 0.04756251 0.00164313
v 0.42200252 0.04750600 0.00155000
v 0.42201316 0.04806410 0.00221511
v 0.42200014 0.04717107 -0.00300000
v 0.42201537 0.04814465 0.00227991
v 0.42200035 0.04723030 0.00084098
v 0.42200026 0.04720905 0.00073412
v 0.42200020 0.04719247 0.00062640
v 0.42200017 0.04718058 0.00051789
v 0.42200014 0.04717107 0.00030000
v 0.42208281 0.04956187 0.00279761
v 0.42207575 0.04945318 0.00279049
v 0.42206898 0.04934481 0.00277862
v 0.42206261 0.04923695 0.00276202
v 0.42205656 0.04912996 0.00274074
v 0.42205089 0.04902402 0.00271481
v 0.42204556 0.04891912 0.00268423
v 0.42204061 0.04881602 0.00264923
v 0.42203602 0.04871437 0.00260970
v 0.42203179 0.04861452 0.00256577
v 0.42202789 0.04851689 0.00251763
v 0.42202431 0.04842107 0.00246506
v 0.42202106 0.04832772 0.00240842
v 0.42201814 0.04823713 0.00234788
v 0.43175802 0.02183951 -0.00300000
v 0.42205995 0.04495144 -0.00300000
v 0.42237607 0.04177361 -0.00300000
v 0.42296141 0.03863419 -0.00300000
v 0.42381173 0.03555596 -0.00300000
v 0.42492089 0.03256125 -0.00300000
v 0.42628083 0.02967176 -0.00300000
v 0.42788166 0.02690845 -0.00300000
v 0.42971182 0.02429138 -0.00300000
v 0.47982961 0.01534449 -0.00300000
v 0.47956648 0.01501336 -0.00300000
v 0.48235351 0.00723129 -0.00300000
v 0.48194897 0.00735472 -0.00300000
v 0.48155633 0.00751190 -0.00300000
v 0.48015901 0.00845213 -0.00300000
v 0.48047721 0.00817350 -0.00300000
v 0.48081779 0.00792276 -0.00300000
v 0.48117837 0.00770169 -0.00300000
v 0.47864598 0.01267693 -0.00300000
v 0.47861251 0.01225531 -0.00300000
v 0.47861484 0.01183238 -0.00300000
v 0.47912869 0.01429047 -0.00300000
v 0.47895715 0.01390388 -0.00300000
v 0.47881889 0.01350417 -0.00300000
v 0.47871494 0.01309421 -0.00300000
v 0.49950001 0.01207107 -0.00300000
v 0.49883014 0.00957107 -0.00300000
v 0.49903154 0.00995798 -0.00300000
v 0.49450001 0.00707107 -0.00300000
v 0.48360914 0.00707107 -0.00300000
v 0.47883481 0.01058585 -0.00300000
v 0.47872636 0.01099465 -0.00300000
v 0.47865286 0.01141115 -0.00300000
v 0.47933230 0.01466118 -0.00300000
v 0.49736789 0.00797531 -0.00300000
v 0.49771392 0.00824085 -0.00300000
v 0.49700001 0.00774094 -0.00300000
v 0.49661309 0.00753953 -0.00300000
v 0.49621010 0.00737260 -0.00300000
v 0.49579409 0.00724144 -0.00300000
v 0.49536824 0.00714703 -0.00300000
v 0.48318657 0.00708896 -0.00300000
v 0.48276702 0.00714249 -0.00300000
v 0.47986552 0.00875665 -0.00300000
v 0.47959879 0.00908489 -0.00300000
v 0.47897741 0.01018767 -0.00300000
v 0.47915316 0.00980297 -0.00300000
v 0.47936076 0.00943450 -0.00300000
v 0.48043492 0.01593428 -0.00300000
v 0.48011979 0.01565219 -0.00300000
v 0.49919847 0.01036097 -0.00300000
v 0.49932963 0.01077697 -0.00300000
v 0.49803552 0.00853553 -0.00300000
v 0.49833024 0.00885713 -0.00300000
v 0.49859577 0.00920319 -0.00300000
v 0.49948096 0.01163529 -0.00300000
v 0.49942404 0.01120283 -0.00300000
v 0.49493578 0.00709009 -0.00300000
v 0.49228060 0.06669977 0.00280000
v 0.49266720 0.06652822 0.00280000
v 0.49122658 0.06740068 0.00280000
v 0.49155772 0.06713756 0.00280000
v 0.48875132 0.07053615 0.00280000
v 0.48696497 0.07260388 0.00280000
v 0.48503283 0.07453605 0.00280000
v 0.48296508 0.07632239 0.00280000
v 0.49942404 0.08293931 0.00280000
v 0.49932963 0.08336516 0.00280000
v 0.49950001 0.08207107 0.00280000
v 0.49713656 0.06693184 0.00280000
v 0.49676809 0.06672422 0.00280000
v 0.49515992 0.06622393 0.00280000
v 0.49557641 0.06629743 0.00280000
v 0.49598521 0.06640588 0.00280000
v 0.49638340 0.06654847 0.00280000
v 0.49347687 0.06628600 0.00280000
v 0.49389413 0.06621704 0.00280000
v 0.49431574 0.06618359 0.00280000
v 0.49473870 0.06618589 0.00280000
v 0.49306691 0.06638998 0.00280000
v 0.49190989 0.06690336 0.00280000
v 0.49883014 0.08457107 0.00280000
v 0.49919847 0.08378117 0.00280000
v 0.49903154 0.08418416 0.00280000
v 0.49950001 0.07118019 0.00280000
v 0.49933979 0.06992458 0.00280000
v 0.49921635 0.06952005 0.00280000
v 0.49905917 0.06912740 0.00280000
v 0.49811894 0.06773008 0.00280000
v 0.49781442 0.06743658 0.00280000
v 0.49748617 0.06716986 0.00280000
v 0.49038234 0.06834383 0.00280000
v 0.49063680 0.06800598 0.00280000
v 0.49091887 0.06769085 0.00280000
v 0.48194897 0.08678742 0.00280000
v 0.48155633 0.08663024 0.00280000
v 0.49948213 0.07075763 0.00280000
v 0.49942857 0.07033809 0.00280000
v 0.49839756 0.06804827 0.00280000
v 0.49864832 0.06838886 0.00280000
v 0.49886936 0.06874944 0.00280000
v 0.47956648 0.07912877 0.00280000
v 0.47933230 0.07948095 0.00280000
v 0.47912869 0.07985166 0.00280000
v 0.47897741 0.08395447 0.00280000
v 0.47915316 0.08433916 0.00280000
v 0.48015901 0.08569001 0.00280000
v 0.47986552 0.08538548 0.00280000
v 0.47959879 0.08505724 0.00280000
v 0.47936076 0.08470763 0.00280000
v 0.48117837 0.08644044 0.00280000
v 0.48081779 0.08621938 0.00280000
v 0.48047721 0.08596864 0.00280000
v 0.48077276 0.07795342 0.00280000
v 0.48043492 0.07820786 0.00280000
v 0.48011979 0.07848994 0.00280000
v 0.47982961 0.07879765 0.00280000
v 0.49948096 0.08250684 0.00280000
v 0.47864598 0.08146521 0.00280000
v 0.47861251 0.08188682 0.00280000
v 0.47861484 0.08230975 0.00280000
v 0.47883481 0.08355629 0.00280000
v 0.47872636 0.08314749 0.00280000
v 0.47865286 0.08273098 0.00280000
v 0.48235351 0.08691084 0.00280000
v 0.48276702 0.08699965 0.00280000
v 0.49700001 0.08640119 0.00280000
v 0.49661309 0.08660261 0.00280000
v 0.49859577 0.08493895 0.00280000
v 0.49833024 0.08528501 0.00280000
v 0.47871494 0.08104792 0.00280000
v 0.47881889 0.08063796 0.00280000
v 0.47895715 0.08023826 0.00280000
v 0.49621010 0.08676953 0.00280000
v 0.49579409 0.08690070 0.00280000
v 0.49803552 0.08560660 0.00280000
v 0.49771392 0.08590129 0.00280000
v 0.49736789 0.08616683 0.00280000
v 0.48318657 0.08705318 0.00280000
v 0.49493578 0.08705204 0.00280000
v 0.49536824 0.08699511 0.00280000
v 0.40504900 0.04717107 0.00030000
v 0.40504897 0.04717346 0.00040931
v 0.40504882 0.04718058 0.00051789
v 0.40504661 0.04725625 0.00094705
v 0.40504748 0.04723030 0.00084095
v 0.40504855 0.04719246 0.00062637
v 0.40504810 0.04720905 0.00073412
v 0.40504378 0.04732184 0.00115505
v 0.40504539 0.04728678 0.00105178
v 0.40503892 0.04740530 0.00135655
v 0.40504164 0.04736144 0.00125688
v 0.40503123 0.04750600 0.00155000
v 0.40503550 0.04745353 0.00145435
v 0.40501973 0.04762319 0.00173394
v 0.40503079 0.04751121 0.00155896
v 0.40500334 0.04775596 0.00190697
v 0.40501219 0.04768789 0.00182217
v 0.40498096 0.04790330 0.00206777
v 0.40499294 0.04782801 0.00198912
v 0.40495139 0.04806410 0.00221511
v 0.40497327 0.04794799 0.00211135
v 0.40493360 0.04814909 0.00228333
v 0.40486619 0.04842119 0.00246513
v 0.40487793 0.04837810 0.00243968
v 0.40491354 0.04823713 0.00234788
v 0.40480834 0.04861452 0.00256577
v 0.40483856 0.04851704 0.00251770
v 0.40477809 0.04870581 0.00260614
v 0.40474546 0.04879827 0.00264270
v 0.40473893 0.04881610 0.00264926
v 0.40469944 0.04891977 0.00268444
v 0.40456185 0.04923715 0.00276205
v 0.40457684 0.04920529 0.00275623
v 0.40465710 0.04902402 0.00271481
v 0.40437344 0.04959607 0.00279887
v 0.40445286 0.04945318 0.00279049
v 0.40450886 0.04934540 0.00277870
v 0.40504900 0.04717107 -0.00300000
v 0.31950000 0.01817107 -0.00300000
v 0.32875702 0.01817107 -0.00869446
v 0.32865018 0.01817107 -0.00895238
v 0.34850425 0.01817107 -0.03080692
v 0.32884097 0.01817107 -0.00842822
v 0.41024297 0.01817107 -0.02765554
v 0.41034982 0.01817107 -0.02739762
v 0.35414341 0.01817107 -0.02847110
v 0.34776777 0.01817107 -0.02902890
v 0.32820135 0.01817107 -0.00554308
v 0.32837129 0.01817107 -0.00576456
v 0.32875702 0.01817107 -0.00650554
v 0.32884097 0.01817107 -0.00677178
v 0.32893783 0.01817107 -0.00732110
v 0.34833431 0.01817107 -0.03058545
v 0.34818432 0.01817107 -0.03035000
v 0.34805539 0.01817107 -0.03010238
v 0.34794858 0.01817107 -0.02984446
v 0.34786463 0.01817107 -0.02957822
v 0.32890138 0.01817107 -0.00704433
v 0.34780422 0.01817107 -0.02930567
v 0.32852128 0.01817107 -0.00920000
v 0.32837129 0.01817107 -0.00943544
v 0.34869283 0.01817107 -0.03101274
v 0.32820135 0.01817107 -0.00965692
v 0.41119307 0.01817107 -0.03120134
v 0.41098726 0.01817107 -0.03101274
v 0.41047871 0.01817107 -0.03035000
v 0.41034982 0.01817107 -0.03010238
v 0.41024297 0.01817107 -0.02984446
v 0.41015905 0.01817107 -0.02957822
v 0.41009861 0.01817107 -0.02930567
v 0.41006216 0.01817107 -0.02902890
v 0.32852128 0.01817107 -0.00600000
v 0.32865018 0.01817107 -0.00624762
v 0.32894999 0.01817107 -0.00760000
v 0.32893783 0.01817107 -0.00787890
v 0.32890138 0.01817107 -0.00815567
v 0.35372686 0.01817107 -0.02715000
v 0.35385576 0.01817107 -0.02739762
v 0.41643783 0.01817107 -0.02902890
v 0.41640139 0.01817107 -0.02930567
v 0.41587129 0.01817107 -0.03058545
v 0.41602129 0.01817107 -0.03035000
v 0.41615018 0.01817107 -0.03010238
v 0.41079867 0.01817107 -0.03080692
v 0.41062871 0.01817107 -0.03058545
v 0.35404655 0.01817107 -0.02957822
v 0.35396260 0.01817107 -0.02984446
v 0.41634098 0.01817107 -0.02957822
v 0.41625702 0.01817107 -0.02984446
v 0.41215554 0.01817107 -0.03175702
v 0.41189763 0.01817107 -0.03165019
v 0.35410696 0.01817107 -0.02930567
v 0.35385576 0.01817107 -0.03010238
v 0.35372686 0.01817107 -0.03035000
v 0.35357687 0.01817107 -0.03058545
v 0.41006216 0.01817107 -0.02847110
v 0.41009861 0.01817107 -0.02819433
v 0.41015905 0.01817107 -0.02792178
v 0.41047871 0.01817107 -0.02715000
v 0.41062871 0.01817107 -0.02691456
v 0.41079867 0.01817107 -0.02669308
v 0.41005000 0.01817107 -0.02875000
v 0.35415560 0.01817107 -0.02875000
v 0.35414341 0.01817107 -0.02902890
v 0.34775558 0.01817107 -0.02875000
v 0.34776777 0.01817107 -0.02847110
v 0.34780422 0.01817107 -0.02819433
v 0.41570133 0.01817107 -0.03080692
v 0.41551274 0.01817107 -0.03101274
v 0.41530693 0.01817107 -0.03120134
v 0.41098726 0.01817107 -0.02648726
v 0.41119307 0.01817107 -0.02629866
v 0.41141456 0.01817107 -0.02612871
v 0.41165000 0.01817107 -0.02597872
v 0.41189763 0.01817107 -0.02584982
v 0.41215554 0.01817107 -0.02574298
v 0.32734999 0.01817107 -0.01037128
v 0.32710239 0.01817107 -0.01050019
v 0.34693816 0.01817107 -0.03353778
v 0.32684445 0.01817107 -0.01060702
v 0.32657823 0.01817107 -0.01069096
v 0.32630569 0.01817107 -0.01075139
v 0.32602891 0.01817107 -0.01078782
v 0.32574999 0.01817107 -0.01080000
v 0.34786463 0.01817107 -0.02792178
v 0.34794858 0.01817107 -0.02765554
v 0.34805539 0.01817107 -0.02739762
v 0.41551274 0.01817107 -0.02648726
v 0.41570133 0.01817107 -0.02669308
v 0.41587129 0.01817107 -0.02691456
v 0.41602129 0.01817107 -0.02715000
v 0.41615018 0.01817107 -0.02739762
v 0.41625702 0.01817107 -0.02765554
v 0.41634098 0.01817107 -0.02792178
v 0.41640139 0.01817107 -0.02819433
v 0.41643783 0.01817107 -0.02847110
v 0.41644999 0.01817107 -0.02875000
v 0.41460237 0.01817107 -0.03165019
v 0.41434446 0.01817107 -0.03175702
v 0.41407824 0.01817107 -0.03184096
v 0.41165000 0.01817107 -0.03152128
v 0.41141456 0.01817107 -0.03137129
v 0.41242179 0.01817107 -0.02565904
v 0.41269433 0.01817107 -0.02559862
v 0.41297111 0.01817107 -0.02556218
v 0.32547110 0.01817107 -0.01078782
v 0.32519433 0.01817107 -0.01075139
v 0.32173258 0.01817107 -0.01238778
v 0.32492179 0.01817107 -0.01069096
v 0.32465553 0.01817107 -0.01060702
v 0.32439762 0.01817107 -0.01050019
v 0.32415000 0.01817107 -0.01037128
v 0.32391456 0.01817107 -0.01022129
v 0.32369307 0.01817107 -0.01005134
v 0.32133058 0.01817107 -0.01201942
v 0.32348725 0.01817107 -0.00986274
v 0.32096222 0.01817107 -0.01161742
v 0.32329866 0.01817107 -0.00965692
v 0.32063031 0.01817107 -0.01118485
v 0.32312870 0.01817107 -0.00943544
v 0.32033736 0.01817107 -0.01072500
v 0.32297871 0.01817107 -0.00920000
v 0.32008559 0.01817107 -0.01024136
v 0.32284981 0.01817107 -0.00895238
v 0.31987691 0.01817107 -0.00973763
v 0.32274297 0.01817107 -0.00869446
v 0.31971297 0.01817107 -0.00921762
v 0.32265905 0.01817107 -0.00842822
v 0.31959495 0.01817107 -0.00868530
v 0.32259861 0.01817107 -0.00815567
v 0.31952378 0.01817107 -0.00814472
v 0.32256219 0.01817107 -0.00787890
v 0.31950000 0.01817107 -0.00760000
v 0.32255000 0.01817107 -0.00760000
v 0.32256219 0.01817107 -0.00732110
v 0.41508543 0.01817107 -0.03137129
v 0.41485000 0.01817107 -0.03152128
v 0.41380566 0.01817107 -0.03190139
v 0.41352889 0.01817107 -0.03193782
v 0.41325000 0.01817107 -0.03195000
v 0.41297111 0.01817107 -0.03193782
v 0.41269433 0.01817107 -0.03190139
v 0.41242179 0.01817107 -0.03184096
v 0.35279104 0.01817107 -0.03137129
v 0.35255560 0.01817107 -0.03152128
v 0.35230798 0.01817107 -0.03165019
v 0.35205007 0.01817107 -0.03175702
v 0.35178381 0.01817107 -0.03184096
v 0.35095558 0.01817107 -0.03195000
v 0.35041088 0.01817107 -0.03497622
v 0.35067669 0.01817107 -0.03193782
v 0.34987029 0.01817107 -0.03490505
v 0.35039991 0.01817107 -0.03190139
v 0.34933797 0.01817107 -0.03478704
v 0.35012737 0.01817107 -0.03184096
v 0.34881797 0.01817107 -0.03462308
v 0.34986112 0.01817107 -0.03175702
v 0.34831423 0.01817107 -0.03441443
v 0.34960321 0.01817107 -0.03165019
v 0.34783059 0.01817107 -0.03416266
v 0.34935558 0.01817107 -0.03152128
v 0.34737074 0.01817107 -0.03386970
v 0.34912014 0.01817107 -0.03137129
v 0.34889868 0.01817107 -0.03120134
v 0.32801273 0.01817107 -0.00986274
v 0.32780692 0.01817107 -0.01005134
v 0.32758546 0.01817107 -0.01022129
v 0.32259861 0.01817107 -0.00704433
v 0.32265905 0.01817107 -0.00677178
v 0.32274297 0.01817107 -0.00650554
v 0.32284981 0.01817107 -0.00624762
v 0.35301250 0.01817107 -0.02629866
v 0.35321832 0.01817107 -0.02648726
v 0.41460237 0.01817107 -0.02584982
v 0.41485000 0.01817107 -0.02597872
v 0.35340694 0.01817107 -0.03080692
v 0.35321832 0.01817107 -0.03101274
v 0.35301250 0.01817107 -0.03120134
v 0.35151127 0.01817107 -0.03190139
v 0.35123450 0.01817107 -0.03193782
v 0.35340694 0.01817107 -0.02669308
v 0.35357687 0.01817107 -0.02691456
v 0.35396260 0.01817107 -0.02765554
v 0.41352889 0.01817107 -0.02556218
v 0.41380566 0.01817107 -0.02559862
v 0.41508543 0.01817107 -0.02612871
v 0.41530693 0.01817107 -0.02629866
v 0.32297871 0.01817107 -0.00600000
v 0.32312870 0.01817107 -0.00576456
v 0.32329866 0.01817107 -0.00554308
v 0.35404655 0.01817107 -0.02792178
v 0.35410696 0.01817107 -0.02819433
v 0.41325000 0.01817107 -0.02555000
v 0.41407824 0.01817107 -0.02565904
v 0.41434446 0.01817107 -0.02574298
v 0.34818432 0.01817107 -0.02715000
v 0.34833431 0.01817107 -0.02691456
v 0.32801273 0.01817107 -0.00533726
v 0.34850425 0.01817107 -0.02669308
v 0.32780692 0.01817107 -0.00514866
v 0.35095558 0.01817107 -0.02555000
v 0.35123450 0.01817107 -0.02556218
v 0.34869283 0.01817107 -0.02648726
v 0.34889868 0.01817107 -0.02629866
v 0.34912014 0.01817107 -0.02612871
v 0.34935558 0.01817107 -0.02597872
v 0.34960321 0.01817107 -0.02584982
v 0.34986112 0.01817107 -0.02574298
v 0.35230798 0.01817107 -0.02584982
v 0.35255560 0.01817107 -0.02597872
v 0.35279104 0.01817107 -0.02612871
v 0.32348725 0.01817107 -0.00533726
v 0.32369307 0.01817107 -0.00514866
v 0.32391456 0.01817107 -0.00497871
v 0.32415000 0.01817107 -0.00482872
v 0.32439762 0.01817107 -0.00469982
v 0.32465553 0.01817107 -0.00459298
v 0.32547110 0.01817107 -0.00441218
v 0.32574999 0.01817107 -0.00440000
v 0.32492179 0.01817107 -0.00450904
v 0.32519433 0.01817107 -0.00444862
v 0.35012737 0.01817107 -0.02565904
v 0.35039991 0.01817107 -0.02559862
v 0.35067669 0.01817107 -0.02556218
v 0.35151127 0.01817107 -0.02559862
v 0.35178381 0.01817107 -0.02565904
v 0.35205007 0.01817107 -0.02574298
v 0.32684445 0.01817107 -0.00459298
v 0.32710239 0.01817107 -0.00469982
v 0.32734999 0.01817107 -0.00482872
v 0.32758546 0.01817107 -0.00497871
v 0.32602891 0.01817107 -0.00441218
v 0.32630569 0.01817107 -0.00444862
v 0.32657823 0.01817107 -0.00450904
v 0.49493578 0.08705204 -0.03500000
v 0.49536824 0.08699511 -0.03500000
v 0.49579409 0.08690070 -0.03500000
v 0.49621010 0.08676953 -0.03500000
v 0.49661309 0.08660261 -0.03500000
v 0.49700001 0.08640119 -0.03500000
v 0.49736789 0.08616683 -0.03500000
v 0.49771392 0.08590129 -0.03500000
v 0.49803552 0.08560660 -0.03500000
v 0.49833024 0.08528501 -0.03500000
v 0.49859577 0.08493895 -0.03500000
v 0.49883014 0.08457107 -0.03500000
v 0.49903154 0.08418416 -0.03500000
v 0.49919847 0.08378117 -0.03500000
v 0.49932963 0.08336516 -0.03500000
v 0.49942404 0.08293931 -0.03500000
v 0.49948096 0.08250684 -0.03500000
v 0.49948096 0.01163529 -0.03500000
v 0.49942404 0.01120283 -0.03500000
v 0.49932963 0.01077697 -0.03500000
v 0.49919847 0.01036097 -0.03500000
v 0.49903154 0.00995798 -0.03500000
v 0.49883014 0.00957107 -0.03500000
v 0.49859577 0.00920319 -0.03500000
v 0.49833024 0.00885713 -0.03500000
v 0.49803552 0.00853553 -0.03500000
v 0.49771392 0.00824085 -0.03500000
v 0.49736789 0.00797531 -0.03500000
v 0.49700001 0.00774094 -0.03500000
v 0.49661309 0.00753953 -0.03500000
v 0.49621010 0.00737260 -0.03500000
v 0.49579409 0.00724144 -0.03500000
v 0.49536824 0.00714703 -0.03500000
v 0.49493578 0.00709009 -0.03500000
v 0.34776777 0.07597107 -0.02847110
v 0.34775558 0.07597107 -0.02875000
v 0.32173258 0.07597107 -0.01238778
v 0.34776777 0.07597107 -0.02902890
v 0.34780422 0.07597107 -0.02930567
v 0.41643783 0.07597107 -0.02902890
v 0.41644999 0.07597107 -0.02875000
v 0.34805539 0.07597107 -0.03010238
v 0.34693816 0.07597107 -0.03353778
v 0.34794858 0.07597107 -0.02984446
v 0.34786463 0.07597107 -0.02957822
v 0.34818432 0.07597107 -0.03035000
v 0.34833431 0.07597107 -0.03058545
v 0.34850425 0.07597107 -0.03080692
v 0.41602129 0.07597107 -0.03035000
v 0.41615018 0.07597107 -0.03010238
v 0.41625702 0.07597107 -0.02984446
v 0.34831423 0.07597107 -0.03441443
v 0.35095558 0.07597107 -0.03195000
v 0.35123450 0.07597107 -0.03193782
v 0.41015905 0.07597107 -0.02957822
v 0.41024297 0.07597107 -0.02984446
v 0.41034982 0.07597107 -0.03010238
v 0.41047871 0.07597107 -0.03035000
v 0.41047871 0.07597107 -0.02715000
v 0.41034982 0.07597107 -0.02739762
v 0.35414341 0.07597107 -0.02847110
v 0.41024297 0.07597107 -0.02765554
v 0.41015905 0.07597107 -0.02792178
v 0.41009861 0.07597107 -0.02819433
v 0.41006216 0.07597107 -0.02847110
v 0.34986112 0.07597107 -0.03175702
v 0.35012737 0.07597107 -0.03184096
v 0.41634098 0.07597107 -0.02957822
v 0.41640139 0.07597107 -0.02930567
v 0.41098726 0.07597107 -0.02648726
v 0.41079867 0.07597107 -0.02669308
v 0.41062871 0.07597107 -0.02691456
v 0.35372686 0.07597107 -0.03035000
v 0.35385576 0.07597107 -0.03010238
v 0.41005000 0.07597107 -0.02875000
v 0.35396260 0.07597107 -0.02984446
v 0.35404655 0.07597107 -0.02957822
v 0.35410696 0.07597107 -0.02930567
v 0.35414341 0.07597107 -0.02902890
v 0.35415560 0.07597107 -0.02875000
v 0.35039991 0.07597107 -0.03190139
v 0.35067669 0.07597107 -0.03193782
v 0.35041088 0.07597107 -0.03497622
v 0.34987029 0.07597107 -0.03490505
v 0.41006216 0.07597107 -0.02902890
v 0.34933797 0.07597107 -0.03478704
v 0.34881797 0.07597107 -0.03462308
v 0.41062871 0.07597107 -0.03058545
v 0.41079867 0.07597107 -0.03080692
v 0.41098726 0.07597107 -0.03101274
v 0.35321832 0.07597107 -0.03101274
v 0.35340694 0.07597107 -0.03080692
v 0.35357687 0.07597107 -0.03058545
v 0.35372686 0.07597107 -0.02715000
v 0.35357687 0.07597107 -0.02691456
v 0.41325000 0.07597107 -0.02555000
v 0.32884097 0.07597107 -0.00677178
v 0.32875702 0.07597107 -0.00650554
v 0.34869283 0.07597107 -0.03101274
v 0.34889868 0.07597107 -0.03120134
v 0.34737074 0.07597107 -0.03386970
v 0.34912014 0.07597107 -0.03137129
v 0.34783059 0.07597107 -0.03416266
v 0.34935558 0.07597107 -0.03152128
v 0.34960321 0.07597107 -0.03165019
v 0.41009861 0.07597107 -0.02930567
v 0.41551274 0.07597107 -0.03101274
v 0.41570133 0.07597107 -0.03080692
v 0.41587129 0.07597107 -0.03058545
v 0.41242179 0.07597107 -0.02565904
v 0.41215554 0.07597107 -0.02574298
v 0.41189763 0.07597107 -0.02584982
v 0.41165000 0.07597107 -0.02597872
v 0.41141456 0.07597107 -0.02612871
v 0.41119307 0.07597107 -0.02629866
v 0.35410696 0.07597107 -0.02819433
v 0.35404655 0.07597107 -0.02792178
v 0.41297111 0.07597107 -0.02556218
v 0.35396260 0.07597107 -0.02765554
v 0.35385576 0.07597107 -0.02739762
v 0.41625702 0.07597107 -0.02765554
v 0.41615018 0.07597107 -0.02739762
v 0.41602129 0.07597107 -0.02715000
v 0.41587129 0.07597107 -0.02691456
v 0.32890138 0.07597107 -0.00704433
v 0.35178381 0.07597107 -0.03184096
v 0.35205007 0.07597107 -0.03175702
v 0.35230798 0.07597107 -0.03165019
v 0.35255560 0.07597107 -0.03152128
v 0.35279104 0.07597107 -0.03137129
v 0.35301250 0.07597107 -0.03120134
v 0.34805539 0.07597107 -0.02739762
v 0.34794858 0.07597107 -0.02765554
v 0.35279104 0.07597107 -0.02612871
v 0.32865018 0.07597107 -0.00895238
v 0.32875702 0.07597107 -0.00869446
v 0.41643783 0.07597107 -0.02847110
v 0.41640139 0.07597107 -0.02819433
v 0.41634098 0.07597107 -0.02792178
v 0.32865018 0.07597107 -0.00624762
v 0.32852128 0.07597107 -0.00600000
v 0.32837129 0.07597107 -0.00576456
v 0.32329866 0.07597107 -0.00554308
v 0.32312870 0.07597107 -0.00576456
v 0.32265905 0.07597107 -0.00677178
v 0.32259861 0.07597107 -0.00704433
v 0.31950000 0.07597107 -0.00760000
v 0.41269433 0.07597107 -0.03190139
v 0.41297111 0.07597107 -0.03193782
v 0.41325000 0.07597107 -0.03195000
v 0.41352889 0.07597107 -0.03193782
v 0.41269433 0.07597107 -0.02559862
v 0.41570133 0.07597107 -0.02669308
v 0.41551274 0.07597107 -0.02648726
v 0.41530693 0.07597107 -0.02629866
v 0.32297871 0.07597107 -0.00600000
v 0.32284981 0.07597107 -0.00624762
v 0.32274297 0.07597107 -0.00650554
v 0.41119307 0.07597107 -0.03120134
v 0.41141456 0.07597107 -0.03137129
v 0.41165000 0.07597107 -0.03152128
v 0.35151127 0.07597107 -0.03190139
v 0.34786463 0.07597107 -0.02792178
v 0.34780422 0.07597107 -0.02819433
v 0.35340694 0.07597107 -0.02669308
v 0.35321832 0.07597107 -0.02648726
v 0.35301250 0.07597107 -0.02629866
v 0.41189763 0.07597107 -0.03165019
v 0.41215554 0.07597107 -0.03175702
v 0.41242179 0.07597107 -0.03184096
v 0.41434446 0.07597107 -0.03175702
v 0.41460237 0.07597107 -0.03165019
v 0.41485000 0.07597107 -0.03152128
v 0.41508543 0.07597107 -0.02612871
v 0.41485000 0.07597107 -0.02597872
v 0.41460237 0.07597107 -0.02584982
v 0.41380566 0.07597107 -0.03190139
v 0.41407824 0.07597107 -0.03184096
v 0.41508543 0.07597107 -0.03137129
v 0.41530693 0.07597107 -0.03120134
v 0.32890138 0.07597107 -0.00815567
v 0.41380566 0.07597107 -0.02559862
v 0.32884097 0.07597107 -0.00842822
v 0.41352889 0.07597107 -0.02556218
v 0.41434446 0.07597107 -0.02574298
v 0.41407824 0.07597107 -0.02565904
v 0.35205007 0.07597107 -0.02574298
v 0.35178381 0.07597107 -0.02565904
v 0.32837129 0.07597107 -0.00943544
v 0.35151127 0.07597107 -0.02559862
v 0.35123450 0.07597107 -0.02556218
v 0.34912014 0.07597107 -0.02612871
v 0.34935558 0.07597107 -0.02597872
v 0.34960321 0.07597107 -0.02584982
v 0.32852128 0.07597107 -0.00920000
v 0.35255560 0.07597107 -0.02597872
v 0.35230798 0.07597107 -0.02584982
v 0.32256219 0.07597107 -0.00732110
v 0.32255000 0.07597107 -0.00760000
v 0.31952378 0.07597107 -0.00814472
v 0.32256219 0.07597107 -0.00787890
v 0.31959495 0.07597107 -0.00868530
v 0.32259861 0.07597107 -0.00815567
v 0.31971297 0.07597107 -0.00921762
v 0.32265905 0.07597107 -0.00842822
v 0.31987691 0.07597107 -0.00973763
v 0.32274297 0.07597107 -0.00869446
v 0.32008559 0.07597107 -0.01024136
v 0.32284981 0.07597107 -0.00895238
v 0.32033736 0.07597107 -0.01072500
v 0.32297871 0.07597107 -0.00920000
v 0.32063031 0.07597107 -0.01118485
v 0.32312870 0.07597107 -0.00943544
v 0.32096222 0.07597107 -0.01161742
v 0.32329866 0.07597107 -0.00965692
v 0.32133058 0.07597107 -0.01201942
v 0.32348725 0.07597107 -0.00986274
v 0.32369307 0.07597107 -0.01005134
v 0.32391456 0.07597107 -0.01022129
v 0.32893783 0.07597107 -0.00787890
v 0.32894999 0.07597107 -0.00760000
v 0.32893783 0.07597107 -0.00732110
v 0.32439762 0.07597107 -0.01050019
v 0.32465553 0.07597107 -0.01060702
v 0.34833431 0.07597107 -0.02691456
v 0.32820135 0.07597107 -0.00554308
v 0.32801273 0.07597107 -0.00533726
v 0.32780692 0.07597107 -0.00514866
v 0.32758546 0.07597107 -0.00497871
v 0.32391456 0.07597107 -0.00497871
v 0.32415000 0.07597107 -0.00482872
v 0.32439762 0.07597107 -0.00469982
v 0.32369307 0.07597107 -0.00514866
v 0.32348725 0.07597107 -0.00533726
v 0.35095558 0.07597107 -0.02555000
v 0.35067669 0.07597107 -0.02556218
v 0.35039991 0.07597107 -0.02559862
v 0.35012737 0.07597107 -0.02565904
v 0.34986112 0.07597107 -0.02574298
v 0.32492179 0.07597107 -0.01069096
v 0.32519433 0.07597107 -0.01075139
v 0.32547110 0.07597107 -0.01078782
v 0.32758546 0.07597107 -0.01022129
v 0.32734999 0.07597107 -0.01037128
v 0.32710239 0.07597107 -0.01050019
v 0.34889868 0.07597107 -0.02629866
v 0.34869283 0.07597107 -0.02648726
v 0.32820135 0.07597107 -0.00965692
v 0.34850425 0.07597107 -0.02669308
v 0.32801273 0.07597107 -0.00986274
v 0.32780692 0.07597107 -0.01005134
v 0.32734999 0.07597107 -0.00482872
v 0.32710239 0.07597107 -0.00469982
v 0.32684445 0.07597107 -0.00459298
v 0.32602891 0.07597107 -0.00441218
v 0.32574999 0.07597107 -0.00440000
v 0.32547110 0.07597107 -0.00441218
v 0.32519433 0.07597107 -0.00444862
v 0.34818432 0.07597107 -0.02715000
v 0.32415000 0.07597107 -0.01037128
v 0.32574999 0.07597107 -0.01080000
v 0.32602891 0.07597107 -0.01078782
v 0.32630569 0.07597107 -0.01075139
v 0.32657823 0.07597107 -0.01069096
v 0.32684445 0.07597107 -0.01060702
v 0.32492179 0.07597107 -0.00450904
v 0.32465553 0.07597107 -0.00459298
v 0.32657823 0.07597107 -0.00450904
v 0.32630569 0.07597107 -0.00444862
v 0.34775558 0.06597107 -0.02875000
v 0.34776777 0.06597107 -0.02902890
v 0.34780422 0.06597107 -0.02930567
v 0.34786463 0.06597107 -0.02957822
v 0.34794858 0.06597107 -0.02984446
v 0.34805539 0.06597107 -0.03010238
v 0.34818432 0.06597107 -0.03035000
v 0.34833431 0.06597107 -0.03058545
v 0.34850425 0.06597107 -0.03080692
v 0.34869283 0.06597107 -0.03101274
v 0.34889868 0.06597107 -0.03120134
v 0.34912014 0.06597107 -0.03137129
v 0.34935558 0.06597107 -0.03152128
v 0.34960321 0.06597107 -0.03165019
v 0.34986112 0.06597107 -0.03175702
v 0.35012737 0.06597107 -0.03184096
v 0.35039991 0.06597107 -0.03190139
v 0.35067669 0.06597107 -0.03193782
v 0.35095558 0.06597107 -0.03195000
v 0.35123450 0.06597107 -0.03193782
v 0.35151127 0.06597107 -0.03190139
v 0.35178381 0.06597107 -0.03184096
v 0.35205007 0.06597107 -0.03175702
v 0.35230798 0.06597107 -0.03165019
v 0.35255560 0.06597107 -0.03152128
v 0.35279104 0.06597107 -0.03137129
v 0.35301250 0.06597107 -0.03120134
v 0.35321832 0.06597107 -0.03101274
v 0.35340694 0.06597107 -0.03080692
v 0.35357687 0.06597107 -0.03058545
v 0.35372686 0.06597107 -0.03035000
v 0.35385576 0.06597107 -0.03010238
v 0.35396260 0.06597107 -0.02984446
v 0.35404655 0.06597107 -0.02957822
v 0.35410696 0.06597107 -0.02930567
v 0.35414341 0.06597107 -0.02902890
v 0.35415560 0.06597107 -0.02875000
v 0.35414341 0.06597107 -0.02847110
v 0.35410696 0.06597107 -0.02819433
v 0.35404655 0.06597107 -0.02792178
v 0.35396260 0.06597107 -0.02765554
v 0.35385576 0.06597107 -0.02739762
v 0.35372686 0.06597107 -0.02715000
v 0.35357687 0.06597107 -0.02691456
v 0.35340694 0.06597107 -0.02669308
v 0.35321832 0.06597107 -0.02648726
v 0.35301250 0.06597107 -0.02629866
v 0.35279104 0.06597107 -0.02612871
v 0.35255560 0.06597107 -0.02597872
v 0.35230798 0.06597107 -0.02584982
v 0.35205007 0.06597107 -0.02574298
v 0.35178381 0.06597107 -0.02565904
v 0.35151127 0.06597107 -0.02559862
v 0.35123450 0.06597107 -0.02556218
v 0.35095558 0.06597107 -0.02555000
v 0.35067669 0.06597107 -0.02556218
v 0.35039991 0.06597107 -0.02559862
v 0.35012737 0.06597107 -0.02565904
v 0.34986112 0.06597107 -0.02574298
v 0.34960321 0.06597107 -0.02584982
v 0.34935558 0.06597107 -0.02597872
v 0.34912014 0.06597107 -0.02612871
v 0.34889868 0.06597107 -0.02629866
v 0.34869283 0.06597107 -0.02648726
v 0.34850425 0.06597107 -0.02669308
v 0.34833431 0.06597107 -0.02691456
v 0.34818432 0.06597107 -0.02715000
v 0.34805539 0.06597107 -0.02739762
v 0.34794858 0.06597107 -0.02765554
v 0.34786463 0.06597107 -0.02792178
v 0.34780422 0.06597107 -0.02819433
v 0.34776777 0.06597107 -0.02847110
v 0.34775558 0.02817107 -0.02875000
v 0.34776777 0.02817107 -0.02902890
v 0.34780422 0.02817107 -0.02930567
v 0.34786463 0.02817107 -0.02957822
v 0.34794858 0.02817107 -0.02984446
v 0.34805539 0.02817107 -0.03010238
v 0.34818432 0.02817107 -0.03035000
v 0.34833431 0.02817107 -0.03058545
v 0.34850425 0.02817107 -0.03080692
v 0.34869283 0.02817107 -0.03101274
v 0.34889868 0.02817107 -0.03120134
v 0.34912014 0.02817107 -0.03137129
v 0.34935558 0.02817107 -0.03152128
v 0.34960321 0.02817107 -0.03165019
v 0.34986112 0.02817107 -0.03175702
v 0.35012737 0.02817107 -0.03184096
v 0.35039991 0.02817107 -0.03190139
v 0.35067669 0.02817107 -0.03193782
v 0.35095558 0.02817107 -0.03195000
v 0.35123450 0.02817107 -0.03193782
v 0.35151127 0.02817107 -0.03190139
v 0.35178381 0.02817107 -0.03184096
v 0.35205007 0.02817107 -0.03175702
v 0.35230798 0.02817107 -0.03165019
v 0.35255560 0.02817107 -0.03152128
v 0.35279104 0.02817107 -0.03137129
v 0.35301250 0.02817107 -0.03120134
v 0.35321832 0.02817107 -0.03101274
v 0.35340694 0.02817107 -0.03080692
v 0.35357687 0.02817107 -0.03058545
v 0.35372686 0.02817107 -0.03035000
v 0.35385576 0.02817107 -0.03010238
v 0.35396260 0.02817107 -0.02984446
v 0.35404655 0.02817107 -0.02957822
v 0.35410696 0.02817107 -0.02930567
v 0.35414341 0.02817107 -0.02902890
v 0.35415560 0.02817107 -0.02875000
v 0.35414341 0.02817107 -0.02847110
v 0.35410696 0.02817107 -0.02819433
v 0.35404655 0.02817107 -0.02792178
v 0.35396260 0.02817107 -0.02765554
v 0.35385576 0.02817107 -0.02739762
v 0.35372686 0.02817107 -0.02715000
v 0.35357687 0.02817107 -0.02691456
v 0.35340694 0.02817107 -0.02669308
v 0.35321832 0.02817107 -0.02648726
v 0.35301250 0.02817107 -0.02629866
v 0.35279104 0.02817107 -0.02612871
v 0.35255560 0.02817107 -0.02597872
v 0.35230798 0.02817107 -0.02584982
v 0.35205007 0.02817107 -0.02574298
v 0.35178381 0.02817107 -0.02565904
v 0.35151127 0.02817107 -0.02559862
v 0.35123450 0.02817107 -0.02556218
v 0.35095558 0.02817107 -0.02555000
v 0.35067669 0.02817107 -0.02556218
v 0.35039991 0.02817107 -0.02559862
v 0.35012737 0.02817107 -0.02565904
v 0.34986112 0.02817107 -0.02574298
v 0.34960321 0.02817107 -0.02584982
v 0.34935558 0.02817107 -0.02597872
v 0.34912014 0.02817107 -0.02612871
v 0.34889868 0.02817107 -0.02629866
v 0.34869283 0.02817107 -0.02648726
v 0.34850425 0.02817107 -0.02669308
v 0.34833431 0.02817107 -0.02691456
v 0.34818432 0.02817107 -0.02715000
v 0.34805539 0.02817107 -0.02739762
v 0.34794858 0.02817107 -0.02765554
v 0.34786463 0.02817107 -0.02792178
v 0.34780422 0.02817107 -0.02819433
v 0.34776777 0.02817107 -0.02847110
v 0.32255000 0.06597107 -0.00760000
v 0.32256219 0.06597107 -0.00787890
v 0.32259861 0.06597107 -0.00815567
v 0.32265905 0.06597107 -0.00842822
v 0.32274297 0.06597107 -0.00869446
v 0.32284981 0.06597107 -0.00895238
v 0.32297871 0.06597107 -0.00920000
v 0.32312870 0.06597107 -0.00943544
v 0.32329866 0.06597107 -0.00965692
v 0.32348725 0.06597107 -0.00986274
v 0.32369307 0.06597107 -0.01005134
v 0.32391456 0.06597107 -0.01022129
v 0.32415000 0.06597107 -0.01037128
v 0.32439762 0.06597107 -0.01050019
v 0.32465553 0.06597107 -0.01060702
v 0.32492179 0.06597107 -0.01069096
v 0.32519433 0.06597107 -0.01075139
v 0.32547110 0.06597107 -0.01078782
v 0.32574999 0.06597107 -0.01080000
v 0.32602891 0.06597107 -0.01078782
v 0.32630569 0.06597107 -0.01075139
v 0.32657823 0.06597107 -0.01069096
v 0.32684445 0.06597107 -0.01060702
v 0.32710239 0.06597107 -0.01050019
v 0.32734999 0.06597107 -0.01037128
v 0.32758546 0.06597107 -0.01022129
v 0.32780692 0.06597107 -0.01005134
v 0.32801273 0.06597107 -0.00986274
v 0.32820135 0.06597107 -0.00965692
v 0.32837129 0.06597107 -0.00943544
v 0.32852128 0.06597107 -0.00920000
v 0.32865018 0.06597107 -0.00895238
v 0.32875702 0.06597107 -0.00869446
v 0.32884097 0.06597107 -0.00842822
v 0.32890138 0.06597107 -0.00815567
v 0.32893783 0.06597107 -0.00787890
v 0.32894999 0.06597107 -0.00760000
v 0.32893783 0.06597107 -0.00732110
v 0.32890138 0.06597107 -0.00704433
v 0.32884097 0.06597107 -0.00677178
v 0.32875702 0.06597107 -0.00650554
v 0.32865018 0.06597107 -0.00624762
v 0.32852128 0.06597107 -0.00600000
v 0.32837129 0.06597107 -0.00576456
v 0.32820135 0.06597107 -0.00554308
v 0.32801273 0.06597107 -0.00533726
v 0.32780692 0.06597107 -0.00514866
v 0.32758546 0.06597107 -0.00497871
v 0.32734999 0.06597107 -0.00482872
v 0.32710239 0.06597107 -0.00469982
v 0.32684445 0.06597107 -0.00459298
v 0.32657823 0.06597107 -0.00450904
v 0.32630569 0.06597107 -0.00444862
v 0.32602891 0.06597107 -0.00441218
v 0.32574999 0.06597107 -0.00440000
v 0.32547110 0.06597107 -0.00441218
v 0.32519433 0.06597107 -0.00444862
v 0.32492179 0.06597107 -0.00450904
v 0.32465553 0.06597107 -0.00459298
v 0.32439762 0.06597107 -0.00469982
v 0.32415000 0.06597107 -0.00482872
v 0.32391456 0.06597107 -0.00497871
v 0.32369307 0.06597107 -0.00514866
v 0.32348725 0.06597107 -0.00533726
v 0.32329866 0.06597107 -0.00554308
v 0.32312870 0.06597107 -0.00576456
v 0.32297871 0.06597107 -0.00600000
v 0.32284981 0.06597107 -0.00624762
v 0.32274297 0.06597107 -0.00650554
v 0.32265905 0.06597107 -0.00677178
v 0.32259861 0.06597107 -0.00704433
v 0.32256219 0.06597107 -0.00732110
v 0.32255000 0.02817107 -0.00760000
v 0.32256219 0.02817107 -0.00787890
v 0.32259861 0.02817107 -0.00815567
v 0.32265905 0.02817107 -0.00842822
v 0.32274297 0.02817107 -0.00869446
v 0.32284981 0.02817107 -0.00895238
v 0.32297871 0.02817107 -0.00920000
v 0.32312870 0.02817107 -0.00943544
v 0.32329866 0.02817107 -0.00965692
v 0.32348725 0.02817107 -0.00986274
v 0.32369307 0.02817107 -0.01005134
v 0.32391456 0.02817107 -0.01022129
v 0.32415000 0.02817107 -0.01037128
v 0.32439762 0.02817107 -0.01050019
v 0.32465553 0.02817107 -0.01060702
v 0.32492179 0.02817107 -0.01069096
v 0.32519433 0.02817107 -0.01075139
v 0.32547110 0.02817107 -0.01078782
v 0.32574999 0.02817107 -0.01080000
v 0.32602891 0.02817107 -0.01078782
v 0.32630569 0.02817107 -0.01075139
v 0.32657823 0.02817107 -0.01069096
v 0.32684445 0.02817107 -0.01060702
v 0.32710239 0.02817107 -0.01050019
v 0.32734999 0.02817107 -0.01037128
v 0.32758546 0.02817107 -0.01022129
v 0.32780692 0.02817107 -0.01005134
v 0.32801273 0.02817107 -0.00986274
v 0.32820135 0.02817107 -0.00965692
v 0.32837129 0.02817107 -0.00943544
v 0.32852128 0.02817107 -0.00920000
v 0.32865018 0.02817107 -0.00895238
v 0.32875702 0.02817107 -0.00869446
v 0.32884097 0.02817107 -0.00842822
v 0.32890138 0.02817107 -0.00815567
v 0.32893783 0.02817107 -0.00787890
v 0.32894999 0.02817107 -0.00760000
v 0.32893783 0.02817107 -0.00732110
v 0.32890138 0.02817107 -0.00704433
v 0.32884097 0.02817107 -0.00677178
v 0.32875702 0.02817107 -0.00650554
v 0.32865018 0.02817107 -0.00624762
v 0.32852128 0.02817107 -0.00600000
v 0.32837129 0.02817107 -0.00576456
v 0.32820135 0.02817107 -0.00554308
v 0.32801273 0.02817107 -0.00533726
v 0.32780692 0.02817107 -0.00514866
v 0.32758546 0.02817107 -0.00497871
v 0.32734999 0.02817107 -0.00482872
v 0.32710239 0.02817107 -0.00469982
v 0.32684445 0.02817107 -0.00459298
v 0.32657823 0.02817107 -0.00450904
v 0.32630569 0.02817107 -0.00444862
v 0.32602891 0.02817107 -0.00441218
v 0.32574999 0.02817107 -0.00440000
v 0.32547110 0.02817107 -0.00441218
v 0.32519433 0.02817107 -0.00444862
v 0.32492179 0.02817107 -0.00450904
v 0.32465553 0.02817107 -0.00459298
v 0.32439762 0.02817107 -0.00469982
v 0.32415000 0.02817107 -0.00482872
v 0.32391456 0.02817107 -0.00497871
v 0.32369307 0.02817107 -0.00514866
v 0.32348725 0.02817107 -0.00533726
v 0.32329866 0.02817107 -0.00554308
v 0.32312870 0.02817107 -0.00576456
v 0.32297871 0.02817107 -0.00600000
v 0.32284981 0.02817107 -0.00624762
v 0.32274297 0.02817107 -0.00650554
v 0.32265905 0.02817107 -0.00677178
v 0.32259861 0.02817107 -0.00704433
v 0.32256219 0.02817107 -0.00732110
v 0.41009861 0.05597107 -0.02930567
v 0.41006216 0.05597107 -0.02902890
v 0.41325000 0.05597107 -0.02875000
v 0.41005000 0.05597107 -0.02875000
v 0.41006216 0.05597107 -0.02847110
v 0.41034982 0.05597107 -0.03010238
v 0.41024297 0.05597107 -0.02984446
v 0.41015905 0.05597107 -0.02957822
v 0.41079867 0.05597107 -0.03080692
v 0.41062871 0.05597107 -0.03058545
v 0.41047871 0.05597107 -0.03035000
v 0.41141456 0.05597107 -0.03137129
v 0.41119307 0.05597107 -0.03120134
v 0.41098726 0.05597107 -0.03101274
v 0.41215554 0.05597107 -0.03175702
v 0.41189763 0.05597107 -0.03165019
v 0.41165000 0.05597107 -0.03152128
v 0.41297111 0.05597107 -0.03193782
v 0.41269433 0.05597107 -0.03190139
v 0.41242179 0.05597107 -0.03184096
v 0.41380566 0.05597107 -0.03190139
v 0.41352889 0.05597107 -0.03193782
v 0.41325000 0.05597107 -0.03195000
v 0.41460237 0.05597107 -0.03165019
v 0.41434446 0.05597107 -0.03175702
v 0.41407824 0.05597107 -0.03184096
v 0.41530693 0.05597107 -0.03120134
v 0.41508543 0.05597107 -0.03137129
v 0.41485000 0.05597107 -0.03152128
v 0.41587129 0.05597107 -0.03058545
v 0.41570133 0.05597107 -0.03080692
v 0.41551274 0.05597107 -0.03101274
v 0.41625702 0.05597107 -0.02984446
v 0.41615018 0.05597107 -0.03010238
v 0.41602129 0.05597107 -0.03035000
v 0.41643783 0.05597107 -0.02902890
v 0.41640139 0.05597107 -0.02930567
v 0.41634098 0.05597107 -0.02957822
v 0.41640139 0.05597107 -0.02819433
v 0.41643783 0.05597107 -0.02847110
v 0.41644999 0.05597107 -0.02875000
v 0.41615018 0.05597107 -0.02739762
v 0.41625702 0.05597107 -0.02765554
v 0.41634098 0.05597107 -0.02792178
v 0.41570133 0.05597107 -0.02669308
v 0.41587129 0.05597107 -0.02691456
v 0.41602129 0.05597107 -0.02715000
v 0.41508543 0.05597107 -0.02612871
v 0.41530693 0.05597107 -0.02629866
v 0.41551274 0.05597107 -0.02648726
v 0.41434446 0.05597107 -0.02574298
v 0.41460237 0.05597107 -0.02584982
v 0.41485000 0.05597107 -0.02597872
v 0.41352889 0.05597107 -0.02556218
v 0.41380566 0.05597107 -0.02559862
v 0.41407824 0.05597107 -0.02565904
v 0.41269433 0.05597107 -0.02559862
v 0.41297111 0.05597107 -0.02556218
v 0.41325000 0.05597107 -0.02555000
v 0.41189763 0.05597107 -0.02584982
v 0.41215554 0.05597107 -0.02574298
v 0.41242179 0.05597107 -0.02565904
v 0.41119307 0.05597107 -0.02629866
v 0.41141456 0.05597107 -0.02612871
v 0.41165000 0.05597107 -0.02597872
v 0.41062871 0.05597107 -0.02691456
v 0.41079867 0.05597107 -0.02669308
v 0.41098726 0.05597107 -0.02648726
v 0.41024297 0.05597107 -0.02765554
v 0.41034982 0.05597107 -0.02739762
v 0.41047871 0.05597107 -0.02715000
v 0.41009861 0.05597107 -0.02819433
v 0.41015905 0.05597107 -0.02792178
v 0.41009861 0.03817107 -0.02819433
v 0.41006216 0.03817107 -0.02847110
v 0.41325000 0.03817107 -0.02875000
v 0.41005000 0.03817107 -0.02875000
v 0.41006216 0.03817107 -0.02902890
v 0.41034982 0.03817107 -0.02739762
v 0.41024297 0.03817107 -0.02765554
v 0.41015905 0.03817107 -0.02792178
v 0.41079867 0.03817107 -0.02669308
v 0.41062871 0.03817107 -0.02691456
v 0.41047871 0.03817107 -0.02715000
v 0.41141456 0.03817107 -0.02612871
v 0.41119307 0.03817107 -0.02629866
v 0.41098726 0.03817107 -0.02648726
v 0.41215554 0.03817107 -0.02574298
v 0.41189763 0.03817107 -0.02584982
v 0.41165000 0.03817107 -0.02597872
v 0.41297111 0.03817107 -0.02556218
v 0.41269433 0.03817107 -0.02559862
v 0.41242179 0.03817107 -0.02565904
v 0.41380566 0.03817107 -0.02559862
v 0.41352889 0.03817107 -0.02556218
v 0.41325000 0.03817107 -0.02555000
v 0.41460237 0.03817107 -0.02584982
v 0.41434446 0.03817107 -0.02574298
v 0.41407824 0.03817107 -0.02565904
v 0.41530693 0.03817107 -0.02629866
v 0.41508543 0.03817107 -0.02612871
v 0.41485000 0.03817107 -0.02597872
v 0.41587129 0.03817107 -0.02691456
v 0.41570133 0.03817107 -0.02669308
v 0.41551274 0.03817107 -0.02648726
v 0.41625702 0.03817107 -0.02765554
v 0.41615018 0.03817107 -0.02739762
v 0.41602129 0.03817107 -0.02715000
v 0.41643783 0.03817107 -0.02847110
v 0.41640139 0.03817107 -0.02819433
v 0.41634098 0.03817107 -0.02792178
v 0.41640139 0.03817107 -0.02930567
v 0.41643783 0.03817107 -0.02902890
v 0.41644999 0.03817107 -0.02875000
v 0.41615018 0.03817107 -0.03010238
v 0.41625702 0.03817107 -0.02984446
v 0.41634098 0.03817107 -0.02957822
v 0.41570133 0.03817107 -0.03080692
v 0.41587129 0.03817107 -0.03058545
v 0.41602129 0.03817107 -0.03035000
v 0.41508543 0.03817107 -0.03137129
v 0.41530693 0.03817107 -0.03120134
v 0.41551274 0.03817107 -0.03101274
v 0.41434446 0.03817107 -0.03175702
v 0.41460237 0.03817107 -0.03165019
v 0.41485000 0.03817107 -0.03152128
v 0.41352889 0.03817107 -0.03193782
v 0.41380566 0.03817107 -0.03190139
v 0.41407824 0.03817107 -0.03184096
v 0.41269433 0.03817107 -0.03190139
v 0.41297111 0.03817107 -0.03193782
v 0.41325000 0.03817107 -0.03195000
v 0.41189763 0.03817107 -0.03165019
v 0.41215554 0.03817107 -0.03175702
v 0.41242179 0.03817107 -0.03184096
v 0.41119307 0.03817107 -0.03120134
v 0.41141456 0.03817107 -0.03137129
v 0.41165000 0.03817107 -0.03152128
v 0.41062871 0.03817107 -0.03058545
v 0.41079867 0.03817107 -0.03080692
v 0.41098726 0.03817107 -0.03101274
v 0.41024297 0.03817107 -0.02984446
v 0.41034982 0.03817107 -0.03010238
v 0.41047871 0.03817107 -0.03035000
v 0.41009861 0.03817107 -0.02930567
v 0.41015905 0.03817107 -0.02957822
v 0.31950000 0.06847107 -0.00760000
v 0.32133058 0.06847107 -0.01201942
v 0.32096222 0.06847107 -0.01161742
v 0.32063031 0.06847107 -0.01118485
v 0.32033736 0.06847107 -0.01072500
v 0.32008559 0.06847107 -0.01024136
v 0.31987691 0.06847107 -0.00973763
v 0.31971297 0.06847107 -0.00921762
v 0.31959495 0.06847107 -0.00868530
v 0.31952378 0.06847107 -0.00814472
v 0.39495099 0.04717107 -0.00300000
v 0.39495099 0.04717107 0.00030000
v 0.38745099 0.04717107 -0.00300000
v 0.38745099 0.04717107 0.00030000
v 0.39495340 0.04725625 0.00094705
v 0.39495251 0.04723030 0.00084098
v 0.39495724 0.04734129 0.00092948
v 0.39495188 0.04720905 0.00073412
v 0.39495146 0.04719247 0.00062640
v 0.39495119 0.04718058 0.00051789
v 0.39495105 0.04717346 0.00040935
v 0.39496875 0.04750600 0.00155000
v 0.39496452 0.04745357 0.00145444
v 0.39496106 0.04740530 0.00135655
v 0.39495835 0.04736147 0.00125697
v 0.39495623 0.04732184 0.00115505
v 0.39495459 0.04728669 0.00105149
v 0.39496922 0.04751121 0.00155896
v 0.39501905 0.04790334 0.00206781
v 0.39500707 0.04782810 0.00198923
v 0.39499664 0.04775596 0.00190697
v 0.39498776 0.04768758 0.00182176
v 0.39498028 0.04762319 0.00173394
v 0.39508647 0.04823713 0.00234788
v 0.39506641 0.04814914 0.00228336
v 0.39504859 0.04806410 0.00221511
v 0.39502671 0.04794799 0.00211135
v 0.39522195 0.04870592 0.00260618
v 0.39519164 0.04861452 0.00256577
v 0.39516148 0.04851717 0.00251777
v 0.39513379 0.04842107 0.00246506
v 0.39512208 0.04837810 0.00243968
v 0.39534292 0.04902402 0.00271481
v 0.39530045 0.04891950 0.00268435
v 0.39526105 0.04881602 0.00264923
v 0.39525449 0.04879814 0.00264265
v 0.39554712 0.04945318 0.00279049
v 0.39549115 0.04934546 0.00277870
v 0.39543805 0.04923695 0.00276202
v 0.39542314 0.04920529 0.00275623
v 0.39562657 0.04959607 0.00279887
v 0.40504277 0.04734129 0.00092948
v 0.39495000 0.04707107 -0.00300000
v 0.39496922 0.04663093 -0.00300000
v 0.39502671 0.04619414 -0.00300000
v 0.39512208 0.04576403 -0.00300000
v 0.39525455 0.04534386 -0.00300000
v 0.39542314 0.04493685 -0.00300000
v 0.39562657 0.04454607 -0.00300000
v 0.39586329 0.04417451 -0.00300000
v 0.39613149 0.04382499 -0.00300000
v 0.39642912 0.04350018 -0.00300000
v 0.39675391 0.04320254 -0.00300000
v 0.39710343 0.04293435 -0.00300000
v 0.39747500 0.04269764 -0.00300000
v 0.39786577 0.04249422 -0.00300000
v 0.39827278 0.04232562 -0.00300000
v 0.39869297 0.04219314 -0.00300000
v 0.39912307 0.04209779 -0.00300000
v 0.39955986 0.04204028 -0.00300000
v 0.40000001 0.04202107 -0.00300000
v 0.40044013 0.04204028 -0.00300000
v 0.40087691 0.04209779 -0.00300000
v 0.40130705 0.04219314 -0.00300000
v 0.40172720 0.04232562 -0.00300000
v 0.40213421 0.04249422 -0.00300000
v 0.40252501 0.04269764 -0.00300000
v 0.40289655 0.04293435 -0.00300000
v 0.40324607 0.04320254 -0.00300000
v 0.40357089 0.04350018 -0.00300000
v 0.40386853 0.04382499 -0.00300000
v 0.40413672 0.04417451 -0.00300000
v 0.40437344 0.04454607 -0.00300000
v 0.40457684 0.04493685 -0.00300000
v 0.40474546 0.04534386 -0.00300000
v 0.40487793 0.04576403 -0.00300000
v 0.40497327 0.04619414 -0.00300000
v 0.40503079 0.04663093 -0.00300000
v 0.40505001 0.04707107 -0.00300000
v 0.38745099 0.04881602 0.00264923
v 0.38745099 0.04945318 0.00279049
v 0.38745099 0.04923695 0.00276202
v 0.38745099 0.04902402 0.00271481
v 0.38745099 0.04861452 0.00256577
v 0.38745099 0.04842107 0.00246506
v 0.38745099 0.04823713 0.00234788
v 0.38745099 0.04806410 0.00221511
v 0.38745099 0.04790330 0.00206777
v 0.38745099 0.04775596 0.00190697
v 0.38745099 0.04762319 0.00173394
v 0.38745099 0.04750600 0.00155000
v 0.38745099 0.04740530 0.00135655
v 0.38745099 0.04732184 0.00115505
v 0.38745099 0.04725625 0.00094705
v 0.38745099 0.04720905 0.00073412
v 0.38745099 0.04718058 0.00051789
v 0.38745099 0.03692107 -0.01015000
v 0.36745098 0.03692107 -0.01015000
v 0.38745099 0.03692107 -0.00300000
v 0.36745098 0.03692107 -0.00300000
v 0.37509459 0.04597226 -0.01015000
v 0.37500778 0.04618182 -0.01015000
v 0.37493959 0.04639814 -0.01015000
v 0.38005099 0.04707107 -0.01015000
v 0.38004109 0.04729767 -0.01015000
v 0.38745099 0.05722107 -0.01015000
v 0.38004109 0.04684446 -0.01015000
v 0.38001150 0.04661958 -0.01015000
v 0.37996238 0.04639814 -0.01015000
v 0.37489048 0.04661958 -0.01015000
v 0.37486088 0.04684446 -0.01015000
v 0.36745098 0.05722107 -0.01015000
v 0.37485099 0.04707107 -0.01015000
v 0.37486088 0.04729767 -0.01015000
v 0.37928948 0.04890954 -0.01015000
v 0.37944269 0.04874232 -0.01015000
v 0.37958080 0.04856237 -0.01015000
v 0.37970266 0.04837107 -0.01015000
v 0.37980738 0.04816987 -0.01015000
v 0.37989420 0.04796032 -0.01015000
v 0.37996238 0.04774400 -0.01015000
v 0.38001150 0.04752255 -0.01015000
v 0.37989420 0.04618182 -0.01015000
v 0.37980738 0.04597226 -0.01015000
v 0.37970266 0.04577107 -0.01015000
v 0.37958080 0.04557977 -0.01015000
v 0.37944269 0.04539982 -0.01015000
v 0.37928948 0.04523259 -0.01015000
v 0.37912223 0.04507935 -0.01015000
v 0.37894228 0.04494127 -0.01015000
v 0.37875098 0.04481940 -0.01015000
v 0.37561250 0.04523259 -0.01015000
v 0.37545928 0.04539982 -0.01015000
v 0.37656173 0.04462787 -0.01015000
v 0.37635219 0.04471467 -0.01015000
v 0.37615100 0.04481940 -0.01015000
v 0.37532118 0.04557977 -0.01015000
v 0.37519932 0.04577107 -0.01015000
v 0.37489048 0.04752255 -0.01015000
v 0.37493959 0.04774400 -0.01015000
v 0.37500778 0.04796032 -0.01015000
v 0.37854978 0.04471467 -0.01015000
v 0.37834024 0.04462787 -0.01015000
v 0.37812391 0.04455966 -0.01015000
v 0.37595969 0.04494127 -0.01015000
v 0.37577975 0.04507935 -0.01015000
v 0.37509459 0.04816987 -0.01015000
v 0.37519932 0.04837107 -0.01015000
v 0.37532118 0.04856237 -0.01015000
v 0.37722439 0.04448096 -0.01015000
v 0.37699950 0.04451057 -0.01015000
v 0.37677807 0.04455966 -0.01015000
v 0.37545928 0.04874232 -0.01015000
v 0.37561250 0.04890954 -0.01015000
v 0.37577975 0.04906278 -0.01015000
v 0.37790248 0.04451057 -0.01015000
v 0.37767759 0.04448096 -0.01015000
v 0.37745100 0.04447107 -0.01015000
v 0.37677807 0.04958247 -0.01015000
v 0.37656173 0.04951427 -0.01015000
v 0.37635219 0.04942747 -0.01015000
v 0.37767759 0.04966117 -0.01015000
v 0.37790248 0.04963157 -0.01015000
v 0.37812391 0.04958247 -0.01015000
v 0.37875098 0.04932274 -0.01015000
v 0.37894228 0.04920086 -0.01015000
v 0.37912223 0.04906278 -0.01015000
v 0.37595969 0.04920086 -0.01015000
v 0.37615100 0.04932274 -0.01015000
v 0.37834024 0.04951427 -0.01015000
v 0.37854978 0.04942747 -0.01015000
v 0.37699950 0.04963157 -0.01015000
v 0.37722439 0.04966117 -0.01015000
v 0.37745100 0.04967107 -0.01015000
v 0.36745098 0.06597107 -0.01398423
v 0.36745098 0.02817107 -0.01398423
v 0.36745098 0.02817107 -0.00300000
v 0.37996238 0.04774400 -0.02015000
v 0.37989420 0.04796032 -0.02015000
v 0.38256660 0.04859629 -0.02015000
v 0.37486088 0.04684446 -0.02015000
v 0.37431967 0.02817107 -0.02015000
v 0.37485099 0.04707107 -0.02015000
v 0.37431967 0.06597107 -0.02015000
v 0.37486088 0.04729767 -0.02015000
v 0.37489048 0.04661958 -0.02015000
v 0.37493959 0.04639814 -0.02015000
v 0.37500778 0.04618182 -0.02015000
v 0.38309631 0.05160040 -0.02015000
v 0.38276586 0.05010991 -0.02015000
v 0.37970266 0.04837107 -0.02015000
v 0.37980738 0.04816987 -0.02015000
v 0.37509459 0.04816987 -0.02015000
v 0.37500778 0.04796032 -0.02015000
v 0.38004109 0.04684446 -0.02015000
v 0.38005099 0.04707107 -0.02015000
v 0.38249999 0.04707107 -0.02015000
v 0.38004109 0.04729767 -0.02015000
v 0.38001150 0.04752255 -0.02015000
v 0.37561250 0.04890954 -0.02015000
v 0.37545928 0.04874232 -0.02015000
v 0.37493959 0.04774400 -0.02015000
v 0.37489048 0.04752255 -0.02015000
v 0.38001150 0.04661958 -0.02015000
v 0.38256660 0.04554584 -0.02015000
v 0.37996238 0.04639814 -0.02015000
v 0.37532118 0.04856237 -0.02015000
v 0.37519932 0.04837107 -0.02015000
v 0.37509459 0.04597226 -0.02015000
v 0.37519932 0.04577107 -0.02015000
v 0.37532118 0.04557977 -0.02015000
v 0.37545928 0.04539982 -0.02015000
v 0.37561250 0.04523259 -0.02015000
v 0.37577975 0.04507935 -0.02015000
v 0.38484454 0.03832107 -0.02015000
v 0.38566485 0.03703348 -0.02015000
v 0.38730663 0.03310601 -0.02015000
v 0.38355538 0.04108572 -0.02015000
v 0.37912223 0.04507935 -0.02015000
v 0.37928948 0.04523259 -0.02015000
v 0.38276586 0.04403222 -0.02015000
v 0.37980738 0.04597226 -0.02015000
v 0.37989420 0.04618182 -0.02015000
v 0.37595969 0.04494127 -0.02015000
v 0.37615100 0.04481940 -0.02015000
v 0.37635219 0.04471467 -0.02015000
v 0.37656173 0.04462787 -0.02015000
v 0.37677807 0.04455966 -0.02015000
v 0.37699950 0.04451057 -0.02015000
v 0.38309631 0.04254173 -0.02015000
v 0.37944269 0.04539982 -0.02015000
v 0.37958080 0.04557977 -0.02015000
v 0.37970266 0.04577107 -0.02015000
v 0.37958080 0.04856237 -0.02015000
v 0.37944269 0.04874232 -0.02015000
v 0.38355538 0.05305642 -0.02015000
v 0.37928948 0.04890954 -0.02015000
v 0.37912223 0.04906278 -0.02015000
v 0.37894228 0.04920086 -0.02015000
v 0.38484454 0.05582107 -0.02015000
v 0.38413963 0.05446689 -0.02015000
v 0.37656173 0.04951427 -0.02015000
v 0.37635219 0.04942747 -0.02015000
v 0.37615100 0.04932274 -0.02015000
v 0.37834024 0.04462787 -0.02015000
v 0.38273925 0.02818978 -0.02015000
v 0.37812391 0.04455966 -0.02015000
v 0.38230705 0.02817107 -0.02015000
v 0.37790248 0.04451057 -0.02015000
v 0.37875098 0.04481940 -0.02015000
v 0.38722074 0.03224593 -0.02015000
v 0.38712236 0.03182468 -0.02015000
v 0.38413963 0.03967525 -0.02015000
v 0.37894228 0.04494127 -0.02015000
v 0.38728231 0.03267411 -0.02015000
v 0.38623881 0.03625996 -0.02015000
v 0.38645399 0.03596446 -0.02015000
v 0.38729355 0.03353839 -0.02015000
v 0.38623881 0.05788215 -0.02015000
v 0.38566485 0.05710866 -0.02015000
v 0.38730583 0.06108255 -0.02015000
v 0.37595969 0.04920086 -0.02015000
v 0.37577975 0.04906278 -0.02015000
v 0.37722439 0.04448096 -0.02015000
v 0.37745100 0.04447107 -0.02015000
v 0.37767759 0.04448096 -0.02015000
v 0.38400358 0.02846768 -0.02015000
v 0.38359067 0.02833864 -0.02015000
v 0.38316819 0.02824578 -0.02015000
v 0.37854978 0.04471467 -0.02015000
v 0.38549879 0.02932232 -0.02015000
v 0.38515419 0.02906085 -0.02015000
v 0.38703212 0.03480623 -0.02015000
v 0.38715577 0.03439170 -0.02015000
v 0.38724315 0.03396803 -0.02015000
v 0.38648966 0.05823138 -0.02015000
v 0.38697517 0.06276239 -0.02015000
v 0.38711181 0.06235468 -0.02015000
v 0.37875098 0.04932274 -0.02015000
v 0.37722439 0.04966117 -0.02015000
v 0.37699950 0.04963157 -0.02015000
v 0.37677807 0.04958247 -0.02015000
v 0.38478824 0.02883014 -0.02015000
v 0.38440377 0.02863192 -0.02015000
v 0.38698798 0.03141350 -0.02015000
v 0.38681856 0.03101548 -0.02015000
v 0.38661534 0.03063360 -0.02015000
v 0.38637990 0.03027071 -0.02015000
v 0.38611394 0.02992952 -0.02015000
v 0.38581952 0.02961261 -0.02015000
v 0.38609719 0.06423221 -0.02015000
v 0.38636336 0.06389450 -0.02015000
v 0.37854978 0.04942747 -0.02015000
v 0.38659954 0.06353515 -0.02015000
v 0.38680398 0.06315686 -0.02015000
v 0.38727775 0.06151164 -0.02015000
v 0.38721293 0.06193673 -0.02015000
v 0.38316309 0.06589724 -0.02015000
v 0.38358319 0.06580547 -0.02015000
v 0.37834024 0.04951427 -0.02015000
v 0.37812391 0.04958247 -0.02015000
v 0.37790248 0.04963157 -0.02015000
v 0.38230705 0.06597107 -0.02015000
v 0.37767759 0.04966117 -0.02015000
v 0.37745100 0.04967107 -0.02015000
v 0.38687310 0.03520853 -0.02015000
v 0.38477480 0.06531966 -0.02015000
v 0.38513932 0.06509154 -0.02015000
v 0.38548288 0.06483295 -0.02015000
v 0.38580295 0.06454580 -0.02015000
v 0.38273668 0.06595258 -0.02015000
v 0.38399386 0.06567795 -0.02015000
v 0.38439205 0.06551561 -0.02015000
v 0.38667992 0.03559557 -0.02015000
v 0.38729692 0.06065263 -0.02015000
v 0.38725111 0.06022507 -0.02015000
v 0.38716871 0.05980304 -0.02015000
v 0.38705039 0.05938963 -0.02015000
v 0.38689697 0.05898793 -0.02015000
v 0.38670960 0.05860089 -0.02015000
v 0.37410179 0.02817107 -0.02014049
v 0.37410179 0.06597107 -0.02014049
v 0.37388557 0.02817107 -0.02011202
v 0.37388557 0.06597107 -0.02011202
v 0.37367263 0.02817107 -0.02006481
v 0.37367263 0.06597107 -0.02006481
v 0.37346464 0.02817107 -0.01999923
v 0.37346464 0.06597107 -0.01999923
v 0.37326315 0.02817107 -0.01991577
v 0.37326315 0.06597107 -0.01991577
v 0.37306967 0.02817107 -0.01981506
v 0.37306967 0.06597107 -0.01981506
v 0.37288573 0.02817107 -0.01969788
v 0.37288573 0.06597107 -0.01969788
v 0.37271270 0.02817107 -0.01956511
v 0.37271270 0.06597107 -0.01956511
v 0.36834401 0.06597107 -0.01589934
v 0.36834401 0.02817107 -0.01589934
v 0.36746049 0.06597107 -0.01420212
v 0.36746049 0.02817107 -0.01420212
v 0.36748898 0.06597107 -0.01441835
v 0.36748898 0.02817107 -0.01441835
v 0.36753619 0.06597107 -0.01463128
v 0.36753619 0.02817107 -0.01463128
v 0.36760175 0.06597107 -0.01483928
v 0.36760175 0.02817107 -0.01483928
v 0.36768523 0.06597107 -0.01504078
v 0.36768523 0.02817107 -0.01504078
v 0.36778593 0.06597107 -0.01523423
v 0.36778593 0.02817107 -0.01523423
v 0.36790311 0.06597107 -0.01541817
v 0.36790311 0.02817107 -0.01541817
v 0.36803588 0.06597107 -0.01559120
v 0.36803588 0.02817107 -0.01559120
v 0.36818323 0.06597107 -0.01575200
v 0.36818323 0.02817107 -0.01575200
v 0.32200000 0.06597107 -0.00760000
v 0.32201427 0.06597107 -0.00792683
v 0.32205698 0.06597107 -0.00825118
v 0.32212779 0.06597107 -0.00857057
v 0.32222617 0.06597107 -0.00888258
v 0.32235134 0.06597107 -0.00918482
v 0.32250240 0.06597107 -0.00947500
v 0.32309836 0.06597107 -0.01025165
v 0.32267818 0.06597107 -0.00975091
v 0.32287735 0.06597107 -0.01001045
f 1 2 3
f 2 4 3
f 3 4 5
f 4 6 5
f 5 6 7
f 6 8 7
f 7 8 9
f 8 10 9
f 9 10 11
f 10 12 11
f 11 12 13
f 12 14 13
f 13 14 15
f 14 16 15
f 15 16 17
f 16 18 17
f 17 18 19
f 18 20 19
f 19 20 21
f 20 22 21
f 21 22 23
f 22 24 23
f 23 24 25
f 24 26 25
f 25 26 27
f 26 28 27
f 27 28 29
f 28 30 29
f 29 30 31
f 30 32 31
f 31 32 33
f 32 34 33
f 33 34 35
f 34 36 35
f 35 36 37
f 36 38 37
f 37 38 39
f 38 40 39
f 39 40 41
f 40 42 41
f 41 42 43
f 42 44 43
f 43 44 45
f 44 46 45
f 45 46 47
f 46 48 47
f 47 48 49
f 48 50 49
f 49 50 51
f 50 52 51
f 51 52 53
f 52 54 53
f 53 54 55
f 54 56 55
f 55 56 57
f 56 58 57
f 57 58 59
f 58 60 59
f 59 60 61
f 60 62 61
f 61 62 63
f 62 64 63
f 63 64 65
f 64 66 65
f 65 66 67
f 66 68 67
f 67 68 69
f 68 70 69
f 69 70 71
f 70 72 71
f 71 72 73
f 72 74 73
f 73 74 75
f 74 76 75
f 75 76 77
f 76 78 77
f 77 78 79
f 78 80 79
f 79 80 81
f 80 82 81
f 81 82 83
f 82 84 83
f 83 84 85
f 84 86 85
f 85 86 87
f 86 88 87
f 87 88 89
f 88 90 89
f 89 90 91
f 90 92 91
f 91 92 93
f 92 94 93
f 93 94 95
f 94 96 95
f 95 96 97
f 96 98 97
f 97 98 99
f 98 100 99
f 99 100 101
f 100 102 101
f 101 102 103
f 102 104 103
f 103 104 105
f 104 106 105
f 105 106 107
f 106 108 107
f 107 108 109
f 108 110 109
f 109 110 111
f 110 112 111
f 111 112 113
f 112 114 113
f 113 114 115
f 114 116 115
f 115 116 117
f 116 118 117
f 117 118 119
f 118 120 119
f 119 120 121
f 120 122 121
f 121 122 123
f 122 124 123
f 123 124 125
f 124 126 125
f 125 126 127
f 126 128 127
f 127 128 129
f 128 130 129
f 129 130 131
f 130 132 131
f 131 132 133
f 132 134 133
f 133 134 135
f 134 136 135
f 135 136 137
f 136 138 137
f 137 138 139
f 138 140 139
f 139 140 141
f 140 142 141
f 141 142 143
f 142 144 143
f 143 144 1
f 144 2 1
f 40 145 42
f 145 146 42
f 42 146 44
f 146 147 44
f 44 147 46
f 147 148 46
f 46 148 48
f 148 149 48
f 48 149 50
f 149 150 50
f 50 150 52
f 150 151 52
f 52 151 54
f 151 152 54
f 54 152 56
f 152 153 56
f 56 153 58
f 153 154 58
f 58 154 60
f 154 155 60
f 60 155 62
f 155 156 62
f 62 156 64
f 156 157 64
f 64 157 66
f 157 158 66
f 66 158 68
f 158 159 68
f 68 159 70
f 159 160 70
f 70 160 72
f 160 161 72
f 72 161 74
f 161 162 74
f 74 162 76
f 162 163 76
f 76 163 78
f 163 164 78
f 78 164 80
f 164 165 80
f 80 165 82
f 165 166 82
f 82 166 84
f 166 167 84
f 84 167 86
f 167 168 86
f 86 168 88
f 168 169 88
f 88 169 90
f 169 170 90
f 90 170 92
f 170 171 92
f 92 171 94
f 171 172 94
f 94 172 96
f 172 173 96
f 96 173 98
f 173 174 98
f 98 174 100
f 174 175 100
f 100 175 102
f 175 176 102
f 102 176 104
f 176 177 104
f 104 177 106
f 177 178 106
f 106 178 108
f 178 179 108
f 108 179 110
f 179 180 110
f 110 180 112
f 180 181 112
f 112 181 114
f 181 182 114
f 114 182 116
f 182 183 116
f 116 183 118
f 183 184 118
f 118 184 120
f 184 185 120
f 120 185 122
f 185 186 122
f 122 186 124
f 186 187 124
f 124 187 126
f 187 188 126
f 126 188 128
f 188 189 128
f 128 189 130
f 189 190 130
f 130 190 132
f 190 191 132
f 132 191 134
f 191 192 134
f 134 192 136
f 192 193 136
f 136 193 138
f 193 194 138
f 138 194 140
f 194 195 140
f 140 195 142
f 195 196 142
f 142 196 144
f 196 197 144
f 144 197 2
f 197 198 2
f 2 198 4
f 198 199 4
f 4 199 6
f 199 200 6
f 6 200 8
f 200 201 8
f 8 201 10
f 201 202 10
f 10 202 12
f 202 203 12
f 12 203 14
f 203 204 14
f 14 204 16
f 204 205 16
f 16 205 18
f 205 206 18
f 18 206 20
f 206 207 20
f 20 207 22
f 207 208 22
f 22 208 24
f 208 209 24
f 24 209 26
f 209 210 26
f 26 210 28
f 210 211 28
f 28 211 30
f 211 212 30
f 30 212 32
f 212 213 32
f 32 213 34
f 213 214 34
f 34 214 36
f 214 215 36
f 36 215 38
f 215 216 38
f 38 216 40
f 216 145 40
f 217 39 218
f 39 41 218
f 218 41 219
f 41 43 219
f 219 43 220
f 43 45 220
f 220 45 221
f 45 47 221
f 221 47 222
f 47 49 222
f 222 49 223
f 49 51 223
f 223 51 224
f 51 53 224
f 224 53 225
f 53 55 225
f 225 55 226
f 55 57 226
f 226 57 227
f 57 59 227
f 227 59 228
f 59 61 228
f 228 61 229
f 61 63 229
f 229 63 230
f 63 65 230
f 230 65 231
f 65 67 231
f 231 67 232
f 67 69 232
f 232 69 233
f 69 71 233
f 233 71 234
f 71 73 234
f 234 73 235
f 73 75 235
f 235 75 236
f 75 77 236
f 236 77 237
f 77 79 237
f 237 79 238
f 79 81 238
f 238 81 239
f 81 83 239
f 239 83 240
f 83 85 240
f 240 85 241
f 85 87 241
f 241 87 242
f 87 89 242
f 242 89 243
f 89 91 243
f 243 91 244
f 91 93 244
f 244 93 245
f 93 95 245
f 245 95 246
f 95 97 246
f 246 97 247
f 97 99 247
f 247 99 248
f 99 101 248
f 248 101 249
f 101 103 249
f 249 103 250
f 103 105 250
f 250 105 251
f 105 107 251
f 251 107 252
f 107 109 252
f 252 109 253
f 109 111 253
f 253 111 254
f 111 113 254
f 254 113 255
f 113 115 255
f 255 115 256
f 115 117 256
f 256 117 257
f 117 119 257
f 257 119 258
f 119 121 258
f 258 121 259
f 121 123 259
f 259 123 260
f 123 125 260
f 260 125 261
f 125 127 261
f 261 127 262
f 127 129 262
f 262 129 263
f 129 131 263
f 263 131 264
f 131 133 264
f 264 133 265
f 133 135 265
f 265 135 266
f 135 137 266
f 266 137 267
f 137 139 267
f 267 139 268
f 139 141 268
f 268 141 269
f 141 143 269
f 269 143 270
f 143 1 270
f 270 1 271
f 1 3 271
f 271 3 272
f 3 5 272
f 272 5 273
f 5 7 273
f 273 7 274
f 7 9 274
f 274 9 275
f 9 11 275
f 275 11 276
f 11 13 276
f 276 13 277
f 13 15 277
f 277 15 278
f 15 17 278
f 278 17 279
f 17 19 279
f 279 19 280
f 19 21 280
f 280 21 281
f 21 23 281
f 281 23 282
f 23 25 282
f 282 25 283
f 25 27 283
f 283 27 284
f 27 29 284
f 284 29 285
f 29 31 285
f 285 31 286
f 31 33 286
f 286 33 287
f 33 35 287
f 287 35 288
f 35 37 288
f 288 37 217
f 37 39 217
f 289 290 291
f 292 293 294
f 295 296 297
f 298 299 300
f 299 301 300
f 302 303 304
f 303 305 304
f 304 305 300
f 305 306 300
f 300 306 298
f 302 304 307
f 304 308 307
f 307 308 309
f 310 311 312
f 311 313 312
f 312 313 308
f 313 314 308
f 308 314 309
f 315 316 317
f 316 318 317
f 317 318 319
f 318 320 319
f 321 322 323
f 322 324 323
f 323 324 325
f 324 326 325
f 325 326 320
f 326 327 320
f 320 327 319
f 328 329 330
f 329 331 330
f 330 331 332
f 331 333 332
f 332 333 321
f 333 334 321
f 321 334 322
f 335 336 337
f 336 338 337
f 337 338 330
f 338 339 330
f 330 339 328
f 340 341 342
f 341 343 342
f 342 343 344
f 343 335 344
f 344 335 345
f 335 337 345
f 297 296 342
f 296 346 342
f 342 346 340
f 295 297 347
f 297 348 347
f 347 348 349
f 348 350 349
f 349 350 351
f 352 353 350
f 353 354 350
f 350 354 351
f 355 356 357
f 355 357 358
f 357 359 358
f 359 360 358
f 358 360 352
f 360 361 352
f 352 361 353
f 362 363 364
f 363 365 364
f 364 365 366
f 365 367 366
f 366 367 355
f 367 368 355
f 355 368 356
f 369 370 362
f 370 371 362
f 362 371 363
f 362 372 369
f 372 373 369
f 369 373 374
f 375 376 377
f 376 378 377
f 377 378 379
f 378 380 379
f 379 380 381
f 380 382 381
f 381 382 373
f 382 383 373
f 373 383 374
f 375 377 384
f 377 385 384
f 384 385 386
f 385 387 386
f 386 387 388
f 389 390 391
f 389 391 387
f 391 392 387
f 387 392 388
f 393 394 395
f 394 396 395
f 395 396 389
f 396 397 389
f 389 397 390
f 398 399 393
f 399 400 393
f 393 400 394
f 401 402 398
f 402 403 398
f 398 403 399
f 404 405 406
f 405 407 406
f 406 407 401
f 407 408 401
f 401 408 402
f 404 406 409
f 406 410 409
f 409 410 411
f 410 412 411
f 411 412 413
f 413 412 414
f 412 415 414
f 414 415 416
f 416 415 417
f 415 418 417
f 417 418 419
f 419 418 420
f 418 421 420
f 420 421 422
f 423 424 425
f 424 426 425
f 425 426 421
f 426 427 421
f 421 427 422
f 428 429 430
f 429 431 430
f 430 431 423
f 431 432 423
f 423 432 424
f 433 434 435
f 434 436 435
f 435 436 437
f 436 438 437
f 437 438 439
f 439 438 440
f 438 441 440
f 440 441 442
f 441 443 442
f 442 443 444
f 444 443 445
f 443 446 445
f 445 446 447
f 448 449 446
f 449 450 446
f 446 450 447
f 451 452 448
f 452 453 448
f 448 453 449
f 454 292 455
f 292 294 455
f 455 294 456
f 358 457 355
f 457 458 355
f 355 458 366
f 458 459 366
f 366 459 364
f 459 460 364
f 364 460 362
f 460 461 362
f 362 461 372
f 461 462 372
f 372 462 373
f 344 463 342
f 463 464 342
f 342 464 297
f 464 465 297
f 297 465 348
f 465 466 348
f 466 467 348
f 348 467 350
f 467 468 350
f 350 468 352
f 468 469 352
f 352 469 358
f 469 470 358
f 358 470 457
f 289 471 472
f 471 473 472
f 474 475 473
f 475 476 473
f 473 476 472
f 477 478 479
f 478 480 479
f 479 480 481
f 480 482 481
f 481 482 474
f 482 483 474
f 474 483 475
f 291 484 289
f 484 485 289
f 289 485 471
f 485 486 471
f 471 486 473
f 486 487 473
f 473 487 474
f 487 488 474
f 474 488 481
f 488 489 481
f 481 489 479
f 489 490 479
f 479 490 477
f 325 491 323
f 491 492 323
f 323 492 321
f 492 493 321
f 321 493 332
f 493 494 332
f 332 494 330
f 494 495 330
f 330 495 337
f 495 496 337
f 337 496 345
f 496 497 345
f 345 497 344
f 497 498 344
f 344 498 463
f 499 486 316
f 486 485 316
f 316 485 318
f 485 484 318
f 318 484 320
f 484 291 320
f 320 291 325
f 291 290 325
f 325 290 491
f 315 500 316
f 500 310 316
f 316 310 499
f 310 312 499
f 499 312 486
f 312 308 486
f 486 308 487
f 308 304 487
f 487 304 488
f 304 300 488
f 488 300 489
f 300 301 489
f 489 301 490
f 433 429 434
f 429 428 434
f 434 428 436
f 428 501 436
f 436 501 438
f 501 502 438
f 438 502 441
f 502 503 441
f 441 503 443
f 503 504 443
f 443 504 446
f 504 505 446
f 446 505 448
f 505 506 448
f 448 506 451
f 507 508 509
f 508 510 509
f 509 510 455
f 510 511 455
f 455 511 454
f 512 513 514
f 513 515 514
f 514 515 507
f 515 516 507
f 507 516 508
f 501 512 502
f 512 514 502
f 502 514 503
f 514 507 503
f 503 507 504
f 507 509 504
f 504 509 505
f 509 455 505
f 505 455 506
f 455 456 506
f 506 456 451
f 456 517 451
f 451 517 452
f 462 518 373
f 518 519 373
f 373 519 381
f 519 520 381
f 381 520 379
f 520 521 379
f 379 521 377
f 521 522 377
f 377 522 385
f 522 523 385
f 385 523 387
f 523 524 387
f 387 524 389
f 524 525 389
f 389 525 395
f 525 526 395
f 395 526 393
f 526 527 393
f 393 527 398
f 527 528 398
f 398 528 401
f 528 529 401
f 401 529 406
f 529 530 406
f 406 530 410
f 530 531 410
f 410 531 412
f 531 532 412
f 412 532 415
f 532 533 415
f 415 533 418
f 533 534 418
f 418 534 421
f 534 535 421
f 421 535 425
f 535 536 425
f 425 536 423
f 536 537 423
f 423 537 430
f 537 538 430
f 430 538 428
f 538 539 428
f 428 539 501
f 539 540 501
f 501 540 512
f 540 541 512
f 512 541 513
f 299 298 542
f 543 544 301
f 545 477 544
f 477 490 544
f 544 490 301
f 293 546 294
f 546 547 294
f 294 547 456
f 547 548 456
f 456 548 517
f 301 299 543
f 299 542 543
f 543 542 549
f 542 550 549
f 549 550 551
f 550 552 551
f 551 552 553
f 552 554 553
f 553 554 555
f 554 556 555
f 555 556 557
f 556 558 557
f 557 558 559
f 558 560 559
f 559 560 561
f 560 562 561
f 561 562 563
f 562 564 563
f 563 564 565
f 564 566 565
f 565 566 567
f 566 568 567
f 567 568 569
f 568 570 569
f 569 570 571
f 570 572 571
f 571 572 573
f 572 574 573
f 573 574 575
f 574 576 575
f 575 576 577
f 576 578 577
f 577 578 579
f 578 580 579
f 579 580 581
f 580 582 581
f 581 582 583
f 582 584 583
f 583 584 585
f 584 586 585
f 585 586 587
f 586 588 587
f 587 588 589
f 588 590 589
f 589 590 591
f 590 592 591
f 591 592 593
f 592 594 593
f 593 594 595
f 594 596 595
f 595 596 597
f 596 598 597
f 597 598 599
f 598 600 599
f 599 600 601
f 600 602 601
f 601 602 603
f 602 604 603
f 603 604 605
f 604 606 605
f 605 606 607
f 606 608 607
f 607 608 609
f 608 610 609
f 609 610 611
f 610 612 611
f 611 612 613
f 612 614 613
f 613 614 615
f 614 616 615
f 615 616 617
f 616 618 617
f 617 618 548
f 618 619 548
f 548 619 517
f 527 620 528
f 620 529 528
f 527 526 620
f 526 525 620
f 620 525 524
f 524 523 620
f 523 522 620
f 620 522 521
f 469 468 621
f 536 535 620
f 535 534 620
f 534 533 620
f 620 533 532
f 532 531 620
f 531 530 620
f 620 530 529
f 521 520 620
f 520 519 620
f 620 519 621
f 519 518 621
f 518 462 621
f 621 462 461
f 622 623 621
f 623 624 621
f 621 624 625
f 626 627 621
f 627 628 621
f 629 621 630
f 621 631 630
f 461 460 621
f 460 459 621
f 621 459 458
f 465 464 621
f 632 633 478
f 634 635 621
f 635 636 621
f 625 637 621
f 637 638 621
f 621 638 626
f 628 639 621
f 639 640 621
f 621 640 641
f 642 643 621
f 643 644 621
f 621 644 645
f 546 293 646
f 293 292 646
f 292 454 646
f 454 511 646
f 646 511 620
f 511 510 620
f 620 510 508
f 508 516 620
f 516 515 620
f 620 515 513
f 513 541 620
f 541 540 620
f 620 540 539
f 539 538 620
f 538 537 620
f 620 537 536
f 458 457 621
f 457 470 621
f 621 470 469
f 483 621 475
f 621 476 475
f 633 647 478
f 647 648 478
f 478 648 649
f 636 650 621
f 650 651 621
f 621 651 622
f 641 652 621
f 652 653 621
f 621 653 642
f 645 654 621
f 654 655 621
f 621 655 631
f 621 497 496
f 496 495 621
f 495 494 621
f 621 494 493
f 483 482 621
f 482 480 621
f 621 480 478
f 656 657 478
f 657 658 478
f 478 658 659
f 659 660 478
f 660 661 478
f 478 661 632
f 649 662 478
f 662 663 478
f 478 663 621
f 663 664 621
f 621 664 634
f 468 467 621
f 467 466 621
f 621 466 465
f 464 463 621
f 463 498 621
f 621 498 497
f 493 492 621
f 492 491 621
f 621 491 290
f 290 289 621
f 289 472 621
f 621 472 476
f 545 665 477
f 665 666 477
f 477 666 478
f 666 667 478
f 478 667 656
f 390 397 668
f 444 445 669
f 450 449 670
f 671 672 452
f 670 449 672
f 449 453 672
f 672 453 452
f 669 445 670
f 445 447 670
f 670 447 450
f 673 674 437
f 437 439 673
f 439 440 673
f 673 440 669
f 440 442 669
f 669 442 444
f 431 429 675
f 429 433 675
f 675 433 674
f 433 435 674
f 674 435 437
f 676 424 675
f 424 432 675
f 675 432 431
f 420 422 677
f 422 427 677
f 677 427 676
f 427 426 676
f 676 426 424
f 678 411 679
f 411 413 679
f 679 413 414
f 414 416 679
f 416 417 679
f 679 417 677
f 417 419 677
f 677 419 420
f 407 405 680
f 405 404 680
f 680 404 678
f 404 409 678
f 678 409 411
f 399 403 681
f 403 402 681
f 681 402 680
f 402 408 680
f 680 408 407
f 668 397 682
f 397 396 682
f 396 394 682
f 682 394 681
f 394 400 681
f 681 400 399
f 386 388 683
f 388 392 683
f 683 392 668
f 392 391 668
f 668 391 390
f 378 684 380
f 684 685 380
f 380 685 382
f 378 376 684
f 376 375 684
f 684 375 683
f 375 384 683
f 683 384 386
f 382 685 383
f 685 686 383
f 383 686 374
f 686 687 374
f 374 687 369
f 365 363 688
f 363 371 688
f 688 371 687
f 371 370 687
f 687 370 369
f 365 688 367
f 688 689 367
f 367 689 368
f 690 357 689
f 357 356 689
f 689 356 368
f 691 353 690
f 353 361 690
f 361 360 690
f 360 359 690
f 690 359 357
f 692 295 347
f 347 349 692
f 349 351 692
f 692 351 691
f 351 354 691
f 691 354 353
f 295 692 296
f 692 693 296
f 296 693 346
f 335 343 694
f 343 341 694
f 694 341 693
f 341 340 693
f 693 340 346
f 328 339 695
f 339 338 695
f 695 338 694
f 338 336 694
f 694 336 335
f 328 695 329
f 695 696 329
f 329 696 331
f 324 322 697
f 322 334 697
f 697 334 696
f 334 333 696
f 696 333 331
f 324 697 326
f 697 698 326
f 326 698 327
f 699 317 698
f 317 319 698
f 698 319 327
f 310 500 699
f 500 315 699
f 699 315 317
f 310 699 311
f 699 700 311
f 311 700 313
f 700 701 313
f 313 701 314
f 702 302 307
f 702 307 701
f 307 309 701
f 701 309 314
f 302 702 303
f 702 703 303
f 303 703 305
f 704 298 703
f 298 306 703
f 703 306 305
f 452 517 671
f 517 619 671
f 671 619 705
f 619 618 705
f 705 618 706
f 618 616 706
f 706 616 707
f 616 614 707
f 707 614 708
f 614 612 708
f 708 612 709
f 612 610 709
f 709 610 710
f 610 608 710
f 710 608 711
f 608 606 711
f 711 606 712
f 606 604 712
f 712 604 713
f 604 602 713
f 713 602 714
f 602 600 714
f 714 600 715
f 600 598 715
f 715 598 716
f 598 596 716
f 716 596 717
f 596 594 717
f 717 594 718
f 594 592 718
f 718 592 719
f 592 590 719
f 719 590 720
f 590 588 720
f 720 588 721
f 588 586 721
f 721 586 722
f 586 584 722
f 722 584 723
f 584 582 723
f 723 582 724
f 582 580 724
f 724 580 725
f 580 578 725
f 725 578 726
f 578 576 726
f 726 576 727
f 576 574 727
f 727 574 728
f 574 572 728
f 728 572 729
f 572 570 729
f 729 570 730
f 570 568 730
f 730 568 731
f 568 566 731
f 731 566 732
f 566 564 732
f 732 564 733
f 564 562 733
f 733 562 734
f 562 560 734
f 734 560 735
f 560 558 735
f 735 558 736
f 558 556 736
f 736 556 737
f 556 554 737
f 737 554 738
f 554 552 738
f 738 552 739
f 552 550 739
f 739 550 704
f 550 542 704
f 704 542 298
f 667 666 740
f 741 742 743
f 744 745 746
f 747 748 749
f 750 751 752
f 751 747 752
f 752 747 753
f 747 749 753
f 754 755 756
f 755 757 756
f 756 757 758
f 757 759 758
f 758 759 748
f 759 760 748
f 748 760 749
f 754 756 761
f 756 762 761
f 761 762 763
f 764 765 642
f 640 766 641
f 766 767 641
f 642 653 764
f 653 652 764
f 764 652 768
f 652 641 768
f 768 641 769
f 641 767 769
f 639 770 640
f 770 771 640
f 640 771 766
f 638 772 626
f 772 773 626
f 626 773 627
f 773 774 627
f 774 775 627
f 627 775 628
f 775 776 628
f 628 776 639
f 776 777 639
f 639 777 770
f 625 624 778
f 778 779 625
f 779 780 625
f 625 780 637
f 780 781 637
f 637 781 638
f 781 782 638
f 638 782 772
f 622 783 623
f 783 784 623
f 623 784 624
f 784 785 624
f 624 785 778
f 650 636 786
f 786 787 650
f 787 788 650
f 650 788 651
f 788 789 651
f 651 789 622
f 789 790 622
f 622 790 783
f 635 791 636
f 791 792 636
f 636 792 786
f 793 794 795
f 634 796 635
f 796 797 635
f 635 797 791
f 794 793 798
f 793 799 798
f 798 799 800
f 741 743 801
f 743 802 801
f 801 802 803
f 803 802 804
f 802 805 804
f 804 805 806
f 805 807 806
f 806 807 808
f 809 810 811
f 809 811 807
f 811 812 807
f 807 812 808
f 810 809 813
f 809 814 813
f 813 814 815
f 814 816 815
f 815 816 817
f 740 818 819
f 818 820 819
f 819 820 817
f 817 816 819
f 816 657 819
f 819 657 740
f 657 656 740
f 740 656 667
f 807 661 809
f 661 660 809
f 809 660 814
f 660 659 814
f 814 659 816
f 659 658 816
f 816 658 657
f 662 649 743
f 649 648 743
f 743 648 802
f 648 647 802
f 802 647 805
f 647 633 805
f 805 633 807
f 633 632 807
f 807 632 661
f 663 662 799
f 662 743 799
f 799 743 800
f 743 742 800
f 663 799 664
f 799 793 664
f 664 793 634
f 793 795 634
f 634 795 796
f 758 644 756
f 644 643 756
f 756 643 762
f 643 642 762
f 762 642 763
f 642 765 763
f 629 630 751
f 630 631 751
f 751 631 747
f 631 655 747
f 747 655 748
f 655 654 748
f 748 654 758
f 654 645 758
f 758 645 644
f 821 822 823
f 822 824 823
f 823 824 751
f 824 825 751
f 751 825 629
f 826 827 823
f 827 828 823
f 823 828 821
f 829 826 830
f 826 831 830
f 829 832 826
f 832 833 826
f 826 833 827
f 750 834 751
f 834 744 751
f 751 744 823
f 744 746 823
f 823 746 826
f 746 835 826
f 826 835 831
f 836 837 838
f 837 836 839
f 840 841 842
f 841 843 842
f 842 843 844
f 845 846 847
f 846 848 847
f 848 849 847
f 847 849 842
f 849 850 842
f 842 850 840
f 851 852 853
f 852 854 853
f 853 854 855
f 854 856 855
f 855 856 857
f 858 859 856
f 859 860 856
f 856 860 857
f 861 862 863
f 862 864 863
f 863 864 865
f 864 866 865
f 865 866 858
f 866 867 858
f 858 867 859
f 861 863 868
f 863 869 868
f 868 869 870
f 869 871 870
f 870 871 872
f 873 874 875
f 874 876 875
f 876 877 875
f 877 878 875
f 875 878 871
f 878 879 871
f 871 879 872
f 880 881 882
f 881 883 882
f 882 883 884
f 885 886 887
f 886 888 887
f 887 888 880
f 888 889 880
f 880 889 881
f 885 887 890
f 887 891 890
f 890 891 892
f 891 893 892
f 892 893 894
f 894 893 895
f 893 896 895
f 895 896 897
f 896 898 897
f 897 898 899
f 898 900 899
f 899 900 901
f 900 902 901
f 901 902 903
f 904 905 906
f 904 906 902
f 906 907 902
f 902 907 903
f 905 904 908
f 904 909 908
f 908 909 910
f 911 912 913
f 912 914 913
f 913 914 915
f 914 916 915
f 915 916 909
f 916 917 909
f 909 917 910
f 918 919 920
f 919 921 920
f 920 921 922
f 921 923 922
f 922 923 911
f 923 924 911
f 911 924 912
f 925 926 927
f 925 927 928
f 927 929 928
f 928 929 918
f 929 930 918
f 918 930 919
f 926 925 931
f 925 932 931
f 931 932 933
f 934 935 932
f 935 936 932
f 932 936 933
f 937 938 939
f 938 940 939
f 939 940 934
f 940 941 934
f 934 941 935
f 937 939 942
f 939 943 942
f 942 943 944
f 943 945 944
f 944 945 946
f 847 947 948
f 847 948 949
f 948 950 949
f 950 951 949
f 949 951 945
f 951 952 945
f 945 952 946
f 745 947 746
f 947 847 746
f 746 847 835
f 847 842 835
f 835 842 831
f 842 844 831
f 884 874 882
f 874 873 882
f 882 873 953
f 873 875 953
f 953 875 954
f 875 871 954
f 954 871 955
f 871 869 955
f 955 869 956
f 956 869 957
f 869 863 957
f 957 863 958
f 863 865 958
f 958 865 959
f 865 858 959
f 959 858 960
f 858 856 960
f 960 856 961
f 856 854 961
f 961 854 962
f 854 852 962
f 962 852 838
f 852 851 838
f 838 851 836
f 934 963 939
f 963 964 939
f 939 964 943
f 964 965 943
f 943 965 945
f 965 966 945
f 945 966 949
f 966 967 949
f 949 967 847
f 967 968 847
f 847 968 845
f 925 969 932
f 969 970 932
f 932 970 934
f 970 971 934
f 934 971 963
f 853 855 972
f 817 820 973
f 820 818 973
f 818 740 973
f 740 666 973
f 973 666 974
f 666 665 974
f 665 975 974
f 974 975 976
f 975 977 976
f 976 977 978
f 977 979 978
f 978 979 980
f 979 981 980
f 980 981 982
f 981 983 982
f 982 983 984
f 983 985 984
f 984 985 986
f 985 987 986
f 986 987 988
f 987 989 988
f 988 989 990
f 989 991 990
f 990 991 992
f 991 993 992
f 992 993 994
f 993 995 994
f 994 995 996
f 995 997 996
f 996 997 998
f 997 999 998
f 998 999 1000
f 999 1001 1000
f 1000 1001 1002
f 1001 1003 1002
f 1002 1003 1004
f 1003 1005 1004
f 1004 1005 1006
f 1005 1007 1006
f 1006 1007 1008
f 1007 1009 1008
f 1008 1009 1010
f 1009 1011 1010
f 1010 1011 1012
f 1011 1013 1012
f 1012 1013 1014
f 1013 1015 1014
f 1014 1015 1016
f 1015 1017 1016
f 1016 1017 1018
f 1017 1019 1018
f 1018 1019 1020
f 1019 1021 1020
f 1020 1021 1022
f 1021 1023 1022
f 1022 1023 1024
f 1023 1025 1024
f 1024 1025 1026
f 1025 1027 1026
f 1026 1027 1028
f 1027 1029 1028
f 1028 1029 1030
f 1029 1031 1030
f 1030 1031 1032
f 1031 1033 1032
f 1032 1033 1034
f 1033 1035 1034
f 1034 1035 1036
f 1035 1037 1036
f 1036 1037 1038
f 1039 839 1040
f 839 836 1040
f 1037 1040 1038
f 1040 836 1038
f 1038 836 972
f 836 851 972
f 972 851 853
f 837 839 1039
f 965 1041 966
f 1041 967 966
f 965 964 1041
f 964 963 1041
f 1041 963 971
f 953 954 1042
f 954 955 1042
f 1042 955 956
f 959 960 1042
f 960 961 1042
f 1042 961 962
f 956 957 1042
f 957 958 1042
f 1042 958 959
f 1039 1043 837
f 1043 1042 837
f 837 1042 838
f 1042 962 838
f 971 970 1041
f 970 969 1041
f 1041 969 925
f 925 928 1041
f 928 918 1041
f 1041 918 920
f 904 902 1041
f 902 900 1041
f 1041 900 898
f 898 896 1041
f 896 893 1041
f 1041 893 891
f 920 922 1041
f 922 911 1041
f 1041 911 913
f 913 915 1041
f 915 909 1041
f 1041 909 904
f 891 887 1041
f 887 880 1041
f 1041 880 1042
f 880 882 1042
f 1042 882 953
f 611 613 1044
f 243 244 1045
f 617 548 646
f 548 547 646
f 646 547 546
f 551 553 989
f 239 240 1045
f 237 1046 1047
f 997 995 1048
f 989 553 991
f 983 981 545
f 981 979 545
f 979 977 545
f 977 975 545
f 545 975 665
f 1044 613 646
f 613 615 646
f 646 615 617
f 240 241 1045
f 241 242 1045
f 1045 242 243
f 244 245 1045
f 245 246 1045
f 1045 246 247
f 1049 1050 253
f 1050 1051 253
f 1051 1052 253
f 253 1052 1053
f 247 248 1045
f 248 249 1045
f 1045 249 250
f 1053 1054 253
f 1054 1055 253
f 253 1055 1056
f 254 255 1057
f 255 256 1057
f 555 557 995
f 557 559 995
f 995 559 561
f 1046 237 1045
f 237 238 1045
f 1045 238 239
f 254 1057 253
f 1057 1058 253
f 253 1058 1059
f 286 287 1039
f 1060 1061 1062
f 555 995 553
f 995 993 553
f 553 993 991
f 605 607 1044
f 607 609 1044
f 1044 609 611
f 1059 1063 253
f 1063 1064 253
f 253 1064 1049
f 1065 1066 1048
f 1066 1067 1048
f 1067 1068 1048
f 1048 1068 1069
f 286 1039 285
f 219 220 1043
f 220 221 1043
f 1043 221 222
f 225 226 1043
f 226 227 1043
f 1070 1043 1071
f 1043 1072 1071
f 250 251 1045
f 251 252 1045
f 1045 252 1073
f 252 253 1073
f 1073 253 1074
f 253 1056 1074
f 261 262 1075
f 222 223 1043
f 223 224 1043
f 1043 224 225
f 1076 1077 1043
f 1077 1078 1043
f 1043 1078 1072
f 1060 1062 1079
f 987 543 989
f 543 549 989
f 989 549 551
f 545 544 983
f 544 543 983
f 983 543 985
f 543 987 985
f 261 1075 260
f 1069 1080 1048
f 1080 1081 1048
f 1048 1081 1082
f 287 288 1039
f 288 217 1039
f 1039 217 1043
f 217 218 1043
f 1043 218 219
f 1083 1084 1085
f 1084 1086 1085
f 1087 1088 1089
f 581 583 1090
f 583 585 1090
f 1090 585 587
f 1082 1091 1048
f 1091 1092 1048
f 1048 1092 1093
f 227 228 1043
f 228 229 1043
f 1043 229 230
f 230 231 1043
f 231 232 1043
f 1043 232 233
f 233 234 1043
f 234 235 1043
f 1043 235 236
f 595 597 1094
f 597 599 1094
f 1094 599 1095
f 605 1044 603
f 1044 1096 603
f 603 1096 1097
f 285 1039 284
f 1039 1040 284
f 284 1040 1037
f 256 257 1057
f 257 258 1057
f 1057 258 1075
f 258 259 1075
f 1075 259 260
f 1098 1043 1099
f 1043 236 1099
f 1099 236 1100
f 236 237 1100
f 1100 237 1101
f 237 1047 1101
f 1102 1103 1043
f 1103 1104 1043
f 1043 1104 1076
f 1105 1106 1062
f 1106 1107 1062
f 1062 1107 1079
f 561 563 995
f 563 565 995
f 995 565 567
f 567 569 995
f 569 571 995
f 995 571 573
f 272 273 1003
f 273 274 1003
f 277 278 1003
f 278 279 1003
f 1037 1035 284
f 1035 1033 284
f 284 1033 1031
f 999 997 1108
f 997 1048 1108
f 1108 1048 1109
f 1048 1093 1109
f 1086 1110 1085
f 1110 1111 1085
f 1085 1111 1089
f 1111 1112 1089
f 1089 1112 1087
f 587 589 1090
f 589 591 1090
f 1090 591 1094
f 591 593 1094
f 1094 593 595
f 262 263 1075
f 263 264 1075
f 1075 264 1003
f 264 265 1003
f 1003 265 266
f 266 267 1003
f 267 268 1003
f 1003 268 269
f 274 275 1003
f 275 276 1003
f 1003 276 277
f 1031 1029 284
f 1029 1027 284
f 284 1027 1025
f 281 282 1013
f 282 283 1013
f 1013 283 284
f 999 1108 1001
f 1108 1113 1001
f 1001 1113 1003
f 1113 1114 1003
f 1003 1114 1075
f 1088 1115 1089
f 1115 1116 1089
f 1089 1116 1117
f 1116 1118 1117
f 1117 1118 1119
f 1118 1120 1119
f 1119 1120 1121
f 1120 1122 1121
f 1121 1122 1123
f 1122 1124 1123
f 1123 1124 1125
f 1124 1126 1125
f 1125 1126 1127
f 1126 1128 1127
f 1127 1128 1129
f 1128 1130 1129
f 1129 1130 1131
f 1130 1132 1131
f 1131 1132 1133
f 1132 1134 1133
f 1133 1134 1135
f 1134 1136 1135
f 1135 1136 1137
f 1136 1138 1137
f 1137 1138 1139
f 1138 1140 1139
f 1139 1140 1141
f 1140 1142 1141
f 1141 1142 1143
f 1142 1144 1143
f 1143 1144 1145
f 1144 1146 1145
f 1145 1146 1147
f 1146 1148 1147
f 1147 1148 1149
f 1148 1150 1149
f 1149 1150 1151
f 1150 1152 1151
f 1151 1152 1153
f 1152 1154 1153
f 1153 1154 1048
f 1154 1155 1048
f 1048 1155 1065
f 573 575 995
f 575 577 995
f 995 577 1090
f 577 579 1090
f 1090 579 581
f 1097 1156 603
f 1156 1157 603
f 603 1157 1158
f 269 270 1003
f 270 271 1003
f 1003 271 272
f 1013 1011 281
f 1011 1009 281
f 281 1009 280
f 1009 1007 280
f 280 1007 279
f 1007 1005 279
f 279 1005 1003
f 1025 1023 284
f 1023 1021 284
f 284 1021 1019
f 1159 1160 1043
f 1160 1161 1043
f 1043 1161 1102
f 1162 1163 1062
f 1163 1164 1062
f 1062 1164 1105
f 1019 1017 284
f 1017 1015 284
f 284 1015 1013
f 1090 1165 995
f 1165 1166 995
f 995 1166 1048
f 1166 1167 1048
f 1168 1169 1167
f 1169 1170 1167
f 1167 1170 1048
f 1158 1171 603
f 1171 1172 603
f 603 1172 1173
f 1174 1175 1043
f 1175 1176 1043
f 1043 1176 1159
f 1083 1085 1062
f 1085 1177 1062
f 1062 1177 1162
f 1178 1179 1180
f 1179 1181 1180
f 1180 1181 1168
f 1181 1182 1168
f 1168 1182 1169
f 1178 1180 1183
f 1180 1184 1183
f 1183 1184 1185
f 1186 1187 1188
f 1187 1189 1188
f 1173 1190 603
f 1190 1191 603
f 603 1191 1192
f 1061 1193 1043
f 1193 1194 1043
f 1043 1194 1174
f 1185 1184 1195
f 1184 1196 1195
f 1195 1196 1197
f 1187 1198 1189
f 1198 1199 1189
f 1189 1199 1196
f 1199 1200 1196
f 1196 1200 1197
f 1192 1201 603
f 1201 1202 603
f 603 1202 1203
f 599 601 1095
f 601 603 1095
f 1095 603 1204
f 603 1203 1204
f 1098 1205 1043
f 1205 1206 1043
f 1043 1206 1061
f 1206 1207 1061
f 1061 1207 1062
f 768 769 1208
f 779 778 1209
f 794 798 1210
f 742 741 1211
f 803 804 1212
f 813 815 1213
f 903 907 1214
f 936 935 1215
f 947 745 1216
f 745 744 1216
f 1216 744 1217
f 1218 944 1219
f 944 946 1219
f 1219 946 952
f 952 951 1219
f 951 950 1219
f 1219 950 1216
f 950 948 1216
f 1216 948 947
f 1215 935 1220
f 935 941 1220
f 1220 941 940
f 940 938 1220
f 938 937 1220
f 1220 937 1218
f 937 942 1218
f 1218 942 944
f 1221 929 927
f 927 926 1221
f 926 931 1221
f 1221 931 1215
f 931 933 1215
f 1215 933 936
f 923 921 1222
f 921 919 1222
f 1222 919 1221
f 919 930 1221
f 1221 930 929
f 916 914 1223
f 914 912 1223
f 1223 912 1222
f 912 924 1222
f 1222 924 923
f 1214 907 1224
f 907 906 1224
f 1224 906 905
f 905 908 1224
f 908 910 1224
f 1224 910 1223
f 910 917 1223
f 1223 917 916
f 895 897 1225
f 897 899 1225
f 1225 899 1214
f 899 901 1214
f 1214 901 903
f 1226 886 1227
f 886 885 1227
f 885 890 1227
f 890 892 1227
f 1227 892 1225
f 892 894 1225
f 1225 894 895
f 883 881 1228
f 881 889 1228
f 1228 889 1226
f 889 888 1226
f 1226 888 886
f 876 874 1229
f 1229 874 1228
f 874 884 1228
f 1228 884 883
f 879 878 1229
f 878 877 1229
f 1229 877 876
f 1230 868 1231
f 868 870 1231
f 1231 870 1229
f 870 872 1229
f 1229 872 879
f 866 864 1230
f 864 862 1230
f 862 861 1230
f 1230 861 868
f 866 1230 867
f 1230 1232 867
f 867 1232 859
f 1232 1233 859
f 859 1233 860
f 1234 855 1233
f 855 857 1233
f 1233 857 860
f 1213 815 1235
f 1212 804 1236
f 804 806 1236
f 1236 806 808
f 808 812 1236
f 812 811 1236
f 1236 811 1213
f 811 810 1213
f 1213 810 813
f 1211 741 1212
f 741 801 1212
f 1212 801 803
f 1210 798 1211
f 798 800 1211
f 1211 800 742
f 791 797 1237
f 797 796 1237
f 1237 796 1210
f 796 795 1210
f 1210 795 794
f 788 787 1238
f 787 786 1238
f 1238 786 1237
f 786 792 1237
f 1237 792 791
f 1209 778 1239
f 778 785 1239
f 1239 785 784
f 784 783 1239
f 783 790 1239
f 1239 790 1238
f 790 789 1238
f 1238 789 788
f 1240 781 1209
f 781 780 1209
f 1209 780 779
f 1241 774 1240
f 774 773 1240
f 773 772 1240
f 772 782 1240
f 1240 782 781
f 770 777 1242
f 777 776 1242
f 1242 776 1241
f 776 775 1241
f 1241 775 774
f 769 767 1208
f 767 766 1208
f 1208 766 1242
f 766 771 1242
f 1242 771 770
f 1243 754 761
f 1243 761 1244
f 761 763 1244
f 763 765 1244
f 1244 765 1208
f 765 764 1208
f 1208 764 768
f 1245 757 1243
f 757 755 1243
f 1243 755 754
f 1246 753 1245
f 753 749 1245
f 749 760 1245
f 760 759 1245
f 1245 759 757
f 744 834 1217
f 834 750 1217
f 1217 750 1246
f 750 752 1246
f 1246 752 753
f 815 817 1235
f 817 973 1235
f 1235 973 1247
f 973 974 1247
f 1247 974 1248
f 974 976 1248
f 1248 976 1249
f 976 978 1249
f 1249 978 1250
f 978 980 1250
f 1250 980 1251
f 980 982 1251
f 1251 982 1252
f 982 984 1252
f 1252 984 1253
f 984 986 1253
f 1253 986 1254
f 986 988 1254
f 1254 988 1255
f 988 990 1255
f 1255 990 1256
f 990 992 1256
f 1256 992 1257
f 992 994 1257
f 1257 994 1258
f 994 996 1258
f 1258 996 1259
f 996 998 1259
f 1259 998 1260
f 998 1000 1260
f 1260 1000 1261
f 1000 1002 1261
f 1261 1002 1262
f 1002 1004 1262
f 1262 1004 1263
f 1004 1006 1263
f 1263 1006 1264
f 1006 1008 1264
f 1264 1008 1265
f 1008 1010 1265
f 1265 1010 1266
f 1010 1012 1266
f 1266 1012 1267
f 1012 1014 1267
f 1267 1014 1268
f 1014 1016 1268
f 1268 1016 1269
f 1016 1018 1269
f 1269 1018 1270
f 1018 1020 1270
f 1270 1020 1271
f 1020 1022 1271
f 1271 1022 1272
f 1022 1024 1272
f 1272 1024 1273
f 1024 1026 1273
f 1273 1026 1274
f 1026 1028 1274
f 1274 1028 1275
f 1028 1030 1275
f 1275 1030 1276
f 1030 1032 1276
f 1276 1032 1277
f 1032 1034 1277
f 1277 1034 1278
f 1034 1036 1278
f 1278 1036 1279
f 1036 1038 1279
f 1279 1038 1234
f 1038 972 1234
f 1234 972 855
f 1280 1244 1281
f 1244 1208 1281
f 1281 1208 1282
f 1208 1242 1282
f 1282 1242 1283
f 1242 1241 1283
f 1283 1241 1284
f 1241 1240 1284
f 1284 1240 1285
f 1240 1209 1285
f 1285 1209 1286
f 1209 1239 1286
f 1286 1239 1287
f 1239 1238 1287
f 1287 1238 1288
f 1238 1237 1288
f 1288 1237 1289
f 1237 1210 1289
f 1289 1210 1290
f 1210 1211 1290
f 1290 1211 1291
f 1211 1212 1291
f 1291 1212 1292
f 1212 1236 1292
f 1292 1236 1293
f 1236 1213 1293
f 1293 1213 1294
f 1213 1235 1294
f 1294 1235 1295
f 1235 1247 1295
f 1295 1247 1296
f 1247 1248 1296
f 1296 1248 1297
f 1248 1249 1297
f 1297 1249 1298
f 1249 1250 1298
f 1298 1250 1299
f 1250 1251 1299
f 1299 1251 1300
f 1251 1252 1300
f 1300 1252 1301
f 1252 1253 1301
f 1301 1253 1302
f 1253 1254 1302
f 1302 1254 1303
f 1254 1255 1303
f 1303 1255 1304
f 1255 1256 1304
f 1304 1256 1305
f 1256 1257 1305
f 1305 1257 1306
f 1257 1258 1306
f 1306 1258 1307
f 1258 1259 1307
f 1307 1259 1308
f 1259 1260 1308
f 1308 1260 1309
f 1260 1261 1309
f 1309 1261 1310
f 1261 1262 1310
f 1310 1262 1311
f 1262 1263 1311
f 1311 1263 1312
f 1263 1264 1312
f 1312 1264 1313
f 1264 1265 1313
f 1313 1265 1314
f 1265 1266 1314
f 1314 1266 1315
f 1266 1267 1315
f 1315 1267 1316
f 1267 1268 1316
f 1316 1268 1317
f 1268 1269 1317
f 1317 1269 1318
f 1269 1270 1318
f 1318 1270 1319
f 1270 1271 1319
f 1319 1271 1320
f 1271 1272 1320
f 1320 1272 1321
f 1272 1273 1321
f 1321 1273 1322
f 1273 1274 1322
f 1322 1274 1323
f 1274 1275 1323
f 1323 1275 1324
f 1275 1276 1324
f 1324 1276 1325
f 1276 1277 1325
f 1325 1277 1326
f 1277 1278 1326
f 1326 1278 1327
f 1278 1279 1327
f 1327 1279 1328
f 1279 1234 1328
f 1328 1234 1329
f 1234 1233 1329
f 1329 1233 1330
f 1233 1232 1330
f 1330 1232 1331
f 1232 1230 1331
f 1331 1230 1332
f 1230 1231 1332
f 1332 1231 1333
f 1231 1229 1333
f 1333 1229 1334
f 1229 1228 1334
f 1334 1228 1335
f 1228 1226 1335
f 1335 1226 1336
f 1226 1227 1336
f 1336 1227 1337
f 1227 1225 1337
f 1337 1225 1338
f 1225 1214 1338
f 1338 1214 1339
f 1214 1224 1339
f 1339 1224 1340
f 1224 1223 1340
f 1340 1223 1341
f 1223 1222 1341
f 1341 1222 1342
f 1222 1221 1342
f 1342 1221 1343
f 1221 1215 1343
f 1343 1215 1344
f 1215 1220 1344
f 1344 1220 1345
f 1220 1218 1345
f 1345 1218 1346
f 1218 1219 1346
f 1346 1219 1347
f 1219 1216 1347
f 1347 1216 1348
f 1216 1217 1348
f 1348 1217 1349
f 1217 1246 1349
f 1349 1246 1350
f 1246 1245 1350
f 1350 1245 1351
f 1245 1243 1351
f 1351 1243 1280
f 1243 1244 1280
f 1352 726 1353
f 726 727 1353
f 1353 727 1354
f 727 728 1354
f 1354 728 1355
f 728 729 1355
f 1355 729 1356
f 729 730 1356
f 1356 730 1357
f 730 731 1357
f 1357 731 1358
f 731 732 1358
f 1358 732 1359
f 732 733 1359
f 1359 733 1360
f 733 734 1360
f 1360 734 1361
f 734 735 1361
f 1361 735 1362
f 735 736 1362
f 1362 736 1363
f 736 737 1363
f 1363 737 1364
f 737 738 1364
f 1364 738 1365
f 738 739 1365
f 1365 739 1366
f 739 704 1366
f 1366 704 1367
f 704 703 1367
f 1367 703 1368
f 703 702 1368
f 1368 702 1369
f 702 701 1369
f 1369 701 1370
f 701 700 1370
f 1370 700 1371
f 700 699 1371
f 1371 699 1372
f 699 698 1372
f 1372 698 1373
f 698 697 1373
f 1373 697 1374
f 697 696 1374
f 1374 696 1375
f 696 695 1375
f 1375 695 1376
f 695 694 1376
f 1376 694 1377
f 694 693 1377
f 1377 693 1378
f 693 692 1378
f 1378 692 1379
f 692 691 1379
f 1379 691 1380
f 691 690 1380
f 1380 690 1381
f 690 689 1381
f 1381 689 1382
f 689 688 1382
f 1382 688 1383
f 688 687 1383
f 1383 687 1384
f 687 686 1384
f 1384 686 1385
f 686 685 1385
f 1385 685 1386
f 685 684 1386
f 1386 684 1387
f 684 683 1387
f 1387 683 1388
f 683 668 1388
f 1388 668 1389
f 668 682 1389
f 1389 682 1390
f 682 681 1390
f 1390 681 1391
f 681 680 1391
f 1391 680 1392
f 680 678 1392
f 1392 678 1393
f 678 679 1393
f 1393 679 1394
f 679 677 1394
f 1394 677 1395
f 677 676 1395
f 1395 676 1396
f 676 675 1396
f 1396 675 1397
f 675 674 1397
f 1397 674 1398
f 674 673 1398
f 1398 673 1399
f 673 669 1399
f 1399 669 1400
f 669 670 1400
f 1400 670 1401
f 670 672 1401
f 1401 672 1402
f 672 671 1402
f 1402 671 1403
f 671 705 1403
f 1403 705 1404
f 705 706 1404
f 1404 706 1405
f 706 707 1405
f 1405 707 1406
f 707 708 1406
f 1406 708 1407
f 708 709 1407
f 1407 709 1408
f 709 710 1408
f 1408 710 1409
f 710 711 1409
f 1409 711 1410
f 711 712 1410
f 1410 712 1411
f 712 713 1411
f 1411 713 1412
f 713 714 1412
f 1412 714 1413
f 714 715 1413
f 1413 715 1414
f 715 716 1414
f 1414 716 1415
f 716 717 1415
f 1415 717 1416
f 717 718 1416
f 1416 718 1417
f 718 719 1417
f 1417 719 1418
f 719 720 1418
f 1418 720 1419
f 720 721 1419
f 1419 721 1420
f 721 722 1420
f 1420 722 1421
f 722 723 1421
f 1421 723 1422
f 723 724 1422
f 1422 724 1423
f 724 725 1423
f 1423 725 1352
f 725 726 1352
f 1424 1425 1426
f 1425 1427 1426
f 1426 1427 1428
f 1427 1429 1428
f 1428 1429 1430
f 1429 1431 1430
f 1430 1431 1432
f 1431 1433 1432
f 1432 1433 1434
f 1433 1435 1434
f 1434 1435 1436
f 1435 1437 1436
f 1436 1437 1438
f 1437 1439 1438
f 1438 1439 1440
f 1439 1441 1440
f 1440 1441 1442
f 1441 1443 1442
f 1442 1443 1444
f 1443 1445 1444
f 1444 1445 1446
f 1445 1447 1446
f 1446 1447 1448
f 1447 1449 1448
f 1448 1449 1450
f 1449 1451 1450
f 1450 1451 1452
f 1451 1453 1452
f 1452 1453 1454
f 1453 1455 1454
f 1454 1455 1456
f 1455 1457 1456
f 1456 1457 1458
f 1457 1459 1458
f 1458 1459 1460
f 1459 1461 1460
f 1460 1461 1462
f 1461 1463 1462
f 1462 1463 1464
f 1463 1465 1464
f 1464 1465 1466
f 1465 1467 1466
f 1466 1467 1468
f 1467 1469 1468
f 1468 1469 1470
f 1469 1471 1470
f 1470 1471 1472
f 1471 1473 1472
f 1472 1473 1474
f 1473 1475 1474
f 1474 1475 1476
f 1475 1477 1476
f 1476 1477 1478
f 1477 1479 1478
f 1478 1479 1480
f 1479 1481 1480
f 1480 1481 1482
f 1481 1483 1482
f 1482 1483 1484
f 1483 1485 1484
f 1484 1485 1486
f 1485 1487 1486
f 1486 1487 1488
f 1487 1489 1488
f 1488 1489 1490
f 1489 1491 1490
f 1490 1491 1492
f 1491 1493 1492
f 1492 1493 1494
f 1493 1495 1494
f 1494 1495 1496
f 1495 1497 1496
f 1496 1497 1498
f 1497 1499 1498
f 1498 1499 1500
f 1499 1501 1500
f 1500 1501 1502
f 1501 1503 1502
f 1502 1503 1504
f 1503 1505 1504
f 1504 1505 1506
f 1505 1507 1506
f 1506 1507 1508
f 1507 1509 1508
f 1508 1509 1510
f 1509 1511 1510
f 1510 1511 1512
f 1511 1513 1512
f 1512 1513 1514
f 1513 1515 1514
f 1514 1515 1516
f 1515 1517 1516
f 1516 1517 1518
f 1517 1519 1518
f 1518 1519 1520
f 1519 1521 1520
f 1520 1521 1522
f 1521 1523 1522
f 1522 1523 1524
f 1523 1525 1524
f 1524 1525 1526
f 1525 1527 1526
f 1526 1527 1528
f 1527 1529 1528
f 1528 1529 1530
f 1529 1531 1530
f 1530 1531 1532
f 1531 1533 1532
f 1532 1533 1534
f 1533 1535 1534
f 1534 1535 1536
f 1535 1537 1536
f 1536 1537 1538
f 1537 1539 1538
f 1538 1539 1540
f 1539 1541 1540
f 1540 1541 1542
f 1541 1543 1542
f 1542 1543 1544
f 1543 1545 1544
f 1544 1545 1546
f 1545 1547 1546
f 1546 1547 1548
f 1547 1549 1548
f 1548 1549 1550
f 1549 1551 1550
f 1550 1551 1552
f 1551 1553 1552
f 1552 1553 1554
f 1553 1555 1554
f 1554 1555 1556
f 1555 1557 1556
f 1556 1557 1558
f 1557 1559 1558
f 1558 1559 1560
f 1559 1561 1560
f 1560 1561 1562
f 1561 1563 1562
f 1562 1563 1564
f 1563 1565 1564
f 1564 1565 1566
f 1565 1567 1566
f 1566 1567 1424
f 1567 1425 1424
f 1429 1427 1568
f 1427 1425 1568
f 1568 1425 1567
f 1435 1433 1568
f 1433 1431 1568
f 1568 1431 1429
f 1441 1439 1568
f 1439 1437 1568
f 1568 1437 1435
f 1447 1445 1568
f 1445 1443 1568
f 1568 1443 1441
f 1453 1451 1568
f 1451 1449 1568
f 1568 1449 1447
f 1459 1457 1568
f 1457 1455 1568
f 1568 1455 1453
f 1465 1463 1568
f 1463 1461 1568
f 1568 1461 1459
f 1471 1469 1568
f 1469 1467 1568
f 1568 1467 1465
f 1477 1475 1568
f 1475 1473 1568
f 1568 1473 1471
f 1483 1481 1568
f 1481 1479 1568
f 1568 1479 1477
f 1489 1487 1568
f 1487 1485 1568
f 1568 1485 1483
f 1495 1493 1568
f 1493 1491 1568
f 1568 1491 1489
f 1501 1499 1568
f 1499 1497 1568
f 1568 1497 1495
f 1507 1505 1568
f 1505 1503 1568
f 1568 1503 1501
f 1513 1511 1568
f 1511 1509 1568
f 1568 1509 1507
f 1519 1517 1568
f 1517 1515 1568
f 1568 1515 1513
f 1525 1523 1568
f 1523 1521 1568
f 1568 1521 1519
f 1531 1529 1568
f 1529 1527 1568
f 1568 1527 1525
f 1537 1535 1568
f 1535 1533 1568
f 1568 1533 1531
f 1543 1541 1568
f 1541 1539 1568
f 1568 1539 1537
f 1549 1547 1568
f 1547 1545 1568
f 1568 1545 1543
f 1555 1553 1568
f 1553 1551 1568
f 1568 1551 1549
f 1561 1559 1568
f 1559 1557 1568
f 1568 1557 1555
f 1567 1565 1568
f 1565 1563 1568
f 1568 1563 1561
f 1569 1338 1570
f 1338 1339 1570
f 1570 1339 1571
f 1339 1340 1571
f 1571 1340 1572
f 1340 1341 1572
f 1572 1341 1573
f 1341 1342 1573
f 1573 1342 1574
f 1342 1343 1574
f 1574 1343 1575
f 1343 1344 1575
f 1575 1344 1576
f 1344 1345 1576
f 1576 1345 1577
f 1345 1346 1577
f 1577 1346 1578
f 1346 1347 1578
f 1578 1347 1579
f 1347 1348 1579
f 1579 1348 1580
f 1348 1349 1580
f 1580 1349 1581
f 1349 1350 1581
f 1581 1350 1582
f 1350 1351 1582
f 1582 1351 1583
f 1351 1280 1583
f 1583 1280 1584
f 1280 1281 1584
f 1584 1281 1585
f 1281 1282 1585
f 1585 1282 1586
f 1282 1283 1586
f 1586 1283 1587
f 1283 1284 1587
f 1587 1284 1588
f 1284 1285 1588
f 1588 1285 1589
f 1285 1286 1589
f 1589 1286 1590
f 1286 1287 1590
f 1590 1287 1591
f 1287 1288 1591
f 1591 1288 1592
f 1288 1289 1592
f 1592 1289 1593
f 1289 1290 1593
f 1593 1290 1594
f 1290 1291 1594
f 1594 1291 1595
f 1291 1292 1595
f 1595 1292 1596
f 1292 1293 1596
f 1596 1293 1597
f 1293 1294 1597
f 1597 1294 1598
f 1294 1295 1598
f 1598 1295 1599
f 1295 1296 1599
f 1599 1296 1600
f 1296 1297 1600
f 1600 1297 1601
f 1297 1298 1601
f 1601 1298 1602
f 1298 1299 1602
f 1602 1299 1603
f 1299 1300 1603
f 1603 1300 1604
f 1300 1301 1604
f 1604 1301 1605
f 1301 1302 1605
f 1605 1302 1606
f 1302 1303 1606
f 1606 1303 1607
f 1303 1304 1607
f 1607 1304 1608
f 1304 1305 1608
f 1608 1305 1609
f 1305 1306 1609
f 1609 1306 1610
f 1306 1307 1610
f 1610 1307 1611
f 1307 1308 1611
f 1611 1308 1612
f 1308 1309 1612
f 1612 1309 1613
f 1309 1310 1613
f 1613 1310 1614
f 1310 1311 1614
f 1614 1311 1615
f 1311 1312 1615
f 1615 1312 1616
f 1312 1313 1616
f 1616 1313 1617
f 1313 1314 1617
f 1617 1314 1618
f 1314 1315 1618
f 1618 1315 1619
f 1315 1316 1619
f 1619 1316 1620
f 1316 1317 1620
f 1620 1317 1621
f 1317 1318 1621
f 1621 1318 1622
f 1318 1319 1622
f 1622 1319 1623
f 1319 1320 1623
f 1623 1320 1624
f 1320 1321 1624
f 1624 1321 1625
f 1321 1322 1625
f 1625 1322 1626
f 1322 1323 1626
f 1626 1323 1627
f 1323 1324 1627
f 1627 1324 1628
f 1324 1325 1628
f 1628 1325 1629
f 1325 1326 1629
f 1629 1326 1630
f 1326 1327 1630
f 1630 1327 1631
f 1327 1328 1631
f 1631 1328 1632
f 1328 1329 1632
f 1632 1329 1633
f 1329 1330 1633
f 1633 1330 1634
f 1330 1331 1634
f 1634 1331 1635
f 1331 1332 1635
f 1635 1332 1636
f 1332 1333 1636
f 1636 1333 1637
f 1333 1334 1637
f 1637 1334 1638
f 1334 1335 1638
f 1638 1335 1639
f 1335 1336 1639
f 1639 1336 1640
f 1336 1337 1640
f 1640 1337 1569
f 1337 1338 1569
f 1641 1642 1643
f 1642 1644 1643
f 1643 1644 1645
f 1644 1646 1645
f 1645 1646 1647
f 1646 1648 1647
f 1647 1648 1649
f 1648 1650 1649
f 1649 1650 1651
f 1650 1652 1651
f 1651 1652 1653
f 1652 1654 1653
f 1653 1654 1655
f 1654 1656 1655
f 1655 1656 1657
f 1656 1658 1657
f 1657 1658 1659
f 1658 1660 1659
f 1659 1660 1661
f 1660 1662 1661
f 1661 1662 1663
f 1662 1664 1663
f 1663 1664 1665
f 1664 1666 1665
f 1665 1666 1667
f 1666 1668 1667
f 1667 1668 1669
f 1668 1670 1669
f 1669 1670 1671
f 1670 1672 1671
f 1671 1672 1673
f 1672 1674 1673
f 1673 1674 1675
f 1674 1676 1675
f 1675 1676 1677
f 1676 1678 1677
f 1677 1678 1679
f 1678 1680 1679
f 1679 1680 1681
f 1680 1682 1681
f 1681 1682 1683
f 1682 1684 1683
f 1683 1684 1685
f 1684 1686 1685
f 1685 1686 1687
f 1686 1688 1687
f 1687 1688 1689
f 1688 1690 1689
f 1689 1690 1691
f 1690 1692 1691
f 1691 1692 1693
f 1692 1694 1693
f 1693 1694 1695
f 1694 1696 1695
f 1695 1696 1697
f 1696 1698 1697
f 1697 1698 1699
f 1698 1700 1699
f 1699 1700 1701
f 1700 1702 1701
f 1701 1702 1703
f 1702 1704 1703
f 1703 1704 1705
f 1704 1706 1705
f 1705 1706 1707
f 1706 1708 1707
f 1707 1708 1709
f 1708 1710 1709
f 1709 1710 1711
f 1710 1712 1711
f 1711 1712 1713
f 1712 1714 1713
f 1713 1714 1715
f 1714 1716 1715
f 1715 1716 1717
f 1716 1718 1717
f 1717 1718 1719
f 1718 1720 1719
f 1719 1720 1721
f 1720 1722 1721
f 1721 1722 1723
f 1722 1724 1723
f 1723 1724 1725
f 1724 1726 1725
f 1725 1726 1727
f 1726 1728 1727
f 1727 1728 1729
f 1728 1730 1729
f 1729 1730 1731
f 1730 1732 1731
f 1731 1732 1733
f 1732 1734 1733
f 1733 1734 1735
f 1734 1736 1735
f 1735 1736 1737
f 1736 1738 1737
f 1737 1738 1739
f 1738 1740 1739
f 1739 1740 1741
f 1740 1742 1741
f 1741 1742 1743
f 1742 1744 1743
f 1743 1744 1745
f 1744 1746 1745
f 1745 1746 1747
f 1746 1748 1747
f 1747 1748 1749
f 1748 1750 1749
f 1749 1750 1751
f 1750 1752 1751
f 1751 1752 1753
f 1752 1754 1753
f 1753 1754 1755
f 1754 1756 1755
f 1755 1756 1757
f 1756 1758 1757
f 1757 1758 1759
f 1758 1760 1759
f 1759 1760 1761
f 1760 1762 1761
f 1761 1762 1763
f 1762 1764 1763
f 1763 1764 1765
f 1764 1766 1765
f 1765 1766 1767
f 1766 1768 1767
f 1767 1768 1769
f 1768 1770 1769
f 1769 1770 1771
f 1770 1772 1771
f 1771 1772 1773
f 1772 1774 1773
f 1773 1774 1775
f 1774 1776 1775
f 1775 1776 1777
f 1776 1778 1777
f 1777 1778 1779
f 1778 1780 1779
f 1779 1780 1781
f 1780 1782 1781
f 1781 1782 1783
f 1782 1784 1783
f 1783 1784 1641
f 1784 1642 1641
f 1646 1644 1785
f 1644 1642 1785
f 1785 1642 1784
f 1652 1650 1785
f 1650 1648 1785
f 1785 1648 1646
f 1658 1656 1785
f 1656 1654 1785
f 1785 1654 1652
f 1664 1662 1785
f 1662 1660 1785
f 1785 1660 1658
f 1670 1668 1785
f 1668 1666 1785
f 1785 1666 1664
f 1676 1674 1785
f 1674 1672 1785
f 1785 1672 1670
f 1682 1680 1785
f 1680 1678 1785
f 1785 1678 1676
f 1688 1686 1785
f 1686 1684 1785
f 1785 1684 1682
f 1694 1692 1785
f 1692 1690 1785
f 1785 1690 1688
f 1700 1698 1785
f 1698 1696 1785
f 1785 1696 1694
f 1706 1704 1785
f 1704 1702 1785
f 1785 1702 1700
f 1712 1710 1785
f 1710 1708 1785
f 1785 1708 1706
f 1718 1716 1785
f 1716 1714 1785
f 1785 1714 1712
f 1724 1722 1785
f 1722 1720 1785
f 1785 1720 1718
f 1730 1728 1785
f 1728 1726 1785
f 1785 1726 1724
f 1736 1734 1785
f 1734 1732 1785
f 1785 1732 1730
f 1742 1740 1785
f 1740 1738 1785
f 1785 1738 1736
f 1748 1746 1785
f 1746 1744 1785
f 1785 1744 1742
f 1754 1752 1785
f 1752 1750 1785
f 1785 1750 1748
f 1760 1758 1785
f 1758 1756 1785
f 1785 1756 1754
f 1766 1764 1785
f 1764 1762 1785
f 1785 1762 1760
f 1772 1770 1785
f 1770 1768 1785
f 1785 1768 1766
f 1778 1776 1785
f 1776 1774 1785
f 1785 1774 1772
f 1784 1782 1785
f 1782 1780 1785
f 1785 1780 1778
f 1786 1366 1787
f 1366 1367 1787
f 1787 1367 1788
f 1367 1368 1788
f 1788 1368 1789
f 1368 1369 1789
f 1789 1369 1790
f 1369 1370 1790
f 1790 1370 1791
f 1370 1371 1791
f 1791 1371 1792
f 1371 1372 1792
f 1792 1372 1793
f 1372 1373 1793
f 1793 1373 1794
f 1373 1374 1794
f 1794 1374 1795
f 1374 1375 1795
f 1795 1375 1796
f 1375 1376 1796
f 1796 1376 1797
f 1376 1377 1797
f 1797 1377 1798
f 1377 1378 1798
f 1798 1378 1799
f 1378 1379 1799
f 1799 1379 1800
f 1379 1380 1800
f 1800 1380 1801
f 1380 1381 1801
f 1801 1381 1802
f 1381 1382 1802
f 1802 1382 1803
f 1382 1383 1803
f 1803 1383 1804
f 1383 1384 1804
f 1804 1384 1805
f 1384 1385 1805
f 1805 1385 1806
f 1385 1386 1806
f 1806 1386 1807
f 1386 1387 1807
f 1807 1387 1808
f 1387 1388 1808
f 1808 1388 1809
f 1388 1389 1809
f 1809 1389 1810
f 1389 1390 1810
f 1810 1390 1811
f 1390 1391 1811
f 1811 1391 1812
f 1391 1392 1812
f 1812 1392 1813
f 1392 1393 1813
f 1813 1393 1814
f 1393 1394 1814
f 1814 1394 1815
f 1394 1395 1815
f 1815 1395 1816
f 1395 1396 1816
f 1816 1396 1817
f 1396 1397 1817
f 1817 1397 1818
f 1397 1398 1818
f 1818 1398 1819
f 1398 1399 1819
f 1819 1399 1820
f 1399 1400 1820
f 1820 1400 1821
f 1400 1401 1821
f 1821 1401 1822
f 1401 1402 1822
f 1822 1402 1823
f 1402 1403 1823
f 1823 1403 1824
f 1403 1404 1824
f 1824 1404 1825
f 1404 1405 1825
f 1825 1405 1826
f 1405 1406 1826
f 1826 1406 1827
f 1406 1407 1827
f 1827 1407 1828
f 1407 1408 1828
f 1828 1408 1829
f 1408 1409 1829
f 1829 1409 1830
f 1409 1410 1830
f 1830 1410 1831
f 1410 1411 1831
f 1831 1411 1832
f 1411 1412 1832
f 1832 1412 1833
f 1412 1413 1833
f 1833 1413 1834
f 1413 1414 1834
f 1834 1414 1835
f 1414 1415 1835
f 1835 1415 1836
f 1415 1416 1836
f 1836 1416 1837
f 1416 1417 1837
f 1837 1417 1838
f 1417 1418 1838
f 1838 1418 1839
f 1418 1419 1839
f 1839 1419 1840
f 1419 1420 1840
f 1840 1420 1841
f 1420 1421 1841
f 1841 1421 1842
f 1421 1422 1842
f 1842 1422 1843
f 1422 1423 1843
f 1843 1423 1844
f 1423 1352 1844
f 1844 1352 1845
f 1352 1353 1845
f 1845 1353 1846
f 1353 1354 1846
f 1846 1354 1847
f 1354 1355 1847
f 1847 1355 1848
f 1355 1356 1848
f 1848 1356 1849
f 1356 1357 1849
f 1849 1357 1850
f 1357 1358 1850
f 1850 1358 1851
f 1358 1359 1851
f 1851 1359 1852
f 1359 1360 1852
f 1852 1360 1853
f 1360 1361 1853
f 1853 1361 1854
f 1361 1362 1854
f 1854 1362 1855
f 1362 1363 1855
f 1855 1363 1856
f 1363 1364 1856
f 1856 1364 1857
f 1364 1365 1857
f 1857 1365 1786
f 1365 1366 1786
f 1858 1859 1095
f 1044 1860 1096
f 1860 1861 1096
f 1096 1861 1097
f 1861 1862 1097
f 1097 1862 1156
f 1862 1863 1156
f 1156 1863 1157
f 1863 1864 1157
f 1157 1864 1158
f 1864 1865 1158
f 1158 1865 1171
f 1865 1866 1171
f 1171 1866 1172
f 1866 1867 1172
f 1172 1867 1173
f 1867 1868 1173
f 1173 1868 1190
f 1868 1869 1190
f 1190 1869 1191
f 1869 1870 1191
f 1191 1870 1192
f 1870 1871 1192
f 1192 1871 1201
f 1871 1872 1201
f 1201 1872 1202
f 1872 1873 1202
f 1202 1873 1203
f 1873 1858 1203
f 1203 1858 1204
f 1858 1095 1204
f 1859 1874 1095
f 1874 1875 1095
f 1095 1875 1094
f 1875 1876 1094
f 1094 1876 1090
f 1876 1877 1090
f 1090 1877 1165
f 1877 1878 1165
f 1165 1878 1166
f 1878 1879 1166
f 1166 1879 1167
f 1879 1880 1167
f 1167 1880 1168
f 1880 1881 1168
f 1168 1881 1180
f 1881 1882 1180
f 1180 1882 1184
f 1882 1883 1184
f 1184 1883 1196
f 1883 1884 1196
f 1196 1884 1189
f 1860 1044 1885
f 1044 646 1885
f 1885 646 1886
f 1085 1887 1888
f 1085 1888 1177
f 1888 1889 1177
f 1177 1889 1162
f 1889 1890 1162
f 1162 1890 1163
f 1890 1891 1163
f 1163 1891 1164
f 1891 1892 1164
f 1164 1892 1105
f 1892 1893 1105
f 1105 1893 1106
f 1893 1894 1106
f 1106 1894 1107
f 1894 1895 1107
f 1107 1895 1079
f 1895 1896 1079
f 1079 1896 1060
f 1896 1897 1060
f 1060 1897 1061
f 1897 1898 1061
f 1061 1898 1193
f 1898 1899 1193
f 1193 1899 1194
f 1899 1900 1194
f 1194 1900 1174
f 1900 1901 1174
f 1174 1901 1175
f 1901 1902 1175
f 1175 1902 1176
f 1902 1903 1176
f 1176 1903 1159
f 1903 1904 1159
f 1159 1904 1160
f 1904 1905 1160
f 1160 1905 1161
f 1905 1906 1161
f 1161 1906 1102
f 1906 1907 1102
f 1102 1907 1103
f 1907 1908 1103
f 1103 1908 1104
f 1908 1909 1104
f 1104 1909 1076
f 1909 1910 1076
f 1076 1910 1077
f 1910 1911 1077
f 1077 1911 1078
f 1911 1912 1078
f 1078 1912 1072
f 1912 1913 1072
f 1072 1913 1071
f 1914 1915 1916
f 1917 1918 1919
f 1917 1919 1920
f 1919 1921 1920
f 1920 1921 1922
f 1918 1923 1919
f 1923 1924 1919
f 1919 1924 1925
f 1888 1887 1898
f 1926 1927 1928
f 1929 1930 1931
f 1930 1926 1931
f 1931 1926 1932
f 1916 1915 1933
f 1925 1934 1919
f 1934 1935 1919
f 1919 1935 1916
f 1935 1936 1916
f 1916 1936 1914
f 1898 1887 1899
f 1915 1937 1933
f 1937 1938 1933
f 1933 1938 1939
f 1938 1940 1939
f 1939 1940 1928
f 1940 1941 1928
f 1928 1941 1926
f 1941 1942 1926
f 1926 1942 1932
f 1902 1901 1887
f 1901 1900 1887
f 1887 1900 1899
f 1897 1890 1898
f 1890 1889 1898
f 1898 1889 1888
f 1905 1904 1887
f 1904 1903 1887
f 1887 1903 1902
f 1893 1892 1897
f 1892 1891 1897
f 1897 1891 1890
f 1908 1907 1887
f 1907 1906 1887
f 1887 1906 1905
f 1896 1895 1897
f 1895 1894 1897
f 1897 1894 1893
f 1911 1910 1887
f 1910 1909 1887
f 1887 1909 1908
f 1927 1926 1943
f 1926 1913 1943
f 1943 1913 1887
f 1913 1912 1887
f 1887 1912 1911
f 1089 1943 1085
f 1943 1887 1085
f 1944 1188 1884
f 1188 1189 1884
f 1071 1913 1070
f 1913 1926 1070
f 1070 1926 1945
f 1946 1947 1948
f 1946 1948 1949
f 1948 1950 1949
f 1949 1950 1951
f 1952 1953 1954
f 1953 1955 1954
f 1947 1956 1948
f 1956 1957 1948
f 1948 1957 1958
f 1954 1959 1952
f 1959 1960 1952
f 1952 1960 1950
f 1960 1961 1950
f 1950 1961 1951
f 1962 1963 1885
f 1963 1964 1885
f 1885 1964 1955
f 1958 1965 1948
f 1965 1966 1948
f 1948 1966 1967
f 1966 1968 1967
f 1962 1885 1969
f 1885 1970 1969
f 1969 1970 1971
f 1883 1859 1884
f 1859 1858 1884
f 1883 1882 1859
f 1882 1881 1859
f 1859 1881 1874
f 1858 1873 1884
f 1873 1872 1884
f 1884 1872 1871
f 1881 1880 1874
f 1880 1879 1874
f 1874 1879 1878
f 1871 1870 1884
f 1870 1869 1884
f 1884 1869 1868
f 1878 1877 1874
f 1877 1876 1874
f 1874 1876 1875
f 1868 1867 1884
f 1867 1866 1884
f 1884 1866 1865
f 1865 1864 1884
f 1864 1863 1884
f 1884 1863 1862
f 1953 1972 1955
f 1972 1973 1955
f 1955 1973 1885
f 1973 1944 1885
f 1885 1944 1860
f 1944 1884 1860
f 1860 1884 1861
f 1884 1862 1861
f 1974 1975 1976
f 1975 1977 1976
f 1976 1977 1978
f 1976 1979 1974
f 1979 1980 1974
f 1974 1980 1981
f 1980 1982 1981
f 1981 1982 1983
f 1982 1984 1983
f 1983 1984 1985
f 1984 1986 1985
f 1985 1986 1987
f 1986 1988 1987
f 1987 1988 1989
f 1988 1990 1989
f 1989 1990 1991
f 1990 1992 1991
f 1991 1992 1993
f 1992 1994 1993
f 1993 1994 1995
f 1994 1996 1995
f 1996 1997 1995
f 1995 1997 1998
f 1997 1999 1998
f 1999 2000 1998
f 1998 2000 2001
f 2000 2002 2001
f 2001 2002 1922
f 2002 2003 1922
f 1922 2003 1920
f 2003 2004 1920
f 2004 2005 1920
f 1920 2005 1917
f 2005 2006 1917
f 2006 2007 1917
f 1917 2007 1918
f 2007 2008 1918
f 2008 2009 1918
f 1918 2009 1923
f 2009 2010 1923
f 2010 2011 1923
f 1923 2011 1924
f 2011 2012 1924
f 2012 2013 1924
f 1924 2013 1925
f 2013 2014 1925
f 2014 2015 1925
f 1925 2015 1934
f 2015 2016 1934
f 2016 2017 1934
f 1934 2017 1935
f 2017 2018 1935
f 2018 2019 1935
f 1935 2019 1936
f 2019 2020 1936
f 2020 2021 1936
f 1936 2021 1914
f 2021 2022 1914
f 2022 2023 1914
f 1914 2023 1915
f 2023 2024 1915
f 2024 2025 1915
f 1915 2025 1937
f 2025 2026 1937
f 1937 2026 1938
f 2026 2027 1938
f 2027 2028 1938
f 1938 2028 1940
f 2028 2029 1940
f 2029 2030 1940
f 1940 2030 1941
f 2030 2031 1941
f 2031 2032 1941
f 1941 2032 1942
f 2033 1931 2034
f 1931 1932 2034
f 2034 1932 2035
f 1932 1942 2035
f 2035 1942 2036
f 1942 2032 2036
f 2037 2038 2039
f 2038 2040 2039
f 2041 2042 2043
f 2041 2043 2044
f 2043 2045 2044
f 2044 2045 2046
f 2045 2047 2046
f 2046 2047 2048
f 2047 2049 2048
f 2048 2049 2050
f 2049 2051 2050
f 2050 2051 2052
f 2051 2053 2052
f 2052 2053 2054
f 2053 2055 2054
f 2054 2055 2056
f 2055 2057 2056
f 2056 2057 2058
f 2057 2059 2058
f 2058 2059 2060
f 2059 2038 2060
f 2060 2038 2037
f 2061 2062 2041
f 2062 2042 2041
f 2063 1971 2064
f 2063 2064 2065
f 2064 2066 2065
f 2065 2066 2067
f 2066 2068 2067
f 2067 2068 2069
f 2068 2070 2069
f 2069 2070 2071
f 2070 2072 2071
f 2071 2072 2073
f 2072 2074 2073
f 2073 2074 2075
f 2074 2076 2075
f 2075 2076 2077
f 2076 2062 2077
f 2077 2062 2061
f 1971 2063 1969
f 2063 2078 1969
f 1968 1966 2079
f 1966 2080 2079
f 2079 2080 2081
f 2082 2083 2081
f 2083 2084 2081
f 2081 2084 2079
f 2081 2085 2082
f 2085 2086 2082
f 2082 2086 2087
f 2088 2089 2086
f 2089 2090 2086
f 2086 2090 2087
f 2091 2092 2093
f 2093 2094 2091
f 2094 2095 2091
f 2091 2095 2088
f 2095 2096 2088
f 2088 2096 2089
f 2097 2098 2099
f 2098 2100 2099
f 2099 2100 2092
f 2100 2101 2092
f 2092 2101 2093
f 1969 2078 1962
f 2078 2102 1962
f 1962 2102 1963
f 2102 2103 1963
f 1963 2103 1964
f 2103 2104 1964
f 1964 2104 1955
f 2104 2105 1955
f 1955 2105 1954
f 2105 2106 1954
f 1954 2106 1959
f 2106 2107 1959
f 1959 2107 1960
f 2107 2108 1960
f 1960 2108 1961
f 2108 2109 1961
f 1961 2109 1951
f 2109 2110 1951
f 1951 2110 1949
f 2110 2111 1949
f 1949 2111 1946
f 2111 2112 1946
f 1946 2112 1947
f 2112 2113 1947
f 1947 2113 1956
f 2113 2114 1956
f 1956 2114 1957
f 2114 2115 1957
f 1957 2115 1958
f 2115 2116 1958
f 1958 2116 1965
f 2116 2117 1965
f 1965 2117 1966
f 2117 2118 1966
f 1966 2118 2080
f 1931 2033 1929
f 2033 2119 1929
f 2120 2121 2122
f 2120 2122 2123
f 2122 2124 2123
f 2123 2124 2125
f 2124 2126 2125
f 2125 2126 2127
f 2126 2128 2127
f 2127 2128 2129
f 2128 2130 2129
f 2129 2130 2131
f 2130 2132 2131
f 2131 2132 2133
f 2132 2134 2133
f 2133 2134 2135
f 2134 1929 2135
f 2135 1929 2119
f 2136 2137 2120
f 2137 2121 2120
f 2138 2139 2140
f 2139 2141 2140
f 2140 2141 2142
f 2141 2143 2142
f 2142 2143 2144
f 2143 2145 2144
f 2144 2145 2146
f 2145 2147 2146
f 2146 2147 2148
f 2147 2149 2148
f 2150 2151 2152
f 2150 2152 2153
f 2152 2154 2153
f 2153 2154 2155
f 2154 2156 2155
f 2155 2156 2157
f 2156 2158 2157
f 2157 2158 2159
f 2158 2160 2159
f 2159 2160 2161
f 2160 2162 2161
f 2161 2162 2163
f 2162 2164 2163
f 2163 2164 2165
f 2164 2166 2165
f 2165 2166 2167
f 2166 2168 2167
f 2167 2168 2169
f 2168 2170 2169
f 2169 2170 2171
f 2170 2172 2171
f 2171 2172 2173
f 2172 2174 2173
f 2173 2174 2175
f 2174 2176 2175
f 2175 2176 2177
f 2176 2178 2177
f 2177 2178 2179
f 2178 2180 2179
f 2179 2180 2181
f 2180 2182 2181
f 2181 2182 2183
f 2182 2184 2183
f 2183 2184 2185
f 2184 2186 2185
f 2185 2186 2187
f 2186 2188 2187
f 2187 2188 2189
f 2188 2190 2189
f 2189 2190 2191
f 2190 2192 2191
f 2191 2192 2193
f 2192 2194 2193
f 2193 2194 2195
f 2194 2196 2195
f 2195 2196 2197
f 2196 2198 2197
f 2197 2198 2199
f 2198 2200 2199
f 2199 2200 2201
f 2200 2202 2201
f 2201 2202 2203
f 2202 2204 2203
f 2203 2204 2205
f 2204 2206 2205
f 2205 2206 2207
f 2208 2209 2210
f 2208 2210 2211
f 2210 2212 2211
f 2211 2212 2213
f 2212 2214 2213
f 2213 2214 2215
f 2214 2216 2215
f 2215 2216 2217
f 2216 2218 2217
f 2217 2218 2219
f 2218 2220 2219
f 2219 2220 2221
f 2220 2222 2221
f 2221 2222 2223
f 2222 2224 2223
f 2223 2224 2225
f 2224 2226 2225
f 2225 2226 2227
f 2226 2228 2227
f 2227 2228 2229
f 2228 2230 2229
f 2229 2230 2231
f 2230 2232 2231
f 2231 2232 2233
f 2232 2234 2233
f 2233 2234 2235
f 2234 2236 2235
f 2235 2236 2237
f 2236 2238 2237
f 2237 2238 2239
f 2238 2240 2239
f 2239 2240 2241
f 2240 2242 2241
f 2241 2242 2243
f 2242 2244 2243
f 2243 2244 2245
f 2244 2246 2245
f 2245 2246 2247
f 2246 2248 2247
f 2247 2248 2249
f 2248 2250 2249
f 2249 2250 2251
f 2250 2252 2251
f 2251 2252 2253
f 2252 2254 2253
f 2253 2254 2255
f 2254 2256 2255
f 2255 2256 2257
f 2256 2258 2257
f 2257 2258 2259
f 2258 2260 2259
f 2259 2260 2261
f 2260 2262 2261
f 2261 2262 2263
f 2262 2264 2263
f 2263 2264 2265
f 2264 2266 2265
f 2265 2266 2267
f 2266 2148 2267
f 2267 2148 2149
f 2268 2269 2270
f 2269 2271 2270
f 2272 2273 2274
f 2272 2274 2275
f 2274 2276 2275
f 2275 2276 2277
f 2276 2278 2277
f 2277 2278 2279
f 2278 2280 2279
f 2279 2280 2281
f 2280 2282 2281
f 2281 2282 2283
f 2282 2284 2283
f 2283 2284 2285
f 2284 2286 2285
f 2285 2286 2287
f 2286 2288 2287
f 2287 2288 2289
f 2288 2290 2289
f 2289 2290 2291
f 2290 2292 2291
f 2291 2292 2293
f 2292 2294 2293
f 2293 2294 2295
f 2294 2296 2295
f 2295 2296 2297
f 2296 2298 2297
f 2297 2298 2299
f 2298 2300 2299
f 2299 2300 2301
f 2300 2302 2301
f 2301 2302 2303
f 2302 2269 2303
f 2303 2269 2268
f 2273 2272 2304
f 2272 2305 2304
f 2306 2307 2308
f 2306 2308 2309
f 2308 2310 2309
f 2309 2310 2311
f 2310 2312 2311
f 2311 2312 2313
f 2312 2314 2313
f 2313 2314 2315
f 2314 2316 2315
f 2315 2316 2317
f 2316 2318 2317
f 2317 2318 2319
f 2318 2320 2319
f 2319 2320 2321
f 2320 2322 2321
f 2321 2322 2323
f 2322 2324 2323
f 2323 2324 2325
f 2324 2326 2325
f 2325 2326 2327
f 2326 2328 2327
f 2327 2328 2329
f 2328 2330 2329
f 2329 2330 2331
f 2330 2332 2331
f 2331 2332 2333
f 2332 2334 2333
f 2333 2334 2335
f 2334 2336 2335
f 2335 2336 2337
f 2336 2338 2337
f 2337 2338 2339
f 2340 2341 2342
f 2343 2344 2345
f 2344 2346 2345
f 2345 2346 2347
f 2348 2349 2209
f 2350 2351 2352
f 2352 2353 2350
f 2353 2354 2350
f 2350 2354 2355
f 2355 2356 2350
f 2356 2357 2350
f 2350 2357 2358
f 2358 2359 2350
f 2359 2360 2350
f 2350 2360 2345
f 2360 2361 2345
f 2345 2361 2343
f 2348 2209 2362
f 2341 2363 2342
f 2363 2364 2342
f 2342 2364 2365
f 2366 148 147
f 2367 2368 2369
f 2368 2370 2369
f 2369 2370 2371
f 2371 2372 2369
f 2372 2373 2369
f 2369 2373 2374
f 2375 2376 2209
f 2376 2377 2209
f 2209 2377 2362
f 2218 2378 2220
f 2378 2222 2220
f 2218 2216 2378
f 2216 2214 2378
f 2378 2214 2212
f 2365 2379 2342
f 2379 2380 2342
f 2342 2380 2369
f 2380 2381 2369
f 2369 2381 2367
f 2228 2226 2382
f 2349 2383 2209
f 2383 2378 2209
f 2209 2378 2210
f 2378 2212 2210
f 187 2384 2385
f 2232 2230 2386
f 2378 2387 2222
f 2387 2382 2222
f 2222 2382 2224
f 2382 2226 2224
f 187 2385 188
f 2385 2388 188
f 188 2388 189
f 2388 2389 189
f 189 2389 190
f 2389 2390 190
f 190 2390 2391
f 2384 187 2392
f 187 186 2392
f 2392 186 2393
f 186 185 2393
f 2393 185 2394
f 185 184 2394
f 2394 184 2395
f 184 183 2395
f 2395 183 2396
f 183 182 2396
f 2396 182 2397
f 182 181 2397
f 2397 181 2398
f 181 180 2398
f 2398 180 2399
f 180 179 2399
f 2399 179 2400
f 179 178 2400
f 2400 178 2401
f 178 177 2401
f 2401 177 2402
f 177 176 2402
f 2402 176 2403
f 176 175 2403
f 2403 175 2404
f 175 174 2404
f 2404 174 2405
f 174 173 2405
f 2405 173 2406
f 173 172 2406
f 2406 172 2407
f 212 2234 213
f 2234 2232 213
f 213 2232 214
f 2228 2382 2230
f 2382 2408 2230
f 2230 2408 2386
f 2266 2264 211
f 2264 2262 211
f 2266 211 2148
f 211 210 2148
f 2148 210 2146
f 210 209 2146
f 2146 209 2144
f 209 208 2144
f 2144 208 2142
f 202 201 2409
f 2347 2410 2345
f 2410 2411 2345
f 2345 2411 2412
f 2411 2413 2412
f 171 170 2268
f 170 169 2268
f 2268 169 2303
f 158 2414 159
f 2414 2415 159
f 159 2415 160
f 151 2416 2417
f 212 2248 2246
f 2246 2244 212
f 2244 2242 212
f 212 2242 2240
f 2262 2260 211
f 2260 2258 211
f 211 2258 2256
f 2418 2419 2420
f 2313 194 2311
f 194 193 2311
f 2391 2421 190
f 2421 2422 190
f 190 2422 2423
f 2424 2425 172
f 2425 2426 172
f 172 2426 2407
f 2427 2428 2411
f 2428 2429 2411
f 153 2430 154
f 2430 2431 154
f 154 2431 155
f 2431 2432 155
f 155 2432 156
f 2432 2433 156
f 156 2433 157
f 2434 2435 151
f 2435 2436 151
f 151 2436 2416
f 147 146 2366
f 146 145 2366
f 2366 145 2386
f 145 216 2386
f 2386 216 2232
f 216 215 2232
f 2232 215 214
f 2256 2254 211
f 2254 2252 211
f 211 2252 212
f 2252 2250 212
f 212 2250 2248
f 2240 2238 212
f 2238 2236 212
f 212 2236 2234
f 2437 2438 204
f 2418 2420 2439
f 2313 2315 194
f 2315 2317 194
f 194 2317 2319
f 2423 2440 190
f 2440 2441 190
f 190 2441 191
f 2441 2442 191
f 191 2442 192
f 2442 2306 192
f 192 2306 193
f 2306 2309 193
f 193 2309 2311
f 2268 2270 171
f 2270 2443 171
f 171 2443 172
f 2443 2444 172
f 172 2444 2424
f 2429 2445 2411
f 2445 2446 2411
f 2411 2446 2413
f 166 165 2447
f 165 164 2447
f 158 2448 2449
f 2449 2450 158
f 2450 2451 158
f 158 2451 2452
f 2433 2453 157
f 2453 2454 157
f 157 2454 2455
f 2455 2456 157
f 2456 2457 157
f 157 2457 2458
f 2459 2460 150
f 2461 2462 150
f 2462 2463 150
f 150 2463 151
f 2463 2464 151
f 151 2464 2434
f 2438 2465 204
f 2465 2466 204
f 204 2466 2467
f 195 2439 196
f 2439 197 196
f 2468 2418 2342
f 2418 2469 2342
f 2342 2469 2340
f 2468 2470 2418
f 2470 2471 2418
f 2418 2471 2472
f 2472 2473 2418
f 2473 2474 2418
f 2418 2474 2419
f 2291 2293 168
f 2293 2295 168
f 2295 2297 168
f 2297 2299 168
f 168 2299 169
f 2299 2301 169
f 169 2301 2303
f 2272 2275 167
f 167 2287 168
f 2287 2289 168
f 168 2289 2291
f 2415 2475 2447
f 2475 2476 2447
f 2447 2476 2411
f 2476 2477 2411
f 2411 2477 2427
f 2458 2478 157
f 2478 2479 157
f 157 2479 158
f 2479 2480 158
f 158 2480 2448
f 2452 2481 158
f 2481 2482 158
f 158 2482 2414
f 2417 2483 151
f 2483 2484 151
f 151 2484 152
f 2484 2485 152
f 152 2485 153
f 2485 2486 153
f 153 2486 2430
f 2487 2488 205
f 2488 2489 205
f 202 2409 203
f 2409 2490 203
f 203 2490 204
f 2490 2491 204
f 204 2491 2437
f 2467 2492 204
f 2492 2493 204
f 204 2493 205
f 2493 2494 205
f 205 2494 2487
f 2275 2277 167
f 2277 2279 167
f 167 2279 2281
f 2281 2283 167
f 2283 2285 167
f 167 2285 2287
f 148 2366 149
f 2366 2495 149
f 149 2495 150
f 2495 2496 150
f 150 2496 2459
f 2460 2497 150
f 2497 2498 150
f 150 2498 2461
f 2142 208 2140
f 208 207 2140
f 2140 207 2138
f 207 206 2138
f 2138 206 2499
f 206 205 2499
f 2499 205 2500
f 2420 2501 2439
f 2501 2502 2439
f 2439 2502 2409
f 2319 2321 194
f 2321 2323 194
f 194 2323 195
f 2323 2325 195
f 166 2447 167
f 2447 2305 167
f 167 2305 2272
f 164 163 2447
f 163 162 2447
f 2447 162 2415
f 162 161 2415
f 2415 161 160
f 2489 2503 205
f 2503 2504 205
f 205 2504 2500
f 201 200 2409
f 200 199 2409
f 2409 199 2439
f 199 198 2439
f 2439 198 197
f 2325 2327 195
f 2327 2329 195
f 195 2329 2331
f 2331 2333 195
f 2333 2335 195
f 195 2335 2337
f 2337 2339 195
f 2339 2505 195
f 195 2505 2439
f 2270 2271 2443
f 2271 2506 2443
f 2443 2506 2444
f 2506 2507 2444
f 2444 2507 2424
f 2507 2508 2424
f 2424 2508 2425
f 2508 2509 2425
f 2425 2509 2426
f 2509 2510 2426
f 2426 2510 2407
f 2510 2511 2407
f 2407 2511 2406
f 2511 2512 2406
f 2307 2306 2513
f 2306 2442 2513
f 2390 2514 2391
f 2514 2515 2391
f 2391 2515 2421
f 2515 2516 2421
f 2421 2516 2422
f 2516 2517 2422
f 2422 2517 2423
f 2517 2518 2423
f 2423 2518 2440
f 2518 2519 2440
f 2440 2519 2441
f 2519 2520 2441
f 2441 2520 2442
f 2520 2513 2442
f 1815 1816 2521
f 2522 1824 1825
f 2523 2524 1820
f 1850 1851 2324
f 1824 2522 1823
f 2522 2525 1823
f 1823 2525 1822
f 1825 1826 2522
f 1826 1827 2522
f 2522 1827 2151
f 1830 2168 1829
f 2168 2166 1829
f 1827 1828 2151
f 1828 1829 2151
f 2151 1829 2152
f 1829 2154 2152
f 1812 1813 2521
f 1813 1814 2521
f 2521 1814 1815
f 2166 2164 1829
f 2164 2162 1829
f 1829 2162 2160
f 1805 1806 2526
f 1806 1807 2526
f 2526 1810 2521
f 1810 1811 2521
f 2521 1811 1812
f 1819 2527 2528
f 1816 1817 2521
f 1817 1818 2521
f 2521 1818 2529
f 1818 1819 2529
f 2529 1819 2530
f 1819 2528 2530
f 2524 2531 1820
f 2531 2532 1820
f 1820 2532 1819
f 2532 2533 1819
f 1819 2533 2527
f 1821 2534 2535
f 2525 2536 1822
f 2536 2537 1822
f 1822 2537 1821
f 2537 2538 1821
f 1821 2538 2534
f 2160 2158 1829
f 2158 2156 1829
f 1829 2156 2154
f 1807 1808 2526
f 1808 1809 2526
f 2526 1809 1810
f 2535 2539 1821
f 2539 2540 1821
f 1821 2540 1820
f 2540 2541 1820
f 1820 2541 2523
f 1833 1834 2513
f 1834 1835 2513
f 2513 1835 1836
f 1840 1841 2307
f 2182 2180 1831
f 2180 2178 1831
f 1831 2178 2176
f 1836 1837 2513
f 1837 1838 2513
f 2513 1838 2307
f 1838 1839 2307
f 2307 1839 1840
f 2200 2198 1831
f 2198 2196 1831
f 1831 2196 2194
f 2176 2174 1831
f 2174 2172 1831
f 1831 2172 1830
f 2172 2170 1830
f 1830 2170 2168
f 2518 2517 2206
f 2206 2204 2518
f 2204 2202 2518
f 2518 2202 2519
f 2202 2200 2519
f 2519 2200 2520
f 2200 1831 2520
f 2520 1831 2513
f 1831 1832 2513
f 2513 1832 1833
f 2324 1851 2326
f 1851 1852 2326
f 2326 1852 2328
f 1852 1853 2328
f 2328 1853 2330
f 1853 1854 2330
f 2330 1854 2332
f 1854 1855 2332
f 2332 1855 2334
f 1855 1856 2334
f 2334 1856 2336
f 1856 1857 2336
f 2336 1857 2338
f 1857 1786 2338
f 2338 1786 2542
f 1786 1787 2542
f 2542 1787 2543
f 1787 1788 2543
f 2543 1788 2544
f 1788 1789 2544
f 2544 1789 2545
f 1789 1790 2545
f 2545 1790 2546
f 1790 1791 2546
f 2546 1791 2547
f 1791 1792 2547
f 2547 1792 2548
f 1792 1793 2548
f 2548 1793 2549
f 1793 1794 2549
f 2549 1794 2550
f 1794 1795 2550
f 2550 1795 2551
f 1795 1796 2551
f 2551 1796 2552
f 1796 1797 2552
f 2552 1797 2553
f 1797 1798 2553
f 2553 1798 2554
f 1798 1799 2554
f 2554 1799 2555
f 1799 1800 2555
f 2555 1800 2556
f 2556 1800 2557
f 1800 1801 2557
f 2557 1801 2558
f 1801 1802 2558
f 2558 1802 2559
f 1802 1803 2559
f 2559 1803 2526
f 1803 1804 2526
f 2526 1804 1805
f 2194 2192 1831
f 2192 2190 1831
f 1831 2190 2188
f 2188 2186 1831
f 2186 2184 1831
f 1831 2184 2182
f 2517 2516 2206
f 2516 2515 2206
f 2206 2515 2514
f 2324 2322 1850
f 2322 2320 1850
f 1850 2320 1849
f 2320 2318 1849
f 1849 2318 1848
f 2318 2316 1848
f 1848 2316 1847
f 2316 2314 1847
f 1847 2314 1846
f 2314 2312 1846
f 1846 2312 1845
f 2312 2310 1845
f 1845 2310 1844
f 2310 2308 1844
f 1844 2308 1843
f 2308 2307 1843
f 1843 2307 1842
f 2307 1841 1842
f 1945 2560 2561
f 1945 2561 2562
f 2561 2563 2562
f 2562 2563 2564
f 2563 2565 2564
f 2564 2565 2566
f 2565 2567 2566
f 2566 2567 2568
f 2567 2569 2568
f 2568 2569 2570
f 2569 2571 2570
f 2570 2571 2572
f 2571 2573 2572
f 2572 2573 2574
f 2573 2575 2574
f 2574 2575 2576
f 2575 2577 2576
f 2576 2577 2578
f 2577 2579 2578
f 2578 2579 2580
f 2579 2581 2580
f 2580 2581 2582
f 2581 2583 2582
f 2582 2583 2584
f 2583 2585 2584
f 2584 2585 2586
f 2585 2587 2586
f 2586 2587 2588
f 2587 2589 2588
f 2588 2589 2590
f 2589 2591 2590
f 2590 2591 2592
f 2591 2593 2592
f 2592 2593 2594
f 2593 2595 2594
f 2594 2595 2596
f 2597 2598 2599
f 2600 2601 2602
f 2601 2597 2602
f 2602 2597 2603
f 2597 2599 2603
f 2604 2605 2599
f 2604 2599 2606
f 1683 1685 2271
f 1685 1687 2271
f 2271 1687 1689
f 1675 2269 1673
f 2269 1671 1673
f 2605 2607 2599
f 2607 2608 2599
f 2599 2608 2609
f 1689 1691 2271
f 1691 1693 2271
f 2271 1693 2506
f 1693 1695 2506
f 2610 2611 2599
f 2611 2612 2599
f 2599 2612 2606
f 2603 2613 2614
f 2615 2616 2617
f 2618 2619 2620
f 1675 1677 2269
f 1677 1679 2269
f 2269 1679 2271
f 1679 1681 2271
f 2271 1681 1683
f 2614 2621 2603
f 2621 2622 2603
f 2603 2622 2623
f 1721 1723 2595
f 1723 1725 2595
f 2595 1725 1727
f 1671 2269 1669
f 2269 2302 1669
f 1669 2302 1667
f 2302 2300 1667
f 1667 2300 1665
f 2300 2298 1665
f 1665 2298 1663
f 2298 2296 1663
f 1663 2296 1661
f 2296 2294 1661
f 1661 2294 1659
f 2624 2625 2603
f 2617 2626 2615
f 2626 2627 2615
f 2615 2627 2618
f 2627 2628 2618
f 2618 2628 2619
f 2621 2629 2622
f 2629 2618 2622
f 2622 2618 2630
f 2618 2620 2630
f 2512 2511 1695
f 2511 2510 1695
f 1695 2510 2509
f 2509 2508 1695
f 2508 2507 1695
f 1695 2507 2506
f 2609 2631 2599
f 2631 2632 2599
f 2599 2632 2603
f 2632 2633 2603
f 2603 2633 2624
f 2625 2634 2603
f 2634 2635 2603
f 2603 2635 2636
f 2636 2637 2603
f 2637 2638 2603
f 2603 2638 2613
f 1695 1697 2512
f 1697 1699 2512
f 2512 1699 2623
f 1699 1701 2623
f 2623 1701 2603
f 1701 1703 2603
f 2603 1703 1705
f 1715 2563 1713
f 2563 2561 1713
f 1713 2561 2560
f 1705 1707 2603
f 1707 1709 2603
f 2603 1709 2560
f 1709 1711 2560
f 2560 1711 1713
f 2569 2567 1715
f 2567 2565 1715
f 1715 2565 2563
f 2591 2589 1719
f 2581 2579 1717
f 2579 2577 1717
f 1721 2595 1719
f 2595 2593 1719
f 1719 2593 2591
f 1727 1729 2595
f 1729 1731 2595
f 2595 1731 1733
f 1739 2639 1737
f 2639 2595 1737
f 1737 2595 1735
f 2595 1733 1735
f 2294 2292 1659
f 2292 2290 1659
f 1659 2290 1657
f 2290 2288 1657
f 1657 2288 1655
f 2288 2286 1655
f 1655 2286 1653
f 2286 2284 1653
f 1653 2284 1651
f 2284 2282 1651
f 1651 2282 1649
f 2282 2280 1649
f 1649 2280 1647
f 2280 2278 1647
f 1647 2278 1645
f 2278 2276 1645
f 1645 2276 1643
f 2276 2274 1643
f 1643 2274 1641
f 2274 2273 1641
f 1641 2273 1783
f 2273 2304 1783
f 1783 2304 1781
f 2304 2640 1781
f 1781 2640 1779
f 2640 2641 1779
f 1779 2641 1777
f 2641 2642 1777
f 1777 2642 1775
f 2642 2643 1775
f 1775 2643 1773
f 2643 2644 1773
f 1773 2644 1771
f 2644 2645 1771
f 1771 2645 1769
f 2645 2646 1769
f 1769 2646 1767
f 2646 2647 1767
f 1767 2647 1765
f 2647 2648 1765
f 1765 2648 1763
f 2648 2649 1763
f 1763 2649 1761
f 2649 2650 1761
f 1761 2650 1759
f 2577 2575 1717
f 2575 2573 1717
f 1717 2573 1715
f 2573 2571 1715
f 1715 2571 2569
f 1739 1741 2639
f 1741 1743 2639
f 2639 1743 1745
f 2589 2587 1719
f 2587 2585 1719
f 1719 2585 1717
f 2585 2583 1717
f 1717 2583 2581
f 2650 2651 1759
f 2651 2652 1759
f 1759 2652 1757
f 2652 2653 1757
f 1757 2653 1755
f 2653 2654 1755
f 1755 2654 1753
f 2654 2655 1753
f 1753 2655 1751
f 2655 2656 1751
f 1751 2656 1749
f 2656 2639 1749
f 1749 2639 1747
f 2639 1745 1747
f 2351 2639 2656
f 2351 2656 2352
f 2656 2655 2352
f 2352 2655 2353
f 2655 2654 2353
f 2353 2654 2354
f 2654 2653 2354
f 2354 2653 2355
f 2653 2652 2355
f 2355 2652 2356
f 2652 2651 2356
f 2356 2651 2357
f 2651 2650 2357
f 2357 2650 2358
f 2650 2649 2358
f 2358 2649 2359
f 2649 2648 2359
f 2359 2648 2360
f 2648 2647 2360
f 2360 2647 2361
f 2647 2646 2361
f 2361 2646 2343
f 2646 2645 2343
f 2343 2645 2344
f 2645 2644 2344
f 2344 2644 2346
f 2644 2643 2346
f 2346 2643 2347
f 2643 2642 2347
f 2347 2642 2410
f 2642 2641 2410
f 2410 2641 2411
f 2641 2640 2411
f 2411 2640 2447
f 2640 2304 2447
f 2447 2304 2305
f 2339 2338 2505
f 2338 2542 2505
f 2505 2542 2543
f 2505 2543 2439
f 2543 2544 2439
f 2439 2544 2418
f 2544 2545 2418
f 2418 2545 2469
f 2545 2546 2469
f 2469 2546 2340
f 2546 2547 2340
f 2340 2547 2341
f 2547 2548 2341
f 2341 2548 2363
f 2548 2549 2363
f 2363 2549 2364
f 2549 2550 2364
f 2364 2550 2365
f 2550 2551 2365
f 2365 2551 2379
f 2551 2552 2379
f 2379 2552 2380
f 2552 2553 2380
f 2380 2553 2381
f 2553 2554 2381
f 2381 2554 2367
f 2554 2555 2367
f 2367 2555 2368
f 2555 2556 2368
f 2368 2556 2370
f 2556 2557 2370
f 2370 2557 2371
f 2557 2558 2371
f 2371 2558 2372
f 2558 2559 2372
f 2372 2559 2373
f 2559 2526 2373
f 2373 2526 2374
f 2657 2658 2350
f 2658 2659 2350
f 2350 2659 2351
f 2659 2596 2351
f 2351 2596 2639
f 2596 2595 2639
f 620 2521 2529
f 620 2529 2660
f 2529 2530 2660
f 2660 2530 2661
f 2530 2528 2661
f 2661 2528 2662
f 2528 2527 2662
f 2662 2527 2663
f 2527 2533 2663
f 2663 2533 2664
f 2533 2532 2664
f 2664 2532 2665
f 2532 2531 2665
f 2665 2531 2666
f 2531 2524 2666
f 2666 2524 2667
f 2524 2523 2667
f 2667 2523 2668
f 2523 2541 2668
f 2668 2541 2669
f 2541 2540 2669
f 2669 2540 2670
f 2540 2539 2670
f 2670 2539 2671
f 2539 2535 2671
f 2671 2535 2672
f 2535 2534 2672
f 2672 2534 2673
f 2534 2538 2673
f 2673 2538 2674
f 2538 2537 2674
f 2674 2537 2675
f 2537 2536 2675
f 2675 2536 2676
f 2536 2525 2676
f 2676 2525 1886
f 2560 1945 2603
f 1945 1926 2603
f 2514 2390 2389
f 2677 2678 2679
f 2678 2680 2679
f 2680 2681 2679
f 2681 2682 2679
f 2679 2682 2683
f 2684 2685 2679
f 2685 2686 2679
f 2686 2687 2679
f 2687 2688 2679
f 2679 2688 2689
f 2689 2690 2679
f 2690 2691 2679
f 2679 2691 2677
f 2684 2679 2692
f 2679 2693 2692
f 2692 2693 2694
f 2683 2695 2679
f 2695 2696 2679
f 2679 2696 2697
f 2697 2698 2679
f 2698 2699 2679
f 2679 2699 2693
f 2617 2700 2398
f 2700 2701 2398
f 2398 2701 2702
f 2702 2703 2398
f 2703 2704 2398
f 2398 2704 2705
f 2705 2706 2398
f 2706 2707 2398
f 2398 2707 2708
f 2708 2709 2398
f 2709 2710 2398
f 2398 2710 2711
f 2711 2712 2398
f 2712 2713 2398
f 2398 2713 2397
f 2714 2207 2206
f 2713 2694 2397
f 2694 2693 2397
f 2397 2693 2396
f 2693 2715 2396
f 2396 2715 2395
f 2715 2716 2395
f 2395 2716 2394
f 2716 2717 2394
f 2394 2717 2393
f 2717 2718 2393
f 2393 2718 2392
f 2718 2719 2392
f 2392 2719 2384
f 2719 2720 2384
f 2384 2720 2385
f 2720 2721 2385
f 2385 2721 2388
f 2721 2722 2388
f 2388 2722 2389
f 2722 2714 2389
f 2389 2714 2514
f 2714 2206 2514
f 2406 2512 2405
f 2512 2623 2405
f 2405 2623 2404
f 2623 2622 2404
f 2404 2622 2403
f 2622 2630 2403
f 2403 2630 2402
f 2630 2620 2402
f 2402 2620 2401
f 2620 2619 2401
f 2401 2619 2400
f 2619 2628 2400
f 2400 2628 2399
f 2628 2627 2399
f 2399 2627 2398
f 2627 2626 2398
f 2398 2626 2617
f 2723 2724 1605
f 1608 1609 2141
f 1609 1610 2141
f 2141 1610 2143
f 1610 1611 2143
f 2143 1611 1612
f 2725 1597 2726
f 1597 1598 2726
f 2726 1598 2727
f 2728 2729 1599
f 2729 2730 1599
f 1599 2730 1598
f 2730 2731 1598
f 1598 2731 2727
f 1603 2732 1602
f 2732 2733 1602
f 1602 2733 2734
f 2735 2736 1604
f 2736 2737 1604
f 1604 2737 1603
f 2737 2738 1603
f 1603 2738 2732
f 1612 1613 2143
f 1613 1614 2143
f 2143 1614 2145
f 1614 1615 2145
f 1633 1634 2208
f 1634 1635 2208
f 2208 1635 1636
f 1636 1637 2208
f 1637 1638 2208
f 2208 1638 2739
f 1638 1639 2739
f 2739 1639 1640
f 1640 1569 2739
f 1569 1570 2739
f 2739 1570 1571
f 1577 2740 1576
f 2740 2741 1576
f 1576 2741 1575
f 1587 2742 1586
f 2742 1585 1586
f 1591 1592 2743
f 1592 1593 2743
f 2743 1593 1594
f 2744 1601 2745
f 1601 1602 2745
f 2745 1602 2746
f 1602 2734 2746
f 1605 2724 1604
f 2724 2747 1604
f 1604 2747 2735
f 2748 2749 1579
f 2749 1578 1579
f 2748 1579 2750
f 1579 1580 2750
f 2750 1580 2751
f 2751 1580 2752
f 1580 1581 2752
f 2752 1581 2753
f 1581 1582 2753
f 2753 1582 2754
f 1594 1595 2743
f 1595 1596 2743
f 2743 1596 2755
f 1596 1597 2755
f 2755 1597 2756
f 1597 2725 2756
f 2728 1599 2757
f 1599 1600 2757
f 2757 1600 2758
f 2744 2759 1601
f 2759 2760 1601
f 1601 2760 1600
f 2760 2761 1600
f 1600 2761 2758
f 1608 2141 1607
f 2141 2139 1607
f 1607 2139 1606
f 2139 2762 1606
f 1606 2762 1605
f 2762 2763 1605
f 1605 2763 2723
f 2741 2764 1575
f 2764 2765 1575
f 1575 2765 1574
f 2749 2766 1578
f 2766 2767 1578
f 1578 2767 1577
f 2767 2768 1577
f 1577 2768 2740
f 1587 1588 2742
f 1588 1589 2742
f 2742 1589 2743
f 1589 1590 2743
f 2743 1590 1591
f 1615 1616 2145
f 1616 1617 2145
f 2145 1617 2147
f 1617 1618 2147
f 2237 1627 2235
f 1627 1628 2235
f 1629 2227 1628
f 2227 2229 1628
f 2229 2231 1628
f 2231 2233 1628
f 1628 2233 2235
f 2219 2221 1630
f 2221 2223 1630
f 1630 2223 1629
f 2223 2225 1629
f 1629 2225 2227
f 1571 1572 2739
f 1572 1573 2739
f 2739 1573 2769
f 1573 1574 2769
f 2769 1574 2770
f 1574 2765 2770
f 2754 1582 2771
f 1582 1583 2771
f 2771 1583 2742
f 1583 1584 2742
f 2742 1584 1585
f 2211 1631 2208
f 1631 1632 2208
f 2208 1632 1633
f 2211 2213 1631
f 2213 2215 1631
f 1631 2215 1630
f 2215 2217 1630
f 1630 2217 2219
f 2243 1626 2241
f 1626 1627 2241
f 2241 1627 2239
f 1627 2237 2239
f 1618 1619 2147
f 1619 1620 2147
f 2147 1620 2149
f 1620 1621 2149
f 2149 1621 2267
f 1621 1622 2267
f 2267 1622 2265
f 1622 1623 2265
f 2265 1623 2263
f 2255 2257 1624
f 2257 2259 1624
f 1624 2259 1623
f 2259 2261 1623
f 1623 2261 2263
f 2255 1624 2253
f 1624 1625 2253
f 2253 1625 2251
f 2243 2245 1626
f 2245 2247 1626
f 1626 2247 1625
f 2247 2249 1625
f 1625 2249 2251
f 2772 2773 1458
f 2774 2775 1460
f 1466 1468 2776
f 1468 1470 2776
f 2776 1470 2777
f 1470 1472 2777
f 1472 1474 2777
f 1474 1476 2777
f 2777 1476 2778
f 1476 1478 2778
f 2778 1478 1480
f 1486 2779 1484
f 2779 2778 1484
f 1484 2778 1482
f 2778 1480 1482
f 1558 2780 2781
f 1566 1424 2782
f 2783 1450 2784
f 1450 1452 2784
f 1454 2785 1452
f 2785 2786 1452
f 2786 2787 1452
f 2787 2788 1452
f 1452 2788 2784
f 2789 2790 1456
f 2790 2791 1456
f 1456 2791 1454
f 2791 2792 1454
f 1454 2792 2785
f 1458 2773 1456
f 2773 2793 1456
f 1456 2793 2789
f 1460 2775 1458
f 2775 2794 1458
f 1458 2794 2772
f 2795 1552 1554
f 1558 2781 1556
f 2781 2796 1556
f 1556 2796 1554
f 2796 2797 1554
f 1554 2797 2795
f 1566 2782 1564
f 1432 1434 2798
f 1434 1436 2798
f 2798 1436 1438
f 2799 1444 2800
f 1444 1446 2800
f 2800 1446 2801
f 2802 1448 2803
f 1448 1450 2803
f 2803 1450 2804
f 1450 2783 2804
f 1466 2776 1464
f 2776 2805 1464
f 1464 2805 1462
f 2805 2806 1462
f 1462 2806 1460
f 2806 2807 1460
f 1460 2807 2774
f 2808 2809 1510
f 1438 1440 2798
f 1440 1442 2798
f 2798 1442 2810
f 1442 1444 2810
f 2810 1444 2811
f 1444 2799 2811
f 2802 2812 1448
f 2812 2813 1448
f 1448 2813 1446
f 2813 2814 1446
f 1446 2814 2801
f 2815 1496 2816
f 1496 1498 2816
f 2816 1498 2817
f 2818 1504 2819
f 1504 1506 2819
f 1508 2820 1506
f 2820 2821 1506
f 2821 2822 1506
f 2822 2823 1506
f 1506 2823 2819
f 2809 2824 1510
f 2824 2825 1510
f 1510 2825 1508
f 2825 2826 1508
f 1508 2826 2820
f 1486 1488 2779
f 1488 1490 2779
f 2779 1490 2827
f 1490 1492 2827
f 2827 1492 2828
f 1492 1494 2828
f 2828 1494 2829
f 1494 1496 2829
f 2829 1496 2830
f 1496 2815 2830
f 2780 1558 2831
f 1558 1560 2831
f 2831 1560 2782
f 1560 1562 2782
f 2782 1562 1564
f 1514 1516 2657
f 1516 1518 2657
f 1518 1520 2657
f 2657 1520 1522
f 1424 1426 2782
f 1426 1428 2782
f 2782 1428 2798
f 1428 1430 2798
f 2798 1430 1432
f 2832 1500 2833
f 1500 1502 2833
f 2833 1502 2834
f 2818 2835 1504
f 2835 2836 1504
f 1504 2836 1502
f 2836 2837 1502
f 1502 2837 2834
f 2808 1510 2838
f 1510 1512 2838
f 2838 1512 2839
f 1548 2840 1546
f 2840 2841 1546
f 1546 2841 1544
f 2795 2842 1552
f 2842 2843 1552
f 1552 2843 1550
f 2832 2844 1500
f 2844 2845 1500
f 1500 2845 1498
f 2845 2846 1498
f 1498 2846 2817
f 2841 2847 1544
f 2847 2848 1544
f 1544 2848 1542
f 2843 2849 1550
f 2849 2850 1550
f 1550 2850 1548
f 2850 2851 1548
f 1548 2851 2840
f 1522 1524 2657
f 1524 1526 2657
f 2657 1526 2658
f 1526 1528 2658
f 2658 1528 1530
f 1530 1532 2658
f 1532 1534 2658
f 2658 1534 1536
f 1514 2657 1512
f 2657 2852 1512
f 1512 2852 2839
f 1536 1538 2658
f 1538 1540 2658
f 2658 1540 2853
f 1540 1542 2853
f 2853 1542 2854
f 1542 2848 2854
f 2855 2699 2856
f 2699 2698 2856
f 2856 2698 2857
f 2683 2858 2859
f 2857 2698 2860
f 2698 2697 2860
f 2860 2697 2861
f 2697 2696 2861
f 2861 2696 2859
f 2696 2695 2859
f 2859 2695 2683
f 2681 2862 2863
f 2858 2683 2863
f 2683 2682 2863
f 2863 2682 2681
f 2678 2864 2865
f 2862 2681 2865
f 2681 2680 2865
f 2865 2680 2678
f 2691 2866 2867
f 2864 2678 2867
f 2678 2677 2867
f 2867 2677 2691
f 2689 2868 2869
f 2866 2691 2869
f 2691 2690 2869
f 2869 2690 2689
f 2687 2870 2871
f 2868 2689 2871
f 2689 2688 2871
f 2871 2688 2687
f 2685 2872 2873
f 2870 2687 2873
f 2687 2686 2873
f 2873 2686 2685
f 2692 2874 2875
f 2872 2685 2875
f 2685 2684 2875
f 2875 2684 2692
f 2874 2692 2876
f 2692 2694 2876
f 2876 2694 2713
f 2877 2878 2713
f 2878 2879 2713
f 2713 2879 2876
f 2709 2880 2881
f 2713 2712 2877
f 2712 2711 2877
f 2877 2711 2881
f 2711 2710 2881
f 2881 2710 2709
f 2882 2707 2883
f 2707 2884 2883
f 2880 2709 2882
f 2709 2708 2882
f 2882 2708 2707
f 2884 2707 2885
f 2707 2706 2885
f 2885 2706 2705
f 2886 2887 2705
f 2887 2888 2705
f 2705 2888 2885
f 2889 2890 2701
f 2890 2891 2701
f 2705 2704 2886
f 2704 2703 2886
f 2886 2703 2891
f 2703 2702 2891
f 2891 2702 2701
f 2889 2701 2616
f 2701 2700 2616
f 2616 2700 2617
f 2699 2855 2693
f 2855 2892 2693
f 2151 2150 2522
f 2150 2893 2522
f 2894 2895 2896
f 2894 2896 2897
f 2898 2899 2900
f 2901 2902 2903
f 2901 2904 2905
f 2906 2907 2908
f 2908 2909 2906
f 2909 2910 2906
f 2906 2910 2911
f 2905 2912 2901
f 2912 2906 2901
f 2901 2906 2913
f 2906 2911 2913
f 2895 2914 2896
f 2914 2915 2896
f 2896 2915 2916
f 2915 2917 2916
f 2918 2919 1970
f 2920 2921 1970
f 2921 2922 1970
f 2922 2923 1970
f 2923 2924 1970
f 1970 2924 2925
f 2903 2926 2901
f 2926 2927 2901
f 2901 2927 2904
f 2906 2928 2907
f 2928 2929 2907
f 2907 2929 2896
f 2929 2930 2896
f 2896 2930 2897
f 2931 2932 2522
f 1885 2933 2934
f 2935 1885 2936
f 1885 2937 2936
f 2919 2938 1970
f 2938 2939 1970
f 1970 2939 2920
f 2940 2941 2925
f 2934 2942 1885
f 2942 2943 1885
f 1885 2943 2937
f 2944 2945 1970
f 2940 2925 2946
f 2941 2947 2925
f 2947 2948 2925
f 2925 2948 2949
f 2950 2951 2900
f 2951 2952 2900
f 2900 2952 2898
f 2899 2953 2900
f 2953 2954 2900
f 2900 2954 2955
f 2950 2900 2956
f 2900 2957 2956
f 2956 2957 2925
f 2957 2958 2925
f 2925 2958 2946
f 2901 2959 2902
f 2959 2960 2902
f 2902 2960 2961
f 2935 2962 1885
f 2962 2963 1885
f 1885 2963 2964
f 2955 2965 2900
f 2965 2966 2900
f 2900 2966 2967
f 2967 2968 2900
f 2968 2969 2900
f 2900 2969 2970
f 2971 2972 2973
f 2972 2974 2973
f 2973 2974 2975
f 2975 2976 2973
f 2976 2977 2973
f 2973 2977 2978
f 2961 2979 2902
f 2979 2980 2902
f 2902 2980 2981
f 2982 2983 2522
f 2983 2984 2522
f 2522 2984 2985
f 2985 2986 2522
f 2986 2987 2522
f 2522 2987 2988
f 2988 2989 2522
f 2989 2990 2522
f 2522 2990 1885
f 2990 2991 1885
f 1885 2991 2933
f 2992 2993 1885
f 2993 2994 1885
f 2945 2995 1970
f 2995 2996 1970
f 1970 2996 2918
f 2970 2997 2900
f 2997 2998 2900
f 2900 2998 2999
f 2978 3000 2973
f 3000 3001 2973
f 2973 3001 3002
f 3001 3003 3002
f 3003 3004 3002
f 3004 3005 3002
f 3002 3005 3006
f 3006 3007 3002
f 3007 3008 3002
f 3002 3008 3009
f 3008 3010 3009
f 3009 3010 3011
f 3010 3012 3011
f 3011 3012 3013
f 3012 3014 3013
f 3013 3014 3015
f 3014 3016 3015
f 3015 3016 3017
f 3016 3018 3017
f 3017 3018 3019
f 3018 3020 3019
f 3019 3020 3021
f 3020 3022 3021
f 3021 3022 3023
f 3022 3024 3023
f 3023 3024 3025
f 3024 3026 3025
f 3025 3026 3027
f 3026 3028 3027
f 3027 3028 3029
f 2964 3030 1885
f 3030 3031 1885
f 1885 3031 2992
f 2994 3032 1885
f 3032 3033 1885
f 1885 3033 3034
f 3034 3035 1885
f 3035 3036 1885
f 1885 3036 1970
f 3036 3037 1970
f 1970 3037 2944
f 3038 3039 1970
f 3039 3040 1970
f 3040 3041 1970
f 1970 3041 3042
f 1970 3043 3044
f 3043 3045 3044
f 3044 3045 3046
f 3045 3047 3046
f 3046 3047 3048
f 3047 3049 3048
f 3048 3049 3050
f 3049 3051 3050
f 3050 3051 3052
f 3051 3053 3052
f 3052 3053 3054
f 3053 3055 3054
f 3054 3055 3056
f 3055 3057 3056
f 3056 3057 2973
f 3057 3058 2973
f 2973 3058 2916
f 2917 3059 2916
f 3059 3060 2916
f 2916 3060 2973
f 3060 3061 2973
f 2973 3061 2971
f 3029 3062 3027
f 3062 3063 3027
f 3027 3063 2893
f 3063 3064 2893
f 2893 3064 3065
f 3066 3067 2522
f 2522 3068 3069
f 2949 3070 2925
f 3070 3071 2925
f 2925 3071 1970
f 3071 3072 1970
f 1970 3072 3038
f 3042 3073 1970
f 3073 3074 1970
f 1970 3074 3043
f 3067 3075 2522
f 3075 3076 2522
f 2522 3076 2931
f 2932 3077 2999
f 3078 3079 2522
f 3069 3080 2522
f 3080 3081 2522
f 2522 3081 2982
f 3065 3082 2893
f 3082 3083 2893
f 2893 3083 3084
f 3077 3085 2999
f 3085 3086 2999
f 2999 3086 2900
f 2932 2999 2522
f 2999 3087 2522
f 2522 3087 3078
f 3079 3088 2522
f 3088 3089 2522
f 2522 3089 3068
f 2981 3090 2902
f 3090 3091 2902
f 2902 3091 3092
f 3091 3093 3092
f 3094 3095 3096
f 3093 3097 3092
f 3097 3098 3092
f 3092 3098 3099
f 3099 3100 3092
f 3100 3101 3092
f 3092 3101 3102
f 3103 3104 2522
f 3104 3105 2522
f 2522 3105 3066
f 3084 3106 2893
f 3106 3107 2893
f 2893 3107 3108
f 3108 3109 2893
f 3109 3110 2893
f 2893 3110 3111
f 2893 3112 3113
f 3111 3114 2893
f 3114 3115 2893
f 2893 3115 3112
f 3102 3116 3092
f 3116 3117 3092
f 3092 3117 3094
f 3117 3118 3094
f 3094 3118 3095
f 3096 3119 3094
f 3119 3120 3094
f 3094 3120 3121
f 3122 3123 2522
f 3123 3124 2522
f 3124 3125 2522
f 3125 3094 2522
f 2522 3094 3103
f 3094 3121 3103
f 3113 3126 2893
f 3126 3127 2893
f 2893 3127 2522
f 3127 3128 2522
f 2522 3128 3122
f 2659 2658 2853
f 2659 2853 3129
f 2853 2854 3129
f 3129 2854 3130
f 2854 2848 3130
f 3130 2848 3131
f 2848 2847 3131
f 3131 2847 3132
f 2847 2841 3132
f 3132 2841 3133
f 2841 2840 3133
f 3133 2840 3134
f 2840 2851 3134
f 3134 2851 3135
f 2851 2850 3135
f 3135 2850 3136
f 2850 2849 3136
f 3136 2849 3137
f 2849 2843 3137
f 3137 2843 3138
f 2843 2842 3138
f 3138 2842 3139
f 2842 2795 3139
f 3139 2795 3140
f 2795 2797 3140
f 3140 2797 3141
f 2797 2796 3141
f 3141 2796 3142
f 2796 2781 3142
f 3142 2781 3143
f 2781 2780 3143
f 3143 2780 3144
f 2780 2831 3144
f 3144 2831 3145
f 2831 2782 3145
f 3145 2782 1042
f 2208 2739 2209
f 2739 1041 2209
f 2209 1041 2375
f 1041 1042 2375
f 2375 1042 2798
f 1042 2782 2798
f 1041 2739 2769
f 1041 2769 3146
f 2769 2770 3146
f 3146 2770 3147
f 2770 2765 3147
f 3147 2765 3148
f 2765 2764 3148
f 3148 2764 3149
f 2764 2741 3149
f 3149 2741 3150
f 2741 2740 3150
f 3150 2740 3151
f 2740 2768 3151
f 3151 2768 3152
f 2768 2767 3152
f 3152 2767 3153
f 2767 2766 3153
f 3153 2766 3154
f 2766 2749 3154
f 3154 2749 3155
f 2749 2748 3155
f 3155 2748 3156
f 2748 2750 3156
f 3156 2750 3157
f 2750 2751 3157
f 3157 2751 3158
f 2751 2752 3158
f 3158 2752 3159
f 2752 2753 3159
f 3159 2753 3160
f 2753 2754 3160
f 3160 2754 3161
f 2754 2771 3161
f 3161 2771 3162
f 2771 2742 3162
f 3162 2742 621
f 2526 2521 2374
f 2521 620 2374
f 2374 620 2369
f 620 621 2369
f 2369 621 2743
f 621 2742 2743
f 2139 2138 2499
f 2139 2499 2762
f 2499 2500 2762
f 2762 2500 2763
f 2500 2504 2763
f 2763 2504 2723
f 2504 2503 2723
f 2723 2503 2724
f 2503 2489 2724
f 2724 2489 2747
f 2489 2488 2747
f 2747 2488 2735
f 2488 2487 2735
f 2735 2487 2736
f 2487 2494 2736
f 2736 2494 2737
f 2494 2493 2737
f 2737 2493 2738
f 2493 2492 2738
f 2738 2492 2732
f 2492 2467 2732
f 2732 2467 2733
f 2467 2466 2733
f 2733 2466 2734
f 2466 2465 2734
f 2734 2465 2746
f 2465 2438 2746
f 2746 2438 2745
f 2438 2437 2745
f 2745 2437 2744
f 2437 2491 2744
f 2744 2491 2759
f 2491 2490 2759
f 2759 2490 2760
f 2490 2409 2760
f 2760 2409 2761
f 2409 2502 2761
f 2761 2502 2758
f 2502 2501 2758
f 2758 2501 2757
f 2501 2420 2757
f 2757 2420 2728
f 2420 2419 2728
f 2728 2419 2729
f 2419 2474 2729
f 2729 2474 2730
f 2474 2473 2730
f 2730 2473 2731
f 2473 2472 2731
f 2731 2472 2727
f 2472 2471 2727
f 2727 2471 2726
f 2471 2470 2726
f 2726 2470 2725
f 2470 2468 2725
f 2725 2468 2756
f 2468 2342 2756
f 2756 2342 2755
f 2342 2369 2755
f 2755 2369 2743
f 1070 2596 1043
f 2596 2659 1043
f 2594 2596 1070
f 2594 1070 2592
f 2590 2592 1070
f 2588 2590 1070
f 2586 2588 1070
f 2584 2586 1070
f 2582 2584 1070
f 2580 2582 1070
f 2578 2580 1070
f 2576 2578 1070
f 2574 2576 1070
f 2572 2574 1070
f 2570 2572 1070
f 2568 2570 1070
f 2566 2568 1070
f 2564 2566 1070
f 2562 2564 1070
f 1945 2562 1070
f 3145 1042 1043
f 3145 1043 3144
f 3143 3144 1043
f 3142 3143 1043
f 3141 3142 1043
f 3140 3141 1043
f 3139 3140 1043
f 3138 3139 1043
f 3137 3138 1043
f 3136 3137 1043
f 3135 3136 1043
f 3134 3135 1043
f 3133 3134 1043
f 3132 3133 1043
f 3131 3132 1043
f 3130 3131 1043
f 3129 3130 1043
f 2659 3129 1043
f 2676 1886 646
f 2676 646 2675
f 2674 2675 646
f 2673 2674 646
f 2672 2673 646
f 2671 2672 646
f 2670 2671 646
f 2669 2670 646
f 2668 2669 646
f 2667 2668 646
f 2666 2667 646
f 2665 2666 646
f 2664 2665 646
f 2663 2664 646
f 2662 2663 646
f 2661 2662 646
f 2660 2661 646
f 620 2660 646
f 822 821 3160
f 629 825 621
f 825 824 621
f 621 824 3162
f 824 822 3162
f 3162 822 3161
f 822 3160 3161
f 968 967 1041
f 3148 845 3147
f 845 968 3147
f 3147 968 3146
f 968 1041 3146
f 3152 840 3151
f 840 850 3151
f 3151 850 3150
f 850 849 3150
f 3150 849 3149
f 849 848 3149
f 3149 848 3148
f 848 846 3148
f 3148 846 845
f 844 843 3152
f 843 841 3152
f 3152 841 840
f 821 828 3160
f 828 827 3160
f 3160 827 3159
f 827 833 3159
f 3159 833 3158
f 833 832 3158
f 3158 832 3157
f 832 829 3157
f 3157 829 3156
f 829 830 3156
f 3156 830 3155
f 830 831 3155
f 3155 831 3154
f 831 844 3154
f 3154 844 3153
f 844 3152 3153
f 2375 2798 2810
f 2375 2810 2376
f 2810 2811 2376
f 2376 2811 2377
f 2811 2799 2377
f 2377 2799 2362
f 2799 2800 2362
f 2362 2800 2348
f 2800 2801 2348
f 2348 2801 2349
f 2801 2814 2349
f 2349 2814 2383
f 2814 2813 2383
f 2383 2813 2378
f 2813 2812 2378
f 2378 2812 2387
f 2812 2802 2387
f 2387 2802 2382
f 2802 2803 2382
f 2382 2803 2408
f 2803 2804 2408
f 2408 2804 2386
f 2804 2783 2386
f 2386 2783 2366
f 2783 2784 2366
f 2366 2784 2495
f 2784 2788 2495
f 2495 2788 2496
f 2788 2787 2496
f 2496 2787 2459
f 2787 2786 2459
f 2459 2786 2460
f 2786 2785 2460
f 2460 2785 2497
f 2785 2792 2497
f 2497 2792 2498
f 2792 2791 2498
f 2498 2791 2461
f 2791 2790 2461
f 2461 2790 2462
f 2790 2789 2462
f 2462 2789 2463
f 2789 2793 2463
f 2463 2793 2464
f 2793 2773 2464
f 2464 2773 2434
f 2773 2772 2434
f 2434 2772 2435
f 2772 2794 2435
f 2435 2794 2436
f 2794 2775 2436
f 2436 2775 2416
f 2775 2774 2416
f 2416 2774 2417
f 2774 2807 2417
f 2417 2807 2483
f 2807 2806 2483
f 2483 2806 2484
f 2806 2805 2484
f 2484 2805 2485
f 2433 2827 2828
f 2433 2828 2453
f 2828 2829 2453
f 2453 2829 2454
f 2829 2830 2454
f 2454 2830 2455
f 2830 2815 2455
f 2455 2815 2456
f 2815 2816 2456
f 2456 2816 2457
f 2816 2817 2457
f 2457 2817 2458
f 2817 2846 2458
f 2458 2846 2478
f 2846 2845 2478
f 2478 2845 2479
f 2845 2844 2479
f 2479 2844 2480
f 2844 2832 2480
f 2480 2832 2448
f 2832 2833 2448
f 2448 2833 2449
f 2833 2834 2449
f 2449 2834 2450
f 2834 2837 2450
f 2450 2837 2451
f 2837 2836 2451
f 2451 2836 2452
f 2836 2835 2452
f 2452 2835 2481
f 2835 2818 2481
f 2481 2818 2482
f 2818 2819 2482
f 2482 2819 2414
f 2819 2823 2414
f 2414 2823 2415
f 2823 2822 2415
f 2415 2822 2475
f 2822 2821 2475
f 2475 2821 2476
f 2821 2820 2476
f 2476 2820 2477
f 2820 2826 2477
f 2477 2826 2427
f 2826 2825 2427
f 2427 2825 2428
f 2825 2824 2428
f 2428 2824 2429
f 2824 2809 2429
f 2429 2809 2445
f 2809 2808 2445
f 2445 2808 2446
f 2808 2838 2446
f 2446 2838 2413
f 2838 2839 2413
f 2413 2839 2412
f 2839 2852 2412
f 2412 2852 2345
f 2852 2657 2345
f 2345 2657 2350
f 2485 2805 2486
f 2805 2776 2486
f 2486 2776 2430
f 2776 2777 2430
f 2430 2777 2431
f 2777 2778 2431
f 2431 2778 2432
f 2778 2779 2432
f 2432 2779 2433
f 2779 2827 2433
f 1886 2525 1885
f 2525 2522 1885
f 3163 3164 3165
f 3164 3166 3165
f 3165 3166 3167
f 1926 3168 3169
f 3170 3171 3172
f 3171 3165 3172
f 3172 3165 3173
f 3165 3167 3173
f 3170 3174 3171
f 3174 3175 3171
f 3171 3175 3176
f 3177 3178 1926
f 3178 3179 1926
f 3180 3181 3182
f 3183 3184 1930
f 3184 3185 1930
f 1930 3185 3186
f 3187 3188 3189
f 3188 3190 3189
f 3190 3191 3189
f 3191 3192 3189
f 3189 3192 3193
f 3180 3194 3195
f 3179 3196 1926
f 3196 3197 1926
f 1926 3197 3168
f 3198 3199 3189
f 3199 3200 3189
f 3189 3200 3187
f 3201 3202 3203
f 3202 3204 3203
f 3203 3204 3205
f 3205 3206 3203
f 3206 3207 3203
f 3203 3207 3193
f 3207 3208 3193
f 3193 3208 3189
f 3195 3209 3180
f 3209 3210 3180
f 3180 3210 3181
f 3211 3212 3213
f 3212 3214 3213
f 3213 3214 3215
f 3186 3216 1930
f 3216 3217 1930
f 1930 3217 3218
f 3219 3220 3203
f 3220 3221 3203
f 3203 3221 3201
f 3222 3223 3224
f 3225 3226 2603
f 3176 3227 3171
f 3227 3228 3171
f 3171 3228 3229
f 3228 3230 3229
f 3229 3230 3231
f 3230 3232 3231
f 3231 3232 3180
f 3232 3233 3180
f 3180 3233 3194
f 3211 3213 1930
f 3213 3234 1930
f 1930 3234 3183
f 3235 3236 1926
f 3236 3237 1926
f 1926 3237 3177
f 3238 3239 3189
f 3239 3240 3189
f 3189 3240 3241
f 3241 3242 3189
f 3242 3243 3189
f 3189 3243 3198
f 3244 3245 3246
f 3245 3247 3246
f 3246 3247 3224
f 3247 3248 3224
f 3224 3248 3222
f 3249 3250 2603
f 3250 3251 2603
f 2603 3251 3252
f 3225 2603 3253
f 3254 3255 3203
f 3255 3256 3203
f 3203 3256 3257
f 3257 3258 3203
f 3258 3259 3203
f 3203 3259 3219
f 3165 3260 3261
f 3262 3263 3264
f 3169 3265 1926
f 3265 3266 1926
f 1926 3266 2603
f 3266 3267 2603
f 2603 3267 3249
f 3226 3268 2603
f 3268 3269 2603
f 2603 3269 3270
f 3271 3272 2602
f 3273 3274 3275
f 3276 3277 1926
f 3277 3278 1926
f 1926 3278 3279
f 3244 3246 3189
f 3246 3280 3189
f 3189 3280 3238
f 3252 3281 2603
f 3281 3282 2603
f 2603 3282 3283
f 3272 3284 2602
f 3284 3285 2602
f 2602 3285 3275
f 3285 3286 3275
f 3275 3286 3273
f 3218 3287 1930
f 3287 3288 1930
f 1930 3288 3289
f 3215 3180 3213
f 3180 3182 3213
f 3213 3182 3203
f 3182 3290 3203
f 3203 3290 3254
f 3261 3291 3165
f 3291 3292 3165
f 3165 3292 3163
f 3223 3293 3224
f 3293 3294 3224
f 3224 3294 3295
f 3289 3296 1930
f 3296 3297 1930
f 1930 3297 1926
f 3297 3298 1926
f 1926 3298 3276
f 3299 3300 1926
f 3300 3301 1926
f 3283 3302 2603
f 3302 3303 2603
f 2603 3303 3304
f 3279 3305 1926
f 3305 3306 1926
f 1926 3306 3299
f 3301 3307 1926
f 3307 3308 1926
f 1926 3308 3235
f 3309 3310 3311
f 3310 3312 3311
f 3311 3312 3264
f 3312 3224 3264
f 3264 3224 3262
f 3224 3295 3262
f 3304 3313 2603
f 3313 3314 2603
f 2603 3314 3310
f 3315 3316 3317
f 3316 3318 3317
f 3317 3318 3319
f 3320 3317 3321
f 3317 3322 3321
f 3263 3262 3323
f 3262 3324 3323
f 3323 3324 3317
f 3324 3325 3317
f 3317 3325 3315
f 3274 3326 3275
f 3326 3327 3275
f 3275 3327 3328
f 3327 3329 3328
f 3328 3329 3330
f 3329 3331 3330
f 3330 3331 3332
f 3331 3333 3332
f 3332 3333 3334
f 3333 3335 3334
f 3334 3335 3336
f 3335 3337 3336
f 3336 3337 3338
f 3337 3339 3338
f 3338 3339 3340
f 3339 3341 3340
f 3340 3341 3342
f 3341 3343 3342
f 3342 3343 3344
f 3343 3345 3344
f 3344 3345 3165
f 3345 3346 3165
f 3165 3346 3347
f 3309 3348 3310
f 3348 3349 3310
f 3310 3349 2603
f 3349 3350 2603
f 2603 3350 3253
f 3351 3352 3353
f 3270 3354 2603
f 3354 3355 2603
f 2603 3355 2602
f 3355 3356 2602
f 2602 3356 3357
f 3358 2602 3359
f 2602 3360 3359
f 3358 3361 2602
f 3361 3362 2602
f 2602 3362 3271
f 3319 3363 3317
f 3363 3364 3317
f 3317 3364 3365
f 3365 3366 3317
f 3366 3367 3317
f 3317 3367 3322
f 3352 3368 3353
f 3368 3369 3353
f 3353 3369 3370
f 3371 3353 3372
f 3353 3373 3372
f 3320 3374 3317
f 3374 3375 3317
f 3317 3375 3376
f 3375 3377 3376
f 3376 3377 3378
f 3377 3353 3378
f 3378 3353 3379
f 3353 3371 3379
f 3357 3380 2602
f 3380 3381 2602
f 2602 3381 3382
f 3383 3384 2602
f 3384 3385 2602
f 2602 3385 3386
f 3260 3165 3387
f 3165 3347 3387
f 3387 3347 3353
f 3347 3388 3353
f 3353 3388 3351
f 3370 3389 3353
f 3389 3390 3353
f 3353 3390 3391
f 3391 3392 3353
f 3392 3393 3353
f 3353 3393 3373
f 3386 3394 2602
f 3394 3395 2602
f 2602 3395 3360
f 3382 3396 2602
f 3396 3397 2602
f 2602 3397 3383
f 3164 3398 3166
f 3398 3399 3166
f 3166 3399 3167
f 3399 3400 3167
f 3167 3400 3173
f 3400 3401 3173
f 3173 3401 3172
f 3401 3402 3172
f 3172 3402 3170
f 3402 3403 3170
f 3170 3403 3174
f 3403 3404 3174
f 3174 3404 3175
f 3404 3405 3175
f 3175 3405 3176
f 3405 3406 3176
f 3176 3406 3227
f 3406 3407 3227
f 3227 3407 3228
f 3407 3408 3228
f 3228 3408 3230
f 3408 3409 3230
f 3230 3409 3232
f 3409 3410 3232
f 3232 3410 3233
f 3410 3411 3233
f 3233 3411 3194
f 3411 3412 3194
f 3194 3412 3195
f 3412 3413 3195
f 3195 3413 3209
f 3413 3414 3209
f 3209 3414 3210
f 3414 3415 3210
f 3210 3415 3181
f 3415 3416 3181
f 3181 3416 3182
f 3416 3417 3182
f 3182 3417 3290
f 3417 3418 3290
f 3290 3418 3254
f 3418 3419 3254
f 3254 3419 3255
f 3419 3420 3255
f 3255 3420 3256
f 3420 3421 3256
f 3256 3421 3257
f 3421 3422 3257
f 3257 3422 3258
f 3422 3423 3258
f 3258 3423 3259
f 3423 3424 3259
f 3259 3424 3219
f 3424 3425 3219
f 3219 3425 3220
f 3425 3426 3220
f 3220 3426 3221
f 3426 3427 3221
f 3221 3427 3201
f 3427 3428 3201
f 3201 3428 3202
f 3428 3429 3202
f 3202 3429 3204
f 3429 3430 3204
f 3204 3430 3205
f 3430 3431 3205
f 3205 3431 3206
f 3431 3432 3206
f 3206 3432 3207
f 3432 3433 3207
f 3207 3433 3208
f 3433 3434 3208
f 3208 3434 3189
f 3434 3435 3189
f 3189 3435 3244
f 3435 3436 3244
f 3244 3436 3245
f 3436 3437 3245
f 3245 3437 3247
f 3437 3438 3247
f 3247 3438 3248
f 3438 3439 3248
f 3248 3439 3222
f 3439 3440 3222
f 3222 3440 3223
f 3440 3441 3223
f 3223 3441 3293
f 3441 3442 3293
f 3293 3442 3294
f 3442 3443 3294
f 3294 3443 3295
f 3443 3444 3295
f 3295 3444 3262
f 3444 3445 3262
f 3262 3445 3324
f 3445 3446 3324
f 3324 3446 3325
f 3446 3447 3325
f 3325 3447 3315
f 3447 3448 3315
f 3315 3448 3316
f 3448 3449 3316
f 3316 3449 3318
f 3449 3450 3318
f 3318 3450 3319
f 3450 3451 3319
f 3319 3451 3363
f 3451 3452 3363
f 3363 3452 3364
f 3452 3453 3364
f 3364 3453 3365
f 3453 3454 3365
f 3365 3454 3366
f 3454 3455 3366
f 3366 3455 3367
f 3455 3456 3367
f 3367 3456 3322
f 3456 3457 3322
f 3322 3457 3321
f 3457 3458 3321
f 3321 3458 3320
f 3458 3459 3320
f 3320 3459 3374
f 3459 3460 3374
f 3374 3460 3375
f 3460 3461 3375
f 3375 3461 3377
f 3461 3462 3377
f 3377 3462 3353
f 3462 3463 3353
f 3353 3463 3387
f 3463 3464 3387
f 3387 3464 3260
f 3464 3465 3260
f 3260 3465 3261
f 3465 3466 3261
f 3261 3466 3291
f 3466 3467 3291
f 3291 3467 3292
f 3467 3468 3292
f 3292 3468 3163
f 3468 3469 3163
f 3163 3469 3164
f 3469 3398 3164
f 3470 2959 3471
f 2959 2901 3471
f 3471 2901 3472
f 2901 2913 3472
f 3472 2913 3473
f 2913 2911 3473
f 3473 2911 3474
f 2911 2910 3474
f 3474 2910 3475
f 2910 2909 3475
f 3475 2909 3476
f 2909 2908 3476
f 3476 2908 3477
f 2908 2907 3477
f 3477 2907 3478
f 2907 2896 3478
f 3478 2896 3479
f 2896 2916 3479
f 3479 2916 3480
f 2916 3058 3480
f 3480 3058 3481
f 3058 3057 3481
f 3481 3057 3482
f 3057 3055 3482
f 3482 3055 3483
f 3055 3053 3483
f 3483 3053 3484
f 3053 3051 3484
f 3484 3051 3485
f 3051 3049 3485
f 3485 3049 3486
f 3049 3047 3486
f 3486 3047 3487
f 3047 3045 3487
f 3487 3045 3488
f 3045 3043 3488
f 3488 3043 3489
f 3043 3074 3489
f 3489 3074 3490
f 3074 3073 3490
f 3490 3073 3491
f 3073 3042 3491
f 3491 3042 3492
f 3042 3041 3492
f 3492 3041 3493
f 3041 3040 3493
f 3493 3040 3494
f 3040 3039 3494
f 3494 3039 3495
f 3039 3038 3495
f 3495 3038 3496
f 3038 3072 3496
f 3496 3072 3497
f 3072 3071 3497
f 3497 3071 3498
f 3071 3070 3498
f 3498 3070 3499
f 3070 2949 3499
f 3499 2949 3500
f 2949 2948 3500
f 3500 2948 3501
f 2948 2947 3501
f 3501 2947 3502
f 2947 2941 3502
f 3502 2941 3503
f 2941 2940 3503
f 3503 2940 3504
f 2940 2946 3504
f 3504 2946 3505
f 2946 2958 3505
f 3505 2958 3506
f 2958 2957 3506
f 3506 2957 3507
f 2957 2900 3507
f 3507 2900 3508
f 2900 3086 3508
f 3508 3086 3509
f 3086 3085 3509
f 3509 3085 3510
f 3085 3077 3510
f 3510 3077 3511
f 3077 2932 3511
f 3511 2932 3512
f 2932 2931 3512
f 3512 2931 3513
f 2931 3076 3513
f 3513 3076 3514
f 3076 3075 3514
f 3514 3075 3515
f 3075 3067 3515
f 3515 3067 3516
f 3067 3066 3516
f 3516 3066 3517
f 3066 3105 3517
f 3517 3105 3518
f 3105 3104 3518
f 3518 3104 3519
f 3104 3103 3519
f 3519 3103 3520
f 3103 3121 3520
f 3520 3121 3521
f 3121 3120 3521
f 3521 3120 3522
f 3120 3119 3522
f 3522 3119 3523
f 3119 3096 3523
f 3523 3096 3524
f 3096 3095 3524
f 3524 3095 3525
f 3095 3118 3525
f 3525 3118 3526
f 3118 3117 3526
f 3526 3117 3527
f 3117 3116 3527
f 3527 3116 3528
f 3116 3102 3528
f 3528 3102 3529
f 3102 3101 3529
f 3529 3101 3530
f 3101 3100 3530
f 3530 3100 3531
f 3100 3099 3531
f 3531 3099 3532
f 3099 3098 3532
f 3532 3098 3533
f 3098 3097 3533
f 3533 3097 3534
f 3097 3093 3534
f 3534 3093 3535
f 3093 3091 3535
f 3535 3091 3536
f 3091 3090 3536
f 3536 3090 3537
f 3090 2981 3537
f 3537 2981 3538
f 2981 2980 3538
f 3538 2980 3539
f 2980 2979 3539
f 3539 2979 3540
f 2979 2961 3540
f 3540 2961 3541
f 2961 2960 3541
f 3541 2960 3470
f 2960 2959 3470
f 2973 3002 2062
f 3002 2042 2062
f 3327 3542 3329
f 3542 3543 3329
f 3329 3543 3331
f 3543 3544 3331
f 3331 3544 3333
f 3544 3545 3333
f 3333 3545 3335
f 3545 3546 3335
f 3335 3546 3337
f 3546 3547 3337
f 3337 3547 3339
f 3547 3548 3339
f 3339 3548 3341
f 3548 3549 3341
f 3341 3549 3343
f 3549 3550 3343
f 3343 3550 3345
f 3550 3551 3345
f 3345 3551 3346
f 3551 3552 3346
f 3346 3552 3347
f 3552 3553 3347
f 3347 3553 3388
f 3553 3554 3388
f 3388 3554 3351
f 3554 3555 3351
f 3351 3555 3352
f 3555 3556 3352
f 3352 3556 3368
f 3556 3557 3368
f 3368 3557 3369
f 3557 3558 3369
f 3369 3558 3370
f 3558 3559 3370
f 3370 3559 3389
f 3559 3560 3389
f 3389 3560 3390
f 3560 3561 3390
f 3390 3561 3391
f 3561 3562 3391
f 3391 3562 3392
f 3562 3563 3392
f 3392 3563 3393
f 3563 3564 3393
f 3393 3564 3373
f 3564 3565 3373
f 3373 3565 3372
f 3565 3566 3372
f 3372 3566 3371
f 3566 3567 3371
f 3371 3567 3379
f 3567 3568 3379
f 3379 3568 3378
f 3568 3569 3378
f 3378 3569 3376
f 3569 3570 3376
f 3376 3570 3317
f 3570 3571 3317
f 3317 3571 3323
f 3571 3572 3323
f 3323 3572 3263
f 3572 3573 3263
f 3263 3573 3264
f 3573 3574 3264
f 3264 3574 3311
f 3574 3575 3311
f 3311 3575 3309
f 3575 3576 3309
f 3309 3576 3348
f 3576 3577 3348
f 3348 3577 3349
f 3577 3578 3349
f 3349 3578 3350
f 3578 3579 3350
f 3350 3579 3253
f 3579 3580 3253
f 3253 3580 3225
f 3580 3581 3225
f 3225 3581 3226
f 3581 3582 3226
f 3226 3582 3268
f 3582 3583 3268
f 3268 3583 3269
f 3583 3584 3269
f 3269 3584 3270
f 3584 3585 3270
f 3270 3585 3354
f 3585 3586 3354
f 3354 3586 3355
f 3586 3587 3355
f 3355 3587 3356
f 3587 3588 3356
f 3356 3588 3357
f 3588 3589 3357
f 3357 3589 3380
f 3589 3590 3380
f 3380 3590 3381
f 3590 3591 3381
f 3381 3591 3382
f 3591 3592 3382
f 3382 3592 3396
f 3592 3593 3396
f 3396 3593 3397
f 3593 3594 3397
f 3397 3594 3383
f 3594 3595 3383
f 3383 3595 3384
f 3595 3596 3384
f 3384 3596 3385
f 3596 3597 3385
f 3385 3597 3386
f 3597 3598 3386
f 3386 3598 3394
f 3598 3599 3394
f 3394 3599 3395
f 3599 3600 3395
f 3395 3600 3360
f 3600 3601 3360
f 3360 3601 3359
f 3601 3602 3359
f 3359 3602 3358
f 3602 3603 3358
f 3358 3603 3361
f 3603 3604 3361
f 3361 3604 3362
f 3604 3605 3362
f 3362 3605 3271
f 3605 3606 3271
f 3271 3606 3272
f 3606 3607 3272
f 3272 3607 3284
f 3607 3608 3284
f 3284 3608 3285
f 3608 3609 3285
f 3285 3609 3286
f 3609 3610 3286
f 3286 3610 3273
f 3610 3611 3273
f 3273 3611 3274
f 3611 3612 3274
f 3274 3612 3326
f 3612 3613 3326
f 3326 3613 3327
f 3613 3542 3327
f 3614 3028 3615
f 3028 3026 3615
f 3615 3026 3616
f 3026 3024 3616
f 3616 3024 3617
f 3024 3022 3617
f 3617 3022 3618
f 3022 3020 3618
f 3618 3020 3619
f 3020 3018 3619
f 3619 3018 3620
f 3018 3016 3620
f 3620 3016 3621
f 3016 3014 3621
f 3621 3014 3622
f 3014 3012 3622
f 3622 3012 3623
f 3012 3010 3623
f 3623 3010 3624
f 3010 3008 3624
f 3624 3008 3625
f 3008 3007 3625
f 3625 3007 3626
f 3007 3006 3626
f 3626 3006 3627
f 3006 3005 3627
f 3627 3005 3628
f 3005 3004 3628
f 3628 3004 3629
f 3004 3003 3629
f 3629 3003 3630
f 3003 3001 3630
f 3630 3001 3631
f 3001 3000 3631
f 3631 3000 3632
f 3000 2978 3632
f 3632 2978 3633
f 2978 2977 3633
f 3633 2977 3634
f 2977 2976 3634
f 3634 2976 3635
f 2976 2975 3635
f 3635 2975 3636
f 2975 2974 3636
f 3636 2974 3637
f 2974 2972 3637
f 3637 2972 3638
f 2972 2971 3638
f 3638 2971 3639
f 2971 3061 3639
f 3639 3061 3640
f 3061 3060 3640
f 3640 3060 3641
f 3060 3059 3641
f 3641 3059 3642
f 3059 2917 3642
f 3642 2917 3643
f 2917 2915 3643
f 3643 2915 3644
f 2915 2914 3644
f 3644 2914 3645
f 2914 2895 3645
f 3645 2895 3646
f 2895 2894 3646
f 3646 2894 3647
f 2894 2897 3647
f 3647 2897 3648
f 2897 2930 3648
f 3648 2930 3649
f 2930 2929 3649
f 3649 2929 3650
f 2929 2928 3650
f 3650 2928 3651
f 2928 2906 3651
f 3651 2906 3652
f 2906 2912 3652
f 3652 2912 3653
f 2912 2905 3653
f 3653 2905 3654
f 2905 2904 3654
f 3654 2904 3655
f 2904 2927 3655
f 3655 2927 3656
f 2927 2926 3656
f 3656 2926 3657
f 2926 2903 3657
f 3657 2903 3658
f 2903 2902 3658
f 3658 2902 3659
f 2902 3092 3659
f 3659 3092 3660
f 3092 3094 3660
f 3660 3094 3661
f 3094 3125 3661
f 3661 3125 3662
f 3125 3124 3662
f 3662 3124 3663
f 3124 3123 3663
f 3663 3123 3664
f 3123 3122 3664
f 3664 3122 3665
f 3122 3128 3665
f 3665 3128 3666
f 3128 3127 3666
f 3666 3127 3667
f 3127 3126 3667
f 3667 3126 3668
f 3126 3113 3668
f 3668 3113 3669
f 3113 3112 3669
f 3669 3112 3670
f 3112 3115 3670
f 3670 3115 3671
f 3115 3114 3671
f 3671 3114 3672
f 3114 3111 3672
f 3672 3111 3673
f 3111 3110 3673
f 3673 3110 3674
f 3110 3109 3674
f 3674 3109 3675
f 3109 3108 3675
f 3675 3108 3676
f 3108 3107 3676
f 3676 3107 3677
f 3107 3106 3677
f 3677 3106 3678
f 3106 3084 3678
f 3678 3084 3679
f 3084 3083 3679
f 3679 3083 3680
f 3083 3082 3680
f 3680 3082 3681
f 3082 3065 3681
f 3681 3065 3682
f 3065 3064 3682
f 3682 3064 3683
f 3064 3063 3683
f 3683 3063 3684
f 3063 3062 3684
f 3684 3062 3685
f 3062 3029 3685
f 3685 3029 3614
f 3029 3028 3614
f 3686 3687 3688
f 3687 3689 3688
f 3688 3689 3690
f 3691 3692 3688
f 3692 3693 3688
f 3688 3693 3686
f 3694 3695 3688
f 3695 3696 3688
f 3688 3696 3691
f 3697 3698 3688
f 3698 3699 3688
f 3688 3699 3694
f 3700 3701 3688
f 3701 3702 3688
f 3688 3702 3697
f 3703 3704 3688
f 3704 3705 3688
f 3688 3705 3700
f 3706 3707 3688
f 3707 3708 3688
f 3688 3708 3703
f 3709 3710 3688
f 3710 3711 3688
f 3688 3711 3706
f 3712 3713 3688
f 3713 3714 3688
f 3688 3714 3709
f 3715 3716 3688
f 3716 3717 3688
f 3688 3717 3712
f 3718 3719 3688
f 3719 3720 3688
f 3688 3720 3715
f 3721 3722 3688
f 3722 3723 3688
f 3688 3723 3718
f 3724 3725 3688
f 3725 3726 3688
f 3688 3726 3721
f 3727 3728 3688
f 3728 3729 3688
f 3688 3729 3724
f 3730 3731 3688
f 3731 3732 3688
f 3688 3732 3727
f 3733 3734 3688
f 3734 3735 3688
f 3688 3735 3730
f 3736 3737 3688
f 3737 3738 3688
f 3688 3738 3733
f 3739 3740 3688
f 3740 3741 3688
f 3688 3741 3736
f 3742 3743 3688
f 3743 3744 3688
f 3688 3744 3739
f 3745 3746 3688
f 3746 3747 3688
f 3688 3747 3742
f 3748 3749 3688
f 3749 3750 3688
f 3688 3750 3745
f 3751 3752 3688
f 3752 3753 3688
f 3688 3753 3748
f 3754 3755 3688
f 3755 3756 3688
f 3688 3756 3751
f 3690 3757 3688
f 3757 3758 3688
f 3688 3758 3754
f 3203 3689 3213
f 3689 3687 3213
f 3213 3687 3234
f 3687 3686 3234
f 3234 3686 3183
f 3686 3693 3183
f 3183 3693 3184
f 3693 3692 3184
f 3184 3692 3185
f 3692 3691 3185
f 3185 3691 3186
f 3691 3696 3186
f 3186 3696 3216
f 3696 3695 3216
f 3216 3695 3217
f 3695 3694 3217
f 3217 3694 3218
f 3694 3699 3218
f 3218 3699 3287
f 3699 3698 3287
f 3287 3698 3288
f 3698 3697 3288
f 3288 3697 3289
f 3697 3702 3289
f 3289 3702 3296
f 3702 3701 3296
f 3296 3701 3297
f 3701 3700 3297
f 3297 3700 3298
f 3700 3705 3298
f 3298 3705 3276
f 3705 3704 3276
f 3276 3704 3277
f 3704 3703 3277
f 3277 3703 3278
f 3703 3708 3278
f 3278 3708 3279
f 3708 3707 3279
f 3279 3707 3305
f 3707 3706 3305
f 3305 3706 3306
f 3706 3711 3306
f 3306 3711 3299
f 3711 3710 3299
f 3299 3710 3300
f 3710 3709 3300
f 3300 3709 3301
f 3709 3714 3301
f 3301 3714 3307
f 3714 3713 3307
f 3307 3713 3308
f 3713 3712 3308
f 3308 3712 3235
f 3712 3717 3235
f 3235 3717 3236
f 3717 3716 3236
f 3236 3716 3237
f 3716 3715 3237
f 3237 3715 3177
f 3715 3720 3177
f 3177 3720 3178
f 3720 3719 3178
f 3178 3719 3179
f 3719 3718 3179
f 3179 3718 3196
f 3718 3723 3196
f 3196 3723 3197
f 3723 3722 3197
f 3197 3722 3168
f 3722 3721 3168
f 3168 3721 3169
f 3721 3726 3169
f 3169 3726 3265
f 3726 3725 3265
f 3265 3725 3266
f 3725 3724 3266
f 3266 3724 3267
f 3724 3729 3267
f 3267 3729 3249
f 3729 3728 3249
f 3249 3728 3250
f 3728 3727 3250
f 3250 3727 3251
f 3727 3732 3251
f 3251 3732 3252
f 3732 3731 3252
f 3252 3731 3281
f 3731 3730 3281
f 3281 3730 3282
f 3730 3735 3282
f 3282 3735 3283
f 3735 3734 3283
f 3283 3734 3302
f 3734 3733 3302
f 3302 3733 3303
f 3733 3738 3303
f 3303 3738 3304
f 3738 3737 3304
f 3304 3737 3313
f 3737 3736 3313
f 3313 3736 3314
f 3736 3741 3314
f 3314 3741 3310
f 3741 3740 3310
f 3310 3740 3312
f 3740 3739 3312
f 3312 3739 3224
f 3739 3744 3224
f 3224 3744 3246
f 3744 3743 3246
f 3246 3743 3280
f 3743 3742 3280
f 3280 3742 3238
f 3742 3747 3238
f 3238 3747 3239
f 3747 3746 3239
f 3239 3746 3240
f 3746 3745 3240
f 3240 3745 3241
f 3745 3750 3241
f 3241 3750 3242
f 3750 3749 3242
f 3242 3749 3243
f 3749 3748 3243
f 3243 3748 3198
f 3748 3753 3198
f 3198 3753 3199
f 3753 3752 3199
f 3199 3752 3200
f 3752 3751 3200
f 3200 3751 3187
f 3751 3756 3187
f 3187 3756 3188
f 3756 3755 3188
f 3188 3755 3190
f 3755 3754 3190
f 3190 3754 3191
f 3754 3758 3191
f 3191 3758 3192
f 3758 3757 3192
f 3192 3757 3193
f 3757 3690 3193
f 3193 3690 3203
f 3690 3689 3203
f 3759 3760 3761
f 3760 3762 3761
f 3761 3762 3763
f 3764 3765 3761
f 3765 3766 3761
f 3761 3766 3759
f 3767 3768 3761
f 3768 3769 3761
f 3761 3769 3764
f 3770 3771 3761
f 3771 3772 3761
f 3761 3772 3767
f 3773 3774 3761
f 3774 3775 3761
f 3761 3775 3770
f 3776 3777 3761
f 3777 3778 3761
f 3761 3778 3773
f 3779 3780 3761
f 3780 3781 3761
f 3761 3781 3776
f 3782 3783 3761
f 3783 3784 3761
f 3761 3784 3779
f 3785 3786 3761
f 3786 3787 3761
f 3761 3787 3782
f 3788 3789 3761
f 3789 3790 3761
f 3761 3790 3785
f 3791 3792 3761
f 3792 3793 3761
f 3761 3793 3788
f 3794 3795 3761
f 3795 3796 3761
f 3761 3796 3791
f 3797 3798 3761
f 3798 3799 3761
f 3761 3799 3794
f 3800 3801 3761
f 3801 3802 3761
f 3761 3802 3797
f 3803 3804 3761
f 3804 3805 3761
f 3761 3805 3800
f 3806 3807 3761
f 3807 3808 3761
f 3761 3808 3803
f 3809 3810 3761
f 3810 3811 3761
f 3761 3811 3806
f 3812 3813 3761
f 3813 3814 3761
f 3761 3814 3809
f 3815 3816 3761
f 3816 3817 3761
f 3761 3817 3812
f 3818 3819 3761
f 3819 3820 3761
f 3761 3820 3815
f 3821 3822 3761
f 3822 3823 3761
f 3761 3823 3818
f 3824 3825 3761
f 3825 3826 3761
f 3761 3826 3821
f 3827 3828 3761
f 3828 3829 3761
f 3761 3829 3824
f 3763 3830 3761
f 3830 3831 3761
f 3761 3831 3827
f 3762 2956 3763
f 2956 2925 3763
f 3763 2925 3830
f 2925 2924 3830
f 3830 2924 3831
f 2924 2923 3831
f 3831 2923 3827
f 2923 2922 3827
f 3827 2922 3828
f 2922 2921 3828
f 3828 2921 3829
f 2921 2920 3829
f 3829 2920 3824
f 2920 2939 3824
f 3824 2939 3825
f 2939 2938 3825
f 3825 2938 3826
f 2938 2919 3826
f 3826 2919 3821
f 2919 2918 3821
f 3821 2918 3822
f 2918 2996 3822
f 3822 2996 3823
f 2996 2995 3823
f 3823 2995 3818
f 2995 2945 3818
f 3818 2945 3819
f 2945 2944 3819
f 3819 2944 3820
f 2944 3037 3820
f 3820 3037 3815
f 3037 3036 3815
f 3815 3036 3816
f 3036 3035 3816
f 3816 3035 3817
f 3035 3034 3817
f 3817 3034 3812
f 3034 3033 3812
f 3812 3033 3813
f 3033 3032 3813
f 3813 3032 3814
f 3032 2994 3814
f 3814 2994 3809
f 2994 2993 3809
f 3809 2993 3810
f 2993 2992 3810
f 3810 2992 3811
f 2992 3031 3811
f 3811 3031 3806
f 3031 3030 3806
f 3806 3030 3807
f 3030 2964 3807
f 3807 2964 3808
f 2964 2963 3808
f 3808 2963 3803
f 2963 2962 3803
f 3803 2962 3804
f 2962 2935 3804
f 3804 2935 3805
f 2935 2936 3805
f 3805 2936 3800
f 2936 2937 3800
f 3800 2937 3801
f 2937 2943 3801
f 3801 2943 3802
f 2943 2942 3802
f 3802 2942 3797
f 2942 2934 3797
f 3797 2934 3798
f 2934 2933 3798
f 3798 2933 3799
f 2933 2991 3799
f 3799 2991 3794
f 2991 2990 3794
f 3794 2990 3795
f 2990 2989 3795
f 3795 2989 3796
f 2989 2988 3796
f 3796 2988 3791
f 2988 2987 3791
f 3791 2987 3792
f 2987 2986 3792
f 3792 2986 3793
f 2986 2985 3793
f 3793 2985 3788
f 2985 2984 3788
f 3788 2984 3789
f 2984 2983 3789
f 3789 2983 3790
f 2983 2982 3790
f 3790 2982 3785
f 2982 3081 3785
f 3785 3081 3786
f 3081 3080 3786
f 3786 3080 3787
f 3080 3069 3787
f 3787 3069 3782
f 3069 3068 3782
f 3782 3068 3783
f 3068 3089 3783
f 3783 3089 3784
f 3089 3088 3784
f 3784 3088 3779
f 3088 3079 3779
f 3779 3079 3780
f 3079 3078 3780
f 3780 3078 3781
f 3078 3087 3781
f 3781 3087 3776
f 3087 2999 3776
f 3776 2999 3777
f 2999 2998 3777
f 3777 2998 3778
f 2998 2997 3778
f 3778 2997 3773
f 2997 2970 3773
f 3773 2970 3774
f 2970 2969 3774
f 3774 2969 3775
f 2969 2968 3775
f 3775 2968 3770
f 2968 2967 3770
f 3770 2967 3771
f 2967 2966 3771
f 3771 2966 3772
f 2966 2965 3772
f 3772 2965 3767
f 2965 2955 3767
f 3767 2955 3768
f 2955 2954 3768
f 3768 2954 3769
f 2954 2953 3769
f 3769 2953 3764
f 2953 2899 3764
f 3764 2899 3765
f 2899 2898 3765
f 3765 2898 3766
f 2898 2952 3766
f 3766 2952 3759
f 2952 2951 3759
f 3759 2951 3760
f 2951 2950 3760
f 3760 2950 3762
f 2950 2956 3762
f 2602 3275 2600
f 3275 3832 2600
f 3165 2137 3833
f 3165 3833 3344
f 3833 3834 3344
f 3344 3834 3342
f 3834 3835 3342
f 3342 3835 3340
f 3835 3836 3340
f 3340 3836 3338
f 3836 3837 3338
f 3338 3837 3336
f 3837 3838 3336
f 3336 3838 3334
f 3838 3839 3334
f 3334 3839 3332
f 3839 3840 3332
f 3332 3840 3330
f 3840 3841 3330
f 3330 3841 3328
f 3841 3832 3328
f 3328 3832 3275
f 3165 3171 2137
f 3171 2121 2137
f 2121 3171 3229
f 2121 3229 2122
f 3229 3231 2122
f 2122 3231 2124
f 3231 3180 2124
f 2124 3180 2126
f 3180 3215 2126
f 2126 3215 2128
f 3215 3214 2128
f 2128 3214 2130
f 3214 3212 2130
f 2130 3212 2132
f 3212 3211 2132
f 2132 3211 2134
f 3211 1930 2134
f 2134 1930 1929
f 2042 3002 3009
f 2042 3009 2043
f 3009 3011 2043
f 2043 3011 2045
f 3011 3013 2045
f 2045 3013 2047
f 3013 3015 2047
f 2047 3015 2049
f 3015 3017 2049
f 2049 3017 2051
f 3017 3019 2051
f 2051 3019 2053
f 3019 3021 2053
f 2053 3021 2055
f 3021 3023 2055
f 2055 3023 2057
f 3023 3025 2057
f 2057 3025 2059
f 3025 3027 2059
f 2059 3027 2038
f 2973 2062 2076
f 2973 2076 3056
f 2076 2074 3056
f 3056 2074 3054
f 2074 2072 3054
f 3054 2072 3052
f 2072 2070 3052
f 3052 2070 3050
f 2070 2068 3050
f 3050 2068 3048
f 2068 2066 3048
f 3048 2066 3046
f 2066 2064 3046
f 3046 2064 3044
f 2064 1971 3044
f 3044 1971 1970
f 3842 3843 3844
f 3843 3845 3844
f 3846 3847 3848
f 3847 3849 3848
f 3848 3849 3850
f 3850 3851 3848
f 3851 3852 3848
f 3848 3852 3843
f 3853 3854 3848
f 3854 3855 3848
f 3848 3855 3856
f 3856 3857 3848
f 3857 3858 3848
f 3848 3858 3846
f 3843 3842 3848
f 3842 3859 3848
f 3848 3859 3853
f 3860 3861 1148
f 3861 3862 1148
f 3862 3863 1148
f 3863 3864 1148
f 1148 3864 1150
f 3865 3866 1146
f 3866 3867 1146
f 1146 3867 1148
f 3867 3868 1148
f 1148 3868 3860
f 1144 3869 3870
f 3870 3871 1144
f 3871 3872 1144
f 1144 3872 1146
f 3872 3873 1146
f 1146 3873 3865
f 3874 3875 1142
f 3875 3876 1142
f 1142 3876 1144
f 3876 3877 1144
f 1144 3877 3869
f 3878 3879 1140
f 3879 3880 1140
f 1140 3880 1142
f 3880 3881 1142
f 1142 3881 3874
f 1138 2611 1140
f 2611 3882 1140
f 1140 3882 3878
f 1206 2891 2890
f 1098 2883 1205
f 2883 2884 1205
f 1205 2884 2885
f 2885 2888 1205
f 2888 2887 1205
f 1205 2887 1206
f 2887 2886 1206
f 1206 2886 2891
f 2881 2880 1098
f 2880 2882 1098
f 1098 2882 2883
f 1100 2875 1099
f 2875 2874 1099
f 1099 2874 2876
f 2876 2879 1099
f 2879 2878 1099
f 1099 2878 1098
f 2878 2877 1098
f 1098 2877 2881
f 1100 1101 2869
f 2869 2868 1100
f 2868 2871 1100
f 1100 2871 2870
f 2870 2873 1100
f 2873 2872 1100
f 1100 2872 2875
f 3883 2863 2862
f 2862 2865 3883
f 2865 2864 3883
f 3883 2864 2867
f 2892 2855 3883
f 2855 2856 3883
f 2856 2857 3883
f 2857 2860 3883
f 3883 2860 2861
f 2861 2859 3883
f 2859 2858 3883
f 3883 2858 2863
f 3864 3859 1150
f 3859 3842 1150
f 1150 3842 1152
f 3842 3884 1152
f 1152 3884 1154
f 3884 3885 1154
f 1154 3885 1155
f 3885 3886 1155
f 1155 3886 1065
f 3886 3887 1065
f 1065 3887 1066
f 3887 3888 1066
f 1066 3888 1067
f 3888 3889 1067
f 1067 3889 1068
f 3889 3890 1068
f 1068 3890 1069
f 3890 3891 1069
f 1069 3891 1080
f 3891 3892 1080
f 1080 3892 1081
f 3892 3893 1081
f 1081 3893 1082
f 3893 3894 1082
f 1082 3894 1091
f 3894 3895 1091
f 1091 3895 1092
f 3895 3896 1092
f 1092 3896 1093
f 3896 3897 1093
f 1093 3897 1109
f 3897 3898 1109
f 1109 3898 1108
f 3898 3899 1108
f 1108 3899 1113
f 3899 3900 1113
f 1113 3900 1114
f 3900 3901 1114
f 1114 3901 1075
f 3901 3902 1075
f 1075 3902 1057
f 3902 3903 1057
f 1057 3903 1058
f 3903 3904 1058
f 1058 3904 1059
f 3904 3905 1059
f 1059 3905 1063
f 3905 3906 1063
f 1063 3906 1064
f 3906 3907 1064
f 1064 3907 1049
f 3907 3908 1049
f 1049 3908 1050
f 3908 3909 1050
f 1050 3909 1051
f 3909 3910 1051
f 1051 3910 1052
f 3910 3911 1052
f 1052 3911 1053
f 3911 3912 1053
f 1053 3912 1054
f 3912 3913 1054
f 1054 3913 1055
f 3913 3914 1055
f 1055 3914 1056
f 3914 3915 1056
f 1056 3915 1074
f 3915 3916 1074
f 1074 3916 1073
f 3916 3917 1073
f 1073 3917 1045
f 3917 3918 1045
f 1045 3918 1046
f 3918 3919 1046
f 1046 3919 1047
f 3919 3920 1047
f 1047 3920 1101
f 3920 2892 1101
f 1101 2892 2869
f 2892 3883 2869
f 2869 3883 2866
f 3883 2867 2866
f 2890 2889 1206
f 2889 2616 1206
f 1206 2616 1207
f 2616 2615 1207
f 1207 2615 1062
f 2615 2618 1062
f 1062 2618 1083
f 2618 2629 1083
f 1083 2629 1084
f 2629 2621 1084
f 1084 2621 1086
f 2621 2614 1086
f 1086 2614 1110
f 2614 2613 1110
f 1110 2613 1111
f 2613 2638 1111
f 1111 2638 1112
f 2638 2637 1112
f 1112 2637 1087
f 2637 2636 1087
f 1087 2636 1088
f 2636 2635 1088
f 1088 2635 1115
f 2635 2634 1115
f 1115 2634 1116
f 2634 2625 1116
f 1116 2625 1118
f 2625 2624 1118
f 1118 2624 1120
f 2624 2633 1120
f 1120 2633 1122
f 2633 2632 1122
f 1122 2632 1124
f 2632 2631 1124
f 1124 2631 1126
f 2631 2609 1126
f 1126 2609 1128
f 2609 2608 1128
f 1128 2608 1130
f 2608 2607 1130
f 1130 2607 1132
f 2607 2605 1132
f 1132 2605 1134
f 2605 2604 1134
f 1134 2604 1136
f 2604 2606 1136
f 1136 2606 1138
f 2606 2612 1138
f 1138 2612 2611
f 3877 3876 3921
f 3922 3923 3880
f 3880 3879 3922
f 3879 3878 3922
f 3922 3878 2610
f 3878 3882 2610
f 2610 3882 2611
f 3921 3876 3924
f 3876 3875 3924
f 3875 3874 3924
f 3924 3874 3923
f 3874 3881 3923
f 3923 3881 3880
f 3925 3926 3872
f 3872 3871 3925
f 3871 3870 3925
f 3925 3870 3921
f 3870 3869 3921
f 3921 3869 3877
f 3927 3928 3867
f 3867 3866 3927
f 3866 3865 3927
f 3927 3865 3926
f 3865 3873 3926
f 3926 3873 3872
f 3929 3930 3862
f 3862 3861 3929
f 3861 3860 3929
f 3929 3860 3928
f 3860 3868 3928
f 3928 3868 3867
f 3931 3932 3853
f 3853 3859 3931
f 3859 3864 3931
f 3931 3864 3930
f 3864 3863 3930
f 3930 3863 3862
f 3933 3934 3857
f 3857 3856 3933
f 3856 3855 3933
f 3933 3855 3932
f 3855 3854 3932
f 3932 3854 3853
f 3935 3936 3849
f 3849 3847 3935
f 3847 3846 3935
f 3935 3846 3934
f 3846 3858 3934
f 3934 3858 3857
f 3937 3845 3843
f 3843 3852 3937
f 3852 3851 3937
f 3937 3851 3936
f 3851 3850 3936
f 3936 3850 3849
f 3938 3939 3940
f 3939 3941 3940
f 3942 3943 3939
f 3943 3944 3939
f 3945 3938 3946
f 3938 3947 3946
f 3945 3948 3938
f 3948 3949 3938
f 3938 3949 3950
f 3944 3951 3939
f 3951 3952 3939
f 3939 3952 3953
f 3952 3954 3953
f 3953 3954 3955
f 3956 3957 3947
f 3957 3958 3947
f 3958 3959 3947
f 3959 3960 3947
f 3947 3960 3961
f 3961 3962 3947
f 3962 3963 3947
f 3947 3963 3946
f 3950 3964 3938
f 3964 3965 3938
f 3938 3965 3966
f 3966 3967 3938
f 3967 3968 3938
f 3938 3968 3969
f 3969 3970 3938
f 3970 3971 3938
f 3938 3971 3972
f 3973 3974 3939
f 3975 3976 3939
f 3976 3977 3939
f 3974 3978 3939
f 3978 3979 3939
f 3939 3979 3942
f 3955 3980 3953
f 3980 3981 3953
f 3953 3981 3982
f 3972 3983 3938
f 3983 3984 3938
f 3938 3984 3985
f 3977 3986 3939
f 3986 3987 3939
f 3939 3987 3973
f 3982 3988 3953
f 3988 3989 3953
f 3953 3989 3990
f 3991 3992 3939
f 3992 3993 3939
f 3939 3993 3975
f 3990 3994 3953
f 3994 3995 3953
f 3953 3995 3996
f 3985 3997 3938
f 3997 3998 3938
f 3938 3998 3939
f 3998 3999 3939
f 3939 3999 3991
f 4000 3953 4001
f 3953 4002 4001
f 4003 4004 3947
f 4004 4005 3947
f 4006 4007 3947
f 4007 4008 3947
f 3947 4008 3956
f 3996 4009 3953
f 4009 4010 3953
f 3953 4010 4002
f 4005 4011 3947
f 4011 4012 3947
f 3947 4012 4006
f 4000 4013 3953
f 4013 4014 3953
f 3953 4014 3947
f 4014 4015 3947
f 3947 4015 4003
f 3947 3938 3940
f 3940 3844 3947
f 3844 2610 3947
f 3947 2610 2599
f 3844 3845 2610
f 3845 3937 2610
f 2610 3937 3936
f 3936 3935 2610
f 3935 3934 2610
f 2610 3934 3933
f 3933 3932 2610
f 3932 3931 2610
f 2610 3931 3930
f 3930 3929 2610
f 3929 3928 2610
f 2610 3928 3927
f 3924 3923 3921
f 3923 3925 3921
f 3927 3926 2610
f 3926 3925 2610
f 2610 3925 3922
f 3925 3923 3922
f 2599 2598 3947
f 2598 3953 3947
f 2598 2597 3953
f 2597 4016 3953
f 3953 4016 3939
f 4016 4017 3939
f 3939 4017 3941
f 4017 4018 3941
f 4019 4020 4021
f 4022 4023 4024
f 4023 4025 4024
f 4024 4025 4026
f 4022 4027 4023
f 4027 4028 4023
f 4023 4028 4029
f 4030 4031 4032
f 4021 4020 4031
f 4020 4033 4031
f 4031 4033 4032
f 4034 4035 4025
f 4036 4037 4038
f 4037 4039 4038
f 4038 4039 4021
f 4039 4040 4021
f 4021 4040 4019
f 4041 4042 4025
f 4035 4043 4025
f 4043 4044 4025
f 4025 4044 4026
f 4036 4038 4045
f 4038 4046 4045
f 4045 4046 4047
f 4042 4048 4025
f 4048 4049 4025
f 4025 4049 4034
f 4029 4050 4023
f 4050 4051 4023
f 4023 4051 4052
f 4052 4053 4023
f 4053 4054 4023
f 4023 4054 4055
f 4056 4057 4058
f 4059 4060 4061
f 4062 4063 4046
f 4063 4064 4046
f 4046 4064 4047
f 4055 4065 4023
f 4065 4066 4023
f 4023 4066 4067
f 4067 4068 4023
f 4068 4069 4023
f 4023 4069 4070
f 4059 4061 4071
f 4061 4072 4071
f 4072 4073 4071
f 4071 4073 4062
f 4073 4074 4062
f 4062 4074 4063
f 4032 4075 4030
f 4075 4076 4030
f 4030 4076 4077
f 4076 4078 4077
f 4077 4078 4079
f 4080 4081 4079
f 4081 4082 4079
f 4079 4082 4077
f 4083 4084 4025
f 4084 4085 4025
f 4086 4087 4088
f 4087 4089 4088
f 4088 4089 4090
f 4091 4092 4093
f 4059 4094 4060
f 4094 4056 4060
f 4060 4056 4095
f 4056 4058 4095
f 4095 4058 4091
f 4058 4096 4091
f 4091 4096 4092
f 4057 4097 4058
f 4097 4098 4058
f 4058 4098 4099
f 4100 4101 4102
f 4085 4103 4025
f 4103 4104 4025
f 4025 4104 4041
f 4070 4105 4023
f 4105 4106 4023
f 4023 4106 4089
f 4106 4107 4089
f 4089 4107 4090
f 4108 4109 4086
f 4109 4110 4086
f 4086 4110 4087
f 4111 4112 4086
f 4112 4113 4086
f 4114 4115 4116
f 4100 4102 4117
f 4118 4119 4120
f 4121 4122 4025
f 4122 4123 4025
f 4025 4123 4083
f 4113 4124 4086
f 4124 4125 4086
f 4086 4125 4108
f 4093 4126 4091
f 4126 4127 4091
f 4091 4127 4111
f 4127 4128 4111
f 4111 4128 4129
f 4129 4130 4111
f 4130 4131 4111
f 4111 4131 4112
f 4132 4133 4134
f 4133 4135 4134
f 4134 4135 4120
f 4135 4136 4120
f 4120 4136 4118
f 4101 4081 4102
f 4081 4080 4102
f 4102 4080 4137
f 4080 4120 4137
f 4137 4120 4138
f 4120 4119 4138
f 4139 4140 4141
f 4142 4143 4144
f 4143 4145 4144
f 4144 4145 4025
f 4145 4146 4025
f 4025 4146 4121
f 4114 4116 4147
f 4148 4149 4141
f 4149 4150 4141
f 4141 4150 4134
f 4150 4151 4134
f 4134 4151 4132
f 4142 4144 4141
f 4144 4152 4141
f 4141 4152 4139
f 4140 4153 4141
f 4153 4154 4141
f 4141 4154 4148
f 4099 4098 4116
f 4098 4155 4116
f 4116 4155 4147
f 4156 4157 4102
f 4157 4158 4102
f 4102 4158 4159
f 4159 4160 4102
f 4160 4161 4102
f 4102 4161 4117
f 4025 4023 4162
f 4025 4162 4163
f 4162 4164 4163
f 4163 4164 4165
f 4164 4166 4165
f 4165 4166 4167
f 4166 4168 4167
f 4167 4168 4169
f 4168 4170 4169
f 4169 4170 4171
f 4170 4172 4171
f 4171 4172 4173
f 4172 4174 4173
f 4173 4174 4175
f 4174 4176 4175
f 4175 4176 4177
f 4177 4176 4178
f 4176 4179 4178
f 4017 4016 4180
f 4017 4180 4181
f 4180 4182 4181
f 4181 4182 4183
f 4182 4184 4183
f 4183 4184 4185
f 4184 4186 4185
f 4185 4186 4187
f 4186 4188 4187
f 4187 4188 4189
f 4188 4190 4189
f 4189 4190 4191
f 4190 4192 4191
f 4191 4192 4193
f 4192 4194 4193
f 4193 4194 4195
f 4194 4196 4195
f 4195 4196 4197
f 4196 4178 4197
f 4197 4178 4179
f 4037 3945 4039
f 3945 3946 4039
f 4039 3946 4040
f 3946 3963 4040
f 4040 3963 4019
f 3963 3962 4019
f 4019 3962 4020
f 3962 3961 4020
f 4020 3961 4033
f 3961 3960 4033
f 4033 3960 4032
f 3960 3959 4032
f 4032 3959 4075
f 3959 3958 4075
f 4075 3958 4076
f 3958 3957 4076
f 4076 3957 4078
f 3957 3956 4078
f 4078 3956 4079
f 3956 4008 4079
f 4079 4008 4080
f 4008 4007 4080
f 4080 4007 4120
f 4007 4006 4120
f 4120 4006 4134
f 4006 4012 4134
f 4134 4012 4141
f 4012 4011 4141
f 4141 4011 4142
f 4011 4005 4142
f 4142 4005 4143
f 4005 4004 4143
f 4143 4004 4145
f 4004 4003 4145
f 4145 4003 4146
f 4003 4015 4146
f 4146 4015 4121
f 4015 4014 4121
f 4121 4014 4122
f 4014 4013 4122
f 4122 4013 4123
f 4013 4000 4123
f 4123 4000 4083
f 4000 4001 4083
f 4083 4001 4084
f 4001 4002 4084
f 4084 4002 4085
f 4002 4010 4085
f 4085 4010 4103
f 4010 4009 4103
f 4103 4009 4104
f 4009 3996 4104
f 4104 3996 4041
f 3996 3995 4041
f 4041 3995 4042
f 3995 3994 4042
f 4042 3994 4048
f 3994 3990 4048
f 4048 3990 4049
f 3990 3989 4049
f 4049 3989 4034
f 3989 3988 4034
f 4034 3988 4035
f 3988 3982 4035
f 4035 3982 4043
f 3982 3981 4043
f 4043 3981 4044
f 3981 3980 4044
f 4044 3980 4026
f 3980 3955 4026
f 4026 3955 4024
f 3955 3954 4024
f 4024 3954 4022
f 3954 3952 4022
f 4022 3952 4027
f 3952 3951 4027
f 4027 3951 4028
f 3951 3944 4028
f 4028 3944 4029
f 3944 3943 4029
f 4029 3943 4050
f 3943 3942 4050
f 4050 3942 4051
f 3942 3979 4051
f 4051 3979 4052
f 3979 3978 4052
f 4052 3978 4053
f 3978 3974 4053
f 4053 3974 4054
f 3974 3973 4054
f 4054 3973 4055
f 3973 3987 4055
f 4055 3987 4065
f 3987 3986 4065
f 4065 3986 4066
f 3986 3977 4066
f 4066 3977 4067
f 3977 3976 4067
f 4067 3976 4068
f 3976 3975 4068
f 4068 3975 4069
f 3975 3993 4069
f 4069 3993 4070
f 3993 3992 4070
f 4070 3992 4105
f 3992 3991 4105
f 4105 3991 4106
f 3991 3999 4106
f 4106 3999 4107
f 3999 3998 4107
f 4107 3998 4090
f 3998 3997 4090
f 4090 3997 4088
f 3997 3985 4088
f 4088 3985 4086
f 3985 3984 4086
f 4086 3984 4111
f 3984 3983 4111
f 4111 3983 4091
f 3983 3972 4091
f 4091 3972 4095
f 3972 3971 4095
f 4095 3971 4060
f 3971 3970 4060
f 4060 3970 4061
f 3970 3969 4061
f 4061 3969 4072
f 3969 3968 4072
f 4072 3968 4073
f 3968 3967 4073
f 4073 3967 4074
f 3967 3966 4074
f 4074 3966 4063
f 3966 3965 4063
f 4063 3965 4064
f 3965 3964 4064
f 4064 3964 4047
f 3964 3950 4047
f 4047 3950 4045
f 3950 3949 4045
f 4045 3949 4036
f 3949 3948 4036
f 4036 3948 4037
f 3948 3945 4037
f 3027 2893 2038
f 2893 2040 2038
f 3941 4018 3940
f 4018 2150 3940
f 2039 2040 4018
f 2040 2893 4018
f 4018 2893 2150
f 3886 3885 3844
f 3885 3884 3844
f 3844 3884 3842
f 2716 2715 3919
f 3919 2715 3920
f 2715 2693 3920
f 3920 2693 2892
f 3919 3918 2716
f 3918 3917 2716
f 2716 3917 2717
f 3917 3916 2717
f 2717 3916 2718
f 3916 3915 2718
f 2718 3915 2719
f 3915 3914 2719
f 2719 3914 2720
f 3914 3913 2720
f 2720 3913 2721
f 3893 3892 3940
f 3892 3891 3940
f 3940 3891 3890
f 3890 3889 3940
f 3889 3888 3940
f 3940 3888 3844
f 3888 3887 3844
f 3844 3887 3886
f 3896 3895 3940
f 3895 3894 3940
f 3940 3894 3893
f 2185 2187 2207
f 2721 3913 2722
f 3913 3912 2722
f 2722 3912 2714
f 2163 2165 3912
f 2165 2167 3912
f 3911 3910 2150
f 3910 3909 2150
f 2155 2157 3912
f 2207 2714 2171
f 2714 3912 2171
f 2171 3912 2169
f 3912 2167 2169
f 3909 3908 2150
f 3908 3907 2150
f 2150 3907 3906
f 2185 2207 2183
f 3911 2150 3912
f 2150 2153 3912
f 3912 2153 2155
f 2157 2159 3912
f 2159 2161 3912
f 3912 2161 2163
f 3906 3905 2150
f 3905 3904 2150
f 2150 3904 3903
f 3899 3898 3940
f 3898 3897 3940
f 3940 3897 3896
f 2171 2173 2207
f 2173 2175 2207
f 2207 2175 2177
f 3903 3902 2150
f 3902 3901 2150
f 2150 3901 3940
f 3901 3900 3940
f 3940 3900 3899
f 2177 2179 2207
f 2179 2181 2207
f 2207 2181 2183
f 2201 2187 2199
f 2187 2189 2199
f 2201 2203 2187
f 2203 2205 2187
f 2187 2205 2207
f 2189 2191 2199
f 2191 2193 2199
f 2199 2193 2197
f 2193 2195 2197
f 3529 3530 4191
f 3541 3470 2041
f 3470 3471 2041
f 4170 2063 4172
f 2063 4174 4172
f 4164 2078 4166
f 2078 2063 4166
f 4166 2063 4168
f 2063 4170 4168
f 4164 4162 2078
f 4162 4023 2078
f 2078 4023 4089
f 3644 3645 4181
f 3645 3646 4181
f 4191 3530 4189
f 3505 3506 4174
f 3506 3507 4174
f 4174 3507 3508
f 3641 3642 4181
f 3642 3643 4181
f 4181 3643 3644
f 3646 3647 4181
f 3647 3648 4181
f 4181 3648 4017
f 3648 3649 4017
f 4017 3649 4018
f 3649 3650 4018
f 3637 3638 4181
f 3471 3472 2041
f 3472 3473 2041
f 2041 3473 3474
f 3508 3509 4174
f 3509 3510 4174
f 4174 3510 4176
f 3510 3511 4176
f 4176 3511 4179
f 3511 3512 4179
f 4179 3512 3513
f 3650 3651 4018
f 3651 3652 4018
f 4018 3652 3653
f 3653 3654 4018
f 3654 3655 4018
f 4018 3655 3656
f 3627 3628 3533
f 3538 3539 2041
f 3539 3540 2041
f 2041 3540 3541
f 3499 3500 4174
f 3500 3501 4174
f 4174 3501 3502
f 3502 3503 4174
f 3503 3504 4174
f 4174 3504 3505
f 3631 3632 4181
f 3632 3633 4181
f 4181 3633 3634
f 3634 3635 4181
f 3635 3636 4181
f 4181 3636 3637
f 3638 3639 4181
f 3639 3640 4181
f 4181 3640 3641
f 3678 3679 2039
f 3679 3680 2039
f 2039 3680 3681
f 3530 3531 3631
f 3531 3532 3631
f 3631 3532 3533
f 3627 3533 3626
f 3474 3475 2041
f 3475 3476 2041
f 2041 3476 2061
f 3476 3477 2061
f 2061 3477 3478
f 4193 4195 3513
f 4195 4197 3513
f 3513 4197 4179
f 3656 3657 4018
f 3657 3658 4018
f 4018 3658 3659
f 3684 2037 3683
f 2037 2039 3683
f 3683 2039 3682
f 2039 3681 3682
f 3628 3629 3533
f 3629 3630 3533
f 3533 3630 3631
f 3513 3514 4193
f 3514 3515 4193
f 4193 3515 4191
f 3515 3516 4191
f 4191 3516 3517
f 3517 3518 4191
f 3518 3519 4191
f 4191 3519 3520
f 4181 4183 3631
f 4183 4185 3631
f 3631 4185 3530
f 4185 4187 3530
f 3530 4187 4189
f 3684 3685 2037
f 3685 3614 2037
f 2037 3614 2060
f 3614 3615 2060
f 2060 3615 2058
f 3615 3616 2058
f 2058 3616 2056
f 3616 3617 2056
f 2056 3617 2054
f 3617 3618 2054
f 2054 3618 2052
f 3618 3619 2052
f 2052 3619 2050
f 3619 3620 2050
f 2050 3620 2048
f 3620 3621 2048
f 2048 3621 2046
f 3621 3622 2046
f 2046 3622 2044
f 3622 3623 2044
f 2044 3623 2041
f 3623 3624 2041
f 2041 3624 3625
f 3533 3534 3626
f 3534 3535 3626
f 3626 3535 3625
f 3535 3536 3625
f 3625 3536 2041
f 3536 3537 2041
f 2041 3537 3538
f 3520 3521 4191
f 3521 3522 4191
f 4191 3522 3523
f 3523 3524 4191
f 3524 3525 4191
f 4191 3525 3526
f 3526 3527 4191
f 3527 3528 4191
f 4191 3528 3529
f 3659 3660 4018
f 3660 3661 4018
f 4018 3661 3662
f 3496 3497 4174
f 3497 3498 4174
f 4174 3498 3499
f 3675 2039 3674
f 2039 3673 3674
f 3675 3676 2039
f 3676 3677 2039
f 2039 3677 3678
f 2039 3669 3670
f 3478 3479 2061
f 3479 3480 2061
f 2061 3480 2077
f 3480 3481 2077
f 2077 3481 2075
f 3481 3482 2075
f 2075 3482 2073
f 3482 3483 2073
f 2073 3483 2071
f 3483 3484 2071
f 2071 3484 2069
f 3484 3485 2069
f 2069 3485 2067
f 3485 3486 2067
f 2067 3486 2065
f 3486 3487 2065
f 2065 3487 2063
f 3487 3488 2063
f 2063 3488 3489
f 3489 3490 2063
f 3490 3491 2063
f 2063 3491 3492
f 3666 3667 2039
f 3667 3668 2039
f 2039 3668 3669
f 3670 3671 2039
f 3671 3672 2039
f 2039 3672 3673
f 3492 3493 2063
f 3493 3494 2063
f 2063 3494 4174
f 3494 3495 4174
f 4174 3495 3496
f 3662 3663 4018
f 3663 3664 4018
f 4018 3664 2039
f 3664 3665 2039
f 2039 3665 3666
f 4098 4097 2097
f 2078 4089 2102
f 4089 4087 2102
f 2102 4087 2103
f 4087 4110 2103
f 2103 4110 2104
f 4110 4109 2104
f 2104 4109 2105
f 4109 4108 2105
f 2105 4108 2106
f 4108 4125 2106
f 2106 4125 2107
f 4125 4124 2107
f 2107 4124 2108
f 4124 4113 2108
f 2108 4113 2109
f 4113 4112 2109
f 2109 4112 2110
f 4112 4131 2110
f 2110 4131 2111
f 4131 4130 2111
f 2111 4130 2112
f 4130 4129 2112
f 2112 4129 2113
f 4129 4128 2113
f 2113 4128 2114
f 4128 4127 2114
f 2114 4127 2115
f 4127 4126 2115
f 2115 4126 2116
f 4126 4093 2116
f 2116 4093 2117
f 4093 4092 2117
f 2117 4092 2118
f 4092 4096 2118
f 2118 4096 2080
f 4096 4058 2080
f 2080 4058 2081
f 4058 4099 2081
f 2081 4099 2085
f 4099 4116 2085
f 2085 4116 2086
f 4116 4115 2086
f 2086 4115 2088
f 4115 4114 2088
f 4114 4147 2088
f 2088 4147 2091
f 4147 4155 2091
f 2091 4155 2092
f 4155 4098 2092
f 2092 4098 2099
f 4098 2097 2099
f 2097 1179 2098
f 1179 1178 2098
f 2098 1178 2100
f 2087 2090 1183
f 2090 2089 1183
f 1183 2089 1178
f 2089 2096 1178
f 2096 2095 1178
f 1178 2095 2094
f 2094 2093 1178
f 2093 2101 1178
f 1178 2101 2100
f 1185 2083 1183
f 2083 2082 1183
f 1183 2082 2087
f 1967 1968 1185
f 1968 2079 1185
f 2079 2084 1185
f 1185 2084 2083
f 1185 1195 1967
f 1195 1197 1967
f 1967 1197 1948
f 1197 1200 1948
f 1948 1200 1950
f 1200 1199 1950
f 1950 1199 1952
f 1199 1198 1952
f 1952 1198 1953
f 1198 1187 1953
f 1953 1187 1972
f 1187 1186 1972
f 1972 1186 1973
f 1186 1188 1973
f 1973 1188 1944
f 1129 1919 1127
f 1919 1916 1127
f 1127 1916 1125
f 1916 1933 1125
f 1125 1933 1123
f 1933 1939 1123
f 1123 1939 1121
f 1939 1928 1121
f 1121 1928 1119
f 1928 1927 1119
f 1119 1927 1117
f 1927 1943 1117
f 1117 1943 1089
f 1998 2001 1131
f 2001 1922 1131
f 1131 1922 1129
f 1922 1921 1129
f 1129 1921 1919
f 1998 1131 1995
f 1131 1133 1995
f 1995 1133 1993
f 1983 1985 1135
f 1983 1135 1981
f 1985 1987 1135
f 1987 1989 1135
f 1135 1989 1133
f 1989 1991 1133
f 1133 1991 1993
f 4101 4100 1978
f 1977 1975 1135
f 1975 1974 1135
f 1135 1974 1981
f 1977 1135 1978
f 1135 1137 1978
f 1978 1137 4101
f 1137 1139 4101
f 4101 1139 4081
f 1139 1141 4081
f 4081 1141 4082
f 1141 1143 4082
f 4082 1143 4077
f 1143 1145 4077
f 4077 1145 4030
f 1145 1147 4030
f 4030 1147 4031
f 1147 1149 4031
f 4031 1149 4021
f 1149 1151 4021
f 4021 1151 4038
f 1151 1153 4038
f 4038 1153 4046
f 1153 1048 4046
f 4046 1048 4062
f 1048 1170 4062
f 4062 1170 4071
f 1170 1169 4071
f 4071 1169 4059
f 1169 1182 4059
f 4059 1182 4094
f 1182 1181 4094
f 4094 1181 4056
f 1181 1179 4056
f 4056 1179 4057
f 1179 2097 4057
f 4057 2097 4097
f 1978 4100 1976
f 4100 4117 1976
f 1976 4117 1979
f 1979 4117 1980
f 4117 4161 1980
f 1980 4161 1982
f 4160 1986 4161
f 1986 1984 4161
f 4161 1984 1982
f 4159 4158 1994
f 1994 1992 4159
f 1992 1990 4159
f 4159 1990 4160
f 1990 1988 4160
f 4160 1988 1986
f 4157 4156 2000
f 2000 1999 4157
f 1999 1997 4157
f 4157 1997 4158
f 1997 1996 4158
f 4158 1996 1994
f 4102 4137 2005
f 2005 2004 4102
f 2004 2003 4102
f 4102 2003 4156
f 2003 2002 4156
f 4156 2002 2000
f 4138 4119 2009
f 2009 2008 4138
f 2008 2007 4138
f 4138 2007 4137
f 2007 2006 4137
f 4137 2006 2005
f 4118 4136 2013
f 2013 2012 4118
f 2012 2011 4118
f 4118 2011 4119
f 2011 2010 4119
f 4119 2010 2009
f 4135 4133 2017
f 2017 2016 4135
f 2016 2015 4135
f 4135 2015 4136
f 2015 2014 4136
f 4136 2014 2013
f 4132 4151 2021
f 2021 2020 4132
f 2020 2019 4132
f 4132 2019 4133
f 2019 2018 4133
f 4133 2018 2017
f 4150 4149 2025
f 2025 2024 4150
f 2024 2023 4150
f 4150 2023 4151
f 2023 2022 4151
f 4151 2022 2021
f 4148 4154 2029
f 2029 2028 4148
f 2028 2027 4148
f 4148 2027 4149
f 2027 2026 4149
f 4149 2026 2025
f 2036 2032 4153
f 2032 2031 4153
f 4153 2031 4154
f 2031 2030 4154
f 4154 2030 2029
f 4153 4140 2036
f 4140 4139 2036
f 2036 4139 2035
f 4139 4152 2035
f 2035 4152 2034
f 4152 4144 2034
f 2034 4144 2033
f 3434 2033 3435
f 2033 4144 3435
f 3441 4175 3442
f 4175 3443 3442
f 3435 4165 4167
f 4177 4178 3455
f 4178 4196 3455
f 4196 4194 3455
f 3455 4194 3456
f 4194 3457 3456
f 3452 3451 4175
f 4144 4025 3435
f 4025 4163 3435
f 3435 4163 4165
f 4167 4169 3435
f 4169 4171 3435
f 3435 4171 3436
f 3441 3440 4175
f 3440 3439 4175
f 4175 3439 4173
f 3439 3438 4173
f 4173 3438 4171
f 3438 3437 4171
f 4171 3437 3436
f 4194 4192 3457
f 4192 4190 3457
f 3457 4190 3458
f 4190 4188 3458
f 3458 4188 4186
f 3542 3613 4198
f 3452 4175 3453
f 3448 3447 4175
f 3447 3446 4175
f 4016 3577 4180
f 3577 3576 4180
f 3576 3575 4180
f 3575 3574 4180
f 4180 3574 3573
f 3573 3572 4180
f 3572 3571 4180
f 4180 3571 3570
f 3446 3445 4175
f 3445 3444 4175
f 4175 3444 3443
f 3434 3433 2033
f 3433 3432 2033
f 2033 3432 3431
f 2136 3403 3402
f 3402 3401 2136
f 3401 3400 2136
f 2136 3400 3399
f 2597 3579 4016
f 3579 3578 4016
f 4016 3578 3577
f 4177 3455 4175
f 3455 3454 4175
f 4175 3454 3453
f 3451 3450 4175
f 3450 3449 4175
f 4175 3449 3448
f 3431 3430 2033
f 3430 3429 2033
f 2033 3429 3428
f 3399 3398 2136
f 3398 3469 2136
f 2136 3469 3468
f 3407 3406 2120
f 3406 3405 2120
f 2120 3405 2136
f 3405 3404 2136
f 2136 3404 3403
f 3468 3467 2136
f 3467 3466 2136
f 2136 3466 3465
f 3542 4198 3543
f 4198 4199 3543
f 3543 4199 3544
f 4199 4200 3544
f 3544 4200 3545
f 4200 4201 3545
f 3545 4201 3546
f 4201 4202 3546
f 3546 4202 3547
f 4202 4203 3547
f 3547 4203 3548
f 3586 3585 2597
f 3570 3569 4180
f 3569 3568 4180
f 4180 3568 3567
f 3567 3566 4180
f 3566 3565 4180
f 4180 3565 3564
f 3428 3427 2033
f 3427 3426 2033
f 2033 3426 3425
f 3463 4203 4204
f 3465 3464 2136
f 3464 3463 2136
f 2136 3463 4205
f 3551 3550 4203
f 3550 3549 4203
f 4203 3549 3548
f 3585 3584 2597
f 3584 3583 2597
f 2597 3583 3582
f 3582 3581 2597
f 3581 3580 2597
f 2597 3580 3579
f 3564 3563 4180
f 3563 3562 4180
f 4180 3562 3561
f 4204 4206 3463
f 4206 4207 3463
f 3463 4207 4205
f 3613 3612 4198
f 3612 3611 4198
f 4198 3611 2601
f 3611 3610 2601
f 2601 3610 3609
f 3558 3557 3463
f 3557 3556 3463
f 3463 3556 3555
f 3461 3460 3559
f 3460 3459 3559
f 3559 3459 3458
f 3609 3608 2601
f 3608 3607 2601
f 2601 3607 3606
f 3425 3424 2033
f 3424 3423 2033
f 2033 3423 3422
f 3422 3421 2033
f 3421 3420 2033
f 2033 3420 2119
f 3420 3419 2119
f 2119 3419 3418
f 3558 3463 3559
f 3463 3462 3559
f 3559 3462 3461
f 3561 3560 4180
f 3560 3559 4180
f 4180 3559 4182
f 3559 3458 4182
f 4182 3458 4184
f 3458 4186 4184
f 3590 3589 2597
f 3555 3554 3463
f 3554 3553 3463
f 3463 3553 4203
f 3553 3552 4203
f 4203 3552 3551
f 3589 3588 2597
f 3588 3587 2597
f 2597 3587 3586
f 3418 3417 2119
f 3417 3416 2119
f 2119 3416 2135
f 3416 3415 2135
f 2135 3415 2133
f 3415 3414 2133
f 2133 3414 2131
f 3414 3413 2131
f 2131 3413 2129
f 3413 3412 2129
f 2129 3412 2127
f 3412 3411 2127
f 2127 3411 2125
f 3411 3410 2125
f 2125 3410 2123
f 3410 3409 2123
f 2123 3409 2120
f 3409 3408 2120
f 2120 3408 3407
f 3606 3605 2601
f 3605 3604 2601
f 2601 3604 3603
f 3603 3602 2601
f 3602 3601 2601
f 2601 3601 3600
f 3600 3599 2601
f 3599 3598 2601
f 2601 3598 3597
f 3597 3596 2601
f 3596 3595 2601
f 2601 3595 3594
f 3594 3593 2601
f 3593 3592 2601
f 2601 3592 2597
f 3592 3591 2597
f 2597 3591 3590
f 3832 4198 2600
f 4198 2601 2600
f 4198 3832 3841
f 4198 3841 4199
f 3841 3840 4199
f 4199 3840 4200
f 3840 3839 4200
f 4200 3839 4201
f 3839 3838 4201
f 4201 3838 4202
f 3838 3837 4202
f 4202 3837 4203
f 3837 3836 4203
f 4203 3836 4204
f 3836 3835 4204
f 4204 3835 4206
f 3835 3834 4206
f 4206 3834 4207
f 3834 3833 4207
f 4207 3833 4205
f 3833 2137 4205
f 4205 2137 2136

