# https://github.com/mikedh/trimesh
v 0.40605000 0.05507107 0.03500000
v 0.40605000 0.05507107 0.02000000
v 0.40605742 0.05524102 0.03500000
v 0.40605742 0.05524102 0.02000000
v 0.40607962 0.05540968 0.03500000
v 0.40607962 0.05540968 0.02000000
v 0.40611646 0.05557577 0.03500000
v 0.40611646 0.05557577 0.02000000
v 0.40616760 0.05573801 0.03500000
v 0.40616760 0.05573801 0.02000000
v 0.40623268 0.05589517 0.03500000
v 0.40623268 0.05589517 0.02000000
v 0.40631124 0.05604607 0.03500000
v 0.40631124 0.05604607 0.02000000
v 0.40640265 0.05618954 0.03500000
v 0.40640265 0.05618954 0.02000000
v 0.40650621 0.05632450 0.03500000
v 0.40650621 0.05632450 0.02000000
v 0.40662113 0.05644993 0.03500000
v 0.40662113 0.05644993 0.02000000
v 0.40674657 0.05656486 0.03500000
v 0.40674657 0.05656486 0.02000000
v 0.40688151 0.05666842 0.03500000
v 0.40688151 0.05666842 0.02000000
v 0.40702501 0.05675982 0.03500000
v 0.40702501 0.05675982 0.02000000
v 0.40717590 0.05683837 0.03500000
v 0.40717590 0.05683837 0.02000000
v 0.40733305 0.05690347 0.03500000
v 0.40733305 0.05690347 0.02000000
v 0.40749529 0.05695462 0.03500000
v 0.40749529 0.05695462 0.02000000
v 0.40766138 0.05699144 0.03500000
v 0.40766138 0.05699144 0.02000000
v 0.40783003 0.05701365 0.03500000
v 0.40783003 0.05701365 0.02000000
v 0.40799999 0.05702107 0.03500000
v 0.40799999 0.05702107 0.02000000
v 0.40816996 0.05701365 0.03500000
v 0.40816996 0.05701365 0.02000000
v 0.40833861 0.05699144 0.03500000
v 0.40833861 0.05699144 0.02000000
v 0.40850469 0.05695462 0.03500000
v 0.40850469 0.05695462 0.02000000
v 0.40866694 0.05690347 0.03500000
v 0.40866694 0.05690347 0.02000000
v 0.40882412 0.05683837 0.03500000
v 0.40882412 0.05683837 0.02000000
v 0.40897501 0.05675982 0.03500000
v 0.40897501 0.05675982 0.02000000
v 0.40911847 0.05666842 0.03500000
v 0.40911847 0.05666842 0.02000000
v 0.40925345 0.05656486 0.03500000
v 0.40925345 0.05656486 0.02000000
v 0.40937886 0.05644993 0.03500000
v 0.40937886 0.05644993 0.02000000
v 0.40949377 0.05632450 0.03500000
v 0.40949377 0.05632450 0.02000000
v 0.40959734 0.05618954 0.03500000
v 0.40959734 0.05618954 0.02000000
v 0.40968874 0.05604607 0.03500000
v 0.40968874 0.05604607 0.02000000
v 0.40976730 0.05589517 0.03500000
v 0.40976730 0.05589517 0.02000000
v 0.40983239 0.05573801 0.03500000
v 0.40983239 0.05573801 0.02000000
v 0.40988356 0.05557577 0.03500000
v 0.40988356 0.05557577 0.02000000
v 0.40992036 0.05540968 0.03500000
v 0.40992036 0.05540968 0.02000000
v 0.40994257 0.05524102 0.03500000
v 0.40994257 0.05524102 0.02000000
v 0.40994999 0.05507107 0.03500000
v 0.40994999 0.05507107 0.02000000
v 0.40994257 0.05490112 0.03500000
v 0.40994257 0.05490112 0.02000000
v 0.40992036 0.05473245 0.03500000
v 0.40992036 0.05473245 0.02000000
v 0.40988356 0.05456637 0.03500000
v 0.40988356 0.05456637 0.02000000
v 0.40983239 0.05440413 0.03500000
v 0.40983239 0.05440413 0.02000000
v 0.40976730 0.05424696 0.03500000
v 0.40976730 0.05424696 0.02000000
v 0.40968874 0.05409607 0.03500000
v 0.40968874 0.05409607 0.02000000
v 0.40959734 0.05395259 0.03500000
v 0.40959734 0.05395259 0.02000000
v 0.40949377 0.05381763 0.03500000
v 0.40949377 0.05381763 0.02000000
v 0.40937886 0.05369221 0.03500000
v 0.40937886 0.05369221 0.02000000
v 0.40925345 0.05357728 0.03500000
v 0.40925345 0.05357728 0.02000000
v 0.40911847 0.05347372 0.03500000
v 0.40911847 0.05347372 0.02000000
v 0.40897501 0.05338232 0.03500000
v 0.40897501 0.05338232 0.02000000
v 0.40882412 0.05330377 0.03500000
v 0.40882412 0.05330377 0.02000000
v 0.40866694 0.05323867 0.03500000
v 0.40866694 0.05323867 0.02000000
v 0.40850469 0.05318751 0.03500000
v 0.40850469 0.05318751 0.02000000
v 0.40833861 0.05315069 0.03500000
v 0.40833861 0.05315069 0.02000000
v 0.40816996 0.05312849 0.03500000
v 0.40816996 0.05312849 0.02000000
v 0.40799999 0.05312107 0.03500000
v 0.40799999 0.05312107 0.02000000
v 0.40783003 0.05312849 0.03500000
v 0.40783003 0.05312849 0.02000000
v 0.40766138 0.05315069 0.03500000
v 0.40766138 0.05315069 0.02000000
v 0.40749529 0.05318751 0.03500000
v 0.40749529 0.05318751 0.02000000
v 0.40733305 0.05323867 0.03500000
v 0.40733305 0.05323867 0.02000000
v 0.40717590 0.05330377 0.03500000
v 0.40717590 0.05330377 0.02000000
v 0.40702501 0.05338232 0.03500000
v 0.40702501 0.05338232 0.02000000
v 0.40688151 0.05347372 0.03500000
v 0.40688151 0.05347372 0.02000000
v 0.40674657 0.05357728 0.03500000
v 0.40674657 0.05357728 0.02000000
v 0.40662113 0.05369221 0.03500000
v 0.40662113 0.05369221 0.02000000
v 0.40650621 0.05381763 0.03500000
v 0.40650621 0.05381763 0.02000000
v 0.40640265 0.05395259 0.03500000
v 0.40640265 0.05395259 0.02000000
v 0.40631124 0.05409607 0.03500000
v 0.40631124 0.05409607 0.02000000
v 0.40623268 0.05424696 0.03500000
v 0.40623268 0.05424696 0.02000000
v 0.40616760 0.05440413 0.03500000
v 0.40616760 0.05440413 0.02000000
v 0.40611646 0.05456637 0.03500000
v 0.40611646 0.05456637 0.02000000
v 0.40607962 0.05473245 0.03500000
v 0.40607962 0.05473245 0.02000000
v 0.40605742 0.05490112 0.03500000
v 0.40605742 0.05490112 0.02000000
v 0.40799999 0.05507107 0.02000000
v 0.40605000 0.03907107 0.03500000
v 0.40605000 0.03907107 0.02000000
v 0.40605742 0.03924102 0.03500000
v 0.40605742 0.03924102 0.02000000
v 0.40607962 0.03940968 0.03500000
v 0.40607962 0.03940968 0.02000000
v 0.40611646 0.03957577 0.03500000
v 0.40611646 0.03957577 0.02000000
v 0.40616760 0.03973801 0.03500000
v 0.40616760 0.03973801 0.02000000
v 0.40623268 0.03989517 0.03500000
v 0.40623268 0.03989517 0.02000000
v 0.40631124 0.04004607 0.03500000
v 0.40631124 0.04004607 0.02000000
v 0.40640265 0.04018954 0.03500000
v 0.40640265 0.04018954 0.02000000
v 0.40650621 0.04032451 0.03500000
v 0.40650621 0.04032451 0.02000000
v 0.40662113 0.04044992 0.03500000
v 0.40662113 0.04044992 0.02000000
v 0.40674657 0.04056485 0.03500000
v 0.40674657 0.04056485 0.02000000
v 0.40688151 0.04066841 0.03500000
v 0.40688151 0.04066841 0.02000000
v 0.40702501 0.04075982 0.03500000
v 0.40702501 0.04075982 0.02000000
v 0.40717590 0.04083837 0.03500000
v 0.40717590 0.04083837 0.02000000
v 0.40733305 0.04090347 0.03500000
v 0.40733305 0.04090347 0.02000000
v 0.40749529 0.04095462 0.03500000
v 0.40749529 0.04095462 0.02000000
v 0.40766138 0.04099144 0.03500000
v 0.40766138 0.04099144 0.02000000
v 0.40783003 0.04101365 0.03500000
v 0.40783003 0.04101365 0.02000000
v 0.40799999 0.04102107 0.03500000
v 0.40799999 0.04102107 0.02000000
v 0.40816996 0.04101365 0.03500000
v 0.40816996 0.04101365 0.02000000
v 0.40833861 0.04099144 0.03500000
v 0.40833861 0.04099144 0.02000000
v 0.40850469 0.04095462 0.03500000
v 0.40850469 0.04095462 0.02000000
v 0.40866694 0.04090347 0.03500000
v 0.40866694 0.04090347 0.02000000
v 0.40882412 0.04083837 0.03500000
v 0.40882412 0.04083837 0.02000000
v 0.40897501 0.04075982 0.03500000
v 0.40897501 0.04075982 0.02000000
v 0.40911847 0.04066841 0.03500000
v 0.40911847 0.04066841 0.02000000
v 0.40925345 0.04056485 0.03500000
v 0.40925345 0.04056485 0.02000000
v 0.40937886 0.04044992 0.03500000
v 0.40937886 0.04044992 0.02000000
v 0.40949377 0.04032451 0.03500000
v 0.40949377 0.04032451 0.02000000
v 0.40959734 0.04018954 0.03500000
v 0.40959734 0.04018954 0.02000000
v 0.40968874 0.04004607 0.03500000
v 0.40968874 0.04004607 0.02000000
v 0.40976730 0.03989517 0.03500000
v 0.40976730 0.03989517 0.02000000
v 0.40983239 0.03973801 0.03500000
v 0.40983239 0.03973801 0.02000000
v 0.40988356 0.03957577 0.03500000
v 0.40988356 0.03957577 0.02000000
v 0.40992036 0.03940968 0.03500000
v 0.40992036 0.03940968 0.02000000
v 0.40994257 0.03924102 0.03500000
v 0.40994257 0.03924102 0.02000000
v 0.40994999 0.03907107 0.03500000
v 0.40994999 0.03907107 0.02000000
v 0.40994257 0.03890111 0.03500000
v 0.40994257 0.03890111 0.02000000
v 0.40992036 0.03873245 0.03500000
v 0.40992036 0.03873245 0.02000000
v 0.40988356 0.03856637 0.03500000
v 0.40988356 0.03856637 0.02000000
v 0.40983239 0.03840413 0.03500000
v 0.40983239 0.03840413 0.02000000
v 0.40976730 0.03824696 0.03500000
v 0.40976730 0.03824696 0.02000000
v 0.40968874 0.03809607 0.03500000
v 0.40968874 0.03809607 0.02000000
v 0.40959734 0.03795259 0.03500000
v 0.40959734 0.03795259 0.02000000
v 0.40949377 0.03781763 0.03500000
v 0.40949377 0.03781763 0.02000000
v 0.40937886 0.03769221 0.03500000
v 0.40937886 0.03769221 0.02000000
v 0.40925345 0.03757728 0.03500000
v 0.40925345 0.03757728 0.02000000
v 0.40911847 0.03747372 0.03500000
v 0.40911847 0.03747372 0.02000000
v 0.40897501 0.03738232 0.03500000
v 0.40897501 0.03738232 0.02000000
v 0.40882412 0.03730377 0.03500000
v 0.40882412 0.03730377 0.02000000
v 0.40866694 0.03723867 0.03500000
v 0.40866694 0.03723867 0.02000000
v 0.40850469 0.03718751 0.03500000
v 0.40850469 0.03718751 0.02000000
v 0.40833861 0.03715069 0.03500000
v 0.40833861 0.03715069 0.02000000
v 0.40816996 0.03712849 0.03500000
v 0.40816996 0.03712849 0.02000000
v 0.40799999 0.03712107 0.03500000
v 0.40799999 0.03712107 0.02000000
v 0.40783003 0.03712849 0.03500000
v 0.40783003 0.03712849 0.02000000
v 0.40766138 0.03715069 0.03500000
v 0.40766138 0.03715069 0.02000000
v 0.40749529 0.03718751 0.03500000
v 0.40749529 0.03718751 0.02000000
v 0.40733305 0.03723867 0.03500000
v 0.40733305 0.03723867 0.02000000
v 0.40717590 0.03730377 0.03500000
v 0.40717590 0.03730377 0.02000000
v 0.40702501 0.03738232 0.03500000
v 0.40702501 0.03738232 0.02000000
v 0.40688151 0.03747372 0.03500000
v 0.40688151 0.03747372 0.02000000
v 0.40674657 0.03757728 0.03500000
v 0.40674657 0.03757728 0.02000000
v 0.40662113 0.03769221 0.03500000
v 0.40662113 0.03769221 0.02000000
v 0.40650621 0.03781763 0.03500000
v 0.40650621 0.03781763 0.02000000
v 0.40640265 0.03795259 0.03500000
v 0.40640265 0.03795259 0.02000000
v 0.40631124 0.03809607 0.03500000
v 0.40631124 0.03809607 0.02000000
v 0.40623268 0.03824696 0.03500000
v 0.40623268 0.03824696 0.02000000
v 0.40616760 0.03840413 0.03500000
v 0.40616760 0.03840413 0.02000000
v 0.40611646 0.03856637 0.03500000
v 0.40611646 0.03856637 0.02000000
v 0.40607962 0.03873245 0.03500000
v 0.40607962 0.03873245 0.02000000
v 0.40605742 0.03890111 0.03500000
v 0.40605742 0.03890111 0.02000000
v 0.40799999 0.03907107 0.02000000
v 0.39004999 0.05507107 0.03500000
v 0.39004999 0.05507107 0.02000000
v 0.39005741 0.05524102 0.03500000
v 0.39005741 0.05524102 0.02000000
v 0.39007962 0.05540968 0.03500000
v 0.39007962 0.05540968 0.02000000
v 0.39011645 0.05557577 0.03500000
v 0.39011645 0.05557577 0.02000000
v 0.39016759 0.05573801 0.03500000
v 0.39016759 0.05573801 0.02000000
v 0.39023271 0.05589517 0.03500000
v 0.39023271 0.05589517 0.02000000
v 0.39031124 0.05604607 0.03500000
v 0.39031124 0.05604607 0.02000000
v 0.39040264 0.05618954 0.03500000
v 0.39040264 0.05618954 0.02000000
v 0.39050621 0.05632450 0.03500000
v 0.39050621 0.05632450 0.02000000
v 0.39062113 0.05644993 0.03500000
v 0.39062113 0.05644993 0.02000000
v 0.39074656 0.05656486 0.03500000
v 0.39074656 0.05656486 0.02000000
v 0.39088154 0.05666842 0.03500000
v 0.39088154 0.05666842 0.02000000
v 0.39102501 0.05675982 0.03500000
v 0.39102501 0.05675982 0.02000000
v 0.39117590 0.05683837 0.03500000
v 0.39117590 0.05683837 0.02000000
v 0.39133307 0.05690347 0.03500000
v 0.39133307 0.05690347 0.02000000
v 0.39149529 0.05695462 0.03500000
v 0.39149529 0.05695462 0.02000000
v 0.39166138 0.05699144 0.03500000
v 0.39166138 0.05699144 0.02000000
v 0.39183006 0.05701365 0.03500000
v 0.39183006 0.05701365 0.02000000
v 0.39199999 0.05702107 0.03500000
v 0.39199999 0.05702107 0.02000000
v 0.39216995 0.05701365 0.03500000
v 0.39216995 0.05701365 0.02000000
v 0.39233860 0.05699144 0.03500000
v 0.39233860 0.05699144 0.02000000
v 0.39250469 0.05695462 0.03500000
v 0.39250469 0.05695462 0.02000000
v 0.39266694 0.05690347 0.03500000
v 0.39266694 0.05690347 0.02000000
v 0.39282411 0.05683837 0.03500000
v 0.39282411 0.05683837 0.02000000
v 0.39297500 0.05675982 0.03500000
v 0.39297500 0.05675982 0.02000000
v 0.39311847 0.05666842 0.03500000
v 0.39311847 0.05666842 0.02000000
v 0.39325345 0.05656486 0.03500000
v 0.39325345 0.05656486 0.02000000
v 0.39337885 0.05644993 0.03500000
v 0.39337885 0.05644993 0.02000000
v 0.39349377 0.05632450 0.03500000
v 0.39349377 0.05632450 0.02000000
v 0.39359733 0.05618954 0.03500000
v 0.39359733 0.05618954 0.02000000
v 0.39368874 0.05604607 0.03500000
v 0.39368874 0.05604607 0.02000000
v 0.39376730 0.05589517 0.03500000
v 0.39376730 0.05589517 0.02000000
v 0.39383239 0.05573801 0.03500000
v 0.39383239 0.05573801 0.02000000
v 0.39388356 0.05557577 0.03500000
v 0.39388356 0.05557577 0.02000000
v 0.39392036 0.05540968 0.03500000
v 0.39392036 0.05540968 0.02000000
v 0.39394256 0.05524102 0.03500000
v 0.39394256 0.05524102 0.02000000
v 0.39394999 0.05507107 0.03500000
v 0.39394999 0.05507107 0.02000000
v 0.39394256 0.05490112 0.03500000
v 0.39394256 0.05490112 0.02000000
v 0.39392036 0.05473245 0.03500000
v 0.39392036 0.05473245 0.02000000
v 0.39388356 0.05456637 0.03500000
v 0.39388356 0.05456637 0.02000000
v 0.39383239 0.05440413 0.03500000
v 0.39383239 0.05440413 0.02000000
v 0.39376730 0.05424696 0.03500000
v 0.39376730 0.05424696 0.02000000
v 0.39368874 0.05409607 0.03500000
v 0.39368874 0.05409607 0.02000000
v 0.39359733 0.05395259 0.03500000
v 0.39359733 0.05395259 0.02000000
v 0.39349377 0.05381763 0.03500000
v 0.39349377 0.05381763 0.02000000
v 0.39337885 0.05369221 0.03500000
v 0.39337885 0.05369221 0.02000000
v 0.39325345 0.05357728 0.03500000
v 0.39325345 0.05357728 0.02000000
v 0.39311847 0.05347372 0.03500000
v 0.39311847 0.05347372 0.02000000
v 0.39297500 0.05338232 0.03500000
v 0.39297500 0.05338232 0.02000000
v 0.39282411 0.05330377 0.03500000
v 0.39282411 0.05330377 0.02000000
v 0.39266694 0.05323867 0.03500000
v 0.39266694 0.05323867 0.02000000
v 0.39250469 0.05318751 0.03500000
v 0.39250469 0.05318751 0.02000000
v 0.39233860 0.05315069 0.03500000
v 0.39233860 0.05315069 0.02000000
v 0.39216995 0.05312849 0.03500000
v 0.39216995 0.05312849 0.02000000
v 0.39199999 0.05312107 0.03500000
v 0.39199999 0.05312107 0.02000000
v 0.39183006 0.05312849 0.03500000
v 0.39183006 0.05312849 0.02000000
v 0.39166138 0.05315069 0.03500000
v 0.39166138 0.05315069 0.02000000
v 0.39149529 0.05318751 0.03500000
v 0.39149529 0.05318751 0.02000000
v 0.39133307 0.05323867 0.03500000
v 0.39133307 0.05323867 0.02000000
v 0.39117590 0.05330377 0.03500000
v 0.39117590 0.05330377 0.02000000
v 0.39102501 0.05338232 0.03500000
v 0.39102501 0.05338232 0.02000000
v 0.39088154 0.05347372 0.03500000
v 0.39088154 0.05347372 0.02000000
v 0.39074656 0.05357728 0.03500000
v 0.39074656 0.05357728 0.02000000
v 0.39062113 0.05369221 0.03500000
v 0.39062113 0.05369221 0.02000000
v 0.39050621 0.05381763 0.03500000
v 0.39050621 0.05381763 0.02000000
v 0.39040264 0.05395259 0.03500000
v 0.39040264 0.05395259 0.02000000
v 0.39031124 0.05409607 0.03500000
v 0.39031124 0.05409607 0.02000000
v 0.39023271 0.05424696 0.03500000
v 0.39023271 0.05424696 0.02000000
v 0.39016759 0.05440413 0.03500000
v 0.39016759 0.05440413 0.02000000
v 0.39011645 0.05456637 0.03500000
v 0.39011645 0.05456637 0.02000000
v 0.39007962 0.05473245 0.03500000
v 0.39007962 0.05473245 0.02000000
v 0.39005741 0.05490112 0.03500000
v 0.39005741 0.05490112 0.02000000
v 0.39199999 0.05507107 0.02000000
v 0.39004999 0.03907107 0.03500000
v 0.39004999 0.03907107 0.02000000
v 0.39005741 0.03924102 0.03500000
v 0.39005741 0.03924102 0.02000000
v 0.39007962 0.03940968 0.03500000
v 0.39007962 0.03940968 0.02000000
v 0.39011645 0.03957577 0.03500000
v 0.39011645 0.03957577 0.02000000
v 0.39016759 0.03973801 0.03500000
v 0.39016759 0.03973801 0.02000000
v 0.39023271 0.03989517 0.03500000
v 0.39023271 0.03989517 0.02000000
v 0.39031124 0.04004607 0.03500000
v 0.39031124 0.04004607 0.02000000
v 0.39040264 0.04018954 0.03500000
v 0.39040264 0.04018954 0.02000000
v 0.39050621 0.04032451 0.03500000
v 0.39050621 0.04032451 0.02000000
v 0.39062113 0.04044992 0.03500000
v 0.39062113 0.04044992 0.02000000
v 0.39074656 0.04056485 0.03500000
v 0.39074656 0.04056485 0.02000000
v 0.39088154 0.04066841 0.03500000
v 0.39088154 0.04066841 0.02000000
v 0.39102501 0.04075982 0.03500000
v 0.39102501 0.04075982 0.02000000
v 0.39117590 0.04083837 0.03500000
v 0.39117590 0.04083837 0.02000000
v 0.39133307 0.04090347 0.03500000
v 0.39133307 0.04090347 0.02000000
v 0.39149529 0.04095462 0.03500000
v 0.39149529 0.04095462 0.02000000
v 0.39166138 0.04099144 0.03500000
v 0.39166138 0.04099144 0.02000000
v 0.39183006 0.04101365 0.03500000
v 0.39183006 0.04101365 0.02000000
v 0.39199999 0.04102107 0.03500000
v 0.39199999 0.04102107 0.02000000
v 0.39216995 0.04101365 0.03500000
v 0.39216995 0.04101365 0.02000000
v 0.39233860 0.04099144 0.03500000
v 0.39233860 0.04099144 0.02000000
v 0.39250469 0.04095462 0.03500000
v 0.39250469 0.04095462 0.02000000
v 0.39266694 0.04090347 0.03500000
v 0.39266694 0.04090347 0.02000000
v 0.39282411 0.04083837 0.03500000
v 0.39282411 0.04083837 0.02000000
v 0.39297500 0.04075982 0.03500000
v 0.39297500 0.04075982 0.02000000
v 0.39311847 0.04066841 0.03500000
v 0.39311847 0.04066841 0.02000000
v 0.39325345 0.04056485 0.03500000
v 0.39325345 0.04056485 0.02000000
v 0.39337885 0.04044992 0.03500000
v 0.39337885 0.04044992 0.02000000
v 0.39349377 0.04032451 0.03500000
v 0.39349377 0.04032451 0.02000000
v 0.39359733 0.04018954 0.03500000
v 0.39359733 0.04018954 0.02000000
v 0.39368874 0.04004607 0.03500000
v 0.39368874 0.04004607 0.02000000
v 0.39376730 0.03989517 0.03500000
v 0.39376730 0.03989517 0.02000000
v 0.39383239 0.03973801 0.03500000
v 0.39383239 0.03973801 0.02000000
v 0.39388356 0.03957577 0.03500000
v 0.39388356 0.03957577 0.02000000
v 0.39392036 0.03940968 0.03500000
v 0.39392036 0.03940968 0.02000000
v 0.39394256 0.03924102 0.03500000
v 0.39394256 0.03924102 0.02000000
v 0.39394999 0.03907107 0.03500000
v 0.39394999 0.03907107 0.02000000
v 0.39394256 0.03890111 0.03500000
v 0.39394256 0.03890111 0.02000000
v 0.39392036 0.03873245 0.03500000
v 0.39392036 0.03873245 0.02000000
v 0.39388356 0.03856637 0.03500000
v 0.39388356 0.03856637 0.02000000
v 0.39383239 0.03840413 0.03500000
v 0.39383239 0.03840413 0.02000000
v 0.39376730 0.03824696 0.03500000
v 0.39376730 0.03824696 0.02000000
v 0.39368874 0.03809607 0.03500000
v 0.39368874 0.03809607 0.02000000
v 0.39359733 0.03795259 0.03500000
v 0.39359733 0.03795259 0.02000000
v 0.39349377 0.03781763 0.03500000
v 0.39349377 0.03781763 0.02000000
v 0.39337885 0.03769221 0.03500000
v 0.39337885 0.03769221 0.02000000
v 0.39325345 0.03757728 0.03500000
v 0.39325345 0.03757728 0.02000000
v 0.39311847 0.03747372 0.03500000
v 0.39311847 0.03747372 0.02000000
v 0.39297500 0.03738232 0.03500000
v 0.39297500 0.03738232 0.02000000
v 0.39282411 0.03730377 0.03500000
v 0.39282411 0.03730377 0.02000000
v 0.39266694 0.03723867 0.03500000
v 0.39266694 0.03723867 0.02000000
v 0.39250469 0.03718751 0.03500000
v 0.39250469 0.03718751 0.02000000
v 0.39233860 0.03715069 0.03500000
v 0.39233860 0.03715069 0.02000000
v 0.39216995 0.03712849 0.03500000
v 0.39216995 0.03712849 0.02000000
v 0.39199999 0.03712107 0.03500000
v 0.39199999 0.03712107 0.02000000
v 0.39183006 0.03712849 0.03500000
v 0.39183006 0.03712849 0.02000000
v 0.39166138 0.03715069 0.03500000
v 0.39166138 0.03715069 0.02000000
v 0.39149529 0.03718751 0.03500000
v 0.39149529 0.03718751 0.02000000
v 0.39133307 0.03723867 0.03500000
v 0.39133307 0.03723867 0.02000000
v 0.39117590 0.03730377 0.03500000
v 0.39117590 0.03730377 0.02000000
v 0.39102501 0.03738232 0.03500000
v 0.39102501 0.03738232 0.02000000
v 0.39088154 0.03747372 0.03500000
v 0.39088154 0.03747372 0.02000000
v 0.39074656 0.03757728 0.03500000
v 0.39074656 0.03757728 0.02000000
v 0.39062113 0.03769221 0.03500000
v 0.39062113 0.03769221 0.02000000
v 0.39050621 0.03781763 0.03500000
v 0.39050621 0.03781763 0.02000000
v 0.39040264 0.03795259 0.03500000
v 0.39040264 0.03795259 0.02000000
v 0.39031124 0.03809607 0.03500000
v 0.39031124 0.03809607 0.02000000
v 0.39023271 0.03824696 0.03500000
v 0.39023271 0.03824696 0.02000000
v 0.39016759 0.03840413 0.03500000
v 0.39016759 0.03840413 0.02000000
v 0.39011645 0.03856637 0.03500000
v 0.39011645 0.03856637 0.02000000
v 0.39007962 0.03873245 0.03500000
v 0.39007962 0.03873245 0.02000000
v 0.39005741 0.03890111 0.03500000
v 0.39005741 0.03890111 0.02000000
v 0.39199999 0.03907107 0.02000000
v 0.41949999 0.04152107 0.03500000
v 0.38581899 0.05732527 0.03500000
v 0.38672334 0.05847194 0.03500000
v 0.39445001 0.07597107 0.03500000
v 0.38880244 0.06051967 0.03500000
v 0.39445001 0.04152107 0.03500000
v 0.38501340 0.05610719 0.03500000
v 0.38431215 0.05482618 0.03500000
v 0.38980022 0.06129128 0.03500000
v 0.38755092 0.06633317 0.03500000
v 0.38707080 0.06676389 0.03500000
v 0.38655546 0.06715178 0.03500000
v 0.38874578 0.06481721 0.03500000
v 0.38905245 0.06424975 0.03500000
v 0.38930923 0.06365805 0.03500000
v 0.38951418 0.06304648 0.03500000
v 0.35095558 0.07597107 0.03500000
v 0.35095558 0.06847107 0.03500000
v 0.38230705 0.06847107 0.03500000
v 0.38295147 0.06844334 0.03500000
v 0.38359112 0.06836033 0.03500000
v 0.38422126 0.06822267 0.03500000
v 0.38483727 0.06803139 0.03500000
v 0.38543454 0.06778788 0.03500000
v 0.38600868 0.06749395 0.03500000
v 0.38799223 0.06586277 0.03500000
v 0.38839152 0.06535620 0.03500000
v 0.38772014 0.05953922 0.03500000
v 0.38976312 0.06178192 0.03500000
v 0.38966587 0.06241956 0.03500000
v 0.38324159 0.05211144 0.03500000
v 0.38372019 0.05349117 0.03500000
v 0.38251525 0.04780126 0.03500000
v 0.38251525 0.04634088 0.03500000
v 0.38263699 0.04925655 0.03500000
v 0.38287967 0.05069662 0.03500000
v 0.38340494 0.04151642 0.03500000
v 0.38263699 0.04488559 0.03500000
v 0.38287967 0.04344552 0.03500000
v 0.38324159 0.04203069 0.03500000
v 0.39445001 0.01817107 0.03500000
v 0.38431215 0.03931595 0.03500000
v 0.38501340 0.03803495 0.03500000
v 0.38976309 0.03236017 0.03500000
v 0.38966584 0.03172253 0.03500000
v 0.38951418 0.03109561 0.03500000
v 0.38930920 0.03048404 0.03500000
v 0.38905242 0.02989235 0.03500000
v 0.38874578 0.02932490 0.03500000
v 0.38839149 0.02878590 0.03500000
v 0.38372019 0.04065097 0.03500000
v 0.38980022 0.03285085 0.03500000
v 0.38581899 0.03681687 0.03500000
v 0.38672334 0.03567019 0.03500000
v 0.38799223 0.02827934 0.03500000
v 0.38755089 0.02780895 0.03500000
v 0.38707078 0.02737823 0.03500000
v 0.38655543 0.02699034 0.03500000
v 0.38600868 0.02664818 0.03500000
v 0.38543454 0.02635425 0.03500000
v 0.38772014 0.03460292 0.03500000
v 0.38880244 0.03362247 0.03500000
v 0.38483724 0.02611075 0.03500000
v 0.38422126 0.02591946 0.03500000
v 0.38359112 0.02578180 0.03500000
v 0.35095558 0.02567107 0.03500000
v 0.35095558 0.01817107 0.03500000
v 0.38230705 0.02567107 0.03500000
v 0.38295147 0.02569880 0.03500000
v 0.41949999 0.07597107 0.03500000
v 0.39496922 0.04751121 0.03500000
v 0.39502671 0.04794799 0.03500000
v 0.40213421 0.05164792 0.03500000
v 0.40503079 0.04751121 0.03500000
v 0.40505001 0.04707107 0.03500000
v 0.40503079 0.04663093 0.03500000
v 0.40497327 0.04619414 0.03500000
v 0.40044013 0.05210185 0.03500000
v 0.40087691 0.05204435 0.03500000
v 0.40457684 0.04493685 0.03500000
v 0.40437344 0.04454607 0.03500000
v 0.39586329 0.04996763 0.03500000
v 0.39562657 0.04959607 0.03500000
v 0.39542314 0.04920529 0.03500000
v 0.40172720 0.05181652 0.03500000
v 0.39827278 0.05181652 0.03500000
v 0.39869297 0.05194899 0.03500000
v 0.39912307 0.05204435 0.03500000
v 0.39955986 0.05210185 0.03500000
v 0.40487793 0.04576403 0.03500000
v 0.40474546 0.04534386 0.03500000
v 0.39562657 0.04454607 0.03500000
v 0.39542314 0.04493685 0.03500000
v 0.39525455 0.04534386 0.03500000
v 0.39495000 0.04707107 0.03500000
v 0.39496922 0.04663093 0.03500000
v 0.39512208 0.04837810 0.03500000
v 0.39525455 0.04879827 0.03500000
v 0.39613149 0.05031715 0.03500000
v 0.39642912 0.05064196 0.03500000
v 0.39675391 0.05093959 0.03500000
v 0.40130705 0.05194899 0.03500000
v 0.40413672 0.04417451 0.03500000
v 0.40386853 0.04382499 0.03500000
v 0.40357089 0.04350018 0.03500000
v 0.39512208 0.04576403 0.03500000
v 0.39502671 0.04619414 0.03500000
v 0.40000001 0.05212107 0.03500000
v 0.39642912 0.04350018 0.03500000
v 0.39613149 0.04382499 0.03500000
v 0.39586329 0.04417451 0.03500000
v 0.39786577 0.05164792 0.03500000
v 0.39710343 0.05120778 0.03500000
v 0.39747500 0.05144450 0.03500000
v 0.40324607 0.04320254 0.03500000
v 0.40289655 0.04293435 0.03500000
v 0.40252501 0.04269764 0.03500000
v 0.40289655 0.05120778 0.03500000
v 0.40324607 0.05093959 0.03500000
v 0.39747500 0.04269764 0.03500000
v 0.39710343 0.04293435 0.03500000
v 0.39675391 0.04320254 0.03500000
v 0.40386853 0.05031715 0.03500000
v 0.40252501 0.05144450 0.03500000
v 0.40213421 0.04249422 0.03500000
v 0.40172720 0.04232562 0.03500000
v 0.40130705 0.04219314 0.03500000
v 0.39955986 0.04204028 0.03500000
v 0.39912307 0.04209779 0.03500000
v 0.39869297 0.04219314 0.03500000
v 0.40457684 0.04920529 0.03500000
v 0.40487793 0.04837810 0.03500000
v 0.40497327 0.04794799 0.03500000
v 0.40357089 0.05064196 0.03500000
v 0.39827278 0.04232562 0.03500000
v 0.39786577 0.04249422 0.03500000
v 0.40474546 0.04879827 0.03500000
v 0.40087691 0.04209779 0.03500000
v 0.40044013 0.04204028 0.03500000
v 0.40000001 0.04202107 0.03500000
v 0.40413672 0.04996763 0.03500000
v 0.40437344 0.04959607 0.03500000
v 0.41949999 0.01817107 0.03500000
v 0.48441640 0.05855157 0.04000000
v 0.48441640 0.05855157 0.03250000
v 0.48442703 0.05879561 0.04000000
v 0.48442703 0.05879561 0.03250000
v 0.48445892 0.05903779 0.04000000
v 0.48445892 0.05903779 0.03250000
v 0.48451179 0.05927626 0.04000000
v 0.48451179 0.05927626 0.03250000
v 0.48458526 0.05950923 0.04000000
v 0.48458526 0.05950923 0.03250000
v 0.48467872 0.05973490 0.04000000
v 0.48467872 0.05973490 0.03250000
v 0.48479152 0.05995157 0.04000000
v 0.48479152 0.05995157 0.03250000
v 0.48492277 0.06015759 0.04000000
v 0.48492277 0.06015759 0.03250000
v 0.48507145 0.06035138 0.04000000
v 0.48507145 0.06035138 0.03250000
v 0.48523650 0.06053147 0.04000000
v 0.48523650 0.06053147 0.03250000
v 0.48541659 0.06069649 0.04000000
v 0.48541659 0.06069649 0.03250000
v 0.48561037 0.06084520 0.04000000
v 0.48561037 0.06084520 0.03250000
v 0.48581639 0.06097644 0.04000000
v 0.48581639 0.06097644 0.03250000
v 0.48603305 0.06108923 0.04000000
v 0.48603305 0.06108923 0.03250000
v 0.48625872 0.06118271 0.04000000
v 0.48625872 0.06118271 0.03250000
v 0.48649168 0.06125616 0.04000000
v 0.48649168 0.06125616 0.03250000
v 0.48673016 0.06130903 0.04000000
v 0.48673016 0.06130903 0.03250000
v 0.48697236 0.06134092 0.04000000
v 0.48697236 0.06134092 0.03250000
v 0.48721638 0.06135157 0.04000000
v 0.48721638 0.06135157 0.03250000
v 0.48746043 0.06134092 0.04000000
v 0.48746043 0.06134092 0.03250000
v 0.48770261 0.06130903 0.04000000
v 0.48770261 0.06130903 0.03250000
v 0.48794109 0.06125616 0.04000000
v 0.48794109 0.06125616 0.03250000
v 0.48817405 0.06118271 0.04000000
v 0.48817405 0.06118271 0.03250000
v 0.48839971 0.06108923 0.04000000
v 0.48839971 0.06108923 0.03250000
v 0.48861638 0.06097644 0.04000000
v 0.48861638 0.06097644 0.03250000
v 0.48882240 0.06084520 0.04000000
v 0.48882240 0.06084520 0.03250000
v 0.48901621 0.06069649 0.04000000
v 0.48901621 0.06069649 0.03250000
v 0.48919627 0.06053147 0.04000000
v 0.48919627 0.06053147 0.03250000
v 0.48936132 0.06035138 0.04000000
v 0.48936132 0.06035138 0.03250000
v 0.48951000 0.06015759 0.04000000
v 0.48951000 0.06015759 0.03250000
v 0.48964125 0.05995157 0.04000000
v 0.48964125 0.05995157 0.03250000
v 0.48975405 0.05973490 0.04000000
v 0.48975405 0.05973490 0.03250000
v 0.48984751 0.05950923 0.04000000
v 0.48984751 0.05950923 0.03250000
v 0.48992097 0.05927626 0.04000000
v 0.48992097 0.05927626 0.03250000
v 0.48997384 0.05903779 0.04000000
v 0.48997384 0.05903779 0.03250000
v 0.49000573 0.05879561 0.04000000
v 0.49000573 0.05879561 0.03250000
v 0.49001640 0.05855157 0.04000000
v 0.49001640 0.05855157 0.03250000
v 0.49000573 0.05830754 0.04000000
v 0.49000573 0.05830754 0.03250000
v 0.48997384 0.05806535 0.04000000
v 0.48997384 0.05806535 0.03250000
v 0.48992097 0.05782688 0.04000000
v 0.48992097 0.05782688 0.03250000
v 0.48984751 0.05759392 0.04000000
v 0.48984751 0.05759392 0.03250000
v 0.48975405 0.05736824 0.04000000
v 0.48975405 0.05736824 0.03250000
v 0.48964125 0.05715157 0.04000000
v 0.48964125 0.05715157 0.03250000
v 0.48951000 0.05694555 0.04000000
v 0.48951000 0.05694555 0.03250000
v 0.48936132 0.05675177 0.04000000
v 0.48936132 0.05675177 0.03250000
v 0.48919627 0.05657167 0.04000000
v 0.48919627 0.05657167 0.03250000
v 0.48901621 0.05640665 0.04000000
v 0.48901621 0.05640665 0.03250000
v 0.48882240 0.05625794 0.04000000
v 0.48882240 0.05625794 0.03250000
v 0.48861638 0.05612670 0.04000000
v 0.48861638 0.05612670 0.03250000
v 0.48839971 0.05601391 0.04000000
v 0.48839971 0.05601391 0.03250000
v 0.48817405 0.05592043 0.04000000
v 0.48817405 0.05592043 0.03250000
v 0.48794109 0.05584698 0.04000000
v 0.48794109 0.05584698 0.03250000
v 0.48770261 0.05579411 0.04000000
v 0.48770261 0.05579411 0.03250000
v 0.48746043 0.05576222 0.04000000
v 0.48746043 0.05576222 0.03250000
v 0.48721638 0.05575157 0.04000000
v 0.48721638 0.05575157 0.03250000
v 0.48697236 0.05576222 0.04000000
v 0.48697236 0.05576222 0.03250000
v 0.48673016 0.05579411 0.04000000
v 0.48673016 0.05579411 0.03250000
v 0.48649168 0.05584698 0.04000000
v 0.48649168 0.05584698 0.03250000
v 0.48625872 0.05592043 0.04000000
v 0.48625872 0.05592043 0.03250000
v 0.48603305 0.05601391 0.04000000
v 0.48603305 0.05601391 0.03250000
v 0.48581639 0.05612670 0.04000000
v 0.48581639 0.05612670 0.03250000
v 0.48561037 0.05625794 0.04000000
v 0.48561037 0.05625794 0.03250000
v 0.48541659 0.05640665 0.04000000
v 0.48541659 0.05640665 0.03250000
v 0.48523650 0.05657167 0.04000000
v 0.48523650 0.05657167 0.03250000
v 0.48507145 0.05675177 0.04000000
v 0.48507145 0.05675177 0.03250000
v 0.48492277 0.05694555 0.04000000
v 0.48492277 0.05694555 0.03250000
v 0.48479152 0.05715157 0.04000000
v 0.48479152 0.05715157 0.03250000
v 0.48467872 0.05736824 0.04000000
v 0.48467872 0.05736824 0.03250000
v 0.48458526 0.05759392 0.04000000
v 0.48458526 0.05759392 0.03250000
v 0.48451179 0.05782688 0.04000000
v 0.48451179 0.05782688 0.03250000
v 0.48445892 0.05806535 0.04000000
v 0.48445892 0.05806535 0.03250000
v 0.48442703 0.05830754 0.04000000
v 0.48442703 0.05830754 0.03250000
v 0.48721638 0.05855157 0.03250000
v 0.42898363 0.03559057 0.04000000
v 0.42898363 0.03559057 0.03250000
v 0.42899427 0.03583460 0.04000000
v 0.42899427 0.03583460 0.03250000
v 0.42902616 0.03607678 0.04000000
v 0.42902616 0.03607678 0.03250000
v 0.42907903 0.03631526 0.04000000
v 0.42907903 0.03631526 0.03250000
v 0.42915249 0.03654822 0.04000000
v 0.42915249 0.03654822 0.03250000
v 0.42924595 0.03677390 0.04000000
v 0.42924595 0.03677390 0.03250000
v 0.42935875 0.03699056 0.04000000
v 0.42935875 0.03699056 0.03250000
v 0.42949000 0.03719658 0.04000000
v 0.42949000 0.03719658 0.03250000
v 0.42963868 0.03739037 0.04000000
v 0.42963868 0.03739037 0.03250000
v 0.42980373 0.03757047 0.04000000
v 0.42980373 0.03757047 0.03250000
v 0.42998379 0.03773549 0.04000000
v 0.42998379 0.03773549 0.03250000
v 0.43017760 0.03788419 0.04000000
v 0.43017760 0.03788419 0.03250000
v 0.43038362 0.03801544 0.04000000
v 0.43038362 0.03801544 0.03250000
v 0.43060029 0.03812823 0.04000000
v 0.43060029 0.03812823 0.03250000
v 0.43082595 0.03822171 0.04000000
v 0.43082595 0.03822171 0.03250000
v 0.43105891 0.03829516 0.04000000
v 0.43105891 0.03829516 0.03250000
v 0.43129739 0.03834803 0.04000000
v 0.43129739 0.03834803 0.03250000
v 0.43153957 0.03837991 0.04000000
v 0.43153957 0.03837991 0.03250000
v 0.43178362 0.03839057 0.04000000
v 0.43178362 0.03839057 0.03250000
v 0.43202764 0.03837991 0.04000000
v 0.43202764 0.03837991 0.03250000
v 0.43226984 0.03834803 0.04000000
v 0.43226984 0.03834803 0.03250000
v 0.43250832 0.03829516 0.04000000
v 0.43250832 0.03829516 0.03250000
v 0.43274128 0.03822171 0.04000000
v 0.43274128 0.03822171 0.03250000
v 0.43296695 0.03812823 0.04000000
v 0.43296695 0.03812823 0.03250000
v 0.43318361 0.03801544 0.04000000
v 0.43318361 0.03801544 0.03250000
v 0.43338963 0.03788419 0.04000000
v 0.43338963 0.03788419 0.03250000
v 0.43358341 0.03773549 0.04000000
v 0.43358341 0.03773549 0.03250000
v 0.43376350 0.03757047 0.04000000
v 0.43376350 0.03757047 0.03250000
v 0.43392855 0.03739037 0.04000000
v 0.43392855 0.03739037 0.03250000
v 0.43407723 0.03719658 0.04000000
v 0.43407723 0.03719658 0.03250000
v 0.43420848 0.03699056 0.04000000
v 0.43420848 0.03699056 0.03250000
v 0.43432128 0.03677390 0.04000000
v 0.43432128 0.03677390 0.03250000
v 0.43441474 0.03654822 0.04000000
v 0.43441474 0.03654822 0.03250000
v 0.43448821 0.03631526 0.04000000
v 0.43448821 0.03631526 0.03250000
v 0.43454108 0.03607678 0.04000000
v 0.43454108 0.03607678 0.03250000
v 0.43457296 0.03583460 0.04000000
v 0.43457296 0.03583460 0.03250000
v 0.43458360 0.03559057 0.04000000
v 0.43458360 0.03559057 0.03250000
v 0.43457296 0.03534653 0.04000000
v 0.43457296 0.03534653 0.03250000
v 0.43454108 0.03510435 0.04000000
v 0.43454108 0.03510435 0.03250000
v 0.43448821 0.03486587 0.04000000
v 0.43448821 0.03486587 0.03250000
v 0.43441474 0.03463291 0.04000000
v 0.43441474 0.03463291 0.03250000
v 0.43432128 0.03440723 0.04000000
v 0.43432128 0.03440723 0.03250000
v 0.43420848 0.03419057 0.04000000
v 0.43420848 0.03419057 0.03250000
v 0.43407723 0.03398455 0.04000000
v 0.43407723 0.03398455 0.03250000
v 0.43392855 0.03379076 0.04000000
v 0.43392855 0.03379076 0.03250000
v 0.43376350 0.03361066 0.04000000
v 0.43376350 0.03361066 0.03250000
v 0.43358341 0.03344564 0.04000000
v 0.43358341 0.03344564 0.03250000
v 0.43338963 0.03329694 0.04000000
v 0.43338963 0.03329694 0.03250000
v 0.43318361 0.03316569 0.04000000
v 0.43318361 0.03316569 0.03250000
v 0.43296695 0.03305290 0.04000000
v 0.43296695 0.03305290 0.03250000
v 0.43274128 0.03295942 0.04000000
v 0.43274128 0.03295942 0.03250000
v 0.43250832 0.03288597 0.04000000
v 0.43250832 0.03288597 0.03250000
v 0.43226984 0.03283310 0.04000000
v 0.43226984 0.03283310 0.03250000
v 0.43202764 0.03280122 0.04000000
v 0.43202764 0.03280122 0.03250000
v 0.43178362 0.03279056 0.04000000
v 0.43178362 0.03279056 0.03250000
v 0.43153957 0.03280122 0.04000000
v 0.43153957 0.03280122 0.03250000
v 0.43129739 0.03283310 0.04000000
v 0.43129739 0.03283310 0.03250000
v 0.43105891 0.03288597 0.04000000
v 0.43105891 0.03288597 0.03250000
v 0.43082595 0.03295942 0.04000000
v 0.43082595 0.03295942 0.03250000
v 0.43060029 0.03305290 0.04000000
v 0.43060029 0.03305290 0.03250000
v 0.43038362 0.03316569 0.04000000
v 0.43038362 0.03316569 0.03250000
v 0.43017760 0.03329694 0.04000000
v 0.43017760 0.03329694 0.03250000
v 0.42998379 0.03344564 0.04000000
v 0.42998379 0.03344564 0.03250000
v 0.42980373 0.03361066 0.04000000
v 0.42980373 0.03361066 0.03250000
v 0.42963868 0.03379076 0.04000000
v 0.42963868 0.03379076 0.03250000
v 0.42949000 0.03398455 0.04000000
v 0.42949000 0.03398455 0.03250000
v 0.42935875 0.03419057 0.04000000
v 0.42935875 0.03419057 0.03250000
v 0.42924595 0.03440723 0.04000000
v 0.42924595 0.03440723 0.03250000
v 0.42915249 0.03463291 0.04000000
v 0.42915249 0.03463291 0.03250000
v 0.42907903 0.03486587 0.04000000
v 0.42907903 0.03486587 0.03250000
v 0.42902616 0.03510435 0.04000000
v 0.42902616 0.03510435 0.03250000
v 0.42899427 0.03534653 0.04000000
v 0.42899427 0.03534653 0.03250000
v 0.43178362 0.03559057 0.03250000
v 0.44521949 0.01935468 0.04000000
v 0.44521949 0.01935468 0.03250000
v 0.44523016 0.01959872 0.04000000
v 0.44523016 0.01959872 0.03250000
v 0.44526204 0.01984090 0.04000000
v 0.44526204 0.01984090 0.03250000
v 0.44531491 0.02007937 0.04000000
v 0.44531491 0.02007937 0.03250000
v 0.44538835 0.02031234 0.04000000
v 0.44538835 0.02031234 0.03250000
v 0.44548184 0.02053801 0.04000000
v 0.44548184 0.02053801 0.03250000
v 0.44559464 0.02075468 0.04000000
v 0.44559464 0.02075468 0.03250000
v 0.44572586 0.02096070 0.04000000
v 0.44572586 0.02096070 0.03250000
v 0.44587457 0.02115449 0.04000000
v 0.44587457 0.02115449 0.03250000
v 0.44603959 0.02133458 0.04000000
v 0.44603959 0.02133458 0.03250000
v 0.44621968 0.02149961 0.04000000
v 0.44621968 0.02149961 0.03250000
v 0.44641349 0.02164831 0.04000000
v 0.44641349 0.02164831 0.03250000
v 0.44661951 0.02177955 0.04000000
v 0.44661951 0.02177955 0.03250000
v 0.44683617 0.02189234 0.04000000
v 0.44683617 0.02189234 0.03250000
v 0.44706184 0.02198582 0.04000000
v 0.44706184 0.02198582 0.03250000
v 0.44729480 0.02205927 0.04000000
v 0.44729480 0.02205927 0.03250000
v 0.44753328 0.02211214 0.04000000
v 0.44753328 0.02211214 0.03250000
v 0.44777545 0.02214403 0.04000000
v 0.44777545 0.02214403 0.03250000
v 0.44801950 0.02215468 0.04000000
v 0.44801950 0.02215468 0.03250000
v 0.44826353 0.02214403 0.04000000
v 0.44826353 0.02214403 0.03250000
v 0.44850570 0.02211214 0.04000000
v 0.44850570 0.02211214 0.03250000
v 0.44874418 0.02205927 0.04000000
v 0.44874418 0.02205927 0.03250000
v 0.44897714 0.02198582 0.04000000
v 0.44897714 0.02198582 0.03250000
v 0.44920284 0.02189234 0.04000000
v 0.44920284 0.02189234 0.03250000
v 0.44941950 0.02177955 0.04000000
v 0.44941950 0.02177955 0.03250000
v 0.44962552 0.02164831 0.04000000
v 0.44962552 0.02164831 0.03250000
v 0.44981930 0.02149961 0.04000000
v 0.44981930 0.02149961 0.03250000
v 0.44999939 0.02133458 0.04000000
v 0.44999939 0.02133458 0.03250000
v 0.45016441 0.02115449 0.04000000
v 0.45016441 0.02115449 0.03250000
v 0.45031312 0.02096070 0.04000000
v 0.45031312 0.02096070 0.03250000
v 0.45044437 0.02075468 0.04000000
v 0.45044437 0.02075468 0.03250000
v 0.45055717 0.02053801 0.04000000
v 0.45055717 0.02053801 0.03250000
v 0.45065063 0.02031234 0.04000000
v 0.45065063 0.02031234 0.03250000
v 0.45072410 0.02007937 0.04000000
v 0.45072410 0.02007937 0.03250000
v 0.45077696 0.01984090 0.04000000
v 0.45077696 0.01984090 0.03250000
v 0.45080885 0.01959872 0.04000000
v 0.45080885 0.01959872 0.03250000
v 0.45081949 0.01935468 0.04000000
v 0.45081949 0.01935468 0.03250000
v 0.45080885 0.01911065 0.04000000
v 0.45080885 0.01911065 0.03250000
v 0.45077696 0.01886847 0.04000000
v 0.45077696 0.01886847 0.03250000
v 0.45072410 0.01862999 0.04000000
v 0.45072410 0.01862999 0.03250000
v 0.45065063 0.01839703 0.04000000
v 0.45065063 0.01839703 0.03250000
v 0.45055717 0.01817135 0.04000000
v 0.45055717 0.01817135 0.03250000
v 0.45044437 0.01795468 0.04000000
v 0.45044437 0.01795468 0.03250000
v 0.45031312 0.01774867 0.04000000
v 0.45031312 0.01774867 0.03250000
v 0.45016441 0.01755488 0.04000000
v 0.45016441 0.01755488 0.03250000
v 0.44999939 0.01737478 0.04000000
v 0.44999939 0.01737478 0.03250000
v 0.44981930 0.01720976 0.04000000
v 0.44981930 0.01720976 0.03250000
v 0.44962552 0.01706106 0.04000000
v 0.44962552 0.01706106 0.03250000
v 0.44941950 0.01692981 0.04000000
v 0.44941950 0.01692981 0.03250000
v 0.44920284 0.01681702 0.04000000
v 0.44920284 0.01681702 0.03250000
v 0.44897714 0.01672354 0.04000000
v 0.44897714 0.01672354 0.03250000
v 0.44874418 0.01665009 0.04000000
v 0.44874418 0.01665009 0.03250000
v 0.44850570 0.01659722 0.04000000
v 0.44850570 0.01659722 0.03250000
v 0.44826353 0.01656534 0.04000000
v 0.44826353 0.01656534 0.03250000
v 0.44801950 0.01655468 0.04000000
v 0.44801950 0.01655468 0.03250000
v 0.44777545 0.01656534 0.04000000
v 0.44777545 0.01656534 0.03250000
v 0.44753328 0.01659722 0.04000000
v 0.44753328 0.01659722 0.03250000
v 0.44729480 0.01665009 0.04000000
v 0.44729480 0.01665009 0.03250000
v 0.44706184 0.01672354 0.04000000
v 0.44706184 0.01672354 0.03250000
v 0.44683617 0.01681702 0.04000000
v 0.44683617 0.01681702 0.03250000
v 0.44661951 0.01692981 0.04000000
v 0.44661951 0.01692981 0.03250000
v 0.44641349 0.01706106 0.04000000
v 0.44641349 0.01706106 0.03250000
v 0.44621968 0.01720976 0.04000000
v 0.44621968 0.01720976 0.03250000
v 0.44603959 0.01737478 0.04000000
v 0.44603959 0.01737478 0.03250000
v 0.44587457 0.01755488 0.04000000
v 0.44587457 0.01755488 0.03250000
v 0.44572586 0.01774867 0.04000000
v 0.44572586 0.01774867 0.03250000
v 0.44559464 0.01795468 0.04000000
v 0.44559464 0.01795468 0.03250000
v 0.44548184 0.01817135 0.04000000
v 0.44548184 0.01817135 0.03250000
v 0.44538835 0.01839703 0.04000000
v 0.44538835 0.01839703 0.03250000
v 0.44531491 0.01862999 0.04000000
v 0.44531491 0.01862999 0.03250000
v 0.44526204 0.01886847 0.04000000
v 0.44526204 0.01886847 0.03250000
v 0.44523016 0.01911065 0.04000000
v 0.44523016 0.01911065 0.03250000
v 0.44801950 0.01935468 0.03250000
v 0.46818051 0.07478745 0.04000000
v 0.46818051 0.07478745 0.03250000
v 0.46819115 0.07503149 0.04000000
v 0.46819115 0.07503149 0.03250000
v 0.46822304 0.07527367 0.04000000
v 0.46822304 0.07527367 0.03250000
v 0.46827590 0.07551215 0.04000000
v 0.46827590 0.07551215 0.03250000
v 0.46834937 0.07574511 0.04000000
v 0.46834937 0.07574511 0.03250000
v 0.46844283 0.07597078 0.04000000
v 0.46844283 0.07597078 0.03250000
v 0.46855563 0.07618745 0.04000000
v 0.46855563 0.07618745 0.03250000
v 0.46868688 0.07639347 0.04000000
v 0.46868688 0.07639347 0.03250000
v 0.46883559 0.07658726 0.04000000
v 0.46883559 0.07658726 0.03250000
v 0.46900061 0.07676736 0.04000000
v 0.46900061 0.07676736 0.03250000
v 0.46918070 0.07693238 0.04000000
v 0.46918070 0.07693238 0.03250000
v 0.46937448 0.07708108 0.04000000
v 0.46937448 0.07708108 0.03250000
v 0.46958050 0.07721233 0.04000000
v 0.46958050 0.07721233 0.03250000
v 0.46979716 0.07732511 0.04000000
v 0.46979716 0.07732511 0.03250000
v 0.47002286 0.07741860 0.04000000
v 0.47002286 0.07741860 0.03250000
v 0.47025582 0.07749204 0.04000000
v 0.47025582 0.07749204 0.03250000
v 0.47049430 0.07754491 0.04000000
v 0.47049430 0.07754491 0.03250000
v 0.47073647 0.07757680 0.04000000
v 0.47073647 0.07757680 0.03250000
v 0.47098050 0.07758746 0.04000000
v 0.47098050 0.07758746 0.03250000
v 0.47122455 0.07757680 0.04000000
v 0.47122455 0.07757680 0.03250000
v 0.47146672 0.07754491 0.04000000
v 0.47146672 0.07754491 0.03250000
v 0.47170520 0.07749204 0.04000000
v 0.47170520 0.07749204 0.03250000
v 0.47193816 0.07741860 0.04000000
v 0.47193816 0.07741860 0.03250000
v 0.47216383 0.07732511 0.04000000
v 0.47216383 0.07732511 0.03250000
v 0.47238049 0.07721233 0.04000000
v 0.47238049 0.07721233 0.03250000
v 0.47258651 0.07708108 0.04000000
v 0.47258651 0.07708108 0.03250000
v 0.47278032 0.07693238 0.04000000
v 0.47278032 0.07693238 0.03250000
v 0.47296041 0.07676736 0.04000000
v 0.47296041 0.07676736 0.03250000
v 0.47312543 0.07658726 0.04000000
v 0.47312543 0.07658726 0.03250000
v 0.47327414 0.07639347 0.04000000
v 0.47327414 0.07639347 0.03250000
v 0.47340536 0.07618745 0.04000000
v 0.47340536 0.07618745 0.03250000
v 0.47351816 0.07597078 0.04000000
v 0.47351816 0.07597078 0.03250000
v 0.47361165 0.07574511 0.04000000
v 0.47361165 0.07574511 0.03250000
v 0.47368509 0.07551215 0.04000000
v 0.47368509 0.07551215 0.03250000
v 0.47373796 0.07527367 0.04000000
v 0.47373796 0.07527367 0.03250000
v 0.47376984 0.07503149 0.04000000
v 0.47376984 0.07503149 0.03250000
v 0.47378051 0.07478745 0.04000000
v 0.47378051 0.07478745 0.03250000
v 0.47376984 0.07454342 0.04000000
v 0.47376984 0.07454342 0.03250000
v 0.47373796 0.07430124 0.04000000
v 0.47373796 0.07430124 0.03250000
v 0.47368509 0.07406276 0.04000000
v 0.47368509 0.07406276 0.03250000
v 0.47361165 0.07382980 0.04000000
v 0.47361165 0.07382980 0.03250000
v 0.47351816 0.07360412 0.04000000
v 0.47351816 0.07360412 0.03250000
v 0.47340536 0.07338745 0.04000000
v 0.47340536 0.07338745 0.03250000
v 0.47327414 0.07318144 0.04000000
v 0.47327414 0.07318144 0.03250000
v 0.47312543 0.07298765 0.04000000
v 0.47312543 0.07298765 0.03250000
v 0.47296041 0.07280756 0.04000000
v 0.47296041 0.07280756 0.03250000
v 0.47278032 0.07264253 0.04000000
v 0.47278032 0.07264253 0.03250000
v 0.47258651 0.07249383 0.04000000
v 0.47258651 0.07249383 0.03250000
v 0.47238049 0.07236258 0.04000000
v 0.47238049 0.07236258 0.03250000
v 0.47216383 0.07224979 0.04000000
v 0.47216383 0.07224979 0.03250000
v 0.47193816 0.07215632 0.04000000
v 0.47193816 0.07215632 0.03250000
v 0.47170520 0.07208286 0.04000000
v 0.47170520 0.07208286 0.03250000
v 0.47146672 0.07202999 0.04000000
v 0.47146672 0.07202999 0.03250000
v 0.47122455 0.07199811 0.04000000
v 0.47122455 0.07199811 0.03250000
v 0.47098050 0.07198745 0.04000000
v 0.47098050 0.07198745 0.03250000
v 0.47073647 0.07199811 0.04000000
v 0.47073647 0.07199811 0.03250000
v 0.47049430 0.07202999 0.04000000
v 0.47049430 0.07202999 0.03250000
v 0.47025582 0.07208286 0.04000000
v 0.47025582 0.07208286 0.03250000
v 0.47002286 0.07215632 0.04000000
v 0.47002286 0.07215632 0.03250000
v 0.46979716 0.07224979 0.04000000
v 0.46979716 0.07224979 0.03250000
v 0.46958050 0.07236258 0.04000000
v 0.46958050 0.07236258 0.03250000
v 0.46937448 0.07249383 0.04000000
v 0.46937448 0.07249383 0.03250000
v 0.46918070 0.07264253 0.04000000
v 0.46918070 0.07264253 0.03250000
v 0.46900061 0.07280756 0.04000000
v 0.46900061 0.07280756 0.03250000
v 0.46883559 0.07298765 0.04000000
v 0.46883559 0.07298765 0.03250000
v 0.46868688 0.07318144 0.04000000
v 0.46868688 0.07318144 0.03250000
v 0.46855563 0.07338745 0.04000000
v 0.46855563 0.07338745 0.03250000
v 0.46844283 0.07360412 0.04000000
v 0.46844283 0.07360412 0.03250000
v 0.46834937 0.07382980 0.04000000
v 0.46834937 0.07382980 0.03250000
v 0.46827590 0.07406276 0.04000000
v 0.46827590 0.07406276 0.03250000
v 0.46822304 0.07430124 0.04000000
v 0.46822304 0.07430124 0.03250000
v 0.46819115 0.07454342 0.04000000
v 0.46819115 0.07454342 0.03250000
v 0.47098050 0.07478745 0.03250000
v 0.48441640 0.03559057 0.04000000
v 0.48441640 0.03559057 0.03250000
v 0.48442703 0.03583460 0.04000000
v 0.48442703 0.03583460 0.03250000
v 0.48445892 0.03607678 0.04000000
v 0.48445892 0.03607678 0.03250000
v 0.48451179 0.03631526 0.04000000
v 0.48451179 0.03631526 0.03250000
v 0.48458526 0.03654822 0.04000000
v 0.48458526 0.03654822 0.03250000
v 0.48467872 0.03677390 0.04000000
v 0.48467872 0.03677390 0.03250000
v 0.48479152 0.03699056 0.04000000
v 0.48479152 0.03699056 0.03250000
v 0.48492277 0.03719658 0.04000000
v 0.48492277 0.03719658 0.03250000
v 0.48507145 0.03739037 0.04000000
v 0.48507145 0.03739037 0.03250000
v 0.48523650 0.03757047 0.04000000
v 0.48523650 0.03757047 0.03250000
v 0.48541659 0.03773549 0.04000000
v 0.48541659 0.03773549 0.03250000
v 0.48561037 0.03788419 0.04000000
v 0.48561037 0.03788419 0.03250000
v 0.48581639 0.03801544 0.04000000
v 0.48581639 0.03801544 0.03250000
v 0.48603305 0.03812823 0.04000000
v 0.48603305 0.03812823 0.03250000
v 0.48625872 0.03822171 0.04000000
v 0.48625872 0.03822171 0.03250000
v 0.48649168 0.03829516 0.04000000
v 0.48649168 0.03829516 0.03250000
v 0.48673016 0.03834803 0.04000000
v 0.48673016 0.03834803 0.03250000
v 0.48697236 0.03837991 0.04000000
v 0.48697236 0.03837991 0.03250000
v 0.48721638 0.03839057 0.04000000
v 0.48721638 0.03839057 0.03250000
v 0.48746043 0.03837991 0.04000000
v 0.48746043 0.03837991 0.03250000
v 0.48770261 0.03834803 0.04000000
v 0.48770261 0.03834803 0.03250000
v 0.48794109 0.03829516 0.04000000
v 0.48794109 0.03829516 0.03250000
v 0.48817405 0.03822171 0.04000000
v 0.48817405 0.03822171 0.03250000
v 0.48839971 0.03812823 0.04000000
v 0.48839971 0.03812823 0.03250000
v 0.48861638 0.03801544 0.04000000
v 0.48861638 0.03801544 0.03250000
v 0.48882240 0.03788419 0.04000000
v 0.48882240 0.03788419 0.03250000
v 0.48901621 0.03773549 0.04000000
v 0.48901621 0.03773549 0.03250000
v 0.48919627 0.03757047 0.04000000
v 0.48919627 0.03757047 0.03250000
v 0.48936132 0.03739037 0.04000000
v 0.48936132 0.03739037 0.03250000
v 0.48951000 0.03719658 0.04000000
v 0.48951000 0.03719658 0.03250000
v 0.48964125 0.03699056 0.04000000
v 0.48964125 0.03699056 0.03250000
v 0.48975405 0.03677390 0.04000000
v 0.48975405 0.03677390 0.03250000
v 0.48984751 0.03654822 0.04000000
v 0.48984751 0.03654822 0.03250000
v 0.48992097 0.03631526 0.04000000
v 0.48992097 0.03631526 0.03250000
v 0.48997384 0.03607678 0.04000000
v 0.48997384 0.03607678 0.03250000
v 0.49000573 0.03583460 0.04000000
v 0.49000573 0.03583460 0.03250000
v 0.49001640 0.03559057 0.04000000
v 0.49001640 0.03559057 0.03250000
v 0.49000573 0.03534653 0.04000000
v 0.49000573 0.03534653 0.03250000
v 0.48997384 0.03510435 0.04000000
v 0.48997384 0.03510435 0.03250000
v 0.48992097 0.03486587 0.04000000
v 0.48992097 0.03486587 0.03250000
v 0.48984751 0.03463291 0.04000000
v 0.48984751 0.03463291 0.03250000
v 0.48975405 0.03440723 0.04000000
v 0.48975405 0.03440723 0.03250000
v 0.48964125 0.03419057 0.04000000
v 0.48964125 0.03419057 0.03250000
v 0.48951000 0.03398455 0.04000000
v 0.48951000 0.03398455 0.03250000
v 0.48936132 0.03379076 0.04000000
v 0.48936132 0.03379076 0.03250000
v 0.48919627 0.03361066 0.04000000
v 0.48919627 0.03361066 0.03250000
v 0.48901621 0.03344564 0.04000000
v 0.48901621 0.03344564 0.03250000
v 0.48882240 0.03329694 0.04000000
v 0.48882240 0.03329694 0.03250000
v 0.48861638 0.03316569 0.04000000
v 0.48861638 0.03316569 0.03250000
v 0.48839971 0.03305290 0.04000000
v 0.48839971 0.03305290 0.03250000
v 0.48817405 0.03295942 0.04000000
v 0.48817405 0.03295942 0.03250000
v 0.48794109 0.03288597 0.04000000
v 0.48794109 0.03288597 0.03250000
v 0.48770261 0.03283310 0.04000000
v 0.48770261 0.03283310 0.03250000
v 0.48746043 0.03280122 0.04000000
v 0.48746043 0.03280122 0.03250000
v 0.48721638 0.03279056 0.04000000
v 0.48721638 0.03279056 0.03250000
v 0.48697236 0.03280122 0.04000000
v 0.48697236 0.03280122 0.03250000
v 0.48673016 0.03283310 0.04000000
v 0.48673016 0.03283310 0.03250000
v 0.48649168 0.03288597 0.04000000
v 0.48649168 0.03288597 0.03250000
v 0.48625872 0.03295942 0.04000000
v 0.48625872 0.03295942 0.03250000
v 0.48603305 0.03305290 0.04000000
v 0.48603305 0.03305290 0.03250000
v 0.48581639 0.03316569 0.04000000
v 0.48581639 0.03316569 0.03250000
v 0.48561037 0.03329694 0.04000000
v 0.48561037 0.03329694 0.03250000
v 0.48541659 0.03344564 0.04000000
v 0.48541659 0.03344564 0.03250000
v 0.48523650 0.03361066 0.04000000
v 0.48523650 0.03361066 0.03250000
v 0.48507145 0.03379076 0.04000000
v 0.48507145 0.03379076 0.03250000
v 0.48492277 0.03398455 0.04000000
v 0.48492277 0.03398455 0.03250000
v 0.48479152 0.03419057 0.04000000
v 0.48479152 0.03419057 0.03250000
v 0.48467872 0.03440723 0.04000000
v 0.48467872 0.03440723 0.03250000
v 0.48458526 0.03463291 0.04000000
v 0.48458526 0.03463291 0.03250000
v 0.48451179 0.03486587 0.04000000
v 0.48451179 0.03486587 0.03250000
v 0.48445892 0.03510435 0.04000000
v 0.48445892 0.03510435 0.03250000
v 0.48442703 0.03534653 0.04000000
v 0.48442703 0.03534653 0.03250000
v 0.48721638 0.03559057 0.03250000
v 0.42898363 0.05855157 0.04000000
v 0.42898363 0.05855157 0.03250000
v 0.42899427 0.05879561 0.04000000
v 0.42899427 0.05879561 0.03250000
v 0.42902616 0.05903779 0.04000000
v 0.42902616 0.05903779 0.03250000
v 0.42907903 0.05927626 0.04000000
v 0.42907903 0.05927626 0.03250000
v 0.42915249 0.05950923 0.04000000
v 0.42915249 0.05950923 0.03250000
v 0.42924595 0.05973490 0.04000000
v 0.42924595 0.05973490 0.03250000
v 0.42935875 0.05995157 0.04000000
v 0.42935875 0.05995157 0.03250000
v 0.42949000 0.06015759 0.04000000
v 0.42949000 0.06015759 0.03250000
v 0.42963868 0.06035138 0.04000000
v 0.42963868 0.06035138 0.03250000
v 0.42980373 0.06053147 0.04000000
v 0.42980373 0.06053147 0.03250000
v 0.42998379 0.06069649 0.04000000
v 0.42998379 0.06069649 0.03250000
v 0.43017760 0.06084520 0.04000000
v 0.43017760 0.06084520 0.03250000
v 0.43038362 0.06097644 0.04000000
v 0.43038362 0.06097644 0.03250000
v 0.43060029 0.06108923 0.04000000
v 0.43060029 0.06108923 0.03250000
v 0.43082595 0.06118271 0.04000000
v 0.43082595 0.06118271 0.03250000
v 0.43105891 0.06125616 0.04000000
v 0.43105891 0.06125616 0.03250000
v 0.43129739 0.06130903 0.04000000
v 0.43129739 0.06130903 0.03250000
v 0.43153957 0.06134092 0.04000000
v 0.43153957 0.06134092 0.03250000
v 0.43178362 0.06135157 0.04000000
v 0.43178362 0.06135157 0.03250000
v 0.43202764 0.06134092 0.04000000
v 0.43202764 0.06134092 0.03250000
v 0.43226984 0.06130903 0.04000000
v 0.43226984 0.06130903 0.03250000
v 0.43250832 0.06125616 0.04000000
v 0.43250832 0.06125616 0.03250000
v 0.43274128 0.06118271 0.04000000
v 0.43274128 0.06118271 0.03250000
v 0.43296695 0.06108923 0.04000000
v 0.43296695 0.06108923 0.03250000
v 0.43318361 0.06097644 0.04000000
v 0.43318361 0.06097644 0.03250000
v 0.43338963 0.06084520 0.04000000
v 0.43338963 0.06084520 0.03250000
v 0.43358341 0.06069649 0.04000000
v 0.43358341 0.06069649 0.03250000
v 0.43376350 0.06053147 0.04000000
v 0.43376350 0.06053147 0.03250000
v 0.43392855 0.06035138 0.04000000
v 0.43392855 0.06035138 0.03250000
v 0.43407723 0.06015759 0.04000000
v 0.43407723 0.06015759 0.03250000
v 0.43420848 0.05995157 0.04000000
v 0.43420848 0.05995157 0.03250000
v 0.43432128 0.05973490 0.04000000
v 0.43432128 0.05973490 0.03250000
v 0.43441474 0.05950923 0.04000000
v 0.43441474 0.05950923 0.03250000
v 0.43448821 0.05927626 0.04000000
v 0.43448821 0.05927626 0.03250000
v 0.43454108 0.05903779 0.04000000
v 0.43454108 0.05903779 0.03250000
v 0.43457296 0.05879561 0.04000000
v 0.43457296 0.05879561 0.03250000
v 0.43458360 0.05855157 0.04000000
v 0.43458360 0.05855157 0.03250000
v 0.43457296 0.05830754 0.04000000
v 0.43457296 0.05830754 0.03250000
v 0.43454108 0.05806535 0.04000000
v 0.43454108 0.05806535 0.03250000
v 0.43448821 0.05782688 0.04000000
v 0.43448821 0.05782688 0.03250000
v 0.43441474 0.05759392 0.04000000
v 0.43441474 0.05759392 0.03250000
v 0.43432128 0.05736824 0.04000000
v 0.43432128 0.05736824 0.03250000
v 0.43420848 0.05715157 0.04000000
v 0.43420848 0.05715157 0.03250000
v 0.43407723 0.05694555 0.04000000
v 0.43407723 0.05694555 0.03250000
v 0.43392855 0.05675177 0.04000000
v 0.43392855 0.05675177 0.03250000
v 0.43376350 0.05657167 0.04000000
v 0.43376350 0.05657167 0.03250000
v 0.43358341 0.05640665 0.04000000
v 0.43358341 0.05640665 0.03250000
v 0.43338963 0.05625794 0.04000000
v 0.43338963 0.05625794 0.03250000
v 0.43318361 0.05612670 0.04000000
v 0.43318361 0.05612670 0.03250000
v 0.43296695 0.05601391 0.04000000
v 0.43296695 0.05601391 0.03250000
v 0.43274128 0.05592043 0.04000000
v 0.43274128 0.05592043 0.03250000
v 0.43250832 0.05584698 0.04000000
v 0.43250832 0.05584698 0.03250000
v 0.43226984 0.05579411 0.04000000
v 0.43226984 0.05579411 0.03250000
v 0.43202764 0.05576222 0.04000000
v 0.43202764 0.05576222 0.03250000
v 0.43178362 0.05575157 0.04000000
v 0.43178362 0.05575157 0.03250000
v 0.43153957 0.05576222 0.04000000
v 0.43153957 0.05576222 0.03250000
v 0.43129739 0.05579411 0.04000000
v 0.43129739 0.05579411 0.03250000
v 0.43105891 0.05584698 0.04000000
v 0.43105891 0.05584698 0.03250000
v 0.43082595 0.05592043 0.04000000
v 0.43082595 0.05592043 0.03250000
v 0.43060029 0.05601391 0.04000000
v 0.43060029 0.05601391 0.03250000
v 0.43038362 0.05612670 0.04000000
v 0.43038362 0.05612670 0.03250000
v 0.43017760 0.05625794 0.04000000
v 0.43017760 0.05625794 0.03250000
v 0.42998379 0.05640665 0.04000000
v 0.42998379 0.05640665 0.03250000
v 0.42980373 0.05657167 0.04000000
v 0.42980373 0.05657167 0.03250000
v 0.42963868 0.05675177 0.04000000
v 0.42963868 0.05675177 0.03250000
v 0.42949000 0.05694555 0.04000000
v 0.42949000 0.05694555 0.03250000
v 0.42935875 0.05715157 0.04000000
v 0.42935875 0.05715157 0.03250000
v 0.42924595 0.05736824 0.04000000
v 0.42924595 0.05736824 0.03250000
v 0.42915249 0.05759392 0.04000000
v 0.42915249 0.05759392 0.03250000
v 0.42907903 0.05782688 0.04000000
v 0.42907903 0.05782688 0.03250000
v 0.42902616 0.05806535 0.04000000
v 0.42902616 0.05806535 0.03250000
v 0.42899427 0.05830754 0.04000000
v 0.42899427 0.05830754 0.03250000
v 0.43178362 0.05855157 0.03250000
v 0.46818051 0.01935468 0.04000000
v 0.46818051 0.01935468 0.03250000
v 0.46819115 0.01959872 0.04000000
v 0.46819115 0.01959872 0.03250000
v 0.46822304 0.01984090 0.04000000
v 0.46822304 0.01984090 0.03250000
v 0.46827590 0.02007937 0.04000000
v 0.46827590 0.02007937 0.03250000
v 0.46834937 0.02031234 0.04000000
v 0.46834937 0.02031234 0.03250000
v 0.46844283 0.02053801 0.04000000
v 0.46844283 0.02053801 0.03250000
v 0.46855563 0.02075468 0.04000000
v 0.46855563 0.02075468 0.03250000
v 0.46868688 0.02096070 0.04000000
v 0.46868688 0.02096070 0.03250000
v 0.46883559 0.02115449 0.04000000
v 0.46883559 0.02115449 0.03250000
v 0.46900061 0.02133458 0.04000000
v 0.46900061 0.02133458 0.03250000
v 0.46918070 0.02149961 0.04000000
v 0.46918070 0.02149961 0.03250000
v 0.46937448 0.02164831 0.04000000
v 0.46937448 0.02164831 0.03250000
v 0.46958050 0.02177955 0.04000000
v 0.46958050 0.02177955 0.03250000
v 0.46979716 0.02189234 0.04000000
v 0.46979716 0.02189234 0.03250000
v 0.47002286 0.02198582 0.04000000
v 0.47002286 0.02198582 0.03250000
v 0.47025582 0.02205927 0.04000000
v 0.47025582 0.02205927 0.03250000
v 0.47049430 0.02211214 0.04000000
v 0.47049430 0.02211214 0.03250000
v 0.47073647 0.02214403 0.04000000
v 0.47073647 0.02214403 0.03250000
v 0.47098050 0.02215468 0.04000000
v 0.47098050 0.02215468 0.03250000
v 0.47122455 0.02214403 0.04000000
v 0.47122455 0.02214403 0.03250000
v 0.47146672 0.02211214 0.04000000
v 0.47146672 0.02211214 0.03250000
v 0.47170520 0.02205927 0.04000000
v 0.47170520 0.02205927 0.03250000
v 0.47193816 0.02198582 0.04000000
v 0.47193816 0.02198582 0.03250000
v 0.47216383 0.02189234 0.04000000
v 0.47216383 0.02189234 0.03250000
v 0.47238049 0.02177955 0.04000000
v 0.47238049 0.02177955 0.03250000
v 0.47258651 0.02164831 0.04000000
v 0.47258651 0.02164831 0.03250000
v 0.47278032 0.02149961 0.04000000
v 0.47278032 0.02149961 0.03250000
v 0.47296041 0.02133458 0.04000000
v 0.47296041 0.02133458 0.03250000
v 0.47312543 0.02115449 0.04000000
v 0.47312543 0.02115449 0.03250000
v 0.47327414 0.02096070 0.04000000
v 0.47327414 0.02096070 0.03250000
v 0.47340536 0.02075468 0.04000000
v 0.47340536 0.02075468 0.03250000
v 0.47351816 0.02053801 0.04000000
v 0.47351816 0.02053801 0.03250000
v 0.47361165 0.02031234 0.04000000
v 0.47361165 0.02031234 0.03250000
v 0.47368509 0.02007937 0.04000000
v 0.47368509 0.02007937 0.03250000
v 0.47373796 0.01984090 0.04000000
v 0.47373796 0.01984090 0.03250000
v 0.47376984 0.01959872 0.04000000
v 0.47376984 0.01959872 0.03250000
v 0.47378051 0.01935468 0.04000000
v 0.47378051 0.01935468 0.03250000
v 0.47376984 0.01911065 0.04000000
v 0.47376984 0.01911065 0.03250000
v 0.47373796 0.01886847 0.04000000
v 0.47373796 0.01886847 0.03250000
v 0.47368509 0.01862999 0.04000000
v 0.47368509 0.01862999 0.03250000
v 0.47361165 0.01839703 0.04000000
v 0.47361165 0.01839703 0.03250000
v 0.47351816 0.01817135 0.04000000
v 0.47351816 0.01817135 0.03250000
v 0.47340536 0.01795468 0.04000000
v 0.47340536 0.01795468 0.03250000
v 0.47327414 0.01774867 0.04000000
v 0.47327414 0.01774867 0.03250000
v 0.47312543 0.01755488 0.04000000
v 0.47312543 0.01755488 0.03250000
v 0.47296041 0.01737478 0.04000000
v 0.47296041 0.01737478 0.03250000
v 0.47278032 0.01720976 0.04000000
v 0.47278032 0.01720976 0.03250000
v 0.47258651 0.01706106 0.04000000
v 0.47258651 0.01706106 0.03250000
v 0.47238049 0.01692981 0.04000000
v 0.47238049 0.01692981 0.03250000
v 0.47216383 0.01681702 0.04000000
v 0.47216383 0.01681702 0.03250000
v 0.47193816 0.01672354 0.04000000
v 0.47193816 0.01672354 0.03250000
v 0.47170520 0.01665009 0.04000000
v 0.47170520 0.01665009 0.03250000
v 0.47146672 0.01659722 0.04000000
v 0.47146672 0.01659722 0.03250000
v 0.47122455 0.01656534 0.04000000
v 0.47122455 0.01656534 0.03250000
v 0.47098050 0.01655468 0.04000000
v 0.47098050 0.01655468 0.03250000
v 0.47073647 0.01656534 0.04000000
v 0.47073647 0.01656534 0.03250000
v 0.47049430 0.01659722 0.04000000
v 0.47049430 0.01659722 0.03250000
v 0.47025582 0.01665009 0.04000000
v 0.47025582 0.01665009 0.03250000
v 0.47002286 0.01672354 0.04000000
v 0.47002286 0.01672354 0.03250000
v 0.46979716 0.01681702 0.04000000
v 0.46979716 0.01681702 0.03250000
v 0.46958050 0.01692981 0.04000000
v 0.46958050 0.01692981 0.03250000
v 0.46937448 0.01706106 0.04000000
v 0.46937448 0.01706106 0.03250000
v 0.46918070 0.01720976 0.04000000
v 0.46918070 0.01720976 0.03250000
v 0.46900061 0.01737478 0.04000000
v 0.46900061 0.01737478 0.03250000
v 0.46883559 0.01755488 0.04000000
v 0.46883559 0.01755488 0.03250000
v 0.46868688 0.01774867 0.04000000
v 0.46868688 0.01774867 0.03250000
v 0.46855563 0.01795468 0.04000000
v 0.46855563 0.01795468 0.03250000
v 0.46844283 0.01817135 0.04000000
v 0.46844283 0.01817135 0.03250000
v 0.46834937 0.01839703 0.04000000
v 0.46834937 0.01839703 0.03250000
v 0.46827590 0.01862999 0.04000000
v 0.46827590 0.01862999 0.03250000
v 0.46822304 0.01886847 0.04000000
v 0.46822304 0.01886847 0.03250000
v 0.46819115 0.01911065 0.04000000
v 0.46819115 0.01911065 0.03250000
v 0.47098050 0.01935468 0.03250000
v 0.44521949 0.07478745 0.04000000
v 0.44521949 0.07478745 0.03250000
v 0.44523016 0.07503149 0.04000000
v 0.44523016 0.07503149 0.03250000
v 0.44526204 0.07527367 0.04000000
v 0.44526204 0.07527367 0.03250000
v 0.44531491 0.07551215 0.04000000
v 0.44531491 0.07551215 0.03250000
v 0.44538835 0.07574511 0.04000000
v 0.44538835 0.07574511 0.03250000
v 0.44548184 0.07597078 0.04000000
v 0.44548184 0.07597078 0.03250000
v 0.44559464 0.07618745 0.04000000
v 0.44559464 0.07618745 0.03250000
v 0.44572586 0.07639347 0.04000000
v 0.44572586 0.07639347 0.03250000
v 0.44587457 0.07658726 0.04000000
v 0.44587457 0.07658726 0.03250000
v 0.44603959 0.07676736 0.04000000
v 0.44603959 0.07676736 0.03250000
v 0.44621968 0.07693238 0.04000000
v 0.44621968 0.07693238 0.03250000
v 0.44641349 0.07708108 0.04000000
v 0.44641349 0.07708108 0.03250000
v 0.44661951 0.07721233 0.04000000
v 0.44661951 0.07721233 0.03250000
v 0.44683617 0.07732511 0.04000000
v 0.44683617 0.07732511 0.03250000
v 0.44706184 0.07741860 0.04000000
v 0.44706184 0.07741860 0.03250000
v 0.44729480 0.07749204 0.04000000
v 0.44729480 0.07749204 0.03250000
v 0.44753328 0.07754491 0.04000000
v 0.44753328 0.07754491 0.03250000
v 0.44777545 0.07757680 0.04000000
v 0.44777545 0.07757680 0.03250000
v 0.44801950 0.07758746 0.04000000
v 0.44801950 0.07758746 0.03250000
v 0.44826353 0.07757680 0.04000000
v 0.44826353 0.07757680 0.03250000
v 0.44850570 0.07754491 0.04000000
v 0.44850570 0.07754491 0.03250000
v 0.44874418 0.07749204 0.04000000
v 0.44874418 0.07749204 0.03250000
v 0.44897714 0.07741860 0.04000000
v 0.44897714 0.07741860 0.03250000
v 0.44920284 0.07732511 0.04000000
v 0.44920284 0.07732511 0.03250000
v 0.44941950 0.07721233 0.04000000
v 0.44941950 0.07721233 0.03250000
v 0.44962552 0.07708108 0.04000000
v 0.44962552 0.07708108 0.03250000
v 0.44981930 0.07693238 0.04000000
v 0.44981930 0.07693238 0.03250000
v 0.44999939 0.07676736 0.04000000
v 0.44999939 0.07676736 0.03250000
v 0.45016441 0.07658726 0.04000000
v 0.45016441 0.07658726 0.03250000
v 0.45031312 0.07639347 0.04000000
v 0.45031312 0.07639347 0.03250000
v 0.45044437 0.07618745 0.04000000
v 0.45044437 0.07618745 0.03250000
v 0.45055717 0.07597078 0.04000000
v 0.45055717 0.07597078 0.03250000
v 0.45065063 0.07574511 0.04000000
v 0.45065063 0.07574511 0.03250000
v 0.45072410 0.07551215 0.04000000
v 0.45072410 0.07551215 0.03250000
v 0.45077696 0.07527367 0.04000000
v 0.45077696 0.07527367 0.03250000
v 0.45080885 0.07503149 0.04000000
v 0.45080885 0.07503149 0.03250000
v 0.45081949 0.07478745 0.04000000
v 0.45081949 0.07478745 0.03250000
v 0.45080885 0.07454342 0.04000000
v 0.45080885 0.07454342 0.03250000
v 0.45077696 0.07430124 0.04000000
v 0.45077696 0.07430124 0.03250000
v 0.45072410 0.07406276 0.04000000
v 0.45072410 0.07406276 0.03250000
v 0.45065063 0.07382980 0.04000000
v 0.45065063 0.07382980 0.03250000
v 0.45055717 0.07360412 0.04000000
v 0.45055717 0.07360412 0.03250000
v 0.45044437 0.07338745 0.04000000
v 0.45044437 0.07338745 0.03250000
v 0.45031312 0.07318144 0.04000000
v 0.45031312 0.07318144 0.03250000
v 0.45016441 0.07298765 0.04000000
v 0.45016441 0.07298765 0.03250000
v 0.44999939 0.07280756 0.04000000
v 0.44999939 0.07280756 0.03250000
v 0.44981930 0.07264253 0.04000000
v 0.44981930 0.07264253 0.03250000
v 0.44962552 0.07249383 0.04000000
v 0.44962552 0.07249383 0.03250000
v 0.44941950 0.07236258 0.04000000
v 0.44941950 0.07236258 0.03250000
v 0.44920284 0.07224979 0.04000000
v 0.44920284 0.07224979 0.03250000
v 0.44897714 0.07215632 0.04000000
v 0.44897714 0.07215632 0.03250000
v 0.44874418 0.07208286 0.04000000
v 0.44874418 0.07208286 0.03250000
v 0.44850570 0.07202999 0.04000000
v 0.44850570 0.07202999 0.03250000
v 0.44826353 0.07199811 0.04000000
v 0.44826353 0.07199811 0.03250000
v 0.44801950 0.07198745 0.04000000
v 0.44801950 0.07198745 0.03250000
v 0.44777545 0.07199811 0.04000000
v 0.44777545 0.07199811 0.03250000
v 0.44753328 0.07202999 0.04000000
v 0.44753328 0.07202999 0.03250000
v 0.44729480 0.07208286 0.04000000
v 0.44729480 0.07208286 0.03250000
v 0.44706184 0.07215632 0.04000000
v 0.44706184 0.07215632 0.03250000
v 0.44683617 0.07224979 0.04000000
v 0.44683617 0.07224979 0.03250000
v 0.44661951 0.07236258 0.04000000
v 0.44661951 0.07236258 0.03250000
v 0.44641349 0.07249383 0.04000000
v 0.44641349 0.07249383 0.03250000
v 0.44621968 0.07264253 0.04000000
v 0.44621968 0.07264253 0.03250000
v 0.44603959 0.07280756 0.04000000
v 0.44603959 0.07280756 0.03250000
v 0.44587457 0.07298765 0.04000000
v 0.44587457 0.07298765 0.03250000
v 0.44572586 0.07318144 0.04000000
v 0.44572586 0.07318144 0.03250000
v 0.44559464 0.07338745 0.04000000
v 0.44559464 0.07338745 0.03250000
v 0.44548184 0.07360412 0.04000000
v 0.44548184 0.07360412 0.03250000
v 0.44538835 0.07382980 0.04000000
v 0.44538835 0.07382980 0.03250000
v 0.44531491 0.07406276 0.04000000
v 0.44531491 0.07406276 0.03250000
v 0.44526204 0.07430124 0.04000000
v 0.44526204 0.07430124 0.03250000
v 0.44523016 0.07454342 0.04000000
v 0.44523016 0.07454342 0.03250000
v 0.44801950 0.07478745 0.03250000
v 0.46910000 0.04707107 0.02920000
v 0.46910000 0.04707107 0.03530000
v 0.46906346 0.04790776 0.02920000
v 0.46906346 0.04790776 0.03530000
v 0.46895415 0.04873809 0.02920000
v 0.46895415 0.04873809 0.03530000
v 0.46877289 0.04955573 0.02920000
v 0.46877289 0.04955573 0.03530000
v 0.46852106 0.05035446 0.02920000
v 0.46852106 0.05035446 0.03530000
v 0.46820056 0.05112820 0.02920000
v 0.46820056 0.05112820 0.03530000
v 0.46781385 0.05187107 0.02920000
v 0.46781385 0.05187107 0.03530000
v 0.46736386 0.05257740 0.02920000
v 0.46736386 0.05257740 0.03530000
v 0.46685404 0.05324183 0.02920000
v 0.46685404 0.05324183 0.03530000
v 0.46628824 0.05385929 0.02920000
v 0.46628824 0.05385929 0.03530000
v 0.46567076 0.05442509 0.02920000
v 0.46567076 0.05442509 0.03530000
v 0.46500632 0.05493493 0.02920000
v 0.46500632 0.05493493 0.03530000
v 0.46430001 0.05538491 0.02920000
v 0.46430001 0.05538491 0.03530000
v 0.46355712 0.05577162 0.02920000
v 0.46355712 0.05577162 0.03530000
v 0.46278340 0.05609212 0.02920000
v 0.46278340 0.05609212 0.03530000
v 0.46198466 0.05634395 0.02920000
v 0.46198466 0.05634395 0.03530000
v 0.46116701 0.05652522 0.02920000
v 0.46116701 0.05652522 0.03530000
v 0.46033669 0.05663454 0.02920000
v 0.46033669 0.05663454 0.03530000
v 0.45950001 0.05667107 0.02920000
v 0.45950001 0.05667107 0.03530000
v 0.45866331 0.05663454 0.02920000
v 0.45866331 0.05663454 0.03530000
v 0.45783299 0.05652522 0.02920000
v 0.45783299 0.05652522 0.03530000
v 0.45701534 0.05634395 0.02920000
v 0.45701534 0.05634395 0.03530000
v 0.45621660 0.05609212 0.02920000
v 0.45621660 0.05609212 0.03530000
v 0.45544288 0.05577162 0.02920000
v 0.45544288 0.05577162 0.03530000
v 0.45469999 0.05538491 0.02920000
v 0.45469999 0.05538491 0.03530000
v 0.45399368 0.05493493 0.02920000
v 0.45399368 0.05493493 0.03530000
v 0.45332924 0.05442509 0.02920000
v 0.45332924 0.05442509 0.03530000
v 0.45271176 0.05385929 0.02920000
v 0.45271176 0.05385929 0.03530000
v 0.45214596 0.05324183 0.02920000
v 0.45214596 0.05324183 0.03530000
v 0.45163614 0.05257740 0.02920000
v 0.45163614 0.05257740 0.03530000
v 0.45118615 0.05187107 0.02920000
v 0.45118615 0.05187107 0.03530000
v 0.45079944 0.05112820 0.02920000
v 0.45079944 0.05112820 0.03530000
v 0.45047894 0.05035446 0.02920000
v 0.45047894 0.05035446 0.03530000
v 0.45022711 0.04955573 0.02920000
v 0.45022711 0.04955573 0.03530000
v 0.45004585 0.04873809 0.02920000
v 0.45004585 0.04873809 0.03530000
v 0.44993654 0.04790776 0.02920000
v 0.44993654 0.04790776 0.03530000
v 0.44990000 0.04707107 0.02920000
v 0.44990000 0.04707107 0.03530000
v 0.44993654 0.04623437 0.02920000
v 0.44993654 0.04623437 0.03530000
v 0.45004585 0.04540405 0.02920000
v 0.45004585 0.04540405 0.03530000
v 0.45022711 0.04458641 0.02920000
v 0.45022711 0.04458641 0.03530000
v 0.45047894 0.04378767 0.02920000
v 0.45047894 0.04378767 0.03530000
v 0.45079944 0.04301393 0.02920000
v 0.45079944 0.04301393 0.03530000
v 0.45118615 0.04227107 0.02920000
v 0.45118615 0.04227107 0.03530000
v 0.45163614 0.04156473 0.02920000
v 0.45163614 0.04156473 0.03530000
v 0.45214596 0.04090030 0.02920000
v 0.45214596 0.04090030 0.03530000
v 0.45271176 0.04028284 0.02920000
v 0.45271176 0.04028284 0.03530000
v 0.45332924 0.03971704 0.02920000
v 0.45332924 0.03971704 0.03530000
v 0.45399368 0.03920721 0.02920000
v 0.45399368 0.03920721 0.03530000
v 0.45469999 0.03875722 0.02920000
v 0.45469999 0.03875722 0.03530000
v 0.45544288 0.03837051 0.02920000
v 0.45544288 0.03837051 0.03530000
v 0.45621660 0.03805002 0.02920000
v 0.45621660 0.03805002 0.03530000
v 0.45701534 0.03779818 0.02920000
v 0.45701534 0.03779818 0.03530000
v 0.45783299 0.03761691 0.02920000
v 0.45783299 0.03761691 0.03530000
v 0.45866331 0.03750760 0.02920000
v 0.45866331 0.03750760 0.03530000
v 0.45950001 0.03747107 0.02920000
v 0.45950001 0.03747107 0.03530000
v 0.46033669 0.03750760 0.02920000
v 0.46033669 0.03750760 0.03530000
v 0.46116701 0.03761691 0.02920000
v 0.46116701 0.03761691 0.03530000
v 0.46198466 0.03779818 0.02920000
v 0.46198466 0.03779818 0.03530000
v 0.46278340 0.03805002 0.02920000
v 0.46278340 0.03805002 0.03530000
v 0.46355712 0.03837051 0.02920000
v 0.46355712 0.03837051 0.03530000
v 0.46430001 0.03875722 0.02920000
v 0.46430001 0.03875722 0.03530000
v 0.46500632 0.03920721 0.02920000
v 0.46500632 0.03920721 0.03530000
v 0.46567076 0.03971704 0.02920000
v 0.46567076 0.03971704 0.03530000
v 0.46628824 0.04028284 0.02920000
v 0.46628824 0.04028284 0.03530000
v 0.46685404 0.04090030 0.02920000
v 0.46685404 0.04090030 0.03530000
v 0.46736386 0.04156473 0.02920000
v 0.46736386 0.04156473 0.03530000
v 0.46781385 0.04227107 0.02920000
v 0.46781385 0.04227107 0.03530000
v 0.46820056 0.04301393 0.02920000
v 0.46820056 0.04301393 0.03530000
v 0.46852106 0.04378767 0.02920000
v 0.46852106 0.04378767 0.03530000
v 0.46877289 0.04458641 0.02920000
v 0.46877289 0.04458641 0.03530000
v 0.46895415 0.04540405 0.02920000
v 0.46895415 0.04540405 0.03530000
v 0.46906346 0.04623437 0.02920000
v 0.46906346 0.04623437 0.03530000
v 0.45883763 0.03949999 0.03530000
v 0.45818028 0.03958653 0.03530000
v 0.45753297 0.03973003 0.03530000
v 0.45690066 0.03992940 0.03530000
v 0.45628810 0.04018313 0.03530000
v 0.45570001 0.04048928 0.03530000
v 0.45514083 0.04084551 0.03530000
v 0.45461482 0.04124913 0.03530000
v 0.45412600 0.04169706 0.03530000
v 0.45367807 0.04218588 0.03530000
v 0.45327446 0.04271189 0.03530000
v 0.45291820 0.04327107 0.03530000
v 0.45261207 0.04385917 0.03530000
v 0.45235834 0.04447171 0.03530000
v 0.45215896 0.04510404 0.03530000
v 0.45201546 0.04575134 0.03530000
v 0.45192891 0.04640868 0.03530000
v 0.45190001 0.04707107 0.03530000
v 0.45192891 0.04773345 0.03530000
v 0.45201546 0.04839079 0.03530000
v 0.45215896 0.04903809 0.03530000
v 0.45235834 0.04967042 0.03530000
v 0.45261207 0.05028297 0.03530000
v 0.45291820 0.05087107 0.03530000
v 0.45327446 0.05143025 0.03530000
v 0.45367807 0.05195625 0.03530000
v 0.45412600 0.05244508 0.03530000
v 0.45461482 0.05289301 0.03530000
v 0.45514083 0.05329662 0.03530000
v 0.45570001 0.05365286 0.03530000
v 0.45628810 0.05395901 0.03530000
v 0.45690066 0.05421273 0.03530000
v 0.45753297 0.05441210 0.03530000
v 0.45818028 0.05455561 0.03530000
v 0.45883763 0.05464215 0.03530000
v 0.45950001 0.05467107 0.03530000
v 0.46016237 0.05464215 0.03530000
v 0.46081972 0.05455561 0.03530000
v 0.46146703 0.05441210 0.03530000
v 0.46209934 0.05421273 0.03530000
v 0.46271190 0.05395901 0.03530000
v 0.46329999 0.05365286 0.03530000
v 0.46385917 0.05329662 0.03530000
v 0.46438518 0.05289301 0.03530000
v 0.46487400 0.05244508 0.03530000
v 0.46532193 0.05195625 0.03530000
v 0.46572554 0.05143025 0.03530000
v 0.46608180 0.05087107 0.03530000
v 0.46638793 0.05028297 0.03530000
v 0.46664166 0.04967042 0.03530000
v 0.46684104 0.04903809 0.03530000
v 0.46698454 0.04839079 0.03530000
v 0.46707109 0.04773345 0.03530000
v 0.46709999 0.04707107 0.03530000
v 0.46707109 0.04640868 0.03530000
v 0.46698454 0.04575134 0.03530000
v 0.46684104 0.04510404 0.03530000
v 0.46664166 0.04447171 0.03530000
v 0.46638793 0.04385917 0.03530000
v 0.46608180 0.04327107 0.03530000
v 0.46572554 0.04271189 0.03530000
v 0.46532193 0.04218588 0.03530000
v 0.46487400 0.04169706 0.03530000
v 0.46438518 0.04124913 0.03530000
v 0.46385917 0.04084551 0.03530000
v 0.46329999 0.04048928 0.03530000
v 0.46271190 0.04018313 0.03530000
v 0.46209934 0.03992940 0.03530000
v 0.46146703 0.03973003 0.03530000
v 0.46081972 0.03958653 0.03530000
v 0.46016237 0.03949999 0.03530000
v 0.45950001 0.03947107 0.03530000
v 0.46709999 0.04707107 0.04000000
v 0.46707109 0.04773345 0.04000000
v 0.46698454 0.04839079 0.04000000
v 0.46684104 0.04903809 0.04000000
v 0.46664166 0.04967042 0.04000000
v 0.46638793 0.05028297 0.04000000
v 0.46608180 0.05087107 0.04000000
v 0.46572554 0.05143025 0.04000000
v 0.46532193 0.05195625 0.04000000
v 0.46487400 0.05244508 0.04000000
v 0.46438518 0.05289301 0.04000000
v 0.46385917 0.05329662 0.04000000
v 0.46329999 0.05365286 0.04000000
v 0.46271190 0.05395901 0.04000000
v 0.46209934 0.05421273 0.04000000
v 0.46146703 0.05441210 0.04000000
v 0.46081972 0.05455561 0.04000000
v 0.46016237 0.05464215 0.04000000
v 0.45950001 0.05467107 0.04000000
v 0.45883763 0.05464215 0.04000000
v 0.45818028 0.05455561 0.04000000
v 0.45753297 0.05441210 0.04000000
v 0.45690066 0.05421273 0.04000000
v 0.45628810 0.05395901 0.04000000
v 0.45570001 0.05365286 0.04000000
v 0.45514083 0.05329662 0.04000000
v 0.45461482 0.05289301 0.04000000
v 0.45412600 0.05244508 0.04000000
v 0.45367807 0.05195625 0.04000000
v 0.45327446 0.05143025 0.04000000
v 0.45291820 0.05087107 0.04000000
v 0.45261207 0.05028297 0.04000000
v 0.45235834 0.04967042 0.04000000
v 0.45215896 0.04903809 0.04000000
v 0.45201546 0.04839079 0.04000000
v 0.45192891 0.04773345 0.04000000
v 0.45190001 0.04707107 0.04000000
v 0.45192891 0.04640868 0.04000000
v 0.45201546 0.04575134 0.04000000
v 0.45215896 0.04510404 0.04000000
v 0.45235834 0.04447171 0.04000000
v 0.45261207 0.04385917 0.04000000
v 0.45291820 0.04327107 0.04000000
v 0.45327446 0.04271189 0.04000000
v 0.45367807 0.04218588 0.04000000
v 0.45412600 0.04169706 0.04000000
v 0.45461482 0.04124913 0.04000000
v 0.45514083 0.04084551 0.04000000
v 0.45570001 0.04048928 0.04000000
v 0.45628810 0.04018313 0.04000000
v 0.45690066 0.03992940 0.04000000
v 0.45753297 0.03973003 0.04000000
v 0.45818028 0.03958653 0.04000000
v 0.45883763 0.03949999 0.04000000
v 0.45950001 0.03947107 0.04000000
v 0.46016237 0.03949999 0.04000000
v 0.46081972 0.03958653 0.04000000
v 0.46146703 0.03973003 0.04000000
v 0.46209934 0.03992940 0.04000000
v 0.46271190 0.04018313 0.04000000
v 0.46329999 0.04048928 0.04000000
v 0.46385917 0.04084551 0.04000000
v 0.46438518 0.04124913 0.04000000
v 0.46487400 0.04169706 0.04000000
v 0.46532193 0.04218588 0.04000000
v 0.46572554 0.04271189 0.04000000
v 0.46608180 0.04327107 0.04000000
v 0.46638793 0.04385917 0.04000000
v 0.46664166 0.04447171 0.04000000
v 0.46684104 0.04510404 0.04000000
v 0.46698454 0.04575134 0.04000000
v 0.46707109 0.04640868 0.04000000
v 0.43598947 0.08228399 0.03978708
v 0.43595845 0.08207448 0.03999659
v 0.43621284 0.08198091 0.03973385
v 0.43843710 0.08465376 0.03626372
v 0.43834579 0.08508193 0.03640908
v 0.43817031 0.08495582 0.03652503
v 0.44292465 0.08498497 0.03598848
v 0.44302189 0.08492695 0.03603686
v 0.44312808 0.08530907 0.03620104
v 0.44559389 0.08227389 0.03944102
v 0.44563520 0.08198071 0.03973327
v 0.44589016 0.08207448 0.03999659
v 0.44490910 0.08186931 0.03879900
v 0.44492179 0.08166260 0.03900000
v 0.44513851 0.08186835 0.03913428
v 0.44514626 0.08177277 0.03922947
v 0.44552365 0.08193672 0.03961809
v 0.44489679 0.08198951 0.03868294
v 0.44508907 0.08224390 0.03876714
v 0.44488990 0.08204440 0.03863014
v 0.44500470 0.08261627 0.03840741
v 0.44482401 0.08241113 0.03828030
v 0.44486368 0.08221478 0.03846696
v 0.44468331 0.08288845 0.03783282
v 0.44470868 0.08281667 0.03789953
v 0.44488528 0.08298247 0.03805785
v 0.44472232 0.08277607 0.03793735
v 0.44478825 0.08255537 0.03814412
v 0.44418275 0.08384110 0.03696873
v 0.44420111 0.08381506 0.03699181
v 0.44443253 0.08422866 0.03720242
v 0.44431376 0.08364513 0.03714319
v 0.44455808 0.08406734 0.03735470
v 0.44467509 0.08390144 0.03751196
v 0.44408822 0.08396845 0.03685634
v 0.44429845 0.08438504 0.03705541
v 0.44398880 0.08409183 0.03674823
v 0.44415590 0.08453611 0.03691399
v 0.44396240 0.08412297 0.03672107
v 0.44400489 0.08468151 0.03677848
v 0.44382718 0.08427304 0.03659088
v 0.44368330 0.08441725 0.03646693
v 0.44373617 0.08436596 0.03651088
v 0.44375294 0.08434929 0.03652520
v 0.44349086 0.08458909 0.03632070
v 0.44349551 0.08458520 0.03632401
v 0.44367784 0.08495379 0.03652640
v 0.44384554 0.08482086 0.03664918
v 0.44336912 0.08468695 0.03623807
v 0.44350210 0.08507983 0.03641052
v 0.44325510 0.08477181 0.03616671
v 0.44331869 0.08519842 0.03630193
v 0.44321874 0.08479758 0.03614509
v 0.44312793 0.08485933 0.03609337
v 0.44288322 0.08500857 0.03596884
v 0.44293064 0.08541120 0.03610823
v 0.44283697 0.08503414 0.03594758
v 0.44272676 0.08550430 0.03602391
v 0.44262946 0.08513942 0.03586026
v 0.44233078 0.08526564 0.03575630
v 0.44236651 0.08525202 0.03576745
v 0.44251686 0.08558784 0.03594848
v 0.44244671 0.08522002 0.03579375
v 0.44261488 0.08514625 0.03585461
v 0.44229257 0.08527976 0.03574474
v 0.44230133 0.08566127 0.03588234
v 0.44209009 0.08534741 0.03568974
v 0.44208059 0.08572406 0.03582588
v 0.44203222 0.08536457 0.03567592
v 0.44127294 0.08550584 0.03556506
v 0.44134024 0.08549938 0.03557005
v 0.44139281 0.08584475 0.03571748
v 0.44159666 0.08546416 0.03559728
v 0.44162545 0.08581593 0.03574335
v 0.44161898 0.08546028 0.03560028
v 0.44185504 0.08577570 0.03577949
v 0.44184619 0.08541338 0.03563701
v 0.44195989 0.08538468 0.03565979
v 0.44124371 0.08550829 0.03556317
v 0.44115815 0.08586214 0.03570189
v 0.44099286 0.08552048 0.03555357
v 0.44092250 0.08586810 0.03569657
v 0.44092429 0.08552106 0.03555300
v 0.44068688 0.08586261 0.03570155
v 0.44074121 0.08551688 0.03555581
v 0.44057560 0.08550584 0.03556380
v 0.44045231 0.08584566 0.03571682
v 0.44048882 0.08549729 0.03557010
v 0.44021982 0.08581725 0.03574239
v 0.44023570 0.08546136 0.03559707
v 0.43999040 0.08577736 0.03577827
v 0.44002834 0.08541943 0.03562930
v 0.44015196 0.08544579 0.03560895
v 0.44022968 0.08546030 0.03559788
v 0.43991262 0.08539101 0.03565156
v 0.43976510 0.08572600 0.03582447
v 0.43988889 0.08538474 0.03565651
v 0.43932939 0.08559008 0.03594688
v 0.43955582 0.08527970 0.03574114
v 0.43954462 0.08566339 0.03588081
v 0.43967757 0.08532181 0.03570692
v 0.43981346 0.08536373 0.03567322
v 0.43913269 0.08509740 0.03589147
v 0.43921381 0.08513690 0.03585869
v 0.43911982 0.08550660 0.03602229
v 0.43923369 0.08514623 0.03585096
v 0.43944487 0.08523742 0.03577574
v 0.43901062 0.08503359 0.03594458
v 0.43891630 0.08541349 0.03610662
v 0.43892404 0.08498503 0.03598511
v 0.43871918 0.08531132 0.03619947
v 0.43889347 0.08496717 0.03600004
v 0.43866146 0.08481947 0.03612390
v 0.43852890 0.08520062 0.03630043
v 0.43864897 0.08481088 0.03613113
v 0.43862972 0.08479748 0.03614240
v 0.43800282 0.08482281 0.03664786
v 0.43822116 0.08446947 0.03642052
v 0.43835258 0.08458478 0.03632224
v 0.43784359 0.08468340 0.03677721
v 0.43809521 0.08434883 0.03652405
v 0.43818685 0.08443765 0.03644775
v 0.43755016 0.08438682 0.03705419
v 0.43785948 0.08409147 0.03674743
v 0.43769267 0.08453794 0.03691275
v 0.43796679 0.08421423 0.03664046
v 0.43802208 0.08427373 0.03658888
v 0.43741611 0.08423039 0.03720121
v 0.43764716 0.08381461 0.03699135
v 0.43776301 0.08397185 0.03685237
v 0.43717349 0.08390303 0.03751082
v 0.43753549 0.08364614 0.03714154
v 0.43729052 0.08406900 0.03735353
v 0.43757629 0.08370987 0.03708458
v 0.43764389 0.08380991 0.03699553
v 0.43745977 0.08352034 0.03725451
v 0.43730760 0.08368609 0.03739914
v 0.43740785 0.08342753 0.03733830
v 0.43720829 0.08351532 0.03755758
v 0.43729889 0.08321117 0.03753508
v 0.43711779 0.08334106 0.03772024
v 0.43727767 0.08316486 0.03757748
v 0.43703607 0.08316373 0.03788683
v 0.43716529 0.08288848 0.03783235
v 0.43696314 0.08298369 0.03805703
v 0.43713897 0.08281386 0.03790175
v 0.43706039 0.08255561 0.03814363
v 0.43684375 0.08261709 0.03840685
v 0.43703273 0.08244605 0.03824705
v 0.43675944 0.08224432 0.03876685
v 0.43698493 0.08221494 0.03846668
v 0.43702504 0.08241308 0.03827825
v 0.43671003 0.08186847 0.03913419
v 0.43693948 0.08186908 0.03879920
v 0.43696105 0.08206198 0.03861317
v 0.43602702 0.08247676 0.03959431
v 0.43625468 0.08227400 0.03944094
v 0.43668666 0.08178008 0.03924555
v 0.44222829 0.08606827 0.03600279
v 0.44213003 0.08609179 0.03597927
v 0.44190657 0.08613777 0.03593329
v 0.44159129 0.08618570 0.03588536
v 0.44141203 0.08620455 0.03586652
v 0.44127023 0.08621528 0.03585579
v 0.44353497 0.08554424 0.03652683
v 0.44344124 0.08559643 0.03647464
v 0.44319588 0.08572128 0.03634978
v 0.44302672 0.08579803 0.03627304
v 0.44289175 0.08585411 0.03621696
v 0.44281045 0.08588576 0.03618531
v 0.44255736 0.08597440 0.03609666
v 0.44236168 0.08603305 0.03603801
v 0.44506994 0.08416673 0.03790434
v 0.44503573 0.08377524 0.03795905
v 0.44520813 0.08396212 0.03810894
v 0.44522786 0.08341634 0.03831115
v 0.44538519 0.08304460 0.03867733
v 0.44545367 0.08352645 0.03854462
v 0.44539917 0.08363327 0.03843780
v 0.44580349 0.08255622 0.03951485
v 0.44571647 0.08287234 0.03919873
v 0.44550735 0.08266286 0.03905487
v 0.44565514 0.08305380 0.03901726
v 0.44557545 0.08325877 0.03881230
v 0.44536620 0.08207113 0.03928765
v 0.44529819 0.08245338 0.03891101
v 0.44519496 0.08283044 0.03854237
v 0.44505659 0.08319940 0.03818450
v 0.44488323 0.08355737 0.03784015
v 0.44478348 0.08373133 0.03767388
v 0.44496089 0.08431316 0.03775791
v 0.44480830 0.08449975 0.03757132
v 0.44469491 0.08462666 0.03744441
v 0.44451377 0.08481176 0.03725931
v 0.44441566 0.08490406 0.03716701
v 0.44416389 0.08511885 0.03695222
v 0.44401193 0.08523492 0.03683615
v 0.44386908 0.08533581 0.03673525
v 0.44363868 0.08548339 0.03658767
v 0.44437510 0.08354393 0.03723396
v 0.44454098 0.08368430 0.03740026
v 0.44464022 0.08351363 0.03755865
v 0.44473070 0.08333950 0.03772125
v 0.44481242 0.08316232 0.03788776
v 0.44438857 0.08352077 0.03725481
v 0.44454965 0.08321127 0.03753557
v 0.44455990 0.08318909 0.03755584
v 0.43706506 0.08373283 0.03767278
v 0.43696529 0.08355877 0.03783912
v 0.43679187 0.08320051 0.03818366
v 0.43665352 0.08283118 0.03854180
v 0.43655032 0.08245376 0.03891071
v 0.43648237 0.08207123 0.03928756
v 0.43610239 0.08277433 0.03929673
v 0.43634120 0.08266320 0.03905457
v 0.43613207 0.08287264 0.03919843
v 0.43646330 0.08304527 0.03867676
v 0.43626231 0.08323333 0.03883774
v 0.43662059 0.08341732 0.03831030
v 0.43646017 0.08365459 0.03841648
v 0.43681279 0.08377648 0.03795800
v 0.43666029 0.08399419 0.03807688
v 0.43692681 0.08166260 0.03900000
v 0.43958396 0.08606122 0.03600985
v 0.43948460 0.08603465 0.03603642
v 0.43928584 0.08597500 0.03609607
v 0.43898427 0.08586732 0.03620375
v 0.43882039 0.08579971 0.03627136
v 0.43867949 0.08573618 0.03633489
v 0.43837291 0.08557960 0.03649147
v 0.43820927 0.08548491 0.03658615
v 0.43806711 0.08539580 0.03667527
v 0.43776590 0.08518357 0.03688750
v 0.43766135 0.08510161 0.03696946
v 0.43749413 0.08496042 0.03711065
v 0.43733481 0.08481304 0.03725802
v 0.43721086 0.08468855 0.03738251
v 0.43704027 0.08450098 0.03757009
v 0.43694103 0.08438183 0.03768924
v 0.43677858 0.08416787 0.03790320
v 0.43668875 0.08403755 0.03803352
v 0.44094330 0.08622625 0.03584481
v 0.44086114 0.08622601 0.03584506
v 0.44067770 0.08622113 0.03584994
v 0.44053283 0.08621301 0.03585806
v 0.44020769 0.08618079 0.03589028
v 0.43989021 0.08612986 0.03594121
v 0.43971604 0.08609325 0.03597781
v 0.44492429 0.08152107 0.03900000
v 0.44592431 0.08152107 0.04000000
v 0.44590527 0.08195685 0.04000000
v 0.44589394 0.08207107 0.04000000
v 0.43595463 0.08207107 0.04000000
v 0.43594334 0.08195685 0.04000000
v 0.43592429 0.08152107 0.04000000
v 0.44590527 0.08108529 0.04000000
v 0.44490907 0.08117244 0.03900000
v 0.44584835 0.08065283 0.04000000
v 0.44486353 0.08082648 0.03900000
v 0.44575393 0.08022697 0.04000000
v 0.44478801 0.08048579 0.03900000
v 0.44562277 0.07981097 0.04000000
v 0.44468307 0.08015299 0.03900000
v 0.44545585 0.07940798 0.04000000
v 0.44454953 0.07983059 0.03900000
v 0.44525442 0.07902107 0.04000000
v 0.44438839 0.07952107 0.03900000
v 0.44502005 0.07865319 0.04000000
v 0.44420090 0.07922676 0.03900000
v 0.44475451 0.07830713 0.04000000
v 0.44398847 0.07894992 0.03900000
v 0.44445983 0.07798553 0.04000000
v 0.44375274 0.07869264 0.03900000
v 0.44413823 0.07769085 0.04000000
v 0.44349545 0.07845689 0.03900000
v 0.44379219 0.07742531 0.04000000
v 0.44321862 0.07824446 0.03900000
v 0.44342428 0.07719094 0.04000000
v 0.44292429 0.07805697 0.03900000
v 0.44303739 0.07698953 0.04000000
v 0.44261476 0.07789584 0.03900000
v 0.44263440 0.07682260 0.04000000
v 0.44229239 0.07776230 0.03900000
v 0.44221839 0.07669144 0.04000000
v 0.44195956 0.07765736 0.03900000
v 0.44179255 0.07659703 0.04000000
v 0.44161889 0.07758184 0.03900000
v 0.44136009 0.07654010 0.04000000
v 0.44127291 0.07753629 0.03900000
v 0.44092429 0.07652107 0.04000000
v 0.44092429 0.07752107 0.03900000
v 0.44048852 0.07654010 0.04000000
v 0.44057569 0.07753629 0.03900000
v 0.44005606 0.07659703 0.04000000
v 0.44022971 0.07758184 0.03900000
v 0.43963021 0.07669144 0.04000000
v 0.43988901 0.07765736 0.03900000
v 0.43921420 0.07682260 0.04000000
v 0.43955621 0.07776230 0.03900000
v 0.43881121 0.07698953 0.04000000
v 0.43923384 0.07789584 0.03900000
v 0.43842429 0.07719094 0.04000000
v 0.43892431 0.07805697 0.03900000
v 0.43805641 0.07742531 0.04000000
v 0.43862998 0.07824446 0.03900000
v 0.43771037 0.07769085 0.04000000
v 0.43835315 0.07845689 0.03900000
v 0.43738878 0.07798553 0.04000000
v 0.43809587 0.07869264 0.03900000
v 0.43709406 0.07830713 0.04000000
v 0.43786013 0.07894992 0.03900000
v 0.43682852 0.07865319 0.04000000
v 0.43764770 0.07922676 0.03900000
v 0.43659416 0.07902107 0.04000000
v 0.43746018 0.07952107 0.03900000
v 0.43639275 0.07940798 0.04000000
v 0.43729907 0.07983059 0.03900000
v 0.43622583 0.07981097 0.04000000
v 0.43716553 0.08015299 0.03900000
v 0.43609467 0.08022697 0.04000000
v 0.43706059 0.08048579 0.03900000
v 0.43600026 0.08065283 0.04000000
v 0.43698508 0.08082648 0.03900000
v 0.43594334 0.08108529 0.04000000
v 0.43693951 0.08117244 0.03900000
v 0.43692431 0.08152107 0.03900000
v 0.49389535 0.08336445 0.03870662
v 0.49419773 0.08320586 0.03886520
v 0.49450001 0.08707107 0.03500000
v 0.49442366 0.08306954 0.03900152
v 0.49450001 0.08301964 0.03905144
v 0.42449999 0.08707107 0.03500000
v 0.42674181 0.08207107 0.04000000
v 0.42449999 0.08207107 0.04000000
v 0.49201328 0.08386262 0.03820845
v 0.49202511 0.08386171 0.03820936
v 0.49233991 0.08382833 0.03824274
v 0.49254778 0.08379617 0.03827490
v 0.49135429 0.08387326 0.03819780
v 0.49149567 0.08387754 0.03819353
v 0.49168345 0.08387767 0.03819340
v 0.49265969 0.08377542 0.03829566
v 0.49280387 0.08374500 0.03832607
v 0.49297664 0.08370289 0.03836818
v 0.49317843 0.08364552 0.03842555
v 0.49330008 0.08360650 0.03846456
v 0.49353927 0.08351973 0.03855133
v 0.49359569 0.08349726 0.03857380
v 0.49377149 0.08342215 0.03864891
v 0.48789740 0.08234891 0.03972215
v 0.48802090 0.08247214 0.03959893
v 0.48824006 0.08267035 0.03940072
v 0.48860848 0.08295449 0.03911658
v 0.48882136 0.08309519 0.03897588
v 0.48891133 0.08315011 0.03892096
v 0.48903203 0.08321980 0.03885126
v 0.48921731 0.08331843 0.03875263
v 0.49096808 0.08384291 0.03822816
v 0.49074414 0.08381234 0.03825872
v 0.49070767 0.08380643 0.03826464
v 0.49102953 0.08384960 0.03822147
v 0.49123111 0.08386658 0.03820449
v 0.48831066 0.08272921 0.03934186
v 0.48842514 0.08282004 0.03925103
v 0.48952547 0.08346175 0.03860931
v 0.48971117 0.08353658 0.03853449
v 0.48983318 0.08358130 0.03848977
v 0.48995194 0.08362156 0.03844951
v 0.49013734 0.08367816 0.03839291
v 0.49019879 0.08369527 0.03837580
v 0.49043685 0.08375399 0.03831708
v 0.49045095 0.08375710 0.03831397
v 0.48752737 0.08207107 0.04000000
v 0.48774028 0.08217802 0.03989305
v 0.47909844 0.08207107 0.04000000
v 0.46764025 0.08207107 0.04000000
v 0.45135975 0.08207107 0.04000000
v 0.43955621 0.08527984 0.01970000
v 0.43786013 0.08409221 0.01970000
v 0.43698508 0.08221566 0.01970000
v 0.43692431 0.08152107 0.01970000
v 0.43693951 0.08186969 0.01970000
v 0.43706059 0.08255634 0.01970000
v 0.43716553 0.08288915 0.01970000
v 0.43729907 0.08321154 0.01970000
v 0.43746018 0.08352107 0.01970000
v 0.43764770 0.08381537 0.01970000
v 0.43835315 0.08458524 0.01970000
v 0.43809587 0.08434950 0.01970000
v 0.43862998 0.08479767 0.01970000
v 0.43892431 0.08498517 0.01970000
v 0.43923384 0.08514630 0.01970000
v 0.43988901 0.08538477 0.01970000
v 0.44022971 0.08546030 0.01970000
v 0.44057569 0.08550584 0.01970000
v 0.44092429 0.08552106 0.01970000
v 0.44127291 0.08550584 0.01970000
v 0.44161889 0.08546030 0.01970000
v 0.44195956 0.08538477 0.01970000
v 0.44229239 0.08527984 0.01970000
v 0.44261476 0.08514630 0.01970000
v 0.44292429 0.08498517 0.01970000
v 0.44321862 0.08479767 0.01970000
v 0.44349545 0.08458524 0.01970000
v 0.44375274 0.08434950 0.01970000
v 0.44398847 0.08409221 0.01970000
v 0.44420090 0.08381537 0.01970000
v 0.44438839 0.08352107 0.01970000
v 0.44454953 0.08321154 0.01970000
v 0.44468307 0.08288915 0.01970000
v 0.44478801 0.08255634 0.01970000
v 0.44486353 0.08221566 0.01970000
v 0.44490907 0.08186969 0.01970000
v 0.44492429 0.08152107 0.01970000
v 0.43693951 0.08117244 0.01970000
v 0.43698508 0.08082648 0.01970000
v 0.43706059 0.08048579 0.01970000
v 0.43716553 0.08015299 0.01970000
v 0.43729907 0.07983059 0.01970000
v 0.43746018 0.07952107 0.01970000
v 0.43764770 0.07922676 0.01970000
v 0.43786013 0.07894992 0.01970000
v 0.43809587 0.07869264 0.01970000
v 0.43835315 0.07845689 0.01970000
v 0.43862998 0.07824446 0.01970000
v 0.43892431 0.07805697 0.01970000
v 0.43923384 0.07789584 0.01970000
v 0.43955621 0.07776230 0.01970000
v 0.43988901 0.07765736 0.01970000
v 0.44022971 0.07758184 0.01970000
v 0.44057569 0.07753629 0.01970000
v 0.44092429 0.07752107 0.01970000
v 0.44127291 0.07753629 0.01970000
v 0.44161889 0.07758184 0.01970000
v 0.44195956 0.07765736 0.01970000
v 0.44229239 0.07776230 0.01970000
v 0.44261476 0.07789584 0.01970000
v 0.44292429 0.07805697 0.01970000
v 0.44321862 0.07824446 0.01970000
v 0.44349545 0.07845689 0.01970000
v 0.44375274 0.07869264 0.01970000
v 0.44398847 0.07894992 0.01970000
v 0.44420090 0.07922676 0.01970000
v 0.44438839 0.07952107 0.01970000
v 0.44454953 0.07983059 0.01970000
v 0.44468307 0.08015299 0.01970000
v 0.44478801 0.08048579 0.01970000
v 0.44486353 0.08082648 0.01970000
v 0.44490907 0.08117244 0.01970000
v 0.49449965 0.07561353 0.03958978
v 0.49477795 0.07546833 0.03972204
v 0.49490213 0.07559235 0.03959788
v 0.49460694 0.07531134 0.03989305
v 0.49499646 0.08248705 0.03935230
v 0.49494255 0.08251361 0.03937415
v 0.49472347 0.08229467 0.03916211
v 0.49509570 0.08242813 0.03930548
v 0.49505100 0.08245637 0.03932766
v 0.49480233 0.08221117 0.03909061
v 0.49502337 0.08247241 0.03934047
v 0.49531800 0.08223831 0.03916509
v 0.49527851 0.08227909 0.03919419
v 0.49495110 0.08203698 0.03895276
v 0.49524659 0.08230951 0.03921625
v 0.49522063 0.08233279 0.03923333
v 0.49517217 0.08237286 0.03926319
v 0.49443984 0.07577762 0.03942514
v 0.49451804 0.07584422 0.03935592
v 0.49439400 0.07590179 0.03930071
v 0.49468008 0.07600175 0.03920467
v 0.49428391 0.07620424 0.03899970
v 0.49483523 0.07616884 0.03906054
v 0.49442625 0.07634047 0.03887399
v 0.49498278 0.07634533 0.03892403
v 0.49453086 0.07644881 0.03878348
v 0.49442899 0.07634320 0.03887162
v 0.49473077 0.07668103 0.03861207
v 0.49466521 0.07660083 0.03866805
v 0.49457824 0.07650067 0.03874265
v 0.49487785 0.07687785 0.03848758
v 0.49485841 0.07685037 0.03850393
v 0.49525276 0.07672604 0.03867581
v 0.49512219 0.07653111 0.03879563
v 0.49548495 0.07714282 0.03846392
v 0.49506557 0.07717250 0.03833131
v 0.49537390 0.07692999 0.03856508
v 0.49498537 0.07703961 0.03839765
v 0.49491090 0.07692579 0.03845982
v 0.49522656 0.07748166 0.03820043
v 0.49517548 0.07737622 0.03824164
v 0.49558532 0.07736430 0.03837280
v 0.49510276 0.07723831 0.03830081
v 0.49507183 0.07718334 0.03832618
v 0.49528766 0.07761937 0.03815142
v 0.49567452 0.07759359 0.03829208
v 0.49530572 0.07766291 0.03813699
v 0.49538419 0.07787195 0.03807438
v 0.49536020 0.07780420 0.03809350
v 0.49610481 0.07770535 0.03839519
v 0.49612284 0.07777103 0.03837716
v 0.49618420 0.07802418 0.03831580
v 0.49545982 0.07811728 0.03801395
v 0.49623376 0.07828148 0.03826624
v 0.49551663 0.07835270 0.03796821
v 0.49618736 0.07803879 0.03831265
v 0.49546525 0.07813733 0.03800960
v 0.49546435 0.07813403 0.03801031
v 0.49629623 0.07880466 0.03820378
v 0.49558717 0.07883383 0.03790986
v 0.49558631 0.07882388 0.03791060
v 0.49628791 0.07870152 0.03821208
v 0.49556863 0.07866044 0.03792554
v 0.49627122 0.07854197 0.03822879
v 0.49555919 0.07859197 0.03793339
v 0.49624860 0.07837455 0.03825140
v 0.49554077 0.07847787 0.03794855
v 0.49552771 0.07840765 0.03795918
v 0.49630716 0.07934789 0.03819284
v 0.49559882 0.07932055 0.03789848
v 0.49560133 0.07921590 0.03789677
v 0.49630746 0.07902909 0.03819254
v 0.49560156 0.07917261 0.03789674
v 0.49560040 0.07907709 0.03789806
v 0.49559328 0.07891537 0.03790457
v 0.49559164 0.07945403 0.03790411
v 0.49629340 0.07959610 0.03820659
v 0.49558634 0.07952134 0.03790842
v 0.49625197 0.07995857 0.03824804
v 0.49554077 0.07986736 0.03794600
v 0.49626601 0.07985787 0.03823398
v 0.49555144 0.07980372 0.03793716
v 0.49628833 0.07965591 0.03821168
v 0.49556762 0.07969247 0.03792379
v 0.49558243 0.07956310 0.03791159
v 0.49617338 0.08037303 0.03832661
v 0.49546522 0.08020808 0.03800816
v 0.49619654 0.08026784 0.03830348
v 0.49550608 0.08004140 0.03797461
v 0.49622586 0.08011714 0.03827414
v 0.49551278 0.08001065 0.03796908
v 0.49552870 0.07993250 0.03795594
v 0.49610904 0.08062468 0.03839096
v 0.49537358 0.08050369 0.03808295
v 0.49537507 0.08049951 0.03808175
v 0.49612075 0.08058238 0.03837924
v 0.49544662 0.08027508 0.03802337
v 0.49545196 0.08025633 0.03801902
v 0.49536023 0.08054093 0.03809381
v 0.49565655 0.08079795 0.03830821
v 0.49528754 0.08072615 0.03815289
v 0.49556419 0.08102579 0.03839166
v 0.49517113 0.08097765 0.03824753
v 0.49522656 0.08086354 0.03820242
v 0.49528164 0.08074006 0.03815768
v 0.49509451 0.08112178 0.03831005
v 0.49546099 0.08124615 0.03848527
v 0.49507952 0.08114840 0.03832233
v 0.49479648 0.08157934 0.03855767
v 0.49483016 0.08153401 0.03852927
v 0.49522430 0.08166063 0.03870129
v 0.49487773 0.08146754 0.03848930
v 0.49534750 0.08145806 0.03858862
v 0.49495324 0.08135577 0.03842636
v 0.49506542 0.08117300 0.03833388
v 0.49466535 0.08174420 0.03866925
v 0.49509197 0.08185354 0.03882283
v 0.49462256 0.08179434 0.03870594
v 0.49454686 0.08187912 0.03877110
v 0.49442995 0.08200144 0.03887277
v 0.49472299 0.08229420 0.03916164
v 0.49605000 0.07752302 0.03844999
v 0.49600163 0.07737906 0.03849836
v 0.49587515 0.07705539 0.03862484
v 0.49576595 0.07681938 0.03873403
v 0.49573761 0.07676301 0.03876238
v 0.49565074 0.07660058 0.03884926
v 0.49557471 0.07646944 0.03892528
v 0.49538335 0.07617523 0.03911665
v 0.49525020 0.07599472 0.03924980
v 0.49516019 0.07588190 0.03933980
v 0.49584898 0.08134556 0.03865100
v 0.49576297 0.08152859 0.03873702
v 0.49560013 0.08183064 0.03889988
v 0.49549767 0.08199772 0.03900233
v 0.49544966 0.08207111 0.03905033
v 0.49538589 0.08215895 0.03910977
v 0.49603322 0.08087124 0.03846677
v 0.49602360 0.08089978 0.03847639
v 0.49590439 0.08121663 0.03859562
v 0.49408475 0.08279660 0.03869985
v 0.49395803 0.08240480 0.03852870
v 0.49427873 0.08266361 0.03882182
v 0.49403068 0.08235055 0.03857462
v 0.49413696 0.08226645 0.03864601
v 0.49367139 0.08303441 0.03848305
v 0.49361023 0.08263170 0.03833781
v 0.49388215 0.08292044 0.03858675
v 0.49377811 0.08252860 0.03842430
v 0.49389657 0.08244874 0.03849159
v 0.49329248 0.08279765 0.03819984
v 0.49336562 0.08276261 0.03822881
v 0.49345282 0.08313782 0.03838927
v 0.49357292 0.08265309 0.03831993
v 0.49360162 0.08263668 0.03833365
v 0.49304509 0.08290306 0.03811347
v 0.49311396 0.08287567 0.03813578
v 0.49315450 0.08285886 0.03814952
v 0.49322689 0.08322995 0.03830595
v 0.49263707 0.08303626 0.03800713
v 0.49270624 0.08301705 0.03802223
v 0.49282053 0.08298235 0.03804970
v 0.49285474 0.08297125 0.03805856
v 0.49297011 0.08293121 0.03809068
v 0.49257925 0.08305129 0.03799536
v 0.49247259 0.08307663 0.03797561
v 0.49233231 0.08310530 0.03795335
v 0.49229622 0.08311184 0.03794830
v 0.49207970 0.08314393 0.03792343
v 0.49223420 0.08312228 0.03794021
v 0.49182129 0.08316658 0.03790567
v 0.49195027 0.08315739 0.03791294
v 0.49199229 0.08315349 0.03791599
v 0.49143413 0.08316911 0.03790275
v 0.49160156 0.08317262 0.03790053
v 0.49168429 0.08317176 0.03790140
v 0.49125943 0.08315796 0.03791083
v 0.49077830 0.08308699 0.03796532
v 0.49090686 0.08311183 0.03794589
v 0.49093696 0.08311702 0.03794188
v 0.49101725 0.08312971 0.03793212
v 0.49118504 0.08315087 0.03791610
v 0.49125287 0.08315739 0.03791125
v 0.49061188 0.08304825 0.03799618
v 0.49068981 0.08306733 0.03798091
v 0.49037388 0.08297957 0.03805190
v 0.49054381 0.08303023 0.03801071
v 0.49056607 0.08303627 0.03800584
v 0.49002260 0.08324571 0.03829140
v 0.49013814 0.08289531 0.03812100
v 0.49023309 0.08293126 0.03809146
v 0.49031472 0.08295998 0.03806792
v 0.48960128 0.08263657 0.03833528
v 0.48967403 0.08267757 0.03830114
v 0.48957416 0.08305368 0.03846500
v 0.48990473 0.08279488 0.03820385
v 0.48979464 0.08315517 0.03837308
v 0.48991102 0.08279783 0.03820141
v 0.49009195 0.08287682 0.03813622
v 0.48951152 0.08258317 0.03837987
v 0.48936188 0.08294197 0.03856662
v 0.48947051 0.08255768 0.03840119
v 0.48930699 0.08244905 0.03849241
v 0.48915806 0.08282062 0.03867749
v 0.48927781 0.08242841 0.03850979
v 0.48896295 0.08269017 0.03879720
v 0.48910117 0.08229481 0.03862279
v 0.48877677 0.08255114 0.03892533
v 0.48893076 0.08215034 0.03874581
v 0.48903018 0.08223660 0.03867225
v 0.48905334 0.08225590 0.03865584
v 0.48883846 0.08206490 0.03881897
v 0.48859972 0.08240406 0.03906146
v 0.48877266 0.08200058 0.03887424
v 0.48877013 0.08199804 0.03887643
v 0.48843205 0.08224949 0.03920516
v 0.48863384 0.08185422 0.03900011
v 0.48804253 0.08207105 0.03958995
v 0.48820785 0.08201129 0.03942439
v 0.48827401 0.08208796 0.03935601
v 0.48833129 0.08196625 0.03930105
v 0.49417335 0.08223625 0.03867171
v 0.49446371 0.08252216 0.03895213
v 0.49485591 0.08266835 0.03930472
v 0.49479830 0.08274733 0.03926087
v 0.49463925 0.08237296 0.03909023
v 0.49475494 0.08279896 0.03922876
v 0.49470776 0.08284923 0.03919458
v 0.49467447 0.08288163 0.03917088
v 0.49464676 0.08290689 0.03915139
v 0.49458539 0.08295802 0.03910895
v 0.49426901 0.08215333 0.03874241
v 0.49490547 0.08258696 0.03934383
v 0.49488521 0.08262213 0.03932765
v 0.48853737 0.08174377 0.03900000
v 0.48832494 0.08146693 0.03900000
v 0.48750579 0.08204050 0.04000000
v 0.48813745 0.08117262 0.03900000
v 0.48727143 0.08167262 0.04000000
v 0.48797631 0.08086309 0.03900000
v 0.48707002 0.08128571 0.04000000
v 0.48784277 0.08054070 0.03900000
v 0.48690310 0.08088272 0.04000000
v 0.48773783 0.08020789 0.03900000
v 0.48677191 0.08046672 0.04000000
v 0.48766232 0.07986721 0.03900000
v 0.48667750 0.08004086 0.04000000
v 0.48761678 0.07952124 0.03900000
v 0.48662058 0.07960840 0.04000000
v 0.48760155 0.07917262 0.03900000
v 0.48660156 0.07917262 0.04000000
v 0.48761678 0.07882400 0.03900000
v 0.48662058 0.07873684 0.04000000
v 0.48766232 0.07847802 0.03900000
v 0.48667750 0.07830438 0.04000000
v 0.48773783 0.07813735 0.03900000
v 0.48677191 0.07787853 0.04000000
v 0.48784277 0.07780454 0.03900000
v 0.48690310 0.07746252 0.04000000
v 0.48797631 0.07748215 0.03900000
v 0.48707002 0.07705953 0.04000000
v 0.48813745 0.07717262 0.03900000
v 0.48727143 0.07667262 0.04000000
v 0.48832494 0.07687832 0.03900000
v 0.48750579 0.07630473 0.04000000
v 0.48853737 0.07660147 0.03900000
v 0.48777133 0.07595868 0.04000000
v 0.48877314 0.07634419 0.03900000
v 0.48806602 0.07563709 0.04000000
v 0.48903039 0.07610844 0.03900000
v 0.48838761 0.07534239 0.04000000
v 0.48930725 0.07589601 0.03900000
v 0.48873368 0.07507686 0.04000000
v 0.48960155 0.07570852 0.03900000
v 0.48910156 0.07484249 0.04000000
v 0.48991108 0.07554739 0.03900000
v 0.48948845 0.07464108 0.04000000
v 0.49023348 0.07541385 0.03900000
v 0.48989144 0.07447416 0.04000000
v 0.49056628 0.07530892 0.03900000
v 0.49030745 0.07434299 0.04000000
v 0.49090695 0.07523338 0.03900000
v 0.49073330 0.07424858 0.04000000
v 0.49125293 0.07518784 0.03900000
v 0.49116579 0.07419164 0.04000000
v 0.49160156 0.07517262 0.03900000
v 0.49160156 0.07417262 0.04000000
v 0.49195018 0.07518784 0.03900000
v 0.49203733 0.07419164 0.04000000
v 0.49229613 0.07523338 0.03900000
v 0.49246979 0.07424858 0.04000000
v 0.49263683 0.07530892 0.03900000
v 0.49289563 0.07434299 0.04000000
v 0.49296963 0.07541385 0.03900000
v 0.49331164 0.07447416 0.04000000
v 0.49329203 0.07554739 0.03900000
v 0.49371463 0.07464108 0.04000000
v 0.49360156 0.07570852 0.03900000
v 0.49410155 0.07484249 0.04000000
v 0.49389586 0.07589601 0.03900000
v 0.49417269 0.07610844 0.03900000
v 0.49446943 0.07507686 0.04000000
v 0.49450001 0.07509843 0.04000000
v 0.45135975 0.01431287 0.04000000
v 0.45135975 0.02747262 0.04000000
v 0.49450001 0.06666951 0.04000000
v 0.47909844 0.06666951 0.04000000
v 0.42674181 0.06666951 0.04000000
v 0.45135975 0.06666951 0.04000000
v 0.43990156 0.06666951 0.04000000
v 0.46764025 0.06666951 0.04000000
v 0.49450001 0.05521132 0.04000000
v 0.47909844 0.05521132 0.04000000
v 0.43990156 0.05521132 0.04000000
v 0.42674181 0.05521132 0.04000000
v 0.49450001 0.03893081 0.04000000
v 0.47909844 0.03893081 0.04000000
v 0.46764025 0.05521132 0.04000000
v 0.46764025 0.03893081 0.04000000
v 0.45135975 0.03893081 0.04000000
v 0.45135975 0.05521132 0.04000000
v 0.43990156 0.03893081 0.04000000
v 0.42674181 0.03893081 0.04000000
v 0.49450001 0.02747262 0.04000000
v 0.47909844 0.02747262 0.04000000
v 0.46764025 0.02747262 0.04000000
v 0.43990156 0.02747262 0.04000000
v 0.42674181 0.02747262 0.04000000
v 0.49450001 0.01431287 0.04000000
v 0.47909844 0.01431287 0.04000000
v 0.49450001 0.01207107 0.04000000
v 0.46764025 0.01431287 0.04000000
v 0.43990156 0.01431287 0.04000000
v 0.42674181 0.01431287 0.04000000
v 0.47909844 0.01207107 0.04000000
v 0.46764025 0.01207107 0.04000000
v 0.45135975 0.01207107 0.04000000
v 0.43990156 0.01207107 0.04000000
v 0.42674181 0.01207107 0.04000000
v 0.42449999 0.06666951 0.04000000
v 0.42449999 0.05521132 0.04000000
v 0.42449999 0.03893081 0.04000000
v 0.42449999 0.02747262 0.04000000
v 0.42449999 0.01431287 0.04000000
v 0.42449999 0.01207107 0.04000000
v 0.49522677 0.08086309 0.01050000
v 0.49466574 0.08174377 0.01050000
v 0.48991108 0.08279785 0.01050000
v 0.48960155 0.08263672 0.01050000
v 0.48930725 0.08244923 0.01050000
v 0.48877314 0.08200105 0.01050000
v 0.49417269 0.07610844 0.01050000
v 0.49442998 0.07634419 0.01050000
v 0.48853737 0.08174377 0.01050000
v 0.48832494 0.08146693 0.01050000
v 0.48813745 0.08117262 0.01050000
v 0.48797631 0.08086309 0.01050000
v 0.48784277 0.08054070 0.01050000
v 0.48773783 0.08020789 0.01050000
v 0.48766232 0.07986721 0.01050000
v 0.48761678 0.07952124 0.01050000
v 0.48760155 0.07917262 0.01050000
v 0.48761678 0.07882400 0.01050000
v 0.48766232 0.07847802 0.01050000
v 0.48773783 0.07813735 0.01050000
v 0.48784277 0.07780454 0.01050000
v 0.48797631 0.07748215 0.01050000
v 0.48813745 0.07717262 0.01050000
v 0.48832494 0.07687832 0.01050000
v 0.48853737 0.07660147 0.01050000
v 0.48877314 0.07634419 0.01050000
v 0.48903039 0.07610844 0.01050000
v 0.48930725 0.07589601 0.01050000
v 0.48960155 0.07570852 0.01050000
v 0.48991108 0.07554739 0.01050000
v 0.49023348 0.07541385 0.01050000
v 0.49056628 0.07530892 0.01050000
v 0.49090695 0.07523338 0.01050000
v 0.49125293 0.07518784 0.01050000
v 0.49160156 0.07517262 0.01050000
v 0.49195018 0.07518784 0.01050000
v 0.49229613 0.07523338 0.01050000
v 0.49263683 0.07530892 0.01050000
v 0.49296963 0.07541385 0.01050000
v 0.49329203 0.07554739 0.01050000
v 0.49360156 0.07570852 0.01050000
v 0.49389586 0.07589601 0.01050000
v 0.48903039 0.08223680 0.01050000
v 0.49023348 0.08293139 0.01050000
v 0.49056628 0.08303633 0.01050000
v 0.49090695 0.08311185 0.01050000
v 0.49125293 0.08315740 0.01050000
v 0.49160156 0.08317262 0.01050000
v 0.49229613 0.08311185 0.01050000
v 0.49195018 0.08315740 0.01050000
v 0.49263683 0.08303633 0.01050000
v 0.49296963 0.08293139 0.01050000
v 0.49329203 0.08279785 0.01050000
v 0.49360156 0.08263672 0.01050000
v 0.49389586 0.08244923 0.01050000
v 0.49417269 0.08223680 0.01050000
v 0.49442998 0.08200105 0.01050000
v 0.49487817 0.08146693 0.01050000
v 0.49506566 0.08117262 0.01050000
v 0.49536031 0.08054070 0.01050000
v 0.49546525 0.08020789 0.01050000
v 0.49554077 0.07986721 0.01050000
v 0.49558634 0.07952124 0.01050000
v 0.49558634 0.07882400 0.01050000
v 0.49560156 0.07917262 0.01050000
v 0.49554077 0.07847802 0.01050000
v 0.49546525 0.07813735 0.01050000
v 0.49536031 0.07780454 0.01050000
v 0.49522677 0.07748215 0.01050000
v 0.49506566 0.07717262 0.01050000
v 0.49487817 0.07687832 0.01050000
v 0.49466574 0.07660147 0.01050000
v 0.44164255 0.08349442 0.01970000
v 0.44146782 0.08354951 0.01970000
v 0.44128895 0.08358917 0.01970000
v 0.44110733 0.08361308 0.01970000
v 0.44092429 0.08362107 0.01970000
v 0.44074127 0.08361308 0.01970000
v 0.44055963 0.08358917 0.01970000
v 0.44038078 0.08354951 0.01970000
v 0.44020605 0.08349442 0.01970000
v 0.44003680 0.08342431 0.01970000
v 0.43987429 0.08333972 0.01970000
v 0.43971980 0.08324128 0.01970000
v 0.43957445 0.08312976 0.01970000
v 0.43943939 0.08300599 0.01970000
v 0.43931562 0.08287092 0.01970000
v 0.43920407 0.08272558 0.01970000
v 0.43910563 0.08257107 0.01970000
v 0.43902105 0.08240857 0.01970000
v 0.43895096 0.08223931 0.01970000
v 0.43889585 0.08206459 0.01970000
v 0.43885621 0.08188573 0.01970000
v 0.43883228 0.08170410 0.01970000
v 0.43882430 0.08152107 0.01970000
v 0.43883228 0.08133804 0.01970000
v 0.43885621 0.08115641 0.01970000
v 0.43889585 0.08097754 0.01970000
v 0.43895096 0.08080283 0.01970000
v 0.43902105 0.08063357 0.01970000
v 0.43910563 0.08047107 0.01970000
v 0.43920407 0.08031656 0.01970000
v 0.43931562 0.08017121 0.01970000
v 0.43943939 0.08003614 0.01970000
v 0.43957445 0.07991237 0.01970000
v 0.43971980 0.07980085 0.01970000
v 0.43987429 0.07970241 0.01970000
v 0.44003680 0.07961782 0.01970000
v 0.44020605 0.07954771 0.01970000
v 0.44038078 0.07949262 0.01970000
v 0.44055963 0.07945297 0.01970000
v 0.44074127 0.07942906 0.01970000
v 0.44092429 0.07942107 0.01970000
v 0.44110733 0.07942906 0.01970000
v 0.44128895 0.07945297 0.01970000
v 0.44146782 0.07949262 0.01970000
v 0.44164255 0.07954771 0.01970000
v 0.44181180 0.07961782 0.01970000
v 0.44197431 0.07970241 0.01970000
v 0.44212881 0.07980085 0.01970000
v 0.44227415 0.07991237 0.01970000
v 0.44240922 0.08003614 0.01970000
v 0.44253299 0.08017121 0.01970000
v 0.44264451 0.08031656 0.01970000
v 0.44274294 0.08047107 0.01970000
v 0.44282755 0.08063357 0.01970000
v 0.44289765 0.08080283 0.01970000
v 0.44295275 0.08097754 0.01970000
v 0.44299239 0.08115641 0.01970000
v 0.44301632 0.08133804 0.01970000
v 0.44302431 0.08152107 0.01970000
v 0.44301632 0.08170410 0.01970000
v 0.44299239 0.08188573 0.01970000
v 0.44295275 0.08206459 0.01970000
v 0.44289765 0.08223931 0.01970000
v 0.44282755 0.08240857 0.01970000
v 0.44274294 0.08257107 0.01970000
v 0.44264451 0.08272558 0.01970000
v 0.44253299 0.08287092 0.01970000
v 0.44240922 0.08300599 0.01970000
v 0.44227415 0.08312976 0.01970000
v 0.44212881 0.08324128 0.01970000
v 0.44197431 0.08333972 0.01970000
v 0.44181180 0.08342431 0.01970000
v 0.49280605 0.08089284 0.01050000
v 0.49265155 0.08099128 0.01050000
v 0.49248904 0.08107586 0.01050000
v 0.49231979 0.08114597 0.01050000
v 0.49214506 0.08120106 0.01050000
v 0.49196622 0.08124071 0.01050000
v 0.49178457 0.08126463 0.01050000
v 0.49160156 0.08127262 0.01050000
v 0.49141851 0.08126463 0.01050000
v 0.49123690 0.08124071 0.01050000
v 0.49105802 0.08120106 0.01050000
v 0.49088332 0.08114597 0.01050000
v 0.49071404 0.08107586 0.01050000
v 0.49055156 0.08099128 0.01050000
v 0.49039704 0.08089284 0.01050000
v 0.49025169 0.08078131 0.01050000
v 0.49011663 0.08065754 0.01050000
v 0.48999286 0.08052247 0.01050000
v 0.48988134 0.08037713 0.01050000
v 0.48978290 0.08022262 0.01050000
v 0.48969829 0.08006012 0.01050000
v 0.48962820 0.07989086 0.01050000
v 0.48957312 0.07971614 0.01050000
v 0.48953345 0.07953728 0.01050000
v 0.48950955 0.07935565 0.01050000
v 0.48950157 0.07917262 0.01050000
v 0.48950955 0.07898960 0.01050000
v 0.48953345 0.07880796 0.01050000
v 0.48957312 0.07862910 0.01050000
v 0.48962820 0.07845438 0.01050000
v 0.48969829 0.07828512 0.01050000
v 0.48978290 0.07812262 0.01050000
v 0.48988134 0.07796811 0.01050000
v 0.48999286 0.07782277 0.01050000
v 0.49011663 0.07768770 0.01050000
v 0.49025169 0.07756393 0.01050000
v 0.49039704 0.07745240 0.01050000
v 0.49055156 0.07735397 0.01050000
v 0.49071404 0.07726938 0.01050000
v 0.49088332 0.07719927 0.01050000
v 0.49105802 0.07714418 0.01050000
v 0.49123690 0.07710452 0.01050000
v 0.49141851 0.07708061 0.01050000
v 0.49160156 0.07707262 0.01050000
v 0.49178457 0.07708061 0.01050000
v 0.49196622 0.07710452 0.01050000
v 0.49214506 0.07714418 0.01050000
v 0.49231979 0.07719927 0.01050000
v 0.49248904 0.07726938 0.01050000
v 0.49265155 0.07735397 0.01050000
v 0.49280605 0.07745240 0.01050000
v 0.49295139 0.07756393 0.01050000
v 0.49308649 0.07768770 0.01050000
v 0.49321026 0.07782277 0.01050000
v 0.49332178 0.07796811 0.01050000
v 0.49342021 0.07812262 0.01050000
v 0.49350479 0.07828512 0.01050000
v 0.49357492 0.07845438 0.01050000
v 0.49362999 0.07862910 0.01050000
v 0.49366966 0.07880796 0.01050000
v 0.49369356 0.07898960 0.01050000
v 0.49370155 0.07917262 0.01050000
v 0.49369356 0.07935565 0.01050000
v 0.49366966 0.07953728 0.01050000
v 0.49362999 0.07971614 0.01050000
v 0.49357492 0.07989086 0.01050000
v 0.49350479 0.08006012 0.01050000
v 0.49342021 0.08022262 0.01050000
v 0.49332178 0.08037713 0.01050000
v 0.49321026 0.08052247 0.01050000
v 0.49308649 0.08065754 0.01050000
v 0.49295139 0.08078131 0.01050000
v 0.49950001 0.08207107 0.03500000
v 0.49950001 0.01207107 0.03500000
v 0.49440154 0.01496952 -0.00280000
v 0.49440154 0.01496952 0.02720000
v 0.49439090 0.01521355 -0.00280000
v 0.49439090 0.01521355 0.02720000
v 0.49435902 0.01545573 -0.00280000
v 0.49435902 0.01545573 0.02720000
v 0.49430615 0.01569421 -0.00280000
v 0.49430615 0.01569421 0.02720000
v 0.49423268 0.01592717 -0.00280000
v 0.49423268 0.01592717 0.02720000
v 0.49413922 0.01615285 -0.00280000
v 0.49413922 0.01615285 0.02720000
v 0.49402642 0.01636952 -0.00280000
v 0.49402642 0.01636952 0.02720000
v 0.49389517 0.01657553 -0.00280000
v 0.49389517 0.01657553 0.02720000
v 0.49374649 0.01676932 -0.00280000
v 0.49374649 0.01676932 0.02720000
v 0.49358144 0.01694942 -0.00280000
v 0.49358144 0.01694942 0.02720000
v 0.49340135 0.01711444 -0.00280000
v 0.49340135 0.01711444 0.02720000
v 0.49320757 0.01726314 -0.00280000
v 0.49320757 0.01726314 0.02720000
v 0.49300155 0.01739439 -0.00280000
v 0.49300155 0.01739439 0.02720000
v 0.49278489 0.01750718 -0.00280000
v 0.49278489 0.01750718 0.02720000
v 0.49255919 0.01760066 -0.00280000
v 0.49255919 0.01760066 0.02720000
v 0.49232623 0.01767411 -0.00280000
v 0.49232623 0.01767411 0.02720000
v 0.49208775 0.01772698 -0.00280000
v 0.49208775 0.01772698 0.02720000
v 0.49184558 0.01775886 -0.00280000
v 0.49184558 0.01775886 0.02720000
v 0.49160156 0.01776952 -0.00280000
v 0.49160156 0.01776952 0.02720000
v 0.49135751 0.01775886 -0.00280000
v 0.49135751 0.01775886 0.02720000
v 0.49111533 0.01772698 -0.00280000
v 0.49111533 0.01772698 0.02720000
v 0.49087685 0.01767411 -0.00280000
v 0.49087685 0.01767411 0.02720000
v 0.49064389 0.01760066 -0.00280000
v 0.49064389 0.01760066 0.02720000
v 0.49041823 0.01750718 -0.00280000
v 0.49041823 0.01750718 0.02720000
v 0.49020156 0.01739439 -0.00280000
v 0.49020156 0.01739439 0.02720000
v 0.48999554 0.01726314 -0.00280000
v 0.48999554 0.01726314 0.02720000
v 0.48980173 0.01711444 -0.00280000
v 0.48980173 0.01711444 0.02720000
v 0.48962164 0.01694942 -0.00280000
v 0.48962164 0.01694942 0.02720000
v 0.48945662 0.01676932 -0.00280000
v 0.48945662 0.01676932 0.02720000
v 0.48930794 0.01657553 -0.00280000
v 0.48930794 0.01657553 0.02720000
v 0.48917669 0.01636952 -0.00280000
v 0.48917669 0.01636952 0.02720000
v 0.48906389 0.01615285 -0.00280000
v 0.48906389 0.01615285 0.02720000
v 0.48897040 0.01592717 -0.00280000
v 0.48897040 0.01592717 0.02720000
v 0.48889697 0.01569421 -0.00280000
v 0.48889697 0.01569421 0.02720000
v 0.48884410 0.01545573 -0.00280000
v 0.48884410 0.01545573 0.02720000
v 0.48881221 0.01521355 -0.00280000
v 0.48881221 0.01521355 0.02720000
v 0.48880154 0.01496952 -0.00280000
v 0.48880154 0.01496952 0.02720000
v 0.48881221 0.01472548 -0.00280000
v 0.48881221 0.01472548 0.02720000
v 0.48884410 0.01448330 -0.00280000
v 0.48884410 0.01448330 0.02720000
v 0.48889697 0.01424482 -0.00280000
v 0.48889697 0.01424482 0.02720000
v 0.48897040 0.01401186 -0.00280000
v 0.48897040 0.01401186 0.02720000
v 0.48906389 0.01378619 -0.00280000
v 0.48906389 0.01378619 0.02720000
v 0.48917669 0.01356952 -0.00280000
v 0.48917669 0.01356952 0.02720000
v 0.48930794 0.01336350 -0.00280000
v 0.48930794 0.01336350 0.02720000
v 0.48945662 0.01316971 -0.00280000
v 0.48945662 0.01316971 0.02720000
v 0.48962164 0.01298962 -0.00280000
v 0.48962164 0.01298962 0.02720000
v 0.48980173 0.01282459 -0.00280000
v 0.48980173 0.01282459 0.02720000
v 0.48999554 0.01267589 -0.00280000
v 0.48999554 0.01267589 0.02720000
v 0.49020156 0.01254465 -0.00280000
v 0.49020156 0.01254465 0.02720000
v 0.49041823 0.01243186 -0.00280000
v 0.49041823 0.01243186 0.02720000
v 0.49064389 0.01233838 -0.00280000
v 0.49064389 0.01233838 0.02720000
v 0.49087685 0.01226492 -0.00280000
v 0.49087685 0.01226492 0.02720000
v 0.49111533 0.01221205 -0.00280000
v 0.49111533 0.01221205 0.02720000
v 0.49135751 0.01218017 -0.00280000
v 0.49135751 0.01218017 0.02720000
v 0.49160156 0.01216952 -0.00280000
v 0.49160156 0.01216952 0.02720000
v 0.49184558 0.01218017 -0.00280000
v 0.49184558 0.01218017 0.02720000
v 0.49208775 0.01221205 -0.00280000
v 0.49208775 0.01221205 0.02720000
v 0.49232623 0.01226492 -0.00280000
v 0.49232623 0.01226492 0.02720000
v 0.49255919 0.01233838 -0.00280000
v 0.49255919 0.01233838 0.02720000
v 0.49278489 0.01243186 -0.00280000
v 0.49278489 0.01243186 0.02720000
v 0.49300155 0.01254465 -0.00280000
v 0.49300155 0.01254465 0.02720000
v 0.49320757 0.01267589 -0.00280000
v 0.49320757 0.01267589 0.02720000
v 0.49340135 0.01282459 -0.00280000
v 0.49340135 0.01282459 0.02720000
v 0.49358144 0.01298962 -0.00280000
v 0.49358144 0.01298962 0.02720000
v 0.49374649 0.01316971 -0.00280000
v 0.49374649 0.01316971 0.02720000
v 0.49389517 0.01336350 -0.00280000
v 0.49389517 0.01336350 0.02720000
v 0.49402642 0.01356952 -0.00280000
v 0.49402642 0.01356952 0.02720000
v 0.49413922 0.01378619 -0.00280000
v 0.49413922 0.01378619 0.02720000
v 0.49423268 0.01401186 -0.00280000
v 0.49423268 0.01401186 0.02720000
v 0.49430615 0.01424482 -0.00280000
v 0.49430615 0.01424482 0.02720000
v 0.49435902 0.01448330 -0.00280000
v 0.49435902 0.01448330 0.02720000
v 0.49439090 0.01472548 -0.00280000
v 0.49439090 0.01472548 0.02720000
v 0.49160156 0.01496952 0.02720000
v 0.44302431 0.08152107 0.01220000
v 0.44301632 0.08170410 0.01220000
v 0.44299239 0.08188573 0.01220000
v 0.44295275 0.08206459 0.01220000
v 0.44289765 0.08223931 0.01220000
v 0.44282755 0.08240857 0.01220000
v 0.44274294 0.08257107 0.01220000
v 0.44264451 0.08272558 0.01220000
v 0.44253299 0.08287092 0.01220000
v 0.44240922 0.08300599 0.01220000
v 0.44227415 0.08312976 0.01220000
v 0.44212881 0.08324128 0.01220000
v 0.44197431 0.08333972 0.01220000
v 0.44181180 0.08342431 0.01220000
v 0.44164255 0.08349442 0.01220000
v 0.44146782 0.08354951 0.01220000
v 0.44128895 0.08358917 0.01220000
v 0.44110733 0.08361308 0.01220000
v 0.44092429 0.08362107 0.01220000
v 0.44074127 0.08361308 0.01220000
v 0.44055963 0.08358917 0.01220000
v 0.44038078 0.08354951 0.01220000
v 0.44020605 0.08349442 0.01220000
v 0.44003680 0.08342431 0.01220000
v 0.43987429 0.08333972 0.01220000
v 0.43971980 0.08324128 0.01220000
v 0.43957445 0.08312976 0.01220000
v 0.43943939 0.08300599 0.01220000
v 0.43931562 0.08287092 0.01220000
v 0.43920407 0.08272558 0.01220000
v 0.43910563 0.08257107 0.01220000
v 0.43902105 0.08240857 0.01220000
v 0.43895096 0.08223931 0.01220000
v 0.43889585 0.08206459 0.01220000
v 0.43885621 0.08188573 0.01220000
v 0.43883228 0.08170410 0.01220000
v 0.43882430 0.08152107 0.01220000
v 0.43883228 0.08133804 0.01220000
v 0.43885621 0.08115641 0.01220000
v 0.43889585 0.08097754 0.01220000
v 0.43895096 0.08080283 0.01220000
v 0.43902105 0.08063357 0.01220000
v 0.43910563 0.08047107 0.01220000
v 0.43920407 0.08031656 0.01220000
v 0.43931562 0.08017121 0.01220000
v 0.43943939 0.08003614 0.01220000
v 0.43957445 0.07991237 0.01220000
v 0.43971980 0.07980085 0.01220000
v 0.43987429 0.07970241 0.01220000
v 0.44003680 0.07961782 0.01220000
v 0.44020605 0.07954771 0.01220000
v 0.44038078 0.07949262 0.01220000
v 0.44055963 0.07945297 0.01220000
v 0.44074127 0.07942906 0.01220000
v 0.44092429 0.07942107 0.01220000
v 0.44110733 0.07942906 0.01220000
v 0.44128895 0.07945297 0.01220000
v 0.44146782 0.07949262 0.01220000
v 0.44164255 0.07954771 0.01220000
v 0.44181180 0.07961782 0.01220000
v 0.44197431 0.07970241 0.01220000
v 0.44212881 0.07980085 0.01220000
v 0.44227415 0.07991237 0.01220000
v 0.44240922 0.08003614 0.01220000
v 0.44253299 0.08017121 0.01220000
v 0.44264451 0.08031656 0.01220000
v 0.44274294 0.08047107 0.01220000
v 0.44282755 0.08063357 0.01220000
v 0.44289765 0.08080283 0.01220000
v 0.44295275 0.08097754 0.01220000
v 0.44299239 0.08115641 0.01220000
v 0.44301632 0.08133804 0.01220000
v 0.44372430 0.01262107 -0.00280000
v 0.44372430 0.01262107 0.02720000
v 0.44371364 0.01286510 -0.00280000
v 0.44371364 0.01286510 0.02720000
v 0.44368175 0.01310728 -0.00280000
v 0.44368175 0.01310728 0.02720000
v 0.44362888 0.01334576 -0.00280000
v 0.44362888 0.01334576 0.02720000
v 0.44355544 0.01357872 -0.00280000
v 0.44355544 0.01357872 0.02720000
v 0.44346195 0.01380440 -0.00280000
v 0.44346195 0.01380440 0.02720000
v 0.44334918 0.01402107 -0.00280000
v 0.44334918 0.01402107 0.02720000
v 0.44321793 0.01422708 -0.00280000
v 0.44321793 0.01422708 0.02720000
v 0.44306922 0.01442087 -0.00280000
v 0.44306922 0.01442087 0.02720000
v 0.44290420 0.01460097 -0.00280000
v 0.44290420 0.01460097 0.02720000
v 0.44272411 0.01476599 -0.00280000
v 0.44272411 0.01476599 0.02720000
v 0.44253030 0.01491469 -0.00280000
v 0.44253030 0.01491469 0.02720000
v 0.44232431 0.01504594 -0.00280000
v 0.44232431 0.01504594 0.02720000
v 0.44210762 0.01515873 -0.00280000
v 0.44210762 0.01515873 0.02720000
v 0.44188195 0.01525221 -0.00280000
v 0.44188195 0.01525221 0.02720000
v 0.44164899 0.01532566 -0.00280000
v 0.44164899 0.01532566 0.02720000
v 0.44141051 0.01537853 -0.00280000
v 0.44141051 0.01537853 0.02720000
v 0.44116834 0.01541041 -0.00280000
v 0.44116834 0.01541041 0.02720000
v 0.44092429 0.01542107 -0.00280000
v 0.44092429 0.01542107 0.02720000
v 0.44068027 0.01541041 -0.00280000
v 0.44068027 0.01541041 0.02720000
v 0.44043809 0.01537853 -0.00280000
v 0.44043809 0.01537853 0.02720000
v 0.44019961 0.01532566 -0.00280000
v 0.44019961 0.01532566 0.02720000
v 0.43996665 0.01525221 -0.00280000
v 0.43996665 0.01525221 0.02720000
v 0.43974096 0.01515873 -0.00280000
v 0.43974096 0.01515873 0.02720000
v 0.43952429 0.01504594 -0.00280000
v 0.43952429 0.01504594 0.02720000
v 0.43931827 0.01491469 -0.00280000
v 0.43931827 0.01491469 0.02720000
v 0.43912449 0.01476599 -0.00280000
v 0.43912449 0.01476599 0.02720000
v 0.43894440 0.01460097 -0.00280000
v 0.43894440 0.01460097 0.02720000
v 0.43877938 0.01442087 -0.00280000
v 0.43877938 0.01442087 0.02720000
v 0.43863067 0.01422708 -0.00280000
v 0.43863067 0.01422708 0.02720000
v 0.43849942 0.01402107 -0.00280000
v 0.43849942 0.01402107 0.02720000
v 0.43838665 0.01380440 -0.00280000
v 0.43838665 0.01380440 0.02720000
v 0.43829316 0.01357872 -0.00280000
v 0.43829316 0.01357872 0.02720000
v 0.43821970 0.01334576 -0.00280000
v 0.43821970 0.01334576 0.02720000
v 0.43816683 0.01310728 -0.00280000
v 0.43816683 0.01310728 0.02720000
v 0.43813494 0.01286510 -0.00280000
v 0.43813494 0.01286510 0.02720000
v 0.43812430 0.01262107 -0.00280000
v 0.43812430 0.01262107 0.02720000
v 0.43813494 0.01237703 -0.00280000
v 0.43813494 0.01237703 0.02720000
v 0.43816683 0.01213485 -0.00280000
v 0.43816683 0.01213485 0.02720000
v 0.43821970 0.01189637 -0.00280000
v 0.43821970 0.01189637 0.02720000
v 0.43829316 0.01166341 -0.00280000
v 0.43829316 0.01166341 0.02720000
v 0.43838665 0.01143774 -0.00280000
v 0.43838665 0.01143774 0.02720000
v 0.43849942 0.01122107 -0.00280000
v 0.43849942 0.01122107 0.02720000
v 0.43863067 0.01101505 -0.00280000
v 0.43863067 0.01101505 0.02720000
v 0.43877938 0.01082126 -0.00280000
v 0.43877938 0.01082126 0.02720000
v 0.43894440 0.01064117 -0.00280000
v 0.43894440 0.01064117 0.02720000
v 0.43912449 0.01047614 -0.00280000
v 0.43912449 0.01047614 0.02720000
v 0.43931827 0.01032744 -0.00280000
v 0.43931827 0.01032744 0.02720000
v 0.43952429 0.01019620 -0.00280000
v 0.43952429 0.01019620 0.02720000
v 0.43974096 0.01008341 -0.00280000
v 0.43974096 0.01008341 0.02720000
v 0.43996665 0.00998993 -0.00280000
v 0.43996665 0.00998993 0.02720000
v 0.44019961 0.00991648 -0.00280000
v 0.44019961 0.00991648 0.02720000
v 0.44043809 0.00986361 -0.00280000
v 0.44043809 0.00986361 0.02720000
v 0.44068027 0.00983172 -0.00280000
v 0.44068027 0.00983172 0.02720000
v 0.44092429 0.00982107 -0.00280000
v 0.44092429 0.00982107 0.02720000
v 0.44116834 0.00983172 -0.00280000
v 0.44116834 0.00983172 0.02720000
v 0.44141051 0.00986361 -0.00280000
v 0.44141051 0.00986361 0.02720000
v 0.44164899 0.00991648 -0.00280000
v 0.44164899 0.00991648 0.02720000
v 0.44188195 0.00998993 -0.00280000
v 0.44188195 0.00998993 0.02720000
v 0.44210762 0.01008341 -0.00280000
v 0.44210762 0.01008341 0.02720000
v 0.44232431 0.01019620 -0.00280000
v 0.44232431 0.01019620 0.02720000
v 0.44253030 0.01032744 -0.00280000
v 0.44253030 0.01032744 0.02720000
v 0.44272411 0.01047614 -0.00280000
v 0.44272411 0.01047614 0.02720000
v 0.44290420 0.01064117 -0.00280000
v 0.44290420 0.01064117 0.02720000
v 0.44306922 0.01082126 -0.00280000
v 0.44306922 0.01082126 0.02720000
v 0.44321793 0.01101505 -0.00280000
v 0.44321793 0.01101505 0.02720000
v 0.44334918 0.01122107 -0.00280000
v 0.44334918 0.01122107 0.02720000
v 0.44346195 0.01143774 -0.00280000
v 0.44346195 0.01143774 0.02720000
v 0.44355544 0.01166341 -0.00280000
v 0.44355544 0.01166341 0.02720000
v 0.44362888 0.01189637 -0.00280000
v 0.44362888 0.01189637 0.02720000
v 0.44368175 0.01213485 -0.00280000
v 0.44368175 0.01213485 0.02720000
v 0.44371364 0.01237703 -0.00280000
v 0.44371364 0.01237703 0.02720000
v 0.44092429 0.01262107 0.02720000
v 0.49370155 0.07917262 0.00300000
v 0.49369356 0.07935565 0.00300000
v 0.49366966 0.07953728 0.00300000
v 0.49362999 0.07971614 0.00300000
v 0.49357492 0.07989086 0.00300000
v 0.49350479 0.08006012 0.00300000
v 0.49342021 0.08022262 0.00300000
v 0.49332178 0.08037713 0.00300000
v 0.49321026 0.08052247 0.00300000
v 0.49308649 0.08065754 0.00300000
v 0.49295139 0.08078131 0.00300000
v 0.49280605 0.08089284 0.00300000
v 0.49265155 0.08099128 0.00300000
v 0.49248904 0.08107586 0.00300000
v 0.49231979 0.08114597 0.00300000
v 0.49214506 0.08120106 0.00300000
v 0.49196622 0.08124071 0.00300000
v 0.49178457 0.08126463 0.00300000
v 0.49160156 0.08127262 0.00300000
v 0.49141851 0.08126463 0.00300000
v 0.49123690 0.08124071 0.00300000
v 0.49105802 0.08120106 0.00300000
v 0.49088332 0.08114597 0.00300000
v 0.49071404 0.08107586 0.00300000
v 0.49055156 0.08099128 0.00300000
v 0.49039704 0.08089284 0.00300000
v 0.49025169 0.08078131 0.00300000
v 0.49011663 0.08065754 0.00300000
v 0.48999286 0.08052247 0.00300000
v 0.48988134 0.08037713 0.00300000
v 0.48978290 0.08022262 0.00300000
v 0.48969829 0.08006012 0.00300000
v 0.48962820 0.07989086 0.00300000
v 0.48957312 0.07971614 0.00300000
v 0.48953345 0.07953728 0.00300000
v 0.48950955 0.07935565 0.00300000
v 0.48950157 0.07917262 0.00300000
v 0.48950955 0.07898960 0.00300000
v 0.48953345 0.07880796 0.00300000
v 0.48957312 0.07862910 0.00300000
v 0.48962820 0.07845438 0.00300000
v 0.48969829 0.07828512 0.00300000
v 0.48978290 0.07812262 0.00300000
v 0.48988134 0.07796811 0.00300000
v 0.48999286 0.07782277 0.00300000
v 0.49011663 0.07768770 0.00300000
v 0.49025169 0.07756393 0.00300000
v 0.49039704 0.07745240 0.00300000
v 0.49055156 0.07735397 0.00300000
v 0.49071404 0.07726938 0.00300000
v 0.49088332 0.07719927 0.00300000
v 0.49105802 0.07714418 0.00300000
v 0.49123690 0.07710452 0.00300000
v 0.49141851 0.07708061 0.00300000
v 0.49160156 0.07707262 0.00300000
v 0.49178457 0.07708061 0.00300000
v 0.49196622 0.07710452 0.00300000
v 0.49214506 0.07714418 0.00300000
v 0.49231979 0.07719927 0.00300000
v 0.49248904 0.07726938 0.00300000
v 0.49265155 0.07735397 0.00300000
v 0.49280605 0.07745240 0.00300000
v 0.49295139 0.07756393 0.00300000
v 0.49308649 0.07768770 0.00300000
v 0.49321026 0.07782277 0.00300000
v 0.49332178 0.07796811 0.00300000
v 0.49342021 0.07812262 0.00300000
v 0.49350479 0.07828512 0.00300000
v 0.49357492 0.07845438 0.00300000
v 0.49362999 0.07862910 0.00300000
v 0.49366966 0.07880796 0.00300000
v 0.49369356 0.07898960 0.00300000
v 0.31950000 0.02567107 0.00760000
v 0.32200000 0.02817107 0.00760000
v 0.31950000 0.02567107 -0.00280000
v 0.32200000 0.02817107 -0.00280000
v 0.31952378 0.02567107 0.00814472
v 0.32201427 0.02817107 0.00792683
v 0.31959495 0.02567107 0.00868530
v 0.32205698 0.02817107 0.00825118
v 0.31971297 0.02567107 0.00921762
v 0.32212779 0.02817107 0.00857057
v 0.31987691 0.02567107 0.00973763
v 0.32222617 0.02817107 0.00888258
v 0.32008559 0.02567107 0.01024136
v 0.32235134 0.02817107 0.00918482
v 0.32033736 0.02567107 0.01072500
v 0.32250240 0.02817107 0.00947500
v 0.32063031 0.02567107 0.01118485
v 0.32267818 0.02817107 0.00975091
v 0.32096222 0.02567107 0.01161742
v 0.32287735 0.02817107 0.01001045
v 0.32133058 0.02567107 0.01201942
v 0.32309836 0.02817107 0.01025165
v 0.32173258 0.02567107 0.01238778
v 0.32333955 0.02817107 0.01047267
v 0.34854513 0.02817107 0.03162267
v 0.34693816 0.02567107 0.03353778
v 0.34737074 0.02567107 0.03386970
v 0.34880468 0.02817107 0.03182182
v 0.34783059 0.02567107 0.03416266
v 0.34908059 0.02817107 0.03199759
v 0.34831423 0.02567107 0.03441443
v 0.34937078 0.02817107 0.03214866
v 0.34881797 0.02567107 0.03462308
v 0.34967300 0.02817107 0.03227385
v 0.34933797 0.02567107 0.03478704
v 0.34998500 0.02817107 0.03237222
v 0.34987029 0.02567107 0.03490505
v 0.35030439 0.02817107 0.03244303
v 0.35041088 0.02567107 0.03497622
v 0.35062876 0.02817107 0.03248573
v 0.35095558 0.02817107 0.03250000
v 0.38230705 0.02817107 0.03250000
v 0.38670960 0.03554120 0.03250000
v 0.38650969 0.03592381 0.03252390
v 0.38648969 0.03591071 0.03250000
v 0.38637358 0.03609060 0.03250602
v 0.38623881 0.03625996 0.03250000
v 0.38689697 0.03515417 0.03250000
v 0.38694900 0.03541252 0.03265478
v 0.38672334 0.03567019 0.03257435
v 0.38705039 0.03475246 0.03250000
v 0.38727242 0.03506030 0.03281262
v 0.38710248 0.03524296 0.03272387
v 0.38727775 0.03263047 0.03250000
v 0.38730583 0.03305955 0.03250000
v 0.38884377 0.03358817 0.03405000
v 0.38729692 0.03348947 0.03250000
v 0.38828284 0.03407269 0.03354340
v 0.38725111 0.03391702 0.03250000
v 0.38782811 0.03449748 0.03317815
v 0.38716874 0.03433906 0.03250000
v 0.38772014 0.03460292 0.03309924
v 0.38744205 0.03488304 0.03291285
v 0.38273668 0.02818956 0.03250000
v 0.38316309 0.02824489 0.03250000
v 0.38358319 0.02833666 0.03250000
v 0.38399386 0.02846419 0.03250000
v 0.38439205 0.02862652 0.03250000
v 0.38477480 0.02882247 0.03250000
v 0.38513932 0.02905058 0.03250000
v 0.38548288 0.02930917 0.03250000
v 0.38580295 0.02959633 0.03250000
v 0.38609716 0.02990991 0.03250000
v 0.38636336 0.03024762 0.03250000
v 0.38659954 0.03060696 0.03250000
v 0.38680398 0.03098525 0.03250000
v 0.38697514 0.03137972 0.03250000
v 0.38711181 0.03178743 0.03250000
v 0.38721293 0.03220538 0.03250000
v 0.38729692 0.06065263 0.03250000
v 0.38884372 0.06055392 0.03404995
v 0.38725111 0.06022507 0.03250000
v 0.38828278 0.06006941 0.03354336
v 0.38716871 0.05980304 0.03250000
v 0.38782808 0.05964462 0.03317812
v 0.38705039 0.05938963 0.03250000
v 0.38744202 0.05925906 0.03291283
v 0.38772014 0.05953922 0.03309924
v 0.38689697 0.05898793 0.03250000
v 0.38670960 0.05860089 0.03250000
v 0.38679501 0.05855490 0.03259702
v 0.38694832 0.05872882 0.03265449
v 0.38710245 0.05889914 0.03272386
v 0.38727283 0.05908229 0.03281286
v 0.38623878 0.05788214 0.03250000
v 0.38637391 0.05805194 0.03250605
v 0.38648966 0.05823138 0.03250000
v 0.38650966 0.05821829 0.03252390
v 0.38672334 0.05847194 0.03257435
v 0.38230705 0.06597107 0.03250000
v 0.38273668 0.06595258 0.03250000
v 0.38316309 0.06589724 0.03250000
v 0.38358319 0.06580547 0.03250000
v 0.38399386 0.06567795 0.03250000
v 0.38439205 0.06551561 0.03250000
v 0.38477480 0.06531966 0.03250000
v 0.38513932 0.06509154 0.03250000
v 0.38548288 0.06483295 0.03250000
v 0.38580295 0.06454580 0.03250000
v 0.38609719 0.06423221 0.03250000
v 0.38636336 0.06389450 0.03250000
v 0.38659954 0.06353515 0.03250000
v 0.38680398 0.06315686 0.03250000
v 0.38697517 0.06276239 0.03250000
v 0.38711181 0.06235468 0.03250000
v 0.38721293 0.06193673 0.03250000
v 0.38727775 0.06151164 0.03250000
v 0.38730583 0.06108255 0.03250000
v 0.35095558 0.06597107 0.03250000
v 0.35041088 0.06847107 0.03497622
v 0.35062876 0.06597107 0.03248573
v 0.34987029 0.06847107 0.03490505
v 0.35030439 0.06597107 0.03244303
v 0.34933797 0.06847107 0.03478704
v 0.34998500 0.06597107 0.03237222
v 0.34881797 0.06847107 0.03462308
v 0.34967300 0.06597107 0.03227385
v 0.34831423 0.06847107 0.03441443
v 0.34937078 0.06597107 0.03214866
v 0.34783059 0.06847107 0.03416266
v 0.34908059 0.06597107 0.03199759
v 0.34737074 0.06847107 0.03386970
v 0.34880468 0.06597107 0.03182182
v 0.34693816 0.06847107 0.03353778
v 0.34854513 0.06597107 0.03162267
v 0.32333955 0.06597107 0.01047267
v 0.32173258 0.06847107 0.01238778
v 0.32133058 0.06847107 0.01201942
v 0.32309836 0.06597107 0.01025165
v 0.32096222 0.06847107 0.01161742
v 0.32287735 0.06597107 0.01001045
v 0.32063031 0.06847107 0.01118485
v 0.32267818 0.06597107 0.00975091
v 0.32033736 0.06847107 0.01072500
v 0.32250240 0.06597107 0.00947500
v 0.32008559 0.06847107 0.01024136
v 0.32235134 0.06597107 0.00918482
v 0.31987691 0.06847107 0.00973763
v 0.32222617 0.06597107 0.00888258
v 0.31971297 0.06847107 0.00921762
v 0.32212779 0.06597107 0.00857057
v 0.31959495 0.06847107 0.00868530
v 0.32205698 0.06597107 0.00825118
v 0.31952378 0.06847107 0.00814472
v 0.32201427 0.06597107 0.00792683
v 0.31950000 0.06847107 0.00760000
v 0.32200000 0.06597107 0.00760000
v 0.49450001 0.08707107 0.00300000
v 0.49493578 0.08705204 0.03500000
v 0.49493578 0.08705204 0.00300000
v 0.49536824 0.08699511 0.03500000
v 0.49536824 0.08699511 0.00300000
v 0.49579409 0.08690070 0.03500000
v 0.49579409 0.08690070 0.00300000
v 0.49621010 0.08676953 0.03500000
v 0.49621010 0.08676953 0.00300000
v 0.49661309 0.08660261 0.03500000
v 0.49661309 0.08660261 0.00300000
v 0.49700001 0.08640119 0.03500000
v 0.49700001 0.08640119 0.00300000
v 0.49736789 0.08616683 0.03500000
v 0.49736789 0.08616683 0.00300000
v 0.49771392 0.08590129 0.03500000
v 0.49771392 0.08590129 0.00300000
v 0.49803552 0.08560660 0.03500000
v 0.49803552 0.08560660 0.00300000
v 0.49833024 0.08528501 0.03500000
v 0.49833024 0.08528501 0.00300000
v 0.49859577 0.08493895 0.03500000
v 0.49859577 0.08493895 0.00300000
v 0.49883014 0.08457107 0.03500000
v 0.49883014 0.08457107 0.00300000
v 0.49903154 0.08418416 0.03500000
v 0.49903154 0.08418416 0.00300000
v 0.49919847 0.08378117 0.03500000
v 0.49919847 0.08378117 0.00300000
v 0.49932963 0.08336516 0.03500000
v 0.49932963 0.08336516 0.00300000
v 0.49942404 0.08293931 0.03500000
v 0.49942404 0.08293931 0.00300000
v 0.49948096 0.08250684 0.03500000
v 0.49948096 0.08250684 0.00300000
v 0.49950001 0.08207107 0.00300000
v 0.44092429 0.08707107 0.01220000
v 0.42449999 0.08707107 0.01220000
v 0.44092429 0.08707107 0.02920000
v 0.48360914 0.08707107 0.02920000
v 0.48360914 0.08707107 0.00300000
v 0.48077276 0.07795342 0.00300000
v 0.48077276 0.07795342 0.02920000
v 0.48043492 0.07820786 0.02920000
v 0.48043492 0.07820786 0.00300000
v 0.48011979 0.07848994 0.02920000
v 0.48011979 0.07848994 0.00300000
v 0.47982961 0.07879765 0.02920000
v 0.47982961 0.07879765 0.00300000
v 0.47956648 0.07912877 0.02920000
v 0.47956648 0.07912877 0.00300000
v 0.47933230 0.07948095 0.02920000
v 0.47933230 0.07948095 0.00300000
v 0.47912869 0.07985166 0.02920000
v 0.47912869 0.07985166 0.00300000
v 0.47895715 0.08023826 0.02920000
v 0.47895715 0.08023826 0.00300000
v 0.47881889 0.08063796 0.02920000
v 0.47881889 0.08063796 0.00300000
v 0.47871494 0.08104792 0.02920000
v 0.47871494 0.08104792 0.00300000
v 0.47864598 0.08146521 0.02920000
v 0.47864598 0.08146521 0.00300000
v 0.47861251 0.08188682 0.02920000
v 0.47861251 0.08188682 0.00300000
v 0.47861484 0.08230975 0.02920000
v 0.47861484 0.08230975 0.00300000
v 0.47865286 0.08273098 0.02920000
v 0.47865286 0.08273098 0.00300000
v 0.47872636 0.08314749 0.02920000
v 0.47872636 0.08314749 0.00300000
v 0.47883481 0.08355629 0.02920000
v 0.47883481 0.08355629 0.00300000
v 0.47897741 0.08395447 0.02920000
v 0.47897741 0.08395447 0.00300000
v 0.47915316 0.08433916 0.02920000
v 0.47915316 0.08433916 0.00300000
v 0.47936076 0.08470763 0.02920000
v 0.47936076 0.08470763 0.00300000
v 0.47959879 0.08505724 0.02920000
v 0.47959879 0.08505724 0.00300000
v 0.47986552 0.08538548 0.02920000
v 0.47986552 0.08538548 0.00300000
v 0.48015901 0.08569001 0.02920000
v 0.48015901 0.08569001 0.00300000
v 0.48047721 0.08596864 0.02920000
v 0.48047721 0.08596864 0.00300000
v 0.48081779 0.08621938 0.02920000
v 0.48081779 0.08621938 0.00300000
v 0.48117837 0.08644044 0.02920000
v 0.48117837 0.08644044 0.00300000
v 0.48155633 0.08663024 0.02920000
v 0.48155633 0.08663024 0.00300000
v 0.48194897 0.08678742 0.02920000
v 0.48194897 0.08678742 0.00300000
v 0.48235351 0.08691084 0.02920000
v 0.48235351 0.08691084 0.00300000
v 0.48276702 0.08699965 0.02920000
v 0.48276702 0.08699965 0.00300000
v 0.48318657 0.08705318 0.02920000
v 0.48318657 0.08705318 0.00300000
v 0.48296508 0.07632239 0.02920000
v 0.48296508 0.07632239 0.00300000
v 0.48503283 0.07453605 0.02920000
v 0.48503283 0.07453605 0.00300000
v 0.48696497 0.07260388 0.02920000
v 0.48696497 0.07260388 0.00300000
v 0.48875132 0.07053615 0.02920000
v 0.48875132 0.07053615 0.00300000
v 0.49038234 0.06834383 0.02920000
v 0.49038234 0.06834383 0.00300000
v 0.49950001 0.07118019 0.00300000
v 0.49950001 0.07118019 0.02920000
v 0.49948213 0.07075763 0.02920000
v 0.49948213 0.07075763 0.00300000
v 0.49942857 0.07033809 0.02920000
v 0.49942857 0.07033809 0.00300000
v 0.49933979 0.06992458 0.02920000
v 0.49933979 0.06992458 0.00300000
v 0.49921635 0.06952005 0.02920000
v 0.49921635 0.06952005 0.00300000
v 0.49905917 0.06912740 0.02920000
v 0.49905917 0.06912740 0.00300000
v 0.49886936 0.06874944 0.02920000
v 0.49886936 0.06874944 0.00300000
v 0.49864832 0.06838886 0.02920000
v 0.49864832 0.06838886 0.00300000
v 0.49839756 0.06804827 0.02920000
v 0.49839756 0.06804827 0.00300000
v 0.49811894 0.06773008 0.02920000
v 0.49811894 0.06773008 0.00300000
v 0.49781442 0.06743658 0.02920000
v 0.49781442 0.06743658 0.00300000
v 0.49748617 0.06716986 0.02920000
v 0.49748617 0.06716986 0.00300000
v 0.49713656 0.06693184 0.02920000
v 0.49713656 0.06693184 0.00300000
v 0.49676809 0.06672422 0.02920000
v 0.49676809 0.06672422 0.00300000
v 0.49638340 0.06654847 0.02920000
v 0.49638340 0.06654847 0.00300000
v 0.49598521 0.06640588 0.02920000
v 0.49598521 0.06640588 0.00300000
v 0.49557641 0.06629743 0.02920000
v 0.49557641 0.06629743 0.00300000
v 0.49515992 0.06622393 0.02920000
v 0.49515992 0.06622393 0.00300000
v 0.49473870 0.06618589 0.02920000
v 0.49473870 0.06618589 0.00300000
v 0.49431574 0.06618359 0.02920000
v 0.49431574 0.06618359 0.00300000
v 0.49389413 0.06621704 0.02920000
v 0.49389413 0.06621704 0.00300000
v 0.49347687 0.06628600 0.02920000
v 0.49347687 0.06628600 0.00300000
v 0.49306691 0.06638998 0.02920000
v 0.49306691 0.06638998 0.00300000
v 0.49266720 0.06652822 0.02920000
v 0.49266720 0.06652822 0.00300000
v 0.49228060 0.06669977 0.02920000
v 0.49228060 0.06669977 0.00300000
v 0.49190989 0.06690336 0.02920000
v 0.49190989 0.06690336 0.00300000
v 0.49155772 0.06713756 0.02920000
v 0.49155772 0.06713756 0.00300000
v 0.49122658 0.06740068 0.02920000
v 0.49122658 0.06740068 0.00300000
v 0.49091887 0.06769085 0.02920000
v 0.49091887 0.06769085 0.00300000
v 0.49063680 0.06800598 0.02920000
v 0.49063680 0.06800598 0.00300000
v 0.49950001 0.02296194 0.02920000
v 0.49950001 0.02296194 -0.00280000
v 0.49950001 0.01207107 -0.00280000
v 0.49948213 0.02338450 -0.00280000
v 0.49948213 0.02338450 0.02920000
v 0.49942857 0.02380404 -0.00280000
v 0.49942857 0.02380404 0.02920000
v 0.49933979 0.02421756 -0.00280000
v 0.49933979 0.02421756 0.02920000
v 0.49921635 0.02462208 -0.00280000
v 0.49921635 0.02462208 0.02920000
v 0.49905917 0.02501474 -0.00280000
v 0.49905917 0.02501474 0.02920000
v 0.49886936 0.02539270 -0.00280000
v 0.49886936 0.02539270 0.02920000
v 0.49864832 0.02575327 -0.00280000
v 0.49864832 0.02575327 0.02920000
v 0.49839756 0.02609387 -0.00280000
v 0.49839756 0.02609387 0.02920000
v 0.49811894 0.02641205 -0.00280000
v 0.49811894 0.02641205 0.02920000
v 0.49781442 0.02670556 -0.00280000
v 0.49781442 0.02670556 0.02920000
v 0.49748617 0.02697227 -0.00280000
v 0.49748617 0.02697227 0.02920000
v 0.49713656 0.02721030 -0.00280000
v 0.49713656 0.02721030 0.02920000
v 0.49676809 0.02741792 -0.00280000
v 0.49676809 0.02741792 0.02920000
v 0.49638340 0.02759366 -0.00280000
v 0.49638340 0.02759366 0.02920000
v 0.49598521 0.02773626 -0.00280000
v 0.49598521 0.02773626 0.02920000
v 0.49557641 0.02784470 -0.00280000
v 0.49557641 0.02784470 0.02920000
v 0.49515992 0.02791820 -0.00280000
v 0.49515992 0.02791820 0.02920000
v 0.49473870 0.02795624 -0.00280000
v 0.49473870 0.02795624 0.02920000
v 0.49431574 0.02795855 -0.00280000
v 0.49431574 0.02795855 0.02920000
v 0.49389413 0.02792510 -0.00280000
v 0.49389413 0.02792510 0.02920000
v 0.49347687 0.02785614 -0.00280000
v 0.49347687 0.02785614 0.02920000
v 0.49306691 0.02775216 -0.00280000
v 0.49306691 0.02775216 0.02920000
v 0.49266720 0.02761391 -0.00280000
v 0.49266720 0.02761391 0.02920000
v 0.49228060 0.02744237 -0.00280000
v 0.49228060 0.02744237 0.02920000
v 0.49190989 0.02723878 -0.00280000
v 0.49190989 0.02723878 0.02920000
v 0.49155772 0.02700458 -0.00280000
v 0.49155772 0.02700458 0.02920000
v 0.49122658 0.02674145 -0.00280000
v 0.49122658 0.02674145 0.02920000
v 0.49091887 0.02645129 -0.00280000
v 0.49091887 0.02645129 0.02920000
v 0.49063680 0.02613615 -0.00280000
v 0.49063680 0.02613615 0.02920000
v 0.49038234 0.02579831 -0.00280000
v 0.49038234 0.02579831 0.02920000
v 0.48875132 0.02360599 0.02920000
v 0.48875132 0.02360599 -0.00280000
v 0.48696497 0.02153825 0.02920000
v 0.48696497 0.02153825 -0.00280000
v 0.48503283 0.01960609 0.02920000
v 0.48503283 0.01960609 -0.00280000
v 0.48296508 0.01781974 0.02920000
v 0.48296508 0.01781974 -0.00280000
v 0.48077276 0.01618871 0.02920000
v 0.48077276 0.01618871 -0.00280000
v 0.48360914 0.00707107 -0.00280000
v 0.49450001 0.00707107 -0.00280000
v 0.48360914 0.00707107 0.02920000
v 0.49450001 0.00707107 0.03500000
v 0.44092429 0.00707107 0.02920000
v 0.42449999 0.00707107 0.03500000
v 0.44092429 0.00707107 -0.00280000
v 0.42449999 0.00707107 -0.00280000
v 0.41949999 0.01207107 0.03500000
v 0.41949999 0.08207107 0.03500000
v 0.42406422 0.00709009 0.03500000
v 0.42363176 0.00714703 0.03500000
v 0.42320591 0.00724144 0.03500000
v 0.42278990 0.00737260 0.03500000
v 0.42238691 0.00753953 0.03500000
v 0.42199999 0.00774094 0.03500000
v 0.42163211 0.00797531 0.03500000
v 0.42128608 0.00824085 0.03500000
v 0.42096448 0.00853553 0.03500000
v 0.42066976 0.00885713 0.03500000
v 0.42040423 0.00920319 0.03500000
v 0.42016986 0.00957107 0.03500000
v 0.41996846 0.00995798 0.03500000
v 0.41980153 0.01036097 0.03500000
v 0.41967037 0.01077697 0.03500000
v 0.41957596 0.01120283 0.03500000
v 0.41951904 0.01163529 0.03500000
v 0.49948096 0.01163529 0.03500000
v 0.49942404 0.01120283 0.03500000
v 0.49932963 0.01077697 0.03500000
v 0.49919847 0.01036097 0.03500000
v 0.49903154 0.00995798 0.03500000
v 0.49883014 0.00957107 0.03500000
v 0.49859577 0.00920319 0.03500000
v 0.49833024 0.00885713 0.03500000
v 0.49803552 0.00853553 0.03500000
v 0.49771392 0.00824085 0.03500000
v 0.49736789 0.00797531 0.03500000
v 0.49700001 0.00774094 0.03500000
v 0.49661309 0.00753953 0.03500000
v 0.49621010 0.00737260 0.03500000
v 0.49579409 0.00724144 0.03500000
v 0.49536824 0.00714703 0.03500000
v 0.49493578 0.00709009 0.03500000
v 0.41951904 0.08250684 0.03500000
v 0.41957596 0.08293931 0.03500000
v 0.41967037 0.08336516 0.03500000
v 0.41980153 0.08378117 0.03500000
v 0.41996846 0.08418416 0.03500000
v 0.42016986 0.08457107 0.03500000
v 0.42040423 0.08493895 0.03500000
v 0.42066976 0.08528501 0.03500000
v 0.42096448 0.08560660 0.03500000
v 0.42128608 0.08590129 0.03500000
v 0.42163211 0.08616683 0.03500000
v 0.42199999 0.08640119 0.03500000
v 0.42238691 0.08660261 0.03500000
v 0.42278990 0.08676953 0.03500000
v 0.42320591 0.08690070 0.03500000
v 0.42363176 0.08699511 0.03500000
v 0.42406422 0.08705204 0.03500000
v 0.41949999 0.01207107 -0.00280000
v 0.41949999 0.01817107 -0.00280000
v 0.41949999 0.08207107 0.01220000
v 0.41951904 0.08250684 0.01220000
v 0.41957596 0.08293931 0.01220000
v 0.41967037 0.08336516 0.01220000
v 0.41980153 0.08378117 0.01220000
v 0.41996846 0.08418416 0.01220000
v 0.42016986 0.08457107 0.01220000
v 0.42040423 0.08493895 0.01220000
v 0.42066976 0.08528501 0.01220000
v 0.42096448 0.08560660 0.01220000
v 0.42128608 0.08590129 0.01220000
v 0.42163211 0.08616683 0.01220000
v 0.42199999 0.08640119 0.01220000
v 0.42238691 0.08660261 0.01220000
v 0.42278990 0.08676953 0.01220000
v 0.42320591 0.08690070 0.01220000
v 0.42363176 0.08699511 0.01220000
v 0.42406422 0.08705204 0.01220000
v 0.49948096 0.01163529 -0.00280000
v 0.49942404 0.01120283 -0.00280000
v 0.49932963 0.01077697 -0.00280000
v 0.49919847 0.01036097 -0.00280000
v 0.49903154 0.00995798 -0.00280000
v 0.49883014 0.00957107 -0.00280000
v 0.49859577 0.00920319 -0.00280000
v 0.49833024 0.00885713 -0.00280000
v 0.49803552 0.00853553 -0.00280000
v 0.49771392 0.00824085 -0.00280000
v 0.49736789 0.00797531 -0.00280000
v 0.49700001 0.00774094 -0.00280000
v 0.49661309 0.00753953 -0.00280000
v 0.49621010 0.00737260 -0.00280000
v 0.49579409 0.00724144 -0.00280000
v 0.49536824 0.00714703 -0.00280000
v 0.49493578 0.00709009 -0.00280000
v 0.44136009 0.00709009 -0.00280000
v 0.44136009 0.00709009 0.02920000
v 0.44179255 0.00714703 -0.00280000
v 0.44179255 0.00714703 0.02920000
v 0.44221839 0.00724144 -0.00280000
v 0.44221839 0.00724144 0.02920000
v 0.44263440 0.00737260 -0.00280000
v 0.44263440 0.00737260 0.02920000
v 0.44303739 0.00753953 -0.00280000
v 0.44303739 0.00753953 0.02920000
v 0.44342428 0.00774094 -0.00280000
v 0.44342428 0.00774094 0.02920000
v 0.44379219 0.00797531 -0.00280000
v 0.44379219 0.00797531 0.02920000
v 0.44413823 0.00824085 -0.00280000
v 0.44413823 0.00824085 0.02920000
v 0.44445983 0.00853553 -0.00280000
v 0.44445983 0.00853553 0.02920000
v 0.44475451 0.00885713 -0.00280000
v 0.44475451 0.00885713 0.02920000
v 0.44502005 0.00920319 -0.00280000
v 0.44502005 0.00920319 0.02920000
v 0.44525442 0.00957107 -0.00280000
v 0.44525442 0.00957107 0.02920000
v 0.44545585 0.00995798 -0.00280000
v 0.44545585 0.00995798 0.02920000
v 0.44562277 0.01036097 -0.00280000
v 0.44562277 0.01036097 0.02920000
v 0.44575393 0.01077697 -0.00280000
v 0.44575393 0.01077697 0.02920000
v 0.44584835 0.01120283 -0.00280000
v 0.44584835 0.01120283 0.02920000
v 0.44590527 0.01163529 -0.00280000
v 0.44590527 0.01163529 0.02920000
v 0.44592431 0.01207107 -0.00280000
v 0.44592431 0.01207107 0.02920000
v 0.44592431 0.08207107 0.02920000
v 0.44592431 0.08207107 0.01220000
v 0.44590527 0.08250684 0.01220000
v 0.44590527 0.08250684 0.02920000
v 0.44584835 0.08293931 0.01220000
v 0.44584835 0.08293931 0.02920000
v 0.44575393 0.08336516 0.01220000
v 0.44575393 0.08336516 0.02920000
v 0.44562277 0.08378117 0.01220000
v 0.44562277 0.08378117 0.02920000
v 0.44545585 0.08418416 0.01220000
v 0.44545585 0.08418416 0.02920000
v 0.44525442 0.08457107 0.01220000
v 0.44525442 0.08457107 0.02920000
v 0.44502005 0.08493895 0.01220000
v 0.44502005 0.08493895 0.02920000
v 0.44475451 0.08528501 0.01220000
v 0.44475451 0.08528501 0.02920000
v 0.44445983 0.08560660 0.01220000
v 0.44445983 0.08560660 0.02920000
v 0.44413823 0.08590129 0.01220000
v 0.44413823 0.08590129 0.02920000
v 0.44379219 0.08616683 0.01220000
v 0.44379219 0.08616683 0.02920000
v 0.44342428 0.08640119 0.01220000
v 0.44342428 0.08640119 0.02920000
v 0.44303739 0.08660261 0.01220000
v 0.44303739 0.08660261 0.02920000
v 0.44263440 0.08676953 0.01220000
v 0.44263440 0.08676953 0.02920000
v 0.44221839 0.08690070 0.01220000
v 0.44221839 0.08690070 0.02920000
v 0.44179255 0.08699511 0.01220000
v 0.44179255 0.08699511 0.02920000
v 0.44136009 0.08705204 0.01220000
v 0.44136009 0.08705204 0.02920000
v 0.44217381 0.07667971 0.02920000
v 0.44217381 0.07667971 0.01220000
v 0.44256800 0.07679896 0.01220000
v 0.44256800 0.07679896 0.02920000
v 0.44295102 0.07695025 0.01220000
v 0.44295102 0.07695025 0.02920000
v 0.44332030 0.07713255 0.01220000
v 0.44332030 0.07713255 0.02920000
v 0.44367334 0.07734461 0.01220000
v 0.44367334 0.07734461 0.02920000
v 0.44400772 0.07758501 0.01220000
v 0.44400772 0.07758501 0.02920000
v 0.44432119 0.07785212 0.01220000
v 0.44432119 0.07785212 0.02920000
v 0.44461158 0.07814410 0.01220000
v 0.44461158 0.07814410 0.02920000
v 0.44487700 0.07845901 0.01220000
v 0.44487700 0.07845901 0.02920000
v 0.44511557 0.07879468 0.01220000
v 0.44511557 0.07879468 0.02920000
v 0.44532573 0.07914885 0.01220000
v 0.44532573 0.07914885 0.02920000
v 0.44550601 0.07951912 0.01220000
v 0.44550601 0.07951912 0.02920000
v 0.44565523 0.07990296 0.01220000
v 0.44565523 0.07990296 0.02920000
v 0.44577235 0.08029778 0.01220000
v 0.44577235 0.08029778 0.02920000
v 0.44585657 0.08070090 0.01220000
v 0.44585657 0.08070090 0.02920000
v 0.44590732 0.08110959 0.01220000
v 0.44590732 0.08110959 0.02920000
v 0.44592431 0.08152107 0.01220000
v 0.44592431 0.08152107 0.02920000
v 0.48043492 0.01593428 -0.00280000
v 0.48043492 0.01593428 0.02920000
v 0.48011979 0.01565219 -0.00280000
v 0.48011979 0.01565219 0.02920000
v 0.47982961 0.01534449 -0.00280000
v 0.47982961 0.01534449 0.02920000
v 0.47956648 0.01501336 -0.00280000
v 0.47956648 0.01501336 0.02920000
v 0.47933230 0.01466118 -0.00280000
v 0.47933230 0.01466118 0.02920000
v 0.47912869 0.01429047 -0.00280000
v 0.47912869 0.01429047 0.02920000
v 0.47895715 0.01390388 -0.00280000
v 0.47895715 0.01390388 0.02920000
v 0.47881889 0.01350417 -0.00280000
v 0.47881889 0.01350417 0.02920000
v 0.47871494 0.01309421 -0.00280000
v 0.47871494 0.01309421 0.02920000
v 0.47864598 0.01267693 -0.00280000
v 0.47864598 0.01267693 0.02920000
v 0.47861251 0.01225531 -0.00280000
v 0.47861251 0.01225531 0.02920000
v 0.47861484 0.01183238 -0.00280000
v 0.47861484 0.01183238 0.02920000
v 0.47865286 0.01141115 -0.00280000
v 0.47865286 0.01141115 0.02920000
v 0.47872636 0.01099465 -0.00280000
v 0.47872636 0.01099465 0.02920000
v 0.47883481 0.01058585 -0.00280000
v 0.47883481 0.01058585 0.02920000
v 0.47897741 0.01018767 -0.00280000
v 0.47897741 0.01018767 0.02920000
v 0.47915316 0.00980297 -0.00280000
v 0.47915316 0.00980297 0.02920000
v 0.47936076 0.00943450 -0.00280000
v 0.47936076 0.00943450 0.02920000
v 0.47959879 0.00908489 -0.00280000
v 0.47959879 0.00908489 0.02920000
v 0.47986552 0.00875665 -0.00280000
v 0.47986552 0.00875665 0.02920000
v 0.48015901 0.00845213 -0.00280000
v 0.48015901 0.00845213 0.02920000
v 0.48047721 0.00817350 -0.00280000
v 0.48047721 0.00817350 0.02920000
v 0.48081779 0.00792276 -0.00280000
v 0.48081779 0.00792276 0.02920000
v 0.48117837 0.00770169 -0.00280000
v 0.48117837 0.00770169 0.02920000
v 0.48155633 0.00751190 -0.00280000
v 0.48155633 0.00751190 0.02920000
v 0.48194897 0.00735472 -0.00280000
v 0.48194897 0.00735472 0.02920000
v 0.48235351 0.00723129 -0.00280000
v 0.48235351 0.00723129 0.02920000
v 0.48276702 0.00714249 -0.00280000
v 0.48276702 0.00714249 0.02920000
v 0.48318657 0.00708896 -0.00280000
v 0.48318657 0.00708896 0.02920000
v 0.36745098 0.02817107 -0.00280000
v 0.36745098 0.03692107 -0.00280000
v 0.38745099 0.03692107 -0.00280000
v 0.31950000 0.01817107 -0.00280000
v 0.39642912 0.04350018 -0.00280000
v 0.39675391 0.04320254 -0.00280000
v 0.39613149 0.04382499 -0.00280000
v 0.41951904 0.01163529 -0.00280000
v 0.38745099 0.04447107 -0.00280000
v 0.39567074 0.04447107 -0.00280000
v 0.39586329 0.04417451 -0.00280000
v 0.42452928 0.03353225 -0.00280000
v 0.42580801 0.03060593 -0.00280000
v 0.40386853 0.04382499 -0.00280000
v 0.39710343 0.04293435 -0.00280000
v 0.39747500 0.04269764 -0.00280000
v 0.39786577 0.04249422 -0.00280000
v 0.40252501 0.04269764 -0.00280000
v 0.40289655 0.04293435 -0.00280000
v 0.43356720 0.02005285 -0.00280000
v 0.41996846 0.00995798 -0.00280000
v 0.41980153 0.01036097 -0.00280000
v 0.41967037 0.01077697 -0.00280000
v 0.41957596 0.01120283 -0.00280000
v 0.42733112 0.02779901 -0.00280000
v 0.42908749 0.02513186 -0.00280000
v 0.43106443 0.02262382 -0.00280000
v 0.42163211 0.00797531 -0.00280000
v 0.42128608 0.00824085 -0.00280000
v 0.42096448 0.00853553 -0.00280000
v 0.42406422 0.00709009 -0.00280000
v 0.42363176 0.00714703 -0.00280000
v 0.42320591 0.00724144 -0.00280000
v 0.39827278 0.04232562 -0.00280000
v 0.39869297 0.04219314 -0.00280000
v 0.39912307 0.04209779 -0.00280000
v 0.40413672 0.04417451 -0.00280000
v 0.40432927 0.04447107 -0.00280000
v 0.42209023 0.04447107 -0.00280000
v 0.40324607 0.04320254 -0.00280000
v 0.40357089 0.04350018 -0.00280000
v 0.43326932 0.02028932 -0.00280000
v 0.43299031 0.02054775 -0.00280000
v 0.42066976 0.00885713 -0.00280000
v 0.42040423 0.00920319 -0.00280000
v 0.42016986 0.00957107 -0.00280000
v 0.43388215 0.01983970 -0.00280000
v 0.40087691 0.04209779 -0.00280000
v 0.40130705 0.04219314 -0.00280000
v 0.40172720 0.04232562 -0.00280000
v 0.40213421 0.04249422 -0.00280000
v 0.42224264 0.04281207 -0.00280000
v 0.42274010 0.03965754 -0.00280000
v 0.42350417 0.03655677 -0.00280000
v 0.42278990 0.00737260 -0.00280000
v 0.42238691 0.00753953 -0.00280000
v 0.42199999 0.00774094 -0.00280000
v 0.44461158 0.01599803 -0.00280000
v 0.44487700 0.01568313 -0.00280000
v 0.44511557 0.01534745 -0.00280000
v 0.44532573 0.01499328 -0.00280000
v 0.44550601 0.01462302 -0.00280000
v 0.44565523 0.01423917 -0.00280000
v 0.44577235 0.01384435 -0.00280000
v 0.44585657 0.01344123 -0.00280000
v 0.44590732 0.01303254 -0.00280000
v 0.44592431 0.01262107 -0.00280000
v 0.39955986 0.04204028 -0.00280000
v 0.40000001 0.04202107 -0.00280000
v 0.40044013 0.04204028 -0.00280000
v 0.43421242 0.01965111 -0.00280000
v 0.43455604 0.01948817 -0.00280000
v 0.43491107 0.01935181 -0.00280000
v 0.43527544 0.01924283 -0.00280000
v 0.44217381 0.01746242 -0.00280000
v 0.44256800 0.01734317 -0.00280000
v 0.44295102 0.01719189 -0.00280000
v 0.44332030 0.01700959 -0.00280000
v 0.44367334 0.01679753 -0.00280000
v 0.44400772 0.01655713 -0.00280000
v 0.44432119 0.01629002 -0.00280000
v 0.32173258 0.07597107 0.01238778
v 0.34775558 0.07597107 0.02875000
v 0.34776777 0.07597107 0.02847110
v 0.43345645 0.07597107 0.01220000
v 0.43345645 0.07597107 0.00300000
v 0.41949999 0.07597107 0.01220000
v 0.31950000 0.07597107 0.00300000
v 0.35372686 0.07597107 0.02715000
v 0.35385576 0.07597107 0.02739762
v 0.41006216 0.07597107 0.02847110
v 0.35396260 0.07597107 0.02765554
v 0.35404655 0.07597107 0.02792178
v 0.35230798 0.07597107 0.02584982
v 0.35255560 0.07597107 0.02597872
v 0.35321832 0.07597107 0.02648726
v 0.35340694 0.07597107 0.02669308
v 0.35357687 0.07597107 0.02691456
v 0.32894999 0.07597107 0.00760000
v 0.32893783 0.07597107 0.00787890
v 0.35404655 0.07597107 0.02957822
v 0.35396260 0.07597107 0.02984446
v 0.34818432 0.07597107 0.03035000
v 0.34805539 0.07597107 0.03010238
v 0.34693816 0.07597107 0.03353778
v 0.35279104 0.07597107 0.02612871
v 0.35301250 0.07597107 0.02629866
v 0.32852128 0.07597107 0.00600000
v 0.32865018 0.07597107 0.00624762
v 0.32875702 0.07597107 0.00650554
v 0.32884097 0.07597107 0.00677178
v 0.32890138 0.07597107 0.00704433
v 0.32893783 0.07597107 0.00732110
v 0.41643783 0.07597107 0.02902890
v 0.41640139 0.07597107 0.02930567
v 0.41634098 0.07597107 0.02957822
v 0.41625702 0.07597107 0.02984446
v 0.41615018 0.07597107 0.03010238
v 0.41602129 0.07597107 0.03035000
v 0.41587129 0.07597107 0.03058545
v 0.41047871 0.07597107 0.03035000
v 0.41034982 0.07597107 0.03010238
v 0.35414341 0.07597107 0.02902890
v 0.41024297 0.07597107 0.02984446
v 0.41015905 0.07597107 0.02957822
v 0.35410696 0.07597107 0.02819433
v 0.35414341 0.07597107 0.02847110
v 0.41005000 0.07597107 0.02875000
v 0.35415560 0.07597107 0.02875000
v 0.41006216 0.07597107 0.02902890
v 0.41009861 0.07597107 0.02930567
v 0.35385576 0.07597107 0.03010238
v 0.35372686 0.07597107 0.03035000
v 0.35357687 0.07597107 0.03058545
v 0.34786463 0.07597107 0.02957822
v 0.34780422 0.07597107 0.02930567
v 0.34776777 0.07597107 0.02902890
v 0.35123450 0.07597107 0.02556218
v 0.35151127 0.07597107 0.02559862
v 0.32256219 0.07597107 0.00732110
v 0.32259861 0.07597107 0.00704433
v 0.31950000 0.07597107 0.00760000
v 0.32265905 0.07597107 0.00677178
v 0.32274297 0.07597107 0.00650554
v 0.32284981 0.07597107 0.00624762
v 0.34794858 0.07597107 0.02984446
v 0.35178381 0.07597107 0.02565904
v 0.35205007 0.07597107 0.02574298
v 0.32297871 0.07597107 0.00600000
v 0.32312870 0.07597107 0.00576456
v 0.32329866 0.07597107 0.00554308
v 0.32780692 0.07597107 0.00514866
v 0.32801273 0.07597107 0.00533726
v 0.34780422 0.07597107 0.02819433
v 0.34786463 0.07597107 0.02792178
v 0.34794858 0.07597107 0.02765554
v 0.41119307 0.07597107 0.03120134
v 0.41098726 0.07597107 0.03101274
v 0.32820135 0.07597107 0.00554308
v 0.32837129 0.07597107 0.00576456
v 0.41079867 0.07597107 0.03080692
v 0.41062871 0.07597107 0.03058545
v 0.34869283 0.07597107 0.03101274
v 0.34850425 0.07597107 0.03080692
v 0.34833431 0.07597107 0.03058545
v 0.41015905 0.07597107 0.02792178
v 0.41024297 0.07597107 0.02765554
v 0.41034982 0.07597107 0.02739762
v 0.41047871 0.07597107 0.02715000
v 0.32852128 0.07597107 0.00920000
v 0.32837129 0.07597107 0.00943544
v 0.41570133 0.07597107 0.02669308
v 0.41587129 0.07597107 0.02691456
v 0.41602129 0.07597107 0.02715000
v 0.41615018 0.07597107 0.02739762
v 0.41625702 0.07597107 0.02765554
v 0.41634098 0.07597107 0.02792178
v 0.41640139 0.07597107 0.02819433
v 0.41643783 0.07597107 0.02847110
v 0.41644999 0.07597107 0.02875000
v 0.32348725 0.07597107 0.00533726
v 0.32369307 0.07597107 0.00514866
v 0.32391456 0.07597107 0.00497871
v 0.32547110 0.07597107 0.00441218
v 0.32574999 0.07597107 0.00440000
v 0.32890138 0.07597107 0.00815567
v 0.32884097 0.07597107 0.00842822
v 0.32875702 0.07597107 0.00869446
v 0.32865018 0.07597107 0.00895238
v 0.41062871 0.07597107 0.02691456
v 0.41079867 0.07597107 0.02669308
v 0.41098726 0.07597107 0.02648726
v 0.35255560 0.07597107 0.03152128
v 0.35230798 0.07597107 0.03165019
v 0.32415000 0.07597107 0.00482872
v 0.32439762 0.07597107 0.00469982
v 0.32465553 0.07597107 0.00459298
v 0.32684445 0.07597107 0.00459298
v 0.32710239 0.07597107 0.00469982
v 0.41009861 0.07597107 0.02819433
v 0.34818432 0.07597107 0.02715000
v 0.32063031 0.07597107 0.01118485
v 0.32096222 0.07597107 0.01161742
v 0.32133058 0.07597107 0.01201942
v 0.34805539 0.07597107 0.02739762
v 0.32329866 0.07597107 0.00965692
v 0.32312870 0.07597107 0.00943544
v 0.32008559 0.07597107 0.01024136
v 0.32297871 0.07597107 0.00920000
v 0.32284981 0.07597107 0.00895238
v 0.31987691 0.07597107 0.00973763
v 0.32274297 0.07597107 0.00869446
v 0.31971297 0.07597107 0.00921762
v 0.32265905 0.07597107 0.00842822
v 0.31959495 0.07597107 0.00868530
v 0.32259861 0.07597107 0.00815567
v 0.31952378 0.07597107 0.00814472
v 0.32256219 0.07597107 0.00787890
v 0.32255000 0.07597107 0.00760000
v 0.41570133 0.07597107 0.03080692
v 0.41551274 0.07597107 0.03101274
v 0.41530693 0.07597107 0.03120134
v 0.41460237 0.07597107 0.03165019
v 0.41434446 0.07597107 0.03175702
v 0.41215554 0.07597107 0.03175702
v 0.41189763 0.07597107 0.03165019
v 0.41189763 0.07597107 0.02584982
v 0.41215554 0.07597107 0.02574298
v 0.41242179 0.07597107 0.03184096
v 0.41165000 0.07597107 0.03152128
v 0.41141456 0.07597107 0.03137129
v 0.35279104 0.07597107 0.03137129
v 0.32492179 0.07597107 0.00450904
v 0.32519433 0.07597107 0.00444862
v 0.32602891 0.07597107 0.00441218
v 0.32630569 0.07597107 0.00444862
v 0.32657823 0.07597107 0.00450904
v 0.32734999 0.07597107 0.00482872
v 0.32758546 0.07597107 0.00497871
v 0.41508543 0.07597107 0.02612871
v 0.41485000 0.07597107 0.02597872
v 0.41460237 0.07597107 0.02584982
v 0.41530693 0.07597107 0.02629866
v 0.41551274 0.07597107 0.02648726
v 0.41508543 0.07597107 0.03137129
v 0.41485000 0.07597107 0.03152128
v 0.41407824 0.07597107 0.03184096
v 0.41380566 0.07597107 0.03190139
v 0.41352889 0.07597107 0.03193782
v 0.35340694 0.07597107 0.03080692
v 0.35321832 0.07597107 0.03101274
v 0.35301250 0.07597107 0.03120134
v 0.35205007 0.07597107 0.03175702
v 0.35178381 0.07597107 0.03184096
v 0.35151127 0.07597107 0.03190139
v 0.34869283 0.07597107 0.02648726
v 0.34889868 0.07597107 0.02629866
v 0.41325000 0.07597107 0.03195000
v 0.41297111 0.07597107 0.03193782
v 0.41269433 0.07597107 0.03190139
v 0.34912014 0.07597107 0.02612871
v 0.34935558 0.07597107 0.02597872
v 0.34960321 0.07597107 0.02584982
v 0.34986112 0.07597107 0.02574298
v 0.35012737 0.07597107 0.02565904
v 0.35039991 0.07597107 0.02559862
v 0.35067669 0.07597107 0.02556218
v 0.35095558 0.07597107 0.02555000
v 0.41242179 0.07597107 0.02565904
v 0.41269433 0.07597107 0.02559862
v 0.41297111 0.07597107 0.02556218
v 0.35410696 0.07597107 0.02930567
v 0.35123450 0.07597107 0.03193782
v 0.35095558 0.07597107 0.03195000
v 0.35041088 0.07597107 0.03497622
v 0.35067669 0.07597107 0.03193782
v 0.34987029 0.07597107 0.03490505
v 0.35039991 0.07597107 0.03190139
v 0.34933797 0.07597107 0.03478704
v 0.35012737 0.07597107 0.03184096
v 0.34881797 0.07597107 0.03462308
v 0.34986112 0.07597107 0.03175702
v 0.34831423 0.07597107 0.03441443
v 0.34960321 0.07597107 0.03165019
v 0.34783059 0.07597107 0.03416266
v 0.34935558 0.07597107 0.03152128
v 0.34737074 0.07597107 0.03386970
v 0.34912014 0.07597107 0.03137129
v 0.34889868 0.07597107 0.03120134
v 0.34850425 0.07597107 0.02669308
v 0.32820135 0.07597107 0.00965692
v 0.34833431 0.07597107 0.02691456
v 0.32801273 0.07597107 0.00986274
v 0.32780692 0.07597107 0.01005134
v 0.32758546 0.07597107 0.01022129
v 0.32734999 0.07597107 0.01037128
v 0.32710239 0.07597107 0.01050019
v 0.41119307 0.07597107 0.02629866
v 0.41141456 0.07597107 0.02612871
v 0.41165000 0.07597107 0.02597872
v 0.41325000 0.07597107 0.02555000
v 0.41352889 0.07597107 0.02556218
v 0.41380566 0.07597107 0.02559862
v 0.41407824 0.07597107 0.02565904
v 0.41434446 0.07597107 0.02574298
v 0.32492179 0.07597107 0.01069096
v 0.32465553 0.07597107 0.01060702
v 0.32439762 0.07597107 0.01050019
v 0.32415000 0.07597107 0.01037128
v 0.32391456 0.07597107 0.01022129
v 0.32369307 0.07597107 0.01005134
v 0.32348725 0.07597107 0.00986274
v 0.32547110 0.07597107 0.01078782
v 0.32519433 0.07597107 0.01075139
v 0.32033736 0.07597107 0.01072500
v 0.32684445 0.07597107 0.01060702
v 0.32657823 0.07597107 0.01069096
v 0.32630569 0.07597107 0.01075139
v 0.32602891 0.07597107 0.01078782
v 0.32574999 0.07597107 0.01080000
v 0.40504900 0.04697107 -0.00030000
v 0.42200014 0.04697107 -0.00030000
v 0.40504897 0.04696868 -0.00040931
v 0.42200017 0.04696155 -0.00051789
v 0.40504882 0.04696155 -0.00051789
v 0.42200047 0.04688588 -0.00094705
v 0.40504661 0.04688588 -0.00094705
v 0.40504748 0.04691184 -0.00084095
v 0.40504855 0.04694967 -0.00062637
v 0.42200020 0.04694967 -0.00062640
v 0.40504810 0.04693309 -0.00073412
v 0.42200026 0.04693309 -0.00073412
v 0.42200035 0.04691183 -0.00084098
v 0.42200083 0.04682030 -0.00115505
v 0.40504378 0.04682030 -0.00115505
v 0.40504539 0.04685535 -0.00105178
v 0.42200062 0.04685545 -0.00105148
v 0.42200148 0.04673684 -0.00135655
v 0.40503892 0.04673684 -0.00135655
v 0.40504164 0.04678070 -0.00125688
v 0.42200112 0.04678066 -0.00125696
v 0.42200252 0.04663613 -0.00155000
v 0.40503123 0.04663613 -0.00155000
v 0.40503550 0.04668861 -0.00145435
v 0.42200196 0.04668857 -0.00145443
v 0.42200407 0.04651895 -0.00173394
v 0.40501973 0.04651895 -0.00173394
v 0.40503079 0.04663093 -0.00155896
v 0.42200321 0.04657963 -0.00164313
v 0.42200625 0.04638618 -0.00190697
v 0.40500334 0.04638618 -0.00190697
v 0.40501219 0.04645424 -0.00182217
v 0.42200506 0.04645460 -0.00182171
v 0.42200923 0.04623884 -0.00206777
v 0.40498096 0.04623884 -0.00206777
v 0.40499294 0.04631413 -0.00198912
v 0.42200765 0.04631409 -0.00198916
v 0.42201316 0.04607803 -0.00221511
v 0.40495139 0.04607804 -0.00221511
v 0.40497327 0.04619414 -0.00211135
v 0.42201108 0.04616002 -0.00214322
v 0.40493360 0.04599304 -0.00228333
v 0.42201537 0.04599749 -0.00227991
v 0.42201814 0.04590501 -0.00234788
v 0.40486619 0.04572095 -0.00246513
v 0.40487793 0.04576403 -0.00243968
v 0.40491354 0.04590501 -0.00234788
v 0.42203179 0.04552761 -0.00256577
v 0.40480834 0.04552761 -0.00256577
v 0.40483856 0.04562510 -0.00251770
v 0.42202106 0.04581441 -0.00240842
v 0.42202431 0.04572107 -0.00246506
v 0.42202789 0.04562524 -0.00251763
v 0.40477809 0.04543633 -0.00260614
v 0.42204061 0.04532612 -0.00264923
v 0.40474546 0.04534386 -0.00264270
v 0.40473893 0.04532604 -0.00264926
v 0.42203602 0.04542777 -0.00260970
v 0.40469944 0.04522237 -0.00268444
v 0.42204556 0.04522302 -0.00268423
v 0.42205089 0.04511812 -0.00271481
v 0.40456185 0.04490499 -0.00276205
v 0.40457684 0.04493685 -0.00275623
v 0.40465710 0.04511812 -0.00271481
v 0.40437344 0.04454607 -0.00279887
v 0.40445286 0.04468896 -0.00279049
v 0.42207575 0.04468896 -0.00279049
v 0.40450886 0.04479673 -0.00277870
v 0.42205656 0.04501218 -0.00274074
v 0.42206261 0.04490519 -0.00276202
v 0.42206898 0.04479733 -0.00277862
v 0.42208281 0.04458027 -0.00279761
v 0.42200014 0.04697107 0.00300000
v 0.40504900 0.04697107 0.00300000
v 0.43527544 0.07489930 0.01220000
v 0.43527544 0.07489930 0.02920000
v 0.43299031 0.02054775 0.02920000
v 0.43106443 0.02262382 0.02920000
v 0.42908749 0.02513186 0.02920000
v 0.42733112 0.02779901 0.02920000
v 0.42580801 0.03060593 0.02920000
v 0.42452928 0.03353225 0.02920000
v 0.42350417 0.03655677 0.02920000
v 0.42274010 0.03965754 0.02920000
v 0.42224264 0.04281207 0.02920000
v 0.42201537 0.04599749 0.02920000
v 0.42205995 0.04919070 0.02920000
v 0.42237607 0.05236853 0.02920000
v 0.42296141 0.05550795 0.02920000
v 0.42381173 0.05858617 0.02920000
v 0.42492089 0.06158089 0.02920000
v 0.43421242 0.01965111 0.02920000
v 0.43388215 0.01983970 0.02920000
v 0.42628083 0.06447038 0.02920000
v 0.42788166 0.06723368 0.02920000
v 0.42971182 0.06985076 0.02920000
v 0.43175802 0.07230263 0.02920000
v 0.43299031 0.07359439 0.02920000
v 0.43356720 0.02005285 0.02920000
v 0.43326932 0.02028932 0.02920000
v 0.44217381 0.01746242 0.02920000
v 0.44256800 0.01734317 0.02920000
v 0.44432119 0.01629002 0.02920000
v 0.44400772 0.01655713 0.02920000
v 0.43527544 0.01924283 0.02920000
v 0.43491107 0.01935181 0.02920000
v 0.43455604 0.01948817 0.02920000
v 0.44461158 0.01599803 0.02920000
v 0.44367334 0.01679753 0.02920000
v 0.44332030 0.01700959 0.02920000
v 0.44295102 0.01719189 0.02920000
v 0.43491107 0.07479033 0.02920000
v 0.43326932 0.07385281 0.02920000
v 0.43356720 0.07408929 0.02920000
v 0.43388215 0.07430243 0.02920000
v 0.43421242 0.07449102 0.02920000
v 0.43455604 0.07465397 0.02920000
v 0.44592431 0.01262107 0.02920000
v 0.44590732 0.01303254 0.02920000
v 0.44511557 0.01534745 0.02920000
v 0.44487700 0.01568313 0.02920000
v 0.44585657 0.01344123 0.02920000
v 0.44577235 0.01384435 0.02920000
v 0.44565523 0.01423917 0.02920000
v 0.44550601 0.01462302 0.02920000
v 0.44532573 0.01499328 0.02920000
v 0.43491107 0.07479033 0.01220000
v 0.43455604 0.07465397 0.01220000
v 0.43421242 0.07449102 0.01220000
v 0.43388215 0.07430243 0.01220000
v 0.43356720 0.07408929 0.01220000
v 0.43326932 0.07385281 0.01220000
v 0.43299031 0.07359439 0.01220000
v 0.43366128 0.07594465 0.01220000
v 0.43359384 0.07595929 0.01220000
v 0.43391135 0.07583072 0.01220000
v 0.43385273 0.07586713 0.01220000
v 0.43352541 0.07596812 0.01220000
v 0.43401825 0.07574358 0.01220000
v 0.43396667 0.07578944 0.01220000
v 0.43379122 0.07589840 0.01220000
v 0.43372723 0.07592431 0.01220000
v 0.43405396 0.07462055 0.01220000
v 0.43409815 0.07467356 0.01220000
v 0.43424734 0.07532625 0.01220000
v 0.43423057 0.07539319 0.01220000
v 0.43420812 0.07545847 0.01220000
v 0.43418020 0.07552158 0.01220000
v 0.43400538 0.07457151 0.01220000
v 0.43413764 0.07473015 0.01220000
v 0.43417218 0.07478991 0.01220000
v 0.43420148 0.07485239 0.01220000
v 0.43422535 0.07491715 0.01220000
v 0.43424359 0.07498372 0.01220000
v 0.43425608 0.07505159 0.01220000
v 0.43426272 0.07512029 0.01220000
v 0.43426347 0.07518929 0.01220000
v 0.43425834 0.07525812 0.01220000
v 0.43414700 0.07558208 0.01220000
v 0.43410873 0.07563952 0.01220000
v 0.43406573 0.07569348 0.01220000
v 0.43352541 0.07596812 0.00300000
v 0.43359384 0.07595929 0.00300000
v 0.43366128 0.07594465 0.00300000
v 0.43372723 0.07592431 0.00300000
v 0.43379122 0.07589840 0.00300000
v 0.43385273 0.07586713 0.00300000
v 0.43391135 0.07583072 0.00300000
v 0.43396667 0.07578944 0.00300000
v 0.43401825 0.07574358 0.00300000
v 0.43406573 0.07569348 0.00300000
v 0.43410873 0.07563952 0.00300000
v 0.43414700 0.07558208 0.00300000
v 0.43418020 0.07552158 0.00300000
v 0.43420812 0.07545847 0.00300000
v 0.43423057 0.07539319 0.00300000
v 0.43424734 0.07532625 0.00300000
v 0.43425834 0.07525812 0.00300000
v 0.43426347 0.07518929 0.00300000
v 0.43426272 0.07512029 0.00300000
v 0.43425608 0.07505159 0.00300000
v 0.43424359 0.07498372 0.00300000
v 0.43422535 0.07491715 0.00300000
v 0.43420148 0.07485239 0.00300000
v 0.43417218 0.07478991 0.00300000
v 0.43413764 0.07473015 0.00300000
v 0.43409815 0.07467356 0.00300000
v 0.43405396 0.07462055 0.00300000
v 0.43400538 0.07457151 0.00300000
v 0.43175802 0.07230263 0.00300000
v 0.42200425 0.04650553 -0.00147462
v 0.42971182 0.06985076 0.00300000
v 0.42788166 0.06723368 0.00300000
v 0.42628083 0.06447038 0.00300000
v 0.42492089 0.06158089 0.00300000
v 0.42381173 0.05858617 0.00300000
v 0.42296141 0.05550795 0.00300000
v 0.42237607 0.05236853 0.00300000
v 0.42205995 0.04919070 0.00300000
v 0.37346464 0.02817107 0.01999923
v 0.37326315 0.02817107 0.01991577
v 0.37306967 0.02817107 0.01981506
v 0.37288573 0.02817107 0.01969788
v 0.38230705 0.02817107 0.02015000
v 0.37431967 0.02817107 0.02015000
v 0.37410179 0.02817107 0.02014049
v 0.37388557 0.02817107 0.02011202
v 0.37367263 0.02817107 0.02006481
v 0.35414341 0.02817107 0.02902890
v 0.35415560 0.02817107 0.02875000
v 0.35414341 0.02817107 0.02847110
v 0.32255000 0.02817107 0.00760000
v 0.32256219 0.02817107 0.00732110
v 0.36745098 0.02817107 0.01398423
v 0.32893783 0.02817107 0.00732110
v 0.32875702 0.02817107 0.00869446
v 0.32865018 0.02817107 0.00895238
v 0.36746049 0.02817107 0.01420212
v 0.32884097 0.02817107 0.00842822
v 0.34935558 0.02817107 0.02597872
v 0.36768523 0.02817107 0.01504078
v 0.36760175 0.02817107 0.01483928
v 0.35396260 0.02817107 0.02765554
v 0.35404655 0.02817107 0.02792178
v 0.35410696 0.02817107 0.02819433
v 0.35410696 0.02817107 0.02930567
v 0.35404655 0.02817107 0.02957822
v 0.35396260 0.02817107 0.02984446
v 0.35385576 0.02817107 0.03010238
v 0.35372686 0.02817107 0.03035000
v 0.35357687 0.02817107 0.03058545
v 0.34805539 0.02817107 0.03010238
v 0.34794858 0.02817107 0.02984446
v 0.34786463 0.02817107 0.02957822
v 0.34780422 0.02817107 0.02930567
v 0.34776777 0.02817107 0.02902890
v 0.34775558 0.02817107 0.02875000
v 0.34776777 0.02817107 0.02847110
v 0.34780422 0.02817107 0.02819433
v 0.34786463 0.02817107 0.02792178
v 0.34794858 0.02817107 0.02765554
v 0.34805539 0.02817107 0.02739762
v 0.32820135 0.02817107 0.00554308
v 0.32837129 0.02817107 0.00576456
v 0.32894999 0.02817107 0.00760000
v 0.32893783 0.02817107 0.00787890
v 0.32890138 0.02817107 0.00815567
v 0.32852128 0.02817107 0.00920000
v 0.32837129 0.02817107 0.00943544
v 0.32820135 0.02817107 0.00965692
v 0.36790311 0.02817107 0.01541817
v 0.35279104 0.02817107 0.02612871
v 0.35301250 0.02817107 0.02629866
v 0.35385576 0.02817107 0.02739762
v 0.37271270 0.02817107 0.01956511
v 0.35372686 0.02817107 0.02715000
v 0.36834401 0.02817107 0.01589934
v 0.35357687 0.02817107 0.02691456
v 0.35255560 0.02817107 0.02597872
v 0.36778593 0.02817107 0.01523423
v 0.35230798 0.02817107 0.02584982
v 0.32259861 0.02817107 0.00704433
v 0.32265905 0.02817107 0.00677178
v 0.32274297 0.02817107 0.00650554
v 0.32284981 0.02817107 0.00624762
v 0.32852128 0.02817107 0.00600000
v 0.32865018 0.02817107 0.00624762
v 0.32875702 0.02817107 0.00650554
v 0.32884097 0.02817107 0.00677178
v 0.32890138 0.02817107 0.00704433
v 0.34960321 0.02817107 0.02584982
v 0.34986112 0.02817107 0.02574298
v 0.34869283 0.02817107 0.03101274
v 0.34850425 0.02817107 0.03080692
v 0.34833431 0.02817107 0.03058545
v 0.34818432 0.02817107 0.03035000
v 0.34818432 0.02817107 0.02715000
v 0.34833431 0.02817107 0.02691456
v 0.32256219 0.02817107 0.00787890
v 0.32259861 0.02817107 0.00815567
v 0.32265905 0.02817107 0.00842822
v 0.32274297 0.02817107 0.00869446
v 0.32284981 0.02817107 0.00895238
v 0.32297871 0.02817107 0.00920000
v 0.32297871 0.02817107 0.00600000
v 0.32312870 0.02817107 0.00576456
v 0.32329866 0.02817107 0.00554308
v 0.32801273 0.02817107 0.00986274
v 0.32780692 0.02817107 0.01005134
v 0.32758546 0.02817107 0.01022129
v 0.35321832 0.02817107 0.02648726
v 0.35340694 0.02817107 0.02669308
v 0.36803588 0.02817107 0.01559120
v 0.36818323 0.02817107 0.01575200
v 0.35012737 0.02817107 0.02565904
v 0.35039991 0.02817107 0.02559862
v 0.35067669 0.02817107 0.02556218
v 0.32348725 0.02817107 0.00986274
v 0.32329866 0.02817107 0.00965692
v 0.32312870 0.02817107 0.00943544
v 0.32734999 0.02817107 0.01037128
v 0.32710239 0.02817107 0.01050019
v 0.32684445 0.02817107 0.01060702
v 0.35095558 0.02817107 0.02555000
v 0.35123450 0.02817107 0.02556218
v 0.35151127 0.02817107 0.02559862
v 0.35178381 0.02817107 0.02565904
v 0.35205007 0.02817107 0.02574298
v 0.34869283 0.02817107 0.02648726
v 0.34889868 0.02817107 0.02629866
v 0.32547110 0.02817107 0.01078782
v 0.34912014 0.02817107 0.02612871
v 0.32657823 0.02817107 0.01069096
v 0.32630569 0.02817107 0.01075139
v 0.32602891 0.02817107 0.01078782
v 0.32574999 0.02817107 0.01080000
v 0.36748898 0.02817107 0.01441835
v 0.36753619 0.02817107 0.01463128
v 0.32348725 0.02817107 0.00533726
v 0.32369307 0.02817107 0.00514866
v 0.32391456 0.02817107 0.00497871
v 0.35340694 0.02817107 0.03080692
v 0.35321832 0.02817107 0.03101274
v 0.35301250 0.02817107 0.03120134
v 0.32519433 0.02817107 0.01075139
v 0.32492179 0.02817107 0.01069096
v 0.32465553 0.02817107 0.01060702
v 0.32439762 0.02817107 0.01050019
v 0.32415000 0.02817107 0.01037128
v 0.32391456 0.02817107 0.01022129
v 0.32369307 0.02817107 0.01005134
v 0.32415000 0.02817107 0.00482872
v 0.32439762 0.02817107 0.00469982
v 0.32465553 0.02817107 0.00459298
v 0.32734999 0.02817107 0.00482872
v 0.32758546 0.02817107 0.00497871
v 0.35205007 0.02817107 0.03175702
v 0.35178381 0.02817107 0.03184096
v 0.35151127 0.02817107 0.03190139
v 0.34850425 0.02817107 0.02669308
v 0.32547110 0.02817107 0.00441218
v 0.32574999 0.02817107 0.00440000
v 0.32602891 0.02817107 0.00441218
v 0.32630569 0.02817107 0.00444862
v 0.32780692 0.02817107 0.00514866
v 0.32801273 0.02817107 0.00533726
v 0.35279104 0.02817107 0.03137129
v 0.35255560 0.02817107 0.03152128
v 0.35230798 0.02817107 0.03165019
v 0.32492179 0.02817107 0.00450904
v 0.32519433 0.02817107 0.00444862
v 0.32657823 0.02817107 0.00450904
v 0.32684445 0.02817107 0.00459298
v 0.32710239 0.02817107 0.00469982
v 0.35123450 0.02817107 0.03193782
v 0.35095558 0.02817107 0.03195000
v 0.35067669 0.02817107 0.03193782
v 0.35039991 0.02817107 0.03190139
v 0.35012737 0.02817107 0.03184096
v 0.34986112 0.02817107 0.03175702
v 0.34960321 0.02817107 0.03165019
v 0.34935558 0.02817107 0.03152128
v 0.34912014 0.02817107 0.03137129
v 0.34889868 0.02817107 0.03120134
v 0.38273668 0.02818956 0.02015000
v 0.38316309 0.02824489 0.02015000
v 0.38358319 0.02833666 0.02015000
v 0.38399386 0.02846419 0.02015000
v 0.38439205 0.02862652 0.02015000
v 0.38477480 0.02882247 0.02015000
v 0.38513932 0.02905058 0.02015000
v 0.38548288 0.02930917 0.02015000
v 0.38580295 0.02959633 0.02015000
v 0.38609716 0.02990991 0.02015000
v 0.38636336 0.03024762 0.02015000
v 0.38659954 0.03060696 0.02015000
v 0.38680398 0.03098525 0.02015000
v 0.38697514 0.03137972 0.02015000
v 0.38711181 0.03178743 0.02015000
v 0.38721293 0.03220538 0.02015000
v 0.38727775 0.03263047 0.02015000
v 0.38730583 0.03305955 0.02015000
v 0.38729692 0.03348947 0.02015000
v 0.38725111 0.03391702 0.02015000
v 0.38716874 0.03433906 0.02015000
v 0.38705039 0.03475246 0.02015000
v 0.38689697 0.03515417 0.02015000
v 0.38670960 0.03554120 0.02015000
v 0.38648969 0.03591071 0.02015000
v 0.38623881 0.03625996 0.02015000
v 0.41005000 0.03817107 0.02875000
v 0.41005000 0.01817107 0.02875000
v 0.41006216 0.03817107 0.02847110
v 0.41006216 0.01817107 0.02847110
v 0.41009861 0.03817107 0.02819433
v 0.41009861 0.01817107 0.02819433
v 0.41015905 0.03817107 0.02792178
v 0.41015905 0.01817107 0.02792178
v 0.41024297 0.03817107 0.02765554
v 0.41024297 0.01817107 0.02765554
v 0.41034982 0.03817107 0.02739762
v 0.41034982 0.01817107 0.02739762
v 0.41047871 0.03817107 0.02715000
v 0.41047871 0.01817107 0.02715000
v 0.41062871 0.03817107 0.02691456
v 0.41062871 0.01817107 0.02691456
v 0.41079867 0.03817107 0.02669308
v 0.41079867 0.01817107 0.02669308
v 0.41098726 0.03817107 0.02648726
v 0.41098726 0.01817107 0.02648726
v 0.41119307 0.03817107 0.02629866
v 0.41119307 0.01817107 0.02629866
v 0.41141456 0.03817107 0.02612871
v 0.41141456 0.01817107 0.02612871
v 0.41165000 0.03817107 0.02597872
v 0.41165000 0.01817107 0.02597872
v 0.41189763 0.03817107 0.02584982
v 0.41189763 0.01817107 0.02584982
v 0.41215554 0.03817107 0.02574298
v 0.41215554 0.01817107 0.02574298
v 0.41242179 0.03817107 0.02565904
v 0.41242179 0.01817107 0.02565904
v 0.41269433 0.03817107 0.02559862
v 0.41269433 0.01817107 0.02559862
v 0.41297111 0.03817107 0.02556218
v 0.41297111 0.01817107 0.02556218
v 0.41325000 0.03817107 0.02555000
v 0.41325000 0.01817107 0.02555000
v 0.41352889 0.03817107 0.02556218
v 0.41352889 0.01817107 0.02556218
v 0.41380566 0.03817107 0.02559862
v 0.41380566 0.01817107 0.02559862
v 0.41407824 0.03817107 0.02565904
v 0.41407824 0.01817107 0.02565904
v 0.41434446 0.03817107 0.02574298
v 0.41434446 0.01817107 0.02574298
v 0.41460237 0.03817107 0.02584982
v 0.41460237 0.01817107 0.02584982
v 0.41485000 0.03817107 0.02597872
v 0.41485000 0.01817107 0.02597872
v 0.41508543 0.03817107 0.02612871
v 0.41508543 0.01817107 0.02612871
v 0.41530693 0.03817107 0.02629866
v 0.41530693 0.01817107 0.02629866
v 0.41551274 0.03817107 0.02648726
v 0.41551274 0.01817107 0.02648726
v 0.41570133 0.03817107 0.02669308
v 0.41570133 0.01817107 0.02669308
v 0.41587129 0.03817107 0.02691456
v 0.41587129 0.01817107 0.02691456
v 0.41602129 0.03817107 0.02715000
v 0.41602129 0.01817107 0.02715000
v 0.41615018 0.03817107 0.02739762
v 0.41615018 0.01817107 0.02739762
v 0.41625702 0.03817107 0.02765554
v 0.41625702 0.01817107 0.02765554
v 0.41634098 0.03817107 0.02792178
v 0.41634098 0.01817107 0.02792178
v 0.41640139 0.03817107 0.02819433
v 0.41640139 0.01817107 0.02819433
v 0.41643783 0.03817107 0.02847110
v 0.41643783 0.01817107 0.02847110
v 0.41644999 0.03817107 0.02875000
v 0.41644999 0.01817107 0.02875000
v 0.41643783 0.03817107 0.02902890
v 0.41643783 0.01817107 0.02902890
v 0.41640139 0.03817107 0.02930567
v 0.41640139 0.01817107 0.02930567
v 0.41634098 0.03817107 0.02957822
v 0.41634098 0.01817107 0.02957822
v 0.41625702 0.03817107 0.02984446
v 0.41625702 0.01817107 0.02984446
v 0.41615018 0.03817107 0.03010238
v 0.41615018 0.01817107 0.03010238
v 0.41602129 0.03817107 0.03035000
v 0.41602129 0.01817107 0.03035000
v 0.41587129 0.03817107 0.03058545
v 0.41587129 0.01817107 0.03058545
v 0.41570133 0.03817107 0.03080692
v 0.41570133 0.01817107 0.03080692
v 0.41551274 0.03817107 0.03101274
v 0.41551274 0.01817107 0.03101274
v 0.41530693 0.03817107 0.03120134
v 0.41530693 0.01817107 0.03120134
v 0.41508543 0.03817107 0.03137129
v 0.41508543 0.01817107 0.03137129
v 0.41485000 0.03817107 0.03152128
v 0.41485000 0.01817107 0.03152128
v 0.41460237 0.03817107 0.03165019
v 0.41460237 0.01817107 0.03165019
v 0.41434446 0.03817107 0.03175702
v 0.41434446 0.01817107 0.03175702
v 0.41407824 0.03817107 0.03184096
v 0.41407824 0.01817107 0.03184096
v 0.41380566 0.03817107 0.03190139
v 0.41380566 0.01817107 0.03190139
v 0.41352889 0.03817107 0.03193782
v 0.41352889 0.01817107 0.03193782
v 0.41325000 0.03817107 0.03195000
v 0.41325000 0.01817107 0.03195000
v 0.41297111 0.03817107 0.03193782
v 0.41297111 0.01817107 0.03193782
v 0.41269433 0.03817107 0.03190139
v 0.41269433 0.01817107 0.03190139
v 0.41242179 0.03817107 0.03184096
v 0.41242179 0.01817107 0.03184096
v 0.41215554 0.03817107 0.03175702
v 0.41215554 0.01817107 0.03175702
v 0.41189763 0.03817107 0.03165019
v 0.41189763 0.01817107 0.03165019
v 0.41165000 0.03817107 0.03152128
v 0.41165000 0.01817107 0.03152128
v 0.41141456 0.03817107 0.03137129
v 0.41141456 0.01817107 0.03137129
v 0.41119307 0.03817107 0.03120134
v 0.41119307 0.01817107 0.03120134
v 0.41098726 0.03817107 0.03101274
v 0.41098726 0.01817107 0.03101274
v 0.41079867 0.03817107 0.03080692
v 0.41079867 0.01817107 0.03080692
v 0.41062871 0.03817107 0.03058545
v 0.41062871 0.01817107 0.03058545
v 0.41047871 0.03817107 0.03035000
v 0.41047871 0.01817107 0.03035000
v 0.41034982 0.03817107 0.03010238
v 0.41034982 0.01817107 0.03010238
v 0.41024297 0.03817107 0.02984446
v 0.41024297 0.01817107 0.02984446
v 0.41015905 0.03817107 0.02957822
v 0.41015905 0.01817107 0.02957822
v 0.41009861 0.03817107 0.02930567
v 0.41009861 0.01817107 0.02930567
v 0.41006216 0.03817107 0.02902890
v 0.41006216 0.01817107 0.02902890
v 0.41325000 0.03817107 0.02875000
v 0.41005000 0.05597107 0.02875000
v 0.41006216 0.05597107 0.02847110
v 0.41009861 0.05597107 0.02819433
v 0.41015905 0.05597107 0.02792178
v 0.41024297 0.05597107 0.02765554
v 0.41034982 0.05597107 0.02739762
v 0.41047871 0.05597107 0.02715000
v 0.41062871 0.05597107 0.02691456
v 0.41079867 0.05597107 0.02669308
v 0.41098726 0.05597107 0.02648726
v 0.41119307 0.05597107 0.02629866
v 0.41141456 0.05597107 0.02612871
v 0.41165000 0.05597107 0.02597872
v 0.41189763 0.05597107 0.02584982
v 0.41215554 0.05597107 0.02574298
v 0.41242179 0.05597107 0.02565904
v 0.41269433 0.05597107 0.02559862
v 0.41297111 0.05597107 0.02556218
v 0.41325000 0.05597107 0.02555000
v 0.41352889 0.05597107 0.02556218
v 0.41380566 0.05597107 0.02559862
v 0.41407824 0.05597107 0.02565904
v 0.41434446 0.05597107 0.02574298
v 0.41460237 0.05597107 0.02584982
v 0.41485000 0.05597107 0.02597872
v 0.41508543 0.05597107 0.02612871
v 0.41530693 0.05597107 0.02629866
v 0.41551274 0.05597107 0.02648726
v 0.41570133 0.05597107 0.02669308
v 0.41587129 0.05597107 0.02691456
v 0.41602129 0.05597107 0.02715000
v 0.41615018 0.05597107 0.02739762
v 0.41625702 0.05597107 0.02765554
v 0.41634098 0.05597107 0.02792178
v 0.41640139 0.05597107 0.02819433
v 0.41643783 0.05597107 0.02847110
v 0.41644999 0.05597107 0.02875000
v 0.41643783 0.05597107 0.02902890
v 0.41640139 0.05597107 0.02930567
v 0.41634098 0.05597107 0.02957822
v 0.41625702 0.05597107 0.02984446
v 0.41615018 0.05597107 0.03010238
v 0.41602129 0.05597107 0.03035000
v 0.41587129 0.05597107 0.03058545
v 0.41570133 0.05597107 0.03080692
v 0.41551274 0.05597107 0.03101274
v 0.41530693 0.05597107 0.03120134
v 0.41508543 0.05597107 0.03137129
v 0.41485000 0.05597107 0.03152128
v 0.41460237 0.05597107 0.03165019
v 0.41434446 0.05597107 0.03175702
v 0.41407824 0.05597107 0.03184096
v 0.41380566 0.05597107 0.03190139
v 0.41352889 0.05597107 0.03193782
v 0.41325000 0.05597107 0.03195000
v 0.41297111 0.05597107 0.03193782
v 0.41269433 0.05597107 0.03190139
v 0.41242179 0.05597107 0.03184096
v 0.41215554 0.05597107 0.03175702
v 0.41189763 0.05597107 0.03165019
v 0.41165000 0.05597107 0.03152128
v 0.41141456 0.05597107 0.03137129
v 0.41119307 0.05597107 0.03120134
v 0.41098726 0.05597107 0.03101274
v 0.41079867 0.05597107 0.03080692
v 0.41062871 0.05597107 0.03058545
v 0.41047871 0.05597107 0.03035000
v 0.41034982 0.05597107 0.03010238
v 0.41024297 0.05597107 0.02984446
v 0.41015905 0.05597107 0.02957822
v 0.41009861 0.05597107 0.02930567
v 0.41006216 0.05597107 0.02902890
v 0.41325000 0.05597107 0.02875000
v 0.32255000 0.01817107 0.00760000
v 0.32256219 0.01817107 0.00732110
v 0.32259861 0.01817107 0.00704433
v 0.32265905 0.01817107 0.00677178
v 0.32274297 0.01817107 0.00650554
v 0.32284981 0.01817107 0.00624762
v 0.32297871 0.01817107 0.00600000
v 0.32312870 0.01817107 0.00576456
v 0.32329866 0.01817107 0.00554308
v 0.32348725 0.01817107 0.00533726
v 0.32369307 0.01817107 0.00514866
v 0.32391456 0.01817107 0.00497871
v 0.32415000 0.01817107 0.00482872
v 0.32439762 0.01817107 0.00469982
v 0.32465553 0.01817107 0.00459298
v 0.32492179 0.01817107 0.00450904
v 0.32519433 0.01817107 0.00444862
v 0.32547110 0.01817107 0.00441218
v 0.32574999 0.01817107 0.00440000
v 0.32602891 0.01817107 0.00441218
v 0.32630569 0.01817107 0.00444862
v 0.32657823 0.01817107 0.00450904
v 0.32684445 0.01817107 0.00459298
v 0.32710239 0.01817107 0.00469982
v 0.32734999 0.01817107 0.00482872
v 0.32758546 0.01817107 0.00497871
v 0.32780692 0.01817107 0.00514866
v 0.32801273 0.01817107 0.00533726
v 0.32820135 0.01817107 0.00554308
v 0.32837129 0.01817107 0.00576456
v 0.32852128 0.01817107 0.00600000
v 0.32865018 0.01817107 0.00624762
v 0.32875702 0.01817107 0.00650554
v 0.32884097 0.01817107 0.00677178
v 0.32890138 0.01817107 0.00704433
v 0.32893783 0.01817107 0.00732110
v 0.32894999 0.01817107 0.00760000
v 0.32893783 0.01817107 0.00787890
v 0.32890138 0.01817107 0.00815567
v 0.32884097 0.01817107 0.00842822
v 0.32875702 0.01817107 0.00869446
v 0.32865018 0.01817107 0.00895238
v 0.32852128 0.01817107 0.00920000
v 0.32837129 0.01817107 0.00943544
v 0.32820135 0.01817107 0.00965692
v 0.32801273 0.01817107 0.00986274
v 0.32780692 0.01817107 0.01005134
v 0.32758546 0.01817107 0.01022129
v 0.32734999 0.01817107 0.01037128
v 0.32710239 0.01817107 0.01050019
v 0.32684445 0.01817107 0.01060702
v 0.32657823 0.01817107 0.01069096
v 0.32630569 0.01817107 0.01075139
v 0.32602891 0.01817107 0.01078782
v 0.32574999 0.01817107 0.01080000
v 0.32547110 0.01817107 0.01078782
v 0.32519433 0.01817107 0.01075139
v 0.32492179 0.01817107 0.01069096
v 0.32465553 0.01817107 0.01060702
v 0.32439762 0.01817107 0.01050019
v 0.32415000 0.01817107 0.01037128
v 0.32391456 0.01817107 0.01022129
v 0.32369307 0.01817107 0.01005134
v 0.32348725 0.01817107 0.00986274
v 0.32329866 0.01817107 0.00965692
v 0.32312870 0.01817107 0.00943544
v 0.32297871 0.01817107 0.00920000
v 0.32284981 0.01817107 0.00895238
v 0.32274297 0.01817107 0.00869446
v 0.32265905 0.01817107 0.00842822
v 0.32259861 0.01817107 0.00815567
v 0.32256219 0.01817107 0.00787890
v 0.32255000 0.06597107 0.00760000
v 0.32256219 0.06597107 0.00732110
v 0.32259861 0.06597107 0.00704433
v 0.32265905 0.06597107 0.00677178
v 0.32274297 0.06597107 0.00650554
v 0.32284981 0.06597107 0.00624762
v 0.32297871 0.06597107 0.00600000
v 0.32312870 0.06597107 0.00576456
v 0.32329866 0.06597107 0.00554308
v 0.32348725 0.06597107 0.00533726
v 0.32369307 0.06597107 0.00514866
v 0.32391456 0.06597107 0.00497871
v 0.32415000 0.06597107 0.00482872
v 0.32439762 0.06597107 0.00469982
v 0.32465553 0.06597107 0.00459298
v 0.32492179 0.06597107 0.00450904
v 0.32519433 0.06597107 0.00444862
v 0.32547110 0.06597107 0.00441218
v 0.32574999 0.06597107 0.00440000
v 0.32602891 0.06597107 0.00441218
v 0.32630569 0.06597107 0.00444862
v 0.32657823 0.06597107 0.00450904
v 0.32684445 0.06597107 0.00459298
v 0.32710239 0.06597107 0.00469982
v 0.32734999 0.06597107 0.00482872
v 0.32758546 0.06597107 0.00497871
v 0.32780692 0.06597107 0.00514866
v 0.32801273 0.06597107 0.00533726
v 0.32820135 0.06597107 0.00554308
v 0.32837129 0.06597107 0.00576456
v 0.32852128 0.06597107 0.00600000
v 0.32865018 0.06597107 0.00624762
v 0.32875702 0.06597107 0.00650554
v 0.32884097 0.06597107 0.00677178
v 0.32890138 0.06597107 0.00704433
v 0.32893783 0.06597107 0.00732110
v 0.32894999 0.06597107 0.00760000
v 0.32893783 0.06597107 0.00787890
v 0.32890138 0.06597107 0.00815567
v 0.32884097 0.06597107 0.00842822
v 0.32875702 0.06597107 0.00869446
v 0.32865018 0.06597107 0.00895238
v 0.32852128 0.06597107 0.00920000
v 0.32837129 0.06597107 0.00943544
v 0.32820135 0.06597107 0.00965692
v 0.32801273 0.06597107 0.00986274
v 0.32780692 0.06597107 0.01005134
v 0.32758546 0.06597107 0.01022129
v 0.32734999 0.06597107 0.01037128
v 0.32710239 0.06597107 0.01050019
v 0.32684445 0.06597107 0.01060702
v 0.32657823 0.06597107 0.01069096
v 0.32630569 0.06597107 0.01075139
v 0.32602891 0.06597107 0.01078782
v 0.32574999 0.06597107 0.01080000
v 0.32547110 0.06597107 0.01078782
v 0.32519433 0.06597107 0.01075139
v 0.32492179 0.06597107 0.01069096
v 0.32465553 0.06597107 0.01060702
v 0.32439762 0.06597107 0.01050019
v 0.32415000 0.06597107 0.01037128
v 0.32391456 0.06597107 0.01022129
v 0.32369307 0.06597107 0.01005134
v 0.32348725 0.06597107 0.00986274
v 0.32329866 0.06597107 0.00965692
v 0.32312870 0.06597107 0.00943544
v 0.32297871 0.06597107 0.00920000
v 0.32284981 0.06597107 0.00895238
v 0.32274297 0.06597107 0.00869446
v 0.32265905 0.06597107 0.00842822
v 0.32259861 0.06597107 0.00815567
v 0.32256219 0.06597107 0.00787890
v 0.34775558 0.01817107 0.02875000
v 0.34776777 0.01817107 0.02847110
v 0.34780422 0.01817107 0.02819433
v 0.34786463 0.01817107 0.02792178
v 0.34794858 0.01817107 0.02765554
v 0.34805539 0.01817107 0.02739762
v 0.34818432 0.01817107 0.02715000
v 0.34833431 0.01817107 0.02691456
v 0.34850425 0.01817107 0.02669308
v 0.34869283 0.01817107 0.02648726
v 0.34889868 0.01817107 0.02629866
v 0.34912014 0.01817107 0.02612871
v 0.34935558 0.01817107 0.02597872
v 0.34960321 0.01817107 0.02584982
v 0.34986112 0.01817107 0.02574298
v 0.35012737 0.01817107 0.02565904
v 0.35039991 0.01817107 0.02559862
v 0.35067669 0.01817107 0.02556218
v 0.35095558 0.01817107 0.02555000
v 0.35123450 0.01817107 0.02556218
v 0.35151127 0.01817107 0.02559862
v 0.35178381 0.01817107 0.02565904
v 0.35205007 0.01817107 0.02574298
v 0.35230798 0.01817107 0.02584982
v 0.35255560 0.01817107 0.02597872
v 0.35279104 0.01817107 0.02612871
v 0.35301250 0.01817107 0.02629866
v 0.35321832 0.01817107 0.02648726
v 0.35340694 0.01817107 0.02669308
v 0.35357687 0.01817107 0.02691456
v 0.35372686 0.01817107 0.02715000
v 0.35385576 0.01817107 0.02739762
v 0.35396260 0.01817107 0.02765554
v 0.35404655 0.01817107 0.02792178
v 0.35410696 0.01817107 0.02819433
v 0.35414341 0.01817107 0.02847110
v 0.35415560 0.01817107 0.02875000
v 0.35414341 0.01817107 0.02902890
v 0.35410696 0.01817107 0.02930567
v 0.35404655 0.01817107 0.02957822
v 0.35396260 0.01817107 0.02984446
v 0.35385576 0.01817107 0.03010238
v 0.35372686 0.01817107 0.03035000
v 0.35357687 0.01817107 0.03058545
v 0.35340694 0.01817107 0.03080692
v 0.35321832 0.01817107 0.03101274
v 0.35301250 0.01817107 0.03120134
v 0.35279104 0.01817107 0.03137129
v 0.35255560 0.01817107 0.03152128
v 0.35230798 0.01817107 0.03165019
v 0.35205007 0.01817107 0.03175702
v 0.35178381 0.01817107 0.03184096
v 0.35151127 0.01817107 0.03190139
v 0.35123450 0.01817107 0.03193782
v 0.35095558 0.01817107 0.03195000
v 0.35067669 0.01817107 0.03193782
v 0.35039991 0.01817107 0.03190139
v 0.35012737 0.01817107 0.03184096
v 0.34986112 0.01817107 0.03175702
v 0.34960321 0.01817107 0.03165019
v 0.34935558 0.01817107 0.03152128
v 0.34912014 0.01817107 0.03137129
v 0.34889868 0.01817107 0.03120134
v 0.34869283 0.01817107 0.03101274
v 0.34850425 0.01817107 0.03080692
v 0.34833431 0.01817107 0.03058545
v 0.34818432 0.01817107 0.03035000
v 0.34805539 0.01817107 0.03010238
v 0.34794858 0.01817107 0.02984446
v 0.34786463 0.01817107 0.02957822
v 0.34780422 0.01817107 0.02930567
v 0.34776777 0.01817107 0.02902890
v 0.34775558 0.06597107 0.02875000
v 0.34776777 0.06597107 0.02847110
v 0.34780422 0.06597107 0.02819433
v 0.34786463 0.06597107 0.02792178
v 0.34794858 0.06597107 0.02765554
v 0.34805539 0.06597107 0.02739762
v 0.34818432 0.06597107 0.02715000
v 0.34833431 0.06597107 0.02691456
v 0.34850425 0.06597107 0.02669308
v 0.34869283 0.06597107 0.02648726
v 0.34889868 0.06597107 0.02629866
v 0.34912014 0.06597107 0.02612871
v 0.34935558 0.06597107 0.02597872
v 0.34960321 0.06597107 0.02584982
v 0.34986112 0.06597107 0.02574298
v 0.35012737 0.06597107 0.02565904
v 0.35039991 0.06597107 0.02559862
v 0.35067669 0.06597107 0.02556218
v 0.35095558 0.06597107 0.02555000
v 0.35123450 0.06597107 0.02556218
v 0.35151127 0.06597107 0.02559862
v 0.35178381 0.06597107 0.02565904
v 0.35205007 0.06597107 0.02574298
v 0.35230798 0.06597107 0.02584982
v 0.35255560 0.06597107 0.02597872
v 0.35279104 0.06597107 0.02612871
v 0.35301250 0.06597107 0.02629866
v 0.35321832 0.06597107 0.02648726
v 0.35340694 0.06597107 0.02669308
v 0.35357687 0.06597107 0.02691456
v 0.35372686 0.06597107 0.02715000
v 0.35385576 0.06597107 0.02739762
v 0.35396260 0.06597107 0.02765554
v 0.35404655 0.06597107 0.02792178
v 0.35410696 0.06597107 0.02819433
v 0.35414341 0.06597107 0.02847110
v 0.35415560 0.06597107 0.02875000
v 0.35414341 0.06597107 0.02902890
v 0.35410696 0.06597107 0.02930567
v 0.35404655 0.06597107 0.02957822
v 0.35396260 0.06597107 0.02984446
v 0.35385576 0.06597107 0.03010238
v 0.35372686 0.06597107 0.03035000
v 0.35357687 0.06597107 0.03058545
v 0.35340694 0.06597107 0.03080692
v 0.35321832 0.06597107 0.03101274
v 0.35301250 0.06597107 0.03120134
v 0.35279104 0.06597107 0.03137129
v 0.35255560 0.06597107 0.03152128
v 0.35230798 0.06597107 0.03165019
v 0.35205007 0.06597107 0.03175702
v 0.35178381 0.06597107 0.03184096
v 0.35151127 0.06597107 0.03190139
v 0.35123450 0.06597107 0.03193782
v 0.35095558 0.06597107 0.03195000
v 0.35067669 0.06597107 0.03193782
v 0.35039991 0.06597107 0.03190139
v 0.35012737 0.06597107 0.03184096
v 0.34986112 0.06597107 0.03175702
v 0.34960321 0.06597107 0.03165019
v 0.34935558 0.06597107 0.03152128
v 0.34912014 0.06597107 0.03137129
v 0.34889868 0.06597107 0.03120134
v 0.34869283 0.06597107 0.03101274
v 0.34850425 0.06597107 0.03080692
v 0.34833431 0.06597107 0.03058545
v 0.34818432 0.06597107 0.03035000
v 0.34805539 0.06597107 0.03010238
v 0.34794858 0.06597107 0.02984446
v 0.34786463 0.06597107 0.02957822
v 0.34780422 0.06597107 0.02930567
v 0.34776777 0.06597107 0.02902890
v 0.31950000 0.01817107 0.00760000
v 0.32173258 0.01817107 0.01238778
v 0.34693816 0.01817107 0.03353778
v 0.31952378 0.01817107 0.00814472
v 0.31959495 0.01817107 0.00868530
v 0.31971297 0.01817107 0.00921762
v 0.31987691 0.01817107 0.00973763
v 0.32008559 0.01817107 0.01024136
v 0.32033736 0.01817107 0.01072500
v 0.32063031 0.01817107 0.01118485
v 0.32096222 0.01817107 0.01161742
v 0.32133058 0.01817107 0.01201942
v 0.34737074 0.01817107 0.03386970
v 0.34783059 0.01817107 0.03416266
v 0.34831423 0.01817107 0.03441443
v 0.34881797 0.01817107 0.03462308
v 0.34933797 0.01817107 0.03478704
v 0.34987029 0.01817107 0.03490505
v 0.35041088 0.01817107 0.03497622
v 0.39495340 0.04688588 -0.00094705
v 0.39495251 0.04691183 -0.00084098
v 0.39495724 0.04680084 -0.00092948
v 0.39495188 0.04693309 -0.00073412
v 0.39495146 0.04694967 -0.00062640
v 0.39495119 0.04696155 -0.00051789
v 0.39495105 0.04696868 -0.00040935
v 0.39495099 0.04697107 -0.00030000
v 0.39496875 0.04663613 -0.00155000
v 0.39496452 0.04668856 -0.00145444
v 0.39496106 0.04673684 -0.00135655
v 0.39495835 0.04678066 -0.00125697
v 0.39495623 0.04682030 -0.00115505
v 0.39495459 0.04685545 -0.00105149
v 0.39495099 0.04697107 0.00300000
v 0.39496922 0.04663093 -0.00155896
v 0.39501905 0.04623879 -0.00206781
v 0.39500707 0.04631403 -0.00198923
v 0.39499664 0.04638618 -0.00190697
v 0.39498776 0.04645456 -0.00182176
v 0.39498028 0.04651895 -0.00173394
v 0.39508647 0.04590501 -0.00234788
v 0.39506641 0.04599300 -0.00228336
v 0.39504859 0.04607804 -0.00221511
v 0.39502671 0.04619414 -0.00211135
v 0.39522195 0.04543622 -0.00260618
v 0.39519164 0.04552761 -0.00256577
v 0.39516148 0.04562497 -0.00251777
v 0.39513379 0.04572107 -0.00246506
v 0.39512208 0.04576403 -0.00243968
v 0.39534292 0.04511812 -0.00271481
v 0.39530045 0.04522264 -0.00268435
v 0.39526105 0.04532612 -0.00264923
v 0.39525449 0.04534400 -0.00264265
v 0.39554712 0.04468896 -0.00279049
v 0.39549115 0.04479668 -0.00277870
v 0.39543805 0.04490519 -0.00276202
v 0.39542314 0.04493685 -0.00275623
v 0.39562657 0.04454607 -0.00279887
v 0.40504277 0.04680084 -0.00092948
v 0.40505001 0.04707107 0.00300000
v 0.40503079 0.04751121 0.00300000
v 0.40497327 0.04794799 0.00300000
v 0.40487793 0.04837810 0.00300000
v 0.40474546 0.04879827 0.00300000
v 0.40457684 0.04920529 0.00300000
v 0.40437344 0.04959607 0.00300000
v 0.40413672 0.04996763 0.00300000
v 0.40386853 0.05031715 0.00300000
v 0.40357089 0.05064196 0.00300000
v 0.40324607 0.05093959 0.00300000
v 0.40289655 0.05120778 0.00300000
v 0.40252501 0.05144450 0.00300000
v 0.40213421 0.05164792 0.00300000
v 0.40172720 0.05181652 0.00300000
v 0.40130705 0.05194899 0.00300000
v 0.40087691 0.05204435 0.00300000
v 0.40044013 0.05210185 0.00300000
v 0.40000001 0.05212107 0.00300000
v 0.39955986 0.05210185 0.00300000
v 0.39912307 0.05204435 0.00300000
v 0.39869297 0.05194899 0.00300000
v 0.39827278 0.05181652 0.00300000
v 0.39786577 0.05164792 0.00300000
v 0.39747500 0.05144450 0.00300000
v 0.39710343 0.05120778 0.00300000
v 0.39675391 0.05093959 0.00300000
v 0.39642912 0.05064196 0.00300000
v 0.39613149 0.05031715 0.00300000
v 0.39586329 0.04996763 0.00300000
v 0.39562657 0.04959607 0.00300000
v 0.39542314 0.04920529 0.00300000
v 0.39525455 0.04879827 0.00300000
v 0.39512208 0.04837810 0.00300000
v 0.39502671 0.04794799 0.00300000
v 0.39496922 0.04751121 0.00300000
v 0.39495000 0.04707107 0.00300000
v 0.38745099 0.04697107 0.00300000
v 0.38745099 0.04697107 -0.00030000
v 0.38745099 0.04532612 -0.00264923
v 0.38745099 0.04468896 -0.00279049
v 0.38745099 0.04490519 -0.00276202
v 0.38745099 0.04511812 -0.00271481
v 0.38745099 0.04552761 -0.00256577
v 0.38745099 0.04572107 -0.00246506
v 0.38745099 0.04590501 -0.00234788
v 0.38745099 0.04607804 -0.00221511
v 0.38745099 0.04623884 -0.00206777
v 0.38745099 0.04638618 -0.00190697
v 0.38745099 0.04651895 -0.00173394
v 0.38745099 0.04663613 -0.00155000
v 0.38745099 0.04673684 -0.00135655
v 0.38745099 0.04682030 -0.00115505
v 0.38745099 0.04688588 -0.00094705
v 0.38745099 0.04693309 -0.00073412
v 0.38745099 0.04696155 -0.00051789
v 0.36745098 0.05722107 0.01015000
v 0.37486088 0.04729767 0.01015000
v 0.36745098 0.03692107 0.01015000
v 0.37485099 0.04707107 0.01015000
v 0.37486088 0.04684446 0.01015000
v 0.37489048 0.04661958 0.01015000
v 0.37493959 0.04639814 0.01015000
v 0.37500778 0.04618182 0.01015000
v 0.37989420 0.04796032 0.01015000
v 0.38745099 0.05722107 0.01015000
v 0.37996238 0.04774400 0.01015000
v 0.38001150 0.04752255 0.01015000
v 0.37980738 0.04816987 0.01015000
v 0.37970266 0.04837107 0.01015000
v 0.37958080 0.04856237 0.01015000
v 0.37699950 0.04963157 0.01015000
v 0.37677807 0.04958247 0.01015000
v 0.37509459 0.04816987 0.01015000
v 0.37500778 0.04796032 0.01015000
v 0.38745099 0.03692107 0.01015000
v 0.37996238 0.04639814 0.01015000
v 0.38001150 0.04661958 0.01015000
v 0.38004109 0.04684446 0.01015000
v 0.38005099 0.04707107 0.01015000
v 0.38004109 0.04729767 0.01015000
v 0.37561250 0.04890954 0.01015000
v 0.37545928 0.04874232 0.01015000
v 0.37493959 0.04774400 0.01015000
v 0.37489048 0.04752255 0.01015000
v 0.37894228 0.04494127 0.01015000
v 0.37912223 0.04507935 0.01015000
v 0.37928948 0.04523259 0.01015000
v 0.37944269 0.04539982 0.01015000
v 0.37958080 0.04557977 0.01015000
v 0.37970266 0.04577107 0.01015000
v 0.37980738 0.04597226 0.01015000
v 0.37989420 0.04618182 0.01015000
v 0.37944269 0.04874232 0.01015000
v 0.37928948 0.04890954 0.01015000
v 0.37912223 0.04906278 0.01015000
v 0.37532118 0.04856237 0.01015000
v 0.37519932 0.04837107 0.01015000
v 0.37509459 0.04597226 0.01015000
v 0.37519932 0.04577107 0.01015000
v 0.37532118 0.04557977 0.01015000
v 0.37545928 0.04539982 0.01015000
v 0.37561250 0.04523259 0.01015000
v 0.37577975 0.04507935 0.01015000
v 0.37790248 0.04451057 0.01015000
v 0.37812391 0.04455966 0.01015000
v 0.37834024 0.04462787 0.01015000
v 0.37595969 0.04494127 0.01015000
v 0.37615100 0.04481940 0.01015000
v 0.37635219 0.04471467 0.01015000
v 0.37656173 0.04462787 0.01015000
v 0.37677807 0.04455966 0.01015000
v 0.37699950 0.04451057 0.01015000
v 0.37854978 0.04471467 0.01015000
v 0.37875098 0.04481940 0.01015000
v 0.37894228 0.04920086 0.01015000
v 0.37875098 0.04932274 0.01015000
v 0.37854978 0.04942747 0.01015000
v 0.37656173 0.04951427 0.01015000
v 0.37635219 0.04942747 0.01015000
v 0.37615100 0.04932274 0.01015000
v 0.37834024 0.04951427 0.01015000
v 0.37812391 0.04958247 0.01015000
v 0.37790248 0.04963157 0.01015000
v 0.37595969 0.04920086 0.01015000
v 0.37577975 0.04906278 0.01015000
v 0.37722439 0.04448096 0.01015000
v 0.37745100 0.04447107 0.01015000
v 0.37767759 0.04448096 0.01015000
v 0.37767759 0.04966117 0.01015000
v 0.37745100 0.04967107 0.01015000
v 0.37722439 0.04966117 0.01015000
v 0.38745099 0.05722107 0.00300000
v 0.36745098 0.05722107 0.00300000
v 0.38581899 0.03681687 0.02015000
v 0.38501340 0.03803495 0.02015000
v 0.38431215 0.03931595 0.02015000
v 0.38372019 0.04065097 0.02015000
v 0.38324159 0.04203069 0.02015000
v 0.38287967 0.04344552 0.02015000
v 0.38263699 0.04488559 0.02015000
v 0.38251525 0.04634088 0.02015000
v 0.38251525 0.04780126 0.02015000
v 0.38263699 0.04925655 0.02015000
v 0.38287967 0.05069662 0.02015000
v 0.38324159 0.05211144 0.02015000
v 0.38372019 0.05349117 0.02015000
v 0.38431215 0.05482618 0.02015000
v 0.38501340 0.05610719 0.02015000
v 0.38581899 0.05732527 0.02015000
v 0.38623878 0.05788214 0.02015000
v 0.38648966 0.05823138 0.02015000
v 0.38670960 0.05860089 0.02015000
v 0.38689697 0.05898793 0.02015000
v 0.38705039 0.05938963 0.02015000
v 0.38716871 0.05980304 0.02015000
v 0.38725111 0.06022507 0.02015000
v 0.38729692 0.06065263 0.02015000
v 0.38730583 0.06108255 0.02015000
v 0.38727775 0.06151164 0.02015000
v 0.38721293 0.06193673 0.02015000
v 0.38711181 0.06235468 0.02015000
v 0.38697517 0.06276239 0.02015000
v 0.38680398 0.06315686 0.02015000
v 0.38659954 0.06353515 0.02015000
v 0.38636336 0.06389450 0.02015000
v 0.38609719 0.06423221 0.02015000
v 0.38580295 0.06454580 0.02015000
v 0.38548288 0.06483295 0.02015000
v 0.38513932 0.06509154 0.02015000
v 0.38477480 0.06531966 0.02015000
v 0.38439205 0.06551561 0.02015000
v 0.38399386 0.06567795 0.02015000
v 0.38358319 0.06580547 0.02015000
v 0.38316309 0.06589724 0.02015000
v 0.38273668 0.06595258 0.02015000
v 0.38230705 0.06597107 0.02015000
v 0.36768523 0.06597107 0.01504078
v 0.36778593 0.06597107 0.01523423
v 0.37388557 0.06597107 0.02011202
v 0.37410179 0.06597107 0.02014049
v 0.37431967 0.06597107 0.02015000
v 0.36746049 0.06597107 0.01420212
v 0.37306967 0.06597107 0.01981506
v 0.37288573 0.06597107 0.01969788
v 0.37326315 0.06597107 0.01991577
v 0.37346464 0.06597107 0.01999923
v 0.37367263 0.06597107 0.02006481
v 0.32200000 0.06597107 0.00300000
v 0.36745098 0.06597107 0.01398423
v 0.36745098 0.06597107 0.00300000
v 0.37271270 0.06597107 0.01956511
v 0.36834401 0.06597107 0.01589934
v 0.36790311 0.06597107 0.01541817
v 0.36803588 0.06597107 0.01559120
v 0.36818323 0.06597107 0.01575200
v 0.36748898 0.06597107 0.01441835
v 0.36753619 0.06597107 0.01463128
v 0.36760175 0.06597107 0.01483928
v 0.38005099 0.04707107 0.02015000
v 0.38004109 0.04684446 0.02015000
v 0.37509459 0.04597226 0.02015000
v 0.37500778 0.04618182 0.02015000
v 0.37493959 0.04639814 0.02015000
v 0.37489048 0.04661958 0.02015000
v 0.37958080 0.04856237 0.02015000
v 0.37970266 0.04837107 0.02015000
v 0.38004109 0.04729767 0.02015000
v 0.38001150 0.04752255 0.02015000
v 0.38001150 0.04661958 0.02015000
v 0.37996238 0.04639814 0.02015000
v 0.37486088 0.04684446 0.02015000
v 0.37485099 0.04707107 0.02015000
v 0.37486088 0.04729767 0.02015000
v 0.37834024 0.04462787 0.02015000
v 0.37561250 0.04523259 0.02015000
v 0.37545928 0.04539982 0.02015000
v 0.37980738 0.04816987 0.02015000
v 0.37989420 0.04796032 0.02015000
v 0.37996238 0.04774400 0.02015000
v 0.37989420 0.04618182 0.02015000
v 0.37980738 0.04597226 0.02015000
v 0.37656173 0.04462787 0.02015000
v 0.37635219 0.04471467 0.02015000
v 0.37615100 0.04481940 0.02015000
v 0.37532118 0.04557977 0.02015000
v 0.37519932 0.04577107 0.02015000
v 0.37489048 0.04752255 0.02015000
v 0.37493959 0.04774400 0.02015000
v 0.37500778 0.04796032 0.02015000
v 0.37970266 0.04577107 0.02015000
v 0.37958080 0.04557977 0.02015000
v 0.37944269 0.04539982 0.02015000
v 0.37928948 0.04523259 0.02015000
v 0.37912223 0.04507935 0.02015000
v 0.37894228 0.04494127 0.02015000
v 0.37875098 0.04481940 0.02015000
v 0.37595969 0.04494127 0.02015000
v 0.37577975 0.04507935 0.02015000
v 0.37509459 0.04816987 0.02015000
v 0.37519932 0.04837107 0.02015000
v 0.37532118 0.04856237 0.02015000
v 0.37812391 0.04455966 0.02015000
v 0.37722439 0.04448096 0.02015000
v 0.37699950 0.04451057 0.02015000
v 0.37677807 0.04455966 0.02015000
v 0.37545928 0.04874232 0.02015000
v 0.37561250 0.04890954 0.02015000
v 0.37577975 0.04906278 0.02015000
v 0.37944269 0.04874232 0.02015000
v 0.37928948 0.04890954 0.02015000
v 0.37912223 0.04906278 0.02015000
v 0.37854978 0.04471467 0.02015000
v 0.37790248 0.04451057 0.02015000
v 0.37767759 0.04448096 0.02015000
v 0.37745100 0.04447107 0.02015000
v 0.37595969 0.04920086 0.02015000
v 0.37615100 0.04932274 0.02015000
v 0.37635219 0.04942747 0.02015000
v 0.37656173 0.04951427 0.02015000
v 0.37677807 0.04958247 0.02015000
v 0.37699950 0.04963157 0.02015000
v 0.37875098 0.04932274 0.02015000
v 0.37854978 0.04942747 0.02015000
v 0.37767759 0.04966117 0.02015000
v 0.37745100 0.04967107 0.02015000
v 0.37722439 0.04966117 0.02015000
v 0.37834024 0.04951427 0.02015000
v 0.37790248 0.04963157 0.02015000
v 0.37812391 0.04958247 0.02015000
v 0.37894228 0.04920086 0.02015000
v 0.31950000 0.06847107 0.00300000
f 1 2 3
f 2 4 3
f 3 4 5
f 4 6 5
f 5 6 7
f 6 8 7
f 7 8 9
f 8 10 9
f 9 10 11
f 10 12 11
f 11 12 13
f 12 14 13
f 13 14 15
f 14 16 15
f 15 16 17
f 16 18 17
f 17 18 19
f 18 20 19
f 19 20 21
f 20 22 21
f 21 22 23
f 22 24 23
f 23 24 25
f 24 26 25
f 25 26 27
f 26 28 27
f 27 28 29
f 28 30 29
f 29 30 31
f 30 32 31
f 31 32 33
f 32 34 33
f 33 34 35
f 34 36 35
f 35 36 37
f 36 38 37
f 37 38 39
f 38 40 39
f 39 40 41
f 40 42 41
f 41 42 43
f 42 44 43
f 43 44 45
f 44 46 45
f 45 46 47
f 46 48 47
f 47 48 49
f 48 50 49
f 49 50 51
f 50 52 51
f 51 52 53
f 52 54 53
f 53 54 55
f 54 56 55
f 55 56 57
f 56 58 57
f 57 58 59
f 58 60 59
f 59 60 61
f 60 62 61
f 61 62 63
f 62 64 63
f 63 64 65
f 64 66 65
f 65 66 67
f 66 68 67
f 67 68 69
f 68 70 69
f 69 70 71
f 70 72 71
f 71 72 73
f 72 74 73
f 73 74 75
f 74 76 75
f 75 76 77
f 76 78 77
f 77 78 79
f 78 80 79
f 79 80 81
f 80 82 81
f 81 82 83
f 82 84 83
f 83 84 85
f 84 86 85
f 85 86 87
f 86 88 87
f 87 88 89
f 88 90 89
f 89 90 91
f 90 92 91
f 91 92 93
f 92 94 93
f 93 94 95
f 94 96 95
f 95 96 97
f 96 98 97
f 97 98 99
f 98 100 99
f 99 100 101
f 100 102 101
f 101 102 103
f 102 104 103
f 103 104 105
f 104 106 105
f 105 106 107
f 106 108 107
f 107 108 109
f 108 110 109
f 109 110 111
f 110 112 111
f 111 112 113
f 112 114 113
f 113 114 115
f 114 116 115
f 115 116 117
f 116 118 117
f 117 118 119
f 118 120 119
f 119 120 121
f 120 122 121
f 121 122 123
f 122 124 123
f 123 124 125
f 124 126 125
f 125 126 127
f 126 128 127
f 127 128 129
f 128 130 129
f 129 130 131
f 130 132 131
f 131 132 133
f 132 134 133
f 133 134 135
f 134 136 135
f 135 136 137
f 136 138 137
f 137 138 139
f 138 140 139
f 139 140 141
f 140 142 141
f 141 142 143
f 142 144 143
f 143 144 1
f 144 2 1
f 6 4 145
f 4 2 145
f 145 2 144
f 12 10 145
f 10 8 145
f 145 8 6
f 18 16 145
f 16 14 145
f 145 14 12
f 24 22 145
f 22 20 145
f 145 20 18
f 30 28 145
f 28 26 145
f 145 26 24
f 36 34 145
f 34 32 145
f 145 32 30
f 42 40 145
f 40 38 145
f 145 38 36
f 48 46 145
f 46 44 145
f 145 44 42
f 54 52 145
f 52 50 145
f 145 50 48
f 60 58 145
f 58 56 145
f 145 56 54
f 66 64 145
f 64 62 145
f 145 62 60
f 72 70 145
f 70 68 145
f 145 68 66
f 78 76 145
f 76 74 145
f 145 74 72
f 84 82 145
f 82 80 145
f 145 80 78
f 90 88 145
f 88 86 145
f 145 86 84
f 96 94 145
f 94 92 145
f 145 92 90
f 102 100 145
f 100 98 145
f 145 98 96
f 108 106 145
f 106 104 145
f 145 104 102
f 114 112 145
f 112 110 145
f 145 110 108
f 120 118 145
f 118 116 145
f 145 116 114
f 126 124 145
f 124 122 145
f 145 122 120
f 132 130 145
f 130 128 145
f 145 128 126
f 138 136 145
f 136 134 145
f 145 134 132
f 144 142 145
f 142 140 145
f 145 140 138
f 146 147 148
f 147 149 148
f 148 149 150
f 149 151 150
f 150 151 152
f 151 153 152
f 152 153 154
f 153 155 154
f 154 155 156
f 155 157 156
f 156 157 158
f 157 159 158
f 158 159 160
f 159 161 160
f 160 161 162
f 161 163 162
f 162 163 164
f 163 165 164
f 164 165 166
f 165 167 166
f 166 167 168
f 167 169 168
f 168 169 170
f 169 171 170
f 170 171 172
f 171 173 172
f 172 173 174
f 173 175 174
f 174 175 176
f 175 177 176
f 176 177 178
f 177 179 178
f 178 179 180
f 179 181 180
f 180 181 182
f 181 183 182
f 182 183 184
f 183 185 184
f 184 185 186
f 185 187 186
f 186 187 188
f 187 189 188
f 188 189 190
f 189 191 190
f 190 191 192
f 191 193 192
f 192 193 194
f 193 195 194
f 194 195 196
f 195 197 196
f 196 197 198
f 197 199 198
f 198 199 200
f 199 201 200
f 200 201 202
f 201 203 202
f 202 203 204
f 203 205 204
f 204 205 206
f 205 207 206
f 206 207 208
f 207 209 208
f 208 209 210
f 209 211 210
f 210 211 212
f 211 213 212
f 212 213 214
f 213 215 214
f 214 215 216
f 215 217 216
f 216 217 218
f 217 219 218
f 218 219 220
f 219 221 220
f 220 221 222
f 221 223 222
f 222 223 224
f 223 225 224
f 224 225 226
f 225 227 226
f 226 227 228
f 227 229 228
f 228 229 230
f 229 231 230
f 230 231 232
f 231 233 232
f 232 233 234
f 233 235 234
f 234 235 236
f 235 237 236
f 236 237 238
f 237 239 238
f 238 239 240
f 239 241 240
f 240 241 242
f 241 243 242
f 242 243 244
f 243 245 244
f 244 245 246
f 245 247 246
f 246 247 248
f 247 249 248
f 248 249 250
f 249 251 250
f 250 251 252
f 251 253 252
f 252 253 254
f 253 255 254
f 254 255 256
f 255 257 256
f 256 257 258
f 257 259 258
f 258 259 260
f 259 261 260
f 260 261 262
f 261 263 262
f 262 263 264
f 263 265 264
f 264 265 266
f 265 267 266
f 266 267 268
f 267 269 268
f 268 269 270
f 269 271 270
f 270 271 272
f 271 273 272
f 272 273 274
f 273 275 274
f 274 275 276
f 275 277 276
f 276 277 278
f 277 279 278
f 278 279 280
f 279 281 280
f 280 281 282
f 281 283 282
f 282 283 284
f 283 285 284
f 284 285 286
f 285 287 286
f 286 287 288
f 287 289 288
f 288 289 146
f 289 147 146
f 151 149 290
f 149 147 290
f 290 147 289
f 157 155 290
f 155 153 290
f 290 153 151
f 163 161 290
f 161 159 290
f 290 159 157
f 169 167 290
f 167 165 290
f 290 165 163
f 175 173 290
f 173 171 290
f 290 171 169
f 181 179 290
f 179 177 290
f 290 177 175
f 187 185 290
f 185 183 290
f 290 183 181
f 193 191 290
f 191 189 290
f 290 189 187
f 199 197 290
f 197 195 290
f 290 195 193
f 205 203 290
f 203 201 290
f 290 201 199
f 211 209 290
f 209 207 290
f 290 207 205
f 217 215 290
f 215 213 290
f 290 213 211
f 223 221 290
f 221 219 290
f 290 219 217
f 229 227 290
f 227 225 290
f 290 225 223
f 235 233 290
f 233 231 290
f 290 231 229
f 241 239 290
f 239 237 290
f 290 237 235
f 247 245 290
f 245 243 290
f 290 243 241
f 253 251 290
f 251 249 290
f 290 249 247
f 259 257 290
f 257 255 290
f 290 255 253
f 265 263 290
f 263 261 290
f 290 261 259
f 271 269 290
f 269 267 290
f 290 267 265
f 277 275 290
f 275 273 290
f 290 273 271
f 283 281 290
f 281 279 290
f 290 279 277
f 289 287 290
f 287 285 290
f 290 285 283
f 291 292 293
f 292 294 293
f 293 294 295
f 294 296 295
f 295 296 297
f 296 298 297
f 297 298 299
f 298 300 299
f 299 300 301
f 300 302 301
f 301 302 303
f 302 304 303
f 303 304 305
f 304 306 305
f 305 306 307
f 306 308 307
f 307 308 309
f 308 310 309
f 309 310 311
f 310 312 311
f 311 312 313
f 312 314 313
f 313 314 315
f 314 316 315
f 315 316 317
f 316 318 317
f 317 318 319
f 318 320 319
f 319 320 321
f 320 322 321
f 321 322 323
f 322 324 323
f 323 324 325
f 324 326 325
f 325 326 327
f 326 328 327
f 327 328 329
f 328 330 329
f 329 330 331
f 330 332 331
f 331 332 333
f 332 334 333
f 333 334 335
f 334 336 335
f 335 336 337
f 336 338 337
f 337 338 339
f 338 340 339
f 339 340 341
f 340 342 341
f 341 342 343
f 342 344 343
f 343 344 345
f 344 346 345
f 345 346 347
f 346 348 347
f 347 348 349
f 348 350 349
f 349 350 351
f 350 352 351
f 351 352 353
f 352 354 353
f 353 354 355
f 354 356 355
f 355 356 357
f 356 358 357
f 357 358 359
f 358 360 359
f 359 360 361
f 360 362 361
f 361 362 363
f 362 364 363
f 363 364 365
f 364 366 365
f 365 366 367
f 366 368 367
f 367 368 369
f 368 370 369
f 369 370 371
f 370 372 371
f 371 372 373
f 372 374 373
f 373 374 375
f 374 376 375
f 375 376 377
f 376 378 377
f 377 378 379
f 378 380 379
f 379 380 381
f 380 382 381
f 381 382 383
f 382 384 383
f 383 384 385
f 384 386 385
f 385 386 387
f 386 388 387
f 387 388 389
f 388 390 389
f 389 390 391
f 390 392 391
f 391 392 393
f 392 394 393
f 393 394 395
f 394 396 395
f 395 396 397
f 396 398 397
f 397 398 399
f 398 400 399
f 399 400 401
f 400 402 401
f 401 402 403
f 402 404 403
f 403 404 405
f 404 406 405
f 405 406 407
f 406 408 407
f 407 408 409
f 408 410 409
f 409 410 411
f 410 412 411
f 411 412 413
f 412 414 413
f 413 414 415
f 414 416 415
f 415 416 417
f 416 418 417
f 417 418 419
f 418 420 419
f 419 420 421
f 420 422 421
f 421 422 423
f 422 424 423
f 423 424 425
f 424 426 425
f 425 426 427
f 426 428 427
f 427 428 429
f 428 430 429
f 429 430 431
f 430 432 431
f 431 432 433
f 432 434 433
f 433 434 291
f 434 292 291
f 296 294 435
f 294 292 435
f 435 292 434
f 302 300 435
f 300 298 435
f 435 298 296
f 308 306 435
f 306 304 435
f 435 304 302
f 314 312 435
f 312 310 435
f 435 310 308
f 320 318 435
f 318 316 435
f 435 316 314
f 326 324 435
f 324 322 435
f 435 322 320
f 332 330 435
f 330 328 435
f 435 328 326
f 338 336 435
f 336 334 435
f 435 334 332
f 344 342 435
f 342 340 435
f 435 340 338
f 350 348 435
f 348 346 435
f 435 346 344
f 356 354 435
f 354 352 435
f 435 352 350
f 362 360 435
f 360 358 435
f 435 358 356
f 368 366 435
f 366 364 435
f 435 364 362
f 374 372 435
f 372 370 435
f 435 370 368
f 380 378 435
f 378 376 435
f 435 376 374
f 386 384 435
f 384 382 435
f 435 382 380
f 392 390 435
f 390 388 435
f 435 388 386
f 398 396 435
f 396 394 435
f 435 394 392
f 404 402 435
f 402 400 435
f 435 400 398
f 410 408 435
f 408 406 435
f 435 406 404
f 416 414 435
f 414 412 435
f 435 412 410
f 422 420 435
f 420 418 435
f 435 418 416
f 428 426 435
f 426 424 435
f 435 424 422
f 434 432 435
f 432 430 435
f 435 430 428
f 436 437 438
f 437 439 438
f 438 439 440
f 439 441 440
f 440 441 442
f 441 443 442
f 442 443 444
f 443 445 444
f 444 445 446
f 445 447 446
f 446 447 448
f 447 449 448
f 448 449 450
f 449 451 450
f 450 451 452
f 451 453 452
f 452 453 454
f 453 455 454
f 454 455 456
f 455 457 456
f 456 457 458
f 457 459 458
f 458 459 460
f 459 461 460
f 460 461 462
f 461 463 462
f 462 463 464
f 463 465 464
f 464 465 466
f 465 467 466
f 466 467 468
f 467 469 468
f 468 469 470
f 469 471 470
f 470 471 472
f 471 473 472
f 472 473 474
f 473 475 474
f 474 475 476
f 475 477 476
f 476 477 478
f 477 479 478
f 478 479 480
f 479 481 480
f 480 481 482
f 481 483 482
f 482 483 484
f 483 485 484
f 484 485 486
f 485 487 486
f 486 487 488
f 487 489 488
f 488 489 490
f 489 491 490
f 490 491 492
f 491 493 492
f 492 493 494
f 493 495 494
f 494 495 496
f 495 497 496
f 496 497 498
f 497 499 498
f 498 499 500
f 499 501 500
f 500 501 502
f 501 503 502
f 502 503 504
f 503 505 504
f 504 505 506
f 505 507 506
f 506 507 508
f 507 509 508
f 508 509 510
f 509 511 510
f 510 511 512
f 511 513 512
f 512 513 514
f 513 515 514
f 514 515 516
f 515 517 516
f 516 517 518
f 517 519 518
f 518 519 520
f 519 521 520
f 520 521 522
f 521 523 522
f 522 523 524
f 523 525 524
f 524 525 526
f 525 527 526
f 526 527 528
f 527 529 528
f 528 529 530
f 529 531 530
f 530 531 532
f 531 533 532
f 532 533 534
f 533 535 534
f 534 535 536
f 535 537 536
f 536 537 538
f 537 539 538
f 538 539 540
f 539 541 540
f 540 541 542
f 541 543 542
f 542 543 544
f 543 545 544
f 544 545 546
f 545 547 546
f 546 547 548
f 547 549 548
f 548 549 550
f 549 551 550
f 550 551 552
f 551 553 552
f 552 553 554
f 553 555 554
f 554 555 556
f 555 557 556
f 556 557 558
f 557 559 558
f 558 559 560
f 559 561 560
f 560 561 562
f 561 563 562
f 562 563 564
f 563 565 564
f 564 565 566
f 565 567 566
f 566 567 568
f 567 569 568
f 568 569 570
f 569 571 570
f 570 571 572
f 571 573 572
f 572 573 574
f 573 575 574
f 574 575 576
f 575 577 576
f 576 577 578
f 577 579 578
f 578 579 436
f 579 437 436
f 441 439 580
f 439 437 580
f 580 437 579
f 447 445 580
f 445 443 580
f 580 443 441
f 453 451 580
f 451 449 580
f 580 449 447
f 459 457 580
f 457 455 580
f 580 455 453
f 465 463 580
f 463 461 580
f 580 461 459
f 471 469 580
f 469 467 580
f 580 467 465
f 477 475 580
f 475 473 580
f 580 473 471
f 483 481 580
f 481 479 580
f 580 479 477
f 489 487 580
f 487 485 580
f 580 485 483
f 495 493 580
f 493 491 580
f 580 491 489
f 501 499 580
f 499 497 580
f 580 497 495
f 507 505 580
f 505 503 580
f 580 503 501
f 513 511 580
f 511 509 580
f 580 509 507
f 519 517 580
f 517 515 580
f 580 515 513
f 525 523 580
f 523 521 580
f 580 521 519
f 531 529 580
f 529 527 580
f 580 527 525
f 537 535 580
f 535 533 580
f 580 533 531
f 543 541 580
f 541 539 580
f 580 539 537
f 549 547 580
f 547 545 580
f 580 545 543
f 555 553 580
f 553 551 580
f 580 551 549
f 561 559 580
f 559 557 580
f 580 557 555
f 567 565 580
f 565 563 580
f 580 563 561
f 573 571 580
f 571 569 580
f 580 569 567
f 579 577 580
f 577 575 580
f 580 575 573
f 71 73 581
f 299 301 582
f 582 301 583
f 355 357 584
f 357 359 584
f 315 317 585
f 367 369 586
f 369 371 586
f 359 361 584
f 361 363 584
f 584 363 586
f 363 365 586
f 586 365 367
f 587 588 291
f 291 293 587
f 293 295 587
f 587 295 582
f 295 297 582
f 582 297 299
f 321 323 589
f 323 325 589
f 589 325 327
f 327 329 589
f 329 331 589
f 589 331 333
f 590 584 591
f 584 592 591
f 593 594 584
f 594 595 584
f 584 595 596
f 349 351 584
f 351 353 584
f 584 353 355
f 371 373 586
f 373 375 586
f 586 375 377
f 585 317 589
f 317 319 589
f 589 319 321
f 333 335 589
f 335 337 589
f 589 337 339
f 597 598 584
f 598 599 584
f 584 599 600
f 600 601 584
f 601 602 584
f 584 602 603
f 603 604 584
f 604 605 584
f 584 605 592
f 590 606 584
f 606 607 584
f 584 607 593
f 301 303 583
f 303 305 583
f 583 305 608
f 305 307 608
f 307 309 608
f 309 311 608
f 608 311 585
f 311 313 585
f 585 313 315
f 339 341 589
f 341 343 589
f 589 343 345
f 345 347 589
f 347 349 589
f 589 349 609
f 349 584 609
f 609 584 610
f 584 596 610
f 611 429 612
f 429 431 612
f 612 431 588
f 431 433 588
f 588 433 291
f 613 614 417
f 417 614 415
f 417 419 613
f 419 421 613
f 613 421 615
f 421 423 615
f 615 423 616
f 423 425 616
f 616 425 611
f 425 427 611
f 611 427 429
f 377 379 586
f 379 381 586
f 586 381 383
f 395 397 586
f 397 399 586
f 586 399 401
f 383 385 586
f 385 387 586
f 586 387 389
f 389 391 586
f 391 393 586
f 586 393 395
f 403 405 617
f 405 407 617
f 614 618 415
f 618 619 415
f 415 619 413
f 619 620 413
f 413 620 411
f 620 617 411
f 411 617 409
f 617 407 409
f 586 508 510
f 514 516 621
f 622 623 578
f 624 625 522
f 625 626 522
f 522 626 520
f 444 446 617
f 446 448 617
f 617 448 450
f 496 498 586
f 498 500 586
f 586 500 502
f 586 510 621
f 510 512 621
f 621 512 514
f 627 628 621
f 628 629 621
f 621 629 630
f 578 436 622
f 436 438 622
f 622 438 631
f 438 440 631
f 631 440 617
f 440 442 617
f 617 442 444
f 502 504 586
f 504 506 586
f 586 506 508
f 526 528 632
f 570 633 568
f 633 634 568
f 488 490 586
f 516 518 621
f 518 520 621
f 621 520 627
f 520 626 627
f 630 635 621
f 635 636 621
f 621 636 637
f 540 542 632
f 570 572 633
f 572 574 633
f 633 574 623
f 574 576 623
f 623 576 578
f 490 492 586
f 492 494 586
f 586 494 496
f 637 638 621
f 638 639 621
f 621 639 640
f 624 522 632
f 522 524 632
f 632 524 526
f 560 641 558
f 641 642 558
f 558 642 556
f 560 562 641
f 562 564 641
f 641 564 634
f 564 566 634
f 634 566 568
f 640 643 621
f 643 644 621
f 621 644 645
f 450 452 617
f 452 454 617
f 617 454 456
f 542 544 632
f 544 546 632
f 632 546 548
f 468 470 617
f 470 586 617
f 617 586 403
f 586 401 403
f 528 530 632
f 530 532 632
f 632 532 534
f 534 536 632
f 536 538 632
f 632 538 540
f 456 458 617
f 458 460 617
f 617 460 462
f 462 464 617
f 464 466 617
f 617 466 468
f 470 472 586
f 472 474 586
f 586 474 476
f 646 647 648
f 647 621 648
f 648 621 649
f 621 645 649
f 548 550 632
f 550 552 632
f 632 552 642
f 552 554 642
f 642 554 556
f 476 478 586
f 478 480 586
f 586 480 482
f 482 484 586
f 484 486 586
f 586 486 488
f 61 63 650
f 651 652 584
f 133 135 653
f 73 75 581
f 75 77 581
f 581 77 79
f 79 81 581
f 81 83 581
f 581 83 85
f 654 655 581
f 655 656 581
f 581 656 657
f 658 659 137
f 581 660 661
f 662 584 663
f 584 664 663
f 63 65 650
f 65 67 650
f 650 67 581
f 67 69 581
f 581 69 71
f 653 135 665
f 666 667 143
f 667 668 143
f 143 668 669
f 657 670 581
f 670 671 581
f 581 671 660
f 672 673 586
f 673 674 586
f 651 584 675
f 584 586 675
f 675 586 676
f 652 677 584
f 677 678 584
f 584 678 664
f 662 679 584
f 679 680 584
f 584 680 681
f 137 659 135
f 659 682 135
f 135 682 665
f 661 683 581
f 683 684 581
f 581 684 685
f 674 686 586
f 686 687 586
f 586 687 676
f 25 27 584
f 27 29 584
f 584 29 31
f 39 41 650
f 41 43 650
f 658 137 688
f 137 139 688
f 688 139 669
f 139 141 669
f 669 141 143
f 689 690 586
f 690 691 586
f 586 691 672
f 143 1 666
f 1 3 666
f 666 3 692
f 3 5 692
f 681 693 584
f 693 694 584
f 584 694 692
f 13 15 584
f 15 17 584
f 584 17 19
f 19 21 584
f 21 23 584
f 584 23 25
f 31 33 584
f 33 35 584
f 584 35 650
f 35 37 650
f 650 37 39
f 43 45 650
f 45 47 650
f 650 47 49
f 85 87 581
f 87 89 581
f 581 89 91
f 685 695 581
f 695 696 581
f 581 696 697
f 5 7 692
f 7 9 692
f 692 9 584
f 9 11 584
f 584 11 13
f 49 51 650
f 51 53 650
f 650 53 55
f 55 57 650
f 57 59 650
f 650 59 61
f 698 699 131
f 700 701 586
f 701 702 586
f 586 702 689
f 703 123 125
f 133 653 131
f 653 704 131
f 131 704 698
f 697 705 581
f 705 706 581
f 581 706 707
f 708 709 586
f 709 710 586
f 105 107 711
f 107 109 711
f 711 109 111
f 91 712 581
f 712 713 581
f 581 713 654
f 703 125 714
f 125 127 714
f 714 127 699
f 127 129 699
f 699 129 131
f 710 715 586
f 715 716 586
f 586 716 700
f 93 711 91
f 711 717 91
f 91 717 712
f 93 95 711
f 95 97 711
f 711 97 99
f 707 718 581
f 718 719 581
f 581 719 586
f 719 720 586
f 586 720 708
f 99 101 711
f 101 103 711
f 711 103 105
f 111 113 711
f 113 115 711
f 711 115 117
f 703 721 123
f 721 722 123
f 123 722 121
f 722 711 121
f 121 711 119
f 711 117 119
f 146 148 586
f 278 280 621
f 154 156 586
f 156 158 586
f 586 158 160
f 206 208 581
f 208 210 581
f 581 210 212
f 218 220 581
f 220 222 581
f 230 232 723
f 148 150 586
f 150 152 586
f 586 152 154
f 212 214 581
f 214 216 581
f 581 216 218
f 222 224 581
f 224 226 581
f 581 226 723
f 226 228 723
f 723 228 230
f 621 280 586
f 280 282 586
f 586 282 284
f 198 200 581
f 284 286 586
f 286 288 586
f 586 288 146
f 200 202 581
f 202 204 581
f 581 204 206
f 270 272 621
f 272 274 621
f 274 276 621
f 621 276 278
f 160 162 586
f 162 164 586
f 586 164 166
f 232 234 723
f 234 236 723
f 723 236 238
f 166 168 586
f 168 170 586
f 586 170 172
f 172 174 586
f 174 176 586
f 586 176 178
f 178 180 586
f 180 182 586
f 586 182 581
f 182 184 581
f 581 184 186
f 250 252 723
f 252 254 723
f 723 254 621
f 254 256 621
f 621 256 258
f 186 188 581
f 188 190 581
f 581 190 192
f 192 194 581
f 194 196 581
f 581 196 198
f 238 240 723
f 240 242 723
f 723 242 244
f 244 246 723
f 246 248 723
f 723 248 250
f 258 260 621
f 260 262 621
f 621 262 264
f 264 266 621
f 266 268 621
f 621 268 270
f 724 725 726
f 725 727 726
f 726 727 728
f 727 729 728
f 728 729 730
f 729 731 730
f 730 731 732
f 731 733 732
f 732 733 734
f 733 735 734
f 734 735 736
f 735 737 736
f 736 737 738
f 737 739 738
f 738 739 740
f 739 741 740
f 740 741 742
f 741 743 742
f 742 743 744
f 743 745 744
f 744 745 746
f 745 747 746
f 746 747 748
f 747 749 748
f 748 749 750
f 749 751 750
f 750 751 752
f 751 753 752
f 752 753 754
f 753 755 754
f 754 755 756
f 755 757 756
f 756 757 758
f 757 759 758
f 758 759 760
f 759 761 760
f 760 761 762
f 761 763 762
f 762 763 764
f 763 765 764
f 764 765 766
f 765 767 766
f 766 767 768
f 767 769 768
f 768 769 770
f 769 771 770
f 770 771 772
f 771 773 772
f 772 773 774
f 773 775 774
f 774 775 776
f 775 777 776
f 776 777 778
f 777 779 778
f 778 779 780
f 779 781 780
f 780 781 782
f 781 783 782
f 782 783 784
f 783 785 784
f 784 785 786
f 785 787 786
f 786 787 788
f 787 789 788
f 788 789 790
f 789 791 790
f 790 791 792
f 791 793 792
f 792 793 794
f 793 795 794
f 794 795 796
f 795 797 796
f 796 797 798
f 797 799 798
f 798 799 800
f 799 801 800
f 800 801 802
f 801 803 802
f 802 803 804
f 803 805 804
f 804 805 806
f 805 807 806
f 806 807 808
f 807 809 808
f 808 809 810
f 809 811 810
f 810 811 812
f 811 813 812
f 812 813 814
f 813 815 814
f 814 815 816
f 815 817 816
f 816 817 818
f 817 819 818
f 818 819 820
f 819 821 820
f 820 821 822
f 821 823 822
f 822 823 824
f 823 825 824
f 824 825 826
f 825 827 826
f 826 827 828
f 827 829 828
f 828 829 830
f 829 831 830
f 830 831 832
f 831 833 832
f 832 833 834
f 833 835 834
f 834 835 836
f 835 837 836
f 836 837 838
f 837 839 838
f 838 839 840
f 839 841 840
f 840 841 842
f 841 843 842
f 842 843 844
f 843 845 844
f 844 845 846
f 845 847 846
f 846 847 848
f 847 849 848
f 848 849 850
f 849 851 850
f 850 851 852
f 851 853 852
f 852 853 854
f 853 855 854
f 854 855 856
f 855 857 856
f 856 857 858
f 857 859 858
f 858 859 860
f 859 861 860
f 860 861 862
f 861 863 862
f 862 863 864
f 863 865 864
f 864 865 866
f 865 867 866
f 866 867 724
f 867 725 724
f 729 727 868
f 727 725 868
f 868 725 867
f 735 733 868
f 733 731 868
f 868 731 729
f 741 739 868
f 739 737 868
f 868 737 735
f 747 745 868
f 745 743 868
f 868 743 741
f 753 751 868
f 751 749 868
f 868 749 747
f 759 757 868
f 757 755 868
f 868 755 753
f 765 763 868
f 763 761 868
f 868 761 759
f 771 769 868
f 769 767 868
f 868 767 765
f 777 775 868
f 775 773 868
f 868 773 771
f 783 781 868
f 781 779 868
f 868 779 777
f 789 787 868
f 787 785 868
f 868 785 783
f 795 793 868
f 793 791 868
f 868 791 789
f 801 799 868
f 799 797 868
f 868 797 795
f 807 805 868
f 805 803 868
f 868 803 801
f 813 811 868
f 811 809 868
f 868 809 807
f 819 817 868
f 817 815 868
f 868 815 813
f 825 823 868
f 823 821 868
f 868 821 819
f 831 829 868
f 829 827 868
f 868 827 825
f 837 835 868
f 835 833 868
f 868 833 831
f 843 841 868
f 841 839 868
f 868 839 837
f 849 847 868
f 847 845 868
f 868 845 843
f 855 853 868
f 853 851 868
f 868 851 849
f 861 859 868
f 859 857 868
f 868 857 855
f 867 865 868
f 865 863 868
f 868 863 861
f 869 870 871
f 870 872 871
f 871 872 873
f 872 874 873
f 873 874 875
f 874 876 875
f 875 876 877
f 876 878 877
f 877 878 879
f 878 880 879
f 879 880 881
f 880 882 881
f 881 882 883
f 882 884 883
f 883 884 885
f 884 886 885
f 885 886 887
f 886 888 887
f 887 888 889
f 888 890 889
f 889 890 891
f 890 892 891
f 891 892 893
f 892 894 893
f 893 894 895
f 894 896 895
f 895 896 897
f 896 898 897
f 897 898 899
f 898 900 899
f 899 900 901
f 900 902 901
f 901 902 903
f 902 904 903
f 903 904 905
f 904 906 905
f 905 906 907
f 906 908 907
f 907 908 909
f 908 910 909
f 909 910 911
f 910 912 911
f 911 912 913
f 912 914 913
f 913 914 915
f 914 916 915
f 915 916 917
f 916 918 917
f 917 918 919
f 918 920 919
f 919 920 921
f 920 922 921
f 921 922 923
f 922 924 923
f 923 924 925
f 924 926 925
f 925 926 927
f 926 928 927
f 927 928 929
f 928 930 929
f 929 930 931
f 930 932 931
f 931 932 933
f 932 934 933
f 933 934 935
f 934 936 935
f 935 936 937
f 936 938 937
f 937 938 939
f 938 940 939
f 939 940 941
f 940 942 941
f 941 942 943
f 942 944 943
f 943 944 945
f 944 946 945
f 945 946 947
f 946 948 947
f 947 948 949
f 948 950 949
f 949 950 951
f 950 952 951
f 951 952 953
f 952 954 953
f 953 954 955
f 954 956 955
f 955 956 957
f 956 958 957
f 957 958 959
f 958 960 959
f 959 960 961
f 960 962 961
f 961 962 963
f 962 964 963
f 963 964 965
f 964 966 965
f 965 966 967
f 966 968 967
f 967 968 969
f 968 970 969
f 969 970 971
f 970 972 971
f 971 972 973
f 972 974 973
f 973 974 975
f 974 976 975
f 975 976 977
f 976 978 977
f 977 978 979
f 978 980 979
f 979 980 981
f 980 982 981
f 981 982 983
f 982 984 983
f 983 984 985
f 984 986 985
f 985 986 987
f 986 988 987
f 987 988 989
f 988 990 989
f 989 990 991
f 990 992 991
f 991 992 993
f 992 994 993
f 993 994 995
f 994 996 995
f 995 996 997
f 996 998 997
f 997 998 999
f 998 1000 999
f 999 1000 1001
f 1000 1002 1001
f 1001 1002 1003
f 1002 1004 1003
f 1003 1004 1005
f 1004 1006 1005
f 1005 1006 1007
f 1006 1008 1007
f 1007 1008 1009
f 1008 1010 1009
f 1009 1010 1011
f 1010 1012 1011
f 1011 1012 869
f 1012 870 869
f 874 872 1013
f 872 870 1013
f 1013 870 1012
f 880 878 1013
f 878 876 1013
f 1013 876 874
f 886 884 1013
f 884 882 1013
f 1013 882 880
f 892 890 1013
f 890 888 1013
f 1013 888 886
f 898 896 1013
f 896 894 1013
f 1013 894 892
f 904 902 1013
f 902 900 1013
f 1013 900 898
f 910 908 1013
f 908 906 1013
f 1013 906 904
f 916 914 1013
f 914 912 1013
f 1013 912 910
f 922 920 1013
f 920 918 1013
f 1013 918 916
f 928 926 1013
f 926 924 1013
f 1013 924 922
f 934 932 1013
f 932 930 1013
f 1013 930 928
f 940 938 1013
f 938 936 1013
f 1013 936 934
f 946 944 1013
f 944 942 1013
f 1013 942 940
f 952 950 1013
f 950 948 1013
f 1013 948 946
f 958 956 1013
f 956 954 1013
f 1013 954 952
f 964 962 1013
f 962 960 1013
f 1013 960 958
f 970 968 1013
f 968 966 1013
f 1013 966 964
f 976 974 1013
f 974 972 1013
f 1013 972 970
f 982 980 1013
f 980 978 1013
f 1013 978 976
f 988 986 1013
f 986 984 1013
f 1013 984 982
f 994 992 1013
f 992 990 1013
f 1013 990 988
f 1000 998 1013
f 998 996 1013
f 1013 996 994
f 1006 1004 1013
f 1004 1002 1013
f 1013 1002 1000
f 1012 1010 1013
f 1010 1008 1013
f 1013 1008 1006
f 1014 1015 1016
f 1015 1017 1016
f 1016 1017 1018
f 1017 1019 1018
f 1018 1019 1020
f 1019 1021 1020
f 1020 1021 1022
f 1021 1023 1022
f 1022 1023 1024
f 1023 1025 1024
f 1024 1025 1026
f 1025 1027 1026
f 1026 1027 1028
f 1027 1029 1028
f 1028 1029 1030
f 1029 1031 1030
f 1030 1031 1032
f 1031 1033 1032
f 1032 1033 1034
f 1033 1035 1034
f 1034 1035 1036
f 1035 1037 1036
f 1036 1037 1038
f 1037 1039 1038
f 1038 1039 1040
f 1039 1041 1040
f 1040 1041 1042
f 1041 1043 1042
f 1042 1043 1044
f 1043 1045 1044
f 1044 1045 1046
f 1045 1047 1046
f 1046 1047 1048
f 1047 1049 1048
f 1048 1049 1050
f 1049 1051 1050
f 1050 1051 1052
f 1051 1053 1052
f 1052 1053 1054
f 1053 1055 1054
f 1054 1055 1056
f 1055 1057 1056
f 1056 1057 1058
f 1057 1059 1058
f 1058 1059 1060
f 1059 1061 1060
f 1060 1061 1062
f 1061 1063 1062
f 1062 1063 1064
f 1063 1065 1064
f 1064 1065 1066
f 1065 1067 1066
f 1066 1067 1068
f 1067 1069 1068
f 1068 1069 1070
f 1069 1071 1070
f 1070 1071 1072
f 1071 1073 1072
f 1072 1073 1074
f 1073 1075 1074
f 1074 1075 1076
f 1075 1077 1076
f 1076 1077 1078
f 1077 1079 1078
f 1078 1079 1080
f 1079 1081 1080
f 1080 1081 1082
f 1081 1083 1082
f 1082 1083 1084
f 1083 1085 1084
f 1084 1085 1086
f 1085 1087 1086
f 1086 1087 1088
f 1087 1089 1088
f 1088 1089 1090
f 1089 1091 1090
f 1090 1091 1092
f 1091 1093 1092
f 1092 1093 1094
f 1093 1095 1094
f 1094 1095 1096
f 1095 1097 1096
f 1096 1097 1098
f 1097 1099 1098
f 1098 1099 1100
f 1099 1101 1100
f 1100 1101 1102
f 1101 1103 1102
f 1102 1103 1104
f 1103 1105 1104
f 1104 1105 1106
f 1105 1107 1106
f 1106 1107 1108
f 1107 1109 1108
f 1108 1109 1110
f 1109 1111 1110
f 1110 1111 1112
f 1111 1113 1112
f 1112 1113 1114
f 1113 1115 1114
f 1114 1115 1116
f 1115 1117 1116
f 1116 1117 1118
f 1117 1119 1118
f 1118 1119 1120
f 1119 1121 1120
f 1120 1121 1122
f 1121 1123 1122
f 1122 1123 1124
f 1123 1125 1124
f 1124 1125 1126
f 1125 1127 1126
f 1126 1127 1128
f 1127 1129 1128
f 1128 1129 1130
f 1129 1131 1130
f 1130 1131 1132
f 1131 1133 1132
f 1132 1133 1134
f 1133 1135 1134
f 1134 1135 1136
f 1135 1137 1136
f 1136 1137 1138
f 1137 1139 1138
f 1138 1139 1140
f 1139 1141 1140
f 1140 1141 1142
f 1141 1143 1142
f 1142 1143 1144
f 1143 1145 1144
f 1144 1145 1146
f 1145 1147 1146
f 1146 1147 1148
f 1147 1149 1148
f 1148 1149 1150
f 1149 1151 1150
f 1150 1151 1152
f 1151 1153 1152
f 1152 1153 1154
f 1153 1155 1154
f 1154 1155 1156
f 1155 1157 1156
f 1156 1157 1014
f 1157 1015 1014
f 1019 1017 1158
f 1017 1015 1158
f 1158 1015 1157
f 1025 1023 1158
f 1023 1021 1158
f 1158 1021 1019
f 1031 1029 1158
f 1029 1027 1158
f 1158 1027 1025
f 1037 1035 1158
f 1035 1033 1158
f 1158 1033 1031
f 1043 1041 1158
f 1041 1039 1158
f 1158 1039 1037
f 1049 1047 1158
f 1047 1045 1158
f 1158 1045 1043
f 1055 1053 1158
f 1053 1051 1158
f 1158 1051 1049
f 1061 1059 1158
f 1059 1057 1158
f 1158 1057 1055
f 1067 1065 1158
f 1065 1063 1158
f 1158 1063 1061
f 1073 1071 1158
f 1071 1069 1158
f 1158 1069 1067
f 1079 1077 1158
f 1077 1075 1158
f 1158 1075 1073
f 1085 1083 1158
f 1083 1081 1158
f 1158 1081 1079
f 1091 1089 1158
f 1089 1087 1158
f 1158 1087 1085
f 1097 1095 1158
f 1095 1093 1158
f 1158 1093 1091
f 1103 1101 1158
f 1101 1099 1158
f 1158 1099 1097
f 1109 1107 1158
f 1107 1105 1158
f 1158 1105 1103
f 1115 1113 1158
f 1113 1111 1158
f 1158 1111 1109
f 1121 1119 1158
f 1119 1117 1158
f 1158 1117 1115
f 1127 1125 1158
f 1125 1123 1158
f 1158 1123 1121
f 1133 1131 1158
f 1131 1129 1158
f 1158 1129 1127
f 1139 1137 1158
f 1137 1135 1158
f 1158 1135 1133
f 1145 1143 1158
f 1143 1141 1158
f 1158 1141 1139
f 1151 1149 1158
f 1149 1147 1158
f 1158 1147 1145
f 1157 1155 1158
f 1155 1153 1158
f 1158 1153 1151
f 1159 1160 1161
f 1160 1162 1161
f 1161 1162 1163
f 1162 1164 1163
f 1163 1164 1165
f 1164 1166 1165
f 1165 1166 1167
f 1166 1168 1167
f 1167 1168 1169
f 1168 1170 1169
f 1169 1170 1171
f 1170 1172 1171
f 1171 1172 1173
f 1172 1174 1173
f 1173 1174 1175
f 1174 1176 1175
f 1175 1176 1177
f 1176 1178 1177
f 1177 1178 1179
f 1178 1180 1179
f 1179 1180 1181
f 1180 1182 1181
f 1181 1182 1183
f 1182 1184 1183
f 1183 1184 1185
f 1184 1186 1185
f 1185 1186 1187
f 1186 1188 1187
f 1187 1188 1189
f 1188 1190 1189
f 1189 1190 1191
f 1190 1192 1191
f 1191 1192 1193
f 1192 1194 1193
f 1193 1194 1195
f 1194 1196 1195
f 1195 1196 1197
f 1196 1198 1197
f 1197 1198 1199
f 1198 1200 1199
f 1199 1200 1201
f 1200 1202 1201
f 1201 1202 1203
f 1202 1204 1203
f 1203 1204 1205
f 1204 1206 1205
f 1205 1206 1207
f 1206 1208 1207
f 1207 1208 1209
f 1208 1210 1209
f 1209 1210 1211
f 1210 1212 1211
f 1211 1212 1213
f 1212 1214 1213
f 1213 1214 1215
f 1214 1216 1215
f 1215 1216 1217
f 1216 1218 1217
f 1217 1218 1219
f 1218 1220 1219
f 1219 1220 1221
f 1220 1222 1221
f 1221 1222 1223
f 1222 1224 1223
f 1223 1224 1225
f 1224 1226 1225
f 1225 1226 1227
f 1226 1228 1227
f 1227 1228 1229
f 1228 1230 1229
f 1229 1230 1231
f 1230 1232 1231
f 1231 1232 1233
f 1232 1234 1233
f 1233 1234 1235
f 1234 1236 1235
f 1235 1236 1237
f 1236 1238 1237
f 1237 1238 1239
f 1238 1240 1239
f 1239 1240 1241
f 1240 1242 1241
f 1241 1242 1243
f 1242 1244 1243
f 1243 1244 1245
f 1244 1246 1245
f 1245 1246 1247
f 1246 1248 1247
f 1247 1248 1249
f 1248 1250 1249
f 1249 1250 1251
f 1250 1252 1251
f 1251 1252 1253
f 1252 1254 1253
f 1253 1254 1255
f 1254 1256 1255
f 1255 1256 1257
f 1256 1258 1257
f 1257 1258 1259
f 1258 1260 1259
f 1259 1260 1261
f 1260 1262 1261
f 1261 1262 1263
f 1262 1264 1263
f 1263 1264 1265
f 1264 1266 1265
f 1265 1266 1267
f 1266 1268 1267
f 1267 1268 1269
f 1268 1270 1269
f 1269 1270 1271
f 1270 1272 1271
f 1271 1272 1273
f 1272 1274 1273
f 1273 1274 1275
f 1274 1276 1275
f 1275 1276 1277
f 1276 1278 1277
f 1277 1278 1279
f 1278 1280 1279
f 1279 1280 1281
f 1280 1282 1281
f 1281 1282 1283
f 1282 1284 1283
f 1283 1284 1285
f 1284 1286 1285
f 1285 1286 1287
f 1286 1288 1287
f 1287 1288 1289
f 1288 1290 1289
f 1289 1290 1291
f 1290 1292 1291
f 1291 1292 1293
f 1292 1294 1293
f 1293 1294 1295
f 1294 1296 1295
f 1295 1296 1297
f 1296 1298 1297
f 1297 1298 1299
f 1298 1300 1299
f 1299 1300 1301
f 1300 1302 1301
f 1301 1302 1159
f 1302 1160 1159
f 1164 1162 1303
f 1162 1160 1303
f 1303 1160 1302
f 1170 1168 1303
f 1168 1166 1303
f 1303 1166 1164
f 1176 1174 1303
f 1174 1172 1303
f 1303 1172 1170
f 1182 1180 1303
f 1180 1178 1303
f 1303 1178 1176
f 1188 1186 1303
f 1186 1184 1303
f 1303 1184 1182
f 1194 1192 1303
f 1192 1190 1303
f 1303 1190 1188
f 1200 1198 1303
f 1198 1196 1303
f 1303 1196 1194
f 1206 1204 1303
f 1204 1202 1303
f 1303 1202 1200
f 1212 1210 1303
f 1210 1208 1303
f 1303 1208 1206
f 1218 1216 1303
f 1216 1214 1303
f 1303 1214 1212
f 1224 1222 1303
f 1222 1220 1303
f 1303 1220 1218
f 1230 1228 1303
f 1228 1226 1303
f 1303 1226 1224
f 1236 1234 1303
f 1234 1232 1303
f 1303 1232 1230
f 1242 1240 1303
f 1240 1238 1303
f 1303 1238 1236
f 1248 1246 1303
f 1246 1244 1303
f 1303 1244 1242
f 1254 1252 1303
f 1252 1250 1303
f 1303 1250 1248
f 1260 1258 1303
f 1258 1256 1303
f 1303 1256 1254
f 1266 1264 1303
f 1264 1262 1303
f 1303 1262 1260
f 1272 1270 1303
f 1270 1268 1303
f 1303 1268 1266
f 1278 1276 1303
f 1276 1274 1303
f 1303 1274 1272
f 1284 1282 1303
f 1282 1280 1303
f 1303 1280 1278
f 1290 1288 1303
f 1288 1286 1303
f 1303 1286 1284
f 1296 1294 1303
f 1294 1292 1303
f 1303 1292 1290
f 1302 1300 1303
f 1300 1298 1303
f 1303 1298 1296
f 1304 1305 1306
f 1305 1307 1306
f 1306 1307 1308
f 1307 1309 1308
f 1308 1309 1310
f 1309 1311 1310
f 1310 1311 1312
f 1311 1313 1312
f 1312 1313 1314
f 1313 1315 1314
f 1314 1315 1316
f 1315 1317 1316
f 1316 1317 1318
f 1317 1319 1318
f 1318 1319 1320
f 1319 1321 1320
f 1320 1321 1322
f 1321 1323 1322
f 1322 1323 1324
f 1323 1325 1324
f 1324 1325 1326
f 1325 1327 1326
f 1326 1327 1328
f 1327 1329 1328
f 1328 1329 1330
f 1329 1331 1330
f 1330 1331 1332
f 1331 1333 1332
f 1332 1333 1334
f 1333 1335 1334
f 1334 1335 1336
f 1335 1337 1336
f 1336 1337 1338
f 1337 1339 1338
f 1338 1339 1340
f 1339 1341 1340
f 1340 1341 1342
f 1341 1343 1342
f 1342 1343 1344
f 1343 1345 1344
f 1344 1345 1346
f 1345 1347 1346
f 1346 1347 1348
f 1347 1349 1348
f 1348 1349 1350
f 1349 1351 1350
f 1350 1351 1352
f 1351 1353 1352
f 1352 1353 1354
f 1353 1355 1354
f 1354 1355 1356
f 1355 1357 1356
f 1356 1357 1358
f 1357 1359 1358
f 1358 1359 1360
f 1359 1361 1360
f 1360 1361 1362
f 1361 1363 1362
f 1362 1363 1364
f 1363 1365 1364
f 1364 1365 1366
f 1365 1367 1366
f 1366 1367 1368
f 1367 1369 1368
f 1368 1369 1370
f 1369 1371 1370
f 1370 1371 1372
f 1371 1373 1372
f 1372 1373 1374
f 1373 1375 1374
f 1374 1375 1376
f 1375 1377 1376
f 1376 1377 1378
f 1377 1379 1378
f 1378 1379 1380
f 1379 1381 1380
f 1380 1381 1382
f 1381 1383 1382
f 1382 1383 1384
f 1383 1385 1384
f 1384 1385 1386
f 1385 1387 1386
f 1386 1387 1388
f 1387 1389 1388
f 1388 1389 1390
f 1389 1391 1390
f 1390 1391 1392
f 1391 1393 1392
f 1392 1393 1394
f 1393 1395 1394
f 1394 1395 1396
f 1395 1397 1396
f 1396 1397 1398
f 1397 1399 1398
f 1398 1399 1400
f 1399 1401 1400
f 1400 1401 1402
f 1401 1403 1402
f 1402 1403 1404
f 1403 1405 1404
f 1404 1405 1406
f 1405 1407 1406
f 1406 1407 1408
f 1407 1409 1408
f 1408 1409 1410
f 1409 1411 1410
f 1410 1411 1412
f 1411 1413 1412
f 1412 1413 1414
f 1413 1415 1414
f 1414 1415 1416
f 1415 1417 1416
f 1416 1417 1418
f 1417 1419 1418
f 1418 1419 1420
f 1419 1421 1420
f 1420 1421 1422
f 1421 1423 1422
f 1422 1423 1424
f 1423 1425 1424
f 1424 1425 1426
f 1425 1427 1426
f 1426 1427 1428
f 1427 1429 1428
f 1428 1429 1430
f 1429 1431 1430
f 1430 1431 1432
f 1431 1433 1432
f 1432 1433 1434
f 1433 1435 1434
f 1434 1435 1436
f 1435 1437 1436
f 1436 1437 1438
f 1437 1439 1438
f 1438 1439 1440
f 1439 1441 1440
f 1440 1441 1442
f 1441 1443 1442
f 1442 1443 1444
f 1443 1445 1444
f 1444 1445 1446
f 1445 1447 1446
f 1446 1447 1304
f 1447 1305 1304
f 1309 1307 1448
f 1307 1305 1448
f 1448 1305 1447
f 1315 1313 1448
f 1313 1311 1448
f 1448 1311 1309
f 1321 1319 1448
f 1319 1317 1448
f 1448 1317 1315
f 1327 1325 1448
f 1325 1323 1448
f 1448 1323 1321
f 1333 1331 1448
f 1331 1329 1448
f 1448 1329 1327
f 1339 1337 1448
f 1337 1335 1448
f 1448 1335 1333
f 1345 1343 1448
f 1343 1341 1448
f 1448 1341 1339
f 1351 1349 1448
f 1349 1347 1448
f 1448 1347 1345
f 1357 1355 1448
f 1355 1353 1448
f 1448 1353 1351
f 1363 1361 1448
f 1361 1359 1448
f 1448 1359 1357
f 1369 1367 1448
f 1367 1365 1448
f 1448 1365 1363
f 1375 1373 1448
f 1373 1371 1448
f 1448 1371 1369
f 1381 1379 1448
f 1379 1377 1448
f 1448 1377 1375
f 1387 1385 1448
f 1385 1383 1448
f 1448 1383 1381
f 1393 1391 1448
f 1391 1389 1448
f 1448 1389 1387
f 1399 1397 1448
f 1397 1395 1448
f 1448 1395 1393
f 1405 1403 1448
f 1403 1401 1448
f 1448 1401 1399
f 1411 1409 1448
f 1409 1407 1448
f 1448 1407 1405
f 1417 1415 1448
f 1415 1413 1448
f 1448 1413 1411
f 1423 1421 1448
f 1421 1419 1448
f 1448 1419 1417
f 1429 1427 1448
f 1427 1425 1448
f 1448 1425 1423
f 1435 1433 1448
f 1433 1431 1448
f 1448 1431 1429
f 1441 1439 1448
f 1439 1437 1448
f 1448 1437 1435
f 1447 1445 1448
f 1445 1443 1448
f 1448 1443 1441
f 1449 1450 1451
f 1450 1452 1451
f 1451 1452 1453
f 1452 1454 1453
f 1453 1454 1455
f 1454 1456 1455
f 1455 1456 1457
f 1456 1458 1457
f 1457 1458 1459
f 1458 1460 1459
f 1459 1460 1461
f 1460 1462 1461
f 1461 1462 1463
f 1462 1464 1463
f 1463 1464 1465
f 1464 1466 1465
f 1465 1466 1467
f 1466 1468 1467
f 1467 1468 1469
f 1468 1470 1469
f 1469 1470 1471
f 1470 1472 1471
f 1471 1472 1473
f 1472 1474 1473
f 1473 1474 1475
f 1474 1476 1475
f 1475 1476 1477
f 1476 1478 1477
f 1477 1478 1479
f 1478 1480 1479
f 1479 1480 1481
f 1480 1482 1481
f 1481 1482 1483
f 1482 1484 1483
f 1483 1484 1485
f 1484 1486 1485
f 1485 1486 1487
f 1486 1488 1487
f 1487 1488 1489
f 1488 1490 1489
f 1489 1490 1491
f 1490 1492 1491
f 1491 1492 1493
f 1492 1494 1493
f 1493 1494 1495
f 1494 1496 1495
f 1495 1496 1497
f 1496 1498 1497
f 1497 1498 1499
f 1498 1500 1499
f 1499 1500 1501
f 1500 1502 1501
f 1501 1502 1503
f 1502 1504 1503
f 1503 1504 1505
f 1504 1506 1505
f 1505 1506 1507
f 1506 1508 1507
f 1507 1508 1509
f 1508 1510 1509
f 1509 1510 1511
f 1510 1512 1511
f 1511 1512 1513
f 1512 1514 1513
f 1513 1514 1515
f 1514 1516 1515
f 1515 1516 1517
f 1516 1518 1517
f 1517 1518 1519
f 1518 1520 1519
f 1519 1520 1521
f 1520 1522 1521
f 1521 1522 1523
f 1522 1524 1523
f 1523 1524 1525
f 1524 1526 1525
f 1525 1526 1527
f 1526 1528 1527
f 1527 1528 1529
f 1528 1530 1529
f 1529 1530 1531
f 1530 1532 1531
f 1531 1532 1533
f 1532 1534 1533
f 1533 1534 1535
f 1534 1536 1535
f 1535 1536 1537
f 1536 1538 1537
f 1537 1538 1539
f 1538 1540 1539
f 1539 1540 1541
f 1540 1542 1541
f 1541 1542 1543
f 1542 1544 1543
f 1543 1544 1545
f 1544 1546 1545
f 1545 1546 1547
f 1546 1548 1547
f 1547 1548 1549
f 1548 1550 1549
f 1549 1550 1551
f 1550 1552 1551
f 1551 1552 1553
f 1552 1554 1553
f 1553 1554 1555
f 1554 1556 1555
f 1555 1556 1557
f 1556 1558 1557
f 1557 1558 1559
f 1558 1560 1559
f 1559 1560 1561
f 1560 1562 1561
f 1561 1562 1563
f 1562 1564 1563
f 1563 1564 1565
f 1564 1566 1565
f 1565 1566 1567
f 1566 1568 1567
f 1567 1568 1569
f 1568 1570 1569
f 1569 1570 1571
f 1570 1572 1571
f 1571 1572 1573
f 1572 1574 1573
f 1573 1574 1575
f 1574 1576 1575
f 1575 1576 1577
f 1576 1578 1577
f 1577 1578 1579
f 1578 1580 1579
f 1579 1580 1581
f 1580 1582 1581
f 1581 1582 1583
f 1582 1584 1583
f 1583 1584 1585
f 1584 1586 1585
f 1585 1586 1587
f 1586 1588 1587
f 1587 1588 1589
f 1588 1590 1589
f 1589 1590 1591
f 1590 1592 1591
f 1591 1592 1449
f 1592 1450 1449
f 1454 1452 1593
f 1452 1450 1593
f 1593 1450 1592
f 1460 1458 1593
f 1458 1456 1593
f 1593 1456 1454
f 1466 1464 1593
f 1464 1462 1593
f 1593 1462 1460
f 1472 1470 1593
f 1470 1468 1593
f 1593 1468 1466
f 1478 1476 1593
f 1476 1474 1593
f 1593 1474 1472
f 1484 1482 1593
f 1482 1480 1593
f 1593 1480 1478
f 1490 1488 1593
f 1488 1486 1593
f 1593 1486 1484
f 1496 1494 1593
f 1494 1492 1593
f 1593 1492 1490
f 1502 1500 1593
f 1500 1498 1593
f 1593 1498 1496
f 1508 1506 1593
f 1506 1504 1593
f 1593 1504 1502
f 1514 1512 1593
f 1512 1510 1593
f 1593 1510 1508
f 1520 1518 1593
f 1518 1516 1593
f 1593 1516 1514
f 1526 1524 1593
f 1524 1522 1593
f 1593 1522 1520
f 1532 1530 1593
f 1530 1528 1593
f 1593 1528 1526
f 1538 1536 1593
f 1536 1534 1593
f 1593 1534 1532
f 1544 1542 1593
f 1542 1540 1593
f 1593 1540 1538
f 1550 1548 1593
f 1548 1546 1593
f 1593 1546 1544
f 1556 1554 1593
f 1554 1552 1593
f 1593 1552 1550
f 1562 1560 1593
f 1560 1558 1593
f 1593 1558 1556
f 1568 1566 1593
f 1566 1564 1593
f 1593 1564 1562
f 1574 1572 1593
f 1572 1570 1593
f 1593 1570 1568
f 1580 1578 1593
f 1578 1576 1593
f 1593 1576 1574
f 1586 1584 1593
f 1584 1582 1593
f 1593 1582 1580
f 1592 1590 1593
f 1590 1588 1593
f 1593 1588 1586
f 1594 1595 1596
f 1595 1597 1596
f 1596 1597 1598
f 1597 1599 1598
f 1598 1599 1600
f 1599 1601 1600
f 1600 1601 1602
f 1601 1603 1602
f 1602 1603 1604
f 1603 1605 1604
f 1604 1605 1606
f 1605 1607 1606
f 1606 1607 1608
f 1607 1609 1608
f 1608 1609 1610
f 1609 1611 1610
f 1610 1611 1612
f 1611 1613 1612
f 1612 1613 1614
f 1613 1615 1614
f 1614 1615 1616
f 1615 1617 1616
f 1616 1617 1618
f 1617 1619 1618
f 1618 1619 1620
f 1619 1621 1620
f 1620 1621 1622
f 1621 1623 1622
f 1622 1623 1624
f 1623 1625 1624
f 1624 1625 1626
f 1625 1627 1626
f 1626 1627 1628
f 1627 1629 1628
f 1628 1629 1630
f 1629 1631 1630
f 1630 1631 1632
f 1631 1633 1632
f 1632 1633 1634
f 1633 1635 1634
f 1634 1635 1636
f 1635 1637 1636
f 1636 1637 1638
f 1637 1639 1638
f 1638 1639 1640
f 1639 1641 1640
f 1640 1641 1642
f 1641 1643 1642
f 1642 1643 1644
f 1643 1645 1644
f 1644 1645 1646
f 1645 1647 1646
f 1646 1647 1648
f 1647 1649 1648
f 1648 1649 1650
f 1649 1651 1650
f 1650 1651 1652
f 1651 1653 1652
f 1652 1653 1654
f 1653 1655 1654
f 1654 1655 1656
f 1655 1657 1656
f 1656 1657 1658
f 1657 1659 1658
f 1658 1659 1660
f 1659 1661 1660
f 1660 1661 1662
f 1661 1663 1662
f 1662 1663 1664
f 1663 1665 1664
f 1664 1665 1666
f 1665 1667 1666
f 1666 1667 1668
f 1667 1669 1668
f 1668 1669 1670
f 1669 1671 1670
f 1670 1671 1672
f 1671 1673 1672
f 1672 1673 1674
f 1673 1675 1674
f 1674 1675 1676
f 1675 1677 1676
f 1676 1677 1678
f 1677 1679 1678
f 1678 1679 1680
f 1679 1681 1680
f 1680 1681 1682
f 1681 1683 1682
f 1682 1683 1684
f 1683 1685 1684
f 1684 1685 1686
f 1685 1687 1686
f 1686 1687 1688
f 1687 1689 1688
f 1688 1689 1690
f 1689 1691 1690
f 1690 1691 1692
f 1691 1693 1692
f 1692 1693 1694
f 1693 1695 1694
f 1694 1695 1696
f 1695 1697 1696
f 1696 1697 1698
f 1697 1699 1698
f 1698 1699 1700
f 1699 1701 1700
f 1700 1701 1702
f 1701 1703 1702
f 1702 1703 1704
f 1703 1705 1704
f 1704 1705 1706
f 1705 1707 1706
f 1706 1707 1708
f 1707 1709 1708
f 1708 1709 1710
f 1709 1711 1710
f 1710 1711 1712
f 1711 1713 1712
f 1712 1713 1714
f 1713 1715 1714
f 1714 1715 1716
f 1715 1717 1716
f 1716 1717 1718
f 1717 1719 1718
f 1718 1719 1720
f 1719 1721 1720
f 1720 1721 1722
f 1721 1723 1722
f 1722 1723 1724
f 1723 1725 1724
f 1724 1725 1726
f 1725 1727 1726
f 1726 1727 1728
f 1727 1729 1728
f 1728 1729 1730
f 1729 1731 1730
f 1730 1731 1732
f 1731 1733 1732
f 1732 1733 1734
f 1733 1735 1734
f 1734 1735 1736
f 1735 1737 1736
f 1736 1737 1594
f 1737 1595 1594
f 1599 1597 1738
f 1597 1595 1738
f 1738 1595 1737
f 1605 1603 1738
f 1603 1601 1738
f 1738 1601 1599
f 1611 1609 1738
f 1609 1607 1738
f 1738 1607 1605
f 1617 1615 1738
f 1615 1613 1738
f 1738 1613 1611
f 1623 1621 1738
f 1621 1619 1738
f 1738 1619 1617
f 1629 1627 1738
f 1627 1625 1738
f 1738 1625 1623
f 1635 1633 1738
f 1633 1631 1738
f 1738 1631 1629
f 1641 1639 1738
f 1639 1637 1738
f 1738 1637 1635
f 1647 1645 1738
f 1645 1643 1738
f 1738 1643 1641
f 1653 1651 1738
f 1651 1649 1738
f 1738 1649 1647
f 1659 1657 1738
f 1657 1655 1738
f 1738 1655 1653
f 1665 1663 1738
f 1663 1661 1738
f 1738 1661 1659
f 1671 1669 1738
f 1669 1667 1738
f 1738 1667 1665
f 1677 1675 1738
f 1675 1673 1738
f 1738 1673 1671
f 1683 1681 1738
f 1681 1679 1738
f 1738 1679 1677
f 1689 1687 1738
f 1687 1685 1738
f 1738 1685 1683
f 1695 1693 1738
f 1693 1691 1738
f 1738 1691 1689
f 1701 1699 1738
f 1699 1697 1738
f 1738 1697 1695
f 1707 1705 1738
f 1705 1703 1738
f 1738 1703 1701
f 1713 1711 1738
f 1711 1709 1738
f 1738 1709 1707
f 1719 1717 1738
f 1717 1715 1738
f 1738 1715 1713
f 1725 1723 1738
f 1723 1721 1738
f 1738 1721 1719
f 1731 1729 1738
f 1729 1727 1738
f 1738 1727 1725
f 1737 1735 1738
f 1735 1733 1738
f 1738 1733 1731
f 1739 1740 1741
f 1740 1742 1741
f 1741 1742 1743
f 1742 1744 1743
f 1743 1744 1745
f 1744 1746 1745
f 1745 1746 1747
f 1746 1748 1747
f 1747 1748 1749
f 1748 1750 1749
f 1749 1750 1751
f 1750 1752 1751
f 1751 1752 1753
f 1752 1754 1753
f 1753 1754 1755
f 1754 1756 1755
f 1755 1756 1757
f 1756 1758 1757
f 1757 1758 1759
f 1758 1760 1759
f 1759 1760 1761
f 1760 1762 1761
f 1761 1762 1763
f 1762 1764 1763
f 1763 1764 1765
f 1764 1766 1765
f 1765 1766 1767
f 1766 1768 1767
f 1767 1768 1769
f 1768 1770 1769
f 1769 1770 1771
f 1770 1772 1771
f 1771 1772 1773
f 1772 1774 1773
f 1773 1774 1775
f 1774 1776 1775
f 1775 1776 1777
f 1776 1778 1777
f 1777 1778 1779
f 1778 1780 1779
f 1779 1780 1781
f 1780 1782 1781
f 1781 1782 1783
f 1782 1784 1783
f 1783 1784 1785
f 1784 1786 1785
f 1785 1786 1787
f 1786 1788 1787
f 1787 1788 1789
f 1788 1790 1789
f 1789 1790 1791
f 1790 1792 1791
f 1791 1792 1793
f 1792 1794 1793
f 1793 1794 1795
f 1794 1796 1795
f 1795 1796 1797
f 1796 1798 1797
f 1797 1798 1799
f 1798 1800 1799
f 1799 1800 1801
f 1800 1802 1801
f 1801 1802 1803
f 1802 1804 1803
f 1803 1804 1805
f 1804 1806 1805
f 1805 1806 1807
f 1806 1808 1807
f 1807 1808 1809
f 1808 1810 1809
f 1809 1810 1811
f 1810 1812 1811
f 1811 1812 1813
f 1812 1814 1813
f 1813 1814 1815
f 1814 1816 1815
f 1815 1816 1817
f 1816 1818 1817
f 1817 1818 1819
f 1818 1820 1819
f 1819 1820 1821
f 1820 1822 1821
f 1821 1822 1823
f 1822 1824 1823
f 1823 1824 1825
f 1824 1826 1825
f 1825 1826 1827
f 1826 1828 1827
f 1827 1828 1829
f 1828 1830 1829
f 1829 1830 1831
f 1830 1832 1831
f 1831 1832 1833
f 1832 1834 1833
f 1833 1834 1835
f 1834 1836 1835
f 1835 1836 1837
f 1836 1838 1837
f 1837 1838 1839
f 1838 1840 1839
f 1839 1840 1841
f 1840 1842 1841
f 1841 1842 1843
f 1842 1844 1843
f 1843 1844 1845
f 1844 1846 1845
f 1845 1846 1847
f 1846 1848 1847
f 1847 1848 1849
f 1848 1850 1849
f 1849 1850 1851
f 1850 1852 1851
f 1851 1852 1853
f 1852 1854 1853
f 1853 1854 1855
f 1854 1856 1855
f 1855 1856 1857
f 1856 1858 1857
f 1857 1858 1859
f 1858 1860 1859
f 1859 1860 1861
f 1860 1862 1861
f 1861 1862 1863
f 1862 1864 1863
f 1863 1864 1865
f 1864 1866 1865
f 1865 1866 1867
f 1866 1868 1867
f 1867 1868 1869
f 1868 1870 1869
f 1869 1870 1871
f 1870 1872 1871
f 1871 1872 1873
f 1872 1874 1873
f 1873 1874 1875
f 1874 1876 1875
f 1875 1876 1877
f 1876 1878 1877
f 1877 1878 1879
f 1878 1880 1879
f 1879 1880 1881
f 1880 1882 1881
f 1881 1882 1739
f 1882 1740 1739
f 1744 1742 1883
f 1742 1740 1883
f 1883 1740 1882
f 1750 1748 1883
f 1748 1746 1883
f 1883 1746 1744
f 1756 1754 1883
f 1754 1752 1883
f 1883 1752 1750
f 1762 1760 1883
f 1760 1758 1883
f 1883 1758 1756
f 1768 1766 1883
f 1766 1764 1883
f 1883 1764 1762
f 1774 1772 1883
f 1772 1770 1883
f 1883 1770 1768
f 1780 1778 1883
f 1778 1776 1883
f 1883 1776 1774
f 1786 1784 1883
f 1784 1782 1883
f 1883 1782 1780
f 1792 1790 1883
f 1790 1788 1883
f 1883 1788 1786
f 1798 1796 1883
f 1796 1794 1883
f 1883 1794 1792
f 1804 1802 1883
f 1802 1800 1883
f 1883 1800 1798
f 1810 1808 1883
f 1808 1806 1883
f 1883 1806 1804
f 1816 1814 1883
f 1814 1812 1883
f 1883 1812 1810
f 1822 1820 1883
f 1820 1818 1883
f 1883 1818 1816
f 1828 1826 1883
f 1826 1824 1883
f 1883 1824 1822
f 1834 1832 1883
f 1832 1830 1883
f 1883 1830 1828
f 1840 1838 1883
f 1838 1836 1883
f 1883 1836 1834
f 1846 1844 1883
f 1844 1842 1883
f 1883 1842 1840
f 1852 1850 1883
f 1850 1848 1883
f 1883 1848 1846
f 1858 1856 1883
f 1856 1854 1883
f 1883 1854 1852
f 1864 1862 1883
f 1862 1860 1883
f 1883 1860 1858
f 1870 1868 1883
f 1868 1866 1883
f 1883 1866 1864
f 1876 1874 1883
f 1874 1872 1883
f 1883 1872 1870
f 1882 1880 1883
f 1880 1878 1883
f 1883 1878 1876
f 1884 1885 1886
f 1885 1887 1886
f 1886 1887 1888
f 1887 1889 1888
f 1888 1889 1890
f 1889 1891 1890
f 1890 1891 1892
f 1891 1893 1892
f 1892 1893 1894
f 1893 1895 1894
f 1894 1895 1896
f 1895 1897 1896
f 1896 1897 1898
f 1897 1899 1898
f 1898 1899 1900
f 1899 1901 1900
f 1900 1901 1902
f 1901 1903 1902
f 1902 1903 1904
f 1903 1905 1904
f 1904 1905 1906
f 1905 1907 1906
f 1906 1907 1908
f 1907 1909 1908
f 1908 1909 1910
f 1909 1911 1910
f 1910 1911 1912
f 1911 1913 1912
f 1912 1913 1914
f 1913 1915 1914
f 1914 1915 1916
f 1915 1917 1916
f 1916 1917 1918
f 1917 1919 1918
f 1918 1919 1920
f 1919 1921 1920
f 1920 1921 1922
f 1921 1923 1922
f 1922 1923 1924
f 1923 1925 1924
f 1924 1925 1926
f 1925 1927 1926
f 1926 1927 1928
f 1927 1929 1928
f 1928 1929 1930
f 1929 1931 1930
f 1930 1931 1932
f 1931 1933 1932
f 1932 1933 1934
f 1933 1935 1934
f 1934 1935 1936
f 1935 1937 1936
f 1936 1937 1938
f 1937 1939 1938
f 1938 1939 1940
f 1939 1941 1940
f 1940 1941 1942
f 1941 1943 1942
f 1942 1943 1944
f 1943 1945 1944
f 1944 1945 1946
f 1945 1947 1946
f 1946 1947 1948
f 1947 1949 1948
f 1948 1949 1950
f 1949 1951 1950
f 1950 1951 1952
f 1951 1953 1952
f 1952 1953 1954
f 1953 1955 1954
f 1954 1955 1956
f 1955 1957 1956
f 1956 1957 1958
f 1957 1959 1958
f 1958 1959 1960
f 1959 1961 1960
f 1960 1961 1962
f 1961 1963 1962
f 1962 1963 1964
f 1963 1965 1964
f 1964 1965 1966
f 1965 1967 1966
f 1966 1967 1968
f 1967 1969 1968
f 1968 1969 1970
f 1969 1971 1970
f 1970 1971 1972
f 1971 1973 1972
f 1972 1973 1974
f 1973 1975 1974
f 1974 1975 1976
f 1975 1977 1976
f 1976 1977 1978
f 1977 1979 1978
f 1978 1979 1980
f 1979 1981 1980
f 1980 1981 1982
f 1981 1983 1982
f 1982 1983 1984
f 1983 1985 1984
f 1984 1985 1986
f 1985 1987 1986
f 1986 1987 1988
f 1987 1989 1988
f 1988 1989 1990
f 1989 1991 1990
f 1990 1991 1992
f 1991 1993 1992
f 1992 1993 1994
f 1993 1995 1994
f 1994 1995 1996
f 1995 1997 1996
f 1996 1997 1998
f 1997 1999 1998
f 1998 1999 2000
f 1999 2001 2000
f 2000 2001 2002
f 2001 2003 2002
f 2002 2003 2004
f 2003 2005 2004
f 2004 2005 2006
f 2005 2007 2006
f 2006 2007 2008
f 2007 2009 2008
f 2008 2009 2010
f 2009 2011 2010
f 2010 2011 2012
f 2011 2013 2012
f 2012 2013 2014
f 2013 2015 2014
f 2014 2015 2016
f 2015 2017 2016
f 2016 2017 2018
f 2017 2019 2018
f 2018 2019 2020
f 2019 2021 2020
f 2020 2021 2022
f 2021 2023 2022
f 2022 2023 2024
f 2023 2025 2024
f 2024 2025 2026
f 2025 2027 2026
f 2026 2027 1884
f 2027 1885 1884
f 2028 1991 2029
f 1991 1989 2029
f 2029 1989 2030
f 1989 1987 2030
f 2030 1987 2031
f 1987 1985 2031
f 2031 1985 2032
f 1985 1983 2032
f 2032 1983 2033
f 1983 1981 2033
f 2033 1981 2034
f 1981 1979 2034
f 2034 1979 2035
f 1979 1977 2035
f 2035 1977 2036
f 1977 1975 2036
f 2036 1975 2037
f 1975 1973 2037
f 2037 1973 2038
f 1973 1971 2038
f 2038 1971 2039
f 1971 1969 2039
f 2039 1969 2040
f 1969 1967 2040
f 2040 1967 2041
f 1967 1965 2041
f 2041 1965 2042
f 1965 1963 2042
f 2042 1963 2043
f 1963 1961 2043
f 2043 1961 2044
f 1961 1959 2044
f 2044 1959 2045
f 1959 1957 2045
f 2045 1957 2046
f 1957 1955 2046
f 2046 1955 2047
f 1955 1953 2047
f 2047 1953 2048
f 1953 1951 2048
f 2048 1951 2049
f 1951 1949 2049
f 2049 1949 2050
f 1949 1947 2050
f 2050 1947 2051
f 1947 1945 2051
f 2051 1945 2052
f 1945 1943 2052
f 2052 1943 2053
f 1943 1941 2053
f 2053 1941 2054
f 1941 1939 2054
f 2054 1939 2055
f 1939 1937 2055
f 2055 1937 2056
f 1937 1935 2056
f 2056 1935 2057
f 1935 1933 2057
f 2057 1933 2058
f 1933 1931 2058
f 2058 1931 2059
f 1931 1929 2059
f 2059 1929 2060
f 1929 1927 2060
f 2060 1927 2061
f 1927 1925 2061
f 2061 1925 2062
f 1925 1923 2062
f 2062 1923 2063
f 1923 1921 2063
f 2063 1921 2064
f 1921 1919 2064
f 2064 1919 2065
f 1919 1917 2065
f 2065 1917 2066
f 1917 1915 2066
f 2066 1915 2067
f 1915 1913 2067
f 2067 1913 2068
f 1913 1911 2068
f 2068 1911 2069
f 1911 1909 2069
f 2069 1909 2070
f 1909 1907 2070
f 2070 1907 2071
f 1907 1905 2071
f 2071 1905 2072
f 1905 1903 2072
f 2072 1903 2073
f 1903 1901 2073
f 2073 1901 2074
f 1901 1899 2074
f 2074 1899 2075
f 1899 1897 2075
f 2075 1897 2076
f 1897 1895 2076
f 2076 1895 2077
f 1895 1893 2077
f 2077 1893 2078
f 1893 1891 2078
f 2078 1891 2079
f 1891 1889 2079
f 2079 1889 2080
f 1889 1887 2080
f 2080 1887 2081
f 1887 1885 2081
f 2081 1885 2082
f 1885 2027 2082
f 2082 2027 2083
f 2027 2025 2083
f 2083 2025 2084
f 2025 2023 2084
f 2084 2023 2085
f 2023 2021 2085
f 2085 2021 2086
f 2021 2019 2086
f 2086 2019 2087
f 2019 2017 2087
f 2087 2017 2088
f 2017 2015 2088
f 2088 2015 2089
f 2015 2013 2089
f 2089 2013 2090
f 2013 2011 2090
f 2090 2011 2091
f 2011 2009 2091
f 2091 2009 2092
f 2009 2007 2092
f 2092 2007 2093
f 2007 2005 2093
f 2093 2005 2094
f 2005 2003 2094
f 2094 2003 2095
f 2003 2001 2095
f 2095 2001 2096
f 2001 1999 2096
f 2096 1999 2097
f 1999 1997 2097
f 2097 1997 2098
f 1997 1995 2098
f 2098 1995 2099
f 1995 1993 2099
f 2099 1993 2028
f 1993 1991 2028
f 2081 2100 2080
f 2100 2101 2080
f 2080 2101 2079
f 2101 2102 2079
f 2079 2102 2078
f 2102 2103 2078
f 2078 2103 2077
f 2103 2104 2077
f 2077 2104 2076
f 2104 2105 2076
f 2076 2105 2075
f 2105 2106 2075
f 2075 2106 2074
f 2106 2107 2074
f 2074 2107 2073
f 2107 2108 2073
f 2073 2108 2072
f 2108 2109 2072
f 2072 2109 2071
f 2109 2110 2071
f 2071 2110 2070
f 2110 2111 2070
f 2070 2111 2069
f 2111 2112 2069
f 2069 2112 2068
f 2112 2113 2068
f 2068 2113 2067
f 2113 2114 2067
f 2067 2114 2066
f 2114 2115 2066
f 2066 2115 2065
f 2115 2116 2065
f 2065 2116 2064
f 2116 2117 2064
f 2064 2117 2063
f 2117 2118 2063
f 2063 2118 2062
f 2118 2119 2062
f 2062 2119 2061
f 2119 2120 2061
f 2061 2120 2060
f 2120 2121 2060
f 2060 2121 2059
f 2121 2122 2059
f 2059 2122 2058
f 2122 2123 2058
f 2058 2123 2057
f 2123 2124 2057
f 2057 2124 2056
f 2124 2125 2056
f 2056 2125 2055
f 2125 2126 2055
f 2055 2126 2054
f 2126 2127 2054
f 2054 2127 2053
f 2127 2128 2053
f 2053 2128 2052
f 2128 2129 2052
f 2052 2129 2051
f 2129 2130 2051
f 2051 2130 2050
f 2130 2131 2050
f 2050 2131 2049
f 2131 2132 2049
f 2049 2132 2048
f 2132 2133 2048
f 2048 2133 2047
f 2133 2134 2047
f 2047 2134 2046
f 2134 2135 2046
f 2046 2135 2045
f 2135 2136 2045
f 2045 2136 2044
f 2136 2137 2044
f 2044 2137 2043
f 2137 2138 2043
f 2043 2138 2042
f 2138 2139 2042
f 2042 2139 2041
f 2139 2140 2041
f 2041 2140 2040
f 2140 2141 2040
f 2040 2141 2039
f 2141 2142 2039
f 2039 2142 2038
f 2142 2143 2038
f 2038 2143 2037
f 2143 2144 2037
f 2037 2144 2036
f 2144 2145 2036
f 2036 2145 2035
f 2145 2146 2035
f 2035 2146 2034
f 2146 2147 2034
f 2034 2147 2033
f 2147 2148 2033
f 2033 2148 2032
f 2148 2149 2032
f 2032 2149 2031
f 2149 2150 2031
f 2031 2150 2030
f 2150 2151 2030
f 2030 2151 2029
f 2151 2152 2029
f 2029 2152 2028
f 2152 2153 2028
f 2028 2153 2099
f 2153 2154 2099
f 2099 2154 2098
f 2154 2155 2098
f 2098 2155 2097
f 2155 2156 2097
f 2097 2156 2096
f 2156 2157 2096
f 2096 2157 2095
f 2157 2158 2095
f 2095 2158 2094
f 2158 2159 2094
f 2094 2159 2093
f 2159 2160 2093
f 2093 2160 2092
f 2160 2161 2092
f 2092 2161 2091
f 2161 2162 2091
f 2091 2162 2090
f 2162 2163 2090
f 2090 2163 2089
f 2163 2164 2089
f 2089 2164 2088
f 2164 2165 2088
f 2088 2165 2087
f 2165 2166 2087
f 2087 2166 2086
f 2166 2167 2086
f 2086 2167 2085
f 2167 2168 2085
f 2085 2168 2084
f 2168 2169 2084
f 2084 2169 2083
f 2169 2170 2083
f 2083 2170 2082
f 2170 2171 2082
f 2082 2171 2081
f 2171 2100 2081
f 2172 2173 2174
f 2175 2176 2177
f 2178 2179 2180
f 2181 2182 2183
f 2184 2185 2186
f 2185 2187 2186
f 2186 2187 2188
f 2184 2186 2189
f 2186 2190 2189
f 2189 2190 2191
f 2192 2193 2190
f 2193 2194 2190
f 2190 2194 2191
f 2195 2196 2197
f 2196 2198 2197
f 2197 2198 2192
f 2198 2199 2192
f 2192 2199 2193
f 2200 2201 2202
f 2201 2203 2202
f 2202 2203 2204
f 2203 2205 2204
f 2200 2202 2206
f 2202 2207 2206
f 2206 2207 2208
f 2207 2209 2208
f 2208 2209 2210
f 2209 2211 2210
f 2210 2211 2212
f 2213 2214 2211
f 2214 2215 2211
f 2211 2215 2212
f 2216 2217 2218
f 2217 2213 2218
f 2218 2213 2219
f 2213 2211 2219
f 2216 2218 2220
f 2218 2221 2220
f 2220 2221 2222
f 2221 2223 2222
f 2222 2223 2224
f 2180 2179 2223
f 2179 2225 2223
f 2223 2225 2224
f 2178 2180 2226
f 2180 2227 2226
f 2226 2227 2228
f 2227 2229 2228
f 2228 2229 2230
f 2231 2232 2233
f 2232 2234 2233
f 2233 2234 2229
f 2234 2235 2229
f 2229 2235 2230
f 2231 2233 2236
f 2233 2237 2236
f 2236 2237 2238
f 2237 2239 2238
f 2238 2239 2240
f 2241 2242 2243
f 2242 2244 2243
f 2243 2244 2245
f 2244 2246 2245
f 2245 2246 2247
f 2246 2248 2247
f 2247 2248 2239
f 2248 2249 2239
f 2239 2249 2240
f 2241 2243 2250
f 2243 2251 2250
f 2250 2251 2252
f 2251 2253 2252
f 2252 2253 2254
f 2253 2255 2254
f 2254 2255 2256
f 2256 2255 2257
f 2255 2258 2257
f 2257 2258 2259
f 2258 2260 2259
f 2259 2260 2261
f 2262 2263 2264
f 2262 2264 2260
f 2264 2265 2260
f 2260 2265 2261
f 2263 2262 2266
f 2262 2267 2266
f 2266 2267 2268
f 2269 2270 2271
f 2270 2272 2271
f 2271 2272 2267
f 2272 2273 2267
f 2267 2273 2268
f 2274 2275 2276
f 2275 2277 2276
f 2276 2277 2269
f 2277 2278 2269
f 2269 2278 2270
f 2274 2276 2279
f 2276 2280 2279
f 2279 2280 2281
f 2280 2282 2281
f 2281 2282 2283
f 2283 2282 2284
f 2282 2285 2284
f 2284 2285 2286
f 2176 2175 2285
f 2175 2287 2285
f 2285 2287 2286
f 2288 2289 2177
f 2289 2290 2177
f 2177 2290 2175
f 2291 2292 2288
f 2292 2293 2288
f 2288 2293 2289
f 2294 2295 2296
f 2295 2297 2296
f 2296 2297 2291
f 2297 2298 2291
f 2291 2298 2292
f 2299 2300 2294
f 2300 2301 2294
f 2294 2301 2295
f 2302 2303 2304
f 2303 2305 2304
f 2304 2305 2299
f 2305 2306 2299
f 2299 2306 2300
f 2307 2308 2309
f 2308 2310 2309
f 2309 2310 2311
f 2310 2312 2311
f 2311 2312 2313
f 2312 2314 2313
f 2313 2314 2315
f 2314 2316 2315
f 2315 2316 2317
f 2317 2316 2318
f 2316 2319 2318
f 2318 2319 2320
f 2321 2322 2319
f 2322 2323 2319
f 2319 2323 2320
f 2324 2325 2321
f 2325 2326 2321
f 2321 2326 2322
f 2327 2172 2328
f 2172 2174 2328
f 2328 2174 2329
f 2237 2330 2239
f 2330 2331 2239
f 2239 2331 2247
f 2331 2332 2247
f 2247 2332 2245
f 2332 2333 2245
f 2245 2333 2243
f 2333 2334 2243
f 2243 2334 2251
f 2334 2335 2251
f 2251 2335 2253
f 2221 2336 2223
f 2336 2337 2223
f 2223 2337 2180
f 2337 2338 2180
f 2180 2338 2227
f 2338 2339 2227
f 2339 2340 2227
f 2227 2340 2229
f 2340 2341 2229
f 2229 2341 2233
f 2341 2342 2233
f 2233 2342 2237
f 2342 2343 2237
f 2237 2343 2330
f 2344 2345 2346
f 2345 2347 2346
f 2348 2349 2347
f 2349 2350 2347
f 2347 2350 2346
f 2183 2351 2181
f 2351 2352 2181
f 2181 2352 2353
f 2352 2354 2353
f 2353 2354 2348
f 2354 2355 2348
f 2348 2355 2349
f 2182 2181 2356
f 2181 2353 2356
f 2356 2353 2357
f 2353 2348 2357
f 2357 2348 2358
f 2348 2347 2358
f 2358 2347 2359
f 2347 2345 2359
f 2359 2345 2360
f 2345 2344 2360
f 2360 2344 2361
f 2361 2344 2205
f 2344 2362 2205
f 2205 2362 2204
f 2362 2363 2204
f 2204 2363 2202
f 2363 2364 2202
f 2202 2364 2207
f 2364 2365 2207
f 2207 2365 2209
f 2365 2366 2209
f 2209 2366 2211
f 2366 2367 2211
f 2211 2367 2219
f 2367 2368 2219
f 2219 2368 2218
f 2368 2369 2218
f 2218 2369 2221
f 2369 2370 2221
f 2221 2370 2336
f 2203 2371 2205
f 2371 2372 2205
f 2205 2372 2361
f 2372 2373 2361
f 2361 2373 2360
f 2373 2374 2360
f 2360 2374 2359
f 2374 2375 2359
f 2371 2376 2372
f 2376 2377 2372
f 2372 2377 2373
f 2377 2378 2373
f 2373 2378 2374
f 2378 2195 2374
f 2374 2195 2375
f 2195 2197 2375
f 2375 2197 2359
f 2197 2192 2359
f 2359 2192 2358
f 2192 2190 2358
f 2358 2190 2357
f 2190 2186 2357
f 2357 2186 2356
f 2186 2188 2356
f 2356 2188 2182
f 2307 2303 2308
f 2303 2302 2308
f 2308 2302 2310
f 2302 2379 2310
f 2310 2379 2312
f 2379 2380 2312
f 2312 2380 2314
f 2380 2381 2314
f 2314 2381 2316
f 2381 2382 2316
f 2316 2382 2319
f 2382 2383 2319
f 2319 2383 2321
f 2383 2384 2321
f 2321 2384 2324
f 2327 2328 2385
f 2328 2386 2385
f 2385 2386 2387
f 2386 2388 2387
f 2387 2388 2389
f 2388 2390 2389
f 2389 2390 2391
f 2390 2392 2391
f 2391 2392 2393
f 2379 2392 2380
f 2392 2390 2380
f 2380 2390 2381
f 2390 2388 2381
f 2381 2388 2382
f 2388 2386 2382
f 2382 2386 2383
f 2386 2328 2383
f 2383 2328 2384
f 2328 2329 2384
f 2384 2329 2324
f 2329 2394 2324
f 2324 2394 2325
f 2267 2395 2271
f 2395 2396 2271
f 2271 2396 2269
f 2396 2397 2269
f 2269 2397 2276
f 2397 2398 2276
f 2276 2398 2280
f 2398 2399 2280
f 2280 2399 2282
f 2399 2400 2282
f 2282 2400 2285
f 2400 2401 2285
f 2285 2401 2176
f 2401 2402 2176
f 2176 2402 2177
f 2402 2403 2177
f 2177 2403 2288
f 2403 2404 2288
f 2288 2404 2291
f 2404 2405 2291
f 2291 2405 2296
f 2405 2406 2296
f 2296 2406 2294
f 2406 2407 2294
f 2294 2407 2299
f 2407 2408 2299
f 2299 2408 2304
f 2408 2409 2304
f 2304 2409 2302
f 2409 2410 2302
f 2302 2410 2379
f 2410 2411 2379
f 2379 2411 2392
f 2411 2412 2392
f 2392 2412 2393
f 2335 2413 2253
f 2413 2414 2253
f 2253 2414 2255
f 2414 2415 2255
f 2255 2415 2258
f 2415 2416 2258
f 2258 2416 2260
f 2416 2417 2260
f 2260 2417 2262
f 2417 2418 2262
f 2262 2418 2267
f 2418 2419 2267
f 2267 2419 2395
f 2187 2185 2420
f 2421 2422 2188
f 2423 2183 2422
f 2183 2182 2422
f 2422 2182 2188
f 2173 2424 2174
f 2424 2425 2174
f 2174 2425 2329
f 2425 2426 2329
f 2329 2426 2394
f 2188 2187 2421
f 2187 2420 2421
f 2421 2420 2427
f 2420 2428 2427
f 2427 2428 2429
f 2428 2430 2429
f 2429 2430 2431
f 2430 2432 2431
f 2431 2432 2433
f 2432 2434 2433
f 2433 2434 2435
f 2434 2436 2435
f 2435 2436 2437
f 2436 2438 2437
f 2437 2438 2439
f 2438 2440 2439
f 2439 2440 2441
f 2440 2442 2441
f 2441 2442 2443
f 2442 2444 2443
f 2443 2444 2445
f 2444 2446 2445
f 2445 2446 2447
f 2446 2448 2447
f 2447 2448 2449
f 2448 2450 2449
f 2449 2450 2451
f 2450 2452 2451
f 2451 2452 2453
f 2452 2454 2453
f 2453 2454 2455
f 2454 2456 2455
f 2455 2456 2457
f 2456 2458 2457
f 2457 2458 2459
f 2458 2460 2459
f 2459 2460 2461
f 2460 2462 2461
f 2461 2462 2463
f 2462 2464 2463
f 2463 2464 2465
f 2464 2466 2465
f 2465 2466 2467
f 2466 2468 2467
f 2467 2468 2469
f 2468 2470 2469
f 2469 2470 2471
f 2470 2472 2471
f 2471 2472 2473
f 2472 2474 2473
f 2473 2474 2475
f 2474 2476 2475
f 2475 2476 2477
f 2476 2478 2477
f 2477 2478 2479
f 2478 2480 2479
f 2479 2480 2481
f 2480 2482 2481
f 2481 2482 2483
f 2482 2484 2483
f 2483 2484 2485
f 2484 2486 2485
f 2485 2486 2487
f 2486 2488 2487
f 2487 2488 2489
f 2488 2490 2489
f 2489 2490 2491
f 2490 2492 2491
f 2491 2492 2493
f 2492 2494 2493
f 2493 2494 2495
f 2494 2496 2495
f 2495 2496 2426
f 2496 2497 2426
f 2426 2497 2394
f 2498 2499 2500
f 2499 2501 2500
f 2500 2501 2502
f 2418 2417 2503
f 2417 2416 2503
f 2503 2397 2396
f 2500 2335 2334
f 2342 2341 2500
f 2424 2173 2504
f 2173 2172 2504
f 2504 2172 2505
f 2387 2503 2385
f 2503 2505 2385
f 2385 2505 2327
f 2505 2172 2327
f 2403 2402 2503
f 2402 2401 2503
f 2503 2401 2400
f 2400 2399 2503
f 2399 2398 2503
f 2503 2398 2397
f 2396 2395 2503
f 2395 2419 2503
f 2503 2419 2418
f 2407 2406 2503
f 2416 2415 2503
f 2415 2414 2503
f 2503 2414 2500
f 2414 2413 2500
f 2500 2413 2335
f 2506 2507 2500
f 2507 2508 2500
f 2500 2508 2509
f 2406 2405 2503
f 2405 2404 2503
f 2503 2404 2403
f 2334 2333 2500
f 2333 2332 2500
f 2500 2332 2331
f 2338 2337 2500
f 2510 2511 2500
f 2511 2512 2500
f 2500 2512 2506
f 2509 2513 2500
f 2513 2514 2500
f 2500 2514 2515
f 2515 2516 2500
f 2516 2517 2500
f 2500 2517 2518
f 2387 2389 2503
f 2389 2391 2503
f 2503 2391 2393
f 2331 2330 2500
f 2330 2343 2500
f 2500 2343 2342
f 2355 2500 2349
f 2500 2350 2349
f 2518 2519 2500
f 2519 2520 2500
f 2500 2520 2498
f 2500 2369 2368
f 2368 2367 2500
f 2367 2366 2500
f 2500 2366 2365
f 2355 2354 2500
f 2354 2352 2500
f 2500 2352 2351
f 2521 2522 2351
f 2522 2523 2351
f 2351 2524 2525
f 2525 2526 2351
f 2526 2527 2351
f 2351 2527 2528
f 2529 2500 2530
f 2500 2531 2530
f 2529 2532 2500
f 2532 2533 2500
f 2500 2533 2510
f 2410 2409 2503
f 2409 2408 2503
f 2503 2408 2407
f 2341 2340 2500
f 2340 2339 2500
f 2500 2339 2338
f 2337 2336 2500
f 2336 2370 2500
f 2500 2370 2369
f 2365 2364 2500
f 2364 2363 2500
f 2500 2363 2362
f 2362 2344 2500
f 2344 2346 2500
f 2500 2346 2350
f 2393 2412 2503
f 2412 2411 2503
f 2503 2411 2410
f 2351 2183 2423
f 2523 2534 2351
f 2534 2535 2351
f 2351 2535 2524
f 2528 2536 2351
f 2536 2537 2351
f 2351 2537 2500
f 2537 2538 2500
f 2538 2539 2500
f 2539 2540 2500
f 2500 2540 2541
f 2541 2542 2500
f 2542 2543 2500
f 2500 2543 2531
f 2544 2545 2546
f 2545 2521 2546
f 2546 2521 2547
f 2521 2351 2547
f 2547 2351 2548
f 2351 2423 2548
f 2272 2270 2549
f 2297 2295 2550
f 2323 2322 2551
f 2552 2553 2325
f 2551 2322 2553
f 2322 2326 2553
f 2553 2326 2325
f 2554 2318 2551
f 2318 2320 2551
f 2551 2320 2323
f 2555 2556 2311
f 2311 2313 2555
f 2313 2315 2555
f 2555 2315 2554
f 2315 2317 2554
f 2554 2317 2318
f 2305 2303 2557
f 2303 2307 2557
f 2557 2307 2556
f 2307 2309 2556
f 2556 2309 2311
f 2550 2295 2558
f 2295 2301 2558
f 2301 2300 2558
f 2558 2300 2557
f 2300 2306 2557
f 2557 2306 2305
f 2559 2290 2560
f 2290 2289 2560
f 2289 2293 2560
f 2293 2292 2560
f 2560 2292 2550
f 2292 2298 2550
f 2550 2298 2297
f 2284 2286 2561
f 2286 2287 2561
f 2561 2287 2559
f 2287 2175 2559
f 2559 2175 2290
f 2274 2279 2562
f 2279 2281 2562
f 2562 2281 2561
f 2281 2283 2561
f 2561 2283 2284
f 2549 2270 2563
f 2270 2278 2563
f 2278 2277 2563
f 2563 2277 2562
f 2277 2275 2562
f 2562 2275 2274
f 2263 2266 2564
f 2266 2268 2564
f 2564 2268 2549
f 2268 2273 2549
f 2549 2273 2272
f 2259 2565 2257
f 2565 2566 2257
f 2257 2566 2256
f 2259 2261 2565
f 2261 2265 2565
f 2565 2265 2564
f 2265 2264 2564
f 2564 2264 2263
f 2256 2566 2254
f 2566 2567 2254
f 2254 2567 2252
f 2567 2568 2252
f 2252 2568 2250
f 2246 2244 2569
f 2244 2242 2569
f 2569 2242 2568
f 2242 2241 2568
f 2568 2241 2250
f 2246 2569 2248
f 2569 2570 2248
f 2248 2570 2249
f 2571 2236 2238
f 2571 2238 2570
f 2238 2240 2570
f 2570 2240 2249
f 2572 2234 2232
f 2572 2232 2571
f 2232 2231 2571
f 2571 2231 2236
f 2573 2178 2226
f 2226 2228 2573
f 2228 2230 2573
f 2573 2230 2572
f 2230 2235 2572
f 2572 2235 2234
f 2178 2573 2179
f 2573 2574 2179
f 2179 2574 2225
f 2216 2220 2575
f 2220 2222 2575
f 2575 2222 2574
f 2222 2224 2574
f 2574 2224 2225
f 2215 2214 2576
f 2214 2213 2576
f 2576 2213 2575
f 2213 2217 2575
f 2575 2217 2216
f 2215 2576 2212
f 2576 2577 2212
f 2212 2577 2210
f 2201 2200 2578
f 2200 2206 2578
f 2578 2206 2577
f 2206 2208 2577
f 2577 2208 2210
f 2201 2578 2203
f 2578 2579 2203
f 2203 2579 2371
f 2371 2579 2376
f 2579 2580 2376
f 2376 2580 2377
f 2377 2580 2378
f 2580 2581 2378
f 2378 2581 2195
f 2582 2199 2198
f 2582 2198 2581
f 2198 2196 2581
f 2581 2196 2195
f 2199 2582 2193
f 2582 2583 2193
f 2193 2583 2194
f 2194 2583 2191
f 2583 2584 2191
f 2191 2584 2189
f 2585 2185 2584
f 2185 2184 2584
f 2584 2184 2189
f 2325 2394 2552
f 2394 2497 2552
f 2552 2497 2586
f 2497 2496 2586
f 2586 2496 2587
f 2496 2494 2587
f 2587 2494 2588
f 2494 2492 2588
f 2588 2492 2589
f 2492 2490 2589
f 2589 2490 2590
f 2490 2488 2590
f 2590 2488 2591
f 2488 2486 2591
f 2591 2486 2592
f 2486 2484 2592
f 2592 2484 2593
f 2484 2482 2593
f 2593 2482 2594
f 2482 2480 2594
f 2594 2480 2595
f 2480 2478 2595
f 2595 2478 2596
f 2478 2476 2596
f 2596 2476 2597
f 2476 2474 2597
f 2597 2474 2598
f 2474 2472 2598
f 2598 2472 2599
f 2472 2470 2599
f 2599 2470 2600
f 2470 2468 2600
f 2600 2468 2601
f 2468 2466 2601
f 2601 2466 2602
f 2466 2464 2602
f 2602 2464 2603
f 2464 2462 2603
f 2603 2462 2604
f 2462 2460 2604
f 2604 2460 2605
f 2460 2458 2605
f 2605 2458 2606
f 2458 2456 2606
f 2606 2456 2607
f 2456 2454 2607
f 2607 2454 2608
f 2454 2452 2608
f 2608 2452 2609
f 2452 2450 2609
f 2609 2450 2610
f 2450 2448 2610
f 2610 2448 2611
f 2448 2446 2611
f 2611 2446 2612
f 2446 2444 2612
f 2612 2444 2613
f 2444 2442 2613
f 2613 2442 2614
f 2442 2440 2614
f 2614 2440 2615
f 2440 2438 2615
f 2615 2438 2616
f 2438 2436 2616
f 2616 2436 2617
f 2436 2434 2617
f 2617 2434 2618
f 2434 2432 2618
f 2618 2432 2619
f 2432 2430 2619
f 2619 2430 2620
f 2430 2428 2620
f 2620 2428 2585
f 2428 2420 2585
f 2585 2420 2185
f 2621 2622 2623
f 2622 2621 2624
f 2625 2626 2627
f 2628 2629 2630
f 2629 2631 2630
f 2630 2631 2625
f 2632 2633 2634
f 2633 2635 2634
f 2635 2636 2634
f 2634 2636 2630
f 2636 2637 2630
f 2630 2637 2628
f 2638 2639 2640
f 2639 2641 2640
f 2640 2641 2642
f 2641 2643 2642
f 2642 2643 2644
f 2645 2646 2643
f 2646 2647 2643
f 2643 2647 2644
f 2648 2649 2645
f 2649 2650 2645
f 2645 2650 2646
f 2651 2652 2653
f 2652 2648 2653
f 2653 2648 2654
f 2648 2645 2654
f 2655 2656 2657
f 2656 2658 2657
f 2657 2658 2653
f 2658 2659 2653
f 2653 2659 2651
f 2660 2661 2662
f 2661 2663 2662
f 2662 2663 2655
f 2663 2664 2655
f 2655 2664 2656
f 2660 2662 2665
f 2662 2666 2665
f 2665 2666 2667
f 2668 2669 2670
f 2670 2671 2668
f 2671 2672 2668
f 2668 2672 2673
f 2674 2675 2676
f 2675 2677 2676
f 2676 2677 2672
f 2677 2678 2672
f 2672 2678 2673
f 2679 2680 2681
f 2679 2681 2682
f 2681 2683 2682
f 2682 2683 2684
f 2683 2685 2684
f 2684 2685 2686
f 2685 2687 2686
f 2686 2687 2674
f 2687 2688 2674
f 2674 2688 2675
f 2689 2690 2691
f 2689 2691 2692
f 2691 2693 2692
f 2693 2694 2692
f 2692 2694 2679
f 2694 2695 2679
f 2679 2695 2680
f 2690 2689 2696
f 2689 2697 2696
f 2696 2697 2698
f 2699 2700 2701
f 2700 2702 2701
f 2701 2702 2703
f 2702 2704 2703
f 2703 2704 2697
f 2704 2705 2697
f 2697 2705 2698
f 2706 2707 2708
f 2707 2709 2708
f 2708 2709 2710
f 2709 2711 2710
f 2710 2711 2699
f 2711 2712 2699
f 2699 2712 2700
f 2713 2714 2715
f 2713 2715 2716
f 2715 2717 2716
f 2716 2717 2706
f 2717 2718 2706
f 2706 2718 2707
f 2714 2713 2719
f 2713 2720 2719
f 2719 2720 2721
f 2722 2723 2724
f 2722 2724 2720
f 2724 2725 2720
f 2720 2725 2721
f 2723 2722 2726
f 2722 2727 2726
f 2726 2727 2728
f 2729 2730 2731
f 2730 2732 2731
f 2731 2732 2733
f 2732 2734 2733
f 2733 2734 2727
f 2734 2735 2727
f 2727 2735 2728
f 2729 2731 2736
f 2731 2737 2736
f 2736 2737 2738
f 2737 2634 2738
f 2738 2634 2739
f 2634 2630 2739
f 2739 2630 2740
f 2625 2627 2630
f 2627 2741 2630
f 2630 2741 2740
f 2669 2667 2670
f 2667 2666 2670
f 2670 2666 2742
f 2666 2662 2742
f 2742 2662 2743
f 2662 2655 2743
f 2743 2655 2744
f 2655 2657 2744
f 2744 2657 2745
f 2745 2657 2746
f 2657 2653 2746
f 2746 2653 2747
f 2653 2654 2747
f 2747 2654 2748
f 2654 2645 2748
f 2748 2645 2749
f 2645 2643 2749
f 2749 2643 2750
f 2643 2641 2750
f 2750 2641 2751
f 2641 2639 2751
f 2751 2639 2623
f 2639 2638 2623
f 2623 2638 2621
f 2722 2752 2727
f 2752 2753 2727
f 2727 2753 2733
f 2753 2754 2733
f 2733 2754 2731
f 2754 2755 2731
f 2731 2755 2737
f 2755 2756 2737
f 2737 2756 2634
f 2756 2757 2634
f 2634 2757 2632
f 2713 2758 2720
f 2758 2759 2720
f 2720 2759 2722
f 2759 2760 2722
f 2722 2760 2752
f 2761 2762 2763
f 2762 2764 2763
f 2763 2764 2765
f 2766 2767 2768
f 2767 2769 2768
f 2768 2769 2761
f 2769 2770 2761
f 2761 2770 2762
f 2771 2772 2773
f 2772 2774 2773
f 2773 2774 2766
f 2774 2775 2766
f 2766 2775 2767
f 2517 2516 2776
f 2777 2778 2779
f 2780 2781 2514
f 2781 2782 2514
f 2514 2782 2515
f 2782 2783 2515
f 2515 2783 2516
f 2783 2784 2516
f 2516 2784 2776
f 2780 2514 2785
f 2514 2513 2785
f 2785 2513 2786
f 2513 2509 2786
f 2786 2509 2787
f 2509 2508 2787
f 2787 2508 2788
f 2507 2789 2508
f 2789 2790 2508
f 2508 2790 2788
f 2512 2791 2506
f 2791 2792 2506
f 2506 2792 2507
f 2792 2793 2507
f 2507 2793 2789
f 2794 2795 2512
f 2795 2796 2512
f 2512 2796 2791
f 2533 2797 2510
f 2797 2794 2510
f 2510 2794 2511
f 2794 2512 2511
f 2531 2798 2530
f 2798 2799 2530
f 2530 2799 2529
f 2799 2800 2529
f 2800 2801 2529
f 2529 2801 2532
f 2801 2802 2532
f 2532 2802 2533
f 2802 2803 2533
f 2533 2803 2797
f 2543 2804 2531
f 2804 2805 2531
f 2531 2805 2798
f 2541 2806 2542
f 2806 2807 2542
f 2542 2807 2543
f 2807 2808 2543
f 2543 2808 2804
f 2809 2810 2540
f 2810 2811 2540
f 2540 2811 2541
f 2811 2812 2541
f 2541 2812 2806
f 2813 2814 2815
f 2814 2816 2815
f 2815 2816 2817
f 2816 2818 2817
f 2817 2818 2809
f 2818 2819 2809
f 2809 2819 2810
f 2813 2815 2820
f 2815 2821 2820
f 2820 2821 2822
f 2822 2821 2823
f 2821 2824 2823
f 2823 2824 2825
f 2824 2826 2825
f 2825 2826 2827
f 2828 2829 2830
f 2828 2830 2826
f 2830 2831 2826
f 2826 2831 2827
f 2829 2828 2832
f 2828 2833 2832
f 2832 2833 2834
f 2834 2833 2835
f 2833 2836 2835
f 2835 2836 2837
f 2838 2839 2840
f 2839 2841 2840
f 2840 2841 2837
f 2765 2842 2763
f 2842 2843 2763
f 2763 2843 2502
f 2844 2845 2846
f 2845 2847 2846
f 2846 2847 2843
f 2847 2848 2843
f 2843 2848 2849
f 2849 2850 2843
f 2850 2851 2843
f 2843 2851 2502
f 2842 2852 2843
f 2852 2740 2843
f 2843 2740 2846
f 2740 2741 2846
f 2846 2741 2627
f 2627 2626 2853
f 2627 2853 2846
f 2853 2854 2846
f 2846 2854 2844
f 2776 2777 2517
f 2777 2779 2517
f 2517 2779 2773
f 2779 2778 2773
f 2773 2778 2771
f 2502 2501 2763
f 2501 2499 2763
f 2763 2499 2761
f 2499 2498 2761
f 2761 2498 2768
f 2498 2520 2768
f 2768 2520 2766
f 2520 2519 2766
f 2766 2519 2773
f 2519 2518 2773
f 2773 2518 2517
f 2837 2836 2840
f 2836 2522 2840
f 2840 2522 2838
f 2522 2521 2838
f 2838 2521 2545
f 2826 2524 2828
f 2524 2535 2828
f 2828 2535 2833
f 2535 2534 2833
f 2833 2534 2836
f 2534 2523 2836
f 2836 2523 2522
f 2817 2536 2815
f 2536 2528 2815
f 2815 2528 2821
f 2528 2527 2821
f 2821 2527 2824
f 2527 2526 2824
f 2824 2526 2826
f 2526 2525 2826
f 2826 2525 2524
f 2540 2539 2809
f 2539 2538 2809
f 2809 2538 2817
f 2538 2537 2817
f 2817 2537 2536
f 2839 2855 2841
f 2855 2837 2841
f 2839 2838 2855
f 2838 2545 2855
f 2855 2545 2856
f 2545 2544 2856
f 2544 2857 2856
f 2856 2857 2858
f 2857 2859 2858
f 2858 2859 2860
f 2859 2861 2860
f 2860 2861 2862
f 2861 2863 2862
f 2862 2863 2864
f 2863 2865 2864
f 2864 2865 2866
f 2865 2867 2866
f 2866 2867 2868
f 2867 2869 2868
f 2868 2869 2870
f 2869 2871 2870
f 2870 2871 2872
f 2871 2873 2872
f 2872 2873 2874
f 2873 2875 2874
f 2874 2875 2876
f 2875 2877 2876
f 2876 2877 2878
f 2877 2879 2878
f 2878 2879 2880
f 2879 2881 2880
f 2880 2881 2882
f 2881 2883 2882
f 2882 2883 2884
f 2883 2885 2884
f 2884 2885 2886
f 2885 2887 2886
f 2886 2887 2888
f 2887 2889 2888
f 2888 2889 2890
f 2889 2891 2890
f 2890 2891 2892
f 2891 2893 2892
f 2892 2893 2894
f 2893 2895 2894
f 2894 2895 2896
f 2895 2897 2896
f 2896 2897 2898
f 2897 2899 2898
f 2898 2899 2900
f 2899 2901 2900
f 2900 2901 2902
f 2901 2903 2902
f 2902 2903 2904
f 2903 2905 2904
f 2904 2905 2906
f 2905 2907 2906
f 2906 2907 2908
f 2907 2909 2908
f 2908 2909 2910
f 2909 2911 2910
f 2910 2911 2912
f 2911 2913 2912
f 2912 2913 2914
f 2913 2915 2914
f 2914 2915 2916
f 2915 2917 2916
f 2916 2917 2918
f 2917 2919 2918
f 2918 2919 2920
f 2621 2638 2921
f 2638 2640 2921
f 2921 2640 2642
f 2919 2922 2920
f 2922 2923 2920
f 2920 2923 2921
f 2923 2624 2921
f 2921 2624 2621
f 1086 2924 2925
f 2546 2863 2861
f 2861 2859 2546
f 2859 2857 2546
f 2546 2857 2544
f 2873 2871 2546
f 2871 2869 2546
f 2919 2926 2922
f 2926 2923 2922
f 2869 2867 2546
f 2867 2865 2546
f 2546 2865 2863
f 2919 2917 2926
f 2917 2915 2926
f 2926 2915 2913
f 2927 2899 2897
f 2887 2927 2889
f 2927 2891 2889
f 2887 2885 2927
f 2885 2883 2927
f 2927 2883 2881
f 2881 2879 2927
f 2879 2877 2927
f 2927 2877 2546
f 2877 2875 2546
f 2546 2875 2873
f 2913 2911 2926
f 2911 2909 2926
f 2926 2909 2907
f 2907 2905 2926
f 2905 2903 2926
f 2926 2903 2927
f 2903 2901 2927
f 2927 2901 2899
f 2897 2895 2927
f 2895 2893 2927
f 2927 2893 2891
f 2424 2504 2425
f 2504 2426 2425
f 2481 2483 2928
f 2491 2493 2504
f 2493 2495 2504
f 2504 2495 2426
f 2483 2485 2928
f 2485 2487 2928
f 2928 2487 2504
f 2487 2489 2504
f 2504 2489 2491
f 2471 2473 2928
f 2473 2475 2928
f 2475 2477 2928
f 2477 2479 2928
f 2928 2479 2481
f 1839 1841 2929
f 1821 1823 2929
f 1823 1825 2929
f 2929 1825 1827
f 1869 1871 2930
f 2421 2548 2422
f 2548 2423 2422
f 1795 1797 2548
f 1797 1799 2548
f 2548 1799 1801
f 1815 1817 2929
f 1817 1819 2929
f 2929 1819 1821
f 1855 1857 2930
f 1801 1803 2548
f 1803 1805 2548
f 2548 1805 1807
f 1807 1809 2548
f 1809 1811 2548
f 2548 1811 2929
f 1811 1813 2929
f 2929 1813 1815
f 1833 1835 2929
f 1835 1837 2929
f 2929 1837 1839
f 1857 1859 2930
f 1859 1861 2930
f 2930 1861 1863
f 1863 1865 2930
f 1865 1867 2930
f 2930 1867 1869
f 1879 1881 2467
f 1827 1829 2929
f 1829 1831 2929
f 2929 1831 1833
f 1749 2445 2447
f 2421 2427 2548
f 2427 2429 2548
f 2548 2429 2431
f 1761 2439 1759
f 2439 2441 1759
f 1763 2435 1761
f 2435 2437 1761
f 1761 2437 2439
f 1841 1843 2929
f 1843 1845 2929
f 2929 1845 1847
f 1871 1873 2930
f 1873 1875 2930
f 2930 1875 1877
f 2455 2457 1741
f 1783 1785 2435
f 1785 1787 2435
f 2435 1787 2433
f 1787 1789 2433
f 2433 1789 2431
f 1789 1791 2431
f 2431 1791 2548
f 1791 1793 2548
f 2548 1793 1795
f 2471 2928 2469
f 2928 2930 2469
f 2469 2930 2467
f 2930 1877 2467
f 2467 1877 1879
f 2457 2459 1741
f 2459 2461 1741
f 1741 2461 2463
f 1881 1739 2467
f 1739 1741 2467
f 2467 1741 2465
f 1741 2463 2465
f 1749 1751 2445
f 1751 1753 2445
f 2445 1753 2443
f 1753 1755 2443
f 2443 1755 2441
f 1755 1757 2441
f 2441 1757 1759
f 1763 1765 2435
f 1765 1767 2435
f 2435 1767 1769
f 2435 1775 1777
f 1849 1851 2930
f 1851 1853 2930
f 2930 1853 1855
f 1769 1771 2435
f 1771 1773 2435
f 2435 1773 1775
f 1777 1779 2435
f 1779 1781 2435
f 2435 1781 1783
f 2447 2449 1749
f 2449 2451 1749
f 1749 2451 1747
f 2451 2453 1747
f 1747 2453 1745
f 2455 1741 2453
f 1741 1743 2453
f 2453 1743 1745
f 1179 1181 2547
f 1219 1221 2546
f 1259 1261 2927
f 1179 2547 1177
f 1219 2546 1217
f 1241 1243 2927
f 1243 1245 2927
f 2927 1245 1247
f 1289 1291 2931
f 1207 1209 2546
f 1209 1211 2546
f 1235 1237 2927
f 1237 1239 2927
f 2927 1239 1241
f 1275 1277 2931
f 2547 1169 1171
f 1211 1213 2546
f 1213 1215 2546
f 2546 1215 1217
f 1221 1223 2546
f 1223 1225 2546
f 2546 1225 1227
f 1227 1229 2546
f 1229 1231 2546
f 2546 1231 2927
f 1231 1233 2927
f 2927 1233 1235
f 1253 1255 2927
f 1255 1257 2927
f 2927 1257 1259
f 1277 1279 2931
f 1279 1281 2931
f 2931 1281 1283
f 1283 1285 2931
f 1285 1287 2931
f 2931 1287 1289
f 1171 1173 2547
f 1173 1175 2547
f 2547 1175 1177
f 1247 1249 2927
f 1249 1251 2927
f 2927 1251 1253
f 2931 1159 2547
f 1159 1161 2547
f 2547 1161 1163
f 1263 1265 2931
f 1265 1267 2931
f 2931 1267 1269
f 1291 1293 2931
f 1293 1295 2931
f 2931 1295 1297
f 1297 1299 2931
f 1299 1301 2931
f 2931 1301 1159
f 1163 1165 2547
f 1165 1167 2547
f 2547 1167 1169
f 1181 1183 2547
f 1183 1185 2547
f 2547 1185 1187
f 1201 1203 2546
f 1203 1205 2546
f 2546 1205 1207
f 1269 1271 2931
f 1271 1273 2931
f 2931 1273 1275
f 1187 1189 2547
f 1189 1191 2547
f 2547 1191 1193
f 1193 1195 2547
f 1195 1197 2547
f 2547 1197 2546
f 1197 1199 2546
f 2546 1199 1201
f 804 806 2932
f 782 784 2926
f 784 786 2926
f 2926 786 788
f 2932 796 798
f 806 808 2932
f 808 810 2932
f 2932 810 812
f 812 814 2932
f 814 816 2932
f 2932 816 818
f 2933 846 848
f 740 2927 738
f 2927 736 738
f 2927 746 748
f 832 834 2933
f 848 850 2933
f 850 852 2933
f 2933 852 854
f 740 742 2927
f 742 744 2927
f 2927 744 746
f 772 774 2926
f 774 776 2926
f 788 790 2926
f 790 792 2926
f 2926 792 2932
f 792 794 2932
f 2932 794 796
f 798 800 2932
f 800 802 2932
f 2932 802 804
f 854 856 2933
f 856 858 2933
f 2933 858 860
f 730 732 2927
f 732 734 2927
f 2927 734 736
f 748 750 2927
f 750 752 2927
f 2927 752 754
f 776 778 2926
f 778 780 2926
f 2926 780 782
f 754 756 2927
f 756 758 2927
f 2927 758 2926
f 758 760 2926
f 760 762 2926
f 762 764 2926
f 2926 764 766
f 766 768 2926
f 768 770 2926
f 2926 770 772
f 818 820 2932
f 820 822 2932
f 2932 822 824
f 824 826 2932
f 826 828 2932
f 2932 828 830
f 860 862 2933
f 862 864 2933
f 2933 864 866
f 834 836 2933
f 836 838 2933
f 2933 838 840
f 840 842 2933
f 842 844 2933
f 2933 844 846
f 866 724 2933
f 724 726 2933
f 2933 726 2927
f 726 728 2927
f 2927 728 730
f 1529 1531 2934
f 1507 1509 2930
f 1509 1511 2930
f 2930 1511 1513
f 2934 1521 1523
f 1531 1533 2934
f 1533 1535 2934
f 2934 1535 1537
f 1537 1539 2934
f 1539 1541 2934
f 2934 1541 1543
f 2935 1571 1573
f 1465 2928 1463
f 2928 1461 1463
f 1557 1559 2935
f 1573 1575 2935
f 1575 1577 2935
f 2935 1577 1579
f 1465 1467 2928
f 1467 1469 2928
f 2928 1469 1471
f 1497 1499 2930
f 1499 1501 2930
f 1513 1515 2930
f 1515 1517 2930
f 2930 1517 2934
f 1517 1519 2934
f 2934 1519 1521
f 1523 1525 2934
f 1525 1527 2934
f 2934 1527 1529
f 1579 1581 2935
f 1581 1583 2935
f 2935 1583 1585
f 1455 1457 2928
f 1457 1459 2928
f 2928 1459 1461
f 1471 1473 2928
f 1473 1475 2928
f 2928 1475 1477
f 1477 1479 2928
f 1479 1481 2928
f 2928 1481 1483
f 1501 1503 2930
f 1503 1505 2930
f 2930 1505 1507
f 1491 1493 2930
f 1493 1495 2930
f 2930 1495 1497
f 1543 1545 2934
f 1545 1547 2934
f 2934 1547 1549
f 1549 1551 2934
f 1551 1553 2934
f 2934 1553 1555
f 1585 1587 2935
f 1587 1589 2935
f 2935 1589 1591
f 1483 1485 2928
f 1485 1487 2928
f 2928 1487 2930
f 1487 1489 2930
f 2930 1489 1491
f 1559 1561 2935
f 1561 1563 2935
f 2935 1563 1565
f 1565 1567 2935
f 1567 1569 2935
f 2935 1569 1571
f 1591 1449 2935
f 1449 1451 2935
f 2935 1451 2928
f 1451 1453 2928
f 2928 1453 1455
f 830 832 2932
f 832 2933 2932
f 2932 2933 2936
f 2933 2937 2936
f 2103 2102 2938
f 2103 2938 2104
f 2939 2170 2169
f 2146 2145 2940
f 2145 2144 2940
f 2102 2101 2938
f 2101 2100 2938
f 2938 2100 2939
f 2100 2171 2939
f 2939 2171 2170
f 2160 2159 2939
f 2134 2133 2941
f 2133 2132 2941
f 2941 2132 2131
f 2110 2109 2938
f 2109 2108 2938
f 2938 2108 2107
f 2169 2168 2939
f 2168 2167 2939
f 2939 2167 2166
f 2144 2143 2940
f 2143 2142 2940
f 2940 2142 2141
f 2141 2140 2940
f 2140 2139 2940
f 2940 2139 2138
f 2128 2127 2941
f 2127 2126 2941
f 2941 2126 2125
f 2107 2106 2938
f 2106 2105 2938
f 2938 2105 2104
f 2166 2165 2939
f 2165 2164 2939
f 2939 2164 2163
f 2138 2137 2940
f 2137 2136 2940
f 2940 2136 2941
f 2136 2135 2941
f 2941 2135 2134
f 2131 2130 2941
f 2130 2129 2941
f 2941 2129 2128
f 2163 2162 2939
f 2162 2161 2939
f 2939 2161 2160
f 2939 2156 2155
f 2151 2150 2940
f 2150 2149 2940
f 2159 2158 2939
f 2158 2157 2939
f 2939 2157 2156
f 2149 2148 2940
f 2148 2147 2940
f 2940 2147 2146
f 2125 2124 2941
f 2124 2123 2941
f 2941 2123 2122
f 2122 2121 2941
f 2121 2120 2941
f 2941 2120 2119
f 2116 2938 2117
f 2938 2118 2117
f 2116 2115 2938
f 2115 2114 2938
f 2938 2114 2113
f 2113 2112 2938
f 2112 2111 2938
f 2938 2111 2110
f 2154 2153 2940
f 2153 2152 2940
f 2940 2152 2151
f 2547 2548 2931
f 2548 2929 2931
f 2931 2929 2938
f 2929 2941 2938
f 2938 2941 2118
f 2941 2119 2118
f 1555 1557 2934
f 1557 2935 2934
f 2934 2935 2942
f 2935 2943 2942
f 1384 1386 2944
f 2936 1376 1378
f 1384 2944 1382
f 1386 1388 2944
f 1388 1390 2944
f 2944 1390 1392
f 1398 1400 2944
f 1400 1402 2944
f 2944 1402 1404
f 1312 1314 2937
f 1362 1364 2936
f 1392 1394 2944
f 1394 1396 2944
f 2944 1396 1398
f 2945 1426 1428
f 1434 1436 2945
f 1436 1438 2945
f 2945 1438 1440
f 2937 1304 1306
f 1330 2937 1328
f 2937 1326 1328
f 1412 1414 2945
f 1428 1430 2945
f 1430 1432 2945
f 2945 1432 1434
f 1314 1316 2937
f 1316 1318 2937
f 2937 1318 1320
f 1320 1322 2937
f 1322 1324 2937
f 2937 1324 1326
f 1352 1354 2936
f 1354 1356 2936
f 1364 1366 2936
f 1366 1368 2936
f 2936 1368 1370
f 2936 1378 2944
f 1378 1380 2944
f 2944 1380 1382
f 1404 1406 2944
f 1406 1408 2944
f 2944 1408 1410
f 1330 1332 2937
f 1332 1334 2937
f 2937 1334 1336
f 1344 1346 2936
f 1356 1358 2936
f 1358 1360 2936
f 2936 1360 1362
f 1370 1372 2936
f 1372 1374 2936
f 2936 1374 1376
f 1440 1442 2945
f 1442 1444 2945
f 2945 1444 2937
f 1444 1446 2937
f 2937 1446 1304
f 1306 1308 2937
f 1308 1310 2937
f 2937 1310 1312
f 1336 1338 2937
f 1338 1340 2937
f 2937 1340 2936
f 1340 1342 2936
f 2936 1342 1344
f 1346 1348 2936
f 1348 1350 2936
f 2936 1350 1352
f 1414 1416 2945
f 1416 1418 2945
f 2945 1418 1420
f 1420 1422 2945
f 1422 1424 2945
f 2945 1424 1426
f 1261 1263 2927
f 1263 2931 2927
f 2927 2931 2933
f 2931 2938 2933
f 2933 2938 2937
f 2938 2939 2937
f 2937 2939 2945
f 2939 2946 2945
f 949 951 2947
f 963 965 2947
f 2942 941 943
f 949 2947 947
f 951 953 2947
f 953 955 2947
f 2947 955 957
f 877 879 2943
f 927 929 2942
f 957 959 2947
f 959 961 2947
f 2947 961 963
f 2948 991 993
f 999 1001 2948
f 1001 1003 2948
f 2948 1003 1005
f 2943 869 871
f 895 2943 893
f 2943 891 893
f 993 995 2948
f 995 997 2948
f 2948 997 999
f 879 881 2943
f 881 883 2943
f 2943 883 885
f 885 887 2943
f 887 889 2943
f 2943 889 891
f 917 919 2942
f 919 921 2942
f 929 931 2942
f 931 933 2942
f 2942 933 935
f 2942 943 2947
f 943 945 2947
f 2947 945 947
f 965 967 2947
f 967 969 2947
f 2947 969 971
f 973 975 2948
f 975 977 2948
f 2948 977 979
f 895 897 2943
f 897 899 2943
f 2943 899 901
f 909 911 2942
f 921 923 2942
f 923 925 2942
f 2942 925 927
f 935 937 2942
f 937 939 2942
f 2942 939 941
f 1005 1007 2948
f 1007 1009 2948
f 2948 1009 2943
f 1009 1011 2943
f 2943 1011 869
f 871 873 2943
f 873 875 2943
f 2943 875 877
f 901 903 2943
f 903 905 2943
f 2943 905 2942
f 905 907 2942
f 2942 907 909
f 911 913 2942
f 913 915 2942
f 2942 915 917
f 979 981 2948
f 981 983 2948
f 2948 983 985
f 985 987 2948
f 987 989 2948
f 2948 989 991
f 1410 1412 2944
f 1412 2945 2944
f 2944 2945 2949
f 2945 2950 2949
f 2949 2950 2951
f 1726 1728 2952
f 1682 2950 1680
f 2950 1678 1680
f 1682 1684 2950
f 1684 1686 2950
f 2950 1686 1688
f 1726 2952 1724
f 2946 1606 1608
f 1666 1668 2950
f 1668 1670 2950
f 2950 1670 1672
f 1672 1674 2950
f 1674 1676 2950
f 2950 1676 1678
f 1688 1690 2950
f 1690 1692 2950
f 2950 1692 1694
f 1608 1610 2946
f 1610 1612 2946
f 2946 1612 1614
f 1626 1628 2946
f 1702 1704 2952
f 2952 1716 1718
f 1598 1600 2946
f 1646 1648 2945
f 1648 1650 2945
f 2945 1650 1652
f 1652 1654 2945
f 1654 1656 2945
f 2945 1656 1658
f 1694 1696 2950
f 1696 1698 2950
f 2950 1698 2952
f 1698 1700 2952
f 2952 1700 1702
f 1718 1720 2952
f 1720 1722 2952
f 2952 1722 1724
f 1728 1730 2952
f 1730 1732 2952
f 2952 1732 1734
f 1734 1736 2952
f 1736 1594 2952
f 2952 1594 2946
f 1594 1596 2946
f 2946 1596 1598
f 1600 1602 2946
f 1602 1604 2946
f 2946 1604 1606
f 1658 1660 2945
f 1660 1662 2945
f 2945 1662 2950
f 1662 1664 2950
f 2950 1664 1666
f 1704 1706 2952
f 1706 1708 2952
f 2952 1708 1710
f 1614 1616 2946
f 1616 1618 2946
f 2946 1618 1620
f 1620 1622 2946
f 1622 1624 2946
f 2946 1624 1626
f 1710 1712 2952
f 1712 1714 2952
f 2952 1714 1716
f 1628 1630 2946
f 1630 1632 2946
f 2946 1632 2945
f 1632 1634 2945
f 1634 1636 2945
f 1636 1638 2945
f 2945 1638 1640
f 1640 1642 2945
f 1642 1644 2945
f 2945 1644 1646
f 2155 2154 2939
f 2154 2940 2939
f 2939 2940 2946
f 2940 2925 2946
f 2946 2925 2952
f 2925 2924 2952
f 1102 2924 1100
f 2924 1098 1100
f 1102 1104 2924
f 1104 1106 2924
f 2924 1106 1108
f 1072 1074 2925
f 1086 1088 2924
f 1088 1090 2924
f 2924 1090 1092
f 1092 1094 2924
f 1094 1096 2924
f 2924 1096 1098
f 1108 1110 2924
f 1110 1112 2924
f 2924 1112 1114
f 1026 1028 2947
f 1028 1030 2947
f 2947 1030 1032
f 1046 1048 2925
f 2953 1136 1138
f 1066 1068 2925
f 1068 1070 2925
f 2925 1070 1072
f 1074 1076 2925
f 1076 1078 2925
f 2925 1078 1080
f 1080 1082 2925
f 1082 1084 2925
f 2925 1084 1086
f 1114 1116 2924
f 1116 1118 2924
f 2924 1118 1120
f 1138 1140 2953
f 1140 1142 2953
f 2953 1142 1144
f 1144 1146 2953
f 1146 1148 2953
f 2953 1148 1150
f 1150 1152 2953
f 1152 1154 2953
f 2953 1154 1156
f 1020 1022 2947
f 1022 1024 2947
f 2947 1024 1026
f 2953 1128 1130
f 1156 1014 2953
f 1014 1016 2953
f 2953 1016 2947
f 1016 1018 2947
f 2947 1018 1020
f 1032 1034 2947
f 1034 1036 2947
f 2947 1036 1038
f 1038 1040 2947
f 1040 1042 2947
f 2947 1042 1044
f 1044 1046 2947
f 1046 2925 2947
f 2947 2925 2942
f 2925 2940 2942
f 2942 2940 2934
f 2940 2941 2934
f 2934 2941 2930
f 2941 2929 2930
f 2930 2929 1849
f 2929 1847 1849
f 1048 1050 2925
f 1050 1052 2925
f 2925 1052 1054
f 1120 1122 2924
f 1122 1124 2924
f 2924 1124 2953
f 1124 1126 2953
f 2953 1126 1128
f 1130 1132 2953
f 1132 1134 2953
f 2953 1134 1136
f 1054 1056 2925
f 1056 1058 2925
f 2925 1058 1060
f 1060 1062 2925
f 1062 1064 2925
f 2925 1064 1066
f 971 973 2947
f 973 2948 2947
f 2947 2948 2953
f 2948 2954 2953
f 2951 2950 2955
f 2950 2952 2955
f 2955 2952 2956
f 2952 2924 2956
f 2956 2924 2957
f 2924 2953 2957
f 2957 2953 2958
f 2953 2954 2958
f 2958 2954 2959
f 2504 2505 2928
f 2505 2960 2928
f 2928 2960 2935
f 2960 2961 2935
f 2935 2961 2943
f 2961 2962 2943
f 2943 2962 2948
f 2962 2963 2948
f 2948 2963 2954
f 2963 2964 2954
f 2954 2964 2959
f 2964 2965 2959
f 2725 2724 2966
f 2729 2736 2967
f 2819 2818 2968
f 2814 2813 2969
f 2822 2823 2970
f 2832 2834 2971
f 2835 2837 2855
f 2642 2644 2972
f 2972 2644 2973
f 2971 2834 2974
f 2834 2835 2974
f 2835 2855 2974
f 2974 2855 2975
f 2855 2856 2975
f 2975 2856 2976
f 2856 2858 2976
f 2976 2858 2977
f 2858 2860 2977
f 2977 2860 2978
f 2860 2862 2978
f 2978 2862 2979
f 2862 2864 2979
f 2979 2864 2980
f 2864 2866 2980
f 2980 2866 2981
f 2866 2868 2981
f 2981 2868 2982
f 2868 2870 2982
f 2982 2870 2983
f 2870 2872 2983
f 2983 2872 2984
f 2872 2874 2984
f 2984 2874 2985
f 2874 2876 2985
f 2985 2876 2986
f 2876 2878 2986
f 2986 2878 2987
f 2878 2880 2987
f 2987 2880 2988
f 2880 2882 2988
f 2988 2882 2989
f 2882 2884 2989
f 2989 2884 2990
f 2884 2886 2990
f 2990 2886 2991
f 2886 2888 2991
f 2991 2888 2992
f 2888 2890 2992
f 2992 2890 2993
f 2890 2892 2993
f 2993 2892 2994
f 2892 2894 2994
f 2994 2894 2995
f 2894 2896 2995
f 2995 2896 2996
f 2896 2898 2996
f 2996 2898 2997
f 2898 2900 2997
f 2997 2900 2998
f 2900 2902 2998
f 2998 2902 2999
f 2902 2904 2999
f 2999 2904 3000
f 2904 2906 3000
f 3000 2906 3001
f 2906 2908 3001
f 3001 2908 3002
f 2908 2910 3002
f 3002 2910 3003
f 2910 2912 3003
f 3003 2912 3004
f 2912 2914 3004
f 3004 2914 3005
f 2914 2916 3005
f 3005 2916 3006
f 2916 2918 3006
f 3006 2918 3007
f 2918 2920 3007
f 3007 2920 2972
f 2920 2921 2972
f 2972 2921 2642
f 2970 2823 3008
f 2823 2825 3008
f 3008 2825 2827
f 2827 2831 3008
f 2831 2830 3008
f 3008 2830 2971
f 2830 2829 2971
f 2971 2829 2832
f 2969 2813 2970
f 2813 2820 2970
f 2970 2820 2822
f 2968 2818 2969
f 2818 2816 2969
f 2969 2816 2814
f 2806 2812 3009
f 2812 2811 3009
f 3009 2811 2968
f 2811 2810 2968
f 2968 2810 2819
f 2805 2804 3010
f 2804 2808 3010
f 3010 2808 3009
f 2808 2807 3009
f 3009 2807 2806
f 2801 2800 3011
f 2800 2799 3011
f 3011 2799 3010
f 2799 2798 3010
f 3010 2798 2805
f 2794 3012 2795
f 3012 3013 2795
f 2795 3013 2796
f 2794 2797 3012
f 2797 2803 3012
f 3012 2803 3011
f 2803 2802 3011
f 3011 2802 2801
f 2790 2789 3014
f 3014 2789 3015
f 2789 2793 3015
f 2793 2792 3015
f 3015 2792 3013
f 2792 2791 3013
f 3013 2791 2796
f 2785 2786 3016
f 2786 2787 3016
f 3016 2787 3014
f 2787 2788 3014
f 3014 2788 2790
f 2776 2784 3017
f 2784 2783 3017
f 2783 2782 3017
f 2782 2781 3017
f 3017 2781 3016
f 2781 2780 3016
f 3016 2780 2785
f 3018 2771 2778
f 3018 2778 3017
f 2778 2777 3017
f 3017 2777 2776
f 2771 3018 2772
f 3018 3019 2772
f 2772 3019 2774
f 2770 2769 3020
f 2769 2767 3020
f 3020 2767 3019
f 2767 2775 3019
f 3019 2775 2774
f 2765 2764 3021
f 3021 2764 3020
f 2764 2762 3020
f 3020 2762 2770
f 2739 2740 3022
f 2740 2852 3022
f 3022 2852 3021
f 2852 2842 3021
f 3021 2842 2765
f 2967 2736 3022
f 2736 2738 3022
f 3022 2738 2739
f 3023 2732 2967
f 2732 2730 2967
f 2967 2730 2729
f 2966 2724 3024
f 2724 2723 3024
f 3024 2723 2726
f 2726 2728 3024
f 2728 2735 3024
f 3024 2735 3023
f 2735 2734 3023
f 3023 2734 2732
f 3025 2717 2715
f 2715 2714 3025
f 2714 2719 3025
f 3025 2719 2966
f 2719 2721 2966
f 2966 2721 2725
f 2711 2709 3026
f 2709 2707 3026
f 3026 2707 3025
f 2707 2718 3025
f 3025 2718 2717
f 2704 2702 3027
f 2702 2700 3027
f 3027 2700 3026
f 2700 2712 3026
f 3026 2712 2711
f 2690 2696 3028
f 2696 2698 3028
f 3028 2698 3027
f 2698 2705 3027
f 3027 2705 2704
f 2680 2695 3029
f 2695 2694 3029
f 3029 2694 3030
f 2694 2693 3030
f 3030 2693 3028
f 2693 2691 3028
f 3028 2691 2690
f 2687 2685 3031
f 2685 2683 3031
f 3031 2683 3029
f 2683 2681 3029
f 3029 2681 2680
f 3032 2675 3031
f 2675 2688 3031
f 3031 2688 2687
f 2673 2678 3032
f 2678 2677 3032
f 3032 2677 2675
f 3033 3034 2665
f 2665 2667 3033
f 2667 2669 3033
f 3033 2669 3032
f 2669 2668 3032
f 3032 2668 2673
f 3035 2656 2664
f 2664 2663 3035
f 2663 2661 3035
f 3035 2661 3034
f 2661 2660 3034
f 3034 2660 2665
f 2656 3035 2658
f 3035 3036 2658
f 2658 3036 2659
f 3037 2649 3036
f 2649 2648 3036
f 2648 2652 3036
f 2652 2651 3036
f 3036 2651 2659
f 2644 2647 2973
f 2647 2646 2973
f 2973 2646 3037
f 2646 2650 3037
f 3037 2650 2649
f 3038 2571 3039
f 2571 2570 3039
f 3039 2570 3040
f 2570 2569 3040
f 3040 2569 3041
f 2569 2568 3041
f 3041 2568 3042
f 2568 2567 3042
f 3042 2567 3043
f 2567 2566 3043
f 3043 2566 3044
f 2566 2565 3044
f 3044 2565 3045
f 2565 2564 3045
f 3045 2564 3046
f 2564 2549 3046
f 3046 2549 3047
f 2549 2563 3047
f 3047 2563 3048
f 2563 2562 3048
f 3048 2562 3049
f 2562 2561 3049
f 3049 2561 3050
f 2561 2559 3050
f 3050 2559 3051
f 2559 2560 3051
f 3051 2560 3052
f 2560 2550 3052
f 3052 2550 3053
f 2550 2558 3053
f 3053 2558 3054
f 2558 2557 3054
f 3054 2557 3055
f 2557 2556 3055
f 3055 2556 3056
f 2556 2555 3056
f 3056 2555 3057
f 2555 2554 3057
f 3057 2554 3058
f 2554 2551 3058
f 3058 2551 3059
f 2551 2553 3059
f 3059 2553 3060
f 2553 2552 3060
f 3060 2552 3061
f 2552 2586 3061
f 3061 2586 3062
f 2586 2587 3062
f 3062 2587 3063
f 2587 2588 3063
f 3063 2588 3064
f 2588 2589 3064
f 3064 2589 3065
f 2589 2590 3065
f 3065 2590 3066
f 2590 2591 3066
f 3066 2591 3067
f 2591 2592 3067
f 3067 2592 3068
f 2592 2593 3068
f 3068 2593 3069
f 2593 2594 3069
f 3069 2594 3070
f 2594 2595 3070
f 3070 2595 3071
f 2595 2596 3071
f 3071 2596 3072
f 2596 2597 3072
f 3072 2597 3073
f 2597 2598 3073
f 3073 2598 3074
f 2598 2599 3074
f 3074 2599 3075
f 2599 2600 3075
f 3075 2600 3076
f 2600 2601 3076
f 3076 2601 3077
f 2601 2602 3077
f 3077 2602 3078
f 2602 2603 3078
f 3078 2603 3079
f 2603 2604 3079
f 3079 2604 3080
f 2604 2605 3080
f 3080 2605 3081
f 2605 2606 3081
f 3081 2606 3082
f 2606 2607 3082
f 3082 2607 3083
f 2607 2608 3083
f 3083 2608 3084
f 2608 2609 3084
f 3084 2609 3085
f 2609 2610 3085
f 3085 2610 3086
f 2610 2611 3086
f 3086 2611 3087
f 2611 2612 3087
f 3087 2612 3088
f 2612 2613 3088
f 3088 2613 3089
f 2613 2614 3089
f 3089 2614 3090
f 2614 2615 3090
f 3090 2615 3091
f 2615 2616 3091
f 3091 2616 3092
f 2616 2617 3092
f 3092 2617 3093
f 2617 2618 3093
f 3093 2618 3094
f 2618 2619 3094
f 3094 2619 3095
f 2619 2620 3095
f 3095 2620 3096
f 2620 2585 3096
f 3096 2585 3097
f 2585 2584 3097
f 3097 2584 3098
f 2584 2583 3098
f 3098 2583 3099
f 2583 2582 3099
f 3099 2582 3100
f 2582 2581 3100
f 3100 2581 3101
f 2581 2580 3101
f 3101 2580 3102
f 2580 2579 3102
f 3102 2579 3103
f 2579 2578 3103
f 3103 2578 3104
f 2578 2577 3104
f 3104 2577 3105
f 2577 2576 3105
f 3105 2576 3106
f 2576 2575 3106
f 3106 2575 3107
f 2575 2574 3107
f 3107 2574 3108
f 2574 2573 3108
f 3108 2573 3109
f 2573 2572 3109
f 3109 2572 3038
f 2572 2571 3038
f 3110 3020 3111
f 3020 3019 3111
f 3111 3019 3112
f 3019 3018 3112
f 3112 3018 3113
f 3018 3017 3113
f 3113 3017 3114
f 3017 3016 3114
f 3114 3016 3115
f 3016 3014 3115
f 3115 3014 3116
f 3014 3015 3116
f 3116 3015 3117
f 3015 3013 3117
f 3117 3013 3118
f 3013 3012 3118
f 3118 3012 3119
f 3012 3011 3119
f 3119 3011 3120
f 3011 3010 3120
f 3120 3010 3121
f 3010 3009 3121
f 3121 3009 3122
f 3009 2968 3122
f 3122 2968 3123
f 2968 2969 3123
f 3123 2969 3124
f 2969 2970 3124
f 3124 2970 3125
f 2970 3008 3125
f 3125 3008 3126
f 3008 2971 3126
f 3126 2971 3127
f 2971 2974 3127
f 3127 2974 3128
f 2974 2975 3128
f 3128 2975 3129
f 2975 2976 3129
f 3129 2976 3130
f 2976 2977 3130
f 3130 2977 3131
f 2977 2978 3131
f 3131 2978 3132
f 2978 2979 3132
f 3132 2979 3133
f 2979 2980 3133
f 3133 2980 3134
f 2980 2981 3134
f 3134 2981 3135
f 2981 2982 3135
f 3135 2982 3136
f 2982 2983 3136
f 3136 2983 3137
f 2983 2984 3137
f 3137 2984 3138
f 2984 2985 3138
f 3138 2985 3139
f 2985 2986 3139
f 3139 2986 3140
f 2986 2987 3140
f 3140 2987 3141
f 2987 2988 3141
f 3141 2988 3142
f 2988 2989 3142
f 3142 2989 3143
f 2989 2990 3143
f 3143 2990 3144
f 2990 2991 3144
f 3144 2991 3145
f 2991 2992 3145
f 3145 2992 3146
f 2992 2993 3146
f 3146 2993 3147
f 2993 2994 3147
f 3147 2994 3148
f 2994 2995 3148
f 3148 2995 3149
f 2995 2996 3149
f 3149 2996 3150
f 2996 2997 3150
f 3150 2997 3151
f 2997 2998 3151
f 3151 2998 3152
f 2998 2999 3152
f 3152 2999 3153
f 2999 3000 3153
f 3153 3000 3154
f 3000 3001 3154
f 3154 3001 3155
f 3001 3002 3155
f 3155 3002 3156
f 3002 3003 3156
f 3156 3003 3157
f 3003 3004 3157
f 3157 3004 3158
f 3004 3005 3158
f 3158 3005 3159
f 3005 3006 3159
f 3159 3006 3160
f 3006 3007 3160
f 3160 3007 3161
f 3007 2972 3161
f 3161 2972 3162
f 2972 2973 3162
f 3162 2973 3163
f 2973 3037 3163
f 3163 3037 3164
f 3037 3036 3164
f 3164 3036 3165
f 3036 3035 3165
f 3165 3035 3166
f 3035 3034 3166
f 3166 3034 3167
f 3034 3033 3167
f 3167 3033 3168
f 3033 3032 3168
f 3168 3032 3169
f 3032 3031 3169
f 3169 3031 3170
f 3031 3029 3170
f 3170 3029 3171
f 3029 3030 3171
f 3171 3030 3172
f 3030 3028 3172
f 3172 3028 3173
f 3028 3027 3173
f 3173 3027 3174
f 3027 3026 3174
f 3174 3026 3175
f 3026 3025 3175
f 3175 3025 3176
f 3025 2966 3176
f 3176 2966 3177
f 2966 3024 3177
f 3177 3024 3178
f 3024 3023 3178
f 3178 3023 3179
f 3023 2967 3179
f 3179 2967 3180
f 2967 3022 3180
f 3180 3022 3181
f 3022 3021 3181
f 3181 3021 3110
f 3021 3020 3110
f 3182 2689 2692
f 2754 3182 2755
f 3182 2756 2755
f 2754 2753 3182
f 2753 2752 3182
f 3182 2752 2760
f 2742 2743 3183
f 2743 2744 3183
f 3183 2744 2745
f 2748 2749 3183
f 2749 2750 3183
f 2745 2746 3183
f 2746 2747 3183
f 3183 2747 2748
f 2926 2932 3183
f 2932 2936 3183
f 2760 2759 3182
f 2759 2758 3182
f 3182 2758 2713
f 2713 2716 3182
f 2716 2706 3182
f 3182 2706 2708
f 2692 2679 3182
f 2679 2682 3182
f 3182 2682 2684
f 2708 2710 3182
f 2710 2699 3182
f 3182 2699 2701
f 2701 2703 3182
f 2703 2697 3182
f 3182 2697 2689
f 2750 2751 3183
f 2751 2623 3183
f 3183 2623 2926
f 2623 2622 2926
f 2926 2622 2923
f 2622 2624 2923
f 2936 2944 3183
f 2944 2949 3183
f 3183 2949 2951
f 2684 2686 3182
f 2686 2674 3182
f 3182 2674 2676
f 2676 2672 3182
f 2672 2671 3182
f 3182 2671 3183
f 2671 2670 3183
f 3183 2670 2742
f 3184 3185 3186
f 3185 3187 3186
f 3186 3187 3188
f 3187 3189 3188
f 3188 3189 3190
f 3189 3191 3190
f 3190 3191 3192
f 3191 3193 3192
f 3192 3193 3194
f 3193 3195 3194
f 3194 3195 3196
f 3195 3197 3196
f 3196 3197 3198
f 3197 3199 3198
f 3198 3199 3200
f 3199 3201 3200
f 3200 3201 3202
f 3201 3203 3202
f 3202 3203 3204
f 3203 3205 3204
f 3204 3205 3206
f 3205 3207 3206
f 3206 3207 3208
f 3207 3209 3208
f 3208 3209 3210
f 3209 3211 3210
f 3210 3211 3212
f 3211 3213 3212
f 3212 3213 3214
f 3213 3215 3214
f 3214 3215 3216
f 3215 3217 3216
f 3216 3217 3218
f 3217 3219 3218
f 3218 3219 3220
f 3219 3221 3220
f 3220 3221 3222
f 3221 3223 3222
f 3222 3223 3224
f 3223 3225 3224
f 3224 3225 3226
f 3225 3227 3226
f 3226 3227 3228
f 3227 3229 3228
f 3228 3229 3230
f 3229 3231 3230
f 3230 3231 3232
f 3231 3233 3232
f 3232 3233 3234
f 3233 3235 3234
f 3234 3235 3236
f 3235 3237 3236
f 3236 3237 3238
f 3237 3239 3238
f 3238 3239 3240
f 3239 3241 3240
f 3240 3241 3242
f 3241 3243 3242
f 3242 3243 3244
f 3243 3245 3244
f 3244 3245 3246
f 3245 3247 3246
f 3246 3247 3248
f 3247 3249 3248
f 3248 3249 3250
f 3249 3251 3250
f 3250 3251 3252
f 3251 3253 3252
f 3252 3253 3254
f 3253 3255 3254
f 3254 3255 3256
f 3255 3257 3256
f 3256 3257 3258
f 3257 3259 3258
f 3258 3259 3260
f 3259 3261 3260
f 3260 3261 3262
f 3261 3263 3262
f 3262 3263 3264
f 3263 3265 3264
f 3264 3265 3266
f 3265 3267 3266
f 3266 3267 3268
f 3267 3269 3268
f 3268 3269 3270
f 3269 3271 3270
f 3270 3271 3272
f 3271 3273 3272
f 3272 3273 3274
f 3273 3275 3274
f 3274 3275 3276
f 3275 3277 3276
f 3276 3277 3278
f 3277 3279 3278
f 3278 3279 3280
f 3279 3281 3280
f 3280 3281 3282
f 3281 3283 3282
f 3282 3283 3284
f 3283 3285 3284
f 3284 3285 3286
f 3285 3287 3286
f 3286 3287 3288
f 3287 3289 3288
f 3288 3289 3290
f 3289 3291 3290
f 3290 3291 3292
f 3291 3293 3292
f 3292 3293 3294
f 3293 3295 3294
f 3294 3295 3296
f 3295 3297 3296
f 3296 3297 3298
f 3297 3299 3298
f 3298 3299 3300
f 3299 3301 3300
f 3300 3301 3302
f 3301 3303 3302
f 3302 3303 3304
f 3303 3305 3304
f 3304 3305 3306
f 3305 3307 3306
f 3306 3307 3308
f 3307 3309 3308
f 3308 3309 3310
f 3309 3311 3310
f 3310 3311 3312
f 3311 3313 3312
f 3312 3313 3314
f 3313 3315 3314
f 3314 3315 3316
f 3315 3317 3316
f 3316 3317 3318
f 3317 3319 3318
f 3318 3319 3320
f 3319 3321 3320
f 3320 3321 3322
f 3321 3323 3322
f 3322 3323 3324
f 3323 3325 3324
f 3324 3325 3326
f 3325 3327 3326
f 3326 3327 3184
f 3327 3185 3184
f 3189 3187 3328
f 3187 3185 3328
f 3328 3185 3327
f 3195 3193 3328
f 3193 3191 3328
f 3328 3191 3189
f 3201 3199 3328
f 3199 3197 3328
f 3328 3197 3195
f 3207 3205 3328
f 3205 3203 3328
f 3328 3203 3201
f 3213 3211 3328
f 3211 3209 3328
f 3328 3209 3207
f 3219 3217 3328
f 3217 3215 3328
f 3328 3215 3213
f 3225 3223 3328
f 3223 3221 3328
f 3328 3221 3219
f 3231 3229 3328
f 3229 3227 3328
f 3328 3227 3225
f 3237 3235 3328
f 3235 3233 3328
f 3328 3233 3231
f 3243 3241 3328
f 3241 3239 3328
f 3328 3239 3237
f 3249 3247 3328
f 3247 3245 3328
f 3328 3245 3243
f 3255 3253 3328
f 3253 3251 3328
f 3328 3251 3249
f 3261 3259 3328
f 3259 3257 3328
f 3328 3257 3255
f 3267 3265 3328
f 3265 3263 3328
f 3328 3263 3261
f 3273 3271 3328
f 3271 3269 3328
f 3328 3269 3267
f 3279 3277 3328
f 3277 3275 3328
f 3328 3275 3273
f 3285 3283 3328
f 3283 3281 3328
f 3328 3281 3279
f 3291 3289 3328
f 3289 3287 3328
f 3328 3287 3285
f 3297 3295 3328
f 3295 3293 3328
f 3328 3293 3291
f 3303 3301 3328
f 3301 3299 3328
f 3328 3299 3297
f 3309 3307 3328
f 3307 3305 3328
f 3328 3305 3303
f 3315 3313 3328
f 3313 3311 3328
f 3328 3311 3309
f 3321 3319 3328
f 3319 3317 3328
f 3328 3317 3315
f 3327 3325 3328
f 3325 3323 3328
f 3328 3323 3321
f 3329 3096 3330
f 3096 3097 3330
f 3330 3097 3331
f 3097 3098 3331
f 3331 3098 3332
f 3098 3099 3332
f 3332 3099 3333
f 3099 3100 3333
f 3333 3100 3334
f 3100 3101 3334
f 3334 3101 3335
f 3101 3102 3335
f 3335 3102 3336
f 3102 3103 3336
f 3336 3103 3337
f 3103 3104 3337
f 3337 3104 3338
f 3104 3105 3338
f 3338 3105 3339
f 3105 3106 3339
f 3339 3106 3340
f 3106 3107 3340
f 3340 3107 3341
f 3107 3108 3341
f 3341 3108 3342
f 3108 3109 3342
f 3342 3109 3343
f 3109 3038 3343
f 3343 3038 3344
f 3038 3039 3344
f 3344 3039 3345
f 3039 3040 3345
f 3345 3040 3346
f 3040 3041 3346
f 3346 3041 3347
f 3041 3042 3347
f 3347 3042 3348
f 3042 3043 3348
f 3348 3043 3349
f 3043 3044 3349
f 3349 3044 3350
f 3044 3045 3350
f 3350 3045 3351
f 3045 3046 3351
f 3351 3046 3352
f 3046 3047 3352
f 3352 3047 3353
f 3047 3048 3353
f 3353 3048 3354
f 3048 3049 3354
f 3354 3049 3355
f 3049 3050 3355
f 3355 3050 3356
f 3050 3051 3356
f 3356 3051 3357
f 3051 3052 3357
f 3357 3052 3358
f 3052 3053 3358
f 3358 3053 3359
f 3053 3054 3359
f 3359 3054 3360
f 3054 3055 3360
f 3360 3055 3361
f 3055 3056 3361
f 3361 3056 3362
f 3056 3057 3362
f 3362 3057 3363
f 3057 3058 3363
f 3363 3058 3364
f 3058 3059 3364
f 3364 3059 3365
f 3059 3060 3365
f 3365 3060 3366
f 3060 3061 3366
f 3366 3061 3367
f 3061 3062 3367
f 3367 3062 3368
f 3062 3063 3368
f 3368 3063 3369
f 3063 3064 3369
f 3369 3064 3370
f 3064 3065 3370
f 3370 3065 3371
f 3065 3066 3371
f 3371 3066 3372
f 3066 3067 3372
f 3372 3067 3373
f 3067 3068 3373
f 3373 3068 3374
f 3068 3069 3374
f 3374 3069 3375
f 3069 3070 3375
f 3375 3070 3376
f 3070 3071 3376
f 3376 3071 3377
f 3071 3072 3377
f 3377 3072 3378
f 3072 3073 3378
f 3378 3073 3379
f 3073 3074 3379
f 3379 3074 3380
f 3074 3075 3380
f 3380 3075 3381
f 3075 3076 3381
f 3381 3076 3382
f 3076 3077 3382
f 3382 3077 3383
f 3077 3078 3383
f 3383 3078 3384
f 3078 3079 3384
f 3384 3079 3385
f 3079 3080 3385
f 3385 3080 3386
f 3080 3081 3386
f 3386 3081 3387
f 3081 3082 3387
f 3387 3082 3388
f 3082 3083 3388
f 3388 3083 3389
f 3083 3084 3389
f 3389 3084 3390
f 3084 3085 3390
f 3390 3085 3391
f 3085 3086 3391
f 3391 3086 3392
f 3086 3087 3392
f 3392 3087 3393
f 3087 3088 3393
f 3393 3088 3394
f 3088 3089 3394
f 3394 3089 3395
f 3089 3090 3395
f 3395 3090 3396
f 3090 3091 3396
f 3396 3091 3397
f 3091 3092 3397
f 3397 3092 3398
f 3092 3093 3398
f 3398 3093 3399
f 3093 3094 3399
f 3399 3094 3400
f 3094 3095 3400
f 3400 3095 3329
f 3095 3096 3329
f 3401 3402 3403
f 3402 3404 3403
f 3403 3404 3405
f 3404 3406 3405
f 3405 3406 3407
f 3406 3408 3407
f 3407 3408 3409
f 3408 3410 3409
f 3409 3410 3411
f 3410 3412 3411
f 3411 3412 3413
f 3412 3414 3413
f 3413 3414 3415
f 3414 3416 3415
f 3415 3416 3417
f 3416 3418 3417
f 3417 3418 3419
f 3418 3420 3419
f 3419 3420 3421
f 3420 3422 3421
f 3421 3422 3423
f 3422 3424 3423
f 3423 3424 3425
f 3424 3426 3425
f 3425 3426 3427
f 3426 3428 3427
f 3427 3428 3429
f 3428 3430 3429
f 3429 3430 3431
f 3430 3432 3431
f 3431 3432 3433
f 3432 3434 3433
f 3433 3434 3435
f 3434 3436 3435
f 3435 3436 3437
f 3436 3438 3437
f 3437 3438 3439
f 3438 3440 3439
f 3439 3440 3441
f 3440 3442 3441
f 3441 3442 3443
f 3442 3444 3443
f 3443 3444 3445
f 3444 3446 3445
f 3445 3446 3447
f 3446 3448 3447
f 3447 3448 3449
f 3448 3450 3449
f 3449 3450 3451
f 3450 3452 3451
f 3451 3452 3453
f 3452 3454 3453
f 3453 3454 3455
f 3454 3456 3455
f 3455 3456 3457
f 3456 3458 3457
f 3457 3458 3459
f 3458 3460 3459
f 3459 3460 3461
f 3460 3462 3461
f 3461 3462 3463
f 3462 3464 3463
f 3463 3464 3465
f 3464 3466 3465
f 3465 3466 3467
f 3466 3468 3467
f 3467 3468 3469
f 3468 3470 3469
f 3469 3470 3471
f 3470 3472 3471
f 3471 3472 3473
f 3472 3474 3473
f 3473 3474 3475
f 3474 3476 3475
f 3475 3476 3477
f 3476 3478 3477
f 3477 3478 3479
f 3478 3480 3479
f 3479 3480 3481
f 3480 3482 3481
f 3481 3482 3483
f 3482 3484 3483
f 3483 3484 3485
f 3484 3486 3485
f 3485 3486 3487
f 3486 3488 3487
f 3487 3488 3489
f 3488 3490 3489
f 3489 3490 3491
f 3490 3492 3491
f 3491 3492 3493
f 3492 3494 3493
f 3493 3494 3495
f 3494 3496 3495
f 3495 3496 3497
f 3496 3498 3497
f 3497 3498 3499
f 3498 3500 3499
f 3499 3500 3501
f 3500 3502 3501
f 3501 3502 3503
f 3502 3504 3503
f 3503 3504 3505
f 3504 3506 3505
f 3505 3506 3507
f 3506 3508 3507
f 3507 3508 3509
f 3508 3510 3509
f 3509 3510 3511
f 3510 3512 3511
f 3511 3512 3513
f 3512 3514 3513
f 3513 3514 3515
f 3514 3516 3515
f 3515 3516 3517
f 3516 3518 3517
f 3517 3518 3519
f 3518 3520 3519
f 3519 3520 3521
f 3520 3522 3521
f 3521 3522 3523
f 3522 3524 3523
f 3523 3524 3525
f 3524 3526 3525
f 3525 3526 3527
f 3526 3528 3527
f 3527 3528 3529
f 3528 3530 3529
f 3529 3530 3531
f 3530 3532 3531
f 3531 3532 3533
f 3532 3534 3533
f 3533 3534 3535
f 3534 3536 3535
f 3535 3536 3537
f 3536 3538 3537
f 3537 3538 3539
f 3538 3540 3539
f 3539 3540 3541
f 3540 3542 3541
f 3541 3542 3543
f 3542 3544 3543
f 3543 3544 3401
f 3544 3402 3401
f 3406 3404 3545
f 3404 3402 3545
f 3545 3402 3544
f 3412 3410 3545
f 3410 3408 3545
f 3545 3408 3406
f 3418 3416 3545
f 3416 3414 3545
f 3545 3414 3412
f 3424 3422 3545
f 3422 3420 3545
f 3545 3420 3418
f 3430 3428 3545
f 3428 3426 3545
f 3545 3426 3424
f 3436 3434 3545
f 3434 3432 3545
f 3545 3432 3430
f 3442 3440 3545
f 3440 3438 3545
f 3545 3438 3436
f 3448 3446 3545
f 3446 3444 3545
f 3545 3444 3442
f 3454 3452 3545
f 3452 3450 3545
f 3545 3450 3448
f 3460 3458 3545
f 3458 3456 3545
f 3545 3456 3454
f 3466 3464 3545
f 3464 3462 3545
f 3545 3462 3460
f 3472 3470 3545
f 3470 3468 3545
f 3545 3468 3466
f 3478 3476 3545
f 3476 3474 3545
f 3545 3474 3472
f 3484 3482 3545
f 3482 3480 3545
f 3545 3480 3478
f 3490 3488 3545
f 3488 3486 3545
f 3545 3486 3484
f 3496 3494 3545
f 3494 3492 3545
f 3545 3492 3490
f 3502 3500 3545
f 3500 3498 3545
f 3545 3498 3496
f 3508 3506 3545
f 3506 3504 3545
f 3545 3504 3502
f 3514 3512 3545
f 3512 3510 3545
f 3545 3510 3508
f 3520 3518 3545
f 3518 3516 3545
f 3545 3516 3514
f 3526 3524 3545
f 3524 3522 3545
f 3545 3522 3520
f 3532 3530 3545
f 3530 3528 3545
f 3545 3528 3526
f 3538 3536 3545
f 3536 3534 3545
f 3545 3534 3532
f 3544 3542 3545
f 3542 3540 3545
f 3545 3540 3538
f 3546 3171 3547
f 3171 3172 3547
f 3547 3172 3548
f 3172 3173 3548
f 3548 3173 3549
f 3173 3174 3549
f 3549 3174 3550
f 3174 3175 3550
f 3550 3175 3551
f 3175 3176 3551
f 3551 3176 3552
f 3176 3177 3552
f 3552 3177 3553
f 3177 3178 3553
f 3553 3178 3554
f 3178 3179 3554
f 3554 3179 3555
f 3179 3180 3555
f 3555 3180 3556
f 3180 3181 3556
f 3556 3181 3557
f 3181 3110 3557
f 3557 3110 3558
f 3110 3111 3558
f 3558 3111 3559
f 3111 3112 3559
f 3559 3112 3560
f 3112 3113 3560
f 3560 3113 3561
f 3113 3114 3561
f 3561 3114 3562
f 3114 3115 3562
f 3562 3115 3563
f 3115 3116 3563
f 3563 3116 3564
f 3116 3117 3564
f 3564 3117 3565
f 3117 3118 3565
f 3565 3118 3566
f 3118 3119 3566
f 3566 3119 3567
f 3119 3120 3567
f 3567 3120 3568
f 3120 3121 3568
f 3568 3121 3569
f 3121 3122 3569
f 3569 3122 3570
f 3122 3123 3570
f 3570 3123 3571
f 3123 3124 3571
f 3571 3124 3572
f 3124 3125 3572
f 3572 3125 3573
f 3125 3126 3573
f 3573 3126 3574
f 3126 3127 3574
f 3574 3127 3575
f 3127 3128 3575
f 3575 3128 3576
f 3128 3129 3576
f 3576 3129 3577
f 3129 3130 3577
f 3577 3130 3578
f 3130 3131 3578
f 3578 3131 3579
f 3131 3132 3579
f 3579 3132 3580
f 3132 3133 3580
f 3580 3133 3581
f 3133 3134 3581
f 3581 3134 3582
f 3134 3135 3582
f 3582 3135 3583
f 3135 3136 3583
f 3583 3136 3584
f 3136 3137 3584
f 3584 3137 3585
f 3137 3138 3585
f 3585 3138 3586
f 3138 3139 3586
f 3586 3139 3587
f 3139 3140 3587
f 3587 3140 3588
f 3140 3141 3588
f 3588 3141 3589
f 3141 3142 3589
f 3589 3142 3590
f 3142 3143 3590
f 3590 3143 3591
f 3143 3144 3591
f 3591 3144 3592
f 3144 3145 3592
f 3592 3145 3593
f 3145 3146 3593
f 3593 3146 3594
f 3146 3147 3594
f 3594 3147 3595
f 3147 3148 3595
f 3595 3148 3596
f 3148 3149 3596
f 3596 3149 3597
f 3149 3150 3597
f 3597 3150 3598
f 3150 3151 3598
f 3598 3151 3599
f 3151 3152 3599
f 3599 3152 3600
f 3152 3153 3600
f 3600 3153 3601
f 3153 3154 3601
f 3601 3154 3602
f 3154 3155 3602
f 3602 3155 3603
f 3155 3156 3603
f 3603 3156 3604
f 3156 3157 3604
f 3604 3157 3605
f 3157 3158 3605
f 3605 3158 3606
f 3158 3159 3606
f 3606 3159 3607
f 3159 3160 3607
f 3607 3160 3608
f 3160 3161 3608
f 3608 3161 3609
f 3161 3162 3609
f 3609 3162 3610
f 3162 3163 3610
f 3610 3163 3611
f 3163 3164 3611
f 3611 3164 3612
f 3164 3165 3612
f 3612 3165 3613
f 3165 3166 3613
f 3613 3166 3614
f 3166 3167 3614
f 3614 3167 3615
f 3167 3168 3615
f 3615 3168 3616
f 3168 3169 3616
f 3616 3169 3617
f 3169 3170 3617
f 3617 3170 3546
f 3170 3171 3546
f 3618 3619 3620
f 3619 3621 3620
f 3619 3618 3622
f 3619 3622 3623
f 3622 3624 3623
f 3623 3624 3625
f 3624 3626 3625
f 3625 3626 3627
f 3626 3628 3627
f 3627 3628 3629
f 3628 3630 3629
f 3629 3630 3631
f 3630 3632 3631
f 3631 3632 3633
f 3632 3634 3633
f 3633 3634 3635
f 3634 3636 3635
f 3635 3636 3637
f 3636 3638 3637
f 3637 3638 3639
f 3638 3640 3639
f 3639 3640 3641
f 3641 3640 3642
f 3640 3643 3642
f 3642 3643 3644
f 3642 3644 3645
f 3644 3646 3645
f 3645 3646 3647
f 3646 3648 3647
f 3647 3648 3649
f 3648 3650 3649
f 3649 3650 3651
f 3650 3652 3651
f 3651 3652 3653
f 3652 3654 3653
f 3653 3654 3655
f 3654 3656 3655
f 3655 3656 3657
f 3656 646 3657
f 3657 646 3658
f 648 3659 646
f 3659 3658 646
f 3660 3661 3662
f 3661 3663 3662
f 3662 3663 3664
f 3665 3666 3660
f 3666 3667 3660
f 3660 3667 3661
f 3668 3669 3665
f 3669 3670 3665
f 3665 3670 3666
f 3671 632 3672
f 632 3673 3672
f 3672 3673 3674
f 3673 3675 3674
f 3674 3675 3676
f 3675 3677 3676
f 3676 3677 3678
f 3677 3679 3678
f 3678 3679 3668
f 3679 3680 3668
f 3668 3680 3669
f 3659 648 3681
f 648 649 3681
f 3681 649 3682
f 649 645 3682
f 3682 645 3683
f 645 644 3683
f 3683 644 3684
f 644 643 3684
f 3684 643 3685
f 643 640 3685
f 3685 640 3686
f 640 639 3686
f 3686 639 3687
f 639 638 3687
f 3687 638 3688
f 638 637 3688
f 3688 637 3689
f 637 636 3689
f 3689 636 3690
f 636 635 3690
f 3690 635 3691
f 635 630 3691
f 3691 630 3692
f 630 629 3692
f 3692 629 3693
f 629 628 3693
f 3693 628 3694
f 628 627 3694
f 3694 627 3695
f 627 626 3695
f 3695 626 3696
f 626 625 3696
f 3696 625 3671
f 625 624 3671
f 3671 624 632
f 589 3697 3698
f 3697 3699 3698
f 3698 3699 3700
f 3699 3701 3700
f 3700 3701 3702
f 3703 3704 3701
f 3704 3705 3701
f 3701 3705 3702
f 3706 3707 3708
f 3708 3709 3706
f 3709 3710 3706
f 3706 3710 3703
f 3710 3711 3703
f 3703 3711 3704
f 3712 3713 3714
f 3713 3715 3714
f 3714 3715 3707
f 3715 3716 3707
f 3707 3716 3708
f 599 3717 600
f 3717 3718 600
f 600 3718 601
f 3718 3719 601
f 601 3719 602
f 3719 3720 602
f 602 3720 603
f 3720 3721 603
f 603 3721 604
f 3721 3722 604
f 604 3722 605
f 3722 3723 605
f 605 3723 592
f 3723 3724 592
f 592 3724 591
f 3724 3725 591
f 591 3725 590
f 3725 3726 590
f 590 3726 606
f 3726 3727 606
f 606 3727 607
f 3727 3728 607
f 607 3728 593
f 3728 3729 593
f 593 3729 594
f 3729 3730 594
f 594 3730 595
f 3730 3731 595
f 595 3731 596
f 3731 3732 596
f 596 3732 610
f 3732 3733 610
f 610 3733 609
f 3733 3734 609
f 609 3734 589
f 3734 3735 589
f 589 3735 3697
f 598 3736 599
f 3736 3717 599
f 3736 598 3737
f 3736 3737 3738
f 3737 3739 3738
f 3738 3739 3740
f 3739 3741 3740
f 3740 3741 3742
f 3741 3743 3742
f 3742 3743 3744
f 3743 3745 3744
f 3744 3745 3746
f 3745 3747 3746
f 3746 3747 3748
f 3747 3749 3748
f 3748 3749 3750
f 3749 3751 3750
f 3750 3751 3752
f 3752 3751 3753
f 3751 3754 3753
f 3753 3754 3755
f 3753 3755 3756
f 3755 3757 3756
f 3756 3757 3758
f 3757 3759 3758
f 3758 3759 3760
f 3759 3761 3760
f 3760 3761 3762
f 3761 3763 3762
f 3762 3763 3764
f 3763 3765 3764
f 3764 3765 3766
f 3765 3767 3766
f 3766 3767 3768
f 3767 3769 3768
f 3768 3769 3770
f 3769 3771 3770
f 3770 3771 3772
f 3771 3773 3772
f 3772 3773 3774
f 3775 2500 3776
f 3775 3776 3777
f 3776 3778 3777
f 3777 3778 3779
f 3778 3780 3779
f 3779 3780 3781
f 3780 3782 3781
f 3781 3782 3783
f 3782 3784 3783
f 3783 3784 3785
f 3784 3786 3785
f 3785 3786 3787
f 3786 3788 3787
f 3787 3788 3789
f 3788 3790 3789
f 3789 3790 3791
f 3790 3792 3791
f 3791 3792 3793
f 3792 3794 3793
f 3793 3794 3795
f 3794 3796 3795
f 3795 3796 3797
f 3796 3798 3797
f 3797 3798 3799
f 3798 3800 3799
f 3799 3800 3801
f 3800 3802 3801
f 3801 3802 3803
f 3802 3804 3803
f 3803 3804 3805
f 3804 3806 3805
f 3805 3806 3807
f 3806 3808 3807
f 3807 3808 3809
f 3808 3182 3809
f 3809 3182 3810
f 3811 3812 3813
f 3812 2503 3813
f 3813 2503 3814
f 2503 2500 3814
f 3814 2500 3815
f 2500 3775 3815
f 3816 3817 3818
f 3816 3818 3819
f 3818 3820 3819
f 3819 3820 3821
f 3820 3822 3821
f 3821 3822 3823
f 3822 3824 3823
f 3823 3824 3825
f 3824 3826 3825
f 3825 3826 3827
f 3826 3828 3827
f 3827 3828 3829
f 3828 3830 3829
f 3829 3830 3831
f 3830 3832 3831
f 3831 3832 3833
f 3832 3834 3833
f 3833 3834 3835
f 3834 3836 3835
f 3835 3836 3837
f 3836 3838 3837
f 3837 3838 3839
f 3838 3840 3839
f 3839 3840 3841
f 3840 3842 3841
f 3841 3842 3843
f 3842 3844 3843
f 3843 3844 3845
f 3844 3846 3845
f 3845 3846 3847
f 3846 3848 3847
f 3847 3848 3849
f 3848 3850 3849
f 3849 3850 3851
f 3850 3852 3851
f 3851 3852 3853
f 3852 3854 3853
f 3853 3854 3855
f 3854 3856 3855
f 3855 3856 3857
f 3856 3858 3857
f 3857 3858 3859
f 3858 3860 3859
f 3859 3860 3861
f 3860 3862 3861
f 3861 3862 3863
f 3862 3864 3863
f 3863 3864 3865
f 3864 3866 3865
f 3865 3866 3867
f 3866 3868 3867
f 3867 3868 3869
f 3868 3870 3869
f 3869 3870 3871
f 3870 3872 3871
f 3871 3872 3873
f 3872 3874 3873
f 3873 3874 3875
f 3874 3814 3875
f 3875 3814 3815
f 3817 3816 3876
f 3816 3877 3876
f 3876 3877 3878
f 3877 3879 3878
f 3878 3879 3880
f 3879 3881 3880
f 3880 3881 3882
f 3881 3883 3882
f 3882 3883 3884
f 3883 3885 3884
f 3886 3887 3888
f 3886 3888 3889
f 3888 3890 3889
f 3889 3890 3891
f 3890 3892 3891
f 3891 3892 3893
f 3892 3894 3893
f 3893 3894 3895
f 3894 3896 3895
f 3895 3896 3897
f 3896 3898 3897
f 3897 3898 3899
f 3898 3900 3899
f 3899 3900 3901
f 3900 3902 3901
f 3901 3902 3903
f 3902 3904 3903
f 3903 3904 3905
f 3904 3906 3905
f 3905 3906 3907
f 3906 3908 3907
f 3907 3908 3909
f 3908 3910 3909
f 3909 3910 3911
f 3910 3912 3911
f 3911 3912 3913
f 3912 3914 3913
f 3913 3914 3915
f 3914 3916 3915
f 3915 3916 3917
f 3916 3918 3917
f 3917 3918 3919
f 3918 3920 3919
f 3919 3920 3921
f 3920 3922 3921
f 3921 3922 3923
f 3922 3924 3923
f 3923 3924 3925
f 3924 3926 3925
f 3925 3926 3927
f 3926 3928 3927
f 3927 3928 3929
f 3928 3930 3929
f 3929 3930 3931
f 3930 3932 3931
f 3931 3932 3933
f 3932 3934 3933
f 3933 3934 3935
f 3934 3936 3935
f 3935 3936 3937
f 3936 3938 3937
f 3937 3938 3939
f 3938 3940 3939
f 3939 3940 3941
f 3940 3942 3941
f 3941 3942 3943
f 3942 3944 3943
f 3943 3944 3945
f 3944 3884 3945
f 3945 3884 3885
f 3886 3810 3887
f 3810 3182 3887
f 3887 3182 3946
f 3182 3183 3946
f 3946 3183 3947
f 3183 3948 3947
f 3946 3947 3949
f 3946 3949 3950
f 3949 3951 3950
f 3950 3951 3952
f 3951 3953 3952
f 3952 3953 3954
f 3953 3955 3954
f 3954 3955 3956
f 3955 3957 3956
f 3956 3957 3958
f 3957 3959 3958
f 3958 3959 3960
f 3959 3961 3960
f 3960 3961 3962
f 3961 3963 3962
f 3962 3963 3964
f 3963 3965 3964
f 3964 3965 3966
f 3965 3967 3966
f 3966 3967 3968
f 3967 3969 3968
f 3968 3969 3970
f 3969 3971 3970
f 3970 3971 3972
f 3971 3973 3972
f 3972 3973 3974
f 3973 3975 3974
f 3974 3975 3976
f 3975 3977 3976
f 3976 3977 3978
f 3977 3979 3978
f 3978 3979 3980
f 3979 3981 3980
f 3980 3981 3982
f 3981 3983 3982
f 3982 3983 3984
f 3983 3985 3984
f 3984 3985 3986
f 3985 3987 3986
f 3986 3987 3988
f 3987 3989 3988
f 3988 3989 3990
f 3989 3991 3990
f 3990 3991 3992
f 3991 3993 3992
f 3992 3993 3994
f 3993 3995 3994
f 3994 3995 3996
f 3995 3997 3996
f 3996 3997 3998
f 3997 3999 3998
f 3998 3999 4000
f 3999 4001 4000
f 4000 4001 4002
f 4001 4003 4002
f 4002 4003 4004
f 4003 4005 4004
f 4004 4005 4006
f 4005 4007 4006
f 4006 4007 4008
f 4008 4007 4009
f 4007 4010 4009
f 4009 4010 4011
f 4010 4012 4011
f 4011 4012 4013
f 4012 4014 4013
f 4013 4014 4015
f 4014 4016 4015
f 4015 4016 4017
f 4016 4018 4017
f 4019 4020 4021
f 4020 4022 4021
f 4021 4022 4023
f 4022 4024 4023
f 4023 4024 4025
f 4024 4026 4025
f 2957 4024 2956
f 4024 4022 2956
f 2956 4022 2955
f 4022 2951 2955
f 2957 2958 4024
f 2958 2959 4024
f 4024 2959 2965
f 581 723 2963
f 2963 723 2964
f 723 4027 2964
f 2964 4027 2965
f 2505 4028 2960
f 4028 650 2960
f 2960 650 2961
f 650 581 2961
f 2961 581 2962
f 581 2963 2962
f 4029 4024 2965
f 4029 2965 4030
f 4031 4030 2965
f 4032 4031 2965
f 4033 4032 2965
f 4034 4033 2965
f 4035 4034 2965
f 4036 4035 2965
f 4037 4036 2965
f 4038 4037 2965
f 4039 4038 2965
f 4040 4039 2965
f 4041 4040 2965
f 4042 4041 2965
f 4043 4042 2965
f 4044 4043 2965
f 4045 4044 2965
f 4027 4045 2965
f 4046 3183 2951
f 4046 2951 4047
f 4048 4047 2951
f 4049 4048 2951
f 4050 4049 2951
f 4051 4050 2951
f 4052 4051 2951
f 4053 4052 2951
f 4054 4053 2951
f 4055 4054 2951
f 4056 4055 2951
f 4057 4056 2951
f 4058 4057 2951
f 4059 4058 2951
f 4060 4059 2951
f 4061 4060 2951
f 4062 4061 2951
f 4022 4062 2951
f 4063 4028 2505
f 4063 2505 4064
f 4065 4064 2505
f 4066 4065 2505
f 4067 4066 2505
f 4068 4067 2505
f 4069 4068 2505
f 4070 4069 2505
f 4071 4070 2505
f 4072 4071 2505
f 4073 4072 2505
f 4074 4073 2505
f 4075 4074 2505
f 4076 4075 2505
f 4077 4076 2505
f 4078 4077 2505
f 4079 4078 2505
f 2503 4079 2505
f 2850 2849 3780
f 3780 3778 2850
f 3778 3776 2850
f 2850 3776 2851
f 3776 2500 2851
f 2851 2500 2502
f 2757 2756 3182
f 3804 2632 3806
f 2632 2757 3806
f 3806 2757 3808
f 2757 3182 3808
f 3796 2628 3798
f 2628 2637 3798
f 3798 2637 3800
f 2637 2636 3800
f 3800 2636 3802
f 2636 2635 3802
f 3802 2635 3804
f 2635 2633 3804
f 3804 2633 2632
f 2625 2631 3796
f 2631 2629 3796
f 3796 2629 2628
f 2849 2848 3780
f 2848 2847 3780
f 3780 2847 3782
f 2847 2845 3782
f 3782 2845 3784
f 2845 2844 3784
f 3784 2844 3786
f 2844 2854 3786
f 3786 2854 3788
f 2854 2853 3788
f 3788 2853 3790
f 2853 2626 3790
f 3790 2626 3792
f 2626 2625 3792
f 3792 2625 3794
f 2625 3796 3794
f 4080 4027 4081
f 4027 723 4081
f 4082 4028 4063
f 4082 4063 4083
f 4063 4064 4083
f 4083 4064 4084
f 4064 4065 4084
f 4084 4065 4085
f 4065 4066 4085
f 4085 4066 4086
f 4066 4067 4086
f 4086 4067 4087
f 4067 4068 4087
f 4087 4068 4088
f 4068 4069 4088
f 4088 4069 4089
f 4069 4070 4089
f 4089 4070 4090
f 4070 4071 4090
f 4090 4071 4091
f 4071 4072 4091
f 4091 4072 4092
f 4072 4073 4092
f 4092 4073 4093
f 4073 4074 4093
f 4093 4074 4094
f 4074 4075 4094
f 4094 4075 4095
f 4075 4076 4095
f 4095 4076 4096
f 4076 4077 4096
f 4096 4077 4097
f 4077 4078 4097
f 4097 4078 4098
f 4078 4079 4098
f 4098 4079 4099
f 4079 2503 4099
f 4099 2503 3812
f 3948 3183 4046
f 3948 4046 4100
f 4046 4047 4100
f 4100 4047 4101
f 4047 4048 4101
f 4101 4048 4102
f 4048 4049 4102
f 4102 4049 4103
f 4049 4050 4103
f 4103 4050 4104
f 4050 4051 4104
f 4104 4051 4105
f 4051 4052 4105
f 4105 4052 4106
f 4052 4053 4106
f 4106 4053 4107
f 4053 4054 4107
f 4107 4054 4108
f 4054 4055 4108
f 4108 4055 4109
f 4055 4056 4109
f 4109 4056 4110
f 4056 4057 4110
f 4110 4057 4111
f 4057 4058 4111
f 4111 4058 4112
f 4058 4059 4112
f 4112 4059 4113
f 4059 4060 4113
f 4113 4060 4114
f 4060 4061 4114
f 4114 4061 4115
f 4061 4062 4115
f 4115 4062 4116
f 4062 4022 4116
f 4116 4022 4020
f 4023 4025 4117
f 4023 4117 4118
f 4117 4119 4118
f 4118 4119 4120
f 4119 4121 4120
f 4120 4121 4122
f 4121 4123 4122
f 4122 4123 4124
f 4123 4125 4124
f 4124 4125 4126
f 4125 4127 4126
f 4126 4127 4128
f 4127 4129 4128
f 4128 4129 4130
f 4129 4131 4130
f 4130 4131 4132
f 4131 4133 4132
f 4132 4133 4134
f 4133 4135 4134
f 4134 4135 4136
f 4135 4137 4136
f 4136 4137 4138
f 4137 4139 4138
f 4138 4139 4140
f 4139 4141 4140
f 4140 4141 4142
f 4141 4143 4142
f 4142 4143 4144
f 4143 4145 4144
f 4144 4145 4146
f 4145 4147 4146
f 4146 4147 4148
f 4147 4149 4148
f 4148 4149 4150
f 4149 4151 4150
f 4150 4151 4152
f 4153 4154 4155
f 4153 4155 4156
f 4155 4157 4156
f 4156 4157 4158
f 4157 4159 4158
f 4158 4159 4160
f 4159 4161 4160
f 4160 4161 4162
f 4161 4163 4162
f 4162 4163 4164
f 4163 4165 4164
f 4164 4165 4166
f 4165 4167 4166
f 4166 4167 4168
f 4167 4169 4168
f 4168 4169 4170
f 4169 4171 4170
f 4170 4171 4172
f 4171 4173 4172
f 4172 4173 4174
f 4173 4175 4174
f 4174 4175 4176
f 4175 4177 4176
f 4176 4177 4178
f 4177 4179 4178
f 4178 4179 4180
f 4179 4181 4180
f 4180 4181 4182
f 4181 4183 4182
f 4182 4183 4184
f 4183 4185 4184
f 4184 4185 4186
f 4185 4187 4186
f 4186 4187 4188
f 4187 3811 4188
f 4188 3811 3813
f 4189 4190 4191
f 4189 4191 4192
f 4191 4193 4192
f 4192 4193 4194
f 4193 4195 4194
f 4194 4195 4196
f 4195 4197 4196
f 4196 4197 4198
f 4197 4199 4198
f 4198 4199 4200
f 4199 4201 4200
f 4200 4201 4202
f 4201 4203 4202
f 4202 4203 4204
f 4203 4205 4204
f 4204 4205 4206
f 4205 4207 4206
f 4206 4207 4208
f 4207 4209 4208
f 4208 4209 4210
f 4209 4211 4210
f 4210 4211 4212
f 4211 4213 4212
f 4212 4213 4214
f 4213 4215 4214
f 4214 4215 4216
f 4215 4217 4216
f 4216 4217 4218
f 4217 4219 4218
f 4218 4219 4220
f 4219 4221 4220
f 4220 4221 4222
f 4017 4018 4223
f 4017 4223 4224
f 4223 4225 4224
f 4224 4225 4226
f 4225 4227 4226
f 4226 4227 4228
f 4227 4229 4228
f 4228 4229 4230
f 4229 4231 4230
f 4230 4231 4232
f 4231 4233 4232
f 4232 4233 4234
f 4233 4235 4234
f 4234 4235 4236
f 4235 4237 4236
f 4236 4237 4238
f 4237 4239 4238
f 4238 4239 4240
f 4239 4241 4240
f 4240 4241 4242
f 4241 4243 4242
f 4242 4243 4244
f 4243 4245 4244
f 4244 4245 4246
f 4245 4247 4246
f 4246 4247 4248
f 4247 4249 4248
f 4248 4249 4250
f 4249 4251 4250
f 4250 4251 4252
f 4251 4253 4252
f 4252 4253 4254
f 4253 4255 4254
f 4254 4255 4256
f 4255 4257 4256
f 4256 4257 4258
f 4257 4259 4258
f 4258 4259 4260
f 4259 4261 4260
f 4260 4261 4262
f 4261 4263 4262
f 4262 4263 4264
f 4263 4265 4264
f 4264 4265 4266
f 4265 4267 4266
f 4266 4267 4268
f 4267 4269 4268
f 4268 4269 4270
f 4269 4271 4270
f 4270 4271 4272
f 4271 4273 4272
f 4272 4273 4274
f 4273 4275 4274
f 4274 4275 4276
f 4275 4277 4276
f 4276 4277 4278
f 4277 4279 4278
f 4278 4279 4280
f 4279 4019 4280
f 4280 4019 4021
f 4281 4282 4283
f 3620 3621 4284
f 3621 4281 4284
f 4284 4281 4081
f 4285 4286 4283
f 4081 3451 3453
f 4285 4283 4287
f 3429 3431 4283
f 3431 3433 4283
f 4283 3433 4281
f 3433 3435 4281
f 4281 3435 4081
f 3435 3437 4081
f 4081 3437 3439
f 3439 3441 4081
f 3441 3443 4081
f 4081 3443 3445
f 3445 3447 4081
f 3447 3449 4081
f 4081 3449 3451
f 3453 3455 4081
f 3455 3457 4081
f 4081 3457 3459
f 3459 3461 4081
f 3461 3463 4081
f 4081 3463 3465
f 4288 4080 3473
f 3465 3467 4081
f 3467 3469 4081
f 4081 3469 4080
f 3469 3471 4080
f 4080 3471 3473
f 4026 3485 3487
f 3487 3489 4026
f 3489 3491 4026
f 4026 3491 3493
f 4289 4290 4283
f 4290 4291 4283
f 4283 4291 4287
f 4292 4293 4294
f 4286 4295 4283
f 4295 4296 4283
f 4283 4296 4297
f 4298 4299 4300
f 4301 4302 3475
f 4302 4303 3475
f 3475 4303 3473
f 4303 4304 3473
f 3473 4304 4288
f 3479 3481 4026
f 3481 3483 4026
f 4026 3483 3485
f 4293 4305 4294
f 4305 4306 4294
f 4294 4306 4307
f 4308 4309 3477
f 4309 4310 3477
f 4026 4311 3479
f 4311 4312 3479
f 3479 4312 4313
f 3493 3495 4026
f 3495 3497 4026
f 4026 3497 4025
f 3497 3499 4025
f 4297 4314 4283
f 4314 4315 4283
f 4283 4315 4316
f 4317 4318 4319
f 4299 4320 4300
f 4320 4321 4300
f 4300 4321 4322
f 4321 4294 4322
f 4322 4294 4323
f 4294 4307 4323
f 4310 4324 3477
f 4324 4325 3477
f 3477 4325 3475
f 4325 4326 3475
f 3475 4326 4301
f 3499 3501 4025
f 3501 3503 4025
f 4025 3503 3505
f 4327 4328 4300
f 4328 4329 4300
f 4329 4330 4300
f 4330 4331 4300
f 4300 4331 4298
f 4319 4332 4317
f 4332 4333 4317
f 4317 4333 4294
f 4333 4334 4294
f 4294 4334 4292
f 4313 4335 3479
f 4335 4336 3479
f 3479 4336 3477
f 4336 4337 3477
f 3477 4337 4308
f 3505 3507 4025
f 3507 3509 4025
f 4025 3509 4117
f 3509 3511 4117
f 4117 3511 4119
f 3511 3513 4119
f 4119 3513 4121
f 3513 3515 4121
f 4121 3515 4123
f 3515 3517 4123
f 4123 3517 4125
f 3517 3519 4125
f 3419 4338 3417
f 4338 4339 3417
f 3417 4339 3415
f 4339 4340 3415
f 3415 4340 3413
f 4340 4341 3413
f 3413 4341 3411
f 4341 4342 3411
f 3411 4342 3409
f 4342 4343 3409
f 3409 4343 3407
f 4343 4344 3407
f 3407 4344 3405
f 4344 4345 3405
f 3405 4345 3403
f 4345 4346 3403
f 3403 4346 3401
f 4346 4347 3401
f 3401 4347 3543
f 4347 4151 3543
f 3543 4151 3541
f 4151 4149 3541
f 3541 4149 3539
f 4149 4147 3539
f 3539 4147 3537
f 4147 4145 3537
f 3537 4145 3535
f 4145 4143 3535
f 3535 4143 3533
f 4143 4141 3533
f 3533 4141 3531
f 4141 4139 3531
f 3531 4139 3529
f 4139 4137 3529
f 3529 4137 3527
f 4137 4135 3527
f 3527 4135 3525
f 4135 4133 3525
f 3525 4133 3523
f 4133 4131 3523
f 3523 4131 3521
f 4131 4129 3521
f 3521 4129 3519
f 4129 4127 3519
f 3519 4127 4125
f 4316 4348 4283
f 4348 4349 4283
f 4283 4349 4327
f 4349 4350 4327
f 4327 4350 4328
f 4327 4351 4283
f 4351 4352 4283
f 4283 4352 3429
f 4352 4353 3429
f 3429 4353 4354
f 4354 4355 3429
f 4355 4356 3429
f 3429 4356 3427
f 4356 4357 3427
f 3427 4357 3425
f 4357 4358 3425
f 3425 4358 3423
f 4358 4359 3423
f 3423 4359 3421
f 4359 4360 3421
f 3421 4360 3419
f 4360 4361 3419
f 3419 4361 4338
f 4362 4363 4364
f 4365 4366 4367
f 4366 4368 4367
f 4369 4370 4371
f 4370 4372 4371
f 4371 4372 4373
f 4374 4375 4371
f 4376 4377 4371
f 4377 4378 4371
f 4371 4378 4369
f 4379 4380 4367
f 4381 4382 584
f 4383 4384 4385
f 4375 4386 4371
f 4386 4387 4371
f 4371 4387 4376
f 4388 4389 4367
f 4389 4390 4367
f 4367 4390 4391
f 4391 4392 4367
f 4392 4393 4367
f 4367 4393 4379
f 4394 4395 650
f 4395 4396 650
f 650 4396 4397
f 4397 4398 650
f 4398 4399 650
f 650 4399 4400
f 4401 4402 4403
f 4402 4404 4403
f 4403 4404 4405
f 4373 4406 4371
f 4406 4407 4371
f 4371 4407 4408
f 4407 4409 4408
f 4408 4409 4410
f 4409 4403 4410
f 4410 4403 4411
f 4403 4405 4411
f 4382 4412 584
f 4412 4413 584
f 584 4413 4414
f 4415 4416 4362
f 4416 4417 4362
f 4362 4417 4363
f 4371 4418 4419
f 4420 4421 4422
f 4421 4423 4422
f 4422 4423 4368
f 4423 4424 4368
f 4368 4424 4425
f 4385 4384 4362
f 4384 4426 4362
f 4362 4426 4415
f 4419 4427 4371
f 4427 4428 4371
f 4371 4428 4374
f 4425 4429 4368
f 4429 4430 4368
f 4368 4430 4431
f 4432 4433 4367
f 4364 4434 4362
f 4434 4435 4362
f 4362 4435 4436
f 4437 4438 4403
f 4433 4439 4367
f 4439 4440 4367
f 4367 4440 4388
f 4438 4441 4403
f 4441 4442 4403
f 4403 4442 4401
f 4443 4444 4385
f 4444 4445 4385
f 4385 4445 4383
f 4446 4447 4380
f 4447 4448 4380
f 4380 4448 4449
f 4450 4451 4418
f 4452 4453 4367
f 4453 4454 4367
f 4454 4455 4367
f 4455 4456 4367
f 4367 4456 4457
f 4457 4458 4367
f 4458 4459 4367
f 4367 4459 650
f 4459 4460 650
f 650 4460 4394
f 4431 4461 4368
f 4461 4462 4368
f 4368 4462 4463
f 4464 4465 4368
f 4466 4467 4371
f 4467 4468 4371
f 4371 4468 4418
f 4468 4469 4418
f 4418 4469 4450
f 4449 4470 4380
f 4470 4471 4380
f 4380 4471 4472
f 4473 4474 597
f 4463 4475 4368
f 4475 4476 4368
f 4368 4476 4477
f 4367 4478 4479
f 4466 4371 4380
f 4371 4480 4380
f 4380 4480 4446
f 4481 4482 4483
f 4483 4484 4481
f 4484 4362 4481
f 4481 4362 4485
f 4362 4436 4485
f 4486 4487 4488
f 4487 4489 4488
f 4489 4490 4488
f 4488 4490 4491
f 4490 4492 4491
f 4491 4492 4493
f 4492 4494 4493
f 4493 4494 4495
f 4494 4496 4495
f 4495 4496 4497
f 4496 4498 4497
f 4497 4498 4422
f 4498 4499 4422
f 4422 4499 4420
f 4400 4500 650
f 4500 4501 650
f 650 4501 4502
f 650 4503 4504
f 4505 4506 4403
f 4507 4508 4367
f 4505 4403 4509
f 4506 4510 4403
f 4510 4511 4403
f 4403 4511 4437
f 4473 597 4512
f 4477 4513 4368
f 4513 4514 4368
f 4368 4514 4464
f 4465 4515 4368
f 4515 4516 4368
f 4368 4516 4367
f 4516 4517 4367
f 4367 4517 4478
f 4479 4518 4367
f 4518 4519 4367
f 4367 4519 4432
f 4520 4367 4521
f 4367 4522 4521
f 4520 4523 4367
f 4523 4524 4367
f 4367 4524 4452
f 4502 4525 650
f 4525 4526 650
f 650 4526 4503
f 4504 4527 650
f 4527 4528 650
f 650 4528 4529
f 4414 4530 584
f 4530 4531 584
f 584 4531 597
f 4531 4532 597
f 597 4532 4512
f 4474 4533 597
f 4533 4534 597
f 597 4534 4535
f 4451 4536 4537
f 4529 4538 650
f 4538 4539 650
f 650 4539 4540
f 4537 4541 4451
f 4541 4542 4451
f 4451 4542 4543
f 4543 4544 4451
f 4544 4545 4451
f 4451 4545 4546
f 4546 4547 4451
f 4547 4548 4451
f 4451 4548 4418
f 4508 4549 4367
f 4549 4550 4367
f 4367 4550 4551
f 4540 4509 650
f 4509 4403 650
f 650 4403 584
f 4403 4552 584
f 584 4552 4381
f 4535 4553 597
f 4553 4554 597
f 597 4554 4555
f 4554 4556 4555
f 4555 4556 4557
f 4556 4558 4557
f 4557 4558 4559
f 4558 4560 4559
f 4559 4560 4561
f 4560 4562 4561
f 4561 4562 4563
f 4562 4564 4563
f 4563 4564 4565
f 4564 4566 4565
f 4565 4566 4567
f 4566 4568 4567
f 4567 4568 4385
f 4568 4569 4385
f 4385 4569 4443
f 4536 4451 4570
f 4451 4571 4570
f 4570 4571 4572
f 4571 4573 4572
f 4572 4573 4574
f 4574 4575 4572
f 4575 4576 4572
f 4572 4576 4577
f 4472 4578 4380
f 4578 4579 4380
f 4380 4579 4367
f 4579 4580 4367
f 4367 4580 4507
f 4551 4581 4367
f 4581 4582 4367
f 4367 4582 4583
f 4583 4584 4367
f 4584 4585 4367
f 4367 4585 4522
f 4586 4587 4488
f 4587 4588 4488
f 4588 4589 4488
f 4488 4589 4590
f 4590 4591 4488
f 4591 4592 4488
f 4488 4592 4486
f 4572 4593 4594
f 4482 4481 4595
f 4481 4572 4595
f 4595 4572 4488
f 4572 4594 4488
f 4488 4594 4586
f 4577 4596 4572
f 4596 4597 4572
f 4572 4597 4598
f 4598 4599 4572
f 4599 4600 4572
f 4572 4600 4593
f 4601 4602 4603
f 4602 4604 4603
f 4603 4604 4605
f 4606 4607 4608
f 4605 4604 4609
f 4604 4610 4609
f 4609 4610 4611
f 4610 4612 4611
f 4611 4612 4608
f 4612 4613 4608
f 4608 4613 4606
f 4614 4615 4616
f 4607 4606 4616
f 4606 4617 4616
f 4616 4617 4614
f 4618 4619 4620
f 4615 4614 4620
f 4614 4621 4620
f 4620 4621 4618
f 4622 4623 4624
f 4619 4618 4624
f 4618 4625 4624
f 4624 4625 4622
f 4626 4627 4628
f 4623 4622 4628
f 4622 4629 4628
f 4628 4629 4626
f 4630 4631 4632
f 4627 4626 4632
f 4626 4633 4632
f 4632 4633 4630
f 4634 4635 4636
f 4631 4630 4636
f 4630 4637 4636
f 4636 4637 4634
f 4638 4639 4640
f 4635 4634 4640
f 4634 4641 4640
f 4640 4641 4638
f 4639 4638 4642
f 4638 4643 4642
f 4642 4643 4644
f 4645 4646 4644
f 4646 4647 4644
f 4644 4647 4642
f 4648 4649 4650
f 4644 4651 4645
f 4651 4652 4645
f 4645 4652 4650
f 4652 4653 4650
f 4650 4653 4648
f 4654 4655 4656
f 4655 4657 4656
f 4649 4648 4654
f 4648 4658 4654
f 4654 4658 4655
f 4657 4655 4659
f 4655 4660 4659
f 4659 4660 4661
f 4662 4663 4661
f 4663 4664 4661
f 4661 4664 4659
f 4665 4666 4667
f 4666 4668 4667
f 4661 4669 4662
f 4669 4670 4662
f 4662 4670 4668
f 4670 4671 4668
f 4668 4671 4667
f 4665 4667 4318
f 4667 4672 4318
f 4318 4672 4319
f 4602 4601 4673
f 4601 4674 4673
f 4190 4189 4675
f 4189 4676 4675
f 4122 4124 4021
f 4164 3874 4162
f 3874 4160 4162
f 4138 4140 4280
f 4140 4142 4280
f 4280 4142 4144
f 4124 4126 4021
f 4126 4128 4021
f 4021 4128 4130
f 4164 4166 3874
f 4166 4168 3874
f 3874 4168 4170
f 4023 4118 4021
f 4118 4120 4021
f 4021 4120 4122
f 4130 4132 4021
f 4132 4134 4021
f 4021 4134 4280
f 4134 4136 4280
f 4280 4136 4138
f 3972 2022 2024
f 4178 4180 3814
f 4180 4182 3814
f 3814 4182 4184
f 4184 4186 3814
f 4186 4188 3814
f 3814 4188 3813
f 3932 3930 1896
f 4170 4172 3874
f 4172 4174 3874
f 3874 4174 3814
f 4174 4176 3814
f 3814 4176 4178
f 1974 4677 1972
f 4677 4678 1972
f 1972 4678 1970
f 4678 4679 1970
f 1970 4679 1968
f 4679 4680 1968
f 1968 4680 1966
f 4680 4681 1966
f 1966 4681 1964
f 4681 4682 1964
f 1964 4682 1962
f 4682 4683 1962
f 1962 4683 1960
f 4683 4684 1960
f 1960 4684 1958
f 4684 4685 1958
f 1958 4685 1956
f 4685 4686 1956
f 1956 4686 1954
f 4686 4687 1954
f 1954 4687 1952
f 4687 4688 1952
f 1952 4688 1950
f 4688 4689 1950
f 1950 4689 1948
f 4689 4690 1948
f 1948 4690 1946
f 4690 4691 1946
f 1946 4691 1944
f 3910 1890 1892
f 4692 4693 1974
f 3956 3958 3910
f 3894 3892 3946
f 3892 3890 3946
f 3890 3888 3946
f 3946 3888 3887
f 4691 4694 1944
f 4694 4695 1944
f 1944 4695 1942
f 4695 4696 1942
f 1942 4696 1940
f 4696 4697 1940
f 1940 4697 1938
f 4697 4698 1938
f 4693 4699 1974
f 4699 4700 1974
f 1974 4700 4677
f 1976 1978 4701
f 1978 1980 4701
f 4701 1980 4702
f 4703 4704 1982
f 2016 3994 3996
f 3996 3998 2016
f 3998 4000 2016
f 2016 4000 4002
f 4002 4004 2016
f 4004 4006 2016
f 2016 4006 2014
f 4006 4008 2014
f 2014 4008 2012
f 3978 3980 2018
f 3910 1892 3912
f 1892 1894 3912
f 3912 1894 3914
f 3830 3828 1908
f 3864 3862 4158
f 4701 4705 1976
f 4705 4706 1976
f 1976 4706 1974
f 4706 4707 1974
f 1974 4707 4692
f 4703 1982 4708
f 3908 3950 3952
f 3908 3952 3910
f 3952 3954 3910
f 3910 3954 3956
f 3938 1896 3940
f 1896 3942 3940
f 1914 1916 3852
f 4704 4709 1982
f 4709 4710 1982
f 1982 4710 1980
f 4710 4711 1980
f 1980 4711 4702
f 2002 4256 2000
f 4256 4258 2000
f 2000 4258 1998
f 2022 3972 2020
f 3972 3974 2020
f 2020 3974 2018
f 3974 3976 2018
f 2018 3976 3978
f 3980 3982 2018
f 3982 3984 2018
f 2018 3984 3986
f 3986 3988 2018
f 3988 3990 2018
f 2018 3990 2016
f 3990 3992 2016
f 2016 3992 3994
f 3908 3906 3950
f 3906 3904 3950
f 3950 3904 3946
f 3904 3902 3946
f 3946 3902 3900
f 3900 3898 3946
f 3898 3896 3946
f 3946 3896 3894
f 3958 3960 3910
f 3960 3962 3910
f 3910 3962 3964
f 3964 3966 3910
f 3966 3968 3910
f 3910 3968 3970
f 1896 3930 1894
f 3930 3928 1894
f 1894 3928 3926
f 3938 3936 1896
f 3936 3934 1896
f 1896 3934 3932
f 1902 3880 1900
f 3880 3882 1900
f 1900 3882 1898
f 3882 3884 1898
f 1898 3884 1896
f 3884 3944 1896
f 1896 3944 3942
f 1938 4712 1936
f 4712 4676 1936
f 1936 4676 1934
f 4676 4189 1934
f 1934 4189 1932
f 3862 3860 4158
f 3860 3858 4158
f 4158 3858 4156
f 4698 4713 1938
f 4713 4714 1938
f 1938 4714 4715
f 4266 4268 4148
f 4268 4270 4148
f 4270 4272 4148
f 4272 4274 4148
f 4148 4274 4276
f 4144 4146 4280
f 4146 4148 4280
f 4280 4148 4278
f 4148 4276 4278
f 2002 4242 4244
f 4244 4246 2002
f 4246 4248 2002
f 2002 4248 4250
f 2024 2026 3972
f 2026 1884 3972
f 3972 1884 3970
f 1884 1886 3970
f 3970 1886 3910
f 1886 1888 3910
f 3910 1888 1890
f 3926 3924 1894
f 3924 3922 1894
f 1894 3922 3920
f 3920 3918 1894
f 3918 3916 1894
f 1894 3916 3914
f 3828 3826 1908
f 3826 3824 1908
f 1908 3824 3822
f 3822 3820 1908
f 3820 3818 1908
f 1908 3818 1906
f 3818 3817 1906
f 1906 3817 1904
f 3817 3876 1904
f 1904 3876 1902
f 3876 3878 1902
f 1902 3878 3880
f 3846 3844 1910
f 4198 4200 1930
f 4200 4202 1930
f 4160 3874 4158
f 3874 3872 4158
f 4158 3872 3870
f 3870 3868 4158
f 3868 3866 4158
f 4158 3866 3864
f 4715 4716 1938
f 4716 4717 1938
f 1938 4717 4712
f 1986 1988 4150
f 1988 1990 4150
f 4258 4260 4150
f 4260 4262 4150
f 4150 4262 4148
f 4262 4264 4148
f 4148 4264 4266
f 4234 4236 2004
f 4236 4238 2004
f 2004 4238 2002
f 4238 4240 2002
f 2002 4240 4242
f 4250 4252 2002
f 4252 4254 2002
f 2002 4254 4256
f 4008 4009 2012
f 4009 4011 2012
f 2012 4011 2010
f 4011 4013 2010
f 2010 4013 2008
f 4013 4015 2008
f 2008 4015 2006
f 4015 4017 2006
f 2006 4017 2004
f 3844 3842 1910
f 3842 3840 1910
f 1910 3840 3838
f 1928 4156 1926
f 4156 1924 1926
f 4718 4719 1984
f 1984 4720 1982
f 4720 4721 1982
f 1982 4721 4708
f 4017 4224 2004
f 4224 4226 2004
f 2004 4226 4228
f 1914 3852 1912
f 3852 3850 1912
f 1912 3850 1910
f 3850 3848 1910
f 1910 3848 3846
f 3838 3836 1910
f 3836 3834 1910
f 1910 3834 1908
f 3834 3832 1908
f 1908 3832 3830
f 4189 4192 1932
f 4192 4194 1932
f 1932 4194 1930
f 4194 4196 1930
f 1930 4196 4198
f 4719 4722 1984
f 4722 4723 1984
f 1984 4723 4724
f 4724 4725 1984
f 4725 4726 1984
f 1984 4726 4720
f 1990 1992 4150
f 1992 1994 4150
f 4150 1994 4258
f 1994 1996 4258
f 4258 1996 1998
f 4228 4230 2004
f 4230 4232 2004
f 2004 4232 4234
f 3858 3856 4156
f 3856 3854 4156
f 4156 3854 3852
f 4202 4204 1930
f 4204 4206 1930
f 1930 4206 1928
f 4206 4208 1928
f 1986 4150 1984
f 4150 4152 1984
f 1984 4152 4718
f 1916 1918 3852
f 1918 1920 3852
f 3852 1920 4156
f 1920 1922 4156
f 4156 1922 1924
f 4208 4210 1928
f 4210 4212 1928
f 1928 4212 4214
f 4214 4216 1928
f 4216 4218 1928
f 1928 4218 4220
f 4220 4222 1928
f 4222 4153 1928
f 1928 4153 4156
f 4701 4355 4705
f 4355 4354 4705
f 4718 4347 4346
f 4718 4346 4719
f 4346 4345 4719
f 4719 4345 4722
f 4345 4344 4722
f 4722 4344 4723
f 4344 4343 4723
f 4723 4343 4724
f 4343 4342 4724
f 4724 4342 4725
f 4342 4341 4725
f 4725 4341 4726
f 4341 4340 4726
f 4726 4340 4720
f 4340 4339 4720
f 4720 4339 4721
f 4339 4338 4721
f 4721 4338 4708
f 4338 4361 4708
f 4708 4361 4703
f 4361 4360 4703
f 4703 4360 4704
f 4360 4359 4704
f 4704 4359 4709
f 4359 4358 4709
f 4709 4358 4710
f 4358 4357 4710
f 4710 4357 4711
f 4357 4356 4711
f 4711 4356 4702
f 4356 4355 4702
f 4702 4355 4701
f 4347 4718 4151
f 4718 4152 4151
f 4675 4676 4727
f 4676 4712 4727
f 4727 4712 4728
f 4712 4717 4728
f 4728 4717 4729
f 4717 4716 4729
f 4729 4716 4730
f 4716 4715 4730
f 4730 4715 4731
f 4715 4714 4731
f 4731 4714 4732
f 4714 4713 4732
f 4732 4713 4733
f 4713 4698 4733
f 4323 4677 4322
f 4677 4700 4322
f 4322 4700 4300
f 4700 4699 4300
f 4300 4699 4327
f 4699 4693 4327
f 4327 4693 4351
f 4693 4692 4351
f 4351 4692 4352
f 4692 4707 4352
f 4352 4707 4353
f 4707 4706 4353
f 4353 4706 4354
f 4706 4705 4354
f 4026 4024 4029
f 4026 4029 4311
f 4029 4030 4311
f 4311 4030 4312
f 4030 4031 4312
f 4312 4031 4313
f 4031 4032 4313
f 4313 4032 4335
f 4032 4033 4335
f 4335 4033 4336
f 4033 4034 4336
f 4336 4034 4337
f 4034 4035 4337
f 4337 4035 4308
f 4035 4036 4308
f 4308 4036 4309
f 4036 4037 4309
f 4309 4037 4310
f 4037 4038 4310
f 4310 4038 4324
f 4038 4039 4324
f 4324 4039 4325
f 4039 4040 4325
f 4325 4040 4326
f 4040 4041 4326
f 4326 4041 4301
f 4041 4042 4301
f 4301 4042 4302
f 4042 4043 4302
f 4302 4043 4303
f 4043 4044 4303
f 4303 4044 4304
f 4044 4045 4304
f 4304 4045 4288
f 4045 4027 4288
f 4288 4027 4080
f 3358 3359 3812
f 3811 3347 3348
f 4091 4092 3363
f 4082 3365 3366
f 4082 3366 4367
f 3366 3367 4367
f 4367 3367 3368
f 3355 3356 3812
f 3356 3357 3812
f 3812 3357 3358
f 4096 4097 3362
f 3359 3360 3812
f 3360 3361 3812
f 3812 3361 4099
f 3361 3362 4099
f 4099 3362 4098
f 3362 4097 4098
f 4092 4093 3363
f 4093 4094 3363
f 3363 4094 3362
f 4094 4095 3362
f 3362 4095 4096
f 3364 4086 4087
f 4082 4083 3365
f 4083 4084 3365
f 3365 4084 3364
f 4084 4085 3364
f 3364 4085 4086
f 4087 4088 3364
f 4088 4089 3364
f 3364 4089 3363
f 4089 4090 3363
f 3363 4090 4091
f 3368 3369 4367
f 3369 3370 4367
f 4367 3370 4365
f 4734 4735 3372
f 3383 3384 4190
f 3347 3811 3346
f 3811 4187 3346
f 3346 4187 3345
f 4187 4185 3345
f 3345 4185 3344
f 4185 4183 3344
f 3344 4183 3343
f 3348 3349 3811
f 3349 3350 3811
f 3811 3350 3351
f 3351 3352 3811
f 3352 3353 3811
f 3811 3353 3812
f 3353 3354 3812
f 3812 3354 3355
f 3372 4736 4737
f 3370 3371 4365
f 3371 3372 4365
f 4365 3372 4738
f 3372 4735 4738
f 3377 3378 4675
f 3373 4739 3372
f 4739 4740 3372
f 3372 4740 4736
f 4737 4741 3372
f 4741 4742 3372
f 3372 4742 4734
f 4743 4744 4729
f 3377 4675 3376
f 4183 4181 3343
f 4181 4179 3343
f 3343 4179 3342
f 4179 4177 3342
f 3342 4177 3341
f 4177 4175 3341
f 3341 4175 3340
f 4175 4173 3340
f 3340 4173 3339
f 4173 4171 3339
f 3339 4171 3338
f 4171 4169 3338
f 3338 4169 3337
f 4169 4167 3337
f 3337 4167 3336
f 4167 4165 3336
f 3336 4165 3335
f 4165 4163 3335
f 3335 4163 3334
f 4163 4161 3334
f 3334 4161 3333
f 4161 4159 3333
f 3333 4159 3332
f 4159 4157 3332
f 3332 4157 3331
f 4157 4155 3331
f 3331 4155 3330
f 4155 4154 3330
f 3330 4154 3329
f 4154 4221 3329
f 3329 4221 3400
f 4221 4219 3400
f 3400 4219 3399
f 4219 4217 3399
f 3399 4217 3398
f 4217 4215 3398
f 3398 4215 3397
f 4215 4213 3397
f 3397 4213 3396
f 4213 4211 3396
f 3396 4211 3395
f 4211 4209 3395
f 3395 4209 3394
f 4209 4207 3394
f 3394 4207 3393
f 4675 3381 4190
f 3381 3382 4190
f 4190 3382 3383
f 3378 3379 4675
f 3379 3380 4675
f 4675 3380 3381
f 4745 4746 3374
f 4746 4747 3374
f 3374 4747 4748
f 4733 4749 4732
f 4749 4731 4732
f 4729 4744 4728
f 4744 4750 4728
f 4728 4750 4727
f 4750 3374 4727
f 4727 3374 4675
f 3374 3375 4675
f 4675 3375 3376
f 4750 4751 3374
f 4751 4752 3374
f 3374 4752 4753
f 4743 4729 4749
f 4729 4730 4749
f 4749 4730 4731
f 4207 4205 3393
f 4205 4203 3393
f 3393 4203 3392
f 4203 4201 3392
f 3392 4201 3391
f 4201 4199 3391
f 3391 4199 3390
f 4199 4197 3390
f 3390 4197 3389
f 4197 4195 3389
f 3389 4195 3388
f 4195 4193 3388
f 3388 4193 3387
f 4193 4191 3387
f 3387 4191 3386
f 4191 4190 3386
f 3386 4190 3385
f 4190 3384 3385
f 4753 4754 3374
f 4754 4755 3374
f 3374 4755 4756
f 4756 4757 3374
f 4757 4758 3374
f 3374 4758 4745
f 4748 4759 3374
f 4759 4760 3374
f 3374 4760 3373
f 4760 4761 3373
f 3373 4761 4739
f 4222 4221 4153
f 4221 4154 4153
f 4366 4365 4738
f 4366 4738 4762
f 4738 4735 4762
f 4762 4735 4763
f 4735 4734 4763
f 4763 4734 4764
f 4734 4742 4764
f 4764 4742 4765
f 4742 4741 4765
f 4765 4741 4766
f 4741 4737 4766
f 4766 4737 4767
f 4737 4736 4767
f 4767 4736 4768
f 4736 4740 4768
f 4768 4740 4769
f 4740 4739 4769
f 4769 4739 4770
f 4739 4761 4770
f 4770 4761 4771
f 4761 4760 4771
f 4771 4760 4772
f 4760 4759 4772
f 4772 4759 4773
f 4759 4748 4773
f 4773 4748 4774
f 4748 4747 4774
f 4774 4747 4775
f 4747 4746 4775
f 4775 4746 4776
f 4746 4745 4776
f 4776 4745 4777
f 4745 4758 4777
f 4777 4758 4778
f 4758 4757 4778
f 4778 4757 4779
f 4757 4756 4779
f 4779 4756 4780
f 4756 4755 4780
f 4780 4755 4781
f 4755 4754 4781
f 4781 4754 4782
f 4754 4753 4782
f 4782 4753 4783
f 4753 4752 4783
f 4783 4752 4784
f 4752 4751 4784
f 4784 4751 4785
f 4751 4750 4785
f 4785 4750 4786
f 4750 4744 4786
f 4786 4744 4787
f 4744 4743 4787
f 4787 4743 4788
f 4743 4749 4788
f 4788 4749 4789
f 4733 4698 4697
f 4790 4789 4749
f 4625 4618 4791
f 4618 4621 4791
f 4621 4614 4791
f 4614 4617 4791
f 4791 4617 4606
f 4791 4634 4637
f 4637 4630 4791
f 4630 4633 4791
f 4791 4633 4626
f 4626 4629 4791
f 4629 4622 4791
f 4791 4622 4625
f 4606 4613 4791
f 4613 4612 4791
f 4791 4612 4610
f 4610 4604 4791
f 4604 4602 4791
f 4791 4602 4673
f 4749 4733 4790
f 4733 4697 4790
f 4790 4697 4792
f 4697 4696 4792
f 4792 4696 4793
f 4696 4695 4793
f 4793 4695 4794
f 4695 4694 4794
f 4794 4694 4795
f 4694 4691 4795
f 4795 4691 4796
f 4691 4690 4796
f 4796 4690 4797
f 4690 4689 4797
f 4797 4689 4798
f 4689 4688 4798
f 4798 4688 4799
f 4688 4687 4799
f 4799 4687 4673
f 4687 4686 4673
f 4319 4672 4685
f 4672 4667 4685
f 4685 4667 4671
f 4671 4670 4685
f 4670 4669 4685
f 4685 4669 4661
f 4661 4660 4685
f 4660 4655 4685
f 4685 4655 4658
f 4658 4648 4685
f 4648 4653 4685
f 4685 4653 4652
f 4652 4651 4685
f 4651 4644 4685
f 4685 4644 4686
f 4644 4643 4686
f 4686 4643 4673
f 4643 4638 4673
f 4673 4638 4791
f 4638 4641 4791
f 4791 4641 4634
f 4677 4323 4678
f 4323 4307 4678
f 4678 4307 4679
f 4307 4306 4679
f 4679 4306 4680
f 4306 4305 4680
f 4680 4305 4681
f 4305 4293 4681
f 4681 4293 4682
f 4293 4292 4682
f 4682 4292 4683
f 4292 4334 4683
f 4683 4334 4684
f 4334 4333 4684
f 4684 4333 4685
f 4333 4332 4685
f 4685 4332 4319
f 3246 4016 3244
f 4016 4014 3244
f 3244 4014 3242
f 4014 3240 3242
f 4229 3256 4231
f 3256 3258 4231
f 4231 3258 4233
f 4253 3264 4255
f 3264 3266 4255
f 4255 3266 4257
f 3266 4259 4257
f 4259 3266 4261
f 3266 3268 4261
f 4261 3268 4263
f 3246 3248 4016
f 3248 3250 4016
f 4016 3250 4018
f 3250 3252 4018
f 4018 3252 4223
f 3252 3254 4223
f 4223 3254 4225
f 3254 3256 4225
f 4225 3256 4227
f 3256 4229 4227
f 4271 4269 3270
f 4269 4267 3270
f 3270 4267 3268
f 4267 4265 3268
f 3268 4265 4263
f 3308 4111 3306
f 4111 4112 3306
f 3306 4112 3304
f 4107 3310 3312
f 3326 3184 3948
f 3192 3194 3947
f 3194 3196 3947
f 3947 3196 3198
f 3276 3278 4019
f 3278 3280 4019
f 4019 3280 3282
f 4107 4108 3310
f 4108 4109 3310
f 3310 4109 3308
f 4109 4110 3308
f 3308 4110 4111
f 3318 4101 4102
f 3326 3948 3324
f 3959 3206 3961
f 3206 3208 3961
f 3961 3208 3963
f 4241 3260 4243
f 3260 3262 4243
f 4243 3262 4245
f 4253 4251 3264
f 4251 4249 3264
f 3264 4249 3262
f 4249 4247 3262
f 3262 4247 4245
f 4279 3272 4019
f 3272 3274 4019
f 4019 3274 3276
f 4279 4277 3272
f 4277 4275 3272
f 3272 4275 3270
f 4275 4273 3270
f 3270 4273 4271
f 3314 4105 3312
f 4105 4106 3312
f 3312 4106 4107
f 3318 4102 3316
f 4102 4103 3316
f 3316 4103 3314
f 4103 4104 3314
f 3314 4104 4105
f 3953 3204 3955
f 3204 3206 3955
f 3955 3206 3957
f 3206 3959 3957
f 4241 4239 3260
f 4239 4237 3260
f 3260 4237 3258
f 4237 4235 3258
f 3258 4235 4233
f 3198 3200 3947
f 3200 3202 3947
f 3947 3202 3949
f 3202 3204 3949
f 3949 3204 3951
f 3204 3953 3951
f 3985 3214 3216
f 3232 3234 4012
f 3234 3236 4012
f 4012 3236 4014
f 3236 3238 4014
f 4014 3238 3240
f 3282 3284 4019
f 3284 3286 4019
f 4019 3286 4020
f 3286 3288 4020
f 4020 3288 3290
f 3290 3292 4020
f 3292 3294 4020
f 4020 3294 3296
f 4101 3318 4100
f 3318 3320 4100
f 4100 3320 3948
f 3320 3322 3948
f 3948 3322 3324
f 3184 3186 3948
f 3186 3188 3948
f 3948 3188 3947
f 3188 3190 3947
f 3947 3190 3192
f 3985 3983 3214
f 3983 3981 3214
f 3214 3981 3212
f 3981 3979 3212
f 3212 3979 3977
f 3991 3989 3216
f 3989 3987 3216
f 3216 3987 3985
f 3991 3216 3993
f 3216 3218 3993
f 3993 3218 3995
f 3971 3210 3973
f 3210 3212 3973
f 3973 3212 3975
f 3212 3977 3975
f 3232 4012 3230
f 4012 4010 3230
f 3230 4010 3228
f 3971 3969 3210
f 3969 3967 3210
f 3210 3967 3208
f 3967 3965 3208
f 3208 3965 3963
f 4003 3220 4005
f 3220 3222 4005
f 4005 3222 4007
f 3222 3224 4007
f 4007 3224 4010
f 3224 3226 4010
f 4010 3226 3228
f 3296 3298 4020
f 3298 3300 4020
f 4020 3300 4116
f 3300 3302 4116
f 4112 4113 3304
f 4113 4114 3304
f 3304 4114 3302
f 4114 4115 3302
f 3302 4115 4116
f 4003 4001 3220
f 4001 3999 3220
f 3220 3999 3218
f 3999 3997 3218
f 3218 3997 3995
f 3570 3571 3815
f 3829 3831 3581
f 3831 3833 3581
f 3581 3833 3580
f 3585 3877 3584
f 3877 3816 3584
f 3584 3816 3583
f 3816 3819 3583
f 3583 3819 3582
f 3819 3821 3582
f 3585 3586 3877
f 3586 3587 3877
f 3877 3587 3879
f 3587 3588 3879
f 3879 3588 3589
f 3617 3546 3810
f 3546 3547 3810
f 3810 3547 3548
f 3821 3823 3582
f 3823 3825 3582
f 3582 3825 3581
f 3825 3827 3581
f 3581 3827 3829
f 3613 3614 3886
f 3614 3615 3886
f 3886 3615 3810
f 3615 3616 3810
f 3810 3616 3617
f 3785 3787 3557
f 3787 3556 3557
f 3567 3568 3815
f 3568 3569 3815
f 3815 3569 3570
f 3897 3899 3607
f 3551 3552 3805
f 3554 3799 3553
f 3799 3801 3553
f 3553 3801 3552
f 3801 3803 3552
f 3552 3803 3805
f 3787 3789 3556
f 3789 3791 3556
f 3556 3791 3555
f 3785 3557 3783
f 3557 3558 3783
f 3783 3558 3781
f 3558 3559 3781
f 3781 3559 3779
f 3567 3815 3566
f 3815 3775 3566
f 3566 3775 3565
f 3871 3574 3869
f 3574 3575 3869
f 3869 3575 3867
f 3575 3865 3867
f 3865 3575 3863
f 3575 3576 3863
f 3863 3576 3861
f 3853 3855 3577
f 3855 3857 3577
f 3577 3857 3576
f 3857 3859 3576
f 3576 3859 3861
f 3833 3835 3580
f 3835 3837 3580
f 3580 3837 3579
f 3837 3839 3579
f 3579 3839 3841
f 3933 3601 3931
f 3601 3602 3931
f 3931 3602 3929
f 3602 3927 3929
f 3791 3793 3555
f 3793 3795 3555
f 3555 3795 3554
f 3795 3797 3554
f 3554 3797 3799
f 3779 3559 3777
f 3559 3560 3777
f 3777 3560 3775
f 3560 3561 3775
f 3775 3561 3562
f 3562 3563 3775
f 3563 3564 3775
f 3775 3564 3565
f 3571 3572 3815
f 3572 3573 3815
f 3815 3573 3875
f 3573 3574 3875
f 3875 3574 3873
f 3574 3871 3873
f 3853 3577 3851
f 3577 3578 3851
f 3851 3578 3849
f 3841 3843 3579
f 3843 3845 3579
f 3579 3845 3578
f 3845 3847 3578
f 3578 3847 3849
f 3592 3881 3591
f 3881 3879 3591
f 3591 3879 3590
f 3879 3589 3590
f 3595 3883 3594
f 3883 3881 3594
f 3594 3881 3593
f 3881 3592 3593
f 3595 3596 3883
f 3596 3597 3883
f 3883 3597 3885
f 3597 3598 3885
f 3885 3598 3945
f 3598 3599 3945
f 3945 3599 3943
f 3599 3600 3943
f 3943 3600 3941
f 3933 3935 3601
f 3935 3937 3601
f 3601 3937 3600
f 3937 3939 3600
f 3600 3939 3941
f 3915 3604 3913
f 3604 3605 3913
f 3913 3605 3911
f 3903 3905 3606
f 3905 3907 3606
f 3606 3907 3605
f 3907 3909 3605
f 3605 3909 3911
f 3610 3611 3886
f 3611 3612 3886
f 3886 3612 3613
f 3548 3549 3810
f 3549 3550 3810
f 3810 3550 3809
f 3550 3551 3809
f 3809 3551 3807
f 3551 3805 3807
f 3607 3899 3606
f 3899 3901 3606
f 3606 3901 3903
f 3927 3602 3925
f 3602 3603 3925
f 3925 3603 3923
f 3915 3917 3604
f 3917 3919 3604
f 3604 3919 3603
f 3919 3921 3603
f 3603 3921 3923
f 3889 3608 3886
f 3608 3609 3886
f 3886 3609 3610
f 3889 3891 3608
f 3891 3893 3608
f 3608 3893 3607
f 3893 3895 3607
f 3607 3895 3897
f 4028 4082 650
f 4082 4367 650
f 4800 4801 3658
f 4801 4802 3658
f 3658 4802 4803
f 3659 4804 4805
f 4805 4806 3659
f 4806 4807 3659
f 3659 4807 3658
f 4807 4808 3658
f 3658 4808 4800
f 4809 4803 4810
f 4803 4811 4810
f 3619 4812 4813
f 4814 4281 4815
f 4816 4817 4818
f 4816 4818 4819
f 4820 4821 4822
f 4823 4824 4803
f 4824 4825 4803
f 4803 4825 4811
f 4809 4826 4803
f 4826 4827 4803
f 4803 4827 4828
f 4828 4829 4803
f 4829 4830 4803
f 4803 4830 4831
f 3641 4832 4833
f 4833 4834 3641
f 4834 4835 3641
f 3641 4835 4836
f 4836 4837 3641
f 4837 4838 3641
f 3641 4838 4839
f 4839 4840 3641
f 4840 4841 3641
f 3641 4841 4842
f 4843 4844 4281
f 4815 4845 4814
f 4845 4846 4814
f 4814 4846 4818
f 4846 4847 4818
f 4818 4847 4819
f 4817 4848 4818
f 4848 4849 4818
f 4818 4849 4850
f 4851 4852 4853
f 4823 4803 4854
f 4803 4855 4854
f 4854 4855 4856
f 4855 4857 4856
f 4856 4857 4858
f 4852 4851 4859
f 4851 4860 4859
f 4859 4860 4861
f 4813 4862 3619
f 4862 4863 3619
f 3619 4863 3621
f 4863 4864 3621
f 3621 4864 4865
f 4844 4866 4281
f 4866 4867 4281
f 4281 4867 4868
f 4868 4869 4281
f 4869 4870 4281
f 4281 4870 4815
f 4821 4820 4860
f 4820 4871 4860
f 4860 4871 4872
f 4873 4874 3642
f 4874 4875 3642
f 3642 4875 3641
f 4875 4876 3641
f 3641 4876 4832
f 4842 4877 3641
f 4877 4878 3641
f 3641 4878 3639
f 4812 3619 4879
f 3619 3623 4879
f 4879 3623 4880
f 3623 3625 4880
f 4880 3625 4881
f 3625 3627 4881
f 4881 3627 4882
f 3627 3629 4882
f 4882 3629 4883
f 3629 3631 4883
f 4883 3631 4884
f 4865 4885 3621
f 4885 4886 3621
f 3621 4886 4887
f 4850 4888 4818
f 4888 4889 4818
f 4818 4889 4890
f 4853 4891 4851
f 4891 4892 4851
f 4851 4892 4893
f 4892 4858 4893
f 4893 4858 4894
f 4858 4857 4894
f 4872 4895 4860
f 4895 4896 4860
f 4860 4896 4897
f 4878 3631 3633
f 4898 4899 3631
f 4899 4900 3631
f 3631 4900 4884
f 4890 4901 4818
f 4901 4902 4818
f 4818 4902 4903
f 4897 4904 4860
f 4904 4905 4860
f 4860 4905 4906
f 4906 4907 4860
f 4907 4908 4860
f 4860 4908 4861
f 3633 3635 4878
f 3635 3637 4878
f 4878 3637 3639
f 4909 4910 4911
f 4910 4912 4911
f 4911 4912 4820
f 4903 4913 4818
f 4913 4914 4818
f 4818 4914 4915
f 4915 4916 4818
f 4916 4911 4818
f 4818 4911 4917
f 4911 4820 4917
f 4917 4820 4918
f 4820 4822 4918
f 4887 4919 3621
f 4919 4920 3621
f 3621 4920 4921
f 4831 4922 4803
f 4922 4923 4803
f 4803 4923 4924
f 4925 4926 4878
f 4926 4927 4878
f 4878 4927 4928
f 4928 4929 4878
f 4929 4930 4878
f 4878 4930 3631
f 4930 4931 3631
f 3631 4931 4898
f 4921 4932 3621
f 4932 4933 3621
f 3621 4933 4934
f 4935 4936 4281
f 4937 4938 3658
f 4938 4939 3658
f 4925 4878 4911
f 4878 4940 4911
f 4911 4940 4909
f 4941 4942 3621
f 4942 4943 3621
f 3621 4943 4944
f 4936 4945 4281
f 4945 4946 4281
f 4281 4946 4843
f 4924 4947 4803
f 4947 4948 4803
f 4803 4948 3658
f 4948 4949 3658
f 3658 4949 4937
f 4934 4950 3621
f 4950 4951 3621
f 3621 4951 4941
f 4944 4952 3621
f 4952 4953 3621
f 3621 4953 4281
f 4953 4954 4281
f 4281 4954 4935
f 4939 4955 3658
f 4955 4956 3658
f 3658 4956 3657
f 4956 4957 3657
f 3657 4957 3655
f 4957 4958 3655
f 3655 4958 3653
f 4958 4959 3653
f 3653 4959 3651
f 4959 4960 3651
f 3651 4960 3649
f 4960 4961 3649
f 3649 4961 3647
f 4961 4962 3647
f 3647 4962 3645
f 4962 4963 3645
f 3645 4963 3642
f 4963 4964 3642
f 3642 4964 4873
f 4804 3659 4965
f 3659 3681 4965
f 4965 3681 4966
f 3681 3682 4966
f 4966 3682 4967
f 3682 3683 4967
f 4967 3683 4968
f 3683 3684 4968
f 4968 3684 4969
f 3684 3685 4969
f 4969 3685 4970
f 3685 3686 4970
f 4970 3686 4971
f 3686 3687 4971
f 4971 3687 4972
f 3687 3688 4972
f 4972 3688 4973
f 3688 3689 4973
f 4973 3689 4974
f 3689 3690 4974
f 4974 3690 4975
f 3690 3691 4975
f 4975 3691 4976
f 3691 3692 4976
f 4976 3692 4977
f 3692 3693 4977
f 4977 3693 4978
f 3693 3694 4978
f 4978 3694 4979
f 3694 3695 4979
f 4979 3695 4980
f 3695 3696 4980
f 4980 3696 4981
f 3696 3671 4981
f 4981 3671 4982
f 3671 3672 4982
f 4982 3672 4983
f 3672 3674 4983
f 4983 3674 4984
f 3674 3676 4984
f 4984 3676 4985
f 3676 3678 4985
f 4985 3678 4986
f 3678 3668 4986
f 4986 3668 4987
f 3668 3665 4987
f 4987 3665 4988
f 3665 3660 4988
f 4988 3660 4989
f 3660 3662 4989
f 4989 3662 4990
f 3662 3664 4990
f 4991 4992 4993
f 4992 4994 4993
f 4993 4994 4995
f 4994 4996 4995
f 4995 4996 4997
f 4996 4998 4997
f 4997 4998 4999
f 4998 5000 4999
f 4999 5000 5001
f 5000 5002 5001
f 5001 5002 5003
f 5002 5004 5003
f 5003 5004 5005
f 5004 5006 5005
f 5005 5006 5007
f 5006 5008 5007
f 5007 5008 5009
f 5008 5010 5009
f 5009 5010 5011
f 5010 5012 5011
f 5011 5012 5013
f 5012 5014 5013
f 5013 5014 5015
f 5014 5016 5015
f 5015 5016 5017
f 5016 5018 5017
f 5017 5018 5019
f 5018 5020 5019
f 5019 5020 5021
f 5020 5022 5021
f 5021 5022 5023
f 5022 5024 5023
f 5023 5024 5025
f 5024 5026 5025
f 5025 5026 5027
f 5026 5028 5027
f 5027 5028 5029
f 5028 5030 5029
f 5029 5030 5031
f 5030 5032 5031
f 5031 5032 5033
f 5032 5034 5033
f 5033 5034 5035
f 5034 5036 5035
f 5035 5036 5037
f 5036 5038 5037
f 5037 5038 5039
f 5038 5040 5039
f 5039 5040 5041
f 5040 5042 5041
f 5041 5042 5043
f 5042 5044 5043
f 5043 5044 5045
f 5044 5046 5045
f 5045 5046 5047
f 5046 5048 5047
f 5047 5048 5049
f 5048 5050 5049
f 5049 5050 5051
f 5050 5052 5051
f 5051 5052 5053
f 5052 5054 5053
f 5053 5054 5055
f 5054 5056 5055
f 5055 5056 5057
f 5056 5058 5057
f 5057 5058 5059
f 5058 5060 5059
f 5059 5060 5061
f 5060 5062 5061
f 5061 5062 5063
f 5062 5064 5063
f 5063 5064 5065
f 5064 5066 5065
f 5065 5066 5067
f 5066 5068 5067
f 5067 5068 5069
f 5068 5070 5069
f 5069 5070 5071
f 5070 5072 5071
f 5071 5072 5073
f 5072 5074 5073
f 5073 5074 5075
f 5074 5076 5075
f 5075 5076 5077
f 5076 5078 5077
f 5077 5078 5079
f 5078 5080 5079
f 5079 5080 5081
f 5080 5082 5081
f 5081 5082 5083
f 5082 5084 5083
f 5083 5084 5085
f 5084 5086 5085
f 5085 5086 5087
f 5086 5088 5087
f 5087 5088 5089
f 5088 5090 5089
f 5089 5090 5091
f 5090 5092 5091
f 5091 5092 5093
f 5092 5094 5093
f 5093 5094 5095
f 5094 5096 5095
f 5095 5096 5097
f 5096 5098 5097
f 5097 5098 5099
f 5098 5100 5099
f 5099 5100 5101
f 5100 5102 5101
f 5101 5102 5103
f 5102 5104 5103
f 5103 5104 5105
f 5104 5106 5105
f 5105 5106 5107
f 5106 5108 5107
f 5107 5108 5109
f 5108 5110 5109
f 5109 5110 5111
f 5110 5112 5111
f 5111 5112 5113
f 5112 5114 5113
f 5113 5114 5115
f 5114 5116 5115
f 5115 5116 5117
f 5116 5118 5117
f 5117 5118 5119
f 5118 5120 5119
f 5119 5120 5121
f 5120 5122 5121
f 5121 5122 5123
f 5122 5124 5123
f 5123 5124 5125
f 5124 5126 5125
f 5125 5126 5127
f 5126 5128 5127
f 5127 5128 5129
f 5128 5130 5129
f 5129 5130 5131
f 5130 5132 5131
f 5131 5132 5133
f 5132 5134 5133
f 5133 5134 4991
f 5134 4992 4991
f 5131 5133 5135
f 5133 4991 5135
f 5135 4991 4993
f 5125 5127 5135
f 5127 5129 5135
f 5135 5129 5131
f 5119 5121 5135
f 5121 5123 5135
f 5135 5123 5125
f 5113 5115 5135
f 5115 5117 5135
f 5135 5117 5119
f 5107 5109 5135
f 5109 5111 5135
f 5135 5111 5113
f 5101 5103 5135
f 5103 5105 5135
f 5135 5105 5107
f 5095 5097 5135
f 5097 5099 5135
f 5135 5099 5101
f 5089 5091 5135
f 5091 5093 5135
f 5135 5093 5095
f 5083 5085 5135
f 5085 5087 5135
f 5135 5087 5089
f 5077 5079 5135
f 5079 5081 5135
f 5135 5081 5083
f 5071 5073 5135
f 5073 5075 5135
f 5135 5075 5077
f 5065 5067 5135
f 5067 5069 5135
f 5135 5069 5071
f 5059 5061 5135
f 5061 5063 5135
f 5135 5063 5065
f 5053 5055 5135
f 5055 5057 5135
f 5135 5057 5059
f 5047 5049 5135
f 5049 5051 5135
f 5135 5051 5053
f 5041 5043 5135
f 5043 5045 5135
f 5135 5045 5047
f 5035 5037 5135
f 5037 5039 5135
f 5135 5039 5041
f 5029 5031 5135
f 5031 5033 5135
f 5135 5033 5035
f 5023 5025 5135
f 5025 5027 5135
f 5135 5027 5029
f 5017 5019 5135
f 5019 5021 5135
f 5135 5021 5023
f 5011 5013 5135
f 5013 5015 5135
f 5135 5015 5017
f 5005 5007 5135
f 5007 5009 5135
f 5135 5009 5011
f 4999 5001 5135
f 5001 5003 5135
f 5135 5003 5005
f 4993 4995 5135
f 4995 4997 5135
f 5135 4997 4999
f 4408 5136 4371
f 5136 5137 4371
f 4371 5137 4480
f 5137 5138 4480
f 4480 5138 4446
f 5138 5139 4446
f 4446 5139 4447
f 5139 5140 4447
f 4447 5140 4448
f 5140 5141 4448
f 4448 5141 4449
f 5141 5142 4449
f 4449 5142 4470
f 5142 5143 4470
f 4470 5143 4471
f 5143 5144 4471
f 4471 5144 4472
f 5144 5145 4472
f 4472 5145 4578
f 5145 5146 4578
f 4578 5146 4579
f 5146 5147 4579
f 4579 5147 4580
f 5147 5148 4580
f 4580 5148 4507
f 5148 5149 4507
f 4507 5149 4508
f 5149 5150 4508
f 4508 5150 4549
f 5150 5151 4549
f 4549 5151 4550
f 5151 5152 4550
f 4550 5152 4551
f 5152 5153 4551
f 4551 5153 4581
f 5153 5154 4581
f 4581 5154 4582
f 5154 5155 4582
f 4582 5155 4583
f 5155 5156 4583
f 4583 5156 4584
f 5156 5157 4584
f 4584 5157 4585
f 5157 5158 4585
f 4585 5158 4522
f 5158 5159 4522
f 4522 5159 4521
f 5159 5160 4521
f 4521 5160 4520
f 5160 5161 4520
f 4520 5161 4523
f 5161 5162 4523
f 4523 5162 4524
f 5162 5163 4524
f 4524 5163 4452
f 5163 5164 4452
f 4452 5164 4453
f 5164 5165 4453
f 4453 5165 4454
f 5165 5166 4454
f 4454 5166 4455
f 5166 5167 4455
f 4455 5167 4456
f 5167 5168 4456
f 4456 5168 4457
f 5168 5169 4457
f 4457 5169 4458
f 5169 5170 4458
f 4458 5170 4459
f 5170 5171 4459
f 4459 5171 4460
f 5171 5172 4460
f 4460 5172 4394
f 5172 5173 4394
f 4394 5173 4395
f 5173 5174 4395
f 4395 5174 4396
f 5174 5175 4396
f 4396 5175 4397
f 5175 5176 4397
f 4397 5176 4398
f 5176 5177 4398
f 4398 5177 4399
f 5177 5178 4399
f 4399 5178 4400
f 5178 5179 4400
f 4400 5179 4500
f 5179 5180 4500
f 4500 5180 4501
f 5180 5181 4501
f 4501 5181 4502
f 5181 5182 4502
f 4502 5182 4525
f 5182 5183 4525
f 4525 5183 4526
f 5183 5184 4526
f 4526 5184 4503
f 5184 5185 4503
f 4503 5185 4504
f 5185 5186 4504
f 4504 5186 4527
f 5186 5187 4527
f 4527 5187 4528
f 5187 5188 4528
f 4528 5188 4529
f 5188 5189 4529
f 4529 5189 4538
f 5189 5190 4538
f 4538 5190 4539
f 5190 5191 4539
f 4539 5191 4540
f 5191 5192 4540
f 4540 5192 4509
f 5192 5193 4509
f 4509 5193 4505
f 5193 5194 4505
f 4505 5194 4506
f 5194 5195 4506
f 4506 5195 4510
f 5195 5196 4510
f 4510 5196 4511
f 5196 5197 4511
f 4511 5197 4437
f 5197 5198 4437
f 4437 5198 4438
f 5198 5199 4438
f 4438 5199 4441
f 5199 5200 4441
f 4441 5200 4442
f 5200 5201 4442
f 4442 5201 4401
f 5201 5202 4401
f 4401 5202 4402
f 5202 5203 4402
f 4402 5203 4404
f 5203 5204 4404
f 4404 5204 4405
f 5204 5205 4405
f 4405 5205 4411
f 5205 5206 4411
f 4411 5206 4410
f 5206 5207 4410
f 4410 5207 4408
f 5207 5136 4408
f 5138 5137 5208
f 5137 5136 5208
f 5208 5136 5207
f 5141 5140 5208
f 5140 5139 5208
f 5208 5139 5138
f 5144 5143 5208
f 5143 5142 5208
f 5208 5142 5141
f 5147 5146 5208
f 5146 5145 5208
f 5208 5145 5144
f 5150 5149 5208
f 5149 5148 5208
f 5208 5148 5147
f 5153 5152 5208
f 5152 5151 5208
f 5208 5151 5150
f 5156 5155 5208
f 5155 5154 5208
f 5208 5154 5153
f 5159 5158 5208
f 5158 5157 5208
f 5208 5157 5156
f 5162 5161 5208
f 5161 5160 5208
f 5208 5160 5159
f 5165 5164 5208
f 5164 5163 5208
f 5208 5163 5162
f 5168 5167 5208
f 5167 5166 5208
f 5208 5166 5165
f 5171 5170 5208
f 5170 5169 5208
f 5208 5169 5168
f 5174 5173 5208
f 5173 5172 5208
f 5208 5172 5171
f 5177 5176 5208
f 5176 5175 5208
f 5208 5175 5174
f 5180 5179 5208
f 5179 5178 5208
f 5208 5178 5177
f 5183 5182 5208
f 5182 5181 5208
f 5208 5181 5180
f 5186 5185 5208
f 5185 5184 5208
f 5208 5184 5183
f 5189 5188 5208
f 5188 5187 5208
f 5208 5187 5186
f 5192 5191 5208
f 5191 5190 5208
f 5208 5190 5189
f 5195 5194 5208
f 5194 5193 5208
f 5208 5193 5192
f 5198 5197 5208
f 5197 5196 5208
f 5208 5196 5195
f 5201 5200 5208
f 5200 5199 5208
f 5208 5199 5198
f 5204 5203 5208
f 5203 5202 5208
f 5208 5202 5201
f 5207 5206 5208
f 5206 5205 5208
f 5208 5205 5204
f 4812 5209 4813
f 5209 5210 4813
f 4813 5210 4862
f 5210 5211 4862
f 4862 5211 4863
f 5211 5212 4863
f 4863 5212 4864
f 5212 5213 4864
f 4864 5213 4865
f 5213 5214 4865
f 4865 5214 4885
f 5214 5215 4885
f 4885 5215 4886
f 5215 5216 4886
f 4886 5216 4887
f 5216 5217 4887
f 4887 5217 4919
f 5217 5218 4919
f 4919 5218 4920
f 5218 5219 4920
f 4920 5219 4921
f 5219 5220 4921
f 4921 5220 4932
f 5220 5221 4932
f 4932 5221 4933
f 5221 5222 4933
f 4933 5222 4934
f 5222 5223 4934
f 4934 5223 4950
f 5223 5224 4950
f 4950 5224 4951
f 5224 5225 4951
f 4951 5225 4941
f 5225 5226 4941
f 4941 5226 4942
f 5226 5227 4942
f 4942 5227 4943
f 5227 5228 4943
f 4943 5228 4944
f 5228 5229 4944
f 4944 5229 4952
f 5229 5230 4952
f 4952 5230 4953
f 5230 5231 4953
f 4953 5231 4954
f 5231 5232 4954
f 4954 5232 4935
f 5232 5233 4935
f 4935 5233 4936
f 5233 5234 4936
f 4936 5234 4945
f 5234 5235 4945
f 4945 5235 4946
f 5235 5236 4946
f 4946 5236 4843
f 5236 5237 4843
f 4843 5237 4844
f 5237 5238 4844
f 4844 5238 4866
f 5238 5239 4866
f 4866 5239 4867
f 5239 5240 4867
f 4867 5240 4868
f 5240 5241 4868
f 4868 5241 4869
f 5241 5242 4869
f 4869 5242 4870
f 5242 5243 4870
f 4870 5243 4815
f 5243 5244 4815
f 4815 5244 4845
f 5244 5245 4845
f 4845 5245 4846
f 5245 5246 4846
f 4846 5246 4847
f 5246 5247 4847
f 4847 5247 4819
f 5247 5248 4819
f 4819 5248 4816
f 5248 5249 4816
f 4816 5249 4817
f 5249 5250 4817
f 4817 5250 4848
f 5250 5251 4848
f 4848 5251 4849
f 5251 5252 4849
f 4849 5252 4850
f 5252 5253 4850
f 4850 5253 4888
f 5253 5254 4888
f 4888 5254 4889
f 5254 5255 4889
f 4889 5255 4890
f 5255 5256 4890
f 4890 5256 4901
f 5256 5257 4901
f 4901 5257 4902
f 5257 5258 4902
f 4902 5258 4903
f 5258 5259 4903
f 4903 5259 4913
f 5259 5260 4913
f 4913 5260 4914
f 5260 5261 4914
f 4914 5261 4915
f 5261 5262 4915
f 4915 5262 4916
f 5262 5263 4916
f 4916 5263 4911
f 5263 5264 4911
f 4911 5264 4925
f 5264 5265 4925
f 4925 5265 4926
f 5265 5266 4926
f 4926 5266 4927
f 5266 5267 4927
f 4927 5267 4928
f 5267 5268 4928
f 4928 5268 4929
f 5268 5269 4929
f 4929 5269 4930
f 5269 5270 4930
f 4930 5270 4931
f 5270 5271 4931
f 4931 5271 4898
f 5271 5272 4898
f 4898 5272 4899
f 5272 5273 4899
f 4899 5273 4900
f 5273 5274 4900
f 4900 5274 4884
f 5274 5275 4884
f 4884 5275 4883
f 5275 5276 4883
f 4883 5276 4882
f 5276 5277 4882
f 4882 5277 4881
f 5277 5278 4881
f 4881 5278 4880
f 5278 5279 4880
f 4880 5279 4879
f 5279 5280 4879
f 4879 5280 4812
f 5280 5209 4812
f 4499 5281 4420
f 5281 5282 4420
f 4420 5282 4421
f 5282 5283 4421
f 4421 5283 4423
f 5283 5284 4423
f 4423 5284 4424
f 5284 5285 4424
f 4424 5285 4425
f 5285 5286 4425
f 4425 5286 4429
f 5286 5287 4429
f 4429 5287 4430
f 5287 5288 4430
f 4430 5288 4431
f 5288 5289 4431
f 4431 5289 4461
f 5289 5290 4461
f 4461 5290 4462
f 5290 5291 4462
f 4462 5291 4463
f 5291 5292 4463
f 4463 5292 4475
f 5292 5293 4475
f 4475 5293 4476
f 5293 5294 4476
f 4476 5294 4477
f 5294 5295 4477
f 4477 5295 4513
f 5295 5296 4513
f 4513 5296 4514
f 5296 5297 4514
f 4514 5297 4464
f 5297 5298 4464
f 4464 5298 4465
f 5298 5299 4465
f 4465 5299 4515
f 5299 5300 4515
f 4515 5300 4516
f 5300 5301 4516
f 4516 5301 4517
f 5301 5302 4517
f 4517 5302 4478
f 5302 5303 4478
f 4478 5303 4479
f 5303 5304 4479
f 4479 5304 4518
f 5304 5305 4518
f 4518 5305 4519
f 5305 5306 4519
f 4519 5306 4432
f 5306 5307 4432
f 4432 5307 4433
f 5307 5308 4433
f 4433 5308 4439
f 5308 5309 4439
f 4439 5309 4440
f 5309 5310 4440
f 4440 5310 4388
f 5310 5311 4388
f 4388 5311 4389
f 5311 5312 4389
f 4389 5312 4390
f 5312 5313 4390
f 4390 5313 4391
f 5313 5314 4391
f 4391 5314 4392
f 5314 5315 4392
f 4392 5315 4393
f 5315 5316 4393
f 4393 5316 4379
f 5316 5317 4379
f 4379 5317 4380
f 5317 5318 4380
f 4380 5318 4466
f 5318 5319 4466
f 4466 5319 4467
f 5319 5320 4467
f 4467 5320 4468
f 5320 5321 4468
f 4468 5321 4469
f 5321 5322 4469
f 4469 5322 4450
f 5322 5323 4450
f 4450 5323 4451
f 5323 5324 4451
f 4451 5324 4571
f 5324 5325 4571
f 4571 5325 4573
f 5325 5326 4573
f 4573 5326 4574
f 5326 5327 4574
f 4574 5327 4575
f 5327 5328 4575
f 4575 5328 4576
f 5328 5329 4576
f 4576 5329 4577
f 5329 5330 4577
f 4577 5330 4596
f 5330 5331 4596
f 4596 5331 4597
f 5331 5332 4597
f 4597 5332 4598
f 5332 5333 4598
f 4598 5333 4599
f 5333 5334 4599
f 4599 5334 4600
f 5334 5335 4600
f 4600 5335 4593
f 5335 5336 4593
f 4593 5336 4594
f 5336 5337 4594
f 4594 5337 4586
f 5337 5338 4586
f 4586 5338 4587
f 5338 5339 4587
f 4587 5339 4588
f 5339 5340 4588
f 4588 5340 4589
f 5340 5341 4589
f 4589 5341 4590
f 5341 5342 4590
f 4590 5342 4591
f 5342 5343 4591
f 4591 5343 4592
f 5343 5344 4592
f 4592 5344 4486
f 5344 5345 4486
f 4486 5345 4487
f 5345 5346 4487
f 4487 5346 4489
f 5346 5347 4489
f 4489 5347 4490
f 5347 5348 4490
f 4490 5348 4492
f 5348 5349 4492
f 4492 5349 4494
f 5349 5350 4494
f 4494 5350 4496
f 5350 5351 4496
f 4496 5351 4498
f 5351 5352 4498
f 4498 5352 4499
f 5352 5281 4499
f 4837 5353 4838
f 5353 5354 4838
f 4838 5354 4839
f 5354 5355 4839
f 4839 5355 4840
f 5355 5356 4840
f 4840 5356 4841
f 5356 5357 4841
f 4841 5357 4842
f 5357 5358 4842
f 4842 5358 4877
f 5358 5359 4877
f 4877 5359 4878
f 5359 5360 4878
f 4878 5360 4940
f 5360 5361 4940
f 4940 5361 4909
f 5361 5362 4909
f 4909 5362 4910
f 5362 5363 4910
f 4910 5363 4912
f 5363 5364 4912
f 4912 5364 4820
f 5364 5365 4820
f 4820 5365 4871
f 5365 5366 4871
f 4871 5366 4872
f 5366 5367 4872
f 4872 5367 4895
f 5367 5368 4895
f 4895 5368 4896
f 5368 5369 4896
f 4896 5369 4897
f 5369 5370 4897
f 4897 5370 4904
f 5370 5371 4904
f 4904 5371 4905
f 5371 5372 4905
f 4905 5372 4906
f 5372 5373 4906
f 4906 5373 4907
f 5373 5374 4907
f 4907 5374 4908
f 5374 5375 4908
f 4908 5375 4861
f 5375 5376 4861
f 4861 5376 4859
f 5376 5377 4859
f 4859 5377 4852
f 5377 5378 4852
f 4852 5378 4853
f 5378 5379 4853
f 4853 5379 4891
f 5379 5380 4891
f 4891 5380 4892
f 5380 5381 4892
f 4892 5381 4858
f 5381 5382 4858
f 4858 5382 4856
f 5382 5383 4856
f 4856 5383 4854
f 5383 5384 4854
f 4854 5384 4823
f 5384 5385 4823
f 4823 5385 4824
f 5385 5386 4824
f 4824 5386 4825
f 5386 5387 4825
f 4825 5387 4811
f 5387 5388 4811
f 4811 5388 4810
f 5388 5389 4810
f 4810 5389 4809
f 5389 5390 4809
f 4809 5390 4826
f 5390 5391 4826
f 4826 5391 4827
f 5391 5392 4827
f 4827 5392 4828
f 5392 5393 4828
f 4828 5393 4829
f 5393 5394 4829
f 4829 5394 4830
f 5394 5395 4830
f 4830 5395 4831
f 5395 5396 4831
f 4831 5396 4922
f 5396 5397 4922
f 4922 5397 4923
f 5397 5398 4923
f 4923 5398 4924
f 5398 5399 4924
f 4924 5399 4947
f 5399 5400 4947
f 4947 5400 4948
f 5400 5401 4948
f 4948 5401 4949
f 5401 5402 4949
f 4949 5402 4937
f 5402 5403 4937
f 4937 5403 4938
f 5403 5404 4938
f 4938 5404 4939
f 5404 5405 4939
f 4939 5405 4955
f 5405 5406 4955
f 4955 5406 4956
f 5406 5407 4956
f 4956 5407 4957
f 5407 5408 4957
f 4957 5408 4958
f 5408 5409 4958
f 4958 5409 4959
f 5409 5410 4959
f 4959 5410 4960
f 5410 5411 4960
f 4960 5411 4961
f 5411 5412 4961
f 4961 5412 4962
f 5412 5413 4962
f 4962 5413 4963
f 5413 5414 4963
f 4963 5414 4964
f 5414 5415 4964
f 4964 5415 4873
f 5415 5416 4873
f 4873 5416 4874
f 5416 5417 4874
f 4874 5417 4875
f 5417 5418 4875
f 4875 5418 4876
f 5418 5419 4876
f 4876 5419 4832
f 5419 5420 4832
f 4832 5420 4833
f 5420 5421 4833
f 4833 5421 4834
f 5421 5422 4834
f 4834 5422 4835
f 5422 5423 4835
f 4835 5423 4836
f 5423 5424 4836
f 4836 5424 4837
f 5424 5353 4837
f 4363 5425 4364
f 5425 5426 4364
f 4364 5426 4434
f 5426 5427 4434
f 4434 5427 4435
f 5427 5428 4435
f 4435 5428 4436
f 5428 5429 4436
f 4436 5429 4485
f 5429 5430 4485
f 4485 5430 4481
f 5430 5431 4481
f 4481 5431 4572
f 5431 5432 4572
f 4572 5432 4570
f 5432 5433 4570
f 4570 5433 4536
f 5433 5434 4536
f 4536 5434 4537
f 5434 5435 4537
f 4537 5435 4541
f 5435 5436 4541
f 4541 5436 4542
f 5436 5437 4542
f 4542 5437 4543
f 5437 5438 4543
f 4543 5438 4544
f 5438 5439 4544
f 4544 5439 4545
f 5439 5440 4545
f 4545 5440 4546
f 5440 5441 4546
f 4546 5441 4547
f 5441 5442 4547
f 4547 5442 4548
f 5442 5443 4548
f 4548 5443 4418
f 5443 5444 4418
f 4418 5444 4419
f 5444 5445 4419
f 4419 5445 4427
f 5445 5446 4427
f 4427 5446 4428
f 5446 5447 4428
f 4428 5447 4374
f 5447 5448 4374
f 4374 5448 4375
f 5448 5449 4375
f 4375 5449 4386
f 5449 5450 4386
f 4386 5450 4387
f 5450 5451 4387
f 4387 5451 4376
f 5451 5452 4376
f 4376 5452 4377
f 5452 5453 4377
f 4377 5453 4378
f 5453 5454 4378
f 4378 5454 4369
f 5454 5455 4369
f 4369 5455 4370
f 5455 5456 4370
f 4370 5456 4372
f 5456 5457 4372
f 4372 5457 4373
f 5457 5458 4373
f 4373 5458 4406
f 5458 5459 4406
f 4406 5459 4407
f 5459 5460 4407
f 4407 5460 4409
f 5460 5461 4409
f 4409 5461 4403
f 5461 5462 4403
f 4403 5462 4552
f 5462 5463 4552
f 4552 5463 4381
f 5463 5464 4381
f 4381 5464 4382
f 5464 5465 4382
f 4382 5465 4412
f 5465 5466 4412
f 4412 5466 4413
f 5466 5467 4413
f 4413 5467 4414
f 5467 5468 4414
f 4414 5468 4530
f 5468 5469 4530
f 4530 5469 4531
f 5469 5470 4531
f 4531 5470 4532
f 5470 5471 4532
f 4532 5471 4512
f 5471 5472 4512
f 4512 5472 4473
f 5472 5473 4473
f 4473 5473 4474
f 5473 5474 4474
f 4474 5474 4533
f 5474 5475 4533
f 4533 5475 4534
f 5475 5476 4534
f 4534 5476 4535
f 5476 5477 4535
f 4535 5477 4553
f 5477 5478 4553
f 4553 5478 4554
f 5478 5479 4554
f 4554 5479 4556
f 5479 5480 4556
f 4556 5480 4558
f 5480 5481 4558
f 4558 5481 4560
f 5481 5482 4560
f 4560 5482 4562
f 5482 5483 4562
f 4562 5483 4564
f 5483 5484 4564
f 4564 5484 4566
f 5484 5485 4566
f 4566 5485 4568
f 5485 5486 4568
f 4568 5486 4569
f 5486 5487 4569
f 4569 5487 4443
f 5487 5488 4443
f 4443 5488 4444
f 5488 5489 4444
f 4444 5489 4445
f 5489 5490 4445
f 4445 5490 4383
f 5490 5491 4383
f 4383 5491 4384
f 5491 5492 4384
f 4384 5492 4426
f 5492 5493 4426
f 4426 5493 4415
f 5493 5494 4415
f 4415 5494 4416
f 5494 5495 4416
f 4416 5495 4417
f 5495 5496 4417
f 4417 5496 4363
f 5496 5425 4363
f 723 5066 5064
f 5245 5244 4081
f 5056 5054 4081
f 5054 5052 4081
f 4081 5052 5050
f 5212 5211 5497
f 5064 5062 723
f 5062 5060 723
f 723 5060 4081
f 5060 5058 4081
f 4081 5058 5056
f 5219 5218 4284
f 5218 5217 4284
f 4284 5217 5216
f 5216 5215 4284
f 5215 5214 4284
f 4284 5214 5497
f 5214 5213 5497
f 5497 5213 5212
f 5385 5384 4994
f 5076 5074 723
f 5074 5072 723
f 5363 5362 5269
f 5357 5356 5498
f 5356 5355 5498
f 5498 5355 5354
f 5354 5353 5498
f 5353 5424 5498
f 5498 5424 5423
f 5395 5394 621
f 5394 5393 621
f 621 5393 5392
f 5392 5391 621
f 5391 5390 621
f 621 5390 723
f 5245 4081 5246
f 5241 5240 4081
f 5240 5239 4081
f 4081 5239 5238
f 5050 5048 4081
f 5048 5046 4081
f 4081 5046 5044
f 5044 5042 4081
f 5042 5040 4081
f 4081 5040 5038
f 5228 5227 4284
f 5227 5226 4284
f 4284 5226 5225
f 5420 5499 5421
f 5499 5498 5421
f 5421 5498 5422
f 5498 5423 5422
f 5399 5398 621
f 5244 5243 4081
f 5243 5242 4081
f 4081 5242 5241
f 5132 5130 5390
f 5130 5128 5390
f 5390 5128 5126
f 5072 5070 723
f 5070 5068 723
f 723 5068 5066
f 5038 5036 4081
f 5036 5034 4081
f 4081 5034 5032
f 5225 5224 4284
f 5224 5223 4284
f 4284 5223 5222
f 5222 5221 4284
f 5221 5220 4284
f 4284 5220 5219
f 5370 5369 5269
f 5398 5397 621
f 5397 5396 621
f 621 5396 5395
f 5012 5010 5246
f 5010 5008 5246
f 5246 5008 5006
f 5249 4994 5250
f 4994 5372 5250
f 5250 5372 5251
f 5006 5004 5246
f 5004 5002 5246
f 5246 5002 5247
f 5388 5387 4994
f 5387 5386 4994
f 4994 5386 5385
f 5384 5383 4994
f 5383 5382 4994
f 4994 5382 5381
f 5388 4994 5389
f 4994 4992 5389
f 5389 4992 5390
f 4992 5134 5390
f 5390 5134 5132
f 5369 5368 5269
f 5368 5367 5269
f 5269 5367 5366
f 5420 5419 5499
f 5419 5418 5499
f 5499 5418 5417
f 5234 5233 4284
f 5233 5232 4284
f 4284 5232 5231
f 5082 5080 723
f 5080 5078 723
f 723 5078 5076
f 5366 5365 5269
f 5365 5364 5269
f 5269 5364 5363
f 5211 5210 5497
f 5210 5209 5497
f 5497 5209 5500
f 5209 5280 5500
f 5500 5280 5501
f 5280 5279 5501
f 5501 5279 5502
f 5279 5278 5502
f 5502 5278 5503
f 5278 5277 5503
f 5503 5277 5504
f 5277 5276 5504
f 5504 5276 5505
f 5276 5275 5505
f 5505 5275 5506
f 5275 5274 5506
f 5506 5274 5507
f 5274 5273 5507
f 5507 5273 5508
f 5273 5272 5508
f 5508 5272 5498
f 5272 5271 5498
f 5498 5271 5270
f 5371 5253 5372
f 5253 5252 5372
f 5372 5252 5251
f 5000 4998 5249
f 4998 4996 5249
f 5249 4996 4994
f 5231 5230 4284
f 5230 5229 4284
f 4284 5229 5228
f 5381 5380 4994
f 5380 5379 4994
f 4994 5379 5378
f 5378 5377 4994
f 5377 5376 4994
f 4994 5376 5375
f 5126 5124 5390
f 5124 5122 5390
f 5390 5122 5120
f 5362 5361 5269
f 5361 5360 5269
f 5269 5360 5270
f 5360 5359 5270
f 5270 5359 5498
f 5359 5358 5498
f 5498 5358 5357
f 5032 5030 4081
f 5030 5028 4081
f 4081 5028 5246
f 5028 5026 5246
f 5246 5026 5024
f 5024 5022 5246
f 5022 5020 5246
f 5246 5020 5018
f 5018 5016 5246
f 5016 5014 5246
f 5246 5014 5012
f 5256 5371 5257
f 5371 5258 5257
f 5256 5255 5371
f 5255 5254 5371
f 5371 5254 5253
f 5000 5249 5002
f 5249 5248 5002
f 5002 5248 5247
f 5238 5237 4081
f 5237 5236 4081
f 4081 5236 4284
f 5236 5235 4284
f 4284 5235 5234
f 5375 5374 4994
f 5374 5373 4994
f 4994 5373 5372
f 5120 5118 5390
f 5118 5116 5390
f 5390 5116 5114
f 5370 5269 5371
f 5269 5268 5371
f 5371 5268 5267
f 5267 5266 5371
f 5266 5265 5371
f 5371 5265 5264
f 5106 5104 723
f 5104 5102 723
f 5102 5100 723
f 723 5100 5098
f 5264 5263 5371
f 5263 5262 5371
f 5371 5262 5261
f 5261 5260 5371
f 5260 5259 5371
f 5371 5259 5258
f 5417 5416 5499
f 5416 5415 5499
f 5499 5415 5509
f 5415 5414 5509
f 5509 5414 5510
f 5414 5413 5510
f 5510 5413 5511
f 5413 5412 5511
f 5511 5412 5512
f 5412 5411 5512
f 5512 5411 5513
f 5411 5410 5513
f 5513 5410 5514
f 5410 5409 5514
f 5514 5409 5515
f 5409 5408 5515
f 5515 5408 647
f 5408 5407 647
f 647 5407 5406
f 5406 5405 647
f 5405 5404 647
f 647 5404 5403
f 5114 5112 5390
f 5112 5110 5390
f 5390 5110 723
f 5110 5108 723
f 723 5108 5106
f 5092 5090 723
f 5090 5088 723
f 5403 5402 647
f 5402 5401 647
f 647 5401 621
f 5401 5400 621
f 621 5400 5399
f 5098 5096 723
f 5096 5094 723
f 723 5094 5092
f 5088 5086 723
f 5086 5084 723
f 723 5084 5082
f 5516 5517 5518
f 5517 5519 5518
f 5518 5519 5520
f 5520 5521 5518
f 5521 5522 5518
f 5518 5522 5523
f 5524 5525 5518
f 5525 5526 5518
f 5518 5526 5527
f 5527 5528 5518
f 5528 5529 5518
f 5518 5529 5516
f 5523 5530 5518
f 5530 5531 5518
f 5518 5531 5524
f 5532 5533 687
f 5533 5534 687
f 5534 5535 687
f 5535 5536 687
f 687 5536 676
f 5537 5538 686
f 5538 5539 686
f 686 5539 687
f 5539 5540 687
f 687 5540 5532
f 674 5541 5542
f 5542 5543 674
f 5543 5544 674
f 674 5544 686
f 5544 5545 686
f 686 5545 5537
f 5546 5547 673
f 5547 5548 673
f 673 5548 674
f 5548 5549 674
f 674 5549 5541
f 5550 5551 672
f 5551 5552 672
f 672 5552 673
f 5552 5553 673
f 673 5553 5546
f 691 4290 672
f 4290 5554 672
f 672 5554 5550
f 661 4668 4666
f 671 4656 660
f 4656 4657 660
f 660 4657 4659
f 4659 4664 660
f 4664 4663 660
f 660 4663 661
f 4663 4662 661
f 661 4662 4668
f 4650 4649 671
f 4649 4654 671
f 671 4654 4656
f 657 4640 670
f 4640 4639 670
f 670 4639 4642
f 4642 4647 670
f 4647 4646 670
f 670 4646 671
f 4646 4645 671
f 671 4645 4650
f 657 656 4628
f 4628 4627 657
f 4627 4632 657
f 657 4632 4631
f 4631 4636 657
f 4636 4635 657
f 657 4635 4640
f 5555 4616 4615
f 4615 4620 5555
f 4620 4619 5555
f 5555 4619 4624
f 4674 4601 5555
f 4601 4603 5555
f 4603 4605 5555
f 4605 4609 5555
f 5555 4609 4611
f 4611 4608 5555
f 4608 4607 5555
f 5555 4607 4616
f 4624 4623 5555
f 4623 4628 5555
f 5555 4628 4674
f 4628 656 4674
f 4674 656 5556
f 656 655 5556
f 5556 655 5557
f 655 654 5557
f 5557 654 5558
f 654 713 5558
f 5558 713 5559
f 713 712 5559
f 5559 712 5560
f 712 717 5560
f 5560 717 5561
f 717 711 5561
f 5561 711 5562
f 711 722 5562
f 5562 722 5563
f 722 721 5563
f 5563 721 5564
f 721 703 5564
f 5564 703 5565
f 703 714 5565
f 5565 714 5566
f 714 699 5566
f 5566 699 5567
f 699 698 5567
f 5567 698 5568
f 698 704 5568
f 5568 704 5569
f 704 653 5569
f 5569 653 5570
f 653 665 5570
f 5570 665 5571
f 665 682 5571
f 5571 682 5572
f 682 659 5572
f 5572 659 5573
f 659 658 5573
f 5573 658 5574
f 658 688 5574
f 5574 688 5575
f 688 669 5575
f 5575 669 5576
f 669 668 5576
f 5576 668 5577
f 668 667 5577
f 5577 667 5578
f 667 666 5578
f 5578 666 5579
f 666 692 5579
f 5579 692 5580
f 692 694 5580
f 5580 694 5581
f 694 693 5581
f 5581 693 5582
f 693 681 5582
f 5582 681 5583
f 681 680 5583
f 5583 680 5584
f 680 679 5584
f 5584 679 5585
f 679 662 5585
f 5585 662 5586
f 662 663 5586
f 5586 663 5587
f 663 664 5587
f 5587 664 5588
f 664 678 5588
f 5588 678 5589
f 678 677 5589
f 5589 677 5590
f 677 652 5590
f 5590 652 5591
f 652 651 5591
f 5591 651 5592
f 651 675 5592
f 5592 675 5530
f 675 676 5530
f 5530 676 5531
f 676 5536 5531
f 4666 4665 661
f 4665 4318 661
f 661 4318 683
f 4318 4317 683
f 683 4317 684
f 4317 4294 684
f 684 4294 685
f 4294 4321 685
f 685 4321 695
f 4321 4320 695
f 695 4320 696
f 4320 4299 696
f 696 4299 697
f 4299 4298 697
f 697 4298 705
f 4298 4331 705
f 705 4331 706
f 4331 4330 706
f 706 4330 707
f 4330 4329 707
f 707 4329 718
f 4329 4328 718
f 718 4328 719
f 4328 4350 719
f 719 4350 720
f 4350 4349 720
f 720 4349 708
f 4349 4348 708
f 708 4348 709
f 4348 4316 709
f 709 4316 710
f 4316 4315 710
f 710 4315 715
f 4315 4314 715
f 715 4314 716
f 4314 4297 716
f 716 4297 700
f 4297 4296 700
f 700 4296 701
f 4296 4295 701
f 701 4295 702
f 4295 4286 702
f 702 4286 689
f 4286 4285 689
f 689 4285 690
f 4285 4287 690
f 690 4287 691
f 4287 4291 691
f 691 4291 4290
f 5530 5523 5593
f 5523 5594 5593
f 5549 5548 5595
f 5596 5597 5552
f 5552 5551 5596
f 5551 5550 5596
f 5596 5550 4289
f 5550 5554 4289
f 4289 5554 4290
f 5595 5548 5598
f 5548 5547 5598
f 5547 5546 5598
f 5598 5546 5597
f 5546 5553 5597
f 5597 5553 5552
f 5599 5600 5544
f 5544 5543 5599
f 5543 5542 5599
f 5599 5542 5595
f 5542 5541 5595
f 5595 5541 5549
f 5601 5602 5539
f 5539 5538 5601
f 5538 5537 5601
f 5601 5537 5600
f 5537 5545 5600
f 5600 5545 5544
f 5603 5604 5534
f 5534 5533 5603
f 5533 5532 5603
f 5603 5532 5602
f 5532 5540 5602
f 5602 5540 5539
f 5605 5606 5524
f 5524 5531 5605
f 5531 5536 5605
f 5605 5536 5604
f 5536 5535 5604
f 5604 5535 5534
f 5607 5608 5528
f 5528 5527 5607
f 5527 5526 5607
f 5607 5526 5606
f 5526 5525 5606
f 5606 5525 5524
f 5609 5610 5519
f 5519 5517 5609
f 5517 5516 5609
f 5609 5516 5608
f 5516 5529 5608
f 5608 5529 5528
f 5611 5594 5523
f 5523 5522 5611
f 5522 5521 5611
f 5611 5521 5610
f 5521 5520 5610
f 5610 5520 5519
f 5612 5613 5614
f 5613 5615 5614
f 5614 5615 5616
f 5616 5617 5614
f 5617 5618 5614
f 5614 5618 5619
f 5620 5621 5622
f 5621 5623 5622
f 5620 5624 5621
f 5624 5625 5621
f 5621 5625 5626
f 5627 5628 5612
f 5629 5630 5612
f 5631 5632 5633
f 5633 5634 5631
f 5634 5635 5631
f 5631 5635 5621
f 5635 5636 5621
f 5621 5636 5623
f 5637 5638 5612
f 5630 5639 5612
f 5639 5640 5612
f 5612 5640 5613
f 5641 5642 5631
f 5642 5643 5631
f 5643 5644 5631
f 5644 5645 5631
f 5631 5645 5646
f 5646 5647 5631
f 5647 5648 5631
f 5631 5648 5632
f 5626 5649 5621
f 5649 5650 5621
f 5621 5650 5651
f 5638 5652 5612
f 5652 5653 5612
f 5612 5653 5629
f 5619 5654 5614
f 5654 5655 5614
f 5614 5655 5656
f 5656 5657 5614
f 5657 5658 5614
f 5614 5658 5659
f 5660 5661 5631
f 5661 5662 5631
f 5659 5663 5614
f 5663 5664 5614
f 5614 5664 5665
f 5665 5666 5614
f 5666 5667 5614
f 5614 5667 5668
f 5662 5669 5631
f 5669 5670 5631
f 5631 5670 5641
f 5651 5671 5621
f 5671 5672 5621
f 5621 5672 5673
f 5628 5674 5612
f 5674 5675 5612
f 5612 5675 5676
f 5673 5677 5621
f 5677 5678 5621
f 5621 5678 5679
f 5676 5680 5612
f 5680 5681 5612
f 5612 5681 5637
f 5668 5682 5614
f 5682 5683 5614
f 5614 5683 5631
f 5683 5684 5631
f 5631 5684 5660
f 5679 5685 5621
f 5685 5686 5621
f 5621 5686 5612
f 5686 5687 5612
f 5612 5687 5627
f 5614 5631 4282
f 5631 4283 4282
f 5621 5612 5688
f 5612 5689 5688
f 5621 5688 5631
f 5688 5593 5631
f 5631 5593 4283
f 5593 5594 4283
f 4283 5594 4289
f 5594 5611 4289
f 4289 5611 5610
f 5610 5609 4289
f 5609 5608 4289
f 4289 5608 5607
f 5607 5606 4289
f 5606 5605 4289
f 4289 5605 5604
f 5604 5603 4289
f 5603 5602 4289
f 4289 5602 5601
f 5601 5600 4289
f 5600 5599 4289
f 4289 5599 5595
f 5595 5598 4289
f 5598 5597 4289
f 4289 5597 5596
f 632 642 3673
f 3698 585 589
f 3712 582 3713
f 582 583 3713
f 3713 583 3715
f 583 3716 3715
f 3702 3705 608
f 3705 3704 608
f 608 3704 583
f 3704 3711 583
f 583 3711 3710
f 3710 3709 583
f 3709 3708 583
f 583 3708 3716
f 585 3698 608
f 3698 3700 608
f 608 3700 3702
f 3673 642 3675
f 642 641 3675
f 3675 641 3677
f 3666 3670 634
f 3670 3669 634
f 3669 3680 634
f 634 3680 641
f 3680 3679 641
f 641 3679 3677
f 5690 4990 3664
f 3663 3661 634
f 3661 3667 634
f 634 3667 3666
f 3663 634 3664
f 634 633 3664
f 3664 633 5690
f 633 623 5690
f 5690 623 5691
f 623 622 5691
f 5691 622 5692
f 622 631 5692
f 5692 631 5693
f 631 617 5693
f 5693 617 5694
f 617 620 5694
f 620 619 5694
f 5694 619 5695
f 619 618 5695
f 5695 618 5696
f 618 614 5696
f 5696 614 5697
f 614 613 5697
f 5697 613 5698
f 613 615 5698
f 5698 615 5699
f 615 616 5699
f 5699 616 5700
f 616 611 5700
f 5700 611 5701
f 611 612 5701
f 5701 612 5702
f 612 588 5702
f 5702 588 5703
f 588 587 5703
f 5703 587 5704
f 587 582 5704
f 5704 582 5705
f 582 3712 5705
f 5705 3712 5706
f 5706 3712 5707
f 3712 3714 5707
f 5707 3714 5708
f 3714 3707 5708
f 5708 3707 5709
f 3707 3706 5709
f 5709 3706 5710
f 3706 3703 5710
f 5710 3703 5711
f 3703 3701 5711
f 5711 3701 5712
f 3701 3699 5712
f 5712 3699 5713
f 3699 3697 5713
f 5713 3697 5714
f 3697 3735 5714
f 5714 3735 5715
f 3735 3734 5715
f 5715 3734 5716
f 3734 3733 5716
f 5716 3733 5717
f 3733 3732 5717
f 5717 3732 5718
f 3732 3731 5718
f 5718 3731 5719
f 3731 3730 5719
f 5719 3730 5720
f 3730 3729 5720
f 5720 3729 5721
f 3729 3728 5721
f 5721 3728 5722
f 3728 3727 5722
f 5722 3727 5723
f 3727 3726 5723
f 5723 3726 5724
f 3726 3725 5724
f 5724 3725 5725
f 3725 3724 5725
f 5725 3724 5726
f 3724 3723 5726
f 5726 3723 5727
f 3723 3722 5727
f 5727 3722 5728
f 3722 3721 5728
f 5728 3721 5729
f 3721 3720 5729
f 5729 3720 5730
f 3720 3719 5730
f 5730 3719 5731
f 3719 3718 5731
f 5731 3718 5732
f 3718 3717 5732
f 5462 5461 3717
f 5733 5734 5437
f 5735 5736 3717
f 5736 5737 3717
f 3717 5737 5732
f 5325 5324 5738
f 5739 5461 5740
f 5461 5460 5740
f 5740 5460 5459
f 5437 5734 5438
f 5739 5741 5461
f 5741 5742 5461
f 5461 5742 3717
f 5742 5743 3717
f 3717 5743 5735
f 5324 5323 5738
f 5323 5322 5738
f 5738 5322 5321
f 5287 5286 5744
f 5496 3753 5425
f 3753 5426 5425
f 5321 5320 5738
f 5320 5319 5738
f 5738 5319 5745
f 5319 5318 5745
f 5745 5318 5746
f 5318 5317 5746
f 5746 5317 5316
f 5467 5466 3717
f 5466 5465 3717
f 5459 5458 5740
f 5458 5457 5740
f 5740 5457 5747
f 5457 5456 5747
f 5747 5456 5748
f 5452 5451 5749
f 5451 5450 5749
f 5749 5450 5734
f 5450 5449 5734
f 5734 5449 5448
f 5328 5738 5329
f 5738 5330 5329
f 5328 5327 5738
f 5327 5326 5738
f 5738 5326 5325
f 5465 5464 3717
f 5464 5463 3717
f 3717 5463 5462
f 5442 5441 5734
f 5316 5315 5746
f 5315 5314 5746
f 5746 5314 5313
f 5313 5312 5746
f 5312 5311 5746
f 5746 5311 5310
f 5291 5290 5744
f 5283 3774 5284
f 3774 5744 5284
f 5284 5744 5285
f 5744 5286 5285
f 5429 5428 3753
f 5428 5427 3753
f 3753 5427 5426
f 5496 5495 3753
f 5495 5494 3753
f 3753 5494 5493
f 5471 5470 3717
f 5441 5440 5734
f 5440 5439 5734
f 5734 5439 5438
f 5750 5454 5749
f 5454 5453 5749
f 5749 5453 5452
f 5456 5455 5748
f 5455 5454 5748
f 5748 5454 5751
f 5454 5750 5751
f 5336 5335 5738
f 5335 5334 5738
f 5738 5334 5333
f 5333 5332 5738
f 5332 5331 5738
f 5738 5331 5330
f 5290 5289 5744
f 5289 5288 5744
f 5744 5288 5287
f 5470 5469 3717
f 5469 5468 3717
f 3717 5468 5467
f 5448 5447 5734
f 5447 5446 5734
f 5734 5446 5445
f 5445 5444 5734
f 5444 5443 5734
f 5734 5443 5442
f 5437 5436 5336
f 5436 5435 5336
f 5336 5435 5434
f 5493 5492 3753
f 5492 5491 3753
f 3753 5491 3752
f 5491 5490 3752
f 3752 5490 5489
f 5341 5340 5434
f 5340 5339 5434
f 5738 5752 5336
f 5752 5753 5336
f 5336 5753 5437
f 5753 5754 5437
f 5437 5754 5733
f 5339 5338 5434
f 5338 5337 5434
f 5434 5337 5336
f 5283 5282 3774
f 5282 5281 3774
f 3774 5281 3772
f 5281 5352 3772
f 3772 5352 3770
f 5352 5351 3770
f 3770 5351 3768
f 5351 5350 3768
f 3768 5350 3766
f 5350 5349 3766
f 3766 5349 3764
f 5349 5348 3764
f 3764 5348 3762
f 5348 5347 3762
f 3762 5347 3760
f 5347 5346 3760
f 3760 5346 3758
f 5346 5345 3758
f 3758 5345 3756
f 5345 5344 3756
f 3756 5344 3753
f 5344 5343 3753
f 3753 5343 5342
f 5294 5293 5744
f 5293 5292 5744
f 5744 5292 5291
f 5434 5433 5341
f 5433 5432 5341
f 5341 5432 5342
f 5432 5431 5342
f 5342 5431 3753
f 5431 5430 3753
f 3753 5430 5429
f 5310 5309 5746
f 5309 5308 5746
f 5746 5308 5307
f 5307 5306 5746
f 5306 5305 5746
f 5746 5305 5304
f 5300 5299 5744
f 5299 5298 5744
f 5744 5298 5297
f 5297 5296 5744
f 5296 5295 5744
f 5744 5295 5294
f 5304 5303 5746
f 5303 5302 5746
f 5746 5302 5744
f 5302 5301 5744
f 5744 5301 5300
f 5489 5488 3752
f 5488 5487 3752
f 3752 5487 3750
f 5487 5486 3750
f 3750 5486 3748
f 5486 5485 3748
f 3748 5485 3746
f 5485 5484 3746
f 3746 5484 3744
f 5484 5483 3744
f 3744 5483 3742
f 5483 5482 3742
f 3742 5482 3740
f 5482 5481 3740
f 3740 5481 3738
f 5481 5480 3738
f 3738 5480 3736
f 5480 5479 3736
f 3736 5479 5478
f 5478 5477 3736
f 5477 5476 3736
f 3736 5476 3717
f 5476 5475 3717
f 3717 5475 5474
f 5474 5473 3717
f 5473 5472 3717
f 3717 5472 5471
f 4282 4281 5614
f 4281 4814 5614
f 5614 4814 5612
f 4814 5745 5612
f 5612 5745 5689
f 5745 5746 5689
f 5697 5755 5756
f 5757 5758 4805
f 5758 5759 4805
f 4805 5759 5760
f 5761 5762 5700
f 5755 5697 5763
f 5697 5698 5763
f 5763 5698 5764
f 5756 5765 5697
f 5765 5766 5697
f 5697 5766 5696
f 5760 5767 4805
f 5767 5768 4805
f 4805 5768 5737
f 5768 5769 5737
f 5700 5762 5699
f 4968 4969 5770
f 5771 5772 4805
f 5762 5773 5699
f 5773 5774 5699
f 5699 5774 5698
f 5774 5775 5698
f 5698 5775 5764
f 5766 5776 5696
f 5776 5777 5696
f 5696 5777 5695
f 5778 5779 4805
f 5779 5780 4805
f 5772 5781 4805
f 5781 5782 4805
f 4805 5782 5757
f 5769 5783 5737
f 5783 5784 5737
f 5737 5784 5785
f 5777 5786 5695
f 5786 5787 5695
f 5695 5787 5694
f 5787 5788 5694
f 5694 5788 5693
f 5788 5789 5693
f 5693 5789 5692
f 5789 5790 5692
f 5692 5790 5691
f 5790 5791 5691
f 4978 4979 5792
f 5780 5793 4805
f 5793 5794 4805
f 4805 5794 5771
f 5785 5795 5737
f 5795 5796 5737
f 5737 5796 5797
f 5690 5691 4982
f 5691 5791 4982
f 4982 5791 4981
f 5791 5792 4981
f 4981 5792 4980
f 5792 4979 4980
f 5798 4804 4965
f 4968 5770 4967
f 5799 5800 4805
f 5800 5801 4805
f 4805 5801 5778
f 5797 5802 5737
f 5802 5803 5737
f 5737 5803 5804
f 5761 5700 5805
f 5700 5701 5805
f 5805 5701 5806
f 5701 5702 5806
f 5806 5702 5807
f 5690 4982 4990
f 4982 4983 4990
f 4990 4983 4984
f 5808 4976 5792
f 4976 4977 5792
f 5792 4977 4978
f 4973 5808 4972
f 5808 5770 4972
f 5798 4965 5770
f 4965 4966 5770
f 5770 4966 4967
f 5798 5809 4804
f 5809 5810 4804
f 4804 5810 4805
f 5810 5811 4805
f 4805 5811 5799
f 4989 4990 4988
f 4990 4987 4988
f 4973 4974 5808
f 4974 4975 5808
f 5808 4975 4976
f 4969 4970 5770
f 4970 4971 5770
f 5770 4971 4972
f 5804 5812 5737
f 5812 5813 5737
f 5737 5813 5814
f 5814 5815 5737
f 5815 5816 5737
f 5737 5816 5817
f 5704 5705 5714
f 4984 4985 4990
f 4985 4986 4990
f 4990 4986 4987
f 5818 5719 5819
f 5719 5720 5819
f 5819 5720 5721
f 5820 5732 5821
f 5732 5737 5821
f 5821 5737 5822
f 5737 5817 5822
f 5725 5726 5823
f 5716 5717 5818
f 5717 5718 5818
f 5818 5718 5719
f 5726 5727 5823
f 5727 5728 5823
f 5823 5728 5729
f 5820 5824 5732
f 5824 5825 5732
f 5732 5825 5731
f 5825 5823 5731
f 5731 5823 5730
f 5823 5729 5730
f 5721 5722 5819
f 5722 5723 5819
f 5819 5723 5823
f 5723 5724 5823
f 5823 5724 5725
f 5702 5703 5807
f 5703 5704 5807
f 5807 5704 5826
f 5704 5714 5826
f 5826 5714 5818
f 5714 5715 5818
f 5818 5715 5716
f 5712 5707 5708
f 5705 5706 5714
f 5706 5707 5714
f 5714 5707 5713
f 5707 5712 5713
f 5709 5710 5708
f 5710 5711 5708
f 5708 5711 5712
f 4805 5737 5736
f 4805 5736 4806
f 5736 5735 4806
f 4806 5735 4807
f 5735 5743 4807
f 4807 5743 4808
f 5743 5742 4808
f 4808 5742 4800
f 5742 5741 4800
f 4800 5741 4801
f 5741 5739 4801
f 4801 5739 4802
f 5739 5740 4802
f 4802 5740 4803
f 5740 5747 4803
f 4803 5747 4855
f 4855 5747 4857
f 5747 5748 4857
f 5745 4814 4818
f 5745 4818 5738
f 4818 4917 5738
f 5738 4917 5752
f 4917 4918 5752
f 5752 4918 5753
f 4918 4822 5753
f 5753 4822 5754
f 4822 4821 5754
f 5754 4821 5733
f 4821 4860 5733
f 5733 4860 5734
f 4860 4851 5734
f 5734 4851 5749
f 4851 4893 5749
f 5749 4893 5750
f 4893 4894 5750
f 5750 4894 5751
f 4894 4857 5751
f 5751 4857 5748
f 5635 5755 5636
f 5755 5763 5636
f 5636 5763 5623
f 5763 5764 5623
f 5623 5764 5622
f 5764 5775 5622
f 5622 5775 5620
f 5775 5774 5620
f 5620 5774 5624
f 5774 5773 5624
f 5624 5773 5625
f 5773 5762 5625
f 5625 5762 5626
f 5762 5761 5626
f 5626 5761 5649
f 5761 5805 5649
f 5649 5805 5650
f 5805 5806 5650
f 5650 5806 5651
f 5806 5807 5651
f 5651 5807 5671
f 5807 5826 5671
f 5671 5826 5672
f 5826 5818 5672
f 5672 5818 5673
f 5818 5819 5673
f 5673 5819 5677
f 5819 5823 5677
f 5677 5823 5678
f 5823 5825 5678
f 5678 5825 5679
f 5825 5824 5679
f 5679 5824 5685
f 5824 5820 5685
f 5685 5820 5686
f 5820 5821 5686
f 5686 5821 5687
f 5821 5822 5687
f 5687 5822 5627
f 5822 5817 5627
f 5627 5817 5628
f 5817 5816 5628
f 5628 5816 5674
f 5816 5815 5674
f 5674 5815 5675
f 5815 5814 5675
f 5675 5814 5676
f 5814 5813 5676
f 5676 5813 5680
f 5813 5812 5680
f 5680 5812 5681
f 5812 5804 5681
f 5681 5804 5637
f 5804 5803 5637
f 5637 5803 5638
f 5803 5802 5638
f 5638 5802 5652
f 5802 5797 5652
f 5652 5797 5653
f 5797 5796 5653
f 5653 5796 5629
f 5796 5795 5629
f 5629 5795 5630
f 5795 5785 5630
f 5630 5785 5639
f 5785 5784 5639
f 5639 5784 5640
f 5784 5783 5640
f 5640 5783 5613
f 5783 5769 5613
f 5613 5769 5615
f 5769 5768 5615
f 5615 5768 5616
f 5768 5767 5616
f 5616 5767 5617
f 5767 5760 5617
f 5617 5760 5618
f 5760 5759 5618
f 5618 5759 5619
f 5759 5758 5619
f 5619 5758 5654
f 5758 5757 5654
f 5654 5757 5655
f 5757 5782 5655
f 5655 5782 5656
f 5782 5781 5656
f 5656 5781 5657
f 5781 5772 5657
f 5657 5772 5658
f 5772 5771 5658
f 5658 5771 5659
f 5771 5794 5659
f 5659 5794 5663
f 5794 5793 5663
f 5663 5793 5664
f 5793 5780 5664
f 5664 5780 5665
f 5780 5779 5665
f 5665 5779 5666
f 5779 5778 5666
f 5666 5778 5667
f 5778 5801 5667
f 5667 5801 5668
f 5801 5800 5668
f 5668 5800 5682
f 5800 5799 5682
f 5682 5799 5683
f 5799 5811 5683
f 5683 5811 5684
f 5811 5810 5684
f 5684 5810 5660
f 5810 5809 5660
f 5660 5809 5661
f 5809 5798 5661
f 5661 5798 5662
f 5798 5770 5662
f 5662 5770 5669
f 5770 5808 5669
f 5669 5808 5670
f 5808 5792 5670
f 5670 5792 5641
f 5792 5791 5641
f 5641 5791 5642
f 5791 5790 5642
f 5642 5790 5643
f 5790 5789 5643
f 5643 5789 5644
f 5789 5788 5644
f 5644 5788 5645
f 5788 5787 5645
f 5645 5787 5646
f 5787 5786 5646
f 5646 5786 5647
f 5786 5777 5647
f 5647 5777 5648
f 5777 5776 5648
f 5648 5776 5632
f 5776 5766 5632
f 5632 5766 5633
f 5766 5765 5633
f 5633 5765 5634
f 5765 5756 5634
f 5634 5756 5635
f 5756 5755 5635
f 4284 5497 3620
f 5497 3618 3620
f 5498 3640 3638
f 5498 3638 5508
f 3638 3636 5508
f 5508 3636 5507
f 3636 3634 5507
f 5507 3634 5506
f 3634 3632 5506
f 5506 3632 5505
f 3632 3630 5505
f 5505 3630 5504
f 3630 3628 5504
f 5504 3628 5503
f 3628 3626 5503
f 5503 3626 5502
f 3626 3624 5502
f 5502 3624 5501
f 3624 3622 5501
f 5501 3622 5500
f 3622 3618 5500
f 5500 3618 5497
f 5498 5499 3640
f 5499 3643 3640
f 3643 5499 5509
f 3643 5509 3644
f 5509 5510 3644
f 3644 5510 3646
f 5510 5511 3646
f 3646 5511 3648
f 5511 5512 3648
f 3648 5512 3650
f 5512 5513 3650
f 3650 5513 3652
f 5513 5514 3652
f 3652 5514 3654
f 5514 5515 3654
f 3654 5515 3656
f 5515 647 3656
f 3656 647 646
f 4385 3751 3749
f 4385 3749 4567
f 3749 3747 4567
f 4567 3747 4565
f 3747 3745 4565
f 4565 3745 4563
f 3745 3743 4563
f 4563 3743 4561
f 3743 3741 4561
f 4561 3741 4559
f 3741 3739 4559
f 4559 3739 4557
f 3739 3737 4557
f 4557 3737 4555
f 3737 598 4555
f 4555 598 597
f 4385 4362 3751
f 4362 3754 3751
f 3754 4362 4484
f 3754 4484 3755
f 4484 4483 3755
f 3755 4483 3757
f 4483 4482 3757
f 3757 4482 3759
f 4482 4595 3759
f 3759 4595 3761
f 4595 4488 3761
f 3761 4488 3763
f 4488 4491 3763
f 3763 4491 3765
f 4491 4493 3765
f 3765 4493 3767
f 4493 4495 3767
f 3767 4495 3769
f 4495 4497 3769
f 3769 4497 3771
f 4497 4422 3771
f 3771 4422 3773
f 4422 4368 3773
f 4368 5827 3773
f 5746 5744 5827
f 5590 5591 5593
f 5591 5592 5593
f 5593 5592 5530
f 5688 5689 4366
f 5689 5746 4366
f 4366 5746 4368
f 5746 5827 4368
f 4798 4799 5557
f 5557 4799 5556
f 4799 4673 5556
f 5556 4673 4674
f 4770 4771 5564
f 5557 5558 4798
f 5558 5559 4798
f 4798 5559 4797
f 5559 5560 4797
f 4797 5560 4796
f 5560 5561 4796
f 4796 5561 4795
f 5561 5562 4795
f 4795 5562 4794
f 5562 5563 4794
f 5583 5584 5688
f 5584 5585 5688
f 5688 5585 5586
f 5586 5587 5688
f 5587 5588 5688
f 5688 5588 5593
f 5588 5589 5593
f 5593 5589 5590
f 5565 5566 4366
f 5566 5567 4366
f 5567 5568 4366
f 5568 5569 4366
f 4366 5569 5570
f 4787 4788 4771
f 4788 4789 4771
f 4789 4790 4771
f 4771 4790 5564
f 4790 4792 5564
f 5564 4792 5563
f 4792 4793 5563
f 5563 4793 4794
f 4763 4764 5564
f 5580 5581 5688
f 5581 5582 5688
f 5688 5582 5583
f 5565 4366 5564
f 4366 4762 5564
f 5564 4762 4763
f 4764 4765 5564
f 4765 4766 5564
f 5564 4766 4767
f 4767 4768 5564
f 4768 4769 5564
f 5564 4769 4770
f 4783 4784 4771
f 5570 5571 4366
f 5571 5572 4366
f 4366 5572 5573
f 5577 5578 5688
f 5578 5579 5688
f 5688 5579 5580
f 4780 4772 4773
f 4783 4771 4782
f 4784 4785 4771
f 4785 4786 4771
f 4771 4786 4787
f 5573 5574 4366
f 5574 5575 4366
f 4366 5575 5688
f 5575 5576 5688
f 5688 5576 5577
f 4778 4775 4777
f 4775 4776 4777
f 4773 4774 4780
f 4774 4775 4780
f 4780 4775 4779
f 4775 4778 4779
f 4772 4780 4771
f 4780 4781 4771
f 4771 4781 4782
f 3774 3773 5744
f 3773 5827 5744

