# https://github.com/mikedh/trimesh
v 0.14403380 0.02981156 -0.02000000
v 0.16904868 0.02981156 -0.02000000
v 0.16904868 0.05962311 -0.02000000
v 0.14403380 0.02981156 0.02000000
v 0.16904868 0.02981156 0.02000000
v 0.16904868 0.02806844 0.01992389
v 0.14257117 0.02806844 0.01992389
v 0.16904868 0.02633859 0.01969616
v 0.14111964 0.02633859 0.01969616
v 0.16904868 0.02463518 0.01931852
v 0.13969031 0.02463518 0.01931852
v 0.16904868 0.02297115 0.01879385
v 0.13829403 0.02297115 0.01879385
v 0.16904868 0.02135919 0.01812616
v 0.13694143 0.02135919 0.01812616
v 0.16904868 0.01981156 0.01732051
v 0.13564281 0.01981156 0.01732051
v 0.16904868 0.01834003 0.01638304
v 0.13440806 0.01834003 0.01638304
v 0.16904868 0.01695580 0.01532089
v 0.13324656 0.01695580 0.01532089
v 0.16904868 0.01566942 0.01414214
v 0.13216715 0.01566942 0.01414214
v 0.16904868 0.01449067 0.01285575
v 0.13117805 0.01449067 0.01285575
v 0.13071977 0.01394449 0.01217523
v 0.16904868 0.01342851 0.01147153
v 0.13028681 0.01342851 0.01147153
v 0.12988003 0.01294373 0.01074599
v 0.16904868 0.01249105 0.01000000
v 0.12950018 0.01249105 0.01000000
v 0.12914801 0.01207134 0.00923497
v 0.16904868 0.01168540 0.00845237
v 0.12882416 0.01168540 0.00845237
v 0.12852927 0.01133396 0.00765367
v 0.16904868 0.01101770 0.00684040
v 0.12826389 0.01101770 0.00684040
v 0.12802854 0.01073722 0.00601412
v 0.16904868 0.01049304 0.00517638
v 0.12782365 0.01049304 0.00517638
v 0.12764962 0.01028564 0.00432879
v 0.16904868 0.01011540 0.00347296
v 0.12750678 0.01011540 0.00347296
v 0.12739539 0.00998266 0.00261052
v 0.16904868 0.00988766 0.00174311
v 0.12731567 0.00988766 0.00174311
v 0.12726779 0.00983059 0.00087239
v 0.16904868 0.00981156 0.00000000
v 0.12725182 0.00981156 -0.00000000
v 0.12726779 0.00983059 -0.00087239
v 0.16904868 0.00988766 -0.00174311
v 0.12731567 0.00988766 -0.00174311
v 0.12739539 0.00998266 -0.00261052
v 0.16904868 0.01011540 -0.00347296
v 0.12750678 0.01011540 -0.00347296
v 0.12764962 0.01028564 -0.00432879
v 0.16904868 0.01049304 -0.00517638
v 0.12782365 0.01049304 -0.00517638
v 0.12802854 0.01073722 -0.00601412
v 0.16904868 0.01101770 -0.00684040
v 0.12826389 0.01101770 -0.00684040
v 0.12852927 0.01133396 -0.00765367
v 0.16904868 0.01168540 -0.00845237
v 0.12882416 0.01168540 -0.00845237
v 0.12914801 0.01207134 -0.00923497
v 0.16904868 0.01249105 -0.01000000
v 0.12950018 0.01249105 -0.01000000
v 0.12988003 0.01294373 -0.01074599
v 0.16904868 0.01342851 -0.01147153
v 0.13028681 0.01342851 -0.01147153
v 0.13071977 0.01394449 -0.01217523
v 0.16904868 0.01449067 -0.01285575
v 0.13117805 0.01449067 -0.01285575
v 0.16904868 0.01566942 -0.01414214
v 0.13216715 0.01566942 -0.01414214
v 0.16904868 0.01695580 -0.01532089
v 0.13324656 0.01695580 -0.01532089
v 0.16904868 0.01834003 -0.01638304
v 0.13440806 0.01834003 -0.01638304
v 0.16904868 0.01981156 -0.01732051
v 0.13564281 0.01981156 -0.01732051
v 0.16904868 0.02135919 -0.01812616
v 0.13694143 0.02135919 -0.01812616
v 0.16904868 0.02297115 -0.01879385
v 0.13829403 0.02297115 -0.01879385
v 0.16904868 0.02463518 -0.01931852
v 0.13969031 0.02463518 -0.01931852
v 0.16904868 0.02633859 -0.01969616
v 0.14111964 0.02633859 -0.01969616
v 0.16904868 0.02806844 -0.01992389
v 0.14257117 0.02806844 -0.01992389
v 0.16904868 0.05962311 0.02000000
v 0.16904868 0.08230204 -0.00021789
v 0.16904868 0.08231156 -0.00000000
v 0.16904868 0.10962311 -0.03000000
v 0.16904868 0.07937744 0.00246202
v 0.16904868 0.05962311 0.03000000
v 0.16904868 0.07959367 0.00249049
v 0.16904868 0.07981156 0.00250000
v 0.16904868 0.08157932 -0.00176777
v 0.16904868 0.08172667 -0.00160697
v 0.16904868 0.08185943 -0.00143394
v 0.16904868 0.08197662 -0.00125000
v 0.16904868 0.08207732 -0.00105655
v 0.16904868 0.08216079 -0.00085505
v 0.16904868 0.10962311 0.03000000
v 0.16904868 0.08230204 0.00021789
v 0.16904868 0.08227357 0.00043412
v 0.16904868 0.08222637 0.00064705
v 0.16904868 0.08216079 0.00085505
v 0.16904868 0.08207732 0.00105655
v 0.16904868 0.07916451 0.00241481
v 0.16904868 0.07895651 0.00234923
v 0.16904868 0.07875501 0.00226577
v 0.16904868 0.07837761 -0.00204788
v 0.16904868 0.07856155 -0.00216506
v 0.16904868 0.05962311 -0.03000000
v 0.16904868 0.07875501 -0.00226577
v 0.16904868 0.07895651 -0.00234923
v 0.16904868 0.07916451 -0.00241481
v 0.16904868 0.07937744 -0.00246202
v 0.16904868 0.07959367 -0.00249049
v 0.16904868 0.08222637 -0.00064705
v 0.16904868 0.08227357 -0.00043412
v 0.16904868 0.08066661 0.00234923
v 0.16904868 0.08045860 0.00241481
v 0.16904868 0.08024567 0.00246202
v 0.16904868 0.08002944 0.00249049
v 0.16904868 0.03024568 0.00246202
v 0.16904868 0.03045860 0.00241481
v 0.16904868 0.03066661 0.00234923
v 0.16904868 0.07820459 0.00191511
v 0.16904868 0.07837761 0.00204788
v 0.16904868 0.07856155 0.00216506
v 0.16904868 0.07981156 -0.00250000
v 0.16904868 0.08002944 -0.00249049
v 0.16904868 0.08024567 -0.00246202
v 0.16904868 0.08045860 -0.00241481
v 0.16904868 0.03222637 -0.00064705
v 0.16904868 0.07739674 -0.00064705
v 0.16904868 0.07746232 -0.00085505
v 0.16904868 0.03222637 0.00064705
v 0.16904868 0.03216079 0.00085505
v 0.16904868 0.03207732 0.00105655
v 0.16904868 0.03197662 0.00125000
v 0.16904868 0.03185944 0.00143394
v 0.16904868 0.07820459 -0.00191511
v 0.16904868 0.07804379 -0.00176777
v 0.16904868 0.08106156 -0.00216506
v 0.16904868 0.08124550 -0.00204788
v 0.16904868 0.08141852 -0.00191511
v 0.16904868 0.03185944 -0.00143394
v 0.16904868 0.03197662 -0.00125000
v 0.16904868 0.07804379 0.00176777
v 0.16904868 0.07789645 0.00160697
v 0.16904868 0.07776368 0.00143394
v 0.16904868 0.07764649 0.00125000
v 0.16904868 0.03172667 0.00160697
v 0.16904868 0.03157932 0.00176777
v 0.16904868 0.03141852 0.00191511
v 0.16904868 0.03124550 0.00204788
v 0.16904868 0.03106156 0.00216506
v 0.16904868 0.03086810 0.00226577
v 0.16904868 0.08066661 -0.00234923
v 0.16904868 0.08086810 -0.00226577
v 0.16904868 0.08197662 0.00125000
v 0.16904868 0.08185943 0.00143394
v 0.16904868 0.08172667 0.00160697
v 0.16904868 0.08157932 0.00176777
v 0.16904868 0.08141852 0.00191511
v 0.16904868 0.08124550 0.00204788
v 0.16904868 0.08106156 0.00216506
v 0.16904868 0.08086810 0.00226577
v 0.16904868 0.03172667 -0.00160697
v 0.16904868 0.03227358 -0.00043412
v 0.16904868 0.03230204 -0.00021789
v 0.16904868 0.07734954 -0.00043412
v 0.16904868 0.07754578 -0.00105655
v 0.16904868 0.07764649 -0.00125000
v 0.16904868 0.07776368 -0.00143394
v 0.16904868 0.07754578 0.00105655
v 0.16904868 0.07746232 0.00085505
v 0.16904868 0.07739674 0.00064705
v 0.16904868 0.07734954 0.00043412
v 0.16904868 0.07732107 0.00021789
v 0.16904868 0.03227358 0.00043412
v 0.16904868 0.03230204 0.00021789
v 0.16904868 0.03231155 -0.00000000
v 0.16904868 0.07731155 -0.00000000
v 0.16904868 0.07732107 -0.00021789
v 0.16904868 0.07789645 -0.00160697
v 0.16904868 0.03216079 -0.00085505
v 0.16904868 0.03207732 -0.00105655
v 0.16904868 0.03002944 -0.00249049
v 0.16904868 0.03024568 -0.00246202
v 0.16904868 0.03045860 -0.00241481
v 0.16904868 0.03002944 0.00249049
v 0.16904868 0.02981156 0.00250000
v 0.16904868 0.02959367 0.00249049
v 0.16904868 0.02937743 0.00246202
v 0.16904868 0.02916451 0.00241481
v 0.16904868 0.02895650 0.00234923
v 0.16904868 0.02875501 0.00226577
v 0.16904868 0.02856155 0.00216506
v 0.16904868 0.02837761 0.00204788
v 0.16904868 0.02820459 0.00191511
v 0.16904868 0.02804379 0.00176777
v 0.16904868 0.02789645 0.00160697
v 0.16904868 0.02776368 0.00143394
v 0.16904868 0.02764649 0.00125000
v 0.16904868 0.02754579 0.00105655
v 0.16904868 0.02746232 0.00085505
v 0.16904868 0.02739674 0.00064705
v 0.16904868 0.02734954 0.00043412
v 0.16904868 0.02732107 0.00021789
v 0.16904868 0.02731156 -0.00000000
v 0.16904868 0.02732107 -0.00021789
v 0.16904868 0.02734954 -0.00043412
v 0.16904868 0.02739674 -0.00064705
v 0.16904868 0.02746232 -0.00085505
v 0.16904868 0.02754579 -0.00105655
v 0.16904868 0.02764649 -0.00125000
v 0.16904868 0.02776368 -0.00143394
v 0.16904868 0.02789645 -0.00160697
v 0.16904868 0.02804379 -0.00176777
v 0.16904868 0.02820459 -0.00191511
v 0.16904868 0.02837761 -0.00204788
v 0.16904868 0.02856155 -0.00216506
v 0.16904868 0.02875501 -0.00226577
v 0.16904868 0.02895650 -0.00234923
v 0.16904868 0.02916451 -0.00241481
v 0.16904868 0.02937743 -0.00246202
v 0.16904868 0.02959367 -0.00249049
v 0.16904868 0.02981156 -0.00250000
v 0.16904868 0.03124550 -0.00204788
v 0.16904868 0.03141852 -0.00191511
v 0.16904868 0.03157932 -0.00176777
v 0.16904868 0.03066661 -0.00234923
v 0.16904868 0.03086810 -0.00226577
v 0.16904868 0.03106156 -0.00216506
v 0.17904867 0.07981156 0.00250000
v 0.17904867 0.07959367 0.00249049
v 0.17904867 0.07937744 0.00246202
v 0.17904867 0.07916451 0.00241481
v 0.17904867 0.07895651 0.00234923
v 0.17904867 0.07875501 0.00226577
v 0.17904867 0.07856155 0.00216506
v 0.17904867 0.07837761 0.00204788
v 0.17904867 0.07820459 0.00191511
v 0.17904867 0.07804379 0.00176777
v 0.17904867 0.07789645 0.00160697
v 0.17904867 0.07776368 0.00143394
v 0.17904867 0.07764649 0.00125000
v 0.17904867 0.07754578 0.00105655
v 0.17904867 0.07746232 0.00085505
v 0.17904867 0.07739674 0.00064705
v 0.17904867 0.07734954 0.00043412
v 0.17904867 0.07732107 0.00021789
v 0.17904867 0.07731155 -0.00000000
v 0.17904867 0.07732107 -0.00021789
v 0.17904867 0.07734954 -0.00043412
v 0.17904867 0.07739674 -0.00064705
v 0.17904867 0.07746232 -0.00085505
v 0.17904867 0.07754578 -0.00105655
v 0.17904867 0.07764649 -0.00125000
v 0.17904867 0.07776368 -0.00143394
v 0.17904867 0.07789645 -0.00160697
v 0.17904867 0.07804379 -0.00176777
v 0.17904867 0.07820459 -0.00191511
v 0.17904867 0.07837761 -0.00204788
v 0.17904867 0.07856155 -0.00216506
v 0.17904867 0.07875501 -0.00226577
v 0.17904867 0.07895651 -0.00234923
v 0.17904867 0.07916451 -0.00241481
v 0.17904867 0.07937744 -0.00246202
v 0.17904867 0.07959367 -0.00249049
v 0.17904867 0.07981156 -0.00250000
v 0.17904867 0.08002944 -0.00249049
v 0.17904867 0.08024567 -0.00246202
v 0.17904867 0.08045860 -0.00241481
v 0.17904867 0.08066661 -0.00234923
v 0.17904867 0.08086810 -0.00226577
v 0.17904867 0.08106156 -0.00216506
v 0.17904867 0.08124550 -0.00204788
v 0.17904867 0.08141852 -0.00191511
v 0.17904867 0.08157932 -0.00176777
v 0.17904867 0.08172667 -0.00160697
v 0.17904867 0.08185943 -0.00143394
v 0.17904867 0.08197662 -0.00125000
v 0.17904867 0.08207732 -0.00105655
v 0.17904867 0.08216079 -0.00085505
v 0.17904867 0.08222637 -0.00064705
v 0.17904867 0.08227357 -0.00043412
v 0.17904867 0.08230204 -0.00021789
v 0.17904867 0.08231156 -0.00000000
v 0.17904867 0.08230204 0.00021789
v 0.17904867 0.08227357 0.00043412
v 0.17904867 0.08222637 0.00064705
v 0.17904867 0.08216079 0.00085505
v 0.17904867 0.08207732 0.00105655
v 0.17904867 0.08197662 0.00125000
v 0.17904867 0.08185943 0.00143394
v 0.17904867 0.08172667 0.00160697
v 0.17904867 0.08157932 0.00176777
v 0.17904867 0.08141852 0.00191511
v 0.17904867 0.08124550 0.00204788
v 0.17904867 0.08106156 0.00216506
v 0.17904867 0.08086810 0.00226577
v 0.17904867 0.08066661 0.00234923
v 0.17904867 0.08045860 0.00241481
v 0.17904867 0.08024567 0.00246202
v 0.17904867 0.08002944 0.00249049
v 0.17904867 0.02981156 0.00250000
v 0.17904867 0.02959367 0.00249049
v 0.17904867 0.02937743 0.00246202
v 0.17904867 0.02916451 0.00241481
v 0.17904867 0.02895650 0.00234923
v 0.17904867 0.02875501 0.00226577
v 0.17904867 0.02856155 0.00216506
v 0.17904867 0.02837761 0.00204788
v 0.17904867 0.02820459 0.00191511
v 0.17904867 0.02804379 0.00176777
v 0.17904867 0.02789645 0.00160697
v 0.17904867 0.02776368 0.00143394
v 0.17904867 0.02764649 0.00125000
v 0.17904867 0.02754579 0.00105655
v 0.17904867 0.02746232 0.00085505
v 0.17904867 0.02739674 0.00064705
v 0.17904867 0.02734954 0.00043412
v 0.17904867 0.02732107 0.00021789
v 0.17904867 0.02731156 -0.00000000
v 0.17904867 0.02732107 -0.00021789
v 0.17904867 0.02734954 -0.00043412
v 0.17904867 0.02739674 -0.00064705
v 0.17904867 0.02746232 -0.00085505
v 0.17904867 0.02754579 -0.00105655
v 0.17904867 0.02764649 -0.00125000
v 0.17904867 0.02776368 -0.00143394
v 0.17904867 0.02789645 -0.00160697
v 0.17904867 0.02804379 -0.00176777
v 0.17904867 0.02820459 -0.00191511
v 0.17904867 0.02837761 -0.00204788
v 0.17904867 0.02856155 -0.00216506
v 0.17904867 0.02875501 -0.00226577
v 0.17904867 0.02895650 -0.00234923
v 0.17904867 0.02916451 -0.00241481
v 0.17904867 0.02937743 -0.00246202
v 0.17904867 0.02959367 -0.00249049
v 0.17904867 0.02981156 -0.00250000
v 0.17904867 0.03002944 -0.00249049
v 0.17904867 0.03024568 -0.00246202
v 0.17904867 0.03045860 -0.00241481
v 0.17904867 0.03066661 -0.00234923
v 0.17904867 0.03086810 -0.00226577
v 0.17904867 0.03106156 -0.00216506
v 0.17904867 0.03124550 -0.00204788
v 0.17904867 0.03141852 -0.00191511
v 0.17904867 0.03157932 -0.00176777
v 0.17904867 0.03172667 -0.00160697
v 0.17904867 0.03185944 -0.00143394
v 0.17904867 0.03197662 -0.00125000
v 0.17904867 0.03207732 -0.00105655
v 0.17904867 0.03216079 -0.00085505
v 0.17904867 0.03222637 -0.00064705
v 0.17904867 0.03227358 -0.00043412
v 0.17904867 0.03230204 -0.00021789
v 0.17904867 0.03231155 -0.00000000
v 0.17904867 0.03230204 0.00021789
v 0.17904867 0.03227358 0.00043412
v 0.17904867 0.03222637 0.00064705
v 0.17904867 0.03216079 0.00085505
v 0.17904867 0.03207732 0.00105655
v 0.17904867 0.03197662 0.00125000
v 0.17904867 0.03185944 0.00143394
v 0.17904867 0.03172667 0.00160697
v 0.17904867 0.03157932 0.00176777
v 0.17904867 0.03141852 0.00191511
v 0.17904867 0.03124550 0.00204788
v 0.17904867 0.03106156 0.00216506
v 0.17904867 0.03086810 0.00226577
v 0.17904867 0.03066661 0.00234923
v 0.17904867 0.03045860 0.00241481
v 0.17904867 0.03024568 0.00246202
v 0.17904867 0.03002944 0.00249049
v 0.16292153 0.05232107 -0.02521789
v 0.16291554 0.05231394 -0.02510905
v 0.17904867 0.05232107 -0.02521789
v 0.17904867 0.05231155 -0.02500000
v 0.16293150 0.05233295 -0.02532632
v 0.17904867 0.05234954 -0.02543412
v 0.16294542 0.05234954 -0.02543412
v 0.16296327 0.05237082 -0.02554110
v 0.17904867 0.05239674 -0.02564705
v 0.16298503 0.05239674 -0.02564705
v 0.16301064 0.05242726 -0.02575176
v 0.17904867 0.05246232 -0.02585505
v 0.16304006 0.05246232 -0.02585505
v 0.16307323 0.05250186 -0.02595671
v 0.17904867 0.05254579 -0.02605654
v 0.16311009 0.05254579 -0.02605654
v 0.16315058 0.05259403 -0.02615437
v 0.17904867 0.05264649 -0.02625000
v 0.16319460 0.05264649 -0.02625000
v 0.16324207 0.05270308 -0.02634325
v 0.17904867 0.05276367 -0.02643394
v 0.16329293 0.05276367 -0.02643394
v 0.16334705 0.05282817 -0.02652190
v 0.17904867 0.05289644 -0.02660697
v 0.16340433 0.05289644 -0.02660697
v 0.17904867 0.05304379 -0.02676777
v 0.16352797 0.05304379 -0.02676777
v 0.17904867 0.05320458 -0.02691511
v 0.16366290 0.05320458 -0.02691511
v 0.17904867 0.05337761 -0.02704788
v 0.16380808 0.05337761 -0.02704788
v 0.17904867 0.05356156 -0.02716506
v 0.16396242 0.05356156 -0.02716506
v 0.17904867 0.05375501 -0.02726577
v 0.16412476 0.05375501 -0.02726577
v 0.17904867 0.05395650 -0.02734923
v 0.16429383 0.05395650 -0.02734923
v 0.17904867 0.05416451 -0.02741481
v 0.16446836 0.05416451 -0.02741481
v 0.17904867 0.05437744 -0.02746202
v 0.16464703 0.05437744 -0.02746202
v 0.17904867 0.05459367 -0.02749049
v 0.16482846 0.05459367 -0.02749049
v 0.17904867 0.05481156 -0.02750000
v 0.16501130 0.05481156 -0.02750000
v 0.17904867 0.05502944 -0.02749049
v 0.16519412 0.05502944 -0.02749049
v 0.17904867 0.05524568 -0.02746202
v 0.16537558 0.05524568 -0.02746202
v 0.17904867 0.05545860 -0.02741481
v 0.16555424 0.05545860 -0.02741481
v 0.17904867 0.05566661 -0.02734923
v 0.16572878 0.05566661 -0.02734923
v 0.17904867 0.05586810 -0.02726577
v 0.16589785 0.05586810 -0.02726577
v 0.17904867 0.05606155 -0.02716506
v 0.16606018 0.05606155 -0.02716506
v 0.17904867 0.05624550 -0.02704788
v 0.16621453 0.05624550 -0.02704788
v 0.17904867 0.05641852 -0.02691511
v 0.16635971 0.05641852 -0.02691511
v 0.17904867 0.05657932 -0.02676777
v 0.16649464 0.05657932 -0.02676777
v 0.17904867 0.05672667 -0.02660697
v 0.16661827 0.05672667 -0.02660697
v 0.17904867 0.05685944 -0.02643394
v 0.16672967 0.05685944 -0.02643394
v 0.16667555 0.05679494 -0.02652190
v 0.17904867 0.05697662 -0.02625000
v 0.17904867 0.05707733 -0.02605654
v 0.16691251 0.05707733 -0.02605654
v 0.16687202 0.05702908 -0.02615437
v 0.16682801 0.05697662 -0.02625000
v 0.16678053 0.05692003 -0.02634325
v 0.17904867 0.05716079 -0.02585505
v 0.17904867 0.05722637 -0.02564705
v 0.16703758 0.05722637 -0.02564705
v 0.16701196 0.05719585 -0.02575176
v 0.16698255 0.05716079 -0.02585505
v 0.16694936 0.05712125 -0.02595671
v 0.17904867 0.05727357 -0.02543412
v 0.17904867 0.05730204 -0.02521789
v 0.16710107 0.05730204 -0.02521789
v 0.16709110 0.05729017 -0.02532632
v 0.16707718 0.05727357 -0.02543412
v 0.16705932 0.05725230 -0.02554110
v 0.17904867 0.05730204 -0.02478211
v 0.16710705 0.05730918 -0.02489095
v 0.17904867 0.05731156 -0.02500000
v 0.16710904 0.05731156 -0.02500000
v 0.16710705 0.05730918 -0.02510905
v 0.17904867 0.05727357 -0.02456588
v 0.16709110 0.05729017 -0.02467369
v 0.16710107 0.05730204 -0.02478211
v 0.17904867 0.05722637 -0.02435295
v 0.16705932 0.05725230 -0.02445890
v 0.16707718 0.05727357 -0.02456588
v 0.17904867 0.05716079 -0.02414495
v 0.16701196 0.05719585 -0.02424823
v 0.16703758 0.05722637 -0.02435295
v 0.17904867 0.05707733 -0.02394345
v 0.16694936 0.05712125 -0.02404329
v 0.16698255 0.05716079 -0.02414495
v 0.17904867 0.05697662 -0.02375000
v 0.16687202 0.05702908 -0.02384563
v 0.16691251 0.05707733 -0.02394345
v 0.17904867 0.05685944 -0.02356606
v 0.16678053 0.05692003 -0.02365675
v 0.16682801 0.05697662 -0.02375000
v 0.17904867 0.05289644 -0.02339303
v 0.16352797 0.05304379 -0.02323223
v 0.17904867 0.05304379 -0.02323223
v 0.16366290 0.05320458 -0.02308489
v 0.17904867 0.05320458 -0.02308489
v 0.16380808 0.05337761 -0.02295212
v 0.17904867 0.05337761 -0.02295212
v 0.16396242 0.05356156 -0.02283494
v 0.17904867 0.05356156 -0.02283494
v 0.16412476 0.05375501 -0.02273423
v 0.17904867 0.05375501 -0.02273423
v 0.16429383 0.05395650 -0.02265077
v 0.17904867 0.05395650 -0.02265077
v 0.16446836 0.05416451 -0.02258519
v 0.17904867 0.05416451 -0.02258519
v 0.16464703 0.05437744 -0.02253798
v 0.17904867 0.05437744 -0.02253798
v 0.16482846 0.05459367 -0.02250951
v 0.17904867 0.05459367 -0.02250951
v 0.16501130 0.05481156 -0.02250000
v 0.17904867 0.05481156 -0.02250000
v 0.16519412 0.05502944 -0.02250951
v 0.17904867 0.05502944 -0.02250951
v 0.16537558 0.05524568 -0.02253798
v 0.17904867 0.05524568 -0.02253798
v 0.16555424 0.05545860 -0.02258519
v 0.17904867 0.05545860 -0.02258519
v 0.16572878 0.05566661 -0.02265077
v 0.17904867 0.05566661 -0.02265077
v 0.16589785 0.05586810 -0.02273423
v 0.17904867 0.05586810 -0.02273423
v 0.16606018 0.05606155 -0.02283494
v 0.17904867 0.05606155 -0.02283494
v 0.16621453 0.05624550 -0.02295212
v 0.17904867 0.05624550 -0.02295212
v 0.16635971 0.05641852 -0.02308489
v 0.17904867 0.05641852 -0.02308489
v 0.16649464 0.05657932 -0.02323223
v 0.17904867 0.05657932 -0.02323223
v 0.16661827 0.05672667 -0.02339303
v 0.17904867 0.05672667 -0.02339303
v 0.16667555 0.05679494 -0.02347810
v 0.16672967 0.05685944 -0.02356606
v 0.17904867 0.05276367 -0.02356606
v 0.16334705 0.05282817 -0.02347810
v 0.16340433 0.05289644 -0.02339303
v 0.17904867 0.05264649 -0.02375000
v 0.16324207 0.05270308 -0.02365675
v 0.16329293 0.05276367 -0.02356606
v 0.17904867 0.05254579 -0.02394345
v 0.16315058 0.05259403 -0.02384563
v 0.16319460 0.05264649 -0.02375000
v 0.17904867 0.05246232 -0.02414495
v 0.16307323 0.05250186 -0.02404329
v 0.16311009 0.05254579 -0.02394345
v 0.17904867 0.05239674 -0.02435295
v 0.16301064 0.05242726 -0.02424823
v 0.16304006 0.05246232 -0.02414495
v 0.17904867 0.05234954 -0.02456588
v 0.16296327 0.05237082 -0.02445890
v 0.16298503 0.05239674 -0.02435295
v 0.17904867 0.05232107 -0.02478211
v 0.16293150 0.05233295 -0.02467369
v 0.16294542 0.05234954 -0.02456588
v 0.16291355 0.05231155 -0.02500000
v 0.16291554 0.05231394 -0.02489095
v 0.16292153 0.05232107 -0.02478211
v 0.16292153 0.05232107 0.02478211
v 0.16291554 0.05231394 0.02489095
v 0.17904867 0.05232107 0.02478211
v 0.17904867 0.05231155 0.02500000
v 0.16293150 0.05233295 0.02467369
v 0.17904867 0.05234954 0.02456588
v 0.16294542 0.05234954 0.02456588
v 0.16296327 0.05237082 0.02445890
v 0.17904867 0.05239674 0.02435295
v 0.16298503 0.05239674 0.02435295
v 0.16301064 0.05242726 0.02424823
v 0.17904867 0.05246232 0.02414495
v 0.16304006 0.05246232 0.02414495
v 0.16307323 0.05250186 0.02404329
v 0.17904867 0.05254579 0.02394345
v 0.16311009 0.05254579 0.02394345
v 0.16315058 0.05259403 0.02384563
v 0.17904867 0.05264649 0.02375000
v 0.16319460 0.05264649 0.02375000
v 0.16324207 0.05270308 0.02365675
v 0.17904867 0.05276367 0.02356606
v 0.16329293 0.05276367 0.02356606
v 0.16334705 0.05282817 0.02347810
v 0.17904867 0.05289644 0.02339303
v 0.16340433 0.05289644 0.02339303
v 0.17904867 0.05304379 0.02323223
v 0.16352797 0.05304379 0.02323223
v 0.17904867 0.05320458 0.02308489
v 0.16366290 0.05320458 0.02308489
v 0.17904867 0.05337761 0.02295212
v 0.16380808 0.05337761 0.02295212
v 0.17904867 0.05356156 0.02283494
v 0.16396242 0.05356156 0.02283494
v 0.17904867 0.05375501 0.02273423
v 0.16412476 0.05375501 0.02273423
v 0.17904867 0.05395650 0.02265077
v 0.16429383 0.05395650 0.02265077
v 0.17904867 0.05416451 0.02258519
v 0.16446836 0.05416451 0.02258519
v 0.17904867 0.05437744 0.02253798
v 0.16464703 0.05437744 0.02253798
v 0.17904867 0.05459367 0.02250951
v 0.16482846 0.05459367 0.02250951
v 0.17904867 0.05481156 0.02250000
v 0.16501130 0.05481156 0.02250000
v 0.17904867 0.05502944 0.02250951
v 0.16519412 0.05502944 0.02250951
v 0.17904867 0.05524568 0.02253798
v 0.16537558 0.05524568 0.02253798
v 0.17904867 0.05545860 0.02258519
v 0.16555424 0.05545860 0.02258519
v 0.17904867 0.05566661 0.02265077
v 0.16572878 0.05566661 0.02265077
v 0.17904867 0.05586810 0.02273423
v 0.16589785 0.05586810 0.02273423
v 0.17904867 0.05606155 0.02283494
v 0.16606018 0.05606155 0.02283494
v 0.17904867 0.05624550 0.02295212
v 0.16621453 0.05624550 0.02295212
v 0.17904867 0.05641852 0.02308489
v 0.16635971 0.05641852 0.02308489
v 0.17904867 0.05657932 0.02323223
v 0.16649464 0.05657932 0.02323223
v 0.17904867 0.05672667 0.02339303
v 0.16661827 0.05672667 0.02339303
v 0.17904867 0.05685944 0.02356606
v 0.16672967 0.05685944 0.02356606
v 0.16667555 0.05679494 0.02347810
v 0.17904867 0.05697662 0.02375000
v 0.17904867 0.05707733 0.02394345
v 0.16691251 0.05707733 0.02394345
v 0.16687202 0.05702908 0.02384563
v 0.16682801 0.05697662 0.02375000
v 0.16678053 0.05692003 0.02365675
v 0.17904867 0.05716079 0.02414495
v 0.17904867 0.05722637 0.02435295
v 0.16703758 0.05722637 0.02435295
v 0.16701196 0.05719585 0.02424823
v 0.16698255 0.05716079 0.02414495
v 0.16694936 0.05712125 0.02404329
v 0.17904867 0.05727357 0.02456588
v 0.17904867 0.05730204 0.02478211
v 0.16710107 0.05730204 0.02478211
v 0.16709110 0.05729017 0.02467369
v 0.16707718 0.05727357 0.02456588
v 0.16705932 0.05725230 0.02445890
v 0.17904867 0.05730204 0.02521789
v 0.16710705 0.05730918 0.02510905
v 0.17904867 0.05731156 0.02500000
v 0.16710904 0.05731156 0.02500000
v 0.16710705 0.05730918 0.02489095
v 0.17904867 0.05727357 0.02543412
v 0.16709110 0.05729017 0.02532632
v 0.16710107 0.05730204 0.02521789
v 0.17904867 0.05722637 0.02564705
v 0.16705932 0.05725230 0.02554110
v 0.16707718 0.05727357 0.02543412
v 0.17904867 0.05716079 0.02585505
v 0.16701196 0.05719585 0.02575176
v 0.16703758 0.05722637 0.02564705
v 0.17904867 0.05707733 0.02605654
v 0.16694936 0.05712125 0.02595671
v 0.16698255 0.05716079 0.02585505
v 0.17904867 0.05697662 0.02625000
v 0.16687202 0.05702908 0.02615437
v 0.16691251 0.05707733 0.02605654
v 0.17904867 0.05685944 0.02643394
v 0.16678053 0.05692003 0.02634325
v 0.16682801 0.05697662 0.02625000
v 0.17904867 0.05289644 0.02660697
v 0.16352797 0.05304379 0.02676777
v 0.17904867 0.05304379 0.02676777
v 0.16366290 0.05320458 0.02691511
v 0.17904867 0.05320458 0.02691511
v 0.16380808 0.05337761 0.02704788
v 0.17904867 0.05337761 0.02704788
v 0.16396242 0.05356156 0.02716506
v 0.17904867 0.05356156 0.02716506
v 0.16412476 0.05375501 0.02726577
v 0.17904867 0.05375501 0.02726577
v 0.16429383 0.05395650 0.02734923
v 0.17904867 0.05395650 0.02734923
v 0.16446836 0.05416451 0.02741481
v 0.17904867 0.05416451 0.02741481
v 0.16464703 0.05437744 0.02746202
v 0.17904867 0.05437744 0.02746202
v 0.16482846 0.05459367 0.02749049
v 0.17904867 0.05459367 0.02749049
v 0.16501130 0.05481156 0.02750000
v 0.17904867 0.05481156 0.02750000
v 0.16519412 0.05502944 0.02749049
v 0.17904867 0.05502944 0.02749049
v 0.16537558 0.05524568 0.02746202
v 0.17904867 0.05524568 0.02746202
v 0.16555424 0.05545860 0.02741481
v 0.17904867 0.05545860 0.02741481
v 0.16572878 0.05566661 0.02734923
v 0.17904867 0.05566661 0.02734923
v 0.16589785 0.05586810 0.02726577
v 0.17904867 0.05586810 0.02726577
v 0.16606018 0.05606155 0.02716506
v 0.17904867 0.05606155 0.02716506
v 0.16621453 0.05624550 0.02704788
v 0.17904867 0.05624550 0.02704788
v 0.16635971 0.05641852 0.02691511
v 0.17904867 0.05641852 0.02691511
v 0.16649464 0.05657932 0.02676777
v 0.17904867 0.05657932 0.02676777
v 0.16661827 0.05672667 0.02660697
v 0.17904867 0.05672667 0.02660697
v 0.16667555 0.05679494 0.02652190
v 0.16672967 0.05685944 0.02643394
v 0.17904867 0.05276367 0.02643394
v 0.16334705 0.05282817 0.02652190
v 0.16340433 0.05289644 0.02660697
v 0.17904867 0.05264649 0.02625000
v 0.16324207 0.05270308 0.02634325
v 0.16329293 0.05276367 0.02643394
v 0.17904867 0.05254579 0.02605654
v 0.16315058 0.05259403 0.02615437
v 0.16319460 0.05264649 0.02625000
v 0.17904867 0.05246232 0.02585505
v 0.16307323 0.05250186 0.02595671
v 0.16311009 0.05254579 0.02605654
v 0.17904867 0.05239674 0.02564705
v 0.16301064 0.05242726 0.02575176
v 0.16304006 0.05246232 0.02585505
v 0.17904867 0.05234954 0.02543412
v 0.16296327 0.05237082 0.02554110
v 0.16298503 0.05239674 0.02564705
v 0.17904867 0.05232107 0.02521789
v 0.16293150 0.05233295 0.02532632
v 0.16294542 0.05234954 0.02543412
v 0.16291355 0.05231155 0.02500000
v 0.16291554 0.05231394 0.02510905
v 0.16292153 0.05232107 0.02521789
v 0.17904867 0.10962311 -0.03000000
v 0.17904867 0.10962311 0.03000000
v 0.17904867 -0.00000000 -0.03000000
v 0.17904867 0.00000000 -0.02750000
v 0.17904867 0.00000000 -0.01150000
v 0.17904867 0.00000000 -0.00450000
v 0.17904867 0.00000000 0.01400000
v 0.17904867 -0.00000000 0.03000000
v 0.12405355 0.00600000 0.03000000
v 0.12405355 0.00600000 -0.03000000
v 0.12405355 0.00600000 -0.02750000
v 0.12405355 0.00600000 -0.00450000
v 0.12405355 0.00600000 0.01400000
v 0.12405355 0.00600000 -0.01150000
v 0.05800000 0.00600000 -0.02200000
v 0.05800000 0.00000000 -0.02200000
v 0.05798097 0.00600000 -0.02156422
v 0.05798097 0.00000000 -0.02156422
v 0.05792404 0.00600000 -0.02113176
v 0.05792404 0.00000000 -0.02113176
v 0.05782963 0.00600000 -0.02070590
v 0.05782963 0.00000000 -0.02070590
v 0.05769846 0.00600000 -0.02028990
v 0.05769846 0.00000000 -0.02028990
v 0.05753154 0.00600000 -0.01988691
v 0.05753154 0.00000000 -0.01988691
v 0.05733013 0.00600000 -0.01950000
v 0.05733013 0.00000000 -0.01950000
v 0.05709576 0.00600000 -0.01913212
v 0.05709576 0.00000000 -0.01913212
v 0.05683022 0.00600000 -0.01878606
v 0.05683022 0.00000000 -0.01878606
v 0.05653553 0.00600000 -0.01846447
v 0.05653553 0.00000000 -0.01846447
v 0.05621394 0.00600000 -0.01816978
v 0.05621394 0.00000000 -0.01816978
v 0.05586788 0.00600000 -0.01790424
v 0.05586788 0.00000000 -0.01790424
v 0.05550000 0.00600000 -0.01766987
v 0.05550000 0.00000000 -0.01766987
v 0.05511309 0.00600000 -0.01746846
v 0.05511309 0.00000000 -0.01746846
v 0.05471010 0.00600000 -0.01730154
v 0.05471010 0.00000000 -0.01730154
v 0.05429409 0.00600000 -0.01717037
v 0.05429409 0.00000000 -0.01717037
v 0.05386824 0.00600000 -0.01707596
v 0.05386824 0.00000000 -0.01707596
v 0.05343578 0.00600000 -0.01701903
v 0.05343578 0.00000000 -0.01701903
v 0.05300000 0.00600000 -0.01700000
v 0.05300000 0.00000000 -0.01700000
v 0.05256422 0.00600000 -0.01701903
v 0.05256422 0.00000000 -0.01701903
v 0.05213176 0.00600000 -0.01707596
v 0.05213176 0.00000000 -0.01707596
v 0.05170590 0.00600000 -0.01717037
v 0.05170590 0.00000000 -0.01717037
v 0.05128990 0.00600000 -0.01730154
v 0.05128990 0.00000000 -0.01730154
v 0.05088691 0.00600000 -0.01746846
v 0.05088691 0.00000000 -0.01746846
v 0.05050000 0.00600000 -0.01766987
v 0.05050000 0.00000000 -0.01766987
v 0.05013212 0.00600000 -0.01790424
v 0.05013212 0.00000000 -0.01790424
v 0.04978606 0.00600000 -0.01816978
v 0.04978606 0.00000000 -0.01816978
v 0.04946447 0.00600000 -0.01846447
v 0.04946447 0.00000000 -0.01846447
v 0.04916978 0.00600000 -0.01878606
v 0.04916978 0.00000000 -0.01878606
v 0.04890424 0.00600000 -0.01913212
v 0.04890424 0.00000000 -0.01913212
v 0.04866987 0.00600000 -0.01950000
v 0.04866987 0.00000000 -0.01950000
v 0.04846846 0.00600000 -0.01988691
v 0.04846846 0.00000000 -0.01988691
v 0.04830154 0.00600000 -0.02028990
v 0.04830154 0.00000000 -0.02028990
v 0.04817037 0.00600000 -0.02070590
v 0.04817037 0.00000000 -0.02070590
v 0.04807596 0.00600000 -0.02113176
v 0.04807596 0.00000000 -0.02113176
v 0.04801903 0.00600000 -0.02156422
v 0.04801903 0.00000000 -0.02156422
v 0.04800000 0.00600000 -0.02200000
v 0.04800000 0.00000000 -0.02200000
v 0.04801903 0.00600000 -0.02243578
v 0.04801903 0.00000000 -0.02243578
v 0.04807596 0.00600000 -0.02286824
v 0.04807596 0.00000000 -0.02286824
v 0.04817037 0.00600000 -0.02329409
v 0.04817037 0.00000000 -0.02329409
v 0.04830154 0.00600000 -0.02371010
v 0.04830154 0.00000000 -0.02371010
v 0.04846846 0.00600000 -0.02411309
v 0.04846846 0.00000000 -0.02411309
v 0.04866987 0.00600000 -0.02450000
v 0.04866987 0.00000000 -0.02450000
v 0.04890424 0.00600000 -0.02486788
v 0.04890424 0.00000000 -0.02486788
v 0.04916978 0.00600000 -0.02521394
v 0.04916978 0.00000000 -0.02521394
v 0.04946447 0.00600000 -0.02553553
v 0.04946447 0.00000000 -0.02553553
v 0.04978606 0.00600000 -0.02583022
v 0.04978606 0.00000000 -0.02583022
v 0.05013212 0.00600000 -0.02609576
v 0.05013212 0.00000000 -0.02609576
v 0.05050000 0.00600000 -0.02633013
v 0.05050000 0.00000000 -0.02633013
v 0.05088691 0.00600000 -0.02653154
v 0.05088691 0.00000000 -0.02653154
v 0.05128990 0.00600000 -0.02669846
v 0.05128990 0.00000000 -0.02669846
v 0.05170590 0.00600000 -0.02682963
v 0.05170590 0.00000000 -0.02682963
v 0.05213176 0.00600000 -0.02692404
v 0.05213176 0.00000000 -0.02692404
v 0.05256422 0.00600000 -0.02698097
v 0.05256422 0.00000000 -0.02698097
v 0.05300000 0.00600000 -0.02700000
v 0.05300000 0.00000000 -0.02700000
v 0.05343578 0.00600000 -0.02698097
v 0.05343578 0.00000000 -0.02698097
v 0.05386824 0.00600000 -0.02692404
v 0.05386824 0.00000000 -0.02692404
v 0.05429409 0.00600000 -0.02682963
v 0.05429409 0.00000000 -0.02682963
v 0.05471010 0.00600000 -0.02669846
v 0.05471010 0.00000000 -0.02669846
v 0.05511309 0.00600000 -0.02653154
v 0.05511309 0.00000000 -0.02653154
v 0.05550000 0.00600000 -0.02633013
v 0.05550000 0.00000000 -0.02633013
v 0.05586788 0.00600000 -0.02609576
v 0.05586788 0.00000000 -0.02609576
v 0.05621394 0.00600000 -0.02583022
v 0.05621394 0.00000000 -0.02583022
v 0.05653553 0.00600000 -0.02553553
v 0.05653553 0.00000000 -0.02553553
v 0.05683022 0.00600000 -0.02521394
v 0.05683022 0.00000000 -0.02521394
v 0.05709576 0.00600000 -0.02486788
v 0.05709576 0.00000000 -0.02486788
v 0.05733013 0.00600000 -0.02450000
v 0.05733013 0.00000000 -0.02450000
v 0.05753154 0.00600000 -0.02411309
v 0.05753154 0.00000000 -0.02411309
v 0.05769846 0.00600000 -0.02371010
v 0.05769846 0.00000000 -0.02371010
v 0.05782963 0.00600000 -0.02329409
v 0.05782963 0.00000000 -0.02329409
v 0.05792404 0.00600000 -0.02286824
v 0.05792404 0.00000000 -0.02286824
v 0.05798097 0.00600000 -0.02243578
v 0.05798097 0.00000000 -0.02243578
v 0.08600000 0.00600000 0.00000000
v 0.08600000 0.00000000 -0.00000000
v 0.08597717 0.00600000 0.00052293
v 0.08597717 0.00000000 0.00052293
v 0.08590885 0.00600000 0.00104189
v 0.08590885 0.00000000 0.00104189
v 0.08579555 0.00600000 0.00155291
v 0.08579555 0.00000000 0.00155291
v 0.08563816 0.00600000 0.00205212
v 0.08563816 0.00000000 0.00205212
v 0.08543785 0.00600000 0.00253571
v 0.08543785 0.00000000 0.00253571
v 0.08519615 0.00600000 0.00300000
v 0.08519615 0.00000000 0.00300000
v 0.08491492 0.00600000 0.00344146
v 0.08491492 0.00000000 0.00344146
v 0.08459627 0.00600000 0.00385673
v 0.08459627 0.00000000 0.00385673
v 0.08424264 0.00600000 0.00424264
v 0.08424264 0.00000000 0.00424264
v 0.08385672 0.00600000 0.00459627
v 0.08385672 0.00000000 0.00459627
v 0.08344146 0.00600000 0.00491491
v 0.08344146 0.00000000 0.00491491
v 0.08300000 0.00600000 0.00519615
v 0.08300000 0.00000000 0.00519615
v 0.08253571 0.00600000 0.00543785
v 0.08253571 0.00000000 0.00543785
v 0.08205212 0.00600000 0.00563816
v 0.08205212 0.00000000 0.00563816
v 0.08155292 0.00600000 0.00579556
v 0.08155292 0.00000000 0.00579556
v 0.08104189 0.00600000 0.00590885
v 0.08104189 0.00000000 0.00590885
v 0.08052293 0.00600000 0.00597717
v 0.08052293 0.00000000 0.00597717
v 0.08000000 0.00600000 0.00600000
v 0.08000000 0.00000000 0.00600000
v 0.07947706 0.00600000 0.00597717
v 0.07947706 0.00000000 0.00597717
v 0.07895811 0.00600000 0.00590885
v 0.07895811 0.00000000 0.00590885
v 0.07844709 0.00600000 0.00579556
v 0.07844709 0.00000000 0.00579556
v 0.07794788 0.00600000 0.00563816
v 0.07794788 0.00000000 0.00563816
v 0.07746429 0.00600000 0.00543785
v 0.07746429 0.00000000 0.00543785
v 0.07700000 0.00600000 0.00519615
v 0.07700000 0.00000000 0.00519615
v 0.07655854 0.00600000 0.00491491
v 0.07655854 0.00000000 0.00491491
v 0.07614327 0.00600000 0.00459627
v 0.07614327 0.00000000 0.00459627
v 0.07575736 0.00600000 0.00424264
v 0.07575736 0.00000000 0.00424264
v 0.07540374 0.00600000 0.00385673
v 0.07540374 0.00000000 0.00385673
v 0.07508509 0.00600000 0.00344146
v 0.07508509 0.00000000 0.00344146
v 0.07480384 0.00600000 0.00300000
v 0.07480384 0.00000000 0.00300000
v 0.07456215 0.00600000 0.00253571
v 0.07456215 0.00000000 0.00253571
v 0.07436185 0.00600000 0.00205212
v 0.07436185 0.00000000 0.00205212
v 0.07420444 0.00600000 0.00155291
v 0.07420444 0.00000000 0.00155291
v 0.07409115 0.00600000 0.00104189
v 0.07409115 0.00000000 0.00104189
v 0.07402283 0.00600000 0.00052293
v 0.07402283 0.00000000 0.00052293
v 0.07400000 0.00600000 0.00000000
v 0.07400000 0.00000000 0.00000000
v 0.07402283 0.00600000 -0.00052293
v 0.07402283 0.00000000 -0.00052293
v 0.07409115 0.00600000 -0.00104189
v 0.07409115 0.00000000 -0.00104189
v 0.07420444 0.00600000 -0.00155291
v 0.07420444 0.00000000 -0.00155291
v 0.07436185 0.00600000 -0.00205212
v 0.07436185 0.00000000 -0.00205212
v 0.07456215 0.00600000 -0.00253571
v 0.07456215 0.00000000 -0.00253571
v 0.07480384 0.00600000 -0.00300000
v 0.07480384 0.00000000 -0.00300000
v 0.07508509 0.00600000 -0.00344146
v 0.07508509 0.00000000 -0.00344146
v 0.07540374 0.00600000 -0.00385673
v 0.07540374 0.00000000 -0.00385673
v 0.07575736 0.00600000 -0.00424264
v 0.07575736 0.00000000 -0.00424264
v 0.07614327 0.00600000 -0.00459627
v 0.07614327 0.00000000 -0.00459627
v 0.07655854 0.00600000 -0.00491491
v 0.07655854 0.00000000 -0.00491491
v 0.07700000 0.00600000 -0.00519615
v 0.07700000 0.00000000 -0.00519615
v 0.07746429 0.00600000 -0.00543785
v 0.07746429 0.00000000 -0.00543785
v 0.07794788 0.00600000 -0.00563816
v 0.07794788 0.00000000 -0.00563816
v 0.07844709 0.00600000 -0.00579556
v 0.07844709 0.00000000 -0.00579556
v 0.07895811 0.00600000 -0.00590885
v 0.07895811 0.00000000 -0.00590885
v 0.07947706 0.00600000 -0.00597717
v 0.07947706 0.00000000 -0.00597717
v 0.08000000 0.00600000 -0.00600000
v 0.08000000 0.00000000 -0.00600000
v 0.08052293 0.00600000 -0.00597717
v 0.08052293 0.00000000 -0.00597717
v 0.08104189 0.00600000 -0.00590885
v 0.08104189 0.00000000 -0.00590885
v 0.08155292 0.00600000 -0.00579556
v 0.08155292 0.00000000 -0.00579556
v 0.08205212 0.00600000 -0.00563816
v 0.08205212 0.00000000 -0.00563816
v 0.08253571 0.00600000 -0.00543785
v 0.08253571 0.00000000 -0.00543785
v 0.08300000 0.00600000 -0.00519615
v 0.08300000 0.00000000 -0.00519615
v 0.08344146 0.00600000 -0.00491491
v 0.08344146 0.00000000 -0.00491491
v 0.08385672 0.00600000 -0.00459627
v 0.08385672 0.00000000 -0.00459627
v 0.08424264 0.00600000 -0.00424264
v 0.08424264 0.00000000 -0.00424264
v 0.08459627 0.00600000 -0.00385673
v 0.08459627 0.00000000 -0.00385673
v 0.08491492 0.00600000 -0.00344146
v 0.08491492 0.00000000 -0.00344146
v 0.08519615 0.00600000 -0.00300000
v 0.08519615 0.00000000 -0.00300000
v 0.08543785 0.00600000 -0.00253571
v 0.08543785 0.00000000 -0.00253571
v 0.08563816 0.00600000 -0.00205212
v 0.08563816 0.00000000 -0.00205212
v 0.08579555 0.00600000 -0.00155291
v 0.08579555 0.00000000 -0.00155291
v 0.08590885 0.00600000 -0.00104189
v 0.08590885 0.00000000 -0.00104189
v 0.08597717 0.00600000 -0.00052293
v 0.08597717 0.00000000 -0.00052293
v 0.04600000 0.00600000 0.00000000
v 0.04600000 0.00000000 0.00000000
v 0.04598859 0.00600000 0.00026147
v 0.04598859 0.00000000 0.00026147
v 0.04595442 0.00600000 0.00052094
v 0.04595442 0.00000000 0.00052094
v 0.04589778 0.00600000 0.00077646
v 0.04589778 0.00000000 0.00077646
v 0.04581908 0.00600000 0.00102606
v 0.04581908 0.00000000 0.00102606
v 0.04571892 0.00600000 0.00126785
v 0.04571892 0.00000000 0.00126785
v 0.04559807 0.00600000 0.00150000
v 0.04559807 0.00000000 0.00150000
v 0.04545746 0.00600000 0.00172073
v 0.04545746 0.00000000 0.00172073
v 0.04529813 0.00600000 0.00192836
v 0.04529813 0.00000000 0.00192836
v 0.04512132 0.00600000 0.00212132
v 0.04512132 0.00000000 0.00212132
v 0.04492836 0.00600000 0.00229813
v 0.04492836 0.00000000 0.00229813
v 0.04472073 0.00600000 0.00245746
v 0.04472073 0.00000000 0.00245746
v 0.04450000 0.00600000 0.00259808
v 0.04450000 0.00000000 0.00259808
v 0.04426786 0.00600000 0.00271892
v 0.04426786 0.00000000 0.00271892
v 0.04402606 0.00600000 0.00281908
v 0.04402606 0.00000000 0.00281908
v 0.04377646 0.00600000 0.00289778
v 0.04377646 0.00000000 0.00289778
v 0.04352095 0.00600000 0.00295442
v 0.04352095 0.00000000 0.00295442
v 0.04326147 0.00600000 0.00298858
v 0.04326147 0.00000000 0.00298858
v 0.04300000 0.00600000 0.00300000
v 0.04300000 0.00000000 0.00300000
v 0.04273853 0.00600000 0.00298858
v 0.04273853 0.00000000 0.00298858
v 0.04247906 0.00600000 0.00295442
v 0.04247906 0.00000000 0.00295442
v 0.04222354 0.00600000 0.00289778
v 0.04222354 0.00000000 0.00289778
v 0.04197394 0.00600000 0.00281908
v 0.04197394 0.00000000 0.00281908
v 0.04173214 0.00600000 0.00271892
v 0.04173214 0.00000000 0.00271892
v 0.04150000 0.00600000 0.00259808
v 0.04150000 0.00000000 0.00259808
v 0.04127927 0.00600000 0.00245746
v 0.04127927 0.00000000 0.00245746
v 0.04107164 0.00600000 0.00229813
v 0.04107164 0.00000000 0.00229813
v 0.04087868 0.00600000 0.00212132
v 0.04087868 0.00000000 0.00212132
v 0.04070187 0.00600000 0.00192836
v 0.04070187 0.00000000 0.00192836
v 0.04054254 0.00600000 0.00172073
v 0.04054254 0.00000000 0.00172073
v 0.04040192 0.00600000 0.00150000
v 0.04040192 0.00000000 0.00150000
v 0.04028108 0.00600000 0.00126785
v 0.04028108 0.00000000 0.00126785
v 0.04018092 0.00600000 0.00102606
v 0.04018092 0.00000000 0.00102606
v 0.04010222 0.00600000 0.00077646
v 0.04010222 0.00000000 0.00077646
v 0.04004558 0.00600000 0.00052094
v 0.04004558 0.00000000 0.00052094
v 0.04001142 0.00600000 0.00026147
v 0.04001142 0.00000000 0.00026147
v 0.04000000 0.00600000 0.00000000
v 0.04000000 0.00000000 0.00000000
v 0.04001142 0.00600000 -0.00026147
v 0.04001142 0.00000000 -0.00026147
v 0.04004558 0.00600000 -0.00052094
v 0.04004558 0.00000000 -0.00052094
v 0.04010222 0.00600000 -0.00077646
v 0.04010222 0.00000000 -0.00077646
v 0.04018092 0.00600000 -0.00102606
v 0.04018092 0.00000000 -0.00102606
v 0.04028108 0.00600000 -0.00126785
v 0.04028108 0.00000000 -0.00126785
v 0.04040192 0.00600000 -0.00150000
v 0.04040192 0.00000000 -0.00150000
v 0.04054254 0.00600000 -0.00172073
v 0.04054254 0.00000000 -0.00172073
v 0.04070187 0.00600000 -0.00192836
v 0.04070187 0.00000000 -0.00192836
v 0.04087868 0.00600000 -0.00212132
v 0.04087868 0.00000000 -0.00212132
v 0.04107164 0.00600000 -0.00229813
v 0.04107164 0.00000000 -0.00229813
v 0.04127927 0.00600000 -0.00245746
v 0.04127927 0.00000000 -0.00245746
v 0.04150000 0.00600000 -0.00259808
v 0.04150000 0.00000000 -0.00259808
v 0.04173214 0.00600000 -0.00271892
v 0.04173214 0.00000000 -0.00271892
v 0.04197394 0.00600000 -0.00281908
v 0.04197394 0.00000000 -0.00281908
v 0.04222354 0.00600000 -0.00289778
v 0.04222354 0.00000000 -0.00289778
v 0.04247906 0.00600000 -0.00295442
v 0.04247906 0.00000000 -0.00295442
v 0.04273853 0.00600000 -0.00298858
v 0.04273853 0.00000000 -0.00298858
v 0.04300000 0.00600000 -0.00300000
v 0.04300000 0.00000000 -0.00300000
v 0.04326147 0.00600000 -0.00298858
v 0.04326147 0.00000000 -0.00298858
v 0.04352095 0.00600000 -0.00295442
v 0.04352095 0.00000000 -0.00295442
v 0.04377646 0.00600000 -0.00289778
v 0.04377646 0.00000000 -0.00289778
v 0.04402606 0.00600000 -0.00281908
v 0.04402606 0.00000000 -0.00281908
v 0.04426786 0.00600000 -0.00271892
v 0.04426786 0.00000000 -0.00271892
v 0.04450000 0.00600000 -0.00259808
v 0.04450000 0.00000000 -0.00259808
v 0.04472073 0.00600000 -0.00245746
v 0.04472073 0.00000000 -0.00245746
v 0.04492836 0.00600000 -0.00229813
v 0.04492836 0.00000000 -0.00229813
v 0.04512132 0.00600000 -0.00212132
v 0.04512132 0.00000000 -0.00212132
v 0.04529813 0.00600000 -0.00192836
v 0.04529813 0.00000000 -0.00192836
v 0.04545746 0.00600000 -0.00172073
v 0.04545746 0.00000000 -0.00172073
v 0.04559807 0.00600000 -0.00150000
v 0.04559807 0.00000000 -0.00150000
v 0.04571892 0.00600000 -0.00126785
v 0.04571892 0.00000000 -0.00126785
v 0.04581908 0.00600000 -0.00102606
v 0.04581908 0.00000000 -0.00102606
v 0.04589778 0.00600000 -0.00077646
v 0.04589778 0.00000000 -0.00077646
v 0.04595442 0.00600000 -0.00052094
v 0.04595442 0.00000000 -0.00052094
v 0.04598859 0.00600000 -0.00026147
v 0.04598859 0.00000000 -0.00026147
v 0.02450000 0.00600000 -0.03723909
v 0.02450000 0.00000000 -0.03723909
v 0.02448858 0.00600000 -0.03697763
v 0.02448858 0.00000000 -0.03697763
v 0.02445442 0.00600000 -0.03671815
v 0.02445442 0.00000000 -0.03671815
v 0.02439778 0.00600000 -0.03646263
v 0.02439778 0.00000000 -0.03646263
v 0.02431908 0.00600000 -0.03621303
v 0.02431908 0.00000000 -0.03621303
v 0.02421892 0.00600000 -0.03597124
v 0.02421892 0.00000000 -0.03597124
v 0.02409808 0.00600000 -0.03573909
v 0.02409808 0.00000000 -0.03573909
v 0.02395746 0.00600000 -0.03551836
v 0.02395746 0.00000000 -0.03551836
v 0.02379813 0.00600000 -0.03531073
v 0.02379813 0.00000000 -0.03531073
v 0.02362132 0.00600000 -0.03511777
v 0.02362132 0.00000000 -0.03511777
v 0.02342836 0.00600000 -0.03494096
v 0.02342836 0.00000000 -0.03494096
v 0.02322073 0.00600000 -0.03478163
v 0.02322073 0.00000000 -0.03478163
v 0.02300000 0.00600000 -0.03464102
v 0.02300000 0.00000000 -0.03464102
v 0.02276785 0.00600000 -0.03452017
v 0.02276785 0.00000000 -0.03452017
v 0.02252606 0.00600000 -0.03442001
v 0.02252606 0.00000000 -0.03442001
v 0.02227646 0.00600000 -0.03434132
v 0.02227646 0.00000000 -0.03434132
v 0.02202095 0.00600000 -0.03428467
v 0.02202095 0.00000000 -0.03428467
v 0.02176147 0.00600000 -0.03425051
v 0.02176147 0.00000000 -0.03425051
v 0.02150000 0.00600000 -0.03423909
v 0.02150000 0.00000000 -0.03423909
v 0.02123853 0.00600000 -0.03425051
v 0.02123853 0.00000000 -0.03425051
v 0.02097906 0.00600000 -0.03428467
v 0.02097906 0.00000000 -0.03428467
v 0.02072354 0.00600000 -0.03434132
v 0.02072354 0.00000000 -0.03434132
v 0.02047394 0.00600000 -0.03442001
v 0.02047394 0.00000000 -0.03442001
v 0.02023214 0.00600000 -0.03452017
v 0.02023214 0.00000000 -0.03452017
v 0.02000000 0.00600000 -0.03464102
v 0.02000000 0.00000000 -0.03464102
v 0.01977927 0.00600000 -0.03478163
v 0.01977927 0.00000000 -0.03478163
v 0.01957164 0.00600000 -0.03494096
v 0.01957164 0.00000000 -0.03494096
v 0.01937868 0.00600000 -0.03511777
v 0.01937868 0.00000000 -0.03511777
v 0.01920187 0.00600000 -0.03531073
v 0.01920187 0.00000000 -0.03531073
v 0.01904254 0.00600000 -0.03551836
v 0.01904254 0.00000000 -0.03551836
v 0.01890192 0.00600000 -0.03573909
v 0.01890192 0.00000000 -0.03573909
v 0.01878108 0.00600000 -0.03597124
v 0.01878108 0.00000000 -0.03597124
v 0.01868092 0.00600000 -0.03621303
v 0.01868092 0.00000000 -0.03621303
v 0.01860222 0.00600000 -0.03646263
v 0.01860222 0.00000000 -0.03646263
v 0.01854558 0.00600000 -0.03671815
v 0.01854558 0.00000000 -0.03671815
v 0.01851142 0.00600000 -0.03697763
v 0.01851142 0.00000000 -0.03697763
v 0.01850000 0.00600000 -0.03723909
v 0.01850000 0.00000000 -0.03723909
v 0.01851142 0.00600000 -0.03750056
v 0.01851142 0.00000000 -0.03750056
v 0.01854558 0.00600000 -0.03776004
v 0.01854558 0.00000000 -0.03776004
v 0.01860222 0.00600000 -0.03801555
v 0.01860222 0.00000000 -0.03801555
v 0.01868092 0.00600000 -0.03826515
v 0.01868092 0.00000000 -0.03826515
v 0.01878108 0.00600000 -0.03850695
v 0.01878108 0.00000000 -0.03850695
v 0.01890192 0.00600000 -0.03873909
v 0.01890192 0.00000000 -0.03873909
v 0.01904254 0.00600000 -0.03895982
v 0.01904254 0.00000000 -0.03895982
v 0.01920187 0.00600000 -0.03916746
v 0.01920187 0.00000000 -0.03916746
v 0.01937868 0.00600000 -0.03936041
v 0.01937868 0.00000000 -0.03936041
v 0.01957164 0.00600000 -0.03953722
v 0.01957164 0.00000000 -0.03953722
v 0.01977927 0.00600000 -0.03969655
v 0.01977927 0.00000000 -0.03969655
v 0.02000000 0.00600000 -0.03983717
v 0.02000000 0.00000000 -0.03983717
v 0.02023214 0.00600000 -0.03995802
v 0.02023214 0.00000000 -0.03995802
v 0.02047394 0.00600000 -0.04005817
v 0.02047394 0.00000000 -0.04005817
v 0.02072354 0.00600000 -0.04013687
v 0.02072354 0.00000000 -0.04013687
v 0.02097906 0.00600000 -0.04019352
v 0.02097906 0.00000000 -0.04019352
v 0.02123853 0.00600000 -0.04022768
v 0.02123853 0.00000000 -0.04022768
v 0.02150000 0.00600000 -0.04023909
v 0.02150000 0.00000000 -0.04023909
v 0.02176147 0.00600000 -0.04022768
v 0.02176147 0.00000000 -0.04022768
v 0.02202095 0.00600000 -0.04019352
v 0.02202095 0.00000000 -0.04019352
v 0.02227646 0.00600000 -0.04013687
v 0.02227646 0.00000000 -0.04013687
v 0.02252606 0.00600000 -0.04005817
v 0.02252606 0.00000000 -0.04005817
v 0.02276785 0.00600000 -0.03995802
v 0.02276785 0.00000000 -0.03995802
v 0.02300000 0.00600000 -0.03983717
v 0.02300000 0.00000000 -0.03983717
v 0.02322073 0.00600000 -0.03969655
v 0.02322073 0.00000000 -0.03969655
v 0.02342836 0.00600000 -0.03953722
v 0.02342836 0.00000000 -0.03953722
v 0.02362132 0.00600000 -0.03936041
v 0.02362132 0.00000000 -0.03936041
v 0.02379813 0.00600000 -0.03916746
v 0.02379813 0.00000000 -0.03916746
v 0.02395746 0.00600000 -0.03895982
v 0.02395746 0.00000000 -0.03895982
v 0.02409808 0.00600000 -0.03873909
v 0.02409808 0.00000000 -0.03873909
v 0.02421892 0.00600000 -0.03850695
v 0.02421892 0.00000000 -0.03850695
v 0.02431908 0.00600000 -0.03826515
v 0.02431908 0.00000000 -0.03826515
v 0.02439778 0.00600000 -0.03801555
v 0.02439778 0.00000000 -0.03801555
v 0.02445442 0.00600000 -0.03776004
v 0.02445442 0.00000000 -0.03776004
v 0.02448858 0.00600000 -0.03750056
v 0.02448858 0.00000000 -0.03750056
v -0.04000000 0.00600000 0.00000000
v -0.04000000 0.00000000 -0.00000000
v -0.04001142 0.00600000 0.00026147
v -0.04001142 0.00000000 0.00026147
v -0.04004558 0.00600000 0.00052094
v -0.04004558 0.00000000 0.00052094
v -0.04010222 0.00600000 0.00077646
v -0.04010222 0.00000000 0.00077646
v -0.04018092 0.00600000 0.00102606
v -0.04018092 0.00000000 0.00102606
v -0.04028108 0.00600000 0.00126785
v -0.04028108 0.00000000 0.00126785
v -0.04040192 0.00600000 0.00150000
v -0.04040192 0.00000000 0.00150000
v -0.04054254 0.00600000 0.00172073
v -0.04054254 0.00000000 0.00172073
v -0.04070187 0.00600000 0.00192836
v -0.04070187 0.00000000 0.00192836
v -0.04087868 0.00600000 0.00212132
v -0.04087868 0.00000000 0.00212132
v -0.04107164 0.00600000 0.00229813
v -0.04107164 0.00000000 0.00229813
v -0.04127927 0.00600000 0.00245746
v -0.04127927 0.00000000 0.00245746
v -0.04150000 0.00600000 0.00259808
v -0.04150000 0.00000000 0.00259808
v -0.04173214 0.00600000 0.00271892
v -0.04173214 0.00000000 0.00271892
v -0.04197394 0.00600000 0.00281908
v -0.04197394 0.00000000 0.00281908
v -0.04222354 0.00600000 0.00289778
v -0.04222354 0.00000000 0.00289778
v -0.04247906 0.00600000 0.00295442
v -0.04247906 0.00000000 0.00295442
v -0.04273853 0.00600000 0.00298858
v -0.04273853 0.00000000 0.00298858
v -0.04300000 0.00600000 0.00300000
v -0.04300000 0.00000000 0.00300000
v -0.04326147 0.00600000 0.00298858
v -0.04326147 0.00000000 0.00298858
v -0.04352095 0.00600000 0.00295442
v -0.04352095 0.00000000 0.00295442
v -0.04377646 0.00600000 0.00289778
v -0.04377646 0.00000000 0.00289778
v -0.04402606 0.00600000 0.00281908
v -0.04402606 0.00000000 0.00281908
v -0.04426786 0.00600000 0.00271892
v -0.04426786 0.00000000 0.00271892
v -0.04450000 0.00600000 0.00259808
v -0.04450000 0.00000000 0.00259808
v -0.04472073 0.00600000 0.00245746
v -0.04472073 0.00000000 0.00245746
v -0.04492836 0.00600000 0.00229813
v -0.04492836 0.00000000 0.00229813
v -0.04512132 0.00600000 0.00212132
v -0.04512132 0.00000000 0.00212132
v -0.04529813 0.00600000 0.00192836
v -0.04529813 0.00000000 0.00192836
v -0.04545746 0.00600000 0.00172073
v -0.04545746 0.00000000 0.00172073
v -0.04559807 0.00600000 0.00150000
v -0.04559807 0.00000000 0.00150000
v -0.04571892 0.00600000 0.00126785
v -0.04571892 0.00000000 0.00126785
v -0.04581908 0.00600000 0.00102606
v -0.04581908 0.00000000 0.00102606
v -0.04589778 0.00600000 0.00077646
v -0.04589778 0.00000000 0.00077646
v -0.04595442 0.00600000 0.00052094
v -0.04595442 0.00000000 0.00052094
v -0.04598859 0.00600000 0.00026147
v -0.04598859 0.00000000 0.00026147
v -0.04600000 0.00600000 0.00000000
v -0.04600000 0.00000000 0.00000000
v -0.04598859 0.00600000 -0.00026147
v -0.04598859 0.00000000 -0.00026147
v -0.04595442 0.00600000 -0.00052094
v -0.04595442 0.00000000 -0.00052094
v -0.04589778 0.00600000 -0.00077646
v -0.04589778 0.00000000 -0.00077646
v -0.04581908 0.00600000 -0.00102606
v -0.04581908 0.00000000 -0.00102606
v -0.04571892 0.00600000 -0.00126785
v -0.04571892 0.00000000 -0.00126785
v -0.04559807 0.00600000 -0.00150000
v -0.04559807 0.00000000 -0.00150000
v -0.04545746 0.00600000 -0.00172073
v -0.04545746 0.00000000 -0.00172073
v -0.04529813 0.00600000 -0.00192836
v -0.04529813 0.00000000 -0.00192836
v -0.04512132 0.00600000 -0.00212132
v -0.04512132 0.00000000 -0.00212132
v -0.04492836 0.00600000 -0.00229813
v -0.04492836 0.00000000 -0.00229813
v -0.04472073 0.00600000 -0.00245746
v -0.04472073 0.00000000 -0.00245746
v -0.04450000 0.00600000 -0.00259808
v -0.04450000 0.00000000 -0.00259808
v -0.04426786 0.00600000 -0.00271892
v -0.04426786 0.00000000 -0.00271892
v -0.04402606 0.00600000 -0.00281908
v -0.04402606 0.00000000 -0.00281908
v -0.04377646 0.00600000 -0.00289778
v -0.04377646 0.00000000 -0.00289778
v -0.04352095 0.00600000 -0.00295442
v -0.04352095 0.00000000 -0.00295442
v -0.04326147 0.00600000 -0.00298858
v -0.04326147 0.00000000 -0.00298858
v -0.04300000 0.00600000 -0.00300000
v -0.04300000 0.00000000 -0.00300000
v -0.04273853 0.00600000 -0.00298858
v -0.04273853 0.00000000 -0.00298858
v -0.04247906 0.00600000 -0.00295442
v -0.04247906 0.00000000 -0.00295442
v -0.04222354 0.00600000 -0.00289778
v -0.04222354 0.00000000 -0.00289778
v -0.04197394 0.00600000 -0.00281908
v -0.04197394 0.00000000 -0.00281908
v -0.04173214 0.00600000 -0.00271892
v -0.04173214 0.00000000 -0.00271892
v -0.04150000 0.00600000 -0.00259808
v -0.04150000 0.00000000 -0.00259808
v -0.04127927 0.00600000 -0.00245746
v -0.04127927 0.00000000 -0.00245746
v -0.04107164 0.00600000 -0.00229813
v -0.04107164 0.00000000 -0.00229813
v -0.04087868 0.00600000 -0.00212132
v -0.04087868 0.00000000 -0.00212132
v -0.04070187 0.00600000 -0.00192836
v -0.04070187 0.00000000 -0.00192836
v -0.04054254 0.00600000 -0.00172073
v -0.04054254 0.00000000 -0.00172073
v -0.04040192 0.00600000 -0.00150000
v -0.04040192 0.00000000 -0.00150000
v -0.04028108 0.00600000 -0.00126785
v -0.04028108 0.00000000 -0.00126785
v -0.04018092 0.00600000 -0.00102606
v -0.04018092 0.00000000 -0.00102606
v -0.04010222 0.00600000 -0.00077646
v -0.04010222 0.00000000 -0.00077646
v -0.04004558 0.00600000 -0.00052094
v -0.04004558 0.00000000 -0.00052094
v -0.04001142 0.00600000 -0.00026147
v -0.04001142 0.00000000 -0.00026147
v 0.03250000 0.00000000 0.00000000
v 0.03250000 0.00600000 0.00000000
v 0.03237633 0.00000000 -0.00283256
v 0.03237633 0.00600000 -0.00283256
v 0.03200625 0.00000000 -0.00564357
v 0.03200625 0.00600000 -0.00564357
v 0.03139259 0.00000000 -0.00841162
v 0.03139259 0.00600000 -0.00841162
v 0.03054001 0.00000000 -0.01111565
v 0.03054001 0.00600000 -0.01111565
v 0.02945500 0.00000000 -0.01373509
v 0.02945500 0.00600000 -0.01373509
v 0.02814583 0.00000000 -0.01625000
v 0.02814583 0.00600000 -0.01625000
v 0.02662244 0.00000000 -0.01864123
v 0.02662244 0.00600000 -0.01864123
v 0.02489644 0.00000000 -0.02089060
v 0.02489644 0.00600000 -0.02089060
v 0.02298097 0.00000000 -0.02298097
v 0.02298097 0.00600000 -0.02298097
v 0.02089060 0.00000000 -0.02489644
v 0.02089060 0.00600000 -0.02489644
v 0.01864123 0.00000000 -0.02662244
v 0.01864123 0.00600000 -0.02662244
v 0.01625000 0.00000000 -0.02814583
v 0.01625000 0.00600000 -0.02814583
v 0.01373509 0.00000000 -0.02945500
v 0.01373509 0.00600000 -0.02945500
v 0.01111565 0.00000000 -0.03054001
v 0.01111565 0.00600000 -0.03054001
v 0.00841162 0.00000000 -0.03139259
v 0.00841162 0.00600000 -0.03139259
v 0.00564357 0.00000000 -0.03200625
v 0.00564357 0.00600000 -0.03200625
v 0.00283256 0.00000000 -0.03237633
v 0.00283256 0.00600000 -0.03237633
v 0.00000000 0.00000000 -0.03250000
v 0.00000000 0.00600000 -0.03250000
v -0.00283256 0.00000000 -0.03237633
v -0.00283256 0.00600000 -0.03237633
v -0.00564357 0.00000000 -0.03200625
v -0.00564357 0.00600000 -0.03200625
v -0.00841162 0.00000000 -0.03139259
v -0.00841162 0.00600000 -0.03139259
v -0.01111565 0.00000000 -0.03054001
v -0.01111565 0.00600000 -0.03054001
v -0.01373509 0.00000000 -0.02945500
v -0.01373509 0.00600000 -0.02945500
v -0.01625000 0.00000000 -0.02814583
v -0.01625000 0.00600000 -0.02814583
v -0.01864123 0.00000000 -0.02662244
v -0.01864123 0.00600000 -0.02662244
v -0.02089060 0.00000000 -0.02489644
v -0.02089060 0.00600000 -0.02489644
v -0.02298097 0.00000000 -0.02298097
v -0.02298097 0.00600000 -0.02298097
v -0.02489644 0.00000000 -0.02089060
v -0.02489644 0.00600000 -0.02089060
v -0.02662244 0.00000000 -0.01864123
v -0.02662244 0.00600000 -0.01864123
v -0.02814583 0.00000000 -0.01625000
v -0.02814583 0.00600000 -0.01625000
v -0.02945500 0.00000000 -0.01373509
v -0.02945500 0.00600000 -0.01373509
v -0.03054001 0.00000000 -0.01111565
v -0.03054001 0.00600000 -0.01111565
v -0.03139259 0.00000000 -0.00841162
v -0.03139259 0.00600000 -0.00841162
v -0.03200625 0.00000000 -0.00564357
v -0.03200625 0.00600000 -0.00564357
v -0.03237633 0.00000000 -0.00283256
v -0.03237633 0.00600000 -0.00283256
v -0.03250000 0.00000000 -0.00000000
v -0.03250000 0.00600000 -0.00000000
v -0.03237633 0.00000000 0.00283256
v -0.03237633 0.00600000 0.00283256
v -0.03200625 0.00000000 0.00564357
v -0.03200625 0.00600000 0.00564357
v -0.03139259 0.00000000 0.00841162
v -0.03139259 0.00600000 0.00841162
v -0.03054001 0.00000000 0.01111565
v -0.03054001 0.00600000 0.01111565
v -0.02945500 0.00000000 0.01373509
v -0.02945500 0.00600000 0.01373509
v -0.02814583 0.00000000 0.01625000
v -0.02814583 0.00600000 0.01625000
v -0.02662244 0.00000000 0.01864123
v -0.02662244 0.00600000 0.01864123
v -0.02489644 0.00000000 0.02089060
v -0.02489644 0.00600000 0.02089060
v -0.02298097 0.00000000 0.02298097
v -0.02298097 0.00600000 0.02298097
v -0.02089060 0.00000000 0.02489644
v -0.02089060 0.00600000 0.02489644
v -0.01864123 0.00000000 0.02662244
v -0.01864123 0.00600000 0.02662244
v -0.01625000 0.00000000 0.02814583
v -0.01625000 0.00600000 0.02814583
v -0.01373509 0.00000000 0.02945500
v -0.01373509 0.00600000 0.02945500
v -0.01111565 0.00000000 0.03054001
v -0.01111565 0.00600000 0.03054001
v -0.00841162 0.00000000 0.03139259
v -0.00841162 0.00600000 0.03139259
v -0.00564357 0.00000000 0.03200625
v -0.00564357 0.00600000 0.03200625
v -0.00283256 0.00000000 0.03237633
v -0.00283256 0.00600000 0.03237633
v -0.00000000 0.00000000 0.03250000
v -0.00000000 0.00600000 0.03250000
v 0.00283256 0.00000000 0.03237633
v 0.00283256 0.00600000 0.03237633
v 0.00564357 0.00000000 0.03200625
v 0.00564357 0.00600000 0.03200625
v 0.00841162 0.00000000 0.03139259
v 0.00841162 0.00600000 0.03139259
v 0.01111565 0.00000000 0.03054001
v 0.01111565 0.00600000 0.03054001
v 0.01373509 0.00000000 0.02945500
v 0.01373509 0.00600000 0.02945500
v 0.01625000 0.00000000 0.02814583
v 0.01625000 0.00600000 0.02814583
v 0.01864123 0.00000000 0.02662244
v 0.01864123 0.00600000 0.02662244
v 0.02089060 0.00000000 0.02489644
v 0.02089060 0.00600000 0.02489644
v 0.02298097 0.00000000 0.02298097
v 0.02298097 0.00600000 0.02298097
v 0.02489644 0.00000000 0.02089060
v 0.02489644 0.00600000 0.02089060
v 0.02662244 0.00000000 0.01864123
v 0.02662244 0.00600000 0.01864123
v 0.02814583 0.00000000 0.01625000
v 0.02814583 0.00600000 0.01625000
v 0.02945500 0.00000000 0.01373509
v 0.02945500 0.00600000 0.01373509
v 0.03054001 0.00000000 0.01111565
v 0.03054001 0.00600000 0.01111565
v 0.03139259 0.00000000 0.00841162
v 0.03139259 0.00600000 0.00841162
v 0.03200625 0.00000000 0.00564357
v 0.03200625 0.00600000 0.00564357
v 0.03237633 0.00000000 0.00283256
v 0.03237633 0.00600000 0.00283256
v -0.02123853 0.00000000 -0.04022768
v -0.02150000 0.00000000 -0.04023909
v -0.02850000 0.00000000 -0.04886955
v 0.03625000 0.00000000 -0.01150000
v 0.03625000 0.00000000 0.01400000
v 0.04703422 0.00000000 0.03307615
v 0.04700000 0.00000000 0.03025000
v 0.04889555 0.00000000 0.03025683
v -0.03341598 0.00000000 0.04679340
v -0.03733028 0.00000000 0.04373442
v -0.03625000 0.00000000 0.03336954
v 0.02328565 0.00000000 -0.05257403
v 0.02773672 0.00000000 -0.05036789
v 0.00000000 0.00000000 -0.04886955
v 0.10181501 0.00000000 0.02201142
v 0.10155354 0.00000000 0.02200000
v 0.09227677 0.00000000 0.01400000
v 0.04905354 0.00000000 0.03000000
v 0.04700000 0.00000000 0.01400000
v 0.05827677 0.00000000 0.01400000
v 0.05827677 0.00000000 0.03000000
v 0.06454213 0.00000000 0.02473853
v 0.06450797 0.00000000 0.02447906
v 0.06927677 0.00000000 0.01400000
v 0.05859912 0.00000000 0.02552094
v 0.05865576 0.00000000 0.02577646
v 0.06450797 0.00000000 0.02552094
v 0.06454213 0.00000000 0.02526147
v 0.06927677 0.00000000 0.03000000
v 0.06455354 0.00000000 0.02500000
v 0.06305354 0.00000000 0.02759808
v 0.06327427 0.00000000 0.02745746
v 0.06427246 0.00000000 0.02626785
v 0.06437262 0.00000000 0.02602606
v 0.06445132 0.00000000 0.02577646
v 0.06445132 0.00000000 0.02422354
v 0.06437262 0.00000000 0.02397394
v 0.06427246 0.00000000 0.02373214
v 0.06327427 0.00000000 0.02254254
v 0.06305354 0.00000000 0.02240192
v 0.06282140 0.00000000 0.02228108
v 0.06257960 0.00000000 0.02218092
v 0.06155354 0.00000000 0.02200000
v 0.06129207 0.00000000 0.02201142
v 0.06052748 0.00000000 0.02218092
v 0.06028569 0.00000000 0.02228108
v 0.06005354 0.00000000 0.02240192
v 0.05983281 0.00000000 0.02254254
v 0.05883462 0.00000000 0.02373214
v 0.05873447 0.00000000 0.02397394
v 0.05865576 0.00000000 0.02422354
v 0.05859912 0.00000000 0.02447906
v 0.05856496 0.00000000 0.02473853
v 0.05855354 0.00000000 0.02500000
v 0.05856496 0.00000000 0.02526147
v 0.06052748 0.00000000 0.02781908
v 0.06077709 0.00000000 0.02789778
v 0.06103260 0.00000000 0.02795442
v 0.06129207 0.00000000 0.02798858
v 0.06103260 0.00000000 0.02204558
v 0.06077709 0.00000000 0.02210222
v 0.05873447 0.00000000 0.02602606
v 0.05883462 0.00000000 0.02626785
v 0.05895546 0.00000000 0.02650000
v 0.05983281 0.00000000 0.02745746
v 0.05962518 0.00000000 0.02729813
v 0.05943222 0.00000000 0.02712132
v 0.06005354 0.00000000 0.02759808
v 0.06028569 0.00000000 0.02771892
v 0.06415161 0.00000000 0.02350000
v 0.06401100 0.00000000 0.02327927
v 0.06385168 0.00000000 0.02307164
v 0.06367486 0.00000000 0.02287868
v 0.06348190 0.00000000 0.02270187
v 0.06233000 0.00000000 0.02210222
v 0.06207449 0.00000000 0.02204558
v 0.06181501 0.00000000 0.02201142
v 0.05962518 0.00000000 0.02270187
v 0.05943222 0.00000000 0.02287868
v 0.05925541 0.00000000 0.02307164
v 0.05909609 0.00000000 0.02327927
v 0.05895546 0.00000000 0.02350000
v 0.05909609 0.00000000 0.02672073
v 0.05925541 0.00000000 0.02692836
v 0.06233000 0.00000000 0.02789778
v 0.06257960 0.00000000 0.02781908
v 0.06282140 0.00000000 0.02771892
v 0.06348190 0.00000000 0.02729813
v 0.06367486 0.00000000 0.02712132
v 0.06385168 0.00000000 0.02692836
v 0.06401100 0.00000000 0.02672073
v 0.06415161 0.00000000 0.02650000
v 0.06155354 0.00000000 0.02800000
v 0.06181501 0.00000000 0.02798858
v 0.06207449 0.00000000 0.02795442
v 0.10005354 0.00000000 0.02240192
v 0.09983281 0.00000000 0.02254254
v 0.10401100 0.00000000 0.02327927
v 0.10385168 0.00000000 0.02307164
v 0.10367486 0.00000000 0.02287868
v 0.10348190 0.00000000 0.02270187
v 0.10454213 0.00000000 0.02473853
v 0.10450797 0.00000000 0.02447906
v 0.10445132 0.00000000 0.02422354
v 0.10437262 0.00000000 0.02397394
v 0.10427246 0.00000000 0.02373214
v 0.10415162 0.00000000 0.02350000
v 0.09962518 0.00000000 0.02270187
v 0.09943222 0.00000000 0.02287868
v 0.09925541 0.00000000 0.02307164
v 0.10437262 0.00000000 0.02602606
v 0.10445132 0.00000000 0.02577646
v 0.10450797 0.00000000 0.02552094
v 0.10454213 0.00000000 0.02526147
v 0.10455354 0.00000000 0.02500000
v 0.09856496 0.00000000 0.02526147
v 0.09227677 0.00000000 0.03000000
v 0.09855355 0.00000000 0.02500000
v 0.09856496 0.00000000 0.02473853
v 0.09859912 0.00000000 0.02552094
v 0.09865577 0.00000000 0.02577646
v 0.09873446 0.00000000 0.02602606
v 0.09909609 0.00000000 0.02672073
v 0.09925541 0.00000000 0.02692836
v 0.09943222 0.00000000 0.02712132
v 0.09962518 0.00000000 0.02729813
v 0.10327427 0.00000000 0.02254254
v 0.10305354 0.00000000 0.02240192
v 0.10282139 0.00000000 0.02228108
v 0.10257960 0.00000000 0.02218092
v 0.10233000 0.00000000 0.02210222
v 0.10207449 0.00000000 0.02204558
v 0.10129207 0.00000000 0.02201142
v 0.10103260 0.00000000 0.02204558
v 0.10077708 0.00000000 0.02210222
v 0.10052748 0.00000000 0.02218092
v 0.10028569 0.00000000 0.02228108
v 0.09909609 0.00000000 0.02327927
v 0.09895547 0.00000000 0.02350000
v 0.09883462 0.00000000 0.02373214
v 0.09873446 0.00000000 0.02397394
v 0.09865577 0.00000000 0.02422354
v 0.09859912 0.00000000 0.02447906
v 0.09883462 0.00000000 0.02626785
v 0.09895547 0.00000000 0.02650000
v 0.09983281 0.00000000 0.02745746
v 0.10005354 0.00000000 0.02759808
v 0.10028569 0.00000000 0.02771892
v 0.10052748 0.00000000 0.02781908
v 0.10077708 0.00000000 0.02789778
v 0.10103260 0.00000000 0.02795442
v 0.10282139 0.00000000 0.02771892
v 0.10257960 0.00000000 0.02781908
v 0.10233000 0.00000000 0.02789778
v 0.10348190 0.00000000 0.02729813
v 0.10367486 0.00000000 0.02712132
v 0.10385168 0.00000000 0.02692836
v 0.10401100 0.00000000 0.02672073
v 0.10181501 0.00000000 0.02798858
v 0.10207449 0.00000000 0.02795442
v 0.10305354 0.00000000 0.02759808
v 0.10327427 0.00000000 0.02745746
v 0.10415162 0.00000000 0.02650000
v 0.10427246 0.00000000 0.02626785
v 0.10129207 0.00000000 0.02798858
v 0.10155354 0.00000000 0.02800000
v 0.10327427 0.00000000 -0.02745746
v 0.10305354 0.00000000 -0.02759808
v 0.10282139 0.00000000 -0.02771892
v 0.10257960 0.00000000 -0.02781908
v 0.10155354 0.00000000 -0.02800000
v 0.10129207 0.00000000 -0.02798858
v 0.09227677 0.00000000 -0.03000000
v 0.10103260 0.00000000 -0.02795442
v 0.10077708 0.00000000 -0.02789778
v 0.10052748 0.00000000 -0.02781908
v 0.10233000 0.00000000 -0.02789778
v 0.10207449 0.00000000 -0.02795442
v 0.10181501 0.00000000 -0.02798858
v 0.06927677 0.00000000 -0.03000000
v 0.06927677 0.00000000 -0.02750000
v 0.06327427 0.00000000 -0.02745746
v 0.06305354 0.00000000 -0.02759808
v 0.06282140 0.00000000 -0.02771892
v 0.06257960 0.00000000 -0.02781908
v 0.06155354 0.00000000 -0.02800000
v 0.06129207 0.00000000 -0.02798858
v 0.05827677 0.00000000 -0.03000000
v 0.06233000 0.00000000 -0.02789778
v 0.06207449 0.00000000 -0.02795442
v 0.06181501 0.00000000 -0.02798858
v 0.06103260 0.00000000 -0.02795442
v 0.06077709 0.00000000 -0.02789778
v 0.06052748 0.00000000 -0.02781908
v 0.05827677 0.00000000 -0.02750000
v 0.04905354 0.00000000 -0.03000000
v 0.04700000 0.00000000 -0.02750000
v 0.04889555 0.00000000 -0.03025683
v 0.04700000 0.00000000 -0.03025000
v 0.04703422 0.00000000 -0.03307615
v 0.03625000 0.00000000 -0.03025000
v 0.04681377 0.00000000 -0.03338743
v 0.04628099 0.00000000 -0.03412214
v 0.03625000 0.00000000 -0.03336954
v 0.04316298 0.00000000 -0.03798957
v 0.03972277 0.00000000 -0.04157344
v 0.00000000 0.00000000 -0.03336954
v 0.03198076 0.00000000 -0.04778579
v 0.03598607 0.00000000 -0.04484699
v 0.00902869 0.00000000 -0.05678673
v 0.00409340 0.00000000 -0.05735411
v -0.00087245 0.00000000 -0.05749338
v 0.01389660 0.00000000 -0.05579547
v 0.01866077 0.00000000 -0.05438773
v -0.01558319 0.00000000 -0.05534812
v -0.02030245 0.00000000 -0.05379647
v -0.02487017 0.00000000 -0.05184327
v -0.01074760 0.00000000 -0.05648663
v -0.00583179 0.00000000 -0.05720350
v -0.02925225 0.00000000 -0.04950309
v -0.03341598 0.00000000 -0.04679340
v -0.02850000 0.00000000 -0.03336954
v -0.03733028 0.00000000 -0.04373442
v -0.05557819 0.00000000 -0.01474159
v -0.05409833 0.00000000 -0.01948385
v -0.03625000 0.00000000 -0.01150000
v -0.05221466 0.00000000 -0.02408068
v -0.03625000 0.00000000 -0.02750000
v -0.04994124 0.00000000 -0.02849777
v -0.03625000 0.00000000 -0.03025000
v -0.04729504 0.00000000 -0.03270213
v -0.03625000 0.00000000 -0.03336954
v -0.04429581 0.00000000 -0.03666240
v -0.04096594 0.00000000 -0.04034900
v -0.05664320 0.00000000 -0.00988929
v -0.03625000 0.00000000 -0.00450000
v -0.05728540 0.00000000 -0.00496317
v -0.03625000 0.00000000 0.01400000
v -0.05750000 0.00000000 -0.00000000
v -0.05728540 0.00000000 0.00496317
v -0.05664320 0.00000000 0.00988929
v -0.05557819 0.00000000 0.01474159
v -0.04994124 0.00000000 0.02849777
v -0.05221466 0.00000000 0.02408068
v -0.05409833 0.00000000 0.01948385
v -0.03625000 0.00000000 0.03025000
v -0.04729504 0.00000000 0.03270213
v -0.04096594 0.00000000 0.04034900
v -0.04429581 0.00000000 0.03666240
v -0.01074760 0.00000000 0.05648663
v -0.01558319 0.00000000 0.05534812
v -0.02047394 0.00000000 0.04005817
v -0.02023214 0.00000000 0.03452017
v -0.02047394 0.00000000 0.03442001
v 0.00000000 0.00000000 0.03336954
v -0.02072354 0.00000000 0.03434132
v -0.02097906 0.00000000 0.03428467
v -0.02300000 0.00000000 0.03983717
v -0.02276785 0.00000000 0.03995802
v -0.02925225 0.00000000 0.04950309
v -0.02023214 0.00000000 0.03995802
v -0.02000000 0.00000000 0.03983717
v -0.00583179 0.00000000 0.05720350
v -0.02123853 0.00000000 0.03425051
v -0.02150000 0.00000000 0.03423909
v -0.02850000 0.00000000 0.03336954
v -0.02176147 0.00000000 0.03425051
v -0.02202095 0.00000000 0.03428467
v -0.02227646 0.00000000 0.03434132
v -0.02252606 0.00000000 0.03442001
v -0.02276785 0.00000000 0.03452017
v -0.02150000 0.00000000 0.04023909
v -0.02030245 0.00000000 0.05379647
v -0.02176147 0.00000000 0.04022768
v -0.02487017 0.00000000 0.05184327
v -0.02202095 0.00000000 0.04019352
v -0.02227646 0.00000000 0.04013687
v -0.02123853 0.00000000 0.04022768
v -0.02097906 0.00000000 0.04019352
v -0.02072354 0.00000000 0.04013687
v 0.00000087 0.00000000 0.05750000
v -0.01904254 0.00000000 0.03895982
v -0.01890192 0.00000000 0.03873909
v -0.02431908 0.00000000 0.03826515
v -0.02421892 0.00000000 0.03850695
v -0.02409808 0.00000000 0.03873909
v -0.02252606 0.00000000 0.04005817
v -0.01977927 0.00000000 0.03969655
v -0.01957164 0.00000000 0.03953722
v -0.00087245 0.00000000 0.05749338
v -0.01937868 0.00000000 0.03936041
v -0.01920187 0.00000000 0.03916746
v -0.02300000 0.00000000 0.03464102
v -0.02322073 0.00000000 0.03478163
v -0.02342836 0.00000000 0.03494096
v -0.02431908 0.00000000 0.03621303
v -0.02439778 0.00000000 0.03646263
v -0.02395746 0.00000000 0.03895982
v -0.02379813 0.00000000 0.03916746
v -0.02362132 0.00000000 0.03936041
v -0.02342836 0.00000000 0.03953722
v -0.02322073 0.00000000 0.03969655
v -0.01868092 0.00000000 0.03621303
v -0.01860222 0.00000000 0.03646263
v -0.01854558 0.00000000 0.03671815
v -0.01957164 0.00000000 0.03494096
v -0.01977927 0.00000000 0.03478163
v -0.02000000 0.00000000 0.03464102
v -0.02362132 0.00000000 0.03511777
v -0.02379813 0.00000000 0.03531073
v -0.02395746 0.00000000 0.03551836
v -0.02409808 0.00000000 0.03573909
v -0.02421892 0.00000000 0.03597124
v -0.01854558 0.00000000 0.03776004
v -0.01851142 0.00000000 0.03750056
v -0.01878108 0.00000000 0.03597124
v -0.01890192 0.00000000 0.03573909
v -0.01904254 0.00000000 0.03551836
v -0.01920187 0.00000000 0.03531073
v -0.01937868 0.00000000 0.03511777
v -0.02445442 0.00000000 0.03671815
v -0.02448858 0.00000000 0.03697763
v -0.02450000 0.00000000 0.03723909
v -0.01878108 0.00000000 0.03850695
v -0.01868092 0.00000000 0.03826515
v -0.01860222 0.00000000 0.03801555
v -0.01850000 0.00000000 0.03723909
v -0.01851142 0.00000000 0.03697763
v -0.02448858 0.00000000 0.03750056
v -0.02445442 0.00000000 0.03776004
v -0.02439778 0.00000000 0.03801555
v 0.02276785 0.00000000 0.03452017
v 0.02252606 0.00000000 0.03442001
v 0.03625000 0.00000000 0.03336954
v 0.02227646 0.00000000 0.03434132
v 0.02202095 0.00000000 0.03428467
v 0.02328565 0.00000000 0.05257403
v 0.02150000 0.00000000 0.04023909
v 0.02176147 0.00000000 0.04022768
v 0.02202095 0.00000000 0.04019352
v 0.02227646 0.00000000 0.04013687
v 0.02773672 0.00000000 0.05036789
v 0.02252606 0.00000000 0.04005817
v 0.02276785 0.00000000 0.03995802
v 0.02097906 0.00000000 0.03428467
v 0.02072354 0.00000000 0.03434132
v 0.02047394 0.00000000 0.03442001
v 0.02123853 0.00000000 0.04022768
v 0.01866077 0.00000000 0.05438773
v 0.02097906 0.00000000 0.04019352
v 0.02176147 0.00000000 0.03425051
v 0.02150000 0.00000000 0.03423909
v 0.02123853 0.00000000 0.03425051
v 0.01904254 0.00000000 0.03895982
v 0.01890192 0.00000000 0.03873909
v 0.01878108 0.00000000 0.03850695
v 0.01389660 0.00000000 0.05579547
v 0.00902869 0.00000000 0.05678673
v 0.02000000 0.00000000 0.03983717
v 0.02023214 0.00000000 0.03995802
v 0.02047394 0.00000000 0.04005817
v 0.02072354 0.00000000 0.04013687
v 0.02300000 0.00000000 0.03983717
v 0.02322073 0.00000000 0.03969655
v 0.03198076 0.00000000 0.04778579
v 0.02342836 0.00000000 0.03953722
v 0.02395746 0.00000000 0.03895982
v 0.03598607 0.00000000 0.04484699
v 0.02379813 0.00000000 0.03916746
v 0.02362132 0.00000000 0.03936041
v 0.02023214 0.00000000 0.03452017
v 0.02000000 0.00000000 0.03464102
v 0.01977927 0.00000000 0.03478163
v 0.02409808 0.00000000 0.03873909
v 0.02421892 0.00000000 0.03850695
v 0.03972277 0.00000000 0.04157344
v 0.02431908 0.00000000 0.03826515
v 0.02450000 0.00000000 0.03723909
v 0.02448858 0.00000000 0.03697763
v 0.02445442 0.00000000 0.03671815
v 0.02439778 0.00000000 0.03646263
v 0.02431908 0.00000000 0.03621303
v 0.02342836 0.00000000 0.03494096
v 0.02322073 0.00000000 0.03478163
v 0.02300000 0.00000000 0.03464102
v 0.01957164 0.00000000 0.03494096
v 0.01937868 0.00000000 0.03511777
v 0.01920187 0.00000000 0.03531073
v 0.01904254 0.00000000 0.03551836
v 0.01890192 0.00000000 0.03573909
v 0.01878108 0.00000000 0.03597124
v 0.01868092 0.00000000 0.03621303
v 0.01860222 0.00000000 0.03646263
v 0.01854558 0.00000000 0.03671815
v 0.01920187 0.00000000 0.03916746
v 0.01937868 0.00000000 0.03936041
v 0.00409340 0.00000000 0.05735411
v 0.01957164 0.00000000 0.03953722
v 0.01977927 0.00000000 0.03969655
v 0.02421892 0.00000000 0.03597124
v 0.02409808 0.00000000 0.03573909
v 0.02395746 0.00000000 0.03551836
v 0.02379813 0.00000000 0.03531073
v 0.02362132 0.00000000 0.03511777
v 0.01851142 0.00000000 0.03697763
v 0.01850000 0.00000000 0.03723909
v 0.01851142 0.00000000 0.03750056
v 0.01854558 0.00000000 0.03776004
v 0.01860222 0.00000000 0.03801555
v 0.01868092 0.00000000 0.03826515
v 0.02439778 0.00000000 0.03801555
v 0.02445442 0.00000000 0.03776004
v 0.02448858 0.00000000 0.03750056
v 0.04316298 0.00000000 0.03798957
v 0.04628099 0.00000000 0.03412214
v 0.09227677 0.00000000 -0.00450000
v 0.06927677 0.00000000 -0.00450000
v 0.09227677 0.00000000 -0.01150000
v 0.06927677 0.00000000 -0.01150000
v 0.10401100 0.00000000 -0.02672073
v 0.10385168 0.00000000 -0.02692836
v 0.10367486 0.00000000 -0.02712132
v 0.10348190 0.00000000 -0.02729813
v 0.10028569 0.00000000 -0.02771892
v 0.10005354 0.00000000 -0.02759808
v 0.09227677 0.00000000 -0.02750000
v 0.09983281 0.00000000 -0.02745746
v 0.09962518 0.00000000 -0.02729813
v 0.10454213 0.00000000 -0.02526147
v 0.10450797 0.00000000 -0.02552094
v 0.10445132 0.00000000 -0.02577646
v 0.10437262 0.00000000 -0.02602606
v 0.10427246 0.00000000 -0.02626785
v 0.10415162 0.00000000 -0.02650000
v 0.09895547 0.00000000 -0.02350000
v 0.09909609 0.00000000 -0.02327927
v 0.10437262 0.00000000 -0.02397394
v 0.10445132 0.00000000 -0.02422354
v 0.10450797 0.00000000 -0.02447906
v 0.10454213 0.00000000 -0.02473853
v 0.10455354 0.00000000 -0.02500000
v 0.09943222 0.00000000 -0.02712132
v 0.09925541 0.00000000 -0.02692836
v 0.09909609 0.00000000 -0.02672073
v 0.09895547 0.00000000 -0.02650000
v 0.09883462 0.00000000 -0.02626785
v 0.09873446 0.00000000 -0.02602606
v 0.09856496 0.00000000 -0.02473853
v 0.09855355 0.00000000 -0.02500000
v 0.09856496 0.00000000 -0.02526147
v 0.09883462 0.00000000 -0.02373214
v 0.09925541 0.00000000 -0.02307164
v 0.09943222 0.00000000 -0.02287868
v 0.09962518 0.00000000 -0.02270187
v 0.10257960 0.00000000 -0.02218092
v 0.10282139 0.00000000 -0.02228108
v 0.09865577 0.00000000 -0.02577646
v 0.09859912 0.00000000 -0.02552094
v 0.09859912 0.00000000 -0.02447906
v 0.09865577 0.00000000 -0.02422354
v 0.09873446 0.00000000 -0.02397394
v 0.09983281 0.00000000 -0.02254254
v 0.10005354 0.00000000 -0.02240192
v 0.10028569 0.00000000 -0.02228108
v 0.10052748 0.00000000 -0.02218092
v 0.10077708 0.00000000 -0.02210222
v 0.10103260 0.00000000 -0.02204558
v 0.10181501 0.00000000 -0.02201142
v 0.10207449 0.00000000 -0.02204558
v 0.10348190 0.00000000 -0.02270187
v 0.10367486 0.00000000 -0.02287868
v 0.10385168 0.00000000 -0.02307164
v 0.10401100 0.00000000 -0.02327927
v 0.10233000 0.00000000 -0.02210222
v 0.10305354 0.00000000 -0.02240192
v 0.10327427 0.00000000 -0.02254254
v 0.10415162 0.00000000 -0.02350000
v 0.10427246 0.00000000 -0.02373214
v 0.10129207 0.00000000 -0.02201142
v 0.10155354 0.00000000 -0.02200000
v 0.06445132 0.00000000 -0.02422354
v 0.06450797 0.00000000 -0.02447906
v 0.06454213 0.00000000 -0.02473853
v 0.05943222 0.00000000 -0.02712132
v 0.05925541 0.00000000 -0.02692836
v 0.06455354 0.00000000 -0.02500000
v 0.06454213 0.00000000 -0.02526147
v 0.06450797 0.00000000 -0.02552094
v 0.05962518 0.00000000 -0.02729813
v 0.06305354 0.00000000 -0.02240192
v 0.06327427 0.00000000 -0.02254254
v 0.06445132 0.00000000 -0.02577646
v 0.06437262 0.00000000 -0.02602606
v 0.06427246 0.00000000 -0.02626785
v 0.06415161 0.00000000 -0.02650000
v 0.06401100 0.00000000 -0.02672073
v 0.06385168 0.00000000 -0.02692836
v 0.06367486 0.00000000 -0.02712132
v 0.06348190 0.00000000 -0.02729813
v 0.06028569 0.00000000 -0.02771892
v 0.06005354 0.00000000 -0.02759808
v 0.05983281 0.00000000 -0.02745746
v 0.05909609 0.00000000 -0.02672073
v 0.05895546 0.00000000 -0.02650000
v 0.05883462 0.00000000 -0.02626785
v 0.05873447 0.00000000 -0.02602606
v 0.05865576 0.00000000 -0.02577646
v 0.05859912 0.00000000 -0.02552094
v 0.05856496 0.00000000 -0.02526147
v 0.05855354 0.00000000 -0.02500000
v 0.05856496 0.00000000 -0.02473853
v 0.05865576 0.00000000 -0.02422354
v 0.05827677 0.00000000 -0.01150000
v 0.05859912 0.00000000 -0.02447906
v 0.06052748 0.00000000 -0.02218092
v 0.06077709 0.00000000 -0.02210222
v 0.06103260 0.00000000 -0.02204558
v 0.06129207 0.00000000 -0.02201142
v 0.06437262 0.00000000 -0.02397394
v 0.06427246 0.00000000 -0.02373214
v 0.05873447 0.00000000 -0.02397394
v 0.05883462 0.00000000 -0.02373214
v 0.05895546 0.00000000 -0.02350000
v 0.05983281 0.00000000 -0.02254254
v 0.05962518 0.00000000 -0.02270187
v 0.05943222 0.00000000 -0.02287868
v 0.06005354 0.00000000 -0.02240192
v 0.06028569 0.00000000 -0.02228108
v 0.05909609 0.00000000 -0.02327927
v 0.05925541 0.00000000 -0.02307164
v 0.06233000 0.00000000 -0.02210222
v 0.06257960 0.00000000 -0.02218092
v 0.06282140 0.00000000 -0.02228108
v 0.06348190 0.00000000 -0.02270187
v 0.06367486 0.00000000 -0.02287868
v 0.06385168 0.00000000 -0.02307164
v 0.06401100 0.00000000 -0.02327927
v 0.06415161 0.00000000 -0.02350000
v 0.06155354 0.00000000 -0.02200000
v 0.06181501 0.00000000 -0.02201142
v 0.06207449 0.00000000 -0.02204558
v 0.03625000 0.00000000 -0.00450000
v 0.03625000 0.00000000 0.03025000
v -0.02850000 0.00000000 0.03025000
v -0.02850000 0.00000000 -0.02750000
v -0.02850000 0.00000000 -0.03025000
v 0.03625000 0.00000000 -0.02750000
v -0.02097906 0.00000000 -0.03428467
v -0.02072354 0.00000000 -0.03434132
v -0.02047394 0.00000000 -0.03442001
v -0.02023214 0.00000000 -0.03452017
v -0.02023214 0.00000000 -0.03995802
v -0.02047394 0.00000000 -0.04005817
v -0.02072354 0.00000000 -0.04013687
v -0.02097906 0.00000000 -0.04019352
v -0.02227646 0.00000000 -0.04013687
v -0.02252606 0.00000000 -0.04005817
v -0.02300000 0.00000000 -0.03464102
v -0.02276785 0.00000000 -0.03452017
v -0.02202095 0.00000000 -0.03428467
v -0.02176147 0.00000000 -0.03425051
v -0.02150000 0.00000000 -0.03423909
v -0.02123853 0.00000000 -0.03425051
v -0.02176147 0.00000000 -0.04022768
v -0.02202095 0.00000000 -0.04019352
v -0.02252606 0.00000000 -0.03442001
v -0.02227646 0.00000000 -0.03434132
v -0.02000000 0.00000000 -0.03464102
v -0.01977927 0.00000000 -0.03478163
v -0.01957164 0.00000000 -0.03494096
v -0.01937868 0.00000000 -0.03511777
v -0.01920187 0.00000000 -0.03531073
v -0.01904254 0.00000000 -0.03551836
v -0.01860222 0.00000000 -0.03801555
v -0.01868092 0.00000000 -0.03826515
v -0.02431908 0.00000000 -0.03621303
v -0.02421892 0.00000000 -0.03597124
v -0.02409808 0.00000000 -0.03573909
v -0.02276785 0.00000000 -0.03995802
v -0.02300000 0.00000000 -0.03983717
v -0.02322073 0.00000000 -0.03969655
v -0.02395746 0.00000000 -0.03551836
v -0.02379813 0.00000000 -0.03531073
v -0.02362132 0.00000000 -0.03511777
v -0.01890192 0.00000000 -0.03573909
v -0.01878108 0.00000000 -0.03597124
v -0.01868092 0.00000000 -0.03621303
v -0.02342836 0.00000000 -0.03494096
v -0.02322073 0.00000000 -0.03478163
v -0.01957164 0.00000000 -0.03953722
v -0.01977927 0.00000000 -0.03969655
v -0.02000000 0.00000000 -0.03983717
v -0.02342836 0.00000000 -0.03953722
v -0.02362132 0.00000000 -0.03936041
v -0.02379813 0.00000000 -0.03916746
v -0.02395746 0.00000000 -0.03895982
v -0.02409808 0.00000000 -0.03873909
v -0.02421892 0.00000000 -0.03850695
v -0.01878108 0.00000000 -0.03850695
v -0.01890192 0.00000000 -0.03873909
v -0.01904254 0.00000000 -0.03895982
v -0.01920187 0.00000000 -0.03916746
v -0.01937868 0.00000000 -0.03936041
v -0.02431908 0.00000000 -0.03826515
v -0.02439778 0.00000000 -0.03801555
v -0.02445442 0.00000000 -0.03776004
v -0.02448858 0.00000000 -0.03750056
v -0.02450000 0.00000000 -0.03723909
v -0.02448858 0.00000000 -0.03697763
v -0.02445442 0.00000000 -0.03671815
v -0.02439778 0.00000000 -0.03646263
v -0.01860222 0.00000000 -0.03646263
v -0.01854558 0.00000000 -0.03671815
v -0.01851142 0.00000000 -0.03697763
v -0.01850000 0.00000000 -0.03723909
v -0.01851142 0.00000000 -0.03750056
v -0.01854558 0.00000000 -0.03776004
v 0.04681377 0.00000000 0.03338743
v 0.04700000 0.00000000 -0.00450000
v 0.04700000 0.00000000 -0.01150000
v 0.05827677 0.00000000 -0.00450000
v 0.05827677 0.00600000 0.01400000
v 0.06927677 0.00600000 0.01400000
v 0.06927677 0.00600000 -0.00450000
v -0.03625000 0.00600000 -0.00450000
v 0.06305354 0.00600000 -0.02759808
v 0.06327427 0.00600000 -0.02745746
v 0.06927677 0.00600000 -0.02750000
v -0.03341598 0.00600000 -0.04679340
v -0.03733028 0.00600000 -0.04373442
v -0.03625000 0.00600000 -0.03336954
v -0.04729504 0.00600000 0.03270213
v -0.03625000 0.00600000 0.03336954
v -0.03625000 0.00600000 0.03025000
v -0.03341598 0.00600000 0.04679340
v -0.02925225 0.00600000 0.04950309
v -0.02850000 0.00600000 0.03336954
v 0.04905354 0.00600000 0.03000000
v 0.05827677 0.00600000 0.03000000
v 0.06927677 0.00600000 0.03000000
v 0.09227677 0.00600000 0.03000000
v 0.09227677 0.00600000 0.01400000
v 0.09962518 0.00600000 0.02729813
v 0.09943222 0.00600000 0.02712132
v 0.09859912 0.00600000 0.02552094
v 0.09856496 0.00600000 0.02526147
v 0.10445132 0.00600000 0.02422354
v 0.10450797 0.00600000 0.02447906
v 0.10455354 0.00600000 0.02500000
v 0.10454213 0.00600000 0.02526147
v 0.09865577 0.00600000 0.02577646
v 0.10348190 0.00600000 0.02270187
v 0.10367486 0.00600000 0.02287868
v 0.10385168 0.00600000 0.02307164
v 0.10401100 0.00600000 0.02327927
v 0.10415162 0.00600000 0.02350000
v 0.10454213 0.00600000 0.02473853
v 0.09925541 0.00600000 0.02692836
v 0.09909609 0.00600000 0.02672073
v 0.09895547 0.00600000 0.02650000
v 0.10427246 0.00600000 0.02373214
v 0.10437262 0.00600000 0.02397394
v 0.10450797 0.00600000 0.02552094
v 0.10445132 0.00600000 0.02577646
v 0.10437262 0.00600000 0.02602606
v 0.10367486 0.00600000 0.02712132
v 0.10385168 0.00600000 0.02692836
v 0.10401100 0.00600000 0.02672073
v 0.10348190 0.00600000 0.02729813
v 0.10327427 0.00600000 0.02745746
v 0.10305354 0.00600000 0.02759808
v 0.10282139 0.00600000 0.02771892
v 0.10257960 0.00600000 0.02781908
v 0.10233000 0.00600000 0.02789778
v 0.10129207 0.00600000 0.02798858
v 0.10103260 0.00600000 0.02795442
v 0.10077708 0.00600000 0.02789778
v 0.10052748 0.00600000 0.02781908
v 0.10028569 0.00600000 0.02771892
v 0.09883462 0.00600000 0.02626785
v 0.09873446 0.00600000 0.02602606
v 0.09855355 0.00600000 0.02500000
v 0.09856496 0.00600000 0.02473853
v 0.09859912 0.00600000 0.02447906
v 0.09865577 0.00600000 0.02422354
v 0.09943222 0.00600000 0.02287868
v 0.09962518 0.00600000 0.02270187
v 0.10427246 0.00600000 0.02626785
v 0.10415162 0.00600000 0.02650000
v 0.10207449 0.00600000 0.02795442
v 0.10181501 0.00600000 0.02798858
v 0.10155354 0.00600000 0.02800000
v 0.10005354 0.00600000 0.02759808
v 0.09983281 0.00600000 0.02745746
v 0.09983281 0.00600000 0.02254254
v 0.10005354 0.00600000 0.02240192
v 0.10028569 0.00600000 0.02228108
v 0.10282139 0.00600000 0.02228108
v 0.10305354 0.00600000 0.02240192
v 0.10327427 0.00600000 0.02254254
v 0.09873446 0.00600000 0.02397394
v 0.09883462 0.00600000 0.02373214
v 0.09895547 0.00600000 0.02350000
v 0.09909609 0.00600000 0.02327927
v 0.09925541 0.00600000 0.02307164
v 0.10052748 0.00600000 0.02218092
v 0.10077708 0.00600000 0.02210222
v 0.10103260 0.00600000 0.02204558
v 0.10207449 0.00600000 0.02204558
v 0.10233000 0.00600000 0.02210222
v 0.10257960 0.00600000 0.02218092
v 0.10129207 0.00600000 0.02201142
v 0.10155354 0.00600000 0.02200000
v 0.10181501 0.00600000 0.02201142
v 0.06450797 0.00600000 0.02447906
v 0.06454213 0.00600000 0.02473853
v 0.06155354 0.00600000 0.02800000
v 0.06129207 0.00600000 0.02798858
v 0.05859912 0.00600000 0.02447906
v 0.05865576 0.00600000 0.02422354
v 0.06455354 0.00600000 0.02500000
v 0.06454213 0.00600000 0.02526147
v 0.06450797 0.00600000 0.02552094
v 0.06445132 0.00600000 0.02577646
v 0.06437262 0.00600000 0.02602606
v 0.06427246 0.00600000 0.02626785
v 0.06103260 0.00600000 0.02795442
v 0.06077709 0.00600000 0.02789778
v 0.06052748 0.00600000 0.02781908
v 0.06327427 0.00600000 0.02745746
v 0.06305354 0.00600000 0.02759808
v 0.06282140 0.00600000 0.02771892
v 0.06257960 0.00600000 0.02781908
v 0.06415161 0.00600000 0.02650000
v 0.06401100 0.00600000 0.02672073
v 0.06385168 0.00600000 0.02692836
v 0.06367486 0.00600000 0.02712132
v 0.06348190 0.00600000 0.02729813
v 0.06233000 0.00600000 0.02789778
v 0.06207449 0.00600000 0.02795442
v 0.06181501 0.00600000 0.02798858
v 0.06028569 0.00600000 0.02771892
v 0.06005354 0.00600000 0.02759808
v 0.05983281 0.00600000 0.02745746
v 0.05962518 0.00600000 0.02729813
v 0.05943222 0.00600000 0.02712132
v 0.05925541 0.00600000 0.02692836
v 0.05883462 0.00600000 0.02626785
v 0.05873447 0.00600000 0.02602606
v 0.05865576 0.00600000 0.02577646
v 0.05859912 0.00600000 0.02552094
v 0.05856496 0.00600000 0.02526147
v 0.05855354 0.00600000 0.02500000
v 0.05856496 0.00600000 0.02473853
v 0.05909609 0.00600000 0.02672073
v 0.05895546 0.00600000 0.02650000
v 0.06305354 0.00600000 0.02240192
v 0.06327427 0.00600000 0.02254254
v 0.06427246 0.00600000 0.02373214
v 0.06437262 0.00600000 0.02397394
v 0.06445132 0.00600000 0.02422354
v 0.05873447 0.00600000 0.02397394
v 0.05883462 0.00600000 0.02373214
v 0.05895546 0.00600000 0.02350000
v 0.06233000 0.00600000 0.02210222
v 0.06257960 0.00600000 0.02218092
v 0.06282140 0.00600000 0.02228108
v 0.06005354 0.00600000 0.02240192
v 0.06028569 0.00600000 0.02228108
v 0.06052748 0.00600000 0.02218092
v 0.06348190 0.00600000 0.02270187
v 0.06367486 0.00600000 0.02287868
v 0.06385168 0.00600000 0.02307164
v 0.06401100 0.00600000 0.02327927
v 0.06415161 0.00600000 0.02350000
v 0.05909609 0.00600000 0.02327927
v 0.05925541 0.00600000 0.02307164
v 0.05943222 0.00600000 0.02287868
v 0.06077709 0.00600000 0.02210222
v 0.06103260 0.00600000 0.02204558
v 0.06129207 0.00600000 0.02201142
v 0.05962518 0.00600000 0.02270187
v 0.05983281 0.00600000 0.02254254
v 0.06155354 0.00600000 0.02200000
v 0.06181501 0.00600000 0.02201142
v 0.06207449 0.00600000 0.02204558
v 0.04700000 0.00600000 0.01400000
v 0.04700000 0.00600000 0.03025000
v 0.04889555 0.00600000 0.03025683
v 0.04681377 0.00600000 0.03338743
v 0.04703422 0.00600000 0.03307615
v 0.03625000 0.00600000 0.03025000
v 0.04628099 0.00600000 0.03412214
v 0.03625000 0.00600000 0.03336954
v 0.04316298 0.00600000 0.03798957
v 0.03972277 0.00600000 0.04157344
v 0.02202095 0.00600000 0.03428467
v 0.02227646 0.00600000 0.03434132
v 0.02252606 0.00600000 0.03442001
v 0.02276785 0.00600000 0.03452017
v 0.02300000 0.00600000 0.03983717
v 0.02276785 0.00600000 0.03995802
v 0.02773672 0.00600000 0.05036789
v 0.02252606 0.00600000 0.04005817
v 0.02328565 0.00600000 0.05257403
v 0.02227646 0.00600000 0.04013687
v 0.02202095 0.00600000 0.04019352
v 0.02176147 0.00600000 0.04022768
v 0.02150000 0.00600000 0.04023909
v 0.01866077 0.00600000 0.05438773
v 0.02123853 0.00600000 0.04022768
v 0.00902869 0.00600000 0.05678673
v 0.01389660 0.00600000 0.05579547
v 0.02023214 0.00600000 0.03995802
v 0.02023214 0.00600000 0.03452017
v 0.02047394 0.00600000 0.03442001
v 0.00000000 0.00600000 0.03336954
v 0.02072354 0.00600000 0.03434132
v 0.02097906 0.00600000 0.03428467
v 0.02123853 0.00600000 0.03425051
v 0.02150000 0.00600000 0.03423909
v 0.02176147 0.00600000 0.03425051
v 0.02379813 0.00600000 0.03916746
v 0.03198076 0.00600000 0.04778579
v 0.02395746 0.00600000 0.03895982
v 0.03598607 0.00600000 0.04484699
v 0.02409808 0.00600000 0.03873909
v 0.02362132 0.00600000 0.03936041
v 0.02342836 0.00600000 0.03953722
v 0.02322073 0.00600000 0.03969655
v 0.02097906 0.00600000 0.04019352
v 0.02072354 0.00600000 0.04013687
v 0.02047394 0.00600000 0.04005817
v 0.01920187 0.00600000 0.03916746
v 0.01904254 0.00600000 0.03895982
v 0.00000087 0.00600000 0.05750000
v 0.01890192 0.00600000 0.03873909
v 0.02431908 0.00600000 0.03621303
v 0.02439778 0.00600000 0.03646263
v 0.01957164 0.00600000 0.03494096
v 0.01977927 0.00600000 0.03478163
v 0.02000000 0.00600000 0.03464102
v 0.02300000 0.00600000 0.03464102
v 0.02322073 0.00600000 0.03478163
v 0.02342836 0.00600000 0.03494096
v 0.02431908 0.00600000 0.03826515
v 0.02421892 0.00600000 0.03850695
v 0.02000000 0.00600000 0.03983717
v 0.01977927 0.00600000 0.03969655
v 0.00409340 0.00600000 0.05735411
v 0.01957164 0.00600000 0.03953722
v 0.01937868 0.00600000 0.03936041
v 0.01878108 0.00600000 0.03850695
v 0.01868092 0.00600000 0.03826515
v 0.01860222 0.00600000 0.03801555
v 0.01854558 0.00600000 0.03776004
v 0.01868092 0.00600000 0.03621303
v 0.01878108 0.00600000 0.03597124
v 0.01890192 0.00600000 0.03573909
v 0.01904254 0.00600000 0.03551836
v 0.01920187 0.00600000 0.03531073
v 0.01937868 0.00600000 0.03511777
v 0.02362132 0.00600000 0.03511777
v 0.02379813 0.00600000 0.03531073
v 0.02395746 0.00600000 0.03551836
v 0.02409808 0.00600000 0.03573909
v 0.02421892 0.00600000 0.03597124
v 0.02448858 0.00600000 0.03750056
v 0.02445442 0.00600000 0.03776004
v 0.02439778 0.00600000 0.03801555
v 0.01851142 0.00600000 0.03750056
v 0.01850000 0.00600000 0.03723909
v 0.01851142 0.00600000 0.03697763
v 0.01854558 0.00600000 0.03671815
v 0.01860222 0.00600000 0.03646263
v 0.02445442 0.00600000 0.03671815
v 0.02448858 0.00600000 0.03697763
v 0.02450000 0.00600000 0.03723909
v -0.02097906 0.00600000 0.03428467
v -0.02072354 0.00600000 0.03434132
v -0.02047394 0.00600000 0.03442001
v -0.02023214 0.00600000 0.03452017
v -0.01074760 0.00600000 0.05648663
v -0.00583179 0.00600000 0.05720350
v -0.01977927 0.00600000 0.03969655
v -0.01558319 0.00600000 0.05534812
v -0.02072354 0.00600000 0.04013687
v -0.02030245 0.00600000 0.05379647
v -0.02097906 0.00600000 0.04019352
v -0.02123853 0.00600000 0.04022768
v -0.02150000 0.00600000 0.04023909
v -0.02487017 0.00600000 0.05184327
v -0.02176147 0.00600000 0.04022768
v -0.02202095 0.00600000 0.04019352
v -0.02300000 0.00600000 0.03983717
v -0.02322073 0.00600000 0.03969655
v -0.02000000 0.00600000 0.03983717
v -0.02023214 0.00600000 0.03995802
v -0.02047394 0.00600000 0.04005817
v -0.02276785 0.00600000 0.03452017
v -0.02252606 0.00600000 0.03442001
v -0.02227646 0.00600000 0.03434132
v -0.02202095 0.00600000 0.03428467
v -0.01878108 0.00600000 0.03850695
v -0.01890192 0.00600000 0.03873909
v -0.02176147 0.00600000 0.03425051
v -0.02150000 0.00600000 0.03423909
v -0.02123853 0.00600000 0.03425051
v -0.01904254 0.00600000 0.03895982
v -0.01920187 0.00600000 0.03916746
v -0.00087245 0.00600000 0.05749338
v -0.01937868 0.00600000 0.03936041
v -0.01957164 0.00600000 0.03953722
v -0.02227646 0.00600000 0.04013687
v -0.02252606 0.00600000 0.04005817
v -0.02276785 0.00600000 0.03995802
v -0.02379813 0.00600000 0.03916746
v -0.02395746 0.00600000 0.03895982
v -0.02409808 0.00600000 0.03873909
v -0.02421892 0.00600000 0.03850695
v -0.01854558 0.00600000 0.03671815
v -0.01860222 0.00600000 0.03646263
v -0.01868092 0.00600000 0.03621303
v -0.02342836 0.00600000 0.03494096
v -0.02322073 0.00600000 0.03478163
v -0.02300000 0.00600000 0.03464102
v -0.02000000 0.00600000 0.03464102
v -0.01977927 0.00600000 0.03478163
v -0.01957164 0.00600000 0.03494096
v -0.02342836 0.00600000 0.03953722
v -0.02362132 0.00600000 0.03936041
v -0.02431908 0.00600000 0.03621303
v -0.02421892 0.00600000 0.03597124
v -0.02409808 0.00600000 0.03573909
v -0.02395746 0.00600000 0.03551836
v -0.02379813 0.00600000 0.03531073
v -0.02362132 0.00600000 0.03511777
v -0.01937868 0.00600000 0.03511777
v -0.01920187 0.00600000 0.03531073
v -0.01904254 0.00600000 0.03551836
v -0.01890192 0.00600000 0.03573909
v -0.01878108 0.00600000 0.03597124
v -0.01851142 0.00600000 0.03697763
v -0.01850000 0.00600000 0.03723909
v -0.01851142 0.00600000 0.03750056
v -0.01854558 0.00600000 0.03776004
v -0.01860222 0.00600000 0.03801555
v -0.01868092 0.00600000 0.03826515
v -0.02431908 0.00600000 0.03826515
v -0.02439778 0.00600000 0.03801555
v -0.02445442 0.00600000 0.03776004
v -0.02448858 0.00600000 0.03750056
v -0.02450000 0.00600000 0.03723909
v -0.02448858 0.00600000 0.03697763
v -0.02445442 0.00600000 0.03671815
v -0.02439778 0.00600000 0.03646263
v -0.04429581 0.00600000 0.03666240
v -0.04096594 0.00600000 0.04034900
v -0.03733028 0.00600000 0.04373442
v -0.05557819 0.00600000 0.01474159
v -0.05409833 0.00600000 0.01948385
v -0.03625000 0.00600000 0.01400000
v -0.05221466 0.00600000 0.02408068
v -0.04994124 0.00600000 0.02849777
v -0.05728540 0.00600000 -0.00496317
v -0.05664320 0.00600000 0.00988929
v -0.05728540 0.00600000 0.00496317
v -0.05750000 0.00600000 -0.00000000
v -0.03625000 0.00600000 -0.01150000
v -0.05664320 0.00600000 -0.00988929
v -0.04994124 0.00600000 -0.02849777
v -0.05221466 0.00600000 -0.02408068
v -0.05409833 0.00600000 -0.01948385
v -0.05557819 0.00600000 -0.01474159
v -0.04729504 0.00600000 -0.03270213
v -0.04096594 0.00600000 -0.04034900
v -0.04429581 0.00600000 -0.03666240
v -0.01558319 0.00600000 -0.05534812
v 0.00000000 0.00600000 -0.04886955
v -0.01074760 0.00600000 -0.05648663
v -0.00583179 0.00600000 -0.05720350
v -0.02030245 0.00600000 -0.05379647
v -0.02487017 0.00600000 -0.05184327
v -0.02850000 0.00600000 -0.04886955
v 0.02773672 0.00600000 -0.05036789
v 0.02328565 0.00600000 -0.05257403
v 0.01866077 0.00600000 -0.05438773
v 0.01389660 0.00600000 -0.05579547
v 0.00902869 0.00600000 -0.05678673
v 0.00409340 0.00600000 -0.05735411
v -0.00087245 0.00600000 -0.05749338
v 0.03625000 0.00600000 -0.03336954
v 0.00000000 0.00600000 -0.03336954
v 0.03972277 0.00600000 -0.04157344
v 0.03198076 0.00600000 -0.04778579
v 0.03598607 0.00600000 -0.04484699
v 0.04681377 0.00600000 -0.03338743
v 0.04628099 0.00600000 -0.03412214
v 0.04316298 0.00600000 -0.03798957
v 0.05827677 0.00600000 -0.02750000
v 0.05827677 0.00600000 -0.03000000
v 0.04700000 0.00600000 -0.02750000
v 0.04905354 0.00600000 -0.03000000
v 0.04700000 0.00600000 -0.03025000
v 0.04889555 0.00600000 -0.03025683
v 0.04703422 0.00600000 -0.03307615
v 0.06282140 0.00600000 -0.02771892
v 0.06927677 0.00600000 -0.03000000
v 0.06257960 0.00600000 -0.02781908
v 0.06233000 0.00600000 -0.02789778
v 0.06028569 0.00600000 -0.02771892
v 0.06052748 0.00600000 -0.02781908
v 0.06077709 0.00600000 -0.02789778
v 0.06103260 0.00600000 -0.02795442
v 0.06129207 0.00600000 -0.02798858
v 0.06155354 0.00600000 -0.02800000
v 0.06181501 0.00600000 -0.02798858
v 0.06207449 0.00600000 -0.02795442
v 0.09227677 0.00600000 -0.02750000
v 0.09227677 0.00600000 -0.03000000
v 0.10233000 0.00600000 -0.02789778
v 0.10257960 0.00600000 -0.02781908
v 0.10282139 0.00600000 -0.02771892
v 0.10305354 0.00600000 -0.02759808
v 0.10028569 0.00600000 -0.02771892
v 0.10052748 0.00600000 -0.02781908
v 0.10077708 0.00600000 -0.02789778
v 0.10103260 0.00600000 -0.02795442
v 0.10129207 0.00600000 -0.02798858
v 0.10155354 0.00600000 -0.02800000
v 0.10181501 0.00600000 -0.02798858
v 0.10207449 0.00600000 -0.02795442
v 0.09227677 0.00600000 -0.00450000
v 0.06927677 0.00600000 -0.01150000
v 0.09227677 0.00600000 -0.01150000
v 0.10327427 0.00600000 -0.02745746
v 0.10348190 0.00600000 -0.02729813
v 0.10367486 0.00600000 -0.02712132
v 0.10385168 0.00600000 -0.02692836
v 0.10401100 0.00600000 -0.02672073
v 0.10415162 0.00600000 -0.02650000
v 0.10427246 0.00600000 -0.02626785
v 0.10437262 0.00600000 -0.02602606
v 0.10445132 0.00600000 -0.02577646
v 0.10450797 0.00600000 -0.02552094
v 0.10454213 0.00600000 -0.02526147
v 0.10455354 0.00600000 -0.02500000
v 0.09943222 0.00600000 -0.02712132
v 0.09962518 0.00600000 -0.02729813
v 0.09983281 0.00600000 -0.02745746
v 0.10005354 0.00600000 -0.02759808
v 0.09883462 0.00600000 -0.02626785
v 0.09895547 0.00600000 -0.02650000
v 0.10454213 0.00600000 -0.02473853
v 0.10450797 0.00600000 -0.02447906
v 0.10445132 0.00600000 -0.02422354
v 0.10437262 0.00600000 -0.02397394
v 0.09962518 0.00600000 -0.02270187
v 0.09943222 0.00600000 -0.02287868
v 0.09925541 0.00600000 -0.02307164
v 0.09856496 0.00600000 -0.02473853
v 0.09855355 0.00600000 -0.02500000
v 0.09856496 0.00600000 -0.02526147
v 0.09859912 0.00600000 -0.02552094
v 0.09909609 0.00600000 -0.02672073
v 0.09925541 0.00600000 -0.02692836
v 0.09909609 0.00600000 -0.02327927
v 0.09895547 0.00600000 -0.02350000
v 0.09883462 0.00600000 -0.02373214
v 0.09873446 0.00600000 -0.02397394
v 0.09865577 0.00600000 -0.02422354
v 0.09859912 0.00600000 -0.02447906
v 0.09865577 0.00600000 -0.02577646
v 0.09873446 0.00600000 -0.02602606
v 0.10367486 0.00600000 -0.02287868
v 0.10385168 0.00600000 -0.02307164
v 0.10401100 0.00600000 -0.02327927
v 0.10348190 0.00600000 -0.02270187
v 0.10327427 0.00600000 -0.02254254
v 0.10305354 0.00600000 -0.02240192
v 0.10427246 0.00600000 -0.02373214
v 0.10415162 0.00600000 -0.02350000
v 0.10282139 0.00600000 -0.02228108
v 0.10257960 0.00600000 -0.02218092
v 0.10233000 0.00600000 -0.02210222
v 0.10028569 0.00600000 -0.02228108
v 0.10052748 0.00600000 -0.02218092
v 0.10077708 0.00600000 -0.02210222
v 0.10005354 0.00600000 -0.02240192
v 0.09983281 0.00600000 -0.02254254
v 0.10207449 0.00600000 -0.02204558
v 0.10181501 0.00600000 -0.02201142
v 0.10155354 0.00600000 -0.02200000
v 0.10129207 0.00600000 -0.02201142
v 0.10103260 0.00600000 -0.02204558
v 0.06450797 0.00600000 -0.02552094
v 0.06454213 0.00600000 -0.02526147
v 0.06437262 0.00600000 -0.02397394
v 0.06427246 0.00600000 -0.02373214
v 0.05865576 0.00600000 -0.02422354
v 0.05827677 0.00600000 -0.01150000
v 0.05873447 0.00600000 -0.02397394
v 0.05883462 0.00600000 -0.02373214
v 0.06455354 0.00600000 -0.02500000
v 0.06454213 0.00600000 -0.02473853
v 0.06450797 0.00600000 -0.02447906
v 0.06348190 0.00600000 -0.02729813
v 0.06367486 0.00600000 -0.02712132
v 0.06385168 0.00600000 -0.02692836
v 0.06401100 0.00600000 -0.02672073
v 0.06415161 0.00600000 -0.02650000
v 0.06427246 0.00600000 -0.02626785
v 0.06437262 0.00600000 -0.02602606
v 0.06445132 0.00600000 -0.02577646
v 0.05873447 0.00600000 -0.02602606
v 0.05883462 0.00600000 -0.02626785
v 0.05895546 0.00600000 -0.02650000
v 0.06445132 0.00600000 -0.02422354
v 0.06327427 0.00600000 -0.02254254
v 0.06305354 0.00600000 -0.02240192
v 0.05859912 0.00600000 -0.02447906
v 0.05856496 0.00600000 -0.02473853
v 0.05855354 0.00600000 -0.02500000
v 0.05856496 0.00600000 -0.02526147
v 0.05859912 0.00600000 -0.02552094
v 0.05865576 0.00600000 -0.02577646
v 0.06282140 0.00600000 -0.02228108
v 0.06257960 0.00600000 -0.02218092
v 0.06233000 0.00600000 -0.02210222
v 0.06207449 0.00600000 -0.02204558
v 0.06181501 0.00600000 -0.02201142
v 0.06155354 0.00600000 -0.02200000
v 0.06129207 0.00600000 -0.02201142
v 0.06103260 0.00600000 -0.02204558
v 0.06077709 0.00600000 -0.02210222
v 0.06052748 0.00600000 -0.02218092
v 0.06028569 0.00600000 -0.02228108
v 0.06005354 0.00600000 -0.02240192
v 0.05983281 0.00600000 -0.02254254
v 0.05962518 0.00600000 -0.02270187
v 0.05943222 0.00600000 -0.02287868
v 0.05925541 0.00600000 -0.02307164
v 0.05909609 0.00600000 -0.02672073
v 0.05925541 0.00600000 -0.02692836
v 0.05943222 0.00600000 -0.02712132
v 0.06415161 0.00600000 -0.02350000
v 0.06401100 0.00600000 -0.02327927
v 0.06385168 0.00600000 -0.02307164
v 0.06367486 0.00600000 -0.02287868
v 0.06348190 0.00600000 -0.02270187
v 0.05909609 0.00600000 -0.02327927
v 0.05895546 0.00600000 -0.02350000
v 0.05962518 0.00600000 -0.02729813
v 0.05983281 0.00600000 -0.02745746
v 0.06005354 0.00600000 -0.02759808
v 0.03625000 0.00600000 -0.00450000
v 0.03625000 0.00600000 0.01400000
v 0.03625000 0.00600000 -0.01150000
v 0.03625000 0.00600000 -0.02750000
v 0.03625000 0.00600000 -0.03025000
v -0.02850000 0.00600000 -0.03336954
v -0.02850000 0.00600000 -0.03025000
v -0.02850000 0.00600000 -0.02750000
v -0.03625000 0.00600000 -0.02750000
v -0.02850000 0.00600000 0.03025000
v 0.05827677 0.00600000 -0.00450000
v 0.04700000 0.00600000 -0.01150000
v 0.04700000 0.00600000 -0.00450000
v -0.02000000 0.00600000 -0.03464102
v -0.02023214 0.00600000 -0.03452017
v -0.02023214 0.00600000 -0.03995802
v -0.02047394 0.00600000 -0.04005817
v -0.02072354 0.00600000 -0.04013687
v -0.02047394 0.00600000 -0.03442001
v -0.02072354 0.00600000 -0.03434132
v -0.02097906 0.00600000 -0.03428467
v -0.02123853 0.00600000 -0.03425051
v -0.02150000 0.00600000 -0.03423909
v -0.02176147 0.00600000 -0.03425051
v -0.02097906 0.00600000 -0.04019352
v -0.02123853 0.00600000 -0.04022768
v -0.02276785 0.00600000 -0.03995802
v -0.02252606 0.00600000 -0.04005817
v -0.02227646 0.00600000 -0.04013687
v -0.02202095 0.00600000 -0.04019352
v -0.01868092 0.00600000 -0.03621303
v -0.01878108 0.00600000 -0.03597124
v -0.01890192 0.00600000 -0.03573909
v -0.01904254 0.00600000 -0.03551836
v -0.01920187 0.00600000 -0.03531073
v -0.01937868 0.00600000 -0.03511777
v -0.01957164 0.00600000 -0.03494096
v -0.01977927 0.00600000 -0.03478163
v -0.02202095 0.00600000 -0.03428467
v -0.02227646 0.00600000 -0.03434132
v -0.02252606 0.00600000 -0.03442001
v -0.02276785 0.00600000 -0.03452017
v -0.02300000 0.00600000 -0.03464102
v -0.02322073 0.00600000 -0.03478163
v -0.02176147 0.00600000 -0.04022768
v -0.02150000 0.00600000 -0.04023909
v -0.02379813 0.00600000 -0.03531073
v -0.02395746 0.00600000 -0.03551836
v -0.02409808 0.00600000 -0.03573909
v -0.02421892 0.00600000 -0.03597124
v -0.02431908 0.00600000 -0.03621303
v -0.02439778 0.00600000 -0.03646263
v -0.02342836 0.00600000 -0.03953722
v -0.02322073 0.00600000 -0.03969655
v -0.02300000 0.00600000 -0.03983717
v -0.02000000 0.00600000 -0.03983717
v -0.01977927 0.00600000 -0.03969655
v -0.01957164 0.00600000 -0.03953722
v -0.02342836 0.00600000 -0.03494096
v -0.02362132 0.00600000 -0.03511777
v -0.01850000 0.00600000 -0.03723909
v -0.01851142 0.00600000 -0.03697763
v -0.02431908 0.00600000 -0.03826515
v -0.02421892 0.00600000 -0.03850695
v -0.02409808 0.00600000 -0.03873909
v -0.02395746 0.00600000 -0.03895982
v -0.02379813 0.00600000 -0.03916746
v -0.02362132 0.00600000 -0.03936041
v -0.01937868 0.00600000 -0.03936041
v -0.01920187 0.00600000 -0.03916746
v -0.01904254 0.00600000 -0.03895982
v -0.01890192 0.00600000 -0.03873909
v -0.01878108 0.00600000 -0.03850695
v -0.01868092 0.00600000 -0.03826515
v -0.01860222 0.00600000 -0.03801555
v -0.01854558 0.00600000 -0.03776004
v -0.01851142 0.00600000 -0.03750056
v -0.01854558 0.00600000 -0.03671815
v -0.01860222 0.00600000 -0.03646263
v -0.02445442 0.00600000 -0.03671815
v -0.02448858 0.00600000 -0.03697763
v -0.02450000 0.00600000 -0.03723909
v -0.02448858 0.00600000 -0.03750056
v -0.02445442 0.00600000 -0.03776004
v -0.02439778 0.00600000 -0.03801555
v -0.03625000 0.00600000 -0.03025000
v -0.02925225 0.00600000 -0.04950309
f 1 2 3
f 4 5 6
f 4 6 7
f 6 8 7
f 7 8 9
f 8 10 9
f 9 10 11
f 10 12 11
f 11 12 13
f 12 14 13
f 13 14 15
f 14 16 15
f 15 16 17
f 16 18 17
f 17 18 19
f 18 20 19
f 19 20 21
f 20 22 21
f 21 22 23
f 22 24 23
f 23 24 25
f 25 24 26
f 24 27 26
f 26 27 28
f 28 27 29
f 27 30 29
f 29 30 31
f 31 30 32
f 30 33 32
f 32 33 34
f 34 33 35
f 33 36 35
f 35 36 37
f 37 36 38
f 36 39 38
f 38 39 40
f 40 39 41
f 39 42 41
f 41 42 43
f 43 42 44
f 42 45 44
f 44 45 46
f 46 45 47
f 45 48 47
f 47 48 49
f 49 48 50
f 48 51 50
f 50 51 52
f 52 51 53
f 51 54 53
f 53 54 55
f 55 54 56
f 54 57 56
f 56 57 58
f 58 57 59
f 57 60 59
f 59 60 61
f 61 60 62
f 60 63 62
f 62 63 64
f 64 63 65
f 63 66 65
f 65 66 67
f 67 66 68
f 66 69 68
f 68 69 70
f 70 69 71
f 69 72 71
f 71 72 73
f 72 74 73
f 73 74 75
f 74 76 75
f 75 76 77
f 76 78 77
f 77 78 79
f 78 80 79
f 79 80 81
f 80 82 81
f 81 82 83
f 82 84 83
f 83 84 85
f 84 86 85
f 85 86 87
f 86 88 87
f 87 88 89
f 88 90 89
f 89 90 91
f 90 2 91
f 91 2 1
f 92 5 4
f 93 94 95
f 96 97 98
f 97 99 98
f 100 101 95
f 101 102 95
f 102 103 95
f 103 104 95
f 95 104 105
f 95 94 106
f 94 107 106
f 106 107 108
f 108 109 106
f 109 110 106
f 106 110 111
f 96 112 97
f 112 113 97
f 97 113 114
f 115 116 117
f 116 118 117
f 117 118 119
f 119 120 117
f 120 121 117
f 117 121 122
f 105 123 95
f 123 124 95
f 95 124 93
f 125 126 106
f 126 127 106
f 106 127 97
f 127 128 97
f 97 128 99
f 129 5 130
f 5 131 130
f 132 92 133
f 92 97 133
f 133 97 134
f 97 114 134
f 122 135 117
f 135 136 117
f 117 136 95
f 136 137 95
f 95 137 138
f 139 140 141
f 142 143 92
f 143 144 92
f 144 145 92
f 92 145 146
f 115 117 147
f 117 3 147
f 147 3 148
f 149 150 95
f 150 151 95
f 95 151 100
f 152 153 3
f 132 154 92
f 154 155 92
f 92 155 142
f 155 156 142
f 142 156 157
f 146 158 92
f 158 159 92
f 92 159 160
f 160 161 92
f 161 162 92
f 92 162 5
f 162 163 5
f 5 163 131
f 138 164 95
f 164 165 95
f 95 165 149
f 111 166 106
f 166 167 106
f 106 167 168
f 168 169 106
f 169 170 106
f 106 170 171
f 171 172 106
f 172 173 106
f 106 173 125
f 152 3 174
f 139 175 140
f 175 176 140
f 140 176 177
f 141 178 139
f 178 179 139
f 139 179 180
f 157 181 142
f 181 182 142
f 142 182 183
f 183 184 142
f 184 185 142
f 142 185 186
f 185 187 186
f 187 185 188
f 185 189 188
f 188 189 176
f 189 190 176
f 176 190 177
f 180 191 139
f 191 148 139
f 139 148 192
f 148 3 192
f 192 3 193
f 3 153 193
f 194 195 2
f 195 196 2
f 129 197 5
f 197 198 5
f 5 198 6
f 198 199 6
f 6 199 8
f 199 200 8
f 8 200 10
f 200 201 10
f 10 201 12
f 201 202 12
f 12 202 14
f 202 203 14
f 14 203 16
f 203 204 16
f 16 204 18
f 204 205 18
f 18 205 20
f 205 206 20
f 20 206 22
f 206 207 22
f 22 207 24
f 207 208 24
f 24 208 27
f 208 209 27
f 27 209 30
f 209 210 30
f 30 210 33
f 210 211 33
f 33 211 36
f 211 212 36
f 36 212 39
f 212 213 39
f 39 213 42
f 213 214 42
f 42 214 45
f 214 215 45
f 45 215 48
f 215 216 48
f 48 216 51
f 216 217 51
f 51 217 54
f 217 218 54
f 54 218 57
f 218 219 57
f 57 219 60
f 219 220 60
f 60 220 63
f 220 221 63
f 63 221 66
f 221 222 66
f 66 222 69
f 222 223 69
f 69 223 72
f 223 224 72
f 72 224 74
f 224 225 74
f 74 225 76
f 225 226 76
f 76 226 78
f 226 227 78
f 78 227 80
f 227 228 80
f 80 228 82
f 228 229 82
f 82 229 84
f 229 230 84
f 84 230 86
f 230 231 86
f 86 231 88
f 231 232 88
f 88 232 90
f 232 233 90
f 90 233 2
f 233 234 2
f 2 234 194
f 235 236 3
f 236 237 3
f 3 237 174
f 196 238 2
f 238 239 2
f 2 239 3
f 239 240 3
f 3 240 235
f 99 241 98
f 241 242 98
f 98 242 96
f 242 243 96
f 96 243 112
f 243 244 112
f 112 244 113
f 244 245 113
f 113 245 114
f 245 246 114
f 114 246 134
f 246 247 134
f 134 247 133
f 247 248 133
f 133 248 132
f 248 249 132
f 132 249 154
f 249 250 154
f 154 250 155
f 250 251 155
f 155 251 156
f 251 252 156
f 156 252 157
f 252 253 157
f 157 253 181
f 253 254 181
f 181 254 182
f 254 255 182
f 182 255 183
f 255 256 183
f 183 256 184
f 256 257 184
f 184 257 185
f 257 258 185
f 185 258 189
f 258 259 189
f 189 259 190
f 259 260 190
f 190 260 177
f 260 261 177
f 177 261 140
f 261 262 140
f 140 262 141
f 262 263 141
f 141 263 178
f 263 264 178
f 178 264 179
f 264 265 179
f 179 265 180
f 265 266 180
f 180 266 191
f 266 267 191
f 191 267 148
f 267 268 148
f 148 268 147
f 268 269 147
f 147 269 115
f 269 270 115
f 115 270 116
f 270 271 116
f 116 271 118
f 271 272 118
f 118 272 119
f 272 273 119
f 119 273 120
f 273 274 120
f 120 274 121
f 274 275 121
f 121 275 122
f 275 276 122
f 122 276 135
f 276 277 135
f 135 277 136
f 277 278 136
f 136 278 137
f 278 279 137
f 137 279 138
f 279 280 138
f 138 280 164
f 280 281 164
f 164 281 165
f 281 282 165
f 165 282 149
f 282 283 149
f 149 283 150
f 283 284 150
f 150 284 151
f 284 285 151
f 151 285 100
f 285 286 100
f 100 286 101
f 286 287 101
f 101 287 102
f 287 288 102
f 102 288 103
f 288 289 103
f 103 289 104
f 289 290 104
f 104 290 105
f 290 291 105
f 105 291 123
f 291 292 123
f 123 292 124
f 292 293 124
f 124 293 93
f 293 294 93
f 93 294 94
f 294 295 94
f 94 295 107
f 295 296 107
f 107 296 108
f 296 297 108
f 108 297 109
f 297 298 109
f 109 298 110
f 298 299 110
f 110 299 111
f 299 300 111
f 111 300 166
f 300 301 166
f 166 301 167
f 301 302 167
f 167 302 168
f 302 303 168
f 168 303 169
f 303 304 169
f 169 304 170
f 304 305 170
f 170 305 171
f 305 306 171
f 171 306 172
f 306 307 172
f 172 307 173
f 307 308 173
f 173 308 125
f 308 309 125
f 125 309 126
f 309 310 126
f 126 310 127
f 310 311 127
f 127 311 128
f 311 312 128
f 128 312 99
f 312 241 99
f 198 313 199
f 313 314 199
f 199 314 200
f 314 315 200
f 200 315 201
f 315 316 201
f 201 316 202
f 316 317 202
f 202 317 203
f 317 318 203
f 203 318 204
f 318 319 204
f 204 319 205
f 319 320 205
f 205 320 206
f 320 321 206
f 206 321 207
f 321 322 207
f 207 322 208
f 322 323 208
f 208 323 209
f 323 324 209
f 209 324 210
f 324 325 210
f 210 325 211
f 325 326 211
f 211 326 212
f 326 327 212
f 212 327 213
f 327 328 213
f 213 328 214
f 328 329 214
f 214 329 215
f 329 330 215
f 215 330 216
f 330 331 216
f 216 331 217
f 331 332 217
f 217 332 218
f 332 333 218
f 218 333 219
f 333 334 219
f 219 334 220
f 334 335 220
f 220 335 221
f 335 336 221
f 221 336 222
f 336 337 222
f 222 337 223
f 337 338 223
f 223 338 224
f 338 339 224
f 224 339 225
f 339 340 225
f 225 340 226
f 340 341 226
f 226 341 227
f 341 342 227
f 227 342 228
f 342 343 228
f 228 343 229
f 343 344 229
f 229 344 230
f 344 345 230
f 230 345 231
f 345 346 231
f 231 346 232
f 346 347 232
f 232 347 233
f 347 348 233
f 233 348 234
f 348 349 234
f 234 349 194
f 349 350 194
f 194 350 195
f 350 351 195
f 195 351 196
f 351 352 196
f 196 352 238
f 352 353 238
f 238 353 239
f 353 354 239
f 239 354 240
f 354 355 240
f 240 355 235
f 355 356 235
f 235 356 236
f 356 357 236
f 236 357 237
f 357 358 237
f 237 358 174
f 358 359 174
f 174 359 152
f 359 360 152
f 152 360 153
f 360 361 153
f 153 361 193
f 361 362 193
f 193 362 192
f 362 363 192
f 192 363 139
f 363 364 139
f 139 364 175
f 364 365 175
f 175 365 176
f 365 366 176
f 176 366 188
f 366 367 188
f 188 367 187
f 367 368 187
f 187 368 186
f 368 369 186
f 186 369 142
f 369 370 142
f 142 370 143
f 370 371 143
f 143 371 144
f 371 372 144
f 144 372 145
f 372 373 145
f 145 373 146
f 373 374 146
f 146 374 158
f 374 375 158
f 158 375 159
f 375 376 159
f 159 376 160
f 376 377 160
f 160 377 161
f 377 378 161
f 161 378 162
f 378 379 162
f 162 379 163
f 379 380 163
f 163 380 131
f 380 381 131
f 131 381 130
f 381 382 130
f 130 382 129
f 382 383 129
f 129 383 197
f 383 384 197
f 197 384 198
f 384 313 198
f 385 386 387
f 386 388 387
f 385 387 389
f 387 390 389
f 389 390 391
f 391 390 392
f 390 393 392
f 392 393 394
f 394 393 395
f 393 396 395
f 395 396 397
f 397 396 398
f 396 399 398
f 398 399 400
f 400 399 401
f 399 402 401
f 401 402 403
f 403 402 404
f 402 405 404
f 404 405 406
f 406 405 407
f 405 408 407
f 407 408 409
f 408 410 409
f 409 410 411
f 410 412 411
f 411 412 413
f 412 414 413
f 413 414 415
f 414 416 415
f 415 416 417
f 416 418 417
f 417 418 419
f 418 420 419
f 419 420 421
f 420 422 421
f 421 422 423
f 422 424 423
f 423 424 425
f 424 426 425
f 425 426 427
f 426 428 427
f 427 428 429
f 428 430 429
f 429 430 431
f 430 432 431
f 431 432 433
f 432 434 433
f 433 434 435
f 434 436 435
f 435 436 437
f 436 438 437
f 437 438 439
f 438 440 439
f 439 440 441
f 440 442 441
f 441 442 443
f 442 444 443
f 443 444 445
f 444 446 445
f 445 446 447
f 446 448 447
f 447 448 449
f 450 451 448
f 451 452 448
f 448 452 449
f 453 454 455
f 455 456 453
f 456 457 453
f 453 457 450
f 457 458 450
f 450 458 451
f 459 460 461
f 461 462 459
f 462 463 459
f 459 463 454
f 463 464 454
f 454 464 455
f 465 466 467
f 467 468 465
f 468 469 465
f 465 469 460
f 469 470 460
f 460 470 461
f 471 472 473
f 472 474 473
f 473 474 466
f 474 475 466
f 466 475 467
f 476 477 471
f 477 478 471
f 471 478 472
f 479 480 476
f 480 481 476
f 476 481 477
f 482 483 479
f 483 484 479
f 479 484 480
f 485 486 482
f 486 487 482
f 482 487 483
f 488 489 485
f 489 490 485
f 485 490 486
f 491 492 488
f 492 493 488
f 488 493 489
f 494 495 496
f 495 497 496
f 496 497 498
f 497 499 498
f 498 499 500
f 499 501 500
f 500 501 502
f 501 503 502
f 502 503 504
f 503 505 504
f 504 505 506
f 505 507 506
f 506 507 508
f 507 509 508
f 508 509 510
f 509 511 510
f 510 511 512
f 511 513 512
f 512 513 514
f 513 515 514
f 514 515 516
f 515 517 516
f 516 517 518
f 517 519 518
f 518 519 520
f 519 521 520
f 520 521 522
f 521 523 522
f 522 523 524
f 523 525 524
f 524 525 526
f 525 527 526
f 526 527 528
f 527 529 528
f 528 529 530
f 529 531 530
f 530 531 532
f 531 533 532
f 532 533 534
f 533 535 534
f 534 535 491
f 535 536 491
f 491 536 492
f 537 538 494
f 538 539 494
f 494 539 495
f 540 541 537
f 541 542 537
f 537 542 538
f 543 544 540
f 544 545 540
f 540 545 541
f 546 547 543
f 547 548 543
f 543 548 544
f 549 550 546
f 550 551 546
f 546 551 547
f 552 553 549
f 553 554 549
f 549 554 550
f 555 556 552
f 556 557 552
f 552 557 553
f 386 558 388
f 558 559 388
f 388 559 555
f 559 560 555
f 555 560 556
f 561 562 563
f 562 564 563
f 561 563 565
f 563 566 565
f 565 566 567
f 567 566 568
f 566 569 568
f 568 569 570
f 570 569 571
f 569 572 571
f 571 572 573
f 573 572 574
f 572 575 574
f 574 575 576
f 576 575 577
f 575 578 577
f 577 578 579
f 579 578 580
f 578 581 580
f 580 581 582
f 582 581 583
f 581 584 583
f 583 584 585
f 584 586 585
f 585 586 587
f 586 588 587
f 587 588 589
f 588 590 589
f 589 590 591
f 590 592 591
f 591 592 593
f 592 594 593
f 593 594 595
f 594 596 595
f 595 596 597
f 596 598 597
f 597 598 599
f 598 600 599
f 599 600 601
f 600 602 601
f 601 602 603
f 602 604 603
f 603 604 605
f 604 606 605
f 605 606 607
f 606 608 607
f 607 608 609
f 608 610 609
f 609 610 611
f 610 612 611
f 611 612 613
f 612 614 613
f 613 614 615
f 614 616 615
f 615 616 617
f 616 618 617
f 617 618 619
f 618 620 619
f 619 620 621
f 620 622 621
f 621 622 623
f 622 624 623
f 623 624 625
f 626 627 624
f 627 628 624
f 624 628 625
f 629 630 631
f 631 632 629
f 632 633 629
f 629 633 626
f 633 634 626
f 626 634 627
f 635 636 637
f 637 638 635
f 638 639 635
f 635 639 630
f 639 640 630
f 630 640 631
f 641 642 643
f 643 644 641
f 644 645 641
f 641 645 636
f 645 646 636
f 636 646 637
f 647 648 649
f 648 650 649
f 649 650 642
f 650 651 642
f 642 651 643
f 652 653 647
f 653 654 647
f 647 654 648
f 655 656 652
f 656 657 652
f 652 657 653
f 658 659 655
f 659 660 655
f 655 660 656
f 661 662 658
f 662 663 658
f 658 663 659
f 664 665 661
f 665 666 661
f 661 666 662
f 667 668 664
f 668 669 664
f 664 669 665
f 670 671 672
f 671 673 672
f 672 673 674
f 673 675 674
f 674 675 676
f 675 677 676
f 676 677 678
f 677 679 678
f 678 679 680
f 679 681 680
f 680 681 682
f 681 683 682
f 682 683 684
f 683 685 684
f 684 685 686
f 685 687 686
f 686 687 688
f 687 689 688
f 688 689 690
f 689 691 690
f 690 691 692
f 691 693 692
f 692 693 694
f 693 695 694
f 694 695 696
f 695 697 696
f 696 697 698
f 697 699 698
f 698 699 700
f 699 701 700
f 700 701 702
f 701 703 702
f 702 703 704
f 703 705 704
f 704 705 706
f 705 707 706
f 706 707 708
f 707 709 708
f 708 709 710
f 709 711 710
f 710 711 667
f 711 712 667
f 667 712 668
f 713 714 670
f 714 715 670
f 670 715 671
f 716 717 713
f 717 718 713
f 713 718 714
f 719 720 716
f 720 721 716
f 716 721 717
f 722 723 719
f 723 724 719
f 719 724 720
f 725 726 722
f 726 727 722
f 722 727 723
f 728 729 725
f 729 730 725
f 725 730 726
f 731 732 728
f 732 733 728
f 728 733 729
f 562 734 564
f 734 735 564
f 564 735 731
f 735 736 731
f 731 736 732
f 737 95 738
f 95 106 738
f 350 349 410
f 434 432 737
f 256 255 710
f 297 296 738
f 294 293 737
f 290 289 737
f 289 288 737
f 737 288 287
f 432 430 737
f 430 428 737
f 737 428 739
f 342 341 739
f 341 340 739
f 739 340 740
f 340 339 740
f 339 338 740
f 740 338 741
f 338 337 741
f 741 337 336
f 738 296 737
f 296 295 737
f 737 295 294
f 293 292 737
f 292 291 737
f 737 291 290
f 440 438 737
f 438 436 737
f 737 436 434
f 346 345 739
f 265 264 498
f 275 446 276
f 446 277 276
f 261 260 667
f 287 286 737
f 286 285 737
f 737 285 284
f 446 444 737
f 444 442 737
f 737 442 440
f 346 739 347
f 345 344 739
f 344 343 739
f 739 343 342
f 273 272 460
f 284 283 737
f 283 282 737
f 737 282 281
f 428 426 739
f 426 424 739
f 739 424 422
f 422 420 739
f 420 418 739
f 739 418 416
f 416 414 739
f 414 412 739
f 739 412 410
f 410 349 739
f 349 348 739
f 739 348 347
f 265 498 266
f 516 518 268
f 658 655 262
f 630 262 635
f 262 636 635
f 546 543 606
f 459 454 275
f 454 453 275
f 260 259 667
f 259 258 667
f 667 258 710
f 258 257 710
f 710 257 256
f 405 372 371
f 281 280 737
f 280 279 737
f 737 279 446
f 279 278 446
f 446 278 277
f 504 506 268
f 506 508 268
f 268 508 510
f 526 528 268
f 658 262 661
f 655 652 262
f 652 647 262
f 262 647 649
f 459 275 460
f 275 274 460
f 460 274 273
f 336 335 741
f 335 334 741
f 741 334 742
f 334 333 742
f 742 333 332
f 266 498 267
f 498 500 267
f 267 500 268
f 500 502 268
f 268 502 504
f 526 268 524
f 649 642 262
f 642 641 262
f 262 641 636
f 485 482 272
f 482 479 272
f 453 450 275
f 450 448 275
f 275 448 446
f 255 254 710
f 254 253 710
f 710 253 252
f 371 370 405
f 370 369 405
f 405 369 368
f 510 512 268
f 512 514 268
f 268 514 516
f 261 667 262
f 667 664 262
f 262 664 661
f 624 543 626
f 543 629 626
f 629 543 630
f 543 540 630
f 630 540 537
f 479 476 272
f 476 471 272
f 272 471 473
f 719 716 383
f 365 408 366
f 408 405 366
f 366 405 367
f 405 368 367
f 537 494 630
f 494 496 630
f 630 496 262
f 496 498 262
f 262 498 263
f 498 264 263
f 491 270 269
f 272 271 485
f 271 270 485
f 485 270 488
f 270 491 488
f 473 466 272
f 466 465 272
f 272 465 460
f 354 408 355
f 408 356 355
f 354 353 408
f 353 352 408
f 408 352 410
f 352 351 410
f 410 351 350
f 518 520 268
f 520 522 268
f 268 522 524
f 624 622 543
f 622 620 543
f 543 620 618
f 618 616 543
f 616 614 543
f 543 614 612
f 612 610 543
f 610 608 543
f 543 608 606
f 332 331 742
f 331 330 742
f 742 330 743
f 330 329 743
f 303 302 738
f 302 301 738
f 738 301 300
f 300 299 738
f 299 298 738
f 738 298 297
f 716 713 383
f 713 670 383
f 383 670 672
f 365 364 408
f 364 363 408
f 408 363 362
f 362 361 408
f 361 360 408
f 408 360 359
f 359 358 408
f 358 357 408
f 408 357 356
f 528 530 268
f 530 532 268
f 268 532 269
f 532 534 269
f 269 534 491
f 329 328 743
f 328 327 743
f 743 327 326
f 322 321 744
f 252 251 710
f 251 250 710
f 710 250 249
f 382 381 578
f 602 555 604
f 555 552 604
f 604 552 606
f 552 549 606
f 606 549 546
f 326 325 743
f 325 324 743
f 743 324 744
f 324 323 744
f 744 323 322
f 690 738 744
f 581 578 378
f 382 578 383
f 578 575 383
f 383 575 572
f 572 569 383
f 569 566 383
f 383 566 563
f 563 564 383
f 564 731 383
f 383 731 728
f 728 725 383
f 725 722 383
f 383 722 719
f 690 692 738
f 692 694 738
f 738 694 696
f 696 698 738
f 698 700 738
f 738 700 702
f 307 306 738
f 321 320 744
f 320 319 744
f 744 319 318
f 318 317 744
f 317 316 744
f 744 316 315
f 672 674 744
f 674 676 744
f 744 676 678
f 678 680 744
f 680 682 744
f 744 682 684
f 306 305 738
f 305 304 738
f 738 304 303
f 396 393 374
f 684 686 744
f 686 688 744
f 744 688 690
f 381 380 578
f 380 379 578
f 578 379 378
f 372 405 373
f 405 402 373
f 373 402 374
f 402 399 374
f 374 399 396
f 393 390 374
f 390 387 374
f 374 387 388
f 315 314 744
f 314 313 744
f 744 313 672
f 313 384 672
f 672 384 383
f 249 248 710
f 248 247 710
f 710 247 246
f 702 704 738
f 704 706 738
f 738 706 708
f 310 738 311
f 738 312 311
f 310 309 738
f 309 308 738
f 738 308 307
f 708 242 738
f 242 241 738
f 738 241 312
f 588 374 590
f 374 592 590
f 581 378 584
f 378 377 584
f 584 377 586
f 377 376 586
f 586 376 588
f 376 375 588
f 588 375 374
f 246 245 710
f 245 244 710
f 710 244 708
f 244 243 708
f 708 243 242
f 602 600 555
f 600 598 555
f 555 598 388
f 598 596 388
f 388 596 374
f 596 594 374
f 374 594 592
f 735 734 745
f 735 745 736
f 407 409 746
f 718 745 714
f 745 715 714
f 445 447 117
f 447 449 117
f 583 585 745
f 745 23 25
f 747 75 77
f 621 623 92
f 623 625 92
f 675 673 745
f 673 671 745
f 745 671 715
f 729 733 745
f 733 732 745
f 745 732 736
f 386 385 746
f 385 389 746
f 475 474 117
f 531 529 3
f 529 527 3
f 17 19 745
f 19 21 745
f 745 21 23
f 707 705 97
f 705 703 97
f 389 391 746
f 391 392 746
f 746 392 394
f 409 411 746
f 411 413 746
f 746 413 415
f 439 441 117
f 441 443 117
f 117 443 445
f 734 562 745
f 562 561 745
f 745 561 565
f 47 49 748
f 49 50 748
f 77 79 747
f 79 81 747
f 747 81 83
f 97 92 651
f 651 650 97
f 650 648 97
f 97 648 654
f 727 726 745
f 726 730 745
f 745 730 729
f 394 395 746
f 395 397 746
f 746 397 398
f 117 474 3
f 474 472 3
f 3 472 478
f 565 567 745
f 567 568 745
f 745 568 570
f 645 644 92
f 644 643 92
f 92 643 651
f 398 400 746
f 400 401 746
f 746 401 403
f 469 468 117
f 468 467 117
f 117 467 475
f 505 503 1
f 503 501 1
f 1 501 499
f 11 13 745
f 13 15 745
f 745 15 17
f 681 679 745
f 679 677 745
f 745 677 675
f 403 404 746
f 404 406 746
f 746 406 407
f 570 571 745
f 571 573 745
f 745 573 574
f 574 576 745
f 576 577 745
f 745 577 579
f 615 617 92
f 617 619 92
f 92 619 621
f 749 44 748
f 44 46 748
f 748 46 47
f 50 52 748
f 52 53 748
f 748 53 55
f 83 85 747
f 85 87 747
f 747 87 89
f 654 653 97
f 653 657 97
f 97 657 656
f 720 724 745
f 724 723 745
f 745 723 727
f 478 477 3
f 477 481 3
f 3 481 480
f 527 525 3
f 525 523 3
f 3 523 521
f 579 580 745
f 580 582 745
f 745 582 583
f 40 41 749
f 41 43 749
f 749 43 44
f 638 637 92
f 637 646 92
f 92 646 645
f 703 701 97
f 701 699 97
f 97 699 697
f 415 417 746
f 417 419 746
f 746 419 117
f 419 421 117
f 433 435 117
f 435 437 117
f 117 437 439
f 462 461 117
f 461 470 117
f 117 470 469
f 4 7 745
f 7 9 745
f 745 9 11
f 656 660 97
f 660 659 97
f 97 659 663
f 718 717 745
f 717 721 745
f 745 721 720
f 480 484 3
f 484 483 3
f 3 483 487
f 585 587 745
f 587 589 745
f 745 589 4
f 589 591 4
f 4 591 593
f 593 595 4
f 595 597 4
f 4 597 92
f 35 37 749
f 37 38 749
f 749 38 40
f 55 56 748
f 56 58 748
f 748 58 750
f 58 59 750
f 631 640 92
f 640 639 92
f 92 639 638
f 421 423 117
f 423 425 117
f 117 425 427
f 455 464 117
f 464 463 117
f 117 463 462
f 609 611 92
f 611 613 92
f 92 613 615
f 386 746 558
f 746 747 558
f 558 747 559
f 747 89 559
f 559 89 560
f 89 91 560
f 560 91 556
f 59 61 750
f 61 62 750
f 750 62 64
f 554 553 91
f 553 557 91
f 91 557 556
f 663 662 97
f 662 666 97
f 97 666 665
f 427 429 117
f 429 431 117
f 117 431 433
f 487 486 3
f 486 490 3
f 3 490 489
f 3 509 1
f 509 507 1
f 1 507 505
f 597 599 92
f 599 601 92
f 92 601 603
f 31 32 749
f 32 34 749
f 749 34 35
f 634 633 92
f 633 632 92
f 92 632 631
f 97 685 745
f 685 683 745
f 745 683 681
f 458 457 117
f 457 456 117
f 117 456 455
f 521 519 3
f 519 517 3
f 3 517 515
f 697 695 97
f 695 693 97
f 97 693 691
f 515 513 3
f 513 511 3
f 3 511 509
f 603 605 92
f 605 607 92
f 92 607 609
f 547 551 91
f 551 550 91
f 91 550 554
f 665 669 97
f 669 668 97
f 97 668 712
f 691 689 97
f 689 687 97
f 97 687 685
f 489 493 3
f 493 492 3
f 3 492 536
f 64 65 750
f 65 67 750
f 750 67 747
f 67 68 747
f 747 68 70
f 625 628 92
f 628 627 92
f 92 627 634
f 712 711 97
f 711 709 97
f 97 709 707
f 449 452 117
f 452 451 117
f 117 451 458
f 536 535 3
f 535 533 3
f 3 533 531
f 25 26 745
f 26 28 745
f 745 28 749
f 28 29 749
f 749 29 31
f 70 71 747
f 71 73 747
f 747 73 75
f 545 544 91
f 544 548 91
f 91 548 547
f 538 542 91
f 542 541 91
f 91 541 545
f 499 497 1
f 497 495 1
f 1 495 91
f 495 539 91
f 91 539 538
f 751 752 753
f 752 754 753
f 753 754 755
f 754 756 755
f 755 756 757
f 756 758 757
f 757 758 759
f 758 760 759
f 759 760 761
f 760 762 761
f 761 762 763
f 762 764 763
f 763 764 765
f 764 766 765
f 765 766 767
f 766 768 767
f 767 768 769
f 768 770 769
f 769 770 771
f 770 772 771
f 771 772 773
f 772 774 773
f 773 774 775
f 774 776 775
f 775 776 777
f 776 778 777
f 777 778 779
f 778 780 779
f 779 780 781
f 780 782 781
f 781 782 783
f 782 784 783
f 783 784 785
f 784 786 785
f 785 786 787
f 786 788 787
f 787 788 789
f 788 790 789
f 789 790 791
f 790 792 791
f 791 792 793
f 792 794 793
f 793 794 795
f 794 796 795
f 795 796 797
f 796 798 797
f 797 798 799
f 798 800 799
f 799 800 801
f 800 802 801
f 801 802 803
f 802 804 803
f 803 804 805
f 804 806 805
f 805 806 807
f 806 808 807
f 807 808 809
f 808 810 809
f 809 810 811
f 810 812 811
f 811 812 813
f 812 814 813
f 813 814 815
f 814 816 815
f 815 816 817
f 816 818 817
f 817 818 819
f 818 820 819
f 819 820 821
f 820 822 821
f 821 822 823
f 822 824 823
f 823 824 825
f 824 826 825
f 825 826 827
f 826 828 827
f 827 828 829
f 828 830 829
f 829 830 831
f 830 832 831
f 831 832 833
f 832 834 833
f 833 834 835
f 834 836 835
f 835 836 837
f 836 838 837
f 837 838 839
f 838 840 839
f 839 840 841
f 840 842 841
f 841 842 843
f 842 844 843
f 843 844 845
f 844 846 845
f 845 846 847
f 846 848 847
f 847 848 849
f 848 850 849
f 849 850 851
f 850 852 851
f 851 852 853
f 852 854 853
f 853 854 855
f 854 856 855
f 855 856 857
f 856 858 857
f 857 858 859
f 858 860 859
f 859 860 861
f 860 862 861
f 861 862 863
f 862 864 863
f 863 864 865
f 864 866 865
f 865 866 867
f 866 868 867
f 867 868 869
f 868 870 869
f 869 870 871
f 870 872 871
f 871 872 873
f 872 874 873
f 873 874 875
f 874 876 875
f 875 876 877
f 876 878 877
f 877 878 879
f 878 880 879
f 879 880 881
f 880 882 881
f 881 882 883
f 882 884 883
f 883 884 885
f 884 886 885
f 885 886 887
f 886 888 887
f 887 888 889
f 888 890 889
f 889 890 891
f 890 892 891
f 891 892 893
f 892 894 893
f 893 894 751
f 894 752 751
f 895 896 897
f 896 898 897
f 897 898 899
f 898 900 899
f 899 900 901
f 900 902 901
f 901 902 903
f 902 904 903
f 903 904 905
f 904 906 905
f 905 906 907
f 906 908 907
f 907 908 909
f 908 910 909
f 909 910 911
f 910 912 911
f 911 912 913
f 912 914 913
f 913 914 915
f 914 916 915
f 915 916 917
f 916 918 917
f 917 918 919
f 918 920 919
f 919 920 921
f 920 922 921
f 921 922 923
f 922 924 923
f 923 924 925
f 924 926 925
f 925 926 927
f 926 928 927
f 927 928 929
f 928 930 929
f 929 930 931
f 930 932 931
f 931 932 933
f 932 934 933
f 933 934 935
f 934 936 935
f 935 936 937
f 936 938 937
f 937 938 939
f 938 940 939
f 939 940 941
f 940 942 941
f 941 942 943
f 942 944 943
f 943 944 945
f 944 946 945
f 945 946 947
f 946 948 947
f 947 948 949
f 948 950 949
f 949 950 951
f 950 952 951
f 951 952 953
f 952 954 953
f 953 954 955
f 954 956 955
f 955 956 957
f 956 958 957
f 957 958 959
f 958 960 959
f 959 960 961
f 960 962 961
f 961 962 963
f 962 964 963
f 963 964 965
f 964 966 965
f 965 966 967
f 966 968 967
f 967 968 969
f 968 970 969
f 969 970 971
f 970 972 971
f 971 972 973
f 972 974 973
f 973 974 975
f 974 976 975
f 975 976 977
f 976 978 977
f 977 978 979
f 978 980 979
f 979 980 981
f 980 982 981
f 981 982 983
f 982 984 983
f 983 984 985
f 984 986 985
f 985 986 987
f 986 988 987
f 987 988 989
f 988 990 989
f 989 990 991
f 990 992 991
f 991 992 993
f 992 994 993
f 993 994 995
f 994 996 995
f 995 996 997
f 996 998 997
f 997 998 999
f 998 1000 999
f 999 1000 1001
f 1000 1002 1001
f 1001 1002 1003
f 1002 1004 1003
f 1003 1004 1005
f 1004 1006 1005
f 1005 1006 1007
f 1006 1008 1007
f 1007 1008 1009
f 1008 1010 1009
f 1009 1010 1011
f 1010 1012 1011
f 1011 1012 1013
f 1012 1014 1013
f 1013 1014 1015
f 1014 1016 1015
f 1015 1016 1017
f 1016 1018 1017
f 1017 1018 1019
f 1018 1020 1019
f 1019 1020 1021
f 1020 1022 1021
f 1021 1022 1023
f 1022 1024 1023
f 1023 1024 1025
f 1024 1026 1025
f 1025 1026 1027
f 1026 1028 1027
f 1027 1028 1029
f 1028 1030 1029
f 1029 1030 1031
f 1030 1032 1031
f 1031 1032 1033
f 1032 1034 1033
f 1033 1034 1035
f 1034 1036 1035
f 1035 1036 1037
f 1036 1038 1037
f 1037 1038 895
f 1038 896 895
f 1039 1040 1041
f 1040 1042 1041
f 1041 1042 1043
f 1042 1044 1043
f 1043 1044 1045
f 1044 1046 1045
f 1045 1046 1047
f 1046 1048 1047
f 1047 1048 1049
f 1048 1050 1049
f 1049 1050 1051
f 1050 1052 1051
f 1051 1052 1053
f 1052 1054 1053
f 1053 1054 1055
f 1054 1056 1055
f 1055 1056 1057
f 1056 1058 1057
f 1057 1058 1059
f 1058 1060 1059
f 1059 1060 1061
f 1060 1062 1061
f 1061 1062 1063
f 1062 1064 1063
f 1063 1064 1065
f 1064 1066 1065
f 1065 1066 1067
f 1066 1068 1067
f 1067 1068 1069
f 1068 1070 1069
f 1069 1070 1071
f 1070 1072 1071
f 1071 1072 1073
f 1072 1074 1073
f 1073 1074 1075
f 1074 1076 1075
f 1075 1076 1077
f 1076 1078 1077
f 1077 1078 1079
f 1078 1080 1079
f 1079 1080 1081
f 1080 1082 1081
f 1081 1082 1083
f 1082 1084 1083
f 1083 1084 1085
f 1084 1086 1085
f 1085 1086 1087
f 1086 1088 1087
f 1087 1088 1089
f 1088 1090 1089
f 1089 1090 1091
f 1090 1092 1091
f 1091 1092 1093
f 1092 1094 1093
f 1093 1094 1095
f 1094 1096 1095
f 1095 1096 1097
f 1096 1098 1097
f 1097 1098 1099
f 1098 1100 1099
f 1099 1100 1101
f 1100 1102 1101
f 1101 1102 1103
f 1102 1104 1103
f 1103 1104 1105
f 1104 1106 1105
f 1105 1106 1107
f 1106 1108 1107
f 1107 1108 1109
f 1108 1110 1109
f 1109 1110 1111
f 1110 1112 1111
f 1111 1112 1113
f 1112 1114 1113
f 1113 1114 1115
f 1114 1116 1115
f 1115 1116 1117
f 1116 1118 1117
f 1117 1118 1119
f 1118 1120 1119
f 1119 1120 1121
f 1120 1122 1121
f 1121 1122 1123
f 1122 1124 1123
f 1123 1124 1125
f 1124 1126 1125
f 1125 1126 1127
f 1126 1128 1127
f 1127 1128 1129
f 1128 1130 1129
f 1129 1130 1131
f 1130 1132 1131
f 1131 1132 1133
f 1132 1134 1133
f 1133 1134 1135
f 1134 1136 1135
f 1135 1136 1137
f 1136 1138 1137
f 1137 1138 1139
f 1138 1140 1139
f 1139 1140 1141
f 1140 1142 1141
f 1141 1142 1143
f 1142 1144 1143
f 1143 1144 1145
f 1144 1146 1145
f 1145 1146 1147
f 1146 1148 1147
f 1147 1148 1149
f 1148 1150 1149
f 1149 1150 1151
f 1150 1152 1151
f 1151 1152 1153
f 1152 1154 1153
f 1153 1154 1155
f 1154 1156 1155
f 1155 1156 1157
f 1156 1158 1157
f 1157 1158 1159
f 1158 1160 1159
f 1159 1160 1161
f 1160 1162 1161
f 1161 1162 1163
f 1162 1164 1163
f 1163 1164 1165
f 1164 1166 1165
f 1165 1166 1167
f 1166 1168 1167
f 1167 1168 1169
f 1168 1170 1169
f 1169 1170 1171
f 1170 1172 1171
f 1171 1172 1173
f 1172 1174 1173
f 1173 1174 1175
f 1174 1176 1175
f 1175 1176 1177
f 1176 1178 1177
f 1177 1178 1179
f 1178 1180 1179
f 1179 1180 1181
f 1180 1182 1181
f 1181 1182 1039
f 1182 1040 1039
f 1183 1184 1185
f 1184 1186 1185
f 1185 1186 1187
f 1186 1188 1187
f 1187 1188 1189
f 1188 1190 1189
f 1189 1190 1191
f 1190 1192 1191
f 1191 1192 1193
f 1192 1194 1193
f 1193 1194 1195
f 1194 1196 1195
f 1195 1196 1197
f 1196 1198 1197
f 1197 1198 1199
f 1198 1200 1199
f 1199 1200 1201
f 1200 1202 1201
f 1201 1202 1203
f 1202 1204 1203
f 1203 1204 1205
f 1204 1206 1205
f 1205 1206 1207
f 1206 1208 1207
f 1207 1208 1209
f 1208 1210 1209
f 1209 1210 1211
f 1210 1212 1211
f 1211 1212 1213
f 1212 1214 1213
f 1213 1214 1215
f 1214 1216 1215
f 1215 1216 1217
f 1216 1218 1217
f 1217 1218 1219
f 1218 1220 1219
f 1219 1220 1221
f 1220 1222 1221
f 1221 1222 1223
f 1222 1224 1223
f 1223 1224 1225
f 1224 1226 1225
f 1225 1226 1227
f 1226 1228 1227
f 1227 1228 1229
f 1228 1230 1229
f 1229 1230 1231
f 1230 1232 1231
f 1231 1232 1233
f 1232 1234 1233
f 1233 1234 1235
f 1234 1236 1235
f 1235 1236 1237
f 1236 1238 1237
f 1237 1238 1239
f 1238 1240 1239
f 1239 1240 1241
f 1240 1242 1241
f 1241 1242 1243
f 1242 1244 1243
f 1243 1244 1245
f 1244 1246 1245
f 1245 1246 1247
f 1246 1248 1247
f 1247 1248 1249
f 1248 1250 1249
f 1249 1250 1251
f 1250 1252 1251
f 1251 1252 1253
f 1252 1254 1253
f 1253 1254 1255
f 1254 1256 1255
f 1255 1256 1257
f 1256 1258 1257
f 1257 1258 1259
f 1258 1260 1259
f 1259 1260 1261
f 1260 1262 1261
f 1261 1262 1263
f 1262 1264 1263
f 1263 1264 1265
f 1264 1266 1265
f 1265 1266 1267
f 1266 1268 1267
f 1267 1268 1269
f 1268 1270 1269
f 1269 1270 1271
f 1270 1272 1271
f 1271 1272 1273
f 1272 1274 1273
f 1273 1274 1275
f 1274 1276 1275
f 1275 1276 1277
f 1276 1278 1277
f 1277 1278 1279
f 1278 1280 1279
f 1279 1280 1281
f 1280 1282 1281
f 1281 1282 1283
f 1282 1284 1283
f 1283 1284 1285
f 1284 1286 1285
f 1285 1286 1287
f 1286 1288 1287
f 1287 1288 1289
f 1288 1290 1289
f 1289 1290 1291
f 1290 1292 1291
f 1291 1292 1293
f 1292 1294 1293
f 1293 1294 1295
f 1294 1296 1295
f 1295 1296 1297
f 1296 1298 1297
f 1297 1298 1299
f 1298 1300 1299
f 1299 1300 1301
f 1300 1302 1301
f 1301 1302 1303
f 1302 1304 1303
f 1303 1304 1305
f 1304 1306 1305
f 1305 1306 1307
f 1306 1308 1307
f 1307 1308 1309
f 1308 1310 1309
f 1309 1310 1311
f 1310 1312 1311
f 1311 1312 1313
f 1312 1314 1313
f 1313 1314 1315
f 1314 1316 1315
f 1315 1316 1317
f 1316 1318 1317
f 1317 1318 1319
f 1318 1320 1319
f 1319 1320 1321
f 1320 1322 1321
f 1321 1322 1323
f 1322 1324 1323
f 1323 1324 1325
f 1324 1326 1325
f 1325 1326 1183
f 1326 1184 1183
f 1327 1328 1329
f 1328 1330 1329
f 1329 1330 1331
f 1330 1332 1331
f 1331 1332 1333
f 1332 1334 1333
f 1333 1334 1335
f 1334 1336 1335
f 1335 1336 1337
f 1336 1338 1337
f 1337 1338 1339
f 1338 1340 1339
f 1339 1340 1341
f 1340 1342 1341
f 1341 1342 1343
f 1342 1344 1343
f 1343 1344 1345
f 1344 1346 1345
f 1345 1346 1347
f 1346 1348 1347
f 1347 1348 1349
f 1348 1350 1349
f 1349 1350 1351
f 1350 1352 1351
f 1351 1352 1353
f 1352 1354 1353
f 1353 1354 1355
f 1354 1356 1355
f 1355 1356 1357
f 1356 1358 1357
f 1357 1358 1359
f 1358 1360 1359
f 1359 1360 1361
f 1360 1362 1361
f 1361 1362 1363
f 1362 1364 1363
f 1363 1364 1365
f 1364 1366 1365
f 1365 1366 1367
f 1366 1368 1367
f 1367 1368 1369
f 1368 1370 1369
f 1369 1370 1371
f 1370 1372 1371
f 1371 1372 1373
f 1372 1374 1373
f 1373 1374 1375
f 1374 1376 1375
f 1375 1376 1377
f 1376 1378 1377
f 1377 1378 1379
f 1378 1380 1379
f 1379 1380 1381
f 1380 1382 1381
f 1381 1382 1383
f 1382 1384 1383
f 1383 1384 1385
f 1384 1386 1385
f 1385 1386 1387
f 1386 1388 1387
f 1387 1388 1389
f 1388 1390 1389
f 1389 1390 1391
f 1390 1392 1391
f 1391 1392 1393
f 1392 1394 1393
f 1393 1394 1395
f 1394 1396 1395
f 1395 1396 1397
f 1396 1398 1397
f 1397 1398 1399
f 1398 1400 1399
f 1399 1400 1401
f 1400 1402 1401
f 1401 1402 1403
f 1402 1404 1403
f 1403 1404 1405
f 1404 1406 1405
f 1405 1406 1407
f 1406 1408 1407
f 1407 1408 1409
f 1408 1410 1409
f 1409 1410 1411
f 1410 1412 1411
f 1411 1412 1413
f 1412 1414 1413
f 1413 1414 1415
f 1414 1416 1415
f 1415 1416 1417
f 1416 1418 1417
f 1417 1418 1419
f 1418 1420 1419
f 1419 1420 1421
f 1420 1422 1421
f 1421 1422 1423
f 1422 1424 1423
f 1423 1424 1425
f 1424 1426 1425
f 1425 1426 1427
f 1426 1428 1427
f 1427 1428 1429
f 1428 1430 1429
f 1429 1430 1431
f 1430 1432 1431
f 1431 1432 1433
f 1432 1434 1433
f 1433 1434 1435
f 1434 1436 1435
f 1435 1436 1437
f 1436 1438 1437
f 1437 1438 1439
f 1438 1440 1439
f 1439 1440 1441
f 1440 1442 1441
f 1441 1442 1443
f 1442 1444 1443
f 1443 1444 1445
f 1444 1446 1445
f 1445 1446 1447
f 1446 1448 1447
f 1447 1448 1449
f 1448 1450 1449
f 1449 1450 1451
f 1450 1452 1451
f 1451 1452 1453
f 1452 1454 1453
f 1453 1454 1455
f 1454 1456 1455
f 1455 1456 1457
f 1456 1458 1457
f 1457 1458 1459
f 1458 1460 1459
f 1459 1460 1461
f 1460 1462 1461
f 1461 1462 1463
f 1462 1464 1463
f 1463 1464 1465
f 1464 1466 1465
f 1465 1466 1467
f 1466 1468 1467
f 1467 1468 1469
f 1468 1470 1469
f 1469 1470 1327
f 1470 1328 1327
f 1471 1472 1473
f 1472 1474 1473
f 1473 1474 1475
f 1474 1476 1475
f 1475 1476 1477
f 1476 1478 1477
f 1477 1478 1479
f 1478 1480 1479
f 1479 1480 1481
f 1480 1482 1481
f 1481 1482 1483
f 1482 1484 1483
f 1483 1484 1485
f 1484 1486 1485
f 1485 1486 1487
f 1486 1488 1487
f 1487 1488 1489
f 1488 1490 1489
f 1489 1490 1491
f 1490 1492 1491
f 1491 1492 1493
f 1492 1494 1493
f 1493 1494 1495
f 1494 1496 1495
f 1495 1496 1497
f 1496 1498 1497
f 1497 1498 1499
f 1498 1500 1499
f 1499 1500 1501
f 1500 1502 1501
f 1501 1502 1503
f 1502 1504 1503
f 1503 1504 1505
f 1504 1506 1505
f 1505 1506 1507
f 1506 1508 1507
f 1507 1508 1509
f 1508 1510 1509
f 1509 1510 1511
f 1510 1512 1511
f 1511 1512 1513
f 1512 1514 1513
f 1513 1514 1515
f 1514 1516 1515
f 1515 1516 1517
f 1516 1518 1517
f 1517 1518 1519
f 1518 1520 1519
f 1519 1520 1521
f 1520 1522 1521
f 1521 1522 1523
f 1522 1524 1523
f 1523 1524 1525
f 1524 1526 1525
f 1525 1526 1527
f 1526 1528 1527
f 1527 1528 1529
f 1528 1530 1529
f 1529 1530 1531
f 1530 1532 1531
f 1531 1532 1533
f 1532 1534 1533
f 1533 1534 1535
f 1534 1536 1535
f 1535 1536 1537
f 1536 1538 1537
f 1537 1538 1539
f 1538 1540 1539
f 1539 1540 1541
f 1540 1542 1541
f 1541 1542 1543
f 1542 1544 1543
f 1543 1544 1545
f 1544 1546 1545
f 1545 1546 1547
f 1546 1548 1547
f 1547 1548 1549
f 1548 1550 1549
f 1549 1550 1551
f 1550 1552 1551
f 1551 1552 1553
f 1552 1554 1553
f 1553 1554 1555
f 1554 1556 1555
f 1555 1556 1557
f 1556 1558 1557
f 1557 1558 1559
f 1558 1560 1559
f 1559 1560 1561
f 1560 1562 1561
f 1561 1562 1563
f 1562 1564 1563
f 1563 1564 1565
f 1564 1566 1565
f 1565 1566 1567
f 1566 1568 1567
f 1567 1568 1569
f 1568 1570 1569
f 1569 1570 1571
f 1570 1572 1571
f 1571 1572 1573
f 1572 1574 1573
f 1573 1574 1575
f 1574 1576 1575
f 1575 1576 1577
f 1576 1578 1577
f 1577 1578 1579
f 1578 1580 1579
f 1579 1580 1581
f 1580 1582 1581
f 1581 1582 1583
f 1582 1584 1583
f 1583 1584 1585
f 1584 1586 1585
f 1585 1586 1587
f 1586 1588 1587
f 1587 1588 1589
f 1588 1590 1589
f 1589 1590 1591
f 1590 1592 1591
f 1591 1592 1593
f 1592 1594 1593
f 1593 1594 1595
f 1594 1596 1595
f 1595 1596 1597
f 1596 1598 1597
f 1597 1598 1599
f 1598 1600 1599
f 1599 1600 1601
f 1600 1602 1601
f 1601 1602 1603
f 1602 1604 1603
f 1603 1604 1605
f 1604 1606 1605
f 1605 1606 1607
f 1606 1608 1607
f 1607 1608 1609
f 1608 1610 1609
f 1609 1610 1611
f 1610 1612 1611
f 1611 1612 1613
f 1612 1614 1613
f 1613 1614 1471
f 1614 1472 1471
f 1615 1616 1617
f 1477 1479 1618
f 1603 1605 1619
f 1620 1621 1622
f 1623 1624 1625
f 1626 1627 1628
f 1629 1630 1631
f 1622 1621 1632
f 1633 1634 1635
f 1636 1637 1638
f 1639 1640 1635
f 1641 1642 1643
f 1642 1644 1643
f 1643 1644 1636
f 1645 1646 1643
f 1647 1648 1643
f 1648 1649 1643
f 1643 1649 1641
f 1637 1650 1638
f 1650 1651 1638
f 1638 1651 1652
f 1653 1654 1638
f 1654 1655 1638
f 1638 1655 1656
f 1634 1657 1658
f 1659 1660 1634
f 1660 1661 1634
f 1634 1661 1662
f 1663 1664 1634
f 1664 1665 1634
f 1634 1665 1666
f 1666 1667 1634
f 1667 1668 1634
f 1634 1668 1635
f 1668 1669 1635
f 1635 1669 1639
f 1670 1671 1635
f 1671 1672 1635
f 1635 1672 1673
f 1658 1674 1634
f 1674 1675 1634
f 1634 1675 1659
f 1640 1676 1635
f 1676 1677 1635
f 1635 1677 1678
f 1679 1635 1680
f 1635 1681 1680
f 1679 1682 1635
f 1682 1683 1635
f 1635 1683 1670
f 1652 1684 1638
f 1684 1685 1638
f 1638 1685 1686
f 1686 1687 1638
f 1687 1688 1638
f 1638 1688 1653
f 1656 1689 1638
f 1689 1690 1638
f 1638 1690 1634
f 1690 1691 1634
f 1634 1691 1657
f 1662 1692 1634
f 1692 1693 1634
f 1634 1693 1694
f 1694 1695 1634
f 1695 1696 1634
f 1634 1696 1663
f 1678 1697 1635
f 1697 1698 1635
f 1635 1698 1681
f 1699 1700 1643
f 1700 1701 1643
f 1643 1701 1645
f 1646 1702 1643
f 1702 1703 1643
f 1643 1703 1704
f 1704 1705 1643
f 1705 1706 1643
f 1643 1706 1647
f 1673 1707 1635
f 1707 1708 1635
f 1635 1708 1643
f 1708 1709 1643
f 1643 1709 1699
f 1710 1711 1631
f 1712 1713 743
f 1713 1714 743
f 743 1714 1715
f 1716 1717 743
f 1717 1718 743
f 743 1718 1719
f 1719 1720 743
f 1720 1721 743
f 743 1721 1712
f 1711 1722 1631
f 1722 1723 1631
f 1631 1723 1724
f 744 1725 1726
f 1726 1727 744
f 1727 1728 744
f 744 1728 743
f 1728 1729 743
f 743 1729 1716
f 1730 1731 1732
f 1731 1733 1732
f 1730 1734 1731
f 1734 1735 1731
f 1731 1735 1736
f 1737 1738 1731
f 1738 1739 1731
f 1731 1739 1740
f 1715 1741 743
f 1741 1742 743
f 743 1742 1743
f 1744 1745 1631
f 1745 1746 1631
f 1631 1746 1629
f 1630 1747 1631
f 1747 1748 1631
f 1631 1748 1749
f 1749 1750 1631
f 1750 1751 1631
f 1631 1751 1710
f 1724 1752 1631
f 1752 1753 1631
f 1631 1753 1754
f 1754 1755 1631
f 1755 1756 1631
f 1631 1756 1757
f 1636 1638 1643
f 1638 1631 1643
f 1643 1631 1731
f 1631 1757 1731
f 1731 1757 1733
f 1736 1758 1731
f 1758 1759 1731
f 1731 1759 1737
f 1740 1760 1731
f 1760 1761 1731
f 1731 1761 1762
f 1762 1763 1731
f 1763 1764 1731
f 1731 1764 1765
f 1766 744 1767
f 744 1768 1767
f 1769 1770 744
f 1770 1771 744
f 744 1771 1772
f 1731 1773 744
f 1773 1774 744
f 744 1774 1768
f 1766 1775 744
f 1775 1776 744
f 744 1776 1769
f 1772 1777 744
f 1777 1778 744
f 744 1778 1725
f 1765 1779 1731
f 1779 1780 1731
f 1731 1780 1773
f 739 740 1781
f 1781 1782 739
f 1782 1783 739
f 739 1783 1784
f 1785 1786 1787
f 1786 1788 1787
f 1788 1789 1787
f 1787 1789 1790
f 1784 1791 739
f 1791 1792 739
f 739 1792 1787
f 1792 1793 1787
f 1787 1793 1785
f 1794 1795 1796
f 1796 1797 1794
f 1797 1798 1794
f 1794 1798 1799
f 1800 1801 1802
f 1799 1803 1794
f 1803 1804 1794
f 1794 1804 1802
f 1804 1805 1802
f 1802 1805 1800
f 1801 1806 1802
f 1806 1807 1802
f 1802 1807 1808
f 1802 1809 1810
f 1809 1811 1810
f 1810 1811 1812
f 1812 1813 1814
f 1813 1815 1814
f 1814 1815 1816
f 1817 1818 1819
f 1818 1820 1819
f 1216 1214 1818
f 1304 1302 1627
f 1302 1300 1627
f 1300 1298 1627
f 1627 1298 1296
f 1214 1212 1818
f 1212 1210 1818
f 1818 1210 1208
f 1232 1230 1821
f 1224 1222 1821
f 1222 1220 1821
f 1821 1220 1818
f 1220 1218 1818
f 1818 1218 1216
f 1296 1294 1627
f 1294 1292 1627
f 1627 1292 1290
f 1290 1288 1627
f 1288 1286 1627
f 1627 1286 1628
f 1286 1284 1628
f 1628 1284 1282
f 1230 1228 1821
f 1228 1226 1821
f 1821 1226 1224
f 1208 1206 1818
f 1206 1204 1818
f 1818 1204 1202
f 1202 1200 1818
f 1200 1198 1818
f 1818 1198 1196
f 1248 1246 1821
f 1246 1244 1821
f 1310 1308 1822
f 1282 1280 1628
f 1280 1278 1628
f 1628 1278 1276
f 1244 1242 1821
f 1242 1240 1821
f 1821 1240 1238
f 1196 1194 1818
f 1194 1192 1818
f 1818 1192 1190
f 1326 1324 1820
f 1238 1236 1821
f 1236 1234 1821
f 1821 1234 1232
f 1276 1274 1628
f 1274 1272 1628
f 1628 1272 1270
f 1270 1268 1628
f 1268 1266 1628
f 1628 1266 1264
f 1256 1254 1821
f 1324 1322 1820
f 1322 1320 1820
f 1820 1320 1823
f 1320 1318 1823
f 1822 1308 1627
f 1308 1306 1627
f 1627 1306 1304
f 1264 1262 1628
f 1262 1260 1628
f 1628 1260 1821
f 1260 1258 1821
f 1821 1258 1256
f 1254 1252 1821
f 1252 1250 1821
f 1821 1250 1248
f 1318 1316 1823
f 1316 1314 1823
f 1823 1314 1822
f 1314 1312 1822
f 1822 1312 1310
f 1190 1188 1818
f 1188 1186 1818
f 1818 1186 1820
f 1186 1184 1820
f 1820 1184 1326
f 1824 1628 1825
f 1628 1826 1825
f 1824 1827 1628
f 1827 1828 1628
f 1628 1828 1626
f 1829 1628 1830
f 1628 1831 1830
f 1829 1832 1628
f 1832 1833 1628
f 1628 1833 1826
f 1831 1628 1834
f 1628 1617 1834
f 1834 1617 1835
f 1617 1836 1835
f 1835 1836 1837
f 1838 1839 1840
f 1839 1841 1840
f 1840 1841 1842
f 1841 1843 1842
f 1842 1843 1844
f 1843 1845 1844
f 1844 1845 1846
f 1845 1847 1846
f 1846 1847 1848
f 1838 1840 1849
f 1840 1850 1849
f 1849 1850 1851
f 1414 1851 1416
f 1851 1418 1416
f 1414 1412 1851
f 1412 1410 1851
f 1851 1410 1408
f 1462 1460 1850
f 1460 1458 1850
f 1346 1344 1852
f 1458 1456 1850
f 1456 1454 1850
f 1850 1454 1452
f 1432 1430 1851
f 1430 1428 1851
f 1428 1426 1851
f 1851 1426 1424
f 1424 1422 1851
f 1422 1420 1851
f 1851 1420 1418
f 1402 1853 1404
f 1853 1851 1404
f 1404 1851 1406
f 1851 1408 1406
f 1402 1400 1853
f 1400 1398 1853
f 1853 1398 1854
f 1398 1396 1854
f 1854 1396 1394
f 1344 1342 1852
f 1342 1340 1852
f 1852 1340 1338
f 1452 1450 1850
f 1450 1448 1850
f 1850 1448 1446
f 1388 1855 1390
f 1855 1854 1390
f 1390 1854 1392
f 1854 1394 1392
f 1338 1336 1852
f 1336 1334 1852
f 1852 1334 1850
f 1334 1332 1850
f 1850 1332 1330
f 1330 1328 1850
f 1328 1470 1850
f 1850 1470 1468
f 1468 1466 1850
f 1466 1464 1850
f 1850 1464 1462
f 1446 1444 1850
f 1444 1442 1850
f 1850 1442 1440
f 1440 1438 1850
f 1438 1436 1850
f 1850 1436 1851
f 1436 1434 1851
f 1851 1434 1432
f 1388 1386 1855
f 1386 1384 1855
f 1855 1384 1856
f 1352 1350 1852
f 1350 1348 1852
f 1852 1348 1346
f 1384 1382 1856
f 1382 1380 1856
f 1856 1380 1378
f 1378 1376 1856
f 1376 1374 1856
f 1856 1374 1372
f 1372 1370 1856
f 1370 1368 1856
f 1856 1368 1852
f 1368 1366 1852
f 1852 1366 1364
f 1364 1362 1852
f 1362 1360 1852
f 1852 1360 1358
f 1358 1356 1852
f 1356 1354 1852
f 1852 1354 1352
f 1857 1858 1852
f 1858 1859 1852
f 1852 1859 1856
f 1852 1860 1857
f 1860 1625 1857
f 1857 1625 1861
f 1624 1862 1625
f 1862 1863 1625
f 1625 1863 1861
f 1864 1865 1866
f 1867 1868 1869
f 1868 1870 1869
f 1869 1870 1871
f 1872 1873 1874
f 1866 1875 1864
f 1875 1876 1864
f 1864 1876 1877
f 1871 1878 1869
f 1878 1879 1869
f 1869 1879 1880
f 1879 1881 1880
f 1880 1881 1882
f 1882 1883 1880
f 1883 1884 1880
f 1880 1884 1885
f 1886 1887 1888
f 1887 1889 1888
f 1888 1889 1890
f 1889 1891 1890
f 1886 1892 1887
f 1892 1893 1887
f 1887 1893 1865
f 1893 1894 1865
f 1865 1894 1866
f 1895 1896 1897
f 1898 1899 1874
f 1899 1900 1874
f 1874 1873 1889
f 1873 1901 1889
f 1889 1901 1891
f 1876 1902 1877
f 1902 1903 1877
f 1877 1903 1904
f 1903 1905 1904
f 1904 1905 1895
f 1905 1906 1895
f 1895 1906 1896
f 1885 1907 1880
f 1907 1908 1880
f 1880 1908 1909
f 1880 1910 1911
f 1900 1912 1874
f 1912 1913 1874
f 1874 1913 1914
f 1914 1915 1874
f 1915 1916 1874
f 1874 1916 1872
f 1917 1869 1918
f 1869 1919 1918
f 1920 1921 1869
f 1921 1922 1869
f 1869 1922 1867
f 1909 1923 1880
f 1923 1924 1880
f 1880 1924 1925
f 1925 1926 1880
f 1926 1927 1880
f 1880 1927 1910
f 1928 1929 1869
f 1917 1930 1869
f 1930 1931 1869
f 1869 1931 1932
f 1932 1933 1869
f 1933 1934 1869
f 1869 1934 1920
f 1911 1935 1880
f 1935 1936 1880
f 1880 1936 1937
f 1897 1938 1895
f 1938 1939 1895
f 1895 1939 1869
f 1939 1940 1869
f 1869 1940 1928
f 1929 1941 1869
f 1941 1942 1869
f 1869 1942 1919
f 1937 1943 1880
f 1943 1944 1880
f 1880 1944 1874
f 1944 1945 1874
f 1874 1945 1898
f 1946 1947 1948
f 1947 1949 1948
f 1948 1949 1950
f 1951 1952 1953
f 1953 1954 1951
f 1954 1955 1951
f 1951 1955 1956
f 1955 1957 1956
f 1956 1957 1958
f 1959 1960 1869
f 1960 1961 1869
f 1952 1951 1962
f 1951 1963 1962
f 1962 1963 1964
f 1950 1965 1948
f 1965 1966 1948
f 1948 1966 1869
f 1966 1967 1869
f 1869 1967 1959
f 1968 1895 1969
f 1895 1970 1969
f 1971 1972 1973
f 1973 1974 1971
f 1974 1975 1971
f 1971 1975 1963
f 1975 1976 1963
f 1963 1976 1964
f 1958 1977 1956
f 1977 1978 1956
f 1956 1978 1979
f 1978 1980 1979
f 1981 1982 1983
f 1982 1979 1983
f 1983 1979 1984
f 1979 1980 1984
f 1961 1985 1869
f 1985 1986 1869
f 1869 1986 1987
f 1981 1988 1982
f 1988 1989 1982
f 1982 1989 1990
f 1989 1991 1990
f 1992 1993 1948
f 1993 1994 1948
f 1994 1995 1948
f 1948 1995 1996
f 1997 1998 1948
f 1998 1999 1948
f 1948 1999 1946
f 1987 2000 1869
f 2000 2001 1869
f 1869 2001 2002
f 2002 2003 1869
f 2003 2004 1869
f 1869 2004 2005
f 2005 2006 1869
f 2006 2007 1869
f 1869 2007 2008
f 1968 2009 1895
f 2009 2010 1895
f 1895 2010 2011
f 2010 2012 2011
f 2011 2012 1972
f 2012 2013 1972
f 1972 2013 1973
f 1996 2014 1948
f 2014 2015 1948
f 1948 2015 2016
f 2016 2017 1948
f 2017 2018 1948
f 1948 2018 1997
f 2008 2019 1869
f 2019 2020 1869
f 1869 2020 2021
f 2021 2022 1869
f 2022 2023 1869
f 1869 2023 1895
f 2023 2024 1895
f 1895 2024 1970
f 1991 2025 1990
f 2025 2026 1990
f 1990 2026 2027
f 2027 1992 1990
f 1992 1948 1990
f 1990 1948 2028
f 1948 2029 2028
f 2030 1032 1030
f 990 988 2031
f 988 986 2031
f 2031 986 984
f 2031 978 976
f 964 962 1638
f 962 960 1638
f 908 906 1631
f 1030 1028 2030
f 1028 1026 2030
f 2030 1026 1024
f 984 982 2031
f 982 980 2031
f 2031 980 978
f 976 974 2031
f 974 972 2031
f 2031 972 970
f 970 968 2031
f 968 966 2031
f 2031 966 964
f 898 896 2030
f 896 1038 2030
f 914 912 1631
f 912 910 1631
f 1631 910 908
f 1038 1036 2030
f 1036 1034 2030
f 2030 1034 1032
f 960 958 1638
f 958 956 1638
f 1638 956 954
f 906 904 1631
f 904 902 1631
f 1631 902 2030
f 902 900 2030
f 2030 900 898
f 954 952 1638
f 952 950 1638
f 1638 950 948
f 920 918 1631
f 918 916 1631
f 1631 916 914
f 948 946 1638
f 946 944 1638
f 1638 944 942
f 942 940 1638
f 940 938 1638
f 1638 938 936
f 928 926 1631
f 936 934 1638
f 934 932 1638
f 1638 932 1631
f 932 930 1631
f 1631 930 928
f 926 924 1631
f 924 922 1631
f 1631 922 920
f 1024 1022 2030
f 1022 1020 2030
f 2030 1020 2032
f 1020 1018 2032
f 1018 1016 2032
f 2032 1016 1014
f 994 992 2033
f 992 990 2033
f 1000 998 2033
f 998 996 2033
f 2033 996 994
f 1014 1012 2032
f 1012 1010 2032
f 2032 1010 1008
f 1006 1004 2033
f 1004 1002 2033
f 2033 1002 1000
f 2034 2035 740
f 2035 2036 740
f 2036 2037 740
f 740 2037 1781
f 1790 2038 1787
f 2038 2039 1787
f 1787 2039 2040
f 2039 2041 2040
f 2040 2041 2042
f 2043 2044 740
f 2044 2045 740
f 740 2045 2046
f 2046 2047 740
f 2047 2048 740
f 740 2048 2034
f 2049 2050 2032
f 741 2051 2052
f 2052 2053 741
f 2053 2054 741
f 741 2054 740
f 2054 2055 740
f 740 2055 2043
f 2042 2056 2040
f 2056 2057 2040
f 2040 2057 2058
f 2058 2059 2040
f 2059 2060 2040
f 2040 2060 2061
f 2062 2040 2063
f 2040 2064 2063
f 2049 2032 2065
f 2050 2066 2032
f 2066 2067 2032
f 2032 2067 2068
f 2069 2070 741
f 2061 2071 2040
f 2071 2072 2040
f 2040 2072 2064
f 2062 2073 2040
f 2073 2074 2040
f 2040 2074 2032
f 2074 2075 2032
f 2032 2075 2065
f 2068 2076 2032
f 2076 2077 2032
f 2032 2077 2078
f 2078 2079 2032
f 2079 2080 2032
f 2032 2080 2081
f 2032 2082 2083
f 2084 2085 741
f 2085 2086 741
f 741 2086 2087
f 2069 741 2088
f 2070 2089 741
f 2089 2090 741
f 741 2090 2084
f 2087 2091 741
f 2091 2092 741
f 741 2092 2051
f 2081 2093 2032
f 2093 2094 2032
f 2032 2094 2082
f 2095 2096 1795
f 2096 2097 1795
f 2098 2099 1809
f 2097 2100 1795
f 2100 2101 1795
f 1795 2101 2102
f 2098 1809 2103
f 2104 2105 2033
f 2102 2106 1795
f 2106 2107 1795
f 1795 2107 2108
f 2108 2109 1795
f 2109 2110 1795
f 1795 2110 2111
f 2111 2112 1795
f 2112 2113 1795
f 1795 2113 1796
f 1808 2114 1802
f 2114 2115 1802
f 1802 2115 1809
f 2115 2116 1809
f 1809 2116 2103
f 2099 2117 1809
f 2117 2118 1809
f 1809 2118 2119
f 2119 2120 1809
f 2120 2121 1809
f 1809 2121 2122
f 2122 2123 1809
f 2123 2124 1809
f 1809 2124 2125
f 2126 2127 2128
f 2127 2125 2128
f 2129 2130 2127
f 2130 2131 2127
f 2127 2131 2132
f 2095 1795 2133
f 1795 2033 2133
f 2133 2033 2134
f 2126 2135 2127
f 2135 2136 2127
f 2127 2136 2137
f 2138 2127 2139
f 2127 2140 2139
f 2138 2141 2127
f 2141 2142 2127
f 2127 2142 2129
f 2137 2143 2127
f 2143 2144 2127
f 2127 2144 2140
f 2145 2146 2033
f 2146 2147 2033
f 2033 2147 2104
f 2105 2148 2033
f 2148 2149 2033
f 2033 2149 2150
f 2150 2151 2033
f 2151 2152 2033
f 2033 2152 2134
f 2132 2153 2127
f 2153 2154 2127
f 2127 2154 2033
f 2154 2155 2033
f 2033 2155 2145
f 1605 1607 1619
f 1607 1609 1619
f 1619 1609 1611
f 1613 1471 2156
f 1471 1473 2156
f 2156 1473 1475
f 1948 1587 2157
f 1587 1589 2157
f 1589 1591 2157
f 1591 1593 2157
f 2157 1593 1595
f 1595 1597 2157
f 1597 1599 2157
f 2157 1599 1601
f 1579 1581 1869
f 1581 1583 1869
f 1869 1583 1948
f 1583 1585 1948
f 1948 1585 1587
f 1880 2158 1571
f 1571 1573 1880
f 1573 1575 1880
f 1880 1575 1869
f 1575 1577 1869
f 1869 1577 1579
f 1559 2158 1557
f 2158 1555 1557
f 1559 1561 2158
f 1561 1563 2158
f 2158 1563 1565
f 1565 1567 2158
f 1567 1569 2158
f 2158 1569 1571
f 1545 1852 1543
f 1852 1850 1543
f 1543 1850 1541
f 1850 1539 1541
f 1545 1547 1852
f 1547 1549 1852
f 1852 1549 1551
f 1539 1850 1537
f 1850 1840 1537
f 1537 1840 1535
f 1535 1840 1533
f 1840 1842 1533
f 1533 1842 1531
f 2159 1521 1523
f 1523 1525 2159
f 1525 1527 2159
f 2159 1527 1529
f 1836 1515 2160
f 1515 1517 2160
f 2160 1517 2159
f 1517 1519 2159
f 2159 1519 1521
f 1507 1509 1821
f 1509 1511 1821
f 1821 1511 1836
f 1511 1513 1836
f 1836 1513 1515
f 1497 1499 1815
f 1499 1818 1815
f 1815 1818 1816
f 1818 1817 1816
f 1499 1501 1818
f 1501 1503 1818
f 1818 1503 1821
f 1503 1505 1821
f 1821 1505 1507
f 1485 1487 2161
f 1487 1489 2161
f 1489 1491 2161
f 1491 1493 2161
f 2161 1493 1495
f 1479 1481 2161
f 1481 1483 2161
f 2161 1483 1485
f 1551 1553 1852
f 1553 1555 1852
f 1852 1555 1860
f 1555 2158 1860
f 1860 2158 1625
f 2158 1880 1625
f 1625 1880 1623
f 1880 1874 1623
f 1848 1837 1846
f 1837 1836 1846
f 1846 1836 1844
f 1836 2160 1844
f 1844 2160 1842
f 2160 2159 1842
f 1842 2159 1531
f 2159 1529 1531
f 2162 2163 1821
f 2163 2164 1821
f 1821 2164 2165
f 2166 2167 1628
f 2167 2168 1628
f 1628 2168 1617
f 2168 2169 1617
f 1617 2169 1615
f 1617 2170 2171
f 2172 2173 1836
f 2174 2175 1836
f 2175 2176 1836
f 1836 2176 1821
f 2176 2177 1821
f 1821 2177 2162
f 1616 2178 1617
f 2178 2179 1617
f 1617 2179 2170
f 2173 2180 1836
f 2180 2181 1836
f 1836 2181 2174
f 2165 2182 1821
f 2182 2183 1821
f 1821 2183 2184
f 2184 2185 1821
f 2185 2186 1821
f 1821 2186 2187
f 2188 2189 1628
f 2190 2191 1836
f 2191 2192 1836
f 2171 2193 1617
f 2193 2194 1617
f 1617 2194 2195
f 2192 2196 1836
f 2196 2197 1836
f 1836 2197 2198
f 2187 2199 1821
f 2199 2200 1821
f 1821 2200 2201
f 2198 2202 1836
f 2202 2203 1836
f 1836 2203 2172
f 2204 2205 1628
f 2205 2206 1628
f 1628 2206 2166
f 2195 2207 1617
f 2207 2208 1617
f 1617 2208 2209
f 2209 2210 1617
f 2210 2211 1617
f 1617 2211 2212
f 2189 2213 1628
f 2213 2214 1628
f 1628 2214 2215
f 2215 2216 1628
f 2216 2217 1628
f 1628 2217 2204
f 2212 2218 1617
f 2218 2219 1617
f 1617 2219 1836
f 2219 2220 1836
f 2220 2221 1836
f 2221 2222 1836
f 1836 2222 2223
f 2223 2224 1836
f 2224 2225 1836
f 1836 2225 2190
f 2201 2226 1821
f 2226 2227 1821
f 1821 2227 2228
f 2228 2229 1821
f 2229 2230 1821
f 1821 2230 1628
f 2230 2231 1628
f 1628 2231 2188
f 1635 1632 1633
f 1632 1621 1633
f 1633 1621 2157
f 1621 1620 2157
f 2157 1620 1948
f 1620 2232 1948
f 1948 2232 2029
f 1130 1128 2156
f 1128 1126 2156
f 2156 1126 1124
f 1124 1122 2156
f 1122 1120 2156
f 2156 1120 1118
f 2156 1112 1110
f 1174 1172 2233
f 1172 1170 2233
f 1146 2156 2233
f 1118 1116 2156
f 1116 1114 2156
f 2156 1114 1112
f 1170 1168 2233
f 1168 1166 2233
f 2233 1166 1164
f 1136 2156 1138
f 2156 1140 1138
f 1136 1134 2156
f 1134 1132 2156
f 2156 1132 1130
f 1110 1108 2156
f 1108 1619 2156
f 2156 1619 1613
f 1619 1611 1613
f 1048 1046 1633
f 1046 1044 1633
f 1633 1044 1042
f 1146 1144 2156
f 1144 1142 2156
f 2156 1142 1140
f 1058 1056 1633
f 1056 1054 1633
f 1180 2233 1182
f 2233 1040 1182
f 1180 1178 2233
f 1178 1176 2233
f 2233 1176 1174
f 1164 1162 2233
f 1162 1160 2233
f 2233 1160 1158
f 1108 1106 1619
f 1106 1104 1619
f 1619 1104 1102
f 1054 1052 1633
f 1052 1050 1633
f 1633 1050 1048
f 1158 1156 2233
f 1156 1154 2233
f 2233 1154 1152
f 1152 1150 2233
f 1150 1148 2233
f 2233 1148 1146
f 1102 1100 1619
f 1100 1098 1619
f 1619 1098 1096
f 1064 1062 1633
f 1062 1060 1633
f 1633 1060 1058
f 1096 1094 1619
f 1094 1092 1619
f 1619 1092 1090
f 1090 1088 1619
f 1088 1086 1619
f 1619 1086 1084
f 1084 1082 1619
f 1082 1080 1619
f 1619 1080 1078
f 1601 1603 2157
f 1603 1619 2157
f 2157 1619 1633
f 1619 1078 1633
f 1633 1078 1076
f 1076 1074 1633
f 1074 1072 1633
f 1633 1072 1070
f 1070 1068 1633
f 1068 1066 1633
f 1633 1066 1064
f 1812 1811 1813
f 1811 2161 1813
f 1813 2161 1815
f 2161 1495 1815
f 1815 1495 1497
f 1811 838 836
f 850 848 1811
f 848 846 1811
f 1811 846 844
f 844 842 1811
f 842 840 1811
f 1811 840 838
f 836 834 1811
f 834 832 1811
f 1811 832 830
f 830 828 1811
f 828 826 1811
f 1811 826 824
f 882 880 1809
f 880 878 1809
f 1809 878 876
f 876 874 1809
f 874 872 1809
f 1809 872 870
f 1479 2161 1618
f 2161 1811 1618
f 1618 1811 2234
f 1811 824 2234
f 2234 824 822
f 822 820 2234
f 820 818 2234
f 2234 818 816
f 810 808 2234
f 808 806 2234
f 2125 2127 1809
f 2127 752 1809
f 1809 752 894
f 894 892 1809
f 892 890 1809
f 1809 890 888
f 870 868 1809
f 868 866 1809
f 1809 866 864
f 856 854 1811
f 854 852 1811
f 1811 852 850
f 816 814 2234
f 814 812 2234
f 2234 812 810
f 764 762 2127
f 762 760 2127
f 2127 760 758
f 888 886 1809
f 886 884 1809
f 1809 884 882
f 864 862 1809
f 862 860 1809
f 1809 860 1811
f 860 858 1811
f 1811 858 856
f 758 756 2127
f 756 754 2127
f 2127 754 752
f 806 804 2234
f 804 802 2234
f 2234 802 800
f 776 774 2127
f 774 772 2127
f 2127 772 770
f 782 2127 784
f 2127 786 784
f 782 780 2127
f 780 778 2127
f 2127 778 776
f 770 768 2127
f 768 766 2127
f 2127 766 764
f 800 798 2234
f 798 796 2234
f 2234 796 794
f 794 792 2234
f 792 790 2234
f 2234 790 2127
f 790 788 2127
f 2127 788 786
f 964 1638 2031
f 1638 1634 2031
f 2031 1634 2235
f 1634 1633 2235
f 2235 1633 2233
f 1633 1042 2233
f 2233 1042 1040
f 990 2031 2033
f 2031 2235 2033
f 2033 2235 2127
f 2235 2233 2127
f 2127 2233 2234
f 2233 2156 2234
f 2234 2156 1618
f 2156 1475 1618
f 1618 1475 1477
f 1794 1787 1795
f 1787 2040 1795
f 1795 2040 2033
f 2040 2032 2033
f 2033 2032 1006
f 2032 1008 1006
f 2083 2088 2032
f 2088 741 2032
f 2032 741 2030
f 741 742 2030
f 2030 742 1631
f 742 743 1631
f 1631 743 1744
f 743 1743 1744
f 2236 2237 2238
f 1542 1540 2239
f 985 987 2238
f 2240 2241 2242
f 2243 2244 2245
f 2246 2247 2248
f 2249 2250 2251
f 2252 2253 2236
f 2254 2255 2256
f 2257 2258 2255
f 2259 2260 2255
f 2261 2262 749
f 2263 2264 745
f 2259 2255 2265
f 749 2266 2267
f 2267 2268 749
f 2268 2269 749
f 749 2269 2270
f 749 2262 745
f 2262 2271 745
f 745 2271 2263
f 2258 2272 2255
f 2272 2273 2255
f 2255 2273 2274
f 2270 2275 749
f 2275 2276 749
f 749 2276 2261
f 2264 2277 745
f 2277 2278 745
f 745 2278 2279
f 2280 745 2281
f 745 2282 2281
f 2280 2283 745
f 2283 2284 745
f 745 2284 2285
f 2285 2286 745
f 2286 2287 745
f 745 2287 2288
f 2289 2290 2255
f 2290 2291 2255
f 2291 2292 2255
f 2255 2292 2293
f 2274 2294 2255
f 2294 2295 2255
f 2255 2295 2265
f 2260 2296 2255
f 2296 2297 2255
f 2255 2297 2256
f 2297 2298 2256
f 2256 2298 2299
f 2256 2300 2301
f 2279 2302 745
f 2302 2303 745
f 745 2303 2282
f 2288 2304 745
f 2304 2305 745
f 745 2305 2255
f 2305 2306 2255
f 2255 2306 2289
f 2293 2307 2255
f 2307 2308 2255
f 2255 2308 2257
f 2301 2309 2256
f 2309 2310 2256
f 2256 2310 2311
f 2312 2313 749
f 2313 2314 749
f 749 2314 2266
f 2299 2315 2256
f 2315 2316 2256
f 2256 2316 2317
f 2317 2318 2256
f 2318 2319 2256
f 2256 2319 2300
f 2311 2320 2256
f 2320 2321 2256
f 2256 2321 2322
f 2323 2324 749
f 2324 2325 749
f 749 2325 2312
f 2322 2326 2256
f 2326 2327 2256
f 2256 2327 2328
f 2256 2237 2254
f 2237 2329 2254
f 2254 2329 2330
f 2253 2331 2332
f 2333 2334 2236
f 2330 2335 2254
f 2335 2336 2254
f 2254 2336 2337
f 2337 2338 2254
f 2338 2339 2254
f 2254 2339 2340
f 2332 2341 2253
f 2341 2342 2253
f 2253 2342 2343
f 2344 2345 2254
f 2345 2346 2254
f 2254 2346 2347
f 2340 2348 2254
f 2348 2349 2254
f 2254 2349 2350
f 2350 2351 2254
f 2351 2352 2254
f 2254 2352 2344
f 2347 2353 2254
f 2353 2354 2254
f 2254 2354 2253
f 2354 2355 2253
f 2253 2355 2331
f 2343 2356 2253
f 2356 2357 2253
f 2253 2357 2358
f 2358 2359 2253
f 2359 2360 2253
f 2253 2360 2361
f 2362 2363 2253
f 2363 2364 2253
f 2253 2364 2365
f 2365 2366 2253
f 2366 2367 2253
f 2253 2367 2236
f 2367 2368 2236
f 2236 2368 2333
f 2361 2369 2253
f 2369 2370 2253
f 2253 2370 2362
f 2371 2372 2237
f 2373 2374 2237
f 2374 2375 2237
f 2237 2375 2329
f 2334 2376 2236
f 2376 2377 2236
f 2236 2377 2378
f 2379 2380 2237
f 2380 2381 2237
f 2237 2381 2371
f 2382 2383 2236
f 2383 2384 2236
f 2372 2385 2237
f 2385 2386 2237
f 2237 2386 2387
f 2387 2388 2237
f 2388 2389 2237
f 2237 2389 2373
f 2378 2390 2236
f 2390 2391 2236
f 2236 2391 2392
f 2384 2393 2236
f 2393 2394 2236
f 2236 2394 2395
f 2392 2396 2236
f 2396 2397 2236
f 2236 2397 2382
f 2395 2398 2236
f 2398 2399 2236
f 2236 2399 2237
f 2399 2400 2237
f 2237 2400 2379
f 2401 2402 2403
f 2404 2405 2406
f 2407 2408 2409
f 2408 2410 2409
f 2411 2412 2408
f 2412 2413 2408
f 2408 2413 2414
f 2415 2416 2417
f 2416 2418 2417
f 2417 2418 2419
f 2418 2420 2419
f 2419 2420 2421
f 2421 2422 2419
f 2422 2423 2419
f 2419 2423 2424
f 2423 2425 2424
f 2426 2427 2428
f 2429 2430 2431
f 2430 2432 2431
f 2431 2432 2433
f 2433 2434 2431
f 2434 2435 2431
f 2431 2435 2408
f 2435 2436 2408
f 2408 2436 2411
f 2437 2438 2439
f 2438 2440 2439
f 2439 2440 2441
f 2437 2442 2438
f 2442 2443 2438
f 2438 2443 2417
f 2443 2444 2417
f 2417 2444 2415
f 2425 2445 2424
f 2445 2446 2424
f 2424 2446 2427
f 2446 2447 2427
f 2427 2447 2428
f 2448 2449 2450
f 2449 2451 2450
f 2408 2452 2453
f 2454 2455 2431
f 2455 2456 2431
f 2431 2456 2429
f 2414 2457 2408
f 2457 2458 2408
f 2408 2458 2459
f 2410 2460 2440
f 2460 2461 2440
f 2440 2461 2441
f 2428 2462 2426
f 2462 2463 2426
f 2426 2463 2464
f 2463 2465 2464
f 2464 2465 2450
f 2465 2466 2450
f 2450 2466 2448
f 2451 2467 2450
f 2467 2468 2450
f 2450 2468 2431
f 2468 2469 2431
f 2431 2469 2470
f 2471 2472 2431
f 2472 2473 2431
f 2431 2473 2474
f 2474 2475 2431
f 2475 2476 2431
f 2431 2476 2454
f 2459 2477 2408
f 2477 2478 2408
f 2408 2478 2479
f 2479 2480 2408
f 2480 2481 2408
f 2408 2481 2452
f 2482 2483 2410
f 2483 2484 2410
f 2410 2484 2460
f 2470 2485 2431
f 2485 2486 2431
f 2431 2486 2487
f 2487 2488 2431
f 2488 2489 2431
f 2431 2489 2471
f 2453 2490 2408
f 2490 2491 2408
f 2408 2491 2410
f 2491 2492 2410
f 2410 2492 2482
f 2493 2494 2431
f 2494 2495 2431
f 2431 2495 2496
f 2497 2498 2499
f 2500 2501 2502
f 2501 2503 2502
f 2503 2504 2502
f 2504 2505 2502
f 2502 2505 2506
f 2505 2507 2506
f 2506 2507 2508
f 2509 2510 2250
f 2499 2511 2497
f 2511 2512 2497
f 2497 2512 2500
f 2512 2513 2500
f 2500 2513 2501
f 2514 2515 2251
f 2515 2516 2251
f 2251 2516 2517
f 2450 2518 2519
f 2517 2520 2251
f 2520 2521 2251
f 2251 2521 2431
f 2521 2522 2431
f 2431 2522 2493
f 2519 2523 2450
f 2523 2524 2450
f 2450 2524 2525
f 2524 2526 2525
f 2525 2526 2498
f 2526 2527 2498
f 2498 2527 2499
f 2508 2528 2506
f 2528 2529 2506
f 2506 2529 2250
f 2529 2530 2250
f 2250 2530 2509
f 2531 2532 2250
f 2532 2533 2250
f 2250 2533 2534
f 2535 2431 2536
f 2431 2537 2536
f 2538 2539 2251
f 2539 2540 2251
f 2251 2540 2514
f 2496 2541 2431
f 2541 2542 2431
f 2431 2542 2543
f 2510 2544 2250
f 2544 2545 2250
f 2250 2545 2531
f 2546 2547 2251
f 2547 2548 2251
f 2251 2548 2549
f 2549 2550 2251
f 2550 2551 2251
f 2251 2551 2538
f 2543 2552 2431
f 2552 2553 2431
f 2431 2553 2554
f 2554 2555 2431
f 2555 2556 2431
f 2431 2556 2537
f 2535 2557 2431
f 2557 2558 2431
f 2431 2558 2559
f 2559 2560 2431
f 2560 2561 2431
f 2431 2561 2450
f 2561 2562 2450
f 2450 2562 2518
f 2534 2563 2250
f 2563 2564 2250
f 2250 2564 2251
f 2564 2565 2251
f 2565 2566 2251
f 2566 2567 2251
f 2251 2567 2568
f 2568 2569 2251
f 2569 2570 2251
f 2251 2570 2546
f 2246 2571 2247
f 2571 2572 2247
f 2247 2572 2573
f 2574 2575 2576
f 2575 2577 2576
f 2576 2577 2248
f 2577 2578 2248
f 2248 2578 2246
f 1457 1459 2239
f 1409 2579 1407
f 2579 1405 1407
f 2576 1363 1365
f 2574 1381 2580
f 1381 1383 2580
f 1451 1453 2239
f 1453 1455 2239
f 2239 1455 1457
f 1459 1461 2239
f 1461 1463 2239
f 2239 1463 1465
f 1465 1467 2239
f 1467 1469 2239
f 2239 1469 1327
f 1383 1385 2580
f 1385 1387 2580
f 2580 1387 2581
f 1387 1389 2581
f 2581 1389 1391
f 1397 2582 1395
f 2582 2581 1395
f 1395 2581 1393
f 2581 1391 1393
f 1397 1399 2582
f 1399 1401 2582
f 2582 1401 2579
f 1401 1403 2579
f 2579 1403 1405
f 1409 1411 2579
f 1411 1413 2579
f 2579 1413 1415
f 1333 2576 1331
f 2576 2239 1331
f 1331 2239 1329
f 2239 1327 1329
f 1333 1335 2576
f 1335 1337 2576
f 2576 1337 1339
f 1339 1341 2576
f 1341 1343 2576
f 2576 1343 1345
f 2576 1365 2574
f 1365 1367 2574
f 2574 1367 1369
f 1369 1371 2574
f 1371 1373 2574
f 2574 1373 1375
f 1375 1377 2574
f 1377 1379 2574
f 2574 1379 1381
f 1415 1417 2579
f 1417 1419 2579
f 2579 1419 1421
f 1421 1423 2579
f 1423 1425 2579
f 2579 1425 1427
f 1345 1347 2576
f 1347 1349 2576
f 2576 1349 1351
f 1351 1353 2576
f 1353 1355 2576
f 2576 1355 1357
f 1427 1429 2579
f 1429 1431 2579
f 2579 1431 1433
f 1357 1359 2576
f 1359 1361 2576
f 2576 1361 1363
f 1435 1437 2239
f 1437 1439 2239
f 1445 1447 2239
f 1447 1449 2239
f 2239 1449 1451
f 1439 1441 2239
f 1441 1443 2239
f 2239 1443 1445
f 2583 2584 2579
f 2585 2586 2583
f 2586 2587 2583
f 2587 2588 2583
f 2583 2588 2584
f 2245 2589 2585
f 2244 2590 2245
f 2590 2591 2245
f 2245 2591 2589
f 2592 2593 2594
f 2593 2595 2594
f 2592 2596 2593
f 2596 2597 2593
f 2593 2597 2598
f 2593 2599 2600
f 2600 2601 2593
f 2601 2602 2593
f 2593 2602 2603
f 2603 2604 2593
f 2604 2605 2593
f 2593 2605 2595
f 1207 1209 2606
f 1299 1301 2599
f 1209 1211 2606
f 1211 1213 2606
f 2606 1213 1215
f 1293 1295 2599
f 1295 1297 2599
f 2599 1297 1299
f 1221 2607 1219
f 2607 2606 1219
f 1219 2606 1217
f 2606 1215 1217
f 2599 1285 1287
f 1191 1193 2606
f 1193 1195 2606
f 1195 1197 2606
f 1197 1199 2606
f 2606 1199 1201
f 1201 1203 2606
f 1203 1205 2606
f 2606 1205 1207
f 1221 1223 2607
f 1223 1225 2607
f 2607 1225 1227
f 1227 1229 2607
f 1229 1231 2607
f 2607 1231 1233
f 1239 1241 2607
f 1261 1263 2593
f 1285 2599 1283
f 2599 2593 1283
f 1283 2593 1281
f 1287 1289 2599
f 1289 1291 2599
f 2599 1291 1293
f 1241 1243 2607
f 1243 1245 2607
f 2607 1245 1247
f 1275 1277 2593
f 1277 1279 2593
f 2593 1279 1281
f 1319 1321 2608
f 1321 1323 2608
f 2608 1323 1325
f 1233 1235 2607
f 1235 1237 2607
f 2607 1237 1239
f 1307 2609 1305
f 2609 2599 1305
f 1305 2599 1303
f 2599 1301 1303
f 1183 1185 2606
f 1247 1249 2607
f 1249 1251 2607
f 2607 1251 1253
f 1263 1265 2593
f 1265 1267 2593
f 2593 1267 1269
f 1269 1271 2593
f 1271 1273 2593
f 2593 1273 1275
f 1319 2608 1317
f 2608 2610 1317
f 1317 2610 1315
f 1185 1187 2606
f 1187 1189 2606
f 2606 1189 1191
f 1307 1309 2609
f 1309 1311 2609
f 2609 1311 2610
f 1311 1313 2610
f 2610 1313 1315
f 1253 1255 2607
f 1255 1257 2607
f 2607 1257 2593
f 1257 1259 2593
f 2593 1259 1261
f 2606 2611 2612
f 1325 1183 2608
f 1183 2606 2608
f 2608 2606 2613
f 2606 2612 2613
f 2614 2615 2616
f 2615 2617 2616
f 2616 2617 2618
f 2617 2619 2618
f 2618 2619 2620
f 2621 2622 2623
f 2622 2624 2623
f 2615 2625 2626
f 2626 2627 2615
f 2627 2628 2615
f 2615 2628 2629
f 2629 2630 2615
f 2630 2631 2615
f 2615 2631 2622
f 2631 2632 2622
f 2622 2632 2624
f 2633 2634 2242
f 2634 2622 2242
f 2242 2622 2240
f 2622 2621 2240
f 2635 2636 746
f 2636 2637 746
f 2637 2638 746
f 746 2638 747
f 2634 2639 2640
f 2640 2641 2634
f 2641 2642 2634
f 2634 2642 2643
f 2643 2644 2634
f 2644 2645 2634
f 2634 2645 746
f 2645 2646 746
f 746 2646 2635
f 977 979 2238
f 977 2238 975
f 1021 1023 2647
f 1023 1025 2647
f 2647 1025 1027
f 1027 1029 2647
f 1029 1031 2647
f 2647 1031 1033
f 1033 1035 2647
f 1035 1037 2647
f 2647 1037 895
f 965 967 2238
f 967 969 2238
f 979 981 2238
f 981 983 2238
f 2238 983 985
f 969 971 2238
f 971 973 2238
f 2238 973 975
f 901 2256 899
f 2256 2647 899
f 899 2647 897
f 2647 895 897
f 901 903 2256
f 903 905 2256
f 2256 905 907
f 957 959 2237
f 959 961 2237
f 2237 961 2238
f 961 963 2238
f 2238 963 965
f 907 909 2256
f 909 911 2256
f 2256 911 913
f 951 953 2237
f 953 955 2237
f 2237 955 957
f 945 947 2237
f 947 949 2237
f 2237 949 951
f 913 915 2256
f 915 917 2256
f 2256 917 919
f 919 921 2256
f 921 923 2256
f 2256 923 925
f 925 927 2256
f 927 929 2256
f 2256 929 2237
f 929 931 2237
f 2237 931 933
f 933 935 2237
f 935 937 2237
f 2237 937 939
f 939 941 2237
f 941 943 2237
f 2237 943 945
f 989 991 2648
f 991 993 2648
f 993 995 2648
f 995 997 2648
f 2648 997 999
f 1013 1015 2649
f 1015 1017 2649
f 2649 1017 2647
f 1017 1019 2647
f 2647 1019 1021
f 999 1001 2648
f 1001 1003 2648
f 2648 1003 2649
f 1003 1005 2649
f 2649 1005 1007
f 1007 1009 2649
f 1009 1011 2649
f 2649 1011 1013
f 2638 2650 747
f 2650 2651 747
f 747 2651 2652
f 2652 2653 747
f 2653 2654 747
f 747 2654 2655
f 2655 2656 747
f 2656 2657 747
f 747 2657 2658
f 2658 2659 747
f 2659 2660 747
f 747 2660 2661
f 2662 2663 2633
f 2663 2664 2633
f 2633 2664 2634
f 2664 2665 2634
f 2634 2665 2639
f 2666 2667 2633
f 2661 2668 747
f 2668 2669 747
f 747 2669 750
f 2669 2670 750
f 750 2670 2671
f 2672 2673 2649
f 2673 2674 2649
f 2675 2676 2633
f 2676 2677 2633
f 2633 2677 2678
f 2667 2679 2633
f 2679 2680 2633
f 2633 2680 2662
f 2674 2681 2649
f 2681 2682 2649
f 2649 2682 2683
f 2684 2685 2633
f 2685 2686 2633
f 2633 2686 2675
f 2678 2687 2633
f 2687 2688 2633
f 2633 2688 2666
f 2689 750 2690
f 750 2691 2690
f 2689 2692 750
f 2692 2693 750
f 750 2693 2694
f 2671 2695 750
f 2695 2696 750
f 750 2696 2691
f 2694 2697 750
f 2697 2698 750
f 750 2698 2699
f 2700 2649 2701
f 2649 2702 2701
f 2700 2703 2649
f 2703 2704 2649
f 2649 2704 2672
f 2699 2705 2649
f 2705 2706 2649
f 2649 2706 2707
f 2707 2708 2649
f 2708 2709 2649
f 2649 2709 2702
f 2242 2710 2711
f 2712 2713 2648
f 2714 2715 2716
f 2715 2717 2716
f 2711 2718 2242
f 2718 2719 2242
f 2242 2719 2720
f 2241 2721 2242
f 2721 2722 2242
f 2242 2722 2723
f 2723 2724 2242
f 2724 2725 2242
f 2242 2725 2726
f 2726 2727 2242
f 2727 2728 2242
f 2242 2728 2710
f 2729 2730 2614
f 2730 2731 2614
f 2712 2648 2732
f 2648 2733 2734
f 2714 2735 2715
f 2735 2736 2715
f 2715 2736 2614
f 2736 2737 2614
f 2614 2737 2738
f 2738 2739 2614
f 2739 2740 2614
f 2614 2740 2729
f 2734 2741 2648
f 2741 2742 2648
f 2648 2742 2743
f 2744 2745 2715
f 2745 2746 2715
f 2715 2746 2747
f 2747 2748 2715
f 2748 2749 2715
f 2715 2749 2750
f 2750 2751 2715
f 2751 2752 2715
f 2715 2752 2753
f 2753 2754 2715
f 2754 2755 2715
f 2715 2755 2756
f 2731 2757 2614
f 2757 2758 2614
f 2614 2758 2759
f 2713 2760 2648
f 2760 2761 2648
f 2648 2761 2762
f 2762 2763 2648
f 2763 2764 2648
f 2648 2764 2733
f 2756 2765 2715
f 2765 2766 2715
f 2715 2766 2717
f 2759 2767 2614
f 2767 2768 2614
f 2614 2768 2615
f 2768 2769 2615
f 2615 2769 2625
f 2770 1474 1472
f 2770 1472 2771
f 1472 1614 2771
f 1614 1612 2771
f 2771 1612 1610
f 2772 1478 2770
f 1478 1476 2770
f 2770 1476 1474
f 1494 1492 2773
f 1492 1490 2773
f 1490 1488 2773
f 2773 1488 1486
f 1486 1484 2773
f 1484 1482 2773
f 2773 1482 2772
f 1482 1480 2772
f 2772 1480 1478
f 2606 1500 2774
f 1500 1498 2774
f 2774 1498 2773
f 1498 1496 2773
f 2773 1496 1494
f 1508 1506 2607
f 1506 1504 2607
f 2607 1504 2606
f 1504 1502 2606
f 2606 1502 1500
f 2775 2776 1516
f 1516 1514 2775
f 1514 1512 2775
f 2775 1512 2607
f 1512 1510 2607
f 2607 1510 1508
f 2777 1532 1530
f 1530 1528 2777
f 1528 1526 2777
f 2777 1526 1524
f 1524 1522 2777
f 1522 1520 2777
f 2777 1520 2776
f 1520 1518 2776
f 2776 1518 1516
f 1536 1534 2778
f 1433 1435 2579
f 1435 2239 2579
f 2579 2239 2583
f 2239 1540 2583
f 2583 1540 1538
f 1554 1552 2576
f 1552 1550 2576
f 1550 1548 2576
f 1548 1546 2576
f 2576 1546 2239
f 1546 1544 2239
f 2239 1544 1542
f 1562 1560 2779
f 1560 1558 2779
f 2779 1558 1556
f 2251 1572 2779
f 1572 1570 2779
f 2779 1570 1568
f 1568 1566 2779
f 1566 1564 2779
f 2779 1564 1562
f 1580 1578 2431
f 1578 1576 2431
f 2431 1576 2251
f 1576 1574 2251
f 2251 1574 1572
f 1590 1588 2406
f 1588 2408 2406
f 2406 2408 2404
f 2408 2407 2404
f 1588 1586 2408
f 1586 1584 2408
f 2408 1584 2431
f 1584 1582 2431
f 2431 1582 1580
f 1610 1608 2771
f 1608 1606 2771
f 2771 1606 2406
f 1606 1604 2406
f 2406 1604 1602
f 1602 1600 2406
f 1600 1598 2406
f 2406 1598 1596
f 1596 1594 2406
f 1594 1592 2406
f 2406 1592 1590
f 2699 2649 750
f 2649 2647 750
f 750 2647 748
f 2647 2256 748
f 748 2256 749
f 2256 2328 749
f 749 2328 2323
f 2683 2684 2649
f 2684 2633 2649
f 2649 2633 2648
f 2633 2242 2648
f 2648 2242 2732
f 2242 2720 2732
f 2403 2252 2401
f 2252 2236 2401
f 2401 2236 2780
f 2236 2238 2780
f 2780 2238 2648
f 2238 987 2648
f 2648 987 989
f 2715 2781 2782
f 805 807 2781
f 807 809 2781
f 2781 809 811
f 2781 817 819
f 837 2616 835
f 2616 833 835
f 799 801 2781
f 801 803 2781
f 2781 803 805
f 811 813 2781
f 813 815 2781
f 2781 815 817
f 819 821 2781
f 821 823 2781
f 2781 823 2616
f 823 825 2616
f 2616 825 827
f 827 829 2616
f 829 831 2616
f 2616 831 833
f 2614 889 891
f 791 793 2781
f 877 879 2614
f 879 881 2614
f 2614 881 883
f 883 885 2614
f 885 887 2614
f 2614 887 889
f 753 2715 751
f 2715 2614 751
f 751 2614 893
f 2614 891 893
f 771 773 2715
f 773 775 2715
f 2715 775 777
f 777 779 2715
f 779 781 2715
f 2715 781 783
f 783 785 2715
f 785 787 2715
f 2715 787 2781
f 787 789 2781
f 2781 789 791
f 793 795 2781
f 795 797 2781
f 2781 797 799
f 837 839 2616
f 839 841 2616
f 2616 841 843
f 753 755 2715
f 755 757 2715
f 2715 757 759
f 843 845 2616
f 845 847 2616
f 2616 847 849
f 759 761 2715
f 761 763 2715
f 2715 763 765
f 765 767 2715
f 767 769 2715
f 2715 769 771
f 849 851 2616
f 851 853 2616
f 2616 853 855
f 871 873 2614
f 873 875 2614
f 2614 875 877
f 863 865 2614
f 865 867 2614
f 867 869 2614
f 2614 869 871
f 855 857 2616
f 857 859 2616
f 2616 859 2614
f 859 861 2614
f 2614 861 863
f 1119 1121 2770
f 1043 1045 2401
f 1075 2771 2401
f 2771 2406 2401
f 2401 2406 2402
f 2406 2405 2402
f 2402 2405 2403
f 2771 1093 1095
f 1109 1111 2770
f 1111 1113 2770
f 1095 1097 2771
f 1097 1099 2771
f 2771 1099 1101
f 1113 1115 2770
f 1115 1117 2770
f 2770 1117 1119
f 1167 2782 1165
f 2782 1163 1165
f 1167 1169 2782
f 1169 1171 2782
f 2782 1171 1173
f 2743 2744 2648
f 2744 2715 2648
f 2648 2715 2780
f 2715 2782 2780
f 2780 2782 2401
f 2782 1041 2401
f 2401 1041 1043
f 1101 1103 2771
f 1103 1105 2771
f 2771 1105 2770
f 1105 1107 2770
f 2770 1107 1109
f 1121 1123 2770
f 1123 1125 2770
f 2770 1125 1127
f 1173 1175 2782
f 1175 1177 2782
f 2782 1177 1179
f 1179 1181 2782
f 1181 1039 2782
f 2782 1039 1041
f 1045 1047 2401
f 1047 1049 2401
f 2401 1049 1051
f 1051 1053 2401
f 1053 1055 2401
f 2401 1055 1057
f 1075 1077 2771
f 1077 1079 2771
f 2771 1079 1081
f 1081 1083 2771
f 1083 1085 2771
f 2771 1085 1087
f 1087 1089 2771
f 1089 1091 2771
f 2771 1091 1093
f 1057 1059 2401
f 1059 1061 2401
f 2401 1061 1063
f 1063 1065 2401
f 1065 1067 2401
f 2401 1067 1069
f 1127 1129 2770
f 1129 1131 2770
f 2770 1131 1133
f 1133 1135 2770
f 1135 1137 2770
f 2770 1137 1139
f 1069 1071 2401
f 1071 1073 2401
f 2401 1073 1075
f 1139 1141 2770
f 1141 1143 2770
f 2770 1143 1145
f 1147 1149 2782
f 1149 1151 2782
f 1157 1159 2782
f 1159 1161 2782
f 2782 1161 1163
f 1151 1153 2782
f 1153 1155 2782
f 2782 1155 1157
f 2611 2606 2620
f 2606 2774 2620
f 2620 2774 2618
f 2774 2773 2618
f 2618 2773 2616
f 2773 2772 2616
f 2616 2772 2781
f 2772 2770 2781
f 2781 2770 2782
f 2770 1145 2782
f 2782 1145 1147
f 2783 2784 2607
f 2785 2593 2786
f 2593 2787 2786
f 2784 2788 2607
f 2788 2789 2607
f 2607 2789 2790
f 2790 2791 2607
f 2791 2792 2607
f 2607 2792 2775
f 2792 2793 2775
f 2787 2593 2794
f 2593 2598 2794
f 2794 2598 2795
f 2796 2797 2598
f 2797 2798 2598
f 2598 2798 2799
f 2800 2801 2607
f 2801 2802 2607
f 2802 2803 2607
f 2803 2804 2607
f 2607 2804 2805
f 2805 2806 2607
f 2806 2807 2607
f 2607 2807 2783
f 2793 2808 2775
f 2808 2809 2775
f 2775 2809 2810
f 2810 2811 2775
f 2811 2812 2775
f 2775 2812 2813
f 2799 2814 2598
f 2814 2815 2598
f 2598 2815 2795
f 2816 2817 2775
f 2817 2818 2775
f 2818 2819 2775
f 2819 2820 2775
f 2775 2820 2821
f 2822 2823 2598
f 2823 2824 2598
f 2598 2824 2796
f 2785 2825 2593
f 2825 2826 2593
f 2593 2826 2827
f 2813 2828 2775
f 2828 2829 2775
f 2775 2829 2816
f 2830 2831 2607
f 2832 2833 2598
f 2833 2834 2598
f 2598 2834 2835
f 2835 2836 2598
f 2836 2837 2598
f 2598 2837 2822
f 2827 2838 2593
f 2838 2839 2593
f 2593 2839 2840
f 2840 2841 2593
f 2841 2842 2593
f 2593 2842 2843
f 2843 2844 2593
f 2844 2845 2593
f 2593 2845 2607
f 2845 2846 2607
f 2607 2846 2830
f 2831 2847 2607
f 2847 2848 2607
f 2607 2848 2800
f 2821 2849 2775
f 2849 2850 2775
f 2775 2850 2851
f 2851 2852 2775
f 2852 2853 2775
f 2775 2853 2598
f 2853 2854 2598
f 2598 2854 2832
f 1554 2576 1556
f 2576 2248 1556
f 1556 2248 2779
f 2248 2247 2779
f 2779 2247 2251
f 2247 2573 2251
f 2251 2573 2249
f 2775 2855 2776
f 2855 2778 2776
f 2776 2778 2777
f 2778 1534 2777
f 2777 1534 1532
f 1538 1536 2583
f 1536 2778 2583
f 2583 2778 2585
f 2778 2855 2585
f 2585 2855 2245
f 2855 2775 2245
f 2245 2775 2243
f 2775 2598 2243
f 2243 2598 2856
f 2598 2597 2856
f 2558 1941 2559
f 1941 1929 2559
f 2559 1929 2560
f 1929 1928 2560
f 2560 1928 2561
f 1928 1940 2561
f 2561 1940 2562
f 1940 1939 2562
f 2562 1939 2518
f 1939 1938 2518
f 2518 1938 2519
f 1938 1897 2519
f 2519 1897 2523
f 1897 1896 2523
f 2523 1896 2524
f 1896 1906 2524
f 2524 1906 2526
f 1906 1905 2526
f 2526 1905 2527
f 1905 1903 2527
f 2527 1903 2499
f 1903 1902 2499
f 2499 1902 2511
f 1902 1876 2511
f 2511 1876 2512
f 1876 1875 2512
f 2512 1875 2513
f 1875 1866 2513
f 2513 1866 2501
f 1866 1894 2501
f 2501 1894 2503
f 1894 1893 2503
f 2503 1893 2504
f 1893 1892 2504
f 2504 1892 2505
f 1892 1886 2505
f 2505 1886 2507
f 1886 1888 2507
f 2507 1888 2508
f 1888 1890 2508
f 2508 1890 2528
f 1890 1891 2528
f 2528 1891 2529
f 1891 1901 2529
f 2529 1901 2530
f 1901 1873 2530
f 2530 1873 2509
f 1873 1872 2509
f 2509 1872 2510
f 1872 1916 2510
f 2510 1916 2544
f 1916 1915 2544
f 2544 1915 2545
f 1915 1914 2545
f 2545 1914 2531
f 1914 1913 2531
f 2531 1913 2532
f 1913 1912 2532
f 2532 1912 2533
f 1912 1900 2533
f 2533 1900 2534
f 1900 1899 2534
f 2534 1899 2563
f 1899 1898 2563
f 2563 1898 2564
f 1898 1945 2564
f 2564 1945 2565
f 1945 1944 2565
f 2565 1944 2566
f 1944 1943 2566
f 2566 1943 2567
f 1943 1937 2567
f 2567 1937 2568
f 1937 1936 2568
f 2568 1936 2569
f 1936 1935 2569
f 2569 1935 2570
f 1935 1911 2570
f 2570 1911 2546
f 1911 1910 2546
f 2546 1910 2547
f 1910 1927 2547
f 2547 1927 2548
f 1927 1926 2548
f 2548 1926 2549
f 1926 1925 2549
f 2549 1925 2550
f 1925 1924 2550
f 2550 1924 2551
f 1924 1923 2551
f 2551 1923 2538
f 1923 1909 2538
f 2538 1909 2539
f 1909 1908 2539
f 2539 1908 2540
f 1908 1907 2540
f 2540 1907 2514
f 1907 1885 2514
f 2514 1885 2515
f 1885 1884 2515
f 2515 1884 2516
f 1884 1883 2516
f 2516 1883 2517
f 1883 1882 2517
f 2517 1882 2520
f 1882 1881 2520
f 2520 1881 2521
f 1881 1879 2521
f 2521 1879 2522
f 1879 1878 2522
f 2522 1878 2493
f 1878 1871 2493
f 2493 1871 2494
f 1871 1870 2494
f 2494 1870 2495
f 1870 1868 2495
f 2495 1868 2496
f 1868 1867 2496
f 2496 1867 2541
f 1867 1922 2541
f 2541 1922 2542
f 1922 1921 2542
f 2542 1921 2543
f 1921 1920 2543
f 2543 1920 2552
f 1920 1934 2552
f 2552 1934 2553
f 1934 1933 2553
f 2553 1933 2554
f 1933 1932 2554
f 2554 1932 2555
f 1932 1931 2555
f 2555 1931 2556
f 1931 1930 2556
f 2556 1930 2537
f 1930 1917 2537
f 2537 1917 2536
f 1917 1918 2536
f 2536 1918 2535
f 1918 1919 2535
f 2535 1919 2557
f 1919 1942 2557
f 2557 1942 2558
f 1942 1941 2558
f 2830 2229 2831
f 2229 2228 2831
f 2831 2228 2847
f 2228 2227 2847
f 2847 2227 2848
f 2227 2226 2848
f 2848 2226 2800
f 2226 2201 2800
f 2800 2201 2801
f 2201 2200 2801
f 2801 2200 2802
f 2200 2199 2802
f 2802 2199 2803
f 2199 2187 2803
f 2803 2187 2804
f 2187 2186 2804
f 2804 2186 2805
f 2186 2185 2805
f 2805 2185 2806
f 2185 2184 2806
f 2806 2184 2807
f 2184 2183 2807
f 2807 2183 2783
f 2183 2182 2783
f 2783 2182 2784
f 2182 2165 2784
f 2784 2165 2788
f 2165 2164 2788
f 2788 2164 2789
f 2164 2163 2789
f 2789 2163 2790
f 2163 2162 2790
f 2790 2162 2791
f 2162 2177 2791
f 2791 2177 2792
f 2177 2176 2792
f 2792 2176 2793
f 2176 2175 2793
f 2793 2175 2808
f 2175 2174 2808
f 2808 2174 2809
f 2174 2181 2809
f 2809 2181 2810
f 2181 2180 2810
f 2810 2180 2811
f 2180 2173 2811
f 2811 2173 2812
f 2173 2172 2812
f 2812 2172 2813
f 2172 2203 2813
f 2813 2203 2828
f 2203 2202 2828
f 2828 2202 2829
f 2202 2198 2829
f 2829 2198 2816
f 2198 2197 2816
f 2816 2197 2817
f 2197 2196 2817
f 2817 2196 2818
f 2196 2192 2818
f 2818 2192 2819
f 2192 2191 2819
f 2819 2191 2820
f 2191 2190 2820
f 2820 2190 2821
f 2190 2225 2821
f 2821 2225 2849
f 2225 2224 2849
f 2849 2224 2850
f 2224 2223 2850
f 2850 2223 2851
f 2223 2222 2851
f 2851 2222 2852
f 2222 2221 2852
f 2852 2221 2853
f 2221 2220 2853
f 2853 2220 2854
f 2220 2219 2854
f 2854 2219 2832
f 2219 2218 2832
f 2832 2218 2833
f 2218 2212 2833
f 2833 2212 2834
f 2212 2211 2834
f 2834 2211 2835
f 2211 2210 2835
f 2835 2210 2836
f 2210 2209 2836
f 2836 2209 2837
f 2209 2208 2837
f 2837 2208 2822
f 2208 2207 2822
f 2822 2207 2823
f 2207 2195 2823
f 2823 2195 2824
f 2195 2194 2824
f 2824 2194 2796
f 2194 2193 2796
f 2796 2193 2797
f 2193 2171 2797
f 2797 2171 2798
f 2171 2170 2798
f 2798 2170 2799
f 2170 2179 2799
f 2799 2179 2814
f 2179 2178 2814
f 2814 2178 2815
f 2178 1616 2815
f 2815 1616 2795
f 1616 1615 2795
f 2795 1615 2794
f 1615 2169 2794
f 2794 2169 2787
f 2169 2168 2787
f 2787 2168 2786
f 2168 2167 2786
f 2786 2167 2785
f 2167 2166 2785
f 2785 2166 2825
f 2166 2206 2825
f 2825 2206 2826
f 2206 2205 2826
f 2826 2205 2827
f 2205 2204 2827
f 2827 2204 2838
f 2204 2217 2838
f 2838 2217 2839
f 2217 2216 2839
f 2839 2216 2840
f 2216 2215 2840
f 2840 2215 2841
f 2215 2214 2841
f 2841 2214 2842
f 2214 2213 2842
f 2842 2213 2843
f 2213 2189 2843
f 2843 2189 2844
f 2189 2188 2844
f 2844 2188 2845
f 2188 2231 2845
f 2845 2231 2846
f 2231 2230 2846
f 2846 2230 2830
f 2230 2229 2830
f 2492 1992 2482
f 1992 2027 2482
f 2482 2027 2483
f 2027 2026 2483
f 2483 2026 2484
f 2026 2025 2484
f 2484 2025 2460
f 2025 1991 2460
f 2460 1991 2461
f 1991 1989 2461
f 2461 1989 2441
f 1989 1988 2441
f 2441 1988 2439
f 1988 1981 2439
f 2439 1981 2437
f 1981 1983 2437
f 2437 1983 2442
f 1983 1984 2442
f 2442 1984 2443
f 1984 1980 2443
f 2443 1980 2444
f 1980 1978 2444
f 2444 1978 2415
f 1978 1977 2415
f 2415 1977 2416
f 1977 1958 2416
f 2416 1958 2418
f 1958 1957 2418
f 2418 1957 2420
f 1957 1955 2420
f 2420 1955 2421
f 1955 1954 2421
f 2421 1954 2422
f 1954 1953 2422
f 2422 1953 2423
f 1953 1952 2423
f 2423 1952 2425
f 1952 1962 2425
f 2425 1962 2445
f 1962 1964 2445
f 2445 1964 2446
f 1964 1976 2446
f 2446 1976 2447
f 1976 1975 2447
f 2447 1975 2428
f 1975 1974 2428
f 2428 1974 2462
f 1974 1973 2462
f 2462 1973 2463
f 1973 2013 2463
f 2463 2013 2465
f 2013 2012 2465
f 2465 2012 2466
f 2012 2010 2466
f 2466 2010 2448
f 2010 2009 2448
f 2448 2009 2449
f 2009 1968 2449
f 2449 1968 2451
f 1968 1969 2451
f 2451 1969 2467
f 1969 1970 2467
f 2467 1970 2468
f 1970 2024 2468
f 2468 2024 2469
f 2024 2023 2469
f 2469 2023 2470
f 2023 2022 2470
f 2470 2022 2485
f 2022 2021 2485
f 2485 2021 2486
f 2021 2020 2486
f 2486 2020 2487
f 2020 2019 2487
f 2487 2019 2488
f 2019 2008 2488
f 2488 2008 2489
f 2008 2007 2489
f 2489 2007 2471
f 2007 2006 2471
f 2471 2006 2472
f 2006 2005 2472
f 2472 2005 2473
f 2005 2004 2473
f 2473 2004 2474
f 2004 2003 2474
f 2474 2003 2475
f 2003 2002 2475
f 2475 2002 2476
f 2002 2001 2476
f 2476 2001 2454
f 2001 2000 2454
f 2454 2000 2455
f 2000 1987 2455
f 2455 1987 2456
f 1987 1986 2456
f 2456 1986 2429
f 1986 1985 2429
f 2429 1985 2430
f 1985 1961 2430
f 2430 1961 2432
f 1961 1960 2432
f 2432 1960 2433
f 1960 1959 2433
f 2433 1959 2434
f 1959 1967 2434
f 2434 1967 2435
f 1967 1966 2435
f 2435 1966 2436
f 1966 1965 2436
f 2436 1965 2411
f 1965 1950 2411
f 2411 1950 2412
f 1950 1949 2412
f 2412 1949 2413
f 1949 1947 2413
f 2413 1947 2414
f 1947 1946 2414
f 2414 1946 2457
f 1946 1999 2457
f 2457 1999 2458
f 1999 1998 2458
f 2458 1998 2459
f 1998 1997 2459
f 2459 1997 2477
f 1997 2018 2477
f 2477 2018 2478
f 2018 2017 2478
f 2478 2017 2479
f 2017 2016 2479
f 2479 2016 2480
f 2016 2015 2480
f 2480 2015 2481
f 2015 2014 2481
f 2481 2014 2452
f 2014 1996 2452
f 2452 1996 2453
f 1996 1995 2453
f 2453 1995 2490
f 1995 1994 2490
f 2490 1994 2491
f 1994 1993 2491
f 2491 1993 2492
f 1993 1992 2492
f 1632 2252 1622
f 2252 2403 1622
f 1622 2403 1620
f 2403 2405 1620
f 1620 2405 2232
f 2405 2404 2232
f 2232 2404 2029
f 2404 2407 2029
f 2407 2409 2029
f 2029 2409 2028
f 2409 2410 2028
f 2028 2410 1990
f 2410 2440 1990
f 1990 2440 1982
f 2440 2438 1982
f 1982 2438 1979
f 2438 2417 1979
f 1979 2417 1956
f 2417 2419 1956
f 1956 2419 1951
f 2419 2424 1951
f 1951 2424 1963
f 2424 2427 1963
f 1963 2427 1971
f 2427 2426 1971
f 1971 2426 1972
f 2426 2464 1972
f 1972 2464 2011
f 2011 2464 1895
f 2464 2450 1895
f 1895 2450 1904
f 2612 1819 2613
f 1819 1820 2613
f 2613 1820 2608
f 1820 1823 2608
f 2608 1823 2610
f 1823 1822 2610
f 2610 1822 2609
f 1822 1627 2609
f 2609 1627 2599
f 1627 1626 2599
f 2599 1626 2600
f 1626 1828 2600
f 2600 1828 2601
f 1828 1827 2601
f 2601 1827 2602
f 1827 1824 2602
f 2602 1824 2603
f 1824 1825 2603
f 2603 1825 2604
f 1825 1826 2604
f 2604 1826 2605
f 1826 1833 2605
f 2605 1833 2595
f 1833 1832 2595
f 2595 1832 2594
f 1832 1829 2594
f 2594 1829 2592
f 1829 1830 2592
f 2592 1830 2596
f 1830 1831 2596
f 2596 1831 2597
f 1831 1834 2597
f 2597 1834 2856
f 1834 1835 2856
f 2856 1835 2243
f 1835 1837 2243
f 2243 1837 2244
f 1837 1848 2244
f 2244 1848 2590
f 1848 1847 2590
f 2590 1847 2591
f 1847 1845 2591
f 2591 1845 2589
f 1845 1843 2589
f 2589 1843 2585
f 1843 1841 2585
f 2585 1841 2586
f 1841 1839 2586
f 2586 1839 2587
f 1839 1838 2587
f 2587 1838 2588
f 1838 1849 2588
f 2588 1849 2584
f 1849 1851 2584
f 2584 1851 2579
f 1851 1853 2579
f 2579 1853 2582
f 1853 1854 2582
f 2582 1854 2581
f 1854 1855 2581
f 2581 1855 2580
f 1855 1856 2580
f 2580 1856 2574
f 1856 1859 2574
f 2574 1859 2575
f 1859 1858 2575
f 2575 1858 2577
f 1858 1857 2577
f 2577 1857 2578
f 1857 1861 2578
f 2578 1861 2246
f 1861 1863 2246
f 2246 1863 2571
f 1863 1862 2571
f 2571 1862 2572
f 1862 1624 2572
f 2572 1624 2573
f 1624 1623 2573
f 2573 1623 2249
f 1623 1874 2249
f 2249 1874 2250
f 1874 1889 2250
f 2250 1889 2506
f 1889 1887 2506
f 2506 1887 2502
f 1887 1865 2502
f 2502 1865 2500
f 1865 1864 2500
f 2500 1864 2497
f 1864 1877 2497
f 2497 1877 2498
f 1877 1904 2498
f 2498 1904 2525
f 1904 2450 2525
f 2617 1810 2619
f 1810 1812 2619
f 2619 1812 2620
f 1812 1814 2620
f 2620 1814 2611
f 1814 1816 2611
f 2611 1816 2612
f 1816 1817 2612
f 2612 1817 1819
f 2252 1632 2253
f 1632 1635 2253
f 2253 1635 2254
f 1635 1643 2254
f 2254 1643 2255
f 1643 1731 2255
f 2255 1731 745
f 1731 744 745
f 745 744 97
f 744 738 97
f 97 738 106
f 95 737 117
f 737 739 117
f 117 739 746
f 739 1787 746
f 1810 2617 1802
f 2617 2615 1802
f 1802 2615 1794
f 2615 2622 1794
f 1794 2622 1787
f 2622 2634 1787
f 1787 2634 746
f 2335 1644 2336
f 1644 1642 2336
f 2336 1642 2337
f 1642 1641 2337
f 2337 1641 2338
f 1641 1649 2338
f 2338 1649 2339
f 1649 1648 2339
f 2339 1648 2340
f 1648 1647 2340
f 2340 1647 2348
f 1647 1706 2348
f 2348 1706 2349
f 1706 1705 2349
f 2349 1705 2350
f 1705 1704 2350
f 2350 1704 2351
f 1704 1703 2351
f 2351 1703 2352
f 1703 1702 2352
f 2352 1702 2344
f 1702 1646 2344
f 2344 1646 2345
f 1646 1645 2345
f 2345 1645 2346
f 1645 1701 2346
f 2346 1701 2347
f 1701 1700 2347
f 2347 1700 2353
f 1700 1699 2353
f 2353 1699 2354
f 1699 1709 2354
f 2354 1709 2355
f 1709 1708 2355
f 2355 1708 2331
f 1708 1707 2331
f 2331 1707 2332
f 1707 1673 2332
f 2332 1673 2341
f 1673 1672 2341
f 2341 1672 2342
f 1672 1671 2342
f 2342 1671 2343
f 1671 1670 2343
f 2343 1670 2356
f 1670 1683 2356
f 2356 1683 2357
f 1683 1682 2357
f 2357 1682 2358
f 1682 1679 2358
f 2358 1679 2359
f 1679 1680 2359
f 2359 1680 2360
f 1680 1681 2360
f 2360 1681 2361
f 1681 1698 2361
f 2361 1698 2369
f 1698 1697 2369
f 2369 1697 2370
f 1697 1678 2370
f 2370 1678 2362
f 1678 1677 2362
f 2362 1677 2363
f 1677 1676 2363
f 2363 1676 2364
f 1676 1640 2364
f 2364 1640 2365
f 1640 1639 2365
f 2365 1639 2366
f 1639 1669 2366
f 2366 1669 2367
f 1669 1668 2367
f 2367 1668 2368
f 1668 1667 2368
f 2368 1667 2333
f 1667 1666 2333
f 2333 1666 2334
f 1666 1665 2334
f 2334 1665 2376
f 1665 1664 2376
f 2376 1664 2377
f 1664 1663 2377
f 2377 1663 2378
f 1663 1696 2378
f 2378 1696 2390
f 1696 1695 2390
f 2390 1695 2391
f 1695 1694 2391
f 2391 1694 2392
f 1694 1693 2392
f 2392 1693 2396
f 1693 1692 2396
f 2396 1692 2397
f 1692 1662 2397
f 2397 1662 2382
f 1662 1661 2382
f 2382 1661 2383
f 1661 1660 2383
f 2383 1660 2384
f 1660 1659 2384
f 2384 1659 2393
f 1659 1675 2393
f 2393 1675 2394
f 1675 1674 2394
f 2394 1674 2395
f 1674 1658 2395
f 2395 1658 2398
f 1658 1657 2398
f 2398 1657 2399
f 1657 1691 2399
f 2399 1691 2400
f 1691 1690 2400
f 2400 1690 2379
f 1690 1689 2379
f 2379 1689 2380
f 1689 1656 2380
f 2380 1656 2381
f 1656 1655 2381
f 2381 1655 2371
f 1655 1654 2371
f 2371 1654 2372
f 1654 1653 2372
f 2372 1653 2385
f 1653 1688 2385
f 2385 1688 2386
f 1688 1687 2386
f 2386 1687 2387
f 1687 1686 2387
f 2387 1686 2388
f 1686 1685 2388
f 2388 1685 2389
f 1685 1684 2389
f 2389 1684 2373
f 1684 1652 2373
f 2373 1652 2374
f 1652 1651 2374
f 2374 1651 2375
f 1651 1650 2375
f 2375 1650 2329
f 1650 1637 2329
f 2329 1637 2330
f 1637 1636 2330
f 2330 1636 2335
f 1636 1644 2335
f 2263 1729 2264
f 1729 1728 2264
f 2264 1728 2277
f 1728 1727 2277
f 2277 1727 2278
f 1727 1726 2278
f 2278 1726 2279
f 1726 1725 2279
f 2279 1725 2302
f 1725 1778 2302
f 2302 1778 2303
f 1778 1777 2303
f 2303 1777 2282
f 1777 1772 2282
f 2282 1772 2281
f 1772 1771 2281
f 2281 1771 2280
f 1771 1770 2280
f 2280 1770 2283
f 1770 1769 2283
f 2283 1769 2284
f 1769 1776 2284
f 2284 1776 2285
f 1776 1775 2285
f 2285 1775 2286
f 1775 1766 2286
f 2286 1766 2287
f 1766 1767 2287
f 2287 1767 2288
f 1767 1768 2288
f 2288 1768 2304
f 1768 1774 2304
f 2304 1774 2305
f 1774 1773 2305
f 2305 1773 2306
f 1773 1780 2306
f 2306 1780 2289
f 1780 1779 2289
f 2289 1779 2290
f 1779 1765 2290
f 2290 1765 2291
f 1765 1764 2291
f 2291 1764 2292
f 1764 1763 2292
f 2292 1763 2293
f 1763 1762 2293
f 2293 1762 2307
f 1762 1761 2307
f 2307 1761 2308
f 1761 1760 2308
f 2308 1760 2257
f 1760 1740 2257
f 2257 1740 2258
f 1740 1739 2258
f 2258 1739 2272
f 1739 1738 2272
f 2272 1738 2273
f 1738 1737 2273
f 2273 1737 2274
f 1737 1759 2274
f 2274 1759 2294
f 1759 1758 2294
f 2294 1758 2295
f 1758 1736 2295
f 2295 1736 2265
f 1736 1735 2265
f 2265 1735 2259
f 1735 1734 2259
f 2259 1734 2260
f 1734 1730 2260
f 2260 1730 2296
f 1730 1732 2296
f 2296 1732 2297
f 1732 1733 2297
f 2297 1733 2298
f 1733 1757 2298
f 2298 1757 2299
f 1757 1756 2299
f 2299 1756 2315
f 1756 1755 2315
f 2315 1755 2316
f 1755 1754 2316
f 2316 1754 2317
f 1754 1753 2317
f 2317 1753 2318
f 1753 1752 2318
f 2318 1752 2319
f 1752 1724 2319
f 2319 1724 2300
f 1724 1723 2300
f 2300 1723 2301
f 1723 1722 2301
f 2301 1722 2309
f 1722 1711 2309
f 2309 1711 2310
f 1711 1710 2310
f 2310 1710 2311
f 1710 1751 2311
f 2311 1751 2320
f 1751 1750 2320
f 2320 1750 2321
f 1750 1749 2321
f 2321 1749 2322
f 1749 1748 2322
f 2322 1748 2326
f 1748 1747 2326
f 2326 1747 2327
f 1747 1630 2327
f 2327 1630 2328
f 1630 1629 2328
f 2328 1629 2323
f 1629 1746 2323
f 2323 1746 2324
f 1746 1745 2324
f 2324 1745 2325
f 1745 1744 2325
f 2325 1744 2312
f 1744 1743 2312
f 2312 1743 2313
f 1743 1742 2313
f 2313 1742 2314
f 1742 1741 2314
f 2314 1741 2266
f 1741 1715 2266
f 2266 1715 2267
f 1715 1714 2267
f 2267 1714 2268
f 1714 1713 2268
f 2268 1713 2269
f 1713 1712 2269
f 2269 1712 2270
f 1712 1721 2270
f 2270 1721 2275
f 1721 1720 2275
f 2275 1720 2276
f 1720 1719 2276
f 2276 1719 2261
f 1719 1718 2261
f 2261 1718 2262
f 1718 1717 2262
f 2262 1717 2271
f 1717 1716 2271
f 2271 1716 2263
f 1716 1729 2263
f 2718 2100 2719
f 2100 2097 2719
f 2719 2097 2720
f 2097 2096 2720
f 2720 2096 2732
f 2096 2095 2732
f 2732 2095 2712
f 2095 2133 2712
f 2712 2133 2713
f 2133 2134 2713
f 2713 2134 2760
f 2134 2152 2760
f 2760 2152 2761
f 2152 2151 2761
f 2761 2151 2762
f 2151 2150 2762
f 2762 2150 2763
f 2150 2149 2763
f 2763 2149 2764
f 2149 2148 2764
f 2764 2148 2733
f 2148 2105 2733
f 2733 2105 2734
f 2105 2104 2734
f 2734 2104 2741
f 2104 2147 2741
f 2741 2147 2742
f 2147 2146 2742
f 2742 2146 2743
f 2146 2145 2743
f 2743 2145 2744
f 2145 2155 2744
f 2744 2155 2745
f 2155 2154 2745
f 2745 2154 2746
f 2154 2153 2746
f 2746 2153 2747
f 2153 2132 2747
f 2747 2132 2748
f 2132 2131 2748
f 2748 2131 2749
f 2131 2130 2749
f 2749 2130 2750
f 2130 2129 2750
f 2750 2129 2751
f 2129 2142 2751
f 2751 2142 2752
f 2142 2141 2752
f 2752 2141 2753
f 2141 2138 2753
f 2753 2138 2754
f 2138 2139 2754
f 2754 2139 2755
f 2139 2140 2755
f 2755 2140 2756
f 2140 2144 2756
f 2756 2144 2765
f 2144 2143 2765
f 2765 2143 2766
f 2143 2137 2766
f 2766 2137 2717
f 2137 2136 2717
f 2717 2136 2716
f 2136 2135 2716
f 2716 2135 2714
f 2135 2126 2714
f 2714 2126 2735
f 2126 2128 2735
f 2735 2128 2736
f 2128 2125 2736
f 2736 2125 2737
f 2125 2124 2737
f 2737 2124 2738
f 2124 2123 2738
f 2738 2123 2739
f 2123 2122 2739
f 2739 2122 2740
f 2122 2121 2740
f 2740 2121 2729
f 2121 2120 2729
f 2729 2120 2730
f 2120 2119 2730
f 2730 2119 2731
f 2119 2118 2731
f 2731 2118 2757
f 2118 2117 2757
f 2757 2117 2758
f 2117 2099 2758
f 2758 2099 2759
f 2099 2098 2759
f 2759 2098 2767
f 2098 2103 2767
f 2767 2103 2768
f 2103 2116 2768
f 2768 2116 2769
f 2116 2115 2769
f 2769 2115 2625
f 2115 2114 2625
f 2625 2114 2626
f 2114 1808 2626
f 2626 1808 2627
f 1808 1807 2627
f 2627 1807 2628
f 1807 1806 2628
f 2628 1806 2629
f 1806 1801 2629
f 2629 1801 2630
f 1801 1800 2630
f 2630 1800 2631
f 1800 1805 2631
f 2631 1805 2632
f 1805 1804 2632
f 2632 1804 2624
f 1804 1803 2624
f 2624 1803 2623
f 1803 1799 2623
f 2623 1799 2621
f 1799 1798 2621
f 2621 1798 2240
f 1798 1797 2240
f 2240 1797 2241
f 1797 1796 2241
f 2241 1796 2721
f 1796 2113 2721
f 2721 2113 2722
f 2113 2112 2722
f 2722 2112 2723
f 2112 2111 2723
f 2723 2111 2724
f 2111 2110 2724
f 2724 2110 2725
f 2110 2109 2725
f 2725 2109 2726
f 2109 2108 2726
f 2726 2108 2727
f 2108 2107 2727
f 2727 2107 2728
f 2107 2106 2728
f 2728 2106 2710
f 2106 2102 2710
f 2710 2102 2711
f 2102 2101 2711
f 2711 2101 2718
f 2101 2100 2718
f 2661 2055 2668
f 2055 2054 2668
f 2668 2054 2669
f 2054 2053 2669
f 2669 2053 2670
f 2053 2052 2670
f 2670 2052 2671
f 2052 2051 2671
f 2671 2051 2695
f 2051 2092 2695
f 2695 2092 2696
f 2092 2091 2696
f 2696 2091 2691
f 2091 2087 2691
f 2691 2087 2690
f 2087 2086 2690
f 2690 2086 2689
f 2086 2085 2689
f 2689 2085 2692
f 2085 2084 2692
f 2692 2084 2693
f 2084 2090 2693
f 2693 2090 2694
f 2090 2089 2694
f 2694 2089 2697
f 2089 2070 2697
f 2697 2070 2698
f 2070 2069 2698
f 2698 2069 2699
f 2069 2088 2699
f 2699 2088 2705
f 2088 2083 2705
f 2705 2083 2706
f 2083 2082 2706
f 2706 2082 2707
f 2082 2094 2707
f 2707 2094 2708
f 2094 2093 2708
f 2708 2093 2709
f 2093 2081 2709
f 2709 2081 2702
f 2081 2080 2702
f 2702 2080 2701
f 2080 2079 2701
f 2701 2079 2700
f 2079 2078 2700
f 2700 2078 2703
f 2078 2077 2703
f 2703 2077 2704
f 2077 2076 2704
f 2704 2076 2672
f 2076 2068 2672
f 2672 2068 2673
f 2068 2067 2673
f 2673 2067 2674
f 2067 2066 2674
f 2674 2066 2681
f 2066 2050 2681
f 2681 2050 2682
f 2050 2049 2682
f 2682 2049 2683
f 2049 2065 2683
f 2683 2065 2684
f 2065 2075 2684
f 2684 2075 2685
f 2075 2074 2685
f 2685 2074 2686
f 2074 2073 2686
f 2686 2073 2675
f 2073 2062 2675
f 2675 2062 2676
f 2062 2063 2676
f 2676 2063 2677
f 2063 2064 2677
f 2677 2064 2678
f 2064 2072 2678
f 2678 2072 2687
f 2072 2071 2687
f 2687 2071 2688
f 2071 2061 2688
f 2688 2061 2666
f 2061 2060 2666
f 2666 2060 2667
f 2060 2059 2667
f 2667 2059 2679
f 2059 2058 2679
f 2679 2058 2680
f 2058 2057 2680
f 2680 2057 2662
f 2057 2056 2662
f 2662 2056 2663
f 2056 2042 2663
f 2663 2042 2664
f 2042 2041 2664
f 2664 2041 2665
f 2041 2039 2665
f 2665 2039 2639
f 2039 2038 2639
f 2639 2038 2640
f 2038 1790 2640
f 2640 1790 2641
f 1790 1789 2641
f 2641 1789 2642
f 1789 1788 2642
f 2642 1788 2643
f 1788 1786 2643
f 2643 1786 2644
f 1786 1785 2644
f 2644 1785 2645
f 1785 1793 2645
f 2645 1793 2646
f 1793 1792 2646
f 2646 1792 2635
f 1792 1791 2635
f 2635 1791 2636
f 1791 1784 2636
f 2636 1784 2637
f 1784 1783 2637
f 2637 1783 2638
f 1783 1782 2638
f 2638 1782 2650
f 1782 1781 2650
f 2650 1781 2651
f 1781 2037 2651
f 2651 2037 2652
f 2037 2036 2652
f 2652 2036 2653
f 2036 2035 2653
f 2653 2035 2654
f 2035 2034 2654
f 2654 2034 2655
f 2034 2048 2655
f 2655 2048 2656
f 2048 2047 2656
f 2656 2047 2657
f 2047 2046 2657
f 2657 2046 2658
f 2046 2045 2658
f 2658 2045 2659
f 2045 2044 2659
f 2659 2044 2660
f 2044 2043 2660
f 2660 2043 2661
f 2043 2055 2661

