# https://github.com/mikedh/trimesh
v 0.00600000 -0.00250000 0.00000000
v 0.00600000 0.01750000 0.00000000
v 0.00597717 -0.00250000 -0.00052293
v 0.00597717 0.01750000 -0.00052293
v 0.00590885 -0.00250000 -0.00104189
v 0.00590885 0.01750000 -0.00104189
v 0.00579556 -0.00250000 -0.00155291
v 0.00579556 0.01750000 -0.00155291
v 0.00563816 -0.00250000 -0.00205212
v 0.00563816 0.01750000 -0.00205212
v 0.00543785 -0.00250000 -0.00253571
v 0.00543785 0.01750000 -0.00253571
v 0.00519615 -0.00250000 -0.00300000
v 0.00519615 0.01750000 -0.00300000
v 0.00491491 -0.00250000 -0.00344146
v 0.00491491 0.01750000 -0.00344146
v 0.00459627 -0.00250000 -0.00385673
v 0.00459627 0.01750000 -0.00385673
v 0.00424264 -0.00250000 -0.00424264
v 0.00424264 0.01750000 -0.00424264
v 0.00385673 -0.00250000 -0.00459627
v 0.00385673 0.01750000 -0.00459627
v 0.00344146 -0.00250000 -0.00491491
v 0.00344146 0.01750000 -0.00491491
v 0.00300000 -0.00250000 -0.00519615
v 0.00300000 0.01750000 -0.00519615
v 0.00253571 -0.00250000 -0.00543785
v 0.00253571 0.01750000 -0.00543785
v 0.00205212 -0.00250000 -0.00563816
v 0.00205212 0.01750000 -0.00563816
v 0.00155291 -0.00250000 -0.00579556
v 0.00155291 0.01750000 -0.00579556
v 0.00104189 -0.00250000 -0.00590885
v 0.00104189 0.01750000 -0.00590885
v 0.00052293 -0.00250000 -0.00597717
v 0.00052293 0.01750000 -0.00597717
v 0.00000000 -0.00250000 -0.00600000
v 0.00000000 0.01750000 -0.00600000
v -0.00052293 -0.00250000 -0.00597717
v -0.00052293 0.01750000 -0.00597717
v -0.00104189 -0.00250000 -0.00590885
v -0.00104189 0.01750000 -0.00590885
v -0.00155291 -0.00250000 -0.00579556
v -0.00155291 0.01750000 -0.00579556
v -0.00205212 -0.00250000 -0.00563816
v -0.00205212 0.01750000 -0.00563816
v -0.00253571 -0.00250000 -0.00543785
v -0.00253571 0.01750000 -0.00543785
v -0.00300000 -0.00250000 -0.00519615
v -0.00300000 0.01750000 -0.00519615
v -0.00344146 -0.00250000 -0.00491491
v -0.00344146 0.01750000 -0.00491491
v -0.00385673 -0.00250000 -0.00459627
v -0.00385673 0.01750000 -0.00459627
v -0.00424264 -0.00250000 -0.00424264
v -0.00424264 0.01750000 -0.00424264
v -0.00459627 -0.00250000 -0.00385673
v -0.00459627 0.01750000 -0.00385673
v -0.00491491 -0.00250000 -0.00344146
v -0.00491491 0.01750000 -0.00344146
v -0.00519615 -0.00250000 -0.00300000
v -0.00519615 0.01750000 -0.00300000
v -0.00543785 -0.00250000 -0.00253571
v -0.00543785 0.01750000 -0.00253571
v -0.00563816 -0.00250000 -0.00205212
v -0.00563816 0.01750000 -0.00205212
v -0.00579556 -0.00250000 -0.00155291
v -0.00579556 0.01750000 -0.00155291
v -0.00590885 -0.00250000 -0.00104189
v -0.00590885 0.01750000 -0.00104189
v -0.00597717 -0.00250000 -0.00052293
v -0.00597717 0.01750000 -0.00052293
v -0.00600000 -0.00250000 -0.00000000
v -0.00600000 0.01750000 -0.00000000
v -0.00597717 -0.00250000 0.00052293
v -0.00597717 0.01750000 0.00052293
v -0.00590885 -0.00250000 0.00104189
v -0.00590885 0.01750000 0.00104189
v -0.00579556 -0.00250000 0.00155291
v -0.00579556 0.01750000 0.00155291
v -0.00563816 -0.00250000 0.00205212
v -0.00563816 0.01750000 0.00205212
v -0.00543785 -0.00250000 0.00253571
v -0.00543785 0.01750000 0.00253571
v -0.00519615 -0.00250000 0.00300000
v -0.00519615 0.01750000 0.00300000
v -0.00491491 -0.00250000 0.00344146
v -0.00491491 0.01750000 0.00344146
v -0.00459627 -0.00250000 0.00385673
v -0.00459627 0.01750000 0.00385673
v -0.00424264 -0.00250000 0.00424264
v -0.00424264 0.01750000 0.00424264
v -0.00385673 -0.00250000 0.00459627
v -0.00385673 0.01750000 0.00459627
v -0.00344146 -0.00250000 0.00491491
v -0.00344146 0.01750000 0.00491491
v -0.00300000 -0.00250000 0.00519615
v -0.00300000 0.01750000 0.00519615
v -0.00253571 -0.00250000 0.00543785
v -0.00253571 0.01750000 0.00543785
v -0.00205212 -0.00250000 0.00563816
v -0.00205212 0.01750000 0.00563816
v -0.00155291 -0.00250000 0.00579556
v -0.00155291 0.01750000 0.00579556
v -0.00104189 -0.00250000 0.00590885
v -0.00104189 0.01750000 0.00590885
v -0.00052293 -0.00250000 0.00597717
v -0.00052293 0.01750000 0.00597717
v -0.00000000 -0.00250000 0.00600000
v -0.00000000 0.01750000 0.00600000
v 0.00052293 -0.00250000 0.00597717
v 0.00052293 0.01750000 0.00597717
v 0.00104189 -0.00250000 0.00590885
v 0.00104189 0.01750000 0.00590885
v 0.00155291 -0.00250000 0.00579556
v 0.00155291 0.01750000 0.00579556
v 0.00205212 -0.00250000 0.00563816
v 0.00205212 0.01750000 0.00563816
v 0.00253571 -0.00250000 0.00543785
v 0.00253571 0.01750000 0.00543785
v 0.00300000 -0.00250000 0.00519615
v 0.00300000 0.01750000 0.00519615
v 0.00344146 -0.00250000 0.00491491
v 0.00344146 0.01750000 0.00491491
v 0.00385673 -0.00250000 0.00459627
v 0.00385673 0.01750000 0.00459627
v 0.00424264 -0.00250000 0.00424264
v 0.00424264 0.01750000 0.00424264
v 0.00459627 -0.00250000 0.00385673
v 0.00459627 0.01750000 0.00385673
v 0.00491491 -0.00250000 0.00344146
v 0.00491491 0.01750000 0.00344146
v 0.00519615 -0.00250000 0.00300000
v 0.00519615 0.01750000 0.00300000
v 0.00543785 -0.00250000 0.00253571
v 0.00543785 0.01750000 0.00253571
v 0.00563816 -0.00250000 0.00205212
v 0.00563816 0.01750000 0.00205212
v 0.00579556 -0.00250000 0.00155291
v 0.00579556 0.01750000 0.00155291
v 0.00590885 -0.00250000 0.00104189
v 0.00590885 0.01750000 0.00104189
v 0.00597717 -0.00250000 0.00052293
v 0.00597717 0.01750000 0.00052293
v 0.01050000 -0.00250000 0.00000000
v 0.01046004 0.00000000 0.00091514
v 0.01046004 -0.00250000 0.00091514
v 0.01034048 0.00000000 0.00182331
v 0.01034048 -0.00250000 0.00182331
v 0.01014222 0.00000000 0.00271760
v 0.01014222 -0.00250000 0.00271760
v 0.00986677 0.00000000 0.00359121
v 0.00986677 -0.00250000 0.00359121
v 0.00951623 0.00000000 0.00443749
v 0.00951623 -0.00250000 0.00443749
v 0.00909327 0.00000000 0.00525000
v 0.00909327 -0.00250000 0.00525000
v 0.00860110 0.00000000 0.00602255
v 0.00860110 -0.00250000 0.00602255
v 0.00804347 0.00000000 0.00674927
v 0.00804347 -0.00250000 0.00674927
v 0.00742462 0.00000000 0.00742462
v 0.00742462 -0.00250000 0.00742462
v 0.00674927 0.00000000 0.00804347
v 0.00674927 -0.00250000 0.00804347
v 0.00602255 0.00000000 0.00860110
v 0.00602255 -0.00250000 0.00860110
v 0.00525000 0.00000000 0.00909327
v 0.00525000 -0.00250000 0.00909327
v 0.00443749 0.00000000 0.00951623
v 0.00443749 -0.00250000 0.00951623
v 0.00359121 0.00000000 0.00986677
v 0.00359121 -0.00250000 0.00986677
v 0.00271760 0.00000000 0.01014222
v 0.00271760 -0.00250000 0.01014222
v 0.00182331 0.00000000 0.01034048
v 0.00182331 -0.00250000 0.01034048
v 0.00091514 0.00000000 0.01046004
v 0.00091514 -0.00250000 0.01046004
v 0.00000000 0.00000000 0.01050000
v 0.00000000 -0.00250000 0.01050000
v -0.00091514 0.00000000 0.01046004
v -0.00091514 -0.00250000 0.01046004
v -0.00182331 0.00000000 0.01034048
v -0.00182331 -0.00250000 0.01034048
v -0.00271760 0.00000000 0.01014222
v -0.00271760 -0.00250000 0.01014222
v -0.00359121 0.00000000 0.00986677
v -0.00359121 -0.00250000 0.00986677
v -0.00443749 0.00000000 0.00951623
v -0.00443749 -0.00250000 0.00951623
v -0.00525000 0.00000000 0.00909327
v -0.00525000 -0.00250000 0.00909327
v -0.00602255 0.00000000 0.00860110
v -0.00602255 -0.00250000 0.00860110
v -0.00674927 0.00000000 0.00804347
v -0.00674927 -0.00250000 0.00804347
v -0.00742462 0.00000000 0.00742462
v -0.00742462 -0.00250000 0.00742462
v -0.00804347 0.00000000 0.00674927
v -0.00804347 -0.00250000 0.00674927
v -0.00860110 0.00000000 0.00602255
v -0.00860110 -0.00250000 0.00602255
v -0.00909327 0.00000000 0.00525000
v -0.00909327 -0.00250000 0.00525000
v -0.00951623 0.00000000 0.00443749
v -0.00951623 -0.00250000 0.00443749
v -0.00986677 0.00000000 0.00359121
v -0.00986677 -0.00250000 0.00359121
v -0.01014222 0.00000000 0.00271760
v -0.01014222 -0.00250000 0.00271760
v -0.01034048 0.00000000 0.00182331
v -0.01034048 -0.00250000 0.00182331
v -0.01046004 0.00000000 0.00091514
v -0.01046004 -0.00250000 0.00091514
v -0.01050000 0.00000000 0.00000000
v -0.01050000 -0.00250000 0.00000000
v -0.01046004 0.00000000 -0.00091514
v -0.01046004 -0.00250000 -0.00091514
v -0.01034048 0.00000000 -0.00182331
v -0.01034048 -0.00250000 -0.00182331
v -0.01014222 0.00000000 -0.00271760
v -0.01014222 -0.00250000 -0.00271760
v -0.00986677 0.00000000 -0.00359121
v -0.00986677 -0.00250000 -0.00359121
v -0.00951623 0.00000000 -0.00443749
v -0.00951623 -0.00250000 -0.00443749
v -0.00909327 0.00000000 -0.00525000
v -0.00909327 -0.00250000 -0.00525000
v -0.00860110 0.00000000 -0.00602255
v -0.00860110 -0.00250000 -0.00602255
v -0.00804347 0.00000000 -0.00674927
v -0.00804347 -0.00250000 -0.00674927
v -0.00742462 0.00000000 -0.00742462
v -0.00742462 -0.00250000 -0.00742462
v -0.00674927 0.00000000 -0.00804347
v -0.00674927 -0.00250000 -0.00804347
v -0.00602255 0.00000000 -0.00860110
v -0.00602255 -0.00250000 -0.00860110
v -0.00525000 0.00000000 -0.00909327
v -0.00525000 -0.00250000 -0.00909327
v -0.00443749 0.00000000 -0.00951623
v -0.00443749 -0.00250000 -0.00951623
v -0.00359121 0.00000000 -0.00986677
v -0.00359121 -0.00250000 -0.00986677
v -0.00271760 0.00000000 -0.01014222
v -0.00271760 -0.00250000 -0.01014222
v -0.00182331 0.00000000 -0.01034048
v -0.00182331 -0.00250000 -0.01034048
v -0.00091514 0.00000000 -0.01046004
v -0.00091514 -0.00250000 -0.01046004
v -0.00000000 0.00000000 -0.01050000
v -0.00000000 -0.00250000 -0.01050000
v 0.00091514 0.00000000 -0.01046004
v 0.00091514 -0.00250000 -0.01046004
v 0.00182331 0.00000000 -0.01034048
v 0.00182331 -0.00250000 -0.01034048
v 0.00271760 0.00000000 -0.01014222
v 0.00271760 -0.00250000 -0.01014222
v 0.00359121 0.00000000 -0.00986677
v 0.00359121 -0.00250000 -0.00986677
v 0.00443749 0.00000000 -0.00951623
v 0.00443749 -0.00250000 -0.00951623
v 0.00525000 0.00000000 -0.00909327
v 0.00525000 -0.00250000 -0.00909327
v 0.00602255 0.00000000 -0.00860110
v 0.00602255 -0.00250000 -0.00860110
v 0.00674927 0.00000000 -0.00804347
v 0.00674927 -0.00250000 -0.00804347
v 0.00742462 0.00000000 -0.00742462
v 0.00742462 -0.00250000 -0.00742462
v 0.00804347 0.00000000 -0.00674927
v 0.00804347 -0.00250000 -0.00674927
v 0.00860110 0.00000000 -0.00602255
v 0.00860110 -0.00250000 -0.00602255
v 0.00909327 0.00000000 -0.00525000
v 0.00909327 -0.00250000 -0.00525000
v 0.00951623 0.00000000 -0.00443749
v 0.00951623 -0.00250000 -0.00443749
v 0.00986677 0.00000000 -0.00359121
v 0.00986677 -0.00250000 -0.00359121
v 0.01014222 0.00000000 -0.00271760
v 0.01014222 -0.00250000 -0.00271760
v 0.01034048 0.00000000 -0.00182331
v 0.01034048 -0.00250000 -0.00182331
v 0.01046004 0.00000000 -0.00091514
v 0.01046004 -0.00250000 -0.00091514
v 0.01050000 0.00000000 -0.00000000
v -0.00754493 0.00000000 -0.00340789
v -0.00758322 0.00000000 -0.00342600
v -0.00823804 0.00000000 -0.00082115
v -0.00780934 0.00000000 -0.00366985
v -0.00782451 0.00000000 -0.00370940
v 0.00063862 0.00000000 -0.00868941
v 0.00067046 0.00000000 -0.00866146
v 0.00324953 0.00000000 -0.00724404
v 0.00720594 0.00000000 -0.00489777
v 0.00724476 0.00000000 -0.00488082
v 0.00485426 0.00000000 -0.00675861
v 0.00780934 0.00000000 -0.00366985
v 0.00828026 0.00000000 -0.00082461
v 0.00782451 0.00000000 -0.00370940
v 0.00783628 0.00000000 -0.00375010
v -0.00708285 0.00000000 -0.00492816
v -0.00704060 0.00000000 -0.00493123
v -0.00391838 0.00000000 -0.00784802
v -0.00387609 0.00000000 -0.00785045
v -0.00383374 0.00000000 -0.00784930
v 0.00728202 0.00000000 -0.00486065
v 0.00731743 0.00000000 -0.00483740
v 0.00735074 0.00000000 -0.00481123
v 0.00738172 0.00000000 -0.00478233
v 0.00785045 0.00000000 -0.00387609
v 0.00784930 0.00000000 -0.00383374
v 0.00784456 0.00000000 -0.00379164
v 0.00489777 0.00000000 0.00720594
v 0.00488082 0.00000000 0.00724476
v 0.00375010 0.00000000 0.00783628
v 0.00379164 0.00000000 0.00784456
v 0.00383374 0.00000000 0.00784930
v -0.00040935 0.00000000 0.00879283
v -0.00045076 0.00000000 0.00878393
v -0.00783628 0.00000000 0.00375010
v -0.00784456 0.00000000 0.00379164
v -0.00784930 0.00000000 0.00383374
v -0.00875578 0.00000000 0.00053059
v -0.00877154 0.00000000 0.00049128
v -0.00878393 0.00000000 0.00045076
v -0.00879283 0.00000000 -0.00040935
v -0.00878393 0.00000000 -0.00045076
v -0.00877154 0.00000000 -0.00049128
v -0.00875578 0.00000000 -0.00053059
v -0.00783628 0.00000000 -0.00375010
v -0.00784456 0.00000000 -0.00379164
v 0.00333511 0.00000000 -0.00739111
v 0.00340789 0.00000000 -0.00754493
v 0.00056844 0.00000000 -0.00873674
v 0.00053059 0.00000000 -0.00875578
v 0.00060453 0.00000000 -0.00871456
v 0.00069982 0.00000000 -0.00863092
v 0.00072649 0.00000000 -0.00859801
v 0.00075027 0.00000000 -0.00856295
v 0.00774461 0.00000000 -0.00356083
v 0.00771715 0.00000000 -0.00352857
v 0.00768705 0.00000000 -0.00349876
v 0.00765454 0.00000000 -0.00347160
v 0.00683376 0.00000000 0.00489323
v 0.00679536 0.00000000 0.00487534
v 0.00370940 0.00000000 0.00782451
v 0.00082461 0.00000000 0.00828026
v 0.00366985 0.00000000 0.00780934
v 0.00363172 0.00000000 0.00779087
v 0.00347160 0.00000000 0.00765454
v 0.00349876 0.00000000 0.00768705
v 0.00352857 0.00000000 0.00771715
v 0.00049128 0.00000000 0.00877154
v 0.00045076 0.00000000 0.00878393
v 0.00040935 0.00000000 0.00879283
v 0.00036733 0.00000000 0.00879821
v 0.00032500 0.00000000 0.00880000
v -0.00032500 0.00000000 0.00880000
v -0.00036733 0.00000000 0.00879821
v -0.00049128 0.00000000 0.00877154
v -0.00053059 0.00000000 0.00875578
v -0.00056844 0.00000000 0.00873674
v -0.00060453 0.00000000 0.00871456
v -0.00375010 0.00000000 0.00783628
v -0.00379164 0.00000000 0.00784456
v -0.00720594 0.00000000 0.00489777
v -0.00724476 0.00000000 0.00488082
v -0.00782451 0.00000000 0.00370940
v -0.00828026 0.00000000 0.00082461
v -0.00780934 0.00000000 0.00366985
v -0.00779087 0.00000000 0.00363172
v -0.00771715 0.00000000 0.00352857
v -0.00768705 0.00000000 0.00349876
v -0.00765454 0.00000000 0.00347160
v -0.00761985 0.00000000 0.00344729
v -0.00879283 0.00000000 0.00040935
v -0.00879821 0.00000000 0.00036733
v -0.00880000 0.00000000 0.00032500
v -0.00481123 0.00000000 -0.00735074
v -0.00478233 0.00000000 -0.00738172
v -0.00370940 0.00000000 -0.00782451
v -0.00375010 0.00000000 -0.00783628
v -0.00379164 0.00000000 -0.00784456
v -0.00081351 0.00000000 -0.00840656
v -0.00080274 0.00000000 -0.00844753
v -0.00342600 0.00000000 -0.00758322
v 0.00741014 0.00000000 -0.00475092
v 0.00743581 0.00000000 -0.00471722
v 0.00745852 0.00000000 -0.00468146
v 0.00781949 0.00000000 -0.00404191
v 0.00783248 0.00000000 -0.00400159
v 0.00779087 0.00000000 -0.00363172
v 0.00776924 0.00000000 -0.00359529
v 0.00866146 0.00000000 -0.00067046
v 0.00863092 0.00000000 -0.00069982
v 0.00859801 0.00000000 -0.00072649
v 0.00877154 0.00000000 0.00049128
v 0.00878393 0.00000000 0.00045076
v 0.00879283 0.00000000 0.00040935
v 0.00741014 0.00000000 0.00475092
v 0.00738172 0.00000000 0.00478233
v 0.00708285 0.00000000 0.00492816
v 0.00704060 0.00000000 0.00493123
v 0.00359529 0.00000000 0.00776924
v 0.00356083 0.00000000 0.00774461
v 0.00063862 0.00000000 0.00868941
v 0.00060453 0.00000000 0.00871456
v 0.00056844 0.00000000 0.00873674
v 0.00053059 0.00000000 0.00875578
v -0.00475092 0.00000000 0.00741014
v -0.00478233 0.00000000 0.00738172
v -0.00735074 0.00000000 0.00481123
v -0.00738172 0.00000000 0.00478233
v -0.00776924 0.00000000 0.00359529
v -0.00774461 0.00000000 0.00356083
v -0.00832263 0.00000000 0.00082449
v -0.00836483 0.00000000 0.00082078
v -0.00840656 0.00000000 0.00081351
v -0.00844753 0.00000000 0.00080274
v -0.00848744 0.00000000 0.00078854
v -0.00852601 0.00000000 0.00077100
v -0.00856295 0.00000000 0.00075027
v -0.00859801 0.00000000 0.00072649
v -0.00863092 0.00000000 0.00069982
v -0.00866146 0.00000000 0.00067046
v -0.00868941 0.00000000 0.00063862
v -0.00880000 0.00000000 -0.00032500
v -0.00879821 0.00000000 -0.00036733
v -0.00873674 0.00000000 -0.00056844
v -0.00871456 0.00000000 -0.00060453
v -0.00868941 0.00000000 -0.00063862
v -0.00761985 0.00000000 -0.00344729
v -0.00776924 0.00000000 -0.00359529
v -0.00779087 0.00000000 -0.00363172
v -0.00675861 0.00000000 -0.00485426
v -0.00679536 0.00000000 -0.00487534
v -0.00683376 0.00000000 -0.00489323
v -0.00478720 0.00000000 -0.00456279
v -0.00463155 0.00000000 -0.00463155
v -0.00456279 0.00000000 -0.00478720
v -0.00082078 0.00000000 -0.00836483
v -0.00060453 0.00000000 -0.00871456
v -0.00063862 0.00000000 -0.00868941
v -0.00067046 0.00000000 -0.00866146
v 0.00679536 0.00000000 -0.00487534
v 0.00683376 0.00000000 -0.00489323
v 0.00687354 0.00000000 -0.00490780
v 0.00691441 0.00000000 -0.00491896
v 0.00704060 0.00000000 -0.00493123
v 0.00708285 0.00000000 -0.00492816
v 0.00778352 0.00000000 -0.00411854
v 0.00780313 0.00000000 -0.00408099
v 0.00784202 0.00000000 -0.00396031
v 0.00784802 0.00000000 -0.00391838
v 0.00761985 0.00000000 -0.00344729
v 0.00758322 0.00000000 -0.00342600
v 0.00754493 0.00000000 -0.00340789
v 0.00832263 0.00000000 -0.00082449
v 0.00836483 0.00000000 -0.00082078
v 0.00840656 0.00000000 -0.00081351
v 0.00844753 0.00000000 -0.00080274
v 0.00868941 0.00000000 -0.00063862
v 0.00871456 0.00000000 -0.00060453
v 0.00873674 0.00000000 -0.00056844
v 0.00875578 0.00000000 -0.00053059
v 0.00877154 0.00000000 -0.00049128
v 0.00878393 0.00000000 -0.00045076
v 0.00875578 0.00000000 0.00053059
v 0.00873674 0.00000000 0.00056844
v 0.00758322 0.00000000 0.00342600
v 0.00871456 0.00000000 0.00060453
v 0.00868941 0.00000000 0.00063862
v 0.00866146 0.00000000 0.00067046
v 0.00863092 0.00000000 0.00069982
v 0.00859801 0.00000000 0.00072649
v 0.00856295 0.00000000 0.00075027
v 0.00852601 0.00000000 0.00077100
v 0.00848744 0.00000000 0.00078854
v 0.00761985 0.00000000 0.00344729
v 0.00776924 0.00000000 0.00359529
v 0.00779087 0.00000000 0.00363172
v 0.00780934 0.00000000 0.00366985
v 0.00782451 0.00000000 0.00370940
v 0.00783628 0.00000000 0.00375010
v 0.00784456 0.00000000 0.00379164
v 0.00784202 0.00000000 0.00396031
v 0.00783248 0.00000000 0.00400159
v 0.00486065 0.00000000 0.00728202
v 0.00483740 0.00000000 0.00731743
v 0.00481123 0.00000000 0.00735074
v 0.00404191 0.00000000 0.00781949
v 0.00400159 0.00000000 0.00783248
v 0.00344729 0.00000000 0.00761985
v 0.00342600 0.00000000 0.00758322
v 0.00340789 0.00000000 0.00754493
v -0.00072649 0.00000000 0.00859801
v -0.00075027 0.00000000 0.00856295
v -0.00342600 0.00000000 0.00758322
v -0.00344729 0.00000000 0.00761985
v -0.00082461 0.00000000 0.00828026
v -0.00347160 0.00000000 0.00765454
v -0.00349876 0.00000000 0.00768705
v -0.00352857 0.00000000 0.00771715
v -0.00356083 0.00000000 0.00774461
v -0.00359529 0.00000000 0.00776924
v -0.00396031 0.00000000 0.00784202
v -0.00400159 0.00000000 0.00783248
v -0.00492816 0.00000000 0.00708285
v -0.00493123 0.00000000 0.00704060
v -0.00728202 0.00000000 0.00486065
v -0.00731743 0.00000000 0.00483740
v -0.00781949 0.00000000 0.00404191
v -0.00783248 0.00000000 0.00400159
v -0.00871456 0.00000000 0.00060453
v -0.00873674 0.00000000 0.00056844
v -0.00866146 0.00000000 -0.00067046
v -0.00863092 0.00000000 -0.00069982
v -0.00859801 0.00000000 -0.00072649
v -0.00765454 0.00000000 -0.00347160
v -0.00768705 0.00000000 -0.00349876
v -0.00771715 0.00000000 -0.00352857
v -0.00774461 0.00000000 -0.00356083
v -0.00741014 0.00000000 -0.00475092
v -0.00738172 0.00000000 -0.00478233
v -0.00404191 0.00000000 -0.00781949
v -0.00400159 0.00000000 -0.00783248
v -0.00396031 0.00000000 -0.00784202
v -0.00366985 0.00000000 -0.00780934
v -0.00363172 0.00000000 -0.00779087
v -0.00359529 0.00000000 -0.00776924
v -0.00356083 0.00000000 -0.00774461
v -0.00352857 0.00000000 -0.00771715
v 0.00077100 0.00000000 -0.00852601
v 0.00078854 0.00000000 -0.00848744
v 0.00080274 0.00000000 -0.00844753
v -0.00080726 0.00000000 -0.00806845
v -0.00082115 0.00000000 -0.00823804
v -0.00340789 0.00000000 -0.00754493
v -0.00082461 0.00000000 -0.00828026
v -0.00082449 0.00000000 -0.00832263
v -0.00078854 0.00000000 -0.00848744
v -0.00077100 0.00000000 -0.00852601
v -0.00075027 0.00000000 -0.00856295
v 0.00475092 0.00000000 -0.00741014
v 0.00478233 0.00000000 -0.00738172
v 0.00712469 0.00000000 -0.00492152
v 0.00716582 0.00000000 -0.00491137
v 0.00848744 0.00000000 -0.00078854
v 0.00852601 0.00000000 -0.00077100
v 0.00856295 0.00000000 -0.00075027
v 0.00879283 0.00000000 -0.00040935
v 0.00879821 0.00000000 -0.00036733
v 0.00880000 0.00000000 -0.00032500
v 0.00836483 0.00000000 0.00082078
v 0.00832263 0.00000000 0.00082449
v 0.00765454 0.00000000 0.00347160
v 0.00768705 0.00000000 0.00349876
v 0.00771715 0.00000000 0.00352857
v 0.00774461 0.00000000 0.00356083
v 0.00784930 0.00000000 0.00383374
v 0.00785045 0.00000000 0.00387609
v 0.00784802 0.00000000 0.00391838
v 0.00735074 0.00000000 0.00481123
v 0.00731743 0.00000000 0.00483740
v 0.00728202 0.00000000 0.00486065
v 0.00724476 0.00000000 0.00488082
v 0.00485426 0.00000000 0.00675861
v 0.00487534 0.00000000 0.00679536
v 0.00489323 0.00000000 0.00683376
v 0.00490780 0.00000000 0.00687354
v 0.00491896 0.00000000 0.00691441
v 0.00478233 0.00000000 0.00738172
v 0.00475092 0.00000000 0.00741014
v 0.00471722 0.00000000 0.00743581
v 0.00396031 0.00000000 0.00784202
v 0.00391838 0.00000000 0.00784802
v 0.00387609 0.00000000 0.00785045
v 0.00082449 0.00000000 0.00832263
v 0.00082078 0.00000000 0.00836483
v 0.00081351 0.00000000 0.00840656
v 0.00080274 0.00000000 0.00844753
v 0.00078854 0.00000000 0.00848744
v 0.00077100 0.00000000 0.00852601
v 0.00075027 0.00000000 0.00856295
v 0.00072649 0.00000000 0.00859801
v 0.00069982 0.00000000 0.00863092
v 0.00067046 0.00000000 0.00866146
v -0.00063862 0.00000000 0.00868941
v -0.00067046 0.00000000 0.00866146
v -0.00069982 0.00000000 0.00863092
v -0.00383374 0.00000000 0.00784930
v -0.00387609 0.00000000 0.00785045
v -0.00391838 0.00000000 0.00784802
v -0.00481123 0.00000000 0.00735074
v -0.00483740 0.00000000 0.00731743
v -0.00486065 0.00000000 0.00728202
v -0.00488082 0.00000000 0.00724476
v -0.00489323 0.00000000 0.00683376
v -0.00487534 0.00000000 0.00679536
v -0.00741014 0.00000000 0.00475092
v -0.00743581 0.00000000 0.00471722
v -0.00745852 0.00000000 0.00468146
v -0.00784202 0.00000000 0.00396031
v -0.00784802 0.00000000 0.00391838
v -0.00785045 0.00000000 0.00387609
v -0.00758322 0.00000000 0.00342600
v -0.00754493 0.00000000 0.00340789
v -0.00823804 0.00000000 0.00082115
v -0.00806845 0.00000000 0.00080726
v -0.00735074 0.00000000 -0.00481123
v -0.00731743 0.00000000 -0.00483740
v -0.00728202 0.00000000 -0.00486065
v -0.00724476 0.00000000 -0.00488082
v -0.00720594 0.00000000 -0.00489777
v -0.00716582 0.00000000 -0.00491137
v -0.00712469 0.00000000 -0.00492152
v -0.00699824 0.00000000 -0.00493071
v -0.00695607 0.00000000 -0.00492661
v -0.00691441 0.00000000 -0.00491896
v -0.00687354 0.00000000 -0.00490780
v -0.00672378 0.00000000 -0.00483015
v -0.00450750 0.00000000 -0.00494813
v -0.00487534 0.00000000 -0.00679536
v -0.00489323 0.00000000 -0.00683376
v -0.00490780 0.00000000 -0.00687354
v -0.00491896 0.00000000 -0.00691441
v -0.00493123 0.00000000 -0.00704060
v -0.00492816 0.00000000 -0.00708285
v -0.00475092 0.00000000 -0.00741014
v -0.00471722 0.00000000 -0.00743581
v -0.00468146 0.00000000 -0.00745852
v 0.00081351 0.00000000 -0.00840656
v 0.00082078 0.00000000 -0.00836483
v 0.00082449 0.00000000 -0.00832263
v -0.00333511 0.00000000 -0.00739111
v -0.00324953 0.00000000 -0.00724404
v -0.00155789 0.00000000 -0.00642723
v -0.00315175 0.00000000 -0.00710477
v -0.00304249 0.00000000 -0.00697432
v -0.00265409 0.00000000 -0.00664495
v -0.00250754 0.00000000 -0.00655846
v -0.00235417 0.00000000 -0.00648475
v -0.00219509 0.00000000 -0.00642434
v -0.00203146 0.00000000 -0.00637768
v -0.00186444 0.00000000 -0.00634509
v -0.00169526 0.00000000 -0.00632681
v -0.00072649 0.00000000 -0.00859801
v -0.00069982 0.00000000 -0.00863092
v 0.00342600 0.00000000 -0.00758322
v 0.00344729 0.00000000 -0.00761985
v 0.00049128 0.00000000 -0.00877154
v -0.00053059 0.00000000 -0.00875578
v -0.00049128 0.00000000 -0.00877154
v 0.00363172 0.00000000 -0.00779087
v 0.00359529 0.00000000 -0.00776924
v 0.00356083 0.00000000 -0.00774461
v 0.00366985 0.00000000 -0.00780934
v 0.00370940 0.00000000 -0.00782451
v 0.00375010 0.00000000 -0.00783628
v 0.00379164 0.00000000 -0.00784456
v 0.00481123 0.00000000 -0.00735074
v 0.00483740 0.00000000 -0.00731743
v 0.00486065 0.00000000 -0.00728202
v 0.00488082 0.00000000 -0.00724476
v 0.00695607 0.00000000 -0.00492661
v 0.00699824 0.00000000 -0.00493071
v 0.00634509 0.00000000 -0.00186444
v 0.00632681 0.00000000 -0.00169526
v 0.00642723 0.00000000 -0.00155789
v 0.00880000 0.00000000 0.00032500
v 0.00879821 0.00000000 0.00036733
v 0.00844753 0.00000000 0.00080274
v 0.00840656 0.00000000 0.00081351
v 0.00745852 0.00000000 0.00468146
v 0.00743581 0.00000000 0.00471722
v -0.00081351 0.00000000 0.00840656
v -0.00082078 0.00000000 0.00836483
v -0.00366985 0.00000000 0.00780934
v -0.00468146 0.00000000 0.00745852
v -0.00471722 0.00000000 0.00743581
v -0.00493071 0.00000000 0.00699824
v -0.00492661 0.00000000 0.00695607
v -0.00491896 0.00000000 0.00691441
v -0.00490780 0.00000000 0.00687354
v -0.00675861 0.00000000 0.00485426
v -0.00679536 0.00000000 0.00487534
v -0.00683376 0.00000000 0.00489323
v -0.00687354 0.00000000 0.00490780
v -0.00691441 0.00000000 0.00491896
v -0.00704060 0.00000000 0.00493123
v -0.00708285 0.00000000 0.00492816
v -0.00778352 0.00000000 0.00411854
v -0.00780313 0.00000000 0.00408099
v -0.00710477 0.00000000 -0.00315175
v -0.00724404 0.00000000 -0.00324953
v -0.00642723 0.00000000 -0.00155789
v -0.00739111 0.00000000 -0.00333511
v -0.00784202 0.00000000 -0.00396031
v -0.00783248 0.00000000 -0.00400159
v -0.00595780 0.00000000 -0.00447415
v -0.00579038 0.00000000 -0.00444373
v -0.00492152 0.00000000 -0.00712469
v -0.00491137 0.00000000 -0.00716582
v -0.00489777 0.00000000 -0.00720594
v -0.00488082 0.00000000 -0.00724476
v -0.00486065 0.00000000 -0.00728202
v -0.00483740 0.00000000 -0.00731743
v -0.00411854 0.00000000 -0.00778352
v -0.00408099 0.00000000 -0.00780313
v -0.00292253 0.00000000 -0.00685363
v -0.00279275 0.00000000 -0.00674357
v -0.00142955 0.00000000 -0.00653896
v -0.00131116 0.00000000 -0.00666119
v -0.00120360 0.00000000 -0.00679305
v -0.00110764 0.00000000 -0.00693357
v -0.00102397 0.00000000 -0.00708174
v -0.00056844 0.00000000 -0.00873674
v -0.00045076 0.00000000 -0.00878393
v -0.00040935 0.00000000 -0.00879283
v -0.00036733 0.00000000 -0.00879821
v 0.00396031 0.00000000 -0.00784202
v 0.00400159 0.00000000 -0.00783248
v 0.00492661 0.00000000 -0.00695607
v 0.00491896 0.00000000 -0.00691441
v 0.00483015 0.00000000 -0.00672378
v 0.00672378 0.00000000 -0.00483015
v 0.00675861 0.00000000 -0.00485426
v 0.00789828 0.00000000 -0.00080784
v 0.00806845 0.00000000 -0.00080726
v 0.00823804 0.00000000 -0.00082115
v 0.00781949 0.00000000 0.00404191
v 0.00780313 0.00000000 0.00408099
v 0.00778352 0.00000000 0.00411854
v 0.00720594 0.00000000 0.00489777
v 0.00716582 0.00000000 0.00491137
v 0.00712469 0.00000000 0.00492152
v 0.00699824 0.00000000 0.00493071
v 0.00695607 0.00000000 0.00492661
v 0.00691441 0.00000000 0.00491896
v 0.00687354 0.00000000 0.00490780
v 0.00492661 0.00000000 0.00695607
v 0.00493071 0.00000000 0.00699824
v 0.00493123 0.00000000 0.00704060
v 0.00080784 0.00000000 0.00789828
v 0.00080726 0.00000000 0.00806845
v 0.00082115 0.00000000 0.00823804
v -0.00077100 0.00000000 0.00852601
v -0.00078854 0.00000000 0.00848744
v -0.00080274 0.00000000 0.00844753
v -0.00363172 0.00000000 0.00779087
v -0.00082449 0.00000000 0.00832263
v -0.00404191 0.00000000 0.00781949
v -0.00408099 0.00000000 0.00780313
v -0.00411854 0.00000000 0.00778352
v -0.00712469 0.00000000 0.00492152
v -0.00716582 0.00000000 0.00491137
v -0.00856295 0.00000000 -0.00075027
v -0.00852601 0.00000000 -0.00077100
v -0.00848744 0.00000000 -0.00078854
v -0.00632681 0.00000000 -0.00169526
v -0.00634509 0.00000000 -0.00186444
v -0.00637768 0.00000000 -0.00203146
v -0.00642434 0.00000000 -0.00219509
v -0.00648475 0.00000000 -0.00235417
v -0.00784930 0.00000000 -0.00383374
v -0.00785045 0.00000000 -0.00387609
v -0.00784802 0.00000000 -0.00391838
v -0.00446610 0.00000000 -0.00511318
v -0.00443887 0.00000000 -0.00528115
v -0.00442603 0.00000000 -0.00545083
v -0.00442765 0.00000000 -0.00562098
v -0.00444373 0.00000000 -0.00579038
v -0.00447415 0.00000000 -0.00595780
v -0.00492661 0.00000000 -0.00695607
v -0.00493071 0.00000000 -0.00699824
v 0.00082461 0.00000000 -0.00828026
v 0.00082115 0.00000000 -0.00823804
v 0.00315175 0.00000000 -0.00710477
v -0.00344729 0.00000000 -0.00761985
v -0.00347160 0.00000000 -0.00765454
v -0.00349876 0.00000000 -0.00768705
v 0.00383374 0.00000000 -0.00784930
v 0.00387609 0.00000000 -0.00785045
v 0.00391838 0.00000000 -0.00784802
v 0.00489777 0.00000000 -0.00720594
v 0.00491137 0.00000000 -0.00716582
v 0.00492152 0.00000000 -0.00712469
v 0.00492816 0.00000000 -0.00708285
v 0.00493123 0.00000000 -0.00704060
v 0.00493071 0.00000000 -0.00699824
v 0.00487534 0.00000000 -0.00679536
v 0.00489323 0.00000000 -0.00683376
v 0.00490780 0.00000000 -0.00687354
v 0.00828026 0.00000000 0.00082461
v 0.00823804 0.00000000 0.00082115
v 0.00754493 0.00000000 0.00340789
v 0.00806845 0.00000000 0.00080726
v 0.00789828 0.00000000 0.00080784
v 0.00642723 0.00000000 0.00155789
v 0.00632681 0.00000000 0.00169526
v 0.00634509 0.00000000 0.00186444
v 0.00637768 0.00000000 0.00203146
v 0.00492816 0.00000000 0.00708285
v 0.00492152 0.00000000 0.00712469
v 0.00491137 0.00000000 0.00716582
v 0.00468146 0.00000000 0.00745852
v 0.00411854 0.00000000 0.00778352
v 0.00408099 0.00000000 0.00780313
v -0.00370940 0.00000000 0.00782451
v -0.00489777 0.00000000 0.00720594
v -0.00491137 0.00000000 0.00716582
v -0.00492152 0.00000000 0.00712469
v -0.00695607 0.00000000 0.00492661
v -0.00699824 0.00000000 0.00493071
v -0.00844753 0.00000000 -0.00080274
v -0.00840656 0.00000000 -0.00081351
v -0.00836483 0.00000000 -0.00082078
v -0.00832263 0.00000000 -0.00082449
v -0.00828026 0.00000000 -0.00082461
v -0.00806845 0.00000000 -0.00080726
v -0.00789828 0.00000000 -0.00080784
v -0.00772879 0.00000000 -0.00082289
v -0.00756118 0.00000000 -0.00085229
v -0.00739669 0.00000000 -0.00089583
v -0.00723648 0.00000000 -0.00095319
v -0.00708174 0.00000000 -0.00102397
v -0.00693357 0.00000000 -0.00110764
v -0.00679305 0.00000000 -0.00120360
v -0.00655846 0.00000000 -0.00250754
v -0.00664495 0.00000000 -0.00265409
v -0.00674357 0.00000000 -0.00279275
v -0.00658385 0.00000000 -0.00473333
v -0.00643619 0.00000000 -0.00464876
v -0.00545083 0.00000000 -0.00442603
v -0.00528115 0.00000000 -0.00443887
v -0.00511318 0.00000000 -0.00446610
v -0.00095319 0.00000000 -0.00723648
v -0.00089583 0.00000000 -0.00739669
v -0.00085229 0.00000000 -0.00756118
v -0.00082289 0.00000000 -0.00772879
v -0.00080784 0.00000000 -0.00789828
v 0.00693357 0.00000000 0.00110764
v 0.00679305 0.00000000 0.00120360
v -0.00666119 0.00000000 -0.00131116
v -0.00653896 0.00000000 -0.00142955
v -0.00685363 0.00000000 -0.00292253
v -0.00697432 0.00000000 -0.00304249
v -0.00745852 0.00000000 -0.00468146
v -0.00743581 0.00000000 -0.00471722
v -0.00628188 0.00000000 -0.00457704
v -0.00612203 0.00000000 -0.00451869
v -0.00562098 0.00000000 -0.00442765
v -0.00494813 0.00000000 -0.00450750
v -0.00451869 0.00000000 -0.00612203
v -0.00457704 0.00000000 -0.00628188
v -0.00464876 0.00000000 -0.00643619
v -0.00473333 0.00000000 -0.00658385
v -0.00483015 0.00000000 -0.00672378
v -0.00485426 0.00000000 -0.00675861
v 0.00265409 0.00000000 -0.00664495
v 0.00279275 0.00000000 -0.00674357
v -0.00032500 0.00000000 -0.00880000
v 0.00032500 0.00000000 -0.00880000
v 0.00036733 0.00000000 -0.00879821
v 0.00040935 0.00000000 -0.00879283
v 0.00045076 0.00000000 -0.00878393
v 0.00468146 0.00000000 -0.00745852
v 0.00471722 0.00000000 -0.00743581
v 0.00664495 0.00000000 -0.00265409
v 0.00655846 0.00000000 -0.00250754
v 0.00648475 0.00000000 -0.00235417
v 0.00637768 0.00000000 -0.00203146
v 0.00666119 0.00000000 0.00131116
v 0.00653896 0.00000000 0.00142955
v 0.00642434 0.00000000 0.00219509
v 0.00724404 0.00000000 0.00324953
v 0.00739111 0.00000000 0.00333511
v 0.00697432 0.00000000 0.00304249
v 0.00655846 0.00000000 0.00250754
v 0.00685363 0.00000000 0.00292253
v 0.00664495 0.00000000 0.00265409
v 0.00674357 0.00000000 0.00279275
v 0.00324953 0.00000000 0.00724404
v 0.00315175 0.00000000 0.00710477
v 0.00155789 0.00000000 0.00642723
v 0.00304249 0.00000000 0.00697432
v 0.00219509 0.00000000 0.00642434
v 0.00203146 0.00000000 0.00637768
v 0.00186444 0.00000000 0.00634509
v 0.00169526 0.00000000 0.00632681
v 0.00142955 0.00000000 0.00653896
v 0.00333511 0.00000000 0.00739111
v -0.00080726 0.00000000 0.00806845
v -0.00080784 0.00000000 0.00789828
v -0.00340789 0.00000000 0.00754493
v -0.00739111 0.00000000 0.00333511
v -0.00724404 0.00000000 0.00324953
v -0.00642723 0.00000000 0.00155789
v -0.00710477 0.00000000 0.00315175
v -0.00697432 0.00000000 0.00304249
v -0.00642434 0.00000000 0.00219509
v -0.00637768 0.00000000 0.00203146
v -0.00634509 0.00000000 0.00186444
v -0.00632681 0.00000000 0.00169526
v -0.00756118 0.00000000 0.00085229
v -0.00772879 0.00000000 0.00082289
v -0.00789828 0.00000000 0.00080784
v -0.00781949 0.00000000 -0.00404191
v -0.00780313 0.00000000 -0.00408099
v -0.00778352 0.00000000 -0.00411854
v 0.00347160 0.00000000 -0.00765454
v 0.00349876 0.00000000 -0.00768705
v 0.00352857 0.00000000 -0.00771715
v 0.00404191 0.00000000 -0.00781949
v 0.00408099 0.00000000 -0.00780313
v 0.00411854 0.00000000 -0.00778352
v 0.00473333 0.00000000 -0.00658385
v 0.00464876 0.00000000 -0.00643619
v 0.00457704 0.00000000 -0.00628188
v 0.00451869 0.00000000 -0.00612203
v 0.00447415 0.00000000 -0.00595780
v 0.00444373 0.00000000 -0.00579038
v 0.00685363 0.00000000 -0.00292253
v 0.00674357 0.00000000 -0.00279275
v 0.00642434 0.00000000 -0.00219509
v 0.00739111 0.00000000 -0.00333511
v 0.00653896 0.00000000 -0.00142955
v 0.00648475 0.00000000 0.00235417
v 0.00710477 0.00000000 0.00315175
v 0.00131116 0.00000000 0.00666119
v 0.00120360 0.00000000 0.00679305
v 0.00110764 0.00000000 0.00693357
v -0.00082115 0.00000000 0.00823804
v -0.00203146 0.00000000 0.00637768
v -0.00155789 0.00000000 0.00642723
v -0.00186444 0.00000000 0.00634509
v -0.00169526 0.00000000 0.00632681
v -0.00485426 0.00000000 0.00675861
v -0.00483015 0.00000000 0.00672378
v -0.00672378 0.00000000 0.00483015
v -0.00473333 0.00000000 0.00658385
v 0.00250754 0.00000000 -0.00655846
v 0.00080726 0.00000000 -0.00806845
v 0.00080784 0.00000000 -0.00789828
v 0.00446610 0.00000000 -0.00511318
v 0.00494813 0.00000000 -0.00450750
v 0.00443887 0.00000000 -0.00528115
v 0.00442603 0.00000000 -0.00545083
v 0.00450750 0.00000000 -0.00494813
v 0.00456279 0.00000000 -0.00478720
v 0.00478720 0.00000000 -0.00456279
v 0.00463155 0.00000000 -0.00463155
v 0.00511318 0.00000000 -0.00446610
v 0.00528115 0.00000000 -0.00443887
v 0.00545083 0.00000000 -0.00442603
v 0.00724404 0.00000000 -0.00324953
v 0.00710477 0.00000000 -0.00315175
v 0.00697432 0.00000000 -0.00304249
v 0.00666119 0.00000000 -0.00131116
v 0.00679305 0.00000000 -0.00120360
v 0.00693357 0.00000000 -0.00110764
v 0.00708174 0.00000000 -0.00102397
v 0.00723648 0.00000000 -0.00095319
v 0.00739669 0.00000000 -0.00089583
v 0.00756118 0.00000000 -0.00085229
v 0.00772879 0.00000000 -0.00082289
v 0.00772879 0.00000000 0.00082289
v 0.00756118 0.00000000 0.00085229
v 0.00739669 0.00000000 0.00089583
v 0.00723648 0.00000000 0.00095319
v 0.00708174 0.00000000 0.00102397
v 0.00595780 0.00000000 0.00447415
v 0.00579038 0.00000000 0.00444373
v 0.00483015 0.00000000 0.00672378
v 0.00292253 0.00000000 0.00685363
v 0.00279275 0.00000000 0.00674357
v 0.00265409 0.00000000 0.00664495
v 0.00102397 0.00000000 0.00708174
v 0.00095319 0.00000000 0.00723648
v 0.00089583 0.00000000 0.00739669
v -0.00219509 0.00000000 0.00642434
v -0.00235417 0.00000000 0.00648475
v -0.00250754 0.00000000 0.00655846
v -0.00265409 0.00000000 0.00664495
v -0.00279275 0.00000000 0.00674357
v -0.00292253 0.00000000 0.00685363
v -0.00685363 0.00000000 0.00292253
v -0.00674357 0.00000000 0.00279275
v -0.00664495 0.00000000 0.00265409
v -0.00653896 0.00000000 0.00142955
v -0.00666119 0.00000000 0.00131116
v -0.00679305 0.00000000 0.00120360
v -0.00693357 0.00000000 0.00110764
v -0.00708174 0.00000000 0.00102397
v -0.00723648 0.00000000 0.00095319
v -0.00739669 0.00000000 0.00089583
v 0.00203146 0.00000000 -0.00637768
v 0.00219509 0.00000000 -0.00642434
v 0.00142955 0.00000000 -0.00653896
v 0.00235417 0.00000000 -0.00648475
v 0.00292253 0.00000000 -0.00685363
v 0.00304249 0.00000000 -0.00697432
v 0.00595780 0.00000000 -0.00447415
v 0.00612203 0.00000000 -0.00451869
v 0.00628188 0.00000000 -0.00457704
v 0.00643619 0.00000000 -0.00464876
v 0.00675861 0.00000000 0.00485426
v 0.00672378 0.00000000 0.00483015
v 0.00658385 0.00000000 0.00473333
v 0.00643619 0.00000000 0.00464876
v 0.00562098 0.00000000 0.00442765
v 0.00545083 0.00000000 0.00442603
v 0.00473333 0.00000000 0.00658385
v 0.00250754 0.00000000 0.00655846
v 0.00235417 0.00000000 0.00648475
v 0.00085229 0.00000000 0.00756118
v 0.00082289 0.00000000 0.00772879
v -0.00110764 0.00000000 0.00693357
v -0.00120360 0.00000000 0.00679305
v -0.00131116 0.00000000 0.00666119
v -0.00304249 0.00000000 0.00697432
v -0.00315175 0.00000000 0.00710477
v -0.00324953 0.00000000 0.00724404
v -0.00142955 0.00000000 0.00653896
v -0.00333511 0.00000000 0.00739111
v -0.00655846 0.00000000 0.00250754
v -0.00648475 0.00000000 0.00235417
v 0.00082289 0.00000000 -0.00772879
v 0.00085229 0.00000000 -0.00756118
v 0.00089583 0.00000000 -0.00739669
v 0.00562098 0.00000000 -0.00442765
v 0.00579038 0.00000000 -0.00444373
v 0.00442765 0.00000000 -0.00562098
v 0.00658385 0.00000000 -0.00473333
v 0.00628188 0.00000000 0.00457704
v 0.00612203 0.00000000 0.00451869
v 0.00443887 0.00000000 0.00528115
v 0.00442603 0.00000000 0.00545083
v 0.00442765 0.00000000 0.00562098
v 0.00444373 0.00000000 0.00579038
v 0.00447415 0.00000000 0.00595780
v 0.00451869 0.00000000 0.00612203
v -0.00082289 0.00000000 0.00772879
v -0.00085229 0.00000000 0.00756118
v -0.00089583 0.00000000 0.00739669
v -0.00447415 0.00000000 0.00595780
v -0.00444373 0.00000000 0.00579038
v -0.00494813 0.00000000 0.00450750
v 0.00095319 0.00000000 -0.00723648
v 0.00102397 0.00000000 -0.00708174
v 0.00110764 0.00000000 -0.00693357
v 0.00120360 0.00000000 -0.00679305
v 0.00131116 0.00000000 -0.00666119
v 0.00186444 0.00000000 -0.00634509
v 0.00155789 0.00000000 -0.00642723
v 0.00169526 0.00000000 -0.00632681
v 0.00528115 0.00000000 0.00443887
v 0.00511318 0.00000000 0.00446610
v 0.00446610 0.00000000 0.00511318
v 0.00494813 0.00000000 0.00450750
v 0.00450750 0.00000000 0.00494813
v 0.00457704 0.00000000 0.00628188
v 0.00464876 0.00000000 0.00643619
v -0.00095319 0.00000000 0.00723648
v -0.00102397 0.00000000 0.00708174
v -0.00528115 0.00000000 0.00443887
v -0.00545083 0.00000000 0.00442603
v -0.00562098 0.00000000 0.00442765
v -0.00612203 0.00000000 0.00451869
v -0.00628188 0.00000000 0.00457704
v -0.00464876 0.00000000 0.00643619
v -0.00457704 0.00000000 0.00628188
v -0.00451869 0.00000000 0.00612203
v -0.00456279 0.00000000 0.00478720
v -0.00478720 0.00000000 0.00456279
v -0.00463155 0.00000000 0.00463155
v -0.00511318 0.00000000 0.00446610
v -0.00579038 0.00000000 0.00444373
v -0.00595780 0.00000000 0.00447415
v -0.00643619 0.00000000 0.00464876
v -0.00658385 0.00000000 0.00473333
v 0.00456279 0.00000000 0.00478720
v 0.00478720 0.00000000 0.00456279
v 0.00463155 0.00000000 0.00463155
v -0.00442765 0.00000000 0.00562098
v -0.00442603 0.00000000 0.00545083
v -0.00443887 0.00000000 0.00528115
v -0.00446610 0.00000000 0.00511318
v -0.00450750 0.00000000 0.00494813
v 0.00782451 0.01500000 -0.00370940
v 0.00783628 0.01500000 -0.00375010
v 0.00828026 0.01500000 -0.00082461
v 0.00082449 0.01500000 -0.00832263
v 0.00082078 0.01500000 -0.00836483
v 0.00342600 0.01500000 -0.00758322
v 0.00063862 0.01500000 -0.00868941
v 0.00060453 0.01500000 -0.00871456
v -0.00060453 0.01500000 -0.00871456
v -0.00063862 0.01500000 -0.00868941
v -0.00342600 0.01500000 -0.00758322
v -0.00067046 0.01500000 -0.00866146
v -0.00069982 0.01500000 -0.00863092
v 0.00832263 0.01500000 -0.00082449
v 0.00785045 0.01500000 -0.00387609
v 0.00784802 0.01500000 -0.00391838
v 0.00986677 0.01500000 -0.00359121
v 0.00485426 0.01500000 -0.00675861
v 0.00951623 0.01500000 -0.00443749
v 0.00487534 0.01500000 -0.00679536
v 0.00909327 0.01500000 -0.00525000
v 0.00082461 0.01500000 -0.00828026
v -0.00082461 0.01500000 -0.00828026
v -0.00340789 0.01500000 -0.00754493
v -0.00082115 0.01500000 -0.00823804
v -0.00080726 0.01500000 -0.00806845
v -0.00366985 0.01500000 -0.00780934
v -0.00370940 0.01500000 -0.00782451
v -0.00271760 0.01500000 -0.01014222
v -0.00359121 0.01500000 -0.00986677
v -0.00379164 0.01500000 -0.00784456
v -0.00383374 0.01500000 -0.00784930
v 0.00481123 0.01500000 -0.00735074
v 0.00478233 0.01500000 -0.00738172
v 0.00602255 0.01500000 -0.00860110
v -0.00487534 0.01500000 -0.00679536
v -0.00675861 0.01500000 -0.00485426
v -0.00489323 0.01500000 -0.00683376
v -0.00490780 0.01500000 -0.00687354
v -0.00782451 0.01500000 -0.00370940
v -0.01014222 0.01500000 -0.00271760
v -0.00783628 0.01500000 -0.00375010
v -0.00986677 0.01500000 -0.00359121
v -0.00784456 0.01500000 -0.00379164
v -0.00784930 0.01500000 -0.00383374
v 0.00489777 0.01500000 -0.00720594
v 0.00488082 0.01500000 -0.00724476
v 0.00674927 0.01500000 -0.00804347
v 0.00486065 0.01500000 -0.00728202
v 0.00483740 0.01500000 -0.00731743
v 0.00370940 0.01500000 -0.00782451
v 0.00271760 0.01500000 -0.01014222
v 0.00375010 0.01500000 -0.00783628
v 0.00359121 0.01500000 -0.00986677
v 0.00379164 0.01500000 -0.00784456
v 0.00383374 0.01500000 -0.00784930
v 0.00366985 0.01500000 -0.00780934
v 0.00363172 0.01500000 -0.00779087
v 0.00182331 0.01500000 -0.01034048
v 0.00045076 0.01500000 -0.00878393
v 0.00040935 0.01500000 -0.00879283
v -0.00000000 0.01500000 -0.01050000
v 0.00036733 0.01500000 -0.00879821
v 0.00081351 0.01500000 -0.00840656
v 0.00080274 0.01500000 -0.00844753
v 0.00078854 0.01500000 -0.00848744
v -0.00072649 0.01500000 -0.00859801
v -0.00075027 0.01500000 -0.00856295
v -0.00077100 0.01500000 -0.00852601
v -0.00375010 0.01500000 -0.00783628
v -0.00387609 0.01500000 -0.00785045
v -0.00391838 0.01500000 -0.00784802
v -0.00396031 0.01500000 -0.00784202
v -0.00806845 0.01500000 -0.00080726
v -0.00823804 0.01500000 -0.00082115
v -0.00754493 0.01500000 -0.00340789
v -0.00868941 0.01500000 -0.00063862
v -0.00871456 0.01500000 -0.00060453
v -0.00758322 0.01500000 -0.00342600
v -0.00761985 0.01500000 0.00344729
v -0.00765454 0.01500000 0.00347160
v -0.00828026 0.01500000 0.00082461
v -0.00780934 0.01500000 0.00366985
v -0.00782451 0.01500000 0.00370940
v -0.00783628 0.01500000 0.00375010
v -0.00832263 0.01500000 0.00082449
v 0.00784456 0.01500000 -0.00379164
v 0.00784930 0.01500000 -0.00383374
v 0.00781949 0.01500000 -0.00404191
v 0.00780313 0.01500000 -0.00408099
v 0.00743581 0.01500000 -0.00471722
v 0.00741014 0.01500000 -0.00475092
v 0.00738172 0.01500000 -0.00478233
v 0.00404191 0.01500000 -0.00781949
v 0.00400159 0.01500000 -0.00783248
v 0.00443749 0.01500000 -0.00951623
v 0.00359529 0.01500000 -0.00776924
v 0.00356083 0.01500000 -0.00774461
v 0.00091514 0.01500000 -0.01046004
v 0.00352857 0.01500000 -0.00771715
v 0.00349876 0.01500000 -0.00768705
v 0.00077100 0.01500000 -0.00852601
v 0.00075027 0.01500000 -0.00856295
v 0.00072649 0.01500000 -0.00859801
v -0.00169526 0.01500000 -0.00632681
v -0.00186444 0.01500000 -0.00634509
v -0.00155789 0.01500000 -0.00642723
v -0.00203146 0.01500000 -0.00637768
v -0.00219509 0.01500000 -0.00642434
v -0.00235417 0.01500000 -0.00648475
v -0.00250754 0.01500000 -0.00655846
v -0.00265409 0.01500000 -0.00664495
v -0.00279275 0.01500000 -0.00674357
v -0.00292253 0.01500000 -0.00685363
v -0.00349876 0.01500000 -0.00768705
v -0.00352857 0.01500000 -0.00771715
v -0.00091514 0.01500000 -0.01046004
v -0.00450750 0.01500000 -0.00494813
v -0.00456279 0.01500000 -0.00478720
v -0.00672378 0.01500000 -0.00483015
v -0.00443749 0.01500000 -0.00951623
v -0.00679536 0.01500000 -0.00487534
v -0.00525000 0.01500000 -0.00909327
v -0.00780934 0.01500000 -0.00366985
v -0.00779087 0.01500000 -0.00363172
v -0.01034048 0.01500000 -0.00182331
v -0.00873674 0.01500000 -0.00056844
v -0.00875578 0.01500000 -0.00053059
v -0.01034048 0.01500000 0.00182331
v -0.00877154 0.01500000 -0.00049128
v -0.00878393 0.01500000 -0.00045076
v -0.00879283 0.01500000 -0.00040935
v -0.00879821 0.01500000 -0.00036733
v -0.00758322 0.01500000 0.00342600
v 0.00344729 0.01500000 0.00761985
v 0.00347160 0.01500000 0.00765454
v 0.00082461 0.01500000 0.00828026
v 0.00366985 0.01500000 0.00780934
v 0.00370940 0.01500000 0.00782451
v 0.00375010 0.01500000 0.00783628
v 0.00082449 0.01500000 0.00832263
v 0.00359121 0.01500000 0.00986677
v 0.00379164 0.01500000 0.00784456
v 0.00875578 0.01500000 0.00053059
v 0.00877154 0.01500000 0.00049128
v 0.01034048 0.01500000 -0.00182331
v 0.00758322 0.01500000 -0.00342600
v 0.00761985 0.01500000 -0.00344729
v 0.00765454 0.01500000 -0.00347160
v 0.00768705 0.01500000 -0.00349876
v 0.00735074 0.01500000 -0.00481123
v 0.00731743 0.01500000 -0.00483740
v 0.00728202 0.01500000 -0.00486065
v 0.00724476 0.01500000 -0.00488082
v 0.00489323 0.01500000 -0.00683376
v 0.00490780 0.01500000 -0.00687354
v 0.00860110 0.01500000 -0.00602255
v 0.00491896 0.01500000 -0.00691441
v 0.00804347 0.01500000 -0.00674927
v 0.00493123 0.01500000 -0.00704060
v 0.00742462 0.01500000 -0.00742462
v 0.00493071 0.01500000 -0.00699824
v 0.00492661 0.01500000 -0.00695607
v 0.00492816 0.01500000 -0.00708285
v 0.00492152 0.01500000 -0.00712469
v 0.00491137 0.01500000 -0.00716582
v 0.00396031 0.01500000 -0.00784202
v 0.00391838 0.01500000 -0.00784802
v 0.00387609 0.01500000 -0.00785045
v 0.00347160 0.01500000 -0.00765454
v 0.00344729 0.01500000 -0.00761985
v 0.00069982 0.01500000 -0.00863092
v 0.00067046 0.01500000 -0.00866146
v -0.00078854 0.01500000 -0.00848744
v -0.00080274 0.01500000 -0.00844753
v -0.00081351 0.01500000 -0.00840656
v -0.00102397 0.01500000 -0.00708174
v -0.00110764 0.01500000 -0.00693357
v -0.00120360 0.01500000 -0.00679305
v -0.00131116 0.01500000 -0.00666119
v -0.00324953 0.01500000 -0.00724404
v -0.00333511 0.01500000 -0.00739111
v -0.00142955 0.01500000 -0.00653896
v -0.00304249 0.01500000 -0.00697432
v -0.00315175 0.01500000 -0.00710477
v -0.00036733 0.01500000 -0.00879821
v -0.00032500 0.01500000 -0.00880000
v 0.00032500 0.01500000 -0.00880000
v -0.00182331 0.01500000 -0.01034048
v -0.00735074 0.01500000 -0.00481123
v -0.00738172 0.01500000 -0.00478233
v -0.00860110 0.01500000 -0.00602255
v -0.00776924 0.01500000 -0.00359529
v -0.00774461 0.01500000 -0.00356083
v -0.01046004 0.01500000 -0.00091514
v -0.00771715 0.01500000 -0.00352857
v -0.01050000 0.01500000 0.00000000
v -0.00832263 0.01500000 -0.00082449
v -0.00836483 0.01500000 -0.00082078
v -0.00768705 0.01500000 -0.00349876
v -0.00765454 0.01500000 -0.00347160
v -0.01046004 0.01500000 0.00091514
v -0.00761985 0.01500000 -0.00344729
v -0.00879821 0.01500000 0.00036733
v -0.00879283 0.01500000 0.00040935
v -0.00878393 0.01500000 0.00045076
v -0.00877154 0.01500000 0.00049128
v -0.00875578 0.01500000 0.00053059
v -0.00873674 0.01500000 0.00056844
v -0.00768705 0.01500000 0.00349876
v -0.00771715 0.01500000 0.00352857
v -0.00774461 0.01500000 0.00356083
v -0.00986677 0.01500000 0.00359121
v -0.00784456 0.01500000 0.00379164
v 0.00342600 0.01500000 0.00758322
v 0.00852601 0.01500000 0.00077100
v 0.00856295 0.01500000 0.00075027
v 0.00758322 0.01500000 0.00342600
v 0.00859801 0.01500000 0.00072649
v 0.00863092 0.01500000 0.00069982
v 0.00866146 0.01500000 0.00067046
v 0.00868941 0.01500000 0.00063862
v 0.00871456 0.01500000 0.00060453
v 0.00873674 0.01500000 0.00056844
v 0.00771715 0.01500000 -0.00352857
v 0.00774461 0.01500000 -0.00356083
v 0.00776924 0.01500000 -0.00359529
v 0.00687354 0.01500000 -0.00490780
v 0.00683376 0.01500000 -0.00489323
v 0.00475092 0.01500000 -0.00741014
v 0.00471722 0.01500000 -0.00743581
v 0.00525000 0.01500000 -0.00909327
v 0.00056844 0.01500000 -0.00873674
v 0.00053059 0.01500000 -0.00875578
v 0.00049128 0.01500000 -0.00877154
v -0.00082078 0.01500000 -0.00836483
v -0.00082449 0.01500000 -0.00832263
v -0.00356083 0.01500000 -0.00774461
v -0.00359529 0.01500000 -0.00776924
v -0.00363172 0.01500000 -0.00779087
v -0.00400159 0.01500000 -0.00783248
v -0.00404191 0.01500000 -0.00781949
v -0.00408099 0.01500000 -0.00780313
v -0.00471722 0.01500000 -0.00743581
v -0.00475092 0.01500000 -0.00741014
v -0.00478233 0.01500000 -0.00738172
v -0.00481123 0.01500000 -0.00735074
v -0.00463155 0.01500000 -0.00463155
v -0.00478720 0.01500000 -0.00456279
v -0.00658385 0.01500000 -0.00473333
v -0.00683376 0.01500000 -0.00489323
v -0.00687354 0.01500000 -0.00490780
v -0.00602255 0.01500000 -0.00860110
v -0.00691441 0.01500000 -0.00491896
v -0.00674927 0.01500000 -0.00804347
v -0.00704060 0.01500000 -0.00493123
v -0.00742462 0.01500000 -0.00742462
v -0.00699824 0.01500000 -0.00493071
v -0.00695607 0.01500000 -0.00492661
v -0.00708285 0.01500000 -0.00492816
v -0.00712469 0.01500000 -0.00492152
v -0.00804347 0.01500000 -0.00674927
v -0.00716582 0.01500000 -0.00491137
v -0.00720594 0.01500000 -0.00489777
v -0.00724476 0.01500000 -0.00488082
v -0.00728202 0.01500000 -0.00486065
v -0.00731743 0.01500000 -0.00483740
v -0.00828026 0.01500000 -0.00082461
v -0.00863092 0.01500000 0.00069982
v -0.01014222 0.01500000 0.00271760
v -0.00866146 0.01500000 0.00067046
v -0.00859801 0.01500000 0.00072649
v -0.00856295 0.01500000 0.00075027
v -0.00852601 0.01500000 0.00077100
v -0.00848744 0.01500000 0.00078854
v -0.00743581 0.01500000 0.00471722
v -0.00741014 0.01500000 0.00475092
v -0.00951623 0.01500000 0.00443749
v 0.00069982 0.01500000 0.00863092
v 0.00271760 0.01500000 0.01014222
v 0.00067046 0.01500000 0.00866146
v 0.00182331 0.01500000 0.01034048
v 0.00063862 0.01500000 0.00868941
v 0.00060453 0.01500000 0.00871456
v 0.00349876 0.01500000 0.00768705
v 0.00352857 0.01500000 0.00771715
v 0.00356083 0.01500000 0.00774461
v 0.00396031 0.01500000 0.00784202
v 0.00400159 0.01500000 0.00783248
v 0.00443749 0.01500000 0.00951623
v 0.00634509 0.01500000 0.00186444
v 0.00632681 0.01500000 0.00169526
v 0.00642723 0.01500000 0.00155789
v 0.00832263 0.01500000 0.00082449
v 0.00836483 0.01500000 0.00082078
v 0.00840656 0.01500000 0.00081351
v 0.00878393 0.01500000 0.00045076
v 0.00879283 0.01500000 0.00040935
v 0.00879821 0.01500000 0.00036733
v 0.00879821 0.01500000 -0.00036733
v 0.00879283 0.01500000 -0.00040935
v 0.00878393 0.01500000 -0.00045076
v 0.00877154 0.01500000 -0.00049128
v 0.00875578 0.01500000 -0.00053059
v 0.00873674 0.01500000 -0.00056844
v 0.00863092 0.01500000 -0.00069982
v 0.01014222 0.01500000 -0.00271760
v 0.00866146 0.01500000 -0.00067046
v 0.00779087 0.01500000 -0.00363172
v 0.00780934 0.01500000 -0.00366985
v 0.00784202 0.01500000 -0.00396031
v 0.00783248 0.01500000 -0.00400159
v 0.00778352 0.01500000 -0.00411854
v 0.00745852 0.01500000 -0.00468146
v -0.00080784 0.01500000 -0.00789828
v -0.00082289 0.01500000 -0.00772879
v -0.00085229 0.01500000 -0.00756118
v -0.00089583 0.01500000 -0.00739669
v -0.00095319 0.01500000 -0.00723648
v -0.00411854 0.01500000 -0.00778352
v -0.00468146 0.01500000 -0.00745852
v -0.00483740 0.01500000 -0.00731743
v -0.00486065 0.01500000 -0.00728202
v -0.00488082 0.01500000 -0.00724476
v -0.00781949 0.01500000 -0.00404191
v -0.00783248 0.01500000 -0.00400159
v -0.00951623 0.01500000 -0.00443749
v -0.00648475 0.01500000 -0.00235417
v -0.00642434 0.01500000 -0.00219509
v -0.00642723 0.01500000 -0.00155789
v -0.00880000 0.01500000 -0.00032500
v -0.00880000 0.01500000 0.00032500
v -0.00871456 0.01500000 0.00060453
v -0.00868941 0.01500000 0.00063862
v -0.00844753 0.01500000 0.00080274
v -0.00840656 0.01500000 0.00081351
v -0.00836483 0.01500000 0.00082078
v -0.00776924 0.01500000 0.00359529
v -0.00779087 0.01500000 0.00363172
v -0.00738172 0.01500000 0.00478233
v -0.00735074 0.01500000 0.00481123
v -0.00731743 0.01500000 0.00483740
v -0.00481123 0.01500000 0.00735074
v -0.00478233 0.01500000 0.00738172
v -0.00602255 0.01500000 0.00860110
v -0.00383374 0.01500000 0.00784930
v -0.00379164 0.01500000 0.00784456
v -0.00359121 0.01500000 0.00986677
v -0.00375010 0.01500000 0.00783628
v -0.00271760 0.01500000 0.01014222
v -0.00370940 0.01500000 0.00782451
v -0.00366985 0.01500000 0.00780934
v 0.00091514 0.01500000 0.01046004
v 0.00040935 0.01500000 0.00879283
v 0.00045076 0.01500000 0.00878393
v 0.00383374 0.01500000 0.00784930
v 0.00387609 0.01500000 0.00785045
v 0.00391838 0.01500000 0.00784802
v 0.00602255 0.01500000 0.00860110
v 0.00475092 0.01500000 0.00741014
v 0.00478233 0.01500000 0.00738172
v 0.00481123 0.01500000 0.00735074
v 0.00483740 0.01500000 0.00731743
v 0.00674927 0.01500000 0.00804347
v 0.00486065 0.01500000 0.00728202
v 0.00488082 0.01500000 0.00724476
v 0.00679536 0.01500000 0.00487534
v 0.00490780 0.01500000 0.00687354
v 0.00489323 0.01500000 0.00683376
v 0.00860110 0.01500000 0.00602255
v 0.00735074 0.01500000 0.00481123
v 0.00738172 0.01500000 0.00478233
v 0.00782451 0.01500000 0.00370940
v 0.01014222 0.01500000 0.00271760
v 0.00783628 0.01500000 0.00375010
v 0.00986677 0.01500000 0.00359121
v 0.00784456 0.01500000 0.00379164
v 0.00784930 0.01500000 0.00383374
v 0.00780934 0.01500000 0.00366985
v 0.00779087 0.01500000 0.00363172
v 0.01034048 0.01500000 0.00182331
v 0.00844753 0.01500000 0.00080274
v 0.00848744 0.01500000 0.00078854
v 0.00871456 0.01500000 -0.00060453
v 0.00868941 0.01500000 -0.00063862
v 0.00859801 0.01500000 -0.00072649
v 0.00856295 0.01500000 -0.00075027
v 0.00852601 0.01500000 -0.00077100
v 0.00848744 0.01500000 -0.00078854
v 0.00844753 0.01500000 -0.00080274
v 0.00840656 0.01500000 -0.00081351
v 0.00836483 0.01500000 -0.00082078
v 0.00720594 0.01500000 -0.00489777
v 0.00716582 0.01500000 -0.00491137
v 0.00712469 0.01500000 -0.00492152
v 0.00708285 0.01500000 -0.00492816
v 0.00704060 0.01500000 -0.00493123
v 0.00699824 0.01500000 -0.00493071
v 0.00468146 0.01500000 -0.00745852
v 0.00411854 0.01500000 -0.00778352
v 0.00408099 0.01500000 -0.00780313
v 0.00082115 0.01500000 -0.00823804
v 0.00340789 0.01500000 -0.00754493
v 0.00333511 0.01500000 -0.00739111
v 0.00080784 0.01500000 -0.00789828
v 0.00080726 0.01500000 -0.00806845
v 0.00250754 0.01500000 -0.00655846
v 0.00265409 0.01500000 -0.00664495
v -0.00040935 0.01500000 -0.00879283
v -0.00045076 0.01500000 -0.00878393
v -0.00049128 0.01500000 -0.00877154
v -0.00489777 0.01500000 -0.00720594
v -0.00491137 0.01500000 -0.00716582
v -0.00492152 0.01500000 -0.00712469
v -0.00492816 0.01500000 -0.00708285
v -0.00493123 0.01500000 -0.00704060
v -0.00493071 0.01500000 -0.00699824
v -0.00447415 0.01500000 -0.00595780
v -0.00444373 0.01500000 -0.00579038
v -0.00442765 0.01500000 -0.00562098
v -0.00442603 0.01500000 -0.00545083
v -0.00443887 0.01500000 -0.00528115
v -0.00446610 0.01500000 -0.00511318
v -0.00784202 0.01500000 -0.00396031
v -0.00784802 0.01500000 -0.00391838
v -0.00785045 0.01500000 -0.00387609
v -0.00739111 0.01500000 -0.00333511
v -0.00724404 0.01500000 -0.00324953
v -0.00710477 0.01500000 -0.00315175
v -0.00840656 0.01500000 -0.00081351
v -0.00844753 0.01500000 -0.00080274
v -0.00848744 0.01500000 -0.00078854
v -0.00909327 0.01500000 0.00525000
v -0.00487534 0.01500000 0.00679536
v -0.00404191 0.01500000 0.00781949
v -0.00400159 0.01500000 0.00783248
v -0.00443749 0.01500000 0.00951623
v -0.00091514 0.01500000 0.01046004
v -0.00182331 0.01500000 0.01034048
v -0.00056844 0.01500000 0.00873674
v -0.00053059 0.01500000 0.00875578
v -0.00049128 0.01500000 0.00877154
v -0.00045076 0.01500000 0.00878393
v 0.00049128 0.01500000 0.00877154
v 0.00053059 0.01500000 0.00875578
v 0.00056844 0.01500000 0.00873674
v 0.00359529 0.01500000 0.00776924
v 0.00363172 0.01500000 0.00779087
v 0.00687354 0.01500000 0.00490780
v 0.00691441 0.01500000 0.00491896
v 0.00781949 0.01500000 0.00404191
v 0.00783248 0.01500000 0.00400159
v 0.00951623 0.01500000 0.00443749
v 0.00776924 0.01500000 0.00359529
v 0.00774461 0.01500000 0.00356083
v 0.01046004 0.01500000 0.00091514
v 0.00771715 0.01500000 0.00352857
v 0.01050000 0.01500000 0.00000000
v 0.00761985 0.01500000 0.00344729
v 0.01046004 0.01500000 -0.00091514
v 0.00765454 0.01500000 0.00347160
v 0.00768705 0.01500000 0.00349876
v 0.00754493 0.01500000 0.00340789
v 0.00637768 0.01500000 0.00203146
v 0.00880000 0.01500000 0.00032500
v 0.00880000 0.01500000 -0.00032500
v 0.00754493 0.01500000 -0.00340789
v 0.00823804 0.01500000 -0.00082115
v 0.00806845 0.01500000 -0.00080726
v 0.00695607 0.01500000 -0.00492661
v 0.00691441 0.01500000 -0.00491896
v 0.00679536 0.01500000 -0.00487534
v 0.00675861 0.01500000 -0.00485426
v 0.00672378 0.01500000 -0.00483015
v 0.00324953 0.01500000 -0.00724404
v 0.00315175 0.01500000 -0.00710477
v 0.00304249 0.01500000 -0.00697432
v 0.00219509 0.01500000 -0.00642434
v 0.00142955 0.01500000 -0.00653896
v 0.00235417 0.01500000 -0.00648475
v -0.00347160 0.01500000 -0.00765454
v -0.00344729 0.01500000 -0.00761985
v -0.00053059 0.01500000 -0.00875578
v -0.00056844 0.01500000 -0.00873674
v -0.00492661 0.01500000 -0.00695607
v -0.00491896 0.01500000 -0.00691441
v -0.00511318 0.01500000 -0.00446610
v -0.00528115 0.01500000 -0.00443887
v -0.00545083 0.01500000 -0.00442603
v -0.00612203 0.01500000 -0.00451869
v -0.00595780 0.01500000 -0.00447415
v -0.00579038 0.01500000 -0.00444373
v -0.00741014 0.01500000 -0.00475092
v -0.00743581 0.01500000 -0.00471722
v -0.00909327 0.01500000 -0.00525000
v -0.00637768 0.01500000 -0.00203146
v -0.00634509 0.01500000 -0.00186444
v -0.00632681 0.01500000 -0.00169526
v -0.00852601 0.01500000 -0.00077100
v -0.00856295 0.01500000 -0.00075027
v -0.00859801 0.01500000 -0.00072649
v -0.00754493 0.01500000 0.00340789
v -0.00823804 0.01500000 0.00082115
v -0.00806845 0.01500000 0.00080726
v -0.00784930 0.01500000 0.00383374
v -0.00785045 0.01500000 0.00387609
v -0.00784802 0.01500000 0.00391838
v -0.00784202 0.01500000 0.00396031
v -0.00783248 0.01500000 0.00400159
v -0.00781949 0.01500000 0.00404191
v -0.00780313 0.01500000 0.00408099
v -0.00728202 0.01500000 0.00486065
v -0.00724476 0.01500000 0.00488082
v -0.00687354 0.01500000 0.00490780
v -0.00683376 0.01500000 0.00489323
v -0.00489323 0.01500000 0.00683376
v -0.00490780 0.01500000 0.00687354
v -0.00860110 0.01500000 0.00602255
v -0.00491896 0.01500000 0.00691441
v -0.00804347 0.01500000 0.00674927
v -0.00489777 0.01500000 0.00720594
v -0.00488082 0.01500000 0.00724476
v -0.00674927 0.01500000 0.00804347
v -0.00486065 0.01500000 0.00728202
v -0.00483740 0.01500000 0.00731743
v -0.00475092 0.01500000 0.00741014
v -0.00471722 0.01500000 0.00743581
v -0.00525000 0.01500000 0.00909327
v -0.00396031 0.01500000 0.00784202
v -0.00391838 0.01500000 0.00784802
v -0.00387609 0.01500000 0.00785045
v -0.00067046 0.01500000 0.00866146
v -0.00063862 0.01500000 0.00868941
v -0.00060453 0.01500000 0.00871456
v 0.00525000 0.01500000 0.00909327
v 0.00468146 0.01500000 0.00745852
v 0.00471722 0.01500000 0.00743581
v 0.00683376 0.01500000 0.00489323
v 0.00489777 0.01500000 0.00720594
v 0.00491137 0.01500000 0.00716582
v 0.00493123 0.01500000 0.00704060
v 0.00493071 0.01500000 0.00699824
v 0.00720594 0.01500000 0.00489777
v 0.00724476 0.01500000 0.00488082
v 0.00804347 0.01500000 0.00674927
v 0.00728202 0.01500000 0.00486065
v 0.00731743 0.01500000 0.00483740
v 0.00741014 0.01500000 0.00475092
v 0.00743581 0.01500000 0.00471722
v 0.00909327 0.01500000 0.00525000
v 0.00784202 0.01500000 0.00396031
v 0.00784802 0.01500000 0.00391838
v 0.00785045 0.01500000 0.00387609
v 0.00679305 0.01500000 0.00120360
v 0.00693357 0.01500000 0.00110764
v 0.00789828 0.01500000 0.00080784
v 0.00806845 0.01500000 0.00080726
v 0.00823804 0.01500000 0.00082115
v 0.00828026 0.01500000 0.00082461
v 0.00642723 0.01500000 -0.00155789
v 0.00710477 0.01500000 -0.00315175
v 0.00724404 0.01500000 -0.00324953
v 0.00292253 0.01500000 -0.00685363
v 0.00279275 0.01500000 -0.00674357
v 0.00089583 0.01500000 -0.00739669
v 0.00085229 0.01500000 -0.00756118
v 0.00082289 0.01500000 -0.00772879
v -0.00485426 0.01500000 -0.00675861
v -0.00483015 0.01500000 -0.00672378
v -0.00473333 0.01500000 -0.00658385
v -0.00464876 0.01500000 -0.00643619
v -0.00457704 0.01500000 -0.00628188
v -0.00451869 0.01500000 -0.00612203
v -0.00494813 0.01500000 -0.00450750
v -0.00562098 0.01500000 -0.00442765
v -0.00628188 0.01500000 -0.00457704
v -0.00643619 0.01500000 -0.00464876
v -0.00697432 0.01500000 -0.00304249
v -0.00685363 0.01500000 -0.00292253
v -0.00674357 0.01500000 -0.00279275
v -0.00664495 0.01500000 -0.00265409
v -0.00655846 0.01500000 -0.00250754
v -0.00666119 0.01500000 -0.00131116
v -0.00679305 0.01500000 -0.00120360
v -0.00693357 0.01500000 -0.00110764
v -0.00708174 0.01500000 -0.00102397
v -0.00723648 0.01500000 -0.00095319
v -0.00739669 0.01500000 -0.00089583
v -0.00756118 0.01500000 -0.00085229
v -0.00772879 0.01500000 -0.00082289
v -0.00789828 0.01500000 -0.00080784
v -0.00863092 0.01500000 -0.00069982
v -0.00866146 0.01500000 -0.00067046
v -0.00778352 0.01500000 0.00411854
v -0.00745852 0.01500000 0.00468146
v -0.00493123 0.01500000 0.00704060
v -0.00742462 0.01500000 0.00742462
v -0.00493071 0.01500000 0.00699824
v -0.00492661 0.01500000 0.00695607
v -0.00352857 0.01500000 0.00771715
v -0.00082461 0.01500000 0.00828026
v -0.00356083 0.01500000 0.00774461
v -0.00359529 0.01500000 0.00776924
v -0.00349876 0.01500000 0.00768705
v -0.00347160 0.01500000 0.00765454
v -0.00344729 0.01500000 0.00761985
v 0.00000000 0.01500000 0.01050000
v 0.00032500 0.01500000 0.00880000
v 0.00036733 0.01500000 0.00879821
v 0.00072649 0.01500000 0.00859801
v 0.00075027 0.01500000 0.00856295
v 0.00077100 0.01500000 0.00852601
v 0.00078854 0.01500000 0.00848744
v 0.00340789 0.01500000 0.00754493
v 0.00082115 0.01500000 0.00823804
v 0.00080726 0.01500000 0.00806845
v 0.00404191 0.01500000 0.00781949
v 0.00408099 0.01500000 0.00780313
v 0.00411854 0.01500000 0.00778352
v 0.00492152 0.01500000 0.00712469
v 0.00492816 0.01500000 0.00708285
v 0.00492661 0.01500000 0.00695607
v 0.00491896 0.01500000 0.00691441
v 0.00487534 0.01500000 0.00679536
v 0.00485426 0.01500000 0.00675861
v 0.00675861 0.01500000 0.00485426
v 0.00672378 0.01500000 0.00483015
v 0.00704060 0.01500000 0.00493123
v 0.00742462 0.01500000 0.00742462
v 0.00699824 0.01500000 0.00493071
v 0.00695607 0.01500000 0.00492661
v 0.00724404 0.01500000 0.00324953
v 0.00655846 0.01500000 0.00250754
v 0.00648475 0.01500000 0.00235417
v 0.00666119 0.01500000 0.00131116
v 0.00203146 0.01500000 -0.00637768
v 0.00186444 0.01500000 -0.00634509
v 0.00155789 0.01500000 -0.00642723
v 0.00169526 0.01500000 -0.00632681
v 0.00131116 0.01500000 -0.00666119
v 0.00120360 0.01500000 -0.00679305
v 0.00110764 0.01500000 -0.00693357
v -0.00745852 0.01500000 -0.00468146
v -0.00778352 0.01500000 -0.00411854
v -0.00780313 0.01500000 -0.00408099
v -0.00653896 0.01500000 -0.00142955
v -0.00642723 0.01500000 0.00155789
v -0.00674357 0.01500000 0.00279275
v -0.00685363 0.01500000 0.00292253
v -0.00720594 0.01500000 0.00489777
v -0.00716582 0.01500000 0.00491137
v -0.00712469 0.01500000 0.00492152
v -0.00708285 0.01500000 0.00492816
v -0.00704060 0.01500000 0.00493123
v -0.00699824 0.01500000 0.00493071
v -0.00679536 0.01500000 0.00487534
v -0.00675861 0.01500000 0.00485426
v -0.00485426 0.01500000 0.00675861
v -0.00468146 0.01500000 0.00745852
v -0.00411854 0.01500000 0.00778352
v -0.00408099 0.01500000 0.00780313
v -0.00082449 0.01500000 0.00832263
v -0.00363172 0.01500000 0.00779087
v -0.00040935 0.01500000 0.00879283
v -0.00036733 0.01500000 0.00879821
v -0.00032500 0.01500000 0.00880000
v 0.00658385 0.01500000 0.00473333
v 0.00444373 0.01500000 0.00579038
v 0.00708285 0.01500000 0.00492816
v 0.00712469 0.01500000 0.00492152
v 0.00716582 0.01500000 0.00491137
v 0.00745852 0.01500000 0.00468146
v 0.00778352 0.01500000 0.00411854
v 0.00780313 0.01500000 0.00408099
v 0.00685363 0.01500000 0.00292253
v 0.00697432 0.01500000 0.00304249
v 0.00710477 0.01500000 0.00315175
v 0.00739111 0.01500000 0.00333511
v 0.00642434 0.01500000 0.00219509
v 0.00653896 0.01500000 0.00142955
v 0.00102397 0.01500000 -0.00708174
v 0.00095319 0.01500000 -0.00723648
v -0.00632681 0.01500000 0.00169526
v -0.00634509 0.01500000 0.00186444
v -0.00697432 0.01500000 0.00304249
v -0.00710477 0.01500000 0.00315175
v -0.00724404 0.01500000 0.00324953
v -0.00695607 0.01500000 0.00492661
v -0.00691441 0.01500000 0.00491896
v -0.00492816 0.01500000 0.00708285
v -0.00492152 0.01500000 0.00712469
v -0.00491137 0.01500000 0.00716582
v -0.00069982 0.01500000 0.00863092
v -0.00072649 0.01500000 0.00859801
v 0.00080274 0.01500000 0.00844753
v 0.00081351 0.01500000 0.00840656
v 0.00082078 0.01500000 0.00836483
v 0.00155789 0.01500000 0.00642723
v 0.00279275 0.01500000 0.00674357
v 0.00292253 0.01500000 0.00685363
v 0.00674357 0.01500000 0.00279275
v 0.00664495 0.01500000 0.00265409
v 0.00789828 0.01500000 -0.00080784
v 0.00772879 0.01500000 -0.00082289
v 0.00756118 0.01500000 -0.00085229
v 0.00642434 0.01500000 -0.00219509
v 0.00648475 0.01500000 -0.00235417
v 0.00637768 0.01500000 -0.00203146
v 0.00655846 0.01500000 -0.00250754
v 0.00664495 0.01500000 -0.00265409
v 0.00674357 0.01500000 -0.00279275
v 0.00685363 0.01500000 -0.00292253
v -0.00789828 0.01500000 0.00080784
v -0.00772879 0.01500000 0.00082289
v -0.00756118 0.01500000 0.00085229
v -0.00739669 0.01500000 0.00089583
v -0.00723648 0.01500000 0.00095319
v -0.00708174 0.01500000 0.00102397
v -0.00637768 0.01500000 0.00203146
v -0.00642434 0.01500000 0.00219509
v -0.00648475 0.01500000 0.00235417
v -0.00342600 0.01500000 0.00758322
v -0.00340789 0.01500000 0.00754493
v -0.00082115 0.01500000 0.00823804
v -0.00080726 0.01500000 0.00806845
v -0.00082078 0.01500000 0.00836483
v -0.00081351 0.01500000 0.00840656
v -0.00080274 0.01500000 0.00844753
v -0.00078854 0.01500000 0.00848744
v -0.00077100 0.01500000 0.00852601
v -0.00075027 0.01500000 0.00856295
v 0.00169526 0.01500000 0.00632681
v 0.00186444 0.01500000 0.00634509
v 0.00304249 0.01500000 0.00697432
v 0.00315175 0.01500000 0.00710477
v 0.00324953 0.01500000 0.00724404
v 0.00447415 0.01500000 0.00595780
v 0.00708174 0.01500000 0.00102397
v 0.00723648 0.01500000 0.00095319
v 0.00739669 0.01500000 0.00089583
v 0.00756118 0.01500000 0.00085229
v 0.00772879 0.01500000 0.00082289
v 0.00739669 0.01500000 -0.00089583
v 0.00723648 0.01500000 -0.00095319
v 0.00708174 0.01500000 -0.00102397
v 0.00693357 0.01500000 -0.00110764
v 0.00679305 0.01500000 -0.00120360
v 0.00666119 0.01500000 -0.00131116
v 0.00739111 0.01500000 -0.00333511
v 0.00653896 0.01500000 -0.00142955
v 0.00697432 0.01500000 -0.00304249
v 0.00634509 0.01500000 -0.00186444
v 0.00632681 0.01500000 -0.00169526
v 0.00494813 0.01500000 -0.00450750
v 0.00450750 0.01500000 -0.00494813
v 0.00446610 0.01500000 -0.00511318
v 0.00442765 0.01500000 -0.00562098
v 0.00444373 0.01500000 -0.00579038
v 0.00447415 0.01500000 -0.00595780
v 0.00451869 0.01500000 -0.00612203
v 0.00457704 0.01500000 -0.00628188
v 0.00464876 0.01500000 -0.00643619
v 0.00473333 0.01500000 -0.00658385
v 0.00483015 0.01500000 -0.00672378
v -0.00693357 0.01500000 0.00110764
v -0.00679305 0.01500000 0.00120360
v -0.00666119 0.01500000 0.00131116
v 0.00333511 0.01500000 0.00739111
v 0.00142955 0.01500000 0.00653896
v 0.00131116 0.01500000 0.00666119
v 0.00203146 0.01500000 0.00637768
v 0.00219509 0.01500000 0.00642434
v 0.00235417 0.01500000 0.00648475
v 0.00643619 0.01500000 -0.00464876
v 0.00628188 0.01500000 -0.00457704
v 0.00442603 0.01500000 -0.00545083
v 0.00456279 0.01500000 -0.00478720
v 0.00478720 0.01500000 -0.00456279
v 0.00463155 0.01500000 -0.00463155
v 0.00528115 0.01500000 -0.00443887
v 0.00511318 0.01500000 -0.00446610
v 0.00443887 0.01500000 -0.00528115
v -0.00739111 0.01500000 0.00333511
v -0.00653896 0.01500000 0.00142955
v -0.00655846 0.01500000 0.00250754
v -0.00664495 0.01500000 0.00265409
v 0.00080784 0.01500000 0.00789828
v 0.00082289 0.01500000 0.00772879
v 0.00085229 0.01500000 0.00756118
v 0.00089583 0.01500000 0.00739669
v 0.00095319 0.01500000 0.00723648
v 0.00102397 0.01500000 0.00708174
v 0.00110764 0.01500000 0.00693357
v 0.00120360 0.01500000 0.00679305
v 0.00612203 0.01500000 -0.00451869
v 0.00595780 0.01500000 -0.00447415
v 0.00579038 0.01500000 -0.00444373
v 0.00250754 0.01500000 0.00655846
v 0.00265409 0.01500000 0.00664495
v 0.00483015 0.01500000 0.00672378
v 0.00473333 0.01500000 0.00658385
v 0.00464876 0.01500000 0.00643619
v 0.00658385 0.01500000 -0.00473333
v 0.00562098 0.01500000 -0.00442765
v 0.00545083 0.01500000 -0.00442603
v -0.00292253 0.01500000 0.00685363
v -0.00279275 0.01500000 0.00674357
v -0.00155789 0.01500000 0.00642723
v -0.00265409 0.01500000 0.00664495
v -0.00250754 0.01500000 0.00655846
v -0.00169526 0.01500000 0.00632681
v -0.00186444 0.01500000 0.00634509
v -0.00203146 0.01500000 0.00637768
v 0.00457704 0.01500000 0.00628188
v 0.00451869 0.01500000 0.00612203
v 0.00494813 0.01500000 0.00450750
v 0.00511318 0.01500000 0.00446610
v 0.00446610 0.01500000 0.00511318
v 0.00562098 0.01500000 0.00442765
v 0.00545083 0.01500000 0.00442603
v 0.00442765 0.01500000 0.00562098
v 0.00442603 0.01500000 0.00545083
v 0.00579038 0.01500000 0.00444373
v 0.00595780 0.01500000 0.00447415
v 0.00612203 0.01500000 0.00451869
v -0.00333511 0.01500000 0.00739111
v -0.00324953 0.01500000 0.00724404
v -0.00235417 0.01500000 0.00648475
v -0.00219509 0.01500000 0.00642434
v -0.00131116 0.01500000 0.00666119
v -0.00120360 0.01500000 0.00679305
v -0.00110764 0.01500000 0.00693357
v -0.00102397 0.01500000 0.00708174
v 0.00443887 0.01500000 0.00528115
v 0.00528115 0.01500000 0.00443887
v 0.00628188 0.01500000 0.00457704
v 0.00643619 0.01500000 0.00464876
v -0.00315175 0.01500000 0.00710477
v -0.00304249 0.01500000 0.00697432
v -0.00142955 0.01500000 0.00653896
v -0.00643619 0.01500000 0.00464876
v -0.00628188 0.01500000 0.00457704
v -0.00473333 0.01500000 0.00658385
v -0.00612203 0.01500000 0.00451869
v -0.00595780 0.01500000 0.00447415
v -0.00545083 0.01500000 0.00442603
v -0.00528115 0.01500000 0.00443887
v -0.00478720 0.01500000 0.00456279
v -0.00463155 0.01500000 0.00463155
v -0.00456279 0.01500000 0.00478720
v -0.00446610 0.01500000 0.00511318
v -0.00443887 0.01500000 0.00528115
v -0.00494813 0.01500000 0.00450750
v -0.00444373 0.01500000 0.00579038
v -0.00447415 0.01500000 0.00595780
v -0.00451869 0.01500000 0.00612203
v -0.00457704 0.01500000 0.00628188
v -0.00085229 0.01500000 0.00756118
v -0.00082289 0.01500000 0.00772879
v -0.00080784 0.01500000 0.00789828
v -0.00483015 0.01500000 0.00672378
v -0.00672378 0.01500000 0.00483015
v -0.00658385 0.01500000 0.00473333
v -0.00579038 0.01500000 0.00444373
v -0.00562098 0.01500000 0.00442765
v -0.00450750 0.01500000 0.00494813
v -0.00511318 0.01500000 0.00446610
v -0.00464876 0.01500000 0.00643619
v -0.00095319 0.01500000 0.00723648
v -0.00089583 0.01500000 0.00739669
v 0.00450750 0.01500000 0.00494813
v 0.00456279 0.01500000 0.00478720
v 0.00478720 0.01500000 0.00456279
v 0.00463155 0.01500000 0.00463155
v -0.00442603 0.01500000 0.00545083
v -0.00442765 0.01500000 0.00562098
v 0.01046004 0.01750000 0.00091514
v 0.01034048 0.01750000 0.00182331
v 0.01014222 0.01750000 0.00271760
v 0.00986677 0.01750000 0.00359121
v 0.00951623 0.01750000 0.00443749
v 0.00909327 0.01750000 0.00525000
v 0.00860110 0.01750000 0.00602255
v 0.00804347 0.01750000 0.00674927
v 0.00742462 0.01750000 0.00742462
v 0.00674927 0.01750000 0.00804347
v 0.00602255 0.01750000 0.00860110
v 0.00525000 0.01750000 0.00909327
v 0.00443749 0.01750000 0.00951623
v 0.00359121 0.01750000 0.00986677
v 0.00271760 0.01750000 0.01014222
v 0.00182331 0.01750000 0.01034048
v 0.00091514 0.01750000 0.01046004
v 0.00000000 0.01750000 0.01050000
v -0.00091514 0.01750000 0.01046004
v -0.00182331 0.01750000 0.01034048
v -0.00271760 0.01750000 0.01014222
v -0.00359121 0.01750000 0.00986677
v -0.00443749 0.01750000 0.00951623
v -0.00525000 0.01750000 0.00909327
v -0.00602255 0.01750000 0.00860110
v -0.00674927 0.01750000 0.00804347
v -0.00742462 0.01750000 0.00742462
v -0.00804347 0.01750000 0.00674927
v -0.00860110 0.01750000 0.00602255
v -0.00909327 0.01750000 0.00525000
v -0.00951623 0.01750000 0.00443749
v -0.00986677 0.01750000 0.00359121
v -0.01014222 0.01750000 0.00271760
v -0.01034048 0.01750000 0.00182331
v -0.01046004 0.01750000 0.00091514
v -0.01050000 0.01750000 0.00000000
v -0.01046004 0.01750000 -0.00091514
v -0.01034048 0.01750000 -0.00182331
v -0.01014222 0.01750000 -0.00271760
v -0.00986677 0.01750000 -0.00359121
v -0.00951623 0.01750000 -0.00443749
v -0.00909327 0.01750000 -0.00525000
v -0.00860110 0.01750000 -0.00602255
v -0.00804347 0.01750000 -0.00674927
v -0.00742462 0.01750000 -0.00742462
v -0.00674927 0.01750000 -0.00804347
v -0.00602255 0.01750000 -0.00860110
v -0.00525000 0.01750000 -0.00909327
v -0.00443749 0.01750000 -0.00951623
v -0.00359121 0.01750000 -0.00986677
v -0.00271760 0.01750000 -0.01014222
v -0.00182331 0.01750000 -0.01034048
v -0.00091514 0.01750000 -0.01046004
v -0.00000000 0.01750000 -0.01050000
v 0.00091514 0.01750000 -0.01046004
v 0.00182331 0.01750000 -0.01034048
v 0.00271760 0.01750000 -0.01014222
v 0.00359121 0.01750000 -0.00986677
v 0.00443749 0.01750000 -0.00951623
v 0.00525000 0.01750000 -0.00909327
v 0.00602255 0.01750000 -0.00860110
v 0.00674927 0.01750000 -0.00804347
v 0.00742462 0.01750000 -0.00742462
v 0.00804347 0.01750000 -0.00674927
v 0.00860110 0.01750000 -0.00602255
v 0.00909327 0.01750000 -0.00525000
v 0.00951623 0.01750000 -0.00443749
v 0.00986677 0.01750000 -0.00359121
v 0.01014222 0.01750000 -0.00271760
v 0.01034048 0.01750000 -0.00182331
v 0.01046004 0.01750000 -0.00091514
v 0.01050000 0.01750000 -0.00000000
f 1 2 3
f 2 4 3
f 3 4 5
f 4 6 5
f 5 6 7
f 6 8 7
f 7 8 9
f 8 10 9
f 9 10 11
f 10 12 11
f 11 12 13
f 12 14 13
f 13 14 15
f 14 16 15
f 15 16 17
f 16 18 17
f 17 18 19
f 18 20 19
f 19 20 21
f 20 22 21
f 21 22 23
f 22 24 23
f 23 24 25
f 24 26 25
f 25 26 27
f 26 28 27
f 27 28 29
f 28 30 29
f 29 30 31
f 30 32 31
f 31 32 33
f 32 34 33
f 33 34 35
f 34 36 35
f 35 36 37
f 36 38 37
f 37 38 39
f 38 40 39
f 39 40 41
f 40 42 41
f 41 42 43
f 42 44 43
f 43 44 45
f 44 46 45
f 45 46 47
f 46 48 47
f 47 48 49
f 48 50 49
f 49 50 51
f 50 52 51
f 51 52 53
f 52 54 53
f 53 54 55
f 54 56 55
f 55 56 57
f 56 58 57
f 57 58 59
f 58 60 59
f 59 60 61
f 60 62 61
f 61 62 63
f 62 64 63
f 63 64 65
f 64 66 65
f 65 66 67
f 66 68 67
f 67 68 69
f 68 70 69
f 69 70 71
f 70 72 71
f 71 72 73
f 72 74 73
f 73 74 75
f 74 76 75
f 75 76 77
f 76 78 77
f 77 78 79
f 78 80 79
f 79 80 81
f 80 82 81
f 81 82 83
f 82 84 83
f 83 84 85
f 84 86 85
f 85 86 87
f 86 88 87
f 87 88 89
f 88 90 89
f 89 90 91
f 90 92 91
f 91 92 93
f 92 94 93
f 93 94 95
f 94 96 95
f 95 96 97
f 96 98 97
f 97 98 99
f 98 100 99
f 99 100 101
f 100 102 101
f 101 102 103
f 102 104 103
f 103 104 105
f 104 106 105
f 105 106 107
f 106 108 107
f 107 108 109
f 108 110 109
f 109 110 111
f 110 112 111
f 111 112 113
f 112 114 113
f 113 114 115
f 114 116 115
f 115 116 117
f 116 118 117
f 117 118 119
f 118 120 119
f 119 120 121
f 120 122 121
f 121 122 123
f 122 124 123
f 123 124 125
f 124 126 125
f 125 126 127
f 126 128 127
f 127 128 129
f 128 130 129
f 129 130 131
f 130 132 131
f 131 132 133
f 132 134 133
f 133 134 135
f 134 136 135
f 135 136 137
f 136 138 137
f 137 138 139
f 138 140 139
f 139 140 141
f 140 142 141
f 141 142 143
f 142 144 143
f 143 144 1
f 144 2 1
f 145 146 147
f 146 148 147
f 147 148 149
f 148 150 149
f 149 150 151
f 150 152 151
f 151 152 153
f 152 154 153
f 153 154 155
f 154 156 155
f 155 156 157
f 156 158 157
f 157 158 159
f 158 160 159
f 159 160 161
f 160 162 161
f 161 162 163
f 162 164 163
f 163 164 165
f 164 166 165
f 165 166 167
f 166 168 167
f 167 168 169
f 168 170 169
f 169 170 171
f 170 172 171
f 171 172 173
f 172 174 173
f 173 174 175
f 174 176 175
f 175 176 177
f 176 178 177
f 177 178 179
f 178 180 179
f 179 180 181
f 180 182 181
f 181 182 183
f 182 184 183
f 183 184 185
f 184 186 185
f 185 186 187
f 186 188 187
f 187 188 189
f 188 190 189
f 189 190 191
f 190 192 191
f 191 192 193
f 192 194 193
f 193 194 195
f 194 196 195
f 195 196 197
f 196 198 197
f 197 198 199
f 198 200 199
f 199 200 201
f 200 202 201
f 201 202 203
f 202 204 203
f 203 204 205
f 204 206 205
f 205 206 207
f 206 208 207
f 207 208 209
f 208 210 209
f 209 210 211
f 210 212 211
f 211 212 213
f 212 214 213
f 213 214 215
f 214 216 215
f 215 216 217
f 216 218 217
f 217 218 219
f 218 220 219
f 219 220 221
f 220 222 221
f 221 222 223
f 222 224 223
f 223 224 225
f 224 226 225
f 225 226 227
f 226 228 227
f 227 228 229
f 228 230 229
f 229 230 231
f 230 232 231
f 231 232 233
f 232 234 233
f 233 234 235
f 234 236 235
f 235 236 237
f 236 238 237
f 237 238 239
f 238 240 239
f 239 240 241
f 240 242 241
f 241 242 243
f 242 244 243
f 243 244 245
f 244 246 245
f 245 246 247
f 246 248 247
f 247 248 249
f 248 250 249
f 249 250 251
f 250 252 251
f 251 252 253
f 252 254 253
f 253 254 255
f 254 256 255
f 255 256 257
f 256 258 257
f 257 258 259
f 258 260 259
f 259 260 261
f 260 262 261
f 261 262 263
f 262 264 263
f 263 264 265
f 264 266 265
f 265 266 267
f 266 268 267
f 267 268 269
f 268 270 269
f 269 270 271
f 270 272 271
f 271 272 273
f 272 274 273
f 273 274 275
f 274 276 275
f 275 276 277
f 276 278 277
f 277 278 279
f 278 280 279
f 279 280 281
f 280 282 281
f 281 282 283
f 282 284 283
f 283 284 285
f 284 286 285
f 285 286 287
f 286 288 287
f 287 288 145
f 288 146 145
f 289 290 291
f 292 293 222
f 294 295 296
f 297 298 299
f 300 301 302
f 301 303 302
f 304 305 234
f 306 307 244
f 307 308 244
f 309 310 280
f 310 311 280
f 280 311 312
f 313 314 280
f 314 315 280
f 280 315 303
f 316 317 168
f 318 172 319
f 172 320 319
f 182 321 322
f 323 208 324
f 208 325 324
f 326 327 212
f 327 328 212
f 329 330 212
f 330 331 212
f 212 331 332
f 222 293 224
f 293 333 224
f 224 333 334
f 335 336 337
f 336 338 337
f 335 337 296
f 337 339 296
f 296 339 294
f 295 340 296
f 340 341 296
f 296 341 342
f 343 344 301
f 344 345 301
f 301 345 346
f 347 348 168
f 318 349 350
f 349 351 350
f 350 351 352
f 353 350 354
f 350 355 354
f 178 356 357
f 357 358 178
f 358 359 178
f 178 359 180
f 359 360 180
f 360 361 180
f 180 361 182
f 361 362 182
f 182 362 321
f 322 363 182
f 363 364 182
f 182 364 184
f 364 365 184
f 184 365 366
f 188 367 368
f 369 370 206
f 323 371 372
f 371 373 372
f 372 373 374
f 375 376 372
f 376 377 372
f 372 377 378
f 328 379 212
f 379 380 212
f 212 380 381
f 382 383 244
f 384 246 385
f 246 244 385
f 385 244 386
f 244 308 386
f 387 388 389
f 312 390 280
f 390 391 280
f 280 391 392
f 280 393 394
f 300 395 301
f 395 396 301
f 301 396 343
f 397 284 398
f 284 282 398
f 398 282 399
f 400 284 401
f 284 402 401
f 158 403 404
f 405 406 162
f 352 407 350
f 407 408 350
f 350 408 355
f 409 410 176
f 410 411 176
f 176 411 178
f 411 412 178
f 178 412 356
f 194 413 414
f 206 415 416
f 374 417 372
f 417 418 372
f 372 418 375
f 372 419 323
f 419 420 323
f 323 420 208
f 420 421 208
f 208 421 422
f 422 423 208
f 423 424 208
f 208 424 210
f 424 425 210
f 425 426 210
f 426 427 210
f 210 427 212
f 427 428 212
f 212 428 429
f 381 430 212
f 430 431 212
f 212 431 329
f 432 433 290
f 433 434 290
f 332 432 212
f 432 290 212
f 212 290 214
f 290 435 214
f 214 435 216
f 220 436 222
f 436 437 222
f 222 437 292
f 438 244 439
f 244 242 439
f 439 242 440
f 242 240 440
f 441 442 443
f 387 389 444
f 445 389 446
f 389 447 446
f 448 449 299
f 449 450 299
f 299 450 451
f 299 452 453
f 392 454 280
f 454 455 280
f 280 455 393
f 394 456 280
f 456 457 280
f 280 457 313
f 346 458 301
f 458 459 301
f 301 459 460
f 301 461 303
f 461 462 303
f 303 462 280
f 462 463 280
f 280 463 464
f 397 465 284
f 465 466 284
f 284 466 467
f 467 468 284
f 468 469 284
f 284 469 470
f 471 472 473
f 472 474 473
f 473 474 475
f 475 476 473
f 476 477 473
f 473 477 478
f 478 479 473
f 479 480 473
f 473 480 481
f 400 471 284
f 471 473 284
f 284 473 286
f 473 482 286
f 286 482 288
f 148 483 150
f 483 484 150
f 484 485 150
f 485 486 150
f 150 486 152
f 486 487 152
f 152 487 488
f 489 490 154
f 317 491 168
f 491 492 168
f 168 492 493
f 494 495 170
f 353 496 350
f 496 497 350
f 350 497 498
f 186 499 500
f 501 502 503
f 502 504 503
f 503 504 505
f 505 506 503
f 506 507 503
f 503 507 508
f 509 510 190
f 511 512 198
f 370 513 206
f 513 514 206
f 206 514 415
f 515 516 206
f 429 517 212
f 517 518 212
f 212 518 326
f 434 519 290
f 519 520 290
f 290 520 521
f 435 522 216
f 522 523 216
f 216 523 218
f 523 524 218
f 218 524 220
f 524 525 220
f 220 525 436
f 526 527 230
f 234 305 236
f 528 529 244
f 529 530 244
f 244 530 306
f 384 531 246
f 531 532 246
f 246 532 248
f 532 533 248
f 533 534 248
f 248 534 250
f 534 535 250
f 250 535 252
f 342 536 296
f 536 537 296
f 296 537 538
f 539 540 541
f 540 542 541
f 541 542 389
f 542 543 389
f 389 543 444
f 388 544 389
f 544 545 389
f 389 545 546
f 547 548 266
f 453 549 299
f 549 550 299
f 299 550 297
f 464 551 280
f 551 552 280
f 280 552 282
f 552 553 282
f 282 553 399
f 470 554 284
f 554 555 284
f 284 555 556
f 473 557 558
f 482 559 288
f 559 560 288
f 288 560 146
f 560 561 146
f 146 561 148
f 561 562 148
f 148 562 483
f 488 563 152
f 563 564 152
f 152 564 154
f 564 565 154
f 154 565 489
f 404 566 158
f 566 567 158
f 158 567 160
f 567 568 160
f 160 568 569
f 162 406 164
f 570 571 348
f 571 572 348
f 572 573 348
f 348 573 574
f 493 575 168
f 575 576 168
f 168 576 577
f 495 578 170
f 578 579 170
f 170 579 172
f 579 580 172
f 172 580 320
f 350 581 318
f 581 582 318
f 318 582 172
f 582 583 172
f 172 583 584
f 584 585 172
f 585 586 172
f 172 586 174
f 586 587 174
f 587 588 174
f 588 589 174
f 174 589 176
f 589 590 176
f 176 590 409
f 366 591 184
f 591 592 184
f 184 592 186
f 592 593 186
f 186 593 499
f 368 594 188
f 594 595 188
f 188 595 190
f 595 596 190
f 190 596 509
f 414 597 194
f 597 598 194
f 194 598 196
f 598 599 196
f 196 599 600
f 198 512 200
f 204 601 206
f 601 602 206
f 206 602 369
f 416 603 206
f 603 604 206
f 206 604 605
f 516 606 206
f 606 607 206
f 206 607 208
f 607 608 208
f 208 608 325
f 378 609 372
f 609 610 372
f 372 610 611
f 610 612 611
f 527 613 230
f 613 614 230
f 230 614 232
f 614 615 232
f 232 615 616
f 616 617 232
f 617 618 232
f 232 618 234
f 618 619 234
f 234 619 304
f 305 620 236
f 620 621 236
f 236 621 238
f 621 622 238
f 238 622 240
f 622 623 240
f 240 623 440
f 624 443 625
f 626 627 438
f 627 628 438
f 438 628 629
f 438 630 631
f 383 632 244
f 632 633 244
f 244 633 634
f 538 635 296
f 635 636 296
f 296 636 637
f 638 639 640
f 639 641 640
f 640 641 642
f 643 644 640
f 644 645 640
f 640 645 646
f 646 647 640
f 647 648 640
f 640 648 649
f 546 650 389
f 650 651 389
f 389 651 447
f 336 652 338
f 652 653 338
f 338 653 654
f 655 656 256
f 657 258 658
f 258 256 658
f 658 256 659
f 657 660 258
f 660 661 258
f 258 661 260
f 661 662 260
f 260 662 663
f 548 664 266
f 664 665 266
f 266 665 268
f 665 666 268
f 268 666 667
f 451 668 299
f 668 669 299
f 299 669 452
f 670 671 672
f 556 673 284
f 673 674 284
f 284 674 402
f 481 675 473
f 675 676 473
f 473 676 557
f 156 677 158
f 677 678 158
f 158 678 403
f 679 680 681
f 192 682 194
f 682 683 194
f 194 683 413
f 512 684 200
f 684 685 200
f 200 685 202
f 685 686 202
f 202 686 204
f 686 687 204
f 204 687 601
f 688 689 602
f 689 690 602
f 690 691 602
f 602 691 692
f 602 693 694
f 605 695 206
f 695 696 206
f 206 696 515
f 697 698 699
f 698 700 699
f 699 700 289
f 701 702 226
f 703 704 441
f 631 705 438
f 705 706 438
f 438 706 707
f 707 708 438
f 708 709 438
f 438 709 244
f 709 710 244
f 244 710 382
f 634 711 244
f 711 712 244
f 244 712 528
f 642 713 640
f 713 714 640
f 640 714 643
f 638 640 541
f 640 715 541
f 541 715 716
f 716 717 541
f 717 718 541
f 541 718 719
f 655 256 720
f 656 721 256
f 721 722 256
f 256 722 723
f 724 725 262
f 272 726 274
f 726 727 274
f 274 727 276
f 728 729 299
f 729 730 299
f 299 730 448
f 731 732 460
f 732 733 460
f 460 733 301
f 490 734 154
f 734 735 154
f 154 735 156
f 735 736 156
f 156 736 677
f 569 737 160
f 737 738 160
f 160 738 162
f 738 739 162
f 162 739 405
f 406 740 164
f 740 741 164
f 164 741 166
f 741 742 166
f 166 742 168
f 742 743 168
f 168 743 347
f 574 744 348
f 744 745 348
f 348 745 746
f 747 748 498
f 748 749 498
f 498 749 350
f 500 750 186
f 750 751 186
f 186 751 752
f 508 753 503
f 753 681 503
f 503 681 754
f 681 680 754
f 510 755 190
f 755 756 190
f 190 756 192
f 756 757 192
f 192 757 682
f 694 758 602
f 758 759 602
f 602 759 369
f 521 760 290
f 760 761 290
f 290 761 762
f 699 763 764
f 764 765 699
f 765 766 699
f 699 766 767
f 334 768 224
f 768 769 224
f 224 769 226
f 769 770 226
f 226 770 701
f 625 771 624
f 771 772 624
f 624 772 773
f 773 774 624
f 774 775 624
f 624 775 776
f 629 777 438
f 777 778 438
f 438 778 630
f 637 779 296
f 779 780 296
f 296 780 781
f 445 720 389
f 720 256 389
f 389 256 782
f 256 254 782
f 782 254 783
f 254 252 783
f 783 252 784
f 252 535 784
f 663 785 260
f 785 786 260
f 260 786 262
f 786 787 262
f 262 787 724
f 667 788 268
f 788 789 268
f 268 789 270
f 789 790 270
f 790 791 270
f 791 792 270
f 270 792 272
f 792 793 272
f 272 793 726
f 298 309 299
f 309 280 299
f 299 280 794
f 280 278 794
f 794 278 795
f 278 276 795
f 795 276 796
f 276 727 796
f 558 797 473
f 797 798 473
f 473 798 799
f 798 800 799
f 799 800 801
f 802 803 799
f 803 804 799
f 799 804 805
f 746 806 348
f 806 807 348
f 348 807 168
f 807 808 168
f 168 808 316
f 577 809 168
f 809 810 168
f 168 810 170
f 810 811 170
f 170 811 494
f 367 188 812
f 188 186 812
f 812 186 681
f 186 752 681
f 681 752 679
f 600 813 196
f 813 814 196
f 196 814 198
f 814 815 198
f 198 815 511
f 692 816 602
f 816 817 602
f 602 817 693
f 762 818 290
f 818 819 290
f 290 819 820
f 820 821 290
f 821 822 290
f 290 822 291
f 291 823 289
f 823 824 289
f 289 824 825
f 825 826 289
f 826 827 289
f 289 827 828
f 828 829 289
f 829 830 289
f 289 830 831
f 767 832 699
f 832 833 699
f 699 833 834
f 443 624 441
f 624 835 441
f 441 835 836
f 837 838 839
f 719 840 541
f 840 841 541
f 541 841 842
f 842 843 541
f 843 844 541
f 541 844 539
f 799 845 846
f 831 847 289
f 847 848 289
f 289 848 699
f 834 849 699
f 849 850 699
f 699 850 697
f 228 851 230
f 851 852 230
f 230 852 526
f 836 853 441
f 853 854 441
f 441 854 703
f 704 855 441
f 855 837 441
f 441 837 856
f 837 839 856
f 776 857 624
f 857 858 624
f 624 858 859
f 859 860 624
f 860 861 624
f 624 861 438
f 861 862 438
f 438 862 626
f 863 864 780
f 723 865 256
f 865 866 256
f 256 866 867
f 867 868 256
f 868 869 256
f 256 869 654
f 264 870 266
f 870 871 266
f 266 871 547
f 872 873 874
f 670 672 875
f 846 876 799
f 876 877 799
f 799 877 802
f 878 879 805
f 879 880 805
f 805 880 799
f 881 882 883
f 882 884 883
f 883 884 885
f 886 887 888
f 887 889 888
f 890 891 888
f 891 892 888
f 888 892 893
f 894 498 888
f 498 895 888
f 888 895 886
f 896 897 898
f 899 900 901
f 900 902 901
f 901 902 903
f 904 905 901
f 905 906 901
f 901 906 907
f 908 909 610
f 909 910 610
f 610 910 612
f 702 911 226
f 911 912 226
f 226 912 228
f 912 913 228
f 228 913 851
f 653 914 654
f 914 915 654
f 654 915 256
f 915 916 256
f 256 916 659
f 725 917 262
f 917 918 262
f 262 918 264
f 918 919 264
f 264 919 870
f 728 920 729
f 920 921 729
f 729 921 922
f 922 923 729
f 923 924 729
f 729 924 925
f 926 927 875
f 927 872 875
f 875 872 928
f 872 874 928
f 929 672 460
f 672 930 460
f 878 931 879
f 931 882 879
f 879 882 932
f 882 881 932
f 894 933 498
f 933 934 498
f 498 934 935
f 501 503 898
f 503 936 898
f 898 936 896
f 937 938 939
f 938 940 939
f 602 941 688
f 941 942 688
f 688 942 943
f 942 944 943
f 863 780 945
f 780 946 945
f 945 946 947
f 948 949 950
f 949 951 950
f 948 952 949
f 952 953 949
f 949 953 954
f 953 955 954
f 949 956 951
f 956 957 951
f 951 957 958
f 929 959 672
f 959 960 672
f 672 960 875
f 960 961 875
f 875 961 926
f 930 962 460
f 962 963 460
f 460 963 964
f 964 965 460
f 965 966 460
f 460 966 967
f 967 968 460
f 968 969 460
f 460 969 731
f 801 970 799
f 970 971 799
f 799 971 972
f 972 973 799
f 973 974 799
f 799 974 845
f 975 976 977
f 889 978 888
f 978 979 888
f 888 979 980
f 935 981 498
f 981 982 498
f 498 982 983
f 937 984 938
f 984 985 938
f 938 985 986
f 986 987 938
f 987 988 938
f 938 988 989
f 903 990 901
f 990 991 901
f 901 991 992
f 899 901 610
f 901 993 610
f 610 993 994
f 994 995 610
f 995 996 610
f 610 996 997
f 997 998 610
f 998 999 610
f 610 999 908
f 1000 1001 1002
f 1001 1003 1002
f 1002 1003 945
f 864 1004 780
f 1004 1005 780
f 780 1005 781
f 1006 1007 951
f 1007 1008 951
f 951 1008 1009
f 348 1010 570
f 1010 1011 570
f 570 1011 977
f 1011 1012 977
f 977 1012 1013
f 976 1014 977
f 1014 1015 977
f 977 1015 1016
f 980 1017 888
f 1017 1018 888
f 888 1018 890
f 983 1019 498
f 1019 1020 498
f 498 1020 747
f 1021 1022 898
f 1022 1023 898
f 989 1024 938
f 1024 1025 938
f 938 1025 1026
f 1023 1027 898
f 1027 938 898
f 898 938 1028
f 938 1026 1028
f 992 1029 901
f 1029 1030 901
f 901 1030 904
f 947 1031 945
f 1031 1032 945
f 945 1032 1033
f 958 1034 951
f 1034 1035 951
f 951 1035 1006
f 925 1036 729
f 1036 951 729
f 729 951 1037
f 951 1009 1037
f 1013 1038 977
f 1038 1039 977
f 977 1039 975
f 1040 1041 1015
f 1041 1042 1015
f 1042 1043 1015
f 1043 1044 1015
f 1015 1044 1045
f 897 1046 898
f 1046 1047 898
f 898 1047 1048
f 1049 1050 1051
f 1033 1052 945
f 1052 1053 945
f 945 1053 1054
f 1054 1055 945
f 1055 1056 945
f 945 1056 1002
f 1000 1002 1057
f 1002 1058 1057
f 1057 1058 1059
f 1015 1060 1040
f 1060 1061 1040
f 1040 1061 1062
f 1061 1063 1062
f 1062 1063 1064
f 1045 1065 1015
f 1065 1066 1015
f 1015 1066 1016
f 1048 1067 898
f 1067 1068 898
f 898 1068 1021
f 1069 1070 944
f 1070 1071 944
f 944 1072 1073
f 1074 1075 1051
f 1075 1076 1051
f 1051 1076 1049
f 1051 1077 1078
f 1077 1079 1078
f 1074 1051 944
f 1051 1080 944
f 944 1080 1069
f 1071 1081 944
f 1081 1082 944
f 944 1082 1072
f 1073 1083 944
f 1083 1084 944
f 944 1084 943
f 1064 1063 1085
f 1063 1086 1085
f 1085 1086 1087
f 1050 1088 1051
f 1088 1089 1051
f 1051 1089 1090
f 1090 1091 1051
f 1091 1092 1051
f 1051 1092 1077
f 1093 1094 1095
f 1096 1097 1098
f 1099 1100 1098
f 1101 1102 1103
f 1102 1104 1103
f 1103 1104 1105
f 1095 1094 1106
f 1107 1108 1109
f 1109 1110 1111
f 1110 1112 1111
f 1111 1112 1113
f 1096 1098 1114
f 1103 1115 1116
f 1115 1117 1116
f 1116 1117 1118
f 1119 1120 1121
f 1122 1123 1124
f 1125 1126 1127
f 1128 1129 1130
f 1129 1131 1130
f 1132 1133 1134
f 1133 1135 1134
f 1134 1135 1136
f 1135 1137 1136
f 1138 1139 1140
f 1139 1141 1140
f 1140 1141 1127
f 1141 1142 1127
f 1127 1142 1125
f 1143 1144 1145
f 1144 1146 1145
f 1145 1146 1147
f 1146 1148 1147
f 1143 1149 1144
f 1149 1150 1144
f 1144 1150 1151
f 1152 1153 1154
f 1153 1155 1154
f 1097 1156 1098
f 1156 1157 1098
f 1098 1157 1158
f 1105 1159 1103
f 1159 1160 1103
f 1103 1160 1161
f 1121 1120 1122
f 1120 1162 1122
f 1122 1162 1123
f 1124 1163 1122
f 1163 1164 1122
f 1122 1164 1165
f 1166 1167 1168
f 1169 1170 1171
f 1172 1173 1174
f 1175 1176 1174
f 1176 1177 1174
f 1174 1177 1178
f 1094 1179 1109
f 1179 1180 1109
f 1109 1180 1107
f 1181 1182 1109
f 1183 1184 1109
f 1184 1185 1109
f 1186 1187 1188
f 1150 1189 1151
f 1189 1190 1151
f 1151 1190 1191
f 1190 1192 1191
f 1191 1192 1154
f 1192 1193 1154
f 1158 1194 1098
f 1194 1195 1098
f 1098 1195 1196
f 1197 1198 1199
f 1198 1200 1199
f 1200 1201 1199
f 1201 1202 1199
f 1199 1202 1203
f 1203 1204 1199
f 1204 1205 1199
f 1199 1205 1206
f 1207 1208 1209
f 1210 1211 1212
f 1122 1129 1213
f 1129 1214 1213
f 1213 1214 1215
f 1132 1216 1133
f 1216 1217 1133
f 1133 1217 1218
f 1219 1220 1221
f 1220 1222 1221
f 1222 1223 1221
f 1223 1224 1221
f 1221 1224 1225
f 1172 1174 1226
f 1227 1228 1229
f 1230 1231 1229
f 1231 1232 1229
f 1229 1232 1233
f 1234 1232 1235
f 1236 1237 1238
f 1239 1240 1095
f 1240 1241 1095
f 1095 1241 1242
f 1185 1243 1109
f 1243 1244 1109
f 1109 1244 1110
f 1244 1245 1110
f 1110 1245 1246
f 1112 1247 1113
f 1247 1248 1113
f 1113 1248 1249
f 1248 1250 1249
f 1249 1250 1251
f 1252 1253 1254
f 1253 1251 1254
f 1254 1251 1255
f 1251 1250 1255
f 1252 1256 1253
f 1256 1257 1253
f 1253 1257 1140
f 1257 1258 1140
f 1140 1258 1138
f 1187 1259 1188
f 1259 1260 1188
f 1188 1260 1146
f 1260 1261 1146
f 1146 1261 1148
f 1193 1262 1154
f 1262 1263 1154
f 1154 1263 1098
f 1196 1264 1098
f 1264 1265 1098
f 1098 1265 1099
f 1161 1266 1103
f 1266 1267 1103
f 1103 1267 1268
f 1269 1270 1116
f 1270 1271 1116
f 1116 1271 1272
f 1273 1274 1199
f 1274 1116 1199
f 1199 1116 1275
f 1116 1272 1275
f 1206 1276 1199
f 1276 1277 1199
f 1199 1277 1273
f 1278 1209 1279
f 1209 1154 1279
f 1279 1154 1280
f 1154 1155 1280
f 1209 1208 1281
f 1282 1283 1284
f 1217 1285 1218
f 1285 1286 1218
f 1218 1286 1287
f 1286 1288 1287
f 1287 1288 1289
f 1290 1291 1171
f 1288 1292 1289
f 1292 1293 1289
f 1289 1293 1294
f 1293 1295 1294
f 1294 1295 1221
f 1295 1171 1221
f 1221 1171 1219
f 1171 1170 1219
f 1296 1297 1221
f 1297 1298 1221
f 1298 1299 1221
f 1299 1300 1221
f 1221 1300 1301
f 1173 1302 1174
f 1302 1303 1174
f 1174 1303 1304
f 1305 1177 1306
f 1227 1229 1307
f 1308 1309 1310
f 1309 1311 1310
f 1310 1311 1312
f 1312 1313 1310
f 1313 1314 1310
f 1310 1314 1315
f 1236 1238 1316
f 1242 1317 1095
f 1317 1318 1095
f 1095 1318 1319
f 1110 1320 1321
f 1126 1322 1127
f 1322 1323 1127
f 1127 1323 1324
f 1100 1325 1098
f 1325 1326 1098
f 1098 1326 1154
f 1326 1327 1154
f 1154 1327 1152
f 1268 1328 1103
f 1328 1329 1103
f 1103 1329 1115
f 1208 1330 1281
f 1330 1331 1281
f 1281 1331 1121
f 1331 1332 1121
f 1121 1332 1119
f 1165 1333 1122
f 1333 1334 1122
f 1122 1334 1335
f 1336 1337 1122
f 1337 1338 1122
f 1122 1338 1339
f 1211 1340 1212
f 1340 1341 1212
f 1212 1341 1342
f 1214 1343 1215
f 1343 1344 1215
f 1215 1344 1345
f 1344 1346 1345
f 1345 1346 1347
f 1348 1349 1350
f 1349 1347 1350
f 1350 1347 1351
f 1347 1346 1351
f 1348 1352 1349
f 1352 1353 1349
f 1349 1353 1354
f 1353 1355 1354
f 1354 1355 1356
f 1356 1357 1354
f 1357 1358 1354
f 1354 1358 1284
f 1358 1359 1284
f 1284 1359 1282
f 1168 1167 1171
f 1167 1360 1171
f 1171 1360 1290
f 1361 1362 1363
f 1362 1221 1363
f 1361 1364 1362
f 1364 1365 1362
f 1362 1365 1305
f 1365 1366 1305
f 1305 1366 1367
f 1368 1369 1370
f 1371 1372 1373
f 1372 1374 1373
f 1373 1374 1375
f 1374 1376 1375
f 1228 1377 1229
f 1377 1378 1229
f 1229 1378 1379
f 1380 1381 1382
f 1383 1384 1385
f 1386 1387 1310
f 1387 1388 1310
f 1237 1389 1238
f 1389 1390 1238
f 1238 1390 1391
f 1392 1393 1238
f 1393 1394 1238
f 1394 1395 1238
f 1395 1396 1238
f 1238 1396 1397
f 1398 1399 1400
f 1399 1238 1400
f 1319 1401 1095
f 1401 1402 1095
f 1095 1402 1093
f 1108 1403 1109
f 1403 1404 1109
f 1109 1404 1181
f 1182 1405 1109
f 1405 1406 1109
f 1109 1406 1183
f 1118 1407 1116
f 1407 1408 1116
f 1116 1408 1409
f 1409 1410 1116
f 1410 1411 1116
f 1116 1411 1269
f 1335 1412 1122
f 1412 1413 1122
f 1122 1413 1336
f 1339 1414 1122
f 1414 1415 1122
f 1122 1415 1129
f 1415 1416 1129
f 1417 1418 1419
f 1420 1421 1422
f 1225 1423 1221
f 1423 1424 1221
f 1221 1424 1296
f 1301 1425 1221
f 1425 1426 1221
f 1221 1426 1363
f 1367 1427 1305
f 1427 1428 1305
f 1305 1428 1177
f 1428 1429 1177
f 1177 1429 1178
f 1304 1430 1174
f 1430 1431 1174
f 1174 1431 1175
f 1369 1432 1370
f 1432 1433 1370
f 1370 1433 1434
f 1435 1436 1437
f 1438 1439 1440
f 1439 1441 1440
f 1440 1441 1442
f 1441 1443 1442
f 1442 1443 1444
f 1445 1446 1447
f 1235 1448 1234
f 1448 1449 1234
f 1234 1449 1382
f 1449 1450 1382
f 1382 1450 1380
f 1451 1452 1453
f 1453 1454 1451
f 1454 1455 1451
f 1451 1455 1456
f 1455 1457 1456
f 1456 1457 1458
f 1459 1460 1461
f 1462 1463 1464
f 1465 1466 1467
f 1466 1468 1467
f 1467 1468 1469
f 1468 1470 1469
f 1465 1471 1466
f 1471 1472 1466
f 1466 1472 1473
f 1388 1474 1310
f 1474 1475 1310
f 1310 1475 1308
f 1397 1476 1238
f 1476 1477 1238
f 1238 1477 1400
f 1398 1478 1399
f 1478 1479 1399
f 1399 1479 1109
f 1479 1480 1109
f 1109 1480 1481
f 1481 1482 1109
f 1482 1483 1109
f 1109 1483 1094
f 1483 1484 1094
f 1094 1484 1106
f 1246 1485 1110
f 1485 1486 1110
f 1110 1486 1487
f 1487 1488 1110
f 1488 1489 1110
f 1110 1489 1490
f 1323 1491 1324
f 1491 1492 1324
f 1324 1492 1188
f 1492 1493 1188
f 1188 1493 1186
f 1114 1098 1494
f 1098 1495 1494
f 1494 1495 1496
f 1497 1498 1499
f 1498 1494 1499
f 1499 1494 1500
f 1278 1501 1209
f 1501 1502 1209
f 1209 1502 1503
f 1416 1504 1129
f 1504 1505 1129
f 1129 1505 1506
f 1506 1507 1129
f 1507 1508 1129
f 1129 1508 1509
f 1510 1511 1212
f 1511 1512 1212
f 1212 1512 1513
f 1513 1514 1212
f 1514 1515 1212
f 1212 1515 1210
f 1418 1516 1419
f 1516 1517 1419
f 1419 1517 1135
f 1517 1518 1135
f 1135 1518 1137
f 1519 1520 1422
f 1520 1521 1422
f 1291 1522 1171
f 1522 1523 1171
f 1171 1523 1524
f 1525 1370 1526
f 1527 1528 1529
f 1530 1531 1532
f 1532 1533 1530
f 1533 1534 1530
f 1530 1534 1535
f 1447 1536 1445
f 1536 1537 1445
f 1445 1537 1374
f 1537 1538 1374
f 1374 1538 1376
f 1379 1539 1229
f 1539 1540 1229
f 1229 1540 1230
f 1456 1541 1542
f 1543 1544 1545
f 1472 1546 1473
f 1546 1547 1473
f 1473 1547 1548
f 1547 1549 1548
f 1548 1549 1550
f 1315 1316 1310
f 1316 1238 1310
f 1310 1238 1551
f 1238 1552 1551
f 1551 1552 1553
f 1552 1550 1553
f 1553 1550 1554
f 1550 1549 1554
f 1555 1556 1383
f 1391 1557 1238
f 1557 1558 1238
f 1238 1558 1392
f 1239 1095 1559
f 1095 1560 1559
f 1559 1560 1561
f 1490 1562 1110
f 1562 1563 1110
f 1110 1563 1320
f 1321 1564 1110
f 1564 1565 1110
f 1110 1565 1566
f 1496 1567 1494
f 1567 1568 1494
f 1494 1568 1569
f 1570 1571 1572
f 1571 1499 1572
f 1207 1209 1573
f 1209 1503 1573
f 1573 1503 1574
f 1503 1575 1574
f 1574 1575 1103
f 1575 1576 1103
f 1103 1576 1101
f 1509 1577 1129
f 1577 1578 1129
f 1129 1578 1131
f 1579 1580 1581
f 1582 1341 1583
f 1341 1584 1583
f 1283 1585 1284
f 1585 1586 1284
f 1284 1586 1587
f 1421 1588 1422
f 1588 1589 1422
f 1422 1589 1590
f 1524 1591 1171
f 1591 1592 1171
f 1171 1592 1593
f 1226 1174 1594
f 1174 1595 1594
f 1594 1595 1596
f 1306 1597 1305
f 1597 1598 1305
f 1305 1598 1370
f 1598 1599 1370
f 1370 1599 1600
f 1600 1601 1370
f 1601 1602 1370
f 1370 1602 1603
f 1434 1604 1370
f 1604 1605 1370
f 1370 1605 1526
f 1526 1606 1607
f 1526 1608 1525
f 1608 1609 1525
f 1525 1609 1610
f 1609 1611 1610
f 1610 1611 1612
f 1613 1614 1615
f 1614 1616 1615
f 1615 1616 1437
f 1616 1617 1437
f 1437 1617 1435
f 1436 1618 1437
f 1618 1619 1437
f 1437 1619 1620
f 1528 1621 1529
f 1621 1622 1529
f 1529 1622 1440
f 1622 1623 1440
f 1440 1623 1438
f 1624 1625 1531
f 1625 1626 1531
f 1531 1626 1532
f 1627 1628 1451
f 1628 1629 1451
f 1451 1629 1452
f 1541 1456 1630
f 1456 1458 1630
f 1630 1458 1459
f 1458 1631 1459
f 1459 1631 1632
f 1459 1633 1634
f 1635 1636 1637
f 1636 1638 1637
f 1637 1638 1462
f 1638 1639 1462
f 1462 1639 1463
f 1464 1640 1462
f 1640 1641 1462
f 1462 1641 1642
f 1544 1643 1545
f 1643 1644 1545
f 1545 1644 1468
f 1644 1645 1468
f 1468 1645 1470
f 1646 1647 1555
f 1648 1649 1555
f 1649 1650 1555
f 1555 1650 1310
f 1650 1651 1310
f 1310 1651 1386
f 1652 1653 1654
f 1569 1655 1494
f 1655 1656 1494
f 1494 1656 1500
f 1657 1658 1499
f 1658 1659 1499
f 1499 1659 1497
f 1128 1660 1129
f 1660 1661 1129
f 1129 1661 1212
f 1661 1662 1212
f 1212 1662 1663
f 1663 1664 1212
f 1664 1665 1212
f 1212 1665 1510
f 1341 1666 1584
f 1666 1579 1584
f 1584 1579 1667
f 1579 1581 1667
f 1582 1668 1341
f 1668 1669 1341
f 1341 1669 1342
f 1521 1670 1422
f 1670 1671 1422
f 1422 1671 1672
f 1672 1673 1422
f 1673 1674 1422
f 1422 1674 1420
f 1675 1676 1168
f 1676 1677 1168
f 1168 1677 1678
f 1678 1679 1168
f 1679 1680 1168
f 1168 1680 1681
f 1681 1682 1168
f 1682 1683 1168
f 1168 1683 1166
f 1593 1684 1171
f 1684 1685 1171
f 1171 1685 1169
f 1603 1686 1370
f 1686 1687 1370
f 1370 1687 1368
f 1688 1689 1690
f 1689 1612 1690
f 1690 1612 1691
f 1612 1611 1691
f 1692 1693 1694
f 1693 1695 1694
f 1692 1696 1693
f 1696 1697 1693
f 1693 1697 1698
f 1699 1700 1445
f 1700 1701 1445
f 1445 1701 1446
f 1371 1702 1372
f 1702 1703 1372
f 1372 1703 1234
f 1703 1704 1234
f 1234 1704 1705
f 1307 1229 1706
f 1229 1707 1706
f 1706 1707 1708
f 1381 1709 1382
f 1709 1710 1382
f 1382 1710 1627
f 1710 1711 1627
f 1627 1711 1628
f 1632 1712 1459
f 1712 1713 1459
f 1459 1713 1633
f 1634 1714 1459
f 1714 1715 1459
f 1459 1715 1460
f 1461 1716 1459
f 1716 1717 1459
f 1459 1717 1718
f 1717 1719 1718
f 1720 1721 1722
f 1721 1456 1722
f 1722 1456 1723
f 1456 1542 1723
f 1724 1725 1726
f 1646 1555 1727
f 1570 1728 1571
f 1728 1729 1571
f 1571 1729 1730
f 1729 1731 1730
f 1571 1732 1499
f 1732 1733 1499
f 1499 1733 1734
f 1586 1735 1587
f 1735 1736 1587
f 1587 1736 1419
f 1736 1737 1419
f 1419 1737 1417
f 1519 1422 1168
f 1422 1738 1168
f 1168 1738 1675
f 1739 1740 1741
f 1605 1742 1526
f 1742 1743 1526
f 1526 1743 1744
f 1744 1745 1526
f 1745 1746 1526
f 1526 1746 1747
f 1607 1748 1526
f 1748 1749 1526
f 1526 1749 1750
f 1619 1751 1620
f 1751 1752 1620
f 1620 1752 1529
f 1752 1753 1529
f 1529 1753 1527
f 1754 1444 1693
f 1444 1755 1693
f 1693 1755 1695
f 1535 1756 1530
f 1756 1757 1530
f 1530 1757 1699
f 1757 1758 1699
f 1699 1758 1700
f 1759 1719 1760
f 1720 1761 1721
f 1761 1762 1721
f 1721 1762 1637
f 1762 1763 1637
f 1637 1763 1635
f 1641 1764 1642
f 1764 1765 1642
f 1642 1765 1545
f 1765 1766 1545
f 1545 1766 1543
f 1767 1724 1768
f 1724 1769 1768
f 1555 1770 1556
f 1770 1724 1556
f 1556 1724 1771
f 1724 1726 1771
f 1383 1385 1555
f 1385 1772 1555
f 1555 1772 1727
f 1734 1773 1499
f 1773 1774 1499
f 1499 1774 1657
f 1739 1775 1776
f 1741 1777 1739
f 1777 1778 1739
f 1739 1778 1779
f 1747 1780 1526
f 1780 1781 1526
f 1526 1781 1606
f 1688 1782 1689
f 1782 1783 1689
f 1689 1783 1615
f 1783 1784 1615
f 1615 1784 1613
f 1624 1531 1785
f 1531 1442 1785
f 1785 1442 1786
f 1705 1787 1234
f 1787 1788 1234
f 1234 1788 1232
f 1788 1789 1232
f 1232 1789 1233
f 1790 1791 1792
f 1767 1793 1724
f 1793 1794 1724
f 1724 1794 1725
f 1561 1795 1559
f 1795 1796 1559
f 1559 1796 1797
f 1798 1799 1800
f 1799 1801 1800
f 1801 1802 1800
f 1802 1803 1800
f 1800 1803 1804
f 1596 1805 1594
f 1805 1806 1594
f 1594 1806 1807
f 1807 1808 1594
f 1808 1809 1594
f 1594 1809 1810
f 1776 1811 1739
f 1811 1812 1739
f 1739 1812 1813
f 1698 1814 1693
f 1814 1815 1693
f 1693 1815 1816
f 1815 1817 1816
f 1754 1818 1444
f 1818 1819 1444
f 1444 1819 1442
f 1819 1820 1442
f 1442 1820 1821
f 1821 1822 1442
f 1822 1823 1442
f 1442 1823 1786
f 1790 1824 1825
f 1792 1826 1790
f 1826 1827 1790
f 1790 1827 1828
f 1760 1719 1829
f 1647 1830 1555
f 1830 1831 1555
f 1555 1831 1832
f 1832 1833 1555
f 1833 1834 1555
f 1555 1834 1648
f 1797 1835 1559
f 1835 1836 1559
f 1559 1836 1837
f 1837 1838 1559
f 1838 1839 1559
f 1559 1839 1840
f 1654 1841 1652
f 1841 1559 1652
f 1652 1559 1842
f 1559 1840 1842
f 1804 1843 1800
f 1843 1653 1800
f 1800 1653 1844
f 1653 1652 1844
f 1844 1652 1845
f 1846 1847 1848
f 1849 1850 1566
f 1850 1851 1566
f 1851 1852 1566
f 1852 1853 1566
f 1566 1853 1854
f 1854 1855 1566
f 1855 1856 1566
f 1566 1856 1110
f 1810 1857 1594
f 1857 1858 1594
f 1594 1858 1859
f 1828 1860 1790
f 1860 1706 1790
f 1790 1706 1861
f 1706 1862 1861
f 1825 1863 1790
f 1863 1864 1790
f 1790 1864 1865
f 1866 1867 1868
f 1847 1846 1869
f 1846 1870 1869
f 1869 1870 1871
f 1872 1873 1868
f 1873 1846 1868
f 1868 1846 1874
f 1846 1848 1874
f 1779 1875 1739
f 1875 1594 1739
f 1739 1594 1876
f 1594 1859 1876
f 1813 1877 1739
f 1877 1878 1739
f 1739 1878 1740
f 1708 1879 1706
f 1879 1880 1706
f 1706 1880 1881
f 1881 1882 1706
f 1882 1883 1706
f 1706 1883 1884
f 1884 1885 1706
f 1885 1886 1706
f 1706 1886 1862
f 1867 1887 1868
f 1887 1888 1868
f 1868 1888 1889
f 1865 1890 1790
f 1890 1891 1790
f 1790 1891 1791
f 1717 1892 1719
f 1892 1893 1719
f 1719 1893 1894
f 1849 1566 1868
f 1566 1895 1868
f 1868 1895 1866
f 1889 1896 1868
f 1896 1897 1868
f 1868 1897 1872
f 1898 1899 1900
f 1899 1901 1900
f 1900 1901 1902
f 1903 1900 1904
f 1900 1905 1904
f 1894 1906 1719
f 1906 1907 1719
f 1719 1907 1829
f 1908 1909 1910
f 1911 1760 1912
f 1760 1913 1912
f 1912 1913 1914
f 1911 1915 1760
f 1915 1916 1760
f 1760 1916 1917
f 1918 1919 1900
f 1902 1920 1900
f 1920 1921 1900
f 1900 1921 1905
f 1922 1923 1815
f 1923 1924 1815
f 1815 1924 1925
f 1914 1926 1912
f 1926 1910 1912
f 1912 1910 1927
f 1910 1909 1927
f 1917 1928 1760
f 1928 1929 1760
f 1760 1929 1759
f 1919 1930 1900
f 1930 1931 1900
f 1900 1931 1898
f 1918 1900 1815
f 1900 1932 1815
f 1815 1932 1922
f 1933 1934 1935
f 1934 1936 1935
f 1935 1936 1937
f 1935 1938 1939
f 1940 1941 1942
f 1943 1944 1945
f 1946 1947 1945
f 1947 1948 1945
f 1945 1948 1949
f 1950 1951 1815
f 1951 1952 1815
f 1815 1952 1817
f 1750 1749 1953
f 1749 1954 1953
f 1953 1954 1935
f 1954 1955 1935
f 1935 1955 1933
f 1937 1956 1935
f 1956 1957 1935
f 1935 1957 1938
f 1940 1942 1945
f 1942 1958 1945
f 1945 1958 1943
f 1939 1959 1935
f 1959 1945 1935
f 1935 1945 1960
f 1945 1949 1960
f 1925 1961 1815
f 1961 1962 1815
f 1815 1962 1950
f 1910 1963 1908
f 1963 1964 1908
f 1908 1964 1965
f 1964 1966 1965
f 1944 1967 1945
f 1967 1968 1945
f 1945 1968 1946
f 1550 1969 1548
f 1969 1970 1548
f 1548 1970 1473
f 1970 1971 1473
f 1473 1971 1466
f 1971 1972 1466
f 1466 1972 1468
f 1972 1973 1468
f 1468 1973 1545
f 1973 1974 1545
f 1545 1974 1642
f 1974 1975 1642
f 1642 1975 1462
f 1975 1976 1462
f 1462 1976 1637
f 1976 1977 1637
f 1637 1977 1721
f 1977 1978 1721
f 1721 1978 1456
f 1978 1979 1456
f 1456 1979 1451
f 1979 1980 1451
f 1451 1980 1627
f 1980 1981 1627
f 1627 1981 1382
f 1981 1982 1382
f 1382 1982 1234
f 1982 1983 1234
f 1234 1983 1372
f 1983 1984 1372
f 1372 1984 1374
f 1984 1985 1374
f 1374 1985 1445
f 1985 1986 1445
f 1445 1986 1699
f 1986 1987 1699
f 1699 1987 1530
f 1987 1988 1530
f 1530 1988 1531
f 1988 1989 1531
f 1531 1989 1442
f 1989 1990 1442
f 1442 1990 1440
f 1990 1991 1440
f 1440 1991 1529
f 1991 1992 1529
f 1529 1992 1620
f 1992 1993 1620
f 1620 1993 1437
f 1993 1994 1437
f 1437 1994 1615
f 1994 1995 1615
f 1615 1995 1689
f 1995 1996 1689
f 1689 1996 1612
f 1996 1997 1612
f 1612 1997 1610
f 1997 1998 1610
f 1610 1998 1525
f 1998 1999 1525
f 1525 1999 1370
f 1999 2000 1370
f 1370 2000 1305
f 2000 2001 1305
f 1305 2001 1362
f 2001 2002 1362
f 1362 2002 1221
f 2002 2003 1221
f 1221 2003 1294
f 2003 2004 1294
f 1294 2004 1289
f 2004 2005 1289
f 1289 2005 1287
f 2005 2006 1287
f 1287 2006 1218
f 2006 2007 1218
f 1218 2007 1133
f 2007 2008 1133
f 1133 2008 1135
f 2008 2009 1135
f 1135 2009 1419
f 2009 2010 1419
f 1419 2010 1587
f 2010 2011 1587
f 1587 2011 1284
f 2011 2012 1284
f 1284 2012 1354
f 2012 2013 1354
f 1354 2013 1349
f 2013 2014 1349
f 1349 2014 1347
f 2014 2015 1347
f 1347 2015 1345
f 2015 2016 1345
f 1345 2016 1215
f 2016 2017 1215
f 1215 2017 1213
f 2017 2018 1213
f 1213 2018 1122
f 2018 2019 1122
f 1122 2019 1121
f 2019 2020 1121
f 1121 2020 1281
f 2020 2021 1281
f 1281 2021 1209
f 2021 2022 1209
f 1209 2022 1154
f 2022 2023 1154
f 1154 2023 1191
f 2023 2024 1191
f 1191 2024 1151
f 2024 2025 1151
f 1151 2025 1144
f 2025 2026 1144
f 1144 2026 1146
f 2026 2027 1146
f 1146 2027 1188
f 2027 2028 1188
f 1188 2028 1324
f 2028 2029 1324
f 1324 2029 1127
f 2029 2030 1127
f 1127 2030 1140
f 2030 2031 1140
f 1140 2031 1253
f 2031 2032 1253
f 1253 2032 1251
f 2032 2033 1251
f 1251 2033 1249
f 2033 2034 1249
f 1249 2034 1113
f 2034 2035 1113
f 1113 2035 1111
f 2035 2036 1111
f 1111 2036 1109
f 2036 2037 1109
f 1109 2037 1399
f 2037 2038 1399
f 1399 2038 1238
f 2038 2039 1238
f 1238 2039 1552
f 2039 2040 1552
f 1552 2040 1550
f 2040 1969 1550
f 120 1981 122
f 1981 1980 122
f 122 1980 124
f 1980 1979 124
f 124 1979 126
f 1979 1978 126
f 126 1978 128
f 1978 1977 128
f 128 1977 130
f 1977 1976 130
f 130 1976 132
f 1976 1975 132
f 132 1975 134
f 1975 1974 134
f 134 1974 136
f 1974 1973 136
f 136 1973 138
f 1973 1972 138
f 138 1972 140
f 1972 1971 140
f 140 1971 142
f 1971 1970 142
f 142 1970 144
f 1970 1969 144
f 144 1969 2
f 1969 2040 2
f 2 2040 4
f 2040 2039 4
f 4 2039 6
f 2039 2038 6
f 6 2038 8
f 2038 2037 8
f 8 2037 10
f 2037 2036 10
f 10 2036 12
f 2036 2035 12
f 12 2035 14
f 2035 2034 14
f 14 2034 16
f 2034 2033 16
f 16 2033 18
f 2033 2032 18
f 18 2032 20
f 2032 2031 20
f 20 2031 22
f 2031 2030 22
f 22 2030 24
f 2030 2029 24
f 24 2029 26
f 2029 2028 26
f 26 2028 28
f 2028 2027 28
f 28 2027 30
f 2027 2026 30
f 30 2026 32
f 2026 2025 32
f 32 2025 34
f 2025 2024 34
f 34 2024 36
f 2024 2023 36
f 36 2023 38
f 2023 2022 38
f 38 2022 40
f 2022 2021 40
f 40 2021 42
f 2021 2020 42
f 42 2020 44
f 2020 2019 44
f 44 2019 46
f 2019 2018 46
f 46 2018 48
f 2018 2017 48
f 48 2017 50
f 2017 2016 50
f 50 2016 52
f 2016 2015 52
f 52 2015 54
f 2015 2014 54
f 54 2014 56
f 2014 2013 56
f 56 2013 58
f 2013 2012 58
f 58 2012 60
f 2012 2011 60
f 60 2011 62
f 2011 2010 62
f 62 2010 64
f 2010 2009 64
f 64 2009 66
f 2009 2008 66
f 66 2008 68
f 2008 2007 68
f 68 2007 70
f 2007 2006 70
f 70 2006 72
f 2006 2005 72
f 72 2005 74
f 2005 2004 74
f 74 2004 76
f 2004 2003 76
f 76 2003 78
f 2003 2002 78
f 78 2002 80
f 2002 2001 80
f 80 2001 82
f 2001 2000 82
f 82 2000 84
f 2000 1999 84
f 84 1999 86
f 1999 1998 86
f 86 1998 88
f 1998 1997 88
f 88 1997 90
f 1997 1996 90
f 90 1996 92
f 1996 1995 92
f 92 1995 94
f 1995 1994 94
f 94 1994 96
f 1994 1993 96
f 96 1993 98
f 1993 1992 98
f 98 1992 100
f 1992 1991 100
f 100 1991 102
f 1991 1990 102
f 102 1990 104
f 1990 1989 104
f 104 1989 106
f 1989 1988 106
f 106 1988 108
f 1988 1987 108
f 108 1987 110
f 1987 1986 110
f 110 1986 112
f 1986 1985 112
f 112 1985 114
f 1985 1984 114
f 114 1984 116
f 1984 1983 116
f 116 1983 118
f 1983 1982 118
f 118 1982 120
f 1982 1981 120
f 611 1595 1174
f 611 1174 372
f 1174 1178 372
f 372 1178 419
f 1178 1429 419
f 419 1429 420
f 1429 1428 420
f 420 1428 421
f 1428 1427 421
f 421 1427 422
f 1427 1367 422
f 422 1367 423
f 1367 1366 423
f 423 1366 424
f 1366 1365 424
f 424 1365 425
f 1365 1364 425
f 425 1364 426
f 1364 1361 426
f 426 1361 427
f 1361 1363 427
f 427 1363 428
f 1363 1426 428
f 428 1426 429
f 1426 1425 429
f 429 1425 517
f 1425 1301 517
f 517 1301 518
f 1301 1300 518
f 518 1300 326
f 1300 1299 326
f 326 1299 327
f 1299 1298 327
f 327 1298 328
f 1298 1297 328
f 328 1297 379
f 1297 1296 379
f 379 1296 380
f 1296 1424 380
f 380 1424 381
f 1424 1423 381
f 1423 430 381
f 430 1423 1225
f 430 1225 431
f 1225 1224 431
f 431 1224 329
f 1224 1223 329
f 329 1223 330
f 1223 1222 330
f 330 1222 331
f 1222 1220 331
f 331 1220 332
f 1220 1219 332
f 332 1219 432
f 1219 1170 432
f 432 1170 433
f 1170 1169 433
f 433 1169 434
f 1169 1685 434
f 434 1685 519
f 1685 1684 519
f 519 1684 520
f 1684 1593 520
f 520 1593 521
f 1593 1592 521
f 521 1592 760
f 1592 1591 760
f 760 1591 761
f 1591 1524 761
f 761 1524 762
f 1524 1523 762
f 762 1523 818
f 1523 1522 818
f 818 1522 819
f 1522 1291 819
f 819 1291 820
f 1291 1290 820
f 820 1290 821
f 1290 1360 821
f 821 1360 822
f 1360 1167 822
f 822 1167 291
f 291 1167 823
f 1167 1166 823
f 823 1166 824
f 1166 1683 824
f 824 1683 825
f 1683 1682 825
f 825 1682 826
f 1682 1681 826
f 826 1681 827
f 1681 1680 827
f 827 1680 828
f 1680 1679 828
f 828 1679 829
f 1679 1678 829
f 829 1678 830
f 1678 1677 830
f 830 1677 831
f 1677 1676 831
f 831 1676 847
f 1676 1675 847
f 847 1675 848
f 1675 1738 848
f 848 1738 699
f 1738 1422 699
f 699 1422 763
f 1422 1590 763
f 763 1590 764
f 1590 1589 764
f 764 1589 765
f 1589 1588 765
f 765 1588 766
f 1588 1421 766
f 766 1421 767
f 1421 1420 767
f 767 1420 832
f 1420 1674 832
f 832 1674 833
f 1674 1673 833
f 833 1673 834
f 1673 1672 834
f 834 1672 849
f 1672 1671 849
f 849 1671 850
f 1671 1670 850
f 850 1670 697
f 1670 1521 697
f 697 1521 698
f 1521 1520 698
f 698 1520 700
f 1520 1519 700
f 700 1519 289
f 1519 1168 289
f 289 1168 1171
f 289 1171 290
f 1171 1295 290
f 290 1295 435
f 1295 1293 435
f 435 1293 522
f 1293 1292 522
f 522 1292 523
f 1292 1288 523
f 523 1288 524
f 1288 1286 524
f 524 1286 525
f 1286 1285 525
f 525 1285 436
f 1285 1217 436
f 436 1217 437
f 1217 1216 437
f 437 1216 292
f 1216 1132 292
f 292 1132 293
f 1132 1134 293
f 293 1134 333
f 1134 1136 333
f 333 1136 334
f 1136 1137 334
f 334 1137 768
f 1137 1518 768
f 768 1518 769
f 1518 1517 769
f 769 1517 770
f 1517 1516 770
f 770 1516 701
f 1516 1418 701
f 701 1418 702
f 1418 1417 702
f 702 1417 911
f 1417 1737 911
f 911 1737 912
f 1737 1736 912
f 912 1736 913
f 1736 1735 913
f 1735 851 913
f 851 1735 1586
f 851 1586 852
f 1586 1585 852
f 852 1585 526
f 1585 1283 526
f 526 1283 527
f 1283 1282 527
f 527 1282 613
f 1282 1359 613
f 613 1359 614
f 1359 1358 614
f 614 1358 615
f 1358 1357 615
f 615 1357 616
f 1357 1356 616
f 616 1356 617
f 1356 1355 617
f 617 1355 618
f 1355 1353 618
f 618 1353 619
f 1353 1352 619
f 619 1352 304
f 1352 1348 304
f 304 1348 305
f 1348 1350 305
f 305 1350 620
f 1350 1351 620
f 620 1351 621
f 1351 1346 621
f 621 1346 622
f 1346 1344 622
f 622 1344 623
f 1344 1343 623
f 623 1343 440
f 1343 1214 440
f 440 1214 439
f 1214 1129 439
f 439 1129 438
f 1129 1212 438
f 438 1212 624
f 624 1212 835
f 1212 1342 835
f 835 1342 836
f 1342 1669 836
f 836 1669 853
f 1669 1668 853
f 853 1668 854
f 1668 1582 854
f 854 1582 703
f 1582 1583 703
f 703 1583 704
f 1583 1584 704
f 704 1584 855
f 1584 1667 855
f 855 1667 837
f 1667 1581 837
f 837 1581 838
f 1581 1580 838
f 838 1580 839
f 1580 1579 839
f 839 1579 856
f 1579 1666 856
f 856 1666 441
f 1666 1341 441
f 441 1341 442
f 1341 1340 442
f 442 1340 443
f 1340 1211 443
f 443 1211 625
f 1211 1210 625
f 625 1210 771
f 1210 1515 771
f 771 1515 772
f 1515 1514 772
f 772 1514 773
f 1514 1513 773
f 773 1513 774
f 1513 1512 774
f 774 1512 775
f 1512 1511 775
f 775 1511 776
f 1511 1510 776
f 776 1510 857
f 1510 1665 857
f 857 1665 858
f 1665 1664 858
f 858 1664 859
f 1664 1663 859
f 859 1663 860
f 1663 1662 860
f 860 1662 861
f 1662 1661 861
f 861 1661 1660
f 861 1660 862
f 1660 1128 862
f 862 1128 626
f 1128 1130 626
f 626 1130 627
f 1130 1131 627
f 627 1131 628
f 1131 1578 628
f 628 1578 629
f 1578 1577 629
f 629 1577 777
f 1577 1509 777
f 777 1509 778
f 1509 1508 778
f 778 1508 630
f 1508 1507 630
f 630 1507 631
f 1507 1506 631
f 631 1506 705
f 1506 1505 705
f 705 1505 706
f 1505 1504 706
f 706 1504 707
f 1504 1416 707
f 707 1416 708
f 1416 1415 708
f 708 1415 709
f 1415 1414 709
f 709 1414 710
f 1414 1339 710
f 710 1339 382
f 1339 1338 382
f 382 1338 383
f 1338 1337 383
f 383 1337 632
f 1337 1336 632
f 632 1336 633
f 1336 1413 633
f 633 1413 634
f 1413 1412 634
f 1412 711 634
f 711 1412 1335
f 711 1335 712
f 1335 1334 712
f 712 1334 528
f 1334 1333 528
f 528 1333 529
f 1333 1165 529
f 529 1165 530
f 1165 1164 530
f 530 1164 306
f 1164 1163 306
f 306 1163 307
f 1163 1124 307
f 307 1124 308
f 1124 1123 308
f 308 1123 386
f 1123 1162 386
f 386 1162 385
f 1162 1120 385
f 385 1120 384
f 1120 1119 384
f 384 1119 531
f 1119 1332 531
f 531 1332 532
f 1332 1331 532
f 532 1331 533
f 1331 1330 533
f 533 1330 534
f 1330 1208 534
f 534 1208 535
f 1208 1207 535
f 535 1207 784
f 1207 1573 784
f 784 1573 783
f 1573 1574 783
f 783 1574 782
f 1574 1103 782
f 782 1103 389
f 1103 1116 389
f 389 1116 541
f 541 1116 638
f 1116 1274 638
f 638 1274 639
f 1274 1273 639
f 639 1273 641
f 1273 1277 641
f 641 1277 642
f 1277 1276 642
f 642 1276 713
f 1276 1206 713
f 713 1206 714
f 1206 1205 714
f 714 1205 643
f 1205 1204 643
f 643 1204 644
f 1204 1203 644
f 644 1203 645
f 1203 1202 645
f 645 1202 646
f 1202 1201 646
f 646 1201 647
f 1201 1200 647
f 647 1200 648
f 1200 1198 648
f 648 1198 649
f 1198 1197 649
f 649 1197 640
f 1197 1199 640
f 640 1199 715
f 1199 1275 715
f 715 1275 716
f 1275 1272 716
f 716 1272 717
f 1272 1271 717
f 717 1271 718
f 1271 1270 718
f 718 1270 719
f 1270 1269 719
f 719 1269 840
f 1269 1411 840
f 840 1411 841
f 1411 1410 841
f 841 1410 842
f 1410 1409 842
f 842 1409 843
f 1409 1408 843
f 843 1408 844
f 1408 1407 844
f 844 1407 539
f 1407 1118 539
f 539 1118 540
f 1118 1117 540
f 540 1117 1115
f 540 1115 542
f 1115 1329 542
f 542 1329 543
f 1329 1328 543
f 543 1328 444
f 1328 1268 444
f 444 1268 387
f 1268 1267 387
f 387 1267 388
f 1267 1266 388
f 388 1266 544
f 1266 1161 544
f 544 1161 545
f 1161 1160 545
f 545 1160 546
f 1160 1159 546
f 546 1159 650
f 1159 1105 650
f 650 1105 651
f 1105 1104 651
f 651 1104 447
f 1104 1102 447
f 447 1102 446
f 1102 1101 446
f 446 1101 445
f 1101 1576 445
f 445 1576 720
f 1576 1575 720
f 720 1575 655
f 1575 1503 655
f 655 1503 656
f 1503 1502 656
f 656 1502 721
f 1502 1501 721
f 721 1501 722
f 1501 1278 722
f 722 1278 723
f 1278 1279 723
f 723 1279 865
f 1279 1280 865
f 1280 866 865
f 866 1280 1155
f 866 1155 867
f 1155 1153 867
f 867 1153 868
f 1153 1152 868
f 868 1152 869
f 1152 1327 869
f 869 1327 654
f 1327 1326 654
f 654 1326 338
f 1326 1325 338
f 338 1325 337
f 1325 1100 337
f 337 1100 339
f 1100 1099 339
f 339 1099 294
f 1099 1265 294
f 294 1265 295
f 1265 1264 295
f 295 1264 340
f 1264 1196 340
f 340 1196 341
f 1196 1195 341
f 341 1195 342
f 1195 1194 342
f 342 1194 536
f 1194 1158 536
f 536 1158 537
f 1158 1157 537
f 537 1157 538
f 1157 1156 538
f 538 1156 635
f 1156 1097 635
f 635 1097 636
f 1097 1096 636
f 636 1096 637
f 1096 1114 637
f 637 1114 779
f 1114 1494 779
f 779 1494 780
f 780 1494 946
f 1494 1498 946
f 946 1498 947
f 1498 1497 947
f 947 1497 1031
f 1497 1659 1031
f 1031 1659 1032
f 1659 1658 1032
f 1032 1658 1033
f 1658 1657 1033
f 1033 1657 1052
f 1657 1774 1052
f 1052 1774 1053
f 1774 1773 1053
f 1053 1773 1054
f 1773 1734 1054
f 1054 1734 1055
f 1734 1733 1055
f 1055 1733 1056
f 1733 1732 1056
f 1056 1732 1002
f 1732 1571 1002
f 1002 1571 1058
f 1571 1730 1058
f 1058 1730 1059
f 1730 1731 1059
f 1059 1731 1057
f 1731 1729 1057
f 1057 1729 1000
f 1729 1728 1000
f 1000 1728 1001
f 1728 1570 1001
f 1001 1570 1003
f 1570 1572 1003
f 1003 1572 945
f 1572 1499 945
f 945 1499 863
f 1499 1500 863
f 863 1500 864
f 1500 1656 864
f 864 1656 1004
f 1656 1655 1004
f 1004 1655 1005
f 1655 1569 1005
f 1005 1569 781
f 1569 1568 781
f 781 1568 296
f 1568 1567 296
f 296 1567 335
f 1567 1496 335
f 335 1496 336
f 1496 1495 336
f 336 1495 1098
f 336 1098 652
f 1098 1263 652
f 652 1263 653
f 1263 1262 653
f 653 1262 914
f 1262 1193 914
f 914 1193 915
f 1193 1192 915
f 915 1192 916
f 1192 1190 916
f 916 1190 659
f 1190 1189 659
f 659 1189 658
f 1189 1150 658
f 658 1150 657
f 1150 1149 657
f 657 1149 660
f 1149 1143 660
f 660 1143 661
f 1143 1145 661
f 661 1145 662
f 1145 1147 662
f 662 1147 663
f 1147 1148 663
f 663 1148 785
f 1148 1261 785
f 785 1261 786
f 1261 1260 786
f 786 1260 787
f 1260 1259 787
f 787 1259 724
f 1259 1187 724
f 724 1187 725
f 1187 1186 725
f 725 1186 917
f 1186 1493 917
f 917 1493 918
f 1493 1492 918
f 918 1492 919
f 1492 1491 919
f 1491 870 919
f 870 1491 1323
f 870 1323 871
f 1323 1322 871
f 871 1322 547
f 1322 1126 547
f 547 1126 548
f 1126 1125 548
f 548 1125 664
f 1125 1142 664
f 664 1142 665
f 1142 1141 665
f 665 1141 666
f 1141 1139 666
f 666 1139 667
f 1139 1138 667
f 667 1138 788
f 1138 1258 788
f 788 1258 789
f 1258 1257 789
f 789 1257 790
f 1257 1256 790
f 790 1256 791
f 1256 1252 791
f 791 1252 792
f 1252 1254 792
f 792 1254 793
f 1254 1255 793
f 793 1255 726
f 1255 1250 726
f 726 1250 727
f 1250 1248 727
f 727 1248 796
f 1248 1247 796
f 796 1247 795
f 1247 1112 795
f 795 1112 794
f 1112 1110 794
f 794 1110 299
f 1110 1856 299
f 299 1856 728
f 728 1856 920
f 1856 1855 920
f 920 1855 921
f 1855 1854 921
f 921 1854 922
f 1854 1853 922
f 922 1853 923
f 1853 1852 923
f 923 1852 924
f 1852 1851 924
f 924 1851 925
f 1851 1850 925
f 925 1850 1036
f 1850 1849 1036
f 1036 1849 951
f 1849 1868 951
f 951 1868 950
f 1868 1874 950
f 950 1874 948
f 1874 1848 948
f 948 1848 952
f 1848 1847 952
f 952 1847 953
f 1847 1869 953
f 953 1869 955
f 1869 1871 955
f 955 1871 954
f 1871 1870 954
f 954 1870 949
f 1870 1846 949
f 949 1846 956
f 1846 1873 956
f 956 1873 957
f 1873 1872 957
f 957 1872 958
f 1872 1897 958
f 958 1897 1034
f 1897 1896 1034
f 1034 1896 1035
f 1896 1889 1035
f 1035 1889 1006
f 1889 1888 1006
f 1006 1888 1007
f 1888 1887 1007
f 1007 1887 1008
f 1887 1867 1008
f 1008 1867 1009
f 1867 1866 1009
f 1009 1866 1037
f 1866 1895 1037
f 1037 1895 729
f 1895 1566 729
f 749 1707 1229
f 749 1229 350
f 1229 1233 350
f 350 1233 581
f 1233 1789 581
f 581 1789 582
f 1789 1788 582
f 582 1788 583
f 1788 1787 583
f 583 1787 584
f 1787 1705 584
f 584 1705 585
f 1705 1704 585
f 585 1704 586
f 1704 1703 586
f 586 1703 587
f 1703 1702 587
f 587 1702 588
f 1702 1371 588
f 588 1371 589
f 1371 1373 589
f 589 1373 590
f 1373 1375 590
f 590 1375 409
f 1375 1376 409
f 409 1376 410
f 1376 1538 410
f 410 1538 411
f 1538 1537 411
f 411 1537 412
f 1537 1536 412
f 412 1536 356
f 1536 1447 356
f 356 1447 357
f 1447 1446 357
f 357 1446 358
f 1446 1701 358
f 358 1701 359
f 1701 1700 359
f 359 1700 360
f 1700 1758 360
f 1758 361 360
f 361 1758 1757
f 361 1757 362
f 1757 1756 362
f 362 1756 321
f 1756 1535 321
f 321 1535 322
f 1535 1534 322
f 322 1534 363
f 1534 1533 363
f 363 1533 364
f 1533 1532 364
f 364 1532 365
f 1532 1626 365
f 365 1626 366
f 1626 1625 366
f 366 1625 591
f 1625 1624 591
f 591 1624 592
f 1624 1785 592
f 592 1785 593
f 1785 1786 593
f 593 1786 499
f 1786 1823 499
f 499 1823 500
f 1823 1822 500
f 500 1822 750
f 1822 1821 750
f 750 1821 751
f 1821 1820 751
f 751 1820 752
f 1820 1819 752
f 752 1819 679
f 1819 1818 679
f 679 1818 680
f 1818 1754 680
f 680 1754 754
f 1754 1693 754
f 754 1693 503
f 1693 1816 503
f 503 1816 936
f 936 1816 896
f 1816 1817 896
f 896 1817 897
f 1817 1952 897
f 897 1952 1046
f 1952 1951 1046
f 1046 1951 1047
f 1951 1950 1047
f 1047 1950 1048
f 1950 1962 1048
f 1048 1962 1067
f 1962 1961 1067
f 1067 1961 1068
f 1961 1925 1068
f 1068 1925 1021
f 1925 1924 1021
f 1021 1924 1022
f 1924 1923 1022
f 1022 1923 1023
f 1923 1922 1023
f 1023 1922 1027
f 1922 1932 1027
f 1027 1932 938
f 1932 1900 938
f 938 1900 940
f 1900 1903 940
f 940 1903 939
f 1903 1904 939
f 939 1904 937
f 1904 1905 937
f 937 1905 984
f 1905 1921 984
f 984 1921 985
f 1921 1920 985
f 985 1920 986
f 1920 1902 986
f 986 1902 987
f 1902 1901 987
f 987 1901 988
f 1901 1899 988
f 988 1899 989
f 1899 1898 989
f 989 1898 1024
f 1898 1931 1024
f 1024 1931 1025
f 1931 1930 1025
f 1025 1930 1026
f 1930 1919 1026
f 1026 1919 1028
f 1919 1918 1028
f 1028 1918 898
f 1918 1815 898
f 898 1815 1814
f 898 1814 501
f 1814 1698 501
f 501 1698 502
f 1698 1697 502
f 502 1697 504
f 1697 1696 504
f 504 1696 505
f 1696 1692 505
f 505 1692 506
f 1692 1694 506
f 506 1694 507
f 1694 1695 507
f 507 1695 508
f 1695 1755 508
f 508 1755 753
f 1755 1444 753
f 753 1444 681
f 1444 1443 681
f 681 1443 812
f 1443 1441 812
f 812 1441 367
f 1441 1439 367
f 367 1439 368
f 1439 1438 368
f 368 1438 594
f 1438 1623 594
f 594 1623 595
f 1623 1622 595
f 595 1622 596
f 1622 1621 596
f 596 1621 509
f 1621 1528 509
f 509 1528 510
f 1528 1527 510
f 510 1527 755
f 1527 1753 755
f 755 1753 756
f 1753 1752 756
f 756 1752 757
f 1752 1751 757
f 1751 682 757
f 682 1751 1619
f 682 1619 683
f 1619 1618 683
f 683 1618 413
f 1618 1436 413
f 413 1436 414
f 1436 1435 414
f 414 1435 597
f 1435 1617 597
f 597 1617 598
f 1617 1616 598
f 598 1616 599
f 1616 1614 599
f 599 1614 600
f 1614 1613 600
f 600 1613 813
f 1613 1784 813
f 813 1784 814
f 1784 1783 814
f 814 1783 815
f 1783 1782 815
f 815 1782 511
f 1782 1688 511
f 511 1688 512
f 1688 1690 512
f 512 1690 684
f 1690 1691 684
f 684 1691 685
f 1691 1611 685
f 685 1611 686
f 1611 1609 686
f 686 1609 687
f 1609 1608 687
f 687 1608 601
f 1608 1526 601
f 601 1526 602
f 1526 1750 602
f 602 1750 941
f 1750 1953 941
f 941 1953 942
f 942 1953 944
f 1953 1935 944
f 944 1935 1074
f 1935 1960 1074
f 1074 1960 1075
f 1960 1949 1075
f 1075 1949 1076
f 1949 1948 1076
f 1076 1948 1049
f 1948 1947 1049
f 1049 1947 1050
f 1947 1946 1050
f 1050 1946 1088
f 1946 1968 1088
f 1088 1968 1089
f 1968 1967 1089
f 1089 1967 1090
f 1967 1944 1090
f 1090 1944 1091
f 1944 1943 1091
f 1091 1943 1092
f 1943 1958 1092
f 1092 1958 1077
f 1958 1942 1077
f 1077 1942 1079
f 1942 1941 1079
f 1079 1941 1078
f 1941 1940 1078
f 1078 1940 1051
f 1940 1945 1051
f 1051 1945 1080
f 1945 1959 1080
f 1080 1959 1069
f 1959 1939 1069
f 1069 1939 1070
f 1939 1938 1070
f 1070 1938 1071
f 1938 1957 1071
f 1071 1957 1081
f 1957 1956 1081
f 1081 1956 1082
f 1956 1937 1082
f 1082 1937 1072
f 1937 1936 1072
f 1072 1936 1073
f 1936 1934 1073
f 1073 1934 1083
f 1934 1933 1083
f 1083 1933 1084
f 1933 1955 1084
f 1084 1955 943
f 1955 1954 943
f 907 1775 901
f 1775 1739 901
f 901 1739 993
f 1739 1876 993
f 993 1876 994
f 1876 1859 994
f 994 1859 995
f 1859 1858 995
f 995 1858 996
f 1858 1857 996
f 996 1857 997
f 1857 1810 997
f 997 1810 998
f 1810 1809 998
f 998 1809 999
f 1809 1808 999
f 999 1808 908
f 1808 1807 908
f 908 1807 909
f 1807 1806 909
f 909 1806 910
f 1806 1805 910
f 910 1805 612
f 1805 1596 612
f 612 1596 611
f 1596 1595 611
f 135 155 133
f 155 157 133
f 133 157 131
f 157 159 131
f 131 159 129
f 159 161 129
f 129 161 127
f 161 163 127
f 127 163 125
f 163 165 125
f 125 165 123
f 165 167 123
f 123 167 121
f 167 169 121
f 121 169 119
f 169 171 119
f 119 171 117
f 171 173 117
f 117 173 115
f 173 175 115
f 115 175 113
f 175 177 113
f 113 177 111
f 177 179 111
f 111 179 109
f 179 181 109
f 109 181 107
f 181 183 107
f 107 183 105
f 183 185 105
f 105 185 103
f 185 187 103
f 103 187 101
f 187 189 101
f 101 189 99
f 189 191 99
f 99 191 97
f 191 193 97
f 97 193 95
f 193 195 95
f 95 195 93
f 195 197 93
f 93 197 91
f 197 199 91
f 91 199 89
f 199 201 89
f 89 201 87
f 201 203 87
f 87 203 85
f 203 205 85
f 85 205 83
f 205 207 83
f 83 207 81
f 207 209 81
f 81 209 79
f 209 211 79
f 79 211 77
f 211 213 77
f 77 213 75
f 213 215 75
f 75 215 73
f 215 217 73
f 73 217 71
f 217 219 71
f 71 219 69
f 219 221 69
f 69 221 67
f 221 223 67
f 67 223 65
f 223 225 65
f 65 225 63
f 225 227 63
f 63 227 61
f 227 229 61
f 61 229 59
f 229 231 59
f 59 231 57
f 231 233 57
f 57 233 55
f 233 235 55
f 55 235 53
f 235 237 53
f 53 237 51
f 237 239 51
f 51 239 49
f 239 241 49
f 49 241 47
f 241 243 47
f 47 243 45
f 243 245 45
f 45 245 43
f 245 247 43
f 43 247 41
f 247 249 41
f 41 249 39
f 249 251 39
f 39 251 37
f 251 253 37
f 37 253 35
f 253 255 35
f 35 255 33
f 255 257 33
f 33 257 31
f 257 259 31
f 31 259 29
f 259 261 29
f 29 261 27
f 261 263 27
f 27 263 25
f 263 265 25
f 25 265 23
f 265 267 23
f 23 267 21
f 267 269 21
f 21 269 19
f 269 271 19
f 19 271 17
f 271 273 17
f 17 273 15
f 273 275 15
f 15 275 13
f 275 277 13
f 13 277 11
f 277 279 11
f 11 279 9
f 279 281 9
f 9 281 7
f 281 283 7
f 7 283 5
f 283 285 5
f 5 285 3
f 285 287 3
f 3 287 1
f 287 145 1
f 1 145 143
f 145 147 143
f 143 147 141
f 147 149 141
f 141 149 139
f 149 151 139
f 139 151 137
f 151 153 137
f 137 153 135
f 153 155 135
f 610 1594 899
f 1594 1875 899
f 899 1875 900
f 1875 1779 900
f 900 1779 902
f 1779 1778 902
f 902 1778 903
f 1778 1777 903
f 903 1777 990
f 1777 1741 990
f 990 1741 991
f 1741 1740 991
f 991 1740 992
f 1740 1878 992
f 992 1878 1029
f 1878 1877 1029
f 1029 1877 1030
f 1877 1813 1030
f 1030 1813 904
f 1813 1812 904
f 904 1812 905
f 1812 1811 905
f 905 1811 906
f 1811 1776 906
f 906 1776 907
f 1776 1775 907
f 695 1686 1603
f 695 1603 696
f 1603 1602 696
f 696 1602 515
f 1602 1601 515
f 515 1601 516
f 1601 1600 516
f 516 1600 606
f 1600 1599 606
f 606 1599 607
f 1599 1598 607
f 607 1598 608
f 1598 1597 608
f 608 1597 325
f 1597 1306 325
f 325 1306 324
f 1306 1177 324
f 324 1177 323
f 1177 1176 323
f 323 1176 371
f 1176 1175 371
f 371 1175 373
f 1175 1431 373
f 373 1431 374
f 1431 1430 374
f 374 1430 417
f 1430 1304 417
f 417 1304 418
f 1304 1303 418
f 418 1303 375
f 1303 1302 375
f 375 1302 376
f 1302 1173 376
f 376 1173 377
f 1173 1172 377
f 377 1172 378
f 1172 1226 378
f 378 1226 609
f 1226 1594 609
f 609 1594 610
f 1687 1686 605
f 1686 695 605
f 943 1954 1749
f 943 1749 688
f 1749 1748 688
f 688 1748 689
f 1748 1607 689
f 689 1607 690
f 1607 1606 690
f 690 1606 691
f 1606 1781 691
f 691 1781 692
f 1781 1780 692
f 692 1780 816
f 1780 1747 816
f 816 1747 817
f 1747 1746 817
f 817 1746 693
f 1746 1745 693
f 693 1745 694
f 1745 1744 694
f 694 1744 758
f 1744 1743 758
f 758 1743 759
f 1743 1742 759
f 759 1742 369
f 1742 1605 369
f 369 1605 370
f 1605 1604 370
f 370 1604 513
f 1604 1434 513
f 513 1434 514
f 1434 1433 514
f 514 1433 415
f 1433 1432 415
f 415 1432 416
f 1432 1369 416
f 416 1369 603
f 1369 1368 603
f 603 1368 604
f 1368 1687 604
f 604 1687 605
f 893 1824 888
f 1824 1790 888
f 888 1790 894
f 1790 1861 894
f 894 1861 933
f 1861 1862 933
f 933 1862 934
f 1862 1886 934
f 934 1886 935
f 1886 1885 935
f 935 1885 981
f 1885 1884 981
f 981 1884 982
f 1884 1883 982
f 982 1883 983
f 1883 1882 983
f 983 1882 1019
f 1882 1881 1019
f 1019 1881 1020
f 1881 1880 1020
f 1020 1880 747
f 1880 1879 747
f 747 1879 748
f 1879 1708 748
f 748 1708 749
f 1708 1707 749
f 498 1706 895
f 1706 1860 895
f 895 1860 886
f 1860 1828 886
f 886 1828 887
f 1828 1827 887
f 887 1827 889
f 1827 1826 889
f 889 1826 978
f 1826 1792 978
f 978 1792 979
f 1792 1791 979
f 979 1791 980
f 1791 1891 980
f 980 1891 1017
f 1891 1890 1017
f 1017 1890 1018
f 1890 1865 1018
f 1018 1865 890
f 1865 1864 890
f 890 1864 891
f 1864 1863 891
f 891 1863 892
f 1863 1825 892
f 892 1825 893
f 1825 1824 893
f 810 1711 1710
f 810 1710 811
f 1710 1709 811
f 811 1709 494
f 1709 1381 494
f 494 1381 495
f 1381 1380 495
f 495 1380 578
f 1380 1450 578
f 578 1450 579
f 1450 1449 579
f 579 1449 580
f 1449 1448 580
f 580 1448 320
f 1448 1235 320
f 320 1235 319
f 1235 1232 319
f 319 1232 318
f 1232 1231 318
f 318 1231 349
f 1231 1230 349
f 349 1230 351
f 1230 1540 351
f 351 1540 352
f 1540 1539 352
f 352 1539 407
f 1539 1379 407
f 407 1379 408
f 1379 1378 408
f 408 1378 355
f 1378 1377 355
f 355 1377 354
f 1377 1228 354
f 354 1228 353
f 1228 1227 353
f 353 1227 496
f 1227 1307 496
f 496 1307 497
f 1307 1706 497
f 497 1706 498
f 1628 1711 809
f 1711 810 809
f 977 1892 1717
f 977 1717 570
f 1717 1716 570
f 570 1716 571
f 1716 1461 571
f 571 1461 572
f 1461 1460 572
f 572 1460 573
f 1460 1715 573
f 573 1715 574
f 1715 1714 574
f 574 1714 744
f 1714 1634 744
f 744 1634 745
f 1634 1633 745
f 745 1633 746
f 1633 1713 746
f 746 1713 806
f 1713 1712 806
f 806 1712 807
f 1712 1632 807
f 807 1632 808
f 1632 1631 808
f 808 1631 316
f 1631 1458 316
f 316 1458 317
f 1458 1457 317
f 317 1457 491
f 1457 1455 491
f 491 1455 492
f 1455 1454 492
f 492 1454 493
f 1454 1453 493
f 493 1453 575
f 1453 1452 575
f 575 1452 576
f 1452 1629 576
f 576 1629 577
f 1629 1628 577
f 577 1628 809
f 1087 1966 1085
f 1966 1964 1085
f 1085 1964 1064
f 1964 1963 1064
f 1064 1963 1062
f 1963 1910 1062
f 1062 1910 1040
f 1910 1926 1040
f 1040 1926 1041
f 1926 1914 1041
f 1041 1914 1042
f 1914 1913 1042
f 1042 1913 1043
f 1913 1760 1043
f 1043 1760 1044
f 1760 1829 1044
f 1044 1829 1045
f 1829 1907 1045
f 1045 1907 1065
f 1907 1906 1065
f 1065 1906 1066
f 1906 1894 1066
f 1066 1894 1016
f 1894 1893 1016
f 1016 1893 977
f 1893 1892 977
f 1011 1719 1012
f 1719 1759 1012
f 1012 1759 1013
f 1759 1929 1013
f 1013 1929 1038
f 1929 1928 1038
f 1038 1928 1039
f 1928 1917 1039
f 1039 1917 975
f 1917 1916 975
f 975 1916 976
f 1916 1915 976
f 976 1915 1014
f 1915 1911 1014
f 1014 1911 1015
f 1911 1912 1015
f 1015 1912 1060
f 1912 1927 1060
f 1060 1927 1061
f 1927 1909 1061
f 1061 1909 1063
f 1909 1908 1063
f 1063 1908 1086
f 1908 1965 1086
f 1086 1965 1087
f 1965 1966 1087
f 677 1764 1641
f 677 1641 678
f 1641 1640 678
f 678 1640 403
f 1640 1464 403
f 403 1464 404
f 1464 1463 404
f 404 1463 566
f 1463 1639 566
f 566 1639 567
f 1639 1638 567
f 567 1638 568
f 1638 1636 568
f 568 1636 569
f 1636 1635 569
f 569 1635 737
f 1635 1763 737
f 737 1763 738
f 1763 1762 738
f 738 1762 739
f 1762 1761 739
f 739 1761 405
f 1761 1720 405
f 405 1720 406
f 1720 1722 406
f 406 1722 740
f 1722 1723 740
f 740 1723 741
f 1723 1542 741
f 741 1542 742
f 1542 1541 742
f 742 1541 743
f 1541 1630 743
f 743 1630 347
f 1630 1459 347
f 347 1459 348
f 1459 1718 348
f 348 1718 1010
f 1718 1719 1010
f 1010 1719 1011
f 1765 1764 736
f 1764 677 736
f 799 1555 1310
f 799 1310 473
f 1310 1551 473
f 473 1551 482
f 1551 1553 482
f 482 1553 559
f 1553 1554 559
f 559 1554 560
f 1554 1549 560
f 560 1549 561
f 1549 1547 561
f 561 1547 562
f 1547 1546 562
f 562 1546 483
f 1546 1472 483
f 483 1472 484
f 1472 1471 484
f 484 1471 485
f 1471 1465 485
f 485 1465 486
f 1465 1467 486
f 486 1467 487
f 1467 1469 487
f 487 1469 488
f 1469 1470 488
f 488 1470 563
f 1470 1645 563
f 563 1645 564
f 1645 1644 564
f 564 1644 565
f 1644 1643 565
f 565 1643 489
f 1643 1544 489
f 489 1544 490
f 1544 1543 490
f 490 1543 734
f 1543 1766 734
f 734 1766 735
f 1766 1765 735
f 735 1765 736
f 803 1384 804
f 1384 1383 804
f 804 1383 805
f 1383 1556 805
f 805 1556 878
f 1556 1771 878
f 878 1771 931
f 1771 1726 931
f 931 1726 882
f 1726 1725 882
f 882 1725 884
f 1725 1794 884
f 884 1794 885
f 1794 1793 885
f 885 1793 883
f 1793 1767 883
f 883 1767 881
f 1767 1768 881
f 881 1768 932
f 1768 1769 932
f 932 1769 879
f 1769 1724 879
f 879 1724 880
f 1724 1770 880
f 880 1770 799
f 1770 1555 799
f 798 1650 800
f 1650 1649 800
f 800 1649 801
f 1649 1648 801
f 801 1648 970
f 1648 1834 970
f 970 1834 971
f 1834 1833 971
f 971 1833 972
f 1833 1832 972
f 972 1832 973
f 1832 1831 973
f 973 1831 974
f 1831 1830 974
f 974 1830 845
f 1830 1647 845
f 845 1647 846
f 1647 1646 846
f 846 1646 876
f 1646 1727 876
f 876 1727 877
f 1727 1772 877
f 877 1772 802
f 1772 1385 802
f 802 1385 803
f 1385 1384 803
f 673 1557 1391
f 673 1391 674
f 1391 1390 674
f 674 1390 402
f 1390 1389 402
f 402 1389 401
f 1389 1237 401
f 401 1237 400
f 1237 1236 400
f 400 1236 471
f 1236 1316 471
f 471 1316 472
f 1316 1315 472
f 472 1315 474
f 1315 1314 474
f 474 1314 475
f 1314 1313 475
f 475 1313 476
f 1313 1312 476
f 476 1312 477
f 1312 1311 477
f 477 1311 478
f 1311 1309 478
f 478 1309 479
f 1309 1308 479
f 479 1308 480
f 1308 1475 480
f 480 1475 481
f 1475 1474 481
f 481 1474 675
f 1474 1388 675
f 675 1388 676
f 1388 1387 676
f 676 1387 557
f 1387 1386 557
f 557 1386 558
f 1386 1651 558
f 558 1651 797
f 1651 1650 797
f 797 1650 798
f 1558 1557 556
f 1557 673 556
f 733 1560 1095
f 733 1095 301
f 1095 1106 301
f 301 1106 461
f 1106 1484 461
f 461 1484 462
f 1484 1483 462
f 462 1483 463
f 1483 1482 463
f 463 1482 464
f 1482 1481 464
f 464 1481 551
f 1481 1480 551
f 551 1480 552
f 1480 1479 552
f 552 1479 553
f 1479 1478 553
f 553 1478 399
f 1478 1398 399
f 399 1398 398
f 1398 1400 398
f 398 1400 397
f 1400 1477 397
f 397 1477 465
f 1477 1476 465
f 465 1476 466
f 1476 1397 466
f 466 1397 467
f 1397 1396 467
f 467 1396 468
f 1396 1395 468
f 468 1395 469
f 1395 1394 469
f 469 1394 470
f 1394 1393 470
f 470 1393 554
f 1393 1392 554
f 554 1392 555
f 1392 1558 555
f 555 1558 556
f 671 1845 672
f 1845 1652 672
f 672 1652 930
f 1652 1842 930
f 930 1842 962
f 1842 1840 962
f 962 1840 963
f 1840 1839 963
f 963 1839 964
f 1839 1838 964
f 964 1838 965
f 1838 1837 965
f 965 1837 966
f 1837 1836 966
f 966 1836 967
f 1836 1835 967
f 967 1835 968
f 1835 1797 968
f 968 1797 969
f 1797 1796 969
f 969 1796 731
f 1796 1795 731
f 731 1795 732
f 1795 1561 732
f 732 1561 733
f 1561 1560 733
f 460 1559 929
f 1559 1841 929
f 929 1841 959
f 1841 1654 959
f 959 1654 960
f 1654 1653 960
f 960 1653 961
f 1653 1843 961
f 961 1843 926
f 1843 1804 926
f 926 1804 927
f 1804 1803 927
f 927 1803 872
f 1803 1802 872
f 872 1802 873
f 1802 1801 873
f 873 1801 874
f 1801 1799 874
f 874 1799 928
f 1799 1798 928
f 928 1798 875
f 1798 1800 875
f 875 1800 670
f 1800 1844 670
f 670 1844 671
f 1844 1845 671
f 454 1405 1182
f 454 1182 455
f 1182 1181 455
f 455 1181 393
f 1181 1404 393
f 393 1404 394
f 1404 1403 394
f 394 1403 456
f 1403 1108 456
f 456 1108 457
f 1108 1107 457
f 457 1107 313
f 1107 1180 313
f 313 1180 314
f 1180 1179 314
f 314 1179 315
f 1179 1094 315
f 315 1094 303
f 1094 1093 303
f 303 1093 302
f 1093 1402 302
f 302 1402 300
f 1402 1401 300
f 300 1401 395
f 1401 1319 395
f 395 1319 396
f 1319 1318 396
f 396 1318 343
f 1318 1317 343
f 343 1317 344
f 1317 1242 344
f 344 1242 345
f 1242 1241 345
f 345 1241 346
f 1241 1240 346
f 346 1240 458
f 1240 1239 458
f 458 1239 459
f 1239 1559 459
f 459 1559 460
f 1406 1405 392
f 1405 454 392
f 729 1566 1565
f 729 1565 730
f 1565 1564 730
f 730 1564 448
f 1564 1321 448
f 448 1321 449
f 1321 1320 449
f 449 1320 450
f 1320 1563 450
f 450 1563 451
f 1563 1562 451
f 451 1562 668
f 1562 1490 668
f 668 1490 669
f 1490 1489 669
f 669 1489 452
f 1489 1488 452
f 452 1488 453
f 1488 1487 453
f 453 1487 549
f 1487 1486 549
f 549 1486 550
f 1486 1485 550
f 550 1485 297
f 1485 1246 297
f 297 1246 298
f 1246 1245 298
f 298 1245 309
f 1245 1244 309
f 309 1244 310
f 1244 1243 310
f 310 1243 311
f 1243 1185 311
f 311 1185 312
f 1185 1184 312
f 312 1184 390
f 1184 1183 390
f 390 1183 391
f 1183 1406 391
f 391 1406 392

