# https://github.com/mikedh/trimesh
v -0.25097972 0.00400940 -0.01566359
v -0.25430769 0.00400937 -0.01607933
v -0.25432736 0.00309808 -0.01585960
v -0.25372753 0.01274965 -0.02255617
v -0.25009781 0.01324709 -0.02297498
v -0.25365558 0.01321886 -0.02335944
v -0.25000000 0.01365302 -0.02378750
v -0.25358135 0.01363551 -0.02418833
v -0.25350541 0.01399694 -0.02503614
v -0.25392443 0.01106700 -0.02035839
v -0.25036681 0.01176757 -0.02074197
v -0.25386238 0.01166919 -0.02105083
v -0.25029323 0.01223176 -0.02135259
v -0.25379661 0.01223159 -0.02178478
v -0.25025415 0.01245879 -0.02167697
v -0.25021872 0.01265362 -0.02197091
v -0.25403854 0.00973202 -0.01908421
v -0.25057238 0.01016424 -0.01903725
v -0.25398293 0.01042419 -0.01970530
v -0.25054330 0.01042339 -0.01927829
v -0.25047293 0.01100306 -0.01986178
v -0.25409040 0.00899950 -0.01850505
v -0.25066495 0.00924856 -0.01827019
v -0.25061795 0.00973207 -0.01865967
v -0.25418130 0.00743643 -0.01749031
v -0.25076926 0.00800387 -0.01740616
v -0.25413808 0.00823224 -0.01797249
v -0.25075591 0.00817869 -0.01751655
v -0.25068974 0.00897590 -0.01806465
v -0.25421977 0.00661858 -0.01706121
v -0.25083953 0.00698068 -0.01682412
v -0.25080979 0.00743650 -0.01707037
v -0.25428304 0.00490435 -0.01635467
v -0.25090045 0.00590577 -0.01631969
v -0.25425366 0.00577615 -0.01668311
v -0.25089824 0.00594912 -0.01633807
v -0.25086147 0.00661861 -0.01664261
v -0.25097254 0.00422138 -0.01572319
v -0.25096336 0.00447575 -0.01579913
v -0.25095171 0.00477755 -0.01589557
v -0.25434193 0.00217763 -0.01569695
v -0.25101516 0.00271853 -0.01537055
v -0.25100008 0.00333250 -0.01549518
v -0.25435573 0.00033309 -0.01554335
v -0.25104094 0.00097869 -0.01515721
v -0.25435138 0.00125516 -0.01559178
v -0.25103769 0.00133221 -0.01518413
v -0.25102600 0.00216684 -0.01528079
v -0.25104368 -0.00052139 -0.01513463
v -0.25104454 -0.00023240 -0.01512747
v -0.25435501 -0.00059037 -0.01555120
v -0.25104475 0.00000037 -0.01512569
v -0.25104430 0.00033310 -0.01512934
v -0.25103769 -0.00133166 -0.01518409
v -0.25434914 -0.00152432 -0.01561657
v -0.25103319 -0.00170326 -0.01522134
v -0.25433809 -0.00245421 -0.01573970
v -0.25102067 -0.00245424 -0.01532495
v -0.25430098 -0.00427308 -0.01615418
v -0.25099897 -0.00337280 -0.01550429
v -0.25432199 -0.00337277 -0.01591958
v -0.25101158 -0.00287599 -0.01540000
v -0.25101525 -0.00271373 -0.01536968
v -0.25427532 -0.00514987 -0.01644098
v -0.25097257 -0.00422004 -0.01572281
v -0.25097874 -0.00403917 -0.01567176
v -0.25424474 -0.00601154 -0.01678254
v -0.25092271 -0.00544895 -0.01613556
v -0.25093430 -0.00519215 -0.01603955
v -0.25416890 -0.00767648 -0.01762873
v -0.25086644 -0.00653261 -0.01660126
v -0.25420919 -0.00685601 -0.01717924
v -0.25089499 -0.00601154 -0.01636481
v -0.25089741 -0.00596526 -0.01634495
v -0.25407547 -0.00922007 -0.01867171
v -0.25072369 -0.00858064 -0.01778343
v -0.25412419 -0.00846646 -0.01812763
v -0.25075510 -0.00818923 -0.01752331
v -0.25080013 -0.00757669 -0.01715024
v -0.25402316 -0.00993233 -0.01925604
v -0.25063679 -0.00954303 -0.01850343
v -0.25066757 -0.00922015 -0.01824831
v -0.25384611 -0.01181513 -0.02123238
v -0.25041741 -0.01141815 -0.02032228
v -0.25390989 -0.01121488 -0.02052059
v -0.25052038 -0.01061949 -0.01946852
v -0.25396705 -0.01060660 -0.01988256
v -0.25054330 -0.01042346 -0.01927835
v -0.25061551 -0.00975604 -0.01867986
v -0.25370938 -0.01287442 -0.02275873
v -0.25026971 -0.01236986 -0.02154769
v -0.25377908 -0.01236969 -0.02198042
v -0.25030658 -0.01215129 -0.02124193
v -0.25035962 -0.01181526 -0.02080175
v -0.25363752 -0.01332622 -0.02356097
v -0.25012422 -0.01312651 -0.02275568
v -0.25018761 -0.01281681 -0.02222946
v -0.25332835 -0.01461083 -0.02701254
v -0.25000000 -0.01437023 -0.02569926
v -0.25340867 -0.01437011 -0.02611595
v -0.25000000 -0.01414049 -0.02499536
v -0.25348735 -0.01407381 -0.02523776
v -0.25000000 -0.01372481 -0.02394775
v -0.25356376 -0.01372480 -0.02438456
v -0.25000000 -0.01365301 -0.02378750
v -0.25007987 -0.01332630 -0.02312403
v -0.25308377 -0.01498668 -0.02974331
v -0.25000000 -0.01495253 -0.02880757
v -0.25316533 -0.01491932 -0.02883271
v -0.25000000 -0.01479437 -0.02752477
v -0.25324702 -0.01479415 -0.02792049
v -0.25000000 -0.01479271 -0.02751489
v -0.25000000 -0.01452135 -0.02624095
v -0.25284398 -0.01485533 -0.03242019
v -0.25000000 -0.01493357 -0.03141008
v -0.25292656 -0.01495621 -0.03149826
v -0.25000000 -0.01499852 -0.03021045
v -0.25300923 -0.01499852 -0.03057524
v -0.25000000 -0.01499960 -0.03010924
v -0.25000000 -0.01498672 -0.02936883
v -0.25000000 -0.01469671 -0.03300114
v -0.25000000 -0.01475494 -0.03270029
v -0.25000000 -0.01485552 -0.03207689
v -0.25252640 -0.01388979 -0.03596547
v -0.25000000 -0.01421245 -0.03479647
v -0.25260317 -0.01421238 -0.03510853
v -0.25000000 -0.01446506 -0.03397014
v -0.25268167 -0.01448130 -0.03423208
v -0.25276214 -0.01469649 -0.03333381
v -0.25230625 -0.01259244 -0.03842359
v -0.25000000 -0.01295381 -0.03756298
v -0.25237736 -0.01307739 -0.03762966
v -0.25000000 -0.01351089 -0.03651581
v -0.25245094 -0.01351084 -0.03680809
v -0.25000000 -0.01356108 -0.03641069
v -0.25000000 -0.01406610 -0.03521006
v -0.25000000 -0.01206014 -0.03891925
v -0.25000000 -0.01224887 -0.03865824
v -0.25000000 -0.01259263 -0.03815020
v -0.25205508 -0.01021270 -0.04122726
v -0.25000000 -0.01086935 -0.04033718
v -0.25211257 -0.01086933 -0.04058554
v -0.25000000 -0.01145156 -0.03968822
v -0.25217351 -0.01148472 -0.03990502
v -0.25223815 -0.01205997 -0.03918381
v -0.25190365 -0.00798651 -0.04291806
v -0.25000000 -0.00856881 -0.04231160
v -0.25195000 -0.00876337 -0.04240088
v -0.25000000 -0.00950745 -0.04160208
v -0.25200060 -0.00950738 -0.04183581
v -0.25000000 -0.00960457 -0.04152181
v -0.25000000 -0.01056791 -0.04064515
v -0.25179243 -0.00550681 -0.04415939
v -0.25000000 -0.00631176 -0.04360741
v -0.25182495 -0.00635900 -0.04379638
v -0.25000000 -0.00718319 -0.04316821
v -0.25186193 -0.00718311 -0.04338391
v -0.25000000 -0.00746844 -0.04300855
v -0.25000000 -0.00798663 -0.04269700
v -0.25000000 -0.00462708 -0.04426850
v -0.25000000 -0.00510748 -0.04410367
v -0.25000000 -0.00550681 -0.04395260
v -0.25172737 0.00304304 -0.04488621
v -0.25000000 0.00211961 -0.04484949
v -0.25171307 0.00211957 -0.04504579
v -0.25000000 0.00130129 -0.04494345
v -0.25170389 0.00118737 -0.04514814
v -0.25000000 0.00025375 -0.04499785
v -0.25169986 0.00025375 -0.04519263
v -0.25000000 0.00000000 -0.04500000
v -0.25169969 -0.00000000 -0.04519476
v -0.25000000 -0.00130129 -0.04494345
v -0.25170246 -0.00096795 -0.04516378
v -0.25000000 -0.00188950 -0.04488052
v -0.25171033 -0.00188947 -0.04507649
v -0.25000000 -0.00259277 -0.04477422
v -0.25172329 -0.00281131 -0.04493179
v -0.25000000 -0.00386470 -0.04449359
v -0.25174138 -0.00372623 -0.04472977
v -0.25176448 -0.00462706 -0.04447158
v -0.25179937 0.00570220 -0.04408160
v -0.25000000 0.00510748 -0.04410367
v -0.25177062 0.00483601 -0.04440295
v -0.25000000 0.00395073 -0.04447037
v -0.25174662 0.00395070 -0.04467106
v -0.25000000 0.00386470 -0.04449359
v -0.25000000 0.00259277 -0.04477422
v -0.25196224 0.00895263 -0.04226398
v -0.25000000 0.00818540 -0.04256978
v -0.25191492 0.00818527 -0.04279229
v -0.25000000 0.00746844 -0.04300855
v -0.25187179 0.00738358 -0.04327382
v -0.25000000 0.00655370 -0.04349255
v -0.25183317 0.00655367 -0.04370459
v -0.25000000 0.00631176 -0.04360741
v -0.25000000 0.00570220 -0.04387389
v -0.25212628 0.01101468 -0.04043228
v -0.25000000 0.01056791 -0.04064515
v -0.25206795 0.01036715 -0.04108333
v -0.25000000 0.00968039 -0.04145819
v -0.25201333 0.00968033 -0.04169358
v -0.25000000 0.00960457 -0.04152181
v -0.25000000 0.00856881 -0.04231160
v -0.25239509 0.01318806 -0.03743145
v -0.25000000 0.01271929 -0.03795107
v -0.25232387 0.01271911 -0.03822676
v -0.25000000 0.01224887 -0.03865824
v -0.25225496 0.01219811 -0.03899610
v -0.25000000 0.01162860 -0.03947500
v -0.25218892 0.01162849 -0.03973321
v -0.25000000 0.01145156 -0.03968822
v -0.25000000 0.01101471 -0.04018215
v -0.25262177 0.01428155 -0.03490081
v -0.25000000 0.01406610 -0.03521006
v -0.25254375 0.01396809 -0.03577172
v -0.25000000 0.01360306 -0.03632114
v -0.25246817 0.01360303 -0.03661566
v -0.25000000 0.01356108 -0.03641069
v -0.25000000 0.01295381 -0.03756298
v -0.25294599 0.01497140 -0.03128145
v -0.25000000 0.01488589 -0.03184666
v -0.25286436 0.01488573 -0.03219261
v -0.25000000 0.01475494 -0.03270029
v -0.25278270 0.01474201 -0.03310423
v -0.25000000 0.01454044 -0.03368451
v -0.25270164 0.01454025 -0.03400933
v -0.25000000 0.01446506 -0.03397014
v -0.25000000 0.01428165 -0.03458634
v -0.25318593 0.01489322 -0.02860246
v -0.25000000 0.01495253 -0.02880757
v -0.25310326 0.01497576 -0.02952551
v -0.25000000 0.01500000 -0.03000000
v -0.25302786 0.01500000 -0.03036722
v -0.25000000 0.01499960 -0.03010924
v -0.25000000 0.01493357 -0.03141008
v -0.25000000 0.01414049 -0.02499536
v -0.25000000 0.01430231 -0.02547850
v -0.25342822 0.01430220 -0.02589772
v -0.25000000 0.01452135 -0.02624095
v -0.25334904 0.01455462 -0.02678166
v -0.25000000 0.01475262 -0.02728702
v -0.25326809 0.01475240 -0.02768547
v -0.25000000 0.01479271 -0.02751489
v -0.25000000 0.01489338 -0.02821469
v -0.28462610 0.00570220 -0.15000001
v -0.28490537 0.00633927 -0.15000001
v -0.28423062 0.00655358 -0.11940990
v -0.28593022 0.00818540 -0.15000001
v -0.28466558 0.00738333 -0.11938100
v -0.28550962 0.00750000 -0.15000001
v -0.28500745 0.00655370 -0.15000001
v -0.28621271 0.00860365 -0.15000001
v -0.28568476 0.00895232 -0.11931331
v -0.28515166 0.00818493 -0.11934872
v -0.28831786 0.01101471 -0.15000001
v -0.28687581 0.01036713 -0.11923420
v -0.28789338 0.01060660 -0.15000001
v -0.28626016 0.00968017 -0.11927509
v -0.28700933 0.00964181 -0.15000001
v -0.28646469 0.00895275 -0.15000001
v -0.28885818 0.01149067 -0.15000001
v -0.28823850 0.01162819 -0.11914369
v -0.28753284 0.01101462 -0.11919057
v -0.29054892 0.01271929 -0.15000001
v -0.28898251 0.01219761 -0.11909427
v -0.28989634 0.01228728 -0.15000001
v -0.28902501 0.01162860 -0.15000001
v -0.29100001 0.01299038 -0.15000001
v -0.29056138 0.01318774 -0.11898941
v -0.28975889 0.01271861 -0.11904271
v -0.29391366 0.01428165 -0.15000001
v -0.29223612 0.01396807 -0.11887818
v -0.29336971 0.01409539 -0.15000001
v -0.29138449 0.01360295 -0.11893474
v -0.29216072 0.01359462 -0.15000001
v -0.29135352 0.01318818 -0.15000001
v -0.29461771 0.01448889 -0.15000001
v -0.29401478 0.01453971 -0.11876003
v -0.29311508 0.01428128 -0.11881980
v -0.29665333 0.01488589 -0.15000001
v -0.29492819 0.01474139 -0.11869936
v -0.29589528 0.01477212 -0.15000001
v -0.29481548 0.01454044 -0.15000001
v -0.29719266 0.01494292 -0.15000001
v -0.29676762 0.01497122 -0.11857719
v -0.29584813 0.01488527 -0.11863826
v -0.29757512 0.01497146 -0.15000001
v -0.29850000 0.01500000 -0.15000001
v -0.29769021 0.01500000 -0.11851592
v -0.29935151 0.01497581 -0.15000001
v -0.29853961 0.01497560 -0.11845950
v -0.29980734 0.01494292 -0.15000001
v -0.29947105 0.01489277 -0.11839763
v -0.30110472 0.01477212 -0.15000001
v -0.30039641 0.01475178 -0.11833617
v -0.30121297 0.01475262 -0.15000001
v -0.30238229 0.01448889 -0.15000001
v -0.30130854 0.01455407 -0.11827559
v -0.30302149 0.01430231 -0.15000001
v -0.30220065 0.01430191 -0.11821634
v -0.30363029 0.01409539 -0.15000001
v -0.30307019 0.01399690 -0.11815858
v -0.30389309 0.01399695 -0.15000001
v -0.30483928 0.01359462 -0.15000001
v -0.30392572 0.01363545 -0.11810175
v -0.30558935 0.01321897 -0.15000001
v -0.30476207 0.01321855 -0.11804620
v -0.30599999 0.01299038 -0.15000001
v -0.30557257 0.01274916 -0.11799237
v -0.30710363 0.01228728 -0.15000001
v -0.30635104 0.01223109 -0.11794066
v -0.30718237 0.01223177 -0.15000001
v -0.30814183 0.01149067 -0.15000001
v -0.30709183 0.01166887 -0.11789146
v -0.30862525 0.01106703 -0.15000001
v -0.30779079 0.01106692 -0.11784504
v -0.30910659 0.01060660 -0.15000001
v -0.30844992 0.01042418 -0.11780126
v -0.30928594 0.01042419 -0.15000001
v -0.30999067 0.00964181 -0.15000001
v -0.30907649 0.00973187 -0.11775964
v -0.31078729 0.00860365 -0.15000001
v -0.30966073 0.00899920 -0.11772083
v -0.31103906 0.00823236 -0.15000001
v -0.31019810 0.00823188 -0.11768515
v -0.31149039 0.00750000 -0.15000001
v -0.31068483 0.00743617 -0.11765282
v -0.31209463 0.00633927 -0.15000001
v -0.31111813 0.00661848 -0.11762404
v -0.31234327 0.00577615 -0.15000001
v -0.31149983 0.00577615 -0.11759868
v -0.31259540 0.00513030 -0.15000001
v -0.31183115 0.00490431 -0.11757667
v -0.31267560 0.00490436 -0.15000001
v -0.31298888 0.00388229 -0.15000001
v -0.31210870 0.00400927 -0.11755824
v -0.31317657 0.00309812 -0.15000001
v -0.31233028 0.00309795 -0.11754353
v -0.31327212 0.00260472 -0.15000001
v -0.31249452 0.00217753 -0.11753262
v -0.31334108 0.00217767 -0.15000001
v -0.31344292 0.00130734 -0.15000001
v -0.31260091 0.00125511 -0.11752555
v -0.31349999 -0.00000000 -0.15000001
v -0.31265002 0.00033309 -0.11752228
v -0.31348836 -0.00059038 -0.15000001
v -0.31264207 -0.00059036 -0.11752281
v -0.31344292 -0.00130734 -0.15000001
v -0.31257579 -0.00152426 -0.11752722
v -0.31311589 -0.00337281 -0.15000001
v -0.31245133 -0.00245410 -0.11753549
v -0.31327212 -0.00260472 -0.15000001
v -0.31342235 -0.00152435 -0.15000001
v -0.31203324 -0.00427300 -0.11756326
v -0.31226978 -0.00337265 -0.11754754
v -0.31298888 -0.00388229 -0.15000001
v -0.31287846 -0.00427311 -0.15000001
v -0.31259540 -0.00513030 -0.15000001
v -0.31174409 -0.00514985 -0.11758246
v -0.31209463 -0.00633927 -0.15000001
v -0.31139949 -0.00601152 -0.11760534
v -0.31184146 -0.00685606 -0.15000001
v -0.31099895 -0.00685586 -0.11763195
v -0.31149039 -0.00750000 -0.15000001
v -0.31054509 -0.00767618 -0.11766209
v -0.31138682 -0.00767659 -0.15000001
v -0.31078729 -0.00860365 -0.15000001
v -0.31004155 -0.00846610 -0.11769554
v -0.31033167 -0.00922017 -0.15000001
v -0.30949262 -0.00921980 -0.11773200
v -0.30999067 -0.00964181 -0.15000001
v -0.30890316 -0.00993223 -0.11777115
v -0.30974045 -0.00993237 -0.15000001
v -0.30910659 -0.01060660 -0.15000001
v -0.30827105 -0.01060660 -0.11781313
v -0.30814183 -0.01149067 -0.15000001
v -0.30762705 -0.01121475 -0.11785591
v -0.30774119 -0.01181527 -0.15000001
v -0.30690858 -0.01181475 -0.11790363
v -0.30710363 -0.01228728 -0.15000001
v -0.30615360 -0.01236917 -0.11795378
v -0.30698445 -0.01236987 -0.15000001
v -0.30599999 -0.01299038 -0.15000001
v -0.30536819 -0.01287396 -0.11800595
v -0.30538547 -0.01332630 -0.15000001
v -0.30455872 -0.01332597 -0.11805971
v -0.30483928 -0.01359462 -0.15000001
v -0.30372772 -0.01372477 -0.11811490
v -0.30455226 -0.01372481 -0.15000001
v -0.30363029 -0.01409539 -0.15000001
v -0.30286670 -0.01407373 -0.11817209
v -0.30238229 -0.01448889 -0.15000001
v -0.30198038 -0.01436974 -0.11823096
v -0.30189374 -0.01461104 -0.15000001
v -0.30107552 -0.01461024 -0.11829107
v -0.30110472 -0.01477212 -0.15000001
v -0.30015925 -0.01479356 -0.11835192
v -0.30097523 -0.01479437 -0.15000001
v -0.29980734 -0.01494292 -0.15000001
v -0.29923871 -0.01491894 -0.11841306
v -0.29913118 -0.01498672 -0.15000001
v -0.29831982 -0.01498659 -0.11847410
v -0.29850000 -0.01500000 -0.15000001
v -0.29748026 -0.01499851 -0.11852986
v -0.29828957 -0.01499852 -0.15000001
v -0.29719266 -0.01494292 -0.15000001
v -0.29654881 -0.01495596 -0.11859173
v -0.29642311 -0.01485552 -0.15000001
v -0.29561850 -0.01485482 -0.11865352
v -0.29589528 -0.01477212 -0.15000001
v -0.29469651 -0.01469586 -0.11871476
v -0.29461771 -0.01448889 -0.15000001
v -0.29378998 -0.01448082 -0.11877497
v -0.29459015 -0.01448147 -0.15000001
v -0.29336971 -0.01409539 -0.15000001
v -0.29290545 -0.01421218 -0.11883372
v -0.29283664 -0.01388979 -0.15000001
v -0.29204059 -0.01388979 -0.11889116
v -0.29216072 -0.01359462 -0.15000001
v -0.29119033 -0.01351071 -0.11894764
v -0.29198420 -0.01351089 -0.15000001
v -0.29100001 -0.01299038 -0.15000001
v -0.29036137 -0.01307701 -0.11900269
v -0.29034981 -0.01259263 -0.15000001
v -0.28956026 -0.01259192 -0.11905590
v -0.28989634 -0.01228728 -0.15000001
v -0.28879306 -0.01205951 -0.11910686
v -0.28958076 -0.01206014 -0.15000001
v -0.28885818 -0.01149067 -0.15000001
v -0.28806508 -0.01148447 -0.11915521
v -0.28789338 -0.01060660 -0.15000001
v -0.28737816 -0.01086931 -0.11920084
v -0.28751361 -0.01021271 -0.15000001
v -0.28673059 -0.01021266 -0.11924385
v -0.28700933 -0.00964181 -0.15000001
v -0.28611669 -0.00950717 -0.11928462
v -0.28689793 -0.00950745 -0.15000001
v -0.28621271 -0.00860365 -0.15000001
v -0.28554663 -0.00876304 -0.11932249
v -0.28580299 -0.00798663 -0.15000001
v -0.28502473 -0.00798617 -0.11935715
v -0.28361949 -0.00188950 -0.15000001
v -0.28355709 -0.00130734 -0.15000001
v -0.28275809 -0.00096792 -0.11950771
v -0.28385001 0.00570220 -0.11943518
v -0.28352588 0.00483596 -0.11945671
v -0.28440461 0.00513030 -0.15000001
v -0.28325561 0.00395060 -0.11947466
v -0.28401113 0.00388229 -0.15000001
v -0.28303865 0.00304291 -0.11948907
v -0.28381193 0.00304308 -0.15000001
v -0.28287750 0.00211947 -0.11949977
v -0.28372788 0.00260472 -0.15000001
v -0.28277394 0.00118732 -0.11950665
v -0.28355709 0.00130734 -0.15000001
v -0.28272879 0.00025346 -0.11950944
v -0.28350213 0.00025375 -0.15000001
v -0.28272662 0.00000010 -0.11950964
v -0.28349999 -0.00000000 -0.15000001
v -0.28353128 -0.00096796 -0.15000001
v -0.31093889 -0.00245408 -0.09946647
v -0.31075808 -0.00337262 -0.09948809
v -0.31052250 -0.00427299 -0.09951628
v -0.31023455 -0.00514985 -0.09955074
v -0.30989128 -0.00601152 -0.09959181
v -0.30949229 -0.00685584 -0.09963954
v -0.30904019 -0.00767613 -0.09969363
v -0.30853862 -0.00846604 -0.09975363
v -0.30799186 -0.00921976 -0.09981904
v -0.30740479 -0.00993221 -0.09988929
v -0.30677518 -0.01060660 -0.09996462
v -0.30613372 -0.01121472 -0.10004136
v -0.30541801 -0.01181468 -0.10012698
v -0.30466598 -0.01236907 -0.10021695
v -0.30388367 -0.01287387 -0.10031055
v -0.30307743 -0.01332593 -0.10040700
v -0.30224973 -0.01372477 -0.10050603
v -0.30139208 -0.01407372 -0.10060864
v -0.30050924 -0.01436967 -0.10071426
v -0.29960793 -0.01461014 -0.10082209
v -0.29869527 -0.01479346 -0.10093128
v -0.29777837 -0.01491888 -0.10104098
v -0.29686308 -0.01498657 -0.10115048
v -0.29602686 -0.01499851 -0.10125053
v -0.29509908 -0.01495592 -0.10136153
v -0.29417241 -0.01485472 -0.10147239
v -0.29325408 -0.01469575 -0.10158227
v -0.29235110 -0.01448073 -0.10169029
v -0.29147002 -0.01421215 -0.10179570
v -0.29060856 -0.01388979 -0.10189877
v -0.28976166 -0.01351069 -0.10200009
v -0.28893602 -0.01307694 -0.10209887
v -0.28813806 -0.01259183 -0.10219434
v -0.28737384 -0.01205943 -0.10228577
v -0.28664872 -0.01148443 -0.10237252
v -0.28596446 -0.01086930 -0.10245438
v -0.28531945 -0.01021265 -0.10253155
v -0.28470802 -0.00950714 -0.10260470
v -0.28414026 -0.00876298 -0.10267264
v -0.28362039 -0.00798611 -0.10273483
v -0.28133342 0.00025375 -0.10300843
v -0.28133124 -0.00000000 -0.10300869
v -0.28215364 -0.00000000 -0.11124756
v -0.28136259 -0.00096791 -0.10300495
v -0.28218505 -0.00096791 -0.11124472
v -0.28145069 -0.00188937 -0.10299441
v -0.28284648 -0.00188938 -0.11950183
v -0.28159633 -0.00281116 -0.10297699
v -0.28299263 -0.00281118 -0.11949212
v -0.28179929 -0.00372610 -0.10295270
v -0.28319642 -0.00372612 -0.11947859
v -0.28205848 -0.00462700 -0.10292169
v -0.28345671 -0.00462701 -0.11946131
v -0.28237203 -0.00550680 -0.10288417
v -0.28377151 -0.00550680 -0.11944039
v -0.28273702 -0.00635894 -0.10284051
v -0.28413793 -0.00635895 -0.11941606
v -0.28315189 -0.00718286 -0.10279088
v -0.28455442 -0.00718290 -0.11938839
v -0.31106293 -0.00152425 -0.09945162
v -0.31112897 -0.00059036 -0.09944373
v -0.31113693 0.00033309 -0.09944278
v -0.31108797 0.00125510 -0.09944864
v -0.31098193 0.00217751 -0.09946132
v -0.31081834 0.00309793 -0.09948089
v -0.31059766 0.00400926 -0.09950729
v -0.31032124 0.00490430 -0.09954037
v -0.30999127 0.00577615 -0.09957985
v -0.30961102 0.00661846 -0.09962533
v -0.30917940 0.00743612 -0.09967697
v -0.30869454 0.00823182 -0.09973498
v -0.30815932 0.00899914 -0.09979901
v -0.30757743 0.00973185 -0.09986863
v -0.30695334 0.01042417 -0.09994330
v -0.30629680 0.01106690 -0.10002185
v -0.30560055 0.01166881 -0.10010514
v -0.30486265 0.01223100 -0.10019342
v -0.30408725 0.01274907 -0.10028619
v -0.30327997 0.01321850 -0.10038278
v -0.30244696 0.01363544 -0.10048243
v -0.30159476 0.01399690 -0.10058440
v -0.30072862 0.01430186 -0.10068802
v -0.29984003 0.01455398 -0.10079432
v -0.29893151 0.01475167 -0.10090302
v -0.29800978 0.01489269 -0.10101330
v -0.29708201 0.01497558 -0.10112429
v -0.29623595 0.01500000 -0.10122551
v -0.29531699 0.01497119 -0.10133546
v -0.29440117 0.01488518 -0.10144503
v -0.29348484 0.01474128 -0.10155465
v -0.29257503 0.01453962 -0.10166351
v -0.29167885 0.01428123 -0.10177072
v -0.29080331 0.01396807 -0.10187547
v -0.28995505 0.01360294 -0.10197695
v -0.28913519 0.01318768 -0.10207504
v -0.28833589 0.01271852 -0.10217067
v -0.28756255 0.01219753 -0.10226319
v -0.28682148 0.01162813 -0.10235185
v -0.28611857 0.01101460 -0.10243595
v -0.28546411 0.01036713 -0.10251424
v -0.28485093 0.00968014 -0.10258761
v -0.28427783 0.00895227 -0.10265618
v -0.28374684 0.00818486 -0.10271970
v -0.28326264 0.00738328 -0.10277763
v -0.28282934 0.00655357 -0.10282946
v -0.28245020 0.00570220 -0.10287482
v -0.28212741 0.00483596 -0.10291345
v -0.28185824 0.00395058 -0.10294566
v -0.28164214 0.00304289 -0.10297151
v -0.28148162 0.00211945 -0.10299071
v -0.28137842 0.00118732 -0.10300305
v -0.28372788 -0.00260472 -0.15000001
v -0.28401113 -0.00388229 -0.15000001
v -0.28423151 -0.00462708 -0.15000001
v -0.28440461 -0.00513030 -0.15000001
v -0.28490537 -0.00633927 -0.15000001
v -0.28533179 -0.00718319 -0.15000001
v -0.28550962 -0.00750000 -0.15000001
v -0.30897629 -0.00152425 -0.08515312
v -0.30885336 -0.00245409 -0.08517504
v -0.30867413 -0.00337263 -0.08520699
v -0.30844060 -0.00427299 -0.08524862
v -0.30815515 -0.00514985 -0.08529951
v -0.30781490 -0.00601152 -0.08536018
v -0.30741942 -0.00685584 -0.08543068
v -0.30697128 -0.00767615 -0.08551057
v -0.30647412 -0.00846606 -0.08559921
v -0.30593216 -0.00921977 -0.08569583
v -0.30535021 -0.00993222 -0.08579958
v -0.30472609 -0.01060660 -0.08591084
v -0.30409029 -0.01121473 -0.08602419
v -0.30338088 -0.01181471 -0.08615067
v -0.30263543 -0.01236910 -0.08628356
v -0.30185997 -0.01287390 -0.08642181
v -0.30106080 -0.01332594 -0.08656429
v -0.30024034 -0.01372477 -0.08671056
v -0.29939023 -0.01407372 -0.08686212
v -0.29851514 -0.01436969 -0.08701813
v -0.29762173 -0.01461017 -0.08717740
v -0.29671708 -0.01479349 -0.08733869
v -0.29580820 -0.01491890 -0.08750072
v -0.29490095 -0.01498658 -0.08766247
v -0.29407203 -0.01499851 -0.08781025
v -0.29315239 -0.01495593 -0.08797420
v -0.29223385 -0.01485475 -0.08813795
v -0.29132357 -0.01469579 -0.08830024
v -0.29042852 -0.01448076 -0.08845981
v -0.28955516 -0.01421216 -0.08861551
v -0.28870127 -0.01388979 -0.08876774
v -0.28786179 -0.01351070 -0.08891740
v -0.28704336 -0.01307696 -0.08906332
v -0.28625241 -0.01259186 -0.08920433
v -0.28549492 -0.01205945 -0.08933938
v -0.28477615 -0.01148444 -0.08946751
v -0.28409791 -0.01086930 -0.08958843
v -0.28345856 -0.01021265 -0.08970241
v -0.28285247 -0.00950715 -0.08981047
v -0.28228965 -0.00876300 -0.08991081
v -0.28177437 -0.00798613 -0.09000267
v -0.30904174 -0.00059036 -0.08514146
v -0.30904964 0.00033309 -0.08514005
v -0.30900109 0.00125510 -0.08514870
v -0.30889601 0.00217752 -0.08516743
v -0.30873385 0.00309794 -0.08519634
v -0.30851510 0.00400926 -0.08523534
v -0.30824107 0.00490431 -0.08528420
v -0.30791402 0.00577615 -0.08534250
v -0.30753708 0.00661847 -0.08540970
v -0.30710927 0.00743614 -0.08548597
v -0.30662867 0.00823184 -0.08557165
v -0.30609813 0.00899916 -0.08566623
v -0.30552134 0.00973185 -0.08576907
v -0.30490270 0.01042417 -0.08587936
v -0.30425194 0.01106691 -0.08599538
v -0.30356181 0.01166883 -0.08611841
v -0.30283037 0.01223103 -0.08624881
v -0.30206180 0.01274910 -0.08638583
v -0.30126157 0.01321852 -0.08652850
v -0.30043584 0.01363544 -0.08667571
v -0.29959112 0.01399690 -0.08682630
v -0.29873261 0.01430188 -0.08697936
v -0.29785180 0.01455401 -0.08713640
v -0.29695123 0.01475171 -0.08729694
v -0.29603761 0.01489272 -0.08745982
v -0.29511794 0.01497559 -0.08762378
v -0.29427931 0.01500000 -0.08777329
v -0.29336843 0.01497120 -0.08793569
v -0.29246059 0.01488521 -0.08809754
v -0.29155231 0.01474131 -0.08825946
v -0.29065049 0.01453965 -0.08842024
v -0.28976217 0.01428125 -0.08857860
v -0.28889433 0.01396807 -0.08873332
v -0.28805348 0.01360294 -0.08888323
v -0.28724083 0.01318770 -0.08902811
v -0.28644854 0.01271855 -0.08916936
v -0.28568196 0.01219755 -0.08930603
v -0.28494740 0.01162815 -0.08943699
v -0.28425065 0.01101461 -0.08956120
v -0.28360191 0.01036713 -0.08967685
v -0.28299412 0.00968015 -0.08978521
v -0.28242603 0.00895228 -0.08988649
v -0.28189969 0.00818488 -0.08998033
v -0.28141975 0.00738330 -0.09006589
v -0.28099027 0.00655357 -0.09014246
v -0.28061447 0.00570220 -0.09020945
v -0.28029448 0.00483596 -0.09026650
v -0.28002766 0.00395058 -0.09031408
v -0.27981344 0.00304290 -0.09035227
v -0.27965432 0.00211946 -0.09038063
v -0.27955204 0.00118732 -0.09039886
v -0.27950746 0.00025375 -0.09040681
v -0.27950531 -0.00000000 -0.09040719
v -0.27953640 -0.00096791 -0.09040166
v -0.27962369 -0.00188937 -0.09038609
v -0.27976802 -0.00281117 -0.09036036
v -0.27996922 -0.00372611 -0.09032449
v -0.28022617 -0.00462700 -0.09027868
v -0.28053695 -0.00550680 -0.09022327
v -0.28089875 -0.00635894 -0.09015878
v -0.28130999 -0.00718287 -0.09008545
v -0.30662659 -0.00059036 -0.07350335
v -0.30656207 -0.00152425 -0.07351897
v -0.30644086 -0.00245409 -0.07354831
v -0.30626416 -0.00337263 -0.07359109
v -0.30603391 -0.00427299 -0.07364683
v -0.30575249 -0.00514985 -0.07371496
v -0.30541703 -0.00601152 -0.07379618
v -0.30502713 -0.00685585 -0.07389057
v -0.30458531 -0.00767615 -0.07399753
v -0.30409515 -0.00846607 -0.07411621
v -0.30356082 -0.00921977 -0.07424556
v -0.30298707 -0.00993222 -0.07438447
v -0.30237174 -0.01060660 -0.07453343
v -0.30174488 -0.01121473 -0.07468519
v -0.30104548 -0.01181471 -0.07485452
v -0.30031055 -0.01236911 -0.07503245
v -0.29954600 -0.01287391 -0.07521755
v -0.29875809 -0.01332595 -0.07540829
v -0.29794919 -0.01372477 -0.07560413
v -0.29711103 -0.01407372 -0.07580704
v -0.29624829 -0.01436970 -0.07601591
v -0.29536748 -0.01461018 -0.07622916
v -0.29447556 -0.01479350 -0.07644509
v -0.29357949 -0.01491890 -0.07666203
v -0.29268500 -0.01498658 -0.07687858
v -0.29186776 -0.01499851 -0.07707643
v -0.29096109 -0.01495594 -0.07729593
v -0.29005548 -0.01485476 -0.07751518
v -0.28915802 -0.01469580 -0.07773245
v -0.28827557 -0.01448077 -0.07794609
v -0.28741455 -0.01421216 -0.07815455
v -0.28657266 -0.01388979 -0.07835836
v -0.28574502 -0.01351070 -0.07855874
v -0.28493813 -0.01307697 -0.07875408
v -0.28415832 -0.01259186 -0.07894287
v -0.28341147 -0.01205946 -0.07912368
v -0.28270283 -0.01148445 -0.07929524
v -0.28203416 -0.01086930 -0.07945713
v -0.28140381 -0.01021265 -0.07960974
v -0.28080624 -0.00950715 -0.07975440
v -0.28025138 -0.00876300 -0.07988873
v -0.27974334 -0.00798614 -0.08001173
v -0.30663437 0.00033309 -0.07350146
v -0.30658650 0.00125510 -0.07351305
v -0.30648291 0.00217752 -0.07353813
v -0.30632305 0.00309794 -0.07357684
v -0.30610737 0.00400926 -0.07362905
v -0.30583721 0.00490431 -0.07369445
v -0.30551472 0.00577615 -0.07377252
v -0.30514315 0.00661847 -0.07386249
v -0.30472136 0.00743614 -0.07396460
v -0.30424753 0.00823185 -0.07407931
v -0.30372447 0.00899916 -0.07420594
v -0.30315578 0.00973186 -0.07434362
v -0.30254588 0.01042417 -0.07449128
v -0.30190426 0.01106691 -0.07464661
v -0.30122384 0.01166884 -0.07481134
v -0.30050275 0.01223104 -0.07498592
v -0.29974496 0.01274910 -0.07516937
v -0.29895601 0.01321852 -0.07536038
v -0.29814193 0.01363544 -0.07555746
v -0.29730910 0.01399690 -0.07575908
v -0.29646268 0.01430188 -0.07596401
v -0.29559427 0.01455402 -0.07617424
v -0.29470640 0.01475172 -0.07638919
v -0.29380566 0.01489273 -0.07660727
v -0.29289895 0.01497559 -0.07682678
v -0.29207212 0.01500000 -0.07702696
v -0.29117405 0.01497120 -0.07724437
v -0.29027903 0.01488522 -0.07746106
v -0.28938356 0.01474132 -0.07767785
v -0.28849441 0.01453965 -0.07789311
v -0.28761861 0.01428125 -0.07810514
v -0.28676301 0.01396807 -0.07831228
v -0.28593400 0.01360294 -0.07851298
v -0.28513280 0.01318770 -0.07870695
v -0.28435165 0.01271856 -0.07889606
v -0.28359589 0.01219756 -0.07907903
v -0.28287166 0.01162815 -0.07925437
v -0.28218475 0.01101461 -0.07942067
v -0.28154516 0.01036713 -0.07957552
v -0.28094590 0.00968015 -0.07972059
v -0.28038582 0.00895229 -0.07985619
v -0.27986690 0.00818489 -0.07998181
v -0.27939373 0.00738330 -0.08009636
v -0.27897030 0.00655357 -0.08019888
v -0.27859980 0.00570220 -0.08028858
v -0.27828431 0.00483596 -0.08036496
v -0.27802125 0.00395059 -0.08042865
v -0.27781004 0.00304290 -0.08047977
v -0.27765319 0.00211946 -0.08051775
v -0.27755234 0.00118732 -0.08054216
v -0.27750838 0.00025375 -0.08055282
v -0.27750626 -0.00000000 -0.08055332
v -0.27753690 -0.00096791 -0.08054591
v -0.27762297 -0.00188938 -0.08052506
v -0.27776527 -0.00281117 -0.08049061
v -0.27796361 -0.00372611 -0.08044259
v -0.27821696 -0.00462700 -0.08038126
v -0.27852339 -0.00550680 -0.08030708
v -0.27888006 -0.00635894 -0.08022073
v -0.27928552 -0.00718288 -0.08012257
v -0.30448836 0.00033309 -0.06550806
v -0.30448073 -0.00059036 -0.06551035
v -0.30441716 -0.00152425 -0.06552937
v -0.30429783 -0.00245409 -0.06556509
v -0.30412379 -0.00337263 -0.06561716
v -0.30389705 -0.00427299 -0.06568500
v -0.30361989 -0.00514985 -0.06576791
v -0.30328953 -0.00601152 -0.06586676
v -0.30290553 -0.00685585 -0.06598166
v -0.30247045 -0.00767615 -0.06611185
v -0.30198774 -0.00846606 -0.06625628
v -0.30146152 -0.00921977 -0.06641372
v -0.30089647 -0.00993222 -0.06658278
v -0.30029050 -0.01060660 -0.06676409
v -0.29967314 -0.01121473 -0.06694880
v -0.29898438 -0.01181471 -0.06715490
v -0.29826060 -0.01236911 -0.06737146
v -0.29750767 -0.01287390 -0.06759673
v -0.29673171 -0.01332595 -0.06782889
v -0.29593509 -0.01372477 -0.06806725
v -0.29510969 -0.01407372 -0.06831422
v -0.29426003 -0.01436970 -0.06856844
v -0.29339260 -0.01461018 -0.06882798
v -0.29251423 -0.01479349 -0.06909080
v -0.29163176 -0.01491890 -0.06935483
v -0.29075086 -0.01498658 -0.06961840
v -0.28994605 -0.01499851 -0.06985921
v -0.28905314 -0.01495594 -0.07012637
v -0.28816128 -0.01485476 -0.07039321
v -0.28727746 -0.01469579 -0.07065766
v -0.28640839 -0.01448076 -0.07091769
v -0.28556046 -0.01421216 -0.07117140
v -0.28473136 -0.01388979 -0.07141947
v -0.28391626 -0.01351070 -0.07166335
v -0.28312165 -0.01307697 -0.07190111
v -0.28235367 -0.01259186 -0.07213088
v -0.28161818 -0.01205946 -0.07235095
v -0.28092030 -0.01148444 -0.07255976
v -0.28026178 -0.01086930 -0.07275680
v -0.27964100 -0.01021265 -0.07294253
v -0.27905253 -0.00950715 -0.07311860
v -0.27850604 -0.00876300 -0.07328210
v -0.27800572 -0.00798613 -0.07343180
v -0.30444124 0.00125510 -0.06552216
v -0.30433923 0.00217752 -0.06555270
v -0.30418178 0.00309794 -0.06559981
v -0.30396938 0.00400926 -0.06566335
v -0.30370334 0.00490431 -0.06574295
v -0.30338576 0.00577615 -0.06583797
v -0.30301979 0.00661847 -0.06594747
v -0.30260441 0.00743614 -0.06607176
v -0.30213779 0.00823184 -0.06621137
v -0.30162269 0.00899916 -0.06636550
v -0.30106261 0.00973186 -0.06653307
v -0.30046198 0.01042417 -0.06671278
v -0.29983011 0.01106691 -0.06690184
v -0.29916003 0.01166883 -0.06710234
v -0.29844987 0.01223103 -0.06731482
v -0.29770362 0.01274910 -0.06753810
v -0.29692665 0.01321852 -0.06777058
v -0.29612491 0.01363544 -0.06801045
v -0.29530475 0.01399690 -0.06825585
v -0.29447117 0.01430188 -0.06850526
v -0.29361597 0.01455401 -0.06876115
v -0.29274157 0.01475171 -0.06902277
v -0.29185450 0.01489272 -0.06928819
v -0.29096156 0.01497559 -0.06955536
v -0.29014730 0.01500000 -0.06979899
v -0.28926286 0.01497120 -0.07006361
v -0.28838143 0.01488521 -0.07032734
v -0.28749955 0.01474132 -0.07059121
v -0.28662392 0.01453965 -0.07085320
v -0.28576142 0.01428125 -0.07111127
v -0.28491881 0.01396807 -0.07136338
v -0.28410238 0.01360294 -0.07160766
v -0.28331333 0.01318770 -0.07184374
v -0.28254408 0.01271855 -0.07207391
v -0.28179979 0.01219756 -0.07229660
v -0.28108656 0.01162815 -0.07251001
v -0.28041008 0.01101461 -0.07271242
v -0.27978021 0.01036713 -0.07290088
v -0.27919003 0.00968015 -0.07307746
v -0.27863845 0.00895229 -0.07324249
v -0.27812743 0.00818489 -0.07339539
v -0.27766144 0.00738330 -0.07353482
v -0.27724442 0.00655357 -0.07365960
v -0.27687955 0.00570220 -0.07376877
v -0.27656886 0.00483596 -0.07386173
v -0.27630979 0.00395059 -0.07393924
v -0.27610180 0.00304290 -0.07400147
v -0.27594730 0.00211946 -0.07404769
v -0.27584803 0.00118732 -0.07407741
v -0.27580473 0.00025375 -0.07409037
v -0.27580264 -0.00000000 -0.07409099
v -0.27583280 -0.00096791 -0.07408196
v -0.27591756 -0.00188937 -0.07405660
v -0.27605769 -0.00281117 -0.07401466
v -0.27625304 -0.00372611 -0.07395622
v -0.27650255 -0.00462700 -0.07388157
v -0.27680430 -0.00550680 -0.07379129
v -0.27715558 -0.00635894 -0.07368618
v -0.27755487 -0.00718287 -0.07356671
v -0.30159640 -0.00245409 -0.05742274
v -0.30171317 -0.00152425 -0.05737907
v -0.30314592 -0.00152425 -0.06148733
v -0.30177534 -0.00059036 -0.05735581
v -0.30320883 -0.00059036 -0.06146632
v -0.30178282 0.00033309 -0.05735301
v -0.30321640 0.00033309 -0.06146379
v -0.27599388 0.00818489 -0.06699828
v -0.27553800 0.00738330 -0.06716879
v -0.27665633 0.00738330 -0.07033238
v -0.27513006 0.00655357 -0.06732137
v -0.27624348 0.00655357 -0.07047024
v -0.27477309 0.00570220 -0.06745487
v -0.27588224 0.00570220 -0.07059087
v -0.27446914 0.00483596 -0.06756856
v -0.27557462 0.00483596 -0.07069357
v -0.27421570 0.00395059 -0.06766334
v -0.27531815 0.00395058 -0.07077921
v -0.27401221 0.00304290 -0.06773944
v -0.27511221 0.00304290 -0.07084797
v -0.27386108 0.00211946 -0.06779597
v -0.27495927 0.00211946 -0.07089904
v -0.27376392 0.00118732 -0.06783231
v -0.27486095 0.00118732 -0.07093187
v -0.27372158 0.00025375 -0.06784815
v -0.27481809 0.00025375 -0.07094619
v -0.27371955 -0.00000000 -0.06784891
v -0.27481604 -0.00000000 -0.07094688
v -0.27374905 -0.00096791 -0.06783787
v -0.27484590 -0.00096791 -0.07093690
v -0.27383199 -0.00188937 -0.06780685
v -0.27492982 -0.00188937 -0.07090887
v -0.27396908 -0.00281117 -0.06775557
v -0.27506855 -0.00281117 -0.07086255
v -0.27416018 -0.00372611 -0.06768411
v -0.27526194 -0.00372611 -0.07079797
v -0.27440426 -0.00462700 -0.06759282
v -0.27550897 -0.00462700 -0.07071549
v -0.27469948 -0.00550680 -0.06748241
v -0.27580774 -0.00550680 -0.07061575
v -0.27504313 -0.00635894 -0.06735388
v -0.27615550 -0.00635894 -0.07049961
v -0.27543375 -0.00718287 -0.06720778
v -0.27655083 -0.00718287 -0.07036761
v -0.27587482 -0.00798613 -0.06704281
v -0.27636430 -0.00876300 -0.06685974
v -0.27689889 -0.00950715 -0.06665980
v -0.27747461 -0.01021265 -0.06644449
v -0.27808192 -0.01086930 -0.06621735
v -0.27872616 -0.01148444 -0.06597640
v -0.27940887 -0.01205946 -0.06572105
v -0.28012842 -0.01259186 -0.06545193
v -0.28087974 -0.01307697 -0.06517094
v -0.28165713 -0.01351070 -0.06488019
v -0.28245452 -0.01388979 -0.06458196
v -0.28326562 -0.01421216 -0.06427860
v -0.28409517 -0.01448076 -0.06396834
v -0.28494537 -0.01469579 -0.06365036
v -0.28581002 -0.01485476 -0.06332697
v -0.28668252 -0.01495594 -0.06300065
v -0.28755605 -0.01499851 -0.06267394
v -0.28834340 -0.01498658 -0.06237946
v -0.28920519 -0.01491890 -0.06205715
v -0.29006851 -0.01479349 -0.06173427
v -0.29092780 -0.01461018 -0.06141288
v -0.29177642 -0.01436970 -0.06109549
v -0.29260764 -0.01407372 -0.06078460
v -0.29341516 -0.01372477 -0.06048259
v -0.29419449 -0.01332595 -0.06019111
v -0.29495358 -0.01287390 -0.05990720
v -0.29569018 -0.01236911 -0.05963172
v -0.29639825 -0.01181471 -0.05936689
v -0.29707208 -0.01121473 -0.05911487
v -0.29767603 -0.01060660 -0.05888898
v -0.29826885 -0.00993222 -0.05866726
v -0.29882163 -0.00921977 -0.05846052
v -0.29933643 -0.00846606 -0.05826799
v -0.29980868 -0.00767615 -0.05809136
v -0.30023432 -0.00685585 -0.05793216
v -0.30061001 -0.00601152 -0.05779165
v -0.30093321 -0.00514985 -0.05767078
v -0.30120432 -0.00427299 -0.05756937
v -0.30142614 -0.00337263 -0.05748641
v -0.27649382 0.00895229 -0.06681130
v -0.27703345 0.00968015 -0.06660948
v -0.27761078 0.01036713 -0.06639355
v -0.27822700 0.01101461 -0.06616309
v -0.27888879 0.01162815 -0.06591556
v -0.27958655 0.01219756 -0.06565459
v -0.28031468 0.01271855 -0.06538226
v -0.28106728 0.01318770 -0.06510080
v -0.28183919 0.01360294 -0.06481209
v -0.28263789 0.01396807 -0.06451337
v -0.28346223 0.01428125 -0.06420507
v -0.28430602 0.01453965 -0.06388948
v -0.28516263 0.01474132 -0.06356910
v -0.28602540 0.01488521 -0.06324642
v -0.28688771 0.01497120 -0.06292391
v -0.28775293 0.01500000 -0.06260031
v -0.28854954 0.01497559 -0.06230237
v -0.28942308 0.01489272 -0.06197566
v -0.29029092 0.01475171 -0.06165108
v -0.29114634 0.01455401 -0.06133115
v -0.29198298 0.01430188 -0.06101824
v -0.29279849 0.01399690 -0.06071323
v -0.29360086 0.01363544 -0.06041314
v -0.29438516 0.01321852 -0.06011980
v -0.29514527 0.01274910 -0.05983551
v -0.29587534 0.01223103 -0.05956246
v -0.29657009 0.01166883 -0.05930261
v -0.29722562 0.01106691 -0.05905744
v -0.29784378 0.01042417 -0.05882624
v -0.29843140 0.00973186 -0.05860647
v -0.29897931 0.00899916 -0.05840155
v -0.29948327 0.00823185 -0.05821307
v -0.29993975 0.00743614 -0.05804234
v -0.30034611 0.00661847 -0.05789035
v -0.30070412 0.00577615 -0.05775645
v -0.30101481 0.00490431 -0.05764025
v -0.30127510 0.00400926 -0.05754291
v -0.30148289 0.00309794 -0.05746520
v -0.30163690 0.00217752 -0.05740759
v -0.30173671 0.00125510 -0.05737026
v -0.27342817 -0.00718288 -0.06235128
v -0.27408516 -0.00635894 -0.06492070
v -0.27304667 -0.00635895 -0.06252312
v -0.27374527 -0.00550680 -0.06506003
v -0.27271110 -0.00550680 -0.06267431
v -0.27345324 -0.00462700 -0.06517971
v -0.27242279 -0.00462700 -0.06280418
v -0.27321181 -0.00372611 -0.06527867
v -0.27218443 -0.00372611 -0.06291157
v -0.27302277 -0.00281117 -0.06535614
v -0.27199781 -0.00281117 -0.06299564
v -0.27288717 -0.00188938 -0.06541172
v -0.27186394 -0.00188938 -0.06305595
v -0.27280512 -0.00096791 -0.06544535
v -0.27178293 -0.00096791 -0.06309243
v -0.27277595 -0.00000000 -0.06545731
v -0.27175412 -0.00000000 -0.06310541
v -0.27277797 0.00025375 -0.06545649
v -0.27175611 0.00025375 -0.06310452
v -0.27281985 0.00118732 -0.06543931
v -0.27179748 0.00118732 -0.06308588
v -0.27291596 0.00211946 -0.06539993
v -0.27189234 0.00211946 -0.06304315
v -0.27306545 0.00304290 -0.06533866
v -0.27203995 0.00304290 -0.06297667
v -0.27326670 0.00395059 -0.06525616
v -0.27223864 0.00395059 -0.06288715
v -0.27351743 0.00483596 -0.06515341
v -0.27248615 0.00483596 -0.06277564
v -0.27381808 0.00570220 -0.06503018
v -0.27278298 0.00570220 -0.06264192
v -0.27417117 0.00655357 -0.06488546
v -0.27313158 0.00655358 -0.06248488
v -0.27352998 0.00738330 -0.06230541
v -0.29911488 0.00125510 -0.05077961
v -0.29901740 0.00217752 -0.05082352
v -0.29886699 0.00309794 -0.05089127
v -0.29866406 0.00400926 -0.05098269
v -0.29840988 0.00490431 -0.05109721
v -0.29810649 0.00577615 -0.05123389
v -0.29775685 0.00661847 -0.05139139
v -0.29736000 0.00743615 -0.05157016
v -0.29691422 0.00823185 -0.05177099
v -0.29642206 0.00899917 -0.05199269
v -0.29588702 0.00973186 -0.05223374
v -0.29531315 0.01042418 -0.05249226
v -0.29470947 0.01106691 -0.05276421
v -0.29406932 0.01166884 -0.05305260
v -0.29339084 0.01223104 -0.05335824
v -0.29267788 0.01274911 -0.05367943
v -0.29193556 0.01321853 -0.05401383
v -0.29116961 0.01363545 -0.05435888
v -0.29038605 0.01399690 -0.05471188
v -0.28958967 0.01430189 -0.05507065
v -0.28877261 0.01455402 -0.05543872
v -0.28793725 0.01475173 -0.05581504
v -0.28708974 0.01489273 -0.05619684
v -0.28623664 0.01497559 -0.05658115
v -0.28545871 0.01500000 -0.05693160
v -0.28461376 0.01497121 -0.05731225
v -0.28377166 0.01488523 -0.05769161
v -0.28292912 0.01474133 -0.05807117
v -0.28209254 0.01453966 -0.05844804
v -0.28126854 0.01428126 -0.05881925
v -0.28046352 0.01396807 -0.05918190
v -0.27968353 0.01360294 -0.05953327
v -0.27892971 0.01318771 -0.05987287
v -0.27819476 0.01271857 -0.06020397
v -0.27748367 0.01219757 -0.06052430
v -0.27680227 0.01162816 -0.06083127
v -0.27615598 0.01101461 -0.06112242
v -0.27555421 0.01036713 -0.06139351
v -0.27499038 0.00968016 -0.06164751
v -0.27446342 0.00895229 -0.06188491
v -0.27397516 0.00818489 -0.06210485
v -0.27385890 -0.00798614 -0.06215723
v -0.27433690 -0.00876301 -0.06194189
v -0.27485898 -0.00950715 -0.06170670
v -0.27542120 -0.01021265 -0.06145342
v -0.27601430 -0.01086930 -0.06118624
v -0.27664343 -0.01148445 -0.06090282
v -0.27731016 -0.01205947 -0.06060247
v -0.27801284 -0.01259187 -0.06028591
v -0.27874655 -0.01307698 -0.05995538
v -0.27950573 -0.01351070 -0.05961338
v -0.28028443 -0.01388979 -0.05926257
v -0.28107652 -0.01421217 -0.05890574
v -0.28188667 -0.01448077 -0.05854079
v -0.28271693 -0.01469581 -0.05816676
v -0.28356132 -0.01485477 -0.05778636
v -0.28441337 -0.01495594 -0.05740252
v -0.28526646 -0.01499851 -0.05701822
v -0.28603536 -0.01498658 -0.05667183
v -0.28687695 -0.01491891 -0.05629270
v -0.28772002 -0.01479351 -0.05591290
v -0.28855920 -0.01461019 -0.05553485
v -0.28938794 -0.01436971 -0.05516152
v -0.29019970 -0.01407372 -0.05479583
v -0.29098827 -0.01372477 -0.05444058
v -0.29174936 -0.01332595 -0.05409772
v -0.29249069 -0.01287391 -0.05376375
v -0.29321000 -0.01236912 -0.05343971
v -0.29390147 -0.01181472 -0.05312820
v -0.29455954 -0.01121473 -0.05283176
v -0.29514933 -0.01060660 -0.05256606
v -0.29572827 -0.00993222 -0.05230526
v -0.29626811 -0.00921978 -0.05206206
v -0.29677084 -0.00846607 -0.05183558
v -0.29723200 -0.00767616 -0.05162782
v -0.29764768 -0.00685585 -0.05144057
v -0.29801455 -0.00601152 -0.05127530
v -0.29833019 -0.00514985 -0.05113311
v -0.29859498 -0.00427299 -0.05101382
v -0.29881158 -0.00337264 -0.05091623
v -0.29897785 -0.00245409 -0.05084134
v -0.29909188 -0.00152425 -0.05078997
v -0.29915258 -0.00059036 -0.05076262
v -0.29915991 0.00033309 -0.05075933
v -0.29700750 0.00125510 -0.04629321
v -0.29691228 0.00217752 -0.04634228
v -0.29676533 0.00309794 -0.04641801
v -0.29656705 0.00400927 -0.04652020
v -0.29631871 0.00490431 -0.04664821
v -0.29602227 0.00577615 -0.04680099
v -0.29568067 0.00661847 -0.04697704
v -0.29529294 0.00743615 -0.04717686
v -0.29485738 0.00823186 -0.04740133
v -0.29437655 0.00899918 -0.04764915
v -0.29385379 0.00973186 -0.04791858
v -0.29329312 0.01042418 -0.04820755
v -0.29270333 0.01106691 -0.04851153
v -0.29207787 0.01166885 -0.04883387
v -0.29141498 0.01223106 -0.04917551
v -0.29071838 0.01274912 -0.04953452
v -0.28999314 0.01321853 -0.04990831
v -0.28924477 0.01363545 -0.05029400
v -0.28847921 0.01399690 -0.05068857
v -0.28770113 0.01430189 -0.05108958
v -0.28690284 0.01455404 -0.05150100
v -0.28608668 0.01475174 -0.05192164
v -0.28525862 0.01489274 -0.05234840
v -0.28442514 0.01497559 -0.05277797
v -0.28366509 0.01500000 -0.05316969
v -0.28283954 0.01497121 -0.05359517
v -0.28201678 0.01488524 -0.05401921
v -0.28119358 0.01474135 -0.05444347
v -0.28037626 0.01453967 -0.05486471
v -0.27957118 0.01428126 -0.05527964
v -0.27878463 0.01396807 -0.05568499
v -0.27802259 0.01360295 -0.05607775
v -0.27728605 0.01318772 -0.05645735
v -0.27656800 0.01271858 -0.05682744
v -0.27587327 0.01219758 -0.05718549
v -0.27520749 0.01162816 -0.05752861
v -0.27457604 0.01101461 -0.05785404
v -0.27398810 0.01036713 -0.05815706
v -0.27343723 0.00968016 -0.05844097
v -0.27292237 0.00895230 -0.05870634
v -0.27244535 0.00818490 -0.05895219
v -0.27201039 0.00738331 -0.05917636
v -0.27162114 0.00655358 -0.05937696
v -0.27128056 0.00570220 -0.05955249
v -0.27099055 0.00483596 -0.05970196
v -0.27074873 0.00395059 -0.05982661
v -0.27055457 0.00304291 -0.05992667
v -0.27041039 0.00211946 -0.06000098
v -0.27031770 0.00118732 -0.06004874
v -0.27027726 0.00025375 -0.06006956
v -0.27027532 -0.00000000 -0.06007056
v -0.27030349 -0.00096791 -0.06005606
v -0.27038261 -0.00188938 -0.06001529
v -0.27051342 -0.00281118 -0.05994788
v -0.27069575 -0.00372611 -0.05985391
v -0.27092865 -0.00462700 -0.05973387
v -0.27121031 -0.00550680 -0.05958869
v -0.27153820 -0.00635895 -0.05941970
v -0.27191091 -0.00718288 -0.05922762
v -0.27233177 -0.00798615 -0.05901073
v -0.27279878 -0.00876301 -0.05877003
v -0.27330887 -0.00950716 -0.05850714
v -0.27385816 -0.01021265 -0.05822403
v -0.27443764 -0.01086930 -0.05792538
v -0.27505231 -0.01148445 -0.05760859
v -0.27570373 -0.01205948 -0.05727287
v -0.27639025 -0.01259188 -0.05691904
v -0.27710712 -0.01307698 -0.05654958
v -0.27784884 -0.01351070 -0.05616729
v -0.27860966 -0.01388979 -0.05577517
v -0.27938357 -0.01421217 -0.05537632
v -0.28017509 -0.01448079 -0.05496839
v -0.28098628 -0.01469582 -0.05455031
v -0.28181127 -0.01485478 -0.05412512
v -0.28264377 -0.01495595 -0.05369607
v -0.28347725 -0.01499851 -0.05326651
v -0.28422847 -0.01498658 -0.05287933
v -0.28505072 -0.01491892 -0.05245555
v -0.28587446 -0.01479352 -0.05203102
v -0.28669435 -0.01461020 -0.05160846
v -0.28750405 -0.01436971 -0.05119116
v -0.28829715 -0.01407372 -0.05078240
v -0.28906760 -0.01372477 -0.05038532
v -0.28981119 -0.01332596 -0.05000208
v -0.29053548 -0.01287392 -0.04962878
v -0.29123828 -0.01236913 -0.04926657
v -0.29191387 -0.01181473 -0.04891839
v -0.29255682 -0.01121474 -0.04858703
v -0.29313308 -0.01060660 -0.04829004
v -0.29369870 -0.00993222 -0.04799852
v -0.29422611 -0.00921979 -0.04772668
v -0.29471731 -0.00846608 -0.04747353
v -0.29516789 -0.00767616 -0.04724130
v -0.29557404 -0.00685585 -0.04703200
v -0.29593247 -0.00601152 -0.04684728
v -0.29624084 -0.00514985 -0.04668834
v -0.29649955 -0.00427299 -0.04655500
v -0.29671118 -0.00337264 -0.04644591
v -0.29687363 -0.00245409 -0.04636220
v -0.29698503 -0.00152425 -0.04630478
v -0.29704437 -0.00059036 -0.04627423
v -0.29705149 0.00033309 -0.04627055
v -0.29600266 -0.00152425 -0.04444208
v -0.29606125 -0.00059036 -0.04441006
v -0.29606828 0.00033309 -0.04440621
v -0.26899076 -0.00096791 -0.05767742
v -0.26906770 -0.00188938 -0.05763263
v -0.26919493 -0.00281118 -0.05755856
v -0.26937225 -0.00372611 -0.05745530
v -0.26959875 -0.00462700 -0.05732341
v -0.26987270 -0.00550680 -0.05716389
v -0.27019158 -0.00635895 -0.05697821
v -0.27055404 -0.00718289 -0.05676716
v -0.27096334 -0.00798615 -0.05652885
v -0.27141753 -0.00876302 -0.05626438
v -0.27191362 -0.00950716 -0.05597552
v -0.27244782 -0.01021265 -0.05566445
v -0.27301136 -0.01086930 -0.05533631
v -0.27360916 -0.01148446 -0.05498823
v -0.27424270 -0.01205948 -0.05461935
v -0.27491039 -0.01259189 -0.05423058
v -0.27560756 -0.01307699 -0.05382463
v -0.27632892 -0.01351071 -0.05340459
v -0.27706885 -0.01388979 -0.05297374
v -0.27782148 -0.01421217 -0.05253549
v -0.27859128 -0.01448079 -0.05208727
v -0.27938017 -0.01469583 -0.05162791
v -0.28018254 -0.01485479 -0.05116072
v -0.28099215 -0.01495595 -0.05068930
v -0.28180274 -0.01499851 -0.05021731
v -0.28253335 -0.01498658 -0.04979189
v -0.28333300 -0.01491892 -0.04932626
v -0.28413412 -0.01479353 -0.04885980
v -0.28493148 -0.01461021 -0.04839550
v -0.28571895 -0.01436972 -0.04793699
v -0.28649026 -0.01407372 -0.04748787
v -0.28723958 -0.01372477 -0.04705157
v -0.28796273 -0.01332596 -0.04663048
v -0.28866714 -0.01287393 -0.04622031
v -0.28935066 -0.01236914 -0.04582233
v -0.29000768 -0.01181473 -0.04543975
v -0.29063296 -0.01121474 -0.04507567
v -0.29119340 -0.01060660 -0.04474936
v -0.29174349 -0.00993222 -0.04442905
v -0.29225644 -0.00921979 -0.04413036
v -0.29273412 -0.00846609 -0.04385220
v -0.29317236 -0.00767617 -0.04359704
v -0.29356733 -0.00685585 -0.04336707
v -0.29391593 -0.00601152 -0.04316410
v -0.29421583 -0.00514985 -0.04298947
v -0.29446742 -0.00427300 -0.04284295
v -0.29467326 -0.00337264 -0.04272309
v -0.29483122 -0.00245409 -0.04263111
v -0.29493958 -0.00152425 -0.04256803
v -0.29499727 -0.00059036 -0.04253445
v -0.29500422 0.00033309 -0.04253041
v -0.29496142 0.00125510 -0.04255531
v -0.29486883 0.00217752 -0.04260923
v -0.29472589 0.00309795 -0.04269244
v -0.29453307 0.00400927 -0.04280472
v -0.29429156 0.00490431 -0.04294537
v -0.29400328 0.00577615 -0.04311324
v -0.29367104 0.00661847 -0.04330667
v -0.29329395 0.00743615 -0.04352623
v -0.29287037 0.00823187 -0.04377287
v -0.29240274 0.00899918 -0.04404516
v -0.29189432 0.00973186 -0.04434121
v -0.29134905 0.01042418 -0.04465872
v -0.29077545 0.01106691 -0.04499272
v -0.29016715 0.01166885 -0.04534690
v -0.28952247 0.01223106 -0.04572228
v -0.28884503 0.01274913 -0.04611674
v -0.28813970 0.01321854 -0.04652745
v -0.28741190 0.01363545 -0.04695123
v -0.28666735 0.01399690 -0.04738476
v -0.28591064 0.01430190 -0.04782538
v -0.28513426 0.01455404 -0.04827744
v -0.28434050 0.01475175 -0.04873962
v -0.28353521 0.01489275 -0.04920853
v -0.28272462 0.01497560 -0.04968052
v -0.28198543 0.01500000 -0.05011094
v -0.28118256 0.01497121 -0.05057843
v -0.28038239 0.01488524 -0.05104435
v -0.27958182 0.01474135 -0.05151051
v -0.27878690 0.01453968 -0.05197336
v -0.27800393 0.01428127 -0.05242926
v -0.27723902 0.01396807 -0.05287465
v -0.27649787 0.01360295 -0.05330620
v -0.27578157 0.01318772 -0.05372329
v -0.27508324 0.01271858 -0.05412993
v -0.27440757 0.01219758 -0.05452335
v -0.27376011 0.01162817 -0.05490035
v -0.27314600 0.01101461 -0.05525792
v -0.27257419 0.01036713 -0.05559086
v -0.27203846 0.00968016 -0.05590282
v -0.27153772 0.00895230 -0.05619439
v -0.27107382 0.00818491 -0.05646453
v -0.27065080 0.00738331 -0.05671083
v -0.27027223 0.00655358 -0.05693125
v -0.26994100 0.00570220 -0.05712411
v -0.26965895 0.00483596 -0.05728834
v -0.26942378 0.00395059 -0.05742530
v -0.26923496 0.00304291 -0.05753525
v -0.26909474 0.00211947 -0.05761690
v -0.26900458 0.00118732 -0.05766938
v -0.26896527 0.00025375 -0.05769226
v -0.26896340 -0.00000000 -0.05769335
v -0.26779240 -0.00096791 -0.05573593
v -0.26786685 -0.00188938 -0.05568724
v -0.26798990 -0.00281118 -0.05560675
v -0.26816145 -0.00372611 -0.05549454
v -0.26838055 -0.00462700 -0.05535120
v -0.26864555 -0.00550680 -0.05517784
v -0.26895404 -0.00635895 -0.05497605
v -0.26930472 -0.00718289 -0.05474668
v -0.26970065 -0.00798615 -0.05448769
v -0.27014005 -0.00876302 -0.05420028
v -0.27061993 -0.00950716 -0.05388635
v -0.27113673 -0.01021265 -0.05354829
v -0.27168187 -0.01086930 -0.05319168
v -0.27226019 -0.01148446 -0.05281339
v -0.27287307 -0.01205948 -0.05241250
v -0.27351898 -0.01259189 -0.05198999
v -0.27419341 -0.01307699 -0.05154882
v -0.27489123 -0.01351070 -0.05109233
v -0.27560705 -0.01388979 -0.05062410
v -0.27633515 -0.01421217 -0.05014783
v -0.27707982 -0.01448079 -0.04966072
v -0.27784300 -0.01469583 -0.04916149
v -0.27861917 -0.01485478 -0.04865377
v -0.27940238 -0.01495595 -0.04814143
v -0.28018653 -0.01499851 -0.04762850
v -0.28089333 -0.01498658 -0.04716616
v -0.28166690 -0.01491892 -0.04666013
v -0.28244188 -0.01479353 -0.04615319
v -0.28321326 -0.01461021 -0.04564860
v -0.28397503 -0.01436972 -0.04515031
v -0.28472120 -0.01407372 -0.04466221
v -0.28544608 -0.01372477 -0.04418805
v -0.28614566 -0.01332596 -0.04373042
v -0.28682709 -0.01287393 -0.04328467
v -0.28748831 -0.01236914 -0.04285215
v -0.28812391 -0.01181473 -0.04243638
v -0.28872880 -0.01121474 -0.04204071
v -0.28927094 -0.01060660 -0.04168607
v -0.28980312 -0.00993222 -0.04133797
v -0.29029933 -0.00921979 -0.04101336
v -0.29076144 -0.00846608 -0.04071108
v -0.29118535 -0.00767616 -0.04043377
v -0.29156744 -0.00685585 -0.04018384
v -0.29190469 -0.00601152 -0.03996326
v -0.29219481 -0.00514985 -0.03977348
v -0.29243821 -0.00427300 -0.03961425
v -0.29263732 -0.00337264 -0.03948399
v -0.29279014 -0.00245409 -0.03938402
v -0.29289496 -0.00152425 -0.03931547
v -0.29295078 -0.00059036 -0.03927898
v -0.29295748 0.00033309 -0.03927458
v -0.29291609 0.00125510 -0.03930164
v -0.29282650 0.00217752 -0.03936024
v -0.29268825 0.00309794 -0.03945068
v -0.29250172 0.00400927 -0.03957270
v -0.29226807 0.00490431 -0.03972555
v -0.29198918 0.00577615 -0.03990799
v -0.29166779 0.00661847 -0.04011820
v -0.29130301 0.00743615 -0.04035681
v -0.29089323 0.00823186 -0.04062486
v -0.29044086 0.00899918 -0.04092078
v -0.28994903 0.00973186 -0.04124251
v -0.28942153 0.01042418 -0.04158757
v -0.28886664 0.01106691 -0.04195055
v -0.28827819 0.01166885 -0.04233546
v -0.28765452 0.01223106 -0.04274341
v -0.28699917 0.01274913 -0.04317211
v -0.28631684 0.01321854 -0.04361845
v -0.28561276 0.01363545 -0.04407901
v -0.28489250 0.01399690 -0.04455016
v -0.28416047 0.01430189 -0.04502901
v -0.28340942 0.01455404 -0.04552029
v -0.28264156 0.01475175 -0.04602258
v -0.28186253 0.01489274 -0.04653218
v -0.28107834 0.01497560 -0.04704513
v -0.28036326 0.01500000 -0.04751289
v -0.27958658 0.01497121 -0.04802095
v -0.27881250 0.01488524 -0.04852730
v -0.27803805 0.01474135 -0.04903390
v -0.27726907 0.01453968 -0.04953691
v -0.27651164 0.01428127 -0.05003238
v -0.27577165 0.01396807 -0.05051642
v -0.27505469 0.01360295 -0.05098541
v -0.27436176 0.01318772 -0.05143869
v -0.27368617 0.01271858 -0.05188061
v -0.27303258 0.01219758 -0.05230817
v -0.27240622 0.01162817 -0.05271789
v -0.27181211 0.01101461 -0.05310649
v -0.27125898 0.01036713 -0.05346832
v -0.27074072 0.00968016 -0.05380734
v -0.27025631 0.00895230 -0.05412422
v -0.26980752 0.00818490 -0.05441779
v -0.26939830 0.00738331 -0.05468547
v -0.26903209 0.00655358 -0.05492501
v -0.26871166 0.00570220 -0.05513461
v -0.26843882 0.00483596 -0.05531310
v -0.26821131 0.00395059 -0.05546193
v -0.26802865 0.00304291 -0.05558142
v -0.26789299 0.00211947 -0.05567016
v -0.26780576 0.00118732 -0.05572719
v -0.26776773 0.00025375 -0.05575205
v -0.26776591 -0.00000000 -0.05575325
v -0.26656768 -0.00096791 -0.05395957
v -0.26663899 -0.00188938 -0.05390668
v -0.26675686 -0.00281117 -0.05381923
v -0.26692116 -0.00372611 -0.05369733
v -0.26713100 -0.00462700 -0.05354163
v -0.26738483 -0.00550680 -0.05335331
v -0.26768026 -0.00635895 -0.05313410
v -0.26801610 -0.00718288 -0.05288493
v -0.26839533 -0.00798615 -0.05260357
v -0.26881614 -0.00876301 -0.05229134
v -0.26927578 -0.00950716 -0.05195033
v -0.26977074 -0.01021265 -0.05158309
v -0.27029288 -0.01086930 -0.05119569
v -0.27084675 -0.01148445 -0.05078475
v -0.27143374 -0.01205947 -0.05034925
v -0.27205238 -0.01259188 -0.04989026
v -0.27269831 -0.01307698 -0.04941101
v -0.27336666 -0.01351070 -0.04891512
v -0.27405223 -0.01388979 -0.04840647
v -0.27474958 -0.01421217 -0.04788908
v -0.27546281 -0.01448078 -0.04735992
v -0.27619374 -0.01469581 -0.04681759
v -0.27693713 -0.01485477 -0.04626604
v -0.27768728 -0.01495594 -0.04570949
v -0.27843830 -0.01499851 -0.04515227
v -0.27911523 -0.01498658 -0.04465002
v -0.27985615 -0.01491891 -0.04410031
v -0.28059837 -0.01479351 -0.04354961
v -0.28133717 -0.01461020 -0.04300147
v -0.28206676 -0.01436971 -0.04246015
v -0.28278142 -0.01407372 -0.04192992
v -0.28347567 -0.01372477 -0.04141483
v -0.28414571 -0.01332595 -0.04091770
v -0.28479835 -0.01287392 -0.04043347
v -0.28543162 -0.01236913 -0.03996361
v -0.28604040 -0.01181472 -0.03951195
v -0.28661975 -0.01121474 -0.03908211
v -0.28713900 -0.01060660 -0.03869687
v -0.28764868 -0.00993222 -0.03831871
v -0.28812391 -0.00921978 -0.03796609
v -0.28856650 -0.00846608 -0.03763771
v -0.28897253 -0.00767616 -0.03733647
v -0.28933850 -0.00685585 -0.03706496
v -0.28966147 -0.00601152 -0.03682533
v -0.28993934 -0.00514985 -0.03661916
v -0.29017246 -0.00427299 -0.03644620
v -0.29036316 -0.00337264 -0.03630470
v -0.29050952 -0.00245409 -0.03619611
v -0.29060993 -0.00152425 -0.03612163
v -0.29066336 -0.00059036 -0.03608198
v -0.29066980 0.00033309 -0.03607720
v -0.29063016 0.00125510 -0.03610661
v -0.29054436 0.00217752 -0.03617027
v -0.29041195 0.00309794 -0.03626851
v -0.29023328 0.00400927 -0.03640106
v -0.29000950 0.00490431 -0.03656710
v -0.28974241 0.00577615 -0.03676528
v -0.28943461 0.00661847 -0.03699365
v -0.28908521 0.00743615 -0.03725287
v -0.28869274 0.00823186 -0.03754405
v -0.28825948 0.00899917 -0.03786552
v -0.28778842 0.00973186 -0.03821502
v -0.28728321 0.01042418 -0.03858986
v -0.28675175 0.01106691 -0.03898417
v -0.28618816 0.01166884 -0.03940232
v -0.28559083 0.01223105 -0.03984549
v -0.28496316 0.01274912 -0.04031119
v -0.28430966 0.01321853 -0.04079606
v -0.28363532 0.01363545 -0.04129637
v -0.28294548 0.01399690 -0.04180820
v -0.28224435 0.01430189 -0.04232839
v -0.28152505 0.01455403 -0.04286208
v -0.28078961 0.01475173 -0.04340773
v -0.28004348 0.01489274 -0.04396131
v -0.27929243 0.01497559 -0.04451854
v -0.27860758 0.01500000 -0.04502668
v -0.27786368 0.01497121 -0.04557860
v -0.27712232 0.01488523 -0.04612866
v -0.27638057 0.01474134 -0.04667899
v -0.27564406 0.01453967 -0.04722543
v -0.27491862 0.01428126 -0.04776367
v -0.27420989 0.01396807 -0.04828949
v -0.27352321 0.01360294 -0.04879897
v -0.27285954 0.01318771 -0.04929138
v -0.27221251 0.01271857 -0.04977144
v -0.27158651 0.01219757 -0.05023591
v -0.27098662 0.01162816 -0.05068099
v -0.27041760 0.01101461 -0.05110315
v -0.26988783 0.01036713 -0.05149622
v -0.26939145 0.00968016 -0.05186450
v -0.26892751 0.00895230 -0.05220872
v -0.26849768 0.00818490 -0.05252763
v -0.26810575 0.00738331 -0.05281842
v -0.26775500 0.00655358 -0.05307865
v -0.26744810 0.00570220 -0.05330635
v -0.26718679 0.00483596 -0.05350024
v -0.26696888 0.00395059 -0.05366192
v -0.26679394 0.00304290 -0.05379171
v -0.26666400 0.00211946 -0.05388812
v -0.26658049 0.00118732 -0.05395008
v -0.26654407 0.00025375 -0.05397709
v -0.26654232 -0.00000000 -0.05397839
v -0.26537171 -0.00096791 -0.05241435
v -0.26543933 -0.00188937 -0.05235711
v -0.26555112 -0.00281117 -0.05226247
v -0.26570696 -0.00372611 -0.05213057
v -0.26590598 -0.00462700 -0.05196209
v -0.26614669 -0.00550680 -0.05175832
v -0.26642689 -0.00635894 -0.05152111
v -0.26674542 -0.00718287 -0.05125147
v -0.26710507 -0.00798613 -0.05094700
v -0.26750419 -0.00876300 -0.05060914
v -0.26794010 -0.00950715 -0.05024013
v -0.26840955 -0.01021265 -0.04984274
v -0.26890475 -0.01086930 -0.04942353
v -0.26943007 -0.01148444 -0.04897884
v -0.26998678 -0.01205946 -0.04850758
v -0.27057347 -0.01259186 -0.04801091
v -0.27118608 -0.01307697 -0.04749231
v -0.27181998 -0.01351070 -0.04695570
v -0.27247021 -0.01388979 -0.04640529
v -0.27313158 -0.01421216 -0.04584542
v -0.27380800 -0.01448076 -0.04527280
v -0.27450123 -0.01469579 -0.04468595
v -0.27520630 -0.01485476 -0.04408911
v -0.27591774 -0.01495594 -0.04348686
v -0.27663001 -0.01499851 -0.04288388
v -0.27727202 -0.01498658 -0.04234040
v -0.27797472 -0.01491890 -0.04174555
v -0.27867869 -0.01479349 -0.04114963
v -0.27937937 -0.01461018 -0.04055648
v -0.28007132 -0.01436970 -0.03997072
v -0.28074911 -0.01407372 -0.03939695
v -0.28140754 -0.01372477 -0.03883956
v -0.28204301 -0.01332595 -0.03830162
v -0.28266200 -0.01287390 -0.03777763
v -0.28326261 -0.01236911 -0.03726920
v -0.28383997 -0.01181471 -0.03678044
v -0.28438944 -0.01121473 -0.03631531
v -0.28488189 -0.01060660 -0.03589842
v -0.28536528 -0.00993222 -0.03548923
v -0.28581604 -0.00921977 -0.03510766
v -0.28623578 -0.00846606 -0.03475232
v -0.28662089 -0.00767615 -0.03442634
v -0.28696796 -0.00685585 -0.03413253
v -0.28727427 -0.00601152 -0.03387322
v -0.28753781 -0.00514985 -0.03365013
v -0.28775889 -0.00427299 -0.03346297
v -0.28793976 -0.00337263 -0.03330986
v -0.28807858 -0.00245409 -0.03319235
v -0.28817379 -0.00152425 -0.03311174
v -0.28822449 -0.00059036 -0.03306883
v -0.28823060 0.00033309 -0.03306366
v -0.28819302 0.00125510 -0.03309549
v -0.28811163 0.00217752 -0.03316439
v -0.28798604 0.00309794 -0.03327070
v -0.28781658 0.00400926 -0.03341413
v -0.28760436 0.00490431 -0.03359379
v -0.28735101 0.00577615 -0.03380824
v -0.28705910 0.00661847 -0.03405537
v -0.28672773 0.00743614 -0.03433587
v -0.28635553 0.00823184 -0.03465097
v -0.28594458 0.00899916 -0.03499883
v -0.28549784 0.00973186 -0.03537702
v -0.28501868 0.01042417 -0.03578263
v -0.28451464 0.01106691 -0.03620932
v -0.28398013 0.01166883 -0.03666181
v -0.28341362 0.01223103 -0.03714138
v -0.28281832 0.01274910 -0.03764531
v -0.28219852 0.01321852 -0.03816999
v -0.28155896 0.01363544 -0.03871138
v -0.28090471 0.01399690 -0.03926523
v -0.28023976 0.01430188 -0.03982814
v -0.27955756 0.01455401 -0.04040565
v -0.27886003 0.01475171 -0.04099610
v -0.27815241 0.01489272 -0.04159514
v -0.27744010 0.01497559 -0.04219813
v -0.27679056 0.01500000 -0.04274798
v -0.27608505 0.01497120 -0.04334522
v -0.27538189 0.01488521 -0.04394044
v -0.27467841 0.01474132 -0.04453597
v -0.27397990 0.01453965 -0.04512727
v -0.27329189 0.01428125 -0.04570970
v -0.27261972 0.01396807 -0.04627871
v -0.27196845 0.01360294 -0.04683002
v -0.27133903 0.01318770 -0.04736285
v -0.27072537 0.01271855 -0.04788233
v -0.27013165 0.01219756 -0.04838493
v -0.26956269 0.01162815 -0.04886657
v -0.26902306 0.01101461 -0.04932339
v -0.26852059 0.01036713 -0.04974874
v -0.26804984 0.00968015 -0.05014725
v -0.26760980 0.00895229 -0.05051973
v -0.26720217 0.00818489 -0.05086483
v -0.26683044 0.00738330 -0.05117950
v -0.26649779 0.00655357 -0.05146110
v -0.26620671 0.00570220 -0.05170750
v -0.26595888 0.00483596 -0.05191730
v -0.26575220 0.00395059 -0.05209225
v -0.26558629 0.00304290 -0.05223270
v -0.26546305 0.00211946 -0.05233702
v -0.26538384 0.00118732 -0.05240408
v -0.26534930 0.00025375 -0.05243332
v -0.26534766 -0.00000000 -0.05243472
v -0.26431087 -0.00188937 -0.05106298
v -0.26481465 -0.00096791 -0.05175588
v -0.26424724 -0.00096791 -0.05112446
v -0.26479128 -0.00000000 -0.05177700
v -0.26422459 -0.00000000 -0.05114635
v -0.26422617 0.00025375 -0.05114484
v -0.26441610 -0.00281116 -0.05096133
v -0.26456273 -0.00372610 -0.05081968
v -0.26475003 -0.00462700 -0.05063875
v -0.26497659 -0.00550680 -0.05041993
v -0.26524028 -0.00635894 -0.05016518
v -0.26554006 -0.00718286 -0.04987559
v -0.26587856 -0.00798612 -0.04954860
v -0.26625416 -0.00876298 -0.04918576
v -0.26666442 -0.00950714 -0.04878947
v -0.26710621 -0.01021265 -0.04836271
v -0.26757222 -0.01086930 -0.04791252
v -0.26806661 -0.01148443 -0.04743494
v -0.26859054 -0.01205944 -0.04692882
v -0.26914269 -0.01259184 -0.04639542
v -0.26971924 -0.01307695 -0.04583849
v -0.27031583 -0.01351069 -0.04526221
v -0.27092773 -0.01388979 -0.04467111
v -0.27155015 -0.01421215 -0.04406983
v -0.27218676 -0.01448074 -0.04345488
v -0.27283919 -0.01469576 -0.04282463
v -0.27350271 -0.01485473 -0.04218366
v -0.27417225 -0.01495592 -0.04153688
v -0.27484259 -0.01499851 -0.04088933
v -0.27544680 -0.01498658 -0.04030566
v -0.27610812 -0.01491888 -0.03966683
v -0.27677062 -0.01479347 -0.03902686
v -0.27743006 -0.01461015 -0.03838985
v -0.27808127 -0.01436968 -0.03776077
v -0.27871913 -0.01407372 -0.03714458
v -0.27933881 -0.01372477 -0.03654598
v -0.27993685 -0.01332594 -0.03596826
v -0.28051940 -0.01287388 -0.03540554
v -0.28108463 -0.01236908 -0.03485952
v -0.28162801 -0.01181469 -0.03433462
v -0.28214511 -0.01121472 -0.03383509
v -0.28260857 -0.01060660 -0.03338737
v -0.28306350 -0.00993221 -0.03294793
v -0.28348768 -0.00921976 -0.03253816
v -0.28388274 -0.00846605 -0.03215656
v -0.28424513 -0.00767613 -0.03180647
v -0.28457180 -0.00685584 -0.03149092
v -0.28486007 -0.00601152 -0.03121242
v -0.28510809 -0.00514985 -0.03097284
v -0.28531614 -0.00427299 -0.03077187
v -0.28548637 -0.00337263 -0.03060745
v -0.28561702 -0.00245408 -0.03048124
v -0.28570661 -0.00152425 -0.03039467
v -0.28575432 -0.00059036 -0.03034857
v -0.28576007 0.00033309 -0.03034301
v -0.28572470 0.00125510 -0.03037720
v -0.28564811 0.00217751 -0.03045121
v -0.28552991 0.00309793 -0.03056539
v -0.28537044 0.00400926 -0.03071941
v -0.28517070 0.00490431 -0.03091235
v -0.28493229 0.00577615 -0.03114265
v -0.28465757 0.00661846 -0.03140805
v -0.28434572 0.00743613 -0.03170931
v -0.28399542 0.00823183 -0.03204771
v -0.28360868 0.00899915 -0.03242128
v -0.28318822 0.00973185 -0.03282743
v -0.28273731 0.01042417 -0.03326302
v -0.28226292 0.01106690 -0.03372126
v -0.28175989 0.01166882 -0.03420722
v -0.28122675 0.01223101 -0.03472225
v -0.28066650 0.01274908 -0.03526344
v -0.28008318 0.01321850 -0.03582691
v -0.27948132 0.01363544 -0.03640832
v -0.27886558 0.01399690 -0.03700312
v -0.27823979 0.01430186 -0.03760765
v -0.27759773 0.01455398 -0.03822786
v -0.27694130 0.01475168 -0.03886198
v -0.27627534 0.01489270 -0.03950530
v -0.27560499 0.01497558 -0.04015287
v -0.27499369 0.01500000 -0.04074338
v -0.27432972 0.01497119 -0.04138478
v -0.27366799 0.01488519 -0.04202401
v -0.27300590 0.01474129 -0.04266356
v -0.27234855 0.01453962 -0.04329859
v -0.27170104 0.01428124 -0.04392409
v -0.27106845 0.01396807 -0.04453516
v -0.27045554 0.01360294 -0.04512724
v -0.26986316 0.01318769 -0.04569946
v -0.26928565 0.01271853 -0.04625734
v -0.26872689 0.01219753 -0.04679710
v -0.26819143 0.01162814 -0.04731436
v -0.26768357 0.01101461 -0.04780497
v -0.26721069 0.01036713 -0.04826176
v -0.26676765 0.00968014 -0.04868974
v -0.26635355 0.00895227 -0.04908974
v -0.26596990 0.00818487 -0.04946035
v -0.26562008 0.00738329 -0.04979830
v -0.26530701 0.00655357 -0.05010073
v -0.26503307 0.00570220 -0.05036536
v -0.26479983 0.00483596 -0.05059066
v -0.26460534 0.00395058 -0.05077853
v -0.26444918 0.00304289 -0.05092936
v -0.26433322 0.00211946 -0.05104139
v -0.26425865 0.00118732 -0.05111343
v -0.26325819 -0.00188937 -0.04999441
v -0.26372743 -0.00096791 -0.05058028
v -0.26319861 -0.00096791 -0.05005982
v -0.26370549 -0.00000000 -0.05060287
v -0.26317742 -0.00000000 -0.05008310
v -0.26370698 0.00025375 -0.05060131
v -0.26317888 0.00025375 -0.05008150
v -0.26373848 0.00118732 -0.05056889
v -0.26320931 0.00118732 -0.05004808
v -0.26381072 0.00211945 -0.05049457
v -0.26327908 0.00211945 -0.04997145
v -0.26338765 0.00304289 -0.04985228
v -0.26335666 -0.00281116 -0.04988629
v -0.26349393 -0.00372610 -0.04973562
v -0.26366925 -0.00462699 -0.04954319
v -0.26388130 -0.00550680 -0.04931044
v -0.26412812 -0.00635894 -0.04903947
v -0.26440871 -0.00718286 -0.04873144
v -0.26472554 -0.00798611 -0.04838363
v -0.26507711 -0.00876297 -0.04799769
v -0.26546112 -0.00950713 -0.04757619
v -0.26587462 -0.01021265 -0.04712227
v -0.26631084 -0.01086930 -0.04664341
v -0.26677358 -0.01148442 -0.04613543
v -0.26726398 -0.01205942 -0.04559709
v -0.26778081 -0.01259181 -0.04502974
v -0.26832047 -0.01307693 -0.04443735
v -0.26887885 -0.01351069 -0.04382440
v -0.26945162 -0.01388979 -0.04319567
v -0.27003422 -0.01421214 -0.04255612
v -0.27063006 -0.01448072 -0.04190202
v -0.27124074 -0.01469574 -0.04123165
v -0.27186182 -0.01485471 -0.04054988
v -0.27248850 -0.01495591 -0.03986193
v -0.27311596 -0.01499850 -0.03917316
v -0.27368152 -0.01498657 -0.03855233
v -0.27430052 -0.01491887 -0.03787284
v -0.27492061 -0.01479344 -0.03719213
v -0.27553785 -0.01461013 -0.03651457
v -0.27614740 -0.01436967 -0.03584545
v -0.27674446 -0.01407371 -0.03519003
v -0.27732447 -0.01372477 -0.03455332
v -0.27788424 -0.01332593 -0.03393884
v -0.27842951 -0.01287386 -0.03334030
v -0.27895859 -0.01236906 -0.03275952
v -0.27946717 -0.01181468 -0.03220120
v -0.27995118 -0.01121472 -0.03166987
v -0.28038499 -0.01060660 -0.03119365
v -0.28081080 -0.00993221 -0.03072623
v -0.28120786 -0.00921975 -0.03029039
v -0.28157762 -0.00846604 -0.02988450
v -0.28191683 -0.00767612 -0.02951212
v -0.28222257 -0.00685583 -0.02917648
v -0.28249243 -0.00601152 -0.02888025
v -0.28272456 -0.00514985 -0.02862542
v -0.28291932 -0.00427298 -0.02841166
v -0.28307864 -0.00337262 -0.02823678
v -0.28320092 -0.00245408 -0.02810254
v -0.28328481 -0.00152424 -0.02801045
v -0.28332946 -0.00059036 -0.02796140
v -0.28333482 0.00033309 -0.02795549
v -0.28330171 0.00125510 -0.02799187
v -0.28323004 0.00217751 -0.02807060
v -0.28311941 0.00309793 -0.02819205
v -0.28297013 0.00400925 -0.02835587
v -0.28278318 0.00490430 -0.02856108
v -0.28256002 0.00577615 -0.02880603
v -0.28230286 0.00661846 -0.02908834
v -0.28201097 0.00743612 -0.02940878
v -0.28168309 0.00823181 -0.02976873
v -0.28132111 0.00899914 -0.03016608
v -0.28092757 0.00973184 -0.03059807
v -0.28050548 0.01042417 -0.03106138
v -0.28006148 0.01106690 -0.03154879
v -0.27959061 0.01166881 -0.03206569
v -0.27909160 0.01223099 -0.03261351
v -0.27856719 0.01274906 -0.03318915
v -0.27802122 0.01321849 -0.03378848
v -0.27745786 0.01363544 -0.03440690
v -0.27688152 0.01399690 -0.03503956
v -0.27629575 0.01430185 -0.03568258
v -0.27569482 0.01455396 -0.03634227
v -0.27508038 0.01475166 -0.03701675
v -0.27445704 0.01489268 -0.03770103
v -0.27382958 0.01497557 -0.03838981
v -0.27325737 0.01500000 -0.03901792
v -0.27263591 0.01497119 -0.03970014
v -0.27201653 0.01488517 -0.04038006
v -0.27139682 0.01474127 -0.04106032
v -0.27078152 0.01453960 -0.04173577
v -0.27017543 0.01428123 -0.04240109
v -0.26958334 0.01396807 -0.04305107
v -0.26900965 0.01360293 -0.04368083
v -0.26845518 0.01318767 -0.04428947
v -0.26791462 0.01271851 -0.04488287
v -0.26739159 0.01219751 -0.04545699
v -0.26689041 0.01162812 -0.04600717
v -0.26641506 0.01101460 -0.04652902
v -0.26597244 0.01036713 -0.04701489
v -0.26555774 0.00968014 -0.04747010
v -0.26517016 0.00895226 -0.04789557
v -0.26481104 0.00818486 -0.04828976
v -0.26448360 0.00738328 -0.04864923
v -0.26419055 0.00655357 -0.04897092
v -0.26393417 0.00570220 -0.04925240
v -0.26371583 0.00483596 -0.04949204
v -0.26353380 0.00395058 -0.04969186
v -0.26236972 -0.00281116 -0.04900193
v -0.26277193 -0.00188937 -0.04954483
v -0.26227790 -0.00188937 -0.04911583
v -0.26271436 -0.00096791 -0.04961200
v -0.26222238 -0.00096791 -0.04918474
v -0.26269385 -0.00000000 -0.04963591
v -0.26220262 -0.00000000 -0.04920927
v -0.26269528 0.00025375 -0.04963427
v -0.26220396 0.00025375 -0.04920759
v -0.26272470 0.00118732 -0.04959994
v -0.26223233 0.00118731 -0.04917237
v -0.26279217 0.00211945 -0.04952125
v -0.26229739 0.00211945 -0.04909164
v -0.26289713 0.00304289 -0.04939887
v -0.26239863 0.00304289 -0.04896609
v -0.26253489 0.00395057 -0.04879710
v -0.26249772 -0.00372610 -0.04884320
v -0.26266119 -0.00462699 -0.04864049
v -0.26285890 -0.00550680 -0.04839530
v -0.26308903 -0.00635894 -0.04810984
v -0.26335067 -0.00718285 -0.04778533
v -0.26364607 -0.00798610 -0.04741892
v -0.26397386 -0.00876296 -0.04701235
v -0.26433191 -0.00950713 -0.04656831
v -0.26471746 -0.01021265 -0.04609013
v -0.26512420 -0.01086930 -0.04558567
v -0.26555565 -0.01148442 -0.04505052
v -0.26601291 -0.01205941 -0.04448339
v -0.26649478 -0.01259180 -0.04388570
v -0.26699796 -0.01307692 -0.04326164
v -0.26751861 -0.01351068 -0.04261592
v -0.26805264 -0.01388979 -0.04195357
v -0.26859584 -0.01421214 -0.04127983
v -0.26915142 -0.01448071 -0.04059074
v -0.26972082 -0.01469573 -0.03988453
v -0.27029991 -0.01485470 -0.03916631
v -0.27088425 -0.01495591 -0.03844158
v -0.27146927 -0.01499850 -0.03771598
v -0.27199659 -0.01498657 -0.03706196
v -0.27257374 -0.01491886 -0.03634613
v -0.27315190 -0.01479343 -0.03562903
v -0.27372742 -0.01461011 -0.03491524
v -0.27429575 -0.01436966 -0.03421034
v -0.27485245 -0.01407371 -0.03351987
v -0.27539325 -0.01372477 -0.03284912
v -0.27591518 -0.01332592 -0.03220178
v -0.27642357 -0.01287385 -0.03157124
v -0.27691689 -0.01236905 -0.03095941
v -0.27739111 -0.01181467 -0.03037124
v -0.27784240 -0.01121472 -0.02981149
v -0.27824688 -0.01060660 -0.02930981
v -0.27864391 -0.00993221 -0.02881740
v -0.27901411 -0.00921974 -0.02835826
v -0.27935886 -0.00846603 -0.02793066
v -0.27967516 -0.00767612 -0.02753838
v -0.27996022 -0.00685583 -0.02718478
v -0.28021181 -0.00601152 -0.02687271
v -0.28042826 -0.00514985 -0.02660425
v -0.28060985 -0.00427298 -0.02637907
v -0.28075841 -0.00337262 -0.02619484
v -0.28087243 -0.00245407 -0.02605342
v -0.28095064 -0.00152424 -0.02595641
v -0.28099227 -0.00059036 -0.02590473
v -0.28099728 0.00033309 -0.02589851
v -0.28096640 0.00125510 -0.02593683
v -0.28089955 0.00217751 -0.02601977
v -0.28079641 0.00309792 -0.02614772
v -0.28065726 0.00400925 -0.02632030
v -0.28048292 0.00490430 -0.02653647
v -0.28027487 0.00577615 -0.02679452
v -0.28003508 0.00661845 -0.02709192
v -0.27976292 0.00743611 -0.02742950
v -0.27945721 0.00823181 -0.02780870
v -0.27911970 0.00899913 -0.02822730
v -0.27875277 0.00973184 -0.02868238
v -0.27835920 0.01042417 -0.02917046
v -0.27794522 0.01106690 -0.02968394
v -0.27750620 0.01166880 -0.03022848
v -0.27704090 0.01223098 -0.03080559
v -0.27655196 0.01274905 -0.03141201
v -0.27604291 0.01321849 -0.03204339
v -0.27551761 0.01363544 -0.03269487
v -0.27498025 0.01399689 -0.03336136
v -0.27443409 0.01430185 -0.03403876
v -0.27387378 0.01455395 -0.03473372
v -0.27330089 0.01475165 -0.03544427
v -0.27271965 0.01489267 -0.03616514
v -0.27213463 0.01497557 -0.03689075
v -0.27160111 0.01500000 -0.03755243
v -0.27102166 0.01497118 -0.03827114
v -0.27044415 0.01488516 -0.03898741
v -0.26986635 0.01474125 -0.03970405
v -0.26929262 0.01453959 -0.04041561
v -0.26872754 0.01428122 -0.04111651
v -0.26817545 0.01396807 -0.04180124
v -0.26764056 0.01360293 -0.04246467
v -0.26712358 0.01318767 -0.04310586
v -0.26661953 0.01271850 -0.04373098
v -0.26613191 0.01219750 -0.04433580
v -0.26566458 0.01162812 -0.04491540
v -0.26522136 0.01101460 -0.04546516
v -0.26480868 0.01036713 -0.04597701
v -0.26442200 0.00968013 -0.04645656
v -0.26406062 0.00895225 -0.04690477
v -0.26372579 0.00818485 -0.04732003
v -0.26342049 0.00738327 -0.04769872
v -0.26314726 0.00655356 -0.04803763
v -0.26290819 0.00570220 -0.04833415
v -0.26270464 0.00483595 -0.04858660
v -0.26144898 -0.00281116 -0.04827509
v -0.26182413 -0.00188936 -0.04874602
v -0.26136363 -0.00188936 -0.04839404
v -0.26177052 -0.00096791 -0.04881648
v -0.26131198 -0.00096791 -0.04846602
v -0.26175141 -0.00000000 -0.04884156
v -0.26129362 -0.00000000 -0.04849164
v -0.26175272 0.00025375 -0.04883984
v -0.26129487 0.00025375 -0.04848987
v -0.26178011 0.00118731 -0.04880383
v -0.26132125 0.00118731 -0.04845310
v -0.26184294 0.00211945 -0.04872129
v -0.26138175 0.00211945 -0.04836879
v -0.26147583 0.00304289 -0.04823767
v -0.26156795 -0.00372610 -0.04810933
v -0.26171991 -0.00462699 -0.04789762
v -0.26190370 -0.00550680 -0.04764155
v -0.26211768 -0.00635894 -0.04734343
v -0.26236087 -0.00718285 -0.04700452
v -0.26263550 -0.00798609 -0.04662186
v -0.26294023 -0.00876296 -0.04619725
v -0.26327309 -0.00950713 -0.04573351
v -0.26363152 -0.01021265 -0.04523411
v -0.26400962 -0.01086930 -0.04470728
v -0.26441073 -0.01148442 -0.04414839
v -0.26483580 -0.01205940 -0.04355610
v -0.26528376 -0.01259180 -0.04293190
v -0.26575154 -0.01307692 -0.04228015
v -0.26623553 -0.01351068 -0.04160578
v -0.26673201 -0.01388979 -0.04091404
v -0.26723698 -0.01421214 -0.04021041
v -0.26775348 -0.01448071 -0.03949076
v -0.26828280 -0.01469572 -0.03875322
v -0.26882115 -0.01485470 -0.03800314
v -0.26936436 -0.01495591 -0.03724625
v -0.26990822 -0.01499850 -0.03648846
v -0.27039844 -0.01498657 -0.03580543
v -0.27093497 -0.01491886 -0.03505784
v -0.27147245 -0.01479343 -0.03430893
v -0.27200747 -0.01461011 -0.03356347
v -0.27253580 -0.01436965 -0.03282730
v -0.27305335 -0.01407371 -0.03210620
v -0.27355608 -0.01372477 -0.03140569
v -0.27404130 -0.01332592 -0.03072963
v -0.27451393 -0.01287385 -0.03007112
v -0.27497253 -0.01236905 -0.02943215
v -0.27541336 -0.01181466 -0.02881788
v -0.27583289 -0.01121472 -0.02823330
v -0.27620891 -0.01060660 -0.02770936
v -0.27657801 -0.00993221 -0.02719511
v -0.27692217 -0.00921974 -0.02671561
v -0.27724266 -0.00846602 -0.02626904
v -0.27753669 -0.00767611 -0.02585935
v -0.27780172 -0.00685583 -0.02549007
v -0.27803561 -0.00601152 -0.02516415
v -0.27823684 -0.00514985 -0.02488379
v -0.27840564 -0.00427298 -0.02464861
v -0.27854374 -0.00337262 -0.02445621
v -0.27864972 -0.00245407 -0.02430852
v -0.27872244 -0.00152424 -0.02420720
v -0.27876115 -0.00059036 -0.02415323
v -0.27876580 0.00033309 -0.02414673
v -0.27873710 0.00125510 -0.02418676
v -0.27867496 0.00217751 -0.02427338
v -0.27857906 0.00309792 -0.02440700
v -0.27844968 0.00400925 -0.02458724
v -0.27828762 0.00490430 -0.02481300
v -0.27809420 0.00577615 -0.02508249
v -0.27787131 0.00661845 -0.02539309
v -0.27761829 0.00743611 -0.02574565
v -0.27733409 0.00823180 -0.02614167
v -0.27702034 0.00899913 -0.02657883
v -0.27667922 0.00973184 -0.02705411
v -0.27631336 0.01042417 -0.02756384
v -0.27592850 0.01106690 -0.02810010
v -0.27552035 0.01166879 -0.02866879
v -0.27508780 0.01223097 -0.02927151
v -0.27463326 0.01274904 -0.02990483
v -0.27416003 0.01321848 -0.03056422
v -0.27367172 0.01363544 -0.03124460
v -0.27317214 0.01399689 -0.03194065
v -0.27266443 0.01430184 -0.03264811
v -0.27214351 0.01455395 -0.03337391
v -0.27161095 0.01475164 -0.03411597
v -0.27107063 0.01489267 -0.03486882
v -0.27052677 0.01497557 -0.03562662
v -0.27003080 0.01500000 -0.03631767
v -0.26949209 0.01497118 -0.03706825
v -0.26895523 0.01488516 -0.03781630
v -0.26841807 0.01474125 -0.03856473
v -0.26788473 0.01453959 -0.03930786
v -0.26735941 0.01428122 -0.04003985
v -0.26684618 0.01396807 -0.04075496
v -0.26634890 0.01360293 -0.04144783
v -0.26586831 0.01318766 -0.04211745
v -0.26539975 0.01271849 -0.04277030
v -0.26494640 0.01219750 -0.04340196
v -0.26451200 0.01162811 -0.04400728
v -0.26409996 0.01101460 -0.04458142
v -0.26371631 0.01036713 -0.04511598
v -0.26335683 0.00968013 -0.04561680
v -0.26302087 0.00895225 -0.04608489
v -0.26270962 0.00818485 -0.04651858
v -0.26242578 0.00738327 -0.04691407
v -0.26217180 0.00655356 -0.04726801
v -0.26194954 0.00570220 -0.04757769
v -0.26176032 0.00483595 -0.04784134
v -0.26160252 0.00395057 -0.04806117
v -0.26050779 -0.00188937 -0.04780075
v -0.26088881 -0.00096791 -0.04816295
v -0.26045993 -0.00096791 -0.04787535
v -0.26087111 -0.00000000 -0.04818904
v -0.26044288 -0.00000000 -0.04790191
v -0.26087233 0.00025375 -0.04818725
v -0.26044405 0.00025375 -0.04790008
v -0.26089776 0.00118731 -0.04814979
v -0.26046851 0.00118731 -0.04786196
v -0.26095608 0.00211945 -0.04806392
v -0.26052460 0.00211945 -0.04777457
v -0.26061183 0.00304289 -0.04763866
v -0.26058695 -0.00281116 -0.04767745
v -0.26069728 -0.00372610 -0.04750562
v -0.26083818 -0.00462699 -0.04728617
v -0.26100862 -0.00550680 -0.04702073
v -0.26120701 -0.00635894 -0.04671171
v -0.26143253 -0.00718285 -0.04636042
v -0.26168719 -0.00798610 -0.04596377
v -0.26196977 -0.00876296 -0.04552363
v -0.26227841 -0.00950713 -0.04504293
v -0.26261076 -0.01021265 -0.04452527
v -0.26296139 -0.01086930 -0.04397917
v -0.26333332 -0.01148442 -0.04339984
v -0.26372746 -0.01205941 -0.04278591
v -0.26414287 -0.01259181 -0.04213888
v -0.26457661 -0.01307693 -0.04146330
v -0.26502544 -0.01351069 -0.04076427
v -0.26548579 -0.01388979 -0.04004724
v -0.26595405 -0.01421214 -0.03931788
v -0.26643297 -0.01448071 -0.03857191
v -0.26692382 -0.01469573 -0.03780740
v -0.26742300 -0.01485470 -0.03702989
v -0.26792672 -0.01495591 -0.03624533
v -0.26843104 -0.01499850 -0.03545983
v -0.26888558 -0.01498657 -0.03475182
v -0.26938310 -0.01491886 -0.03397690
v -0.26988152 -0.01479343 -0.03320060
v -0.27037764 -0.01461012 -0.03242789
v -0.27086756 -0.01436966 -0.03166480
v -0.27134743 -0.01407371 -0.03091734
v -0.27181363 -0.01372477 -0.03019121
v -0.27226356 -0.01332592 -0.02949043
v -0.27270180 -0.01287385 -0.02880784
v -0.27312705 -0.01236905 -0.02814550
v -0.27353585 -0.01181467 -0.02750878
v -0.27392486 -0.01121472 -0.02690282
v -0.27427354 -0.01060660 -0.02635973
v -0.27461579 -0.00993221 -0.02582667
v -0.27493492 -0.00921975 -0.02532963
v -0.27523211 -0.00846603 -0.02486673
v -0.27550477 -0.00767612 -0.02444206
v -0.27575049 -0.00685583 -0.02405928
v -0.27596739 -0.00601152 -0.02372145
v -0.27615398 -0.00514985 -0.02343083
v -0.27631050 -0.00427298 -0.02318705
v -0.27643856 -0.00337262 -0.02298761
v -0.27653685 -0.00245407 -0.02283452
v -0.27660426 -0.00152424 -0.02272950
v -0.27664015 -0.00059036 -0.02267356
v -0.27664447 0.00033309 -0.02266682
v -0.27661785 0.00125510 -0.02270831
v -0.27656025 0.00217751 -0.02279810
v -0.27647132 0.00309793 -0.02293660
v -0.27635136 0.00400925 -0.02312343
v -0.27620110 0.00490430 -0.02335745
v -0.27602172 0.00577615 -0.02363680
v -0.27581504 0.00661846 -0.02395876
v -0.27558044 0.00743611 -0.02432420
v -0.27531689 0.00823181 -0.02473470
v -0.27502593 0.00899913 -0.02518785
v -0.27470964 0.00973184 -0.02568051
v -0.27437037 0.01042417 -0.02620889
v -0.27401352 0.01106690 -0.02676475
v -0.27363506 0.01166880 -0.02735423
v -0.27323395 0.01223098 -0.02797898
v -0.27281249 0.01274905 -0.02863547
v -0.27237365 0.01321849 -0.02931897
v -0.27192083 0.01363544 -0.03002423
v -0.27145761 0.01399690 -0.03074574
v -0.27098680 0.01430185 -0.03147905
v -0.27050379 0.01455395 -0.03223139
v -0.27000993 0.01475165 -0.03300059
v -0.26950890 0.01489267 -0.03378097
v -0.26900458 0.01497557 -0.03456648
v -0.26854470 0.01500000 -0.03528279
v -0.26804519 0.01497118 -0.03606082
v -0.26754734 0.01488517 -0.03683622
v -0.26704925 0.01474125 -0.03761202
v -0.26655471 0.01453959 -0.03838233
v -0.26606756 0.01428122 -0.03914108
v -0.26559165 0.01396807 -0.03988234
v -0.26513055 0.01360293 -0.04060054
v -0.26468492 0.01318767 -0.04129465
v -0.26425043 0.01271850 -0.04197138
v -0.26383004 0.01219751 -0.04262613
v -0.26342723 0.01162812 -0.04325358
v -0.26304513 0.01101460 -0.04384871
v -0.26268938 0.01036713 -0.04440282
v -0.26235607 0.00968013 -0.04492195
v -0.26204455 0.00895225 -0.04540716
v -0.26175591 0.00818485 -0.04585672
v -0.26149273 0.00738327 -0.04626666
v -0.26125720 0.00655356 -0.04663354
v -0.26105112 0.00570220 -0.04695454
v -0.26087564 0.00483596 -0.04722783
v -0.26072931 0.00395057 -0.04745571
v -0.25970340 -0.00188937 -0.04731307
v -0.26006201 -0.00096791 -0.04762586
v -0.25965911 -0.00096791 -0.04738990
v -0.26004562 -0.00000000 -0.04765282
v -0.25964335 -0.00000000 -0.04741725
v -0.25964442 0.00025375 -0.04741536
v -0.25977662 -0.00281116 -0.04718608
v -0.25987867 -0.00372610 -0.04700910
v -0.26000902 -0.00462699 -0.04678306
v -0.26016667 -0.00550680 -0.04650965
v -0.26035020 -0.00635894 -0.04619137
v -0.26055881 -0.00718286 -0.04582955
v -0.26079440 -0.00798611 -0.04542102
v -0.26105580 -0.00876297 -0.04496768
v -0.26134130 -0.00950713 -0.04447256
v -0.26164874 -0.01021265 -0.04393937
v -0.26197308 -0.01086930 -0.04337690
v -0.26231715 -0.01148443 -0.04278021
v -0.26268175 -0.01205942 -0.04214787
v -0.26306602 -0.01259182 -0.04148144
v -0.26346728 -0.01307694 -0.04078560
v -0.26388243 -0.01351069 -0.04006561
v -0.26430830 -0.01388979 -0.03932708
v -0.26474148 -0.01421215 -0.03857585
v -0.26518449 -0.01448073 -0.03780752
v -0.26563853 -0.01469575 -0.03702009
v -0.26610032 -0.01485472 -0.03621927
v -0.26656628 -0.01495592 -0.03541118
v -0.26703280 -0.01499851 -0.03460213
v -0.26745328 -0.01498657 -0.03387289
v -0.26791352 -0.01491887 -0.03307474
v -0.26837456 -0.01479345 -0.03227516
v -0.26883349 -0.01461013 -0.03147929
v -0.26928669 -0.01436967 -0.03069331
v -0.26973063 -0.01407371 -0.02992344
v -0.27016187 -0.01372477 -0.02917555
v -0.27057809 -0.01332593 -0.02845376
v -0.27098349 -0.01287387 -0.02775069
v -0.27137685 -0.01236907 -0.02706849
v -0.27175501 -0.01181468 -0.02641268
v -0.27211487 -0.01121472 -0.02578857
v -0.27243742 -0.01060660 -0.02522919
v -0.27275401 -0.00993221 -0.02468015
v -0.27304924 -0.00921975 -0.02416819
v -0.27332416 -0.00846604 -0.02369141
v -0.27357638 -0.00767613 -0.02325401
v -0.27380368 -0.00685583 -0.02285977
v -0.27400431 -0.00601152 -0.02251181
v -0.27417693 -0.00514985 -0.02221248
v -0.27432171 -0.00427298 -0.02196138
v -0.27444017 -0.00337262 -0.02175596
v -0.27453110 -0.00245408 -0.02159828
v -0.27459347 -0.00152425 -0.02149011
v -0.27462667 -0.00059036 -0.02143251
v -0.27463067 0.00033309 -0.02142557
v -0.27460605 0.00125510 -0.02146829
v -0.27455273 0.00217751 -0.02156076
v -0.27447048 0.00309793 -0.02170341
v -0.27435949 0.00400926 -0.02189585
v -0.27422050 0.00490430 -0.02213690
v -0.27405459 0.00577615 -0.02242463
v -0.27386338 0.00661846 -0.02275623
v -0.27364635 0.00743612 -0.02313262
v -0.27340257 0.00823182 -0.02355542
v -0.27313343 0.00899914 -0.02402217
v -0.27284083 0.00973184 -0.02452960
v -0.27252701 0.01042417 -0.02507383
v -0.27219689 0.01106690 -0.02564636
v -0.27184680 0.01166881 -0.02625351
v -0.27147576 0.01223100 -0.02689699
v -0.27108586 0.01274906 -0.02757315
v -0.27067992 0.01321850 -0.02827715
v -0.27026105 0.01363544 -0.02900356
v -0.26983252 0.01399690 -0.02974670
v -0.26939702 0.01430186 -0.03050200
v -0.26895019 0.01455397 -0.03127690
v -0.26849335 0.01475167 -0.03206916
v -0.26802990 0.01489269 -0.03287293
v -0.26756337 0.01497558 -0.03368200
v -0.26713794 0.01500000 -0.03441979
v -0.26667586 0.01497119 -0.03522114
v -0.26621532 0.01488518 -0.03601979
v -0.26575458 0.01474127 -0.03681885
v -0.26529709 0.01453961 -0.03761226
v -0.26484647 0.01428123 -0.03839375
v -0.26440623 0.01396807 -0.03915724
v -0.26397967 0.01360294 -0.03989697
v -0.26356745 0.01318768 -0.04061190
v -0.26316550 0.01271852 -0.04130892
v -0.26277664 0.01219752 -0.04198330
v -0.26240402 0.01162813 -0.04262956
v -0.26205057 0.01101460 -0.04324253
v -0.26172149 0.01036713 -0.04381324
v -0.26141316 0.00968014 -0.04434796
v -0.26112497 0.00895226 -0.04484772
v -0.26085797 0.00818486 -0.04531075
v -0.26061451 0.00738328 -0.04573299
v -0.26039663 0.00655357 -0.04611085
v -0.26020598 0.00570220 -0.04644148
v -0.26004368 0.00483596 -0.04672297
v -0.25990832 0.00395058 -0.04695769
v -0.25979966 0.00304289 -0.04714613
v -0.25971892 0.00211945 -0.04728611
v -0.25966707 0.00118732 -0.04737611
v -0.25893235 -0.00188937 -0.04690700
v -0.25927758 -0.00096791 -0.04718166
v -0.25889155 -0.00096791 -0.04698572
v -0.25926244 -0.00000000 -0.04720935
v -0.25887704 -0.00000000 -0.04701373
v -0.25887802 0.00025375 -0.04701180
v -0.25899982 -0.00281117 -0.04677687
v -0.25909388 -0.00372611 -0.04659549
v -0.25921401 -0.00462700 -0.04636383
v -0.25935930 -0.00550680 -0.04608364
v -0.25952843 -0.00635894 -0.04575747
v -0.25972068 -0.00718287 -0.04538669
v -0.25993776 -0.00798612 -0.04496804
v -0.26017869 -0.00876299 -0.04450347
v -0.26044178 -0.00950714 -0.04399606
v -0.26072511 -0.01021265 -0.04344964
v -0.26102403 -0.01086930 -0.04287322
v -0.26134109 -0.01148444 -0.04226175
v -0.26167712 -0.01205945 -0.04161374
v -0.26203123 -0.01259185 -0.04093080
v -0.26240098 -0.01307696 -0.04021770
v -0.26278359 -0.01351069 -0.03947985
v -0.26317605 -0.01388979 -0.03872301
v -0.26357526 -0.01421216 -0.03795316
v -0.26398352 -0.01448075 -0.03716579
v -0.26440194 -0.01469578 -0.03635884
v -0.26482749 -0.01485474 -0.03553816
v -0.26525691 -0.01495593 -0.03471004
v -0.26568684 -0.01499851 -0.03388093
v -0.26607436 -0.01498658 -0.03313362
v -0.26649848 -0.01491889 -0.03231568
v -0.26692337 -0.01479348 -0.03149627
v -0.26734629 -0.01461016 -0.03068067
v -0.26776394 -0.01436969 -0.02987521
v -0.26817304 -0.01407372 -0.02908626
v -0.26857045 -0.01372477 -0.02831983
v -0.26895404 -0.01332594 -0.02758013
v -0.26932764 -0.01287389 -0.02685963
v -0.26969016 -0.01236909 -0.02616051
v -0.27003863 -0.01181470 -0.02548845
v -0.27037027 -0.01121473 -0.02484888
v -0.27066752 -0.01060660 -0.02427564
v -0.27095929 -0.00993222 -0.02371298
v -0.27123132 -0.00921977 -0.02318832
v -0.27148470 -0.00846606 -0.02269971
v -0.27171713 -0.00767614 -0.02225148
v -0.27192661 -0.00685584 -0.02184746
v -0.27211151 -0.00601152 -0.02149089
v -0.27227056 -0.00514985 -0.02118414
v -0.27240402 -0.00427299 -0.02092680
v -0.27251318 -0.00337263 -0.02071627
v -0.27259699 -0.00245408 -0.02055468
v -0.27265444 -0.00152425 -0.02044385
v -0.27268505 -0.00059036 -0.02038483
v -0.27268872 0.00033309 -0.02037772
v -0.27266604 0.00125510 -0.02042149
v -0.27261689 0.00217751 -0.02051624
v -0.27254111 0.00309793 -0.02066242
v -0.27243882 0.00400926 -0.02085964
v -0.27231073 0.00490431 -0.02110668
v -0.27215782 0.00577615 -0.02140155
v -0.27198163 0.00661846 -0.02174136
v -0.27178162 0.00743613 -0.02212708
v -0.27155697 0.00823184 -0.02256035
v -0.27130893 0.00899915 -0.02303867
v -0.27103928 0.00973185 -0.02355869
v -0.27075008 0.01042417 -0.02411642
v -0.27044585 0.01106690 -0.02470314
v -0.27012321 0.01166882 -0.02532533
v -0.26978129 0.01223102 -0.02598476
v -0.26942196 0.01274909 -0.02667769
v -0.26904789 0.01321851 -0.02739914
v -0.26866186 0.01363544 -0.02814357
v -0.26826695 0.01399690 -0.02890513
v -0.26786560 0.01430187 -0.02967916
v -0.26745385 0.01455400 -0.03047326
v -0.26703283 0.01475170 -0.03128516
v -0.26660571 0.01489271 -0.03210886
v -0.26617578 0.01497558 -0.03293798
v -0.26578373 0.01500000 -0.03369407
v -0.26535791 0.01497120 -0.03451529
v -0.26493350 0.01488520 -0.03533374
v -0.26450887 0.01474130 -0.03615261
v -0.26408729 0.01453964 -0.03696568
v -0.26367199 0.01428124 -0.03776655
v -0.26326630 0.01396807 -0.03854896
v -0.26287320 0.01360294 -0.03930703
v -0.26249331 0.01318769 -0.04003969
v -0.26212290 0.01271854 -0.04075399
v -0.26176456 0.01219754 -0.04144510
v -0.26142114 0.01162814 -0.04210737
v -0.26109543 0.01101461 -0.04273552
v -0.26079214 0.01036713 -0.04332039
v -0.26050800 0.00968015 -0.04386836
v -0.26024243 0.00895228 -0.04438053
v -0.25999635 0.00818488 -0.04485504
v -0.25977200 0.00738329 -0.04528774
v -0.25957122 0.00655357 -0.04567496
v -0.25939554 0.00570220 -0.04601377
v -0.25924593 0.00483596 -0.04630225
v -0.25912121 0.00395058 -0.04654280
v -0.25902107 0.00304290 -0.04673592
v -0.25894669 0.00211946 -0.04687937
v -0.25889888 0.00118732 -0.04697159
v -0.25818220 -0.00188938 -0.04656746
v -0.25852025 -0.00096791 -0.04681103
v -0.25814477 -0.00096791 -0.04664777
v -0.25850633 -0.00000000 -0.04683933
v -0.25813147 -0.00000000 -0.04667635
v -0.25813237 0.00025375 -0.04667438
v -0.25824404 -0.00281118 -0.04643467
v -0.25833026 -0.00372611 -0.04624958
v -0.25844041 -0.00462700 -0.04601316
v -0.25857359 -0.00550680 -0.04572722
v -0.25872865 -0.00635895 -0.04539437
v -0.25890490 -0.00718288 -0.04501603
v -0.25910392 -0.00798615 -0.04458881
v -0.25932476 -0.00876301 -0.04411473
v -0.25956598 -0.00950716 -0.04359692
v -0.25982571 -0.01021265 -0.04303930
v -0.26009974 -0.01086930 -0.04245108
v -0.26039040 -0.01148445 -0.04182710
v -0.26069844 -0.01205948 -0.04116583
v -0.26102310 -0.01259188 -0.04046891
v -0.26136208 -0.01307698 -0.03974121
v -0.26171285 -0.01351070 -0.03898825
v -0.26207262 -0.01388979 -0.03821591
v -0.26243860 -0.01421217 -0.03743031
v -0.26281288 -0.01448078 -0.03662682
v -0.26319647 -0.01469582 -0.03580335
v -0.26358661 -0.01485478 -0.03496587
v -0.26398027 -0.01495594 -0.03412079
v -0.26437441 -0.01499851 -0.03327471
v -0.26472965 -0.01498658 -0.03251209
v -0.26511848 -0.01491891 -0.03167741
v -0.26550800 -0.01479352 -0.03084123
v -0.26589572 -0.01461020 -0.03000892
v -0.26627859 -0.01436971 -0.02918698
v -0.26665366 -0.01407372 -0.02838188
v -0.26701799 -0.01372477 -0.02759976
v -0.26736963 -0.01332596 -0.02684492
v -0.26771212 -0.01287392 -0.02610966
v -0.26804447 -0.01236913 -0.02539623
v -0.26836395 -0.01181472 -0.02471041
v -0.26866797 -0.01121474 -0.02405776
v -0.26894048 -0.01060660 -0.02347279
v -0.26920795 -0.00993222 -0.02289860
v -0.26945737 -0.00921978 -0.02236318
v -0.26968962 -0.00846608 -0.02186457
v -0.26990271 -0.00767616 -0.02140716
v -0.27009475 -0.00685585 -0.02099489
v -0.27026427 -0.00601152 -0.02063104
v -0.27041009 -0.00514985 -0.02031799
v -0.27053243 -0.00427299 -0.02005537
v -0.27063251 -0.00337264 -0.01984052
v -0.27070931 -0.00245409 -0.01967562
v -0.27076200 -0.00152425 -0.01956253
v -0.27079004 -0.00059036 -0.01950232
v -0.27079344 0.00033309 -0.01949508
v -0.27077264 0.00125510 -0.01953972
v -0.27072757 0.00217752 -0.01963639
v -0.27065811 0.00309794 -0.01978557
v -0.27056435 0.00400927 -0.01998683
v -0.27044690 0.00490431 -0.02023895
v -0.27030674 0.00577615 -0.02053987
v -0.27014518 0.00661847 -0.02088662
v -0.26996183 0.00743615 -0.02128021
v -0.26975587 0.00823186 -0.02172235
v -0.26952851 0.00899917 -0.02221047
v -0.26928130 0.00973186 -0.02274115
v -0.26901615 0.01042418 -0.02331031
v -0.26873726 0.01106691 -0.02390904
v -0.26844147 0.01166885 -0.02454396
v -0.26812801 0.01223105 -0.02521687
v -0.26779860 0.01274912 -0.02592399
v -0.26745567 0.01321853 -0.02666022
v -0.26710176 0.01363545 -0.02741990
v -0.26673976 0.01399690 -0.02819705
v -0.26637179 0.01430189 -0.02898692
v -0.26599431 0.01455403 -0.02979727
v -0.26560837 0.01475174 -0.03062579
v -0.26521680 0.01489274 -0.03146636
v -0.26482266 0.01497559 -0.03231246
v -0.26446325 0.01500000 -0.03308402
v -0.26407284 0.01497121 -0.03392205
v -0.26368377 0.01488523 -0.03475726
v -0.26329452 0.01474134 -0.03559290
v -0.26290801 0.01453967 -0.03642261
v -0.26252729 0.01428126 -0.03723988
v -0.26215535 0.01396807 -0.03803829
v -0.26179498 0.01360294 -0.03881188
v -0.26144671 0.01318771 -0.03955956
v -0.26110715 0.01271857 -0.04028849
v -0.26077861 0.01219758 -0.04099374
v -0.26046380 0.01162816 -0.04166956
v -0.26016518 0.01101461 -0.04231057
v -0.25988716 0.01036713 -0.04290740
v -0.25962666 0.00968016 -0.04346661
v -0.25938320 0.00895230 -0.04398927
v -0.25915763 0.00818490 -0.04447351
v -0.25895193 0.00738331 -0.04491505
v -0.25876787 0.00655358 -0.04531018
v -0.25860682 0.00570220 -0.04565592
v -0.25846967 0.00483596 -0.04595032
v -0.25835532 0.00395059 -0.04619581
v -0.25826350 0.00304290 -0.04639290
v -0.25819531 0.00211946 -0.04653927
v -0.25815150 0.00118732 -0.04663336
v -0.25733718 -0.00096792 -0.04633814
v -0.25737092 -0.00188939 -0.04625637
v -0.25742668 -0.00281119 -0.04612114
v -0.25750443 -0.00372612 -0.04593261
v -0.25760370 -0.00462701 -0.04569180
v -0.25772378 -0.00550680 -0.04540054
v -0.25786358 -0.00635895 -0.04506155
v -0.25802246 -0.00718290 -0.04467623
v -0.25820190 -0.00798618 -0.04424112
v -0.25840098 -0.00876304 -0.04375827
v -0.25861844 -0.00950718 -0.04323087
v -0.25885260 -0.01021266 -0.04266292
v -0.25909963 -0.01086931 -0.04206381
v -0.25936168 -0.01148447 -0.04142831
v -0.25963941 -0.01205952 -0.04075482
v -0.25993207 -0.01259193 -0.04004502
v -0.26023769 -0.01307702 -0.03930385
v -0.26055390 -0.01351072 -0.03853694
v -0.26087826 -0.01388979 -0.03775031
v -0.26120818 -0.01421219 -0.03695018
v -0.26154560 -0.01448082 -0.03613184
v -0.26189142 -0.01469587 -0.03529314
v -0.26224315 -0.01485482 -0.03444017
v -0.26259804 -0.01495597 -0.03357946
v -0.26295337 -0.01499851 -0.03271772
v -0.26327363 -0.01498659 -0.03194100
v -0.26362416 -0.01491895 -0.03109087
v -0.26397535 -0.01479357 -0.03023922
v -0.26432487 -0.01461025 -0.02939153
v -0.26467004 -0.01436974 -0.02855439
v -0.26500818 -0.01407373 -0.02773440
v -0.26533663 -0.01372477 -0.02693782
v -0.26565364 -0.01332598 -0.02616900
v -0.26596242 -0.01287396 -0.02542013
v -0.26626202 -0.01236917 -0.02469350
v -0.26655003 -0.01181476 -0.02399501
v -0.26682413 -0.01121475 -0.02333029
v -0.26706982 -0.01060660 -0.02273452
v -0.26731095 -0.00993223 -0.02214969
v -0.26753578 -0.00921981 -0.02160436
v -0.26774520 -0.00846611 -0.02109650
v -0.26793727 -0.00767619 -0.02063064
v -0.26811042 -0.00685587 -0.02021077
v -0.26826322 -0.00601152 -0.01984020
v -0.26839471 -0.00514985 -0.01952137
v -0.26850498 -0.00427300 -0.01925386
v -0.26859522 -0.00337265 -0.01903502
v -0.26866445 -0.00245410 -0.01886707
v -0.26871195 -0.00152426 -0.01875191
v -0.26873726 -0.00059036 -0.01869061
v -0.26874030 0.00033309 -0.01868323
v -0.26872155 0.00125511 -0.01872868
v -0.26868093 0.00217753 -0.01882712
v -0.26861829 0.00309795 -0.01897904
v -0.26853377 0.00400928 -0.01918405
v -0.26842788 0.00490431 -0.01944085
v -0.26830152 0.00577615 -0.01974735
v -0.26815590 0.00661848 -0.02010051
v -0.26799059 0.00743617 -0.02050135
v -0.26780492 0.00823189 -0.02095166
v -0.26759991 0.00899920 -0.02144881
v -0.26737705 0.00973187 -0.02198933
v -0.26713803 0.01042418 -0.02256903
v -0.26688659 0.01106692 -0.02317883
v -0.26661995 0.01166887 -0.02382548
v -0.26633736 0.01223110 -0.02451083
v -0.26604038 0.01274916 -0.02523102
v -0.26573122 0.01321856 -0.02598088
v -0.26541218 0.01363545 -0.02675462
v -0.26508579 0.01399690 -0.02754615
v -0.26475409 0.01430192 -0.02835062
v -0.26441377 0.01455408 -0.02917596
v -0.26406580 0.01475179 -0.03001980
v -0.26371279 0.01489278 -0.03087592
v -0.26335749 0.01497561 -0.03173767
v -0.26303345 0.01500000 -0.03252350
v -0.26268151 0.01497122 -0.03337704
v -0.26233074 0.01488527 -0.03422771
v -0.26197982 0.01474140 -0.03507880
v -0.26163137 0.01453972 -0.03592386
v -0.26128817 0.01428129 -0.03675623
v -0.26095286 0.01396807 -0.03756941
v -0.26062796 0.01360295 -0.03835731
v -0.26031399 0.01318774 -0.03911883
v -0.26000786 0.01271862 -0.03986125
v -0.25971168 0.01219762 -0.04057955
v -0.25942785 0.01162819 -0.04126786
v -0.25915864 0.01101462 -0.04192070
v -0.25890800 0.01036713 -0.04252857
v -0.25867316 0.00968017 -0.04309814
v -0.25845367 0.00895233 -0.04363049
v -0.25825030 0.00818493 -0.04412369
v -0.25806487 0.00738333 -0.04457339
v -0.25789893 0.00655358 -0.04497580
v -0.25775373 0.00570220 -0.04532792
v -0.25763011 0.00483596 -0.04562778
v -0.25752699 0.00395060 -0.04587784
v -0.25744423 0.00304292 -0.04607859
v -0.25738275 0.00211947 -0.04622766
v -0.25734326 0.00118733 -0.04632346
v -0.25732601 0.00025375 -0.04636522
v -0.25732520 -0.00000000 -0.04636722
v -0.25640759 -0.00096792 -0.04604201
v -0.25643706 -0.00188940 -0.04595884
v -0.25648582 -0.00281120 -0.04582127
v -0.25655374 -0.00372614 -0.04562943
v -0.25664052 -0.00462701 -0.04538437
v -0.25674546 -0.00550680 -0.04508799
v -0.25686762 -0.00635896 -0.04474306
v -0.25700650 -0.00718293 -0.04435103
v -0.25716329 -0.00798622 -0.04390834
v -0.25733730 -0.00876308 -0.04341703
v -0.25752732 -0.00950720 -0.04288038
v -0.25773200 -0.01021266 -0.04230246
v -0.25794789 -0.01086931 -0.04169286
v -0.25817689 -0.01148451 -0.04104625
v -0.25841960 -0.01205958 -0.04036099
v -0.25867540 -0.01259199 -0.03963877
v -0.25894248 -0.01307706 -0.03888462
v -0.25921884 -0.01351073 -0.03810427
v -0.25950229 -0.01388979 -0.03730386
v -0.25979063 -0.01421221 -0.03648974
v -0.26008555 -0.01448089 -0.03565708
v -0.26038778 -0.01469595 -0.03480371
v -0.26069516 -0.01485489 -0.03393581
v -0.26100531 -0.01495600 -0.03306003
v -0.26131585 -0.01499851 -0.03218320
v -0.26159576 -0.01498660 -0.03139289
v -0.26190209 -0.01491900 -0.03052787
v -0.26220900 -0.01479365 -0.02966131
v -0.26251447 -0.01461033 -0.02879878
v -0.26281616 -0.01436979 -0.02794699
v -0.26311165 -0.01407374 -0.02711266
v -0.26339871 -0.01372478 -0.02630214
v -0.26367575 -0.01332601 -0.02551985
v -0.26394561 -0.01287402 -0.02475785
v -0.26420745 -0.01236924 -0.02401850
v -0.26445916 -0.01181481 -0.02330779
v -0.26469871 -0.01121477 -0.02263147
v -0.26491341 -0.01060660 -0.02202528
v -0.26512414 -0.00993224 -0.02143020
v -0.26532066 -0.00921984 -0.02087529
v -0.26550364 -0.00846615 -0.02035853
v -0.26567155 -0.00767623 -0.01988452
v -0.26582286 -0.00685588 -0.01945733
v -0.26595640 -0.00601153 -0.01908031
v -0.26607129 -0.00514985 -0.01875588
v -0.26616767 -0.00427301 -0.01848366
v -0.26624653 -0.00337266 -0.01826096
v -0.26630706 -0.00245411 -0.01809007
v -0.26634857 -0.00152427 -0.01797292
v -0.26637065 -0.00059036 -0.01791059
v -0.26637334 0.00033309 -0.01790309
v -0.26635695 0.00125511 -0.01794930
v -0.26632145 0.00217754 -0.01804943
v -0.26626670 0.00309797 -0.01820400
v -0.26619282 0.00400929 -0.01841261
v -0.26610032 0.00490432 -0.01867395
v -0.26598987 0.00577615 -0.01898583
v -0.26586258 0.00661849 -0.01934515
v -0.26571813 0.00743620 -0.01975298
v -0.26555586 0.00823193 -0.02021115
v -0.26537672 0.00899924 -0.02071701
v -0.26518193 0.00973189 -0.02126702
v -0.26497304 0.01042418 -0.02185689
v -0.26475328 0.01106693 -0.02247736
v -0.26452026 0.01166891 -0.02313530
v -0.26427329 0.01223116 -0.02383263
v -0.26401374 0.01274923 -0.02456544
v -0.26374352 0.01321860 -0.02532843
v -0.26346472 0.01363546 -0.02611574
v -0.26317948 0.01399691 -0.02692112
v -0.26288956 0.01430195 -0.02773966
v -0.26259217 0.01455415 -0.02857944
v -0.26228806 0.01475187 -0.02943805
v -0.26197955 0.01489283 -0.03030915
v -0.26166901 0.01497563 -0.03118600
v -0.26138583 0.01500000 -0.03198558
v -0.26107827 0.01497125 -0.03285407
v -0.26077172 0.01488533 -0.03371962
v -0.26046503 0.01474148 -0.03458562
v -0.26016048 0.01453979 -0.03544546
v -0.25986055 0.01428132 -0.03629239
v -0.25956750 0.01396808 -0.03711980
v -0.25928357 0.01360296 -0.03792150
v -0.25900915 0.01318778 -0.03869636
v -0.25874162 0.01271868 -0.03945179
v -0.25848278 0.01219768 -0.04018265
v -0.25823471 0.01162823 -0.04088300
v -0.25799945 0.01101463 -0.04154725
v -0.25778040 0.01036713 -0.04216575
v -0.25757515 0.00968019 -0.04274531
v -0.25738335 0.00895237 -0.04328701
v -0.25720561 0.00818498 -0.04378885
v -0.25704354 0.00738336 -0.04424640
v -0.25689852 0.00655360 -0.04465583
v -0.25677162 0.00570220 -0.04501409
v -0.25666359 0.00483597 -0.04531922
v -0.25657347 0.00395061 -0.04557369
v -0.25650114 0.00304293 -0.04577797
v -0.25644743 0.00211949 -0.04592964
v -0.25641289 0.00118733 -0.04602709
v -0.25639781 0.00025375 -0.04606954
v -0.25639710 -0.00000000 -0.04607158
v -0.25530055 -0.00096793 -0.04575771
v -0.25532496 -0.00188941 -0.04567321
v -0.25536528 -0.00281122 -0.04553336
v -0.25542152 -0.00372616 -0.04533830
v -0.25549334 -0.00462702 -0.04508910
v -0.25558025 -0.00550680 -0.04478773
v -0.25568137 -0.00635897 -0.04443707
v -0.25579631 -0.00718297 -0.04403853
v -0.25592613 -0.00798628 -0.04358847
v -0.25607017 -0.00876314 -0.04308897
v -0.25622749 -0.00950724 -0.04254332
v -0.25639692 -0.01021267 -0.04195571
v -0.25657564 -0.01086931 -0.04133593
v -0.25676522 -0.01148455 -0.04067856
v -0.25696614 -0.01205966 -0.03998189
v -0.25717789 -0.01259208 -0.03924761
v -0.25739899 -0.01307713 -0.03848086
v -0.25762776 -0.01351075 -0.03768745
v -0.25786242 -0.01388979 -0.03687367
v -0.25810111 -0.01421225 -0.03604596
v -0.25834525 -0.01448097 -0.03519941
v -0.25859544 -0.01469606 -0.03433180
v -0.25884989 -0.01485498 -0.03344940
v -0.25910664 -0.01495604 -0.03255900
v -0.25936371 -0.01499851 -0.03166753
v -0.25959542 -0.01498662 -0.03086402
v -0.25984901 -0.01491906 -0.02998455
v -0.26010308 -0.01479375 -0.02910352
v -0.26035598 -0.01461043 -0.02822658
v -0.26060569 -0.01436985 -0.02736059
v -0.26085031 -0.01407375 -0.02651235
v -0.26108795 -0.01372478 -0.02568829
v -0.26131728 -0.01332605 -0.02489291
v -0.26154068 -0.01287410 -0.02411817
v -0.26175746 -0.01236933 -0.02336647
v -0.26196581 -0.01181487 -0.02264392
v -0.26216412 -0.01121479 -0.02195633
v -0.26234186 -0.01060660 -0.02134004
v -0.26251632 -0.00993226 -0.02073500
v -0.26267898 -0.00921989 -0.02017079
v -0.26283050 -0.00846622 -0.01964538
v -0.26296946 -0.00767628 -0.01916347
v -0.26309472 -0.00685591 -0.01872919
v -0.26320529 -0.00601153 -0.01834591
v -0.26330039 -0.00514986 -0.01801605
v -0.26338017 -0.00427303 -0.01773924
v -0.26344547 -0.00337268 -0.01751278
v -0.26349556 -0.00245413 -0.01733904
v -0.26352993 -0.00152428 -0.01721997
v -0.26354823 -0.00059036 -0.01715665
v -0.26355043 0.00033309 -0.01714903
v -0.26353684 0.00125512 -0.01719598
v -0.26350749 0.00217756 -0.01729773
v -0.26346216 0.00309799 -0.01745487
v -0.26340100 0.00400930 -0.01766699
v -0.26332441 0.00490432 -0.01793274
v -0.26323298 0.00577615 -0.01824985
v -0.26312762 0.00661851 -0.01861514
v -0.26300803 0.00743625 -0.01902974
v -0.26287368 0.00823200 -0.01949554
v -0.26272538 0.00899929 -0.02000986
v -0.26256415 0.00973192 -0.02056909
v -0.26239124 0.01042418 -0.02116884
v -0.26220933 0.01106694 -0.02179965
v -0.26201639 0.01166897 -0.02246855
v -0.26181194 0.01223125 -0.02317750
v -0.26159710 0.01274931 -0.02392254
v -0.26137340 0.01321865 -0.02469830
v -0.26114261 0.01363547 -0.02549877
v -0.26090646 0.01399691 -0.02631761
v -0.26066649 0.01430200 -0.02714980
v -0.26042026 0.01455425 -0.02800359
v -0.26016855 0.01475198 -0.02887653
v -0.25991315 0.01489291 -0.02976218
v -0.25965607 0.01497565 -0.03065367
v -0.25942165 0.01500000 -0.03146661
v -0.25916702 0.01497128 -0.03234959
v -0.25891328 0.01488541 -0.03322961
v -0.25865936 0.01474158 -0.03411007
v -0.25840726 0.01453988 -0.03498426
v -0.25815898 0.01428137 -0.03584532
v -0.25791639 0.01396808 -0.03668653
v -0.25768134 0.01360297 -0.03750162
v -0.25745419 0.01318784 -0.03828944
v -0.25723270 0.01271877 -0.03905751
v -0.25701842 0.01219777 -0.03980057
v -0.25681308 0.01162828 -0.04051258
v -0.25661832 0.01101464 -0.04118789
v -0.25643697 0.01036714 -0.04181672
v -0.25626707 0.00968022 -0.04240599
v -0.25610828 0.00895242 -0.04295677
v -0.25596115 0.00818504 -0.04346700
v -0.25582701 0.00738341 -0.04393216
v -0.25570694 0.00655361 -0.04434838
v -0.25560188 0.00570220 -0.04471260
v -0.25551245 0.00483598 -0.04502286
v -0.25543785 0.00395063 -0.04528163
v -0.25537798 0.00304295 -0.04548933
v -0.25533351 0.00211950 -0.04564352
v -0.25530493 0.00118734 -0.04574255
v -0.25529245 0.00025375 -0.04578568
v -0.25529185 -0.00000000 -0.04578774
v -0.25395212 -0.00096793 -0.04548869
v -0.25397032 -0.00188943 -0.04540292
v -0.25400043 -0.00281125 -0.04526090
v -0.25404239 -0.00372618 -0.04506275
v -0.25409600 -0.00462704 -0.04480955
v -0.25416082 -0.00550680 -0.04450336
v -0.25423625 -0.00635898 -0.04414718
v -0.25432202 -0.00718302 -0.04374241
v -0.25441888 -0.00798636 -0.04328530
v -0.25452635 -0.00876322 -0.04277790
v -0.25464374 -0.00950729 -0.04222360
v -0.25477013 -0.01021268 -0.04162665
v -0.25490350 -0.01086932 -0.04099708
v -0.25504494 -0.01148461 -0.04032936
v -0.25519484 -0.01205977 -0.03962173
v -0.25535282 -0.01259221 -0.03887587
v -0.25551778 -0.01307722 -0.03809699
v -0.25568849 -0.01351078 -0.03729103
v -0.25586355 -0.01388979 -0.03646438
v -0.25604165 -0.01421229 -0.03562361
v -0.25622380 -0.01448108 -0.03476372
v -0.25641048 -0.01469621 -0.03388242
v -0.25660032 -0.01485510 -0.03298609
v -0.25679189 -0.01495610 -0.03208161
v -0.25698370 -0.01499851 -0.03117606
v -0.25715655 -0.01498664 -0.03035986
v -0.25734580 -0.01491915 -0.02946650
v -0.25753534 -0.01479389 -0.02857155
v -0.25772402 -0.01461057 -0.02768078
v -0.25791034 -0.01436994 -0.02680112
v -0.25809285 -0.01407377 -0.02593950
v -0.25827014 -0.01372479 -0.02510244
v -0.25844127 -0.01332611 -0.02429448
v -0.25860795 -0.01287421 -0.02350747
v -0.25876966 -0.01236946 -0.02274390
v -0.25892514 -0.01181496 -0.02200996
v -0.25907308 -0.01121482 -0.02131156
v -0.25920570 -0.01060660 -0.02068556
v -0.25933588 -0.00993229 -0.02007094
v -0.25945723 -0.00921995 -0.01949776
v -0.25957027 -0.00846630 -0.01896403
v -0.25967395 -0.00767635 -0.01847453
v -0.25976741 -0.00685595 -0.01803344
v -0.25984991 -0.00601153 -0.01764416
v -0.25992087 -0.00514986 -0.01730908
v -0.25998041 -0.00427305 -0.01702783
v -0.26002911 -0.00337271 -0.01679775
v -0.26006648 -0.00245416 -0.01662127
v -0.26009211 -0.00152429 -0.01650037
v -0.26010576 -0.00059037 -0.01643612
v -0.26010743 0.00033309 -0.01642839
v -0.26009730 0.00125513 -0.01647602
v -0.26007536 0.00217759 -0.01657932
v -0.26004156 0.00309802 -0.01673892
v -0.25999594 0.00400933 -0.01695443
v -0.25993878 0.00490433 -0.01722444
v -0.25987056 0.00577615 -0.01754660
v -0.25979197 0.00661853 -0.01791761
v -0.25970274 0.00743631 -0.01833870
v -0.25960252 0.00823208 -0.01881182
v -0.25949186 0.00899936 -0.01933428
v -0.25937155 0.00973196 -0.01990239
v -0.25924253 0.01042418 -0.02051166
v -0.25910681 0.01106696 -0.02115241
v -0.25896287 0.01166905 -0.02183183
v -0.25881034 0.01223137 -0.02255195
v -0.25865003 0.01274943 -0.02330875
v -0.25848314 0.01321872 -0.02409678
v -0.25831091 0.01363548 -0.02490992
v -0.25813475 0.01399692 -0.02574169
v -0.25795570 0.01430207 -0.02658701
v -0.25777200 0.01455438 -0.02745426
v -0.25758418 0.01475213 -0.02834098
v -0.25739363 0.01489302 -0.02924062
v -0.25720182 0.01497569 -0.03014619
v -0.25702691 0.01500000 -0.03097197
v -0.25683695 0.01497132 -0.03186890
v -0.25664762 0.01488552 -0.03276282
v -0.25645816 0.01474173 -0.03365718
v -0.25627008 0.01454001 -0.03454517
v -0.25608483 0.01428143 -0.03541981
v -0.25590381 0.01396808 -0.03627429
v -0.25572845 0.01360299 -0.03710225
v -0.25555897 0.01318792 -0.03790255
v -0.25539371 0.01271889 -0.03868277
v -0.25523385 0.01219789 -0.03943756
v -0.25508064 0.01162836 -0.04016078
v -0.25493532 0.01101465 -0.04084671
v -0.25480005 0.01036714 -0.04148546
v -0.25467327 0.00968026 -0.04208408
v -0.25455478 0.00895249 -0.04264361
v -0.25444502 0.00818512 -0.04316190
v -0.25434491 0.00738347 -0.04363437
v -0.25425535 0.00655363 -0.04405711
v -0.25417697 0.00570220 -0.04442704
v -0.25411025 0.00483599 -0.04474224
v -0.25405458 0.00395065 -0.04500516
v -0.25400990 0.00304298 -0.04521618
v -0.25397673 0.00211953 -0.04537278
v -0.25395539 0.00118735 -0.04547331
v -0.25394610 0.00025375 -0.04551706
v -0.25394565 -0.00000000 -0.04551916
v -0.29850000 -0.00000000 -0.15000001
v -0.25000000 -0.00239044 -0.02732281
v -0.25000000 0.00476268 -0.02701050
v -0.25000000 0.00709868 -0.02649262
v -0.25000000 0.00000000 -0.02742718
v -0.25000000 -0.00709868 -0.02649262
v -0.25000000 -0.01159123 -0.02485747
v -0.25000000 0.00938065 -0.02577312
v -0.25000000 0.00239044 -0.02732281
v -0.25000000 -0.00476268 -0.02701050
v -0.25000000 -0.00938065 -0.02577312
v -0.25000000 0.01159123 -0.02485747
v -0.10502063 0.22521749 -0.00000000
v -0.10628849 0.22793640 -0.00000000
v -0.12425000 0.21520731 -0.00000000
v -0.12575001 0.21780539 -0.00000000
v -0.14253375 0.20355928 -0.00000000
v -0.14425448 0.20601673 -0.00000000
v -0.15973271 0.19036205 -0.00000000
v -0.16166109 0.19266018 -0.00000000
v -0.17571604 0.17571604 -0.00000000
v -0.17783736 0.17783736 -0.00000000
v -0.19036205 0.15973271 -0.00000000
v -0.19266018 0.16166109 -0.00000000
v -0.20355928 0.14253375 -0.00000000
v -0.20601673 0.14425448 -0.00000000
v -0.21520731 0.12425000 -0.00000000
v -0.21780539 0.12575001 -0.00000000
v -0.22521749 0.10502063 -0.00000000
v -0.22793640 0.10628849 -0.00000000
v -0.23351362 0.08499201 -0.00000000
v -0.23633270 0.08601806 -0.00000000
v -0.24003257 0.06431653 -0.00000000
v -0.24293035 0.06509299 -0.00000000
v -0.24472472 0.04315157 -0.00000000
v -0.24767914 0.04367252 -0.00000000
v -0.24755438 0.02165820 -0.00000000
v -0.25054297 0.02191967 -0.00000000
v -0.24850000 -0.00000000 0.00000000
v -0.25150001 -0.00000000 0.00000000
v -0.24755438 -0.02165820 0.00000000
v -0.25054297 -0.02191967 0.00000000
v -0.24472472 -0.04315157 0.00000000
v -0.24767914 -0.04367252 0.00000000
v -0.24003257 -0.06431653 0.00000000
v -0.24293035 -0.06509299 0.00000000
v -0.23351362 -0.08499201 0.00000000
v -0.23633270 -0.08601806 0.00000000
v -0.22521749 -0.10502063 0.00000000
v -0.22793640 -0.10628849 0.00000000
v -0.21520731 -0.12425000 0.00000000
v -0.21780539 -0.12575001 0.00000000
v -0.20355928 -0.14253375 0.00000000
v -0.20601673 -0.14425448 0.00000000
v -0.19036205 -0.15973271 0.00000000
v -0.19266018 -0.16166109 0.00000000
v -0.17571604 -0.17571604 0.00000000
v -0.17783736 -0.17783736 0.00000000
v -0.15973271 -0.19036205 0.00000000
v -0.16166109 -0.19266018 0.00000000
v -0.14253375 -0.20355928 0.00000000
v -0.14425448 -0.20601673 0.00000000
v -0.12425000 -0.21520731 0.00000000
v -0.12575001 -0.21780539 0.00000000
v -0.10502063 -0.22521749 0.00000000
v -0.10628849 -0.22793640 0.00000000
v -0.08499201 -0.23351362 0.00000000
v -0.08601806 -0.23633270 0.00000000
v -0.06431653 -0.24003257 0.00000000
v -0.06509299 -0.24293035 0.00000000
v -0.04315157 -0.24472472 0.00000000
v -0.04367252 -0.24767914 0.00000000
v -0.02165820 -0.24755438 0.00000000
v -0.02191967 -0.25054297 0.00000000
v 0.00000000 -0.24850000 0.00000000
v 0.00000000 -0.25150001 0.00000000
v 0.02165820 -0.24755438 0.00000000
v 0.02191967 -0.25054297 0.00000000
v 0.04315157 -0.24472472 0.00000000
v 0.04367252 -0.24767914 0.00000000
v 0.06431653 -0.24003257 0.00000000
v 0.06509299 -0.24293035 0.00000000
v 0.08499201 -0.23351362 0.00000000
v 0.08601806 -0.23633270 0.00000000
v 0.10502063 -0.22521749 0.00000000
v 0.10628849 -0.22793640 0.00000000
v 0.12425000 -0.21520731 0.00000000
v 0.12575001 -0.21780539 0.00000000
v 0.14253375 -0.20355928 0.00000000
v 0.14425448 -0.20601673 0.00000000
v 0.15973271 -0.19036205 0.00000000
v 0.16166109 -0.19266018 0.00000000
v 0.17571604 -0.17571604 0.00000000
v 0.17783736 -0.17783736 0.00000000
v 0.19036205 -0.15973271 0.00000000
v 0.19266018 -0.16166109 0.00000000
v 0.20355928 -0.14253375 0.00000000
v 0.20601673 -0.14425448 0.00000000
v 0.21520731 -0.12425000 0.00000000
v 0.21780539 -0.12575001 0.00000000
v 0.22521749 -0.10502063 0.00000000
v 0.22793640 -0.10628849 0.00000000
v 0.23351362 -0.08499201 0.00000000
v 0.23633270 -0.08601806 0.00000000
v 0.24003257 -0.06431653 0.00000000
v 0.24293035 -0.06509299 0.00000000
v 0.24472472 -0.04315157 0.00000000
v 0.24767914 -0.04367252 0.00000000
v 0.24755438 -0.02165820 0.00000000
v 0.25054297 -0.02191967 0.00000000
v 0.24850000 0.00000000 -0.00000000
v 0.25150001 -0.00000000 0.00000000
v 0.24755438 0.02165820 -0.00000000
v 0.25054297 0.02191967 -0.00000000
v 0.24472472 0.04315157 -0.00000000
v 0.24767914 0.04367252 -0.00000000
v 0.24003257 0.06431653 -0.00000000
v 0.24293035 0.06509299 -0.00000000
v 0.23351362 0.08499201 -0.00000000
v 0.23633270 0.08601806 -0.00000000
v 0.22521749 0.10502063 -0.00000000
v 0.22793640 0.10628849 -0.00000000
v 0.21520731 0.12425000 -0.00000000
v 0.21780539 0.12575001 -0.00000000
v 0.20355928 0.14253375 -0.00000000
v 0.20601673 0.14425448 -0.00000000
v 0.19036205 0.15973271 -0.00000000
v 0.19266018 0.16166109 -0.00000000
v 0.17571604 0.17571604 -0.00000000
v 0.17783736 0.17783736 -0.00000000
v 0.15973271 0.19036205 -0.00000000
v 0.16166109 0.19266018 -0.00000000
v 0.14253375 0.20355928 -0.00000000
v 0.14425448 0.20601673 -0.00000000
v 0.12425000 0.21520731 -0.00000000
v 0.12575001 0.21780539 -0.00000000
v 0.10502063 0.22521749 -0.00000000
v 0.10628849 0.22793640 -0.00000000
v 0.08499201 0.23351362 -0.00000000
v 0.08601806 0.23633270 -0.00000000
v 0.06431653 0.24003257 -0.00000000
v 0.06509299 0.24293035 -0.00000000
v 0.04315157 0.24472472 -0.00000000
v 0.04367252 0.24767914 -0.00000000
v 0.02165820 0.24755438 -0.00000000
v 0.02191967 0.25054297 -0.00000000
v 0.00000000 0.24850000 -0.00000000
v 0.00000000 0.25150001 -0.00000000
v -0.02165820 0.24755438 -0.00000000
v -0.02191967 0.25054297 -0.00000000
v -0.04315157 0.24472472 -0.00000000
v -0.04367252 0.24767914 -0.00000000
v -0.06431653 0.24003257 -0.00000000
v -0.06509299 0.24293035 -0.00000000
v -0.08499201 0.23351362 -0.00000000
v -0.08601806 0.23633270 -0.00000000
v -0.24755438 -0.02157579 -0.00188764
v -0.24472472 -0.04298737 -0.00376091
v -0.24003257 -0.06407179 -0.00560556
v -0.23351362 -0.08466858 -0.00740754
v -0.22521749 -0.10462100 -0.00915315
v -0.21520731 -0.12377719 -0.01082910
v -0.20355928 -0.14199136 -0.01242263
v -0.19036205 -0.15912490 -0.01392162
v -0.17571604 -0.17504738 -0.01531466
v -0.15973271 -0.18963766 -0.01659114
v -0.14253375 -0.20278467 -0.01774136
v -0.12425000 -0.21438839 -0.01875655
v -0.10502063 -0.22436047 -0.01962900
v -0.08499201 -0.23262502 -0.02035205
v -0.06431653 -0.23911917 -0.02092022
v -0.04315157 -0.24379347 -0.02132916
v -0.02165820 -0.24661237 -0.02157579
v 0.00000000 -0.24755438 -0.02165820
v 0.02165820 -0.24661237 -0.02157579
v 0.04315157 -0.24379347 -0.02132916
v 0.06431653 -0.23911917 -0.02092022
v 0.08499201 -0.23262502 -0.02035205
v 0.10502063 -0.22436047 -0.01962900
v 0.12425000 -0.21438839 -0.01875655
v 0.14253375 -0.20278467 -0.01774136
v 0.15973271 -0.18963766 -0.01659114
v 0.17571604 -0.17504738 -0.01531466
v 0.19036205 -0.15912490 -0.01392162
v 0.20355928 -0.14199136 -0.01242263
v 0.21520731 -0.12377719 -0.01082910
v 0.22521749 -0.10462100 -0.00915315
v 0.23351362 -0.08466858 -0.00740754
v 0.24003257 -0.06407179 -0.00560556
v 0.24472472 -0.04298737 -0.00376091
v 0.24755438 -0.02157579 -0.00188764
v 0.24755438 -0.02132916 -0.00376091
v 0.24472472 -0.04249600 -0.00749319
v 0.24003257 -0.06333942 -0.01116845
v 0.23351362 -0.08370078 -0.01475871
v 0.22521749 -0.10342514 -0.01823664
v 0.21520731 -0.12236236 -0.02157579
v 0.20355928 -0.14036834 -0.02475072
v 0.19036205 -0.15730602 -0.02773730
v 0.17571604 -0.17304651 -0.03051277
v 0.15973271 -0.18747002 -0.03305602
v 0.14253375 -0.20046677 -0.03534770
v 0.12425000 -0.21193783 -0.03737036
v 0.10502063 -0.22179593 -0.03910860
v 0.08499201 -0.22996601 -0.04054921
v 0.06431653 -0.23638593 -0.04168122
v 0.04315157 -0.24100681 -0.04249600
v 0.02165820 -0.24379347 -0.04298737
v 0.00000000 -0.24472472 -0.04315157
v -0.02165820 -0.24379347 -0.04298737
v -0.04315157 -0.24100681 -0.04249600
v -0.06431653 -0.23638593 -0.04168122
v -0.08499201 -0.22996601 -0.04054921
v -0.10502063 -0.22179593 -0.03910860
v -0.12425000 -0.21193783 -0.03737036
v -0.14253375 -0.20046677 -0.03534770
v -0.15973271 -0.18747002 -0.03305602
v -0.17571604 -0.17304651 -0.03051277
v -0.19036205 -0.15730602 -0.02773730
v -0.20355928 -0.14036834 -0.02475072
v -0.21520731 -0.12236236 -0.02157579
v -0.22521749 -0.10342514 -0.01823664
v -0.23351362 -0.08370078 -0.01475871
v -0.24003257 -0.06333942 -0.01116845
v -0.24472472 -0.04249600 -0.00749319
v -0.24755438 -0.02132916 -0.00376091
v 0.24755438 -0.02092022 -0.00560556
v 0.24472472 -0.04168122 -0.01116845
v 0.24003257 -0.06212500 -0.01664634
v 0.23351362 -0.08209597 -0.02199755
v 0.22521749 -0.10144214 -0.02718134
v 0.21520731 -0.12001628 -0.03215827
v 0.20355928 -0.13767703 -0.03689045
v 0.19036205 -0.15428996 -0.04134187
v 0.17571604 -0.16972865 -0.04547866
v 0.15973271 -0.18387562 -0.04926932
v 0.14253375 -0.19662316 -0.05268502
v 0.12425000 -0.20787430 -0.05569975
v 0.10502063 -0.21754338 -0.05829057
v 0.08499201 -0.22555684 -0.06043777
v 0.06431653 -0.23185365 -0.06212500
v 0.04315157 -0.23638593 -0.06333942
v 0.02165820 -0.23911917 -0.06407179
v 0.00000000 -0.24003257 -0.06431653
v -0.02165820 -0.23911917 -0.06407179
v -0.04315157 -0.23638593 -0.06333942
v -0.06431653 -0.23185365 -0.06212500
v -0.08499201 -0.22555684 -0.06043777
v -0.10502063 -0.21754338 -0.05829057
v -0.12425000 -0.20787430 -0.05569975
v -0.14253375 -0.19662316 -0.05268502
v -0.15973271 -0.18387562 -0.04926932
v -0.17571604 -0.16972865 -0.04547866
v -0.19036205 -0.15428996 -0.04134187
v -0.20355928 -0.13767703 -0.03689045
v -0.21520731 -0.12001628 -0.03215827
v -0.22521749 -0.10144214 -0.02718134
v -0.23351362 -0.08209597 -0.02199755
v -0.24003257 -0.06212500 -0.01664634
v -0.24472472 -0.04168122 -0.01116845
v -0.24755438 -0.02092022 -0.00560556
v 0.24755438 -0.02035205 -0.00740754
v 0.24472472 -0.04054921 -0.01475871
v 0.24003257 -0.06043777 -0.02199755
v 0.23351362 -0.07986636 -0.02906898
v 0.22521749 -0.09868712 -0.03591917
v 0.21520731 -0.11675681 -0.04249600
v 0.20355928 -0.13393791 -0.04874941
v 0.19036205 -0.15009966 -0.05463181
v 0.17571604 -0.16511907 -0.06009842
v 0.15973271 -0.17888181 -0.06510765
v 0.14253375 -0.19128315 -0.06962138
v 0.12425000 -0.20222872 -0.07360524
v 0.10502063 -0.21163520 -0.07702892
v 0.08499201 -0.21943103 -0.07986636
v 0.06431653 -0.22555684 -0.08209597
v 0.04315157 -0.22996601 -0.08370078
v 0.02165820 -0.23262502 -0.08466858
v 0.00000000 -0.23351362 -0.08499201
v -0.02165820 -0.23262502 -0.08466858
v -0.04315157 -0.22996601 -0.08370078
v -0.06431653 -0.22555684 -0.08209597
v -0.08499201 -0.21943103 -0.07986636
v -0.10502063 -0.21163520 -0.07702892
v -0.12425000 -0.20222872 -0.07360524
v -0.14253375 -0.19128315 -0.06962138
v -0.15973271 -0.17888181 -0.06510765
v -0.17571604 -0.16511907 -0.06009842
v -0.19036205 -0.15009966 -0.05463181
v -0.20355928 -0.13393791 -0.04874941
v -0.21520731 -0.11675681 -0.04249600
v -0.22521749 -0.09868712 -0.03591917
v -0.23351362 -0.07986636 -0.02906898
v -0.24003257 -0.06043777 -0.02199755
v -0.24472472 -0.04054921 -0.01475871
v -0.24755438 -0.02035205 -0.00740754
v 0.24755438 -0.01962900 -0.00915315
v 0.24472472 -0.03910860 -0.01823664
v 0.24003257 -0.05829057 -0.02718134
v 0.23351362 -0.07702892 -0.03591917
v 0.22521749 -0.09518103 -0.04438364
v 0.21520731 -0.11260875 -0.05251032
v 0.20355928 -0.12917945 -0.06023736
v 0.19036205 -0.14476702 -0.06750596
v 0.17571604 -0.15925281 -0.07426081
v 0.15973271 -0.17252660 -0.08045048
v 0.14253375 -0.18448736 -0.08602787
v 0.12425000 -0.19504407 -0.09095054
v 0.10502063 -0.20411636 -0.09518103
v 0.08499201 -0.21163520 -0.09868712
v 0.06431653 -0.21754338 -0.10144214
v 0.04315157 -0.22179593 -0.10342514
v 0.02165820 -0.22436047 -0.10462100
v 0.00000000 -0.22521749 -0.10502063
v -0.02165820 -0.22436047 -0.10462100
v -0.04315157 -0.22179593 -0.10342514
v -0.06431653 -0.21754338 -0.10144214
v -0.08499201 -0.21163520 -0.09868712
v -0.10502063 -0.20411636 -0.09518103
v -0.12425000 -0.19504407 -0.09095054
v -0.14253375 -0.18448736 -0.08602787
v -0.15973271 -0.17252660 -0.08045048
v -0.17571604 -0.15925281 -0.07426081
v -0.19036205 -0.14476702 -0.06750596
v -0.20355928 -0.12917945 -0.06023736
v -0.21520731 -0.11260875 -0.05251032
v -0.22521749 -0.09518103 -0.04438364
v -0.23351362 -0.07702892 -0.03591917
v -0.24003257 -0.05829057 -0.02718134
v -0.24472472 -0.03910860 -0.01823664
v -0.24755438 -0.01962900 -0.00915315
v 0.24755438 -0.01875655 -0.01082910
v 0.24472472 -0.03737036 -0.02157579
v 0.24003257 -0.05569975 -0.03215827
v 0.23351362 -0.07360524 -0.04249600
v 0.22521749 -0.09095054 -0.05251032
v 0.21520731 -0.10760365 -0.06212500
v 0.20355928 -0.12343784 -0.07126687
v 0.19036205 -0.13833259 -0.07986636
v 0.17571604 -0.15217455 -0.08785802
v 0.15973271 -0.16485837 -0.09518103
v 0.14253375 -0.17628752 -0.10177964
v 0.12425000 -0.18637501 -0.10760365
v 0.10502063 -0.19504407 -0.11260875
v 0.08499201 -0.20222872 -0.11675681
v 0.06431653 -0.20787430 -0.12001628
v 0.04315157 -0.21193783 -0.12236236
v 0.02165820 -0.21438839 -0.12377719
v 0.00000000 -0.21520731 -0.12425000
v -0.02165820 -0.21438839 -0.12377719
v -0.04315157 -0.21193783 -0.12236236
v -0.06431653 -0.20787430 -0.12001628
v -0.08499201 -0.20222872 -0.11675681
v -0.10502063 -0.19504407 -0.11260875
v -0.12425000 -0.18637501 -0.10760365
v -0.14253375 -0.17628752 -0.10177964
v -0.15973271 -0.16485837 -0.09518103
v -0.17571604 -0.15217455 -0.08785802
v -0.19036205 -0.13833259 -0.07986636
v -0.20355928 -0.12343784 -0.07126687
v -0.21520731 -0.10760365 -0.06212500
v -0.22521749 -0.09095054 -0.05251032
v -0.23351362 -0.07360524 -0.04249600
v -0.24003257 -0.05569975 -0.03215827
v -0.24472472 -0.03737036 -0.02157579
v -0.24755438 -0.01875655 -0.01082910
v 0.24755438 -0.01774136 -0.01242263
v 0.24472472 -0.03534770 -0.02475072
v 0.24003257 -0.05268502 -0.03689045
v 0.23351362 -0.06962138 -0.04874941
v 0.22521749 -0.08602787 -0.06023736
v 0.21520731 -0.10177964 -0.07126687
v 0.20355928 -0.11675681 -0.08175400
v 0.19036205 -0.13084538 -0.09161893
v 0.17571604 -0.14393815 -0.10078657
v 0.15973271 -0.15593545 -0.10918719
v 0.14253375 -0.16674601 -0.11675681
v 0.12425000 -0.17628752 -0.12343784
v 0.10502063 -0.18448736 -0.12917945
v 0.08499201 -0.19128315 -0.13393791
v 0.06431653 -0.19662316 -0.13767703
v 0.04315157 -0.20046677 -0.14036834
v 0.02165820 -0.20278467 -0.14199136
v 0.00000000 -0.20355928 -0.14253375
v -0.02165820 -0.20278467 -0.14199136
v -0.04315157 -0.20046677 -0.14036834
v -0.06431653 -0.19662316 -0.13767703
v -0.08499201 -0.19128315 -0.13393791
v -0.10502063 -0.18448736 -0.12917945
v -0.12425000 -0.17628752 -0.12343784
v -0.14253375 -0.16674601 -0.11675681
v -0.15973271 -0.15593545 -0.10918719
v -0.17571604 -0.14393815 -0.10078657
v -0.19036205 -0.13084538 -0.09161893
v -0.20355928 -0.11675681 -0.08175400
v -0.21520731 -0.10177964 -0.07126687
v -0.22521749 -0.08602787 -0.06023736
v -0.23351362 -0.06962138 -0.04874941
v -0.24003257 -0.05268502 -0.03689045
v -0.24472472 -0.03534770 -0.02475072
v -0.24755438 -0.01774136 -0.01242263
v 0.24755438 -0.01659114 -0.01392162
v 0.24472472 -0.03305602 -0.02773730
v 0.24003257 -0.04926932 -0.04134187
v 0.23351362 -0.06510765 -0.05463181
v 0.22521749 -0.08045048 -0.06750596
v 0.21520731 -0.09518103 -0.07986636
v 0.20355928 -0.10918719 -0.09161893
v 0.19036205 -0.12236236 -0.10267422
v 0.17571604 -0.13460629 -0.11294809
v 0.15973271 -0.14582579 -0.12236236
v 0.14253375 -0.15593545 -0.13084538
v 0.12425000 -0.16485837 -0.13833259
v 0.10502063 -0.17252660 -0.14476702
v 0.08499201 -0.17888181 -0.15009966
v 0.06431653 -0.18387562 -0.15428996
v 0.04315157 -0.18747002 -0.15730602
v 0.02165820 -0.18963766 -0.15912490
v 0.00000000 -0.19036205 -0.15973271
v -0.02165820 -0.18963766 -0.15912490
v -0.04315157 -0.18747002 -0.15730602
v -0.06431653 -0.18387562 -0.15428996
v -0.08499201 -0.17888181 -0.15009966
v -0.10502063 -0.17252660 -0.14476702
v -0.12425000 -0.16485837 -0.13833259
v -0.14253375 -0.15593545 -0.13084538
v -0.15973271 -0.14582579 -0.12236236
v -0.17571604 -0.13460629 -0.11294809
v -0.19036205 -0.12236236 -0.10267422
v -0.20355928 -0.10918719 -0.09161893
v -0.21520731 -0.09518103 -0.07986636
v -0.22521749 -0.08045048 -0.06750596
v -0.23351362 -0.06510765 -0.05463181
v -0.24003257 -0.04926932 -0.04134187
v -0.24472472 -0.03305602 -0.02773730
v -0.24755438 -0.01659114 -0.01392162
v 0.24755438 -0.01531466 -0.01531466
v 0.24472472 -0.03051277 -0.03051277
v 0.24003257 -0.04547866 -0.04547866
v 0.23351362 -0.06009842 -0.06009842
v 0.22521749 -0.07426081 -0.07426081
v 0.21520731 -0.08785802 -0.08785802
v 0.20355928 -0.10078657 -0.10078657
v 0.19036205 -0.11294809 -0.11294809
v 0.17571604 -0.12425000 -0.12425000
v 0.15973271 -0.13460629 -0.13460629
v 0.14253375 -0.14393815 -0.14393815
v 0.12425000 -0.15217455 -0.15217455
v 0.10502063 -0.15925281 -0.15925281
v 0.08499201 -0.16511907 -0.16511907
v 0.06431653 -0.16972865 -0.16972865
v 0.04315157 -0.17304651 -0.17304651
v 0.02165820 -0.17504738 -0.17504738
v 0.00000000 -0.17571604 -0.17571604
v -0.02165820 -0.17504738 -0.17504738
v -0.04315157 -0.17304651 -0.17304651
v -0.06431653 -0.16972865 -0.16972865
v -0.08499201 -0.16511907 -0.16511907
v -0.10502063 -0.15925281 -0.15925281
v -0.12425000 -0.15217455 -0.15217455
v -0.14253375 -0.14393815 -0.14393815
v -0.15973271 -0.13460629 -0.13460629
v -0.17571604 -0.12425000 -0.12425000
v -0.19036205 -0.11294809 -0.11294809
v -0.20355928 -0.10078657 -0.10078657
v -0.21520731 -0.08785802 -0.08785802
v -0.22521749 -0.07426081 -0.07426081
v -0.23351362 -0.06009842 -0.06009842
v -0.24003257 -0.04547866 -0.04547866
v -0.24472472 -0.03051277 -0.03051277
v -0.24755438 -0.01531466 -0.01531466
v 0.24755438 -0.01392162 -0.01659114
v 0.24472472 -0.02773730 -0.03305602
v 0.24003257 -0.04134187 -0.04926932
v 0.23351362 -0.05463181 -0.06510765
v 0.22521749 -0.06750596 -0.08045048
v 0.21520731 -0.07986636 -0.09518103
v 0.20355928 -0.09161893 -0.10918719
v 0.19036205 -0.10267422 -0.12236236
v 0.17571604 -0.11294809 -0.13460629
v 0.15973271 -0.12236236 -0.14582579
v 0.14253375 -0.13084538 -0.15593545
v 0.12425000 -0.13833259 -0.16485837
v 0.10502063 -0.14476702 -0.17252660
v 0.08499201 -0.15009966 -0.17888181
v 0.06431653 -0.15428996 -0.18387562
v 0.04315157 -0.15730602 -0.18747002
v 0.02165820 -0.15912490 -0.18963766
v 0.00000000 -0.15973271 -0.19036205
v -0.02165820 -0.15912490 -0.18963766
v -0.04315157 -0.15730602 -0.18747002
v -0.06431653 -0.15428996 -0.18387562
v -0.08499201 -0.15009966 -0.17888181
v -0.10502063 -0.14476702 -0.17252660
v -0.12425000 -0.13833259 -0.16485837
v -0.14253375 -0.13084538 -0.15593545
v -0.15973271 -0.12236236 -0.14582579
v -0.17571604 -0.11294809 -0.13460629
v -0.19036205 -0.10267422 -0.12236236
v -0.20355928 -0.09161893 -0.10918719
v -0.21520731 -0.07986636 -0.09518103
v -0.22521749 -0.06750596 -0.08045048
v -0.23351362 -0.05463181 -0.06510765
v -0.24003257 -0.04134187 -0.04926932
v -0.24472472 -0.02773730 -0.03305602
v -0.24755438 -0.01392162 -0.01659114
v 0.24755438 -0.01242263 -0.01774136
v 0.24472472 -0.02475072 -0.03534770
v 0.24003257 -0.03689045 -0.05268502
v 0.23351362 -0.04874941 -0.06962138
v 0.22521749 -0.06023736 -0.08602787
v 0.21520731 -0.07126687 -0.10177964
v 0.20355928 -0.08175400 -0.11675681
v 0.19036205 -0.09161893 -0.13084538
v 0.17571604 -0.10078657 -0.14393815
v 0.15973271 -0.10918719 -0.15593545
v 0.14253375 -0.11675681 -0.16674601
v 0.12425000 -0.12343784 -0.17628752
v 0.10502063 -0.12917945 -0.18448736
v 0.08499201 -0.13393791 -0.19128315
v 0.06431653 -0.13767703 -0.19662316
v 0.04315157 -0.14036834 -0.20046677
v 0.02165820 -0.14199136 -0.20278467
v 0.00000000 -0.14253375 -0.20355928
v -0.02165820 -0.14199136 -0.20278467
v -0.04315157 -0.14036834 -0.20046677
v -0.06431653 -0.13767703 -0.19662316
v -0.08499201 -0.13393791 -0.19128315
v -0.10502063 -0.12917945 -0.18448736
v -0.12425000 -0.12343784 -0.17628752
v -0.14253375 -0.11675681 -0.16674601
v -0.15973271 -0.10918719 -0.15593545
v -0.17571604 -0.10078657 -0.14393815
v -0.19036205 -0.09161893 -0.13084538
v -0.20355928 -0.08175400 -0.11675681
v -0.21520731 -0.07126687 -0.10177964
v -0.22521749 -0.06023736 -0.08602787
v -0.23351362 -0.04874941 -0.06962138
v -0.24003257 -0.03689045 -0.05268502
v -0.24472472 -0.02475072 -0.03534770
v -0.24755438 -0.01242263 -0.01774136
v 0.24755438 -0.01082910 -0.01875655
v 0.24472472 -0.02157579 -0.03737036
v 0.24003257 -0.03215827 -0.05569975
v 0.23351362 -0.04249600 -0.07360524
v 0.22521749 -0.05251032 -0.09095054
v 0.21520731 -0.06212500 -0.10760365
v 0.20355928 -0.07126687 -0.12343784
v 0.19036205 -0.07986636 -0.13833259
v 0.17571604 -0.08785802 -0.15217455
v 0.15973271 -0.09518103 -0.16485837
v 0.14253375 -0.10177964 -0.17628752
v 0.12425000 -0.10760365 -0.18637501
v 0.10502063 -0.11260875 -0.19504407
v 0.08499201 -0.11675681 -0.20222872
v 0.06431653 -0.12001628 -0.20787430
v 0.04315157 -0.12236236 -0.21193783
v 0.02165820 -0.12377719 -0.21438839
v 0.00000000 -0.12425000 -0.21520731
v -0.02165820 -0.12377719 -0.21438839
v -0.04315157 -0.12236236 -0.21193783
v -0.06431653 -0.12001628 -0.20787430
v -0.08499201 -0.11675681 -0.20222872
v -0.10502063 -0.11260875 -0.19504407
v -0.12425000 -0.10760365 -0.18637501
v -0.14253375 -0.10177964 -0.17628752
v -0.15973271 -0.09518103 -0.16485837
v -0.17571604 -0.08785802 -0.15217455
v -0.19036205 -0.07986636 -0.13833259
v -0.20355928 -0.07126687 -0.12343784
v -0.21520731 -0.06212500 -0.10760365
v -0.22521749 -0.05251032 -0.09095054
v -0.23351362 -0.04249600 -0.07360524
v -0.24003257 -0.03215827 -0.05569975
v -0.24472472 -0.02157579 -0.03737036
v -0.24755438 -0.01082910 -0.01875655
v 0.24755438 -0.00915315 -0.01962900
v 0.24472472 -0.01823664 -0.03910860
v 0.24003257 -0.02718134 -0.05829057
v 0.23351362 -0.03591917 -0.07702892
v 0.22521749 -0.04438364 -0.09518103
v 0.21520731 -0.05251032 -0.11260875
v 0.20355928 -0.06023736 -0.12917945
v 0.19036205 -0.06750596 -0.14476702
v 0.17571604 -0.07426081 -0.15925281
v 0.15973271 -0.08045048 -0.17252660
v 0.14253375 -0.08602787 -0.18448736
v 0.12425000 -0.09095054 -0.19504407
v 0.10502063 -0.09518103 -0.20411636
v 0.08499201 -0.09868712 -0.21163520
v 0.06431653 -0.10144214 -0.21754338
v 0.04315157 -0.10342514 -0.22179593
v 0.02165820 -0.10462100 -0.22436047
v 0.00000000 -0.10502063 -0.22521749
v -0.02165820 -0.10462100 -0.22436047
v -0.04315157 -0.10342514 -0.22179593
v -0.06431653 -0.10144214 -0.21754338
v -0.08499201 -0.09868712 -0.21163520
v -0.10502063 -0.09518103 -0.20411636
v -0.12425000 -0.09095054 -0.19504407
v -0.14253375 -0.08602787 -0.18448736
v -0.15973271 -0.08045048 -0.17252660
v -0.17571604 -0.07426081 -0.15925281
v -0.19036205 -0.06750596 -0.14476702
v -0.20355928 -0.06023736 -0.12917945
v -0.21520731 -0.05251032 -0.11260875
v -0.22521749 -0.04438364 -0.09518103
v -0.23351362 -0.03591917 -0.07702892
v -0.24003257 -0.02718134 -0.05829057
v -0.24472472 -0.01823664 -0.03910860
v -0.24755438 -0.00915315 -0.01962900
v 0.24755438 -0.00740754 -0.02035205
v 0.24472472 -0.01475871 -0.04054921
v 0.24003257 -0.02199755 -0.06043777
v 0.23351362 -0.02906898 -0.07986636
v 0.22521749 -0.03591917 -0.09868712
v 0.21520731 -0.04249600 -0.11675681
v 0.20355928 -0.04874941 -0.13393791
v 0.19036205 -0.05463181 -0.15009966
v 0.17571604 -0.06009842 -0.16511907
v 0.15973271 -0.06510765 -0.17888181
v 0.14253375 -0.06962138 -0.19128315
v 0.12425000 -0.07360524 -0.20222872
v 0.10502063 -0.07702892 -0.21163520
v 0.08499201 -0.07986636 -0.21943103
v 0.06431653 -0.08209597 -0.22555684
v 0.04315157 -0.08370078 -0.22996601
v 0.02165820 -0.08466858 -0.23262502
v 0.00000000 -0.08499201 -0.23351362
v -0.02165820 -0.08466858 -0.23262502
v -0.04315157 -0.08370078 -0.22996601
v -0.06431653 -0.08209597 -0.22555684
v -0.08499201 -0.07986636 -0.21943103
v -0.10502063 -0.07702892 -0.21163520
v -0.12425000 -0.07360524 -0.20222872
v -0.14253375 -0.06962138 -0.19128315
v -0.15973271 -0.06510765 -0.17888181
v -0.17571604 -0.06009842 -0.16511907
v -0.19036205 -0.05463181 -0.15009966
v -0.20355928 -0.04874941 -0.13393791
v -0.21520731 -0.04249600 -0.11675681
v -0.22521749 -0.03591917 -0.09868712
v -0.23351362 -0.02906898 -0.07986636
v -0.24003257 -0.02199755 -0.06043777
v -0.24472472 -0.01475871 -0.04054921
v -0.24755438 -0.00740754 -0.02035205
v 0.24755438 -0.00560556 -0.02092022
v 0.24472472 -0.01116845 -0.04168122
v 0.24003257 -0.01664634 -0.06212500
v 0.23351362 -0.02199755 -0.08209597
v 0.22521749 -0.02718134 -0.10144214
v 0.21520731 -0.03215827 -0.12001628
v 0.20355928 -0.03689045 -0.13767703
v 0.19036205 -0.04134187 -0.15428996
v 0.17571604 -0.04547866 -0.16972865
v 0.15973271 -0.04926932 -0.18387562
v 0.14253375 -0.05268502 -0.19662316
v 0.12425000 -0.05569975 -0.20787430
v 0.10502063 -0.05829057 -0.21754338
v 0.08499201 -0.06043777 -0.22555684
v 0.06431653 -0.06212500 -0.23185365
v 0.04315157 -0.06333942 -0.23638593
v 0.02165820 -0.06407179 -0.23911917
v 0.00000000 -0.06431653 -0.24003257
v -0.02165820 -0.06407179 -0.23911917
v -0.04315157 -0.06333942 -0.23638593
v -0.06431653 -0.06212500 -0.23185365
v -0.08499201 -0.06043777 -0.22555684
v -0.10502063 -0.05829057 -0.21754338
v -0.12425000 -0.05569975 -0.20787430
v -0.14253375 -0.05268502 -0.19662316
v -0.15973271 -0.04926932 -0.18387562
v -0.17571604 -0.04547866 -0.16972865
v -0.19036205 -0.04134187 -0.15428996
v -0.20355928 -0.03689045 -0.13767703
v -0.21520731 -0.03215827 -0.12001628
v -0.22521749 -0.02718134 -0.10144214
v -0.23351362 -0.02199755 -0.08209597
v -0.24003257 -0.01664634 -0.06212500
v -0.24472472 -0.01116845 -0.04168122
v -0.24755438 -0.00560556 -0.02092022
v 0.24755438 -0.00376091 -0.02132916
v 0.24472472 -0.00749319 -0.04249600
v 0.24003257 -0.01116845 -0.06333942
v 0.23351362 -0.01475871 -0.08370078
v 0.22521749 -0.01823664 -0.10342514
v 0.21520731 -0.02157579 -0.12236236
v 0.20355928 -0.02475072 -0.14036834
v 0.19036205 -0.02773730 -0.15730602
v 0.17571604 -0.03051277 -0.17304651
v 0.15973271 -0.03305602 -0.18747002
v 0.14253375 -0.03534770 -0.20046677
v 0.12425000 -0.03737036 -0.21193783
v 0.10502063 -0.03910860 -0.22179593
v 0.08499201 -0.04054921 -0.22996601
v 0.06431653 -0.04168122 -0.23638593
v 0.04315157 -0.04249600 -0.24100681
v 0.02165820 -0.04298737 -0.24379347
v 0.00000000 -0.04315157 -0.24472472
v -0.02165820 -0.04298737 -0.24379347
v -0.04315157 -0.04249600 -0.24100681
v -0.06431653 -0.04168122 -0.23638593
v -0.08499201 -0.04054921 -0.22996601
v -0.10502063 -0.03910860 -0.22179593
v -0.12425000 -0.03737036 -0.21193783
v -0.14253375 -0.03534770 -0.20046677
v -0.15973271 -0.03305602 -0.18747002
v -0.17571604 -0.03051277 -0.17304651
v -0.19036205 -0.02773730 -0.15730602
v -0.20355928 -0.02475072 -0.14036834
v -0.21520731 -0.02157579 -0.12236236
v -0.22521749 -0.01823664 -0.10342514
v -0.23351362 -0.01475871 -0.08370078
v -0.24003257 -0.01116845 -0.06333942
v -0.24472472 -0.00749319 -0.04249600
v -0.24755438 -0.00376091 -0.02132916
v 0.24755438 -0.00188764 -0.02157579
v 0.24472472 -0.00376091 -0.04298737
v 0.24003257 -0.00560556 -0.06407179
v 0.23351362 -0.00740754 -0.08466858
v 0.22521749 -0.00915315 -0.10462100
v 0.21520731 -0.01082910 -0.12377719
v 0.20355928 -0.01242263 -0.14199136
v 0.19036205 -0.01392162 -0.15912490
v 0.17571604 -0.01531466 -0.17504738
v 0.15973271 -0.01659114 -0.18963766
v 0.14253375 -0.01774136 -0.20278467
v 0.12425000 -0.01875655 -0.21438839
v 0.10502063 -0.01962900 -0.22436047
v 0.08499201 -0.02035205 -0.23262502
v 0.06431653 -0.02092022 -0.23911917
v 0.04315157 -0.02132916 -0.24379347
v 0.02165820 -0.02157579 -0.24661237
v 0.00000000 -0.02165820 -0.24755438
v -0.02165820 -0.02157579 -0.24661237
v -0.04315157 -0.02132916 -0.24379347
v -0.06431653 -0.02092022 -0.23911917
v -0.08499201 -0.02035205 -0.23262502
v -0.10502063 -0.01962900 -0.22436047
v -0.12425000 -0.01875655 -0.21438839
v -0.14253375 -0.01774136 -0.20278467
v -0.15973271 -0.01659114 -0.18963766
v -0.17571604 -0.01531466 -0.17504738
v -0.19036205 -0.01392162 -0.15912490
v -0.20355928 -0.01242263 -0.14199136
v -0.21520731 -0.01082910 -0.12377719
v -0.22521749 -0.00915315 -0.10462100
v -0.23351362 -0.00740754 -0.08466858
v -0.24003257 -0.00560556 -0.06407179
v -0.24472472 -0.00376091 -0.04298737
v -0.24755438 -0.00188764 -0.02157579
v 0.24755438 0.00000000 -0.02165820
v 0.24472472 0.00000000 -0.04315157
v 0.24003257 0.00000000 -0.06431653
v 0.23351362 0.00000000 -0.08499201
v 0.22521749 0.00000000 -0.10502063
v 0.21520731 0.00000000 -0.12425000
v 0.20355928 0.00000000 -0.14253375
v 0.19036205 0.00000000 -0.15973271
v 0.17571604 0.00000000 -0.17571604
v 0.15973271 0.00000000 -0.19036205
v 0.14253375 0.00000000 -0.20355928
v 0.12425000 0.00000000 -0.21520731
v 0.10502063 0.00000000 -0.22521749
v 0.08499201 0.00000000 -0.23351362
v 0.06431653 0.00000000 -0.24003257
v 0.04315157 0.00000000 -0.24472472
v 0.02165820 0.00000000 -0.24755438
v 0.00000000 0.00000000 -0.24850000
v -0.02165820 0.00000000 -0.24755438
v -0.04315157 0.00000000 -0.24472472
v -0.06431653 0.00000000 -0.24003257
v -0.08499201 0.00000000 -0.23351362
v -0.10502063 0.00000000 -0.22521749
v -0.12425000 0.00000000 -0.21520731
v -0.14253375 0.00000000 -0.20355928
v -0.15973271 0.00000000 -0.19036205
v -0.17571604 0.00000000 -0.17571604
v -0.19036205 0.00000000 -0.15973271
v -0.20355928 0.00000000 -0.14253375
v -0.21520731 0.00000000 -0.12425000
v -0.22521749 0.00000000 -0.10502063
v -0.23351362 0.00000000 -0.08499201
v -0.24003257 0.00000000 -0.06431653
v -0.24472472 0.00000000 -0.04315157
v -0.24755438 0.00000000 -0.02165820
v 0.24755438 0.00188764 -0.02157579
v 0.24472472 0.00376091 -0.04298737
v 0.24003257 0.00560556 -0.06407179
v 0.23351362 0.00740754 -0.08466858
v 0.22521749 0.00915315 -0.10462100
v 0.21520731 0.01082910 -0.12377719
v 0.20355928 0.01242263 -0.14199136
v 0.19036205 0.01392162 -0.15912490
v 0.17571604 0.01531466 -0.17504738
v 0.15973271 0.01659114 -0.18963766
v 0.14253375 0.01774136 -0.20278467
v 0.12425000 0.01875655 -0.21438839
v 0.10502063 0.01962900 -0.22436047
v 0.08499201 0.02035205 -0.23262502
v 0.06431653 0.02092022 -0.23911917
v 0.04315157 0.02132916 -0.24379347
v 0.02165820 0.02157579 -0.24661237
v 0.00000000 0.02165820 -0.24755438
v -0.02165820 0.02157579 -0.24661237
v -0.04315157 0.02132916 -0.24379347
v -0.06431653 0.02092022 -0.23911917
v -0.08499201 0.02035205 -0.23262502
v -0.10502063 0.01962900 -0.22436047
v -0.12425000 0.01875655 -0.21438839
v -0.14253375 0.01774136 -0.20278467
v -0.15973271 0.01659114 -0.18963766
v -0.17571604 0.01531466 -0.17504738
v -0.19036205 0.01392162 -0.15912490
v -0.20355928 0.01242263 -0.14199136
v -0.21520731 0.01082910 -0.12377719
v -0.22521749 0.00915315 -0.10462100
v -0.23351362 0.00740754 -0.08466858
v -0.24003257 0.00560556 -0.06407179
v -0.24472472 0.00376091 -0.04298737
v -0.24755438 0.00188764 -0.02157579
v 0.24755438 0.00376091 -0.02132916
v 0.24472472 0.00749319 -0.04249600
v 0.24003257 0.01116845 -0.06333942
v 0.23351362 0.01475871 -0.08370078
v 0.22521749 0.01823664 -0.10342514
v 0.21520731 0.02157579 -0.12236236
v 0.20355928 0.02475072 -0.14036834
v 0.19036205 0.02773730 -0.15730602
v 0.17571604 0.03051277 -0.17304651
v 0.15973271 0.03305602 -0.18747002
v 0.14253375 0.03534770 -0.20046677
v 0.12425000 0.03737036 -0.21193783
v 0.10502063 0.03910860 -0.22179593
v 0.08499201 0.04054921 -0.22996601
v 0.06431653 0.04168122 -0.23638593
v 0.04315157 0.04249600 -0.24100681
v 0.02165820 0.04298737 -0.24379347
v 0.00000000 0.04315157 -0.24472472
v -0.02165820 0.04298737 -0.24379347
v -0.04315157 0.04249600 -0.24100681
v -0.06431653 0.04168122 -0.23638593
v -0.08499201 0.04054921 -0.22996601
v -0.10502063 0.03910860 -0.22179593
v -0.12425000 0.03737036 -0.21193783
v -0.14253375 0.03534770 -0.20046677
v -0.15973271 0.03305602 -0.18747002
v -0.17571604 0.03051277 -0.17304651
v -0.19036205 0.02773730 -0.15730602
v -0.20355928 0.02475072 -0.14036834
v -0.21520731 0.02157579 -0.12236236
v -0.22521749 0.01823664 -0.10342514
v -0.23351362 0.01475871 -0.08370078
v -0.24003257 0.01116845 -0.06333942
v -0.24472472 0.00749319 -0.04249600
v -0.24755438 0.00376091 -0.02132916
v 0.24755438 0.00560556 -0.02092022
v 0.24472472 0.01116845 -0.04168122
v 0.24003257 0.01664634 -0.06212500
v 0.23351362 0.02199755 -0.08209597
v 0.22521749 0.02718134 -0.10144214
v 0.21520731 0.03215827 -0.12001628
v 0.20355928 0.03689045 -0.13767703
v 0.19036205 0.04134187 -0.15428996
v 0.17571604 0.04547866 -0.16972865
v 0.15973271 0.04926932 -0.18387562
v 0.14253375 0.05268502 -0.19662316
v 0.12425000 0.05569975 -0.20787430
v 0.10502063 0.05829057 -0.21754338
v 0.08499201 0.06043777 -0.22555684
v 0.06431653 0.06212500 -0.23185365
v 0.04315157 0.06333942 -0.23638593
v 0.02165820 0.06407179 -0.23911917
v 0.00000000 0.06431653 -0.24003257
v -0.02165820 0.06407179 -0.23911917
v -0.04315157 0.06333942 -0.23638593
v -0.06431653 0.06212500 -0.23185365
v -0.08499201 0.06043777 -0.22555684
v -0.10502063 0.05829057 -0.21754338
v -0.12425000 0.05569975 -0.20787430
v -0.14253375 0.05268502 -0.19662316
v -0.15973271 0.04926932 -0.18387562
v -0.17571604 0.04547866 -0.16972865
v -0.19036205 0.04134187 -0.15428996
v -0.20355928 0.03689045 -0.13767703
v -0.21520731 0.03215827 -0.12001628
v -0.22521749 0.02718134 -0.10144214
v -0.23351362 0.02199755 -0.08209597
v -0.24003257 0.01664634 -0.06212500
v -0.24472472 0.01116845 -0.04168122
v -0.24755438 0.00560556 -0.02092022
v 0.24755438 0.00740754 -0.02035205
v 0.24472472 0.01475871 -0.04054921
v 0.24003257 0.02199755 -0.06043777
v 0.23351362 0.02906898 -0.07986636
v 0.22521749 0.03591917 -0.09868712
v 0.21520731 0.04249600 -0.11675681
v 0.20355928 0.04874941 -0.13393791
v 0.19036205 0.05463181 -0.15009966
v 0.17571604 0.06009842 -0.16511907
v 0.15973271 0.06510765 -0.17888181
v 0.14253375 0.06962138 -0.19128315
v 0.12425000 0.07360524 -0.20222872
v 0.10502063 0.07702892 -0.21163520
v 0.08499201 0.07986636 -0.21943103
v 0.06431653 0.08209597 -0.22555684
v 0.04315157 0.08370078 -0.22996601
v 0.02165820 0.08466858 -0.23262502
v 0.00000000 0.08499201 -0.23351362
v -0.02165820 0.08466858 -0.23262502
v -0.04315157 0.08370078 -0.22996601
v -0.06431653 0.08209597 -0.22555684
v -0.08499201 0.07986636 -0.21943103
v -0.10502063 0.07702892 -0.21163520
v -0.12425000 0.07360524 -0.20222872
v -0.14253375 0.06962138 -0.19128315
v -0.15973271 0.06510765 -0.17888181
v -0.17571604 0.06009842 -0.16511907
v -0.19036205 0.05463181 -0.15009966
v -0.20355928 0.04874941 -0.13393791
v -0.21520731 0.04249600 -0.11675681
v -0.22521749 0.03591917 -0.09868712
v -0.23351362 0.02906898 -0.07986636
v -0.24003257 0.02199755 -0.06043777
v -0.24472472 0.01475871 -0.04054921
v -0.24755438 0.00740754 -0.02035205
v 0.24755438 0.00915315 -0.01962900
v 0.24472472 0.01823664 -0.03910860
v 0.24003257 0.02718134 -0.05829057
v 0.23351362 0.03591917 -0.07702892
v 0.22521749 0.04438364 -0.09518103
v 0.21520731 0.05251032 -0.11260875
v 0.20355928 0.06023736 -0.12917945
v 0.19036205 0.06750596 -0.14476702
v 0.17571604 0.07426081 -0.15925281
v 0.15973271 0.08045048 -0.17252660
v 0.14253375 0.08602787 -0.18448736
v 0.12425000 0.09095054 -0.19504407
v 0.10502063 0.09518103 -0.20411636
v 0.08499201 0.09868712 -0.21163520
v 0.06431653 0.10144214 -0.21754338
v 0.04315157 0.10342514 -0.22179593
v 0.02165820 0.10462100 -0.22436047
v 0.00000000 0.10502063 -0.22521749
v -0.02165820 0.10462100 -0.22436047
v -0.04315157 0.10342514 -0.22179593
v -0.06431653 0.10144214 -0.21754338
v -0.08499201 0.09868712 -0.21163520
v -0.10502063 0.09518103 -0.20411636
v -0.12425000 0.09095054 -0.19504407
v -0.14253375 0.08602787 -0.18448736
v -0.15973271 0.08045048 -0.17252660
v -0.17571604 0.07426081 -0.15925281
v -0.19036205 0.06750596 -0.14476702
v -0.20355928 0.06023736 -0.12917945
v -0.21520731 0.05251032 -0.11260875
v -0.22521749 0.04438364 -0.09518103
v -0.23351362 0.03591917 -0.07702892
v -0.24003257 0.02718134 -0.05829057
v -0.24472472 0.01823664 -0.03910860
v -0.24755438 0.00915315 -0.01962900
v 0.24755438 0.01082910 -0.01875655
v 0.24472472 0.02157579 -0.03737036
v 0.24003257 0.03215827 -0.05569975
v 0.23351362 0.04249600 -0.07360524
v 0.22521749 0.05251032 -0.09095054
v 0.21520731 0.06212500 -0.10760365
v 0.20355928 0.07126687 -0.12343784
v 0.19036205 0.07986636 -0.13833259
v 0.17571604 0.08785802 -0.15217455
v 0.15973271 0.09518103 -0.16485837
v 0.14253375 0.10177964 -0.17628752
v 0.12425000 0.10760365 -0.18637501
v 0.10502063 0.11260875 -0.19504407
v 0.08499201 0.11675681 -0.20222872
v 0.06431653 0.12001628 -0.20787430
v 0.04315157 0.12236236 -0.21193783
v 0.02165820 0.12377719 -0.21438839
v 0.00000000 0.12425000 -0.21520731
v -0.02165820 0.12377719 -0.21438839
v -0.04315157 0.12236236 -0.21193783
v -0.06431653 0.12001628 -0.20787430
v -0.08499201 0.11675681 -0.20222872
v -0.10502063 0.11260875 -0.19504407
v -0.12425000 0.10760365 -0.18637501
v -0.14253375 0.10177964 -0.17628752
v -0.15973271 0.09518103 -0.16485837
v -0.17571604 0.08785802 -0.15217455
v -0.19036205 0.07986636 -0.13833259
v -0.20355928 0.07126687 -0.12343784
v -0.21520731 0.06212500 -0.10760365
v -0.22521749 0.05251032 -0.09095054
v -0.23351362 0.04249600 -0.07360524
v -0.24003257 0.03215827 -0.05569975
v -0.24472472 0.02157579 -0.03737036
v -0.24755438 0.01082910 -0.01875655
v 0.24755438 0.01242263 -0.01774136
v 0.24472472 0.02475072 -0.03534770
v 0.24003257 0.03689045 -0.05268502
v 0.23351362 0.04874941 -0.06962138
v 0.22521749 0.06023736 -0.08602787
v 0.21520731 0.07126687 -0.10177964
v 0.20355928 0.08175400 -0.11675681
v 0.19036205 0.09161893 -0.13084538
v 0.17571604 0.10078657 -0.14393815
v 0.15973271 0.10918719 -0.15593545
v 0.14253375 0.11675681 -0.16674601
v 0.12425000 0.12343784 -0.17628752
v 0.10502063 0.12917945 -0.18448736
v 0.08499201 0.13393791 -0.19128315
v 0.06431653 0.13767703 -0.19662316
v 0.04315157 0.14036834 -0.20046677
v 0.02165820 0.14199136 -0.20278467
v 0.00000000 0.14253375 -0.20355928
v -0.02165820 0.14199136 -0.20278467
v -0.04315157 0.14036834 -0.20046677
v -0.06431653 0.13767703 -0.19662316
v -0.08499201 0.13393791 -0.19128315
v -0.10502063 0.12917945 -0.18448736
v -0.12425000 0.12343784 -0.17628752
v -0.14253375 0.11675681 -0.16674601
v -0.15973271 0.10918719 -0.15593545
v -0.17571604 0.10078657 -0.14393815
v -0.19036205 0.09161893 -0.13084538
v -0.20355928 0.08175400 -0.11675681
v -0.21520731 0.07126687 -0.10177964
v -0.22521749 0.06023736 -0.08602787
v -0.23351362 0.04874941 -0.06962138
v -0.24003257 0.03689045 -0.05268502
v -0.24472472 0.02475072 -0.03534770
v -0.24755438 0.01242263 -0.01774136
v 0.24755438 0.01392162 -0.01659114
v 0.24472472 0.02773730 -0.03305602
v 0.24003257 0.04134187 -0.04926932
v 0.23351362 0.05463181 -0.06510765
v 0.22521749 0.06750596 -0.08045048
v 0.21520731 0.07986636 -0.09518103
v 0.20355928 0.09161893 -0.10918719
v 0.19036205 0.10267422 -0.12236236
v 0.17571604 0.11294809 -0.13460629
v 0.15973271 0.12236236 -0.14582579
v 0.14253375 0.13084538 -0.15593545
v 0.12425000 0.13833259 -0.16485837
v 0.10502063 0.14476702 -0.17252660
v 0.08499201 0.15009966 -0.17888181
v 0.06431653 0.15428996 -0.18387562
v 0.04315157 0.15730602 -0.18747002
v 0.02165820 0.15912490 -0.18963766
v 0.00000000 0.15973271 -0.19036205
v -0.02165820 0.15912490 -0.18963766
v -0.04315157 0.15730602 -0.18747002
v -0.06431653 0.15428996 -0.18387562
v -0.08499201 0.15009966 -0.17888181
v -0.10502063 0.14476702 -0.17252660
v -0.12425000 0.13833259 -0.16485837
v -0.14253375 0.13084538 -0.15593545
v -0.15973271 0.12236236 -0.14582579
v -0.17571604 0.11294809 -0.13460629
v -0.19036205 0.10267422 -0.12236236
v -0.20355928 0.09161893 -0.10918719
v -0.21520731 0.07986636 -0.09518103
v -0.22521749 0.06750596 -0.08045048
v -0.23351362 0.05463181 -0.06510765
v -0.24003257 0.04134187 -0.04926932
v -0.24472472 0.02773730 -0.03305602
v -0.24755438 0.01392162 -0.01659114
v 0.24755438 0.01531466 -0.01531466
v 0.24472472 0.03051277 -0.03051277
v 0.24003257 0.04547866 -0.04547866
v 0.23351362 0.06009842 -0.06009842
v 0.22521749 0.07426081 -0.07426081
v 0.21520731 0.08785802 -0.08785802
v 0.20355928 0.10078657 -0.10078657
v 0.19036205 0.11294809 -0.11294809
v 0.17571604 0.12425000 -0.12425000
v 0.15973271 0.13460629 -0.13460629
v 0.14253375 0.14393815 -0.14393815
v 0.12425000 0.15217455 -0.15217455
v 0.10502063 0.15925281 -0.15925281
v 0.08499201 0.16511907 -0.16511907
v 0.06431653 0.16972865 -0.16972865
v 0.04315157 0.17304651 -0.17304651
v 0.02165820 0.17504738 -0.17504738
v 0.00000000 0.17571604 -0.17571604
v -0.02165820 0.17504738 -0.17504738
v -0.04315157 0.17304651 -0.17304651
v -0.06431653 0.16972865 -0.16972865
v -0.08499201 0.16511907 -0.16511907
v -0.10502063 0.15925281 -0.15925281
v -0.12425000 0.15217455 -0.15217455
v -0.14253375 0.14393815 -0.14393815
v -0.15973271 0.13460629 -0.13460629
v -0.17571604 0.12425000 -0.12425000
v -0.19036205 0.11294809 -0.11294809
v -0.20355928 0.10078657 -0.10078657
v -0.21520731 0.08785802 -0.08785802
v -0.22521749 0.07426081 -0.07426081
v -0.23351362 0.06009842 -0.06009842
v -0.24003257 0.04547866 -0.04547866
v -0.24472472 0.03051277 -0.03051277
v -0.24755438 0.01531466 -0.01531466
v 0.24755438 0.01659114 -0.01392162
v 0.24472472 0.03305602 -0.02773730
v 0.24003257 0.04926932 -0.04134187
v 0.23351362 0.06510765 -0.05463181
v 0.22521749 0.08045048 -0.06750596
v 0.21520731 0.09518103 -0.07986636
v 0.20355928 0.10918719 -0.09161893
v 0.19036205 0.12236236 -0.10267422
v 0.17571604 0.13460629 -0.11294809
v 0.15973271 0.14582579 -0.12236236
v 0.14253375 0.15593545 -0.13084538
v 0.12425000 0.16485837 -0.13833259
v 0.10502063 0.17252660 -0.14476702
v 0.08499201 0.17888181 -0.15009966
v 0.06431653 0.18387562 -0.15428996
v 0.04315157 0.18747002 -0.15730602
v 0.02165820 0.18963766 -0.15912490
v 0.00000000 0.19036205 -0.15973271
v -0.02165820 0.18963766 -0.15912490
v -0.04315157 0.18747002 -0.15730602
v -0.06431653 0.18387562 -0.15428996
v -0.08499201 0.17888181 -0.15009966
v -0.10502063 0.17252660 -0.14476702
v -0.12425000 0.16485837 -0.13833259
v -0.14253375 0.15593545 -0.13084538
v -0.15973271 0.14582579 -0.12236236
v -0.17571604 0.13460629 -0.11294809
v -0.19036205 0.12236236 -0.10267422
v -0.20355928 0.10918719 -0.09161893
v -0.21520731 0.09518103 -0.07986636
v -0.22521749 0.08045048 -0.06750596
v -0.23351362 0.06510765 -0.05463181
v -0.24003257 0.04926932 -0.04134187
v -0.24472472 0.03305602 -0.02773730
v -0.24755438 0.01659114 -0.01392162
v 0.24755438 0.01774136 -0.01242263
v 0.24472472 0.03534770 -0.02475072
v 0.24003257 0.05268502 -0.03689045
v 0.23351362 0.06962138 -0.04874941
v 0.22521749 0.08602787 -0.06023736
v 0.21520731 0.10177964 -0.07126687
v 0.20355928 0.11675681 -0.08175400
v 0.19036205 0.13084538 -0.09161893
v 0.17571604 0.14393815 -0.10078657
v 0.15973271 0.15593545 -0.10918719
v 0.14253375 0.16674601 -0.11675681
v 0.12425000 0.17628752 -0.12343784
v 0.10502063 0.18448736 -0.12917945
v 0.08499201 0.19128315 -0.13393791
v 0.06431653 0.19662316 -0.13767703
v 0.04315157 0.20046677 -0.14036834
v 0.02165820 0.20278467 -0.14199136
v 0.00000000 0.20355928 -0.14253375
v -0.02165820 0.20278467 -0.14199136
v -0.04315157 0.20046677 -0.14036834
v -0.06431653 0.19662316 -0.13767703
v -0.08499201 0.19128315 -0.13393791
v -0.10502063 0.18448736 -0.12917945
v -0.12425000 0.17628752 -0.12343784
v -0.14253375 0.16674601 -0.11675681
v -0.15973271 0.15593545 -0.10918719
v -0.17571604 0.14393815 -0.10078657
v -0.19036205 0.13084538 -0.09161893
v -0.20355928 0.11675681 -0.08175400
v -0.21520731 0.10177964 -0.07126687
v -0.22521749 0.08602787 -0.06023736
v -0.23351362 0.06962138 -0.04874941
v -0.24003257 0.05268502 -0.03689045
v -0.24472472 0.03534770 -0.02475072
v -0.24755438 0.01774136 -0.01242263
v 0.24755438 0.01875655 -0.01082910
v 0.24472472 0.03737036 -0.02157579
v 0.24003257 0.05569975 -0.03215827
v 0.23351362 0.07360524 -0.04249600
v 0.22521749 0.09095054 -0.05251032
v 0.21520731 0.10760365 -0.06212500
v 0.20355928 0.12343784 -0.07126687
v 0.19036205 0.13833259 -0.07986636
v 0.17571604 0.15217455 -0.08785802
v 0.15973271 0.16485837 -0.09518103
v 0.14253375 0.17628752 -0.10177964
v 0.12425000 0.18637501 -0.10760365
v 0.10502063 0.19504407 -0.11260875
v 0.08499201 0.20222872 -0.11675681
v 0.06431653 0.20787430 -0.12001628
v 0.04315157 0.21193783 -0.12236236
v 0.02165820 0.21438839 -0.12377719
v 0.00000000 0.21520731 -0.12425000
v -0.02165820 0.21438839 -0.12377719
v -0.04315157 0.21193783 -0.12236236
v -0.06431653 0.20787430 -0.12001628
v -0.08499201 0.20222872 -0.11675681
v -0.10502063 0.19504407 -0.11260875
v -0.12425000 0.18637501 -0.10760365
v -0.14253375 0.17628752 -0.10177964
v -0.15973271 0.16485837 -0.09518103
v -0.17571604 0.15217455 -0.08785802
v -0.19036205 0.13833259 -0.07986636
v -0.20355928 0.12343784 -0.07126687
v -0.21520731 0.10760365 -0.06212500
v -0.22521749 0.09095054 -0.05251032
v -0.23351362 0.07360524 -0.04249600
v -0.24003257 0.05569975 -0.03215827
v -0.24472472 0.03737036 -0.02157579
v -0.24755438 0.01875655 -0.01082910
v 0.24755438 0.01962900 -0.00915315
v 0.24472472 0.03910860 -0.01823664
v 0.24003257 0.05829057 -0.02718134
v 0.23351362 0.07702892 -0.03591917
v 0.22521749 0.09518103 -0.04438364
v 0.21520731 0.11260875 -0.05251032
v 0.20355928 0.12917945 -0.06023736
v 0.19036205 0.14476702 -0.06750596
v 0.17571604 0.15925281 -0.07426081
v 0.15973271 0.17252660 -0.08045048
v 0.14253375 0.18448736 -0.08602787
v 0.12425000 0.19504407 -0.09095054
v 0.10502063 0.20411636 -0.09518103
v 0.08499201 0.21163520 -0.09868712
v 0.06431653 0.21754338 -0.10144214
v 0.04315157 0.22179593 -0.10342514
v 0.02165820 0.22436047 -0.10462100
v 0.00000000 0.22521749 -0.10502063
v -0.02165820 0.22436047 -0.10462100
v -0.04315157 0.22179593 -0.10342514
v -0.06431653 0.21754338 -0.10144214
v -0.08499201 0.21163520 -0.09868712
v -0.10502063 0.20411636 -0.09518103
v -0.12425000 0.19504407 -0.09095054
v -0.14253375 0.18448736 -0.08602787
v -0.15973271 0.17252660 -0.08045048
v -0.17571604 0.15925281 -0.07426081
v -0.19036205 0.14476702 -0.06750596
v -0.20355928 0.12917945 -0.06023736
v -0.21520731 0.11260875 -0.05251032
v -0.22521749 0.09518103 -0.04438364
v -0.23351362 0.07702892 -0.03591917
v -0.24003257 0.05829057 -0.02718134
v -0.24472472 0.03910860 -0.01823664
v -0.24755438 0.01962900 -0.00915315
v 0.24755438 0.02035205 -0.00740754
v 0.24472472 0.04054921 -0.01475871
v 0.24003257 0.06043777 -0.02199755
v 0.23351362 0.07986636 -0.02906898
v 0.22521749 0.09868712 -0.03591917
v 0.21520731 0.11675681 -0.04249600
v 0.20355928 0.13393791 -0.04874941
v 0.19036205 0.15009966 -0.05463181
v 0.17571604 0.16511907 -0.06009842
v 0.15973271 0.17888181 -0.06510765
v 0.14253375 0.19128315 -0.06962138
v 0.12425000 0.20222872 -0.07360524
v 0.10502063 0.21163520 -0.07702892
v 0.08499201 0.21943103 -0.07986636
v 0.06431653 0.22555684 -0.08209597
v 0.04315157 0.22996601 -0.08370078
v 0.02165820 0.23262502 -0.08466858
v 0.00000000 0.23351362 -0.08499201
v -0.02165820 0.23262502 -0.08466858
v -0.04315157 0.22996601 -0.08370078
v -0.06431653 0.22555684 -0.08209597
v -0.08499201 0.21943103 -0.07986636
v -0.10502063 0.21163520 -0.07702892
v -0.12425000 0.20222872 -0.07360524
v -0.14253375 0.19128315 -0.06962138
v -0.15973271 0.17888181 -0.06510765
v -0.17571604 0.16511907 -0.06009842
v -0.19036205 0.15009966 -0.05463181
v -0.20355928 0.13393791 -0.04874941
v -0.21520731 0.11675681 -0.04249600
v -0.22521749 0.09868712 -0.03591917
v -0.23351362 0.07986636 -0.02906898
v -0.24003257 0.06043777 -0.02199755
v -0.24472472 0.04054921 -0.01475871
v -0.24755438 0.02035205 -0.00740754
v 0.24755438 0.02092022 -0.00560556
v 0.24472472 0.04168122 -0.01116845
v 0.24003257 0.06212500 -0.01664634
v 0.23351362 0.08209597 -0.02199755
v 0.22521749 0.10144214 -0.02718134
v 0.21520731 0.12001628 -0.03215827
v 0.20355928 0.13767703 -0.03689045
v 0.19036205 0.15428996 -0.04134187
v 0.17571604 0.16972865 -0.04547866
v 0.15973271 0.18387562 -0.04926932
v 0.14253375 0.19662316 -0.05268502
v 0.12425000 0.20787430 -0.05569975
v 0.10502063 0.21754338 -0.05829057
v 0.08499201 0.22555684 -0.06043777
v 0.06431653 0.23185365 -0.06212500
v 0.04315157 0.23638593 -0.06333942
v 0.02165820 0.23911917 -0.06407179
v 0.00000000 0.24003257 -0.06431653
v -0.02165820 0.23911917 -0.06407179
v -0.04315157 0.23638593 -0.06333942
v -0.06431653 0.23185365 -0.06212500
v -0.08499201 0.22555684 -0.06043777
v -0.10502063 0.21754338 -0.05829057
v -0.12425000 0.20787430 -0.05569975
v -0.14253375 0.19662316 -0.05268502
v -0.15973271 0.18387562 -0.04926932
v -0.17571604 0.16972865 -0.04547866
v -0.19036205 0.15428996 -0.04134187
v -0.20355928 0.13767703 -0.03689045
v -0.21520731 0.12001628 -0.03215827
v -0.22521749 0.10144214 -0.02718134
v -0.23351362 0.08209597 -0.02199755
v -0.24003257 0.06212500 -0.01664634
v -0.24472472 0.04168122 -0.01116845
v -0.24755438 0.02092022 -0.00560556
v 0.24755438 0.02132916 -0.00376091
v 0.24472472 0.04249600 -0.00749319
v 0.24003257 0.06333942 -0.01116845
v 0.23351362 0.08370078 -0.01475871
v 0.22521749 0.10342514 -0.01823664
v 0.21520731 0.12236236 -0.02157579
v 0.20355928 0.14036834 -0.02475072
v 0.19036205 0.15730602 -0.02773730
v 0.17571604 0.17304651 -0.03051277
v 0.15973271 0.18747002 -0.03305602
v 0.14253375 0.20046677 -0.03534770
v 0.12425000 0.21193783 -0.03737036
v 0.10502063 0.22179593 -0.03910860
v 0.08499201 0.22996601 -0.04054921
v 0.06431653 0.23638593 -0.04168122
v 0.04315157 0.24100681 -0.04249600
v 0.02165820 0.24379347 -0.04298737
v 0.00000000 0.24472472 -0.04315157
v -0.02165820 0.24379347 -0.04298737
v -0.04315157 0.24100681 -0.04249600
v -0.06431653 0.23638593 -0.04168122
v -0.08499201 0.22996601 -0.04054921
v -0.10502063 0.22179593 -0.03910860
v -0.12425000 0.21193783 -0.03737036
v -0.14253375 0.20046677 -0.03534770
v -0.15973271 0.18747002 -0.03305602
v -0.17571604 0.17304651 -0.03051277
v -0.19036205 0.15730602 -0.02773730
v -0.20355928 0.14036834 -0.02475072
v -0.21520731 0.12236236 -0.02157579
v -0.22521749 0.10342514 -0.01823664
v -0.23351362 0.08370078 -0.01475871
v -0.24003257 0.06333942 -0.01116845
v -0.24472472 0.04249600 -0.00749319
v -0.24755438 0.02132916 -0.00376091
v 0.24755438 0.02157579 -0.00188764
v 0.24472472 0.04298737 -0.00376091
v 0.24003257 0.06407179 -0.00560556
v 0.23351362 0.08466858 -0.00740754
v 0.22521749 0.10462100 -0.00915315
v 0.21520731 0.12377719 -0.01082910
v 0.20355928 0.14199136 -0.01242263
v 0.19036205 0.15912490 -0.01392162
v 0.17571604 0.17504738 -0.01531466
v 0.15973271 0.18963766 -0.01659114
v 0.14253375 0.20278467 -0.01774136
v 0.12425000 0.21438839 -0.01875655
v 0.10502063 0.22436047 -0.01962900
v 0.08499201 0.23262502 -0.02035205
v 0.06431653 0.23911917 -0.02092022
v 0.04315157 0.24379347 -0.02132916
v 0.02165820 0.24661237 -0.02157579
v 0.00000000 0.24755438 -0.02165820
v -0.02165820 0.24661237 -0.02157579
v -0.04315157 0.24379347 -0.02132916
v -0.06431653 0.23911917 -0.02092022
v -0.08499201 0.23262502 -0.02035205
v -0.10502063 0.22436047 -0.01962900
v -0.12425000 0.21438839 -0.01875655
v -0.14253375 0.20278467 -0.01774136
v -0.15973271 0.18963766 -0.01659114
v -0.17571604 0.17504738 -0.01531466
v -0.19036205 0.15912490 -0.01392162
v -0.20355928 0.14199136 -0.01242263
v -0.21520731 0.12377719 -0.01082910
v -0.22521749 0.10462100 -0.00915315
v -0.23351362 0.08466858 -0.00740754
v -0.24003257 0.06407179 -0.00560556
v -0.24472472 0.04298737 -0.00376091
v -0.24755438 0.02157579 -0.00188764
v 0.25054297 0.02183626 -0.00191043
v 0.25054297 0.02158666 -0.00380631
v 0.25054297 0.02117277 -0.00567323
v 0.25054297 0.02059775 -0.00749697
v 0.25054297 0.01986597 -0.00926365
v 0.25054297 0.01898299 -0.01095983
v 0.25054297 0.01795554 -0.01257261
v 0.25054297 0.01679144 -0.01408969
v 0.25054297 0.01549955 -0.01549955
v 0.25054297 0.01408969 -0.01679144
v 0.25054297 0.01257261 -0.01795554
v 0.25054297 0.01095983 -0.01898299
v 0.25054297 0.00926365 -0.01986597
v 0.25054297 0.00749697 -0.02059775
v 0.25054297 0.00567323 -0.02117277
v 0.25054297 0.00380631 -0.02158666
v 0.25054297 0.00191043 -0.02183626
v 0.25054297 0.00000000 -0.02191967
v 0.25054297 -0.00191043 -0.02183626
v 0.25054297 -0.00380631 -0.02158666
v 0.25054297 -0.00567323 -0.02117277
v 0.25054297 -0.00749697 -0.02059775
v 0.25054297 -0.00926365 -0.01986597
v 0.25054297 -0.01095983 -0.01898299
v 0.25054297 -0.01257261 -0.01795554
v 0.25054297 -0.01408969 -0.01679144
v 0.25054297 -0.01549955 -0.01549955
v 0.25054297 -0.01679144 -0.01408969
v 0.25054297 -0.01795554 -0.01257261
v 0.25054297 -0.01898299 -0.01095983
v 0.25054297 -0.01986597 -0.00926365
v 0.25054297 -0.02059775 -0.00749697
v 0.25054297 -0.02117277 -0.00567323
v 0.25054297 -0.02158666 -0.00380631
v 0.25054297 -0.02183626 -0.00191043
v -0.24293035 0.02750949 -0.05899428
v -0.24767914 0.01845680 -0.03958074
v -0.24767914 0.02183626 -0.03782151
v -0.25054297 0.01095983 -0.01898299
v -0.25054297 0.01257261 -0.01795554
v -0.25054297 0.02183626 -0.00191043
v -0.25054297 -0.01095983 -0.01898299
v -0.25054297 -0.01257261 -0.01795554
v -0.24767914 -0.01845680 -0.03958074
v -0.24767914 -0.02183626 -0.03782151
v -0.24767914 0.04218441 -0.01130328
v -0.25054297 0.02158666 -0.00380631
v -0.24767914 0.04300903 -0.00758365
v -0.24767914 0.04350633 -0.00380631
v -0.24767914 0.01493688 -0.04103874
v -0.24293035 0.02226311 -0.06116740
v -0.23633270 0.02941991 -0.08083054
v -0.24293035 0.06116740 -0.02226311
v -0.24293035 0.06287500 -0.01684730
v -0.24293035 0.06410408 -0.01130328
v -0.24293035 0.06484529 -0.00567323
v -0.24767914 0.01130328 -0.04218441
v -0.24293035 0.01684730 -0.06287500
v -0.23633270 0.02226311 -0.08308707
v -0.22793640 0.02750949 -0.10266680
v -0.23633270 0.07795884 -0.03635281
v -0.23633270 0.08083054 -0.02941991
v -0.23633270 0.08308707 -0.02226311
v -0.23633270 0.08471126 -0.01493688
v -0.23633270 0.08569074 -0.00749697
v -0.24767914 0.00758365 -0.04300903
v -0.24293035 0.01130328 -0.06410408
v -0.23633270 0.01493688 -0.08471126
v -0.22793640 0.01845680 -0.10467373
v -0.21780539 0.02183626 -0.12383957
v -0.22793640 0.09204853 -0.05314425
v -0.22793640 0.09633009 -0.04491946
v -0.22793640 0.09987851 -0.03635281
v -0.22793640 0.10266680 -0.02750949
v -0.22793640 0.10467373 -0.01845680
v -0.22793640 0.10588403 -0.00926365
v -0.24767914 0.00380631 -0.04350633
v -0.24293035 0.00567323 -0.06484529
v -0.23633270 0.00749697 -0.08569074
v -0.22793640 0.00926365 -0.10588403
v -0.21780539 0.01095983 -0.12527148
v -0.20601673 0.01257261 -0.14370555
v -0.21780539 0.10300837 -0.07212724
v -0.21780539 0.10890269 -0.06287500
v -0.21780539 0.11396820 -0.05314425
v -0.21780539 0.11816635 -0.04300903
v -0.21780539 0.12146518 -0.03254649
v -0.21780539 0.12383957 -0.02183626
v -0.21780539 0.12527148 -0.01095983
v -0.24767914 0.00000000 -0.04367252
v -0.24293035 0.00000000 -0.06509299
v -0.23633270 0.00000000 -0.08601806
v -0.22793640 0.00000000 -0.10628849
v -0.21780539 0.00000000 -0.12575001
v -0.20601673 0.00000000 -0.14425448
v -0.19266018 0.00000000 -0.16166109
v -0.20601673 0.11050534 -0.09272499
v -0.20601673 0.11816635 -0.08274097
v -0.20601673 0.12492804 -0.07212724
v -0.20601673 0.13073896 -0.06096457
v -0.20601673 0.13555487 -0.04933793
v -0.20601673 0.13933912 -0.03733581
v -0.20601673 0.14206292 -0.02504953
v -0.20601673 0.14370555 -0.01257261
v -0.24767914 -0.00380631 -0.04350633
v -0.24293035 -0.00567323 -0.06484529
v -0.23633270 -0.00749697 -0.08569074
v -0.22793640 -0.00926365 -0.10588403
v -0.21780539 -0.01095983 -0.12527148
v -0.20601673 -0.01257261 -0.14370555
v -0.19266018 -0.01408969 -0.16104591
v -0.17783736 -0.01549955 -0.17716064
v -0.19266018 0.11431165 -0.11431165
v -0.19266018 0.12383957 -0.10391374
v -0.19266018 0.13242501 -0.09272499
v -0.19266018 0.14000261 -0.08083054
v -0.19266018 0.14651470 -0.06832092
v -0.19266018 0.15191172 -0.05529135
v -0.19266018 0.15615262 -0.04184097
v -0.19266018 0.15920509 -0.02807215
v -0.19266018 0.16104591 -0.01408969
v -0.24767914 -0.00758365 -0.04300903
v -0.24293035 -0.01130328 -0.06410408
v -0.23633270 -0.01493688 -0.08471126
v -0.22793640 -0.01845680 -0.10467373
v -0.21780539 -0.02183626 -0.12383957
v -0.20601673 -0.02504953 -0.14206292
v -0.19266018 -0.02807215 -0.15920509
v -0.17783736 -0.03088113 -0.17513561
v -0.16166109 -0.03345509 -0.18973324
v -0.17783736 0.11431165 -0.13623132
v -0.17783736 0.12575001 -0.12575001
v -0.17783736 0.13623132 -0.11431165
v -0.17783736 0.14567584 -0.10200331
v -0.17783736 0.15401167 -0.08891868
v -0.17783736 0.16117539 -0.07515731
v -0.17783736 0.16711245 -0.06082396
v -0.17783736 0.17177770 -0.04602769
v -0.17783736 0.17513561 -0.03088113
v -0.17783736 0.17716064 -0.01549955
v -0.24767914 -0.01130328 -0.04218441
v -0.24293035 -0.01684730 -0.06287500
v -0.23633270 -0.02226311 -0.08308707
v -0.22793640 -0.02750949 -0.10266680
v -0.21780539 -0.03254649 -0.12146518
v -0.20601673 -0.03733581 -0.13933912
v -0.19266018 -0.04184097 -0.15615262
v -0.17783736 -0.04602769 -0.17177770
v -0.16166109 -0.04986412 -0.18609545
v -0.14425448 -0.05332106 -0.19899689
v -0.16166109 0.11050534 -0.15781797
v -0.16166109 0.12383957 -0.14758626
v -0.16166109 0.13623132 -0.13623132
v -0.16166109 0.14758626 -0.12383957
v -0.16166109 0.15781797 -0.11050534
v -0.16166109 0.16684861 -0.09633009
v -0.16166109 0.17460942 -0.08142171
v -0.16166109 0.18104135 -0.06589366
v -0.16166109 0.18609545 -0.04986412
v -0.16166109 0.18973324 -0.03345509
v -0.16166109 0.19192705 -0.01679144
v -0.24767914 -0.01493688 -0.04103874
v -0.24293035 -0.02226311 -0.06116740
v -0.23633270 -0.02941991 -0.08083054
v -0.22793640 -0.03635281 -0.09987851
v -0.21780539 -0.04300903 -0.11816635
v -0.20601673 -0.04933793 -0.13555487
v -0.19266018 -0.05529135 -0.15191172
v -0.17783736 -0.06082396 -0.16711245
v -0.16166109 -0.06589366 -0.18104135
v -0.14425448 -0.07046188 -0.19359241
v -0.12575001 -0.07449383 -0.20467012
v -0.14425448 0.10300837 -0.17841573
v -0.14425448 0.11816635 -0.16875903
v -0.14425448 0.13242501 -0.15781797
v -0.14425448 0.14567584 -0.14567584
v -0.14425448 0.15781797 -0.13242501
v -0.14425448 0.16875903 -0.11816635
v -0.14425448 0.17841573 -0.10300837
v -0.14425448 0.18671457 -0.08706643
v -0.14425448 0.19359241 -0.07046188
v -0.14425448 0.19899689 -0.05332106
v -0.14425448 0.20288688 -0.03577443
v -0.14425448 0.20523278 -0.01795554
v -0.24293035 -0.02750949 -0.05899428
v -0.23633270 -0.03635281 -0.07795884
v -0.22793640 -0.04491946 -0.09633009
v -0.21780539 -0.05314425 -0.11396820
v -0.20601673 -0.06096457 -0.13073896
v -0.19266018 -0.06832092 -0.14651470
v -0.17783736 -0.07515731 -0.16117539
v -0.16166109 -0.08142171 -0.17460942
v -0.14425448 -0.08706643 -0.18671457
v -0.12575001 -0.09204853 -0.19739872
v -0.10628849 -0.09633009 -0.20658053
v -0.12575001 0.09204853 -0.19739872
v -0.12575001 0.10890269 -0.18862499
v -0.12575001 0.12492804 -0.17841573
v -0.12575001 0.14000261 -0.16684861
v -0.12575001 0.15401167 -0.15401167
v -0.12575001 0.16684861 -0.14000261
v -0.12575001 0.17841573 -0.12492804
v -0.12575001 0.18862499 -0.10890269
v -0.12575001 0.19739872 -0.09204853
v -0.12575001 0.20467012 -0.07449383
v -0.12575001 0.21038385 -0.05637218
v -0.12575001 0.21449643 -0.03782151
v -0.12575001 0.21697657 -0.01898299
v -0.24293035 -0.03254649 -0.05637218
v -0.23633270 -0.04300903 -0.07449383
v -0.22793640 -0.05314425 -0.09204853
v -0.21780539 -0.06287500 -0.10890269
v -0.20601673 -0.07212724 -0.12492804
v -0.19266018 -0.08083054 -0.14000261
v -0.17783736 -0.08891868 -0.15401167
v -0.16166109 -0.09633009 -0.16684861
v -0.14425448 -0.10300837 -0.17841573
v -0.12575001 -0.10890269 -0.18862499
v -0.10628849 -0.11396820 -0.19739872
v -0.08601806 -0.11816635 -0.20467012
v -0.10628849 0.07795884 -0.21419016
v -0.10628849 0.09633009 -0.20658053
v -0.10628849 0.11396820 -0.19739872
v -0.10628849 0.13073896 -0.18671457
v -0.10628849 0.14651470 -0.17460942
v -0.10628849 0.16117539 -0.16117539
v -0.10628849 0.17460942 -0.14651470
v -0.10628849 0.18671457 -0.13073896
v -0.10628849 0.19739872 -0.11396820
v -0.10628849 0.20658053 -0.09633009
v -0.10628849 0.21419016 -0.07795884
v -0.10628849 0.22016966 -0.05899428
v -0.10628849 0.22447354 -0.03958074
v -0.10628849 0.22706904 -0.01986597
v -0.06509299 -0.12146518 -0.21038385
v -0.08601806 -0.09987851 -0.21419016
v -0.10628849 -0.07795884 -0.21419016
v -0.12575001 -0.05637218 -0.21038385
v -0.14425448 -0.03577443 -0.20288688
v -0.16166109 -0.01679144 -0.19192705
v -0.17783736 0.00000000 -0.17783736
v -0.19266018 0.01408969 -0.16104591
v -0.20601673 0.02504953 -0.14206292
v -0.21780539 0.03254649 -0.12146518
v -0.22793640 0.03635281 -0.09987851
v -0.23633270 0.03635281 -0.07795884
v -0.24293035 0.03254649 -0.05637218
v -0.24767914 0.02504953 -0.03577443
v -0.25054297 0.01408969 -0.01679144
v -0.08601806 0.06116740 -0.22827986
v -0.08601806 0.08083054 -0.22208008
v -0.08601806 0.09987851 -0.21419016
v -0.08601806 0.11816635 -0.20467012
v -0.08601806 0.13555487 -0.19359241
v -0.08601806 0.15191172 -0.18104135
v -0.08601806 0.16711245 -0.16711245
v -0.08601806 0.18104135 -0.15191172
v -0.08601806 0.19359241 -0.13555487
v -0.08601806 0.20467012 -0.11816635
v -0.08601806 0.21419016 -0.09987851
v -0.08601806 0.22208008 -0.08083054
v -0.08601806 0.22827986 -0.06116740
v -0.08601806 0.23274226 -0.04103874
v -0.08601806 0.23543337 -0.02059775
v -0.04367252 -0.12383957 -0.21449643
v -0.06509299 -0.10266680 -0.22016966
v -0.08601806 -0.08083054 -0.22208008
v -0.10628849 -0.05899428 -0.22016966
v -0.12575001 -0.03782151 -0.21449643
v -0.14425448 -0.01795554 -0.20523278
v -0.16166109 0.00000000 -0.19266018
v -0.17783736 0.01549955 -0.17716064
v -0.19266018 0.02807215 -0.15920509
v -0.20601673 0.03733581 -0.13933912
v -0.21780539 0.04300903 -0.11816635
v -0.22793640 0.04491946 -0.09633009
v -0.23633270 0.04300903 -0.07449383
v -0.24293035 0.03733581 -0.05332106
v -0.24767914 0.02807215 -0.03345509
v -0.25054297 0.01549955 -0.01549955
v -0.06509299 0.04218441 -0.23923969
v -0.06509299 0.06287500 -0.23465270
v -0.06509299 0.08308707 -0.22827986
v -0.06509299 0.10266680 -0.22016966
v -0.06509299 0.12146518 -0.21038385
v -0.06509299 0.13933912 -0.19899689
v -0.06509299 0.15615262 -0.18609545
v -0.06509299 0.17177770 -0.17177770
v -0.06509299 0.18609545 -0.15615262
v -0.06509299 0.19899689 -0.13933912
v -0.06509299 0.21038385 -0.12146518
v -0.06509299 0.22016966 -0.10266680
v -0.06509299 0.22827986 -0.08308707
v -0.06509299 0.23465270 -0.06287500
v -0.06509299 0.23923969 -0.04218441
v -0.06509299 0.24200593 -0.02117277
v -0.02191967 -0.12527148 -0.21697657
v -0.04367252 -0.10467373 -0.22447354
v -0.06509299 -0.08308707 -0.22827986
v -0.08601806 -0.06116740 -0.22827986
v -0.10628849 -0.03958074 -0.22447354
v -0.12575001 -0.01898299 -0.21697657
v -0.14425448 0.00000000 -0.20601673
v -0.16166109 0.01679144 -0.19192705
v -0.17783736 0.03088113 -0.17513561
v -0.19266018 0.04184097 -0.15615262
v -0.20601673 0.04933793 -0.13555487
v -0.21780539 0.05314425 -0.11396820
v -0.22793640 0.05314425 -0.09204853
v -0.23633270 0.04933793 -0.07046188
v -0.24293035 0.04184097 -0.04986412
v -0.24767914 0.03088113 -0.03088113
v -0.25054297 0.01679144 -0.01408969
v -0.04367252 0.02158666 -0.24673666
v -0.04367252 0.04300903 -0.24391635
v -0.04367252 0.06410408 -0.23923969
v -0.04367252 0.08471126 -0.23274226
v -0.04367252 0.10467373 -0.22447354
v -0.04367252 0.12383957 -0.21449643
v -0.04367252 0.14206292 -0.20288688
v -0.04367252 0.15920509 -0.18973324
v -0.04367252 0.17513561 -0.17513561
v -0.04367252 0.18973324 -0.15920509
v -0.04367252 0.20288688 -0.14206292
v -0.04367252 0.21449643 -0.12383957
v -0.04367252 0.22447354 -0.10467373
v -0.04367252 0.23274226 -0.08471126
v -0.04367252 0.23923969 -0.06410408
v -0.04367252 0.24391635 -0.04300903
v -0.04367252 0.24673666 -0.02158666
v 0.00000000 -0.12575001 -0.21780539
v -0.02191967 -0.10588403 -0.22706904
v -0.04367252 -0.08471126 -0.23274226
v -0.06509299 -0.06287500 -0.23465270
v -0.08601806 -0.04103874 -0.23274226
v -0.10628849 -0.01986597 -0.22706904
v -0.12575001 0.00000000 -0.21780539
v -0.14425448 0.01795554 -0.20523278
v -0.16166109 0.03345509 -0.18973324
v -0.17783736 0.04602769 -0.17177770
v -0.19266018 0.05529135 -0.15191172
v -0.20601673 0.06096457 -0.13073896
v -0.21780539 0.06287500 -0.10890269
v -0.22793640 0.06096457 -0.08706643
v -0.23633270 0.05529135 -0.06589366
v -0.24293035 0.04602769 -0.04602769
v -0.24767914 0.03345509 -0.02807215
v -0.25054297 0.01795554 -0.01257261
v -0.02191967 0.00000000 -0.25054297
v -0.02191967 0.02183626 -0.24958958
v -0.02191967 0.04350633 -0.24673666
v -0.02191967 0.06484529 -0.24200593
v -0.02191967 0.08569074 -0.23543337
v -0.02191967 0.10588403 -0.22706904
v -0.02191967 0.12527148 -0.21697657
v -0.02191967 0.14370555 -0.20523278
v -0.02191967 0.16104591 -0.19192705
v -0.02191967 0.17716064 -0.17716064
v -0.02191967 0.19192705 -0.16104591
v -0.02191967 0.20523278 -0.14370555
v -0.02191967 0.21697657 -0.12527148
v -0.02191967 0.22706904 -0.10588403
v -0.02191967 0.23543337 -0.08569074
v -0.02191967 0.24200593 -0.06484529
v -0.02191967 0.24673666 -0.04350633
v -0.02191967 0.24958958 -0.02183626
v 0.02191967 -0.12527148 -0.21697657
v 0.00000000 -0.10628849 -0.22793640
v -0.02191967 -0.08569074 -0.23543337
v -0.04367252 -0.06410408 -0.23923969
v -0.06509299 -0.04218441 -0.23923969
v -0.08601806 -0.02059775 -0.23543337
v -0.10628849 0.00000000 -0.22793640
v -0.12575001 0.01898299 -0.21697657
v -0.14425448 0.03577443 -0.20288688
v -0.16166109 0.04986412 -0.18609545
v -0.17783736 0.06082396 -0.16711245
v -0.19266018 0.06832092 -0.14651470
v -0.20601673 0.07212724 -0.12492804
v -0.21780539 0.07212724 -0.10300837
v -0.22793640 0.06832092 -0.08142171
v -0.23633270 0.06082396 -0.06082396
v -0.24293035 0.04986412 -0.04184097
v -0.24767914 0.03577443 -0.02504953
v -0.25054297 0.01898299 -0.01095983
v 0.00000000 -0.02191967 -0.25054297
v 0.00000000 0.00000000 -0.25150001
v 0.00000000 0.02191967 -0.25054297
v 0.00000000 0.04367252 -0.24767914
v 0.00000000 0.06509299 -0.24293035
v 0.00000000 0.08601806 -0.23633270
v 0.00000000 0.10628849 -0.22793640
v 0.00000000 0.12575001 -0.21780539
v 0.00000000 0.14425448 -0.20601673
v 0.00000000 0.16166109 -0.19266018
v 0.00000000 0.17783736 -0.17783736
v 0.00000000 0.19266018 -0.16166109
v 0.00000000 0.20601673 -0.14425448
v 0.00000000 0.21780539 -0.12575001
v 0.00000000 0.22793640 -0.10628849
v 0.00000000 0.23633270 -0.08601806
v 0.00000000 0.24293035 -0.06509299
v 0.00000000 0.24767914 -0.04367252
v 0.00000000 0.25054297 -0.02191967
v 0.04367252 -0.12383957 -0.21449643
v 0.02191967 -0.10588403 -0.22706904
v 0.00000000 -0.08601806 -0.23633270
v -0.02191967 -0.06484529 -0.24200593
v -0.04367252 -0.04300903 -0.24391635
v -0.06509299 -0.02117277 -0.24200593
v -0.08601806 0.00000000 -0.23633270
v -0.10628849 0.01986597 -0.22706904
v -0.12575001 0.03782151 -0.21449643
v -0.14425448 0.05332106 -0.19899689
v -0.16166109 0.06589366 -0.18104135
v -0.17783736 0.07515731 -0.16117539
v -0.19266018 0.08083054 -0.14000261
v -0.20601673 0.08274097 -0.11816635
v -0.21780539 0.08083054 -0.09633009
v -0.22793640 0.07515731 -0.07515731
v -0.23633270 0.06589366 -0.05529135
v -0.24293035 0.05332106 -0.03733581
v -0.24767914 0.03782151 -0.02183626
v -0.25054297 0.01986597 -0.00926365
v 0.02191967 -0.04350633 -0.24673666
v 0.02191967 -0.02183626 -0.24958958
v 0.02191967 0.00000000 -0.25054297
v 0.02191967 0.02183626 -0.24958958
v 0.02191967 0.04350633 -0.24673666
v 0.02191967 0.06484529 -0.24200593
v 0.02191967 0.08569074 -0.23543337
v 0.02191967 0.10588403 -0.22706904
v 0.02191967 0.12527148 -0.21697657
v 0.02191967 0.14370555 -0.20523278
v 0.02191967 0.16104591 -0.19192705
v 0.02191967 0.17716064 -0.17716064
v 0.02191967 0.19192705 -0.16104591
v 0.02191967 0.20523278 -0.14370555
v 0.02191967 0.21697657 -0.12527148
v 0.02191967 0.22706904 -0.10588403
v 0.02191967 0.23543337 -0.08569074
v 0.02191967 0.24200593 -0.06484529
v 0.02191967 0.24673666 -0.04350633
v 0.02191967 0.24958958 -0.02183626
v 0.06509299 -0.12146518 -0.21038385
v 0.04367252 -0.10467373 -0.22447354
v 0.02191967 -0.08569074 -0.23543337
v 0.00000000 -0.06509299 -0.24293035
v -0.02191967 -0.04350633 -0.24673666
v -0.04367252 -0.02158666 -0.24673666
v -0.06509299 0.00000000 -0.24293035
v -0.08601806 0.02059775 -0.23543337
v -0.10628849 0.03958074 -0.22447354
v -0.12575001 0.05637218 -0.21038385
v -0.14425448 0.07046188 -0.19359241
v -0.16166109 0.08142171 -0.17460942
v -0.17783736 0.08891868 -0.15401167
v -0.19266018 0.09272499 -0.13242501
v -0.20601673 0.09272499 -0.11050534
v -0.21780539 0.08891868 -0.08891868
v -0.22793640 0.08142171 -0.06832092
v -0.23633270 0.07046188 -0.04933793
v -0.24293035 0.05637218 -0.03254649
v -0.24767914 0.03958074 -0.01845680
v -0.25054297 0.02059775 -0.00749697
v 0.04367252 -0.06410408 -0.23923969
v 0.04367252 -0.04300903 -0.24391635
v 0.04367252 -0.02158666 -0.24673666
v 0.04367252 0.00000000 -0.24767914
v 0.04367252 0.02158666 -0.24673666
v 0.04367252 0.04300903 -0.24391635
v 0.04367252 0.06410408 -0.23923969
v 0.04367252 0.08471126 -0.23274226
v 0.04367252 0.10467373 -0.22447354
v 0.04367252 0.12383957 -0.21449643
v 0.04367252 0.14206292 -0.20288688
v 0.04367252 0.15920509 -0.18973324
v 0.04367252 0.17513561 -0.17513561
v 0.04367252 0.18973324 -0.15920509
v 0.04367252 0.20288688 -0.14206292
v 0.04367252 0.21449643 -0.12383957
v 0.04367252 0.22447354 -0.10467373
v 0.04367252 0.23274226 -0.08471126
v 0.04367252 0.23923969 -0.06410408
v 0.04367252 0.24391635 -0.04300903
v 0.04367252 0.24673666 -0.02158666
v 0.08601806 -0.11816635 -0.20467012
v 0.06509299 -0.10266680 -0.22016966
v 0.04367252 -0.08471126 -0.23274226
v 0.02191967 -0.06484529 -0.24200593
v 0.00000000 -0.04367252 -0.24767914
v -0.02191967 -0.02183626 -0.24958958
v -0.04367252 0.00000000 -0.24767914
v -0.06509299 0.02117277 -0.24200593
v -0.08601806 0.04103874 -0.23274226
v -0.10628849 0.05899428 -0.22016966
v -0.12575001 0.07449383 -0.20467012
v -0.14425448 0.08706643 -0.18671457
v -0.16166109 0.09633009 -0.16684861
v -0.17783736 0.10200331 -0.14567584
v -0.19266018 0.10391374 -0.12383957
v -0.20601673 0.10200331 -0.10200331
v -0.21780539 0.09633009 -0.08083054
v -0.22793640 0.08706643 -0.06096457
v -0.23633270 0.07449383 -0.04300903
v -0.24293035 0.05899428 -0.02750949
v -0.24767914 0.04103874 -0.01493688
v -0.25054297 0.02117277 -0.00567323
v 0.06509299 -0.08308707 -0.22827986
v 0.06509299 -0.06287500 -0.23465270
v 0.06509299 -0.04218441 -0.23923969
v 0.06509299 -0.02117277 -0.24200593
v 0.06509299 0.00000000 -0.24293035
v 0.06509299 0.02117277 -0.24200593
v 0.06509299 0.04218441 -0.23923969
v 0.06509299 0.06287500 -0.23465270
v 0.06509299 0.08308707 -0.22827986
v 0.06509299 0.10266680 -0.22016966
v 0.06509299 0.12146518 -0.21038385
v 0.06509299 0.13933912 -0.19899689
v 0.06509299 0.15615262 -0.18609545
v 0.06509299 0.17177770 -0.17177770
v 0.06509299 0.18609545 -0.15615262
v 0.06509299 0.19899689 -0.13933912
v 0.06509299 0.21038385 -0.12146518
v 0.06509299 0.22016966 -0.10266680
v 0.06509299 0.22827986 -0.08308707
v 0.06509299 0.23465270 -0.06287500
v 0.06509299 0.23923969 -0.04218441
v 0.06509299 0.24200593 -0.02117277
v -0.24767914 -0.02504953 -0.03577443
v -0.24293035 -0.03733581 -0.05332106
v -0.23633270 -0.04933793 -0.07046188
v -0.22793640 -0.06096457 -0.08706643
v -0.21780539 -0.07212724 -0.10300837
v -0.20601673 -0.08274097 -0.11816635
v -0.19266018 -0.09272499 -0.13242501
v -0.17783736 -0.10200331 -0.14567584
v -0.16166109 -0.11050534 -0.15781797
v -0.14425448 -0.11816635 -0.16875903
v -0.12575001 -0.12492804 -0.17841573
v -0.10628849 -0.13073896 -0.18671457
v -0.08601806 -0.13555487 -0.19359241
v -0.06509299 -0.13933912 -0.19899689
v -0.04367252 -0.14206292 -0.20288688
v -0.02191967 -0.14370555 -0.20523278
v 0.00000000 -0.14425448 -0.20601673
v 0.02191967 -0.14370555 -0.20523278
v 0.04367252 -0.14206292 -0.20288688
v 0.06509299 -0.13933912 -0.19899689
v 0.08601806 -0.13555487 -0.19359241
v 0.10628849 -0.13073896 -0.18671457
v -0.25054297 -0.01408969 -0.01679144
v 0.08601806 -0.09987851 -0.21419016
v 0.08601806 -0.08083054 -0.22208008
v 0.08601806 -0.06116740 -0.22827986
v 0.08601806 -0.04103874 -0.23274226
v 0.08601806 -0.02059775 -0.23543337
v 0.08601806 0.00000000 -0.23633270
v 0.08601806 0.02059775 -0.23543337
v 0.08601806 0.04103874 -0.23274226
v 0.08601806 0.06116740 -0.22827986
v 0.08601806 0.08083054 -0.22208008
v 0.08601806 0.09987851 -0.21419016
v 0.08601806 0.11816635 -0.20467012
v 0.08601806 0.13555487 -0.19359241
v 0.08601806 0.15191172 -0.18104135
v 0.08601806 0.16711245 -0.16711245
v 0.08601806 0.18104135 -0.15191172
v 0.08601806 0.19359241 -0.13555487
v 0.08601806 0.20467012 -0.11816635
v 0.08601806 0.21419016 -0.09987851
v 0.08601806 0.22208008 -0.08083054
v 0.08601806 0.22827986 -0.06116740
v 0.08601806 0.23274226 -0.04103874
v 0.08601806 0.23543337 -0.02059775
v -0.24767914 -0.02807215 -0.03345509
v -0.24293035 -0.04184097 -0.04986412
v -0.23633270 -0.05529135 -0.06589366
v -0.22793640 -0.06832092 -0.08142171
v -0.21780539 -0.08083054 -0.09633009
v -0.20601673 -0.09272499 -0.11050534
v -0.19266018 -0.10391374 -0.12383957
v -0.17783736 -0.11431165 -0.13623132
v -0.16166109 -0.12383957 -0.14758626
v -0.14425448 -0.13242501 -0.15781797
v -0.12575001 -0.14000261 -0.16684861
v -0.10628849 -0.14651470 -0.17460942
v -0.08601806 -0.15191172 -0.18104135
v -0.06509299 -0.15615262 -0.18609545
v -0.04367252 -0.15920509 -0.18973324
v -0.02191967 -0.16104591 -0.19192705
v 0.00000000 -0.16166109 -0.19266018
v 0.02191967 -0.16104591 -0.19192705
v 0.04367252 -0.15920509 -0.18973324
v 0.06509299 -0.15615262 -0.18609545
v 0.08601806 -0.15191172 -0.18104135
v 0.10628849 -0.14651470 -0.17460942
v 0.12575001 -0.14000261 -0.16684861
v -0.25054297 -0.01549955 -0.01549955
v 0.10628849 -0.11396820 -0.19739872
v 0.10628849 -0.09633009 -0.20658053
v 0.10628849 -0.07795884 -0.21419016
v 0.10628849 -0.05899428 -0.22016966
v 0.10628849 -0.03958074 -0.22447354
v 0.10628849 -0.01986597 -0.22706904
v 0.10628849 0.00000000 -0.22793640
v 0.10628849 0.01986597 -0.22706904
v 0.10628849 0.03958074 -0.22447354
v 0.10628849 0.05899428 -0.22016966
v 0.10628849 0.07795884 -0.21419016
v 0.10628849 0.09633009 -0.20658053
v 0.10628849 0.11396820 -0.19739872
v 0.10628849 0.13073896 -0.18671457
v 0.10628849 0.14651470 -0.17460942
v 0.10628849 0.16117539 -0.16117539
v 0.10628849 0.17460942 -0.14651470
v 0.10628849 0.18671457 -0.13073896
v 0.10628849 0.19739872 -0.11396820
v 0.10628849 0.20658053 -0.09633009
v 0.10628849 0.21419016 -0.07795884
v 0.10628849 0.22016966 -0.05899428
v 0.10628849 0.22447354 -0.03958074
v 0.10628849 0.22706904 -0.01986597
v -0.24767914 -0.03088113 -0.03088113
v -0.24293035 -0.04602769 -0.04602769
v -0.23633270 -0.06082396 -0.06082396
v -0.22793640 -0.07515731 -0.07515731
v -0.21780539 -0.08891868 -0.08891868
v -0.20601673 -0.10200331 -0.10200331
v -0.19266018 -0.11431165 -0.11431165
v -0.17783736 -0.12575001 -0.12575001
v -0.16166109 -0.13623132 -0.13623132
v -0.14425448 -0.14567584 -0.14567584
v -0.12575001 -0.15401167 -0.15401167
v -0.10628849 -0.16117539 -0.16117539
v -0.08601806 -0.16711245 -0.16711245
v -0.06509299 -0.17177770 -0.17177770
v -0.04367252 -0.17513561 -0.17513561
v -0.02191967 -0.17716064 -0.17716064
v 0.00000000 -0.17783736 -0.17783736
v 0.02191967 -0.17716064 -0.17716064
v 0.04367252 -0.17513561 -0.17513561
v 0.06509299 -0.17177770 -0.17177770
v 0.08601806 -0.16711245 -0.16711245
v 0.10628849 -0.16117539 -0.16117539
v 0.12575001 -0.15401167 -0.15401167
v 0.14425448 -0.14567584 -0.14567584
v -0.25054297 -0.01679144 -0.01408969
v 0.12575001 -0.12492804 -0.17841573
v 0.12575001 -0.10890269 -0.18862499
v 0.12575001 -0.09204853 -0.19739872
v 0.12575001 -0.07449383 -0.20467012
v 0.12575001 -0.05637218 -0.21038385
v 0.12575001 -0.03782151 -0.21449643
v 0.12575001 -0.01898299 -0.21697657
v 0.12575001 0.00000000 -0.21780539
v 0.12575001 0.01898299 -0.21697657
v 0.12575001 0.03782151 -0.21449643
v 0.12575001 0.05637218 -0.21038385
v 0.12575001 0.07449383 -0.20467012
v 0.12575001 0.09204853 -0.19739872
v 0.12575001 0.10890269 -0.18862499
v 0.12575001 0.12492804 -0.17841573
v 0.12575001 0.14000261 -0.16684861
v 0.12575001 0.15401167 -0.15401167
v 0.12575001 0.16684861 -0.14000261
v 0.12575001 0.17841573 -0.12492804
v 0.12575001 0.18862499 -0.10890269
v 0.12575001 0.19739872 -0.09204853
v 0.12575001 0.20467012 -0.07449383
v 0.12575001 0.21038385 -0.05637218
v 0.12575001 0.21449643 -0.03782151
v 0.12575001 0.21697657 -0.01898299
v -0.24767914 -0.03345509 -0.02807215
v -0.24293035 -0.04986412 -0.04184097
v -0.23633270 -0.06589366 -0.05529135
v -0.22793640 -0.08142171 -0.06832092
v -0.21780539 -0.09633009 -0.08083054
v -0.20601673 -0.11050534 -0.09272499
v -0.19266018 -0.12383957 -0.10391374
v -0.17783736 -0.13623132 -0.11431165
v -0.16166109 -0.14758626 -0.12383957
v -0.14425448 -0.15781797 -0.13242501
v -0.12575001 -0.16684861 -0.14000261
v -0.10628849 -0.17460942 -0.14651470
v -0.08601806 -0.18104135 -0.15191172
v -0.06509299 -0.18609545 -0.15615262
v -0.04367252 -0.18973324 -0.15920509
v -0.02191967 -0.19192705 -0.16104591
v 0.00000000 -0.19266018 -0.16166109
v 0.02191967 -0.19192705 -0.16104591
v 0.04367252 -0.18973324 -0.15920509
v 0.06509299 -0.18609545 -0.15615262
v 0.08601806 -0.18104135 -0.15191172
v 0.10628849 -0.17460942 -0.14651470
v 0.12575001 -0.16684861 -0.14000261
v 0.14425448 -0.15781797 -0.13242501
v 0.16166109 -0.14758626 -0.12383957
v -0.25054297 -0.01795554 -0.01257261
v 0.14425448 -0.13242501 -0.15781797
v 0.14425448 -0.11816635 -0.16875903
v 0.14425448 -0.10300837 -0.17841573
v 0.14425448 -0.08706643 -0.18671457
v 0.14425448 -0.07046188 -0.19359241
v 0.14425448 -0.05332106 -0.19899689
v 0.14425448 -0.03577443 -0.20288688
v 0.14425448 -0.01795554 -0.20523278
v 0.14425448 0.00000000 -0.20601673
v 0.14425448 0.01795554 -0.20523278
v 0.14425448 0.03577443 -0.20288688
v 0.14425448 0.05332106 -0.19899689
v 0.14425448 0.07046188 -0.19359241
v 0.14425448 0.08706643 -0.18671457
v 0.14425448 0.10300837 -0.17841573
v 0.14425448 0.11816635 -0.16875903
v 0.14425448 0.13242501 -0.15781797
v 0.14425448 0.14567584 -0.14567584
v 0.14425448 0.15781797 -0.13242501
v 0.14425448 0.16875903 -0.11816635
v 0.14425448 0.17841573 -0.10300837
v 0.14425448 0.18671457 -0.08706643
v 0.14425448 0.19359241 -0.07046188
v 0.14425448 0.19899689 -0.05332106
v 0.14425448 0.20288688 -0.03577443
v 0.14425448 0.20523278 -0.01795554
v -0.24767914 -0.03577443 -0.02504953
v -0.24293035 -0.05332106 -0.03733581
v -0.23633270 -0.07046188 -0.04933793
v -0.22793640 -0.08706643 -0.06096457
v -0.21780539 -0.10300837 -0.07212724
v -0.20601673 -0.11816635 -0.08274097
v -0.19266018 -0.13242501 -0.09272499
v -0.17783736 -0.14567584 -0.10200331
v -0.16166109 -0.15781797 -0.11050534
v -0.14425448 -0.16875903 -0.11816635
v -0.12575001 -0.17841573 -0.12492804
v -0.10628849 -0.18671457 -0.13073896
v -0.08601806 -0.19359241 -0.13555487
v -0.06509299 -0.19899689 -0.13933912
v -0.04367252 -0.20288688 -0.14206292
v -0.02191967 -0.20523278 -0.14370555
v 0.00000000 -0.20601673 -0.14425448
v 0.02191967 -0.20523278 -0.14370555
v 0.04367252 -0.20288688 -0.14206292
v 0.06509299 -0.19899689 -0.13933912
v 0.08601806 -0.19359241 -0.13555487
v 0.10628849 -0.18671457 -0.13073896
v 0.12575001 -0.17841573 -0.12492804
v 0.14425448 -0.16875903 -0.11816635
v 0.16166109 -0.15781797 -0.11050534
v 0.17783736 -0.14567584 -0.10200331
v -0.25054297 -0.01898299 -0.01095983
v 0.16166109 -0.13623132 -0.13623132
v 0.16166109 -0.12383957 -0.14758626
v 0.16166109 -0.11050534 -0.15781797
v 0.16166109 -0.09633009 -0.16684861
v 0.16166109 -0.08142171 -0.17460942
v 0.16166109 -0.06589366 -0.18104135
v 0.16166109 -0.04986412 -0.18609545
v 0.16166109 -0.03345509 -0.18973324
v 0.16166109 -0.01679144 -0.19192705
v 0.16166109 0.00000000 -0.19266018
v 0.16166109 0.01679144 -0.19192705
v 0.16166109 0.03345509 -0.18973324
v 0.16166109 0.04986412 -0.18609545
v 0.16166109 0.06589366 -0.18104135
v 0.16166109 0.08142171 -0.17460942
v 0.16166109 0.09633009 -0.16684861
v 0.16166109 0.11050534 -0.15781797
v 0.16166109 0.12383957 -0.14758626
v 0.16166109 0.13623132 -0.13623132
v 0.16166109 0.14758626 -0.12383957
v 0.16166109 0.15781797 -0.11050534
v 0.16166109 0.16684861 -0.09633009
v 0.16166109 0.17460942 -0.08142171
v 0.16166109 0.18104135 -0.06589366
v 0.16166109 0.18609545 -0.04986412
v 0.16166109 0.18973324 -0.03345509
v 0.16166109 0.19192705 -0.01679144
v -0.24767914 -0.03782151 -0.02183626
v -0.24293035 -0.05637218 -0.03254649
v -0.23633270 -0.07449383 -0.04300903
v -0.22793640 -0.09204853 -0.05314425
v -0.21780539 -0.10890269 -0.06287500
v -0.20601673 -0.12492804 -0.07212724
v -0.19266018 -0.14000261 -0.08083054
v -0.17783736 -0.15401167 -0.08891868
v -0.16166109 -0.16684861 -0.09633009
v -0.14425448 -0.17841573 -0.10300837
v -0.12575001 -0.18862499 -0.10890269
v -0.10628849 -0.19739872 -0.11396820
v -0.08601806 -0.20467012 -0.11816635
v -0.06509299 -0.21038385 -0.12146518
v -0.04367252 -0.21449643 -0.12383957
v -0.02191967 -0.21697657 -0.12527148
v 0.00000000 -0.21780539 -0.12575001
v 0.02191967 -0.21697657 -0.12527148
v 0.04367252 -0.21449643 -0.12383957
v 0.06509299 -0.21038385 -0.12146518
v 0.08601806 -0.20467012 -0.11816635
v 0.10628849 -0.19739872 -0.11396820
v 0.12575001 -0.18862499 -0.10890269
v 0.14425448 -0.17841573 -0.10300837
v 0.16166109 -0.16684861 -0.09633009
v 0.17783736 -0.15401167 -0.08891868
v 0.19266018 -0.14000261 -0.08083054
v -0.25054297 -0.01986597 -0.00926365
v 0.17783736 -0.13623132 -0.11431165
v 0.17783736 -0.12575001 -0.12575001
v 0.17783736 -0.11431165 -0.13623132
v 0.17783736 -0.10200331 -0.14567584
v 0.17783736 -0.08891868 -0.15401167
v 0.17783736 -0.07515731 -0.16117539
v 0.17783736 -0.06082396 -0.16711245
v 0.17783736 -0.04602769 -0.17177770
v 0.17783736 -0.03088113 -0.17513561
v 0.17783736 -0.01549955 -0.17716064
v 0.17783736 0.00000000 -0.17783736
v 0.17783736 0.01549955 -0.17716064
v 0.17783736 0.03088113 -0.17513561
v 0.17783736 0.04602769 -0.17177770
v 0.17783736 0.06082396 -0.16711245
v 0.17783736 0.07515731 -0.16117539
v 0.17783736 0.08891868 -0.15401167
v 0.17783736 0.10200331 -0.14567584
v 0.17783736 0.11431165 -0.13623132
v 0.17783736 0.12575001 -0.12575001
v 0.17783736 0.13623132 -0.11431165
v 0.17783736 0.14567584 -0.10200331
v 0.17783736 0.15401167 -0.08891868
v 0.17783736 0.16117539 -0.07515731
v 0.17783736 0.16711245 -0.06082396
v 0.17783736 0.17177770 -0.04602769
v 0.17783736 0.17513561 -0.03088113
v 0.17783736 0.17716064 -0.01549955
v -0.24767914 -0.03958074 -0.01845680
v -0.24293035 -0.05899428 -0.02750949
v -0.23633270 -0.07795884 -0.03635281
v -0.22793640 -0.09633009 -0.04491946
v -0.21780539 -0.11396820 -0.05314425
v -0.20601673 -0.13073896 -0.06096457
v -0.19266018 -0.14651470 -0.06832092
v -0.17783736 -0.16117539 -0.07515731
v -0.16166109 -0.17460942 -0.08142171
v -0.14425448 -0.18671457 -0.08706643
v -0.12575001 -0.19739872 -0.09204853
v -0.10628849 -0.20658053 -0.09633009
v -0.08601806 -0.21419016 -0.09987851
v -0.06509299 -0.22016966 -0.10266680
v -0.04367252 -0.22447354 -0.10467373
v -0.02191967 -0.22706904 -0.10588403
v 0.00000000 -0.22793640 -0.10628849
v 0.02191967 -0.22706904 -0.10588403
v 0.04367252 -0.22447354 -0.10467373
v 0.06509299 -0.22016966 -0.10266680
v 0.08601806 -0.21419016 -0.09987851
v 0.10628849 -0.20658053 -0.09633009
v 0.12575001 -0.19739872 -0.09204853
v 0.14425448 -0.18671457 -0.08706643
v 0.16166109 -0.17460942 -0.08142171
v 0.17783736 -0.16117539 -0.07515731
v 0.19266018 -0.14651470 -0.06832092
v 0.20601673 -0.13073896 -0.06096457
v -0.25054297 -0.02059775 -0.00749697
v 0.19266018 -0.13242501 -0.09272499
v 0.19266018 -0.12383957 -0.10391374
v 0.19266018 -0.11431165 -0.11431165
v 0.19266018 -0.10391374 -0.12383957
v 0.19266018 -0.09272499 -0.13242501
v 0.19266018 -0.08083054 -0.14000261
v 0.19266018 -0.06832092 -0.14651470
v 0.19266018 -0.05529135 -0.15191172
v 0.19266018 -0.04184097 -0.15615262
v 0.19266018 -0.02807215 -0.15920509
v 0.19266018 -0.01408969 -0.16104591
v 0.19266018 0.00000000 -0.16166109
v 0.19266018 0.01408969 -0.16104591
v 0.19266018 0.02807215 -0.15920509
v 0.19266018 0.04184097 -0.15615262
v 0.19266018 0.05529135 -0.15191172
v 0.19266018 0.06832092 -0.14651470
v 0.19266018 0.08083054 -0.14000261
v 0.19266018 0.09272499 -0.13242501
v 0.19266018 0.10391374 -0.12383957
v 0.19266018 0.11431165 -0.11431165
v 0.19266018 0.12383957 -0.10391374
v 0.19266018 0.13242501 -0.09272499
v 0.19266018 0.14000261 -0.08083054
v 0.19266018 0.14651470 -0.06832092
v 0.19266018 0.15191172 -0.05529135
v 0.19266018 0.15615262 -0.04184097
v 0.19266018 0.15920509 -0.02807215
v 0.19266018 0.16104591 -0.01408969
v -0.24767914 -0.04103874 -0.01493688
v -0.24293035 -0.06116740 -0.02226311
v -0.23633270 -0.08083054 -0.02941991
v -0.22793640 -0.09987851 -0.03635281
v -0.21780539 -0.11816635 -0.04300903
v -0.20601673 -0.13555487 -0.04933793
v -0.19266018 -0.15191172 -0.05529135
v -0.17783736 -0.16711245 -0.06082396
v -0.16166109 -0.18104135 -0.06589366
v -0.14425448 -0.19359241 -0.07046188
v -0.12575001 -0.20467012 -0.07449383
v -0.10628849 -0.21419016 -0.07795884
v -0.08601806 -0.22208008 -0.08083054
v -0.06509299 -0.22827986 -0.08308707
v -0.04367252 -0.23274226 -0.08471126
v -0.02191967 -0.23543337 -0.08569074
v 0.00000000 -0.23633270 -0.08601806
v 0.02191967 -0.23543337 -0.08569074
v 0.04367252 -0.23274226 -0.08471126
v 0.06509299 -0.22827986 -0.08308707
v 0.08601806 -0.22208008 -0.08083054
v 0.10628849 -0.21419016 -0.07795884
v 0.12575001 -0.20467012 -0.07449383
v 0.14425448 -0.19359241 -0.07046188
v 0.16166109 -0.18104135 -0.06589366
v 0.17783736 -0.16711245 -0.06082396
v 0.19266018 -0.15191172 -0.05529135
v 0.20601673 -0.13555487 -0.04933793
v 0.21780539 -0.11816635 -0.04300903
v -0.25054297 -0.02117277 -0.00567323
v 0.20601673 -0.12492804 -0.07212724
v 0.20601673 -0.11816635 -0.08274097
v 0.20601673 -0.11050534 -0.09272499
v 0.20601673 -0.10200331 -0.10200331
v 0.20601673 -0.09272499 -0.11050534
v 0.20601673 -0.08274097 -0.11816635
v 0.20601673 -0.07212724 -0.12492804
v 0.20601673 -0.06096457 -0.13073896
v 0.20601673 -0.04933793 -0.13555487
v 0.20601673 -0.03733581 -0.13933912
v 0.20601673 -0.02504953 -0.14206292
v 0.20601673 -0.01257261 -0.14370555
v 0.20601673 0.00000000 -0.14425448
v 0.20601673 0.01257261 -0.14370555
v 0.20601673 0.02504953 -0.14206292
v 0.20601673 0.03733581 -0.13933912
v 0.20601673 0.04933793 -0.13555487
v 0.20601673 0.06096457 -0.13073896
v 0.20601673 0.07212724 -0.12492804
v 0.20601673 0.08274097 -0.11816635
v 0.20601673 0.09272499 -0.11050534
v 0.20601673 0.10200331 -0.10200331
v 0.20601673 0.11050534 -0.09272499
v 0.20601673 0.11816635 -0.08274097
v 0.20601673 0.12492804 -0.07212724
v 0.20601673 0.13073896 -0.06096457
v 0.20601673 0.13555487 -0.04933793
v 0.20601673 0.13933912 -0.03733581
v 0.20601673 0.14206292 -0.02504953
v 0.20601673 0.14370555 -0.01257261
v -0.24767914 -0.04218441 -0.01130328
v -0.24293035 -0.06287500 -0.01684730
v -0.23633270 -0.08308707 -0.02226311
v -0.22793640 -0.10266680 -0.02750949
v -0.21780539 -0.12146518 -0.03254649
v -0.20601673 -0.13933912 -0.03733581
v -0.19266018 -0.15615262 -0.04184097
v -0.17783736 -0.17177770 -0.04602769
v -0.16166109 -0.18609545 -0.04986412
v -0.14425448 -0.19899689 -0.05332106
v -0.12575001 -0.21038385 -0.05637218
v -0.10628849 -0.22016966 -0.05899428
v -0.08601806 -0.22827986 -0.06116740
v -0.06509299 -0.23465270 -0.06287500
v -0.04367252 -0.23923969 -0.06410408
v -0.02191967 -0.24200593 -0.06484529
v 0.00000000 -0.24293035 -0.06509299
v 0.02191967 -0.24200593 -0.06484529
v 0.04367252 -0.23923969 -0.06410408
v 0.06509299 -0.23465270 -0.06287500
v 0.08601806 -0.22827986 -0.06116740
v 0.10628849 -0.22016966 -0.05899428
v 0.12575001 -0.21038385 -0.05637218
v 0.14425448 -0.19899689 -0.05332106
v 0.16166109 -0.18609545 -0.04986412
v 0.17783736 -0.17177770 -0.04602769
v 0.19266018 -0.15615262 -0.04184097
v 0.20601673 -0.13933912 -0.03733581
v 0.21780539 -0.12146518 -0.03254649
v 0.22793640 -0.10266680 -0.02750949
v -0.25054297 -0.02158666 -0.00380631
v 0.21780539 -0.11396820 -0.05314425
v 0.21780539 -0.10890269 -0.06287500
v 0.21780539 -0.10300837 -0.07212724
v 0.21780539 -0.09633009 -0.08083054
v 0.21780539 -0.08891868 -0.08891868
v 0.21780539 -0.08083054 -0.09633009
v 0.21780539 -0.07212724 -0.10300837
v 0.21780539 -0.06287500 -0.10890269
v 0.21780539 -0.05314425 -0.11396820
v 0.21780539 -0.04300903 -0.11816635
v 0.21780539 -0.03254649 -0.12146518
v 0.21780539 -0.02183626 -0.12383957
v 0.21780539 -0.01095983 -0.12527148
v 0.21780539 0.00000000 -0.12575001
v 0.21780539 0.01095983 -0.12527148
v 0.21780539 0.02183626 -0.12383957
v 0.21780539 0.03254649 -0.12146518
v 0.21780539 0.04300903 -0.11816635
v 0.21780539 0.05314425 -0.11396820
v 0.21780539 0.06287500 -0.10890269
v 0.21780539 0.07212724 -0.10300837
v 0.21780539 0.08083054 -0.09633009
v 0.21780539 0.08891868 -0.08891868
v 0.21780539 0.09633009 -0.08083054
v 0.21780539 0.10300837 -0.07212724
v 0.21780539 0.10890269 -0.06287500
v 0.21780539 0.11396820 -0.05314425
v 0.21780539 0.11816635 -0.04300903
v 0.21780539 0.12146518 -0.03254649
v 0.21780539 0.12383957 -0.02183626
v 0.21780539 0.12527148 -0.01095983
v -0.24767914 -0.04300903 -0.00758365
v -0.24293035 -0.06410408 -0.01130328
v -0.23633270 -0.08471126 -0.01493688
v -0.22793640 -0.10467373 -0.01845680
v -0.21780539 -0.12383957 -0.02183626
v -0.20601673 -0.14206292 -0.02504953
v -0.19266018 -0.15920509 -0.02807215
v -0.17783736 -0.17513561 -0.03088113
v -0.16166109 -0.18973324 -0.03345509
v -0.14425448 -0.20288688 -0.03577443
v -0.12575001 -0.21449643 -0.03782151
v -0.10628849 -0.22447354 -0.03958074
v -0.08601806 -0.23274226 -0.04103874
v -0.06509299 -0.23923969 -0.04218441
v -0.04367252 -0.24391635 -0.04300903
v -0.02191967 -0.24673666 -0.04350633
v 0.00000000 -0.24767914 -0.04367252
v 0.02191967 -0.24673666 -0.04350633
v 0.04367252 -0.24391635 -0.04300903
v 0.06509299 -0.23923969 -0.04218441
v 0.08601806 -0.23274226 -0.04103874
v 0.10628849 -0.22447354 -0.03958074
v 0.12575001 -0.21449643 -0.03782151
v 0.14425448 -0.20288688 -0.03577443
v 0.16166109 -0.18973324 -0.03345509
v 0.17783736 -0.17513561 -0.03088113
v 0.19266018 -0.15920509 -0.02807215
v 0.20601673 -0.14206292 -0.02504953
v 0.21780539 -0.12383957 -0.02183626
v 0.22793640 -0.10467373 -0.01845680
v 0.23633270 -0.08471126 -0.01493688
v -0.25054297 -0.02183626 -0.00191043
v 0.22793640 -0.09987851 -0.03635281
v 0.22793640 -0.09633009 -0.04491946
v 0.22793640 -0.09204853 -0.05314425
v 0.22793640 -0.08706643 -0.06096457
v 0.22793640 -0.08142171 -0.06832092
v 0.22793640 -0.07515731 -0.07515731
v 0.22793640 -0.06832092 -0.08142171
v 0.22793640 -0.06096457 -0.08706643
v 0.22793640 -0.05314425 -0.09204853
v 0.22793640 -0.04491946 -0.09633009
v 0.22793640 -0.03635281 -0.09987851
v 0.22793640 -0.02750949 -0.10266680
v 0.22793640 -0.01845680 -0.10467373
v 0.22793640 -0.00926365 -0.10588403
v 0.22793640 0.00000000 -0.10628849
v 0.22793640 0.00926365 -0.10588403
v 0.22793640 0.01845680 -0.10467373
v 0.22793640 0.02750949 -0.10266680
v 0.22793640 0.03635281 -0.09987851
v 0.22793640 0.04491946 -0.09633009
v 0.22793640 0.05314425 -0.09204853
v 0.22793640 0.06096457 -0.08706643
v 0.22793640 0.06832092 -0.08142171
v 0.22793640 0.07515731 -0.07515731
v 0.22793640 0.08142171 -0.06832092
v 0.22793640 0.08706643 -0.06096457
v 0.22793640 0.09204853 -0.05314425
v 0.22793640 0.09633009 -0.04491946
v 0.22793640 0.09987851 -0.03635281
v 0.22793640 0.10266680 -0.02750949
v 0.22793640 0.10467373 -0.01845680
v 0.22793640 0.10588403 -0.00926365
v -0.24767914 -0.04350633 -0.00380631
v -0.24293035 -0.06484529 -0.00567323
v -0.23633270 -0.08569074 -0.00749697
v -0.22793640 -0.10588403 -0.00926365
v -0.21780539 -0.12527148 -0.01095983
v -0.20601673 -0.14370555 -0.01257261
v -0.19266018 -0.16104591 -0.01408969
v -0.17783736 -0.17716064 -0.01549955
v -0.16166109 -0.19192705 -0.01679144
v -0.14425448 -0.20523278 -0.01795554
v -0.12575001 -0.21697657 -0.01898299
v -0.10628849 -0.22706904 -0.01986597
v -0.08601806 -0.23543337 -0.02059775
v -0.06509299 -0.24200593 -0.02117277
v -0.04367252 -0.24673666 -0.02158666
v -0.02191967 -0.24958958 -0.02183626
v 0.00000000 -0.25054297 -0.02191967
v 0.02191967 -0.24958958 -0.02183626
v 0.04367252 -0.24673666 -0.02158666
v 0.06509299 -0.24200593 -0.02117277
v 0.08601806 -0.23543337 -0.02059775
v 0.10628849 -0.22706904 -0.01986597
v 0.12575001 -0.21697657 -0.01898299
v 0.14425448 -0.20523278 -0.01795554
v 0.16166109 -0.19192705 -0.01679144
v 0.17783736 -0.17716064 -0.01549955
v 0.19266018 -0.16104591 -0.01408969
v 0.20601673 -0.14370555 -0.01257261
v 0.21780539 -0.12527148 -0.01095983
v 0.22793640 -0.10588403 -0.00926365
v 0.23633270 -0.08569074 -0.00749697
v 0.24293035 -0.06484529 -0.00567323
v 0.23633270 -0.08308707 -0.02226311
v 0.23633270 -0.08083054 -0.02941991
v 0.23633270 -0.07795884 -0.03635281
v 0.23633270 -0.07449383 -0.04300903
v 0.23633270 -0.07046188 -0.04933793
v 0.23633270 -0.06589366 -0.05529135
v 0.23633270 -0.06082396 -0.06082396
v 0.23633270 -0.05529135 -0.06589366
v 0.23633270 -0.04933793 -0.07046188
v 0.23633270 -0.04300903 -0.07449383
v 0.23633270 -0.03635281 -0.07795884
v 0.23633270 -0.02941991 -0.08083054
v 0.23633270 -0.02226311 -0.08308707
v 0.23633270 -0.01493688 -0.08471126
v 0.23633270 -0.00749697 -0.08569074
v 0.23633270 0.00000000 -0.08601806
v 0.23633270 0.00749697 -0.08569074
v 0.23633270 0.01493688 -0.08471126
v 0.23633270 0.02226311 -0.08308707
v 0.23633270 0.02941991 -0.08083054
v 0.23633270 0.03635281 -0.07795884
v 0.23633270 0.04300903 -0.07449383
v 0.23633270 0.04933793 -0.07046188
v 0.23633270 0.05529135 -0.06589366
v 0.23633270 0.06082396 -0.06082396
v 0.23633270 0.06589366 -0.05529135
v 0.23633270 0.07046188 -0.04933793
v 0.23633270 0.07449383 -0.04300903
v 0.23633270 0.07795884 -0.03635281
v 0.23633270 0.08083054 -0.02941991
v 0.23633270 0.08308707 -0.02226311
v 0.23633270 0.08471126 -0.01493688
v 0.23633270 0.08569074 -0.00749697
v 0.24293035 -0.06410408 -0.01130328
v 0.24293035 -0.06287500 -0.01684730
v 0.24293035 -0.06116740 -0.02226311
v 0.24293035 -0.05899428 -0.02750949
v 0.24293035 -0.05637218 -0.03254649
v 0.24293035 -0.05332106 -0.03733581
v 0.24293035 -0.04986412 -0.04184097
v 0.24293035 -0.04602769 -0.04602769
v 0.24293035 -0.04184097 -0.04986412
v 0.24293035 -0.03733581 -0.05332106
v 0.24293035 -0.03254649 -0.05637218
v 0.24293035 -0.02750949 -0.05899428
v 0.24293035 -0.02226311 -0.06116740
v 0.24293035 -0.01684730 -0.06287500
v 0.24293035 -0.01130328 -0.06410408
v 0.24293035 -0.00567323 -0.06484529
v 0.24293035 0.00000000 -0.06509299
v 0.24293035 0.00567323 -0.06484529
v 0.24293035 0.01130328 -0.06410408
v 0.24293035 0.01684730 -0.06287500
v 0.24293035 0.02226311 -0.06116740
v 0.24293035 0.02750949 -0.05899428
v 0.24293035 0.03254649 -0.05637218
v 0.24293035 0.03733581 -0.05332106
v 0.24293035 0.04184097 -0.04986412
v 0.24293035 0.04602769 -0.04602769
v 0.24293035 0.04986412 -0.04184097
v 0.24293035 0.05332106 -0.03733581
v 0.24293035 0.05637218 -0.03254649
v 0.24293035 0.05899428 -0.02750949
v 0.24293035 0.06116740 -0.02226311
v 0.24293035 0.06287500 -0.01684730
v 0.24293035 0.06410408 -0.01130328
v 0.24293035 0.06484529 -0.00567323
v 0.24767914 -0.04350633 -0.00380631
v 0.24767914 -0.04300903 -0.00758365
v 0.24767914 -0.04218441 -0.01130328
v 0.24767914 -0.04103874 -0.01493688
v 0.24767914 -0.03958074 -0.01845680
v 0.24767914 -0.03782151 -0.02183626
v 0.24767914 -0.03577443 -0.02504953
v 0.24767914 -0.03345509 -0.02807215
v 0.24767914 -0.03088113 -0.03088113
v 0.24767914 -0.02807215 -0.03345509
v 0.24767914 -0.02504953 -0.03577443
v 0.24767914 -0.02183626 -0.03782151
v 0.24767914 -0.01845680 -0.03958074
v 0.24767914 -0.01493688 -0.04103874
v 0.24767914 -0.01130328 -0.04218441
v 0.24767914 -0.00758365 -0.04300903
v 0.24767914 -0.00380631 -0.04350633
v 0.24767914 0.00000000 -0.04367252
v 0.24767914 0.00380631 -0.04350633
v 0.24767914 0.00758365 -0.04300903
v 0.24767914 0.01130328 -0.04218441
v 0.24767914 0.01493688 -0.04103874
v 0.24767914 0.01845680 -0.03958074
v 0.24767914 0.02183626 -0.03782151
v 0.24767914 0.02504953 -0.03577443
v 0.24767914 0.02807215 -0.03345509
v 0.24767914 0.03088113 -0.03088113
v 0.24767914 0.03345509 -0.02807215
v 0.24767914 0.03577443 -0.02504953
v 0.24767914 0.03782151 -0.02183626
v 0.24767914 0.03958074 -0.01845680
v 0.24767914 0.04103874 -0.01493688
v 0.24767914 0.04218441 -0.01130328
v 0.24767914 0.04300903 -0.00758365
v 0.24767914 0.04350633 -0.00380631
f 1 2 3
f 4 5 6
f 5 7 6
f 6 7 8
f 7 9 8
f 10 11 12
f 11 13 12
f 12 13 14
f 13 15 14
f 14 15 4
f 15 16 4
f 4 16 5
f 17 18 19
f 18 20 19
f 19 20 10
f 20 21 10
f 10 21 11
f 22 23 17
f 23 24 17
f 17 24 18
f 25 26 27
f 26 28 27
f 27 28 22
f 28 29 22
f 22 29 23
f 30 31 25
f 31 32 25
f 25 32 26
f 33 34 35
f 34 36 35
f 35 36 30
f 36 37 30
f 30 37 31
f 1 38 2
f 38 39 2
f 2 39 33
f 39 40 33
f 33 40 34
f 41 42 3
f 42 43 3
f 3 43 1
f 44 45 46
f 45 47 46
f 46 47 41
f 47 48 41
f 41 48 42
f 49 50 51
f 50 52 51
f 51 52 44
f 52 53 44
f 44 53 45
f 49 51 54
f 51 55 54
f 54 55 56
f 55 57 56
f 56 57 58
f 59 60 61
f 60 62 61
f 61 62 57
f 62 63 57
f 57 63 58
f 64 65 59
f 65 66 59
f 59 66 60
f 67 68 64
f 68 69 64
f 64 69 65
f 70 71 72
f 71 73 72
f 72 73 67
f 73 74 67
f 67 74 68
f 75 76 77
f 76 78 77
f 77 78 70
f 78 79 70
f 70 79 71
f 80 81 75
f 81 82 75
f 75 82 76
f 83 84 85
f 84 86 85
f 85 86 87
f 86 88 87
f 87 88 80
f 88 89 80
f 80 89 81
f 90 91 92
f 91 93 92
f 92 93 83
f 93 94 83
f 83 94 84
f 95 96 90
f 96 97 90
f 90 97 91
f 98 99 100
f 99 101 100
f 100 101 102
f 101 103 102
f 102 103 104
f 103 105 104
f 104 105 95
f 105 106 95
f 95 106 96
f 107 108 109
f 108 110 109
f 109 110 111
f 110 112 111
f 111 112 98
f 112 113 98
f 98 113 99
f 114 115 116
f 115 117 116
f 116 117 118
f 117 119 118
f 118 119 107
f 119 120 107
f 107 120 108
f 121 122 114
f 122 123 114
f 114 123 115
f 124 125 126
f 125 127 126
f 126 127 128
f 127 121 128
f 128 121 129
f 121 114 129
f 130 131 132
f 131 133 132
f 132 133 134
f 133 135 134
f 134 135 124
f 135 136 124
f 124 136 125
f 137 138 130
f 138 139 130
f 130 139 131
f 140 141 142
f 141 143 142
f 142 143 144
f 143 137 144
f 144 137 145
f 137 130 145
f 146 147 148
f 147 149 148
f 148 149 150
f 149 151 150
f 150 151 140
f 151 152 140
f 140 152 141
f 153 154 155
f 154 156 155
f 155 156 157
f 156 158 157
f 157 158 146
f 158 159 146
f 146 159 147
f 160 161 153
f 161 162 153
f 153 162 154
f 163 164 165
f 164 166 165
f 165 166 167
f 166 168 167
f 167 168 169
f 168 170 169
f 169 170 171
f 170 172 171
f 171 172 173
f 172 174 173
f 173 174 175
f 174 176 175
f 175 176 177
f 176 178 177
f 177 178 179
f 178 160 179
f 179 160 180
f 160 153 180
f 181 182 183
f 182 184 183
f 183 184 185
f 184 186 185
f 185 186 163
f 186 187 163
f 163 187 164
f 188 189 190
f 189 191 190
f 190 191 192
f 191 193 192
f 192 193 194
f 193 195 194
f 194 195 181
f 195 196 181
f 181 196 182
f 197 198 199
f 198 200 199
f 199 200 201
f 200 202 201
f 201 202 188
f 202 203 188
f 188 203 189
f 204 205 206
f 205 207 206
f 206 207 208
f 207 209 208
f 208 209 210
f 209 211 210
f 210 211 197
f 211 212 197
f 197 212 198
f 213 214 215
f 214 216 215
f 215 216 217
f 216 218 217
f 217 218 204
f 218 219 204
f 204 219 205
f 220 221 222
f 221 223 222
f 222 223 224
f 223 225 224
f 224 225 226
f 225 227 226
f 226 227 213
f 227 228 213
f 213 228 214
f 229 230 231
f 230 232 231
f 231 232 233
f 232 234 233
f 233 234 220
f 234 235 220
f 220 235 221
f 7 236 9
f 236 237 9
f 9 237 238
f 237 239 238
f 238 239 240
f 239 241 240
f 240 241 242
f 241 243 242
f 242 243 229
f 243 244 229
f 229 244 230
f 245 246 247
f 248 249 250
f 249 247 250
f 250 247 251
f 247 246 251
f 252 253 248
f 253 254 248
f 248 254 249
f 255 256 257
f 256 258 257
f 257 258 259
f 258 253 259
f 259 253 260
f 253 252 260
f 261 262 255
f 262 263 255
f 255 263 256
f 264 265 266
f 265 262 266
f 266 262 267
f 262 261 267
f 268 269 264
f 269 270 264
f 264 270 265
f 271 272 273
f 272 274 273
f 273 274 275
f 274 269 275
f 275 269 276
f 269 268 276
f 277 278 271
f 278 279 271
f 271 279 272
f 280 281 282
f 281 278 282
f 282 278 283
f 278 277 283
f 284 285 280
f 285 286 280
f 280 286 281
f 284 287 285
f 287 288 285
f 285 288 289
f 288 290 289
f 289 290 291
f 290 292 291
f 291 292 293
f 292 294 293
f 293 294 295
f 294 296 295
f 296 297 295
f 295 297 298
f 297 299 298
f 298 299 300
f 299 301 300
f 300 301 302
f 301 303 302
f 303 304 302
f 302 304 305
f 304 306 305
f 305 306 307
f 306 308 307
f 307 308 309
f 308 310 309
f 309 310 311
f 310 312 311
f 312 313 311
f 311 313 314
f 313 315 314
f 314 315 316
f 315 317 316
f 316 317 318
f 317 319 318
f 319 320 318
f 318 320 321
f 320 322 321
f 321 322 323
f 322 324 323
f 323 324 325
f 324 326 325
f 325 326 327
f 326 328 327
f 327 328 329
f 328 330 329
f 329 330 331
f 330 332 331
f 331 332 333
f 332 334 333
f 334 335 333
f 333 335 336
f 335 337 336
f 336 337 338
f 337 339 338
f 338 339 340
f 339 341 340
f 341 342 340
f 340 342 343
f 342 344 343
f 343 344 345
f 344 346 345
f 345 346 347
f 346 348 347
f 347 348 349
f 350 351 352
f 351 349 352
f 352 349 353
f 349 348 353
f 354 355 356
f 356 357 354
f 357 358 354
f 354 358 359
f 358 360 359
f 359 360 361
f 360 362 361
f 361 362 363
f 362 364 363
f 363 364 365
f 364 366 365
f 366 367 365
f 365 367 368
f 367 369 368
f 368 369 370
f 369 371 370
f 370 371 372
f 371 373 372
f 373 374 372
f 372 374 375
f 374 376 375
f 375 376 377
f 376 378 377
f 377 378 379
f 378 380 379
f 379 380 381
f 380 382 381
f 382 383 381
f 381 383 384
f 383 385 384
f 384 385 386
f 385 387 386
f 386 387 388
f 387 389 388
f 389 390 388
f 388 390 391
f 390 392 391
f 391 392 393
f 392 394 393
f 393 394 395
f 394 396 395
f 395 396 397
f 396 398 397
f 398 399 397
f 397 399 400
f 399 401 400
f 400 401 402
f 401 403 402
f 402 403 404
f 403 405 404
f 405 406 404
f 404 406 407
f 406 408 407
f 407 408 409
f 408 410 409
f 409 410 411
f 410 412 411
f 411 412 413
f 412 414 413
f 414 415 413
f 413 415 416
f 415 417 416
f 416 417 418
f 417 419 418
f 418 419 420
f 419 421 420
f 421 422 420
f 420 422 423
f 422 424 423
f 423 424 425
f 424 426 425
f 425 426 427
f 426 428 427
f 428 429 427
f 427 429 430
f 429 431 430
f 430 431 432
f 431 433 432
f 432 433 434
f 433 435 434
f 434 435 436
f 435 437 436
f 437 438 436
f 436 438 439
f 438 440 439
f 439 440 441
f 442 443 444
f 247 445 245
f 445 446 245
f 245 446 447
f 446 448 447
f 447 448 449
f 448 450 449
f 449 450 451
f 450 452 451
f 451 452 453
f 452 454 453
f 453 454 455
f 454 456 455
f 455 456 457
f 456 458 457
f 457 458 459
f 458 444 459
f 459 444 460
f 444 443 460
f 461 355 462
f 355 354 462
f 462 354 463
f 354 359 463
f 463 359 464
f 359 361 464
f 464 361 465
f 361 363 465
f 465 363 466
f 363 365 466
f 466 365 467
f 365 368 467
f 467 368 468
f 368 370 468
f 468 370 469
f 370 372 469
f 469 372 470
f 372 375 470
f 470 375 471
f 375 377 471
f 471 377 472
f 377 379 472
f 472 379 473
f 379 381 473
f 473 381 474
f 381 384 474
f 474 384 475
f 384 386 475
f 475 386 476
f 386 388 476
f 476 388 477
f 388 391 477
f 477 391 478
f 391 393 478
f 478 393 479
f 393 395 479
f 479 395 480
f 395 397 480
f 480 397 481
f 397 400 481
f 481 400 482
f 400 402 482
f 482 402 483
f 402 404 483
f 483 404 484
f 404 407 484
f 484 407 485
f 407 409 485
f 485 409 486
f 409 411 486
f 486 411 487
f 411 413 487
f 487 413 488
f 413 416 488
f 488 416 489
f 416 418 489
f 489 418 490
f 418 420 490
f 490 420 491
f 420 423 491
f 491 423 492
f 423 425 492
f 492 425 493
f 425 427 493
f 493 427 494
f 427 430 494
f 494 430 495
f 430 432 495
f 495 432 496
f 432 434 496
f 496 434 497
f 434 436 497
f 497 436 498
f 436 439 498
f 498 439 499
f 439 441 499
f 499 441 500
f 501 502 503
f 502 504 503
f 503 504 505
f 504 506 505
f 505 506 507
f 506 508 507
f 507 508 509
f 508 510 509
f 509 510 511
f 510 512 511
f 511 512 513
f 512 514 513
f 513 514 515
f 514 516 515
f 515 516 517
f 516 518 517
f 517 518 519
f 351 520 349
f 520 521 349
f 349 521 347
f 521 522 347
f 347 522 345
f 522 523 345
f 345 523 343
f 523 524 343
f 343 524 340
f 524 525 340
f 340 525 338
f 525 526 338
f 338 526 336
f 526 527 336
f 336 527 333
f 527 528 333
f 333 528 331
f 528 529 331
f 331 529 329
f 529 530 329
f 329 530 327
f 530 531 327
f 327 531 325
f 531 532 325
f 325 532 323
f 532 533 323
f 323 533 321
f 533 534 321
f 321 534 318
f 534 535 318
f 318 535 316
f 535 536 316
f 316 536 314
f 536 537 314
f 314 537 311
f 537 538 311
f 311 538 309
f 538 539 309
f 309 539 307
f 539 540 307
f 307 540 305
f 540 541 305
f 305 541 302
f 541 542 302
f 302 542 300
f 542 543 300
f 300 543 298
f 543 544 298
f 298 544 295
f 544 545 295
f 295 545 293
f 545 546 293
f 293 546 291
f 546 547 291
f 291 547 289
f 547 548 289
f 289 548 285
f 548 549 285
f 285 549 286
f 549 550 286
f 286 550 281
f 550 551 281
f 281 551 278
f 551 552 278
f 278 552 279
f 552 553 279
f 279 553 272
f 553 554 272
f 272 554 274
f 554 555 274
f 274 555 269
f 555 556 269
f 269 556 270
f 556 557 270
f 270 557 265
f 557 558 265
f 265 558 262
f 558 559 262
f 262 559 263
f 559 560 263
f 263 560 256
f 560 561 256
f 256 561 258
f 561 562 258
f 258 562 253
f 562 563 253
f 253 563 254
f 563 564 254
f 254 564 249
f 564 565 249
f 249 565 247
f 565 566 247
f 247 566 445
f 566 567 445
f 445 567 446
f 567 568 446
f 446 568 448
f 568 569 448
f 448 569 450
f 569 570 450
f 450 570 452
f 570 571 452
f 452 571 454
f 571 501 454
f 454 501 456
f 501 503 456
f 456 503 458
f 503 505 458
f 458 505 444
f 505 507 444
f 444 507 442
f 507 509 442
f 442 509 572
f 509 511 572
f 572 511 573
f 511 513 573
f 573 513 574
f 513 515 574
f 574 515 575
f 515 517 575
f 575 517 576
f 517 519 576
f 576 519 577
f 519 578 577
f 579 461 580
f 461 462 580
f 580 462 581
f 462 463 581
f 581 463 582
f 463 464 582
f 582 464 583
f 464 465 583
f 583 465 584
f 465 466 584
f 584 466 585
f 466 467 585
f 585 467 586
f 467 468 586
f 586 468 587
f 468 469 587
f 587 469 588
f 469 470 588
f 588 470 589
f 470 471 589
f 589 471 590
f 471 472 590
f 590 472 591
f 472 473 591
f 591 473 592
f 473 474 592
f 592 474 593
f 474 475 593
f 593 475 594
f 475 476 594
f 594 476 595
f 476 477 595
f 595 477 596
f 477 478 596
f 596 478 597
f 478 479 597
f 597 479 598
f 479 480 598
f 598 480 599
f 480 481 599
f 599 481 600
f 481 482 600
f 600 482 601
f 482 483 601
f 601 483 602
f 483 484 602
f 602 484 603
f 484 485 603
f 603 485 604
f 485 486 604
f 604 486 605
f 486 487 605
f 605 487 606
f 487 488 606
f 606 488 607
f 488 489 607
f 607 489 608
f 489 490 608
f 608 490 609
f 490 491 609
f 609 491 610
f 491 492 610
f 610 492 611
f 492 493 611
f 611 493 612
f 493 494 612
f 612 494 613
f 494 495 613
f 613 495 614
f 495 496 614
f 614 496 615
f 496 497 615
f 615 497 616
f 497 498 616
f 616 498 617
f 498 499 617
f 617 499 618
f 499 500 618
f 618 500 619
f 520 620 521
f 620 621 521
f 521 621 522
f 621 622 522
f 522 622 523
f 622 623 523
f 523 623 524
f 623 624 524
f 524 624 525
f 624 625 525
f 525 625 526
f 625 626 526
f 526 626 527
f 626 627 527
f 527 627 528
f 627 628 528
f 528 628 529
f 628 629 529
f 529 629 530
f 629 630 530
f 530 630 531
f 630 631 531
f 531 631 532
f 631 632 532
f 532 632 533
f 632 633 533
f 533 633 534
f 633 634 534
f 534 634 535
f 634 635 535
f 535 635 536
f 635 636 536
f 536 636 537
f 636 637 537
f 537 637 538
f 637 638 538
f 538 638 539
f 638 639 539
f 539 639 540
f 639 640 540
f 540 640 541
f 640 641 541
f 541 641 542
f 641 642 542
f 542 642 543
f 642 643 543
f 543 643 544
f 643 644 544
f 544 644 545
f 644 645 545
f 545 645 546
f 645 646 546
f 546 646 547
f 646 647 547
f 547 647 548
f 647 648 548
f 548 648 549
f 648 649 549
f 549 649 550
f 649 650 550
f 550 650 551
f 650 651 551
f 551 651 552
f 651 652 552
f 552 652 553
f 652 653 553
f 553 653 554
f 653 654 554
f 554 654 555
f 654 655 555
f 555 655 556
f 655 656 556
f 556 656 557
f 656 657 557
f 557 657 558
f 657 658 558
f 558 658 559
f 658 659 559
f 559 659 560
f 659 660 560
f 560 660 561
f 660 661 561
f 561 661 562
f 661 662 562
f 562 662 563
f 662 663 563
f 563 663 564
f 663 664 564
f 564 664 565
f 664 665 565
f 565 665 566
f 665 666 566
f 566 666 567
f 666 667 567
f 567 667 568
f 667 668 568
f 568 668 569
f 668 669 569
f 569 669 570
f 669 670 570
f 570 670 571
f 670 671 571
f 571 671 501
f 671 672 501
f 501 672 502
f 672 673 502
f 502 673 504
f 673 674 504
f 504 674 506
f 674 675 506
f 506 675 508
f 675 676 508
f 508 676 510
f 676 677 510
f 510 677 512
f 677 678 512
f 512 678 514
f 678 679 514
f 514 679 516
f 679 680 516
f 516 680 518
f 681 579 682
f 579 580 682
f 682 580 683
f 580 581 683
f 683 581 684
f 581 582 684
f 684 582 685
f 582 583 685
f 685 583 686
f 583 584 686
f 686 584 687
f 584 585 687
f 687 585 688
f 585 586 688
f 688 586 689
f 586 587 689
f 689 587 690
f 587 588 690
f 690 588 691
f 588 589 691
f 691 589 692
f 589 590 692
f 692 590 693
f 590 591 693
f 693 591 694
f 591 592 694
f 694 592 695
f 592 593 695
f 695 593 696
f 593 594 696
f 696 594 697
f 594 595 697
f 697 595 698
f 595 596 698
f 698 596 699
f 596 597 699
f 699 597 700
f 597 598 700
f 700 598 701
f 598 599 701
f 701 599 702
f 599 600 702
f 702 600 703
f 600 601 703
f 703 601 704
f 601 602 704
f 704 602 705
f 602 603 705
f 705 603 706
f 603 604 706
f 706 604 707
f 604 605 707
f 707 605 708
f 605 606 708
f 708 606 709
f 606 607 709
f 709 607 710
f 607 608 710
f 710 608 711
f 608 609 711
f 711 609 712
f 609 610 712
f 712 610 713
f 610 611 713
f 713 611 714
f 611 612 714
f 714 612 715
f 612 613 715
f 715 613 716
f 613 614 716
f 716 614 717
f 614 615 717
f 717 615 718
f 615 616 718
f 718 616 719
f 616 617 719
f 719 617 720
f 617 618 720
f 720 618 721
f 618 619 721
f 721 619 722
f 620 723 621
f 723 724 621
f 621 724 622
f 724 725 622
f 622 725 623
f 725 726 623
f 623 726 624
f 726 727 624
f 624 727 625
f 727 728 625
f 625 728 626
f 728 729 626
f 626 729 627
f 729 730 627
f 627 730 628
f 730 731 628
f 628 731 629
f 731 732 629
f 629 732 630
f 732 733 630
f 630 733 631
f 733 734 631
f 631 734 632
f 734 735 632
f 632 735 633
f 735 736 633
f 633 736 634
f 736 737 634
f 634 737 635
f 737 738 635
f 635 738 636
f 738 739 636
f 636 739 637
f 739 740 637
f 637 740 638
f 740 741 638
f 638 741 639
f 741 742 639
f 639 742 640
f 742 743 640
f 640 743 641
f 743 744 641
f 641 744 642
f 744 745 642
f 642 745 643
f 745 746 643
f 643 746 644
f 746 747 644
f 644 747 645
f 747 748 645
f 645 748 646
f 748 749 646
f 646 749 647
f 749 750 647
f 647 750 648
f 750 751 648
f 648 751 649
f 751 752 649
f 649 752 650
f 752 753 650
f 650 753 651
f 753 754 651
f 651 754 652
f 754 755 652
f 652 755 653
f 755 756 653
f 653 756 654
f 756 757 654
f 654 757 655
f 757 758 655
f 655 758 656
f 758 759 656
f 656 759 657
f 759 760 657
f 657 760 658
f 760 761 658
f 658 761 659
f 761 762 659
f 659 762 660
f 762 763 660
f 660 763 661
f 763 764 661
f 661 764 662
f 764 765 662
f 662 765 663
f 765 766 663
f 663 766 664
f 766 767 664
f 664 767 665
f 767 768 665
f 665 768 666
f 768 769 666
f 666 769 667
f 769 770 667
f 667 770 668
f 770 771 668
f 668 771 669
f 771 772 669
f 669 772 670
f 772 773 670
f 670 773 671
f 773 774 671
f 671 774 672
f 774 775 672
f 672 775 673
f 775 776 673
f 673 776 674
f 776 777 674
f 674 777 675
f 777 778 675
f 675 778 676
f 778 779 676
f 676 779 677
f 779 780 677
f 677 780 678
f 780 781 678
f 678 781 679
f 781 782 679
f 679 782 680
f 783 681 784
f 681 682 784
f 784 682 785
f 682 683 785
f 785 683 786
f 683 684 786
f 786 684 787
f 684 685 787
f 787 685 788
f 685 686 788
f 788 686 789
f 686 687 789
f 789 687 790
f 687 688 790
f 790 688 791
f 688 689 791
f 791 689 792
f 689 690 792
f 792 690 793
f 690 691 793
f 793 691 794
f 691 692 794
f 794 692 795
f 692 693 795
f 795 693 796
f 693 694 796
f 796 694 797
f 694 695 797
f 797 695 798
f 695 696 798
f 798 696 799
f 696 697 799
f 799 697 800
f 697 698 800
f 800 698 801
f 698 699 801
f 801 699 802
f 699 700 802
f 802 700 803
f 700 701 803
f 803 701 804
f 701 702 804
f 804 702 805
f 702 703 805
f 805 703 806
f 703 704 806
f 806 704 807
f 704 705 807
f 807 705 808
f 705 706 808
f 808 706 809
f 706 707 809
f 809 707 810
f 707 708 810
f 810 708 811
f 708 709 811
f 811 709 812
f 709 710 812
f 812 710 813
f 710 711 813
f 813 711 814
f 711 712 814
f 814 712 815
f 712 713 815
f 815 713 816
f 713 714 816
f 816 714 817
f 714 715 817
f 817 715 818
f 715 716 818
f 818 716 819
f 716 717 819
f 819 717 820
f 717 718 820
f 820 718 821
f 718 719 821
f 821 719 822
f 719 720 822
f 822 720 823
f 720 721 823
f 823 721 824
f 721 722 824
f 824 722 825
f 723 826 724
f 826 827 724
f 724 827 725
f 827 828 725
f 725 828 726
f 828 829 726
f 726 829 727
f 829 830 727
f 727 830 728
f 830 831 728
f 728 831 729
f 831 832 729
f 729 832 730
f 832 833 730
f 730 833 731
f 833 834 731
f 731 834 732
f 834 835 732
f 732 835 733
f 835 836 733
f 733 836 734
f 836 837 734
f 734 837 735
f 837 838 735
f 735 838 736
f 838 839 736
f 736 839 737
f 839 840 737
f 737 840 738
f 840 841 738
f 738 841 739
f 841 842 739
f 739 842 740
f 842 843 740
f 740 843 741
f 843 844 741
f 741 844 742
f 844 845 742
f 742 845 743
f 845 846 743
f 743 846 744
f 846 847 744
f 744 847 745
f 847 848 745
f 745 848 746
f 848 849 746
f 746 849 747
f 849 850 747
f 747 850 748
f 850 851 748
f 748 851 749
f 851 852 749
f 749 852 750
f 852 853 750
f 750 853 751
f 853 854 751
f 751 854 752
f 854 855 752
f 752 855 753
f 855 856 753
f 753 856 754
f 856 857 754
f 754 857 755
f 857 858 755
f 755 858 756
f 858 859 756
f 756 859 757
f 859 860 757
f 757 860 758
f 860 861 758
f 758 861 759
f 861 862 759
f 759 862 760
f 862 863 760
f 760 863 761
f 863 864 761
f 761 864 762
f 864 865 762
f 762 865 763
f 865 866 763
f 763 866 764
f 866 867 764
f 764 867 765
f 867 868 765
f 765 868 766
f 868 869 766
f 766 869 767
f 869 870 767
f 767 870 768
f 870 871 768
f 768 871 769
f 871 872 769
f 769 872 770
f 872 873 770
f 770 873 771
f 873 874 771
f 771 874 772
f 874 875 772
f 772 875 773
f 875 876 773
f 773 876 774
f 876 877 774
f 774 877 775
f 877 878 775
f 775 878 776
f 878 879 776
f 776 879 777
f 879 880 777
f 777 880 778
f 880 881 778
f 778 881 779
f 881 882 779
f 779 882 780
f 882 883 780
f 780 883 781
f 883 884 781
f 781 884 782
f 885 886 887
f 886 888 887
f 887 888 889
f 888 890 889
f 889 890 891
f 892 893 894
f 893 895 894
f 894 895 896
f 895 897 896
f 896 897 898
f 897 899 898
f 898 899 900
f 899 901 900
f 900 901 902
f 901 903 902
f 902 903 904
f 903 905 904
f 904 905 906
f 905 907 906
f 906 907 908
f 907 909 908
f 908 909 910
f 909 911 910
f 910 911 912
f 911 913 912
f 912 913 914
f 913 915 914
f 914 915 916
f 915 917 916
f 916 917 918
f 917 919 918
f 918 919 920
f 919 921 920
f 920 921 922
f 921 923 922
f 922 923 924
f 923 925 924
f 924 925 926
f 925 927 926
f 926 927 928
f 927 929 928
f 928 929 825
f 929 930 825
f 825 930 824
f 930 931 824
f 824 931 823
f 931 932 823
f 823 932 822
f 932 933 822
f 822 933 821
f 933 934 821
f 821 934 820
f 934 935 820
f 820 935 819
f 935 936 819
f 819 936 818
f 936 937 818
f 818 937 817
f 937 938 817
f 817 938 816
f 938 939 816
f 816 939 815
f 939 940 815
f 815 940 814
f 940 941 814
f 814 941 813
f 941 942 813
f 813 942 812
f 942 943 812
f 812 943 811
f 943 944 811
f 811 944 810
f 944 945 810
f 810 945 809
f 945 946 809
f 809 946 808
f 946 947 808
f 808 947 807
f 947 948 807
f 807 948 806
f 948 949 806
f 806 949 805
f 949 950 805
f 805 950 804
f 950 951 804
f 804 951 803
f 951 952 803
f 803 952 802
f 952 953 802
f 802 953 801
f 953 954 801
f 801 954 800
f 954 955 800
f 800 955 799
f 955 956 799
f 799 956 798
f 956 957 798
f 798 957 797
f 957 958 797
f 797 958 796
f 958 959 796
f 796 959 795
f 959 960 795
f 795 960 794
f 960 961 794
f 794 961 793
f 961 962 793
f 793 962 792
f 962 963 792
f 792 963 791
f 963 964 791
f 791 964 790
f 964 965 790
f 790 965 789
f 965 966 789
f 789 966 788
f 966 967 788
f 788 967 787
f 967 885 787
f 787 885 786
f 885 887 786
f 786 887 785
f 887 889 785
f 785 889 784
f 889 891 784
f 784 891 783
f 440 578 441
f 578 519 441
f 441 519 500
f 519 518 500
f 500 518 619
f 518 680 619
f 619 680 722
f 680 782 722
f 722 782 825
f 782 884 825
f 825 884 928
f 884 883 928
f 928 883 926
f 883 882 926
f 926 882 924
f 882 881 924
f 924 881 922
f 881 880 922
f 922 880 920
f 880 879 920
f 920 879 918
f 879 878 918
f 918 878 916
f 878 877 916
f 916 877 914
f 877 876 914
f 914 876 912
f 876 875 912
f 912 875 910
f 875 874 910
f 910 874 908
f 874 873 908
f 908 873 906
f 873 872 906
f 906 872 904
f 872 871 904
f 904 871 902
f 871 870 902
f 902 870 900
f 870 869 900
f 900 869 898
f 869 868 898
f 898 868 896
f 868 867 896
f 896 867 894
f 867 866 894
f 894 866 892
f 866 865 892
f 892 865 968
f 865 864 968
f 968 864 969
f 864 863 969
f 969 863 970
f 863 862 970
f 970 862 971
f 862 861 971
f 971 861 972
f 861 860 972
f 972 860 973
f 860 859 973
f 973 859 974
f 859 858 974
f 974 858 975
f 858 857 975
f 975 857 976
f 857 856 976
f 976 856 977
f 856 855 977
f 977 855 978
f 855 854 978
f 978 854 979
f 854 853 979
f 979 853 980
f 853 852 980
f 980 852 981
f 852 851 981
f 981 851 982
f 851 850 982
f 982 850 983
f 850 849 983
f 983 849 984
f 849 848 984
f 984 848 985
f 848 847 985
f 985 847 986
f 847 846 986
f 986 846 987
f 846 845 987
f 987 845 988
f 845 844 988
f 988 844 989
f 844 843 989
f 989 843 990
f 843 842 990
f 990 842 991
f 842 841 991
f 991 841 992
f 841 840 992
f 992 840 993
f 840 839 993
f 993 839 994
f 839 838 994
f 994 838 995
f 838 837 995
f 995 837 996
f 837 836 996
f 996 836 997
f 836 835 997
f 997 835 998
f 835 834 998
f 998 834 999
f 834 833 999
f 999 833 1000
f 833 832 1000
f 1000 832 1001
f 832 831 1001
f 1001 831 1002
f 831 830 1002
f 1002 830 1003
f 830 829 1003
f 1003 829 1004
f 829 828 1004
f 1004 828 1005
f 828 827 1005
f 1005 827 1006
f 827 826 1006
f 1006 826 1007
f 1008 1009 1010
f 1009 1011 1010
f 1010 1011 1012
f 1011 1013 1012
f 1012 1013 1014
f 1013 1015 1014
f 1014 1015 1016
f 1015 1017 1016
f 1016 1017 1018
f 1017 1019 1018
f 1018 1019 1020
f 1019 1021 1020
f 1020 1021 1022
f 1021 1023 1022
f 1022 1023 1024
f 1023 1025 1024
f 1024 1025 1026
f 1025 1027 1026
f 1026 1027 1028
f 1027 1029 1028
f 1028 1029 1030
f 1029 1031 1030
f 1030 1031 1032
f 1031 1033 1032
f 1032 1033 1034
f 1033 1035 1034
f 1034 1035 1036
f 1035 1037 1036
f 1036 1037 1038
f 1037 1039 1038
f 1038 1039 1040
f 1039 1041 1040
f 1007 1042 1043
f 1007 1043 1006
f 1043 1044 1006
f 1006 1044 1005
f 1044 1045 1005
f 1005 1045 1004
f 1045 1046 1004
f 1004 1046 1003
f 1046 1047 1003
f 1003 1047 1002
f 1047 1048 1002
f 1002 1048 1001
f 1048 1049 1001
f 1001 1049 1000
f 1049 1050 1000
f 1000 1050 999
f 1050 1051 999
f 999 1051 998
f 1051 1052 998
f 998 1052 997
f 1052 1053 997
f 997 1053 996
f 1053 1054 996
f 996 1054 995
f 1054 1055 995
f 995 1055 994
f 1055 1056 994
f 994 1056 993
f 1056 1057 993
f 993 1057 992
f 1057 1058 992
f 992 1058 991
f 1058 1059 991
f 991 1059 990
f 1059 1060 990
f 990 1060 989
f 1060 1061 989
f 989 1061 988
f 1061 1062 988
f 988 1062 987
f 1062 1063 987
f 987 1063 986
f 1063 1064 986
f 986 1064 985
f 1064 1065 985
f 985 1065 984
f 1065 1066 984
f 984 1066 983
f 1066 1067 983
f 983 1067 982
f 1067 1068 982
f 982 1068 981
f 1068 1069 981
f 981 1069 980
f 1069 1070 980
f 980 1070 979
f 1070 1071 979
f 979 1071 978
f 1071 1072 978
f 978 1072 977
f 1072 1073 977
f 977 1073 976
f 1073 1074 976
f 976 1074 975
f 1074 1075 975
f 975 1075 974
f 1075 1076 974
f 974 1076 973
f 1076 1077 973
f 973 1077 972
f 1077 1078 972
f 972 1078 971
f 1078 1079 971
f 971 1079 970
f 1079 1080 970
f 970 1080 969
f 1080 1081 969
f 969 1081 968
f 1081 1082 968
f 968 1082 892
f 1082 1041 892
f 892 1041 893
f 1041 1039 893
f 893 1039 895
f 1039 1037 895
f 895 1037 897
f 1037 1035 897
f 897 1035 899
f 1035 1033 899
f 899 1033 901
f 1033 1031 901
f 901 1031 903
f 1031 1029 903
f 903 1029 905
f 1029 1027 905
f 905 1027 907
f 1027 1025 907
f 907 1025 909
f 1025 1023 909
f 909 1023 911
f 1023 1021 911
f 911 1021 913
f 1021 1019 913
f 913 1019 915
f 1019 1017 915
f 915 1017 917
f 1017 1015 917
f 917 1015 919
f 1015 1013 919
f 919 1013 921
f 1013 1011 921
f 921 1011 923
f 1011 1009 923
f 923 1009 925
f 1009 1008 925
f 925 1008 927
f 1008 1083 927
f 927 1083 929
f 1083 1084 929
f 929 1084 930
f 1084 1085 930
f 930 1085 931
f 1085 1086 931
f 931 1086 932
f 1086 1087 932
f 932 1087 933
f 1087 1088 933
f 933 1088 934
f 1088 1089 934
f 934 1089 935
f 1089 1090 935
f 935 1090 936
f 1090 1091 936
f 936 1091 937
f 1091 1092 937
f 937 1092 938
f 1092 1093 938
f 938 1093 939
f 1093 1094 939
f 939 1094 940
f 1094 1095 940
f 940 1095 941
f 1095 1096 941
f 941 1096 942
f 1096 1097 942
f 942 1097 943
f 1097 1098 943
f 943 1098 944
f 1098 1099 944
f 944 1099 945
f 1099 1100 945
f 945 1100 946
f 1100 1101 946
f 946 1101 947
f 1101 1102 947
f 947 1102 948
f 1102 1103 948
f 948 1103 949
f 1103 1104 949
f 949 1104 950
f 1104 1105 950
f 950 1105 951
f 1105 1106 951
f 951 1106 952
f 1106 1107 952
f 952 1107 953
f 1107 1108 953
f 953 1108 954
f 1108 1109 954
f 954 1109 955
f 1109 1110 955
f 955 1110 956
f 1110 1111 956
f 956 1111 957
f 1111 1112 957
f 957 1112 958
f 1112 1113 958
f 958 1113 959
f 1113 1114 959
f 959 1114 960
f 1114 1115 960
f 960 1115 961
f 1115 1116 961
f 961 1116 962
f 1116 1117 962
f 962 1117 963
f 1117 1118 963
f 963 1118 964
f 1118 1119 964
f 964 1119 965
f 1119 1120 965
f 965 1120 966
f 1120 1121 966
f 966 1121 967
f 1121 1122 967
f 967 1122 885
f 1122 1123 885
f 885 1123 886
f 1123 1124 886
f 886 1124 888
f 1124 1125 888
f 888 1125 890
f 1042 1126 1127
f 1042 1127 1043
f 1127 1128 1043
f 1043 1128 1044
f 1128 1129 1044
f 1044 1129 1045
f 1129 1130 1045
f 1045 1130 1046
f 1130 1131 1046
f 1046 1131 1047
f 1131 1132 1047
f 1047 1132 1048
f 1132 1133 1048
f 1048 1133 1049
f 1133 1134 1049
f 1049 1134 1050
f 1134 1135 1050
f 1050 1135 1051
f 1135 1136 1051
f 1051 1136 1052
f 1136 1137 1052
f 1052 1137 1053
f 1137 1138 1053
f 1053 1138 1054
f 1138 1139 1054
f 1054 1139 1055
f 1139 1140 1055
f 1055 1140 1056
f 1140 1141 1056
f 1056 1141 1057
f 1141 1142 1057
f 1057 1142 1058
f 1142 1143 1058
f 1058 1143 1059
f 1143 1144 1059
f 1059 1144 1060
f 1144 1145 1060
f 1060 1145 1061
f 1145 1146 1061
f 1061 1146 1062
f 1146 1147 1062
f 1062 1147 1063
f 1147 1148 1063
f 1063 1148 1064
f 1148 1149 1064
f 1064 1149 1065
f 1149 1150 1065
f 1065 1150 1066
f 1150 1151 1066
f 1066 1151 1067
f 1151 1152 1067
f 1067 1152 1068
f 1152 1153 1068
f 1068 1153 1069
f 1153 1154 1069
f 1069 1154 1070
f 1154 1155 1070
f 1070 1155 1071
f 1155 1156 1071
f 1071 1156 1072
f 1156 1157 1072
f 1072 1157 1073
f 1157 1158 1073
f 1073 1158 1074
f 1158 1159 1074
f 1074 1159 1075
f 1159 1160 1075
f 1075 1160 1076
f 1160 1161 1076
f 1076 1161 1077
f 1161 1162 1077
f 1077 1162 1078
f 1162 1163 1078
f 1078 1163 1079
f 1163 1164 1079
f 1079 1164 1080
f 1164 1165 1080
f 1080 1165 1081
f 1165 1166 1081
f 1081 1166 1082
f 1166 1167 1082
f 1082 1167 1041
f 1167 1168 1041
f 1041 1168 1040
f 1168 1169 1040
f 1040 1169 1038
f 1169 1170 1038
f 1038 1170 1036
f 1170 1171 1036
f 1036 1171 1034
f 1171 1172 1034
f 1034 1172 1032
f 1172 1173 1032
f 1032 1173 1030
f 1173 1174 1030
f 1030 1174 1028
f 1174 1175 1028
f 1028 1175 1026
f 1175 1176 1026
f 1026 1176 1024
f 1176 1177 1024
f 1024 1177 1022
f 1177 1178 1022
f 1022 1178 1020
f 1178 1179 1020
f 1020 1179 1018
f 1179 1180 1018
f 1018 1180 1016
f 1180 1181 1016
f 1016 1181 1014
f 1181 1182 1014
f 1014 1182 1012
f 1182 1183 1012
f 1012 1183 1010
f 1183 1184 1010
f 1010 1184 1008
f 1184 1185 1008
f 1008 1185 1083
f 1185 1186 1083
f 1083 1186 1084
f 1186 1187 1084
f 1084 1187 1085
f 1187 1188 1085
f 1085 1188 1086
f 1188 1189 1086
f 1086 1189 1087
f 1189 1190 1087
f 1087 1190 1088
f 1190 1191 1088
f 1088 1191 1089
f 1191 1192 1089
f 1089 1192 1090
f 1192 1193 1090
f 1090 1193 1091
f 1193 1194 1091
f 1091 1194 1092
f 1194 1195 1092
f 1092 1195 1093
f 1195 1196 1093
f 1093 1196 1094
f 1196 1197 1094
f 1094 1197 1095
f 1197 1198 1095
f 1095 1198 1096
f 1198 1199 1096
f 1096 1199 1097
f 1199 1200 1097
f 1097 1200 1098
f 1200 1201 1098
f 1098 1201 1099
f 1201 1202 1099
f 1099 1202 1100
f 1202 1203 1100
f 1100 1203 1101
f 1203 1204 1101
f 1101 1204 1102
f 1204 1205 1102
f 1102 1205 1103
f 1205 1206 1103
f 1103 1206 1104
f 1206 1207 1104
f 1104 1207 1105
f 1207 1208 1105
f 1105 1208 1106
f 1208 1209 1106
f 1106 1209 1107
f 1209 1210 1107
f 1107 1210 1108
f 1210 1211 1108
f 1108 1211 1109
f 1211 1212 1109
f 1109 1212 1110
f 1212 1213 1110
f 1110 1213 1111
f 1213 1214 1111
f 1111 1214 1112
f 1214 1215 1112
f 1112 1215 1113
f 1215 1216 1113
f 1113 1216 1114
f 1216 1217 1114
f 1114 1217 1115
f 1217 1218 1115
f 1115 1218 1116
f 1218 1219 1116
f 1116 1219 1117
f 1219 1220 1117
f 1117 1220 1118
f 1220 1221 1118
f 1118 1221 1119
f 1221 1222 1119
f 1119 1222 1120
f 1222 1223 1120
f 1120 1223 1121
f 1223 1224 1121
f 1121 1224 1122
f 1224 1225 1122
f 1122 1225 1123
f 1225 1226 1123
f 1123 1226 1124
f 1226 1227 1124
f 1124 1227 1125
f 1224 1228 1225
f 1228 1229 1225
f 1225 1229 1226
f 1229 1230 1226
f 1226 1230 1227
f 1230 1126 1227
f 1227 1126 1125
f 1126 1042 1125
f 1125 1042 890
f 1042 1007 890
f 890 1007 891
f 1007 826 891
f 891 826 783
f 826 723 783
f 783 723 681
f 723 620 681
f 681 620 579
f 620 520 579
f 579 520 461
f 520 351 461
f 461 351 355
f 351 350 355
f 355 350 356
f 1176 1231 1177
f 1231 1232 1177
f 1177 1232 1178
f 1232 1233 1178
f 1178 1233 1179
f 1233 1234 1179
f 1179 1234 1180
f 1234 1235 1180
f 1180 1235 1181
f 1235 1236 1181
f 1181 1236 1182
f 1236 1237 1182
f 1182 1237 1183
f 1237 1238 1183
f 1183 1238 1184
f 1238 1239 1184
f 1184 1239 1185
f 1239 1240 1185
f 1185 1240 1186
f 1240 1241 1186
f 1186 1241 1187
f 1241 1242 1187
f 1187 1242 1188
f 1242 1243 1188
f 1188 1243 1189
f 1243 1244 1189
f 1189 1244 1190
f 1244 1245 1190
f 1190 1245 1191
f 1245 1246 1191
f 1191 1246 1192
f 1246 1247 1192
f 1192 1247 1193
f 1247 1248 1193
f 1193 1248 1194
f 1248 1249 1194
f 1194 1249 1195
f 1249 1250 1195
f 1195 1250 1196
f 1250 1251 1196
f 1196 1251 1197
f 1251 1252 1197
f 1197 1252 1198
f 1252 1253 1198
f 1198 1253 1199
f 1253 1254 1199
f 1199 1254 1200
f 1254 1255 1200
f 1200 1255 1201
f 1255 1256 1201
f 1201 1256 1202
f 1256 1257 1202
f 1202 1257 1203
f 1257 1258 1203
f 1203 1258 1204
f 1258 1259 1204
f 1204 1259 1205
f 1259 1260 1205
f 1205 1260 1206
f 1260 1261 1206
f 1206 1261 1207
f 1261 1262 1207
f 1207 1262 1208
f 1262 1263 1208
f 1208 1263 1209
f 1263 1264 1209
f 1209 1264 1210
f 1264 1265 1210
f 1210 1265 1211
f 1265 1266 1211
f 1211 1266 1212
f 1266 1267 1212
f 1212 1267 1213
f 1267 1268 1213
f 1213 1268 1214
f 1268 1269 1214
f 1214 1269 1215
f 1269 1270 1215
f 1215 1270 1216
f 1270 1271 1216
f 1216 1271 1217
f 1271 1272 1217
f 1217 1272 1218
f 1272 1273 1218
f 1218 1273 1219
f 1273 1274 1219
f 1219 1274 1220
f 1274 1275 1220
f 1220 1275 1221
f 1275 1276 1221
f 1221 1276 1222
f 1276 1277 1222
f 1222 1277 1223
f 1277 1278 1223
f 1223 1278 1224
f 1278 1279 1224
f 1224 1279 1228
f 1279 1280 1228
f 1228 1280 1229
f 1280 1281 1229
f 1229 1281 1230
f 1281 1282 1230
f 1230 1282 1126
f 1282 1283 1126
f 1126 1283 1127
f 1283 1284 1127
f 1127 1284 1128
f 1284 1285 1128
f 1128 1285 1129
f 1285 1286 1129
f 1129 1286 1130
f 1286 1287 1130
f 1130 1287 1131
f 1287 1288 1131
f 1131 1288 1132
f 1288 1289 1132
f 1132 1289 1133
f 1289 1290 1133
f 1133 1290 1134
f 1290 1291 1134
f 1134 1291 1135
f 1291 1292 1135
f 1135 1292 1136
f 1292 1293 1136
f 1136 1293 1137
f 1293 1294 1137
f 1137 1294 1138
f 1294 1295 1138
f 1138 1295 1139
f 1295 1296 1139
f 1139 1296 1140
f 1296 1297 1140
f 1140 1297 1141
f 1297 1298 1141
f 1141 1298 1142
f 1298 1299 1142
f 1142 1299 1143
f 1299 1300 1143
f 1143 1300 1144
f 1300 1301 1144
f 1144 1301 1145
f 1301 1302 1145
f 1145 1302 1146
f 1302 1303 1146
f 1146 1303 1147
f 1303 1304 1147
f 1147 1304 1148
f 1304 1305 1148
f 1148 1305 1149
f 1305 1306 1149
f 1149 1306 1150
f 1306 1307 1150
f 1150 1307 1151
f 1307 1308 1151
f 1151 1308 1152
f 1308 1309 1152
f 1152 1309 1153
f 1309 1310 1153
f 1153 1310 1154
f 1310 1311 1154
f 1154 1311 1155
f 1311 1312 1155
f 1155 1312 1156
f 1312 1313 1156
f 1156 1313 1157
f 1313 1314 1157
f 1157 1314 1158
f 1314 1315 1158
f 1158 1315 1159
f 1315 1316 1159
f 1159 1316 1160
f 1316 1317 1160
f 1160 1317 1161
f 1317 1318 1161
f 1161 1318 1162
f 1318 1319 1162
f 1162 1319 1163
f 1319 1320 1163
f 1163 1320 1164
f 1320 1321 1164
f 1164 1321 1165
f 1321 1322 1165
f 1165 1322 1166
f 1322 1323 1166
f 1166 1323 1167
f 1323 1324 1167
f 1167 1324 1168
f 1324 1325 1168
f 1168 1325 1169
f 1325 1326 1169
f 1169 1326 1170
f 1326 1327 1170
f 1170 1327 1171
f 1327 1328 1171
f 1171 1328 1172
f 1328 1329 1172
f 1172 1329 1173
f 1329 1330 1173
f 1173 1330 1174
f 1330 1331 1174
f 1174 1331 1175
f 1331 1332 1175
f 1175 1332 1176
f 1332 1231 1176
f 1332 1333 1231
f 1333 1334 1231
f 1231 1334 1232
f 1334 1335 1232
f 1232 1335 1233
f 1335 1336 1233
f 1233 1336 1234
f 1336 1337 1234
f 1234 1337 1235
f 1337 1338 1235
f 1235 1338 1236
f 1338 1339 1236
f 1236 1339 1237
f 1339 1340 1237
f 1237 1340 1238
f 1340 1341 1238
f 1238 1341 1239
f 1341 1342 1239
f 1239 1342 1240
f 1342 1343 1240
f 1240 1343 1241
f 1343 1344 1241
f 1241 1344 1242
f 1344 1345 1242
f 1242 1345 1243
f 1345 1346 1243
f 1243 1346 1244
f 1346 1347 1244
f 1244 1347 1245
f 1347 1348 1245
f 1245 1348 1246
f 1348 1349 1246
f 1246 1349 1247
f 1349 1350 1247
f 1247 1350 1248
f 1350 1351 1248
f 1248 1351 1249
f 1351 1352 1249
f 1249 1352 1250
f 1352 1353 1250
f 1250 1353 1251
f 1353 1354 1251
f 1251 1354 1252
f 1354 1355 1252
f 1252 1355 1253
f 1355 1356 1253
f 1253 1356 1254
f 1356 1357 1254
f 1254 1357 1255
f 1357 1358 1255
f 1255 1358 1256
f 1358 1359 1256
f 1256 1359 1257
f 1359 1360 1257
f 1257 1360 1258
f 1360 1361 1258
f 1258 1361 1259
f 1361 1362 1259
f 1259 1362 1260
f 1362 1363 1260
f 1260 1363 1261
f 1363 1364 1261
f 1261 1364 1262
f 1364 1365 1262
f 1262 1365 1263
f 1365 1366 1263
f 1263 1366 1264
f 1366 1367 1264
f 1264 1367 1265
f 1367 1368 1265
f 1265 1368 1266
f 1368 1369 1266
f 1266 1369 1267
f 1369 1370 1267
f 1267 1370 1268
f 1370 1371 1268
f 1268 1371 1269
f 1371 1372 1269
f 1269 1372 1270
f 1372 1373 1270
f 1270 1373 1271
f 1373 1374 1271
f 1271 1374 1272
f 1374 1375 1272
f 1272 1375 1273
f 1375 1376 1273
f 1273 1376 1274
f 1376 1377 1274
f 1274 1377 1275
f 1377 1378 1275
f 1275 1378 1276
f 1378 1379 1276
f 1276 1379 1277
f 1379 1380 1277
f 1277 1380 1278
f 1380 1381 1278
f 1278 1381 1279
f 1381 1382 1279
f 1279 1382 1280
f 1382 1383 1280
f 1280 1383 1281
f 1383 1384 1281
f 1281 1384 1282
f 1384 1385 1282
f 1282 1385 1283
f 1385 1386 1283
f 1283 1386 1284
f 1386 1387 1284
f 1284 1387 1285
f 1387 1388 1285
f 1285 1388 1286
f 1388 1389 1286
f 1286 1389 1287
f 1389 1390 1287
f 1287 1390 1288
f 1390 1391 1288
f 1288 1391 1289
f 1391 1392 1289
f 1289 1392 1290
f 1392 1393 1290
f 1290 1393 1291
f 1393 1394 1291
f 1291 1394 1292
f 1394 1395 1292
f 1292 1395 1293
f 1395 1396 1293
f 1293 1396 1294
f 1396 1397 1294
f 1294 1397 1295
f 1397 1398 1295
f 1295 1398 1296
f 1398 1399 1296
f 1296 1399 1297
f 1399 1400 1297
f 1297 1400 1298
f 1400 1401 1298
f 1298 1401 1299
f 1401 1402 1299
f 1299 1402 1300
f 1402 1403 1300
f 1300 1403 1301
f 1403 1404 1301
f 1301 1404 1302
f 1404 1405 1302
f 1302 1405 1303
f 1405 1406 1303
f 1303 1406 1304
f 1406 1407 1304
f 1304 1407 1305
f 1407 1408 1305
f 1305 1408 1306
f 1408 1409 1306
f 1306 1409 1307
f 1409 1410 1307
f 1307 1410 1308
f 1410 1411 1308
f 1308 1411 1309
f 1411 1412 1309
f 1309 1412 1310
f 1412 1413 1310
f 1310 1413 1311
f 1413 1414 1311
f 1311 1414 1312
f 1414 1415 1312
f 1312 1415 1313
f 1415 1416 1313
f 1313 1416 1314
f 1416 1417 1314
f 1314 1417 1315
f 1417 1418 1315
f 1315 1418 1316
f 1418 1419 1316
f 1316 1419 1317
f 1419 1420 1317
f 1317 1420 1318
f 1420 1421 1318
f 1318 1421 1319
f 1421 1422 1319
f 1319 1422 1320
f 1422 1423 1320
f 1320 1423 1321
f 1423 1424 1321
f 1321 1424 1322
f 1424 1425 1322
f 1322 1425 1323
f 1425 1426 1323
f 1323 1426 1324
f 1426 1427 1324
f 1324 1427 1325
f 1427 1428 1325
f 1325 1428 1326
f 1428 1429 1326
f 1326 1429 1327
f 1429 1430 1327
f 1327 1430 1328
f 1430 1431 1328
f 1328 1431 1329
f 1431 1432 1329
f 1329 1432 1330
f 1432 1433 1330
f 1330 1433 1331
f 1433 1434 1331
f 1331 1434 1332
f 1434 1333 1332
f 1434 1435 1333
f 1435 1436 1333
f 1333 1436 1334
f 1436 1437 1334
f 1334 1437 1335
f 1437 1438 1335
f 1335 1438 1336
f 1438 1439 1336
f 1336 1439 1337
f 1439 1440 1337
f 1337 1440 1338
f 1440 1441 1338
f 1338 1441 1339
f 1441 1442 1339
f 1339 1442 1340
f 1442 1443 1340
f 1340 1443 1341
f 1443 1444 1341
f 1341 1444 1342
f 1444 1445 1342
f 1342 1445 1343
f 1445 1446 1343
f 1343 1446 1344
f 1446 1447 1344
f 1344 1447 1345
f 1447 1448 1345
f 1345 1448 1346
f 1448 1449 1346
f 1346 1449 1347
f 1449 1450 1347
f 1347 1450 1348
f 1450 1451 1348
f 1348 1451 1349
f 1451 1452 1349
f 1349 1452 1350
f 1452 1453 1350
f 1350 1453 1351
f 1453 1454 1351
f 1351 1454 1352
f 1454 1455 1352
f 1352 1455 1353
f 1455 1456 1353
f 1353 1456 1354
f 1456 1457 1354
f 1354 1457 1355
f 1457 1458 1355
f 1355 1458 1356
f 1458 1459 1356
f 1356 1459 1357
f 1459 1460 1357
f 1357 1460 1358
f 1460 1461 1358
f 1358 1461 1359
f 1461 1462 1359
f 1359 1462 1360
f 1462 1463 1360
f 1360 1463 1361
f 1463 1464 1361
f 1361 1464 1362
f 1464 1465 1362
f 1362 1465 1363
f 1465 1466 1363
f 1363 1466 1364
f 1466 1467 1364
f 1364 1467 1365
f 1467 1468 1365
f 1365 1468 1366
f 1468 1469 1366
f 1366 1469 1367
f 1469 1470 1367
f 1367 1470 1368
f 1470 1471 1368
f 1368 1471 1369
f 1471 1472 1369
f 1369 1472 1370
f 1472 1473 1370
f 1370 1473 1371
f 1473 1474 1371
f 1371 1474 1372
f 1474 1475 1372
f 1372 1475 1373
f 1475 1476 1373
f 1373 1476 1374
f 1476 1477 1374
f 1374 1477 1375
f 1477 1478 1375
f 1375 1478 1376
f 1478 1479 1376
f 1376 1479 1377
f 1479 1480 1377
f 1377 1480 1378
f 1480 1481 1378
f 1378 1481 1379
f 1481 1482 1379
f 1379 1482 1380
f 1482 1483 1380
f 1380 1483 1381
f 1483 1484 1381
f 1381 1484 1382
f 1484 1485 1382
f 1382 1485 1383
f 1485 1486 1383
f 1383 1486 1384
f 1486 1487 1384
f 1384 1487 1385
f 1487 1488 1385
f 1385 1488 1386
f 1488 1489 1386
f 1386 1489 1387
f 1489 1490 1387
f 1387 1490 1388
f 1490 1491 1388
f 1388 1491 1389
f 1491 1492 1389
f 1389 1492 1390
f 1492 1493 1390
f 1390 1493 1391
f 1493 1494 1391
f 1391 1494 1392
f 1494 1495 1392
f 1392 1495 1393
f 1495 1496 1393
f 1393 1496 1394
f 1496 1497 1394
f 1394 1497 1395
f 1497 1498 1395
f 1395 1498 1396
f 1498 1499 1396
f 1396 1499 1397
f 1499 1500 1397
f 1397 1500 1398
f 1500 1501 1398
f 1398 1501 1399
f 1501 1502 1399
f 1399 1502 1400
f 1502 1503 1400
f 1400 1503 1401
f 1503 1504 1401
f 1401 1504 1402
f 1504 1505 1402
f 1402 1505 1403
f 1505 1506 1403
f 1403 1506 1404
f 1506 1507 1404
f 1404 1507 1405
f 1507 1508 1405
f 1405 1508 1406
f 1508 1509 1406
f 1406 1509 1407
f 1509 1510 1407
f 1407 1510 1408
f 1510 1511 1408
f 1408 1511 1409
f 1511 1512 1409
f 1409 1512 1410
f 1512 1513 1410
f 1410 1513 1411
f 1513 1514 1411
f 1411 1514 1412
f 1514 1515 1412
f 1412 1515 1413
f 1515 1516 1413
f 1413 1516 1414
f 1516 1517 1414
f 1414 1517 1415
f 1517 1518 1415
f 1415 1518 1416
f 1518 1519 1416
f 1416 1519 1417
f 1519 1520 1417
f 1417 1520 1418
f 1520 1521 1418
f 1418 1521 1419
f 1521 1522 1419
f 1419 1522 1420
f 1522 1523 1420
f 1420 1523 1421
f 1523 1524 1421
f 1421 1524 1422
f 1524 1525 1422
f 1422 1525 1423
f 1525 1526 1423
f 1423 1526 1424
f 1526 1527 1424
f 1424 1527 1425
f 1527 1528 1425
f 1425 1528 1426
f 1528 1529 1426
f 1426 1529 1427
f 1529 1530 1427
f 1427 1530 1428
f 1530 1531 1428
f 1428 1531 1429
f 1531 1532 1429
f 1429 1532 1430
f 1532 1533 1430
f 1430 1533 1431
f 1533 1534 1431
f 1431 1534 1432
f 1534 1535 1432
f 1432 1535 1433
f 1535 1536 1433
f 1433 1536 1434
f 1536 1435 1434
f 1536 1537 1435
f 1537 1538 1435
f 1435 1538 1436
f 1538 1539 1436
f 1436 1539 1437
f 1539 1540 1437
f 1437 1540 1438
f 1540 1541 1438
f 1438 1541 1439
f 1541 1542 1439
f 1439 1542 1440
f 1542 1543 1440
f 1440 1543 1441
f 1543 1544 1441
f 1441 1544 1442
f 1544 1545 1442
f 1442 1545 1443
f 1545 1546 1443
f 1443 1546 1444
f 1546 1547 1444
f 1444 1547 1445
f 1547 1548 1445
f 1445 1548 1446
f 1548 1549 1446
f 1446 1549 1447
f 1549 1550 1447
f 1447 1550 1448
f 1550 1551 1448
f 1448 1551 1449
f 1551 1552 1449
f 1449 1552 1450
f 1552 1553 1450
f 1450 1553 1451
f 1553 1554 1451
f 1451 1554 1452
f 1554 1555 1452
f 1452 1555 1453
f 1555 1556 1453
f 1453 1556 1454
f 1556 1557 1454
f 1454 1557 1455
f 1557 1558 1455
f 1455 1558 1456
f 1558 1559 1456
f 1456 1559 1457
f 1559 1560 1457
f 1457 1560 1458
f 1560 1561 1458
f 1458 1561 1459
f 1561 1562 1459
f 1459 1562 1460
f 1562 1563 1460
f 1460 1563 1461
f 1563 1564 1461
f 1461 1564 1462
f 1564 1565 1462
f 1462 1565 1463
f 1565 1566 1463
f 1463 1566 1464
f 1566 1567 1464
f 1464 1567 1465
f 1567 1568 1465
f 1465 1568 1466
f 1568 1569 1466
f 1466 1569 1467
f 1569 1570 1467
f 1467 1570 1468
f 1570 1571 1468
f 1468 1571 1469
f 1571 1572 1469
f 1469 1572 1470
f 1572 1573 1470
f 1470 1573 1471
f 1573 1574 1471
f 1471 1574 1472
f 1574 1575 1472
f 1472 1575 1473
f 1575 1576 1473
f 1473 1576 1474
f 1576 1577 1474
f 1474 1577 1475
f 1577 1578 1475
f 1475 1578 1476
f 1578 1579 1476
f 1476 1579 1477
f 1579 1580 1477
f 1477 1580 1478
f 1580 1581 1478
f 1478 1581 1479
f 1581 1582 1479
f 1479 1582 1480
f 1582 1583 1480
f 1480 1583 1481
f 1583 1584 1481
f 1481 1584 1482
f 1584 1585 1482
f 1482 1585 1483
f 1585 1586 1483
f 1483 1586 1484
f 1586 1587 1484
f 1484 1587 1485
f 1587 1588 1485
f 1485 1588 1486
f 1588 1589 1486
f 1486 1589 1487
f 1589 1590 1487
f 1487 1590 1488
f 1590 1591 1488
f 1488 1591 1489
f 1591 1592 1489
f 1489 1592 1490
f 1592 1593 1490
f 1490 1593 1491
f 1593 1594 1491
f 1491 1594 1492
f 1594 1595 1492
f 1492 1595 1493
f 1595 1596 1493
f 1493 1596 1494
f 1596 1597 1494
f 1494 1597 1495
f 1597 1598 1495
f 1495 1598 1496
f 1598 1599 1496
f 1496 1599 1497
f 1599 1600 1497
f 1497 1600 1498
f 1600 1601 1498
f 1498 1601 1499
f 1601 1602 1499
f 1499 1602 1500
f 1602 1603 1500
f 1500 1603 1501
f 1603 1604 1501
f 1501 1604 1502
f 1604 1605 1502
f 1502 1605 1503
f 1605 1606 1503
f 1503 1606 1504
f 1606 1607 1504
f 1504 1607 1505
f 1607 1608 1505
f 1505 1608 1506
f 1608 1609 1506
f 1506 1609 1507
f 1609 1610 1507
f 1507 1610 1508
f 1610 1611 1508
f 1508 1611 1509
f 1611 1612 1509
f 1509 1612 1510
f 1612 1613 1510
f 1510 1613 1511
f 1613 1614 1511
f 1511 1614 1512
f 1614 1615 1512
f 1512 1615 1513
f 1615 1616 1513
f 1513 1616 1514
f 1616 1617 1514
f 1514 1617 1515
f 1617 1618 1515
f 1515 1618 1516
f 1618 1619 1516
f 1516 1619 1517
f 1619 1620 1517
f 1517 1620 1518
f 1620 1621 1518
f 1518 1621 1519
f 1621 1622 1519
f 1519 1622 1520
f 1622 1623 1520
f 1520 1623 1521
f 1623 1624 1521
f 1521 1624 1522
f 1624 1625 1522
f 1522 1625 1523
f 1625 1626 1523
f 1523 1626 1524
f 1626 1627 1524
f 1524 1627 1525
f 1627 1628 1525
f 1525 1628 1526
f 1628 1629 1526
f 1526 1629 1527
f 1629 1630 1527
f 1527 1630 1528
f 1630 1631 1528
f 1528 1631 1529
f 1631 1632 1529
f 1529 1632 1530
f 1632 1633 1530
f 1530 1633 1531
f 1633 1634 1531
f 1531 1634 1532
f 1634 1635 1532
f 1532 1635 1533
f 1635 1636 1533
f 1533 1636 1534
f 1636 1637 1534
f 1534 1637 1535
f 1637 1638 1535
f 1535 1638 1536
f 1638 1537 1536
f 1639 1640 1641
f 1640 1642 1641
f 1641 1642 1643
f 1642 1644 1643
f 1638 1640 1537
f 1640 1639 1537
f 1537 1639 1538
f 1639 1645 1538
f 1538 1645 1539
f 1645 1646 1539
f 1539 1646 1540
f 1646 1647 1540
f 1540 1647 1541
f 1647 1648 1541
f 1541 1648 1542
f 1648 1649 1542
f 1542 1649 1543
f 1649 1650 1543
f 1543 1650 1544
f 1650 1651 1544
f 1544 1651 1545
f 1651 1652 1545
f 1545 1652 1546
f 1652 1653 1546
f 1546 1653 1547
f 1653 1654 1547
f 1547 1654 1548
f 1654 1655 1548
f 1548 1655 1549
f 1655 1656 1549
f 1549 1656 1550
f 1656 1657 1550
f 1550 1657 1551
f 1657 1658 1551
f 1551 1658 1552
f 1658 1659 1552
f 1552 1659 1553
f 1659 1660 1553
f 1553 1660 1554
f 1660 1661 1554
f 1554 1661 1555
f 1661 1662 1555
f 1555 1662 1556
f 1662 1663 1556
f 1556 1663 1557
f 1663 1664 1557
f 1557 1664 1558
f 1664 1665 1558
f 1558 1665 1559
f 1665 1666 1559
f 1559 1666 1560
f 1666 1667 1560
f 1560 1667 1561
f 1667 1668 1561
f 1561 1668 1562
f 1668 1669 1562
f 1562 1669 1563
f 1669 1670 1563
f 1563 1670 1564
f 1670 1671 1564
f 1564 1671 1565
f 1671 1672 1565
f 1565 1672 1566
f 1672 1673 1566
f 1566 1673 1567
f 1673 1674 1567
f 1567 1674 1568
f 1674 1675 1568
f 1568 1675 1569
f 1675 1676 1569
f 1569 1676 1570
f 1676 1677 1570
f 1570 1677 1571
f 1677 1678 1571
f 1571 1678 1572
f 1678 1679 1572
f 1572 1679 1573
f 1679 1680 1573
f 1573 1680 1574
f 1680 1681 1574
f 1574 1681 1575
f 1681 1682 1575
f 1575 1682 1576
f 1682 1683 1576
f 1576 1683 1577
f 1683 1684 1577
f 1577 1684 1578
f 1684 1685 1578
f 1578 1685 1579
f 1685 1686 1579
f 1579 1686 1580
f 1686 1687 1580
f 1580 1687 1581
f 1687 1688 1581
f 1581 1688 1582
f 1688 1689 1582
f 1582 1689 1583
f 1689 1690 1583
f 1583 1690 1584
f 1690 1691 1584
f 1584 1691 1585
f 1691 1692 1585
f 1585 1692 1586
f 1692 1693 1586
f 1586 1693 1587
f 1693 1694 1587
f 1587 1694 1588
f 1694 1695 1588
f 1588 1695 1589
f 1695 1696 1589
f 1589 1696 1590
f 1696 1697 1590
f 1590 1697 1591
f 1697 1698 1591
f 1591 1698 1592
f 1698 1699 1592
f 1592 1699 1593
f 1699 1700 1593
f 1593 1700 1594
f 1700 1701 1594
f 1594 1701 1595
f 1701 1702 1595
f 1595 1702 1596
f 1702 1703 1596
f 1596 1703 1597
f 1703 1704 1597
f 1597 1704 1598
f 1704 1705 1598
f 1598 1705 1599
f 1705 1706 1599
f 1599 1706 1600
f 1706 1707 1600
f 1600 1707 1601
f 1707 1708 1601
f 1601 1708 1602
f 1708 1709 1602
f 1602 1709 1603
f 1709 1710 1603
f 1603 1710 1604
f 1710 1711 1604
f 1604 1711 1605
f 1711 1712 1605
f 1605 1712 1606
f 1712 1713 1606
f 1606 1713 1607
f 1713 1714 1607
f 1607 1714 1608
f 1714 1715 1608
f 1608 1715 1609
f 1715 1716 1609
f 1609 1716 1610
f 1716 1717 1610
f 1610 1717 1611
f 1717 1718 1611
f 1611 1718 1612
f 1718 1719 1612
f 1612 1719 1613
f 1719 1720 1613
f 1613 1720 1614
f 1720 1721 1614
f 1614 1721 1615
f 1721 1722 1615
f 1615 1722 1616
f 1722 1723 1616
f 1616 1723 1617
f 1723 1724 1617
f 1617 1724 1618
f 1724 1725 1618
f 1618 1725 1619
f 1725 1726 1619
f 1619 1726 1620
f 1726 1727 1620
f 1620 1727 1621
f 1727 1728 1621
f 1621 1728 1622
f 1728 1729 1622
f 1622 1729 1623
f 1729 1730 1623
f 1623 1730 1624
f 1730 1731 1624
f 1624 1731 1625
f 1731 1732 1625
f 1625 1732 1626
f 1732 1733 1626
f 1626 1733 1627
f 1733 1734 1627
f 1627 1734 1628
f 1734 1735 1628
f 1628 1735 1629
f 1735 1736 1629
f 1629 1736 1630
f 1736 1737 1630
f 1630 1737 1631
f 1737 1738 1631
f 1631 1738 1632
f 1738 1739 1632
f 1632 1739 1633
f 1739 1740 1633
f 1633 1740 1634
f 1740 1741 1634
f 1634 1741 1635
f 1741 1742 1635
f 1635 1742 1636
f 1742 1644 1636
f 1636 1644 1637
f 1644 1642 1637
f 1637 1642 1638
f 1642 1640 1638
f 1743 1744 1745
f 1744 1746 1745
f 1745 1746 1747
f 1746 1748 1747
f 1747 1748 1749
f 1748 1750 1749
f 1749 1750 1751
f 1750 1752 1751
f 1751 1752 1753
f 1752 1754 1753
f 1643 1744 1641
f 1744 1743 1641
f 1641 1743 1639
f 1743 1755 1639
f 1639 1755 1645
f 1755 1756 1645
f 1645 1756 1646
f 1756 1757 1646
f 1646 1757 1647
f 1757 1758 1647
f 1647 1758 1648
f 1758 1759 1648
f 1648 1759 1649
f 1759 1760 1649
f 1649 1760 1650
f 1760 1761 1650
f 1650 1761 1651
f 1761 1762 1651
f 1651 1762 1652
f 1762 1763 1652
f 1652 1763 1653
f 1763 1764 1653
f 1653 1764 1654
f 1764 1765 1654
f 1654 1765 1655
f 1765 1766 1655
f 1655 1766 1656
f 1766 1767 1656
f 1656 1767 1657
f 1767 1768 1657
f 1657 1768 1658
f 1768 1769 1658
f 1658 1769 1659
f 1769 1770 1659
f 1659 1770 1660
f 1770 1771 1660
f 1660 1771 1661
f 1771 1772 1661
f 1661 1772 1662
f 1772 1773 1662
f 1662 1773 1663
f 1773 1774 1663
f 1663 1774 1664
f 1774 1775 1664
f 1664 1775 1665
f 1775 1776 1665
f 1665 1776 1666
f 1776 1777 1666
f 1666 1777 1667
f 1777 1778 1667
f 1667 1778 1668
f 1778 1779 1668
f 1668 1779 1669
f 1779 1780 1669
f 1669 1780 1670
f 1780 1781 1670
f 1670 1781 1671
f 1781 1782 1671
f 1671 1782 1672
f 1782 1783 1672
f 1672 1783 1673
f 1783 1784 1673
f 1673 1784 1674
f 1784 1785 1674
f 1674 1785 1675
f 1785 1786 1675
f 1675 1786 1676
f 1786 1787 1676
f 1676 1787 1677
f 1787 1788 1677
f 1677 1788 1678
f 1788 1789 1678
f 1678 1789 1679
f 1789 1790 1679
f 1679 1790 1680
f 1790 1791 1680
f 1680 1791 1681
f 1791 1792 1681
f 1681 1792 1682
f 1792 1793 1682
f 1682 1793 1683
f 1793 1794 1683
f 1683 1794 1684
f 1794 1795 1684
f 1684 1795 1685
f 1795 1796 1685
f 1685 1796 1686
f 1796 1797 1686
f 1686 1797 1687
f 1797 1798 1687
f 1687 1798 1688
f 1798 1799 1688
f 1688 1799 1689
f 1799 1800 1689
f 1689 1800 1690
f 1800 1801 1690
f 1690 1801 1691
f 1801 1802 1691
f 1691 1802 1692
f 1802 1803 1692
f 1692 1803 1693
f 1803 1804 1693
f 1693 1804 1694
f 1804 1805 1694
f 1694 1805 1695
f 1805 1806 1695
f 1695 1806 1696
f 1806 1807 1696
f 1696 1807 1697
f 1807 1808 1697
f 1697 1808 1698
f 1808 1809 1698
f 1698 1809 1699
f 1809 1810 1699
f 1699 1810 1700
f 1810 1811 1700
f 1700 1811 1701
f 1811 1812 1701
f 1701 1812 1702
f 1812 1813 1702
f 1702 1813 1703
f 1813 1814 1703
f 1703 1814 1704
f 1814 1815 1704
f 1704 1815 1705
f 1815 1816 1705
f 1705 1816 1706
f 1816 1817 1706
f 1706 1817 1707
f 1817 1818 1707
f 1707 1818 1708
f 1818 1819 1708
f 1708 1819 1709
f 1819 1820 1709
f 1709 1820 1710
f 1820 1821 1710
f 1710 1821 1711
f 1821 1822 1711
f 1711 1822 1712
f 1822 1823 1712
f 1712 1823 1713
f 1823 1824 1713
f 1713 1824 1714
f 1824 1825 1714
f 1714 1825 1715
f 1825 1826 1715
f 1715 1826 1716
f 1826 1827 1716
f 1716 1827 1717
f 1827 1828 1717
f 1717 1828 1718
f 1828 1829 1718
f 1718 1829 1719
f 1829 1830 1719
f 1719 1830 1720
f 1830 1831 1720
f 1720 1831 1721
f 1831 1832 1721
f 1721 1832 1722
f 1832 1833 1722
f 1722 1833 1723
f 1833 1834 1723
f 1723 1834 1724
f 1834 1835 1724
f 1724 1835 1725
f 1835 1836 1725
f 1725 1836 1726
f 1836 1837 1726
f 1726 1837 1727
f 1837 1838 1727
f 1727 1838 1728
f 1838 1839 1728
f 1728 1839 1729
f 1839 1840 1729
f 1729 1840 1730
f 1840 1841 1730
f 1730 1841 1731
f 1841 1842 1731
f 1731 1842 1732
f 1842 1843 1732
f 1732 1843 1733
f 1843 1844 1733
f 1733 1844 1734
f 1844 1845 1734
f 1734 1845 1735
f 1845 1846 1735
f 1735 1846 1736
f 1846 1847 1736
f 1736 1847 1737
f 1847 1848 1737
f 1737 1848 1738
f 1848 1849 1738
f 1738 1849 1739
f 1849 1754 1739
f 1739 1754 1740
f 1754 1752 1740
f 1740 1752 1741
f 1752 1750 1741
f 1741 1750 1742
f 1750 1748 1742
f 1742 1748 1644
f 1748 1746 1644
f 1644 1746 1643
f 1746 1744 1643
f 1850 1851 1852
f 1851 1853 1852
f 1852 1853 1854
f 1853 1855 1854
f 1854 1855 1856
f 1855 1857 1856
f 1856 1857 1858
f 1857 1859 1858
f 1858 1859 1860
f 1859 1861 1860
f 1860 1861 1862
f 1861 1863 1862
f 1862 1863 1864
f 1865 1864 1849
f 1864 1863 1849
f 1849 1863 1754
f 1863 1861 1754
f 1754 1861 1753
f 1861 1859 1753
f 1753 1859 1751
f 1859 1857 1751
f 1751 1857 1749
f 1857 1855 1749
f 1749 1855 1747
f 1855 1853 1747
f 1747 1853 1745
f 1853 1851 1745
f 1745 1851 1743
f 1851 1850 1743
f 1743 1850 1755
f 1850 1866 1755
f 1755 1866 1756
f 1866 1867 1756
f 1756 1867 1757
f 1867 1868 1757
f 1757 1868 1758
f 1868 1869 1758
f 1758 1869 1759
f 1869 1870 1759
f 1759 1870 1760
f 1870 1871 1760
f 1760 1871 1761
f 1871 1872 1761
f 1761 1872 1762
f 1872 1873 1762
f 1762 1873 1763
f 1873 1874 1763
f 1763 1874 1764
f 1874 1875 1764
f 1764 1875 1765
f 1875 1876 1765
f 1765 1876 1766
f 1876 1877 1766
f 1766 1877 1767
f 1877 1878 1767
f 1767 1878 1768
f 1878 1879 1768
f 1768 1879 1769
f 1879 1880 1769
f 1769 1880 1770
f 1880 1881 1770
f 1770 1881 1771
f 1881 1882 1771
f 1771 1882 1772
f 1882 1883 1772
f 1772 1883 1773
f 1883 1884 1773
f 1773 1884 1774
f 1884 1885 1774
f 1774 1885 1775
f 1885 1886 1775
f 1775 1886 1776
f 1886 1887 1776
f 1776 1887 1777
f 1887 1888 1777
f 1777 1888 1778
f 1888 1889 1778
f 1778 1889 1779
f 1889 1890 1779
f 1779 1890 1780
f 1890 1891 1780
f 1780 1891 1781
f 1891 1892 1781
f 1781 1892 1782
f 1892 1893 1782
f 1782 1893 1783
f 1893 1894 1783
f 1783 1894 1784
f 1894 1895 1784
f 1784 1895 1785
f 1895 1896 1785
f 1785 1896 1786
f 1896 1897 1786
f 1786 1897 1787
f 1897 1898 1787
f 1787 1898 1788
f 1898 1899 1788
f 1788 1899 1789
f 1899 1900 1789
f 1789 1900 1790
f 1900 1901 1790
f 1790 1901 1791
f 1901 1902 1791
f 1791 1902 1792
f 1902 1903 1792
f 1792 1903 1793
f 1903 1904 1793
f 1793 1904 1794
f 1904 1905 1794
f 1794 1905 1795
f 1905 1906 1795
f 1795 1906 1796
f 1906 1907 1796
f 1796 1907 1797
f 1907 1908 1797
f 1797 1908 1798
f 1908 1909 1798
f 1798 1909 1799
f 1909 1910 1799
f 1799 1910 1800
f 1910 1911 1800
f 1800 1911 1801
f 1911 1912 1801
f 1801 1912 1802
f 1912 1913 1802
f 1802 1913 1803
f 1913 1914 1803
f 1803 1914 1804
f 1914 1915 1804
f 1804 1915 1805
f 1915 1916 1805
f 1805 1916 1806
f 1916 1917 1806
f 1806 1917 1807
f 1917 1918 1807
f 1807 1918 1808
f 1918 1919 1808
f 1808 1919 1809
f 1919 1920 1809
f 1809 1920 1810
f 1920 1921 1810
f 1810 1921 1811
f 1921 1922 1811
f 1811 1922 1812
f 1922 1923 1812
f 1812 1923 1813
f 1923 1924 1813
f 1813 1924 1814
f 1924 1925 1814
f 1814 1925 1815
f 1925 1926 1815
f 1815 1926 1816
f 1926 1927 1816
f 1816 1927 1817
f 1927 1928 1817
f 1817 1928 1818
f 1928 1929 1818
f 1818 1929 1819
f 1929 1930 1819
f 1819 1930 1820
f 1930 1931 1820
f 1820 1931 1821
f 1931 1932 1821
f 1821 1932 1822
f 1932 1933 1822
f 1822 1933 1823
f 1933 1934 1823
f 1823 1934 1824
f 1934 1935 1824
f 1824 1935 1825
f 1935 1936 1825
f 1825 1936 1826
f 1936 1937 1826
f 1826 1937 1827
f 1937 1938 1827
f 1827 1938 1828
f 1938 1939 1828
f 1828 1939 1829
f 1939 1940 1829
f 1829 1940 1830
f 1940 1941 1830
f 1830 1941 1831
f 1941 1942 1831
f 1831 1942 1832
f 1942 1943 1832
f 1832 1943 1833
f 1943 1944 1833
f 1833 1944 1834
f 1944 1945 1834
f 1834 1945 1835
f 1945 1946 1835
f 1835 1946 1836
f 1946 1947 1836
f 1836 1947 1837
f 1947 1948 1837
f 1837 1948 1838
f 1948 1949 1838
f 1838 1949 1839
f 1949 1950 1839
f 1839 1950 1840
f 1950 1951 1840
f 1840 1951 1841
f 1951 1952 1841
f 1841 1952 1842
f 1952 1953 1842
f 1842 1953 1843
f 1953 1954 1843
f 1843 1954 1844
f 1954 1955 1844
f 1844 1955 1845
f 1955 1956 1845
f 1845 1956 1846
f 1956 1957 1846
f 1846 1957 1847
f 1957 1958 1847
f 1847 1958 1848
f 1958 1865 1848
f 1848 1865 1849
f 1959 1960 1961
f 1960 1962 1961
f 1961 1962 1963
f 1962 1964 1963
f 1963 1964 1965
f 1964 1966 1965
f 1965 1966 1967
f 1966 1968 1967
f 1967 1968 1969
f 1968 1970 1969
f 1969 1970 1971
f 1970 1972 1971
f 1856 1962 1854
f 1962 1960 1854
f 1854 1960 1852
f 1960 1959 1852
f 1852 1959 1850
f 1959 1973 1850
f 1850 1973 1866
f 1973 1974 1866
f 1866 1974 1867
f 1974 1975 1867
f 1867 1975 1868
f 1975 1976 1868
f 1868 1976 1869
f 1976 1977 1869
f 1869 1977 1870
f 1977 1978 1870
f 1870 1978 1871
f 1978 1979 1871
f 1871 1979 1872
f 1979 1980 1872
f 1872 1980 1873
f 1980 1981 1873
f 1873 1981 1874
f 1981 1982 1874
f 1874 1982 1875
f 1982 1983 1875
f 1875 1983 1876
f 1983 1984 1876
f 1876 1984 1877
f 1984 1985 1877
f 1877 1985 1878
f 1985 1986 1878
f 1878 1986 1879
f 1986 1987 1879
f 1879 1987 1880
f 1987 1988 1880
f 1880 1988 1881
f 1988 1989 1881
f 1881 1989 1882
f 1989 1990 1882
f 1882 1990 1883
f 1990 1991 1883
f 1883 1991 1884
f 1991 1992 1884
f 1884 1992 1885
f 1992 1993 1885
f 1885 1993 1886
f 1993 1994 1886
f 1886 1994 1887
f 1994 1995 1887
f 1887 1995 1888
f 1995 1996 1888
f 1888 1996 1889
f 1996 1997 1889
f 1889 1997 1890
f 1997 1998 1890
f 1890 1998 1891
f 1998 1999 1891
f 1891 1999 1892
f 1999 2000 1892
f 1892 2000 1893
f 2000 2001 1893
f 1893 2001 1894
f 2001 2002 1894
f 1894 2002 1895
f 2002 2003 1895
f 1895 2003 1896
f 2003 2004 1896
f 1896 2004 1897
f 2004 2005 1897
f 1897 2005 1898
f 2005 2006 1898
f 1898 2006 1899
f 2006 2007 1899
f 1899 2007 1900
f 2007 2008 1900
f 1900 2008 1901
f 2008 2009 1901
f 1901 2009 1902
f 2009 2010 1902
f 1902 2010 1903
f 2010 2011 1903
f 1903 2011 1904
f 2011 2012 1904
f 1904 2012 1905
f 2012 2013 1905
f 1905 2013 1906
f 2013 2014 1906
f 1906 2014 1907
f 2014 2015 1907
f 1907 2015 1908
f 2015 2016 1908
f 1908 2016 1909
f 2016 2017 1909
f 1909 2017 1910
f 2017 2018 1910
f 1910 2018 1911
f 2018 2019 1911
f 1911 2019 1912
f 2019 2020 1912
f 1912 2020 1913
f 2020 2021 1913
f 1913 2021 1914
f 2021 2022 1914
f 1914 2022 1915
f 2022 2023 1915
f 1915 2023 1916
f 2023 2024 1916
f 1916 2024 1917
f 2024 2025 1917
f 1917 2025 1918
f 2025 2026 1918
f 1918 2026 1919
f 2026 2027 1919
f 1919 2027 1920
f 2027 2028 1920
f 1920 2028 1921
f 2028 2029 1921
f 1921 2029 1922
f 2029 2030 1922
f 1922 2030 1923
f 2030 2031 1923
f 1923 2031 1924
f 2031 2032 1924
f 1924 2032 1925
f 2032 2033 1925
f 1925 2033 1926
f 2033 2034 1926
f 1926 2034 1927
f 2034 2035 1927
f 1927 2035 1928
f 2035 2036 1928
f 1928 2036 1929
f 2036 2037 1929
f 1929 2037 1930
f 2037 2038 1930
f 1930 2038 1931
f 2038 2039 1931
f 1931 2039 1932
f 2039 2040 1932
f 1932 2040 1933
f 2040 2041 1933
f 1933 2041 1934
f 2041 2042 1934
f 1934 2042 1935
f 2042 2043 1935
f 1935 2043 1936
f 2043 2044 1936
f 1936 2044 1937
f 2044 2045 1937
f 1937 2045 1938
f 2045 2046 1938
f 1938 2046 1939
f 2046 2047 1939
f 1939 2047 1940
f 2047 2048 1940
f 1940 2048 1941
f 2048 2049 1941
f 1941 2049 1942
f 2049 2050 1942
f 1942 2050 1943
f 2050 2051 1943
f 1943 2051 1944
f 2051 2052 1944
f 1944 2052 1945
f 2052 2053 1945
f 1945 2053 1946
f 2053 2054 1946
f 1946 2054 1947
f 2054 2055 1947
f 1947 2055 1948
f 2055 2056 1948
f 1948 2056 1949
f 2056 2057 1949
f 1949 2057 1950
f 2057 2058 1950
f 1950 2058 1951
f 2058 2059 1951
f 1951 2059 1952
f 2059 2060 1952
f 1952 2060 1953
f 2060 2061 1953
f 1953 2061 1954
f 2061 2062 1954
f 1954 2062 1955
f 2062 2063 1955
f 1955 2063 1956
f 2063 2064 1956
f 1956 2064 1957
f 2064 2065 1957
f 1957 2065 1958
f 2065 2066 1958
f 1958 2066 1865
f 2066 1972 1865
f 1865 1972 1864
f 1972 1970 1864
f 1864 1970 1862
f 1970 1968 1862
f 1862 1968 1860
f 1968 1966 1860
f 1860 1966 1858
f 1966 1964 1858
f 1858 1964 1856
f 1964 1962 1856
f 2067 2068 2069
f 2068 2070 2069
f 2069 2070 2071
f 2070 2072 2071
f 2071 2072 2073
f 2072 2074 2073
f 2073 2074 2075
f 2074 2076 2075
f 2075 2076 2077
f 2076 2078 2077
f 1965 2068 1963
f 2068 2067 1963
f 1963 2067 1961
f 2067 2079 1961
f 1961 2079 1959
f 2079 2080 1959
f 1959 2080 1973
f 2080 2081 1973
f 1973 2081 1974
f 2081 2082 1974
f 1974 2082 1975
f 2082 2083 1975
f 1975 2083 1976
f 2083 2084 1976
f 1976 2084 1977
f 2084 2085 1977
f 1977 2085 1978
f 2085 2086 1978
f 1978 2086 1979
f 2086 2087 1979
f 1979 2087 1980
f 2087 2088 1980
f 1980 2088 1981
f 2088 2089 1981
f 1981 2089 1982
f 2089 2090 1982
f 1982 2090 1983
f 2090 2091 1983
f 1983 2091 1984
f 2091 2092 1984
f 1984 2092 1985
f 2092 2093 1985
f 1985 2093 1986
f 2093 2094 1986
f 1986 2094 1987
f 2094 2095 1987
f 1987 2095 1988
f 2095 2096 1988
f 1988 2096 1989
f 2096 2097 1989
f 1989 2097 1990
f 2097 2098 1990
f 1990 2098 1991
f 2098 2099 1991
f 1991 2099 1992
f 2099 2100 1992
f 1992 2100 1993
f 2100 2101 1993
f 1993 2101 1994
f 2101 2102 1994
f 1994 2102 1995
f 2102 2103 1995
f 1995 2103 1996
f 2103 2104 1996
f 1996 2104 1997
f 2104 2105 1997
f 1997 2105 1998
f 2105 2106 1998
f 1998 2106 1999
f 2106 2107 1999
f 1999 2107 2000
f 2107 2108 2000
f 2000 2108 2001
f 2108 2109 2001
f 2001 2109 2002
f 2109 2110 2002
f 2002 2110 2003
f 2110 2111 2003
f 2003 2111 2004
f 2111 2112 2004
f 2004 2112 2005
f 2112 2113 2005
f 2005 2113 2006
f 2113 2114 2006
f 2006 2114 2007
f 2114 2115 2007
f 2007 2115 2008
f 2115 2116 2008
f 2008 2116 2009
f 2116 2117 2009
f 2009 2117 2010
f 2117 2118 2010
f 2010 2118 2011
f 2118 2119 2011
f 2011 2119 2012
f 2119 2120 2012
f 2012 2120 2013
f 2120 2121 2013
f 2013 2121 2014
f 2121 2122 2014
f 2014 2122 2015
f 2122 2123 2015
f 2015 2123 2016
f 2123 2124 2016
f 2016 2124 2017
f 2124 2125 2017
f 2017 2125 2018
f 2125 2126 2018
f 2018 2126 2019
f 2126 2127 2019
f 2019 2127 2020
f 2127 2128 2020
f 2020 2128 2021
f 2128 2129 2021
f 2021 2129 2022
f 2129 2130 2022
f 2022 2130 2023
f 2130 2131 2023
f 2023 2131 2024
f 2131 2132 2024
f 2024 2132 2025
f 2132 2133 2025
f 2025 2133 2026
f 2133 2134 2026
f 2026 2134 2027
f 2134 2135 2027
f 2027 2135 2028
f 2135 2136 2028
f 2028 2136 2029
f 2136 2137 2029
f 2029 2137 2030
f 2137 2138 2030
f 2030 2138 2031
f 2138 2139 2031
f 2031 2139 2032
f 2139 2140 2032
f 2032 2140 2033
f 2140 2141 2033
f 2033 2141 2034
f 2141 2142 2034
f 2034 2142 2035
f 2142 2143 2035
f 2035 2143 2036
f 2143 2144 2036
f 2036 2144 2037
f 2144 2145 2037
f 2037 2145 2038
f 2145 2146 2038
f 2038 2146 2039
f 2146 2147 2039
f 2039 2147 2040
f 2147 2148 2040
f 2040 2148 2041
f 2148 2149 2041
f 2041 2149 2042
f 2149 2150 2042
f 2042 2150 2043
f 2150 2151 2043
f 2043 2151 2044
f 2151 2152 2044
f 2044 2152 2045
f 2152 2153 2045
f 2045 2153 2046
f 2153 2154 2046
f 2046 2154 2047
f 2154 2155 2047
f 2047 2155 2048
f 2155 2156 2048
f 2048 2156 2049
f 2156 2157 2049
f 2049 2157 2050
f 2157 2158 2050
f 2050 2158 2051
f 2158 2159 2051
f 2051 2159 2052
f 2159 2160 2052
f 2052 2160 2053
f 2160 2161 2053
f 2053 2161 2054
f 2161 2162 2054
f 2054 2162 2055
f 2162 2163 2055
f 2055 2163 2056
f 2163 2164 2056
f 2056 2164 2057
f 2164 2165 2057
f 2057 2165 2058
f 2165 2166 2058
f 2058 2166 2059
f 2166 2167 2059
f 2059 2167 2060
f 2167 2168 2060
f 2060 2168 2061
f 2168 2169 2061
f 2061 2169 2062
f 2169 2170 2062
f 2062 2170 2063
f 2170 2171 2063
f 2063 2171 2064
f 2171 2172 2064
f 2064 2172 2065
f 2172 2173 2065
f 2065 2173 2066
f 2173 2078 2066
f 2066 2078 1972
f 2078 2076 1972
f 1972 2076 1971
f 2076 2074 1971
f 1971 2074 1969
f 2074 2072 1969
f 1969 2072 1967
f 2072 2070 1967
f 1967 2070 1965
f 2070 2068 1965
f 2174 2175 2176
f 2175 2177 2176
f 2176 2177 2178
f 2177 2179 2178
f 2071 2175 2069
f 2175 2174 2069
f 2069 2174 2067
f 2174 2180 2067
f 2067 2180 2079
f 2180 2181 2079
f 2079 2181 2080
f 2181 2182 2080
f 2080 2182 2081
f 2182 2183 2081
f 2081 2183 2082
f 2183 2184 2082
f 2082 2184 2083
f 2184 2185 2083
f 2083 2185 2084
f 2185 2186 2084
f 2084 2186 2085
f 2186 2187 2085
f 2085 2187 2086
f 2187 2188 2086
f 2086 2188 2087
f 2188 2189 2087
f 2087 2189 2088
f 2189 2190 2088
f 2088 2190 2089
f 2190 2191 2089
f 2089 2191 2090
f 2191 2192 2090
f 2090 2192 2091
f 2192 2193 2091
f 2091 2193 2092
f 2193 2194 2092
f 2092 2194 2093
f 2194 2195 2093
f 2093 2195 2094
f 2195 2196 2094
f 2094 2196 2095
f 2196 2197 2095
f 2095 2197 2096
f 2197 2198 2096
f 2096 2198 2097
f 2198 2199 2097
f 2097 2199 2098
f 2199 2200 2098
f 2098 2200 2099
f 2200 2201 2099
f 2099 2201 2100
f 2201 2202 2100
f 2100 2202 2101
f 2202 2203 2101
f 2101 2203 2102
f 2203 2204 2102
f 2102 2204 2103
f 2204 2205 2103
f 2103 2205 2104
f 2205 2206 2104
f 2104 2206 2105
f 2206 2207 2105
f 2105 2207 2106
f 2207 2208 2106
f 2106 2208 2107
f 2208 2209 2107
f 2107 2209 2108
f 2209 2210 2108
f 2108 2210 2109
f 2210 2211 2109
f 2109 2211 2110
f 2211 2212 2110
f 2110 2212 2111
f 2212 2213 2111
f 2111 2213 2112
f 2213 2214 2112
f 2112 2214 2113
f 2214 2215 2113
f 2113 2215 2114
f 2215 2216 2114
f 2114 2216 2115
f 2216 2217 2115
f 2115 2217 2116
f 2217 2218 2116
f 2116 2218 2117
f 2218 2219 2117
f 2117 2219 2118
f 2219 2220 2118
f 2118 2220 2119
f 2220 2221 2119
f 2119 2221 2120
f 2221 2222 2120
f 2120 2222 2121
f 2222 2223 2121
f 2121 2223 2122
f 2223 2224 2122
f 2122 2224 2123
f 2224 2225 2123
f 2123 2225 2124
f 2225 2226 2124
f 2124 2226 2125
f 2226 2227 2125
f 2125 2227 2126
f 2227 2228 2126
f 2126 2228 2127
f 2228 2229 2127
f 2127 2229 2128
f 2229 2230 2128
f 2128 2230 2129
f 2230 2231 2129
f 2129 2231 2130
f 2231 2232 2130
f 2130 2232 2131
f 2232 2233 2131
f 2131 2233 2132
f 2233 2234 2132
f 2132 2234 2133
f 2234 2235 2133
f 2133 2235 2134
f 2235 2236 2134
f 2134 2236 2135
f 2236 2237 2135
f 2135 2237 2136
f 2237 2238 2136
f 2136 2238 2137
f 2238 2239 2137
f 2137 2239 2138
f 2239 2240 2138
f 2138 2240 2139
f 2240 2241 2139
f 2139 2241 2140
f 2241 2242 2140
f 2140 2242 2141
f 2242 2243 2141
f 2141 2243 2142
f 2243 2244 2142
f 2142 2244 2143
f 2244 2245 2143
f 2143 2245 2144
f 2245 2246 2144
f 2144 2246 2145
f 2246 2247 2145
f 2145 2247 2146
f 2247 2248 2146
f 2146 2248 2147
f 2248 2249 2147
f 2147 2249 2148
f 2249 2250 2148
f 2148 2250 2149
f 2250 2251 2149
f 2149 2251 2150
f 2251 2252 2150
f 2150 2252 2151
f 2252 2253 2151
f 2151 2253 2152
f 2253 2254 2152
f 2152 2254 2153
f 2254 2255 2153
f 2153 2255 2154
f 2255 2256 2154
f 2154 2256 2155
f 2256 2257 2155
f 2155 2257 2156
f 2257 2258 2156
f 2156 2258 2157
f 2258 2259 2157
f 2157 2259 2158
f 2259 2260 2158
f 2158 2260 2159
f 2260 2261 2159
f 2159 2261 2160
f 2261 2262 2160
f 2160 2262 2161
f 2262 2263 2161
f 2161 2263 2162
f 2263 2264 2162
f 2162 2264 2163
f 2264 2265 2163
f 2163 2265 2164
f 2265 2266 2164
f 2164 2266 2165
f 2266 2267 2165
f 2165 2267 2166
f 2267 2268 2166
f 2166 2268 2167
f 2268 2269 2167
f 2167 2269 2168
f 2269 2270 2168
f 2168 2270 2169
f 2270 2271 2169
f 2169 2271 2170
f 2271 2272 2170
f 2170 2272 2171
f 2272 2273 2171
f 2171 2273 2172
f 2273 2274 2172
f 2172 2274 2173
f 2274 2275 2173
f 2173 2275 2078
f 2275 2276 2078
f 2078 2276 2077
f 2276 2277 2077
f 2077 2277 2075
f 2277 2179 2075
f 2075 2179 2073
f 2179 2177 2073
f 2073 2177 2071
f 2177 2175 2071
f 2278 2279 2280
f 2279 2281 2280
f 2280 2281 2282
f 2281 2283 2282
f 2178 2279 2176
f 2279 2278 2176
f 2176 2278 2174
f 2278 2284 2174
f 2174 2284 2180
f 2284 2285 2180
f 2180 2285 2181
f 2285 2286 2181
f 2181 2286 2182
f 2286 2287 2182
f 2182 2287 2183
f 2287 2288 2183
f 2183 2288 2184
f 2288 2289 2184
f 2184 2289 2185
f 2289 2290 2185
f 2185 2290 2186
f 2290 2291 2186
f 2186 2291 2187
f 2291 2292 2187
f 2187 2292 2188
f 2292 2293 2188
f 2188 2293 2189
f 2293 2294 2189
f 2189 2294 2190
f 2294 2295 2190
f 2190 2295 2191
f 2295 2296 2191
f 2191 2296 2192
f 2296 2297 2192
f 2192 2297 2193
f 2297 2298 2193
f 2193 2298 2194
f 2298 2299 2194
f 2194 2299 2195
f 2299 2300 2195
f 2195 2300 2196
f 2300 2301 2196
f 2196 2301 2197
f 2301 2302 2197
f 2197 2302 2198
f 2302 2303 2198
f 2198 2303 2199
f 2303 2304 2199
f 2199 2304 2200
f 2304 2305 2200
f 2200 2305 2201
f 2305 2306 2201
f 2201 2306 2202
f 2306 2307 2202
f 2202 2307 2203
f 2307 2308 2203
f 2203 2308 2204
f 2308 2309 2204
f 2204 2309 2205
f 2309 2310 2205
f 2205 2310 2206
f 2310 2311 2206
f 2206 2311 2207
f 2311 2312 2207
f 2207 2312 2208
f 2312 2313 2208
f 2208 2313 2209
f 2313 2314 2209
f 2209 2314 2210
f 2314 2315 2210
f 2210 2315 2211
f 2315 2316 2211
f 2211 2316 2212
f 2316 2317 2212
f 2212 2317 2213
f 2317 2318 2213
f 2213 2318 2214
f 2318 2319 2214
f 2214 2319 2215
f 2319 2320 2215
f 2215 2320 2216
f 2320 2321 2216
f 2216 2321 2217
f 2321 2322 2217
f 2217 2322 2218
f 2322 2323 2218
f 2218 2323 2219
f 2323 2324 2219
f 2219 2324 2220
f 2324 2325 2220
f 2220 2325 2221
f 2325 2326 2221
f 2221 2326 2222
f 2326 2327 2222
f 2222 2327 2223
f 2327 2328 2223
f 2223 2328 2224
f 2328 2329 2224
f 2224 2329 2225
f 2329 2330 2225
f 2225 2330 2226
f 2330 2331 2226
f 2226 2331 2227
f 2331 2332 2227
f 2227 2332 2228
f 2332 2333 2228
f 2228 2333 2229
f 2333 2334 2229
f 2229 2334 2230
f 2334 2335 2230
f 2230 2335 2231
f 2335 2336 2231
f 2231 2336 2232
f 2336 2337 2232
f 2232 2337 2233
f 2337 2338 2233
f 2233 2338 2234
f 2338 2339 2234
f 2234 2339 2235
f 2339 2340 2235
f 2235 2340 2236
f 2340 2341 2236
f 2236 2341 2237
f 2341 2342 2237
f 2237 2342 2238
f 2342 2343 2238
f 2238 2343 2239
f 2343 2344 2239
f 2239 2344 2240
f 2344 2345 2240
f 2240 2345 2241
f 2345 2346 2241
f 2241 2346 2242
f 2346 2347 2242
f 2242 2347 2243
f 2347 2348 2243
f 2243 2348 2244
f 2348 2349 2244
f 2244 2349 2245
f 2349 2350 2245
f 2245 2350 2246
f 2350 2351 2246
f 2246 2351 2247
f 2351 2352 2247
f 2247 2352 2248
f 2352 2353 2248
f 2248 2353 2249
f 2353 2354 2249
f 2249 2354 2250
f 2354 2355 2250
f 2250 2355 2251
f 2355 2356 2251
f 2251 2356 2252
f 2356 2357 2252
f 2252 2357 2253
f 2357 2358 2253
f 2253 2358 2254
f 2358 2359 2254
f 2254 2359 2255
f 2359 2360 2255
f 2255 2360 2256
f 2360 2361 2256
f 2256 2361 2257
f 2361 2362 2257
f 2257 2362 2258
f 2362 2363 2258
f 2258 2363 2259
f 2363 2364 2259
f 2259 2364 2260
f 2364 2365 2260
f 2260 2365 2261
f 2365 2366 2261
f 2261 2366 2262
f 2366 2367 2262
f 2262 2367 2263
f 2367 2368 2263
f 2263 2368 2264
f 2368 2369 2264
f 2264 2369 2265
f 2369 2370 2265
f 2265 2370 2266
f 2370 2371 2266
f 2266 2371 2267
f 2371 2372 2267
f 2267 2372 2268
f 2372 2373 2268
f 2268 2373 2269
f 2373 2374 2269
f 2269 2374 2270
f 2374 2375 2270
f 2270 2375 2271
f 2375 2376 2271
f 2271 2376 2272
f 2376 2377 2272
f 2272 2377 2273
f 2377 2378 2273
f 2273 2378 2274
f 2378 2379 2274
f 2274 2379 2275
f 2379 2380 2275
f 2275 2380 2276
f 2380 2381 2276
f 2276 2381 2277
f 2381 2283 2277
f 2277 2283 2179
f 2283 2281 2179
f 2179 2281 2178
f 2281 2279 2178
f 2382 2383 2384
f 2383 2385 2384
f 2384 2385 2386
f 2385 2387 2386
f 2282 2383 2280
f 2383 2382 2280
f 2280 2382 2278
f 2382 2388 2278
f 2278 2388 2284
f 2388 2389 2284
f 2284 2389 2285
f 2389 2390 2285
f 2285 2390 2286
f 2390 2391 2286
f 2286 2391 2287
f 2391 2392 2287
f 2287 2392 2288
f 2392 2393 2288
f 2288 2393 2289
f 2393 2394 2289
f 2289 2394 2290
f 2394 2395 2290
f 2290 2395 2291
f 2395 2396 2291
f 2291 2396 2292
f 2396 2397 2292
f 2292 2397 2293
f 2397 2398 2293
f 2293 2398 2294
f 2398 2399 2294
f 2294 2399 2295
f 2399 2400 2295
f 2295 2400 2296
f 2400 2401 2296
f 2296 2401 2297
f 2401 2402 2297
f 2297 2402 2298
f 2402 2403 2298
f 2298 2403 2299
f 2403 2404 2299
f 2299 2404 2300
f 2404 2405 2300
f 2300 2405 2301
f 2405 2406 2301
f 2301 2406 2302
f 2406 2407 2302
f 2302 2407 2303
f 2407 2408 2303
f 2303 2408 2304
f 2408 2409 2304
f 2304 2409 2305
f 2409 2410 2305
f 2305 2410 2306
f 2410 2411 2306
f 2306 2411 2307
f 2411 2412 2307
f 2307 2412 2308
f 2412 2413 2308
f 2308 2413 2309
f 2413 2414 2309
f 2309 2414 2310
f 2414 2415 2310
f 2310 2415 2311
f 2415 2416 2311
f 2311 2416 2312
f 2416 2417 2312
f 2312 2417 2313
f 2417 2418 2313
f 2313 2418 2314
f 2418 2419 2314
f 2314 2419 2315
f 2419 2420 2315
f 2315 2420 2316
f 2420 2421 2316
f 2316 2421 2317
f 2421 2422 2317
f 2317 2422 2318
f 2422 2423 2318
f 2318 2423 2319
f 2423 2424 2319
f 2319 2424 2320
f 2424 2425 2320
f 2320 2425 2321
f 2425 2426 2321
f 2321 2426 2322
f 2426 2427 2322
f 2322 2427 2323
f 2427 2428 2323
f 2323 2428 2324
f 2428 2429 2324
f 2324 2429 2325
f 2429 2430 2325
f 2325 2430 2326
f 2430 2431 2326
f 2326 2431 2327
f 2431 2432 2327
f 2327 2432 2328
f 2432 2433 2328
f 2328 2433 2329
f 2433 2434 2329
f 2329 2434 2330
f 2434 2435 2330
f 2330 2435 2331
f 2435 2436 2331
f 2331 2436 2332
f 2436 2437 2332
f 2332 2437 2333
f 2437 2438 2333
f 2333 2438 2334
f 2438 2439 2334
f 2334 2439 2335
f 2439 2440 2335
f 2335 2440 2336
f 2440 2441 2336
f 2336 2441 2337
f 2441 2442 2337
f 2337 2442 2338
f 2442 2443 2338
f 2338 2443 2339
f 2443 2444 2339
f 2339 2444 2340
f 2444 2445 2340
f 2340 2445 2341
f 2445 2446 2341
f 2341 2446 2342
f 2446 2447 2342
f 2342 2447 2343
f 2447 2448 2343
f 2343 2448 2344
f 2448 2449 2344
f 2344 2449 2345
f 2449 2450 2345
f 2345 2450 2346
f 2450 2451 2346
f 2346 2451 2347
f 2451 2452 2347
f 2347 2452 2348
f 2452 2453 2348
f 2348 2453 2349
f 2453 2454 2349
f 2349 2454 2350
f 2454 2455 2350
f 2350 2455 2351
f 2455 2456 2351
f 2351 2456 2352
f 2456 2457 2352
f 2352 2457 2353
f 2457 2458 2353
f 2353 2458 2354
f 2458 2459 2354
f 2354 2459 2355
f 2459 2460 2355
f 2355 2460 2356
f 2460 2461 2356
f 2356 2461 2357
f 2461 2462 2357
f 2357 2462 2358
f 2462 2463 2358
f 2358 2463 2359
f 2463 2464 2359
f 2359 2464 2360
f 2464 2465 2360
f 2360 2465 2361
f 2465 2466 2361
f 2361 2466 2362
f 2466 2467 2362
f 2362 2467 2363
f 2467 2468 2363
f 2363 2468 2364
f 2468 2469 2364
f 2364 2469 2365
f 2469 2470 2365
f 2365 2470 2366
f 2470 2471 2366
f 2366 2471 2367
f 2471 2472 2367
f 2367 2472 2368
f 2472 2473 2368
f 2368 2473 2369
f 2473 2474 2369
f 2369 2474 2370
f 2474 2475 2370
f 2370 2475 2371
f 2475 2476 2371
f 2371 2476 2372
f 2476 2477 2372
f 2372 2477 2373
f 2477 2478 2373
f 2373 2478 2374
f 2478 2479 2374
f 2374 2479 2375
f 2479 2480 2375
f 2375 2480 2376
f 2480 2481 2376
f 2376 2481 2377
f 2481 2482 2377
f 2377 2482 2378
f 2482 2483 2378
f 2378 2483 2379
f 2483 2484 2379
f 2379 2484 2380
f 2484 2485 2380
f 2380 2485 2381
f 2485 2387 2381
f 2381 2387 2283
f 2387 2385 2283
f 2283 2385 2282
f 2385 2383 2282
f 2386 2486 2384
f 2486 2487 2384
f 2384 2487 2382
f 2487 2488 2382
f 2382 2488 2388
f 2488 2489 2388
f 2388 2489 2389
f 2489 2490 2389
f 2389 2490 2390
f 2490 2491 2390
f 2390 2491 2391
f 2491 2492 2391
f 2391 2492 2392
f 2492 2493 2392
f 2392 2493 2393
f 2493 2494 2393
f 2393 2494 2394
f 2494 2495 2394
f 2394 2495 2395
f 2495 2496 2395
f 2395 2496 2396
f 2496 2497 2396
f 2396 2497 2397
f 2497 2498 2397
f 2397 2498 2398
f 2498 2499 2398
f 2398 2499 2399
f 2499 2500 2399
f 2399 2500 2400
f 2500 2501 2400
f 2400 2501 2401
f 2501 2502 2401
f 2401 2502 2402
f 2502 2503 2402
f 2402 2503 2403
f 2503 2504 2403
f 2403 2504 2404
f 2504 2505 2404
f 2404 2505 2405
f 2505 2506 2405
f 2405 2506 2406
f 2506 2507 2406
f 2406 2507 2407
f 2507 2508 2407
f 2407 2508 2408
f 2508 2509 2408
f 2408 2509 2409
f 2509 2510 2409
f 2409 2510 2410
f 2510 2511 2410
f 2410 2511 2411
f 2511 2512 2411
f 2411 2512 2412
f 2512 2513 2412
f 2412 2513 2413
f 2513 2514 2413
f 2413 2514 2414
f 2514 2515 2414
f 2414 2515 2415
f 2515 2516 2415
f 2415 2516 2416
f 2516 2517 2416
f 2416 2517 2417
f 2517 2518 2417
f 2417 2518 2418
f 2518 2519 2418
f 2418 2519 2419
f 2519 2520 2419
f 2419 2520 2420
f 2520 2521 2420
f 2420 2521 2421
f 2521 2522 2421
f 2421 2522 2422
f 2522 2523 2422
f 2422 2523 2423
f 2523 2524 2423
f 2423 2524 2424
f 2524 2525 2424
f 2424 2525 2425
f 2525 2526 2425
f 2425 2526 2426
f 2526 2527 2426
f 2426 2527 2427
f 2527 2528 2427
f 2427 2528 2428
f 2528 2529 2428
f 2428 2529 2429
f 2529 2530 2429
f 2429 2530 2430
f 2530 2531 2430
f 2430 2531 2431
f 2531 2532 2431
f 2431 2532 2432
f 2532 2533 2432
f 2432 2533 2433
f 2533 2534 2433
f 2433 2534 2434
f 2534 2535 2434
f 2434 2535 2435
f 2535 2536 2435
f 2435 2536 2436
f 2536 2537 2436
f 2436 2537 2437
f 2537 2538 2437
f 2437 2538 2438
f 2538 2539 2438
f 2438 2539 2439
f 2539 2540 2439
f 2439 2540 2440
f 2540 2541 2440
f 2440 2541 2441
f 2541 2542 2441
f 2441 2542 2442
f 2542 2543 2442
f 2442 2543 2443
f 2543 2544 2443
f 2443 2544 2444
f 2544 2545 2444
f 2444 2545 2445
f 2545 2546 2445
f 2445 2546 2446
f 2546 2547 2446
f 2446 2547 2447
f 2547 2548 2447
f 2447 2548 2448
f 2548 2549 2448
f 2448 2549 2449
f 2549 2550 2449
f 2449 2550 2450
f 2550 2551 2450
f 2450 2551 2451
f 2551 2552 2451
f 2451 2552 2452
f 2552 2553 2452
f 2452 2553 2453
f 2553 2554 2453
f 2453 2554 2454
f 2554 2555 2454
f 2454 2555 2455
f 2555 2556 2455
f 2455 2556 2456
f 2556 2557 2456
f 2456 2557 2457
f 2557 2558 2457
f 2457 2558 2458
f 2558 2559 2458
f 2458 2559 2459
f 2559 2560 2459
f 2459 2560 2460
f 2560 2561 2460
f 2460 2561 2461
f 2561 2562 2461
f 2461 2562 2462
f 2562 2563 2462
f 2462 2563 2463
f 2563 2564 2463
f 2463 2564 2464
f 2564 2565 2464
f 2464 2565 2465
f 2565 2566 2465
f 2465 2566 2466
f 2566 2567 2466
f 2466 2567 2467
f 2567 2568 2467
f 2467 2568 2468
f 2568 2569 2468
f 2468 2569 2469
f 2569 2570 2469
f 2469 2570 2470
f 2570 2571 2470
f 2470 2571 2471
f 2571 2572 2471
f 2471 2572 2472
f 2572 2573 2472
f 2472 2573 2473
f 2573 2574 2473
f 2473 2574 2474
f 2574 2575 2474
f 2474 2575 2475
f 2575 2576 2475
f 2475 2576 2476
f 2576 2577 2476
f 2476 2577 2477
f 2577 2578 2477
f 2477 2578 2478
f 2578 2579 2478
f 2478 2579 2479
f 2579 2580 2479
f 2479 2580 2480
f 2580 2581 2480
f 2480 2581 2481
f 2581 2582 2481
f 2481 2582 2482
f 2582 2583 2482
f 2482 2583 2483
f 2583 2584 2483
f 2483 2584 2484
f 2584 2585 2484
f 2484 2585 2485
f 2585 2586 2485
f 2485 2586 2387
f 2586 2587 2387
f 2387 2587 2386
f 2587 2486 2386
f 2587 2588 2486
f 2588 2589 2486
f 2486 2589 2487
f 2589 2590 2487
f 2487 2590 2488
f 2590 2591 2488
f 2488 2591 2489
f 2591 2592 2489
f 2489 2592 2490
f 2592 2593 2490
f 2490 2593 2491
f 2593 2594 2491
f 2491 2594 2492
f 2594 2595 2492
f 2492 2595 2493
f 2595 2596 2493
f 2493 2596 2494
f 2596 2597 2494
f 2494 2597 2495
f 2597 2598 2495
f 2495 2598 2496
f 2598 2599 2496
f 2496 2599 2497
f 2599 2600 2497
f 2497 2600 2498
f 2600 2601 2498
f 2498 2601 2499
f 2601 2602 2499
f 2499 2602 2500
f 2602 2603 2500
f 2500 2603 2501
f 2603 2604 2501
f 2501 2604 2502
f 2604 2605 2502
f 2502 2605 2503
f 2605 2606 2503
f 2503 2606 2504
f 2606 2607 2504
f 2504 2607 2505
f 2607 2608 2505
f 2505 2608 2506
f 2608 2609 2506
f 2506 2609 2507
f 2609 2610 2507
f 2507 2610 2508
f 2610 2611 2508
f 2508 2611 2509
f 2611 2612 2509
f 2509 2612 2510
f 2612 2613 2510
f 2510 2613 2511
f 2613 2614 2511
f 2511 2614 2512
f 2614 2615 2512
f 2512 2615 2513
f 2615 2616 2513
f 2513 2616 2514
f 2616 2617 2514
f 2514 2617 2515
f 2617 2618 2515
f 2515 2618 2516
f 2618 2619 2516
f 2516 2619 2517
f 2619 2620 2517
f 2517 2620 2518
f 2620 2621 2518
f 2518 2621 2519
f 2621 2622 2519
f 2519 2622 2520
f 2622 2623 2520
f 2520 2623 2521
f 2623 2624 2521
f 2521 2624 2522
f 2624 2625 2522
f 2522 2625 2523
f 2625 2626 2523
f 2523 2626 2524
f 2626 2627 2524
f 2524 2627 2525
f 2627 2628 2525
f 2525 2628 2526
f 2628 2629 2526
f 2526 2629 2527
f 2629 2630 2527
f 2527 2630 2528
f 2630 2631 2528
f 2528 2631 2529
f 2631 2632 2529
f 2529 2632 2530
f 2632 2633 2530
f 2530 2633 2531
f 2633 2634 2531
f 2531 2634 2532
f 2634 2635 2532
f 2532 2635 2533
f 2635 2636 2533
f 2533 2636 2534
f 2636 2637 2534
f 2534 2637 2535
f 2637 2638 2535
f 2535 2638 2536
f 2638 2639 2536
f 2536 2639 2537
f 2639 2640 2537
f 2537 2640 2538
f 2640 2641 2538
f 2538 2641 2539
f 2641 2642 2539
f 2539 2642 2540
f 2642 2643 2540
f 2540 2643 2541
f 2643 2644 2541
f 2541 2644 2542
f 2644 2645 2542
f 2542 2645 2543
f 2645 2646 2543
f 2543 2646 2544
f 2646 2647 2544
f 2544 2647 2545
f 2647 2648 2545
f 2545 2648 2546
f 2648 2649 2546
f 2546 2649 2547
f 2649 2650 2547
f 2547 2650 2548
f 2650 2651 2548
f 2548 2651 2549
f 2651 2652 2549
f 2549 2652 2550
f 2652 2653 2550
f 2550 2653 2551
f 2653 2654 2551
f 2551 2654 2552
f 2654 2655 2552
f 2552 2655 2553
f 2655 2656 2553
f 2553 2656 2554
f 2656 2657 2554
f 2554 2657 2555
f 2657 2658 2555
f 2555 2658 2556
f 2658 2659 2556
f 2556 2659 2557
f 2659 2660 2557
f 2557 2660 2558
f 2660 2661 2558
f 2558 2661 2559
f 2661 2662 2559
f 2559 2662 2560
f 2662 2663 2560
f 2560 2663 2561
f 2663 2664 2561
f 2561 2664 2562
f 2664 2665 2562
f 2562 2665 2563
f 2665 2666 2563
f 2563 2666 2564
f 2666 2667 2564
f 2564 2667 2565
f 2667 2668 2565
f 2565 2668 2566
f 2668 2669 2566
f 2566 2669 2567
f 2669 2670 2567
f 2567 2670 2568
f 2670 2671 2568
f 2568 2671 2569
f 2671 2672 2569
f 2569 2672 2570
f 2672 2673 2570
f 2570 2673 2571
f 2673 2674 2571
f 2571 2674 2572
f 2674 2675 2572
f 2572 2675 2573
f 2675 2676 2573
f 2573 2676 2574
f 2676 2677 2574
f 2574 2677 2575
f 2677 2678 2575
f 2575 2678 2576
f 2678 2679 2576
f 2576 2679 2577
f 2679 2680 2577
f 2577 2680 2578
f 2680 2681 2578
f 2578 2681 2579
f 2681 2682 2579
f 2579 2682 2580
f 2682 2683 2580
f 2580 2683 2581
f 2683 2684 2581
f 2581 2684 2582
f 2684 2685 2582
f 2582 2685 2583
f 2685 2686 2583
f 2583 2686 2584
f 2686 2687 2584
f 2584 2687 2585
f 2687 2688 2585
f 2585 2688 2586
f 2688 2689 2586
f 2586 2689 2587
f 2689 2588 2587
f 2689 2690 2588
f 2690 2691 2588
f 2588 2691 2589
f 2691 2692 2589
f 2589 2692 2590
f 2692 2693 2590
f 2590 2693 2591
f 2693 2694 2591
f 2591 2694 2592
f 2694 2695 2592
f 2592 2695 2593
f 2695 2696 2593
f 2593 2696 2594
f 2696 2697 2594
f 2594 2697 2595
f 2697 2698 2595
f 2595 2698 2596
f 2698 2699 2596
f 2596 2699 2597
f 2699 2700 2597
f 2597 2700 2598
f 2700 2701 2598
f 2598 2701 2599
f 2701 2702 2599
f 2599 2702 2600
f 2702 2703 2600
f 2600 2703 2601
f 2703 2704 2601
f 2601 2704 2602
f 2704 2705 2602
f 2602 2705 2603
f 2705 2706 2603
f 2603 2706 2604
f 2706 2707 2604
f 2604 2707 2605
f 2707 2708 2605
f 2605 2708 2606
f 2708 2709 2606
f 2606 2709 2607
f 2709 2710 2607
f 2607 2710 2608
f 2710 2711 2608
f 2608 2711 2609
f 2711 2712 2609
f 2609 2712 2610
f 2712 2713 2610
f 2610 2713 2611
f 2713 2714 2611
f 2611 2714 2612
f 2714 2715 2612
f 2612 2715 2613
f 2715 2716 2613
f 2613 2716 2614
f 2716 2717 2614
f 2614 2717 2615
f 2717 2718 2615
f 2615 2718 2616
f 2718 2719 2616
f 2616 2719 2617
f 2719 2720 2617
f 2617 2720 2618
f 2720 2721 2618
f 2618 2721 2619
f 2721 2722 2619
f 2619 2722 2620
f 2722 2723 2620
f 2620 2723 2621
f 2723 2724 2621
f 2621 2724 2622
f 2724 2725 2622
f 2622 2725 2623
f 2725 2726 2623
f 2623 2726 2624
f 2726 2727 2624
f 2624 2727 2625
f 2727 2728 2625
f 2625 2728 2626
f 2728 2729 2626
f 2626 2729 2627
f 2729 2730 2627
f 2627 2730 2628
f 2730 2731 2628
f 2628 2731 2629
f 2731 2732 2629
f 2629 2732 2630
f 2732 2733 2630
f 2630 2733 2631
f 2733 2734 2631
f 2631 2734 2632
f 2734 2735 2632
f 2632 2735 2633
f 2735 2736 2633
f 2633 2736 2634
f 2736 2737 2634
f 2634 2737 2635
f 2737 2738 2635
f 2635 2738 2636
f 2738 2739 2636
f 2636 2739 2637
f 2739 2740 2637
f 2637 2740 2638
f 2740 2741 2638
f 2638 2741 2639
f 2741 2742 2639
f 2639 2742 2640
f 2742 2743 2640
f 2640 2743 2641
f 2743 2744 2641
f 2641 2744 2642
f 2744 2745 2642
f 2642 2745 2643
f 2745 2746 2643
f 2643 2746 2644
f 2746 2747 2644
f 2644 2747 2645
f 2747 2748 2645
f 2645 2748 2646
f 2748 2749 2646
f 2646 2749 2647
f 2749 2750 2647
f 2647 2750 2648
f 2750 2751 2648
f 2648 2751 2649
f 2751 2752 2649
f 2649 2752 2650
f 2752 2753 2650
f 2650 2753 2651
f 2753 2754 2651
f 2651 2754 2652
f 2754 2755 2652
f 2652 2755 2653
f 2755 2756 2653
f 2653 2756 2654
f 2756 2757 2654
f 2654 2757 2655
f 2757 2758 2655
f 2655 2758 2656
f 2758 2759 2656
f 2656 2759 2657
f 2759 2760 2657
f 2657 2760 2658
f 2760 2761 2658
f 2658 2761 2659
f 2761 2762 2659
f 2659 2762 2660
f 2762 2763 2660
f 2660 2763 2661
f 2763 2764 2661
f 2661 2764 2662
f 2764 2765 2662
f 2662 2765 2663
f 2765 2766 2663
f 2663 2766 2664
f 2766 2767 2664
f 2664 2767 2665
f 2767 2768 2665
f 2665 2768 2666
f 2768 2769 2666
f 2666 2769 2667
f 2769 2770 2667
f 2667 2770 2668
f 2770 2771 2668
f 2668 2771 2669
f 2771 2772 2669
f 2669 2772 2670
f 2772 2773 2670
f 2670 2773 2671
f 2773 2774 2671
f 2671 2774 2672
f 2774 2775 2672
f 2672 2775 2673
f 2775 2776 2673
f 2673 2776 2674
f 2776 2777 2674
f 2674 2777 2675
f 2777 2778 2675
f 2675 2778 2676
f 2778 2779 2676
f 2676 2779 2677
f 2779 2780 2677
f 2677 2780 2678
f 2780 2781 2678
f 2678 2781 2679
f 2781 2782 2679
f 2679 2782 2680
f 2782 2783 2680
f 2680 2783 2681
f 2783 2784 2681
f 2681 2784 2682
f 2784 2785 2682
f 2682 2785 2683
f 2785 2786 2683
f 2683 2786 2684
f 2786 2787 2684
f 2684 2787 2685
f 2787 2788 2685
f 2685 2788 2686
f 2788 2789 2686
f 2686 2789 2687
f 2789 2790 2687
f 2687 2790 2688
f 2790 2791 2688
f 2688 2791 2689
f 2791 2690 2689
f 2791 2792 2690
f 2792 2793 2690
f 2690 2793 2691
f 2793 2794 2691
f 2691 2794 2692
f 2794 2795 2692
f 2692 2795 2693
f 2795 2796 2693
f 2693 2796 2694
f 2796 2797 2694
f 2694 2797 2695
f 2797 2798 2695
f 2695 2798 2696
f 2798 2799 2696
f 2696 2799 2697
f 2799 2800 2697
f 2697 2800 2698
f 2800 2801 2698
f 2698 2801 2699
f 2801 2802 2699
f 2699 2802 2700
f 2802 2803 2700
f 2700 2803 2701
f 2803 2804 2701
f 2701 2804 2702
f 2804 2805 2702
f 2702 2805 2703
f 2805 2806 2703
f 2703 2806 2704
f 2806 2807 2704
f 2704 2807 2705
f 2807 2808 2705
f 2705 2808 2706
f 2808 2809 2706
f 2706 2809 2707
f 2809 2810 2707
f 2707 2810 2708
f 2810 2811 2708
f 2708 2811 2709
f 2811 2812 2709
f 2709 2812 2710
f 2812 2813 2710
f 2710 2813 2711
f 2813 2814 2711
f 2711 2814 2712
f 2814 2815 2712
f 2712 2815 2713
f 2815 2816 2713
f 2713 2816 2714
f 2816 2817 2714
f 2714 2817 2715
f 2817 2818 2715
f 2715 2818 2716
f 2818 2819 2716
f 2716 2819 2717
f 2819 2820 2717
f 2717 2820 2718
f 2820 2821 2718
f 2718 2821 2719
f 2821 2822 2719
f 2719 2822 2720
f 2822 2823 2720
f 2720 2823 2721
f 2823 2824 2721
f 2721 2824 2722
f 2824 2825 2722
f 2722 2825 2723
f 2825 2826 2723
f 2723 2826 2724
f 2826 2827 2724
f 2724 2827 2725
f 2827 2828 2725
f 2725 2828 2726
f 2828 2829 2726
f 2726 2829 2727
f 2829 2830 2727
f 2727 2830 2728
f 2830 2831 2728
f 2728 2831 2729
f 2831 2832 2729
f 2729 2832 2730
f 2832 2833 2730
f 2730 2833 2731
f 2833 2834 2731
f 2731 2834 2732
f 2834 2835 2732
f 2732 2835 2733
f 2835 2836 2733
f 2733 2836 2734
f 2836 2837 2734
f 2734 2837 2735
f 2837 2838 2735
f 2735 2838 2736
f 2838 2839 2736
f 2736 2839 2737
f 2839 2840 2737
f 2737 2840 2738
f 2840 2841 2738
f 2738 2841 2739
f 2841 2842 2739
f 2739 2842 2740
f 2842 2843 2740
f 2740 2843 2741
f 2843 2844 2741
f 2741 2844 2742
f 2844 2845 2742
f 2742 2845 2743
f 2845 2846 2743
f 2743 2846 2744
f 2846 2847 2744
f 2744 2847 2745
f 2847 2848 2745
f 2745 2848 2746
f 2848 2849 2746
f 2746 2849 2747
f 2849 2850 2747
f 2747 2850 2748
f 2850 2851 2748
f 2748 2851 2749
f 2851 2852 2749
f 2749 2852 2750
f 2852 2853 2750
f 2750 2853 2751
f 2853 2854 2751
f 2751 2854 2752
f 2854 2855 2752
f 2752 2855 2753
f 2855 2856 2753
f 2753 2856 2754
f 2856 2857 2754
f 2754 2857 2755
f 2857 2858 2755
f 2755 2858 2756
f 2858 2859 2756
f 2756 2859 2757
f 2859 2860 2757
f 2757 2860 2758
f 2860 2861 2758
f 2758 2861 2759
f 2861 2862 2759
f 2759 2862 2760
f 2862 2863 2760
f 2760 2863 2761
f 2863 2864 2761
f 2761 2864 2762
f 2864 2865 2762
f 2762 2865 2763
f 2865 2866 2763
f 2763 2866 2764
f 2866 2867 2764
f 2764 2867 2765
f 2867 2868 2765
f 2765 2868 2766
f 2868 2869 2766
f 2766 2869 2767
f 2869 2870 2767
f 2767 2870 2768
f 2870 2871 2768
f 2768 2871 2769
f 2871 2872 2769
f 2769 2872 2770
f 2872 2873 2770
f 2770 2873 2771
f 2873 2874 2771
f 2771 2874 2772
f 2874 2875 2772
f 2772 2875 2773
f 2875 2876 2773
f 2773 2876 2774
f 2876 2877 2774
f 2774 2877 2775
f 2877 2878 2775
f 2775 2878 2776
f 2878 2879 2776
f 2776 2879 2777
f 2879 2880 2777
f 2777 2880 2778
f 2880 2881 2778
f 2778 2881 2779
f 2881 2882 2779
f 2779 2882 2780
f 2882 2883 2780
f 2780 2883 2781
f 2883 2884 2781
f 2781 2884 2782
f 2884 2885 2782
f 2782 2885 2783
f 2885 2886 2783
f 2783 2886 2784
f 2886 2887 2784
f 2784 2887 2785
f 2887 2888 2785
f 2785 2888 2786
f 2888 2889 2786
f 2786 2889 2787
f 2889 2890 2787
f 2787 2890 2788
f 2890 2891 2788
f 2788 2891 2789
f 2891 2892 2789
f 2789 2892 2790
f 2892 2893 2790
f 2790 2893 2791
f 2893 2792 2791
f 2893 173 2792
f 173 175 2792
f 2792 175 2793
f 175 177 2793
f 2793 177 2794
f 177 179 2794
f 2794 179 2795
f 179 180 2795
f 2795 180 2796
f 180 153 2796
f 2796 153 2797
f 153 155 2797
f 2797 155 2798
f 155 157 2798
f 2798 157 2799
f 157 146 2799
f 2799 146 2800
f 146 148 2800
f 2800 148 2801
f 148 150 2801
f 2801 150 2802
f 150 140 2802
f 2802 140 2803
f 140 142 2803
f 2803 142 2804
f 142 144 2804
f 2804 144 2805
f 144 145 2805
f 2805 145 2806
f 145 130 2806
f 2806 130 2807
f 130 132 2807
f 2807 132 2808
f 132 134 2808
f 2808 134 2809
f 134 124 2809
f 2809 124 2810
f 124 126 2810
f 2810 126 2811
f 126 128 2811
f 2811 128 2812
f 128 129 2812
f 2812 129 2813
f 129 114 2813
f 2813 114 2814
f 114 116 2814
f 2814 116 2815
f 116 118 2815
f 2815 118 2816
f 118 107 2816
f 2816 107 2817
f 107 109 2817
f 2817 109 2818
f 109 111 2818
f 2818 111 2819
f 111 98 2819
f 2819 98 2820
f 98 100 2820
f 2820 100 2821
f 100 102 2821
f 2821 102 2822
f 102 104 2822
f 2822 104 2823
f 104 95 2823
f 2823 95 2824
f 95 90 2824
f 2824 90 2825
f 90 92 2825
f 2825 92 2826
f 92 83 2826
f 2826 83 2827
f 83 85 2827
f 2827 85 2828
f 85 87 2828
f 2828 87 2829
f 87 80 2829
f 2829 80 2830
f 80 75 2830
f 2830 75 2831
f 75 77 2831
f 2831 77 2832
f 77 70 2832
f 2832 70 2833
f 70 72 2833
f 2833 72 2834
f 72 67 2834
f 2834 67 2835
f 67 64 2835
f 2835 64 2836
f 64 59 2836
f 2836 59 2837
f 59 61 2837
f 2837 61 2838
f 61 57 2838
f 2838 57 2839
f 57 55 2839
f 2839 55 2840
f 55 51 2840
f 2840 51 2841
f 51 44 2841
f 2841 44 2842
f 44 46 2842
f 2842 46 2843
f 46 41 2843
f 2843 41 2844
f 41 3 2844
f 2844 3 2845
f 3 2 2845
f 2845 2 2846
f 2 33 2846
f 2846 33 2847
f 33 35 2847
f 2847 35 2848
f 35 30 2848
f 2848 30 2849
f 30 25 2849
f 2849 25 2850
f 25 27 2850
f 2850 27 2851
f 27 22 2851
f 2851 22 2852
f 22 17 2852
f 2852 17 2853
f 17 19 2853
f 2853 19 2854
f 19 10 2854
f 2854 10 2855
f 10 12 2855
f 2855 12 2856
f 12 14 2856
f 2856 14 2857
f 14 4 2857
f 2857 4 2858
f 4 6 2858
f 2858 6 2859
f 6 8 2859
f 2859 8 2860
f 8 9 2860
f 2860 9 2861
f 9 238 2861
f 2861 238 2862
f 238 240 2862
f 2862 240 2863
f 240 242 2863
f 2863 242 2864
f 242 229 2864
f 2864 229 2865
f 229 231 2865
f 2865 231 2866
f 231 233 2866
f 2866 233 2867
f 233 220 2867
f 2867 220 2868
f 220 222 2868
f 2868 222 2869
f 222 224 2869
f 2869 224 2870
f 224 226 2870
f 2870 226 2871
f 226 213 2871
f 2871 213 2872
f 213 215 2872
f 2872 215 2873
f 215 217 2873
f 2873 217 2874
f 217 204 2874
f 2874 204 2875
f 204 206 2875
f 2875 206 2876
f 206 208 2876
f 2876 208 2877
f 208 210 2877
f 2877 210 2878
f 210 197 2878
f 2878 197 2879
f 197 199 2879
f 2879 199 2880
f 199 201 2880
f 2880 201 2881
f 201 188 2881
f 2881 188 2882
f 188 190 2882
f 2882 190 2883
f 190 192 2883
f 2883 192 2884
f 192 194 2884
f 2884 194 2885
f 194 181 2885
f 2885 181 2886
f 181 183 2886
f 2886 183 2887
f 183 185 2887
f 2887 185 2888
f 185 163 2888
f 2888 163 2889
f 163 165 2889
f 2889 165 2890
f 165 167 2890
f 2890 167 2891
f 167 169 2891
f 2891 169 2892
f 169 171 2892
f 2892 171 2893
f 171 173 2893
f 460 443 2894
f 460 2894 459
f 453 455 2894
f 455 457 2894
f 2894 457 459
f 447 449 2894
f 449 451 2894
f 2894 451 453
f 251 246 2894
f 246 245 2894
f 2894 245 447
f 252 248 2894
f 248 250 2894
f 2894 250 251
f 257 259 2894
f 259 260 2894
f 2894 260 252
f 267 261 2894
f 261 255 2894
f 2894 255 257
f 268 264 2894
f 264 266 2894
f 2894 266 267
f 273 275 2894
f 275 276 2894
f 2894 276 268
f 283 277 2894
f 277 271 2894
f 2894 271 273
f 284 280 2894
f 280 282 2894
f 2894 282 283
f 290 288 2894
f 288 287 2894
f 2894 287 284
f 296 294 2894
f 294 292 2894
f 2894 292 290
f 301 299 2894
f 299 297 2894
f 2894 297 296
f 306 304 2894
f 304 303 2894
f 2894 303 301
f 312 310 2894
f 310 308 2894
f 2894 308 306
f 317 315 2894
f 315 313 2894
f 2894 313 312
f 322 320 2894
f 320 319 2894
f 2894 319 317
f 328 326 2894
f 326 324 2894
f 2894 324 322
f 334 332 2894
f 332 330 2894
f 2894 330 328
f 339 337 2894
f 337 335 2894
f 2894 335 334
f 344 342 2894
f 342 341 2894
f 2894 341 339
f 353 348 2894
f 348 346 2894
f 2894 346 344
f 356 350 2894
f 350 352 2894
f 2894 352 353
f 360 358 2894
f 358 357 2894
f 2894 357 356
f 366 364 2894
f 364 362 2894
f 2894 362 360
f 371 369 2894
f 369 367 2894
f 2894 367 366
f 376 374 2894
f 374 373 2894
f 2894 373 371
f 382 380 2894
f 380 378 2894
f 2894 378 376
f 387 385 2894
f 385 383 2894
f 2894 383 382
f 392 390 2894
f 390 389 2894
f 2894 389 387
f 398 396 2894
f 396 394 2894
f 2894 394 392
f 403 401 2894
f 401 399 2894
f 2894 399 398
f 408 406 2894
f 406 405 2894
f 2894 405 403
f 414 412 2894
f 412 410 2894
f 2894 410 408
f 419 417 2894
f 417 415 2894
f 2894 415 414
f 424 422 2894
f 422 421 2894
f 2894 421 419
f 429 428 2894
f 428 426 2894
f 2894 426 424
f 435 433 2894
f 433 431 2894
f 2894 431 429
f 440 438 2894
f 438 437 2894
f 2894 437 435
f 576 577 2894
f 577 578 2894
f 2894 578 440
f 573 574 2894
f 574 575 2894
f 2894 575 576
f 443 442 2894
f 442 572 2894
f 2894 572 573
f 162 161 2895
f 191 189 2896
f 189 203 2896
f 2896 203 202
f 212 2897 198
f 2897 2896 198
f 198 2896 200
f 2896 202 200
f 2895 176 2898
f 176 174 2898
f 2898 174 172
f 162 2895 154
f 161 160 2895
f 160 178 2895
f 2895 178 176
f 139 138 2899
f 138 137 2899
f 2900 119 117
f 212 211 2897
f 211 209 2897
f 2897 209 207
f 207 205 2897
f 205 219 2897
f 2897 219 2901
f 219 218 2901
f 2901 218 216
f 191 2896 193
f 2896 2902 193
f 193 2902 195
f 172 170 2898
f 170 168 2898
f 2898 168 166
f 166 164 2898
f 164 187 2898
f 2898 187 2902
f 187 186 2902
f 2902 186 184
f 151 149 2903
f 149 147 2903
f 122 2904 123
f 2904 2900 123
f 123 2900 115
f 2900 117 115
f 235 234 2905
f 234 232 2905
f 232 230 2905
f 2905 230 244
f 244 243 2905
f 243 241 2905
f 2905 241 239
f 239 237 2905
f 237 236 2905
f 2905 236 7
f 216 214 2901
f 214 228 2901
f 2901 228 227
f 184 182 2902
f 182 196 2902
f 2902 196 195
f 147 159 2903
f 159 158 2903
f 2903 158 2895
f 158 156 2895
f 2895 156 154
f 2904 133 2899
f 133 131 2899
f 2899 131 139
f 122 121 2904
f 121 127 2904
f 2904 127 125
f 125 136 2904
f 136 135 2904
f 2904 135 133
f 105 103 2900
f 103 101 2900
f 2900 101 99
f 227 225 2901
f 225 223 2901
f 2901 223 2905
f 223 221 2905
f 2905 221 235
f 137 143 2899
f 143 141 2899
f 2899 141 2903
f 141 152 2903
f 2903 152 151
f 110 108 2900
f 108 120 2900
f 2900 120 119
f 99 113 2900
f 113 112 2900
f 2900 112 110
f 2906 2907 2908
f 2907 2909 2908
f 2908 2909 2910
f 2909 2911 2910
f 2910 2911 2912
f 2911 2913 2912
f 2912 2913 2914
f 2913 2915 2914
f 2914 2915 2916
f 2915 2917 2916
f 2916 2917 2918
f 2917 2919 2918
f 2918 2919 2920
f 2919 2921 2920
f 2920 2921 2922
f 2921 2923 2922
f 2922 2923 2924
f 2923 2925 2924
f 2924 2925 2926
f 2925 2927 2926
f 2926 2927 2928
f 2927 2929 2928
f 2928 2929 2930
f 2929 2931 2930
f 2930 2931 2932
f 2931 2933 2932
f 2932 2933 2934
f 2933 2935 2934
f 2934 2935 2936
f 2935 2937 2936
f 2936 2937 2938
f 2937 2939 2938
f 2938 2939 2940
f 2939 2941 2940
f 2940 2941 2942
f 2941 2943 2942
f 2942 2943 2944
f 2943 2945 2944
f 2944 2945 2946
f 2945 2947 2946
f 2946 2947 2948
f 2947 2949 2948
f 2948 2949 2950
f 2949 2951 2950
f 2950 2951 2952
f 2951 2953 2952
f 2952 2953 2954
f 2953 2955 2954
f 2954 2955 2956
f 2955 2957 2956
f 2956 2957 2958
f 2957 2959 2958
f 2958 2959 2960
f 2959 2961 2960
f 2960 2961 2962
f 2961 2963 2962
f 2962 2963 2964
f 2963 2965 2964
f 2964 2965 2966
f 2965 2967 2966
f 2966 2967 2968
f 2967 2969 2968
f 2968 2969 2970
f 2969 2971 2970
f 2970 2971 2972
f 2971 2973 2972
f 2972 2973 2974
f 2973 2975 2974
f 2974 2975 2976
f 2975 2977 2976
f 2976 2977 2978
f 2977 2979 2978
f 2978 2979 2980
f 2979 2981 2980
f 2980 2981 2982
f 2981 2983 2982
f 2982 2983 2984
f 2983 2985 2984
f 2984 2985 2986
f 2985 2987 2986
f 2986 2987 2988
f 2987 2989 2988
f 2988 2989 2990
f 2989 2991 2990
f 2990 2991 2992
f 2991 2993 2992
f 2992 2993 2994
f 2993 2995 2994
f 2994 2995 2996
f 2995 2997 2996
f 2996 2997 2998
f 2997 2999 2998
f 2998 2999 3000
f 2999 3001 3000
f 3000 3001 3002
f 3001 3003 3002
f 3002 3003 3004
f 3003 3005 3004
f 3004 3005 3006
f 3005 3007 3006
f 3006 3007 3008
f 3007 3009 3008
f 3008 3009 3010
f 3009 3011 3010
f 3010 3011 3012
f 3011 3013 3012
f 3012 3013 3014
f 3013 3015 3014
f 3014 3015 3016
f 3015 3017 3016
f 3016 3017 3018
f 3017 3019 3018
f 3018 3019 3020
f 3019 3021 3020
f 3020 3021 3022
f 3021 3023 3022
f 3022 3023 3024
f 3023 3025 3024
f 3024 3025 3026
f 3025 3027 3026
f 3026 3027 3028
f 3027 3029 3028
f 3028 3029 3030
f 3029 3031 3030
f 3030 3031 3032
f 3031 3033 3032
f 3032 3033 3034
f 3033 3035 3034
f 3034 3035 3036
f 3035 3037 3036
f 3036 3037 3038
f 3037 3039 3038
f 3038 3039 3040
f 3039 3041 3040
f 3040 3041 3042
f 3041 3043 3042
f 3042 3043 3044
f 3043 3045 3044
f 3044 3045 3046
f 3045 3047 3046
f 3046 3047 3048
f 3047 3049 3048
f 3048 3049 2906
f 3049 2907 2906
f 2932 2934 3050
f 2934 2936 3050
f 3050 2936 3051
f 2936 2938 3051
f 3051 2938 3052
f 2938 2940 3052
f 3052 2940 3053
f 2940 2942 3053
f 3053 2942 3054
f 2942 2944 3054
f 3054 2944 3055
f 2944 2946 3055
f 3055 2946 3056
f 2946 2948 3056
f 3056 2948 3057
f 2948 2950 3057
f 3057 2950 3058
f 2950 2952 3058
f 3058 2952 3059
f 2952 2954 3059
f 3059 2954 3060
f 2954 2956 3060
f 3060 2956 3061
f 2956 2958 3061
f 3061 2958 3062
f 2958 2960 3062
f 3062 2960 3063
f 2960 2962 3063
f 3063 2962 3064
f 2962 2964 3064
f 3064 2964 3065
f 2964 2966 3065
f 3065 2966 3066
f 2966 2968 3066
f 3066 2968 3067
f 2968 2970 3067
f 3067 2970 3068
f 2970 2972 3068
f 3068 2972 3069
f 2972 2974 3069
f 3069 2974 3070
f 2974 2976 3070
f 3070 2976 3071
f 2976 2978 3071
f 3071 2978 3072
f 2978 2980 3072
f 3072 2980 3073
f 2980 2982 3073
f 3073 2982 3074
f 2982 2984 3074
f 3074 2984 3075
f 2984 2986 3075
f 3075 2986 3076
f 2986 2988 3076
f 3076 2988 3077
f 2988 2990 3077
f 3077 2990 3078
f 2990 2992 3078
f 3078 2992 3079
f 2992 2994 3079
f 3079 2994 3080
f 2994 2996 3080
f 3080 2996 3081
f 2996 2998 3081
f 3081 2998 3082
f 2998 3000 3082
f 3082 3000 3083
f 3000 3002 3083
f 3083 3002 3084
f 3002 3004 3084
f 3004 3085 3084
f 3085 3086 3084
f 3084 3086 3083
f 3086 3087 3083
f 3083 3087 3082
f 3087 3088 3082
f 3082 3088 3081
f 3088 3089 3081
f 3081 3089 3080
f 3089 3090 3080
f 3080 3090 3079
f 3090 3091 3079
f 3079 3091 3078
f 3091 3092 3078
f 3078 3092 3077
f 3092 3093 3077
f 3077 3093 3076
f 3093 3094 3076
f 3076 3094 3075
f 3094 3095 3075
f 3075 3095 3074
f 3095 3096 3074
f 3074 3096 3073
f 3096 3097 3073
f 3073 3097 3072
f 3097 3098 3072
f 3072 3098 3071
f 3098 3099 3071
f 3071 3099 3070
f 3099 3100 3070
f 3070 3100 3069
f 3100 3101 3069
f 3069 3101 3068
f 3101 3102 3068
f 3068 3102 3067
f 3102 3103 3067
f 3067 3103 3066
f 3103 3104 3066
f 3066 3104 3065
f 3104 3105 3065
f 3065 3105 3064
f 3105 3106 3064
f 3064 3106 3063
f 3106 3107 3063
f 3063 3107 3062
f 3107 3108 3062
f 3062 3108 3061
f 3108 3109 3061
f 3061 3109 3060
f 3109 3110 3060
f 3060 3110 3059
f 3110 3111 3059
f 3059 3111 3058
f 3111 3112 3058
f 3058 3112 3057
f 3112 3113 3057
f 3057 3113 3056
f 3113 3114 3056
f 3056 3114 3055
f 3114 3115 3055
f 3055 3115 3054
f 3115 3116 3054
f 3054 3116 3053
f 3116 3117 3053
f 3053 3117 3052
f 3117 3118 3052
f 3052 3118 3051
f 3118 3119 3051
f 3051 3119 3050
f 3119 2932 3050
f 3004 3120 3085
f 3120 3121 3085
f 3085 3121 3086
f 3121 3122 3086
f 3086 3122 3087
f 3122 3123 3087
f 3087 3123 3088
f 3123 3124 3088
f 3088 3124 3089
f 3124 3125 3089
f 3089 3125 3090
f 3125 3126 3090
f 3090 3126 3091
f 3126 3127 3091
f 3091 3127 3092
f 3127 3128 3092
f 3092 3128 3093
f 3128 3129 3093
f 3093 3129 3094
f 3129 3130 3094
f 3094 3130 3095
f 3130 3131 3095
f 3095 3131 3096
f 3131 3132 3096
f 3096 3132 3097
f 3132 3133 3097
f 3097 3133 3098
f 3133 3134 3098
f 3098 3134 3099
f 3134 3135 3099
f 3099 3135 3100
f 3135 3136 3100
f 3100 3136 3101
f 3136 3137 3101
f 3101 3137 3102
f 3137 3138 3102
f 3102 3138 3103
f 3138 3139 3103
f 3103 3139 3104
f 3139 3140 3104
f 3104 3140 3105
f 3140 3141 3105
f 3105 3141 3106
f 3141 3142 3106
f 3106 3142 3107
f 3142 3143 3107
f 3107 3143 3108
f 3143 3144 3108
f 3108 3144 3109
f 3144 3145 3109
f 3109 3145 3110
f 3145 3146 3110
f 3110 3146 3111
f 3146 3147 3111
f 3111 3147 3112
f 3147 3148 3112
f 3112 3148 3113
f 3148 3149 3113
f 3113 3149 3114
f 3149 3150 3114
f 3114 3150 3115
f 3150 3151 3115
f 3115 3151 3116
f 3151 3152 3116
f 3116 3152 3117
f 3152 3153 3117
f 3117 3153 3118
f 3153 3154 3118
f 3118 3154 3119
f 3154 2932 3119
f 3004 3155 3120
f 3155 3156 3120
f 3120 3156 3121
f 3156 3157 3121
f 3121 3157 3122
f 3157 3158 3122
f 3122 3158 3123
f 3158 3159 3123
f 3123 3159 3124
f 3159 3160 3124
f 3124 3160 3125
f 3160 3161 3125
f 3125 3161 3126
f 3161 3162 3126
f 3126 3162 3127
f 3162 3163 3127
f 3127 3163 3128
f 3163 3164 3128
f 3128 3164 3129
f 3164 3165 3129
f 3129 3165 3130
f 3165 3166 3130
f 3130 3166 3131
f 3166 3167 3131
f 3131 3167 3132
f 3167 3168 3132
f 3132 3168 3133
f 3168 3169 3133
f 3133 3169 3134
f 3169 3170 3134
f 3134 3170 3135
f 3170 3171 3135
f 3135 3171 3136
f 3171 3172 3136
f 3136 3172 3137
f 3172 3173 3137
f 3137 3173 3138
f 3173 3174 3138
f 3138 3174 3139
f 3174 3175 3139
f 3139 3175 3140
f 3175 3176 3140
f 3140 3176 3141
f 3176 3177 3141
f 3141 3177 3142
f 3177 3178 3142
f 3142 3178 3143
f 3178 3179 3143
f 3143 3179 3144
f 3179 3180 3144
f 3144 3180 3145
f 3180 3181 3145
f 3145 3181 3146
f 3181 3182 3146
f 3146 3182 3147
f 3182 3183 3147
f 3147 3183 3148
f 3183 3184 3148
f 3148 3184 3149
f 3184 3185 3149
f 3149 3185 3150
f 3185 3186 3150
f 3150 3186 3151
f 3186 3187 3151
f 3151 3187 3152
f 3187 3188 3152
f 3152 3188 3153
f 3188 3189 3153
f 3153 3189 3154
f 3189 2932 3154
f 3004 3190 3155
f 3190 3191 3155
f 3155 3191 3156
f 3191 3192 3156
f 3156 3192 3157
f 3192 3193 3157
f 3157 3193 3158
f 3193 3194 3158
f 3158 3194 3159
f 3194 3195 3159
f 3159 3195 3160
f 3195 3196 3160
f 3160 3196 3161
f 3196 3197 3161
f 3161 3197 3162
f 3197 3198 3162
f 3162 3198 3163
f 3198 3199 3163
f 3163 3199 3164
f 3199 3200 3164
f 3164 3200 3165
f 3200 3201 3165
f 3165 3201 3166
f 3201 3202 3166
f 3166 3202 3167
f 3202 3203 3167
f 3167 3203 3168
f 3203 3204 3168
f 3168 3204 3169
f 3204 3205 3169
f 3169 3205 3170
f 3205 3206 3170
f 3170 3206 3171
f 3206 3207 3171
f 3171 3207 3172
f 3207 3208 3172
f 3172 3208 3173
f 3208 3209 3173
f 3173 3209 3174
f 3209 3210 3174
f 3174 3210 3175
f 3210 3211 3175
f 3175 3211 3176
f 3211 3212 3176
f 3176 3212 3177
f 3212 3213 3177
f 3177 3213 3178
f 3213 3214 3178
f 3178 3214 3179
f 3214 3215 3179
f 3179 3215 3180
f 3215 3216 3180
f 3180 3216 3181
f 3216 3217 3181
f 3181 3217 3182
f 3217 3218 3182
f 3182 3218 3183
f 3218 3219 3183
f 3183 3219 3184
f 3219 3220 3184
f 3184 3220 3185
f 3220 3221 3185
f 3185 3221 3186
f 3221 3222 3186
f 3186 3222 3187
f 3222 3223 3187
f 3187 3223 3188
f 3223 3224 3188
f 3188 3224 3189
f 3224 2932 3189
f 3004 3225 3190
f 3225 3226 3190
f 3190 3226 3191
f 3226 3227 3191
f 3191 3227 3192
f 3227 3228 3192
f 3192 3228 3193
f 3228 3229 3193
f 3193 3229 3194
f 3229 3230 3194
f 3194 3230 3195
f 3230 3231 3195
f 3195 3231 3196
f 3231 3232 3196
f 3196 3232 3197
f 3232 3233 3197
f 3197 3233 3198
f 3233 3234 3198
f 3198 3234 3199
f 3234 3235 3199
f 3199 3235 3200
f 3235 3236 3200
f 3200 3236 3201
f 3236 3237 3201
f 3201 3237 3202
f 3237 3238 3202
f 3202 3238 3203
f 3238 3239 3203
f 3203 3239 3204
f 3239 3240 3204
f 3204 3240 3205
f 3240 3241 3205
f 3205 3241 3206
f 3241 3242 3206
f 3206 3242 3207
f 3242 3243 3207
f 3207 3243 3208
f 3243 3244 3208
f 3208 3244 3209
f 3244 3245 3209
f 3209 3245 3210
f 3245 3246 3210
f 3210 3246 3211
f 3246 3247 3211
f 3211 3247 3212
f 3247 3248 3212
f 3212 3248 3213
f 3248 3249 3213
f 3213 3249 3214
f 3249 3250 3214
f 3214 3250 3215
f 3250 3251 3215
f 3215 3251 3216
f 3251 3252 3216
f 3216 3252 3217
f 3252 3253 3217
f 3217 3253 3218
f 3253 3254 3218
f 3218 3254 3219
f 3254 3255 3219
f 3219 3255 3220
f 3255 3256 3220
f 3220 3256 3221
f 3256 3257 3221
f 3221 3257 3222
f 3257 3258 3222
f 3222 3258 3223
f 3258 3259 3223
f 3223 3259 3224
f 3259 2932 3224
f 3004 3260 3225
f 3260 3261 3225
f 3225 3261 3226
f 3261 3262 3226
f 3226 3262 3227
f 3262 3263 3227
f 3227 3263 3228
f 3263 3264 3228
f 3228 3264 3229
f 3264 3265 3229
f 3229 3265 3230
f 3265 3266 3230
f 3230 3266 3231
f 3266 3267 3231
f 3231 3267 3232
f 3267 3268 3232
f 3232 3268 3233
f 3268 3269 3233
f 3233 3269 3234
f 3269 3270 3234
f 3234 3270 3235
f 3270 3271 3235
f 3235 3271 3236
f 3271 3272 3236
f 3236 3272 3237
f 3272 3273 3237
f 3237 3273 3238
f 3273 3274 3238
f 3238 3274 3239
f 3274 3275 3239
f 3239 3275 3240
f 3275 3276 3240
f 3240 3276 3241
f 3276 3277 3241
f 3241 3277 3242
f 3277 3278 3242
f 3242 3278 3243
f 3278 3279 3243
f 3243 3279 3244
f 3279 3280 3244
f 3244 3280 3245
f 3280 3281 3245
f 3245 3281 3246
f 3281 3282 3246
f 3246 3282 3247
f 3282 3283 3247
f 3247 3283 3248
f 3283 3284 3248
f 3248 3284 3249
f 3284 3285 3249
f 3249 3285 3250
f 3285 3286 3250
f 3250 3286 3251
f 3286 3287 3251
f 3251 3287 3252
f 3287 3288 3252
f 3252 3288 3253
f 3288 3289 3253
f 3253 3289 3254
f 3289 3290 3254
f 3254 3290 3255
f 3290 3291 3255
f 3255 3291 3256
f 3291 3292 3256
f 3256 3292 3257
f 3292 3293 3257
f 3257 3293 3258
f 3293 3294 3258
f 3258 3294 3259
f 3294 2932 3259
f 3004 3295 3260
f 3295 3296 3260
f 3260 3296 3261
f 3296 3297 3261
f 3261 3297 3262
f 3297 3298 3262
f 3262 3298 3263
f 3298 3299 3263
f 3263 3299 3264
f 3299 3300 3264
f 3264 3300 3265
f 3300 3301 3265
f 3265 3301 3266
f 3301 3302 3266
f 3266 3302 3267
f 3302 3303 3267
f 3267 3303 3268
f 3303 3304 3268
f 3268 3304 3269
f 3304 3305 3269
f 3269 3305 3270
f 3305 3306 3270
f 3270 3306 3271
f 3306 3307 3271
f 3271 3307 3272
f 3307 3308 3272
f 3272 3308 3273
f 3308 3309 3273
f 3273 3309 3274
f 3309 3310 3274
f 3274 3310 3275
f 3310 3311 3275
f 3275 3311 3276
f 3311 3312 3276
f 3276 3312 3277
f 3312 3313 3277
f 3277 3313 3278
f 3313 3314 3278
f 3278 3314 3279
f 3314 3315 3279
f 3279 3315 3280
f 3315 3316 3280
f 3280 3316 3281
f 3316 3317 3281
f 3281 3317 3282
f 3317 3318 3282
f 3282 3318 3283
f 3318 3319 3283
f 3283 3319 3284
f 3319 3320 3284
f 3284 3320 3285
f 3320 3321 3285
f 3285 3321 3286
f 3321 3322 3286
f 3286 3322 3287
f 3322 3323 3287
f 3287 3323 3288
f 3323 3324 3288
f 3288 3324 3289
f 3324 3325 3289
f 3289 3325 3290
f 3325 3326 3290
f 3290 3326 3291
f 3326 3327 3291
f 3291 3327 3292
f 3327 3328 3292
f 3292 3328 3293
f 3328 3329 3293
f 3293 3329 3294
f 3329 2932 3294
f 3004 3330 3295
f 3330 3331 3295
f 3295 3331 3296
f 3331 3332 3296
f 3296 3332 3297
f 3332 3333 3297
f 3297 3333 3298
f 3333 3334 3298
f 3298 3334 3299
f 3334 3335 3299
f 3299 3335 3300
f 3335 3336 3300
f 3300 3336 3301
f 3336 3337 3301
f 3301 3337 3302
f 3337 3338 3302
f 3302 3338 3303
f 3338 3339 3303
f 3303 3339 3304
f 3339 3340 3304
f 3304 3340 3305
f 3340 3341 3305
f 3305 3341 3306
f 3341 3342 3306
f 3306 3342 3307
f 3342 3343 3307
f 3307 3343 3308
f 3343 3344 3308
f 3308 3344 3309
f 3344 3345 3309
f 3309 3345 3310
f 3345 3346 3310
f 3310 3346 3311
f 3346 3347 3311
f 3311 3347 3312
f 3347 3348 3312
f 3312 3348 3313
f 3348 3349 3313
f 3313 3349 3314
f 3349 3350 3314
f 3314 3350 3315
f 3350 3351 3315
f 3315 3351 3316
f 3351 3352 3316
f 3316 3352 3317
f 3352 3353 3317
f 3317 3353 3318
f 3353 3354 3318
f 3318 3354 3319
f 3354 3355 3319
f 3319 3355 3320
f 3355 3356 3320
f 3320 3356 3321
f 3356 3357 3321
f 3321 3357 3322
f 3357 3358 3322
f 3322 3358 3323
f 3358 3359 3323
f 3323 3359 3324
f 3359 3360 3324
f 3324 3360 3325
f 3360 3361 3325
f 3325 3361 3326
f 3361 3362 3326
f 3326 3362 3327
f 3362 3363 3327
f 3327 3363 3328
f 3363 3364 3328
f 3328 3364 3329
f 3364 2932 3329
f 3004 3365 3330
f 3365 3366 3330
f 3330 3366 3331
f 3366 3367 3331
f 3331 3367 3332
f 3367 3368 3332
f 3332 3368 3333
f 3368 3369 3333
f 3333 3369 3334
f 3369 3370 3334
f 3334 3370 3335
f 3370 3371 3335
f 3335 3371 3336
f 3371 3372 3336
f 3336 3372 3337
f 3372 3373 3337
f 3337 3373 3338
f 3373 3374 3338
f 3338 3374 3339
f 3374 3375 3339
f 3339 3375 3340
f 3375 3376 3340
f 3340 3376 3341
f 3376 3377 3341
f 3341 3377 3342
f 3377 3378 3342
f 3342 3378 3343
f 3378 3379 3343
f 3343 3379 3344
f 3379 3380 3344
f 3344 3380 3345
f 3380 3381 3345
f 3345 3381 3346
f 3381 3382 3346
f 3346 3382 3347
f 3382 3383 3347
f 3347 3383 3348
f 3383 3384 3348
f 3348 3384 3349
f 3384 3385 3349
f 3349 3385 3350
f 3385 3386 3350
f 3350 3386 3351
f 3386 3387 3351
f 3351 3387 3352
f 3387 3388 3352
f 3352 3388 3353
f 3388 3389 3353
f 3353 3389 3354
f 3389 3390 3354
f 3354 3390 3355
f 3390 3391 3355
f 3355 3391 3356
f 3391 3392 3356
f 3356 3392 3357
f 3392 3393 3357
f 3357 3393 3358
f 3393 3394 3358
f 3358 3394 3359
f 3394 3395 3359
f 3359 3395 3360
f 3395 3396 3360
f 3360 3396 3361
f 3396 3397 3361
f 3361 3397 3362
f 3397 3398 3362
f 3362 3398 3363
f 3398 3399 3363
f 3363 3399 3364
f 3399 2932 3364
f 3004 3400 3365
f 3400 3401 3365
f 3365 3401 3366
f 3401 3402 3366
f 3366 3402 3367
f 3402 3403 3367
f 3367 3403 3368
f 3403 3404 3368
f 3368 3404 3369
f 3404 3405 3369
f 3369 3405 3370
f 3405 3406 3370
f 3370 3406 3371
f 3406 3407 3371
f 3371 3407 3372
f 3407 3408 3372
f 3372 3408 3373
f 3408 3409 3373
f 3373 3409 3374
f 3409 3410 3374
f 3374 3410 3375
f 3410 3411 3375
f 3375 3411 3376
f 3411 3412 3376
f 3376 3412 3377
f 3412 3413 3377
f 3377 3413 3378
f 3413 3414 3378
f 3378 3414 3379
f 3414 3415 3379
f 3379 3415 3380
f 3415 3416 3380
f 3380 3416 3381
f 3416 3417 3381
f 3381 3417 3382
f 3417 3418 3382
f 3382 3418 3383
f 3418 3419 3383
f 3383 3419 3384
f 3419 3420 3384
f 3384 3420 3385
f 3420 3421 3385
f 3385 3421 3386
f 3421 3422 3386
f 3386 3422 3387
f 3422 3423 3387
f 3387 3423 3388
f 3423 3424 3388
f 3388 3424 3389
f 3424 3425 3389
f 3389 3425 3390
f 3425 3426 3390
f 3390 3426 3391
f 3426 3427 3391
f 3391 3427 3392
f 3427 3428 3392
f 3392 3428 3393
f 3428 3429 3393
f 3393 3429 3394
f 3429 3430 3394
f 3394 3430 3395
f 3430 3431 3395
f 3395 3431 3396
f 3431 3432 3396
f 3396 3432 3397
f 3432 3433 3397
f 3397 3433 3398
f 3433 3434 3398
f 3398 3434 3399
f 3434 2932 3399
f 3004 3435 3400
f 3435 3436 3400
f 3400 3436 3401
f 3436 3437 3401
f 3401 3437 3402
f 3437 3438 3402
f 3402 3438 3403
f 3438 3439 3403
f 3403 3439 3404
f 3439 3440 3404
f 3404 3440 3405
f 3440 3441 3405
f 3405 3441 3406
f 3441 3442 3406
f 3406 3442 3407
f 3442 3443 3407
f 3407 3443 3408
f 3443 3444 3408
f 3408 3444 3409
f 3444 3445 3409
f 3409 3445 3410
f 3445 3446 3410
f 3410 3446 3411
f 3446 3447 3411
f 3411 3447 3412
f 3447 3448 3412
f 3412 3448 3413
f 3448 3449 3413
f 3413 3449 3414
f 3449 3450 3414
f 3414 3450 3415
f 3450 3451 3415
f 3415 3451 3416
f 3451 3452 3416
f 3416 3452 3417
f 3452 3453 3417
f 3417 3453 3418
f 3453 3454 3418
f 3418 3454 3419
f 3454 3455 3419
f 3419 3455 3420
f 3455 3456 3420
f 3420 3456 3421
f 3456 3457 3421
f 3421 3457 3422
f 3457 3458 3422
f 3422 3458 3423
f 3458 3459 3423
f 3423 3459 3424
f 3459 3460 3424
f 3424 3460 3425
f 3460 3461 3425
f 3425 3461 3426
f 3461 3462 3426
f 3426 3462 3427
f 3462 3463 3427
f 3427 3463 3428
f 3463 3464 3428
f 3428 3464 3429
f 3464 3465 3429
f 3429 3465 3430
f 3465 3466 3430
f 3430 3466 3431
f 3466 3467 3431
f 3431 3467 3432
f 3467 3468 3432
f 3432 3468 3433
f 3468 3469 3433
f 3433 3469 3434
f 3469 2932 3434
f 3004 3470 3435
f 3470 3471 3435
f 3435 3471 3436
f 3471 3472 3436
f 3436 3472 3437
f 3472 3473 3437
f 3437 3473 3438
f 3473 3474 3438
f 3438 3474 3439
f 3474 3475 3439
f 3439 3475 3440
f 3475 3476 3440
f 3440 3476 3441
f 3476 3477 3441
f 3441 3477 3442
f 3477 3478 3442
f 3442 3478 3443
f 3478 3479 3443
f 3443 3479 3444
f 3479 3480 3444
f 3444 3480 3445
f 3480 3481 3445
f 3445 3481 3446
f 3481 3482 3446
f 3446 3482 3447
f 3482 3483 3447
f 3447 3483 3448
f 3483 3484 3448
f 3448 3484 3449
f 3484 3485 3449
f 3449 3485 3450
f 3485 3486 3450
f 3450 3486 3451
f 3486 3487 3451
f 3451 3487 3452
f 3487 3488 3452
f 3452 3488 3453
f 3488 3489 3453
f 3453 3489 3454
f 3489 3490 3454
f 3454 3490 3455
f 3490 3491 3455
f 3455 3491 3456
f 3491 3492 3456
f 3456 3492 3457
f 3492 3493 3457
f 3457 3493 3458
f 3493 3494 3458
f 3458 3494 3459
f 3494 3495 3459
f 3459 3495 3460
f 3495 3496 3460
f 3460 3496 3461
f 3496 3497 3461
f 3461 3497 3462
f 3497 3498 3462
f 3462 3498 3463
f 3498 3499 3463
f 3463 3499 3464
f 3499 3500 3464
f 3464 3500 3465
f 3500 3501 3465
f 3465 3501 3466
f 3501 3502 3466
f 3466 3502 3467
f 3502 3503 3467
f 3467 3503 3468
f 3503 3504 3468
f 3468 3504 3469
f 3504 2932 3469
f 3004 3505 3470
f 3505 3506 3470
f 3470 3506 3471
f 3506 3507 3471
f 3471 3507 3472
f 3507 3508 3472
f 3472 3508 3473
f 3508 3509 3473
f 3473 3509 3474
f 3509 3510 3474
f 3474 3510 3475
f 3510 3511 3475
f 3475 3511 3476
f 3511 3512 3476
f 3476 3512 3477
f 3512 3513 3477
f 3477 3513 3478
f 3513 3514 3478
f 3478 3514 3479
f 3514 3515 3479
f 3479 3515 3480
f 3515 3516 3480
f 3480 3516 3481
f 3516 3517 3481
f 3481 3517 3482
f 3517 3518 3482
f 3482 3518 3483
f 3518 3519 3483
f 3483 3519 3484
f 3519 3520 3484
f 3484 3520 3485
f 3520 3521 3485
f 3485 3521 3486
f 3521 3522 3486
f 3486 3522 3487
f 3522 3523 3487
f 3487 3523 3488
f 3523 3524 3488
f 3488 3524 3489
f 3524 3525 3489
f 3489 3525 3490
f 3525 3526 3490
f 3490 3526 3491
f 3526 3527 3491
f 3491 3527 3492
f 3527 3528 3492
f 3492 3528 3493
f 3528 3529 3493
f 3493 3529 3494
f 3529 3530 3494
f 3494 3530 3495
f 3530 3531 3495
f 3495 3531 3496
f 3531 3532 3496
f 3496 3532 3497
f 3532 3533 3497
f 3497 3533 3498
f 3533 3534 3498
f 3498 3534 3499
f 3534 3535 3499
f 3499 3535 3500
f 3535 3536 3500
f 3500 3536 3501
f 3536 3537 3501
f 3501 3537 3502
f 3537 3538 3502
f 3502 3538 3503
f 3538 3539 3503
f 3503 3539 3504
f 3539 2932 3504
f 3004 3540 3505
f 3540 3541 3505
f 3505 3541 3506
f 3541 3542 3506
f 3506 3542 3507
f 3542 3543 3507
f 3507 3543 3508
f 3543 3544 3508
f 3508 3544 3509
f 3544 3545 3509
f 3509 3545 3510
f 3545 3546 3510
f 3510 3546 3511
f 3546 3547 3511
f 3511 3547 3512
f 3547 3548 3512
f 3512 3548 3513
f 3548 3549 3513
f 3513 3549 3514
f 3549 3550 3514
f 3514 3550 3515
f 3550 3551 3515
f 3515 3551 3516
f 3551 3552 3516
f 3516 3552 3517
f 3552 3553 3517
f 3517 3553 3518
f 3553 3554 3518
f 3518 3554 3519
f 3554 3555 3519
f 3519 3555 3520
f 3555 3556 3520
f 3520 3556 3521
f 3556 3557 3521
f 3521 3557 3522
f 3557 3558 3522
f 3522 3558 3523
f 3558 3559 3523
f 3523 3559 3524
f 3559 3560 3524
f 3524 3560 3525
f 3560 3561 3525
f 3525 3561 3526
f 3561 3562 3526
f 3526 3562 3527
f 3562 3563 3527
f 3527 3563 3528
f 3563 3564 3528
f 3528 3564 3529
f 3564 3565 3529
f 3529 3565 3530
f 3565 3566 3530
f 3530 3566 3531
f 3566 3567 3531
f 3531 3567 3532
f 3567 3568 3532
f 3532 3568 3533
f 3568 3569 3533
f 3533 3569 3534
f 3569 3570 3534
f 3534 3570 3535
f 3570 3571 3535
f 3535 3571 3536
f 3571 3572 3536
f 3536 3572 3537
f 3572 3573 3537
f 3537 3573 3538
f 3573 3574 3538
f 3538 3574 3539
f 3574 2932 3539
f 3004 3575 3540
f 3575 3576 3540
f 3540 3576 3541
f 3576 3577 3541
f 3541 3577 3542
f 3577 3578 3542
f 3542 3578 3543
f 3578 3579 3543
f 3543 3579 3544
f 3579 3580 3544
f 3544 3580 3545
f 3580 3581 3545
f 3545 3581 3546
f 3581 3582 3546
f 3546 3582 3547
f 3582 3583 3547
f 3547 3583 3548
f 3583 3584 3548
f 3548 3584 3549
f 3584 3585 3549
f 3549 3585 3550
f 3585 3586 3550
f 3550 3586 3551
f 3586 3587 3551
f 3551 3587 3552
f 3587 3588 3552
f 3552 3588 3553
f 3588 3589 3553
f 3553 3589 3554
f 3589 3590 3554
f 3554 3590 3555
f 3590 3591 3555
f 3555 3591 3556
f 3591 3592 3556
f 3556 3592 3557
f 3592 3593 3557
f 3557 3593 3558
f 3593 3594 3558
f 3558 3594 3559
f 3594 3595 3559
f 3559 3595 3560
f 3595 3596 3560
f 3560 3596 3561
f 3596 3597 3561
f 3561 3597 3562
f 3597 3598 3562
f 3562 3598 3563
f 3598 3599 3563
f 3563 3599 3564
f 3599 3600 3564
f 3564 3600 3565
f 3600 3601 3565
f 3565 3601 3566
f 3601 3602 3566
f 3566 3602 3567
f 3602 3603 3567
f 3567 3603 3568
f 3603 3604 3568
f 3568 3604 3569
f 3604 3605 3569
f 3569 3605 3570
f 3605 3606 3570
f 3570 3606 3571
f 3606 3607 3571
f 3571 3607 3572
f 3607 3608 3572
f 3572 3608 3573
f 3608 3609 3573
f 3573 3609 3574
f 3609 2932 3574
f 3004 3610 3575
f 3610 3611 3575
f 3575 3611 3576
f 3611 3612 3576
f 3576 3612 3577
f 3612 3613 3577
f 3577 3613 3578
f 3613 3614 3578
f 3578 3614 3579
f 3614 3615 3579
f 3579 3615 3580
f 3615 3616 3580
f 3580 3616 3581
f 3616 3617 3581
f 3581 3617 3582
f 3617 3618 3582
f 3582 3618 3583
f 3618 3619 3583
f 3583 3619 3584
f 3619 3620 3584
f 3584 3620 3585
f 3620 3621 3585
f 3585 3621 3586
f 3621 3622 3586
f 3586 3622 3587
f 3622 3623 3587
f 3587 3623 3588
f 3623 3624 3588
f 3588 3624 3589
f 3624 3625 3589
f 3589 3625 3590
f 3625 3626 3590
f 3590 3626 3591
f 3626 3627 3591
f 3591 3627 3592
f 3627 3628 3592
f 3592 3628 3593
f 3628 3629 3593
f 3593 3629 3594
f 3629 3630 3594
f 3594 3630 3595
f 3630 3631 3595
f 3595 3631 3596
f 3631 3632 3596
f 3596 3632 3597
f 3632 3633 3597
f 3597 3633 3598
f 3633 3634 3598
f 3598 3634 3599
f 3634 3635 3599
f 3599 3635 3600
f 3635 3636 3600
f 3600 3636 3601
f 3636 3637 3601
f 3601 3637 3602
f 3637 3638 3602
f 3602 3638 3603
f 3638 3639 3603
f 3603 3639 3604
f 3639 3640 3604
f 3604 3640 3605
f 3640 3641 3605
f 3605 3641 3606
f 3641 3642 3606
f 3606 3642 3607
f 3642 3643 3607
f 3607 3643 3608
f 3643 3644 3608
f 3608 3644 3609
f 3644 2932 3609
f 3004 3645 3610
f 3645 3646 3610
f 3610 3646 3611
f 3646 3647 3611
f 3611 3647 3612
f 3647 3648 3612
f 3612 3648 3613
f 3648 3649 3613
f 3613 3649 3614
f 3649 3650 3614
f 3614 3650 3615
f 3650 3651 3615
f 3615 3651 3616
f 3651 3652 3616
f 3616 3652 3617
f 3652 3653 3617
f 3617 3653 3618
f 3653 3654 3618
f 3618 3654 3619
f 3654 3655 3619
f 3619 3655 3620
f 3655 3656 3620
f 3620 3656 3621
f 3656 3657 3621
f 3621 3657 3622
f 3657 3658 3622
f 3622 3658 3623
f 3658 3659 3623
f 3623 3659 3624
f 3659 3660 3624
f 3624 3660 3625
f 3660 3661 3625
f 3625 3661 3626
f 3661 3662 3626
f 3626 3662 3627
f 3662 3663 3627
f 3627 3663 3628
f 3663 3664 3628
f 3628 3664 3629
f 3664 3665 3629
f 3629 3665 3630
f 3665 3666 3630
f 3630 3666 3631
f 3666 3667 3631
f 3631 3667 3632
f 3667 3668 3632
f 3632 3668 3633
f 3668 3669 3633
f 3633 3669 3634
f 3669 3670 3634
f 3634 3670 3635
f 3670 3671 3635
f 3635 3671 3636
f 3671 3672 3636
f 3636 3672 3637
f 3672 3673 3637
f 3637 3673 3638
f 3673 3674 3638
f 3638 3674 3639
f 3674 3675 3639
f 3639 3675 3640
f 3675 3676 3640
f 3640 3676 3641
f 3676 3677 3641
f 3641 3677 3642
f 3677 3678 3642
f 3642 3678 3643
f 3678 3679 3643
f 3643 3679 3644
f 3679 2932 3644
f 3004 3680 3645
f 3680 3681 3645
f 3645 3681 3646
f 3681 3682 3646
f 3646 3682 3647
f 3682 3683 3647
f 3647 3683 3648
f 3683 3684 3648
f 3648 3684 3649
f 3684 3685 3649
f 3649 3685 3650
f 3685 3686 3650
f 3650 3686 3651
f 3686 3687 3651
f 3651 3687 3652
f 3687 3688 3652
f 3652 3688 3653
f 3688 3689 3653
f 3653 3689 3654
f 3689 3690 3654
f 3654 3690 3655
f 3690 3691 3655
f 3655 3691 3656
f 3691 3692 3656
f 3656 3692 3657
f 3692 3693 3657
f 3657 3693 3658
f 3693 3694 3658
f 3658 3694 3659
f 3694 3695 3659
f 3659 3695 3660
f 3695 3696 3660
f 3660 3696 3661
f 3696 3697 3661
f 3661 3697 3662
f 3697 3698 3662
f 3662 3698 3663
f 3698 3699 3663
f 3663 3699 3664
f 3699 3700 3664
f 3664 3700 3665
f 3700 3701 3665
f 3665 3701 3666
f 3701 3702 3666
f 3666 3702 3667
f 3702 3703 3667
f 3667 3703 3668
f 3703 3704 3668
f 3668 3704 3669
f 3704 3705 3669
f 3669 3705 3670
f 3705 3706 3670
f 3670 3706 3671
f 3706 3707 3671
f 3671 3707 3672
f 3707 3708 3672
f 3672 3708 3673
f 3708 3709 3673
f 3673 3709 3674
f 3709 3710 3674
f 3674 3710 3675
f 3710 3711 3675
f 3675 3711 3676
f 3711 3712 3676
f 3676 3712 3677
f 3712 3713 3677
f 3677 3713 3678
f 3713 3714 3678
f 3678 3714 3679
f 3714 2932 3679
f 3004 3715 3680
f 3715 3716 3680
f 3680 3716 3681
f 3716 3717 3681
f 3681 3717 3682
f 3717 3718 3682
f 3682 3718 3683
f 3718 3719 3683
f 3683 3719 3684
f 3719 3720 3684
f 3684 3720 3685
f 3720 3721 3685
f 3685 3721 3686
f 3721 3722 3686
f 3686 3722 3687
f 3722 3723 3687
f 3687 3723 3688
f 3723 3724 3688
f 3688 3724 3689
f 3724 3725 3689
f 3689 3725 3690
f 3725 3726 3690
f 3690 3726 3691
f 3726 3727 3691
f 3691 3727 3692
f 3727 3728 3692
f 3692 3728 3693
f 3728 3729 3693
f 3693 3729 3694
f 3729 3730 3694
f 3694 3730 3695
f 3730 3731 3695
f 3695 3731 3696
f 3731 3732 3696
f 3696 3732 3697
f 3732 3733 3697
f 3697 3733 3698
f 3733 3734 3698
f 3698 3734 3699
f 3734 3735 3699
f 3699 3735 3700
f 3735 3736 3700
f 3700 3736 3701
f 3736 3737 3701
f 3701 3737 3702
f 3737 3738 3702
f 3702 3738 3703
f 3738 3739 3703
f 3703 3739 3704
f 3739 3740 3704
f 3704 3740 3705
f 3740 3741 3705
f 3705 3741 3706
f 3741 3742 3706
f 3706 3742 3707
f 3742 3743 3707
f 3707 3743 3708
f 3743 3744 3708
f 3708 3744 3709
f 3744 3745 3709
f 3709 3745 3710
f 3745 3746 3710
f 3710 3746 3711
f 3746 3747 3711
f 3711 3747 3712
f 3747 3748 3712
f 3712 3748 3713
f 3748 3749 3713
f 3713 3749 3714
f 3749 2932 3714
f 3004 3750 3715
f 3750 3751 3715
f 3715 3751 3716
f 3751 3752 3716
f 3716 3752 3717
f 3752 3753 3717
f 3717 3753 3718
f 3753 3754 3718
f 3718 3754 3719
f 3754 3755 3719
f 3719 3755 3720
f 3755 3756 3720
f 3720 3756 3721
f 3756 3757 3721
f 3721 3757 3722
f 3757 3758 3722
f 3722 3758 3723
f 3758 3759 3723
f 3723 3759 3724
f 3759 3760 3724
f 3724 3760 3725
f 3760 3761 3725
f 3725 3761 3726
f 3761 3762 3726
f 3726 3762 3727
f 3762 3763 3727
f 3727 3763 3728
f 3763 3764 3728
f 3728 3764 3729
f 3764 3765 3729
f 3729 3765 3730
f 3765 3766 3730
f 3730 3766 3731
f 3766 3767 3731
f 3731 3767 3732
f 3767 3768 3732
f 3732 3768 3733
f 3768 3769 3733
f 3733 3769 3734
f 3769 3770 3734
f 3734 3770 3735
f 3770 3771 3735
f 3735 3771 3736
f 3771 3772 3736
f 3736 3772 3737
f 3772 3773 3737
f 3737 3773 3738
f 3773 3774 3738
f 3738 3774 3739
f 3774 3775 3739
f 3739 3775 3740
f 3775 3776 3740
f 3740 3776 3741
f 3776 3777 3741
f 3741 3777 3742
f 3777 3778 3742
f 3742 3778 3743
f 3778 3779 3743
f 3743 3779 3744
f 3779 3780 3744
f 3744 3780 3745
f 3780 3781 3745
f 3745 3781 3746
f 3781 3782 3746
f 3746 3782 3747
f 3782 3783 3747
f 3747 3783 3748
f 3783 3784 3748
f 3748 3784 3749
f 3784 2932 3749
f 3004 3785 3750
f 3785 3786 3750
f 3750 3786 3751
f 3786 3787 3751
f 3751 3787 3752
f 3787 3788 3752
f 3752 3788 3753
f 3788 3789 3753
f 3753 3789 3754
f 3789 3790 3754
f 3754 3790 3755
f 3790 3791 3755
f 3755 3791 3756
f 3791 3792 3756
f 3756 3792 3757
f 3792 3793 3757
f 3757 3793 3758
f 3793 3794 3758
f 3758 3794 3759
f 3794 3795 3759
f 3759 3795 3760
f 3795 3796 3760
f 3760 3796 3761
f 3796 3797 3761
f 3761 3797 3762
f 3797 3798 3762
f 3762 3798 3763
f 3798 3799 3763
f 3763 3799 3764
f 3799 3800 3764
f 3764 3800 3765
f 3800 3801 3765
f 3765 3801 3766
f 3801 3802 3766
f 3766 3802 3767
f 3802 3803 3767
f 3767 3803 3768
f 3803 3804 3768
f 3768 3804 3769
f 3804 3805 3769
f 3769 3805 3770
f 3805 3806 3770
f 3770 3806 3771
f 3806 3807 3771
f 3771 3807 3772
f 3807 3808 3772
f 3772 3808 3773
f 3808 3809 3773
f 3773 3809 3774
f 3809 3810 3774
f 3774 3810 3775
f 3810 3811 3775
f 3775 3811 3776
f 3811 3812 3776
f 3776 3812 3777
f 3812 3813 3777
f 3777 3813 3778
f 3813 3814 3778
f 3778 3814 3779
f 3814 3815 3779
f 3779 3815 3780
f 3815 3816 3780
f 3780 3816 3781
f 3816 3817 3781
f 3781 3817 3782
f 3817 3818 3782
f 3782 3818 3783
f 3818 3819 3783
f 3783 3819 3784
f 3819 2932 3784
f 3004 3820 3785
f 3820 3821 3785
f 3785 3821 3786
f 3821 3822 3786
f 3786 3822 3787
f 3822 3823 3787
f 3787 3823 3788
f 3823 3824 3788
f 3788 3824 3789
f 3824 3825 3789
f 3789 3825 3790
f 3825 3826 3790
f 3790 3826 3791
f 3826 3827 3791
f 3791 3827 3792
f 3827 3828 3792
f 3792 3828 3793
f 3828 3829 3793
f 3793 3829 3794
f 3829 3830 3794
f 3794 3830 3795
f 3830 3831 3795
f 3795 3831 3796
f 3831 3832 3796
f 3796 3832 3797
f 3832 3833 3797
f 3797 3833 3798
f 3833 3834 3798
f 3798 3834 3799
f 3834 3835 3799
f 3799 3835 3800
f 3835 3836 3800
f 3800 3836 3801
f 3836 3837 3801
f 3801 3837 3802
f 3837 3838 3802
f 3802 3838 3803
f 3838 3839 3803
f 3803 3839 3804
f 3839 3840 3804
f 3804 3840 3805
f 3840 3841 3805
f 3805 3841 3806
f 3841 3842 3806
f 3806 3842 3807
f 3842 3843 3807
f 3807 3843 3808
f 3843 3844 3808
f 3808 3844 3809
f 3844 3845 3809
f 3809 3845 3810
f 3845 3846 3810
f 3810 3846 3811
f 3846 3847 3811
f 3811 3847 3812
f 3847 3848 3812
f 3812 3848 3813
f 3848 3849 3813
f 3813 3849 3814
f 3849 3850 3814
f 3814 3850 3815
f 3850 3851 3815
f 3815 3851 3816
f 3851 3852 3816
f 3816 3852 3817
f 3852 3853 3817
f 3817 3853 3818
f 3853 3854 3818
f 3818 3854 3819
f 3854 2932 3819
f 3004 3855 3820
f 3855 3856 3820
f 3820 3856 3821
f 3856 3857 3821
f 3821 3857 3822
f 3857 3858 3822
f 3822 3858 3823
f 3858 3859 3823
f 3823 3859 3824
f 3859 3860 3824
f 3824 3860 3825
f 3860 3861 3825
f 3825 3861 3826
f 3861 3862 3826
f 3826 3862 3827
f 3862 3863 3827
f 3827 3863 3828
f 3863 3864 3828
f 3828 3864 3829
f 3864 3865 3829
f 3829 3865 3830
f 3865 3866 3830
f 3830 3866 3831
f 3866 3867 3831
f 3831 3867 3832
f 3867 3868 3832
f 3832 3868 3833
f 3868 3869 3833
f 3833 3869 3834
f 3869 3870 3834
f 3834 3870 3835
f 3870 3871 3835
f 3835 3871 3836
f 3871 3872 3836
f 3836 3872 3837
f 3872 3873 3837
f 3837 3873 3838
f 3873 3874 3838
f 3838 3874 3839
f 3874 3875 3839
f 3839 3875 3840
f 3875 3876 3840
f 3840 3876 3841
f 3876 3877 3841
f 3841 3877 3842
f 3877 3878 3842
f 3842 3878 3843
f 3878 3879 3843
f 3843 3879 3844
f 3879 3880 3844
f 3844 3880 3845
f 3880 3881 3845
f 3845 3881 3846
f 3881 3882 3846
f 3846 3882 3847
f 3882 3883 3847
f 3847 3883 3848
f 3883 3884 3848
f 3848 3884 3849
f 3884 3885 3849
f 3849 3885 3850
f 3885 3886 3850
f 3850 3886 3851
f 3886 3887 3851
f 3851 3887 3852
f 3887 3888 3852
f 3852 3888 3853
f 3888 3889 3853
f 3853 3889 3854
f 3889 2932 3854
f 3004 3890 3855
f 3890 3891 3855
f 3855 3891 3856
f 3891 3892 3856
f 3856 3892 3857
f 3892 3893 3857
f 3857 3893 3858
f 3893 3894 3858
f 3858 3894 3859
f 3894 3895 3859
f 3859 3895 3860
f 3895 3896 3860
f 3860 3896 3861
f 3896 3897 3861
f 3861 3897 3862
f 3897 3898 3862
f 3862 3898 3863
f 3898 3899 3863
f 3863 3899 3864
f 3899 3900 3864
f 3864 3900 3865
f 3900 3901 3865
f 3865 3901 3866
f 3901 3902 3866
f 3866 3902 3867
f 3902 3903 3867
f 3867 3903 3868
f 3903 3904 3868
f 3868 3904 3869
f 3904 3905 3869
f 3869 3905 3870
f 3905 3906 3870
f 3870 3906 3871
f 3906 3907 3871
f 3871 3907 3872
f 3907 3908 3872
f 3872 3908 3873
f 3908 3909 3873
f 3873 3909 3874
f 3909 3910 3874
f 3874 3910 3875
f 3910 3911 3875
f 3875 3911 3876
f 3911 3912 3876
f 3876 3912 3877
f 3912 3913 3877
f 3877 3913 3878
f 3913 3914 3878
f 3878 3914 3879
f 3914 3915 3879
f 3879 3915 3880
f 3915 3916 3880
f 3880 3916 3881
f 3916 3917 3881
f 3881 3917 3882
f 3917 3918 3882
f 3882 3918 3883
f 3918 3919 3883
f 3883 3919 3884
f 3919 3920 3884
f 3884 3920 3885
f 3920 3921 3885
f 3885 3921 3886
f 3921 3922 3886
f 3886 3922 3887
f 3922 3923 3887
f 3887 3923 3888
f 3923 3924 3888
f 3888 3924 3889
f 3924 2932 3889
f 3004 3925 3890
f 3925 3926 3890
f 3890 3926 3891
f 3926 3927 3891
f 3891 3927 3892
f 3927 3928 3892
f 3892 3928 3893
f 3928 3929 3893
f 3893 3929 3894
f 3929 3930 3894
f 3894 3930 3895
f 3930 3931 3895
f 3895 3931 3896
f 3931 3932 3896
f 3896 3932 3897
f 3932 3933 3897
f 3897 3933 3898
f 3933 3934 3898
f 3898 3934 3899
f 3934 3935 3899
f 3899 3935 3900
f 3935 3936 3900
f 3900 3936 3901
f 3936 3937 3901
f 3901 3937 3902
f 3937 3938 3902
f 3902 3938 3903
f 3938 3939 3903
f 3903 3939 3904
f 3939 3940 3904
f 3904 3940 3905
f 3940 3941 3905
f 3905 3941 3906
f 3941 3942 3906
f 3906 3942 3907
f 3942 3943 3907
f 3907 3943 3908
f 3943 3944 3908
f 3908 3944 3909
f 3944 3945 3909
f 3909 3945 3910
f 3945 3946 3910
f 3910 3946 3911
f 3946 3947 3911
f 3911 3947 3912
f 3947 3948 3912
f 3912 3948 3913
f 3948 3949 3913
f 3913 3949 3914
f 3949 3950 3914
f 3914 3950 3915
f 3950 3951 3915
f 3915 3951 3916
f 3951 3952 3916
f 3916 3952 3917
f 3952 3953 3917
f 3917 3953 3918
f 3953 3954 3918
f 3918 3954 3919
f 3954 3955 3919
f 3919 3955 3920
f 3955 3956 3920
f 3920 3956 3921
f 3956 3957 3921
f 3921 3957 3922
f 3957 3958 3922
f 3922 3958 3923
f 3958 3959 3923
f 3923 3959 3924
f 3959 2932 3924
f 3004 3960 3925
f 3960 3961 3925
f 3925 3961 3926
f 3961 3962 3926
f 3926 3962 3927
f 3962 3963 3927
f 3927 3963 3928
f 3963 3964 3928
f 3928 3964 3929
f 3964 3965 3929
f 3929 3965 3930
f 3965 3966 3930
f 3930 3966 3931
f 3966 3967 3931
f 3931 3967 3932
f 3967 3968 3932
f 3932 3968 3933
f 3968 3969 3933
f 3933 3969 3934
f 3969 3970 3934
f 3934 3970 3935
f 3970 3971 3935
f 3935 3971 3936
f 3971 3972 3936
f 3936 3972 3937
f 3972 3973 3937
f 3937 3973 3938
f 3973 3974 3938
f 3938 3974 3939
f 3974 3975 3939
f 3939 3975 3940
f 3975 3976 3940
f 3940 3976 3941
f 3976 3977 3941
f 3941 3977 3942
f 3977 3978 3942
f 3942 3978 3943
f 3978 3979 3943
f 3943 3979 3944
f 3979 3980 3944
f 3944 3980 3945
f 3980 3981 3945
f 3945 3981 3946
f 3981 3982 3946
f 3946 3982 3947
f 3982 3983 3947
f 3947 3983 3948
f 3983 3984 3948
f 3948 3984 3949
f 3984 3985 3949
f 3949 3985 3950
f 3985 3986 3950
f 3950 3986 3951
f 3986 3987 3951
f 3951 3987 3952
f 3987 3988 3952
f 3952 3988 3953
f 3988 3989 3953
f 3953 3989 3954
f 3989 3990 3954
f 3954 3990 3955
f 3990 3991 3955
f 3955 3991 3956
f 3991 3992 3956
f 3956 3992 3957
f 3992 3993 3957
f 3957 3993 3958
f 3993 3994 3958
f 3958 3994 3959
f 3994 2932 3959
f 3004 3995 3960
f 3995 3996 3960
f 3960 3996 3961
f 3996 3997 3961
f 3961 3997 3962
f 3997 3998 3962
f 3962 3998 3963
f 3998 3999 3963
f 3963 3999 3964
f 3999 4000 3964
f 3964 4000 3965
f 4000 4001 3965
f 3965 4001 3966
f 4001 4002 3966
f 3966 4002 3967
f 4002 4003 3967
f 3967 4003 3968
f 4003 4004 3968
f 3968 4004 3969
f 4004 4005 3969
f 3969 4005 3970
f 4005 4006 3970
f 3970 4006 3971
f 4006 4007 3971
f 3971 4007 3972
f 4007 4008 3972
f 3972 4008 3973
f 4008 4009 3973
f 3973 4009 3974
f 4009 4010 3974
f 3974 4010 3975
f 4010 4011 3975
f 3975 4011 3976
f 4011 4012 3976
f 3976 4012 3977
f 4012 4013 3977
f 3977 4013 3978
f 4013 4014 3978
f 3978 4014 3979
f 4014 4015 3979
f 3979 4015 3980
f 4015 4016 3980
f 3980 4016 3981
f 4016 4017 3981
f 3981 4017 3982
f 4017 4018 3982
f 3982 4018 3983
f 4018 4019 3983
f 3983 4019 3984
f 4019 4020 3984
f 3984 4020 3985
f 4020 4021 3985
f 3985 4021 3986
f 4021 4022 3986
f 3986 4022 3987
f 4022 4023 3987
f 3987 4023 3988
f 4023 4024 3988
f 3988 4024 3989
f 4024 4025 3989
f 3989 4025 3990
f 4025 4026 3990
f 3990 4026 3991
f 4026 4027 3991
f 3991 4027 3992
f 4027 4028 3992
f 3992 4028 3993
f 4028 4029 3993
f 3993 4029 3994
f 4029 2932 3994
f 3004 4030 3995
f 4030 4031 3995
f 3995 4031 3996
f 4031 4032 3996
f 3996 4032 3997
f 4032 4033 3997
f 3997 4033 3998
f 4033 4034 3998
f 3998 4034 3999
f 4034 4035 3999
f 3999 4035 4000
f 4035 4036 4000
f 4000 4036 4001
f 4036 4037 4001
f 4001 4037 4002
f 4037 4038 4002
f 4002 4038 4003
f 4038 4039 4003
f 4003 4039 4004
f 4039 4040 4004
f 4004 4040 4005
f 4040 4041 4005
f 4005 4041 4006
f 4041 4042 4006
f 4006 4042 4007
f 4042 4043 4007
f 4007 4043 4008
f 4043 4044 4008
f 4008 4044 4009
f 4044 4045 4009
f 4009 4045 4010
f 4045 4046 4010
f 4010 4046 4011
f 4046 4047 4011
f 4011 4047 4012
f 4047 4048 4012
f 4012 4048 4013
f 4048 4049 4013
f 4013 4049 4014
f 4049 4050 4014
f 4014 4050 4015
f 4050 4051 4015
f 4015 4051 4016
f 4051 4052 4016
f 4016 4052 4017
f 4052 4053 4017
f 4017 4053 4018
f 4053 4054 4018
f 4018 4054 4019
f 4054 4055 4019
f 4019 4055 4020
f 4055 4056 4020
f 4020 4056 4021
f 4056 4057 4021
f 4021 4057 4022
f 4057 4058 4022
f 4022 4058 4023
f 4058 4059 4023
f 4023 4059 4024
f 4059 4060 4024
f 4024 4060 4025
f 4060 4061 4025
f 4025 4061 4026
f 4061 4062 4026
f 4026 4062 4027
f 4062 4063 4027
f 4027 4063 4028
f 4063 4064 4028
f 4028 4064 4029
f 4064 2932 4029
f 3004 4065 4030
f 4065 4066 4030
f 4030 4066 4031
f 4066 4067 4031
f 4031 4067 4032
f 4067 4068 4032
f 4032 4068 4033
f 4068 4069 4033
f 4033 4069 4034
f 4069 4070 4034
f 4034 4070 4035
f 4070 4071 4035
f 4035 4071 4036
f 4071 4072 4036
f 4036 4072 4037
f 4072 4073 4037
f 4037 4073 4038
f 4073 4074 4038
f 4038 4074 4039
f 4074 4075 4039
f 4039 4075 4040
f 4075 4076 4040
f 4040 4076 4041
f 4076 4077 4041
f 4041 4077 4042
f 4077 4078 4042
f 4042 4078 4043
f 4078 4079 4043
f 4043 4079 4044
f 4079 4080 4044
f 4044 4080 4045
f 4080 4081 4045
f 4045 4081 4046
f 4081 4082 4046
f 4046 4082 4047
f 4082 4083 4047
f 4047 4083 4048
f 4083 4084 4048
f 4048 4084 4049
f 4084 4085 4049
f 4049 4085 4050
f 4085 4086 4050
f 4050 4086 4051
f 4086 4087 4051
f 4051 4087 4052
f 4087 4088 4052
f 4052 4088 4053
f 4088 4089 4053
f 4053 4089 4054
f 4089 4090 4054
f 4054 4090 4055
f 4090 4091 4055
f 4055 4091 4056
f 4091 4092 4056
f 4056 4092 4057
f 4092 4093 4057
f 4057 4093 4058
f 4093 4094 4058
f 4058 4094 4059
f 4094 4095 4059
f 4059 4095 4060
f 4095 4096 4060
f 4060 4096 4061
f 4096 4097 4061
f 4061 4097 4062
f 4097 4098 4062
f 4062 4098 4063
f 4098 4099 4063
f 4063 4099 4064
f 4099 2932 4064
f 3004 4100 4065
f 4100 4101 4065
f 4065 4101 4066
f 4101 4102 4066
f 4066 4102 4067
f 4102 4103 4067
f 4067 4103 4068
f 4103 4104 4068
f 4068 4104 4069
f 4104 4105 4069
f 4069 4105 4070
f 4105 4106 4070
f 4070 4106 4071
f 4106 4107 4071
f 4071 4107 4072
f 4107 4108 4072
f 4072 4108 4073
f 4108 4109 4073
f 4073 4109 4074
f 4109 4110 4074
f 4074 4110 4075
f 4110 4111 4075
f 4075 4111 4076
f 4111 4112 4076
f 4076 4112 4077
f 4112 4113 4077
f 4077 4113 4078
f 4113 4114 4078
f 4078 4114 4079
f 4114 4115 4079
f 4079 4115 4080
f 4115 4116 4080
f 4080 4116 4081
f 4116 4117 4081
f 4081 4117 4082
f 4117 4118 4082
f 4082 4118 4083
f 4118 4119 4083
f 4083 4119 4084
f 4119 4120 4084
f 4084 4120 4085
f 4120 4121 4085
f 4085 4121 4086
f 4121 4122 4086
f 4086 4122 4087
f 4122 4123 4087
f 4087 4123 4088
f 4123 4124 4088
f 4088 4124 4089
f 4124 4125 4089
f 4089 4125 4090
f 4125 4126 4090
f 4090 4126 4091
f 4126 4127 4091
f 4091 4127 4092
f 4127 4128 4092
f 4092 4128 4093
f 4128 4129 4093
f 4093 4129 4094
f 4129 4130 4094
f 4094 4130 4095
f 4130 4131 4095
f 4095 4131 4096
f 4131 4132 4096
f 4096 4132 4097
f 4132 4133 4097
f 4097 4133 4098
f 4133 4134 4098
f 4098 4134 4099
f 4134 2932 4099
f 3004 4135 4100
f 4135 4136 4100
f 4100 4136 4101
f 4136 4137 4101
f 4101 4137 4102
f 4137 4138 4102
f 4102 4138 4103
f 4138 4139 4103
f 4103 4139 4104
f 4139 4140 4104
f 4104 4140 4105
f 4140 4141 4105
f 4105 4141 4106
f 4141 4142 4106
f 4106 4142 4107
f 4142 4143 4107
f 4107 4143 4108
f 4143 4144 4108
f 4108 4144 4109
f 4144 4145 4109
f 4109 4145 4110
f 4145 4146 4110
f 4110 4146 4111
f 4146 4147 4111
f 4111 4147 4112
f 4147 4148 4112
f 4112 4148 4113
f 4148 4149 4113
f 4113 4149 4114
f 4149 4150 4114
f 4114 4150 4115
f 4150 4151 4115
f 4115 4151 4116
f 4151 4152 4116
f 4116 4152 4117
f 4152 4153 4117
f 4117 4153 4118
f 4153 4154 4118
f 4118 4154 4119
f 4154 4155 4119
f 4119 4155 4120
f 4155 4156 4120
f 4120 4156 4121
f 4156 4157 4121
f 4121 4157 4122
f 4157 4158 4122
f 4122 4158 4123
f 4158 4159 4123
f 4123 4159 4124
f 4159 4160 4124
f 4124 4160 4125
f 4160 4161 4125
f 4125 4161 4126
f 4161 4162 4126
f 4126 4162 4127
f 4162 4163 4127
f 4127 4163 4128
f 4163 4164 4128
f 4128 4164 4129
f 4164 4165 4129
f 4129 4165 4130
f 4165 4166 4130
f 4130 4166 4131
f 4166 4167 4131
f 4131 4167 4132
f 4167 4168 4132
f 4132 4168 4133
f 4168 4169 4133
f 4133 4169 4134
f 4169 2932 4134
f 3004 4170 4135
f 4170 4171 4135
f 4135 4171 4136
f 4171 4172 4136
f 4136 4172 4137
f 4172 4173 4137
f 4137 4173 4138
f 4173 4174 4138
f 4138 4174 4139
f 4174 4175 4139
f 4139 4175 4140
f 4175 4176 4140
f 4140 4176 4141
f 4176 4177 4141
f 4141 4177 4142
f 4177 4178 4142
f 4142 4178 4143
f 4178 4179 4143
f 4143 4179 4144
f 4179 4180 4144
f 4144 4180 4145
f 4180 4181 4145
f 4145 4181 4146
f 4181 4182 4146
f 4146 4182 4147
f 4182 4183 4147
f 4147 4183 4148
f 4183 4184 4148
f 4148 4184 4149
f 4184 4185 4149
f 4149 4185 4150
f 4185 4186 4150
f 4150 4186 4151
f 4186 4187 4151
f 4151 4187 4152
f 4187 4188 4152
f 4152 4188 4153
f 4188 4189 4153
f 4153 4189 4154
f 4189 4190 4154
f 4154 4190 4155
f 4190 4191 4155
f 4155 4191 4156
f 4191 4192 4156
f 4156 4192 4157
f 4192 4193 4157
f 4157 4193 4158
f 4193 4194 4158
f 4158 4194 4159
f 4194 4195 4159
f 4159 4195 4160
f 4195 4196 4160
f 4160 4196 4161
f 4196 4197 4161
f 4161 4197 4162
f 4197 4198 4162
f 4162 4198 4163
f 4198 4199 4163
f 4163 4199 4164
f 4199 4200 4164
f 4164 4200 4165
f 4200 4201 4165
f 4165 4201 4166
f 4201 4202 4166
f 4166 4202 4167
f 4202 4203 4167
f 4167 4203 4168
f 4203 4204 4168
f 4168 4204 4169
f 4204 2932 4169
f 3004 4205 4170
f 4205 4206 4170
f 4170 4206 4171
f 4206 4207 4171
f 4171 4207 4172
f 4207 4208 4172
f 4172 4208 4173
f 4208 4209 4173
f 4173 4209 4174
f 4209 4210 4174
f 4174 4210 4175
f 4210 4211 4175
f 4175 4211 4176
f 4211 4212 4176
f 4176 4212 4177
f 4212 4213 4177
f 4177 4213 4178
f 4213 4214 4178
f 4178 4214 4179
f 4214 4215 4179
f 4179 4215 4180
f 4215 4216 4180
f 4180 4216 4181
f 4216 4217 4181
f 4181 4217 4182
f 4217 4218 4182
f 4182 4218 4183
f 4218 4219 4183
f 4183 4219 4184
f 4219 4220 4184
f 4184 4220 4185
f 4220 4221 4185
f 4185 4221 4186
f 4221 4222 4186
f 4186 4222 4187
f 4222 4223 4187
f 4187 4223 4188
f 4223 4224 4188
f 4188 4224 4189
f 4224 4225 4189
f 4189 4225 4190
f 4225 4226 4190
f 4190 4226 4191
f 4226 4227 4191
f 4191 4227 4192
f 4227 4228 4192
f 4192 4228 4193
f 4228 4229 4193
f 4193 4229 4194
f 4229 4230 4194
f 4194 4230 4195
f 4230 4231 4195
f 4195 4231 4196
f 4231 4232 4196
f 4196 4232 4197
f 4232 4233 4197
f 4197 4233 4198
f 4233 4234 4198
f 4198 4234 4199
f 4234 4235 4199
f 4199 4235 4200
f 4235 4236 4200
f 4200 4236 4201
f 4236 4237 4201
f 4201 4237 4202
f 4237 4238 4202
f 4202 4238 4203
f 4238 4239 4203
f 4203 4239 4204
f 4239 2932 4204
f 3004 4240 4205
f 4240 4241 4205
f 4205 4241 4206
f 4241 4242 4206
f 4206 4242 4207
f 4242 4243 4207
f 4207 4243 4208
f 4243 4244 4208
f 4208 4244 4209
f 4244 4245 4209
f 4209 4245 4210
f 4245 4246 4210
f 4210 4246 4211
f 4246 4247 4211
f 4211 4247 4212
f 4247 4248 4212
f 4212 4248 4213
f 4248 4249 4213
f 4213 4249 4214
f 4249 4250 4214
f 4214 4250 4215
f 4250 4251 4215
f 4215 4251 4216
f 4251 4252 4216
f 4216 4252 4217
f 4252 4253 4217
f 4217 4253 4218
f 4253 4254 4218
f 4218 4254 4219
f 4254 4255 4219
f 4219 4255 4220
f 4255 4256 4220
f 4220 4256 4221
f 4256 4257 4221
f 4221 4257 4222
f 4257 4258 4222
f 4222 4258 4223
f 4258 4259 4223
f 4223 4259 4224
f 4259 4260 4224
f 4224 4260 4225
f 4260 4261 4225
f 4225 4261 4226
f 4261 4262 4226
f 4226 4262 4227
f 4262 4263 4227
f 4227 4263 4228
f 4263 4264 4228
f 4228 4264 4229
f 4264 4265 4229
f 4229 4265 4230
f 4265 4266 4230
f 4230 4266 4231
f 4266 4267 4231
f 4231 4267 4232
f 4267 4268 4232
f 4232 4268 4233
f 4268 4269 4233
f 4233 4269 4234
f 4269 4270 4234
f 4234 4270 4235
f 4270 4271 4235
f 4235 4271 4236
f 4271 4272 4236
f 4236 4272 4237
f 4272 4273 4237
f 4237 4273 4238
f 4273 4274 4238
f 4238 4274 4239
f 4274 2932 4239
f 3004 3006 4240
f 3006 3008 4240
f 4240 3008 4241
f 3008 3010 4241
f 4241 3010 4242
f 3010 3012 4242
f 4242 3012 4243
f 3012 3014 4243
f 4243 3014 4244
f 3014 3016 4244
f 4244 3016 4245
f 3016 3018 4245
f 4245 3018 4246
f 3018 3020 4246
f 4246 3020 4247
f 3020 3022 4247
f 4247 3022 4248
f 3022 3024 4248
f 4248 3024 4249
f 3024 3026 4249
f 4249 3026 4250
f 3026 3028 4250
f 4250 3028 4251
f 3028 3030 4251
f 4251 3030 4252
f 3030 3032 4252
f 4252 3032 4253
f 3032 3034 4253
f 4253 3034 4254
f 3034 3036 4254
f 4254 3036 4255
f 3036 3038 4255
f 4255 3038 4256
f 3038 3040 4256
f 4256 3040 4257
f 3040 3042 4257
f 4257 3042 4258
f 3042 3044 4258
f 4258 3044 4259
f 3044 3046 4259
f 4259 3046 4260
f 3046 3048 4260
f 4260 3048 4261
f 3048 2906 4261
f 4261 2906 4262
f 2906 2908 4262
f 4262 2908 4263
f 2908 2910 4263
f 4263 2910 4264
f 2910 2912 4264
f 4264 2912 4265
f 2912 2914 4265
f 4265 2914 4266
f 2914 2916 4266
f 4266 2916 4267
f 2916 2918 4267
f 4267 2918 4268
f 2918 2920 4268
f 4268 2920 4269
f 2920 2922 4269
f 4269 2922 4270
f 2922 2924 4270
f 4270 2924 4271
f 2924 2926 4271
f 4271 2926 4272
f 2926 2928 4272
f 4272 2928 4273
f 2928 2930 4273
f 4273 2930 4274
f 2930 2932 4274
f 4275 3007 3005
f 4275 3005 4276
f 4277 4276 3005
f 4278 4277 3005
f 4279 4278 3005
f 4280 4279 3005
f 4281 4280 3005
f 4282 4281 3005
f 4283 4282 3005
f 4284 4283 3005
f 4285 4284 3005
f 4286 4285 3005
f 4287 4286 3005
f 4288 4287 3005
f 4289 4288 3005
f 4290 4289 3005
f 4291 4290 3005
f 4292 4291 3005
f 4293 4292 3005
f 4294 4293 3005
f 4295 4294 3005
f 4296 4295 3005
f 4297 4296 3005
f 4298 4297 3005
f 4299 4298 3005
f 4300 4299 3005
f 4301 4300 3005
f 4302 4301 3005
f 4303 4302 3005
f 4304 4303 3005
f 4305 4304 3005
f 4306 4305 3005
f 4307 4306 3005
f 4308 4307 3005
f 4309 4308 3005
f 3003 4309 3005
f 4310 4311 4312
f 4312 4313 4314
f 2933 2931 4315
f 4314 4313 2933
f 2933 4316 4317
f 21 20 4313
f 39 38 2933
f 43 42 2933
f 53 52 2933
f 68 74 2933
f 105 2900 4318
f 89 88 4316
f 88 86 4316
f 4316 86 84
f 84 94 4316
f 94 93 4316
f 4316 93 91
f 91 97 4316
f 97 96 4316
f 4316 96 4319
f 96 106 4319
f 2933 78 76
f 79 78 2933
f 2933 82 81
f 89 4316 81
f 4316 2933 81
f 76 82 2933
f 71 79 2933
f 73 71 2933
f 74 73 2933
f 2933 65 69
f 66 65 2933
f 69 68 2933
f 2933 63 62
f 60 2933 62
f 58 63 2933
f 60 66 2933
f 2933 54 56
f 49 54 2933
f 56 58 2933
f 50 49 2933
f 52 50 2933
f 2933 47 45
f 48 47 2933
f 45 53 2933
f 42 48 2933
f 1 43 2933
f 38 1 2933
f 2933 36 34
f 40 2933 34
f 37 36 2933
f 40 39 2933
f 2933 28 26
f 32 2933 26
f 29 28 2933
f 31 37 2933
f 32 31 2933
f 23 29 2933
f 24 23 2933
f 20 18 4313
f 18 24 4313
f 4313 24 2933
f 4311 2905 7
f 15 13 4313
f 13 11 4313
f 4313 11 21
f 4311 7 4312
f 7 5 4312
f 4312 5 4313
f 5 16 4313
f 4313 16 15
f 4320 4321 4322
f 4321 4315 4322
f 4322 4315 4323
f 4315 2931 4323
f 4323 2931 2929
f 2901 2905 4324
f 2905 4311 4324
f 4324 4311 4325
f 4311 4310 4325
f 4325 4310 4326
f 4327 4320 4328
f 4320 4322 4328
f 4328 4322 4329
f 4322 4323 4329
f 4329 4323 4330
f 4323 2929 4330
f 4330 2929 2927
f 2897 2901 4331
f 2901 4324 4331
f 4331 4324 4332
f 4324 4325 4332
f 4332 4325 4333
f 4325 4326 4333
f 4333 4326 4334
f 4335 4327 4336
f 4327 4328 4336
f 4336 4328 4337
f 4328 4329 4337
f 4337 4329 4338
f 4329 4330 4338
f 4338 4330 4339
f 4330 2927 4339
f 4339 2927 2925
f 2896 2897 4340
f 2897 4331 4340
f 4340 4331 4341
f 4331 4332 4341
f 4341 4332 4342
f 4332 4333 4342
f 4342 4333 4343
f 4333 4334 4343
f 4343 4334 4344
f 4345 4335 4346
f 4335 4336 4346
f 4346 4336 4347
f 4336 4337 4347
f 4347 4337 4348
f 4337 4338 4348
f 4348 4338 4349
f 4338 4339 4349
f 4349 4339 4350
f 4339 2925 4350
f 4350 2925 2923
f 2902 2896 4351
f 2896 4340 4351
f 4351 4340 4352
f 4340 4341 4352
f 4352 4341 4353
f 4341 4342 4353
f 4353 4342 4354
f 4342 4343 4354
f 4354 4343 4355
f 4343 4344 4355
f 4355 4344 4356
f 4357 4345 4358
f 4345 4346 4358
f 4358 4346 4359
f 4346 4347 4359
f 4359 4347 4360
f 4347 4348 4360
f 4360 4348 4361
f 4348 4349 4361
f 4361 4349 4362
f 4349 4350 4362
f 4362 4350 4363
f 4350 2923 4363
f 4363 2923 2921
f 2898 2902 4364
f 2902 4351 4364
f 4364 4351 4365
f 4351 4352 4365
f 4365 4352 4366
f 4352 4353 4366
f 4366 4353 4367
f 4353 4354 4367
f 4367 4354 4368
f 4354 4355 4368
f 4368 4355 4369
f 4355 4356 4369
f 4369 4356 4370
f 4371 4357 4372
f 4357 4358 4372
f 4372 4358 4373
f 4358 4359 4373
f 4373 4359 4374
f 4359 4360 4374
f 4374 4360 4375
f 4360 4361 4375
f 4375 4361 4376
f 4361 4362 4376
f 4376 4362 4377
f 4362 4363 4377
f 4377 4363 4378
f 4363 2921 4378
f 4378 2921 2919
f 2895 2898 4379
f 2898 4364 4379
f 4379 4364 4380
f 4364 4365 4380
f 4380 4365 4381
f 4365 4366 4381
f 4381 4366 4382
f 4366 4367 4382
f 4382 4367 4383
f 4367 4368 4383
f 4383 4368 4384
f 4368 4369 4384
f 4384 4369 4385
f 4369 4370 4385
f 4385 4370 4386
f 4387 4371 4388
f 4371 4372 4388
f 4388 4372 4389
f 4372 4373 4389
f 4389 4373 4390
f 4373 4374 4390
f 4390 4374 4391
f 4374 4375 4391
f 4391 4375 4392
f 4375 4376 4392
f 4392 4376 4393
f 4376 4377 4393
f 4393 4377 4394
f 4377 4378 4394
f 4394 4378 4395
f 4378 2919 4395
f 4395 2919 2917
f 2903 2895 4396
f 2895 4379 4396
f 4396 4379 4397
f 4379 4380 4397
f 4397 4380 4398
f 4380 4381 4398
f 4398 4381 4399
f 4381 4382 4399
f 4399 4382 4400
f 4382 4383 4400
f 4400 4383 4401
f 4383 4384 4401
f 4401 4384 4402
f 4384 4385 4402
f 4402 4385 4403
f 4385 4386 4403
f 4403 4386 4404
f 4405 4387 4406
f 4387 4388 4406
f 4406 4388 4407
f 4388 4389 4407
f 4407 4389 4408
f 4389 4390 4408
f 4408 4390 4409
f 4390 4391 4409
f 4409 4391 4410
f 4391 4392 4410
f 4410 4392 4411
f 4392 4393 4411
f 4411 4393 4412
f 4393 4394 4412
f 4412 4394 4413
f 4394 4395 4413
f 4413 4395 4414
f 4395 2917 4414
f 4414 2917 2915
f 2899 2903 4415
f 2903 4396 4415
f 4415 4396 4416
f 4396 4397 4416
f 4416 4397 4417
f 4397 4398 4417
f 4417 4398 4418
f 4398 4399 4418
f 4418 4399 4419
f 4399 4400 4419
f 4419 4400 4420
f 4400 4401 4420
f 4420 4401 4421
f 4401 4402 4421
f 4421 4402 4422
f 4402 4403 4422
f 4422 4403 4423
f 4403 4404 4423
f 4423 4404 4424
f 4425 4405 4426
f 4405 4406 4426
f 4426 4406 4427
f 4406 4407 4427
f 4427 4407 4428
f 4407 4408 4428
f 4428 4408 4429
f 4408 4409 4429
f 4429 4409 4430
f 4409 4410 4430
f 4430 4410 4431
f 4410 4411 4431
f 4431 4411 4432
f 4411 4412 4432
f 4432 4412 4433
f 4412 4413 4433
f 4433 4413 4434
f 4413 4414 4434
f 4434 4414 4435
f 4414 2915 4435
f 4435 2915 2913
f 2904 2899 4436
f 2899 4415 4436
f 4436 4415 4437
f 4415 4416 4437
f 4437 4416 4438
f 4416 4417 4438
f 4438 4417 4439
f 4417 4418 4439
f 4439 4418 4440
f 4418 4419 4440
f 4440 4419 4441
f 4419 4420 4441
f 4441 4420 4442
f 4420 4421 4442
f 4442 4421 4443
f 4421 4422 4443
f 4443 4422 4444
f 4422 4423 4444
f 4444 4423 4445
f 4423 4424 4445
f 4445 4424 4446
f 4447 4425 4448
f 4425 4426 4448
f 4448 4426 4449
f 4426 4427 4449
f 4449 4427 4450
f 4427 4428 4450
f 4450 4428 4451
f 4428 4429 4451
f 4451 4429 4452
f 4429 4430 4452
f 4452 4430 4453
f 4430 4431 4453
f 4453 4431 4454
f 4431 4432 4454
f 4454 4432 4455
f 4432 4433 4455
f 4455 4433 4456
f 4433 4434 4456
f 4456 4434 4457
f 4434 4435 4457
f 4457 4435 4458
f 4435 2913 4458
f 4458 2913 2911
f 2900 2904 4318
f 2904 4436 4318
f 4318 4436 4459
f 4436 4437 4459
f 4459 4437 4460
f 4437 4438 4460
f 4460 4438 4461
f 4438 4439 4461
f 4461 4439 4462
f 4439 4440 4462
f 4462 4440 4463
f 4440 4441 4463
f 4463 4441 4464
f 4441 4442 4464
f 4464 4442 4465
f 4442 4443 4465
f 4465 4443 4466
f 4443 4444 4466
f 4466 4444 4467
f 4444 4445 4467
f 4467 4445 4468
f 4445 4446 4468
f 4468 4446 4469
f 4470 4447 4471
f 4447 4448 4471
f 4471 4448 4472
f 4448 4449 4472
f 4472 4449 4473
f 4449 4450 4473
f 4473 4450 4474
f 4450 4451 4474
f 4474 4451 4475
f 4451 4452 4475
f 4475 4452 4476
f 4452 4453 4476
f 4476 4453 4477
f 4453 4454 4477
f 4477 4454 4478
f 4454 4455 4478
f 4478 4455 4479
f 4455 4456 4479
f 4479 4456 4480
f 4456 4457 4480
f 4480 4457 4481
f 4457 4458 4481
f 4481 4458 4482
f 4458 2911 4482
f 4482 2911 2909
f 106 105 4319
f 105 4318 4319
f 4319 4318 4483
f 4318 4459 4483
f 4483 4459 4484
f 4459 4460 4484
f 4484 4460 4485
f 4460 4461 4485
f 4485 4461 4486
f 4461 4462 4486
f 4486 4462 4487
f 4462 4463 4487
f 4487 4463 4488
f 4463 4464 4488
f 4488 4464 4489
f 4464 4465 4489
f 4489 4465 4490
f 4465 4466 4490
f 4490 4466 4491
f 4466 4467 4491
f 4491 4467 4492
f 4467 4468 4492
f 4492 4468 4493
f 4468 4469 4493
f 4493 4469 4494
f 4495 4470 4496
f 4470 4471 4496
f 4496 4471 4497
f 4471 4472 4497
f 4497 4472 4498
f 4472 4473 4498
f 4498 4473 4499
f 4473 4474 4499
f 4499 4474 4500
f 4474 4475 4500
f 4500 4475 4501
f 4475 4476 4501
f 4501 4476 4502
f 4476 4477 4502
f 4502 4477 4503
f 4477 4478 4503
f 4503 4478 4504
f 4478 4479 4504
f 4504 4479 4505
f 4479 4480 4505
f 4505 4480 4506
f 4480 4481 4506
f 4506 4481 4507
f 4481 4482 4507
f 4507 4482 4508
f 4482 2909 4508
f 4508 2909 2907
f 4509 4494 4510
f 4494 4469 4510
f 4510 4469 4511
f 4469 4446 4511
f 4511 4446 4512
f 4446 4424 4512
f 4512 4424 4513
f 4424 4404 4513
f 4513 4404 4514
f 4404 4386 4514
f 4514 4386 4515
f 4386 4370 4515
f 4515 4370 4516
f 4370 4356 4516
f 4516 4356 4517
f 4356 4344 4517
f 4517 4344 4518
f 4344 4334 4518
f 4518 4334 4519
f 4334 4326 4519
f 4519 4326 4520
f 4326 4310 4520
f 4520 4310 4521
f 4310 4312 4521
f 4521 4312 4522
f 4312 4314 4522
f 4522 4314 4523
f 4314 2933 4523
f 4524 4495 4525
f 4495 4496 4525
f 4525 4496 4526
f 4496 4497 4526
f 4526 4497 4527
f 4497 4498 4527
f 4527 4498 4528
f 4498 4499 4528
f 4528 4499 4529
f 4499 4500 4529
f 4529 4500 4530
f 4500 4501 4530
f 4530 4501 4531
f 4501 4502 4531
f 4531 4502 4532
f 4502 4503 4532
f 4532 4503 4533
f 4503 4504 4533
f 4533 4504 4534
f 4504 4505 4534
f 4534 4505 4535
f 4505 4506 4535
f 4535 4506 4536
f 4506 4507 4536
f 4536 4507 4537
f 4507 4508 4537
f 4537 4508 4538
f 4508 2907 4538
f 4538 2907 3049
f 4539 4509 4540
f 4509 4510 4540
f 4540 4510 4541
f 4510 4511 4541
f 4541 4511 4542
f 4511 4512 4542
f 4542 4512 4543
f 4512 4513 4543
f 4543 4513 4544
f 4513 4514 4544
f 4544 4514 4545
f 4514 4515 4545
f 4545 4515 4546
f 4515 4516 4546
f 4546 4516 4547
f 4516 4517 4547
f 4547 4517 4548
f 4517 4518 4548
f 4548 4518 4549
f 4518 4519 4549
f 4549 4519 4550
f 4519 4520 4550
f 4550 4520 4551
f 4520 4521 4551
f 4551 4521 4552
f 4521 4522 4552
f 4552 4522 4553
f 4522 4523 4553
f 4553 4523 4554
f 4523 2933 4554
f 4555 4524 4556
f 4524 4525 4556
f 4556 4525 4557
f 4525 4526 4557
f 4557 4526 4558
f 4526 4527 4558
f 4558 4527 4559
f 4527 4528 4559
f 4559 4528 4560
f 4528 4529 4560
f 4560 4529 4561
f 4529 4530 4561
f 4561 4530 4562
f 4530 4531 4562
f 4562 4531 4563
f 4531 4532 4563
f 4563 4532 4564
f 4532 4533 4564
f 4564 4533 4565
f 4533 4534 4565
f 4565 4534 4566
f 4534 4535 4566
f 4566 4535 4567
f 4535 4536 4567
f 4567 4536 4568
f 4536 4537 4568
f 4568 4537 4569
f 4537 4538 4569
f 4569 4538 4570
f 4538 3049 4570
f 4570 3049 3047
f 4571 4539 4572
f 4539 4540 4572
f 4572 4540 4573
f 4540 4541 4573
f 4573 4541 4574
f 4541 4542 4574
f 4574 4542 4575
f 4542 4543 4575
f 4575 4543 4576
f 4543 4544 4576
f 4576 4544 4577
f 4544 4545 4577
f 4577 4545 4578
f 4545 4546 4578
f 4578 4546 4579
f 4546 4547 4579
f 4579 4547 4580
f 4547 4548 4580
f 4580 4548 4581
f 4548 4549 4581
f 4581 4549 4582
f 4549 4550 4582
f 4582 4550 4583
f 4550 4551 4583
f 4583 4551 4584
f 4551 4552 4584
f 4584 4552 4585
f 4552 4553 4585
f 4585 4553 4586
f 4553 4554 4586
f 4586 4554 4587
f 4554 2933 4587
f 4588 4555 4589
f 4555 4556 4589
f 4589 4556 4590
f 4556 4557 4590
f 4590 4557 4591
f 4557 4558 4591
f 4591 4558 4592
f 4558 4559 4592
f 4592 4559 4593
f 4559 4560 4593
f 4593 4560 4594
f 4560 4561 4594
f 4594 4561 4595
f 4561 4562 4595
f 4595 4562 4596
f 4562 4563 4596
f 4596 4563 4597
f 4563 4564 4597
f 4597 4564 4598
f 4564 4565 4598
f 4598 4565 4599
f 4565 4566 4599
f 4599 4566 4600
f 4566 4567 4600
f 4600 4567 4601
f 4567 4568 4601
f 4601 4568 4602
f 4568 4569 4602
f 4602 4569 4603
f 4569 4570 4603
f 4603 4570 4604
f 4570 3047 4604
f 4604 3047 3045
f 4605 4571 4606
f 4571 4572 4606
f 4606 4572 4607
f 4572 4573 4607
f 4607 4573 4608
f 4573 4574 4608
f 4608 4574 4609
f 4574 4575 4609
f 4609 4575 4610
f 4575 4576 4610
f 4610 4576 4611
f 4576 4577 4611
f 4611 4577 4612
f 4577 4578 4612
f 4612 4578 4613
f 4578 4579 4613
f 4613 4579 4614
f 4579 4580 4614
f 4614 4580 4615
f 4580 4581 4615
f 4615 4581 4616
f 4581 4582 4616
f 4616 4582 4617
f 4582 4583 4617
f 4617 4583 4618
f 4583 4584 4618
f 4618 4584 4619
f 4584 4585 4619
f 4619 4585 4620
f 4585 4586 4620
f 4620 4586 4621
f 4586 4587 4621
f 4621 4587 4622
f 4587 2933 4622
f 4623 4588 4624
f 4588 4589 4624
f 4624 4589 4625
f 4589 4590 4625
f 4625 4590 4626
f 4590 4591 4626
f 4626 4591 4627
f 4591 4592 4627
f 4627 4592 4628
f 4592 4593 4628
f 4628 4593 4629
f 4593 4594 4629
f 4629 4594 4630
f 4594 4595 4630
f 4630 4595 4631
f 4595 4596 4631
f 4631 4596 4632
f 4596 4597 4632
f 4632 4597 4633
f 4597 4598 4633
f 4633 4598 4634
f 4598 4599 4634
f 4634 4599 4635
f 4599 4600 4635
f 4635 4600 4636
f 4600 4601 4636
f 4636 4601 4637
f 4601 4602 4637
f 4637 4602 4638
f 4602 4603 4638
f 4638 4603 4639
f 4603 4604 4639
f 4639 4604 4640
f 4604 3045 4640
f 4640 3045 3043
f 4641 4605 4642
f 4605 4606 4642
f 4642 4606 4643
f 4606 4607 4643
f 4643 4607 4644
f 4607 4608 4644
f 4644 4608 4645
f 4608 4609 4645
f 4645 4609 4646
f 4609 4610 4646
f 4646 4610 4647
f 4610 4611 4647
f 4647 4611 4648
f 4611 4612 4648
f 4648 4612 4649
f 4612 4613 4649
f 4649 4613 4650
f 4613 4614 4650
f 4650 4614 4651
f 4614 4615 4651
f 4651 4615 4652
f 4615 4616 4652
f 4652 4616 4653
f 4616 4617 4653
f 4653 4617 4654
f 4617 4618 4654
f 4654 4618 4655
f 4618 4619 4655
f 4655 4619 4656
f 4619 4620 4656
f 4656 4620 4657
f 4620 4621 4657
f 4657 4621 4658
f 4621 4622 4658
f 4658 4622 4659
f 4622 2933 4659
f 4660 4623 4661
f 4623 4624 4661
f 4661 4624 4662
f 4624 4625 4662
f 4662 4625 4663
f 4625 4626 4663
f 4663 4626 4664
f 4626 4627 4664
f 4664 4627 4665
f 4627 4628 4665
f 4665 4628 4666
f 4628 4629 4666
f 4666 4629 4667
f 4629 4630 4667
f 4667 4630 4668
f 4630 4631 4668
f 4668 4631 4669
f 4631 4632 4669
f 4669 4632 4670
f 4632 4633 4670
f 4670 4633 4671
f 4633 4634 4671
f 4671 4634 4672
f 4634 4635 4672
f 4672 4635 4673
f 4635 4636 4673
f 4673 4636 4674
f 4636 4637 4674
f 4674 4637 4675
f 4637 4638 4675
f 4675 4638 4676
f 4638 4639 4676
f 4676 4639 4677
f 4639 4640 4677
f 4677 4640 4678
f 4640 3043 4678
f 4678 3043 3041
f 4679 4641 4680
f 4641 4642 4680
f 4680 4642 4681
f 4642 4643 4681
f 4681 4643 4682
f 4643 4644 4682
f 4682 4644 4683
f 4644 4645 4683
f 4683 4645 4684
f 4645 4646 4684
f 4684 4646 4685
f 4646 4647 4685
f 4685 4647 4686
f 4647 4648 4686
f 4686 4648 4687
f 4648 4649 4687
f 4687 4649 4688
f 4649 4650 4688
f 4688 4650 4689
f 4650 4651 4689
f 4689 4651 4690
f 4651 4652 4690
f 4690 4652 4691
f 4652 4653 4691
f 4691 4653 4692
f 4653 4654 4692
f 4692 4654 4693
f 4654 4655 4693
f 4693 4655 4694
f 4655 4656 4694
f 4694 4656 4695
f 4656 4657 4695
f 4695 4657 4696
f 4657 4658 4696
f 4696 4658 4697
f 4658 4659 4697
f 4697 4659 4698
f 4659 2933 4698
f 4699 4660 4700
f 4660 4661 4700
f 4700 4661 4701
f 4661 4662 4701
f 4701 4662 4702
f 4662 4663 4702
f 4702 4663 4703
f 4663 4664 4703
f 4703 4664 4704
f 4664 4665 4704
f 4704 4665 4705
f 4665 4666 4705
f 4705 4666 4706
f 4666 4667 4706
f 4706 4667 4707
f 4667 4668 4707
f 4707 4668 4708
f 4668 4669 4708
f 4708 4669 4709
f 4669 4670 4709
f 4709 4670 4710
f 4670 4671 4710
f 4710 4671 4711
f 4671 4672 4711
f 4711 4672 4712
f 4672 4673 4712
f 4712 4673 4713
f 4673 4674 4713
f 4713 4674 4714
f 4674 4675 4714
f 4714 4675 4715
f 4675 4676 4715
f 4715 4676 4716
f 4676 4677 4716
f 4716 4677 4717
f 4677 4678 4717
f 4717 4678 4718
f 4678 3041 4718
f 4718 3041 3039
f 4719 4679 4720
f 4679 4680 4720
f 4720 4680 4721
f 4680 4681 4721
f 4721 4681 4722
f 4681 4682 4722
f 4722 4682 4723
f 4682 4683 4723
f 4723 4683 4724
f 4683 4684 4724
f 4724 4684 4725
f 4684 4685 4725
f 4725 4685 4726
f 4685 4686 4726
f 4726 4686 4727
f 4686 4687 4727
f 4727 4687 4728
f 4687 4688 4728
f 4728 4688 4729
f 4688 4689 4729
f 4729 4689 4730
f 4689 4690 4730
f 4730 4690 4731
f 4690 4691 4731
f 4731 4691 4732
f 4691 4692 4732
f 4732 4692 4733
f 4692 4693 4733
f 4733 4693 4734
f 4693 4694 4734
f 4734 4694 4735
f 4694 4695 4735
f 4735 4695 4736
f 4695 4696 4736
f 4736 4696 4737
f 4696 4697 4737
f 4737 4697 4738
f 4697 4698 4738
f 4738 4698 4739
f 4698 2933 4739
f 4740 4699 4741
f 4699 4700 4741
f 4741 4700 4742
f 4700 4701 4742
f 4742 4701 4743
f 4701 4702 4743
f 4743 4702 4744
f 4702 4703 4744
f 4744 4703 4745
f 4703 4704 4745
f 4745 4704 4746
f 4704 4705 4746
f 4746 4705 4747
f 4705 4706 4747
f 4747 4706 4748
f 4706 4707 4748
f 4748 4707 4749
f 4707 4708 4749
f 4749 4708 4750
f 4708 4709 4750
f 4750 4709 4751
f 4709 4710 4751
f 4751 4710 4752
f 4710 4711 4752
f 4752 4711 4753
f 4711 4712 4753
f 4753 4712 4754
f 4712 4713 4754
f 4754 4713 4755
f 4713 4714 4755
f 4755 4714 4756
f 4714 4715 4756
f 4756 4715 4757
f 4715 4716 4757
f 4757 4716 4758
f 4716 4717 4758
f 4758 4717 4759
f 4717 4718 4759
f 4759 4718 4760
f 4718 3039 4760
f 4760 3039 3037
f 4761 4719 4762
f 4719 4720 4762
f 4762 4720 4763
f 4720 4721 4763
f 4763 4721 4764
f 4721 4722 4764
f 4764 4722 4765
f 4722 4723 4765
f 4765 4723 4766
f 4723 4724 4766
f 4766 4724 4767
f 4724 4725 4767
f 4767 4725 4768
f 4725 4726 4768
f 4768 4726 4769
f 4726 4727 4769
f 4769 4727 4770
f 4727 4728 4770
f 4770 4728 4771
f 4728 4729 4771
f 4771 4729 4772
f 4729 4730 4772
f 4772 4730 4773
f 4730 4731 4773
f 4773 4731 4774
f 4731 4732 4774
f 4774 4732 4775
f 4732 4733 4775
f 4775 4733 4776
f 4733 4734 4776
f 4776 4734 4777
f 4734 4735 4777
f 4777 4735 4778
f 4735 4736 4778
f 4778 4736 4779
f 4736 4737 4779
f 4779 4737 4780
f 4737 4738 4780
f 4780 4738 4781
f 4738 4739 4781
f 4781 4739 4782
f 4739 2933 4782
f 4783 4740 4784
f 4740 4741 4784
f 4784 4741 4785
f 4741 4742 4785
f 4785 4742 4786
f 4742 4743 4786
f 4786 4743 4787
f 4743 4744 4787
f 4787 4744 4788
f 4744 4745 4788
f 4788 4745 4789
f 4745 4746 4789
f 4789 4746 4790
f 4746 4747 4790
f 4790 4747 4791
f 4747 4748 4791
f 4791 4748 4792
f 4748 4749 4792
f 4792 4749 4793
f 4749 4750 4793
f 4793 4750 4794
f 4750 4751 4794
f 4794 4751 4795
f 4751 4752 4795
f 4795 4752 4796
f 4752 4753 4796
f 4796 4753 4797
f 4753 4754 4797
f 4797 4754 4798
f 4754 4755 4798
f 4798 4755 4799
f 4755 4756 4799
f 4799 4756 4800
f 4756 4757 4800
f 4800 4757 4801
f 4757 4758 4801
f 4801 4758 4802
f 4758 4759 4802
f 4802 4759 4803
f 4759 4760 4803
f 4803 4760 4804
f 4760 3037 4804
f 4804 3037 3035
f 4317 4316 4805
f 4316 4319 4805
f 4805 4319 4806
f 4319 4483 4806
f 4806 4483 4807
f 4483 4484 4807
f 4807 4484 4808
f 4484 4485 4808
f 4808 4485 4809
f 4485 4486 4809
f 4809 4486 4810
f 4486 4487 4810
f 4810 4487 4811
f 4487 4488 4811
f 4811 4488 4812
f 4488 4489 4812
f 4812 4489 4813
f 4489 4490 4813
f 4813 4490 4814
f 4490 4491 4814
f 4814 4491 4815
f 4491 4492 4815
f 4815 4492 4816
f 4492 4493 4816
f 4816 4493 4817
f 4493 4494 4817
f 4817 4494 4818
f 4494 4509 4818
f 4818 4509 4819
f 4509 4539 4819
f 4819 4539 4820
f 4539 4571 4820
f 4820 4571 4821
f 4571 4605 4821
f 4821 4605 4822
f 4605 4641 4822
f 4822 4641 4823
f 4641 4679 4823
f 4823 4679 4824
f 4679 4719 4824
f 4824 4719 4825
f 4719 4761 4825
f 4825 4761 4826
f 4827 2933 4317
f 4828 4783 4829
f 4783 4784 4829
f 4829 4784 4830
f 4784 4785 4830
f 4830 4785 4831
f 4785 4786 4831
f 4831 4786 4832
f 4786 4787 4832
f 4832 4787 4833
f 4787 4788 4833
f 4833 4788 4834
f 4788 4789 4834
f 4834 4789 4835
f 4789 4790 4835
f 4835 4790 4836
f 4790 4791 4836
f 4836 4791 4837
f 4791 4792 4837
f 4837 4792 4838
f 4792 4793 4838
f 4838 4793 4839
f 4793 4794 4839
f 4839 4794 4840
f 4794 4795 4840
f 4840 4795 4841
f 4795 4796 4841
f 4841 4796 4842
f 4796 4797 4842
f 4842 4797 4843
f 4797 4798 4843
f 4843 4798 4844
f 4798 4799 4844
f 4844 4799 4845
f 4799 4800 4845
f 4845 4800 4846
f 4800 4801 4846
f 4846 4801 4847
f 4801 4802 4847
f 4847 4802 4848
f 4802 4803 4848
f 4848 4803 4849
f 4803 4804 4849
f 4849 4804 4850
f 4804 3035 4850
f 4850 3035 3033
f 4827 4317 4851
f 4317 4805 4851
f 4851 4805 4852
f 4805 4806 4852
f 4852 4806 4853
f 4806 4807 4853
f 4853 4807 4854
f 4807 4808 4854
f 4854 4808 4855
f 4808 4809 4855
f 4855 4809 4856
f 4809 4810 4856
f 4856 4810 4857
f 4810 4811 4857
f 4857 4811 4858
f 4811 4812 4858
f 4858 4812 4859
f 4812 4813 4859
f 4859 4813 4860
f 4813 4814 4860
f 4860 4814 4861
f 4814 4815 4861
f 4861 4815 4862
f 4815 4816 4862
f 4862 4816 4863
f 4816 4817 4863
f 4863 4817 4864
f 4817 4818 4864
f 4864 4818 4865
f 4818 4819 4865
f 4865 4819 4866
f 4819 4820 4866
f 4866 4820 4867
f 4820 4821 4867
f 4867 4821 4868
f 4821 4822 4868
f 4868 4822 4869
f 4822 4823 4869
f 4869 4823 4870
f 4823 4824 4870
f 4870 4824 4871
f 4824 4825 4871
f 4871 4825 4872
f 4825 4826 4872
f 4872 4826 4873
f 4874 2933 4827
f 4875 4828 4876
f 4828 4829 4876
f 4876 4829 4877
f 4829 4830 4877
f 4877 4830 4878
f 4830 4831 4878
f 4878 4831 4879
f 4831 4832 4879
f 4879 4832 4880
f 4832 4833 4880
f 4880 4833 4881
f 4833 4834 4881
f 4881 4834 4882
f 4834 4835 4882
f 4882 4835 4883
f 4835 4836 4883
f 4883 4836 4884
f 4836 4837 4884
f 4884 4837 4885
f 4837 4838 4885
f 4885 4838 4886
f 4838 4839 4886
f 4886 4839 4887
f 4839 4840 4887
f 4887 4840 4888
f 4840 4841 4888
f 4888 4841 4889
f 4841 4842 4889
f 4889 4842 4890
f 4842 4843 4890
f 4890 4843 4891
f 4843 4844 4891
f 4891 4844 4892
f 4844 4845 4892
f 4892 4845 4893
f 4845 4846 4893
f 4893 4846 4894
f 4846 4847 4894
f 4894 4847 4895
f 4847 4848 4895
f 4895 4848 4896
f 4848 4849 4896
f 4896 4849 4897
f 4849 4850 4897
f 4897 4850 4898
f 4850 3033 4898
f 4898 3033 3031
f 4874 4827 4899
f 4827 4851 4899
f 4899 4851 4900
f 4851 4852 4900
f 4900 4852 4901
f 4852 4853 4901
f 4901 4853 4902
f 4853 4854 4902
f 4902 4854 4903
f 4854 4855 4903
f 4903 4855 4904
f 4855 4856 4904
f 4904 4856 4905
f 4856 4857 4905
f 4905 4857 4906
f 4857 4858 4906
f 4906 4858 4907
f 4858 4859 4907
f 4907 4859 4908
f 4859 4860 4908
f 4908 4860 4909
f 4860 4861 4909
f 4909 4861 4910
f 4861 4862 4910
f 4910 4862 4911
f 4862 4863 4911
f 4911 4863 4912
f 4863 4864 4912
f 4912 4864 4913
f 4864 4865 4913
f 4913 4865 4914
f 4865 4866 4914
f 4914 4866 4915
f 4866 4867 4915
f 4915 4867 4916
f 4867 4868 4916
f 4916 4868 4917
f 4868 4869 4917
f 4917 4869 4918
f 4869 4870 4918
f 4918 4870 4919
f 4870 4871 4919
f 4919 4871 4920
f 4871 4872 4920
f 4920 4872 4921
f 4872 4873 4921
f 4921 4873 4922
f 4923 2933 4874
f 4924 4875 4925
f 4875 4876 4925
f 4925 4876 4926
f 4876 4877 4926
f 4926 4877 4927
f 4877 4878 4927
f 4927 4878 4928
f 4878 4879 4928
f 4928 4879 4929
f 4879 4880 4929
f 4929 4880 4930
f 4880 4881 4930
f 4930 4881 4931
f 4881 4882 4931
f 4931 4882 4932
f 4882 4883 4932
f 4932 4883 4933
f 4883 4884 4933
f 4933 4884 4934
f 4884 4885 4934
f 4934 4885 4935
f 4885 4886 4935
f 4935 4886 4936
f 4886 4887 4936
f 4936 4887 4937
f 4887 4888 4937
f 4937 4888 4938
f 4888 4889 4938
f 4938 4889 4939
f 4889 4890 4939
f 4939 4890 4940
f 4890 4891 4940
f 4940 4891 4941
f 4891 4892 4941
f 4941 4892 4942
f 4892 4893 4942
f 4942 4893 4943
f 4893 4894 4943
f 4943 4894 4944
f 4894 4895 4944
f 4944 4895 4945
f 4895 4896 4945
f 4945 4896 4946
f 4896 4897 4946
f 4946 4897 4947
f 4897 4898 4947
f 4947 4898 4948
f 4898 3031 4948
f 4948 3031 3029
f 4923 4874 4949
f 4874 4899 4949
f 4949 4899 4950
f 4899 4900 4950
f 4950 4900 4951
f 4900 4901 4951
f 4951 4901 4952
f 4901 4902 4952
f 4952 4902 4953
f 4902 4903 4953
f 4953 4903 4954
f 4903 4904 4954
f 4954 4904 4955
f 4904 4905 4955
f 4955 4905 4956
f 4905 4906 4956
f 4956 4906 4957
f 4906 4907 4957
f 4957 4907 4958
f 4907 4908 4958
f 4958 4908 4959
f 4908 4909 4959
f 4959 4909 4960
f 4909 4910 4960
f 4960 4910 4961
f 4910 4911 4961
f 4961 4911 4962
f 4911 4912 4962
f 4962 4912 4963
f 4912 4913 4963
f 4963 4913 4964
f 4913 4914 4964
f 4964 4914 4965
f 4914 4915 4965
f 4965 4915 4966
f 4915 4916 4966
f 4966 4916 4967
f 4916 4917 4967
f 4967 4917 4968
f 4917 4918 4968
f 4968 4918 4969
f 4918 4919 4969
f 4969 4919 4970
f 4919 4920 4970
f 4970 4920 4971
f 4920 4921 4971
f 4971 4921 4972
f 4921 4922 4972
f 4972 4922 4973
f 4974 2933 4923
f 4975 4924 4976
f 4924 4925 4976
f 4976 4925 4977
f 4925 4926 4977
f 4977 4926 4978
f 4926 4927 4978
f 4978 4927 4979
f 4927 4928 4979
f 4979 4928 4980
f 4928 4929 4980
f 4980 4929 4981
f 4929 4930 4981
f 4981 4930 4982
f 4930 4931 4982
f 4982 4931 4983
f 4931 4932 4983
f 4983 4932 4984
f 4932 4933 4984
f 4984 4933 4985
f 4933 4934 4985
f 4985 4934 4986
f 4934 4935 4986
f 4986 4935 4987
f 4935 4936 4987
f 4987 4936 4988
f 4936 4937 4988
f 4988 4937 4989
f 4937 4938 4989
f 4989 4938 4990
f 4938 4939 4990
f 4990 4939 4991
f 4939 4940 4991
f 4991 4940 4992
f 4940 4941 4992
f 4992 4941 4993
f 4941 4942 4993
f 4993 4942 4994
f 4942 4943 4994
f 4994 4943 4995
f 4943 4944 4995
f 4995 4944 4996
f 4944 4945 4996
f 4996 4945 4997
f 4945 4946 4997
f 4997 4946 4998
f 4946 4947 4998
f 4998 4947 4999
f 4947 4948 4999
f 4999 4948 5000
f 4948 3029 5000
f 5000 3029 3027
f 4974 4923 5001
f 4923 4949 5001
f 5001 4949 5002
f 4949 4950 5002
f 5002 4950 5003
f 4950 4951 5003
f 5003 4951 5004
f 4951 4952 5004
f 5004 4952 5005
f 4952 4953 5005
f 5005 4953 5006
f 4953 4954 5006
f 5006 4954 5007
f 4954 4955 5007
f 5007 4955 5008
f 4955 4956 5008
f 5008 4956 5009
f 4956 4957 5009
f 5009 4957 5010
f 4957 4958 5010
f 5010 4958 5011
f 4958 4959 5011
f 5011 4959 5012
f 4959 4960 5012
f 5012 4960 5013
f 4960 4961 5013
f 5013 4961 5014
f 4961 4962 5014
f 5014 4962 5015
f 4962 4963 5015
f 5015 4963 5016
f 4963 4964 5016
f 5016 4964 5017
f 4964 4965 5017
f 5017 4965 5018
f 4965 4966 5018
f 5018 4966 5019
f 4966 4967 5019
f 5019 4967 5020
f 4967 4968 5020
f 5020 4968 5021
f 4968 4969 5021
f 5021 4969 5022
f 4969 4970 5022
f 5022 4970 5023
f 4970 4971 5023
f 5023 4971 5024
f 4971 4972 5024
f 5024 4972 5025
f 4972 4973 5025
f 5025 4973 5026
f 5027 2933 4974
f 5028 4975 5029
f 4975 4976 5029
f 5029 4976 5030
f 4976 4977 5030
f 5030 4977 5031
f 4977 4978 5031
f 5031 4978 5032
f 4978 4979 5032
f 5032 4979 5033
f 4979 4980 5033
f 5033 4980 5034
f 4980 4981 5034
f 5034 4981 5035
f 4981 4982 5035
f 5035 4982 5036
f 4982 4983 5036
f 5036 4983 5037
f 4983 4984 5037
f 5037 4984 5038
f 4984 4985 5038
f 5038 4985 5039
f 4985 4986 5039
f 5039 4986 5040
f 4986 4987 5040
f 5040 4987 5041
f 4987 4988 5041
f 5041 4988 5042
f 4988 4989 5042
f 5042 4989 5043
f 4989 4990 5043
f 5043 4990 5044
f 4990 4991 5044
f 5044 4991 5045
f 4991 4992 5045
f 5045 4992 5046
f 4992 4993 5046
f 5046 4993 5047
f 4993 4994 5047
f 5047 4994 5048
f 4994 4995 5048
f 5048 4995 5049
f 4995 4996 5049
f 5049 4996 5050
f 4996 4997 5050
f 5050 4997 5051
f 4997 4998 5051
f 5051 4998 5052
f 4998 4999 5052
f 5052 4999 5053
f 4999 5000 5053
f 5053 5000 5054
f 5000 3027 5054
f 5054 3027 3025
f 5027 4974 5055
f 4974 5001 5055
f 5055 5001 5056
f 5001 5002 5056
f 5056 5002 5057
f 5002 5003 5057
f 5057 5003 5058
f 5003 5004 5058
f 5058 5004 5059
f 5004 5005 5059
f 5059 5005 5060
f 5005 5006 5060
f 5060 5006 5061
f 5006 5007 5061
f 5061 5007 5062
f 5007 5008 5062
f 5062 5008 5063
f 5008 5009 5063
f 5063 5009 5064
f 5009 5010 5064
f 5064 5010 5065
f 5010 5011 5065
f 5065 5011 5066
f 5011 5012 5066
f 5066 5012 5067
f 5012 5013 5067
f 5067 5013 5068
f 5013 5014 5068
f 5068 5014 5069
f 5014 5015 5069
f 5069 5015 5070
f 5015 5016 5070
f 5070 5016 5071
f 5016 5017 5071
f 5071 5017 5072
f 5017 5018 5072
f 5072 5018 5073
f 5018 5019 5073
f 5073 5019 5074
f 5019 5020 5074
f 5074 5020 5075
f 5020 5021 5075
f 5075 5021 5076
f 5021 5022 5076
f 5076 5022 5077
f 5022 5023 5077
f 5077 5023 5078
f 5023 5024 5078
f 5078 5024 5079
f 5024 5025 5079
f 5079 5025 5080
f 5025 5026 5080
f 5080 5026 5081
f 5082 2933 5027
f 5083 5028 5084
f 5028 5029 5084
f 5084 5029 5085
f 5029 5030 5085
f 5085 5030 5086
f 5030 5031 5086
f 5086 5031 5087
f 5031 5032 5087
f 5087 5032 5088
f 5032 5033 5088
f 5088 5033 5089
f 5033 5034 5089
f 5089 5034 5090
f 5034 5035 5090
f 5090 5035 5091
f 5035 5036 5091
f 5091 5036 5092
f 5036 5037 5092
f 5092 5037 5093
f 5037 5038 5093
f 5093 5038 5094
f 5038 5039 5094
f 5094 5039 5095
f 5039 5040 5095
f 5095 5040 5096
f 5040 5041 5096
f 5096 5041 5097
f 5041 5042 5097
f 5097 5042 5098
f 5042 5043 5098
f 5098 5043 5099
f 5043 5044 5099
f 5099 5044 5100
f 5044 5045 5100
f 5100 5045 5101
f 5045 5046 5101
f 5101 5046 5102
f 5046 5047 5102
f 5102 5047 5103
f 5047 5048 5103
f 5103 5048 5104
f 5048 5049 5104
f 5104 5049 5105
f 5049 5050 5105
f 5105 5050 5106
f 5050 5051 5106
f 5106 5051 5107
f 5051 5052 5107
f 5107 5052 5108
f 5052 5053 5108
f 5108 5053 5109
f 5053 5054 5109
f 5109 5054 5110
f 5054 3025 5110
f 5110 3025 3023
f 5082 5027 5111
f 5027 5055 5111
f 5111 5055 5112
f 5055 5056 5112
f 5112 5056 5113
f 5056 5057 5113
f 5113 5057 5114
f 5057 5058 5114
f 5114 5058 5115
f 5058 5059 5115
f 5115 5059 5116
f 5059 5060 5116
f 5116 5060 5117
f 5060 5061 5117
f 5117 5061 5118
f 5061 5062 5118
f 5118 5062 5119
f 5062 5063 5119
f 5119 5063 5120
f 5063 5064 5120
f 5120 5064 5121
f 5064 5065 5121
f 5121 5065 5122
f 5065 5066 5122
f 5122 5066 5123
f 5066 5067 5123
f 5123 5067 5124
f 5067 5068 5124
f 5124 5068 5125
f 5068 5069 5125
f 5125 5069 5126
f 5069 5070 5126
f 5126 5070 5127
f 5070 5071 5127
f 5127 5071 5128
f 5071 5072 5128
f 5128 5072 5129
f 5072 5073 5129
f 5129 5073 5130
f 5073 5074 5130
f 5130 5074 5131
f 5074 5075 5131
f 5131 5075 5132
f 5075 5076 5132
f 5132 5076 5133
f 5076 5077 5133
f 5133 5077 5134
f 5077 5078 5134
f 5134 5078 5135
f 5078 5079 5135
f 5135 5079 5136
f 5079 5080 5136
f 5136 5080 5137
f 5080 5081 5137
f 5137 5081 5138
f 5139 2933 5082
f 5140 5083 5141
f 5083 5084 5141
f 5141 5084 5142
f 5084 5085 5142
f 5142 5085 5143
f 5085 5086 5143
f 5143 5086 5144
f 5086 5087 5144
f 5144 5087 5145
f 5087 5088 5145
f 5145 5088 5146
f 5088 5089 5146
f 5146 5089 5147
f 5089 5090 5147
f 5147 5090 5148
f 5090 5091 5148
f 5148 5091 5149
f 5091 5092 5149
f 5149 5092 5150
f 5092 5093 5150
f 5150 5093 5151
f 5093 5094 5151
f 5151 5094 5152
f 5094 5095 5152
f 5152 5095 5153
f 5095 5096 5153
f 5153 5096 5154
f 5096 5097 5154
f 5154 5097 5155
f 5097 5098 5155
f 5155 5098 5156
f 5098 5099 5156
f 5156 5099 5157
f 5099 5100 5157
f 5157 5100 5158
f 5100 5101 5158
f 5158 5101 5159
f 5101 5102 5159
f 5159 5102 5160
f 5102 5103 5160
f 5160 5103 5161
f 5103 5104 5161
f 5161 5104 5162
f 5104 5105 5162
f 5162 5105 5163
f 5105 5106 5163
f 5163 5106 5164
f 5106 5107 5164
f 5164 5107 5165
f 5107 5108 5165
f 5165 5108 5166
f 5108 5109 5166
f 5166 5109 5167
f 5109 5110 5167
f 5167 5110 5168
f 5110 3023 5168
f 5168 3023 3021
f 5139 5082 5169
f 5082 5111 5169
f 5169 5111 5170
f 5111 5112 5170
f 5170 5112 5171
f 5112 5113 5171
f 5171 5113 5172
f 5113 5114 5172
f 5172 5114 5173
f 5114 5115 5173
f 5173 5115 5174
f 5115 5116 5174
f 5174 5116 5175
f 5116 5117 5175
f 5175 5117 5176
f 5117 5118 5176
f 5176 5118 5177
f 5118 5119 5177
f 5177 5119 5178
f 5119 5120 5178
f 5178 5120 5179
f 5120 5121 5179
f 5179 5121 5180
f 5121 5122 5180
f 5180 5122 5181
f 5122 5123 5181
f 5181 5123 5182
f 5123 5124 5182
f 5182 5124 5183
f 5124 5125 5183
f 5183 5125 5184
f 5125 5126 5184
f 5184 5126 5185
f 5126 5127 5185
f 5185 5127 5186
f 5127 5128 5186
f 5186 5128 5187
f 5128 5129 5187
f 5187 5129 5188
f 5129 5130 5188
f 5188 5130 5189
f 5130 5131 5189
f 5189 5131 5190
f 5131 5132 5190
f 5190 5132 5191
f 5132 5133 5191
f 5191 5133 5192
f 5133 5134 5192
f 5192 5134 5193
f 5134 5135 5193
f 5193 5135 5194
f 5135 5136 5194
f 5194 5136 5195
f 5136 5137 5195
f 5195 5137 5196
f 5137 5138 5196
f 5196 5138 5197
f 5198 2933 5139
f 5199 5140 5200
f 5140 5141 5200
f 5200 5141 5201
f 5141 5142 5201
f 5201 5142 5202
f 5142 5143 5202
f 5202 5143 5203
f 5143 5144 5203
f 5203 5144 5204
f 5144 5145 5204
f 5204 5145 5205
f 5145 5146 5205
f 5205 5146 5206
f 5146 5147 5206
f 5206 5147 5207
f 5147 5148 5207
f 5207 5148 5208
f 5148 5149 5208
f 5208 5149 5209
f 5149 5150 5209
f 5209 5150 5210
f 5150 5151 5210
f 5210 5151 5211
f 5151 5152 5211
f 5211 5152 5212
f 5152 5153 5212
f 5212 5153 5213
f 5153 5154 5213
f 5213 5154 5214
f 5154 5155 5214
f 5214 5155 5215
f 5155 5156 5215
f 5215 5156 5216
f 5156 5157 5216
f 5216 5157 5217
f 5157 5158 5217
f 5217 5158 5218
f 5158 5159 5218
f 5218 5159 5219
f 5159 5160 5219
f 5219 5160 5220
f 5160 5161 5220
f 5220 5161 5221
f 5161 5162 5221
f 5221 5162 5222
f 5162 5163 5222
f 5222 5163 5223
f 5163 5164 5223
f 5223 5164 5224
f 5164 5165 5224
f 5224 5165 5225
f 5165 5166 5225
f 5225 5166 5226
f 5166 5167 5226
f 5226 5167 5227
f 5167 5168 5227
f 5227 5168 5228
f 5168 3021 5228
f 5228 3021 3019
f 5198 5139 5229
f 5139 5169 5229
f 5229 5169 5230
f 5169 5170 5230
f 5230 5170 5231
f 5170 5171 5231
f 5231 5171 5232
f 5171 5172 5232
f 5232 5172 5233
f 5172 5173 5233
f 5233 5173 5234
f 5173 5174 5234
f 5234 5174 5235
f 5174 5175 5235
f 5235 5175 5236
f 5175 5176 5236
f 5236 5176 5237
f 5176 5177 5237
f 5237 5177 5238
f 5177 5178 5238
f 5238 5178 5239
f 5178 5179 5239
f 5239 5179 5240
f 5179 5180 5240
f 5240 5180 5241
f 5180 5181 5241
f 5241 5181 5242
f 5181 5182 5242
f 5242 5182 5243
f 5182 5183 5243
f 5243 5183 5244
f 5183 5184 5244
f 5244 5184 5245
f 5184 5185 5245
f 5245 5185 5246
f 5185 5186 5246
f 5246 5186 5247
f 5186 5187 5247
f 5247 5187 5248
f 5187 5188 5248
f 5248 5188 5249
f 5188 5189 5249
f 5249 5189 5250
f 5189 5190 5250
f 5250 5190 5251
f 5190 5191 5251
f 5251 5191 5252
f 5191 5192 5252
f 5252 5192 5253
f 5192 5193 5253
f 5253 5193 5254
f 5193 5194 5254
f 5254 5194 5255
f 5194 5195 5255
f 5255 5195 5256
f 5195 5196 5256
f 5256 5196 5257
f 5196 5197 5257
f 5257 5197 5258
f 5259 2933 5198
f 5260 5199 5261
f 5199 5200 5261
f 5261 5200 5262
f 5200 5201 5262
f 5262 5201 5263
f 5201 5202 5263
f 5263 5202 5264
f 5202 5203 5264
f 5264 5203 5265
f 5203 5204 5265
f 5265 5204 5266
f 5204 5205 5266
f 5266 5205 5267
f 5205 5206 5267
f 5267 5206 5268
f 5206 5207 5268
f 5268 5207 5269
f 5207 5208 5269
f 5269 5208 5270
f 5208 5209 5270
f 5270 5209 5271
f 5209 5210 5271
f 5271 5210 5272
f 5210 5211 5272
f 5272 5211 5273
f 5211 5212 5273
f 5273 5212 5274
f 5212 5213 5274
f 5274 5213 5275
f 5213 5214 5275
f 5275 5214 5276
f 5214 5215 5276
f 5276 5215 5277
f 5215 5216 5277
f 5277 5216 5278
f 5216 5217 5278
f 5278 5217 5279
f 5217 5218 5279
f 5279 5218 5280
f 5218 5219 5280
f 5280 5219 5281
f 5219 5220 5281
f 5281 5220 5282
f 5220 5221 5282
f 5282 5221 5283
f 5221 5222 5283
f 5283 5222 5284
f 5222 5223 5284
f 5284 5223 5285
f 5223 5224 5285
f 5285 5224 5286
f 5224 5225 5286
f 5286 5225 5287
f 5225 5226 5287
f 5287 5226 5288
f 5226 5227 5288
f 5288 5227 5289
f 5227 5228 5289
f 5289 5228 5290
f 5228 3019 5290
f 5290 3019 3017
f 5259 5198 5291
f 5198 5229 5291
f 5291 5229 5292
f 5229 5230 5292
f 5292 5230 5293
f 5230 5231 5293
f 5293 5231 5294
f 5231 5232 5294
f 5294 5232 5295
f 5232 5233 5295
f 5295 5233 5296
f 5233 5234 5296
f 5296 5234 5297
f 5234 5235 5297
f 5297 5235 5298
f 5235 5236 5298
f 5298 5236 5299
f 5236 5237 5299
f 5299 5237 5300
f 5237 5238 5300
f 5300 5238 5301
f 5238 5239 5301
f 5301 5239 5302
f 5239 5240 5302
f 5302 5240 5303
f 5240 5241 5303
f 5303 5241 5304
f 5241 5242 5304
f 5304 5242 5305
f 5242 5243 5305
f 5305 5243 5306
f 5243 5244 5306
f 5306 5244 5307
f 5244 5245 5307
f 5307 5245 5308
f 5245 5246 5308
f 5308 5246 5309
f 5246 5247 5309
f 5309 5247 5310
f 5247 5248 5310
f 5310 5248 5311
f 5248 5249 5311
f 5311 5249 5312
f 5249 5250 5312
f 5312 5250 5313
f 5250 5251 5313
f 5313 5251 5314
f 5251 5252 5314
f 5314 5252 5315
f 5252 5253 5315
f 5315 5253 5316
f 5253 5254 5316
f 5316 5254 5317
f 5254 5255 5317
f 5317 5255 5318
f 5255 5256 5318
f 5318 5256 5319
f 5256 5257 5319
f 5319 5257 5320
f 5257 5258 5320
f 5320 5258 5321
f 5322 2933 5259
f 5323 5260 5324
f 5260 5261 5324
f 5324 5261 5325
f 5261 5262 5325
f 5325 5262 5326
f 5262 5263 5326
f 5326 5263 5327
f 5263 5264 5327
f 5327 5264 5328
f 5264 5265 5328
f 5328 5265 5329
f 5265 5266 5329
f 5329 5266 5330
f 5266 5267 5330
f 5330 5267 5331
f 5267 5268 5331
f 5331 5268 5332
f 5268 5269 5332
f 5332 5269 5333
f 5269 5270 5333
f 5333 5270 5334
f 5270 5271 5334
f 5334 5271 5335
f 5271 5272 5335
f 5335 5272 5336
f 5272 5273 5336
f 5336 5273 5337
f 5273 5274 5337
f 5337 5274 5338
f 5274 5275 5338
f 5338 5275 5339
f 5275 5276 5339
f 5339 5276 5340
f 5276 5277 5340
f 5340 5277 5341
f 5277 5278 5341
f 5341 5278 5342
f 5278 5279 5342
f 5342 5279 5343
f 5279 5280 5343
f 5343 5280 5344
f 5280 5281 5344
f 5344 5281 5345
f 5281 5282 5345
f 5345 5282 5346
f 5282 5283 5346
f 5346 5283 5347
f 5283 5284 5347
f 5347 5284 5348
f 5284 5285 5348
f 5348 5285 5349
f 5285 5286 5349
f 5349 5286 5350
f 5286 5287 5350
f 5350 5287 5351
f 5287 5288 5351
f 5351 5288 5352
f 5288 5289 5352
f 5352 5289 5353
f 5289 5290 5353
f 5353 5290 5354
f 5290 3017 5354
f 5354 3017 3015
f 5322 5259 5355
f 5259 5291 5355
f 5355 5291 5356
f 5291 5292 5356
f 5356 5292 5357
f 5292 5293 5357
f 5357 5293 5358
f 5293 5294 5358
f 5358 5294 5359
f 5294 5295 5359
f 5359 5295 5360
f 5295 5296 5360
f 5360 5296 5361
f 5296 5297 5361
f 5361 5297 5362
f 5297 5298 5362
f 5362 5298 5363
f 5298 5299 5363
f 5363 5299 5364
f 5299 5300 5364
f 5364 5300 5365
f 5300 5301 5365
f 5365 5301 5366
f 5301 5302 5366
f 5366 5302 5367
f 5302 5303 5367
f 5367 5303 5368
f 5303 5304 5368
f 5368 5304 5369
f 5304 5305 5369
f 5369 5305 5370
f 5305 5306 5370
f 5370 5306 5371
f 5306 5307 5371
f 5371 5307 5372
f 5307 5308 5372
f 5372 5308 5373
f 5308 5309 5373
f 5373 5309 5374
f 5309 5310 5374
f 5374 5310 5375
f 5310 5311 5375
f 5375 5311 5376
f 5311 5312 5376
f 5376 5312 5377
f 5312 5313 5377
f 5377 5313 5378
f 5313 5314 5378
f 5378 5314 5379
f 5314 5315 5379
f 5379 5315 5380
f 5315 5316 5380
f 5380 5316 5381
f 5316 5317 5381
f 5381 5317 5382
f 5317 5318 5382
f 5382 5318 5383
f 5318 5319 5383
f 5383 5319 5384
f 5319 5320 5384
f 5384 5320 5385
f 5320 5321 5385
f 5385 5321 5386
f 2935 2933 5322
f 5387 5323 5388
f 5323 5324 5388
f 5388 5324 5389
f 5324 5325 5389
f 5389 5325 5390
f 5325 5326 5390
f 5390 5326 5391
f 5326 5327 5391
f 5391 5327 5392
f 5327 5328 5392
f 5392 5328 5393
f 5328 5329 5393
f 5393 5329 5394
f 5329 5330 5394
f 5394 5330 5395
f 5330 5331 5395
f 5395 5331 5396
f 5331 5332 5396
f 5396 5332 5397
f 5332 5333 5397
f 5397 5333 5398
f 5333 5334 5398
f 5398 5334 5399
f 5334 5335 5399
f 5399 5335 5400
f 5335 5336 5400
f 5400 5336 5401
f 5336 5337 5401
f 5401 5337 5402
f 5337 5338 5402
f 5402 5338 5403
f 5338 5339 5403
f 5403 5339 5404
f 5339 5340 5404
f 5404 5340 5405
f 5340 5341 5405
f 5405 5341 5406
f 5341 5342 5406
f 5406 5342 5407
f 5342 5343 5407
f 5407 5343 5408
f 5343 5344 5408
f 5408 5344 5409
f 5344 5345 5409
f 5409 5345 5410
f 5345 5346 5410
f 5410 5346 5411
f 5346 5347 5411
f 5411 5347 5412
f 5347 5348 5412
f 5412 5348 5413
f 5348 5349 5413
f 5413 5349 5414
f 5349 5350 5414
f 5414 5350 5415
f 5350 5351 5415
f 5415 5351 5416
f 5351 5352 5416
f 5416 5352 5417
f 5352 5353 5417
f 5417 5353 5418
f 5353 5354 5418
f 5418 5354 5419
f 5354 3015 5419
f 5419 3015 3013
f 2935 5322 2937
f 5322 5355 2937
f 2937 5355 2939
f 5355 5356 2939
f 2939 5356 2941
f 5356 5357 2941
f 2941 5357 2943
f 5357 5358 2943
f 2943 5358 2945
f 5358 5359 2945
f 2945 5359 2947
f 5359 5360 2947
f 2947 5360 2949
f 5360 5361 2949
f 2949 5361 2951
f 5361 5362 2951
f 2951 5362 2953
f 5362 5363 2953
f 2953 5363 2955
f 5363 5364 2955
f 2955 5364 2957
f 5364 5365 2957
f 2957 5365 2959
f 5365 5366 2959
f 2959 5366 2961
f 5366 5367 2961
f 2961 5367 2963
f 5367 5368 2963
f 2963 5368 2965
f 5368 5369 2965
f 2965 5369 2967
f 5369 5370 2967
f 2967 5370 2969
f 5370 5371 2969
f 2969 5371 2971
f 5371 5372 2971
f 2971 5372 2973
f 5372 5373 2973
f 2973 5373 2975
f 5373 5374 2975
f 2975 5374 2977
f 5374 5375 2977
f 2977 5375 2979
f 5375 5376 2979
f 2979 5376 2981
f 5376 5377 2981
f 2981 5377 2983
f 5377 5378 2983
f 2983 5378 2985
f 5378 5379 2985
f 2985 5379 2987
f 5379 5380 2987
f 2987 5380 2989
f 5380 5381 2989
f 2989 5381 2991
f 5381 5382 2991
f 2991 5382 2993
f 5382 5383 2993
f 2993 5383 2995
f 5383 5384 2995
f 2995 5384 2997
f 5384 5385 2997
f 2997 5385 2999
f 5385 5386 2999
f 2999 5386 3001
f 5420 5387 5421
f 5387 5388 5421
f 5421 5388 5422
f 5388 5389 5422
f 5422 5389 5423
f 5389 5390 5423
f 5423 5390 5424
f 5390 5391 5424
f 5424 5391 5425
f 5391 5392 5425
f 5425 5392 5426
f 5392 5393 5426
f 5426 5393 5427
f 5393 5394 5427
f 5427 5394 5428
f 5394 5395 5428
f 5428 5395 5429
f 5395 5396 5429
f 5429 5396 5430
f 5396 5397 5430
f 5430 5397 5431
f 5397 5398 5431
f 5431 5398 5432
f 5398 5399 5432
f 5432 5399 5433
f 5399 5400 5433
f 5433 5400 5434
f 5400 5401 5434
f 5434 5401 5435
f 5401 5402 5435
f 5435 5402 5436
f 5402 5403 5436
f 5436 5403 5437
f 5403 5404 5437
f 5437 5404 5438
f 5404 5405 5438
f 5438 5405 5439
f 5405 5406 5439
f 5439 5406 5440
f 5406 5407 5440
f 5440 5407 5441
f 5407 5408 5441
f 5441 5408 5442
f 5408 5409 5442
f 5442 5409 5443
f 5409 5410 5443
f 5443 5410 5444
f 5410 5411 5444
f 5444 5411 5445
f 5411 5412 5445
f 5445 5412 5446
f 5412 5413 5446
f 5446 5413 5447
f 5413 5414 5447
f 5447 5414 5448
f 5414 5415 5448
f 5448 5415 5449
f 5415 5416 5449
f 5449 5416 5450
f 5416 5417 5450
f 5450 5417 5451
f 5417 5418 5451
f 5451 5418 5452
f 5418 5419 5452
f 5452 5419 5453
f 5419 3013 5453
f 5453 3013 3011
f 5454 5420 5455
f 5420 5421 5455
f 5455 5421 5456
f 5421 5422 5456
f 5456 5422 5457
f 5422 5423 5457
f 5457 5423 5458
f 5423 5424 5458
f 5458 5424 5459
f 5424 5425 5459
f 5459 5425 5460
f 5425 5426 5460
f 5460 5426 5461
f 5426 5427 5461
f 5461 5427 5462
f 5427 5428 5462
f 5462 5428 5463
f 5428 5429 5463
f 5463 5429 5464
f 5429 5430 5464
f 5464 5430 5465
f 5430 5431 5465
f 5465 5431 5466
f 5431 5432 5466
f 5466 5432 5467
f 5432 5433 5467
f 5467 5433 5468
f 5433 5434 5468
f 5468 5434 5469
f 5434 5435 5469
f 5469 5435 5470
f 5435 5436 5470
f 5470 5436 5471
f 5436 5437 5471
f 5471 5437 5472
f 5437 5438 5472
f 5472 5438 5473
f 5438 5439 5473
f 5473 5439 5474
f 5439 5440 5474
f 5474 5440 5475
f 5440 5441 5475
f 5475 5441 5476
f 5441 5442 5476
f 5476 5442 5477
f 5442 5443 5477
f 5477 5443 5478
f 5443 5444 5478
f 5478 5444 5479
f 5444 5445 5479
f 5479 5445 5480
f 5445 5446 5480
f 5480 5446 5481
f 5446 5447 5481
f 5481 5447 5482
f 5447 5448 5482
f 5482 5448 5483
f 5448 5449 5483
f 5483 5449 5484
f 5449 5450 5484
f 5484 5450 5485
f 5450 5451 5485
f 5485 5451 5486
f 5451 5452 5486
f 5486 5452 5487
f 5452 5453 5487
f 5487 5453 5488
f 5453 3011 5488
f 5488 3011 3009
f 3003 5454 4309
f 5454 5455 4309
f 4309 5455 4308
f 5455 5456 4308
f 4308 5456 4307
f 5456 5457 4307
f 4307 5457 4306
f 5457 5458 4306
f 4306 5458 4305
f 5458 5459 4305
f 4305 5459 4304
f 5459 5460 4304
f 4304 5460 4303
f 5460 5461 4303
f 4303 5461 4302
f 5461 5462 4302
f 4302 5462 4301
f 5462 5463 4301
f 4301 5463 4300
f 5463 5464 4300
f 4300 5464 4299
f 5464 5465 4299
f 4299 5465 4298
f 5465 5466 4298
f 4298 5466 4297
f 5466 5467 4297
f 4297 5467 4296
f 5467 5468 4296
f 4296 5468 4295
f 5468 5469 4295
f 4295 5469 4294
f 5469 5470 4294
f 4294 5470 4293
f 5470 5471 4293
f 4293 5471 4292
f 5471 5472 4292
f 4292 5472 4291
f 5472 5473 4291
f 4291 5473 4290
f 5473 5474 4290
f 4290 5474 4289
f 5474 5475 4289
f 4289 5475 4288
f 5475 5476 4288
f 4288 5476 4287
f 5476 5477 4287
f 4287 5477 4286
f 5477 5478 4286
f 4286 5478 4285
f 5478 5479 4285
f 4285 5479 4284
f 5479 5480 4284
f 4284 5480 4283
f 5480 5481 4283
f 4283 5481 4282
f 5481 5482 4282
f 4282 5482 4281
f 5482 5483 4281
f 4281 5483 4280
f 5483 5484 4280
f 4280 5484 4279
f 5484 5485 4279
f 4279 5485 4278
f 5485 5486 4278
f 4278 5486 4277
f 5486 5487 4277
f 4277 5487 4276
f 5487 5488 4276
f 4276 5488 4275
f 5488 3009 4275
f 4275 3009 3007
f 4321 2933 4315
f 3003 3001 5454
f 3001 5386 5454
f 5454 5386 5420
f 5386 5321 5420
f 5420 5321 5387
f 5321 5258 5387
f 5387 5258 5323
f 5258 5197 5323
f 5323 5197 5260
f 5197 5138 5260
f 5260 5138 5199
f 5138 5081 5199
f 5199 5081 5140
f 5081 5026 5140
f 5140 5026 5083
f 5026 4973 5083
f 5083 4973 5028
f 4973 4922 5028
f 5028 4922 4975
f 4922 4873 4975
f 4975 4873 4924
f 4873 4826 4924
f 4924 4826 4875
f 4826 4761 4875
f 4875 4761 4828
f 4761 4762 4828
f 4828 4762 4783
f 4762 4763 4783
f 4783 4763 4740
f 4763 4764 4740
f 4740 4764 4699
f 4764 4765 4699
f 4699 4765 4660
f 4765 4766 4660
f 4660 4766 4623
f 4766 4767 4623
f 4623 4767 4588
f 4767 4768 4588
f 4588 4768 4555
f 4768 4769 4555
f 4555 4769 4524
f 4769 4770 4524
f 4524 4770 4495
f 4770 4771 4495
f 4495 4771 4470
f 4771 4772 4470
f 4470 4772 4447
f 4772 4773 4447
f 4447 4773 4425
f 4773 4774 4425
f 4425 4774 4405
f 4774 4775 4405
f 4405 4775 4387
f 4775 4776 4387
f 4387 4776 4371
f 4776 4777 4371
f 4371 4777 4357
f 4777 4778 4357
f 4357 4778 4345
f 4778 4779 4345
f 4345 4779 4335
f 4779 4780 4335
f 4335 4780 4327
f 4780 4781 4327
f 4327 4781 4320
f 4781 4782 4320
f 4320 4782 4321
f 4782 2933 4321

