# https://github.com/mikedh/trimesh
v 0.04684740 0.01255272 -0.00000000
v 0.04974518 0.01332918 -0.00000000
v 0.04557509 0.01658798 -0.00000000
v 0.04839417 0.01761404 -0.00000000
v 0.04395593 0.02049698 -0.00000000
v 0.04667485 0.02176484 -0.00000000
v 0.04200223 0.02425000 -0.00000000
v 0.04460031 0.02575000 -0.00000000
v 0.03972887 0.02781846 -0.00000000
v 0.04218633 0.02953919 -0.00000000
v 0.03715315 0.03117520 -0.00000000
v 0.03945129 0.03310356 -0.00000000
v 0.03429468 0.03429468 -0.00000000
v 0.03641600 0.03641600 -0.00000000
v 0.03117520 0.03715315 -0.00000000
v 0.03310356 0.03945129 -0.00000000
v 0.02781846 0.03972887 -0.00000000
v 0.02953919 0.04218633 -0.00000000
v 0.02425000 0.04200223 -0.00000000
v 0.02575000 0.04460031 -0.00000000
v 0.02049698 0.04395593 -0.00000000
v 0.02176484 0.04667485 -0.00000000
v 0.01658798 0.04557509 -0.00000000
v 0.01761404 0.04839417 -0.00000000
v 0.01255272 0.04684740 -0.00000000
v 0.01332918 0.04974518 -0.00000000
v 0.00842194 0.04776318 -0.00000000
v 0.00894288 0.05071760 -0.00000000
v 0.00422705 0.04831544 -0.00000000
v 0.00448852 0.05130403 -0.00000000
v 0.00000000 0.04850000 -0.00000000
v 0.00000000 0.05150000 -0.00000000
v -0.00422705 0.04831544 -0.00000000
v -0.00448852 0.05130403 -0.00000000
v -0.00842194 0.04776318 -0.00000000
v -0.00894288 0.05071760 -0.00000000
v -0.01255272 0.04684740 -0.00000000
v -0.01332918 0.04974518 -0.00000000
v -0.01658798 0.04557509 -0.00000000
v -0.01761404 0.04839417 -0.00000000
v -0.02049698 0.04395593 -0.00000000
v -0.02176484 0.04667485 -0.00000000
v -0.02425000 0.04200223 -0.00000000
v -0.02575000 0.04460031 -0.00000000
v -0.02781846 0.03972887 -0.00000000
v -0.02953919 0.04218633 -0.00000000
v -0.03117520 0.03715315 -0.00000000
v -0.03310356 0.03945129 -0.00000000
v -0.03429468 0.03429468 -0.00000000
v -0.03641600 0.03641600 -0.00000000
v -0.03715315 0.03117520 -0.00000000
v -0.03945129 0.03310356 -0.00000000
v -0.03972887 0.02781846 -0.00000000
v -0.04218633 0.02953919 -0.00000000
v -0.04200223 0.02425000 -0.00000000
v -0.04460031 0.02575000 -0.00000000
v -0.04395593 0.02049698 -0.00000000
v -0.04667485 0.02176484 -0.00000000
v -0.04557509 0.01658798 -0.00000000
v -0.04839417 0.01761404 -0.00000000
v -0.04684740 0.01255272 -0.00000000
v -0.04974518 0.01332918 -0.00000000
v -0.04776318 0.00842194 -0.00000000
v -0.05071760 0.00894288 -0.00000000
v -0.04831544 0.00422705 -0.00000000
v -0.05130403 0.00448852 -0.00000000
v -0.04850000 -0.00000000 0.00000000
v -0.05150000 -0.00000000 0.00000000
v -0.04831544 -0.00422705 0.00000000
v -0.05130403 -0.00448852 0.00000000
v -0.04776318 -0.00842194 0.00000000
v -0.05071760 -0.00894288 0.00000000
v -0.04684740 -0.01255272 0.00000000
v -0.04974518 -0.01332918 0.00000000
v -0.04557509 -0.01658798 0.00000000
v -0.04839417 -0.01761404 0.00000000
v -0.04395593 -0.02049698 0.00000000
v -0.04667485 -0.02176484 0.00000000
v -0.04200223 -0.02425000 0.00000000
v -0.04460031 -0.02575000 0.00000000
v -0.03972887 -0.02781846 0.00000000
v -0.04218633 -0.02953919 0.00000000
v -0.03715315 -0.03117520 0.00000000
v -0.03945129 -0.03310356 0.00000000
v -0.03429468 -0.03429468 0.00000000
v -0.03641600 -0.03641600 0.00000000
v -0.03117520 -0.03715315 0.00000000
v -0.03310356 -0.03945129 0.00000000
v -0.02781846 -0.03972887 0.00000000
v -0.02953919 -0.04218633 0.00000000
v -0.02425000 -0.04200223 0.00000000
v -0.02575000 -0.04460031 0.00000000
v -0.02049698 -0.04395593 0.00000000
v -0.02176484 -0.04667485 0.00000000
v -0.01658798 -0.04557509 0.00000000
v -0.01761404 -0.04839417 0.00000000
v -0.01255272 -0.04684740 0.00000000
v -0.01332918 -0.04974518 0.00000000
v -0.00842194 -0.04776318 0.00000000
v -0.00894288 -0.05071760 0.00000000
v -0.00422705 -0.04831544 0.00000000
v -0.00448852 -0.05130403 0.00000000
v 0.00000000 -0.04850000 0.00000000
v 0.00000000 -0.05150000 0.00000000
v 0.00422705 -0.04831544 0.00000000
v 0.00448852 -0.05130403 0.00000000
v 0.00842194 -0.04776318 0.00000000
v 0.00894288 -0.05071760 0.00000000
v 0.01255272 -0.04684740 0.00000000
v 0.01332918 -0.04974518 0.00000000
v 0.01658798 -0.04557509 0.00000000
v 0.01761404 -0.04839417 0.00000000
v 0.02049698 -0.04395593 0.00000000
v 0.02176484 -0.04667485 0.00000000
v 0.02425000 -0.04200223 0.00000000
v 0.02575000 -0.04460031 0.00000000
v 0.02781846 -0.03972887 0.00000000
v 0.02953919 -0.04218633 0.00000000
v 0.03117520 -0.03715315 0.00000000
v 0.03310356 -0.03945129 0.00000000
v 0.03429468 -0.03429468 0.00000000
v 0.03641600 -0.03641600 0.00000000
v 0.03715315 -0.03117520 0.00000000
v 0.03945129 -0.03310356 0.00000000
v 0.03972887 -0.02781846 0.00000000
v 0.04218633 -0.02953919 0.00000000
v 0.04200223 -0.02425000 0.00000000
v 0.04460031 -0.02575000 0.00000000
v 0.04395593 -0.02049698 0.00000000
v 0.04667485 -0.02176484 0.00000000
v 0.04557509 -0.01658798 0.00000000
v 0.04839417 -0.01761404 0.00000000
v 0.04684740 -0.01255272 0.00000000
v 0.04974518 -0.01332918 0.00000000
v 0.04776318 -0.00842194 0.00000000
v 0.05071760 -0.00894288 0.00000000
v 0.04831544 -0.00422705 0.00000000
v 0.05130403 -0.00448852 0.00000000
v 0.04850000 0.00000000 -0.00000000
v 0.05150000 -0.00000000 0.00000000
v 0.04831544 0.00422705 -0.00000000
v 0.05130403 0.00448852 -0.00000000
v 0.04776318 0.00842194 -0.00000000
v 0.05071760 0.00894288 -0.00000000
v -0.04831544 -0.00421097 -0.00036841
v -0.04776318 -0.00838989 -0.00073402
v -0.04684740 -0.01250496 -0.00109404
v -0.04557509 -0.01652486 -0.00144574
v -0.04395593 -0.02041899 -0.00178643
v -0.04200223 -0.02415772 -0.00211353
v -0.03972887 -0.02771260 -0.00242454
v -0.03715315 -0.03105657 -0.00271710
v -0.03429468 -0.03416418 -0.00298898
v -0.03117520 -0.03701178 -0.00323811
v -0.02781846 -0.03957769 -0.00346260
v -0.02425000 -0.04184240 -0.00366074
v -0.02049698 -0.04378866 -0.00383101
v -0.01658798 -0.04540167 -0.00397213
v -0.01255272 -0.04666913 -0.00408302
v -0.00842194 -0.04758142 -0.00416283
v -0.00422705 -0.04813159 -0.00421097
v 0.00000000 -0.04831544 -0.00422705
v 0.00422705 -0.04813159 -0.00421097
v 0.00842194 -0.04758142 -0.00416283
v 0.01255272 -0.04666913 -0.00408302
v 0.01658798 -0.04540167 -0.00397213
v 0.02049698 -0.04378866 -0.00383101
v 0.02425000 -0.04184240 -0.00366074
v 0.02781846 -0.03957769 -0.00346260
v 0.03117520 -0.03701178 -0.00323811
v 0.03429468 -0.03416418 -0.00298898
v 0.03715315 -0.03105657 -0.00271710
v 0.03972887 -0.02771260 -0.00242454
v 0.04200223 -0.02415772 -0.00211353
v 0.04395593 -0.02041899 -0.00178643
v 0.04557509 -0.01652486 -0.00144574
v 0.04684740 -0.01250496 -0.00109404
v 0.04776318 -0.00838989 -0.00073402
v 0.04831544 -0.00421097 -0.00036841
v 0.04831544 -0.00416283 -0.00073402
v 0.04776318 -0.00829399 -0.00146245
v 0.04684740 -0.01236202 -0.00217976
v 0.04557509 -0.01633597 -0.00288047
v 0.04395593 -0.02018559 -0.00355926
v 0.04200223 -0.02388159 -0.00421097
v 0.03972887 -0.02739583 -0.00483062
v 0.03715315 -0.03070158 -0.00541352
v 0.03429468 -0.03377366 -0.00595521
v 0.03117520 -0.03658872 -0.00645158
v 0.02781846 -0.03912530 -0.00689885
v 0.02425000 -0.04136412 -0.00729361
v 0.02049698 -0.04328814 -0.00763287
v 0.01658798 -0.04488270 -0.00791403
v 0.01255272 -0.04613569 -0.00813497
v 0.00842194 -0.04703755 -0.00829399
v 0.00422705 -0.04758142 -0.00838989
v 0.00000000 -0.04776318 -0.00842194
v -0.00422705 -0.04758142 -0.00838989
v -0.00842194 -0.04703755 -0.00829399
v -0.01255272 -0.04613569 -0.00813497
v -0.01658798 -0.04488270 -0.00791403
v -0.02049698 -0.04328814 -0.00763287
v -0.02425000 -0.04136412 -0.00729361
v -0.02781846 -0.03912530 -0.00689885
v -0.03117520 -0.03658872 -0.00645158
v -0.03429468 -0.03377366 -0.00595521
v -0.03715315 -0.03070158 -0.00541352
v -0.03972887 -0.02739583 -0.00483062
v -0.04200223 -0.02388159 -0.00421097
v -0.04395593 -0.02018559 -0.00355926
v -0.04557509 -0.01633597 -0.00288047
v -0.04684740 -0.01236202 -0.00217976
v -0.04776318 -0.00829399 -0.00146245
v -0.04831544 -0.00416283 -0.00073402
v 0.04831544 -0.00408302 -0.00109404
v 0.04776318 -0.00813497 -0.00217976
v 0.04684740 -0.01212500 -0.00324888
v 0.04557509 -0.01602275 -0.00429328
v 0.04395593 -0.01979857 -0.00530501
v 0.04200223 -0.02342370 -0.00627636
v 0.03972887 -0.02687057 -0.00719995
v 0.03715315 -0.03011293 -0.00806874
v 0.03429468 -0.03312612 -0.00887612
v 0.03117520 -0.03588719 -0.00961594
v 0.02781846 -0.03837515 -0.01028259
v 0.02425000 -0.04057104 -0.01087098
v 0.02049698 -0.04245817 -0.01137663
v 0.01658798 -0.04402216 -0.01179570
v 0.01255272 -0.04525112 -0.01212500
v 0.00842194 -0.04613569 -0.01236202
v 0.00422705 -0.04666913 -0.01250496
v 0.00000000 -0.04684740 -0.01255272
v -0.00422705 -0.04666913 -0.01250496
v -0.00842194 -0.04613569 -0.01236202
v -0.01255272 -0.04525112 -0.01212500
v -0.01658798 -0.04402216 -0.01179570
v -0.02049698 -0.04245817 -0.01137663
v -0.02425000 -0.04057104 -0.01087098
v -0.02781846 -0.03837515 -0.01028259
v -0.03117520 -0.03588719 -0.00961594
v -0.03429468 -0.03312612 -0.00887612
v -0.03715315 -0.03011293 -0.00806874
v -0.03972887 -0.02687057 -0.00719995
v -0.04200223 -0.02342370 -0.00627636
v -0.04395593 -0.01979857 -0.00530501
v -0.04557509 -0.01602275 -0.00429328
v -0.04684740 -0.01212500 -0.00324888
v -0.04776318 -0.00813497 -0.00217976
v -0.04831544 -0.00408302 -0.00109404
v 0.04831544 -0.00397213 -0.00144574
v 0.04776318 -0.00791403 -0.00288047
v 0.04684740 -0.01179570 -0.00429328
v 0.04557509 -0.01558760 -0.00567342
v 0.04395593 -0.01926087 -0.00701038
v 0.04200223 -0.02278755 -0.00829399
v 0.03972887 -0.02614080 -0.00951447
v 0.03715315 -0.02929510 -0.01066255
v 0.03429468 -0.03222646 -0.01172947
v 0.03117520 -0.03491255 -0.01270713
v 0.02781846 -0.03733293 -0.01358808
v 0.02425000 -0.03946919 -0.01436561
v 0.02049698 -0.04130506 -0.01503381
v 0.01658798 -0.04282658 -0.01558760
v 0.01255272 -0.04402216 -0.01602275
v 0.00842194 -0.04488270 -0.01633597
v 0.00422705 -0.04540167 -0.01652486
v 0.00000000 -0.04557509 -0.01658798
v -0.00422705 -0.04540167 -0.01652486
v -0.00842194 -0.04488270 -0.01633597
v -0.01255272 -0.04402216 -0.01602275
v -0.01658798 -0.04282658 -0.01558760
v -0.02049698 -0.04130506 -0.01503381
v -0.02425000 -0.03946919 -0.01436561
v -0.02781846 -0.03733293 -0.01358808
v -0.03117520 -0.03491255 -0.01270713
v -0.03429468 -0.03222646 -0.01172947
v -0.03715315 -0.02929510 -0.01066255
v -0.03972887 -0.02614080 -0.00951447
v -0.04200223 -0.02278755 -0.00829399
v -0.04395593 -0.01926087 -0.00701038
v -0.04557509 -0.01558760 -0.00567342
v -0.04684740 -0.01179570 -0.00429328
v -0.04776318 -0.00791403 -0.00288047
v -0.04831544 -0.00397213 -0.00144574
v 0.04831544 -0.00383101 -0.00178643
v 0.04776318 -0.00763287 -0.00355926
v 0.04684740 -0.01137663 -0.00530501
v 0.04557509 -0.01503381 -0.00701038
v 0.04395593 -0.01857658 -0.00866240
v 0.04200223 -0.02197796 -0.01024849
v 0.03972887 -0.02521208 -0.01175659
v 0.03715315 -0.02825433 -0.01317521
v 0.03429468 -0.03108153 -0.01449356
v 0.03117520 -0.03367219 -0.01570160
v 0.02781846 -0.03600659 -0.01679015
v 0.02425000 -0.03806695 -0.01775091
v 0.02049698 -0.03983760 -0.01857658
v 0.01658798 -0.04130506 -0.01926087
v 0.01255272 -0.04245817 -0.01979857
v 0.00842194 -0.04328814 -0.02018559
v 0.00422705 -0.04378866 -0.02041899
v 0.00000000 -0.04395593 -0.02049698
v -0.00422705 -0.04378866 -0.02041899
v -0.00842194 -0.04328814 -0.02018559
v -0.01255272 -0.04245817 -0.01979857
v -0.01658798 -0.04130506 -0.01926087
v -0.02049698 -0.03983760 -0.01857658
v -0.02425000 -0.03806695 -0.01775091
v -0.02781846 -0.03600659 -0.01679015
v -0.03117520 -0.03367219 -0.01570160
v -0.03429468 -0.03108153 -0.01449356
v -0.03715315 -0.02825433 -0.01317521
v -0.03972887 -0.02521208 -0.01175659
v -0.04200223 -0.02197796 -0.01024849
v -0.04395593 -0.01857658 -0.00866240
v -0.04557509 -0.01503381 -0.00701038
v -0.04684740 -0.01137663 -0.00530501
v -0.04776318 -0.00763287 -0.00355926
v -0.04831544 -0.00383101 -0.00178643
v 0.04831544 -0.00366074 -0.00211353
v 0.04776318 -0.00729361 -0.00421097
v 0.04684740 -0.01087098 -0.00627636
v 0.04557509 -0.01436561 -0.00829399
v 0.04395593 -0.01775091 -0.01024849
v 0.04200223 -0.02100112 -0.01212500
v 0.03972887 -0.02409149 -0.01390923
v 0.03715315 -0.02699851 -0.01558760
v 0.03429468 -0.02970006 -0.01714734
v 0.03117520 -0.03217558 -0.01857658
v 0.02781846 -0.03440621 -0.01986444
v 0.02425000 -0.03637500 -0.02100112
v 0.02049698 -0.03806695 -0.02197796
v 0.01658798 -0.03946919 -0.02278755
v 0.01255272 -0.04057104 -0.02342370
v 0.00842194 -0.04136412 -0.02388159
v 0.00422705 -0.04184240 -0.02415772
v 0.00000000 -0.04200223 -0.02425000
v -0.00422705 -0.04184240 -0.02415772
v -0.00842194 -0.04136412 -0.02388159
v -0.01255272 -0.04057104 -0.02342370
v -0.01658798 -0.03946919 -0.02278755
v -0.02049698 -0.03806695 -0.02197796
v -0.02425000 -0.03637500 -0.02100112
v -0.02781846 -0.03440621 -0.01986444
v -0.03117520 -0.03217558 -0.01857658
v -0.03429468 -0.02970006 -0.01714734
v -0.03715315 -0.02699851 -0.01558760
v -0.03972887 -0.02409149 -0.01390923
v -0.04200223 -0.02100112 -0.01212500
v -0.04395593 -0.01775091 -0.01024849
v -0.04557509 -0.01436561 -0.00829399
v -0.04684740 -0.01087098 -0.00627636
v -0.04776318 -0.00729361 -0.00421097
v -0.04831544 -0.00366074 -0.00211353
v 0.04831544 -0.00346260 -0.00242454
v 0.04776318 -0.00689885 -0.00483062
v 0.04684740 -0.01028259 -0.00719995
v 0.04557509 -0.01358808 -0.00951447
v 0.04395593 -0.01679015 -0.01175659
v 0.04200223 -0.01986444 -0.01390923
v 0.03972887 -0.02278755 -0.01595601
v 0.03715315 -0.02553723 -0.01788136
v 0.03429468 -0.02809256 -0.01967062
v 0.03117520 -0.03043408 -0.02131017
v 0.02781846 -0.03254399 -0.02278755
v 0.02425000 -0.03440621 -0.02409149
v 0.02049698 -0.03600659 -0.02521208
v 0.01658798 -0.03733293 -0.02614080
v 0.01255272 -0.03837515 -0.02687057
v 0.00842194 -0.03912530 -0.02739583
v 0.00422705 -0.03957769 -0.02771260
v 0.00000000 -0.03972887 -0.02781846
v -0.00422705 -0.03957769 -0.02771260
v -0.00842194 -0.03912530 -0.02739583
v -0.01255272 -0.03837515 -0.02687057
v -0.01658798 -0.03733293 -0.02614080
v -0.02049698 -0.03600659 -0.02521208
v -0.02425000 -0.03440621 -0.02409149
v -0.02781846 -0.03254399 -0.02278755
v -0.03117520 -0.03043408 -0.02131017
v -0.03429468 -0.02809256 -0.01967062
v -0.03715315 -0.02553723 -0.01788136
v -0.03972887 -0.02278755 -0.01595601
v -0.04200223 -0.01986444 -0.01390923
v -0.04395593 -0.01679015 -0.01175659
v -0.04557509 -0.01358808 -0.00951447
v -0.04684740 -0.01028259 -0.00719995
v -0.04776318 -0.00689885 -0.00483062
v -0.04831544 -0.00346260 -0.00242454
v 0.04831544 -0.00323811 -0.00271710
v 0.04776318 -0.00645158 -0.00541352
v 0.04684740 -0.00961594 -0.00806874
v 0.04557509 -0.01270713 -0.01066255
v 0.04395593 -0.01570160 -0.01317521
v 0.04200223 -0.01857658 -0.01558760
v 0.03972887 -0.02131017 -0.01788136
v 0.03715315 -0.02388159 -0.02003903
v 0.03429468 -0.02627125 -0.02204419
v 0.03117520 -0.02846097 -0.02388159
v 0.02781846 -0.03043408 -0.02553723
v 0.02425000 -0.03217558 -0.02699851
v 0.02049698 -0.03367219 -0.02825433
v 0.01658798 -0.03491255 -0.02929510
v 0.01255272 -0.03588719 -0.03011293
v 0.00842194 -0.03658872 -0.03070158
v 0.00422705 -0.03701178 -0.03105657
v 0.00000000 -0.03715315 -0.03117520
v -0.00422705 -0.03701178 -0.03105657
v -0.00842194 -0.03658872 -0.03070158
v -0.01255272 -0.03588719 -0.03011293
v -0.01658798 -0.03491255 -0.02929510
v -0.02049698 -0.03367219 -0.02825433
v -0.02425000 -0.03217558 -0.02699851
v -0.02781846 -0.03043408 -0.02553723
v -0.03117520 -0.02846097 -0.02388159
v -0.03429468 -0.02627125 -0.02204419
v -0.03715315 -0.02388159 -0.02003903
v -0.03972887 -0.02131017 -0.01788136
v -0.04200223 -0.01857658 -0.01558760
v -0.04395593 -0.01570160 -0.01317521
v -0.04557509 -0.01270713 -0.01066255
v -0.04684740 -0.00961594 -0.00806874
v -0.04776318 -0.00645158 -0.00541352
v -0.04831544 -0.00323811 -0.00271710
v 0.04831544 -0.00298898 -0.00298898
v 0.04776318 -0.00595521 -0.00595521
v 0.04684740 -0.00887612 -0.00887612
v 0.04557509 -0.01172947 -0.01172947
v 0.04395593 -0.01449356 -0.01449356
v 0.04200223 -0.01714734 -0.01714734
v 0.03972887 -0.01967062 -0.01967062
v 0.03715315 -0.02204419 -0.02204419
v 0.03429468 -0.02425000 -0.02425000
v 0.03117520 -0.02627125 -0.02627125
v 0.02781846 -0.02809256 -0.02809256
v 0.02425000 -0.02970006 -0.02970006
v 0.02049698 -0.03108153 -0.03108153
v 0.01658798 -0.03222646 -0.03222646
v 0.01255272 -0.03312612 -0.03312612
v 0.00842194 -0.03377366 -0.03377366
v 0.00422705 -0.03416418 -0.03416418
v 0.00000000 -0.03429468 -0.03429468
v -0.00422705 -0.03416418 -0.03416418
v -0.00842194 -0.03377366 -0.03377366
v -0.01255272 -0.03312612 -0.03312612
v -0.01658798 -0.03222646 -0.03222646
v -0.02049698 -0.03108153 -0.03108153
v -0.02425000 -0.02970006 -0.02970006
v -0.02781846 -0.02809256 -0.02809256
v -0.03117520 -0.02627125 -0.02627125
v -0.03429468 -0.02425000 -0.02425000
v -0.03715315 -0.02204419 -0.02204419
v -0.03972887 -0.01967062 -0.01967062
v -0.04200223 -0.01714734 -0.01714734
v -0.04395593 -0.01449356 -0.01449356
v -0.04557509 -0.01172947 -0.01172947
v -0.04684740 -0.00887612 -0.00887612
v -0.04776318 -0.00595521 -0.00595521
v -0.04831544 -0.00298898 -0.00298898
v 0.04831544 -0.00271710 -0.00323811
v 0.04776318 -0.00541352 -0.00645158
v 0.04684740 -0.00806874 -0.00961594
v 0.04557509 -0.01066255 -0.01270713
v 0.04395593 -0.01317521 -0.01570160
v 0.04200223 -0.01558760 -0.01857658
v 0.03972887 -0.01788136 -0.02131017
v 0.03715315 -0.02003903 -0.02388159
v 0.03429468 -0.02204419 -0.02627125
v 0.03117520 -0.02388159 -0.02846097
v 0.02781846 -0.02553723 -0.03043408
v 0.02425000 -0.02699851 -0.03217558
v 0.02049698 -0.02825433 -0.03367219
v 0.01658798 -0.02929510 -0.03491255
v 0.01255272 -0.03011293 -0.03588719
v 0.00842194 -0.03070158 -0.03658872
v 0.00422705 -0.03105657 -0.03701178
v 0.00000000 -0.03117520 -0.03715315
v -0.00422705 -0.03105657 -0.03701178
v -0.00842194 -0.03070158 -0.03658872
v -0.01255272 -0.03011293 -0.03588719
v -0.01658798 -0.02929510 -0.03491255
v -0.02049698 -0.02825433 -0.03367219
v -0.02425000 -0.02699851 -0.03217558
v -0.02781846 -0.02553723 -0.03043408
v -0.03117520 -0.02388159 -0.02846097
v -0.03429468 -0.02204419 -0.02627125
v -0.03715315 -0.02003903 -0.02388159
v -0.03972887 -0.01788136 -0.02131017
v -0.04200223 -0.01558760 -0.01857658
v -0.04395593 -0.01317521 -0.01570160
v -0.04557509 -0.01066255 -0.01270713
v -0.04684740 -0.00806874 -0.00961594
v -0.04776318 -0.00541352 -0.00645158
v -0.04831544 -0.00271710 -0.00323811
v 0.04831544 -0.00242454 -0.00346260
v 0.04776318 -0.00483062 -0.00689885
v 0.04684740 -0.00719995 -0.01028259
v 0.04557509 -0.00951447 -0.01358808
v 0.04395593 -0.01175659 -0.01679015
v 0.04200223 -0.01390923 -0.01986444
v 0.03972887 -0.01595601 -0.02278755
v 0.03715315 -0.01788136 -0.02553723
v 0.03429468 -0.01967062 -0.02809256
v 0.03117520 -0.02131017 -0.03043408
v 0.02781846 -0.02278755 -0.03254399
v 0.02425000 -0.02409149 -0.03440621
v 0.02049698 -0.02521208 -0.03600659
v 0.01658798 -0.02614080 -0.03733293
v 0.01255272 -0.02687057 -0.03837515
v 0.00842194 -0.02739583 -0.03912530
v 0.00422705 -0.02771260 -0.03957769
v 0.00000000 -0.02781846 -0.03972887
v -0.00422705 -0.02771260 -0.03957769
v -0.00842194 -0.02739583 -0.03912530
v -0.01255272 -0.02687057 -0.03837515
v -0.01658798 -0.02614080 -0.03733293
v -0.02049698 -0.02521208 -0.03600659
v -0.02425000 -0.02409149 -0.03440621
v -0.02781846 -0.02278755 -0.03254399
v -0.03117520 -0.02131017 -0.03043408
v -0.03429468 -0.01967062 -0.02809256
v -0.03715315 -0.01788136 -0.02553723
v -0.03972887 -0.01595601 -0.02278755
v -0.04200223 -0.01390923 -0.01986444
v -0.04395593 -0.01175659 -0.01679015
v -0.04557509 -0.00951447 -0.01358808
v -0.04684740 -0.00719995 -0.01028259
v -0.04776318 -0.00483062 -0.00689885
v -0.04831544 -0.00242454 -0.00346260
v 0.04831544 -0.00211353 -0.00366074
v 0.04776318 -0.00421097 -0.00729361
v 0.04684740 -0.00627636 -0.01087098
v 0.04557509 -0.00829399 -0.01436561
v 0.04395593 -0.01024849 -0.01775091
v 0.04200223 -0.01212500 -0.02100112
v 0.03972887 -0.01390923 -0.02409149
v 0.03715315 -0.01558760 -0.02699851
v 0.03429468 -0.01714734 -0.02970006
v 0.03117520 -0.01857658 -0.03217558
v 0.02781846 -0.01986444 -0.03440621
v 0.02425000 -0.02100112 -0.03637500
v 0.02049698 -0.02197796 -0.03806695
v 0.01658798 -0.02278755 -0.03946919
v 0.01255272 -0.02342370 -0.04057104
v 0.00842194 -0.02388159 -0.04136412
v 0.00422705 -0.02415772 -0.04184240
v 0.00000000 -0.02425000 -0.04200223
v -0.00422705 -0.02415772 -0.04184240
v -0.00842194 -0.02388159 -0.04136412
v -0.01255272 -0.02342370 -0.04057104
v -0.01658798 -0.02278755 -0.03946919
v -0.02049698 -0.02197796 -0.03806695
v -0.02425000 -0.02100112 -0.03637500
v -0.02781846 -0.01986444 -0.03440621
v -0.03117520 -0.01857658 -0.03217558
v -0.03429468 -0.01714734 -0.02970006
v -0.03715315 -0.01558760 -0.02699851
v -0.03972887 -0.01390923 -0.02409149
v -0.04200223 -0.01212500 -0.02100112
v -0.04395593 -0.01024849 -0.01775091
v -0.04557509 -0.00829399 -0.01436561
v -0.04684740 -0.00627636 -0.01087098
v -0.04776318 -0.00421097 -0.00729361
v -0.04831544 -0.00211353 -0.00366074
v 0.04831544 -0.00178643 -0.00383101
v 0.04776318 -0.00355926 -0.00763287
v 0.04684740 -0.00530501 -0.01137663
v 0.04557509 -0.00701038 -0.01503381
v 0.04395593 -0.00866240 -0.01857658
v 0.04200223 -0.01024849 -0.02197796
v 0.03972887 -0.01175659 -0.02521208
v 0.03715315 -0.01317521 -0.02825433
v 0.03429468 -0.01449356 -0.03108153
v 0.03117520 -0.01570160 -0.03367219
v 0.02781846 -0.01679015 -0.03600659
v 0.02425000 -0.01775091 -0.03806695
v 0.02049698 -0.01857658 -0.03983760
v 0.01658798 -0.01926087 -0.04130506
v 0.01255272 -0.01979857 -0.04245817
v 0.00842194 -0.02018559 -0.04328814
v 0.00422705 -0.02041899 -0.04378866
v 0.00000000 -0.02049698 -0.04395593
v -0.00422705 -0.02041899 -0.04378866
v -0.00842194 -0.02018559 -0.04328814
v -0.01255272 -0.01979857 -0.04245817
v -0.01658798 -0.01926087 -0.04130506
v -0.02049698 -0.01857658 -0.03983760
v -0.02425000 -0.01775091 -0.03806695
v -0.02781846 -0.01679015 -0.03600659
v -0.03117520 -0.01570160 -0.03367219
v -0.03429468 -0.01449356 -0.03108153
v -0.03715315 -0.01317521 -0.02825433
v -0.03972887 -0.01175659 -0.02521208
v -0.04200223 -0.01024849 -0.02197796
v -0.04395593 -0.00866240 -0.01857658
v -0.04557509 -0.00701038 -0.01503381
v -0.04684740 -0.00530501 -0.01137663
v -0.04776318 -0.00355926 -0.00763287
v -0.04831544 -0.00178643 -0.00383101
v 0.04831544 -0.00144574 -0.00397213
v 0.04776318 -0.00288047 -0.00791403
v 0.04684740 -0.00429328 -0.01179570
v 0.04557509 -0.00567342 -0.01558760
v 0.04395593 -0.00701038 -0.01926087
v 0.04200223 -0.00829399 -0.02278755
v 0.03972887 -0.00951447 -0.02614080
v 0.03715315 -0.01066255 -0.02929510
v 0.03429468 -0.01172947 -0.03222646
v 0.03117520 -0.01270713 -0.03491255
v 0.02781846 -0.01358808 -0.03733293
v 0.02425000 -0.01436561 -0.03946919
v 0.02049698 -0.01503381 -0.04130506
v 0.01658798 -0.01558760 -0.04282658
v 0.01255272 -0.01602275 -0.04402216
v 0.00842194 -0.01633597 -0.04488270
v 0.00422705 -0.01652486 -0.04540167
v 0.00000000 -0.01658798 -0.04557509
v -0.00422705 -0.01652486 -0.04540167
v -0.00842194 -0.01633597 -0.04488270
v -0.01255272 -0.01602275 -0.04402216
v -0.01658798 -0.01558760 -0.04282658
v -0.02049698 -0.01503381 -0.04130506
v -0.02425000 -0.01436561 -0.03946919
v -0.02781846 -0.01358808 -0.03733293
v -0.03117520 -0.01270713 -0.03491255
v -0.03429468 -0.01172947 -0.03222646
v -0.03715315 -0.01066255 -0.02929510
v -0.03972887 -0.00951447 -0.02614080
v -0.04200223 -0.00829399 -0.02278755
v -0.04395593 -0.00701038 -0.01926087
v -0.04557509 -0.00567342 -0.01558760
v -0.04684740 -0.00429328 -0.01179570
v -0.04776318 -0.00288047 -0.00791403
v -0.04831544 -0.00144574 -0.00397213
v 0.04831544 -0.00109404 -0.00408302
v 0.04776318 -0.00217976 -0.00813497
v 0.04684740 -0.00324888 -0.01212500
v 0.04557509 -0.00429328 -0.01602275
v 0.04395593 -0.00530501 -0.01979857
v 0.04200223 -0.00627636 -0.02342370
v 0.03972887 -0.00719995 -0.02687057
v 0.03715315 -0.00806874 -0.03011293
v 0.03429468 -0.00887612 -0.03312612
v 0.03117520 -0.00961594 -0.03588719
v 0.02781846 -0.01028259 -0.03837515
v 0.02425000 -0.01087098 -0.04057104
v 0.02049698 -0.01137663 -0.04245817
v 0.01658798 -0.01179570 -0.04402216
v 0.01255272 -0.01212500 -0.04525112
v 0.00842194 -0.01236202 -0.04613569
v 0.00422705 -0.01250496 -0.04666913
v 0.00000000 -0.01255272 -0.04684740
v -0.00422705 -0.01250496 -0.04666913
v -0.00842194 -0.01236202 -0.04613569
v -0.01255272 -0.01212500 -0.04525112
v -0.01658798 -0.01179570 -0.04402216
v -0.02049698 -0.01137663 -0.04245817
v -0.02425000 -0.01087098 -0.04057104
v -0.02781846 -0.01028259 -0.03837515
v -0.03117520 -0.00961594 -0.03588719
v -0.03429468 -0.00887612 -0.03312612
v -0.03715315 -0.00806874 -0.03011293
v -0.03972887 -0.00719995 -0.02687057
v -0.04200223 -0.00627636 -0.02342370
v -0.04395593 -0.00530501 -0.01979857
v -0.04557509 -0.00429328 -0.01602275
v -0.04684740 -0.00324888 -0.01212500
v -0.04776318 -0.00217976 -0.00813497
v -0.04831544 -0.00109404 -0.00408302
v 0.04831544 -0.00073402 -0.00416283
v 0.04776318 -0.00146245 -0.00829399
v 0.04684740 -0.00217976 -0.01236202
v 0.04557509 -0.00288047 -0.01633597
v 0.04395593 -0.00355926 -0.02018559
v 0.04200223 -0.00421097 -0.02388159
v 0.03972887 -0.00483062 -0.02739583
v 0.03715315 -0.00541352 -0.03070158
v 0.03429468 -0.00595521 -0.03377366
v 0.03117520 -0.00645158 -0.03658872
v 0.02781846 -0.00689885 -0.03912530
v 0.02425000 -0.00729361 -0.04136412
v 0.02049698 -0.00763287 -0.04328814
v 0.01658798 -0.00791403 -0.04488270
v 0.01255272 -0.00813497 -0.04613569
v 0.00842194 -0.00829399 -0.04703755
v 0.00422705 -0.00838989 -0.04758142
v 0.00000000 -0.00842194 -0.04776318
v -0.00422705 -0.00838989 -0.04758142
v -0.00842194 -0.00829399 -0.04703755
v -0.01255272 -0.00813497 -0.04613569
v -0.01658798 -0.00791403 -0.04488270
v -0.02049698 -0.00763287 -0.04328814
v -0.02425000 -0.00729361 -0.04136412
v -0.02781846 -0.00689885 -0.03912530
v -0.03117520 -0.00645158 -0.03658872
v -0.03429468 -0.00595521 -0.03377366
v -0.03715315 -0.00541352 -0.03070158
v -0.03972887 -0.00483062 -0.02739583
v -0.04200223 -0.00421097 -0.02388159
v -0.04395593 -0.00355926 -0.02018559
v -0.04557509 -0.00288047 -0.01633597
v -0.04684740 -0.00217976 -0.01236202
v -0.04776318 -0.00146245 -0.00829399
v -0.04831544 -0.00073402 -0.00416283
v 0.04831544 -0.00036841 -0.00421097
v 0.04776318 -0.00073402 -0.00838989
v 0.04684740 -0.00109404 -0.01250496
v 0.04557509 -0.00144574 -0.01652486
v 0.04395593 -0.00178643 -0.02041899
v 0.04200223 -0.00211353 -0.02415772
v 0.03972887 -0.00242454 -0.02771260
v 0.03715315 -0.00271710 -0.03105657
v 0.03429468 -0.00298898 -0.03416418
v 0.03117520 -0.00323811 -0.03701178
v 0.02781846 -0.00346260 -0.03957769
v 0.02425000 -0.00366074 -0.04184240
v 0.02049698 -0.00383101 -0.04378866
v 0.01658798 -0.00397213 -0.04540167
v 0.01255272 -0.00408302 -0.04666913
v 0.00842194 -0.00416283 -0.04758142
v 0.00422705 -0.00421097 -0.04813159
v 0.00000000 -0.00422705 -0.04831544
v -0.00422705 -0.00421097 -0.04813159
v -0.00842194 -0.00416283 -0.04758142
v -0.01255272 -0.00408302 -0.04666913
v -0.01658798 -0.00397213 -0.04540167
v -0.02049698 -0.00383101 -0.04378866
v -0.02425000 -0.00366074 -0.04184240
v -0.02781846 -0.00346260 -0.03957769
v -0.03117520 -0.00323811 -0.03701178
v -0.03429468 -0.00298898 -0.03416418
v -0.03715315 -0.00271710 -0.03105657
v -0.03972887 -0.00242454 -0.02771260
v -0.04200223 -0.00211353 -0.02415772
v -0.04395593 -0.00178643 -0.02041899
v -0.04557509 -0.00144574 -0.01652486
v -0.04684740 -0.00109404 -0.01250496
v -0.04776318 -0.00073402 -0.00838989
v -0.04831544 -0.00036841 -0.00421097
v 0.04831544 0.00000000 -0.00422705
v 0.04776318 0.00000000 -0.00842194
v 0.04684740 0.00000000 -0.01255272
v 0.04557509 0.00000000 -0.01658798
v 0.04395593 0.00000000 -0.02049698
v 0.04200223 0.00000000 -0.02425000
v 0.03972887 0.00000000 -0.02781846
v 0.03715315 0.00000000 -0.03117520
v 0.03429468 0.00000000 -0.03429468
v 0.03117520 0.00000000 -0.03715315
v 0.02781846 0.00000000 -0.03972887
v 0.02425000 0.00000000 -0.04200223
v 0.02049698 0.00000000 -0.04395593
v 0.01658798 0.00000000 -0.04557509
v 0.01255272 0.00000000 -0.04684740
v 0.00842194 0.00000000 -0.04776318
v 0.00422705 0.00000000 -0.04831544
v 0.00000000 0.00000000 -0.04850000
v -0.00422705 0.00000000 -0.04831544
v -0.00842194 0.00000000 -0.04776318
v -0.01255272 0.00000000 -0.04684740
v -0.01658798 0.00000000 -0.04557509
v -0.02049698 0.00000000 -0.04395593
v -0.02425000 0.00000000 -0.04200223
v -0.02781846 0.00000000 -0.03972887
v -0.03117520 0.00000000 -0.03715315
v -0.03429468 0.00000000 -0.03429468
v -0.03715315 0.00000000 -0.03117520
v -0.03972887 0.00000000 -0.02781846
v -0.04200223 0.00000000 -0.02425000
v -0.04395593 0.00000000 -0.02049698
v -0.04557509 0.00000000 -0.01658798
v -0.04684740 0.00000000 -0.01255272
v -0.04776318 0.00000000 -0.00842194
v -0.04831544 0.00000000 -0.00422705
v 0.04831544 0.00036841 -0.00421097
v 0.04776318 0.00073402 -0.00838989
v 0.04684740 0.00109404 -0.01250496
v 0.04557509 0.00144574 -0.01652486
v 0.04395593 0.00178643 -0.02041899
v 0.04200223 0.00211353 -0.02415772
v 0.03972887 0.00242454 -0.02771260
v 0.03715315 0.00271710 -0.03105657
v 0.03429468 0.00298898 -0.03416418
v 0.03117520 0.00323811 -0.03701178
v 0.02781846 0.00346260 -0.03957769
v 0.02425000 0.00366074 -0.04184240
v 0.02049698 0.00383101 -0.04378866
v 0.01658798 0.00397213 -0.04540167
v 0.01255272 0.00408302 -0.04666913
v 0.00842194 0.00416283 -0.04758142
v 0.00422705 0.00421097 -0.04813159
v 0.00000000 0.00422705 -0.04831544
v -0.00422705 0.00421097 -0.04813159
v -0.00842194 0.00416283 -0.04758142
v -0.01255272 0.00408302 -0.04666913
v -0.01658798 0.00397213 -0.04540167
v -0.02049698 0.00383101 -0.04378866
v -0.02425000 0.00366074 -0.04184240
v -0.02781846 0.00346260 -0.03957769
v -0.03117520 0.00323811 -0.03701178
v -0.03429468 0.00298898 -0.03416418
v -0.03715315 0.00271710 -0.03105657
v -0.03972887 0.00242454 -0.02771260
v -0.04200223 0.00211353 -0.02415772
v -0.04395593 0.00178643 -0.02041899
v -0.04557509 0.00144574 -0.01652486
v -0.04684740 0.00109404 -0.01250496
v -0.04776318 0.00073402 -0.00838989
v -0.04831544 0.00036841 -0.00421097
v 0.04831544 0.00073402 -0.00416283
v 0.04776318 0.00146245 -0.00829399
v 0.04684740 0.00217976 -0.01236202
v 0.04557509 0.00288047 -0.01633597
v 0.04395593 0.00355926 -0.02018559
v 0.04200223 0.00421097 -0.02388159
v 0.03972887 0.00483062 -0.02739583
v 0.03715315 0.00541352 -0.03070158
v 0.03429468 0.00595521 -0.03377366
v 0.03117520 0.00645158 -0.03658872
v 0.02781846 0.00689885 -0.03912530
v 0.02425000 0.00729361 -0.04136412
v 0.02049698 0.00763287 -0.04328814
v 0.01658798 0.00791403 -0.04488270
v 0.01255272 0.00813497 -0.04613569
v 0.00842194 0.00829399 -0.04703755
v 0.00422705 0.00838989 -0.04758142
v 0.00000000 0.00842194 -0.04776318
v -0.00422705 0.00838989 -0.04758142
v -0.00842194 0.00829399 -0.04703755
v -0.01255272 0.00813497 -0.04613569
v -0.01658798 0.00791403 -0.04488270
v -0.02049698 0.00763287 -0.04328814
v -0.02425000 0.00729361 -0.04136412
v -0.02781846 0.00689885 -0.03912530
v -0.03117520 0.00645158 -0.03658872
v -0.03429468 0.00595521 -0.03377366
v -0.03715315 0.00541352 -0.03070158
v -0.03972887 0.00483062 -0.02739583
v -0.04200223 0.00421097 -0.02388159
v -0.04395593 0.00355926 -0.02018559
v -0.04557509 0.00288047 -0.01633597
v -0.04684740 0.00217976 -0.01236202
v -0.04776318 0.00146245 -0.00829399
v -0.04831544 0.00073402 -0.00416283
v 0.04831544 0.00109404 -0.00408302
v 0.04776318 0.00217976 -0.00813497
v 0.04684740 0.00324888 -0.01212500
v 0.04557509 0.00429328 -0.01602275
v 0.04395593 0.00530501 -0.01979857
v 0.04200223 0.00627636 -0.02342370
v 0.03972887 0.00719995 -0.02687057
v 0.03715315 0.00806874 -0.03011293
v 0.03429468 0.00887612 -0.03312612
v 0.03117520 0.00961594 -0.03588719
v 0.02781846 0.01028259 -0.03837515
v 0.02425000 0.01087098 -0.04057104
v 0.02049698 0.01137663 -0.04245817
v 0.01658798 0.01179570 -0.04402216
v 0.01255272 0.01212500 -0.04525112
v 0.00842194 0.01236202 -0.04613569
v 0.00422705 0.01250496 -0.04666913
v 0.00000000 0.01255272 -0.04684740
v -0.00422705 0.01250496 -0.04666913
v -0.00842194 0.01236202 -0.04613569
v -0.01255272 0.01212500 -0.04525112
v -0.01658798 0.01179570 -0.04402216
v -0.02049698 0.01137663 -0.04245817
v -0.02425000 0.01087098 -0.04057104
v -0.02781846 0.01028259 -0.03837515
v -0.03117520 0.00961594 -0.03588719
v -0.03429468 0.00887612 -0.03312612
v -0.03715315 0.00806874 -0.03011293
v -0.03972887 0.00719995 -0.02687057
v -0.04200223 0.00627636 -0.02342370
v -0.04395593 0.00530501 -0.01979857
v -0.04557509 0.00429328 -0.01602275
v -0.04684740 0.00324888 -0.01212500
v -0.04776318 0.00217976 -0.00813497
v -0.04831544 0.00109404 -0.00408302
v 0.04831544 0.00144574 -0.00397213
v 0.04776318 0.00288047 -0.00791403
v 0.04684740 0.00429328 -0.01179570
v 0.04557509 0.00567342 -0.01558760
v 0.04395593 0.00701038 -0.01926087
v 0.04200223 0.00829399 -0.02278755
v 0.03972887 0.00951447 -0.02614080
v 0.03715315 0.01066255 -0.02929510
v 0.03429468 0.01172947 -0.03222646
v 0.03117520 0.01270713 -0.03491255
v 0.02781846 0.01358808 -0.03733293
v 0.02425000 0.01436561 -0.03946919
v 0.02049698 0.01503381 -0.04130506
v 0.01658798 0.01558760 -0.04282658
v 0.01255272 0.01602275 -0.04402216
v 0.00842194 0.01633597 -0.04488270
v 0.00422705 0.01652486 -0.04540167
v 0.00000000 0.01658798 -0.04557509
v -0.00422705 0.01652486 -0.04540167
v -0.00842194 0.01633597 -0.04488270
v -0.01255272 0.01602275 -0.04402216
v -0.01658798 0.01558760 -0.04282658
v -0.02049698 0.01503381 -0.04130506
v -0.02425000 0.01436561 -0.03946919
v -0.02781846 0.01358808 -0.03733293
v -0.03117520 0.01270713 -0.03491255
v -0.03429468 0.01172947 -0.03222646
v -0.03715315 0.01066255 -0.02929510
v -0.03972887 0.00951447 -0.02614080
v -0.04200223 0.00829399 -0.02278755
v -0.04395593 0.00701038 -0.01926087
v -0.04557509 0.00567342 -0.01558760
v -0.04684740 0.00429328 -0.01179570
v -0.04776318 0.00288047 -0.00791403
v -0.04831544 0.00144574 -0.00397213
v 0.04831544 0.00178643 -0.00383101
v 0.04776318 0.00355926 -0.00763287
v 0.04684740 0.00530501 -0.01137663
v 0.04557509 0.00701038 -0.01503381
v 0.04395593 0.00866240 -0.01857658
v 0.04200223 0.01024849 -0.02197796
v 0.03972887 0.01175659 -0.02521208
v 0.03715315 0.01317521 -0.02825433
v 0.03429468 0.01449356 -0.03108153
v 0.03117520 0.01570160 -0.03367219
v 0.02781846 0.01679015 -0.03600659
v 0.02425000 0.01775091 -0.03806695
v 0.02049698 0.01857658 -0.03983760
v 0.01658798 0.01926087 -0.04130506
v 0.01255272 0.01979857 -0.04245817
v 0.00842194 0.02018559 -0.04328814
v 0.00422705 0.02041899 -0.04378866
v 0.00000000 0.02049698 -0.04395593
v -0.00422705 0.02041899 -0.04378866
v -0.00842194 0.02018559 -0.04328814
v -0.01255272 0.01979857 -0.04245817
v -0.01658798 0.01926087 -0.04130506
v -0.02049698 0.01857658 -0.03983760
v -0.02425000 0.01775091 -0.03806695
v -0.02781846 0.01679015 -0.03600659
v -0.03117520 0.01570160 -0.03367219
v -0.03429468 0.01449356 -0.03108153
v -0.03715315 0.01317521 -0.02825433
v -0.03972887 0.01175659 -0.02521208
v -0.04200223 0.01024849 -0.02197796
v -0.04395593 0.00866240 -0.01857658
v -0.04557509 0.00701038 -0.01503381
v -0.04684740 0.00530501 -0.01137663
v -0.04776318 0.00355926 -0.00763287
v -0.04831544 0.00178643 -0.00383101
v 0.04831544 0.00211353 -0.00366074
v 0.04776318 0.00421097 -0.00729361
v 0.04684740 0.00627636 -0.01087098
v 0.04557509 0.00829399 -0.01436561
v 0.04395593 0.01024849 -0.01775091
v 0.04200223 0.01212500 -0.02100112
v 0.03972887 0.01390923 -0.02409149
v 0.03715315 0.01558760 -0.02699851
v 0.03429468 0.01714734 -0.02970006
v 0.03117520 0.01857658 -0.03217558
v 0.02781846 0.01986444 -0.03440621
v 0.02425000 0.02100112 -0.03637500
v 0.02049698 0.02197796 -0.03806695
v 0.01658798 0.02278755 -0.03946919
v 0.01255272 0.02342370 -0.04057104
v 0.00842194 0.02388159 -0.04136412
v 0.00422705 0.02415772 -0.04184240
v 0.00000000 0.02425000 -0.04200223
v -0.00422705 0.02415772 -0.04184240
v -0.00842194 0.02388159 -0.04136412
v -0.01255272 0.02342370 -0.04057104
v -0.01658798 0.02278755 -0.03946919
v -0.02049698 0.02197796 -0.03806695
v -0.02425000 0.02100112 -0.03637500
v -0.02781846 0.01986444 -0.03440621
v -0.03117520 0.01857658 -0.03217558
v -0.03429468 0.01714734 -0.02970006
v -0.03715315 0.01558760 -0.02699851
v -0.03972887 0.01390923 -0.02409149
v -0.04200223 0.01212500 -0.02100112
v -0.04395593 0.01024849 -0.01775091
v -0.04557509 0.00829399 -0.01436561
v -0.04684740 0.00627636 -0.01087098
v -0.04776318 0.00421097 -0.00729361
v -0.04831544 0.00211353 -0.00366074
v 0.04831544 0.00242454 -0.00346260
v 0.04776318 0.00483062 -0.00689885
v 0.04684740 0.00719995 -0.01028259
v 0.04557509 0.00951447 -0.01358808
v 0.04395593 0.01175659 -0.01679015
v 0.04200223 0.01390923 -0.01986444
v 0.03972887 0.01595601 -0.02278755
v 0.03715315 0.01788136 -0.02553723
v 0.03429468 0.01967062 -0.02809256
v 0.03117520 0.02131017 -0.03043408
v 0.02781846 0.02278755 -0.03254399
v 0.02425000 0.02409149 -0.03440621
v 0.02049698 0.02521208 -0.03600659
v 0.01658798 0.02614080 -0.03733293
v 0.01255272 0.02687057 -0.03837515
v 0.00842194 0.02739583 -0.03912530
v 0.00422705 0.02771260 -0.03957769
v 0.00000000 0.02781846 -0.03972887
v -0.00422705 0.02771260 -0.03957769
v -0.00842194 0.02739583 -0.03912530
v -0.01255272 0.02687057 -0.03837515
v -0.01658798 0.02614080 -0.03733293
v -0.02049698 0.02521208 -0.03600659
v -0.02425000 0.02409149 -0.03440621
v -0.02781846 0.02278755 -0.03254399
v -0.03117520 0.02131017 -0.03043408
v -0.03429468 0.01967062 -0.02809256
v -0.03715315 0.01788136 -0.02553723
v -0.03972887 0.01595601 -0.02278755
v -0.04200223 0.01390923 -0.01986444
v -0.04395593 0.01175659 -0.01679015
v -0.04557509 0.00951447 -0.01358808
v -0.04684740 0.00719995 -0.01028259
v -0.04776318 0.00483062 -0.00689885
v -0.04831544 0.00242454 -0.00346260
v 0.04831544 0.00271710 -0.00323811
v 0.04776318 0.00541352 -0.00645158
v 0.04684740 0.00806874 -0.00961594
v 0.04557509 0.01066255 -0.01270713
v 0.04395593 0.01317521 -0.01570160
v 0.04200223 0.01558760 -0.01857658
v 0.03972887 0.01788136 -0.02131017
v 0.03715315 0.02003903 -0.02388159
v 0.03429468 0.02204419 -0.02627125
v 0.03117520 0.02388159 -0.02846097
v 0.02781846 0.02553723 -0.03043408
v 0.02425000 0.02699851 -0.03217558
v 0.02049698 0.02825433 -0.03367219
v 0.01658798 0.02929510 -0.03491255
v 0.01255272 0.03011293 -0.03588719
v 0.00842194 0.03070158 -0.03658872
v 0.00422705 0.03105657 -0.03701178
v 0.00000000 0.03117520 -0.03715315
v -0.00422705 0.03105657 -0.03701178
v -0.00842194 0.03070158 -0.03658872
v -0.01255272 0.03011293 -0.03588719
v -0.01658798 0.02929510 -0.03491255
v -0.02049698 0.02825433 -0.03367219
v -0.02425000 0.02699851 -0.03217558
v -0.02781846 0.02553723 -0.03043408
v -0.03117520 0.02388159 -0.02846097
v -0.03429468 0.02204419 -0.02627125
v -0.03715315 0.02003903 -0.02388159
v -0.03972887 0.01788136 -0.02131017
v -0.04200223 0.01558760 -0.01857658
v -0.04395593 0.01317521 -0.01570160
v -0.04557509 0.01066255 -0.01270713
v -0.04684740 0.00806874 -0.00961594
v -0.04776318 0.00541352 -0.00645158
v -0.04831544 0.00271710 -0.00323811
v 0.04831544 0.00298898 -0.00298898
v 0.04776318 0.00595521 -0.00595521
v 0.04684740 0.00887612 -0.00887612
v 0.04557509 0.01172947 -0.01172947
v 0.04395593 0.01449356 -0.01449356
v 0.04200223 0.01714734 -0.01714734
v 0.03972887 0.01967062 -0.01967062
v 0.03715315 0.02204419 -0.02204419
v 0.03429468 0.02425000 -0.02425000
v 0.03117520 0.02627125 -0.02627125
v 0.02781846 0.02809256 -0.02809256
v 0.02425000 0.02970006 -0.02970006
v 0.02049698 0.03108153 -0.03108153
v 0.01658798 0.03222646 -0.03222646
v 0.01255272 0.03312612 -0.03312612
v 0.00842194 0.03377366 -0.03377366
v 0.00422705 0.03416418 -0.03416418
v 0.00000000 0.03429468 -0.03429468
v -0.00422705 0.03416418 -0.03416418
v -0.00842194 0.03377366 -0.03377366
v -0.01255272 0.03312612 -0.03312612
v -0.01658798 0.03222646 -0.03222646
v -0.02049698 0.03108153 -0.03108153
v -0.02425000 0.02970006 -0.02970006
v -0.02781846 0.02809256 -0.02809256
v -0.03117520 0.02627125 -0.02627125
v -0.03429468 0.02425000 -0.02425000
v -0.03715315 0.02204419 -0.02204419
v -0.03972887 0.01967062 -0.01967062
v -0.04200223 0.01714734 -0.01714734
v -0.04395593 0.01449356 -0.01449356
v -0.04557509 0.01172947 -0.01172947
v -0.04684740 0.00887612 -0.00887612
v -0.04776318 0.00595521 -0.00595521
v -0.04831544 0.00298898 -0.00298898
v 0.04831544 0.00323811 -0.00271710
v 0.04776318 0.00645158 -0.00541352
v 0.04684740 0.00961594 -0.00806874
v 0.04557509 0.01270713 -0.01066255
v 0.04395593 0.01570160 -0.01317521
v 0.04200223 0.01857658 -0.01558760
v 0.03972887 0.02131017 -0.01788136
v 0.03715315 0.02388159 -0.02003903
v 0.03429468 0.02627125 -0.02204419
v 0.03117520 0.02846097 -0.02388159
v 0.02781846 0.03043408 -0.02553723
v 0.02425000 0.03217558 -0.02699851
v 0.02049698 0.03367219 -0.02825433
v 0.01658798 0.03491255 -0.02929510
v 0.01255272 0.03588719 -0.03011293
v 0.00842194 0.03658872 -0.03070158
v 0.00422705 0.03701178 -0.03105657
v 0.00000000 0.03715315 -0.03117520
v -0.00422705 0.03701178 -0.03105657
v -0.00842194 0.03658872 -0.03070158
v -0.01255272 0.03588719 -0.03011293
v -0.01658798 0.03491255 -0.02929510
v -0.02049698 0.03367219 -0.02825433
v -0.02425000 0.03217558 -0.02699851
v -0.02781846 0.03043408 -0.02553723
v -0.03117520 0.02846097 -0.02388159
v -0.03429468 0.02627125 -0.02204419
v -0.03715315 0.02388159 -0.02003903
v -0.03972887 0.02131017 -0.01788136
v -0.04200223 0.01857658 -0.01558760
v -0.04395593 0.01570160 -0.01317521
v -0.04557509 0.01270713 -0.01066255
v -0.04684740 0.00961594 -0.00806874
v -0.04776318 0.00645158 -0.00541352
v -0.04831544 0.00323811 -0.00271710
v 0.04831544 0.00346260 -0.00242454
v 0.04776318 0.00689885 -0.00483062
v 0.04684740 0.01028259 -0.00719995
v 0.04557509 0.01358808 -0.00951447
v 0.04395593 0.01679015 -0.01175659
v 0.04200223 0.01986444 -0.01390923
v 0.03972887 0.02278755 -0.01595601
v 0.03715315 0.02553723 -0.01788136
v 0.03429468 0.02809256 -0.01967062
v 0.03117520 0.03043408 -0.02131017
v 0.02781846 0.03254399 -0.02278755
v 0.02425000 0.03440621 -0.02409149
v 0.02049698 0.03600659 -0.02521208
v 0.01658798 0.03733293 -0.02614080
v 0.01255272 0.03837515 -0.02687057
v 0.00842194 0.03912530 -0.02739583
v 0.00422705 0.03957769 -0.02771260
v 0.00000000 0.03972887 -0.02781846
v -0.00422705 0.03957769 -0.02771260
v -0.00842194 0.03912530 -0.02739583
v -0.01255272 0.03837515 -0.02687057
v -0.01658798 0.03733293 -0.02614080
v -0.02049698 0.03600659 -0.02521208
v -0.02425000 0.03440621 -0.02409149
v -0.02781846 0.03254399 -0.02278755
v -0.03117520 0.03043408 -0.02131017
v -0.03429468 0.02809256 -0.01967062
v -0.03715315 0.02553723 -0.01788136
v -0.03972887 0.02278755 -0.01595601
v -0.04200223 0.01986444 -0.01390923
v -0.04395593 0.01679015 -0.01175659
v -0.04557509 0.01358808 -0.00951447
v -0.04684740 0.01028259 -0.00719995
v -0.04776318 0.00689885 -0.00483062
v -0.04831544 0.00346260 -0.00242454
v 0.04831544 0.00366074 -0.00211353
v 0.04776318 0.00729361 -0.00421097
v 0.04684740 0.01087098 -0.00627636
v 0.04557509 0.01436561 -0.00829399
v 0.04395593 0.01775091 -0.01024849
v 0.04200223 0.02100112 -0.01212500
v 0.03972887 0.02409149 -0.01390923
v 0.03715315 0.02699851 -0.01558760
v 0.03429468 0.02970006 -0.01714734
v 0.03117520 0.03217558 -0.01857658
v 0.02781846 0.03440621 -0.01986444
v 0.02425000 0.03637500 -0.02100112
v 0.02049698 0.03806695 -0.02197796
v 0.01658798 0.03946919 -0.02278755
v 0.01255272 0.04057104 -0.02342370
v 0.00842194 0.04136412 -0.02388159
v 0.00422705 0.04184240 -0.02415772
v 0.00000000 0.04200223 -0.02425000
v -0.00422705 0.04184240 -0.02415772
v -0.00842194 0.04136412 -0.02388159
v -0.01255272 0.04057104 -0.02342370
v -0.01658798 0.03946919 -0.02278755
v -0.02049698 0.03806695 -0.02197796
v -0.02425000 0.03637500 -0.02100112
v -0.02781846 0.03440621 -0.01986444
v -0.03117520 0.03217558 -0.01857658
v -0.03429468 0.02970006 -0.01714734
v -0.03715315 0.02699851 -0.01558760
v -0.03972887 0.02409149 -0.01390923
v -0.04200223 0.02100112 -0.01212500
v -0.04395593 0.01775091 -0.01024849
v -0.04557509 0.01436561 -0.00829399
v -0.04684740 0.01087098 -0.00627636
v -0.04776318 0.00729361 -0.00421097
v -0.04831544 0.00366074 -0.00211353
v 0.04831544 0.00383101 -0.00178643
v 0.04776318 0.00763287 -0.00355926
v 0.04684740 0.01137663 -0.00530501
v 0.04557509 0.01503381 -0.00701038
v 0.04395593 0.01857658 -0.00866240
v 0.04200223 0.02197796 -0.01024849
v 0.03972887 0.02521208 -0.01175659
v 0.03715315 0.02825433 -0.01317521
v 0.03429468 0.03108153 -0.01449356
v 0.03117520 0.03367219 -0.01570160
v 0.02781846 0.03600659 -0.01679015
v 0.02425000 0.03806695 -0.01775091
v 0.02049698 0.03983760 -0.01857658
v 0.01658798 0.04130506 -0.01926087
v 0.01255272 0.04245817 -0.01979857
v 0.00842194 0.04328814 -0.02018559
v 0.00422705 0.04378866 -0.02041899
v 0.00000000 0.04395593 -0.02049698
v -0.00422705 0.04378866 -0.02041899
v -0.00842194 0.04328814 -0.02018559
v -0.01255272 0.04245817 -0.01979857
v -0.01658798 0.04130506 -0.01926087
v -0.02049698 0.03983760 -0.01857658
v -0.02425000 0.03806695 -0.01775091
v -0.02781846 0.03600659 -0.01679015
v -0.03117520 0.03367219 -0.01570160
v -0.03429468 0.03108153 -0.01449356
v -0.03715315 0.02825433 -0.01317521
v -0.03972887 0.02521208 -0.01175659
v -0.04200223 0.02197796 -0.01024849
v -0.04395593 0.01857658 -0.00866240
v -0.04557509 0.01503381 -0.00701038
v -0.04684740 0.01137663 -0.00530501
v -0.04776318 0.00763287 -0.00355926
v -0.04831544 0.00383101 -0.00178643
v 0.04831544 0.00397213 -0.00144574
v 0.04776318 0.00791403 -0.00288047
v 0.04684740 0.01179570 -0.00429328
v 0.04557509 0.01558760 -0.00567342
v 0.04395593 0.01926087 -0.00701038
v 0.04200223 0.02278755 -0.00829399
v 0.03972887 0.02614080 -0.00951447
v 0.03715315 0.02929510 -0.01066255
v 0.03429468 0.03222646 -0.01172947
v 0.03117520 0.03491255 -0.01270713
v 0.02781846 0.03733293 -0.01358808
v 0.02425000 0.03946919 -0.01436561
v 0.02049698 0.04130506 -0.01503381
v 0.01658798 0.04282658 -0.01558760
v 0.01255272 0.04402216 -0.01602275
v 0.00842194 0.04488270 -0.01633597
v 0.00422705 0.04540167 -0.01652486
v 0.00000000 0.04557509 -0.01658798
v -0.00422705 0.04540167 -0.01652486
v -0.00842194 0.04488270 -0.01633597
v -0.01255272 0.04402216 -0.01602275
v -0.01658798 0.04282658 -0.01558760
v -0.02049698 0.04130506 -0.01503381
v -0.02425000 0.03946919 -0.01436561
v -0.02781846 0.03733293 -0.01358808
v -0.03117520 0.03491255 -0.01270713
v -0.03429468 0.03222646 -0.01172947
v -0.03715315 0.02929510 -0.01066255
v -0.03972887 0.02614080 -0.00951447
v -0.04200223 0.02278755 -0.00829399
v -0.04395593 0.01926087 -0.00701038
v -0.04557509 0.01558760 -0.00567342
v -0.04684740 0.01179570 -0.00429328
v -0.04776318 0.00791403 -0.00288047
v -0.04831544 0.00397213 -0.00144574
v 0.04831544 0.00408302 -0.00109404
v 0.04776318 0.00813497 -0.00217976
v 0.04684740 0.01212500 -0.00324888
v 0.04557509 0.01602275 -0.00429328
v 0.04395593 0.01979857 -0.00530501
v 0.04200223 0.02342370 -0.00627636
v 0.03972887 0.02687057 -0.00719995
v 0.03715315 0.03011293 -0.00806874
v 0.03429468 0.03312612 -0.00887612
v 0.03117520 0.03588719 -0.00961594
v 0.02781846 0.03837515 -0.01028259
v 0.02425000 0.04057104 -0.01087098
v 0.02049698 0.04245817 -0.01137663
v 0.01658798 0.04402216 -0.01179570
v 0.01255272 0.04525112 -0.01212500
v 0.00842194 0.04613569 -0.01236202
v 0.00422705 0.04666913 -0.01250496
v 0.00000000 0.04684740 -0.01255272
v -0.00422705 0.04666913 -0.01250496
v -0.00842194 0.04613569 -0.01236202
v -0.01255272 0.04525112 -0.01212500
v -0.01658798 0.04402216 -0.01179570
v -0.02049698 0.04245817 -0.01137663
v -0.02425000 0.04057104 -0.01087098
v -0.02781846 0.03837515 -0.01028259
v -0.03117520 0.03588719 -0.00961594
v -0.03429468 0.03312612 -0.00887612
v -0.03715315 0.03011293 -0.00806874
v -0.03972887 0.02687057 -0.00719995
v -0.04200223 0.02342370 -0.00627636
v -0.04395593 0.01979857 -0.00530501
v -0.04557509 0.01602275 -0.00429328
v -0.04684740 0.01212500 -0.00324888
v -0.04776318 0.00813497 -0.00217976
v -0.04831544 0.00408302 -0.00109404
v 0.04831544 0.00416283 -0.00073402
v 0.04776318 0.00829399 -0.00146245
v 0.04684740 0.01236202 -0.00217976
v 0.04557509 0.01633597 -0.00288047
v 0.04395593 0.02018559 -0.00355926
v 0.04200223 0.02388159 -0.00421097
v 0.03972887 0.02739583 -0.00483062
v 0.03715315 0.03070158 -0.00541352
v 0.03429468 0.03377366 -0.00595521
v 0.03117520 0.03658872 -0.00645158
v 0.02781846 0.03912530 -0.00689885
v 0.02425000 0.04136412 -0.00729361
v 0.02049698 0.04328814 -0.00763287
v 0.01658798 0.04488270 -0.00791403
v 0.01255272 0.04613569 -0.00813497
v 0.00842194 0.04703755 -0.00829399
v 0.00422705 0.04758142 -0.00838989
v 0.00000000 0.04776318 -0.00842194
v -0.00422705 0.04758142 -0.00838989
v -0.00842194 0.04703755 -0.00829399
v -0.01255272 0.04613569 -0.00813497
v -0.01658798 0.04488270 -0.00791403
v -0.02049698 0.04328814 -0.00763287
v -0.02425000 0.04136412 -0.00729361
v -0.02781846 0.03912530 -0.00689885
v -0.03117520 0.03658872 -0.00645158
v -0.03429468 0.03377366 -0.00595521
v -0.03715315 0.03070158 -0.00541352
v -0.03972887 0.02739583 -0.00483062
v -0.04200223 0.02388159 -0.00421097
v -0.04395593 0.02018559 -0.00355926
v -0.04557509 0.01633597 -0.00288047
v -0.04684740 0.01236202 -0.00217976
v -0.04776318 0.00829399 -0.00146245
v -0.04831544 0.00416283 -0.00073402
v 0.04831544 0.00421097 -0.00036841
v 0.04776318 0.00838989 -0.00073402
v 0.04684740 0.01250496 -0.00109404
v 0.04557509 0.01652486 -0.00144574
v 0.04395593 0.02041899 -0.00178643
v 0.04200223 0.02415772 -0.00211353
v 0.03972887 0.02771260 -0.00242454
v 0.03715315 0.03105657 -0.00271710
v 0.03429468 0.03416418 -0.00298898
v 0.03117520 0.03701178 -0.00323811
v 0.02781846 0.03957769 -0.00346260
v 0.02425000 0.04184240 -0.00366074
v 0.02049698 0.04378866 -0.00383101
v 0.01658798 0.04540167 -0.00397213
v 0.01255272 0.04666913 -0.00408302
v 0.00842194 0.04758142 -0.00416283
v 0.00422705 0.04813159 -0.00421097
v 0.00000000 0.04831544 -0.00422705
v -0.00422705 0.04813159 -0.00421097
v -0.00842194 0.04758142 -0.00416283
v -0.01255272 0.04666913 -0.00408302
v -0.01658798 0.04540167 -0.00397213
v -0.02049698 0.04378866 -0.00383101
v -0.02425000 0.04184240 -0.00366074
v -0.02781846 0.03957769 -0.00346260
v -0.03117520 0.03701178 -0.00323811
v -0.03429468 0.03416418 -0.00298898
v -0.03715315 0.03105657 -0.00271710
v -0.03972887 0.02771260 -0.00242454
v -0.04200223 0.02415772 -0.00211353
v -0.04395593 0.02041899 -0.00178643
v -0.04557509 0.01652486 -0.00144574
v -0.04684740 0.01250496 -0.00109404
v -0.04776318 0.00838989 -0.00073402
v -0.04831544 0.00421097 -0.00036841
v 0.05130403 0.00447144 -0.00039120
v 0.05130403 0.00442033 -0.00077942
v 0.05130403 0.00433558 -0.00116171
v 0.05130403 0.00421783 -0.00153516
v 0.05130403 0.00406798 -0.00189693
v 0.05130403 0.00388717 -0.00224426
v 0.05130403 0.00367678 -0.00257451
v 0.05130403 0.00343841 -0.00288517
v 0.05130403 0.00317386 -0.00317386
v 0.05130403 0.00288517 -0.00343841
v 0.05130403 0.00257451 -0.00367678
v 0.05130403 0.00224426 -0.00388717
v 0.05130403 0.00189693 -0.00406798
v 0.05130403 0.00153516 -0.00421783
v 0.05130403 0.00116171 -0.00433558
v 0.05130403 0.00077942 -0.00442033
v 0.05130403 0.00039120 -0.00447144
v 0.05130403 0.00000000 -0.00448852
v 0.05130403 -0.00039120 -0.00447144
v 0.05130403 -0.00077942 -0.00442033
v 0.05130403 -0.00116171 -0.00433558
v 0.05130403 -0.00153516 -0.00421783
v 0.05130403 -0.00189693 -0.00406798
v 0.05130403 -0.00224426 -0.00388717
v 0.05130403 -0.00257451 -0.00367678
v 0.05130403 -0.00288517 -0.00343841
v 0.05130403 -0.00317386 -0.00317386
v 0.05130403 -0.00343841 -0.00288517
v 0.05130403 -0.00367678 -0.00257451
v 0.05130403 -0.00388717 -0.00224426
v 0.05130403 -0.00406798 -0.00189693
v 0.05130403 -0.00421783 -0.00153516
v 0.05130403 -0.00433558 -0.00116171
v 0.05130403 -0.00442033 -0.00077942
v 0.05130403 -0.00447144 -0.00039120
v -0.05071760 0.00840356 -0.00305865
v -0.05130403 0.00421783 -0.00153516
v -0.05130403 0.00433558 -0.00116171
v -0.05130403 0.00447144 -0.00039120
v -0.05130403 0.00406798 -0.00189693
v -0.05071760 0.00810500 -0.00377942
v -0.04974518 0.01208034 -0.00563316
v -0.05130403 0.00388717 -0.00224426
v -0.05071760 0.00863816 -0.00231459
v -0.05130403 0.00442033 -0.00077942
v -0.05071760 0.00880702 -0.00155291
v -0.05071760 0.00890885 -0.00077942
v -0.05071760 0.00774476 -0.00447144
v -0.04974518 0.01154341 -0.00666459
v -0.04839417 0.01525420 -0.00880702
v -0.05130403 0.00367678 -0.00257451
v -0.04974518 0.01252533 -0.00455885
v -0.04974518 0.01287500 -0.00344985
v -0.04974518 0.01312668 -0.00231459
v -0.04974518 0.01327846 -0.00116171
v -0.05071760 0.00732558 -0.00512943
v -0.04974518 0.01091863 -0.00764530
v -0.04839417 0.01442857 -0.01010300
v -0.04667485 0.01782871 -0.01248380
v -0.05130403 0.00343841 -0.00288517
v -0.04839417 0.01596374 -0.00744401
v -0.04839417 0.01655178 -0.00602436
v -0.04839417 0.01701385 -0.00455885
v -0.04839417 0.01734644 -0.00305865
v -0.04839417 0.01754701 -0.00153516
v -0.05071760 0.00685064 -0.00574837
v -0.04974518 0.01021075 -0.00856783
v -0.04839417 0.01349314 -0.01132208
v -0.04667485 0.01667283 -0.01399017
v -0.04460031 0.01972564 -0.01655178
v -0.05130403 0.00317386 -0.00317386
v -0.04667485 0.01884891 -0.01088242
v -0.04667485 0.01972564 -0.00919822
v -0.04667485 0.02045226 -0.00744401
v -0.04667485 0.02102322 -0.00563316
v -0.04667485 0.02143418 -0.00377942
v -0.04667485 0.02168202 -0.00189693
v -0.05071760 0.00632357 -0.00632357
v -0.04974518 0.00942515 -0.00942515
v -0.04839417 0.01245501 -0.01245501
v -0.04667485 0.01539007 -0.01539007
v -0.04460031 0.01820800 -0.01820800
v -0.04218633 0.02088736 -0.02088736
v -0.05130403 0.00288517 -0.00343841
v -0.04460031 0.02109317 -0.01476959
v -0.04460031 0.02230015 -0.01287500
v -0.04460031 0.02333743 -0.01088242
v -0.04460031 0.02419708 -0.00880702
v -0.04460031 0.02487259 -0.00666459
v -0.04460031 0.02535880 -0.00447144
v -0.04460031 0.02565201 -0.00224426
v -0.05071760 0.00574837 -0.00685064
v -0.04974518 0.00856783 -0.01021075
v -0.04839417 0.01132208 -0.01349314
v -0.04667485 0.01399017 -0.01667283
v -0.04460031 0.01655178 -0.01972564
v -0.04218633 0.01898742 -0.02262833
v -0.03945129 0.02127856 -0.02535880
v -0.05130403 0.00257451 -0.00367678
v -0.04218633 0.02262833 -0.01898742
v -0.04218633 0.02419708 -0.01694298
v -0.04218633 0.02558169 -0.01476959
v -0.04218633 0.02677159 -0.01248380
v -0.04218633 0.02775776 -0.01010300
v -0.04218633 0.02853266 -0.00764530
v -0.04218633 0.02909042 -0.00512943
v -0.04218633 0.02942678 -0.00257451
v -0.05071760 0.00512943 -0.00732558
v -0.04974518 0.00764530 -0.01091863
v -0.04839417 0.01010300 -0.01442857
v -0.04667485 0.01248380 -0.01782871
v -0.04460031 0.01476959 -0.02109317
v -0.04218633 0.01694298 -0.02419708
v -0.03945129 0.01898742 -0.02711685
v -0.03641600 0.02088736 -0.02983024
v -0.05130403 0.00224426 -0.00388717
v -0.03945129 0.02340775 -0.02340775
v -0.03945129 0.02535880 -0.02127856
v -0.03945129 0.02711685 -0.01898742
v -0.03945129 0.02866852 -0.01655178
v -0.03945129 0.03000202 -0.01399017
v -0.03945129 0.03110717 -0.01132208
v -0.03945129 0.03197559 -0.00856783
v -0.03945129 0.03260064 -0.00574837
v -0.03945129 0.03297759 -0.00288517
v -0.05071760 0.00447144 -0.00774476
v -0.04974518 0.00666459 -0.01154341
v -0.04839417 0.00880702 -0.01525420
v -0.04667485 0.01088242 -0.01884891
v -0.04460031 0.01287500 -0.02230015
v -0.04218633 0.01476959 -0.02558169
v -0.03945129 0.01655178 -0.02866852
v -0.03641600 0.01820800 -0.03153718
v -0.03310356 0.01972564 -0.03416582
v -0.05130403 0.00189693 -0.00406798
v -0.03641600 0.02340775 -0.02789627
v -0.03641600 0.02575000 -0.02575000
v -0.03641600 0.02789627 -0.02340775
v -0.03641600 0.02983024 -0.02088736
v -0.03641600 0.03153718 -0.01820800
v -0.03641600 0.03300411 -0.01539007
v -0.03641600 0.03421985 -0.01245501
v -0.03641600 0.03517516 -0.00942515
v -0.03641600 0.03586276 -0.00632357
v -0.03641600 0.03627742 -0.00317386
v -0.05071760 0.00377942 -0.00810500
v -0.04974518 0.00563316 -0.01208034
v -0.04839417 0.00744401 -0.01596374
v -0.04667485 0.00919822 -0.01972564
v -0.04460031 0.01088242 -0.02333743
v -0.04218633 0.01248380 -0.02677159
v -0.03945129 0.01399017 -0.03000202
v -0.03641600 0.01539007 -0.03300411
v -0.03310356 0.01667283 -0.03575501
v -0.02953919 0.01782871 -0.03823380
v -0.05130403 0.00153516 -0.00421783
v -0.03310356 0.02262833 -0.03231660
v -0.03310356 0.02535880 -0.03022144
v -0.03310356 0.02789627 -0.02789627
v -0.03310356 0.03022144 -0.02535880
v -0.03310356 0.03231660 -0.02262833
v -0.03310356 0.03416582 -0.01972564
v -0.03310356 0.03575501 -0.01667283
v -0.03310356 0.03707208 -0.01349314
v -0.03310356 0.03810702 -0.01021075
v -0.03310356 0.03885194 -0.00685064
v -0.03310356 0.03930116 -0.00343841
v -0.05071760 0.00305865 -0.00840356
v -0.04974518 0.00455885 -0.01252533
v -0.04839417 0.00602436 -0.01655178
v -0.04667485 0.00744401 -0.02045226
v -0.04460031 0.00880702 -0.02419708
v -0.04218633 0.01010300 -0.02775776
v -0.03945129 0.01132208 -0.03110717
v -0.03641600 0.01245501 -0.03421985
v -0.03310356 0.01349314 -0.03707208
v -0.02953919 0.01442857 -0.03964218
v -0.02575000 0.01525420 -0.04191058
v -0.05130403 0.00116171 -0.00433558
v -0.02953919 0.02109317 -0.03653443
v -0.02953919 0.02419708 -0.03455702
v -0.02953919 0.02711685 -0.03231660
v -0.02953919 0.02983024 -0.02983024
v -0.02953919 0.03231660 -0.02711685
v -0.02953919 0.03455702 -0.02419708
v -0.02953919 0.03653443 -0.02109317
v -0.02953919 0.03823380 -0.01782871
v -0.02953919 0.03964218 -0.01442857
v -0.02953919 0.04074886 -0.01091863
v -0.02953919 0.04154542 -0.00732558
v -0.02953919 0.04202580 -0.00367678
v -0.05071760 0.00231459 -0.00863816
v -0.04974518 0.00344985 -0.01287500
v -0.04839417 0.00455885 -0.01701385
v -0.04667485 0.00563316 -0.02102322
v -0.04460031 0.00666459 -0.02487259
v -0.04218633 0.00764530 -0.02853266
v -0.03945129 0.00856783 -0.03197559
v -0.03641600 0.00942515 -0.03517516
v -0.03310356 0.01021075 -0.03810702
v -0.02953919 0.01091863 -0.04074886
v -0.02575000 0.01154341 -0.04308059
v -0.02176484 0.01208034 -0.04508444
v -0.05130403 0.00077942 -0.00442033
v -0.02575000 0.01884891 -0.04042161
v -0.02575000 0.02230015 -0.03862500
v -0.02575000 0.02558169 -0.03653443
v -0.02575000 0.02866852 -0.03416582
v -0.02575000 0.03153718 -0.03153718
v -0.02575000 0.03416582 -0.02866852
v -0.02575000 0.03653443 -0.02558169
v -0.02575000 0.03862500 -0.02230015
v -0.02575000 0.04042161 -0.01884891
v -0.02575000 0.04191058 -0.01525420
v -0.02575000 0.04308059 -0.01154341
v -0.02575000 0.04392273 -0.00774476
v -0.02575000 0.04443059 -0.00388717
v -0.05071760 0.00155291 -0.00880702
v -0.04974518 0.00231459 -0.01312668
v -0.04839417 0.00305865 -0.01734644
v -0.04667485 0.00377942 -0.02143418
v -0.04460031 0.00447144 -0.02535880
v -0.04218633 0.00512943 -0.02909042
v -0.03945129 0.00574837 -0.03260064
v -0.03641600 0.00632357 -0.03586276
v -0.03310356 0.00685064 -0.03885194
v -0.02953919 0.00732558 -0.04154542
v -0.02575000 0.00774476 -0.04392273
v -0.02176484 0.00810500 -0.04596575
v -0.01761404 0.00840356 -0.04765895
v -0.05130403 0.00039120 -0.00447144
v -0.02176484 0.01596374 -0.04386001
v -0.02176484 0.01972564 -0.04230178
v -0.02176484 0.02333743 -0.04042161
v -0.02176484 0.02677159 -0.03823380
v -0.02176484 0.03000202 -0.03575501
v -0.02176484 0.03300411 -0.03300411
v -0.02176484 0.03575501 -0.03000202
v -0.02176484 0.03823380 -0.02677159
v -0.02176484 0.04042161 -0.02333743
v -0.02176484 0.04230178 -0.01972564
v -0.02176484 0.04386001 -0.01596374
v -0.02176484 0.04508444 -0.01208034
v -0.02176484 0.04596575 -0.00810500
v -0.02176484 0.04649724 -0.00406798
v -0.05071760 0.00077942 -0.00890885
v -0.04974518 0.00116171 -0.01327846
v -0.04839417 0.00153516 -0.01754701
v -0.04667485 0.00189693 -0.02168202
v -0.04460031 0.00224426 -0.02565201
v -0.04218633 0.00257451 -0.02942678
v -0.03945129 0.00288517 -0.03297759
v -0.03641600 0.00317386 -0.03627742
v -0.03310356 0.00343841 -0.03930116
v -0.02953919 0.00367678 -0.04202580
v -0.02575000 0.00388717 -0.04443059
v -0.02176484 0.00406798 -0.04649724
v -0.01761404 0.00421783 -0.04821002
v -0.01332918 0.00433558 -0.04955588
v -0.05130403 0.00000000 -0.00448852
v -0.01761404 0.01252533 -0.04674518
v -0.01761404 0.01655178 -0.04547564
v -0.01761404 0.02045226 -0.04386001
v -0.01761404 0.02419708 -0.04191058
v -0.01761404 0.02775776 -0.03964218
v -0.01761404 0.03110717 -0.03707208
v -0.01761404 0.03421985 -0.03421985
v -0.01761404 0.03707208 -0.03110717
v -0.01761404 0.03964218 -0.02775776
v -0.01761404 0.04191058 -0.02419708
v -0.01761404 0.04386001 -0.02045226
v -0.01761404 0.04547564 -0.01655178
v -0.01761404 0.04674518 -0.01252533
v -0.01761404 0.04765895 -0.00840356
v -0.01761404 0.04821002 -0.00421783
v -0.05071760 0.00000000 -0.00894288
v -0.04974518 0.00000000 -0.01332918
v -0.04839417 0.00000000 -0.01761404
v -0.04667485 0.00000000 -0.02176484
v -0.04460031 0.00000000 -0.02575000
v -0.04218633 0.00000000 -0.02953919
v -0.03945129 0.00000000 -0.03310356
v -0.03641600 0.00000000 -0.03641600
v -0.03310356 0.00000000 -0.03945129
v -0.02953919 0.00000000 -0.04218633
v -0.02575000 0.00000000 -0.04460031
v -0.02176484 0.00000000 -0.04667485
v -0.01761404 0.00000000 -0.04839417
v -0.01332918 0.00000000 -0.04974518
v -0.00894288 0.00000000 -0.05071760
v -0.05130403 -0.00039120 -0.00447144
v -0.01332918 0.00863816 -0.04898944
v -0.01332918 0.01287500 -0.04805015
v -0.01332918 0.01701385 -0.04674518
v -0.01332918 0.02102322 -0.04508444
v -0.01332918 0.02487259 -0.04308059
v -0.01332918 0.02853266 -0.04074886
v -0.01332918 0.03197559 -0.03810702
v -0.01332918 0.03517516 -0.03517516
v -0.01332918 0.03810702 -0.03197559
v -0.01332918 0.04074886 -0.02853266
v -0.01332918 0.04308059 -0.02487259
v -0.01332918 0.04508444 -0.02102322
v -0.01332918 0.04674518 -0.01701385
v -0.01332918 0.04805015 -0.01287500
v -0.01332918 0.04898944 -0.00863816
v -0.01332918 0.04955588 -0.00433558
v -0.05071760 -0.00077942 -0.00890885
v -0.04974518 -0.00116171 -0.01327846
v -0.04839417 -0.00153516 -0.01754701
v -0.04667485 -0.00189693 -0.02168202
v -0.04460031 -0.00224426 -0.02565201
v -0.04218633 -0.00257451 -0.02942678
v -0.03945129 -0.00288517 -0.03297759
v -0.03641600 -0.00317386 -0.03627742
v -0.03310356 -0.00343841 -0.03930116
v -0.02953919 -0.00367678 -0.04202580
v -0.02575000 -0.00388717 -0.04443059
v -0.02176484 -0.00406798 -0.04649724
v -0.01761404 -0.00421783 -0.04821002
v -0.01332918 -0.00433558 -0.04955588
v -0.00894288 -0.00442033 -0.05052460
v -0.00448852 -0.00447144 -0.05110880
v -0.05130403 -0.00077942 -0.00442033
v -0.00894288 0.00442033 -0.05052460
v -0.00894288 0.00880702 -0.04994709
v -0.00894288 0.01312668 -0.04898944
v -0.00894288 0.01734644 -0.04765895
v -0.00894288 0.02143418 -0.04596575
v -0.00894288 0.02535880 -0.04392273
v -0.00894288 0.02909042 -0.04154542
v -0.00894288 0.03260064 -0.03885194
v -0.00894288 0.03586276 -0.03586276
v -0.00894288 0.03885194 -0.03260064
v -0.00894288 0.04154542 -0.02909042
v -0.00894288 0.04392273 -0.02535880
v -0.00894288 0.04596575 -0.02143418
v -0.00894288 0.04765895 -0.01734644
v -0.00894288 0.04898944 -0.01312668
v -0.00894288 0.04994709 -0.00880702
v -0.00894288 0.05052460 -0.00442033
v -0.05071760 -0.00155291 -0.00880702
v -0.04974518 -0.00231459 -0.01312668
v -0.04839417 -0.00305865 -0.01734644
v -0.04667485 -0.00377942 -0.02143418
v -0.04460031 -0.00447144 -0.02535880
v -0.04218633 -0.00512943 -0.02909042
v -0.03945129 -0.00574837 -0.03260064
v -0.03641600 -0.00632357 -0.03586276
v -0.03310356 -0.00685064 -0.03885194
v -0.02953919 -0.00732558 -0.04154542
v -0.02575000 -0.00774476 -0.04392273
v -0.02176484 -0.00810500 -0.04596575
v -0.01761404 -0.00840356 -0.04765895
v -0.01332918 -0.00863816 -0.04898944
v -0.00894288 -0.00880702 -0.04994709
v -0.00448852 -0.00890885 -0.05052460
v 0.00000000 -0.00894288 -0.05071760
v -0.05130403 -0.00116171 -0.00433558
v -0.00448852 0.00000000 -0.05130403
v -0.00448852 0.00447144 -0.05110880
v -0.00448852 0.00890885 -0.05052460
v -0.00448852 0.01327846 -0.04955588
v -0.00448852 0.01754701 -0.04821002
v -0.00448852 0.02168202 -0.04649724
v -0.00448852 0.02565201 -0.04443059
v -0.00448852 0.02942678 -0.04202580
v -0.00448852 0.03297759 -0.03930116
v -0.00448852 0.03627742 -0.03627742
v -0.00448852 0.03930116 -0.03297759
v -0.00448852 0.04202580 -0.02942678
v -0.00448852 0.04443059 -0.02565201
v -0.00448852 0.04649724 -0.02168202
v -0.00448852 0.04821002 -0.01754701
v -0.00448852 0.04955588 -0.01327846
v -0.00448852 0.05052460 -0.00890885
v -0.00448852 0.05110880 -0.00447144
v -0.05071760 -0.00231459 -0.00863816
v -0.04974518 -0.00344985 -0.01287500
v -0.04839417 -0.00455885 -0.01701385
v -0.04667485 -0.00563316 -0.02102322
v -0.04460031 -0.00666459 -0.02487259
v -0.04218633 -0.00764530 -0.02853266
v -0.03945129 -0.00856783 -0.03197559
v -0.03641600 -0.00942515 -0.03517516
v -0.03310356 -0.01021075 -0.03810702
v -0.02953919 -0.01091863 -0.04074886
v -0.02575000 -0.01154341 -0.04308059
v -0.02176484 -0.01208034 -0.04508444
v -0.01761404 -0.01252533 -0.04674518
v -0.01332918 -0.01287500 -0.04805015
v -0.00894288 -0.01312668 -0.04898944
v -0.00448852 -0.01327846 -0.04955588
v 0.00000000 -0.01332918 -0.04974518
v 0.00448852 -0.01327846 -0.04955588
v -0.05130403 -0.00153516 -0.00421783
v 0.00000000 -0.00448852 -0.05130403
v 0.00000000 0.00000000 -0.05150000
v 0.00000000 0.00448852 -0.05130403
v 0.00000000 0.00894288 -0.05071760
v 0.00000000 0.01332918 -0.04974518
v 0.00000000 0.01761404 -0.04839417
v 0.00000000 0.02176484 -0.04667485
v 0.00000000 0.02575000 -0.04460031
v 0.00000000 0.02953919 -0.04218633
v 0.00000000 0.03310356 -0.03945129
v 0.00000000 0.03641600 -0.03641600
v 0.00000000 0.03945129 -0.03310356
v 0.00000000 0.04218633 -0.02953919
v 0.00000000 0.04460031 -0.02575000
v 0.00000000 0.04667485 -0.02176484
v 0.00000000 0.04839417 -0.01761404
v 0.00000000 0.04974518 -0.01332918
v 0.00000000 0.05071760 -0.00894288
v 0.00000000 0.05130403 -0.00448852
v -0.05071760 -0.00305865 -0.00840356
v -0.04974518 -0.00455885 -0.01252533
v -0.04839417 -0.00602436 -0.01655178
v -0.04667485 -0.00744401 -0.02045226
v -0.04460031 -0.00880702 -0.02419708
v -0.04218633 -0.01010300 -0.02775776
v -0.03945129 -0.01132208 -0.03110717
v -0.03641600 -0.01245501 -0.03421985
v -0.03310356 -0.01349314 -0.03707208
v -0.02953919 -0.01442857 -0.03964218
v -0.02575000 -0.01525420 -0.04191058
v -0.02176484 -0.01596374 -0.04386001
v -0.01761404 -0.01655178 -0.04547564
v -0.01332918 -0.01701385 -0.04674518
v -0.00894288 -0.01734644 -0.04765895
v -0.00448852 -0.01754701 -0.04821002
v 0.00000000 -0.01761404 -0.04839417
v 0.00448852 -0.01754701 -0.04821002
v 0.00894288 -0.01734644 -0.04765895
v -0.05130403 -0.00189693 -0.00406798
v 0.00448852 -0.00890885 -0.05052460
v 0.00448852 -0.00447144 -0.05110880
v 0.00448852 0.00000000 -0.05130403
v 0.00448852 0.00447144 -0.05110880
v 0.00448852 0.00890885 -0.05052460
v 0.00448852 0.01327846 -0.04955588
v 0.00448852 0.01754701 -0.04821002
v 0.00448852 0.02168202 -0.04649724
v 0.00448852 0.02565201 -0.04443059
v 0.00448852 0.02942678 -0.04202580
v 0.00448852 0.03297759 -0.03930116
v 0.00448852 0.03627742 -0.03627742
v 0.00448852 0.03930116 -0.03297759
v 0.00448852 0.04202580 -0.02942678
v 0.00448852 0.04443059 -0.02565201
v 0.00448852 0.04649724 -0.02168202
v 0.00448852 0.04821002 -0.01754701
v 0.00448852 0.04955588 -0.01327846
v 0.00448852 0.05052460 -0.00890885
v 0.00448852 0.05110880 -0.00447144
v -0.05071760 -0.00377942 -0.00810500
v -0.04974518 -0.00563316 -0.01208034
v -0.04839417 -0.00744401 -0.01596374
v -0.04667485 -0.00919822 -0.01972564
v -0.04460031 -0.01088242 -0.02333743
v -0.04218633 -0.01248380 -0.02677159
v -0.03945129 -0.01399017 -0.03000202
v -0.03641600 -0.01539007 -0.03300411
v -0.03310356 -0.01667283 -0.03575501
v -0.02953919 -0.01782871 -0.03823380
v -0.02575000 -0.01884891 -0.04042161
v -0.02176484 -0.01972564 -0.04230178
v -0.01761404 -0.02045226 -0.04386001
v -0.01332918 -0.02102322 -0.04508444
v -0.00894288 -0.02143418 -0.04596575
v -0.00448852 -0.02168202 -0.04649724
v 0.00000000 -0.02176484 -0.04667485
v 0.00448852 -0.02168202 -0.04649724
v 0.00894288 -0.02143418 -0.04596575
v 0.01332918 -0.02102322 -0.04508444
v -0.05130403 -0.00224426 -0.00388717
v 0.00894288 -0.01312668 -0.04898944
v 0.00894288 -0.00880702 -0.04994709
v 0.00894288 -0.00442033 -0.05052460
v 0.00894288 0.00000000 -0.05071760
v 0.00894288 0.00442033 -0.05052460
v 0.00894288 0.00880702 -0.04994709
v 0.00894288 0.01312668 -0.04898944
v 0.00894288 0.01734644 -0.04765895
v 0.00894288 0.02143418 -0.04596575
v 0.00894288 0.02535880 -0.04392273
v 0.00894288 0.02909042 -0.04154542
v 0.00894288 0.03260064 -0.03885194
v 0.00894288 0.03586276 -0.03586276
v 0.00894288 0.03885194 -0.03260064
v 0.00894288 0.04154542 -0.02909042
v 0.00894288 0.04392273 -0.02535880
v 0.00894288 0.04596575 -0.02143418
v 0.00894288 0.04765895 -0.01734644
v 0.00894288 0.04898944 -0.01312668
v 0.00894288 0.04994709 -0.00880702
v 0.00894288 0.05052460 -0.00442033
v -0.05071760 -0.00447144 -0.00774476
v -0.04974518 -0.00666459 -0.01154341
v -0.04839417 -0.00880702 -0.01525420
v -0.04667485 -0.01088242 -0.01884891
v -0.04460031 -0.01287500 -0.02230015
v -0.04218633 -0.01476959 -0.02558169
v -0.03945129 -0.01655178 -0.02866852
v -0.03641600 -0.01820800 -0.03153718
v -0.03310356 -0.01972564 -0.03416582
v -0.02953919 -0.02109317 -0.03653443
v -0.02575000 -0.02230015 -0.03862500
v -0.02176484 -0.02333743 -0.04042161
v -0.01761404 -0.02419708 -0.04191058
v -0.01332918 -0.02487259 -0.04308059
v -0.00894288 -0.02535880 -0.04392273
v -0.00448852 -0.02565201 -0.04443059
v 0.00000000 -0.02575000 -0.04460031
v 0.00448852 -0.02565201 -0.04443059
v 0.00894288 -0.02535880 -0.04392273
v 0.01332918 -0.02487259 -0.04308059
v 0.01761404 -0.02419708 -0.04191058
v -0.05130403 -0.00257451 -0.00367678
v 0.01332918 -0.01701385 -0.04674518
v 0.01332918 -0.01287500 -0.04805015
v 0.01332918 -0.00863816 -0.04898944
v 0.01332918 -0.00433558 -0.04955588
v 0.01332918 0.00000000 -0.04974518
v 0.01332918 0.00433558 -0.04955588
v 0.01332918 0.00863816 -0.04898944
v 0.01332918 0.01287500 -0.04805015
v 0.01332918 0.01701385 -0.04674518
v 0.01332918 0.02102322 -0.04508444
v 0.01332918 0.02487259 -0.04308059
v 0.01332918 0.02853266 -0.04074886
v 0.01332918 0.03197559 -0.03810702
v 0.01332918 0.03517516 -0.03517516
v 0.01332918 0.03810702 -0.03197559
v 0.01332918 0.04074886 -0.02853266
v 0.01332918 0.04308059 -0.02487259
v 0.01332918 0.04508444 -0.02102322
v 0.01332918 0.04674518 -0.01701385
v 0.01332918 0.04805015 -0.01287500
v 0.01332918 0.04898944 -0.00863816
v 0.01332918 0.04955588 -0.00433558
v -0.05071760 -0.00512943 -0.00732558
v -0.04974518 -0.00764530 -0.01091863
v -0.04839417 -0.01010300 -0.01442857
v -0.04667485 -0.01248380 -0.01782871
v -0.04460031 -0.01476959 -0.02109317
v -0.04218633 -0.01694298 -0.02419708
v -0.03945129 -0.01898742 -0.02711685
v -0.03641600 -0.02088736 -0.02983024
v -0.03310356 -0.02262833 -0.03231660
v -0.02953919 -0.02419708 -0.03455702
v -0.02575000 -0.02558169 -0.03653443
v -0.02176484 -0.02677159 -0.03823380
v -0.01761404 -0.02775776 -0.03964218
v -0.01332918 -0.02853266 -0.04074886
v -0.00894288 -0.02909042 -0.04154542
v -0.00448852 -0.02942678 -0.04202580
v 0.00000000 -0.02953919 -0.04218633
v 0.00448852 -0.02942678 -0.04202580
v 0.00894288 -0.02909042 -0.04154542
v 0.01332918 -0.02853266 -0.04074886
v 0.01761404 -0.02775776 -0.03964218
v 0.02176484 -0.02677159 -0.03823380
v -0.05130403 -0.00288517 -0.00343841
v 0.01761404 -0.02045226 -0.04386001
v 0.01761404 -0.01655178 -0.04547564
v 0.01761404 -0.01252533 -0.04674518
v 0.01761404 -0.00840356 -0.04765895
v 0.01761404 -0.00421783 -0.04821002
v 0.01761404 0.00000000 -0.04839417
v 0.01761404 0.00421783 -0.04821002
v 0.01761404 0.00840356 -0.04765895
v 0.01761404 0.01252533 -0.04674518
v 0.01761404 0.01655178 -0.04547564
v 0.01761404 0.02045226 -0.04386001
v 0.01761404 0.02419708 -0.04191058
v 0.01761404 0.02775776 -0.03964218
v 0.01761404 0.03110717 -0.03707208
v 0.01761404 0.03421985 -0.03421985
v 0.01761404 0.03707208 -0.03110717
v 0.01761404 0.03964218 -0.02775776
v 0.01761404 0.04191058 -0.02419708
v 0.01761404 0.04386001 -0.02045226
v 0.01761404 0.04547564 -0.01655178
v 0.01761404 0.04674518 -0.01252533
v 0.01761404 0.04765895 -0.00840356
v 0.01761404 0.04821002 -0.00421783
v -0.05071760 -0.00574837 -0.00685064
v -0.04974518 -0.00856783 -0.01021075
v -0.04839417 -0.01132208 -0.01349314
v -0.04667485 -0.01399017 -0.01667283
v -0.04460031 -0.01655178 -0.01972564
v -0.04218633 -0.01898742 -0.02262833
v -0.03945129 -0.02127856 -0.02535880
v -0.03641600 -0.02340775 -0.02789627
v -0.03310356 -0.02535880 -0.03022144
v -0.02953919 -0.02711685 -0.03231660
v -0.02575000 -0.02866852 -0.03416582
v -0.02176484 -0.03000202 -0.03575501
v -0.01761404 -0.03110717 -0.03707208
v -0.01332918 -0.03197559 -0.03810702
v -0.00894288 -0.03260064 -0.03885194
v -0.00448852 -0.03297759 -0.03930116
v 0.00000000 -0.03310356 -0.03945129
v 0.00448852 -0.03297759 -0.03930116
v 0.00894288 -0.03260064 -0.03885194
v 0.01332918 -0.03197559 -0.03810702
v 0.01761404 -0.03110717 -0.03707208
v 0.02176484 -0.03000202 -0.03575501
v 0.02575000 -0.02866852 -0.03416582
v -0.05130403 -0.00317386 -0.00317386
v 0.02176484 -0.02333743 -0.04042161
v 0.02176484 -0.01972564 -0.04230178
v 0.02176484 -0.01596374 -0.04386001
v 0.02176484 -0.01208034 -0.04508444
v 0.02176484 -0.00810500 -0.04596575
v 0.02176484 -0.00406798 -0.04649724
v 0.02176484 0.00000000 -0.04667485
v 0.02176484 0.00406798 -0.04649724
v 0.02176484 0.00810500 -0.04596575
v 0.02176484 0.01208034 -0.04508444
v 0.02176484 0.01596374 -0.04386001
v 0.02176484 0.01972564 -0.04230178
v 0.02176484 0.02333743 -0.04042161
v 0.02176484 0.02677159 -0.03823380
v 0.02176484 0.03000202 -0.03575501
v 0.02176484 0.03300411 -0.03300411
v 0.02176484 0.03575501 -0.03000202
v 0.02176484 0.03823380 -0.02677159
v 0.02176484 0.04042161 -0.02333743
v 0.02176484 0.04230178 -0.01972564
v 0.02176484 0.04386001 -0.01596374
v 0.02176484 0.04508444 -0.01208034
v 0.02176484 0.04596575 -0.00810500
v 0.02176484 0.04649724 -0.00406798
v -0.05071760 -0.00632357 -0.00632357
v -0.04974518 -0.00942515 -0.00942515
v -0.04839417 -0.01245501 -0.01245501
v -0.04667485 -0.01539007 -0.01539007
v -0.04460031 -0.01820800 -0.01820800
v -0.04218633 -0.02088736 -0.02088736
v -0.03945129 -0.02340775 -0.02340775
v -0.03641600 -0.02575000 -0.02575000
v -0.03310356 -0.02789627 -0.02789627
v -0.02953919 -0.02983024 -0.02983024
v -0.02575000 -0.03153718 -0.03153718
v -0.02176484 -0.03300411 -0.03300411
v -0.01761404 -0.03421985 -0.03421985
v -0.01332918 -0.03517516 -0.03517516
v -0.00894288 -0.03586276 -0.03586276
v -0.00448852 -0.03627742 -0.03627742
v 0.00000000 -0.03641600 -0.03641600
v 0.00448852 -0.03627742 -0.03627742
v 0.00894288 -0.03586276 -0.03586276
v 0.01332918 -0.03517516 -0.03517516
v 0.01761404 -0.03421985 -0.03421985
v 0.02176484 -0.03300411 -0.03300411
v 0.02575000 -0.03153718 -0.03153718
v 0.02953919 -0.02983024 -0.02983024
v -0.05130403 -0.00343841 -0.00288517
v 0.02575000 -0.02558169 -0.03653443
v 0.02575000 -0.02230015 -0.03862500
v 0.02575000 -0.01884891 -0.04042161
v 0.02575000 -0.01525420 -0.04191058
v 0.02575000 -0.01154341 -0.04308059
v 0.02575000 -0.00774476 -0.04392273
v 0.02575000 -0.00388717 -0.04443059
v 0.02575000 0.00000000 -0.04460031
v 0.02575000 0.00388717 -0.04443059
v 0.02575000 0.00774476 -0.04392273
v 0.02575000 0.01154341 -0.04308059
v 0.02575000 0.01525420 -0.04191058
v 0.02575000 0.01884891 -0.04042161
v 0.02575000 0.02230015 -0.03862500
v 0.02575000 0.02558169 -0.03653443
v 0.02575000 0.02866852 -0.03416582
v 0.02575000 0.03153718 -0.03153718
v 0.02575000 0.03416582 -0.02866852
v 0.02575000 0.03653443 -0.02558169
v 0.02575000 0.03862500 -0.02230015
v 0.02575000 0.04042161 -0.01884891
v 0.02575000 0.04191058 -0.01525420
v 0.02575000 0.04308059 -0.01154341
v 0.02575000 0.04392273 -0.00774476
v 0.02575000 0.04443059 -0.00388717
v -0.05071760 -0.00685064 -0.00574837
v -0.04974518 -0.01021075 -0.00856783
v -0.04839417 -0.01349314 -0.01132208
v -0.04667485 -0.01667283 -0.01399017
v -0.04460031 -0.01972564 -0.01655178
v -0.04218633 -0.02262833 -0.01898742
v -0.03945129 -0.02535880 -0.02127856
v -0.03641600 -0.02789627 -0.02340775
v -0.03310356 -0.03022144 -0.02535880
v -0.02953919 -0.03231660 -0.02711685
v -0.02575000 -0.03416582 -0.02866852
v -0.02176484 -0.03575501 -0.03000202
v -0.01761404 -0.03707208 -0.03110717
v -0.01332918 -0.03810702 -0.03197559
v -0.00894288 -0.03885194 -0.03260064
v -0.00448852 -0.03930116 -0.03297759
v 0.00000000 -0.03945129 -0.03310356
v 0.00448852 -0.03930116 -0.03297759
v 0.00894288 -0.03885194 -0.03260064
v 0.01332918 -0.03810702 -0.03197559
v 0.01761404 -0.03707208 -0.03110717
v 0.02176484 -0.03575501 -0.03000202
v 0.02575000 -0.03416582 -0.02866852
v 0.02953919 -0.03231660 -0.02711685
v 0.03310356 -0.03022144 -0.02535880
v -0.05130403 -0.00367678 -0.00257451
v 0.02953919 -0.02711685 -0.03231660
v 0.02953919 -0.02419708 -0.03455702
v 0.02953919 -0.02109317 -0.03653443
v 0.02953919 -0.01782871 -0.03823380
v 0.02953919 -0.01442857 -0.03964218
v 0.02953919 -0.01091863 -0.04074886
v 0.02953919 -0.00732558 -0.04154542
v 0.02953919 -0.00367678 -0.04202580
v 0.02953919 0.00000000 -0.04218633
v 0.02953919 0.00367678 -0.04202580
v 0.02953919 0.00732558 -0.04154542
v 0.02953919 0.01091863 -0.04074886
v 0.02953919 0.01442857 -0.03964218
v 0.02953919 0.01782871 -0.03823380
v 0.02953919 0.02109317 -0.03653443
v 0.02953919 0.02419708 -0.03455702
v 0.02953919 0.02711685 -0.03231660
v 0.02953919 0.02983024 -0.02983024
v 0.02953919 0.03231660 -0.02711685
v 0.02953919 0.03455702 -0.02419708
v 0.02953919 0.03653443 -0.02109317
v 0.02953919 0.03823380 -0.01782871
v 0.02953919 0.03964218 -0.01442857
v 0.02953919 0.04074886 -0.01091863
v 0.02953919 0.04154542 -0.00732558
v 0.02953919 0.04202580 -0.00367678
v -0.05071760 -0.00732558 -0.00512943
v -0.04974518 -0.01091863 -0.00764530
v -0.04839417 -0.01442857 -0.01010300
v -0.04667485 -0.01782871 -0.01248380
v -0.04460031 -0.02109317 -0.01476959
v -0.04218633 -0.02419708 -0.01694298
v -0.03945129 -0.02711685 -0.01898742
v -0.03641600 -0.02983024 -0.02088736
v -0.03310356 -0.03231660 -0.02262833
v -0.02953919 -0.03455702 -0.02419708
v -0.02575000 -0.03653443 -0.02558169
v -0.02176484 -0.03823380 -0.02677159
v -0.01761404 -0.03964218 -0.02775776
v -0.01332918 -0.04074886 -0.02853266
v -0.00894288 -0.04154542 -0.02909042
v -0.00448852 -0.04202580 -0.02942678
v 0.00000000 -0.04218633 -0.02953919
v 0.00448852 -0.04202580 -0.02942678
v 0.00894288 -0.04154542 -0.02909042
v 0.01332918 -0.04074886 -0.02853266
v 0.01761404 -0.03964218 -0.02775776
v 0.02176484 -0.03823380 -0.02677159
v 0.02575000 -0.03653443 -0.02558169
v 0.02953919 -0.03455702 -0.02419708
v 0.03310356 -0.03231660 -0.02262833
v 0.03641600 -0.02983024 -0.02088736
v -0.05130403 -0.00388717 -0.00224426
v 0.03310356 -0.02789627 -0.02789627
v 0.03310356 -0.02535880 -0.03022144
v 0.03310356 -0.02262833 -0.03231660
v 0.03310356 -0.01972564 -0.03416582
v 0.03310356 -0.01667283 -0.03575501
v 0.03310356 -0.01349314 -0.03707208
v 0.03310356 -0.01021075 -0.03810702
v 0.03310356 -0.00685064 -0.03885194
v 0.03310356 -0.00343841 -0.03930116
v 0.03310356 0.00000000 -0.03945129
v 0.03310356 0.00343841 -0.03930116
v 0.03310356 0.00685064 -0.03885194
v 0.03310356 0.01021075 -0.03810702
v 0.03310356 0.01349314 -0.03707208
v 0.03310356 0.01667283 -0.03575501
v 0.03310356 0.01972564 -0.03416582
v 0.03310356 0.02262833 -0.03231660
v 0.03310356 0.02535880 -0.03022144
v 0.03310356 0.02789627 -0.02789627
v 0.03310356 0.03022144 -0.02535880
v 0.03310356 0.03231660 -0.02262833
v 0.03310356 0.03416582 -0.01972564
v 0.03310356 0.03575501 -0.01667283
v 0.03310356 0.03707208 -0.01349314
v 0.03310356 0.03810702 -0.01021075
v 0.03310356 0.03885194 -0.00685064
v 0.03310356 0.03930116 -0.00343841
v -0.05071760 -0.00774476 -0.00447144
v -0.04974518 -0.01154341 -0.00666459
v -0.04839417 -0.01525420 -0.00880702
v -0.04667485 -0.01884891 -0.01088242
v -0.04460031 -0.02230015 -0.01287500
v -0.04218633 -0.02558169 -0.01476959
v -0.03945129 -0.02866852 -0.01655178
v -0.03641600 -0.03153718 -0.01820800
v -0.03310356 -0.03416582 -0.01972564
v -0.02953919 -0.03653443 -0.02109317
v -0.02575000 -0.03862500 -0.02230015
v -0.02176484 -0.04042161 -0.02333743
v -0.01761404 -0.04191058 -0.02419708
v -0.01332918 -0.04308059 -0.02487259
v -0.00894288 -0.04392273 -0.02535880
v -0.00448852 -0.04443059 -0.02565201
v 0.00000000 -0.04460031 -0.02575000
v 0.00448852 -0.04443059 -0.02565201
v 0.00894288 -0.04392273 -0.02535880
v 0.01332918 -0.04308059 -0.02487259
v 0.01761404 -0.04191058 -0.02419708
v 0.02176484 -0.04042161 -0.02333743
v 0.02575000 -0.03862500 -0.02230015
v 0.02953919 -0.03653443 -0.02109317
v 0.03310356 -0.03416582 -0.01972564
v 0.03641600 -0.03153718 -0.01820800
v 0.03945129 -0.02866852 -0.01655178
v -0.05130403 -0.00406798 -0.00189693
v 0.03641600 -0.02789627 -0.02340775
v 0.03641600 -0.02575000 -0.02575000
v 0.03641600 -0.02340775 -0.02789627
v 0.03641600 -0.02088736 -0.02983024
v 0.03641600 -0.01820800 -0.03153718
v 0.03641600 -0.01539007 -0.03300411
v 0.03641600 -0.01245501 -0.03421985
v 0.03641600 -0.00942515 -0.03517516
v 0.03641600 -0.00632357 -0.03586276
v 0.03641600 -0.00317386 -0.03627742
v 0.03641600 0.00000000 -0.03641600
v 0.03641600 0.00317386 -0.03627742
v 0.03641600 0.00632357 -0.03586276
v 0.03641600 0.00942515 -0.03517516
v 0.03641600 0.01245501 -0.03421985
v 0.03641600 0.01539007 -0.03300411
v 0.03641600 0.01820800 -0.03153718
v 0.03641600 0.02088736 -0.02983024
v 0.03641600 0.02340775 -0.02789627
v 0.03641600 0.02575000 -0.02575000
v 0.03641600 0.02789627 -0.02340775
v 0.03641600 0.02983024 -0.02088736
v 0.03641600 0.03153718 -0.01820800
v 0.03641600 0.03300411 -0.01539007
v 0.03641600 0.03421985 -0.01245501
v 0.03641600 0.03517516 -0.00942515
v 0.03641600 0.03586276 -0.00632357
v 0.03641600 0.03627742 -0.00317386
v -0.05071760 -0.00810500 -0.00377942
v -0.04974518 -0.01208034 -0.00563316
v -0.04839417 -0.01596374 -0.00744401
v -0.04667485 -0.01972564 -0.00919822
v -0.04460031 -0.02333743 -0.01088242
v -0.04218633 -0.02677159 -0.01248380
v -0.03945129 -0.03000202 -0.01399017
v -0.03641600 -0.03300411 -0.01539007
v -0.03310356 -0.03575501 -0.01667283
v -0.02953919 -0.03823380 -0.01782871
v -0.02575000 -0.04042161 -0.01884891
v -0.02176484 -0.04230178 -0.01972564
v -0.01761404 -0.04386001 -0.02045226
v -0.01332918 -0.04508444 -0.02102322
v -0.00894288 -0.04596575 -0.02143418
v -0.00448852 -0.04649724 -0.02168202
v 0.00000000 -0.04667485 -0.02176484
v 0.00448852 -0.04649724 -0.02168202
v 0.00894288 -0.04596575 -0.02143418
v 0.01332918 -0.04508444 -0.02102322
v 0.01761404 -0.04386001 -0.02045226
v 0.02176484 -0.04230178 -0.01972564
v 0.02575000 -0.04042161 -0.01884891
v 0.02953919 -0.03823380 -0.01782871
v 0.03310356 -0.03575501 -0.01667283
v 0.03641600 -0.03300411 -0.01539007
v 0.03945129 -0.03000202 -0.01399017
v 0.04218633 -0.02677159 -0.01248380
v -0.05130403 -0.00421783 -0.00153516
v 0.03945129 -0.02711685 -0.01898742
v 0.03945129 -0.02535880 -0.02127856
v 0.03945129 -0.02340775 -0.02340775
v 0.03945129 -0.02127856 -0.02535880
v 0.03945129 -0.01898742 -0.02711685
v 0.03945129 -0.01655178 -0.02866852
v 0.03945129 -0.01399017 -0.03000202
v 0.03945129 -0.01132208 -0.03110717
v 0.03945129 -0.00856783 -0.03197559
v 0.03945129 -0.00574837 -0.03260064
v 0.03945129 -0.00288517 -0.03297759
v 0.03945129 0.00000000 -0.03310356
v 0.03945129 0.00288517 -0.03297759
v 0.03945129 0.00574837 -0.03260064
v 0.03945129 0.00856783 -0.03197559
v 0.03945129 0.01132208 -0.03110717
v 0.03945129 0.01399017 -0.03000202
v 0.03945129 0.01655178 -0.02866852
v 0.03945129 0.01898742 -0.02711685
v 0.03945129 0.02127856 -0.02535880
v 0.03945129 0.02340775 -0.02340775
v 0.03945129 0.02535880 -0.02127856
v 0.03945129 0.02711685 -0.01898742
v 0.03945129 0.02866852 -0.01655178
v 0.03945129 0.03000202 -0.01399017
v 0.03945129 0.03110717 -0.01132208
v 0.03945129 0.03197559 -0.00856783
v 0.03945129 0.03260064 -0.00574837
v 0.03945129 0.03297759 -0.00288517
v -0.05071760 -0.00840356 -0.00305865
v -0.04974518 -0.01252533 -0.00455885
v -0.04839417 -0.01655178 -0.00602436
v -0.04667485 -0.02045226 -0.00744401
v -0.04460031 -0.02419708 -0.00880702
v -0.04218633 -0.02775776 -0.01010300
v -0.03945129 -0.03110717 -0.01132208
v -0.03641600 -0.03421985 -0.01245501
v -0.03310356 -0.03707208 -0.01349314
v -0.02953919 -0.03964218 -0.01442857
v -0.02575000 -0.04191058 -0.01525420
v -0.02176484 -0.04386001 -0.01596374
v -0.01761404 -0.04547564 -0.01655178
v -0.01332918 -0.04674518 -0.01701385
v -0.00894288 -0.04765895 -0.01734644
v -0.00448852 -0.04821002 -0.01754701
v 0.00000000 -0.04839417 -0.01761404
v 0.00448852 -0.04821002 -0.01754701
v 0.00894288 -0.04765895 -0.01734644
v 0.01332918 -0.04674518 -0.01701385
v 0.01761404 -0.04547564 -0.01655178
v 0.02176484 -0.04386001 -0.01596374
v 0.02575000 -0.04191058 -0.01525420
v 0.02953919 -0.03964218 -0.01442857
v 0.03310356 -0.03707208 -0.01349314
v 0.03641600 -0.03421985 -0.01245501
v 0.03945129 -0.03110717 -0.01132208
v 0.04218633 -0.02775776 -0.01010300
v 0.04460031 -0.02419708 -0.00880702
v -0.05130403 -0.00433558 -0.00116171
v 0.04218633 -0.02558169 -0.01476959
v 0.04218633 -0.02419708 -0.01694298
v 0.04218633 -0.02262833 -0.01898742
v 0.04218633 -0.02088736 -0.02088736
v 0.04218633 -0.01898742 -0.02262833
v 0.04218633 -0.01694298 -0.02419708
v 0.04218633 -0.01476959 -0.02558169
v 0.04218633 -0.01248380 -0.02677159
v 0.04218633 -0.01010300 -0.02775776
v 0.04218633 -0.00764530 -0.02853266
v 0.04218633 -0.00512943 -0.02909042
v 0.04218633 -0.00257451 -0.02942678
v 0.04218633 0.00000000 -0.02953919
v 0.04218633 0.00257451 -0.02942678
v 0.04218633 0.00512943 -0.02909042
v 0.04218633 0.00764530 -0.02853266
v 0.04218633 0.01010300 -0.02775776
v 0.04218633 0.01248380 -0.02677159
v 0.04218633 0.01476959 -0.02558169
v 0.04218633 0.01694298 -0.02419708
v 0.04218633 0.01898742 -0.02262833
v 0.04218633 0.02088736 -0.02088736
v 0.04218633 0.02262833 -0.01898742
v 0.04218633 0.02419708 -0.01694298
v 0.04218633 0.02558169 -0.01476959
v 0.04218633 0.02677159 -0.01248380
v 0.04218633 0.02775776 -0.01010300
v 0.04218633 0.02853266 -0.00764530
v 0.04218633 0.02909042 -0.00512943
v 0.04218633 0.02942678 -0.00257451
v -0.05071760 -0.00863816 -0.00231459
v -0.04974518 -0.01287500 -0.00344985
v -0.04839417 -0.01701385 -0.00455885
v -0.04667485 -0.02102322 -0.00563316
v -0.04460031 -0.02487259 -0.00666459
v -0.04218633 -0.02853266 -0.00764530
v -0.03945129 -0.03197559 -0.00856783
v -0.03641600 -0.03517516 -0.00942515
v -0.03310356 -0.03810702 -0.01021075
v -0.02953919 -0.04074886 -0.01091863
v -0.02575000 -0.04308059 -0.01154341
v -0.02176484 -0.04508444 -0.01208034
v -0.01761404 -0.04674518 -0.01252533
v -0.01332918 -0.04805015 -0.01287500
v -0.00894288 -0.04898944 -0.01312668
v -0.00448852 -0.04955588 -0.01327846
v 0.00000000 -0.04974518 -0.01332918
v 0.00448852 -0.04955588 -0.01327846
v 0.00894288 -0.04898944 -0.01312668
v 0.01332918 -0.04805015 -0.01287500
v 0.01761404 -0.04674518 -0.01252533
v 0.02176484 -0.04508444 -0.01208034
v 0.02575000 -0.04308059 -0.01154341
v 0.02953919 -0.04074886 -0.01091863
v 0.03310356 -0.03810702 -0.01021075
v 0.03641600 -0.03517516 -0.00942515
v 0.03945129 -0.03197559 -0.00856783
v 0.04218633 -0.02853266 -0.00764530
v 0.04460031 -0.02487259 -0.00666459
v 0.04667485 -0.02102322 -0.00563316
v -0.05130403 -0.00442033 -0.00077942
v 0.04460031 -0.02333743 -0.01088242
v 0.04460031 -0.02230015 -0.01287500
v 0.04460031 -0.02109317 -0.01476959
v 0.04460031 -0.01972564 -0.01655178
v 0.04460031 -0.01820800 -0.01820800
v 0.04460031 -0.01655178 -0.01972564
v 0.04460031 -0.01476959 -0.02109317
v 0.04460031 -0.01287500 -0.02230015
v 0.04460031 -0.01088242 -0.02333743
v 0.04460031 -0.00880702 -0.02419708
v 0.04460031 -0.00666459 -0.02487259
v 0.04460031 -0.00447144 -0.02535880
v 0.04460031 -0.00224426 -0.02565201
v 0.04460031 0.00000000 -0.02575000
v 0.04460031 0.00224426 -0.02565201
v 0.04460031 0.00447144 -0.02535880
v 0.04460031 0.00666459 -0.02487259
v 0.04460031 0.00880702 -0.02419708
v 0.04460031 0.01088242 -0.02333743
v 0.04460031 0.01287500 -0.02230015
v 0.04460031 0.01476959 -0.02109317
v 0.04460031 0.01655178 -0.01972564
v 0.04460031 0.01820800 -0.01820800
v 0.04460031 0.01972564 -0.01655178
v 0.04460031 0.02109317 -0.01476959
v 0.04460031 0.02230015 -0.01287500
v 0.04460031 0.02333743 -0.01088242
v 0.04460031 0.02419708 -0.00880702
v 0.04460031 0.02487259 -0.00666459
v 0.04460031 0.02535880 -0.00447144
v 0.04460031 0.02565201 -0.00224426
v -0.05071760 -0.00880702 -0.00155291
v -0.04974518 -0.01312668 -0.00231459
v -0.04839417 -0.01734644 -0.00305865
v -0.04667485 -0.02143418 -0.00377942
v -0.04460031 -0.02535880 -0.00447144
v -0.04218633 -0.02909042 -0.00512943
v -0.03945129 -0.03260064 -0.00574837
v -0.03641600 -0.03586276 -0.00632357
v -0.03310356 -0.03885194 -0.00685064
v -0.02953919 -0.04154542 -0.00732558
v -0.02575000 -0.04392273 -0.00774476
v -0.02176484 -0.04596575 -0.00810500
v -0.01761404 -0.04765895 -0.00840356
v -0.01332918 -0.04898944 -0.00863816
v -0.00894288 -0.04994709 -0.00880702
v -0.00448852 -0.05052460 -0.00890885
v 0.00000000 -0.05071760 -0.00894288
v 0.00448852 -0.05052460 -0.00890885
v 0.00894288 -0.04994709 -0.00880702
v 0.01332918 -0.04898944 -0.00863816
v 0.01761404 -0.04765895 -0.00840356
v 0.02176484 -0.04596575 -0.00810500
v 0.02575000 -0.04392273 -0.00774476
v 0.02953919 -0.04154542 -0.00732558
v 0.03310356 -0.03885194 -0.00685064
v 0.03641600 -0.03586276 -0.00632357
v 0.03945129 -0.03260064 -0.00574837
v 0.04218633 -0.02909042 -0.00512943
v 0.04460031 -0.02535880 -0.00447144
v 0.04667485 -0.02143418 -0.00377942
v 0.04839417 -0.01734644 -0.00305865
v -0.05130403 -0.00447144 -0.00039120
v 0.04667485 -0.02045226 -0.00744401
v 0.04667485 -0.01972564 -0.00919822
v 0.04667485 -0.01884891 -0.01088242
v 0.04667485 -0.01782871 -0.01248380
v 0.04667485 -0.01667283 -0.01399017
v 0.04667485 -0.01539007 -0.01539007
v 0.04667485 -0.01399017 -0.01667283
v 0.04667485 -0.01248380 -0.01782871
v 0.04667485 -0.01088242 -0.01884891
v 0.04667485 -0.00919822 -0.01972564
v 0.04667485 -0.00744401 -0.02045226
v 0.04667485 -0.00563316 -0.02102322
v 0.04667485 -0.00377942 -0.02143418
v 0.04667485 -0.00189693 -0.02168202
v 0.04667485 0.00000000 -0.02176484
v 0.04667485 0.00189693 -0.02168202
v 0.04667485 0.00377942 -0.02143418
v 0.04667485 0.00563316 -0.02102322
v 0.04667485 0.00744401 -0.02045226
v 0.04667485 0.00919822 -0.01972564
v 0.04667485 0.01088242 -0.01884891
v 0.04667485 0.01248380 -0.01782871
v 0.04667485 0.01399017 -0.01667283
v 0.04667485 0.01539007 -0.01539007
v 0.04667485 0.01667283 -0.01399017
v 0.04667485 0.01782871 -0.01248380
v 0.04667485 0.01884891 -0.01088242
v 0.04667485 0.01972564 -0.00919822
v 0.04667485 0.02045226 -0.00744401
v 0.04667485 0.02102322 -0.00563316
v 0.04667485 0.02143418 -0.00377942
v 0.04667485 0.02168202 -0.00189693
v -0.05071760 -0.00890885 -0.00077942
v -0.04974518 -0.01327846 -0.00116171
v -0.04839417 -0.01754701 -0.00153516
v -0.04667485 -0.02168202 -0.00189693
v -0.04460031 -0.02565201 -0.00224426
v -0.04218633 -0.02942678 -0.00257451
v -0.03945129 -0.03297759 -0.00288517
v -0.03641600 -0.03627742 -0.00317386
v -0.03310356 -0.03930116 -0.00343841
v -0.02953919 -0.04202580 -0.00367678
v -0.02575000 -0.04443059 -0.00388717
v -0.02176484 -0.04649724 -0.00406798
v -0.01761404 -0.04821002 -0.00421783
v -0.01332918 -0.04955588 -0.00433558
v -0.00894288 -0.05052460 -0.00442033
v -0.00448852 -0.05110880 -0.00447144
v 0.00000000 -0.05130403 -0.00448852
v 0.00448852 -0.05110880 -0.00447144
v 0.00894288 -0.05052460 -0.00442033
v 0.01332918 -0.04955588 -0.00433558
v 0.01761404 -0.04821002 -0.00421783
v 0.02176484 -0.04649724 -0.00406798
v 0.02575000 -0.04443059 -0.00388717
v 0.02953919 -0.04202580 -0.00367678
v 0.03310356 -0.03930116 -0.00343841
v 0.03641600 -0.03627742 -0.00317386
v 0.03945129 -0.03297759 -0.00288517
v 0.04218633 -0.02942678 -0.00257451
v 0.04460031 -0.02565201 -0.00224426
v 0.04667485 -0.02168202 -0.00189693
v 0.04839417 -0.01754701 -0.00153516
v 0.04974518 -0.01327846 -0.00116171
v 0.04839417 -0.01701385 -0.00455885
v 0.04839417 -0.01655178 -0.00602436
v 0.04839417 -0.01596374 -0.00744401
v 0.04839417 -0.01525420 -0.00880702
v 0.04839417 -0.01442857 -0.01010300
v 0.04839417 -0.01349314 -0.01132208
v 0.04839417 -0.01245501 -0.01245501
v 0.04839417 -0.01132208 -0.01349314
v 0.04839417 -0.01010300 -0.01442857
v 0.04839417 -0.00880702 -0.01525420
v 0.04839417 -0.00744401 -0.01596374
v 0.04839417 -0.00602436 -0.01655178
v 0.04839417 -0.00455885 -0.01701385
v 0.04839417 -0.00305865 -0.01734644
v 0.04839417 -0.00153516 -0.01754701
v 0.04839417 0.00000000 -0.01761404
v 0.04839417 0.00153516 -0.01754701
v 0.04839417 0.00305865 -0.01734644
v 0.04839417 0.00455885 -0.01701385
v 0.04839417 0.00602436 -0.01655178
v 0.04839417 0.00744401 -0.01596374
v 0.04839417 0.00880702 -0.01525420
v 0.04839417 0.01010300 -0.01442857
v 0.04839417 0.01132208 -0.01349314
v 0.04839417 0.01245501 -0.01245501
v 0.04839417 0.01349314 -0.01132208
v 0.04839417 0.01442857 -0.01010300
v 0.04839417 0.01525420 -0.00880702
v 0.04839417 0.01596374 -0.00744401
v 0.04839417 0.01655178 -0.00602436
v 0.04839417 0.01701385 -0.00455885
v 0.04839417 0.01734644 -0.00305865
v 0.04839417 0.01754701 -0.00153516
v 0.04974518 -0.01312668 -0.00231459
v 0.04974518 -0.01287500 -0.00344985
v 0.04974518 -0.01252533 -0.00455885
v 0.04974518 -0.01208034 -0.00563316
v 0.04974518 -0.01154341 -0.00666459
v 0.04974518 -0.01091863 -0.00764530
v 0.04974518 -0.01021075 -0.00856783
v 0.04974518 -0.00942515 -0.00942515
v 0.04974518 -0.00856783 -0.01021075
v 0.04974518 -0.00764530 -0.01091863
v 0.04974518 -0.00666459 -0.01154341
v 0.04974518 -0.00563316 -0.01208034
v 0.04974518 -0.00455885 -0.01252533
v 0.04974518 -0.00344985 -0.01287500
v 0.04974518 -0.00231459 -0.01312668
v 0.04974518 -0.00116171 -0.01327846
v 0.04974518 0.00000000 -0.01332918
v 0.04974518 0.00116171 -0.01327846
v 0.04974518 0.00231459 -0.01312668
v 0.04974518 0.00344985 -0.01287500
v 0.04974518 0.00455885 -0.01252533
v 0.04974518 0.00563316 -0.01208034
v 0.04974518 0.00666459 -0.01154341
v 0.04974518 0.00764530 -0.01091863
v 0.04974518 0.00856783 -0.01021075
v 0.04974518 0.00942515 -0.00942515
v 0.04974518 0.01021075 -0.00856783
v 0.04974518 0.01091863 -0.00764530
v 0.04974518 0.01154341 -0.00666459
v 0.04974518 0.01208034 -0.00563316
v 0.04974518 0.01252533 -0.00455885
v 0.04974518 0.01287500 -0.00344985
v 0.04974518 0.01312668 -0.00231459
v 0.04974518 0.01327846 -0.00116171
v 0.05071760 -0.00890885 -0.00077942
v 0.05071760 -0.00880702 -0.00155291
v 0.05071760 -0.00863816 -0.00231459
v 0.05071760 -0.00840356 -0.00305865
v 0.05071760 -0.00810500 -0.00377942
v 0.05071760 -0.00774476 -0.00447144
v 0.05071760 -0.00732558 -0.00512943
v 0.05071760 -0.00685064 -0.00574837
v 0.05071760 -0.00632357 -0.00632357
v 0.05071760 -0.00574837 -0.00685064
v 0.05071760 -0.00512943 -0.00732558
v 0.05071760 -0.00447144 -0.00774476
v 0.05071760 -0.00377942 -0.00810500
v 0.05071760 -0.00305865 -0.00840356
v 0.05071760 -0.00231459 -0.00863816
v 0.05071760 -0.00155291 -0.00880702
v 0.05071760 -0.00077942 -0.00890885
v 0.05071760 0.00000000 -0.00894288
v 0.05071760 0.00077942 -0.00890885
v 0.05071760 0.00155291 -0.00880702
v 0.05071760 0.00231459 -0.00863816
v 0.05071760 0.00305865 -0.00840356
v 0.05071760 0.00377942 -0.00810500
v 0.05071760 0.00447144 -0.00774476
v 0.05071760 0.00512943 -0.00732558
v 0.05071760 0.00574837 -0.00685064
v 0.05071760 0.00632357 -0.00632357
v 0.05071760 0.00685064 -0.00574837
v 0.05071760 0.00732558 -0.00512943
v 0.05071760 0.00774476 -0.00447144
v 0.05071760 0.00810500 -0.00377942
v 0.05071760 0.00840356 -0.00305865
v 0.05071760 0.00863816 -0.00231459
v 0.05071760 0.00880702 -0.00155291
v 0.05071760 0.00890885 -0.00077942
f 1 2 3
f 2 4 3
f 3 4 5
f 4 6 5
f 5 6 7
f 6 8 7
f 7 8 9
f 8 10 9
f 9 10 11
f 10 12 11
f 11 12 13
f 12 14 13
f 13 14 15
f 14 16 15
f 15 16 17
f 16 18 17
f 17 18 19
f 18 20 19
f 19 20 21
f 20 22 21
f 21 22 23
f 22 24 23
f 23 24 25
f 24 26 25
f 25 26 27
f 26 28 27
f 27 28 29
f 28 30 29
f 29 30 31
f 30 32 31
f 31 32 33
f 32 34 33
f 33 34 35
f 34 36 35
f 35 36 37
f 36 38 37
f 37 38 39
f 38 40 39
f 39 40 41
f 40 42 41
f 41 42 43
f 42 44 43
f 43 44 45
f 44 46 45
f 45 46 47
f 46 48 47
f 47 48 49
f 48 50 49
f 49 50 51
f 50 52 51
f 51 52 53
f 52 54 53
f 53 54 55
f 54 56 55
f 55 56 57
f 56 58 57
f 57 58 59
f 58 60 59
f 59 60 61
f 60 62 61
f 61 62 63
f 62 64 63
f 63 64 65
f 64 66 65
f 65 66 67
f 66 68 67
f 67 68 69
f 68 70 69
f 69 70 71
f 70 72 71
f 71 72 73
f 72 74 73
f 73 74 75
f 74 76 75
f 75 76 77
f 76 78 77
f 77 78 79
f 78 80 79
f 79 80 81
f 80 82 81
f 81 82 83
f 82 84 83
f 83 84 85
f 84 86 85
f 85 86 87
f 86 88 87
f 87 88 89
f 88 90 89
f 89 90 91
f 90 92 91
f 91 92 93
f 92 94 93
f 93 94 95
f 94 96 95
f 95 96 97
f 96 98 97
f 97 98 99
f 98 100 99
f 99 100 101
f 100 102 101
f 101 102 103
f 102 104 103
f 103 104 105
f 104 106 105
f 105 106 107
f 106 108 107
f 107 108 109
f 108 110 109
f 109 110 111
f 110 112 111
f 111 112 113
f 112 114 113
f 113 114 115
f 114 116 115
f 115 116 117
f 116 118 117
f 117 118 119
f 118 120 119
f 119 120 121
f 120 122 121
f 121 122 123
f 122 124 123
f 123 124 125
f 124 126 125
f 125 126 127
f 126 128 127
f 127 128 129
f 128 130 129
f 129 130 131
f 130 132 131
f 131 132 133
f 132 134 133
f 133 134 135
f 134 136 135
f 135 136 137
f 136 138 137
f 137 138 139
f 138 140 139
f 139 140 141
f 140 142 141
f 141 142 143
f 142 144 143
f 143 144 1
f 144 2 1
f 67 69 145
f 69 71 145
f 145 71 146
f 71 73 146
f 146 73 147
f 73 75 147
f 147 75 148
f 75 77 148
f 148 77 149
f 77 79 149
f 149 79 150
f 79 81 150
f 150 81 151
f 81 83 151
f 151 83 152
f 83 85 152
f 152 85 153
f 85 87 153
f 153 87 154
f 87 89 154
f 154 89 155
f 89 91 155
f 155 91 156
f 91 93 156
f 156 93 157
f 93 95 157
f 157 95 158
f 95 97 158
f 158 97 159
f 97 99 159
f 159 99 160
f 99 101 160
f 160 101 161
f 101 103 161
f 161 103 162
f 103 105 162
f 162 105 163
f 105 107 163
f 163 107 164
f 107 109 164
f 164 109 165
f 109 111 165
f 165 111 166
f 111 113 166
f 166 113 167
f 113 115 167
f 167 115 168
f 115 117 168
f 168 117 169
f 117 119 169
f 169 119 170
f 119 121 170
f 170 121 171
f 121 123 171
f 171 123 172
f 123 125 172
f 172 125 173
f 125 127 173
f 173 127 174
f 127 129 174
f 174 129 175
f 129 131 175
f 175 131 176
f 131 133 176
f 176 133 177
f 133 135 177
f 177 135 178
f 135 137 178
f 178 137 179
f 137 139 179
f 139 180 179
f 180 181 179
f 179 181 178
f 181 182 178
f 178 182 177
f 182 183 177
f 177 183 176
f 183 184 176
f 176 184 175
f 184 185 175
f 175 185 174
f 185 186 174
f 174 186 173
f 186 187 173
f 173 187 172
f 187 188 172
f 172 188 171
f 188 189 171
f 171 189 170
f 189 190 170
f 170 190 169
f 190 191 169
f 169 191 168
f 191 192 168
f 168 192 167
f 192 193 167
f 167 193 166
f 193 194 166
f 166 194 165
f 194 195 165
f 165 195 164
f 195 196 164
f 164 196 163
f 196 197 163
f 163 197 162
f 197 198 162
f 162 198 161
f 198 199 161
f 161 199 160
f 199 200 160
f 160 200 159
f 200 201 159
f 159 201 158
f 201 202 158
f 158 202 157
f 202 203 157
f 157 203 156
f 203 204 156
f 156 204 155
f 204 205 155
f 155 205 154
f 205 206 154
f 154 206 153
f 206 207 153
f 153 207 152
f 207 208 152
f 152 208 151
f 208 209 151
f 151 209 150
f 209 210 150
f 150 210 149
f 210 211 149
f 149 211 148
f 211 212 148
f 148 212 147
f 212 213 147
f 147 213 146
f 213 214 146
f 146 214 145
f 214 67 145
f 139 215 180
f 215 216 180
f 180 216 181
f 216 217 181
f 181 217 182
f 217 218 182
f 182 218 183
f 218 219 183
f 183 219 184
f 219 220 184
f 184 220 185
f 220 221 185
f 185 221 186
f 221 222 186
f 186 222 187
f 222 223 187
f 187 223 188
f 223 224 188
f 188 224 189
f 224 225 189
f 189 225 190
f 225 226 190
f 190 226 191
f 226 227 191
f 191 227 192
f 227 228 192
f 192 228 193
f 228 229 193
f 193 229 194
f 229 230 194
f 194 230 195
f 230 231 195
f 195 231 196
f 231 232 196
f 196 232 197
f 232 233 197
f 197 233 198
f 233 234 198
f 198 234 199
f 234 235 199
f 199 235 200
f 235 236 200
f 200 236 201
f 236 237 201
f 201 237 202
f 237 238 202
f 202 238 203
f 238 239 203
f 203 239 204
f 239 240 204
f 204 240 205
f 240 241 205
f 205 241 206
f 241 242 206
f 206 242 207
f 242 243 207
f 207 243 208
f 243 244 208
f 208 244 209
f 244 245 209
f 209 245 210
f 245 246 210
f 210 246 211
f 246 247 211
f 211 247 212
f 247 248 212
f 212 248 213
f 248 249 213
f 213 249 214
f 249 67 214
f 139 250 215
f 250 251 215
f 215 251 216
f 251 252 216
f 216 252 217
f 252 253 217
f 217 253 218
f 253 254 218
f 218 254 219
f 254 255 219
f 219 255 220
f 255 256 220
f 220 256 221
f 256 257 221
f 221 257 222
f 257 258 222
f 222 258 223
f 258 259 223
f 223 259 224
f 259 260 224
f 224 260 225
f 260 261 225
f 225 261 226
f 261 262 226
f 226 262 227
f 262 263 227
f 227 263 228
f 263 264 228
f 228 264 229
f 264 265 229
f 229 265 230
f 265 266 230
f 230 266 231
f 266 267 231
f 231 267 232
f 267 268 232
f 232 268 233
f 268 269 233
f 233 269 234
f 269 270 234
f 234 270 235
f 270 271 235
f 235 271 236
f 271 272 236
f 236 272 237
f 272 273 237
f 237 273 238
f 273 274 238
f 238 274 239
f 274 275 239
f 239 275 240
f 275 276 240
f 240 276 241
f 276 277 241
f 241 277 242
f 277 278 242
f 242 278 243
f 278 279 243
f 243 279 244
f 279 280 244
f 244 280 245
f 280 281 245
f 245 281 246
f 281 282 246
f 246 282 247
f 282 283 247
f 247 283 248
f 283 284 248
f 248 284 249
f 284 67 249
f 139 285 250
f 285 286 250
f 250 286 251
f 286 287 251
f 251 287 252
f 287 288 252
f 252 288 253
f 288 289 253
f 253 289 254
f 289 290 254
f 254 290 255
f 290 291 255
f 255 291 256
f 291 292 256
f 256 292 257
f 292 293 257
f 257 293 258
f 293 294 258
f 258 294 259
f 294 295 259
f 259 295 260
f 295 296 260
f 260 296 261
f 296 297 261
f 261 297 262
f 297 298 262
f 262 298 263
f 298 299 263
f 263 299 264
f 299 300 264
f 264 300 265
f 300 301 265
f 265 301 266
f 301 302 266
f 266 302 267
f 302 303 267
f 267 303 268
f 303 304 268
f 268 304 269
f 304 305 269
f 269 305 270
f 305 306 270
f 270 306 271
f 306 307 271
f 271 307 272
f 307 308 272
f 272 308 273
f 308 309 273
f 273 309 274
f 309 310 274
f 274 310 275
f 310 311 275
f 275 311 276
f 311 312 276
f 276 312 277
f 312 313 277
f 277 313 278
f 313 314 278
f 278 314 279
f 314 315 279
f 279 315 280
f 315 316 280
f 280 316 281
f 316 317 281
f 281 317 282
f 317 318 282
f 282 318 283
f 318 319 283
f 283 319 284
f 319 67 284
f 139 320 285
f 320 321 285
f 285 321 286
f 321 322 286
f 286 322 287
f 322 323 287
f 287 323 288
f 323 324 288
f 288 324 289
f 324 325 289
f 289 325 290
f 325 326 290
f 290 326 291
f 326 327 291
f 291 327 292
f 327 328 292
f 292 328 293
f 328 329 293
f 293 329 294
f 329 330 294
f 294 330 295
f 330 331 295
f 295 331 296
f 331 332 296
f 296 332 297
f 332 333 297
f 297 333 298
f 333 334 298
f 298 334 299
f 334 335 299
f 299 335 300
f 335 336 300
f 300 336 301
f 336 337 301
f 301 337 302
f 337 338 302
f 302 338 303
f 338 339 303
f 303 339 304
f 339 340 304
f 304 340 305
f 340 341 305
f 305 341 306
f 341 342 306
f 306 342 307
f 342 343 307
f 307 343 308
f 343 344 308
f 308 344 309
f 344 345 309
f 309 345 310
f 345 346 310
f 310 346 311
f 346 347 311
f 311 347 312
f 347 348 312
f 312 348 313
f 348 349 313
f 313 349 314
f 349 350 314
f 314 350 315
f 350 351 315
f 315 351 316
f 351 352 316
f 316 352 317
f 352 353 317
f 317 353 318
f 353 354 318
f 318 354 319
f 354 67 319
f 139 355 320
f 355 356 320
f 320 356 321
f 356 357 321
f 321 357 322
f 357 358 322
f 322 358 323
f 358 359 323
f 323 359 324
f 359 360 324
f 324 360 325
f 360 361 325
f 325 361 326
f 361 362 326
f 326 362 327
f 362 363 327
f 327 363 328
f 363 364 328
f 328 364 329
f 364 365 329
f 329 365 330
f 365 366 330
f 330 366 331
f 366 367 331
f 331 367 332
f 367 368 332
f 332 368 333
f 368 369 333
f 333 369 334
f 369 370 334
f 334 370 335
f 370 371 335
f 335 371 336
f 371 372 336
f 336 372 337
f 372 373 337
f 337 373 338
f 373 374 338
f 338 374 339
f 374 375 339
f 339 375 340
f 375 376 340
f 340 376 341
f 376 377 341
f 341 377 342
f 377 378 342
f 342 378 343
f 378 379 343
f 343 379 344
f 379 380 344
f 344 380 345
f 380 381 345
f 345 381 346
f 381 382 346
f 346 382 347
f 382 383 347
f 347 383 348
f 383 384 348
f 348 384 349
f 384 385 349
f 349 385 350
f 385 386 350
f 350 386 351
f 386 387 351
f 351 387 352
f 387 388 352
f 352 388 353
f 388 389 353
f 353 389 354
f 389 67 354
f 139 390 355
f 390 391 355
f 355 391 356
f 391 392 356
f 356 392 357
f 392 393 357
f 357 393 358
f 393 394 358
f 358 394 359
f 394 395 359
f 359 395 360
f 395 396 360
f 360 396 361
f 396 397 361
f 361 397 362
f 397 398 362
f 362 398 363
f 398 399 363
f 363 399 364
f 399 400 364
f 364 400 365
f 400 401 365
f 365 401 366
f 401 402 366
f 366 402 367
f 402 403 367
f 367 403 368
f 403 404 368
f 368 404 369
f 404 405 369
f 369 405 370
f 405 406 370
f 370 406 371
f 406 407 371
f 371 407 372
f 407 408 372
f 372 408 373
f 408 409 373
f 373 409 374
f 409 410 374
f 374 410 375
f 410 411 375
f 375 411 376
f 411 412 376
f 376 412 377
f 412 413 377
f 377 413 378
f 413 414 378
f 378 414 379
f 414 415 379
f 379 415 380
f 415 416 380
f 380 416 381
f 416 417 381
f 381 417 382
f 417 418 382
f 382 418 383
f 418 419 383
f 383 419 384
f 419 420 384
f 384 420 385
f 420 421 385
f 385 421 386
f 421 422 386
f 386 422 387
f 422 423 387
f 387 423 388
f 423 424 388
f 388 424 389
f 424 67 389
f 139 425 390
f 425 426 390
f 390 426 391
f 426 427 391
f 391 427 392
f 427 428 392
f 392 428 393
f 428 429 393
f 393 429 394
f 429 430 394
f 394 430 395
f 430 431 395
f 395 431 396
f 431 432 396
f 396 432 397
f 432 433 397
f 397 433 398
f 433 434 398
f 398 434 399
f 434 435 399
f 399 435 400
f 435 436 400
f 400 436 401
f 436 437 401
f 401 437 402
f 437 438 402
f 402 438 403
f 438 439 403
f 403 439 404
f 439 440 404
f 404 440 405
f 440 441 405
f 405 441 406
f 441 442 406
f 406 442 407
f 442 443 407
f 407 443 408
f 443 444 408
f 408 444 409
f 444 445 409
f 409 445 410
f 445 446 410
f 410 446 411
f 446 447 411
f 411 447 412
f 447 448 412
f 412 448 413
f 448 449 413
f 413 449 414
f 449 450 414
f 414 450 415
f 450 451 415
f 415 451 416
f 451 452 416
f 416 452 417
f 452 453 417
f 417 453 418
f 453 454 418
f 418 454 419
f 454 455 419
f 419 455 420
f 455 456 420
f 420 456 421
f 456 457 421
f 421 457 422
f 457 458 422
f 422 458 423
f 458 459 423
f 423 459 424
f 459 67 424
f 139 460 425
f 460 461 425
f 425 461 426
f 461 462 426
f 426 462 427
f 462 463 427
f 427 463 428
f 463 464 428
f 428 464 429
f 464 465 429
f 429 465 430
f 465 466 430
f 430 466 431
f 466 467 431
f 431 467 432
f 467 468 432
f 432 468 433
f 468 469 433
f 433 469 434
f 469 470 434
f 434 470 435
f 470 471 435
f 435 471 436
f 471 472 436
f 436 472 437
f 472 473 437
f 437 473 438
f 473 474 438
f 438 474 439
f 474 475 439
f 439 475 440
f 475 476 440
f 440 476 441
f 476 477 441
f 441 477 442
f 477 478 442
f 442 478 443
f 478 479 443
f 443 479 444
f 479 480 444
f 444 480 445
f 480 481 445
f 445 481 446
f 481 482 446
f 446 482 447
f 482 483 447
f 447 483 448
f 483 484 448
f 448 484 449
f 484 485 449
f 449 485 450
f 485 486 450
f 450 486 451
f 486 487 451
f 451 487 452
f 487 488 452
f 452 488 453
f 488 489 453
f 453 489 454
f 489 490 454
f 454 490 455
f 490 491 455
f 455 491 456
f 491 492 456
f 456 492 457
f 492 493 457
f 457 493 458
f 493 494 458
f 458 494 459
f 494 67 459
f 139 495 460
f 495 496 460
f 460 496 461
f 496 497 461
f 461 497 462
f 497 498 462
f 462 498 463
f 498 499 463
f 463 499 464
f 499 500 464
f 464 500 465
f 500 501 465
f 465 501 466
f 501 502 466
f 466 502 467
f 502 503 467
f 467 503 468
f 503 504 468
f 468 504 469
f 504 505 469
f 469 505 470
f 505 506 470
f 470 506 471
f 506 507 471
f 471 507 472
f 507 508 472
f 472 508 473
f 508 509 473
f 473 509 474
f 509 510 474
f 474 510 475
f 510 511 475
f 475 511 476
f 511 512 476
f 476 512 477
f 512 513 477
f 477 513 478
f 513 514 478
f 478 514 479
f 514 515 479
f 479 515 480
f 515 516 480
f 480 516 481
f 516 517 481
f 481 517 482
f 517 518 482
f 482 518 483
f 518 519 483
f 483 519 484
f 519 520 484
f 484 520 485
f 520 521 485
f 485 521 486
f 521 522 486
f 486 522 487
f 522 523 487
f 487 523 488
f 523 524 488
f 488 524 489
f 524 525 489
f 489 525 490
f 525 526 490
f 490 526 491
f 526 527 491
f 491 527 492
f 527 528 492
f 492 528 493
f 528 529 493
f 493 529 494
f 529 67 494
f 139 530 495
f 530 531 495
f 495 531 496
f 531 532 496
f 496 532 497
f 532 533 497
f 497 533 498
f 533 534 498
f 498 534 499
f 534 535 499
f 499 535 500
f 535 536 500
f 500 536 501
f 536 537 501
f 501 537 502
f 537 538 502
f 502 538 503
f 538 539 503
f 503 539 504
f 539 540 504
f 504 540 505
f 540 541 505
f 505 541 506
f 541 542 506
f 506 542 507
f 542 543 507
f 507 543 508
f 543 544 508
f 508 544 509
f 544 545 509
f 509 545 510
f 545 546 510
f 510 546 511
f 546 547 511
f 511 547 512
f 547 548 512
f 512 548 513
f 548 549 513
f 513 549 514
f 549 550 514
f 514 550 515
f 550 551 515
f 515 551 516
f 551 552 516
f 516 552 517
f 552 553 517
f 517 553 518
f 553 554 518
f 518 554 519
f 554 555 519
f 519 555 520
f 555 556 520
f 520 556 521
f 556 557 521
f 521 557 522
f 557 558 522
f 522 558 523
f 558 559 523
f 523 559 524
f 559 560 524
f 524 560 525
f 560 561 525
f 525 561 526
f 561 562 526
f 526 562 527
f 562 563 527
f 527 563 528
f 563 564 528
f 528 564 529
f 564 67 529
f 139 565 530
f 565 566 530
f 530 566 531
f 566 567 531
f 531 567 532
f 567 568 532
f 532 568 533
f 568 569 533
f 533 569 534
f 569 570 534
f 534 570 535
f 570 571 535
f 535 571 536
f 571 572 536
f 536 572 537
f 572 573 537
f 537 573 538
f 573 574 538
f 538 574 539
f 574 575 539
f 539 575 540
f 575 576 540
f 540 576 541
f 576 577 541
f 541 577 542
f 577 578 542
f 542 578 543
f 578 579 543
f 543 579 544
f 579 580 544
f 544 580 545
f 580 581 545
f 545 581 546
f 581 582 546
f 546 582 547
f 582 583 547
f 547 583 548
f 583 584 548
f 548 584 549
f 584 585 549
f 549 585 550
f 585 586 550
f 550 586 551
f 586 587 551
f 551 587 552
f 587 588 552
f 552 588 553
f 588 589 553
f 553 589 554
f 589 590 554
f 554 590 555
f 590 591 555
f 555 591 556
f 591 592 556
f 556 592 557
f 592 593 557
f 557 593 558
f 593 594 558
f 558 594 559
f 594 595 559
f 559 595 560
f 595 596 560
f 560 596 561
f 596 597 561
f 561 597 562
f 597 598 562
f 562 598 563
f 598 599 563
f 563 599 564
f 599 67 564
f 139 600 565
f 600 601 565
f 565 601 566
f 601 602 566
f 566 602 567
f 602 603 567
f 567 603 568
f 603 604 568
f 568 604 569
f 604 605 569
f 569 605 570
f 605 606 570
f 570 606 571
f 606 607 571
f 571 607 572
f 607 608 572
f 572 608 573
f 608 609 573
f 573 609 574
f 609 610 574
f 574 610 575
f 610 611 575
f 575 611 576
f 611 612 576
f 576 612 577
f 612 613 577
f 577 613 578
f 613 614 578
f 578 614 579
f 614 615 579
f 579 615 580
f 615 616 580
f 580 616 581
f 616 617 581
f 581 617 582
f 617 618 582
f 582 618 583
f 618 619 583
f 583 619 584
f 619 620 584
f 584 620 585
f 620 621 585
f 585 621 586
f 621 622 586
f 586 622 587
f 622 623 587
f 587 623 588
f 623 624 588
f 588 624 589
f 624 625 589
f 589 625 590
f 625 626 590
f 590 626 591
f 626 627 591
f 591 627 592
f 627 628 592
f 592 628 593
f 628 629 593
f 593 629 594
f 629 630 594
f 594 630 595
f 630 631 595
f 595 631 596
f 631 632 596
f 596 632 597
f 632 633 597
f 597 633 598
f 633 634 598
f 598 634 599
f 634 67 599
f 139 635 600
f 635 636 600
f 600 636 601
f 636 637 601
f 601 637 602
f 637 638 602
f 602 638 603
f 638 639 603
f 603 639 604
f 639 640 604
f 604 640 605
f 640 641 605
f 605 641 606
f 641 642 606
f 606 642 607
f 642 643 607
f 607 643 608
f 643 644 608
f 608 644 609
f 644 645 609
f 609 645 610
f 645 646 610
f 610 646 611
f 646 647 611
f 611 647 612
f 647 648 612
f 612 648 613
f 648 649 613
f 613 649 614
f 649 650 614
f 614 650 615
f 650 651 615
f 615 651 616
f 651 652 616
f 616 652 617
f 652 653 617
f 617 653 618
f 653 654 618
f 618 654 619
f 654 655 619
f 619 655 620
f 655 656 620
f 620 656 621
f 656 657 621
f 621 657 622
f 657 658 622
f 622 658 623
f 658 659 623
f 623 659 624
f 659 660 624
f 624 660 625
f 660 661 625
f 625 661 626
f 661 662 626
f 626 662 627
f 662 663 627
f 627 663 628
f 663 664 628
f 628 664 629
f 664 665 629
f 629 665 630
f 665 666 630
f 630 666 631
f 666 667 631
f 631 667 632
f 667 668 632
f 632 668 633
f 668 669 633
f 633 669 634
f 669 67 634
f 139 670 635
f 670 671 635
f 635 671 636
f 671 672 636
f 636 672 637
f 672 673 637
f 637 673 638
f 673 674 638
f 638 674 639
f 674 675 639
f 639 675 640
f 675 676 640
f 640 676 641
f 676 677 641
f 641 677 642
f 677 678 642
f 642 678 643
f 678 679 643
f 643 679 644
f 679 680 644
f 644 680 645
f 680 681 645
f 645 681 646
f 681 682 646
f 646 682 647
f 682 683 647
f 647 683 648
f 683 684 648
f 648 684 649
f 684 685 649
f 649 685 650
f 685 686 650
f 650 686 651
f 686 687 651
f 651 687 652
f 687 688 652
f 652 688 653
f 688 689 653
f 653 689 654
f 689 690 654
f 654 690 655
f 690 691 655
f 655 691 656
f 691 692 656
f 656 692 657
f 692 693 657
f 657 693 658
f 693 694 658
f 658 694 659
f 694 695 659
f 659 695 660
f 695 696 660
f 660 696 661
f 696 697 661
f 661 697 662
f 697 698 662
f 662 698 663
f 698 699 663
f 663 699 664
f 699 700 664
f 664 700 665
f 700 701 665
f 665 701 666
f 701 702 666
f 666 702 667
f 702 703 667
f 667 703 668
f 703 704 668
f 668 704 669
f 704 67 669
f 139 705 670
f 705 706 670
f 670 706 671
f 706 707 671
f 671 707 672
f 707 708 672
f 672 708 673
f 708 709 673
f 673 709 674
f 709 710 674
f 674 710 675
f 710 711 675
f 675 711 676
f 711 712 676
f 676 712 677
f 712 713 677
f 677 713 678
f 713 714 678
f 678 714 679
f 714 715 679
f 679 715 680
f 715 716 680
f 680 716 681
f 716 717 681
f 681 717 682
f 717 718 682
f 682 718 683
f 718 719 683
f 683 719 684
f 719 720 684
f 684 720 685
f 720 721 685
f 685 721 686
f 721 722 686
f 686 722 687
f 722 723 687
f 687 723 688
f 723 724 688
f 688 724 689
f 724 725 689
f 689 725 690
f 725 726 690
f 690 726 691
f 726 727 691
f 691 727 692
f 727 728 692
f 692 728 693
f 728 729 693
f 693 729 694
f 729 730 694
f 694 730 695
f 730 731 695
f 695 731 696
f 731 732 696
f 696 732 697
f 732 733 697
f 697 733 698
f 733 734 698
f 698 734 699
f 734 735 699
f 699 735 700
f 735 736 700
f 700 736 701
f 736 737 701
f 701 737 702
f 737 738 702
f 702 738 703
f 738 739 703
f 703 739 704
f 739 67 704
f 139 740 705
f 740 741 705
f 705 741 706
f 741 742 706
f 706 742 707
f 742 743 707
f 707 743 708
f 743 744 708
f 708 744 709
f 744 745 709
f 709 745 710
f 745 746 710
f 710 746 711
f 746 747 711
f 711 747 712
f 747 748 712
f 712 748 713
f 748 749 713
f 713 749 714
f 749 750 714
f 714 750 715
f 750 751 715
f 715 751 716
f 751 752 716
f 716 752 717
f 752 753 717
f 717 753 718
f 753 754 718
f 718 754 719
f 754 755 719
f 719 755 720
f 755 756 720
f 720 756 721
f 756 757 721
f 721 757 722
f 757 758 722
f 722 758 723
f 758 759 723
f 723 759 724
f 759 760 724
f 724 760 725
f 760 761 725
f 725 761 726
f 761 762 726
f 726 762 727
f 762 763 727
f 727 763 728
f 763 764 728
f 728 764 729
f 764 765 729
f 729 765 730
f 765 766 730
f 730 766 731
f 766 767 731
f 731 767 732
f 767 768 732
f 732 768 733
f 768 769 733
f 733 769 734
f 769 770 734
f 734 770 735
f 770 771 735
f 735 771 736
f 771 772 736
f 736 772 737
f 772 773 737
f 737 773 738
f 773 774 738
f 738 774 739
f 774 67 739
f 139 775 740
f 775 776 740
f 740 776 741
f 776 777 741
f 741 777 742
f 777 778 742
f 742 778 743
f 778 779 743
f 743 779 744
f 779 780 744
f 744 780 745
f 780 781 745
f 745 781 746
f 781 782 746
f 746 782 747
f 782 783 747
f 747 783 748
f 783 784 748
f 748 784 749
f 784 785 749
f 749 785 750
f 785 786 750
f 750 786 751
f 786 787 751
f 751 787 752
f 787 788 752
f 752 788 753
f 788 789 753
f 753 789 754
f 789 790 754
f 754 790 755
f 790 791 755
f 755 791 756
f 791 792 756
f 756 792 757
f 792 793 757
f 757 793 758
f 793 794 758
f 758 794 759
f 794 795 759
f 759 795 760
f 795 796 760
f 760 796 761
f 796 797 761
f 761 797 762
f 797 798 762
f 762 798 763
f 798 799 763
f 763 799 764
f 799 800 764
f 764 800 765
f 800 801 765
f 765 801 766
f 801 802 766
f 766 802 767
f 802 803 767
f 767 803 768
f 803 804 768
f 768 804 769
f 804 805 769
f 769 805 770
f 805 806 770
f 770 806 771
f 806 807 771
f 771 807 772
f 807 808 772
f 772 808 773
f 808 809 773
f 773 809 774
f 809 67 774
f 139 810 775
f 810 811 775
f 775 811 776
f 811 812 776
f 776 812 777
f 812 813 777
f 777 813 778
f 813 814 778
f 778 814 779
f 814 815 779
f 779 815 780
f 815 816 780
f 780 816 781
f 816 817 781
f 781 817 782
f 817 818 782
f 782 818 783
f 818 819 783
f 783 819 784
f 819 820 784
f 784 820 785
f 820 821 785
f 785 821 786
f 821 822 786
f 786 822 787
f 822 823 787
f 787 823 788
f 823 824 788
f 788 824 789
f 824 825 789
f 789 825 790
f 825 826 790
f 790 826 791
f 826 827 791
f 791 827 792
f 827 828 792
f 792 828 793
f 828 829 793
f 793 829 794
f 829 830 794
f 794 830 795
f 830 831 795
f 795 831 796
f 831 832 796
f 796 832 797
f 832 833 797
f 797 833 798
f 833 834 798
f 798 834 799
f 834 835 799
f 799 835 800
f 835 836 800
f 800 836 801
f 836 837 801
f 801 837 802
f 837 838 802
f 802 838 803
f 838 839 803
f 803 839 804
f 839 840 804
f 804 840 805
f 840 841 805
f 805 841 806
f 841 842 806
f 806 842 807
f 842 843 807
f 807 843 808
f 843 844 808
f 808 844 809
f 844 67 809
f 139 845 810
f 845 846 810
f 810 846 811
f 846 847 811
f 811 847 812
f 847 848 812
f 812 848 813
f 848 849 813
f 813 849 814
f 849 850 814
f 814 850 815
f 850 851 815
f 815 851 816
f 851 852 816
f 816 852 817
f 852 853 817
f 817 853 818
f 853 854 818
f 818 854 819
f 854 855 819
f 819 855 820
f 855 856 820
f 820 856 821
f 856 857 821
f 821 857 822
f 857 858 822
f 822 858 823
f 858 859 823
f 823 859 824
f 859 860 824
f 824 860 825
f 860 861 825
f 825 861 826
f 861 862 826
f 826 862 827
f 862 863 827
f 827 863 828
f 863 864 828
f 828 864 829
f 864 865 829
f 829 865 830
f 865 866 830
f 830 866 831
f 866 867 831
f 831 867 832
f 867 868 832
f 832 868 833
f 868 869 833
f 833 869 834
f 869 870 834
f 834 870 835
f 870 871 835
f 835 871 836
f 871 872 836
f 836 872 837
f 872 873 837
f 837 873 838
f 873 874 838
f 838 874 839
f 874 875 839
f 839 875 840
f 875 876 840
f 840 876 841
f 876 877 841
f 841 877 842
f 877 878 842
f 842 878 843
f 878 879 843
f 843 879 844
f 879 67 844
f 139 880 845
f 880 881 845
f 845 881 846
f 881 882 846
f 846 882 847
f 882 883 847
f 847 883 848
f 883 884 848
f 848 884 849
f 884 885 849
f 849 885 850
f 885 886 850
f 850 886 851
f 886 887 851
f 851 887 852
f 887 888 852
f 852 888 853
f 888 889 853
f 853 889 854
f 889 890 854
f 854 890 855
f 890 891 855
f 855 891 856
f 891 892 856
f 856 892 857
f 892 893 857
f 857 893 858
f 893 894 858
f 858 894 859
f 894 895 859
f 859 895 860
f 895 896 860
f 860 896 861
f 896 897 861
f 861 897 862
f 897 898 862
f 862 898 863
f 898 899 863
f 863 899 864
f 899 900 864
f 864 900 865
f 900 901 865
f 865 901 866
f 901 902 866
f 866 902 867
f 902 903 867
f 867 903 868
f 903 904 868
f 868 904 869
f 904 905 869
f 869 905 870
f 905 906 870
f 870 906 871
f 906 907 871
f 871 907 872
f 907 908 872
f 872 908 873
f 908 909 873
f 873 909 874
f 909 910 874
f 874 910 875
f 910 911 875
f 875 911 876
f 911 912 876
f 876 912 877
f 912 913 877
f 877 913 878
f 913 914 878
f 878 914 879
f 914 67 879
f 139 915 880
f 915 916 880
f 880 916 881
f 916 917 881
f 881 917 882
f 917 918 882
f 882 918 883
f 918 919 883
f 883 919 884
f 919 920 884
f 884 920 885
f 920 921 885
f 885 921 886
f 921 922 886
f 886 922 887
f 922 923 887
f 887 923 888
f 923 924 888
f 888 924 889
f 924 925 889
f 889 925 890
f 925 926 890
f 890 926 891
f 926 927 891
f 891 927 892
f 927 928 892
f 892 928 893
f 928 929 893
f 893 929 894
f 929 930 894
f 894 930 895
f 930 931 895
f 895 931 896
f 931 932 896
f 896 932 897
f 932 933 897
f 897 933 898
f 933 934 898
f 898 934 899
f 934 935 899
f 899 935 900
f 935 936 900
f 900 936 901
f 936 937 901
f 901 937 902
f 937 938 902
f 902 938 903
f 938 939 903
f 903 939 904
f 939 940 904
f 904 940 905
f 940 941 905
f 905 941 906
f 941 942 906
f 906 942 907
f 942 943 907
f 907 943 908
f 943 944 908
f 908 944 909
f 944 945 909
f 909 945 910
f 945 946 910
f 910 946 911
f 946 947 911
f 911 947 912
f 947 948 912
f 912 948 913
f 948 949 913
f 913 949 914
f 949 67 914
f 139 950 915
f 950 951 915
f 915 951 916
f 951 952 916
f 916 952 917
f 952 953 917
f 917 953 918
f 953 954 918
f 918 954 919
f 954 955 919
f 919 955 920
f 955 956 920
f 920 956 921
f 956 957 921
f 921 957 922
f 957 958 922
f 922 958 923
f 958 959 923
f 923 959 924
f 959 960 924
f 924 960 925
f 960 961 925
f 925 961 926
f 961 962 926
f 926 962 927
f 962 963 927
f 927 963 928
f 963 964 928
f 928 964 929
f 964 965 929
f 929 965 930
f 965 966 930
f 930 966 931
f 966 967 931
f 931 967 932
f 967 968 932
f 932 968 933
f 968 969 933
f 933 969 934
f 969 970 934
f 934 970 935
f 970 971 935
f 935 971 936
f 971 972 936
f 936 972 937
f 972 973 937
f 937 973 938
f 973 974 938
f 938 974 939
f 974 975 939
f 939 975 940
f 975 976 940
f 940 976 941
f 976 977 941
f 941 977 942
f 977 978 942
f 942 978 943
f 978 979 943
f 943 979 944
f 979 980 944
f 944 980 945
f 980 981 945
f 945 981 946
f 981 982 946
f 946 982 947
f 982 983 947
f 947 983 948
f 983 984 948
f 948 984 949
f 984 67 949
f 139 985 950
f 985 986 950
f 950 986 951
f 986 987 951
f 951 987 952
f 987 988 952
f 952 988 953
f 988 989 953
f 953 989 954
f 989 990 954
f 954 990 955
f 990 991 955
f 955 991 956
f 991 992 956
f 956 992 957
f 992 993 957
f 957 993 958
f 993 994 958
f 958 994 959
f 994 995 959
f 959 995 960
f 995 996 960
f 960 996 961
f 996 997 961
f 961 997 962
f 997 998 962
f 962 998 963
f 998 999 963
f 963 999 964
f 999 1000 964
f 964 1000 965
f 1000 1001 965
f 965 1001 966
f 1001 1002 966
f 966 1002 967
f 1002 1003 967
f 967 1003 968
f 1003 1004 968
f 968 1004 969
f 1004 1005 969
f 969 1005 970
f 1005 1006 970
f 970 1006 971
f 1006 1007 971
f 971 1007 972
f 1007 1008 972
f 972 1008 973
f 1008 1009 973
f 973 1009 974
f 1009 1010 974
f 974 1010 975
f 1010 1011 975
f 975 1011 976
f 1011 1012 976
f 976 1012 977
f 1012 1013 977
f 977 1013 978
f 1013 1014 978
f 978 1014 979
f 1014 1015 979
f 979 1015 980
f 1015 1016 980
f 980 1016 981
f 1016 1017 981
f 981 1017 982
f 1017 1018 982
f 982 1018 983
f 1018 1019 983
f 983 1019 984
f 1019 67 984
f 139 1020 985
f 1020 1021 985
f 985 1021 986
f 1021 1022 986
f 986 1022 987
f 1022 1023 987
f 987 1023 988
f 1023 1024 988
f 988 1024 989
f 1024 1025 989
f 989 1025 990
f 1025 1026 990
f 990 1026 991
f 1026 1027 991
f 991 1027 992
f 1027 1028 992
f 992 1028 993
f 1028 1029 993
f 993 1029 994
f 1029 1030 994
f 994 1030 995
f 1030 1031 995
f 995 1031 996
f 1031 1032 996
f 996 1032 997
f 1032 1033 997
f 997 1033 998
f 1033 1034 998
f 998 1034 999
f 1034 1035 999
f 999 1035 1000
f 1035 1036 1000
f 1000 1036 1001
f 1036 1037 1001
f 1001 1037 1002
f 1037 1038 1002
f 1002 1038 1003
f 1038 1039 1003
f 1003 1039 1004
f 1039 1040 1004
f 1004 1040 1005
f 1040 1041 1005
f 1005 1041 1006
f 1041 1042 1006
f 1006 1042 1007
f 1042 1043 1007
f 1007 1043 1008
f 1043 1044 1008
f 1008 1044 1009
f 1044 1045 1009
f 1009 1045 1010
f 1045 1046 1010
f 1010 1046 1011
f 1046 1047 1011
f 1011 1047 1012
f 1047 1048 1012
f 1012 1048 1013
f 1048 1049 1013
f 1013 1049 1014
f 1049 1050 1014
f 1014 1050 1015
f 1050 1051 1015
f 1015 1051 1016
f 1051 1052 1016
f 1016 1052 1017
f 1052 1053 1017
f 1017 1053 1018
f 1053 1054 1018
f 1018 1054 1019
f 1054 67 1019
f 139 1055 1020
f 1055 1056 1020
f 1020 1056 1021
f 1056 1057 1021
f 1021 1057 1022
f 1057 1058 1022
f 1022 1058 1023
f 1058 1059 1023
f 1023 1059 1024
f 1059 1060 1024
f 1024 1060 1025
f 1060 1061 1025
f 1025 1061 1026
f 1061 1062 1026
f 1026 1062 1027
f 1062 1063 1027
f 1027 1063 1028
f 1063 1064 1028
f 1028 1064 1029
f 1064 1065 1029
f 1029 1065 1030
f 1065 1066 1030
f 1030 1066 1031
f 1066 1067 1031
f 1031 1067 1032
f 1067 1068 1032
f 1032 1068 1033
f 1068 1069 1033
f 1033 1069 1034
f 1069 1070 1034
f 1034 1070 1035
f 1070 1071 1035
f 1035 1071 1036
f 1071 1072 1036
f 1036 1072 1037
f 1072 1073 1037
f 1037 1073 1038
f 1073 1074 1038
f 1038 1074 1039
f 1074 1075 1039
f 1039 1075 1040
f 1075 1076 1040
f 1040 1076 1041
f 1076 1077 1041
f 1041 1077 1042
f 1077 1078 1042
f 1042 1078 1043
f 1078 1079 1043
f 1043 1079 1044
f 1079 1080 1044
f 1044 1080 1045
f 1080 1081 1045
f 1045 1081 1046
f 1081 1082 1046
f 1046 1082 1047
f 1082 1083 1047
f 1047 1083 1048
f 1083 1084 1048
f 1048 1084 1049
f 1084 1085 1049
f 1049 1085 1050
f 1085 1086 1050
f 1050 1086 1051
f 1086 1087 1051
f 1051 1087 1052
f 1087 1088 1052
f 1052 1088 1053
f 1088 1089 1053
f 1053 1089 1054
f 1089 67 1054
f 139 1090 1055
f 1090 1091 1055
f 1055 1091 1056
f 1091 1092 1056
f 1056 1092 1057
f 1092 1093 1057
f 1057 1093 1058
f 1093 1094 1058
f 1058 1094 1059
f 1094 1095 1059
f 1059 1095 1060
f 1095 1096 1060
f 1060 1096 1061
f 1096 1097 1061
f 1061 1097 1062
f 1097 1098 1062
f 1062 1098 1063
f 1098 1099 1063
f 1063 1099 1064
f 1099 1100 1064
f 1064 1100 1065
f 1100 1101 1065
f 1065 1101 1066
f 1101 1102 1066
f 1066 1102 1067
f 1102 1103 1067
f 1067 1103 1068
f 1103 1104 1068
f 1068 1104 1069
f 1104 1105 1069
f 1069 1105 1070
f 1105 1106 1070
f 1070 1106 1071
f 1106 1107 1071
f 1071 1107 1072
f 1107 1108 1072
f 1072 1108 1073
f 1108 1109 1073
f 1073 1109 1074
f 1109 1110 1074
f 1074 1110 1075
f 1110 1111 1075
f 1075 1111 1076
f 1111 1112 1076
f 1076 1112 1077
f 1112 1113 1077
f 1077 1113 1078
f 1113 1114 1078
f 1078 1114 1079
f 1114 1115 1079
f 1079 1115 1080
f 1115 1116 1080
f 1080 1116 1081
f 1116 1117 1081
f 1081 1117 1082
f 1117 1118 1082
f 1082 1118 1083
f 1118 1119 1083
f 1083 1119 1084
f 1119 1120 1084
f 1084 1120 1085
f 1120 1121 1085
f 1085 1121 1086
f 1121 1122 1086
f 1086 1122 1087
f 1122 1123 1087
f 1087 1123 1088
f 1123 1124 1088
f 1088 1124 1089
f 1124 67 1089
f 139 1125 1090
f 1125 1126 1090
f 1090 1126 1091
f 1126 1127 1091
f 1091 1127 1092
f 1127 1128 1092
f 1092 1128 1093
f 1128 1129 1093
f 1093 1129 1094
f 1129 1130 1094
f 1094 1130 1095
f 1130 1131 1095
f 1095 1131 1096
f 1131 1132 1096
f 1096 1132 1097
f 1132 1133 1097
f 1097 1133 1098
f 1133 1134 1098
f 1098 1134 1099
f 1134 1135 1099
f 1099 1135 1100
f 1135 1136 1100
f 1100 1136 1101
f 1136 1137 1101
f 1101 1137 1102
f 1137 1138 1102
f 1102 1138 1103
f 1138 1139 1103
f 1103 1139 1104
f 1139 1140 1104
f 1104 1140 1105
f 1140 1141 1105
f 1105 1141 1106
f 1141 1142 1106
f 1106 1142 1107
f 1142 1143 1107
f 1107 1143 1108
f 1143 1144 1108
f 1108 1144 1109
f 1144 1145 1109
f 1109 1145 1110
f 1145 1146 1110
f 1110 1146 1111
f 1146 1147 1111
f 1111 1147 1112
f 1147 1148 1112
f 1112 1148 1113
f 1148 1149 1113
f 1113 1149 1114
f 1149 1150 1114
f 1114 1150 1115
f 1150 1151 1115
f 1115 1151 1116
f 1151 1152 1116
f 1116 1152 1117
f 1152 1153 1117
f 1117 1153 1118
f 1153 1154 1118
f 1118 1154 1119
f 1154 1155 1119
f 1119 1155 1120
f 1155 1156 1120
f 1120 1156 1121
f 1156 1157 1121
f 1121 1157 1122
f 1157 1158 1122
f 1122 1158 1123
f 1158 1159 1123
f 1123 1159 1124
f 1159 67 1124
f 139 1160 1125
f 1160 1161 1125
f 1125 1161 1126
f 1161 1162 1126
f 1126 1162 1127
f 1162 1163 1127
f 1127 1163 1128
f 1163 1164 1128
f 1128 1164 1129
f 1164 1165 1129
f 1129 1165 1130
f 1165 1166 1130
f 1130 1166 1131
f 1166 1167 1131
f 1131 1167 1132
f 1167 1168 1132
f 1132 1168 1133
f 1168 1169 1133
f 1133 1169 1134
f 1169 1170 1134
f 1134 1170 1135
f 1170 1171 1135
f 1135 1171 1136
f 1171 1172 1136
f 1136 1172 1137
f 1172 1173 1137
f 1137 1173 1138
f 1173 1174 1138
f 1138 1174 1139
f 1174 1175 1139
f 1139 1175 1140
f 1175 1176 1140
f 1140 1176 1141
f 1176 1177 1141
f 1141 1177 1142
f 1177 1178 1142
f 1142 1178 1143
f 1178 1179 1143
f 1143 1179 1144
f 1179 1180 1144
f 1144 1180 1145
f 1180 1181 1145
f 1145 1181 1146
f 1181 1182 1146
f 1146 1182 1147
f 1182 1183 1147
f 1147 1183 1148
f 1183 1184 1148
f 1148 1184 1149
f 1184 1185 1149
f 1149 1185 1150
f 1185 1186 1150
f 1150 1186 1151
f 1186 1187 1151
f 1151 1187 1152
f 1187 1188 1152
f 1152 1188 1153
f 1188 1189 1153
f 1153 1189 1154
f 1189 1190 1154
f 1154 1190 1155
f 1190 1191 1155
f 1155 1191 1156
f 1191 1192 1156
f 1156 1192 1157
f 1192 1193 1157
f 1157 1193 1158
f 1193 1194 1158
f 1158 1194 1159
f 1194 67 1159
f 139 1195 1160
f 1195 1196 1160
f 1160 1196 1161
f 1196 1197 1161
f 1161 1197 1162
f 1197 1198 1162
f 1162 1198 1163
f 1198 1199 1163
f 1163 1199 1164
f 1199 1200 1164
f 1164 1200 1165
f 1200 1201 1165
f 1165 1201 1166
f 1201 1202 1166
f 1166 1202 1167
f 1202 1203 1167
f 1167 1203 1168
f 1203 1204 1168
f 1168 1204 1169
f 1204 1205 1169
f 1169 1205 1170
f 1205 1206 1170
f 1170 1206 1171
f 1206 1207 1171
f 1171 1207 1172
f 1207 1208 1172
f 1172 1208 1173
f 1208 1209 1173
f 1173 1209 1174
f 1209 1210 1174
f 1174 1210 1175
f 1210 1211 1175
f 1175 1211 1176
f 1211 1212 1176
f 1176 1212 1177
f 1212 1213 1177
f 1177 1213 1178
f 1213 1214 1178
f 1178 1214 1179
f 1214 1215 1179
f 1179 1215 1180
f 1215 1216 1180
f 1180 1216 1181
f 1216 1217 1181
f 1181 1217 1182
f 1217 1218 1182
f 1182 1218 1183
f 1218 1219 1183
f 1183 1219 1184
f 1219 1220 1184
f 1184 1220 1185
f 1220 1221 1185
f 1185 1221 1186
f 1221 1222 1186
f 1186 1222 1187
f 1222 1223 1187
f 1187 1223 1188
f 1223 1224 1188
f 1188 1224 1189
f 1224 1225 1189
f 1189 1225 1190
f 1225 1226 1190
f 1190 1226 1191
f 1226 1227 1191
f 1191 1227 1192
f 1227 1228 1192
f 1192 1228 1193
f 1228 1229 1193
f 1193 1229 1194
f 1229 67 1194
f 139 1230 1195
f 1230 1231 1195
f 1195 1231 1196
f 1231 1232 1196
f 1196 1232 1197
f 1232 1233 1197
f 1197 1233 1198
f 1233 1234 1198
f 1198 1234 1199
f 1234 1235 1199
f 1199 1235 1200
f 1235 1236 1200
f 1200 1236 1201
f 1236 1237 1201
f 1201 1237 1202
f 1237 1238 1202
f 1202 1238 1203
f 1238 1239 1203
f 1203 1239 1204
f 1239 1240 1204
f 1204 1240 1205
f 1240 1241 1205
f 1205 1241 1206
f 1241 1242 1206
f 1206 1242 1207
f 1242 1243 1207
f 1207 1243 1208
f 1243 1244 1208
f 1208 1244 1209
f 1244 1245 1209
f 1209 1245 1210
f 1245 1246 1210
f 1210 1246 1211
f 1246 1247 1211
f 1211 1247 1212
f 1247 1248 1212
f 1212 1248 1213
f 1248 1249 1213
f 1213 1249 1214
f 1249 1250 1214
f 1214 1250 1215
f 1250 1251 1215
f 1215 1251 1216
f 1251 1252 1216
f 1216 1252 1217
f 1252 1253 1217
f 1217 1253 1218
f 1253 1254 1218
f 1218 1254 1219
f 1254 1255 1219
f 1219 1255 1220
f 1255 1256 1220
f 1220 1256 1221
f 1256 1257 1221
f 1221 1257 1222
f 1257 1258 1222
f 1222 1258 1223
f 1258 1259 1223
f 1223 1259 1224
f 1259 1260 1224
f 1224 1260 1225
f 1260 1261 1225
f 1225 1261 1226
f 1261 1262 1226
f 1226 1262 1227
f 1262 1263 1227
f 1227 1263 1228
f 1263 1264 1228
f 1228 1264 1229
f 1264 67 1229
f 139 1265 1230
f 1265 1266 1230
f 1230 1266 1231
f 1266 1267 1231
f 1231 1267 1232
f 1267 1268 1232
f 1232 1268 1233
f 1268 1269 1233
f 1233 1269 1234
f 1269 1270 1234
f 1234 1270 1235
f 1270 1271 1235
f 1235 1271 1236
f 1271 1272 1236
f 1236 1272 1237
f 1272 1273 1237
f 1237 1273 1238
f 1273 1274 1238
f 1238 1274 1239
f 1274 1275 1239
f 1239 1275 1240
f 1275 1276 1240
f 1240 1276 1241
f 1276 1277 1241
f 1241 1277 1242
f 1277 1278 1242
f 1242 1278 1243
f 1278 1279 1243
f 1243 1279 1244
f 1279 1280 1244
f 1244 1280 1245
f 1280 1281 1245
f 1245 1281 1246
f 1281 1282 1246
f 1246 1282 1247
f 1282 1283 1247
f 1247 1283 1248
f 1283 1284 1248
f 1248 1284 1249
f 1284 1285 1249
f 1249 1285 1250
f 1285 1286 1250
f 1250 1286 1251
f 1286 1287 1251
f 1251 1287 1252
f 1287 1288 1252
f 1252 1288 1253
f 1288 1289 1253
f 1253 1289 1254
f 1289 1290 1254
f 1254 1290 1255
f 1290 1291 1255
f 1255 1291 1256
f 1291 1292 1256
f 1256 1292 1257
f 1292 1293 1257
f 1257 1293 1258
f 1293 1294 1258
f 1258 1294 1259
f 1294 1295 1259
f 1259 1295 1260
f 1295 1296 1260
f 1260 1296 1261
f 1296 1297 1261
f 1261 1297 1262
f 1297 1298 1262
f 1262 1298 1263
f 1298 1299 1263
f 1263 1299 1264
f 1299 67 1264
f 139 1300 1265
f 1300 1301 1265
f 1265 1301 1266
f 1301 1302 1266
f 1266 1302 1267
f 1302 1303 1267
f 1267 1303 1268
f 1303 1304 1268
f 1268 1304 1269
f 1304 1305 1269
f 1269 1305 1270
f 1305 1306 1270
f 1270 1306 1271
f 1306 1307 1271
f 1271 1307 1272
f 1307 1308 1272
f 1272 1308 1273
f 1308 1309 1273
f 1273 1309 1274
f 1309 1310 1274
f 1274 1310 1275
f 1310 1311 1275
f 1275 1311 1276
f 1311 1312 1276
f 1276 1312 1277
f 1312 1313 1277
f 1277 1313 1278
f 1313 1314 1278
f 1278 1314 1279
f 1314 1315 1279
f 1279 1315 1280
f 1315 1316 1280
f 1280 1316 1281
f 1316 1317 1281
f 1281 1317 1282
f 1317 1318 1282
f 1282 1318 1283
f 1318 1319 1283
f 1283 1319 1284
f 1319 1320 1284
f 1284 1320 1285
f 1320 1321 1285
f 1285 1321 1286
f 1321 1322 1286
f 1286 1322 1287
f 1322 1323 1287
f 1287 1323 1288
f 1323 1324 1288
f 1288 1324 1289
f 1324 1325 1289
f 1289 1325 1290
f 1325 1326 1290
f 1290 1326 1291
f 1326 1327 1291
f 1291 1327 1292
f 1327 1328 1292
f 1292 1328 1293
f 1328 1329 1293
f 1293 1329 1294
f 1329 1330 1294
f 1294 1330 1295
f 1330 1331 1295
f 1295 1331 1296
f 1331 1332 1296
f 1296 1332 1297
f 1332 1333 1297
f 1297 1333 1298
f 1333 1334 1298
f 1298 1334 1299
f 1334 67 1299
f 139 1335 1300
f 1335 1336 1300
f 1300 1336 1301
f 1336 1337 1301
f 1301 1337 1302
f 1337 1338 1302
f 1302 1338 1303
f 1338 1339 1303
f 1303 1339 1304
f 1339 1340 1304
f 1304 1340 1305
f 1340 1341 1305
f 1305 1341 1306
f 1341 1342 1306
f 1306 1342 1307
f 1342 1343 1307
f 1307 1343 1308
f 1343 1344 1308
f 1308 1344 1309
f 1344 1345 1309
f 1309 1345 1310
f 1345 1346 1310
f 1310 1346 1311
f 1346 1347 1311
f 1311 1347 1312
f 1347 1348 1312
f 1312 1348 1313
f 1348 1349 1313
f 1313 1349 1314
f 1349 1350 1314
f 1314 1350 1315
f 1350 1351 1315
f 1315 1351 1316
f 1351 1352 1316
f 1316 1352 1317
f 1352 1353 1317
f 1317 1353 1318
f 1353 1354 1318
f 1318 1354 1319
f 1354 1355 1319
f 1319 1355 1320
f 1355 1356 1320
f 1320 1356 1321
f 1356 1357 1321
f 1321 1357 1322
f 1357 1358 1322
f 1322 1358 1323
f 1358 1359 1323
f 1323 1359 1324
f 1359 1360 1324
f 1324 1360 1325
f 1360 1361 1325
f 1325 1361 1326
f 1361 1362 1326
f 1326 1362 1327
f 1362 1363 1327
f 1327 1363 1328
f 1363 1364 1328
f 1328 1364 1329
f 1364 1365 1329
f 1329 1365 1330
f 1365 1366 1330
f 1330 1366 1331
f 1366 1367 1331
f 1331 1367 1332
f 1367 1368 1332
f 1332 1368 1333
f 1368 1369 1333
f 1333 1369 1334
f 1369 67 1334
f 139 141 1335
f 141 143 1335
f 1335 143 1336
f 143 1 1336
f 1336 1 1337
f 1 3 1337
f 1337 3 1338
f 3 5 1338
f 1338 5 1339
f 5 7 1339
f 1339 7 1340
f 7 9 1340
f 1340 9 1341
f 9 11 1341
f 1341 11 1342
f 11 13 1342
f 1342 13 1343
f 13 15 1343
f 1343 15 1344
f 15 17 1344
f 1344 17 1345
f 17 19 1345
f 1345 19 1346
f 19 21 1346
f 1346 21 1347
f 21 23 1347
f 1347 23 1348
f 23 25 1348
f 1348 25 1349
f 25 27 1349
f 1349 27 1350
f 27 29 1350
f 1350 29 1351
f 29 31 1351
f 1351 31 1352
f 31 33 1352
f 1352 33 1353
f 33 35 1353
f 1353 35 1354
f 35 37 1354
f 1354 37 1355
f 37 39 1355
f 1355 39 1356
f 39 41 1356
f 1356 41 1357
f 41 43 1357
f 1357 43 1358
f 43 45 1358
f 1358 45 1359
f 45 47 1359
f 1359 47 1360
f 47 49 1360
f 1360 49 1361
f 49 51 1361
f 1361 51 1362
f 51 53 1362
f 1362 53 1363
f 53 55 1363
f 1363 55 1364
f 55 57 1364
f 1364 57 1365
f 57 59 1365
f 1365 59 1366
f 59 61 1366
f 1366 61 1367
f 61 63 1367
f 1367 63 1368
f 63 65 1368
f 1368 65 1369
f 65 67 1369
f 1370 142 140
f 1370 140 1371
f 1372 1371 140
f 1373 1372 140
f 1374 1373 140
f 1375 1374 140
f 1376 1375 140
f 1377 1376 140
f 1378 1377 140
f 1379 1378 140
f 1380 1379 140
f 1381 1380 140
f 1382 1381 140
f 1383 1382 140
f 1384 1383 140
f 1385 1384 140
f 1386 1385 140
f 1387 1386 140
f 1388 1387 140
f 1389 1388 140
f 1390 1389 140
f 1391 1390 140
f 1392 1391 140
f 1393 1392 140
f 1394 1393 140
f 1395 1394 140
f 1396 1395 140
f 1397 1396 140
f 1398 1397 140
f 1399 1398 140
f 1400 1399 140
f 1401 1400 140
f 1402 1401 140
f 1403 1402 140
f 1404 1403 140
f 138 1404 140
f 1405 1406 1407
f 68 66 1408
f 1407 1406 68
f 1409 68 1406
f 1409 1406 1410
f 1406 1405 1410
f 1410 1405 1411
f 1412 68 1409
f 1413 1414 1415
f 1414 1408 1415
f 1415 1408 1416
f 1408 66 1416
f 1416 66 64
f 1412 1409 1417
f 1409 1410 1417
f 1417 1410 1418
f 1410 1411 1418
f 1418 1411 1419
f 1420 68 1412
f 1421 1413 1422
f 1413 1415 1422
f 1422 1415 1423
f 1415 1416 1423
f 1423 1416 1424
f 1416 64 1424
f 1424 64 62
f 1420 1412 1425
f 1412 1417 1425
f 1425 1417 1426
f 1417 1418 1426
f 1426 1418 1427
f 1418 1419 1427
f 1427 1419 1428
f 1429 68 1420
f 1430 1421 1431
f 1421 1422 1431
f 1431 1422 1432
f 1422 1423 1432
f 1432 1423 1433
f 1423 1424 1433
f 1433 1424 1434
f 1424 62 1434
f 1434 62 60
f 1429 1420 1435
f 1420 1425 1435
f 1435 1425 1436
f 1425 1426 1436
f 1436 1426 1437
f 1426 1427 1437
f 1437 1427 1438
f 1427 1428 1438
f 1438 1428 1439
f 1440 68 1429
f 1441 1430 1442
f 1430 1431 1442
f 1442 1431 1443
f 1431 1432 1443
f 1443 1432 1444
f 1432 1433 1444
f 1444 1433 1445
f 1433 1434 1445
f 1445 1434 1446
f 1434 60 1446
f 1446 60 58
f 1440 1429 1447
f 1429 1435 1447
f 1447 1435 1448
f 1435 1436 1448
f 1448 1436 1449
f 1436 1437 1449
f 1449 1437 1450
f 1437 1438 1450
f 1450 1438 1451
f 1438 1439 1451
f 1451 1439 1452
f 1453 68 1440
f 1454 1441 1455
f 1441 1442 1455
f 1455 1442 1456
f 1442 1443 1456
f 1456 1443 1457
f 1443 1444 1457
f 1457 1444 1458
f 1444 1445 1458
f 1458 1445 1459
f 1445 1446 1459
f 1459 1446 1460
f 1446 58 1460
f 1460 58 56
f 1453 1440 1461
f 1440 1447 1461
f 1461 1447 1462
f 1447 1448 1462
f 1462 1448 1463
f 1448 1449 1463
f 1463 1449 1464
f 1449 1450 1464
f 1464 1450 1465
f 1450 1451 1465
f 1465 1451 1466
f 1451 1452 1466
f 1466 1452 1467
f 1468 68 1453
f 1469 1454 1470
f 1454 1455 1470
f 1470 1455 1471
f 1455 1456 1471
f 1471 1456 1472
f 1456 1457 1472
f 1472 1457 1473
f 1457 1458 1473
f 1473 1458 1474
f 1458 1459 1474
f 1474 1459 1475
f 1459 1460 1475
f 1475 1460 1476
f 1460 56 1476
f 1476 56 54
f 1468 1453 1477
f 1453 1461 1477
f 1477 1461 1478
f 1461 1462 1478
f 1478 1462 1479
f 1462 1463 1479
f 1479 1463 1480
f 1463 1464 1480
f 1480 1464 1481
f 1464 1465 1481
f 1481 1465 1482
f 1465 1466 1482
f 1482 1466 1483
f 1466 1467 1483
f 1483 1467 1484
f 1485 68 1468
f 1486 1469 1487
f 1469 1470 1487
f 1487 1470 1488
f 1470 1471 1488
f 1488 1471 1489
f 1471 1472 1489
f 1489 1472 1490
f 1472 1473 1490
f 1490 1473 1491
f 1473 1474 1491
f 1491 1474 1492
f 1474 1475 1492
f 1492 1475 1493
f 1475 1476 1493
f 1493 1476 1494
f 1476 54 1494
f 1494 54 52
f 1485 1468 1495
f 1468 1477 1495
f 1495 1477 1496
f 1477 1478 1496
f 1496 1478 1497
f 1478 1479 1497
f 1497 1479 1498
f 1479 1480 1498
f 1498 1480 1499
f 1480 1481 1499
f 1499 1481 1500
f 1481 1482 1500
f 1500 1482 1501
f 1482 1483 1501
f 1501 1483 1502
f 1483 1484 1502
f 1502 1484 1503
f 1504 68 1485
f 1505 1486 1506
f 1486 1487 1506
f 1506 1487 1507
f 1487 1488 1507
f 1507 1488 1508
f 1488 1489 1508
f 1508 1489 1509
f 1489 1490 1509
f 1509 1490 1510
f 1490 1491 1510
f 1510 1491 1511
f 1491 1492 1511
f 1511 1492 1512
f 1492 1493 1512
f 1512 1493 1513
f 1493 1494 1513
f 1513 1494 1514
f 1494 52 1514
f 1514 52 50
f 1504 1485 1515
f 1485 1495 1515
f 1515 1495 1516
f 1495 1496 1516
f 1516 1496 1517
f 1496 1497 1517
f 1517 1497 1518
f 1497 1498 1518
f 1518 1498 1519
f 1498 1499 1519
f 1519 1499 1520
f 1499 1500 1520
f 1520 1500 1521
f 1500 1501 1521
f 1521 1501 1522
f 1501 1502 1522
f 1522 1502 1523
f 1502 1503 1523
f 1523 1503 1524
f 1525 68 1504
f 1526 1505 1527
f 1505 1506 1527
f 1527 1506 1528
f 1506 1507 1528
f 1528 1507 1529
f 1507 1508 1529
f 1529 1508 1530
f 1508 1509 1530
f 1530 1509 1531
f 1509 1510 1531
f 1531 1510 1532
f 1510 1511 1532
f 1532 1511 1533
f 1511 1512 1533
f 1533 1512 1534
f 1512 1513 1534
f 1534 1513 1535
f 1513 1514 1535
f 1535 1514 1536
f 1514 50 1536
f 1536 50 48
f 1525 1504 1537
f 1504 1515 1537
f 1537 1515 1538
f 1515 1516 1538
f 1538 1516 1539
f 1516 1517 1539
f 1539 1517 1540
f 1517 1518 1540
f 1540 1518 1541
f 1518 1519 1541
f 1541 1519 1542
f 1519 1520 1542
f 1542 1520 1543
f 1520 1521 1543
f 1543 1521 1544
f 1521 1522 1544
f 1544 1522 1545
f 1522 1523 1545
f 1545 1523 1546
f 1523 1524 1546
f 1546 1524 1547
f 1548 68 1525
f 1549 1526 1550
f 1526 1527 1550
f 1550 1527 1551
f 1527 1528 1551
f 1551 1528 1552
f 1528 1529 1552
f 1552 1529 1553
f 1529 1530 1553
f 1553 1530 1554
f 1530 1531 1554
f 1554 1531 1555
f 1531 1532 1555
f 1555 1532 1556
f 1532 1533 1556
f 1556 1533 1557
f 1533 1534 1557
f 1557 1534 1558
f 1534 1535 1558
f 1558 1535 1559
f 1535 1536 1559
f 1559 1536 1560
f 1536 48 1560
f 1560 48 46
f 1548 1525 1561
f 1525 1537 1561
f 1561 1537 1562
f 1537 1538 1562
f 1562 1538 1563
f 1538 1539 1563
f 1563 1539 1564
f 1539 1540 1564
f 1564 1540 1565
f 1540 1541 1565
f 1565 1541 1566
f 1541 1542 1566
f 1566 1542 1567
f 1542 1543 1567
f 1567 1543 1568
f 1543 1544 1568
f 1568 1544 1569
f 1544 1545 1569
f 1569 1545 1570
f 1545 1546 1570
f 1570 1546 1571
f 1546 1547 1571
f 1571 1547 1572
f 1573 68 1548
f 1574 1549 1575
f 1549 1550 1575
f 1575 1550 1576
f 1550 1551 1576
f 1576 1551 1577
f 1551 1552 1577
f 1577 1552 1578
f 1552 1553 1578
f 1578 1553 1579
f 1553 1554 1579
f 1579 1554 1580
f 1554 1555 1580
f 1580 1555 1581
f 1555 1556 1581
f 1581 1556 1582
f 1556 1557 1582
f 1582 1557 1583
f 1557 1558 1583
f 1583 1558 1584
f 1558 1559 1584
f 1584 1559 1585
f 1559 1560 1585
f 1585 1560 1586
f 1560 46 1586
f 1586 46 44
f 1573 1548 1587
f 1548 1561 1587
f 1587 1561 1588
f 1561 1562 1588
f 1588 1562 1589
f 1562 1563 1589
f 1589 1563 1590
f 1563 1564 1590
f 1590 1564 1591
f 1564 1565 1591
f 1591 1565 1592
f 1565 1566 1592
f 1592 1566 1593
f 1566 1567 1593
f 1593 1567 1594
f 1567 1568 1594
f 1594 1568 1595
f 1568 1569 1595
f 1595 1569 1596
f 1569 1570 1596
f 1596 1570 1597
f 1570 1571 1597
f 1597 1571 1598
f 1571 1572 1598
f 1598 1572 1599
f 1600 68 1573
f 1601 1574 1602
f 1574 1575 1602
f 1602 1575 1603
f 1575 1576 1603
f 1603 1576 1604
f 1576 1577 1604
f 1604 1577 1605
f 1577 1578 1605
f 1605 1578 1606
f 1578 1579 1606
f 1606 1579 1607
f 1579 1580 1607
f 1607 1580 1608
f 1580 1581 1608
f 1608 1581 1609
f 1581 1582 1609
f 1609 1582 1610
f 1582 1583 1610
f 1610 1583 1611
f 1583 1584 1611
f 1611 1584 1612
f 1584 1585 1612
f 1612 1585 1613
f 1585 1586 1613
f 1613 1586 1614
f 1586 44 1614
f 1614 44 42
f 1600 1573 1615
f 1573 1587 1615
f 1615 1587 1616
f 1587 1588 1616
f 1616 1588 1617
f 1588 1589 1617
f 1617 1589 1618
f 1589 1590 1618
f 1618 1590 1619
f 1590 1591 1619
f 1619 1591 1620
f 1591 1592 1620
f 1620 1592 1621
f 1592 1593 1621
f 1621 1593 1622
f 1593 1594 1622
f 1622 1594 1623
f 1594 1595 1623
f 1623 1595 1624
f 1595 1596 1624
f 1624 1596 1625
f 1596 1597 1625
f 1625 1597 1626
f 1597 1598 1626
f 1626 1598 1627
f 1598 1599 1627
f 1627 1599 1628
f 1629 68 1600
f 1630 1601 1631
f 1601 1602 1631
f 1631 1602 1632
f 1602 1603 1632
f 1632 1603 1633
f 1603 1604 1633
f 1633 1604 1634
f 1604 1605 1634
f 1634 1605 1635
f 1605 1606 1635
f 1635 1606 1636
f 1606 1607 1636
f 1636 1607 1637
f 1607 1608 1637
f 1637 1608 1638
f 1608 1609 1638
f 1638 1609 1639
f 1609 1610 1639
f 1639 1610 1640
f 1610 1611 1640
f 1640 1611 1641
f 1611 1612 1641
f 1641 1612 1642
f 1612 1613 1642
f 1642 1613 1643
f 1613 1614 1643
f 1643 1614 1644
f 1614 42 1644
f 1644 42 40
f 1629 1600 1645
f 1600 1615 1645
f 1645 1615 1646
f 1615 1616 1646
f 1646 1616 1647
f 1616 1617 1647
f 1647 1617 1648
f 1617 1618 1648
f 1648 1618 1649
f 1618 1619 1649
f 1649 1619 1650
f 1619 1620 1650
f 1650 1620 1651
f 1620 1621 1651
f 1651 1621 1652
f 1621 1622 1652
f 1652 1622 1653
f 1622 1623 1653
f 1653 1623 1654
f 1623 1624 1654
f 1654 1624 1655
f 1624 1625 1655
f 1655 1625 1656
f 1625 1626 1656
f 1656 1626 1657
f 1626 1627 1657
f 1657 1627 1658
f 1627 1628 1658
f 1658 1628 1659
f 1660 68 1629
f 1661 1630 1662
f 1630 1631 1662
f 1662 1631 1663
f 1631 1632 1663
f 1663 1632 1664
f 1632 1633 1664
f 1664 1633 1665
f 1633 1634 1665
f 1665 1634 1666
f 1634 1635 1666
f 1666 1635 1667
f 1635 1636 1667
f 1667 1636 1668
f 1636 1637 1668
f 1668 1637 1669
f 1637 1638 1669
f 1669 1638 1670
f 1638 1639 1670
f 1670 1639 1671
f 1639 1640 1671
f 1671 1640 1672
f 1640 1641 1672
f 1672 1641 1673
f 1641 1642 1673
f 1673 1642 1674
f 1642 1643 1674
f 1674 1643 1675
f 1643 1644 1675
f 1675 1644 1676
f 1644 40 1676
f 1676 40 38
f 1660 1629 1677
f 1629 1645 1677
f 1677 1645 1678
f 1645 1646 1678
f 1678 1646 1679
f 1646 1647 1679
f 1679 1647 1680
f 1647 1648 1680
f 1680 1648 1681
f 1648 1649 1681
f 1681 1649 1682
f 1649 1650 1682
f 1682 1650 1683
f 1650 1651 1683
f 1683 1651 1684
f 1651 1652 1684
f 1684 1652 1685
f 1652 1653 1685
f 1685 1653 1686
f 1653 1654 1686
f 1686 1654 1687
f 1654 1655 1687
f 1687 1655 1688
f 1655 1656 1688
f 1688 1656 1689
f 1656 1657 1689
f 1689 1657 1690
f 1657 1658 1690
f 1690 1658 1691
f 1658 1659 1691
f 1691 1659 1692
f 1693 68 1660
f 1694 1661 1695
f 1661 1662 1695
f 1695 1662 1696
f 1662 1663 1696
f 1696 1663 1697
f 1663 1664 1697
f 1697 1664 1698
f 1664 1665 1698
f 1698 1665 1699
f 1665 1666 1699
f 1699 1666 1700
f 1666 1667 1700
f 1700 1667 1701
f 1667 1668 1701
f 1701 1668 1702
f 1668 1669 1702
f 1702 1669 1703
f 1669 1670 1703
f 1703 1670 1704
f 1670 1671 1704
f 1704 1671 1705
f 1671 1672 1705
f 1705 1672 1706
f 1672 1673 1706
f 1706 1673 1707
f 1673 1674 1707
f 1707 1674 1708
f 1674 1675 1708
f 1708 1675 1709
f 1675 1676 1709
f 1709 1676 1710
f 1676 38 1710
f 1710 38 36
f 1693 1660 1711
f 1660 1677 1711
f 1711 1677 1712
f 1677 1678 1712
f 1712 1678 1713
f 1678 1679 1713
f 1713 1679 1714
f 1679 1680 1714
f 1714 1680 1715
f 1680 1681 1715
f 1715 1681 1716
f 1681 1682 1716
f 1716 1682 1717
f 1682 1683 1717
f 1717 1683 1718
f 1683 1684 1718
f 1718 1684 1719
f 1684 1685 1719
f 1719 1685 1720
f 1685 1686 1720
f 1720 1686 1721
f 1686 1687 1721
f 1721 1687 1722
f 1687 1688 1722
f 1722 1688 1723
f 1688 1689 1723
f 1723 1689 1724
f 1689 1690 1724
f 1724 1690 1725
f 1690 1691 1725
f 1725 1691 1726
f 1691 1692 1726
f 1726 1692 1727
f 1728 68 1693
f 1729 1694 1730
f 1694 1695 1730
f 1730 1695 1731
f 1695 1696 1731
f 1731 1696 1732
f 1696 1697 1732
f 1732 1697 1733
f 1697 1698 1733
f 1733 1698 1734
f 1698 1699 1734
f 1734 1699 1735
f 1699 1700 1735
f 1735 1700 1736
f 1700 1701 1736
f 1736 1701 1737
f 1701 1702 1737
f 1737 1702 1738
f 1702 1703 1738
f 1738 1703 1739
f 1703 1704 1739
f 1739 1704 1740
f 1704 1705 1740
f 1740 1705 1741
f 1705 1706 1741
f 1741 1706 1742
f 1706 1707 1742
f 1742 1707 1743
f 1707 1708 1743
f 1743 1708 1744
f 1708 1709 1744
f 1744 1709 1745
f 1709 1710 1745
f 1745 1710 1746
f 1710 36 1746
f 1746 36 34
f 1728 1693 1747
f 1693 1711 1747
f 1747 1711 1748
f 1711 1712 1748
f 1748 1712 1749
f 1712 1713 1749
f 1749 1713 1750
f 1713 1714 1750
f 1750 1714 1751
f 1714 1715 1751
f 1751 1715 1752
f 1715 1716 1752
f 1752 1716 1753
f 1716 1717 1753
f 1753 1717 1754
f 1717 1718 1754
f 1754 1718 1755
f 1718 1719 1755
f 1755 1719 1756
f 1719 1720 1756
f 1756 1720 1757
f 1720 1721 1757
f 1757 1721 1758
f 1721 1722 1758
f 1758 1722 1759
f 1722 1723 1759
f 1759 1723 1760
f 1723 1724 1760
f 1760 1724 1761
f 1724 1725 1761
f 1761 1725 1762
f 1725 1726 1762
f 1762 1726 1763
f 1726 1727 1763
f 1763 1727 1764
f 1765 68 1728
f 1766 1729 1767
f 1729 1730 1767
f 1767 1730 1768
f 1730 1731 1768
f 1768 1731 1769
f 1731 1732 1769
f 1769 1732 1770
f 1732 1733 1770
f 1770 1733 1771
f 1733 1734 1771
f 1771 1734 1772
f 1734 1735 1772
f 1772 1735 1773
f 1735 1736 1773
f 1773 1736 1774
f 1736 1737 1774
f 1774 1737 1775
f 1737 1738 1775
f 1775 1738 1776
f 1738 1739 1776
f 1776 1739 1777
f 1739 1740 1777
f 1777 1740 1778
f 1740 1741 1778
f 1778 1741 1779
f 1741 1742 1779
f 1779 1742 1780
f 1742 1743 1780
f 1780 1743 1781
f 1743 1744 1781
f 1781 1744 1782
f 1744 1745 1782
f 1782 1745 1783
f 1745 1746 1783
f 1783 1746 1784
f 1746 34 1784
f 1784 34 32
f 1765 1728 1785
f 1728 1747 1785
f 1785 1747 1786
f 1747 1748 1786
f 1786 1748 1787
f 1748 1749 1787
f 1787 1749 1788
f 1749 1750 1788
f 1788 1750 1789
f 1750 1751 1789
f 1789 1751 1790
f 1751 1752 1790
f 1790 1752 1791
f 1752 1753 1791
f 1791 1753 1792
f 1753 1754 1792
f 1792 1754 1793
f 1754 1755 1793
f 1793 1755 1794
f 1755 1756 1794
f 1794 1756 1795
f 1756 1757 1795
f 1795 1757 1796
f 1757 1758 1796
f 1796 1758 1797
f 1758 1759 1797
f 1797 1759 1798
f 1759 1760 1798
f 1798 1760 1799
f 1760 1761 1799
f 1799 1761 1800
f 1761 1762 1800
f 1800 1762 1801
f 1762 1763 1801
f 1801 1763 1802
f 1763 1764 1802
f 1802 1764 1803
f 1804 68 1765
f 1805 1766 1806
f 1766 1767 1806
f 1806 1767 1807
f 1767 1768 1807
f 1807 1768 1808
f 1768 1769 1808
f 1808 1769 1809
f 1769 1770 1809
f 1809 1770 1810
f 1770 1771 1810
f 1810 1771 1811
f 1771 1772 1811
f 1811 1772 1812
f 1772 1773 1812
f 1812 1773 1813
f 1773 1774 1813
f 1813 1774 1814
f 1774 1775 1814
f 1814 1775 1815
f 1775 1776 1815
f 1815 1776 1816
f 1776 1777 1816
f 1816 1777 1817
f 1777 1778 1817
f 1817 1778 1818
f 1778 1779 1818
f 1818 1779 1819
f 1779 1780 1819
f 1819 1780 1820
f 1780 1781 1820
f 1820 1781 1821
f 1781 1782 1821
f 1821 1782 1822
f 1782 1783 1822
f 1822 1783 1823
f 1783 1784 1823
f 1823 1784 1824
f 1784 32 1824
f 1824 32 30
f 1804 1765 1825
f 1765 1785 1825
f 1825 1785 1826
f 1785 1786 1826
f 1826 1786 1827
f 1786 1787 1827
f 1827 1787 1828
f 1787 1788 1828
f 1828 1788 1829
f 1788 1789 1829
f 1829 1789 1830
f 1789 1790 1830
f 1830 1790 1831
f 1790 1791 1831
f 1831 1791 1832
f 1791 1792 1832
f 1832 1792 1833
f 1792 1793 1833
f 1833 1793 1834
f 1793 1794 1834
f 1834 1794 1835
f 1794 1795 1835
f 1835 1795 1836
f 1795 1796 1836
f 1836 1796 1837
f 1796 1797 1837
f 1837 1797 1838
f 1797 1798 1838
f 1838 1798 1839
f 1798 1799 1839
f 1839 1799 1840
f 1799 1800 1840
f 1840 1800 1841
f 1800 1801 1841
f 1841 1801 1842
f 1801 1802 1842
f 1842 1802 1843
f 1802 1803 1843
f 1843 1803 1844
f 1845 68 1804
f 1846 1805 1847
f 1805 1806 1847
f 1847 1806 1848
f 1806 1807 1848
f 1848 1807 1849
f 1807 1808 1849
f 1849 1808 1850
f 1808 1809 1850
f 1850 1809 1851
f 1809 1810 1851
f 1851 1810 1852
f 1810 1811 1852
f 1852 1811 1853
f 1811 1812 1853
f 1853 1812 1854
f 1812 1813 1854
f 1854 1813 1855
f 1813 1814 1855
f 1855 1814 1856
f 1814 1815 1856
f 1856 1815 1857
f 1815 1816 1857
f 1857 1816 1858
f 1816 1817 1858
f 1858 1817 1859
f 1817 1818 1859
f 1859 1818 1860
f 1818 1819 1860
f 1860 1819 1861
f 1819 1820 1861
f 1861 1820 1862
f 1820 1821 1862
f 1862 1821 1863
f 1821 1822 1863
f 1863 1822 1864
f 1822 1823 1864
f 1864 1823 1865
f 1823 1824 1865
f 1865 1824 1866
f 1824 30 1866
f 1866 30 28
f 1845 1804 1867
f 1804 1825 1867
f 1867 1825 1868
f 1825 1826 1868
f 1868 1826 1869
f 1826 1827 1869
f 1869 1827 1870
f 1827 1828 1870
f 1870 1828 1871
f 1828 1829 1871
f 1871 1829 1872
f 1829 1830 1872
f 1872 1830 1873
f 1830 1831 1873
f 1873 1831 1874
f 1831 1832 1874
f 1874 1832 1875
f 1832 1833 1875
f 1875 1833 1876
f 1833 1834 1876
f 1876 1834 1877
f 1834 1835 1877
f 1877 1835 1878
f 1835 1836 1878
f 1878 1836 1879
f 1836 1837 1879
f 1879 1837 1880
f 1837 1838 1880
f 1880 1838 1881
f 1838 1839 1881
f 1881 1839 1882
f 1839 1840 1882
f 1882 1840 1883
f 1840 1841 1883
f 1883 1841 1884
f 1841 1842 1884
f 1884 1842 1885
f 1842 1843 1885
f 1885 1843 1886
f 1843 1844 1886
f 1886 1844 1887
f 1888 68 1845
f 1889 1846 1890
f 1846 1847 1890
f 1890 1847 1891
f 1847 1848 1891
f 1891 1848 1892
f 1848 1849 1892
f 1892 1849 1893
f 1849 1850 1893
f 1893 1850 1894
f 1850 1851 1894
f 1894 1851 1895
f 1851 1852 1895
f 1895 1852 1896
f 1852 1853 1896
f 1896 1853 1897
f 1853 1854 1897
f 1897 1854 1898
f 1854 1855 1898
f 1898 1855 1899
f 1855 1856 1899
f 1899 1856 1900
f 1856 1857 1900
f 1900 1857 1901
f 1857 1858 1901
f 1901 1858 1902
f 1858 1859 1902
f 1902 1859 1903
f 1859 1860 1903
f 1903 1860 1904
f 1860 1861 1904
f 1904 1861 1905
f 1861 1862 1905
f 1905 1862 1906
f 1862 1863 1906
f 1906 1863 1907
f 1863 1864 1907
f 1907 1864 1908
f 1864 1865 1908
f 1908 1865 1909
f 1865 1866 1909
f 1909 1866 1910
f 1866 28 1910
f 1910 28 26
f 1888 1845 1911
f 1845 1867 1911
f 1911 1867 1912
f 1867 1868 1912
f 1912 1868 1913
f 1868 1869 1913
f 1913 1869 1914
f 1869 1870 1914
f 1914 1870 1915
f 1870 1871 1915
f 1915 1871 1916
f 1871 1872 1916
f 1916 1872 1917
f 1872 1873 1917
f 1917 1873 1918
f 1873 1874 1918
f 1918 1874 1919
f 1874 1875 1919
f 1919 1875 1920
f 1875 1876 1920
f 1920 1876 1921
f 1876 1877 1921
f 1921 1877 1922
f 1877 1878 1922
f 1922 1878 1923
f 1878 1879 1923
f 1923 1879 1924
f 1879 1880 1924
f 1924 1880 1925
f 1880 1881 1925
f 1925 1881 1926
f 1881 1882 1926
f 1926 1882 1927
f 1882 1883 1927
f 1927 1883 1928
f 1883 1884 1928
f 1928 1884 1929
f 1884 1885 1929
f 1929 1885 1930
f 1885 1886 1930
f 1930 1886 1931
f 1886 1887 1931
f 1931 1887 1932
f 1933 68 1888
f 1934 1889 1935
f 1889 1890 1935
f 1935 1890 1936
f 1890 1891 1936
f 1936 1891 1937
f 1891 1892 1937
f 1937 1892 1938
f 1892 1893 1938
f 1938 1893 1939
f 1893 1894 1939
f 1939 1894 1940
f 1894 1895 1940
f 1940 1895 1941
f 1895 1896 1941
f 1941 1896 1942
f 1896 1897 1942
f 1942 1897 1943
f 1897 1898 1943
f 1943 1898 1944
f 1898 1899 1944
f 1944 1899 1945
f 1899 1900 1945
f 1945 1900 1946
f 1900 1901 1946
f 1946 1901 1947
f 1901 1902 1947
f 1947 1902 1948
f 1902 1903 1948
f 1948 1903 1949
f 1903 1904 1949
f 1949 1904 1950
f 1904 1905 1950
f 1950 1905 1951
f 1905 1906 1951
f 1951 1906 1952
f 1906 1907 1952
f 1952 1907 1953
f 1907 1908 1953
f 1953 1908 1954
f 1908 1909 1954
f 1954 1909 1955
f 1909 1910 1955
f 1955 1910 1956
f 1910 26 1956
f 1956 26 24
f 1933 1888 1957
f 1888 1911 1957
f 1957 1911 1958
f 1911 1912 1958
f 1958 1912 1959
f 1912 1913 1959
f 1959 1913 1960
f 1913 1914 1960
f 1960 1914 1961
f 1914 1915 1961
f 1961 1915 1962
f 1915 1916 1962
f 1962 1916 1963
f 1916 1917 1963
f 1963 1917 1964
f 1917 1918 1964
f 1964 1918 1965
f 1918 1919 1965
f 1965 1919 1966
f 1919 1920 1966
f 1966 1920 1967
f 1920 1921 1967
f 1967 1921 1968
f 1921 1922 1968
f 1968 1922 1969
f 1922 1923 1969
f 1969 1923 1970
f 1923 1924 1970
f 1970 1924 1971
f 1924 1925 1971
f 1971 1925 1972
f 1925 1926 1972
f 1972 1926 1973
f 1926 1927 1973
f 1973 1927 1974
f 1927 1928 1974
f 1974 1928 1975
f 1928 1929 1975
f 1975 1929 1976
f 1929 1930 1976
f 1976 1930 1977
f 1930 1931 1977
f 1977 1931 1978
f 1931 1932 1978
f 1978 1932 1979
f 1980 68 1933
f 1981 1934 1982
f 1934 1935 1982
f 1982 1935 1983
f 1935 1936 1983
f 1983 1936 1984
f 1936 1937 1984
f 1984 1937 1985
f 1937 1938 1985
f 1985 1938 1986
f 1938 1939 1986
f 1986 1939 1987
f 1939 1940 1987
f 1987 1940 1988
f 1940 1941 1988
f 1988 1941 1989
f 1941 1942 1989
f 1989 1942 1990
f 1942 1943 1990
f 1990 1943 1991
f 1943 1944 1991
f 1991 1944 1992
f 1944 1945 1992
f 1992 1945 1993
f 1945 1946 1993
f 1993 1946 1994
f 1946 1947 1994
f 1994 1947 1995
f 1947 1948 1995
f 1995 1948 1996
f 1948 1949 1996
f 1996 1949 1997
f 1949 1950 1997
f 1997 1950 1998
f 1950 1951 1998
f 1998 1951 1999
f 1951 1952 1999
f 1999 1952 2000
f 1952 1953 2000
f 2000 1953 2001
f 1953 1954 2001
f 2001 1954 2002
f 1954 1955 2002
f 2002 1955 2003
f 1955 1956 2003
f 2003 1956 2004
f 1956 24 2004
f 2004 24 22
f 1980 1933 2005
f 1933 1957 2005
f 2005 1957 2006
f 1957 1958 2006
f 2006 1958 2007
f 1958 1959 2007
f 2007 1959 2008
f 1959 1960 2008
f 2008 1960 2009
f 1960 1961 2009
f 2009 1961 2010
f 1961 1962 2010
f 2010 1962 2011
f 1962 1963 2011
f 2011 1963 2012
f 1963 1964 2012
f 2012 1964 2013
f 1964 1965 2013
f 2013 1965 2014
f 1965 1966 2014
f 2014 1966 2015
f 1966 1967 2015
f 2015 1967 2016
f 1967 1968 2016
f 2016 1968 2017
f 1968 1969 2017
f 2017 1969 2018
f 1969 1970 2018
f 2018 1970 2019
f 1970 1971 2019
f 2019 1971 2020
f 1971 1972 2020
f 2020 1972 2021
f 1972 1973 2021
f 2021 1973 2022
f 1973 1974 2022
f 2022 1974 2023
f 1974 1975 2023
f 2023 1975 2024
f 1975 1976 2024
f 2024 1976 2025
f 1976 1977 2025
f 2025 1977 2026
f 1977 1978 2026
f 2026 1978 2027
f 1978 1979 2027
f 2027 1979 2028
f 2029 68 1980
f 2030 1981 2031
f 1981 1982 2031
f 2031 1982 2032
f 1982 1983 2032
f 2032 1983 2033
f 1983 1984 2033
f 2033 1984 2034
f 1984 1985 2034
f 2034 1985 2035
f 1985 1986 2035
f 2035 1986 2036
f 1986 1987 2036
f 2036 1987 2037
f 1987 1988 2037
f 2037 1988 2038
f 1988 1989 2038
f 2038 1989 2039
f 1989 1990 2039
f 2039 1990 2040
f 1990 1991 2040
f 2040 1991 2041
f 1991 1992 2041
f 2041 1992 2042
f 1992 1993 2042
f 2042 1993 2043
f 1993 1994 2043
f 2043 1994 2044
f 1994 1995 2044
f 2044 1995 2045
f 1995 1996 2045
f 2045 1996 2046
f 1996 1997 2046
f 2046 1997 2047
f 1997 1998 2047
f 2047 1998 2048
f 1998 1999 2048
f 2048 1999 2049
f 1999 2000 2049
f 2049 2000 2050
f 2000 2001 2050
f 2050 2001 2051
f 2001 2002 2051
f 2051 2002 2052
f 2002 2003 2052
f 2052 2003 2053
f 2003 2004 2053
f 2053 2004 2054
f 2004 22 2054
f 2054 22 20
f 2029 1980 2055
f 1980 2005 2055
f 2055 2005 2056
f 2005 2006 2056
f 2056 2006 2057
f 2006 2007 2057
f 2057 2007 2058
f 2007 2008 2058
f 2058 2008 2059
f 2008 2009 2059
f 2059 2009 2060
f 2009 2010 2060
f 2060 2010 2061
f 2010 2011 2061
f 2061 2011 2062
f 2011 2012 2062
f 2062 2012 2063
f 2012 2013 2063
f 2063 2013 2064
f 2013 2014 2064
f 2064 2014 2065
f 2014 2015 2065
f 2065 2015 2066
f 2015 2016 2066
f 2066 2016 2067
f 2016 2017 2067
f 2067 2017 2068
f 2017 2018 2068
f 2068 2018 2069
f 2018 2019 2069
f 2069 2019 2070
f 2019 2020 2070
f 2070 2020 2071
f 2020 2021 2071
f 2071 2021 2072
f 2021 2022 2072
f 2072 2022 2073
f 2022 2023 2073
f 2073 2023 2074
f 2023 2024 2074
f 2074 2024 2075
f 2024 2025 2075
f 2075 2025 2076
f 2025 2026 2076
f 2076 2026 2077
f 2026 2027 2077
f 2077 2027 2078
f 2027 2028 2078
f 2078 2028 2079
f 2080 68 2029
f 2081 2030 2082
f 2030 2031 2082
f 2082 2031 2083
f 2031 2032 2083
f 2083 2032 2084
f 2032 2033 2084
f 2084 2033 2085
f 2033 2034 2085
f 2085 2034 2086
f 2034 2035 2086
f 2086 2035 2087
f 2035 2036 2087
f 2087 2036 2088
f 2036 2037 2088
f 2088 2037 2089
f 2037 2038 2089
f 2089 2038 2090
f 2038 2039 2090
f 2090 2039 2091
f 2039 2040 2091
f 2091 2040 2092
f 2040 2041 2092
f 2092 2041 2093
f 2041 2042 2093
f 2093 2042 2094
f 2042 2043 2094
f 2094 2043 2095
f 2043 2044 2095
f 2095 2044 2096
f 2044 2045 2096
f 2096 2045 2097
f 2045 2046 2097
f 2097 2046 2098
f 2046 2047 2098
f 2098 2047 2099
f 2047 2048 2099
f 2099 2048 2100
f 2048 2049 2100
f 2100 2049 2101
f 2049 2050 2101
f 2101 2050 2102
f 2050 2051 2102
f 2102 2051 2103
f 2051 2052 2103
f 2103 2052 2104
f 2052 2053 2104
f 2104 2053 2105
f 2053 2054 2105
f 2105 2054 2106
f 2054 20 2106
f 2106 20 18
f 2080 2029 2107
f 2029 2055 2107
f 2107 2055 2108
f 2055 2056 2108
f 2108 2056 2109
f 2056 2057 2109
f 2109 2057 2110
f 2057 2058 2110
f 2110 2058 2111
f 2058 2059 2111
f 2111 2059 2112
f 2059 2060 2112
f 2112 2060 2113
f 2060 2061 2113
f 2113 2061 2114
f 2061 2062 2114
f 2114 2062 2115
f 2062 2063 2115
f 2115 2063 2116
f 2063 2064 2116
f 2116 2064 2117
f 2064 2065 2117
f 2117 2065 2118
f 2065 2066 2118
f 2118 2066 2119
f 2066 2067 2119
f 2119 2067 2120
f 2067 2068 2120
f 2120 2068 2121
f 2068 2069 2121
f 2121 2069 2122
f 2069 2070 2122
f 2122 2070 2123
f 2070 2071 2123
f 2123 2071 2124
f 2071 2072 2124
f 2124 2072 2125
f 2072 2073 2125
f 2125 2073 2126
f 2073 2074 2126
f 2126 2074 2127
f 2074 2075 2127
f 2127 2075 2128
f 2075 2076 2128
f 2128 2076 2129
f 2076 2077 2129
f 2129 2077 2130
f 2077 2078 2130
f 2130 2078 2131
f 2078 2079 2131
f 2131 2079 2132
f 2133 68 2080
f 2134 2081 2135
f 2081 2082 2135
f 2135 2082 2136
f 2082 2083 2136
f 2136 2083 2137
f 2083 2084 2137
f 2137 2084 2138
f 2084 2085 2138
f 2138 2085 2139
f 2085 2086 2139
f 2139 2086 2140
f 2086 2087 2140
f 2140 2087 2141
f 2087 2088 2141
f 2141 2088 2142
f 2088 2089 2142
f 2142 2089 2143
f 2089 2090 2143
f 2143 2090 2144
f 2090 2091 2144
f 2144 2091 2145
f 2091 2092 2145
f 2145 2092 2146
f 2092 2093 2146
f 2146 2093 2147
f 2093 2094 2147
f 2147 2094 2148
f 2094 2095 2148
f 2148 2095 2149
f 2095 2096 2149
f 2149 2096 2150
f 2096 2097 2150
f 2150 2097 2151
f 2097 2098 2151
f 2151 2098 2152
f 2098 2099 2152
f 2152 2099 2153
f 2099 2100 2153
f 2153 2100 2154
f 2100 2101 2154
f 2154 2101 2155
f 2101 2102 2155
f 2155 2102 2156
f 2102 2103 2156
f 2156 2103 2157
f 2103 2104 2157
f 2157 2104 2158
f 2104 2105 2158
f 2158 2105 2159
f 2105 2106 2159
f 2159 2106 2160
f 2106 18 2160
f 2160 18 16
f 2133 2080 2161
f 2080 2107 2161
f 2161 2107 2162
f 2107 2108 2162
f 2162 2108 2163
f 2108 2109 2163
f 2163 2109 2164
f 2109 2110 2164
f 2164 2110 2165
f 2110 2111 2165
f 2165 2111 2166
f 2111 2112 2166
f 2166 2112 2167
f 2112 2113 2167
f 2167 2113 2168
f 2113 2114 2168
f 2168 2114 2169
f 2114 2115 2169
f 2169 2115 2170
f 2115 2116 2170
f 2170 2116 2171
f 2116 2117 2171
f 2171 2117 2172
f 2117 2118 2172
f 2172 2118 2173
f 2118 2119 2173
f 2173 2119 2174
f 2119 2120 2174
f 2174 2120 2175
f 2120 2121 2175
f 2175 2121 2176
f 2121 2122 2176
f 2176 2122 2177
f 2122 2123 2177
f 2177 2123 2178
f 2123 2124 2178
f 2178 2124 2179
f 2124 2125 2179
f 2179 2125 2180
f 2125 2126 2180
f 2180 2126 2181
f 2126 2127 2181
f 2181 2127 2182
f 2127 2128 2182
f 2182 2128 2183
f 2128 2129 2183
f 2183 2129 2184
f 2129 2130 2184
f 2184 2130 2185
f 2130 2131 2185
f 2185 2131 2186
f 2131 2132 2186
f 2186 2132 2187
f 2188 68 2133
f 2189 2134 2190
f 2134 2135 2190
f 2190 2135 2191
f 2135 2136 2191
f 2191 2136 2192
f 2136 2137 2192
f 2192 2137 2193
f 2137 2138 2193
f 2193 2138 2194
f 2138 2139 2194
f 2194 2139 2195
f 2139 2140 2195
f 2195 2140 2196
f 2140 2141 2196
f 2196 2141 2197
f 2141 2142 2197
f 2197 2142 2198
f 2142 2143 2198
f 2198 2143 2199
f 2143 2144 2199
f 2199 2144 2200
f 2144 2145 2200
f 2200 2145 2201
f 2145 2146 2201
f 2201 2146 2202
f 2146 2147 2202
f 2202 2147 2203
f 2147 2148 2203
f 2203 2148 2204
f 2148 2149 2204
f 2204 2149 2205
f 2149 2150 2205
f 2205 2150 2206
f 2150 2151 2206
f 2206 2151 2207
f 2151 2152 2207
f 2207 2152 2208
f 2152 2153 2208
f 2208 2153 2209
f 2153 2154 2209
f 2209 2154 2210
f 2154 2155 2210
f 2210 2155 2211
f 2155 2156 2211
f 2211 2156 2212
f 2156 2157 2212
f 2212 2157 2213
f 2157 2158 2213
f 2213 2158 2214
f 2158 2159 2214
f 2214 2159 2215
f 2159 2160 2215
f 2215 2160 2216
f 2160 16 2216
f 2216 16 14
f 2188 2133 2217
f 2133 2161 2217
f 2217 2161 2218
f 2161 2162 2218
f 2218 2162 2219
f 2162 2163 2219
f 2219 2163 2220
f 2163 2164 2220
f 2220 2164 2221
f 2164 2165 2221
f 2221 2165 2222
f 2165 2166 2222
f 2222 2166 2223
f 2166 2167 2223
f 2223 2167 2224
f 2167 2168 2224
f 2224 2168 2225
f 2168 2169 2225
f 2225 2169 2226
f 2169 2170 2226
f 2226 2170 2227
f 2170 2171 2227
f 2227 2171 2228
f 2171 2172 2228
f 2228 2172 2229
f 2172 2173 2229
f 2229 2173 2230
f 2173 2174 2230
f 2230 2174 2231
f 2174 2175 2231
f 2231 2175 2232
f 2175 2176 2232
f 2232 2176 2233
f 2176 2177 2233
f 2233 2177 2234
f 2177 2178 2234
f 2234 2178 2235
f 2178 2179 2235
f 2235 2179 2236
f 2179 2180 2236
f 2236 2180 2237
f 2180 2181 2237
f 2237 2181 2238
f 2181 2182 2238
f 2238 2182 2239
f 2182 2183 2239
f 2239 2183 2240
f 2183 2184 2240
f 2240 2184 2241
f 2184 2185 2241
f 2241 2185 2242
f 2185 2186 2242
f 2242 2186 2243
f 2186 2187 2243
f 2243 2187 2244
f 2245 68 2188
f 2246 2189 2247
f 2189 2190 2247
f 2247 2190 2248
f 2190 2191 2248
f 2248 2191 2249
f 2191 2192 2249
f 2249 2192 2250
f 2192 2193 2250
f 2250 2193 2251
f 2193 2194 2251
f 2251 2194 2252
f 2194 2195 2252
f 2252 2195 2253
f 2195 2196 2253
f 2253 2196 2254
f 2196 2197 2254
f 2254 2197 2255
f 2197 2198 2255
f 2255 2198 2256
f 2198 2199 2256
f 2256 2199 2257
f 2199 2200 2257
f 2257 2200 2258
f 2200 2201 2258
f 2258 2201 2259
f 2201 2202 2259
f 2259 2202 2260
f 2202 2203 2260
f 2260 2203 2261
f 2203 2204 2261
f 2261 2204 2262
f 2204 2205 2262
f 2262 2205 2263
f 2205 2206 2263
f 2263 2206 2264
f 2206 2207 2264
f 2264 2207 2265
f 2207 2208 2265
f 2265 2208 2266
f 2208 2209 2266
f 2266 2209 2267
f 2209 2210 2267
f 2267 2210 2268
f 2210 2211 2268
f 2268 2211 2269
f 2211 2212 2269
f 2269 2212 2270
f 2212 2213 2270
f 2270 2213 2271
f 2213 2214 2271
f 2271 2214 2272
f 2214 2215 2272
f 2272 2215 2273
f 2215 2216 2273
f 2273 2216 2274
f 2216 14 2274
f 2274 14 12
f 2245 2188 2275
f 2188 2217 2275
f 2275 2217 2276
f 2217 2218 2276
f 2276 2218 2277
f 2218 2219 2277
f 2277 2219 2278
f 2219 2220 2278
f 2278 2220 2279
f 2220 2221 2279
f 2279 2221 2280
f 2221 2222 2280
f 2280 2222 2281
f 2222 2223 2281
f 2281 2223 2282
f 2223 2224 2282
f 2282 2224 2283
f 2224 2225 2283
f 2283 2225 2284
f 2225 2226 2284
f 2284 2226 2285
f 2226 2227 2285
f 2285 2227 2286
f 2227 2228 2286
f 2286 2228 2287
f 2228 2229 2287
f 2287 2229 2288
f 2229 2230 2288
f 2288 2230 2289
f 2230 2231 2289
f 2289 2231 2290
f 2231 2232 2290
f 2290 2232 2291
f 2232 2233 2291
f 2291 2233 2292
f 2233 2234 2292
f 2292 2234 2293
f 2234 2235 2293
f 2293 2235 2294
f 2235 2236 2294
f 2294 2236 2295
f 2236 2237 2295
f 2295 2237 2296
f 2237 2238 2296
f 2296 2238 2297
f 2238 2239 2297
f 2297 2239 2298
f 2239 2240 2298
f 2298 2240 2299
f 2240 2241 2299
f 2299 2241 2300
f 2241 2242 2300
f 2300 2242 2301
f 2242 2243 2301
f 2301 2243 2302
f 2243 2244 2302
f 2302 2244 2303
f 2304 68 2245
f 2305 2246 2306
f 2246 2247 2306
f 2306 2247 2307
f 2247 2248 2307
f 2307 2248 2308
f 2248 2249 2308
f 2308 2249 2309
f 2249 2250 2309
f 2309 2250 2310
f 2250 2251 2310
f 2310 2251 2311
f 2251 2252 2311
f 2311 2252 2312
f 2252 2253 2312
f 2312 2253 2313
f 2253 2254 2313
f 2313 2254 2314
f 2254 2255 2314
f 2314 2255 2315
f 2255 2256 2315
f 2315 2256 2316
f 2256 2257 2316
f 2316 2257 2317
f 2257 2258 2317
f 2317 2258 2318
f 2258 2259 2318
f 2318 2259 2319
f 2259 2260 2319
f 2319 2260 2320
f 2260 2261 2320
f 2320 2261 2321
f 2261 2262 2321
f 2321 2262 2322
f 2262 2263 2322
f 2322 2263 2323
f 2263 2264 2323
f 2323 2264 2324
f 2264 2265 2324
f 2324 2265 2325
f 2265 2266 2325
f 2325 2266 2326
f 2266 2267 2326
f 2326 2267 2327
f 2267 2268 2327
f 2327 2268 2328
f 2268 2269 2328
f 2328 2269 2329
f 2269 2270 2329
f 2329 2270 2330
f 2270 2271 2330
f 2330 2271 2331
f 2271 2272 2331
f 2331 2272 2332
f 2272 2273 2332
f 2332 2273 2333
f 2273 2274 2333
f 2333 2274 2334
f 2274 12 2334
f 2334 12 10
f 2304 2245 2335
f 2245 2275 2335
f 2335 2275 2336
f 2275 2276 2336
f 2336 2276 2337
f 2276 2277 2337
f 2337 2277 2338
f 2277 2278 2338
f 2338 2278 2339
f 2278 2279 2339
f 2339 2279 2340
f 2279 2280 2340
f 2340 2280 2341
f 2280 2281 2341
f 2341 2281 2342
f 2281 2282 2342
f 2342 2282 2343
f 2282 2283 2343
f 2343 2283 2344
f 2283 2284 2344
f 2344 2284 2345
f 2284 2285 2345
f 2345 2285 2346
f 2285 2286 2346
f 2346 2286 2347
f 2286 2287 2347
f 2347 2287 2348
f 2287 2288 2348
f 2348 2288 2349
f 2288 2289 2349
f 2349 2289 2350
f 2289 2290 2350
f 2350 2290 2351
f 2290 2291 2351
f 2351 2291 2352
f 2291 2292 2352
f 2352 2292 2353
f 2292 2293 2353
f 2353 2293 2354
f 2293 2294 2354
f 2354 2294 2355
f 2294 2295 2355
f 2355 2295 2356
f 2295 2296 2356
f 2356 2296 2357
f 2296 2297 2357
f 2357 2297 2358
f 2297 2298 2358
f 2358 2298 2359
f 2298 2299 2359
f 2359 2299 2360
f 2299 2300 2360
f 2360 2300 2361
f 2300 2301 2361
f 2361 2301 2362
f 2301 2302 2362
f 2362 2302 2363
f 2302 2303 2363
f 2363 2303 2364
f 2365 68 2304
f 2366 2305 2367
f 2305 2306 2367
f 2367 2306 2368
f 2306 2307 2368
f 2368 2307 2369
f 2307 2308 2369
f 2369 2308 2370
f 2308 2309 2370
f 2370 2309 2371
f 2309 2310 2371
f 2371 2310 2372
f 2310 2311 2372
f 2372 2311 2373
f 2311 2312 2373
f 2373 2312 2374
f 2312 2313 2374
f 2374 2313 2375
f 2313 2314 2375
f 2375 2314 2376
f 2314 2315 2376
f 2376 2315 2377
f 2315 2316 2377
f 2377 2316 2378
f 2316 2317 2378
f 2378 2317 2379
f 2317 2318 2379
f 2379 2318 2380
f 2318 2319 2380
f 2380 2319 2381
f 2319 2320 2381
f 2381 2320 2382
f 2320 2321 2382
f 2382 2321 2383
f 2321 2322 2383
f 2383 2322 2384
f 2322 2323 2384
f 2384 2323 2385
f 2323 2324 2385
f 2385 2324 2386
f 2324 2325 2386
f 2386 2325 2387
f 2325 2326 2387
f 2387 2326 2388
f 2326 2327 2388
f 2388 2327 2389
f 2327 2328 2389
f 2389 2328 2390
f 2328 2329 2390
f 2390 2329 2391
f 2329 2330 2391
f 2391 2330 2392
f 2330 2331 2392
f 2392 2331 2393
f 2331 2332 2393
f 2393 2332 2394
f 2332 2333 2394
f 2394 2333 2395
f 2333 2334 2395
f 2395 2334 2396
f 2334 10 2396
f 2396 10 8
f 2365 2304 2397
f 2304 2335 2397
f 2397 2335 2398
f 2335 2336 2398
f 2398 2336 2399
f 2336 2337 2399
f 2399 2337 2400
f 2337 2338 2400
f 2400 2338 2401
f 2338 2339 2401
f 2401 2339 2402
f 2339 2340 2402
f 2402 2340 2403
f 2340 2341 2403
f 2403 2341 2404
f 2341 2342 2404
f 2404 2342 2405
f 2342 2343 2405
f 2405 2343 2406
f 2343 2344 2406
f 2406 2344 2407
f 2344 2345 2407
f 2407 2345 2408
f 2345 2346 2408
f 2408 2346 2409
f 2346 2347 2409
f 2409 2347 2410
f 2347 2348 2410
f 2410 2348 2411
f 2348 2349 2411
f 2411 2349 2412
f 2349 2350 2412
f 2412 2350 2413
f 2350 2351 2413
f 2413 2351 2414
f 2351 2352 2414
f 2414 2352 2415
f 2352 2353 2415
f 2415 2353 2416
f 2353 2354 2416
f 2416 2354 2417
f 2354 2355 2417
f 2417 2355 2418
f 2355 2356 2418
f 2418 2356 2419
f 2356 2357 2419
f 2419 2357 2420
f 2357 2358 2420
f 2420 2358 2421
f 2358 2359 2421
f 2421 2359 2422
f 2359 2360 2422
f 2422 2360 2423
f 2360 2361 2423
f 2423 2361 2424
f 2361 2362 2424
f 2424 2362 2425
f 2362 2363 2425
f 2425 2363 2426
f 2363 2364 2426
f 2426 2364 2427
f 2428 68 2365
f 2429 2366 2430
f 2366 2367 2430
f 2430 2367 2431
f 2367 2368 2431
f 2431 2368 2432
f 2368 2369 2432
f 2432 2369 2433
f 2369 2370 2433
f 2433 2370 2434
f 2370 2371 2434
f 2434 2371 2435
f 2371 2372 2435
f 2435 2372 2436
f 2372 2373 2436
f 2436 2373 2437
f 2373 2374 2437
f 2437 2374 2438
f 2374 2375 2438
f 2438 2375 2439
f 2375 2376 2439
f 2439 2376 2440
f 2376 2377 2440
f 2440 2377 2441
f 2377 2378 2441
f 2441 2378 2442
f 2378 2379 2442
f 2442 2379 2443
f 2379 2380 2443
f 2443 2380 2444
f 2380 2381 2444
f 2444 2381 2445
f 2381 2382 2445
f 2445 2382 2446
f 2382 2383 2446
f 2446 2383 2447
f 2383 2384 2447
f 2447 2384 2448
f 2384 2385 2448
f 2448 2385 2449
f 2385 2386 2449
f 2449 2386 2450
f 2386 2387 2450
f 2450 2387 2451
f 2387 2388 2451
f 2451 2388 2452
f 2388 2389 2452
f 2452 2389 2453
f 2389 2390 2453
f 2453 2390 2454
f 2390 2391 2454
f 2454 2391 2455
f 2391 2392 2455
f 2455 2392 2456
f 2392 2393 2456
f 2456 2393 2457
f 2393 2394 2457
f 2457 2394 2458
f 2394 2395 2458
f 2458 2395 2459
f 2395 2396 2459
f 2459 2396 2460
f 2396 8 2460
f 2460 8 6
f 2428 2365 2461
f 2365 2397 2461
f 2461 2397 2462
f 2397 2398 2462
f 2462 2398 2463
f 2398 2399 2463
f 2463 2399 2464
f 2399 2400 2464
f 2464 2400 2465
f 2400 2401 2465
f 2465 2401 2466
f 2401 2402 2466
f 2466 2402 2467
f 2402 2403 2467
f 2467 2403 2468
f 2403 2404 2468
f 2468 2404 2469
f 2404 2405 2469
f 2469 2405 2470
f 2405 2406 2470
f 2470 2406 2471
f 2406 2407 2471
f 2471 2407 2472
f 2407 2408 2472
f 2472 2408 2473
f 2408 2409 2473
f 2473 2409 2474
f 2409 2410 2474
f 2474 2410 2475
f 2410 2411 2475
f 2475 2411 2476
f 2411 2412 2476
f 2476 2412 2477
f 2412 2413 2477
f 2477 2413 2478
f 2413 2414 2478
f 2478 2414 2479
f 2414 2415 2479
f 2479 2415 2480
f 2415 2416 2480
f 2480 2416 2481
f 2416 2417 2481
f 2481 2417 2482
f 2417 2418 2482
f 2482 2418 2483
f 2418 2419 2483
f 2483 2419 2484
f 2419 2420 2484
f 2484 2420 2485
f 2420 2421 2485
f 2485 2421 2486
f 2421 2422 2486
f 2486 2422 2487
f 2422 2423 2487
f 2487 2423 2488
f 2423 2424 2488
f 2488 2424 2489
f 2424 2425 2489
f 2489 2425 2490
f 2425 2426 2490
f 2490 2426 2491
f 2426 2427 2491
f 2491 2427 2492
f 70 68 2428
f 2493 2429 2494
f 2429 2430 2494
f 2494 2430 2495
f 2430 2431 2495
f 2495 2431 2496
f 2431 2432 2496
f 2496 2432 2497
f 2432 2433 2497
f 2497 2433 2498
f 2433 2434 2498
f 2498 2434 2499
f 2434 2435 2499
f 2499 2435 2500
f 2435 2436 2500
f 2500 2436 2501
f 2436 2437 2501
f 2501 2437 2502
f 2437 2438 2502
f 2502 2438 2503
f 2438 2439 2503
f 2503 2439 2504
f 2439 2440 2504
f 2504 2440 2505
f 2440 2441 2505
f 2505 2441 2506
f 2441 2442 2506
f 2506 2442 2507
f 2442 2443 2507
f 2507 2443 2508
f 2443 2444 2508
f 2508 2444 2509
f 2444 2445 2509
f 2509 2445 2510
f 2445 2446 2510
f 2510 2446 2511
f 2446 2447 2511
f 2511 2447 2512
f 2447 2448 2512
f 2512 2448 2513
f 2448 2449 2513
f 2513 2449 2514
f 2449 2450 2514
f 2514 2450 2515
f 2450 2451 2515
f 2515 2451 2516
f 2451 2452 2516
f 2516 2452 2517
f 2452 2453 2517
f 2517 2453 2518
f 2453 2454 2518
f 2518 2454 2519
f 2454 2455 2519
f 2519 2455 2520
f 2455 2456 2520
f 2520 2456 2521
f 2456 2457 2521
f 2521 2457 2522
f 2457 2458 2522
f 2522 2458 2523
f 2458 2459 2523
f 2523 2459 2524
f 2459 2460 2524
f 2524 2460 2525
f 2460 6 2525
f 2525 6 4
f 70 2428 72
f 2428 2461 72
f 72 2461 74
f 2461 2462 74
f 74 2462 76
f 2462 2463 76
f 76 2463 78
f 2463 2464 78
f 78 2464 80
f 2464 2465 80
f 80 2465 82
f 2465 2466 82
f 82 2466 84
f 2466 2467 84
f 84 2467 86
f 2467 2468 86
f 86 2468 88
f 2468 2469 88
f 88 2469 90
f 2469 2470 90
f 90 2470 92
f 2470 2471 92
f 92 2471 94
f 2471 2472 94
f 94 2472 96
f 2472 2473 96
f 96 2473 98
f 2473 2474 98
f 98 2474 100
f 2474 2475 100
f 100 2475 102
f 2475 2476 102
f 102 2476 104
f 2476 2477 104
f 104 2477 106
f 2477 2478 106
f 106 2478 108
f 2478 2479 108
f 108 2479 110
f 2479 2480 110
f 110 2480 112
f 2480 2481 112
f 112 2481 114
f 2481 2482 114
f 114 2482 116
f 2482 2483 116
f 116 2483 118
f 2483 2484 118
f 118 2484 120
f 2484 2485 120
f 120 2485 122
f 2485 2486 122
f 122 2486 124
f 2486 2487 124
f 124 2487 126
f 2487 2488 126
f 126 2488 128
f 2488 2489 128
f 128 2489 130
f 2489 2490 130
f 130 2490 132
f 2490 2491 132
f 132 2491 134
f 2491 2492 134
f 134 2492 136
f 2526 2493 2527
f 2493 2494 2527
f 2527 2494 2528
f 2494 2495 2528
f 2528 2495 2529
f 2495 2496 2529
f 2529 2496 2530
f 2496 2497 2530
f 2530 2497 2531
f 2497 2498 2531
f 2531 2498 2532
f 2498 2499 2532
f 2532 2499 2533
f 2499 2500 2533
f 2533 2500 2534
f 2500 2501 2534
f 2534 2501 2535
f 2501 2502 2535
f 2535 2502 2536
f 2502 2503 2536
f 2536 2503 2537
f 2503 2504 2537
f 2537 2504 2538
f 2504 2505 2538
f 2538 2505 2539
f 2505 2506 2539
f 2539 2506 2540
f 2506 2507 2540
f 2540 2507 2541
f 2507 2508 2541
f 2541 2508 2542
f 2508 2509 2542
f 2542 2509 2543
f 2509 2510 2543
f 2543 2510 2544
f 2510 2511 2544
f 2544 2511 2545
f 2511 2512 2545
f 2545 2512 2546
f 2512 2513 2546
f 2546 2513 2547
f 2513 2514 2547
f 2547 2514 2548
f 2514 2515 2548
f 2548 2515 2549
f 2515 2516 2549
f 2549 2516 2550
f 2516 2517 2550
f 2550 2517 2551
f 2517 2518 2551
f 2551 2518 2552
f 2518 2519 2552
f 2552 2519 2553
f 2519 2520 2553
f 2553 2520 2554
f 2520 2521 2554
f 2554 2521 2555
f 2521 2522 2555
f 2555 2522 2556
f 2522 2523 2556
f 2556 2523 2557
f 2523 2524 2557
f 2557 2524 2558
f 2524 2525 2558
f 2558 2525 2559
f 2525 4 2559
f 2559 4 2
f 2560 2526 2561
f 2526 2527 2561
f 2561 2527 2562
f 2527 2528 2562
f 2562 2528 2563
f 2528 2529 2563
f 2563 2529 2564
f 2529 2530 2564
f 2564 2530 2565
f 2530 2531 2565
f 2565 2531 2566
f 2531 2532 2566
f 2566 2532 2567
f 2532 2533 2567
f 2567 2533 2568
f 2533 2534 2568
f 2568 2534 2569
f 2534 2535 2569
f 2569 2535 2570
f 2535 2536 2570
f 2570 2536 2571
f 2536 2537 2571
f 2571 2537 2572
f 2537 2538 2572
f 2572 2538 2573
f 2538 2539 2573
f 2573 2539 2574
f 2539 2540 2574
f 2574 2540 2575
f 2540 2541 2575
f 2575 2541 2576
f 2541 2542 2576
f 2576 2542 2577
f 2542 2543 2577
f 2577 2543 2578
f 2543 2544 2578
f 2578 2544 2579
f 2544 2545 2579
f 2579 2545 2580
f 2545 2546 2580
f 2580 2546 2581
f 2546 2547 2581
f 2581 2547 2582
f 2547 2548 2582
f 2582 2548 2583
f 2548 2549 2583
f 2583 2549 2584
f 2549 2550 2584
f 2584 2550 2585
f 2550 2551 2585
f 2585 2551 2586
f 2551 2552 2586
f 2586 2552 2587
f 2552 2553 2587
f 2587 2553 2588
f 2553 2554 2588
f 2588 2554 2589
f 2554 2555 2589
f 2589 2555 2590
f 2555 2556 2590
f 2590 2556 2591
f 2556 2557 2591
f 2591 2557 2592
f 2557 2558 2592
f 2592 2558 2593
f 2558 2559 2593
f 2593 2559 2594
f 2559 2 2594
f 2594 2 144
f 138 2560 1404
f 2560 2561 1404
f 1404 2561 1403
f 2561 2562 1403
f 1403 2562 1402
f 2562 2563 1402
f 1402 2563 1401
f 2563 2564 1401
f 1401 2564 1400
f 2564 2565 1400
f 1400 2565 1399
f 2565 2566 1399
f 1399 2566 1398
f 2566 2567 1398
f 1398 2567 1397
f 2567 2568 1397
f 1397 2568 1396
f 2568 2569 1396
f 1396 2569 1395
f 2569 2570 1395
f 1395 2570 1394
f 2570 2571 1394
f 1394 2571 1393
f 2571 2572 1393
f 1393 2572 1392
f 2572 2573 1392
f 1392 2573 1391
f 2573 2574 1391
f 1391 2574 1390
f 2574 2575 1390
f 1390 2575 1389
f 2575 2576 1389
f 1389 2576 1388
f 2576 2577 1388
f 1388 2577 1387
f 2577 2578 1387
f 1387 2578 1386
f 2578 2579 1386
f 1386 2579 1385
f 2579 2580 1385
f 1385 2580 1384
f 2580 2581 1384
f 1384 2581 1383
f 2581 2582 1383
f 1383 2582 1382
f 2582 2583 1382
f 1382 2583 1381
f 2583 2584 1381
f 1381 2584 1380
f 2584 2585 1380
f 1380 2585 1379
f 2585 2586 1379
f 1379 2586 1378
f 2586 2587 1378
f 1378 2587 1377
f 2587 2588 1377
f 1377 2588 1376
f 2588 2589 1376
f 1376 2589 1375
f 2589 2590 1375
f 1375 2590 1374
f 2590 2591 1374
f 1374 2591 1373
f 2591 2592 1373
f 1373 2592 1372
f 2592 2593 1372
f 1372 2593 1371
f 2593 2594 1371
f 1371 2594 1370
f 2594 144 1370
f 1370 144 142
f 1414 68 1408
f 138 136 2560
f 136 2492 2560
f 2560 2492 2526
f 2492 2427 2526
f 2526 2427 2493
f 2427 2364 2493
f 2493 2364 2429
f 2364 2303 2429
f 2429 2303 2366
f 2303 2244 2366
f 2366 2244 2305
f 2244 2187 2305
f 2305 2187 2246
f 2187 2132 2246
f 2246 2132 2189
f 2132 2079 2189
f 2189 2079 2134
f 2079 2028 2134
f 2134 2028 2081
f 2028 1979 2081
f 2081 1979 2030
f 1979 1932 2030
f 2030 1932 1981
f 1932 1887 1981
f 1981 1887 1934
f 1887 1844 1934
f 1934 1844 1889
f 1844 1803 1889
f 1889 1803 1846
f 1803 1764 1846
f 1846 1764 1805
f 1764 1727 1805
f 1805 1727 1766
f 1727 1692 1766
f 1766 1692 1729
f 1692 1659 1729
f 1729 1659 1694
f 1659 1628 1694
f 1694 1628 1661
f 1628 1599 1661
f 1661 1599 1630
f 1599 1572 1630
f 1630 1572 1601
f 1572 1547 1601
f 1601 1547 1574
f 1547 1524 1574
f 1574 1524 1549
f 1524 1503 1549
f 1549 1503 1526
f 1503 1484 1526
f 1526 1484 1505
f 1484 1467 1505
f 1505 1467 1486
f 1467 1452 1486
f 1486 1452 1469
f 1452 1439 1469
f 1469 1439 1454
f 1439 1428 1454
f 1454 1428 1441
f 1428 1419 1441
f 1441 1419 1430
f 1419 1411 1430
f 1430 1411 1421
f 1411 1405 1421
f 1421 1405 1413
f 1405 1407 1413
f 1413 1407 1414
f 1407 68 1414

