# https://github.com/mikedh/trimesh
v -0.10128379 -0.03776047 0.07500000
v -0.10126670 -0.03763073 0.07500000
v -0.10276100 -0.03750000 0.07500000
v -0.10126100 -0.03750000 0.07500000
v -0.10126670 -0.03736927 0.07500000
v -0.10140154 -0.03813393 0.07500000
v -0.10135146 -0.03801303 0.07500000
v -0.10131211 -0.03788823 0.07500000
v -0.10161193 -0.03846418 0.07500000
v -0.10153227 -0.03836036 0.07500000
v -0.10146196 -0.03825000 0.07500000
v -0.10190064 -0.03872873 0.07500000
v -0.10179682 -0.03864907 0.07500000
v -0.10170034 -0.03856066 0.07500000
v -0.10224797 -0.03890954 0.07500000
v -0.10212708 -0.03885946 0.07500000
v -0.10201100 -0.03879904 0.07500000
v -0.10263027 -0.03899429 0.07500000
v -0.10250053 -0.03897721 0.07500000
v -0.10237277 -0.03894889 0.07500000
v -0.10302147 -0.03897721 0.07500000
v -0.10289174 -0.03899429 0.07500000
v -0.10276100 -0.03900000 0.07500000
v -0.10339493 -0.03885946 0.07500000
v -0.10327403 -0.03890954 0.07500000
v -0.10314923 -0.03894889 0.07500000
v -0.10372518 -0.03864907 0.07500000
v -0.10362136 -0.03872873 0.07500000
v -0.10351100 -0.03879904 0.07500000
v -0.10398973 -0.03836036 0.07500000
v -0.10391007 -0.03846418 0.07500000
v -0.10382166 -0.03856066 0.07500000
v -0.10417054 -0.03801303 0.07500000
v -0.10412046 -0.03813393 0.07500000
v -0.10406004 -0.03825000 0.07500000
v -0.10425529 -0.03763073 0.07500000
v -0.10423821 -0.03776047 0.07500000
v -0.10420989 -0.03788823 0.07500000
v -0.10423821 -0.03723953 0.07500000
v -0.10425529 -0.03736927 0.07500000
v -0.10426100 -0.03750000 0.07500000
v -0.10412046 -0.03686607 0.07500000
v -0.10417054 -0.03698697 0.07500000
v -0.10420989 -0.03711177 0.07500000
v -0.10391007 -0.03653582 0.07500000
v -0.10398973 -0.03663963 0.07500000
v -0.10406004 -0.03675000 0.07500000
v -0.10362136 -0.03627127 0.07500000
v -0.10372518 -0.03635093 0.07500000
v -0.10382166 -0.03643934 0.07500000
v -0.10327403 -0.03609046 0.07500000
v -0.10339493 -0.03614054 0.07500000
v -0.10351100 -0.03620096 0.07500000
v -0.10289174 -0.03600571 0.07500000
v -0.10302147 -0.03602279 0.07500000
v -0.10314923 -0.03605111 0.07500000
v -0.10250053 -0.03602279 0.07500000
v -0.10263027 -0.03600571 0.07500000
v -0.10276100 -0.03600000 0.07500000
v -0.10212708 -0.03614054 0.07500000
v -0.10224797 -0.03609046 0.07500000
v -0.10237277 -0.03605111 0.07500000
v -0.10179682 -0.03635093 0.07500000
v -0.10190064 -0.03627127 0.07500000
v -0.10201100 -0.03620096 0.07500000
v -0.10153227 -0.03663963 0.07500000
v -0.10161193 -0.03653582 0.07500000
v -0.10170034 -0.03643934 0.07500000
v -0.10135146 -0.03698697 0.07500000
v -0.10140154 -0.03686607 0.07500000
v -0.10146196 -0.03675000 0.07500000
v -0.10128379 -0.03723953 0.07500000
v -0.10131211 -0.03711177 0.07500000
v -0.10426100 -0.03750000 0.05000000
v -0.10425529 -0.03736927 0.05000000
v -0.10423821 -0.03723953 0.05000000
v -0.10420989 -0.03711177 0.05000000
v -0.10417054 -0.03698697 0.05000000
v -0.10412046 -0.03686607 0.05000000
v -0.10406004 -0.03675000 0.05000000
v -0.10398973 -0.03663963 0.05000000
v -0.10391007 -0.03653582 0.05000000
v -0.10382166 -0.03643934 0.05000000
v -0.10372518 -0.03635093 0.05000000
v -0.10362136 -0.03627127 0.05000000
v -0.10351100 -0.03620096 0.05000000
v -0.10339493 -0.03614054 0.05000000
v -0.10327403 -0.03609046 0.05000000
v -0.10314923 -0.03605111 0.05000000
v -0.10302147 -0.03602279 0.05000000
v -0.10289174 -0.03600571 0.05000000
v -0.10276100 -0.03600000 0.05000000
v -0.10263027 -0.03600571 0.05000000
v -0.10250053 -0.03602279 0.05000000
v -0.10237277 -0.03605111 0.05000000
v -0.10224797 -0.03609046 0.05000000
v -0.10212708 -0.03614054 0.05000000
v -0.10201100 -0.03620096 0.05000000
v -0.10190064 -0.03627127 0.05000000
v -0.10179682 -0.03635093 0.05000000
v -0.10170034 -0.03643934 0.05000000
v -0.10161193 -0.03653582 0.05000000
v -0.10153227 -0.03663963 0.05000000
v -0.10146196 -0.03675000 0.05000000
v -0.10140154 -0.03686607 0.05000000
v -0.10135146 -0.03698697 0.05000000
v -0.10131211 -0.03711177 0.05000000
v -0.10128379 -0.03723953 0.05000000
v -0.10126670 -0.03736927 0.05000000
v -0.10126100 -0.03750000 0.05000000
v -0.10126670 -0.03763073 0.05000000
v -0.10128379 -0.03776047 0.05000000
v -0.10131211 -0.03788823 0.05000000
v -0.10135146 -0.03801303 0.05000000
v -0.10140154 -0.03813393 0.05000000
v -0.10146196 -0.03825000 0.05000000
v -0.10153227 -0.03836036 0.05000000
v -0.10161193 -0.03846418 0.05000000
v -0.10170034 -0.03856066 0.05000000
v -0.10179682 -0.03864907 0.05000000
v -0.10190064 -0.03872873 0.05000000
v -0.10201100 -0.03879904 0.05000000
v -0.10212708 -0.03885946 0.05000000
v -0.10224797 -0.03890954 0.05000000
v -0.10237277 -0.03894889 0.05000000
v -0.10250053 -0.03897721 0.05000000
v -0.10263027 -0.03899429 0.05000000
v -0.10276100 -0.03900000 0.05000000
v -0.10289174 -0.03899429 0.05000000
v -0.10302147 -0.03897721 0.05000000
v -0.10314923 -0.03894889 0.05000000
v -0.10327403 -0.03890954 0.05000000
v -0.10339493 -0.03885946 0.05000000
v -0.10351100 -0.03879904 0.05000000
v -0.10362136 -0.03872873 0.05000000
v -0.10372518 -0.03864907 0.05000000
v -0.10382166 -0.03856066 0.05000000
v -0.10391007 -0.03846418 0.05000000
v -0.10398973 -0.03836036 0.05000000
v -0.10406004 -0.03825000 0.05000000
v -0.10412046 -0.03813393 0.05000000
v -0.10417054 -0.03801303 0.05000000
v -0.10420989 -0.03788823 0.05000000
v -0.10423821 -0.03776047 0.05000000
v -0.10425529 -0.03763073 0.05000000
v -0.00000000 0.00500000 0.04500000
v -0.00043578 0.00498097 0.04500000
v -0.00866025 0.00500000 0.04500000
v -0.00086824 0.00492404 0.04500000
v -0.00129410 0.00482963 0.04500000
v -0.00171010 0.00469846 0.04500000
v -0.00211309 0.00453154 0.04500000
v -0.00250000 0.00433013 0.04500000
v -0.00409576 0.00286788 0.04500000
v -0.00383022 0.00321394 0.04500000
v -0.00353553 0.00353553 0.04500000
v -0.00482963 0.00129410 0.04500000
v -0.00492404 0.00086824 0.04500000
v -0.05866025 0.00500000 0.04500000
v -0.00498097 0.00043578 0.04500000
v -0.05866025 -0.00500000 0.04500000
v -0.00500000 -0.00000000 0.04500000
v -0.00866025 -0.00500000 0.04500000
v -0.00498097 -0.00043578 0.04500000
v -0.00286788 0.00409576 0.04500000
v -0.00321394 0.00383022 0.04500000
v -0.00433013 0.00250000 0.04500000
v -0.00453154 0.00211309 0.04500000
v -0.00469846 0.00171010 0.04500000
v -0.00492404 -0.00086824 0.04500000
v -0.00482963 -0.00129410 0.04500000
v -0.00469846 -0.00171010 0.04500000
v 0.00000000 0.01000000 0.04500000
v 0.00043578 0.00498097 0.04500000
v 0.00087156 0.00996195 0.04500000
v 0.00086824 0.00492404 0.04500000
v 0.00173648 0.00984808 0.04500000
v 0.00129410 0.00482963 0.04500000
v 0.00258819 0.00965926 0.04500000
v 0.00171010 0.00469846 0.04500000
v 0.00342020 0.00939693 0.04500000
v 0.00211309 0.00453154 0.04500000
v 0.00422618 0.00906308 0.04500000
v 0.00250000 0.00433013 0.04500000
v 0.00500000 0.00866025 0.04500000
v 0.00286788 0.00409576 0.04500000
v 0.00573576 0.00819152 0.04500000
v 0.00321394 0.00383022 0.04500000
v 0.00642788 0.00766044 0.04500000
v 0.00353553 0.00353553 0.04500000
v 0.00707107 0.00707107 0.04500000
v 0.00383022 0.00321394 0.04500000
v 0.00766044 0.00642788 0.04500000
v 0.00409576 0.00286788 0.04500000
v 0.00819152 0.00573576 0.04500000
v 0.00433013 0.00250000 0.04500000
v 0.00866025 0.00500000 0.04500000
v 0.00453154 0.00211309 0.04500000
v 0.00906308 0.00422618 0.04500000
v 0.00469846 0.00171010 0.04500000
v 0.00939693 0.00342020 0.04500000
v 0.00482963 0.00129410 0.04500000
v 0.00965926 0.00258819 0.04500000
v 0.00492404 0.00086824 0.04500000
v 0.00984808 0.00173648 0.04500000
v 0.00498097 0.00043578 0.04500000
v 0.00996195 0.00087156 0.04500000
v 0.00500000 0.00000000 0.04500000
v 0.01000000 -0.00000000 0.04500000
v 0.00498097 -0.00043578 0.04500000
v 0.00996195 -0.00087156 0.04500000
v 0.00492404 -0.00086824 0.04500000
v 0.00984808 -0.00173648 0.04500000
v 0.00482963 -0.00129410 0.04500000
v 0.00965926 -0.00258819 0.04500000
v 0.00469846 -0.00171010 0.04500000
v 0.00939693 -0.00342020 0.04500000
v 0.00453154 -0.00211309 0.04500000
v 0.00906308 -0.00422618 0.04500000
v 0.00433013 -0.00250000 0.04500000
v 0.00866025 -0.00500000 0.04500000
v 0.00409576 -0.00286788 0.04500000
v 0.00819152 -0.00573576 0.04500000
v 0.00383022 -0.00321394 0.04500000
v 0.00766044 -0.00642788 0.04500000
v 0.00353553 -0.00353553 0.04500000
v 0.00707107 -0.00707107 0.04500000
v 0.00321394 -0.00383022 0.04500000
v 0.00642788 -0.00766044 0.04500000
v 0.00286788 -0.00409576 0.04500000
v 0.00573576 -0.00819152 0.04500000
v 0.00250000 -0.00433013 0.04500000
v 0.00500000 -0.00866025 0.04500000
v 0.00211309 -0.00453154 0.04500000
v 0.00422618 -0.00906308 0.04500000
v 0.00171010 -0.00469846 0.04500000
v 0.00342020 -0.00939693 0.04500000
v 0.00129410 -0.00482963 0.04500000
v 0.00258819 -0.00965926 0.04500000
v 0.00086824 -0.00492404 0.04500000
v 0.00173648 -0.00984808 0.04500000
v 0.00043578 -0.00498097 0.04500000
v 0.00087156 -0.00996195 0.04500000
v 0.00000000 -0.00500000 0.04500000
v -0.00000000 -0.01000000 0.04500000
v -0.00043578 -0.00498097 0.04500000
v -0.00087156 -0.00996195 0.04500000
v -0.00086824 -0.00492404 0.04500000
v -0.00173648 -0.00984808 0.04500000
v -0.00129410 -0.00482963 0.04500000
v -0.00258819 -0.00965926 0.04500000
v -0.00171010 -0.00469846 0.04500000
v -0.00342020 -0.00939693 0.04500000
v -0.00211309 -0.00453154 0.04500000
v -0.00422618 -0.00906308 0.04500000
v -0.00250000 -0.00433013 0.04500000
v -0.00500000 -0.00866025 0.04500000
v -0.00286788 -0.00409576 0.04500000
v -0.00573576 -0.00819152 0.04500000
v -0.00321394 -0.00383022 0.04500000
v -0.00642788 -0.00766044 0.04500000
v -0.00353553 -0.00353553 0.04500000
v -0.00707107 -0.00707107 0.04500000
v -0.00383022 -0.00321394 0.04500000
v -0.00766044 -0.00642788 0.04500000
v -0.00409576 -0.00286788 0.04500000
v -0.00819152 -0.00573576 0.04500000
v -0.00433013 -0.00250000 0.04500000
v -0.00453154 -0.00211309 0.04500000
v -0.00819152 0.00573576 0.04500000
v -0.00766044 0.00642788 0.04500000
v -0.00707107 0.00707107 0.04500000
v -0.00642788 0.00766044 0.04500000
v -0.00573576 0.00819152 0.04500000
v -0.00500000 0.00866025 0.04500000
v -0.00422618 0.00906308 0.04500000
v -0.00342020 0.00939693 0.04500000
v -0.00258819 0.00965926 0.04500000
v -0.00173648 0.00984808 0.04500000
v -0.00087156 0.00996195 0.04500000
v -0.30500001 -0.03682601 0.00500000
v -0.30500001 -0.03682601 0.04500000
v -0.30371079 -0.03625231 0.05000000
v -0.30371079 -0.03625231 0.00000000
v -0.30693471 -0.03758771 0.00000000
v -0.30693471 -0.03758771 0.00500000
v -0.31026277 -0.03863703 0.00500000
v -0.31026277 -0.03863703 0.00000000
v -0.31366959 -0.03939231 0.00500000
v -0.31366959 -0.03939231 0.00000000
v -0.31712928 -0.03984779 0.00500000
v -0.31712928 -0.03984779 0.00000000
v -0.32061553 -0.04000000 0.00500000
v -0.32061553 -0.04000000 0.00000000
v -0.32410175 -0.03984779 0.00500000
v -0.32410175 -0.03984779 0.00000000
v -0.32756147 -0.03939231 0.00500000
v -0.32756147 -0.03939231 0.00000000
v -0.33096829 -0.03863703 0.00500000
v -0.33096829 -0.03863703 0.00000000
v -0.33429635 -0.03758771 0.00500000
v -0.33429635 -0.03758771 0.00000000
v -0.33752027 -0.03625231 0.00500000
v -0.33752027 -0.03625231 0.00000000
v -0.34061554 -0.03464102 0.00500000
v -0.34061554 -0.03464102 0.00000000
v -0.34355858 -0.03276608 0.00500000
v -0.34355858 -0.03276608 0.00000000
v -0.34632704 -0.03064178 0.00500000
v -0.34632704 -0.03064178 0.00000000
v -0.34889981 -0.02828427 0.00500000
v -0.34889981 -0.02828427 0.00000000
v -0.35125729 -0.02571150 0.00500000
v -0.35125729 -0.02571150 0.00000000
v -0.35338160 -0.02294306 0.00500000
v -0.35338160 -0.02294306 0.00000000
v -0.35525656 -0.02000000 0.00500000
v -0.35525656 -0.02000000 0.00000000
v -0.35686785 -0.01690473 0.00500000
v -0.35686785 -0.01690473 0.00000000
v -0.35820323 -0.01368081 0.00500000
v -0.35820323 -0.01368081 0.00000000
v -0.35925257 -0.01035276 0.00500000
v -0.35925257 -0.01035276 0.00000000
v -0.36000785 -0.00694593 0.00500000
v -0.36000785 -0.00694593 0.00000000
v -0.36046332 -0.00348623 0.00500000
v -0.36046332 -0.00348623 0.00000000
v -0.36061552 -0.00000000 0.00500000
v -0.36061552 -0.00000000 0.00000000
v -0.36046332 0.00348623 0.00500000
v -0.36046332 0.00348623 0.00000000
v -0.36000785 0.00694593 0.00500000
v -0.36000785 0.00694593 0.00000000
v -0.35925257 0.01035276 0.00500000
v -0.35925257 0.01035276 0.00000000
v -0.35820323 0.01368081 0.00500000
v -0.35820323 0.01368081 0.00000000
v -0.35686785 0.01690473 0.00500000
v -0.35686785 0.01690473 0.00000000
v -0.35525656 0.02000000 0.00500000
v -0.35525656 0.02000000 0.00000000
v -0.35338160 0.02294306 0.00500000
v -0.35338160 0.02294306 0.00000000
v -0.35125729 0.02571150 0.00500000
v -0.35125729 0.02571150 0.00000000
v -0.34889981 0.02828427 0.00500000
v -0.34889981 0.02828427 0.00000000
v -0.34632704 0.03064178 0.00500000
v -0.34632704 0.03064178 0.00000000
v -0.34355858 0.03276608 0.00500000
v -0.34355858 0.03276608 0.00000000
v -0.34061554 0.03464102 0.00500000
v -0.34061554 0.03464102 0.00000000
v -0.33752027 0.03625231 0.00500000
v -0.33752027 0.03625231 0.00000000
v -0.33429635 0.03758771 0.00500000
v -0.33429635 0.03758771 0.00000000
v -0.33096829 0.03863703 0.00500000
v -0.33096829 0.03863703 0.00000000
v -0.32756147 0.03939231 0.00500000
v -0.32756147 0.03939231 0.00000000
v -0.32410175 0.03984779 0.00500000
v -0.32410175 0.03984779 0.00000000
v -0.32061553 0.04000000 0.00500000
v -0.32061553 0.04000000 0.00000000
v -0.31712928 0.03984779 0.00500000
v -0.31712928 0.03984779 0.00000000
v -0.31366959 0.03939231 0.00500000
v -0.31366959 0.03939231 0.00000000
v -0.31026277 0.03863703 0.00500000
v -0.31026277 0.03863703 0.00000000
v -0.30693471 0.03758771 0.00500000
v -0.30693471 0.03758771 0.00000000
v -0.30500001 0.03682601 0.00500000
v -0.30371079 0.03625231 0.00000000
v -0.30500001 0.03682601 0.04500000
v -0.30693471 -0.03758771 0.05000000
v -0.30693471 -0.03758771 0.04500000
v -0.31026277 -0.03863703 0.05000000
v -0.31026277 -0.03863703 0.04500000
v -0.31366959 -0.03939231 0.05000000
v -0.31366959 -0.03939231 0.04500000
v -0.31712928 -0.03984779 0.05000000
v -0.31712928 -0.03984779 0.04500000
v -0.32061553 -0.04000000 0.05000000
v -0.32061553 -0.04000000 0.04500000
v -0.32410175 -0.03984779 0.05000000
v -0.32410175 -0.03984779 0.04500000
v -0.32756147 -0.03939231 0.05000000
v -0.32756147 -0.03939231 0.04500000
v -0.33096829 -0.03863703 0.05000000
v -0.33096829 -0.03863703 0.04500000
v -0.33429635 -0.03758771 0.05000000
v -0.33429635 -0.03758771 0.04500000
v -0.33752027 -0.03625231 0.05000000
v -0.33752027 -0.03625231 0.04500000
v -0.34061554 -0.03464102 0.05000000
v -0.34061554 -0.03464102 0.04500000
v -0.34355858 -0.03276608 0.05000000
v -0.34355858 -0.03276608 0.04500000
v -0.34632704 -0.03064178 0.05000000
v -0.34632704 -0.03064178 0.04500000
v -0.34889981 -0.02828427 0.05000000
v -0.34889981 -0.02828427 0.04500000
v -0.35125729 -0.02571150 0.05000000
v -0.35125729 -0.02571150 0.04500000
v -0.35338160 -0.02294306 0.05000000
v -0.35338160 -0.02294306 0.04500000
v -0.35525656 -0.02000000 0.05000000
v -0.35525656 -0.02000000 0.04500000
v -0.35686785 -0.01690473 0.05000000
v -0.35686785 -0.01690473 0.04500000
v -0.35820323 -0.01368081 0.05000000
v -0.35820323 -0.01368081 0.04500000
v -0.35925257 -0.01035276 0.05000000
v -0.35925257 -0.01035276 0.04500000
v -0.36000785 -0.00694593 0.05000000
v -0.36000785 -0.00694593 0.04500000
v -0.36046332 -0.00348623 0.05000000
v -0.36046332 -0.00348623 0.04500000
v -0.36061552 -0.00000000 0.05000000
v -0.36061552 -0.00000000 0.04500000
v -0.36046332 0.00348623 0.05000000
v -0.36046332 0.00348623 0.04500000
v -0.36000785 0.00694593 0.05000000
v -0.36000785 0.00694593 0.04500000
v -0.35925257 0.01035276 0.05000000
v -0.35925257 0.01035276 0.04500000
v -0.35820323 0.01368081 0.05000000
v -0.35820323 0.01368081 0.04500000
v -0.35686785 0.01690473 0.05000000
v -0.35686785 0.01690473 0.04500000
v -0.35525656 0.02000000 0.05000000
v -0.35525656 0.02000000 0.04500000
v -0.35338160 0.02294306 0.05000000
v -0.35338160 0.02294306 0.04500000
v -0.35125729 0.02571150 0.05000000
v -0.35125729 0.02571150 0.04500000
v -0.34889981 0.02828427 0.05000000
v -0.34889981 0.02828427 0.04500000
v -0.34632704 0.03064178 0.05000000
v -0.34632704 0.03064178 0.04500000
v -0.34355858 0.03276608 0.05000000
v -0.34355858 0.03276608 0.04500000
v -0.34061554 0.03464102 0.05000000
v -0.34061554 0.03464102 0.04500000
v -0.33752027 0.03625231 0.05000000
v -0.33752027 0.03625231 0.04500000
v -0.33429635 0.03758771 0.05000000
v -0.33429635 0.03758771 0.04500000
v -0.33096829 0.03863703 0.05000000
v -0.33096829 0.03863703 0.04500000
v -0.32756147 0.03939231 0.05000000
v -0.32756147 0.03939231 0.04500000
v -0.32410175 0.03984779 0.05000000
v -0.32410175 0.03984779 0.04500000
v -0.32061553 0.04000000 0.05000000
v -0.32061553 0.04000000 0.04500000
v -0.31712928 0.03984779 0.05000000
v -0.31712928 0.03984779 0.04500000
v -0.31366959 0.03939231 0.05000000
v -0.31366959 0.03939231 0.04500000
v -0.31026277 0.03863703 0.05000000
v -0.31026277 0.03863703 0.04500000
v -0.30693471 0.03758771 0.05000000
v -0.30693471 0.03758771 0.04500000
v -0.30371079 0.03625231 0.05000000
v -0.30061552 0.03464102 0.05000000
v -0.30061552 0.03464102 0.00000000
v -0.29767248 0.03276608 0.05000000
v -0.29767248 0.03276608 0.00000000
v -0.29490402 0.03064178 0.05000000
v -0.29490402 0.03064178 0.00000000
v -0.29233125 0.02828427 0.05000000
v -0.29233125 0.02828427 0.00000000
v -0.28997374 0.02571150 0.05000000
v -0.28997374 0.02571150 0.00000000
v -0.28784946 0.02294306 0.05000000
v -0.28784946 0.02294306 0.00000000
v -0.28597450 0.02000000 0.05000000
v -0.28597450 0.02000000 0.00000000
v -0.28436321 0.01690473 0.05000000
v -0.28436321 0.01690473 0.00000000
v -0.28302783 0.01368081 0.05000000
v -0.28302783 0.01368081 0.00000000
v -0.28197849 0.01035276 0.05000000
v -0.28197849 0.01035276 0.00000000
v -0.28122321 0.00694593 0.05000000
v -0.28122321 0.00694593 0.00000000
v -0.28076774 0.00348623 0.05000000
v -0.28076774 0.00348623 0.00000000
v -0.28061554 -0.00000000 0.05000000
v -0.28061554 -0.00000000 0.00000000
v -0.28076774 -0.00348623 0.05000000
v -0.28076774 -0.00348623 0.00000000
v -0.28122321 -0.00694593 0.05000000
v -0.28122321 -0.00694593 0.00000000
v -0.28197849 -0.01035276 0.05000000
v -0.28197849 -0.01035276 0.00000000
v -0.28302783 -0.01368081 0.05000000
v -0.28302783 -0.01368081 0.00000000
v -0.28436321 -0.01690473 0.05000000
v -0.28436321 -0.01690473 0.00000000
v -0.28597450 -0.02000000 0.05000000
v -0.28597450 -0.02000000 0.00000000
v -0.28784946 -0.02294306 0.05000000
v -0.28784946 -0.02294306 0.00000000
v -0.28997374 -0.02571150 0.05000000
v -0.28997374 -0.02571150 0.00000000
v -0.29233125 -0.02828427 0.05000000
v -0.29233125 -0.02828427 0.00000000
v -0.29490402 -0.03064178 0.05000000
v -0.29490402 -0.03064178 0.00000000
v -0.29767248 -0.03276608 0.05000000
v -0.29767248 -0.03276608 0.00000000
v -0.30061552 -0.03464102 0.05000000
v -0.30061552 -0.03464102 0.00000000
v -0.00500000 -0.00000000 0.00500000
v -0.00500000 -0.00000000 0.00000000
v -0.00498097 0.00043578 0.00500000
v -0.00498097 0.00043578 0.00000000
v -0.00492404 0.00086824 0.00500000
v -0.00492404 0.00086824 0.00000000
v -0.00482963 0.00129410 0.00500000
v -0.00482963 0.00129410 0.00000000
v -0.00469846 0.00171010 0.00500000
v -0.00469846 0.00171010 0.00000000
v -0.00453154 0.00211309 0.00500000
v -0.00453154 0.00211309 0.00000000
v -0.00433013 0.00250000 0.00500000
v -0.00433013 0.00250000 0.00000000
v -0.00409576 0.00286788 0.00500000
v -0.00409576 0.00286788 0.00000000
v -0.00383022 0.00321394 0.00500000
v -0.00383022 0.00321394 0.00000000
v -0.00353553 0.00353553 0.00500000
v -0.00353553 0.00353553 0.00000000
v -0.00321394 0.00383022 0.00500000
v -0.00321394 0.00383022 0.00000000
v -0.00286788 0.00409576 0.00500000
v -0.00286788 0.00409576 0.00000000
v -0.00250000 0.00433013 0.00500000
v -0.00250000 0.00433013 0.00000000
v -0.00211309 0.00453154 0.00500000
v -0.00211309 0.00453154 0.00000000
v -0.00171010 0.00469846 0.00500000
v -0.00171010 0.00469846 0.00000000
v -0.00129410 0.00482963 0.00500000
v -0.00129410 0.00482963 0.00000000
v -0.00086824 0.00492404 0.00500000
v -0.00086824 0.00492404 0.00000000
v -0.00043578 0.00498097 0.00500000
v -0.00043578 0.00498097 0.00000000
v -0.00000000 0.00500000 0.00500000
v -0.00000000 0.00500000 0.00000000
v 0.00043578 0.00498097 0.00500000
v 0.00043578 0.00498097 0.00000000
v 0.00086824 0.00492404 0.00500000
v 0.00086824 0.00492404 0.00000000
v 0.00129410 0.00482963 0.00500000
v 0.00129410 0.00482963 0.00000000
v 0.00171010 0.00469846 0.00500000
v 0.00171010 0.00469846 0.00000000
v 0.00211309 0.00453154 0.00500000
v 0.00211309 0.00453154 0.00000000
v 0.00250000 0.00433013 0.00500000
v 0.00250000 0.00433013 0.00000000
v 0.00286788 0.00409576 0.00500000
v 0.00286788 0.00409576 0.00000000
v 0.00321394 0.00383022 0.00500000
v 0.00321394 0.00383022 0.00000000
v 0.00353553 0.00353553 0.00500000
v 0.00353553 0.00353553 0.00000000
v 0.00383022 0.00321394 0.00500000
v 0.00383022 0.00321394 0.00000000
v 0.00409576 0.00286788 0.00500000
v 0.00409576 0.00286788 0.00000000
v 0.00433013 0.00250000 0.00500000
v 0.00433013 0.00250000 0.00000000
v 0.00453154 0.00211309 0.00500000
v 0.00453154 0.00211309 0.00000000
v 0.00469846 0.00171010 0.00500000
v 0.00469846 0.00171010 0.00000000
v 0.00482963 0.00129410 0.00500000
v 0.00482963 0.00129410 0.00000000
v 0.00492404 0.00086824 0.00500000
v 0.00492404 0.00086824 0.00000000
v 0.00498097 0.00043578 0.00500000
v 0.00498097 0.00043578 0.00000000
v 0.00500000 0.00000000 0.00500000
v 0.00500000 0.00000000 0.00000000
v 0.00498097 -0.00043578 0.00500000
v 0.00498097 -0.00043578 0.00000000
v 0.00492404 -0.00086824 0.00500000
v 0.00492404 -0.00086824 0.00000000
v 0.00482963 -0.00129410 0.00500000
v 0.00482963 -0.00129410 0.00000000
v 0.00469846 -0.00171010 0.00500000
v 0.00469846 -0.00171010 0.00000000
v 0.00453154 -0.00211309 0.00500000
v 0.00453154 -0.00211309 0.00000000
v 0.00433013 -0.00250000 0.00500000
v 0.00433013 -0.00250000 0.00000000
v 0.00409576 -0.00286788 0.00500000
v 0.00409576 -0.00286788 0.00000000
v 0.00383022 -0.00321394 0.00500000
v 0.00383022 -0.00321394 0.00000000
v 0.00353553 -0.00353553 0.00500000
v 0.00353553 -0.00353553 0.00000000
v 0.00321394 -0.00383022 0.00500000
v 0.00321394 -0.00383022 0.00000000
v 0.00286788 -0.00409576 0.00500000
v 0.00286788 -0.00409576 0.00000000
v 0.00250000 -0.00433013 0.00500000
v 0.00250000 -0.00433013 0.00000000
v 0.00211309 -0.00453154 0.00500000
v 0.00211309 -0.00453154 0.00000000
v 0.00171010 -0.00469846 0.00500000
v 0.00171010 -0.00469846 0.00000000
v 0.00129410 -0.00482963 0.00500000
v 0.00129410 -0.00482963 0.00000000
v 0.00086824 -0.00492404 0.00500000
v 0.00086824 -0.00492404 0.00000000
v 0.00043578 -0.00498097 0.00500000
v 0.00043578 -0.00498097 0.00000000
v 0.00000000 -0.00500000 0.00500000
v 0.00000000 -0.00500000 0.00000000
v -0.00043578 -0.00498097 0.00500000
v -0.00043578 -0.00498097 0.00000000
v -0.00086824 -0.00492404 0.00500000
v -0.00086824 -0.00492404 0.00000000
v -0.00129410 -0.00482963 0.00500000
v -0.00129410 -0.00482963 0.00000000
v -0.00171010 -0.00469846 0.00500000
v -0.00171010 -0.00469846 0.00000000
v -0.00211309 -0.00453154 0.00500000
v -0.00211309 -0.00453154 0.00000000
v -0.00250000 -0.00433013 0.00500000
v -0.00250000 -0.00433013 0.00000000
v -0.00286788 -0.00409576 0.00500000
v -0.00286788 -0.00409576 0.00000000
v -0.00321394 -0.00383022 0.00500000
v -0.00321394 -0.00383022 0.00000000
v -0.00353553 -0.00353553 0.00500000
v -0.00353553 -0.00353553 0.00000000
v -0.00383022 -0.00321394 0.00500000
v -0.00383022 -0.00321394 0.00000000
v -0.00409576 -0.00286788 0.00500000
v -0.00409576 -0.00286788 0.00000000
v -0.00433013 -0.00250000 0.00500000
v -0.00433013 -0.00250000 0.00000000
v -0.00453154 -0.00211309 0.00500000
v -0.00453154 -0.00211309 0.00000000
v -0.00469846 -0.00171010 0.00500000
v -0.00469846 -0.00171010 0.00000000
v -0.00482963 -0.00129410 0.00500000
v -0.00482963 -0.00129410 0.00000000
v -0.00492404 -0.00086824 0.00500000
v -0.00492404 -0.00086824 0.00000000
v -0.00498097 -0.00043578 0.00500000
v -0.00498097 -0.00043578 0.00000000
v -0.10417099 -0.03698697 0.02130000
v -0.10412091 -0.03686607 0.02130000
v -0.11000000 -0.03000000 0.02130000
v -0.10140198 -0.03813393 0.02130000
v -0.10000000 -0.04000000 0.02130000
v -0.10135191 -0.03801303 0.02130000
v -0.10131256 -0.03788823 0.02130000
v -0.10146241 -0.03825000 0.02130000
v -0.10153272 -0.03836036 0.02130000
v -0.10161238 -0.03846418 0.02130000
v -0.10128424 -0.03776047 0.02130000
v -0.09104579 -0.03000000 0.02130000
v -0.10126715 -0.03763073 0.02130000
v -0.10190108 -0.03872873 0.02130000
v -0.10201145 -0.03879904 0.02130000
v -0.10212752 -0.03885946 0.02130000
v -0.10224842 -0.03890954 0.02130000
v -0.10153272 -0.03663963 0.02130000
v -0.10146241 -0.03675000 0.02130000
v -0.10140198 -0.03686607 0.02130000
v -0.10170079 -0.03856066 0.02130000
v -0.10179727 -0.03864907 0.02130000
v -0.10362181 -0.03627127 0.02130000
v -0.10351145 -0.03620096 0.02130000
v -0.10339537 -0.03614054 0.02130000
v -0.10327448 -0.03609046 0.02130000
v -0.10135191 -0.03698697 0.02130000
v -0.10131256 -0.03711177 0.02130000
v -0.10128424 -0.03723953 0.02130000
v -0.10126715 -0.03736927 0.02130000
v -0.10126144 -0.03750000 0.02130000
v -0.10237322 -0.03894889 0.02130000
v -0.10250098 -0.03897721 0.02130000
v -0.10263071 -0.03899429 0.02130000
v -0.10314967 -0.03894889 0.02130000
v -0.10327448 -0.03890954 0.02130000
v -0.11000000 -0.04000000 0.02130000
v -0.10339537 -0.03885946 0.02130000
v -0.10351145 -0.03879904 0.02130000
v -0.10406049 -0.03825000 0.02130000
v -0.10412091 -0.03813393 0.02130000
v -0.10417099 -0.03801303 0.02130000
v -0.10406049 -0.03675000 0.02130000
v -0.10399017 -0.03663963 0.02130000
v -0.10391051 -0.03653582 0.02130000
v -0.10314967 -0.03605111 0.02130000
v -0.10302192 -0.03602279 0.02130000
v -0.10289218 -0.03600571 0.02130000
v -0.10382210 -0.03643934 0.02130000
v -0.10372563 -0.03635093 0.02130000
v -0.10179727 -0.03635093 0.02130000
v -0.10170079 -0.03643934 0.02130000
v -0.10161238 -0.03653582 0.02130000
v -0.10276145 -0.03900000 0.02130000
v -0.10289218 -0.03899429 0.02130000
v -0.10302192 -0.03897721 0.02130000
v -0.10362181 -0.03872873 0.02130000
v -0.10372563 -0.03864907 0.02130000
v -0.10382210 -0.03856066 0.02130000
v -0.10423866 -0.03723953 0.02130000
v -0.10421033 -0.03711177 0.02130000
v -0.10237322 -0.03605111 0.02130000
v -0.10224842 -0.03609046 0.02130000
v -0.10212752 -0.03614054 0.02130000
v -0.10391051 -0.03846418 0.02130000
v -0.10399017 -0.03836036 0.02130000
v -0.10421033 -0.03788823 0.02130000
v -0.10423866 -0.03776047 0.02130000
v -0.10425574 -0.03763073 0.02130000
v -0.10201145 -0.03620096 0.02130000
v -0.10190108 -0.03627127 0.02130000
v -0.10426144 -0.03750000 0.02130000
v -0.10425574 -0.03736927 0.02130000
v -0.10276145 -0.03600000 0.02130000
v -0.10263071 -0.03600571 0.02130000
v -0.10250098 -0.03602279 0.02130000
v -0.00866025 -0.00500000 0.05000000
v -0.06866025 -0.00500000 0.05000000
v -0.05866025 -0.00500000 0.00500000
v -0.06866025 -0.00500000 0.00000000
v -0.00866025 -0.00500000 0.00500000
v -0.00866025 -0.00500000 0.00000000
v -0.00500000 -0.00000000 0.05000000
v -0.00498097 0.00043578 0.05000000
v -0.00492404 0.00086824 0.05000000
v -0.00482963 0.00129410 0.05000000
v -0.00469846 0.00171010 0.05000000
v -0.00453154 0.00211309 0.05000000
v -0.00433013 0.00250000 0.05000000
v -0.00409576 0.00286788 0.05000000
v -0.00383022 0.00321394 0.05000000
v -0.00353553 0.00353553 0.05000000
v -0.00321394 0.00383022 0.05000000
v -0.00286788 0.00409576 0.05000000
v -0.00250000 0.00433013 0.05000000
v -0.00211309 0.00453154 0.05000000
v -0.00171010 0.00469846 0.05000000
v -0.00129410 0.00482963 0.05000000
v -0.00086824 0.00492404 0.05000000
v -0.00043578 0.00498097 0.05000000
v -0.00000000 0.00500000 0.05000000
v 0.00043578 0.00498097 0.05000000
v 0.00086824 0.00492404 0.05000000
v 0.00129410 0.00482963 0.05000000
v 0.00171010 0.00469846 0.05000000
v 0.00211309 0.00453154 0.05000000
v 0.00250000 0.00433013 0.05000000
v 0.00286788 0.00409576 0.05000000
v 0.00321394 0.00383022 0.05000000
v 0.00353553 0.00353553 0.05000000
v 0.00383022 0.00321394 0.05000000
v 0.00409576 0.00286788 0.05000000
v 0.00433013 0.00250000 0.05000000
v 0.00453154 0.00211309 0.05000000
v 0.00469846 0.00171010 0.05000000
v 0.00482963 0.00129410 0.05000000
v 0.00492404 0.00086824 0.05000000
v 0.00498097 0.00043578 0.05000000
v 0.00500000 0.00000000 0.05000000
v 0.00498097 -0.00043578 0.05000000
v 0.00492404 -0.00086824 0.05000000
v 0.00482963 -0.00129410 0.05000000
v 0.00469846 -0.00171010 0.05000000
v 0.00453154 -0.00211309 0.05000000
v 0.00433013 -0.00250000 0.05000000
v 0.00409576 -0.00286788 0.05000000
v 0.00383022 -0.00321394 0.05000000
v 0.00353553 -0.00353553 0.05000000
v 0.00321394 -0.00383022 0.05000000
v 0.00286788 -0.00409576 0.05000000
v 0.00250000 -0.00433013 0.05000000
v 0.00211309 -0.00453154 0.05000000
v 0.00171010 -0.00469846 0.05000000
v 0.00129410 -0.00482963 0.05000000
v 0.00086824 -0.00492404 0.05000000
v 0.00043578 -0.00498097 0.05000000
v 0.00000000 -0.00500000 0.05000000
v -0.00043578 -0.00498097 0.05000000
v -0.00086824 -0.00492404 0.05000000
v -0.00129410 -0.00482963 0.05000000
v -0.00171010 -0.00469846 0.05000000
v -0.00211309 -0.00453154 0.05000000
v -0.00250000 -0.00433013 0.05000000
v -0.00286788 -0.00409576 0.05000000
v -0.00321394 -0.00383022 0.05000000
v -0.00353553 -0.00353553 0.05000000
v -0.00383022 -0.00321394 0.05000000
v -0.00409576 -0.00286788 0.05000000
v -0.00433013 -0.00250000 0.05000000
v -0.00453154 -0.00211309 0.05000000
v -0.00469846 -0.00171010 0.05000000
v -0.00482963 -0.00129410 0.05000000
v -0.00492404 -0.00086824 0.05000000
v -0.00498097 -0.00043578 0.05000000
v -0.00866025 0.00500000 0.00500000
v -0.00866025 0.00500000 0.00000000
v -0.05866025 0.00500000 0.00500000
v -0.06866025 0.00500000 0.00000000
v -0.06866025 0.00500000 0.05000000
v -0.00866025 0.00500000 0.05000000
v -0.10000000 0.04000000 0.05000000
v -0.10000000 0.04000000 0.02870000
v -0.11000000 0.04000000 0.02870000
v -0.10000000 0.04000000 0.01770000
v -0.10000000 0.04000000 0.00000000
v -0.11000000 0.04000000 0.01770000
v -0.30000001 0.04000000 0.00000000
v -0.30000001 0.04000000 0.05000000
v -0.00819152 -0.00573576 0.00000000
v -0.00819152 -0.00573576 0.00500000
v -0.00766044 -0.00642788 0.00000000
v -0.00766044 -0.00642788 0.00500000
v -0.00707107 -0.00707107 0.00000000
v -0.00707107 -0.00707107 0.00500000
v -0.00642788 -0.00766044 0.00000000
v -0.00642788 -0.00766044 0.00500000
v -0.00573576 -0.00819152 0.00000000
v -0.00573576 -0.00819152 0.00500000
v -0.00500000 -0.00866025 0.00000000
v -0.00500000 -0.00866025 0.00500000
v -0.00422618 -0.00906308 0.00000000
v -0.00422618 -0.00906308 0.00500000
v -0.00342020 -0.00939693 0.00000000
v -0.00342020 -0.00939693 0.00500000
v -0.00258819 -0.00965926 0.00000000
v -0.00258819 -0.00965926 0.00500000
v -0.00173648 -0.00984808 0.00000000
v -0.00173648 -0.00984808 0.00500000
v -0.00087156 -0.00996195 0.00000000
v -0.00087156 -0.00996195 0.00500000
v -0.00000000 -0.01000000 0.00000000
v -0.00000000 -0.01000000 0.00500000
v 0.00087156 -0.00996195 0.00000000
v 0.00087156 -0.00996195 0.00500000
v 0.00173648 -0.00984808 0.00000000
v 0.00173648 -0.00984808 0.00500000
v 0.00258819 -0.00965926 0.00000000
v 0.00258819 -0.00965926 0.00500000
v 0.00342020 -0.00939693 0.00000000
v 0.00342020 -0.00939693 0.00500000
v 0.00422618 -0.00906308 0.00000000
v 0.00422618 -0.00906308 0.00500000
v 0.00500000 -0.00866025 0.00000000
v 0.00500000 -0.00866025 0.00500000
v 0.00573576 -0.00819152 0.00000000
v 0.00573576 -0.00819152 0.00500000
v 0.00642788 -0.00766044 0.00000000
v 0.00642788 -0.00766044 0.00500000
v 0.00707107 -0.00707107 0.00000000
v 0.00707107 -0.00707107 0.00500000
v 0.00766044 -0.00642788 0.00000000
v 0.00766044 -0.00642788 0.00500000
v 0.00819152 -0.00573576 0.00000000
v 0.00819152 -0.00573576 0.00500000
v 0.00866025 -0.00500000 0.00000000
v 0.00866025 -0.00500000 0.00500000
v 0.00906308 -0.00422618 0.00000000
v 0.00906308 -0.00422618 0.00500000
v 0.00939693 -0.00342020 0.00000000
v 0.00939693 -0.00342020 0.00500000
v 0.00965926 -0.00258819 0.00000000
v 0.00965926 -0.00258819 0.00500000
v 0.00984808 -0.00173648 0.00000000
v 0.00984808 -0.00173648 0.00500000
v 0.00996195 -0.00087156 0.00000000
v 0.00996195 -0.00087156 0.00500000
v 0.01000000 -0.00000000 0.00000000
v 0.01000000 -0.00000000 0.00500000
v 0.00996195 0.00087156 0.00000000
v 0.00996195 0.00087156 0.00500000
v 0.00984808 0.00173648 0.00000000
v 0.00984808 0.00173648 0.00500000
v 0.00965926 0.00258819 0.00000000
v 0.00965926 0.00258819 0.00500000
v 0.00939693 0.00342020 0.00000000
v 0.00939693 0.00342020 0.00500000
v 0.00906308 0.00422618 0.00000000
v 0.00906308 0.00422618 0.00500000
v 0.00866025 0.00500000 0.00000000
v 0.00866025 0.00500000 0.00500000
v 0.00819152 0.00573576 0.00000000
v 0.00819152 0.00573576 0.00500000
v 0.00766044 0.00642788 0.00000000
v 0.00766044 0.00642788 0.00500000
v 0.00707107 0.00707107 0.00000000
v 0.00707107 0.00707107 0.00500000
v 0.00642788 0.00766044 0.00000000
v 0.00642788 0.00766044 0.00500000
v 0.00573576 0.00819152 0.00000000
v 0.00573576 0.00819152 0.00500000
v 0.00500000 0.00866025 0.00000000
v 0.00500000 0.00866025 0.00500000
v 0.00422618 0.00906308 0.00000000
v 0.00422618 0.00906308 0.00500000
v 0.00342020 0.00939693 0.00000000
v 0.00342020 0.00939693 0.00500000
v 0.00258819 0.00965926 0.00000000
v 0.00258819 0.00965926 0.00500000
v 0.00173648 0.00984808 0.00000000
v 0.00173648 0.00984808 0.00500000
v 0.00087156 0.00996195 0.00000000
v 0.00087156 0.00996195 0.00500000
v 0.00000000 0.01000000 0.00000000
v 0.00000000 0.01000000 0.00500000
v -0.00087156 0.00996195 0.00000000
v -0.00087156 0.00996195 0.00500000
v -0.00173648 0.00984808 0.00000000
v -0.00173648 0.00984808 0.00500000
v -0.00258819 0.00965926 0.00000000
v -0.00258819 0.00965926 0.00500000
v -0.00342020 0.00939693 0.00000000
v -0.00342020 0.00939693 0.00500000
v -0.00422618 0.00906308 0.00000000
v -0.00422618 0.00906308 0.00500000
v -0.00500000 0.00866025 0.00000000
v -0.00500000 0.00866025 0.00500000
v -0.00573576 0.00819152 0.00000000
v -0.00573576 0.00819152 0.00500000
v -0.00642788 0.00766044 0.00000000
v -0.00642788 0.00766044 0.00500000
v -0.00707107 0.00707107 0.00000000
v -0.00707107 0.00707107 0.00500000
v -0.00766044 0.00642788 0.00000000
v -0.00766044 0.00642788 0.00500000
v -0.00819152 0.00573576 0.00000000
v -0.00819152 0.00573576 0.00500000
v -0.10000000 -0.04000000 0.00000000
v -0.10000000 -0.04000000 0.03230000
v -0.10000000 -0.04000000 0.05000000
v -0.11000000 -0.04000000 0.03230000
v -0.30000001 -0.04000000 0.05000000
v -0.30000001 -0.04000000 0.00000000
v -0.09104579 -0.03000000 0.03230000
v -0.30355746 -0.04164159 0.00000000
v -0.30724418 -0.04296751 0.00000000
v -0.31103230 -0.04396774 0.00000000
v -0.31489304 -0.04463466 0.00000000
v -0.31879717 -0.04496325 0.00000000
v -0.32271510 -0.04495099 0.00000000
v -0.32661709 -0.04459799 0.00000000
v -0.33047360 -0.04390693 0.00000000
v -0.33425537 -0.04288303 0.00000000
v -0.33793375 -0.04153407 0.00000000
v -0.34148085 -0.03987026 0.00000000
v -0.34486979 -0.03790423 0.00000000
v -0.34807488 -0.03565086 0.00000000
v -0.35107180 -0.03312725 0.00000000
v -0.35383788 -0.03035253 0.00000000
v -0.35635209 -0.02734772 0.00000000
v -0.35859543 -0.02413560 0.00000000
v -0.36055085 -0.02074053 0.00000000
v -0.36220357 -0.01718824 0.00000000
v -0.36354101 -0.01350566 0.00000000
v -0.36455306 -0.00972070 0.00000000
v -0.36523208 -0.00586205 0.00000000
v -0.36557287 -0.00195897 0.00000000
v -0.36557287 0.00195897 0.00000000
v -0.36523208 0.00586205 0.00000000
v -0.36455306 0.00972070 0.00000000
v -0.36354101 0.01350566 0.00000000
v -0.36220357 0.01718824 0.00000000
v -0.36055085 0.02074053 0.00000000
v -0.35859543 0.02413560 0.00000000
v -0.35635209 0.02734772 0.00000000
v -0.35383788 0.03035253 0.00000000
v -0.35107180 0.03312725 0.00000000
v -0.34807488 0.03565086 0.00000000
v -0.34486979 0.03790423 0.00000000
v -0.34148085 0.03987026 0.00000000
v -0.33793375 0.04153407 0.00000000
v -0.33425537 0.04288303 0.00000000
v -0.33047360 0.04390693 0.00000000
v -0.32661709 0.04459799 0.00000000
v -0.32271510 0.04495099 0.00000000
v -0.31879717 0.04496325 0.00000000
v -0.31489304 0.04463466 0.00000000
v -0.31103230 0.04396774 0.00000000
v -0.30724418 0.04296751 0.00000000
v -0.30355746 0.04164159 0.00000000
v -0.09000000 0.02883207 0.02870000
v -0.09000000 0.02883207 0.01770000
v -0.10327403 0.03609046 0.05000000
v -0.10339493 0.03614054 0.05000000
v -0.10179682 0.03635093 0.05000000
v -0.10190064 0.03627127 0.05000000
v -0.10351100 0.03620096 0.05000000
v -0.10362136 0.03627127 0.05000000
v -0.10372518 0.03635093 0.05000000
v -0.00819152 -0.00573576 0.05000000
v -0.10302147 0.03602279 0.05000000
v -0.10314923 0.03605111 0.05000000
v -0.00766044 -0.00642788 0.05000000
v -0.00707107 -0.00707107 0.05000000
v -0.00642788 -0.00766044 0.05000000
v -0.00573576 -0.00819152 0.05000000
v -0.00500000 -0.00866025 0.05000000
v -0.00422618 -0.00906308 0.05000000
v -0.00342020 -0.00939693 0.05000000
v -0.00258819 -0.00965926 0.05000000
v -0.00173648 -0.00984808 0.05000000
v -0.10126100 0.03750000 0.05000000
v -0.10126670 0.03736927 0.05000000
v -0.10128379 0.03723953 0.05000000
v -0.10131211 0.03711177 0.05000000
v -0.10135146 0.03698697 0.05000000
v -0.10201100 0.03620096 0.05000000
v -0.10212708 0.03614054 0.05000000
v -0.10224797 0.03609046 0.05000000
v -0.10382166 0.03643934 0.05000000
v -0.10391007 0.03653582 0.05000000
v -0.10398973 0.03663963 0.05000000
v -0.10406004 0.03675000 0.05000000
v -0.10412046 0.03686607 0.05000000
v -0.10417054 0.03698697 0.05000000
v -0.10423821 0.03776047 0.05000000
v -0.10420989 0.03788823 0.05000000
v -0.10417054 0.03801303 0.05000000
v -0.10412046 0.03813393 0.05000000
v -0.10250053 0.03897721 0.05000000
v -0.10237277 0.03894889 0.05000000
v -0.10224797 0.03890954 0.05000000
v -0.10212708 0.03885946 0.05000000
v -0.10153227 0.03836036 0.05000000
v -0.10146196 0.03825000 0.05000000
v -0.10140154 0.03813393 0.05000000
v -0.10135146 0.03801303 0.05000000
v -0.10131211 0.03788823 0.05000000
v -0.10128379 0.03776047 0.05000000
v -0.10126670 0.03763073 0.05000000
v -0.10140154 0.03686607 0.05000000
v -0.10146196 0.03675000 0.05000000
v -0.10153227 0.03663963 0.05000000
v -0.10263027 0.03600571 0.05000000
v -0.10276100 0.03600000 0.05000000
v -0.10289174 0.03600571 0.05000000
v -0.10237277 0.03605111 0.05000000
v -0.10250053 0.03602279 0.05000000
v -0.10420989 0.03711177 0.05000000
v -0.10423821 0.03723953 0.05000000
v -0.10425529 0.03736927 0.05000000
v -0.10302147 0.03897721 0.05000000
v -0.10289174 0.03899429 0.05000000
v -0.10201100 0.03879904 0.05000000
v -0.10190064 0.03872873 0.05000000
v -0.10179682 0.03864907 0.05000000
v -0.10161193 0.03653582 0.05000000
v -0.10170034 0.03643934 0.05000000
v -0.10406004 0.03825000 0.05000000
v -0.10398973 0.03836036 0.05000000
v -0.10391007 0.03846418 0.05000000
v -0.10362136 0.03872873 0.05000000
v -0.10351100 0.03879904 0.05000000
v -0.10276100 0.03900000 0.05000000
v -0.10263027 0.03899429 0.05000000
v -0.10170034 0.03856066 0.05000000
v -0.10161193 0.03846418 0.05000000
v -0.36557287 -0.00195897 0.05000000
v -0.36523208 -0.00586205 0.05000000
v -0.36455306 -0.00972070 0.05000000
v -0.36354101 -0.01350566 0.05000000
v -0.36220357 -0.01718824 0.05000000
v -0.36055085 -0.02074053 0.05000000
v -0.35859543 -0.02413560 0.05000000
v -0.35635209 -0.02734772 0.05000000
v -0.35383788 -0.03035253 0.05000000
v -0.35107180 -0.03312725 0.05000000
v -0.34807488 -0.03565086 0.05000000
v -0.34486979 -0.03790423 0.05000000
v -0.34148085 -0.03987026 0.05000000
v -0.33793375 -0.04153407 0.05000000
v -0.33425537 -0.04288303 0.05000000
v -0.33047360 -0.04390693 0.05000000
v -0.32661709 -0.04459799 0.05000000
v -0.32271510 -0.04495099 0.05000000
v -0.31879717 -0.04496325 0.05000000
v -0.31489304 -0.04463466 0.05000000
v -0.31103230 -0.04396774 0.05000000
v -0.30724418 -0.04296751 0.05000000
v -0.30355746 -0.04164159 0.05000000
v -0.31879717 0.04496325 0.05000000
v -0.32271510 0.04495099 0.05000000
v -0.32661709 0.04459799 0.05000000
v -0.33047360 0.04390693 0.05000000
v -0.33425537 0.04288303 0.05000000
v -0.33793375 0.04153407 0.05000000
v -0.34148085 0.03987026 0.05000000
v -0.34486979 0.03790423 0.05000000
v -0.34807488 0.03565086 0.05000000
v -0.35107180 0.03312725 0.05000000
v -0.35383788 0.03035253 0.05000000
v -0.35635209 0.02734772 0.05000000
v -0.35859543 0.02413560 0.05000000
v -0.36055085 0.02074053 0.05000000
v -0.36220357 0.01718824 0.05000000
v -0.36354101 0.01350566 0.05000000
v -0.36455306 0.00972070 0.05000000
v -0.36523208 0.00586205 0.05000000
v -0.36557287 0.00195897 0.05000000
v -0.30355746 0.04164159 0.05000000
v -0.30724418 0.04296751 0.05000000
v -0.00087156 -0.00996195 0.05000000
v -0.00000000 -0.01000000 0.05000000
v 0.00087156 -0.00996195 0.05000000
v 0.00173648 -0.00984808 0.05000000
v 0.00258819 -0.00965926 0.05000000
v 0.00342020 -0.00939693 0.05000000
v 0.00422618 -0.00906308 0.05000000
v 0.00500000 -0.00866025 0.05000000
v 0.00573576 -0.00819152 0.05000000
v 0.00642788 -0.00766044 0.05000000
v 0.00707107 -0.00707107 0.05000000
v 0.00766044 -0.00642788 0.05000000
v 0.00819152 -0.00573576 0.05000000
v 0.00866025 -0.00500000 0.05000000
v 0.00906308 -0.00422618 0.05000000
v 0.00939693 -0.00342020 0.05000000
v 0.00965926 -0.00258819 0.05000000
v 0.00984808 -0.00173648 0.05000000
v 0.00996195 -0.00087156 0.05000000
v 0.01000000 -0.00000000 0.05000000
v 0.00996195 0.00087156 0.05000000
v 0.00984808 0.00173648 0.05000000
v 0.00965926 0.00258819 0.05000000
v 0.00939693 0.00342020 0.05000000
v 0.00906308 0.00422618 0.05000000
v 0.00866025 0.00500000 0.05000000
v 0.00819152 0.00573576 0.05000000
v 0.00766044 0.00642788 0.05000000
v 0.00707107 0.00707107 0.05000000
v 0.00642788 0.00766044 0.05000000
v 0.00573576 0.00819152 0.05000000
v 0.00500000 0.00866025 0.05000000
v 0.00422618 0.00906308 0.05000000
v 0.00342020 0.00939693 0.05000000
v 0.00258819 0.00965926 0.05000000
v 0.00173648 0.00984808 0.05000000
v 0.00087156 0.00996195 0.05000000
v 0.00000000 0.01000000 0.05000000
v -0.00087156 0.00996195 0.05000000
v -0.00173648 0.00984808 0.05000000
v -0.00258819 0.00965926 0.05000000
v -0.00342020 0.00939693 0.05000000
v -0.00422618 0.00906308 0.05000000
v -0.00500000 0.00866025 0.05000000
v -0.00573576 0.00819152 0.05000000
v -0.00642788 0.00766044 0.05000000
v -0.00707107 0.00707107 0.05000000
v -0.00766044 0.00642788 0.05000000
v -0.00819152 0.00573576 0.05000000
v -0.10426100 0.03750000 0.05000000
v -0.10425529 0.03763073 0.05000000
v -0.10382166 0.03856066 0.05000000
v -0.10372518 0.03864907 0.05000000
v -0.10339493 0.03885946 0.05000000
v -0.10327403 0.03890954 0.05000000
v -0.10314923 0.03894889 0.05000000
v -0.31103230 0.04396774 0.05000000
v -0.31489304 0.04463466 0.05000000
v -0.30500001 0.04220374 0.00500000
v -0.30500001 0.04220374 0.04500000
v -0.11000000 0.02500000 0.02870000
v -0.11000000 0.02500000 0.01770000
v -0.30724418 0.04296751 0.00500000
v -0.31103230 0.04396774 0.00500000
v -0.31489304 0.04463466 0.00500000
v -0.31879717 0.04496325 0.00500000
v -0.32271510 0.04495099 0.00500000
v -0.32661709 0.04459799 0.00500000
v -0.33047360 0.04390693 0.00500000
v -0.33425537 0.04288303 0.00500000
v -0.33793375 0.04153407 0.00500000
v -0.34148085 0.03987026 0.00500000
v -0.34486979 0.03790423 0.00500000
v -0.34807488 0.03565086 0.00500000
v -0.35107180 0.03312725 0.00500000
v -0.35383788 0.03035253 0.00500000
v -0.35635209 0.02734772 0.00500000
v -0.35859543 0.02413560 0.00500000
v -0.36055085 0.02074053 0.00500000
v -0.36220357 0.01718824 0.00500000
v -0.36354101 0.01350566 0.00500000
v -0.36455306 0.00972070 0.00500000
v -0.36523208 0.00586205 0.00500000
v -0.36557287 0.00195897 0.00500000
v -0.36557287 -0.00195897 0.00500000
v -0.36523208 -0.00586205 0.00500000
v -0.36455306 -0.00972070 0.00500000
v -0.36354101 -0.01350566 0.00500000
v -0.36220357 -0.01718824 0.00500000
v -0.36055085 -0.02074053 0.00500000
v -0.35859543 -0.02413560 0.00500000
v -0.35635209 -0.02734772 0.00500000
v -0.35383788 -0.03035253 0.00500000
v -0.35107180 -0.03312725 0.00500000
v -0.34807488 -0.03565086 0.00500000
v -0.34486979 -0.03790423 0.00500000
v -0.34148085 -0.03987026 0.00500000
v -0.33793375 -0.04153407 0.00500000
v -0.33425537 -0.04288303 0.00500000
v -0.33047360 -0.04390693 0.00500000
v -0.32661709 -0.04459799 0.00500000
v -0.32271510 -0.04495099 0.00500000
v -0.31879717 -0.04496325 0.00500000
v -0.31489304 -0.04463466 0.00500000
v -0.31103230 -0.04396774 0.00500000
v -0.30724418 -0.04296751 0.00500000
v -0.30724418 -0.04296751 0.04500000
v -0.30500001 -0.04220374 0.04500000
v -0.30500001 -0.04220374 0.00500000
v -0.31103230 -0.04396774 0.04500000
v -0.31489304 -0.04463466 0.04500000
v -0.31879717 -0.04496325 0.04500000
v -0.32271510 -0.04495099 0.04500000
v -0.32661709 -0.04459799 0.04500000
v -0.33047360 -0.04390693 0.04500000
v -0.33425537 -0.04288303 0.04500000
v -0.33793375 -0.04153407 0.04500000
v -0.34148085 -0.03987026 0.04500000
v -0.34486979 -0.03790423 0.04500000
v -0.34807488 -0.03565086 0.04500000
v -0.35107180 -0.03312725 0.04500000
v -0.35383788 -0.03035253 0.04500000
v -0.35635209 -0.02734772 0.04500000
v -0.35859543 -0.02413560 0.04500000
v -0.36055085 -0.02074053 0.04500000
v -0.36220357 -0.01718824 0.04500000
v -0.36354101 -0.01350566 0.04500000
v -0.36455306 -0.00972070 0.04500000
v -0.36523208 -0.00586205 0.04500000
v -0.36557287 -0.00195897 0.04500000
v -0.36557287 0.00195897 0.04500000
v -0.36523208 0.00586205 0.04500000
v -0.36455306 0.00972070 0.04500000
v -0.36354101 0.01350566 0.04500000
v -0.36220357 0.01718824 0.04500000
v -0.36055085 0.02074053 0.04500000
v -0.35859543 0.02413560 0.04500000
v -0.35635209 0.02734772 0.04500000
v -0.35383788 0.03035253 0.04500000
v -0.35107180 0.03312725 0.04500000
v -0.34807488 0.03565086 0.04500000
v -0.34486979 0.03790423 0.04500000
v -0.34148085 0.03987026 0.04500000
v -0.33793375 0.04153407 0.04500000
v -0.33425537 0.04288303 0.04500000
v -0.33047360 0.04390693 0.04500000
v -0.32661709 0.04459799 0.04500000
v -0.32271510 0.04495099 0.04500000
v -0.31879717 0.04496325 0.04500000
v -0.31489304 0.04463466 0.04500000
v -0.31103230 0.04396774 0.04500000
v -0.30724418 0.04296751 0.04500000
v -0.09000000 0.02500000 0.01770000
v -0.09000000 0.02500000 0.02870000
v -0.11000000 -0.03000000 0.03230000
v -0.10100571 0.03733875 0.01770000
v -0.10100000 0.03720802 0.01770000
v -0.10114054 0.03657409 0.01770000
v -0.10109046 0.03669499 0.01770000
v -0.10105111 0.03681979 0.01770000
v -0.10153582 0.03605895 0.01770000
v -0.10163964 0.03597929 0.01770000
v -0.10100571 0.03707729 0.01770000
v -0.10102279 0.03694754 0.01770000
v -0.10143934 0.03614736 0.01770000
v -0.10175000 0.03590898 0.01770000
v -0.10186607 0.03584856 0.01770000
v -0.10198697 0.03579848 0.01770000
v -0.10127127 0.03806838 0.01770000
v -0.10120096 0.03795802 0.01770000
v -0.10114054 0.03784195 0.01770000
v -0.10120096 0.03645802 0.01770000
v -0.10127127 0.03634765 0.01770000
v -0.10135093 0.03624384 0.01770000
v -0.10336036 0.03843675 0.01770000
v -0.10325000 0.03850706 0.01770000
v -0.10313392 0.03856748 0.01770000
v -0.10301303 0.03861756 0.01770000
v -0.10109046 0.03772105 0.01770000
v -0.10105111 0.03759625 0.01770000
v -0.10102279 0.03746849 0.01770000
v -0.10313392 0.03584856 0.01770000
v -0.10325000 0.03590898 0.01770000
v -0.10397721 0.03746849 0.01770000
v -0.10394889 0.03759625 0.01770000
v -0.10390954 0.03772105 0.01770000
v -0.10385946 0.03784195 0.01770000
v -0.10379904 0.03795802 0.01770000
v -0.10372873 0.03806838 0.01770000
v -0.10364906 0.03817220 0.01770000
v -0.10250000 0.03870802 0.01770000
v -0.10236926 0.03870231 0.01770000
v -0.10236926 0.03571372 0.01770000
v -0.10223953 0.03573081 0.01770000
v -0.10211177 0.03575913 0.01770000
v -0.10250000 0.03570802 0.01770000
v -0.10263073 0.03571372 0.01770000
v -0.10276047 0.03573081 0.01770000
v -0.10379904 0.03645802 0.01770000
v -0.10385946 0.03657409 0.01770000
v -0.10390954 0.03669499 0.01770000
v -0.10356066 0.03826868 0.01770000
v -0.10346418 0.03835709 0.01770000
v -0.10288823 0.03865691 0.01770000
v -0.10276047 0.03868523 0.01770000
v -0.10263073 0.03870231 0.01770000
v -0.10153582 0.03835709 0.01770000
v -0.10143934 0.03826868 0.01770000
v -0.10135093 0.03817220 0.01770000
v -0.10288823 0.03575913 0.01770000
v -0.10301303 0.03579848 0.01770000
v -0.10336036 0.03597929 0.01770000
v -0.10346418 0.03605895 0.01770000
v -0.10356066 0.03614736 0.01770000
v -0.10198697 0.03861756 0.01770000
v -0.10186607 0.03856748 0.01770000
v -0.10364906 0.03624384 0.01770000
v -0.10372873 0.03634765 0.01770000
v -0.10394889 0.03681979 0.01770000
v -0.10397721 0.03694754 0.01770000
v -0.10399430 0.03707729 0.01770000
v -0.10223953 0.03868523 0.01770000
v -0.10211177 0.03865691 0.01770000
v -0.10175000 0.03850706 0.01770000
v -0.10163964 0.03843675 0.01770000
v -0.10400000 0.03720802 0.01770000
v -0.10399430 0.03733875 0.01770000
v -0.10100000 0.03720802 0.01470000
v -0.10100571 0.03733875 0.01470000
v -0.10102279 0.03746849 0.01470000
v -0.10105111 0.03759625 0.01470000
v -0.10109046 0.03772105 0.01470000
v -0.10114054 0.03784195 0.01470000
v -0.10120096 0.03795802 0.01470000
v -0.10127127 0.03806838 0.01470000
v -0.10135093 0.03817220 0.01470000
v -0.10143934 0.03826868 0.01470000
v -0.10153582 0.03835709 0.01470000
v -0.10163964 0.03843675 0.01470000
v -0.10175000 0.03850706 0.01470000
v -0.10186607 0.03856748 0.01470000
v -0.10198697 0.03861756 0.01470000
v -0.10211177 0.03865691 0.01470000
v -0.10223953 0.03868523 0.01470000
v -0.10236926 0.03870231 0.01470000
v -0.10250000 0.03870802 0.01470000
v -0.10263073 0.03870231 0.01470000
v -0.10276047 0.03868523 0.01470000
v -0.10288823 0.03865691 0.01470000
v -0.10301303 0.03861756 0.01470000
v -0.10313392 0.03856748 0.01470000
v -0.10325000 0.03850706 0.01470000
v -0.10336036 0.03843675 0.01470000
v -0.10346418 0.03835709 0.01470000
v -0.10356066 0.03826868 0.01470000
v -0.10364906 0.03817220 0.01470000
v -0.10372873 0.03806838 0.01470000
v -0.10379904 0.03795802 0.01470000
v -0.10385946 0.03784195 0.01470000
v -0.10390954 0.03772105 0.01470000
v -0.10394889 0.03759625 0.01470000
v -0.10397721 0.03746849 0.01470000
v -0.10399430 0.03733875 0.01470000
v -0.10400000 0.03720802 0.01470000
v -0.10399430 0.03707729 0.01470000
v -0.10397721 0.03694754 0.01470000
v -0.10394889 0.03681979 0.01470000
v -0.10390954 0.03669499 0.01470000
v -0.10385946 0.03657409 0.01470000
v -0.10379904 0.03645802 0.01470000
v -0.10372873 0.03634765 0.01470000
v -0.10364906 0.03624384 0.01470000
v -0.10356066 0.03614736 0.01470000
v -0.10346418 0.03605895 0.01470000
v -0.10336036 0.03597929 0.01470000
v -0.10325000 0.03590898 0.01470000
v -0.10313392 0.03584856 0.01470000
v -0.10301303 0.03579848 0.01470000
v -0.10288823 0.03575913 0.01470000
v -0.10276047 0.03573081 0.01470000
v -0.10263073 0.03571372 0.01470000
v -0.10250000 0.03570802 0.01470000
v -0.10236926 0.03571372 0.01470000
v -0.10223953 0.03573081 0.01470000
v -0.10211177 0.03575913 0.01470000
v -0.10198697 0.03579848 0.01470000
v -0.10186607 0.03584856 0.01470000
v -0.10175000 0.03590898 0.01470000
v -0.10163964 0.03597929 0.01470000
v -0.10153582 0.03605895 0.01470000
v -0.10143934 0.03614736 0.01470000
v -0.10135093 0.03624384 0.01470000
v -0.10127127 0.03634765 0.01470000
v -0.10120096 0.03645802 0.01470000
v -0.10114054 0.03657409 0.01470000
v -0.10109046 0.03669499 0.01470000
v -0.10105111 0.03681979 0.01470000
v -0.10102279 0.03694754 0.01470000
v -0.10100571 0.03707729 0.01470000
v -0.10126144 -0.03750000 0.01830000
v -0.10126715 -0.03736927 0.01830000
v -0.10128424 -0.03723953 0.01830000
v -0.10131256 -0.03711177 0.01830000
v -0.10135191 -0.03698697 0.01830000
v -0.10140198 -0.03686607 0.01830000
v -0.10146241 -0.03675000 0.01830000
v -0.10153272 -0.03663963 0.01830000
v -0.10161238 -0.03653582 0.01830000
v -0.10170079 -0.03643934 0.01830000
v -0.10179727 -0.03635093 0.01830000
v -0.10190108 -0.03627127 0.01830000
v -0.10201145 -0.03620096 0.01830000
v -0.10212752 -0.03614054 0.01830000
v -0.10224842 -0.03609046 0.01830000
v -0.10237322 -0.03605111 0.01830000
v -0.10250098 -0.03602279 0.01830000
v -0.10263071 -0.03600571 0.01830000
v -0.10276145 -0.03600000 0.01830000
v -0.10289218 -0.03600571 0.01830000
v -0.10302192 -0.03602279 0.01830000
v -0.10314967 -0.03605111 0.01830000
v -0.10327448 -0.03609046 0.01830000
v -0.10339537 -0.03614054 0.01830000
v -0.10351145 -0.03620096 0.01830000
v -0.10362181 -0.03627127 0.01830000
v -0.10372563 -0.03635093 0.01830000
v -0.10382210 -0.03643934 0.01830000
v -0.10391051 -0.03653582 0.01830000
v -0.10399017 -0.03663963 0.01830000
v -0.10406049 -0.03675000 0.01830000
v -0.10412091 -0.03686607 0.01830000
v -0.10417099 -0.03698697 0.01830000
v -0.10421033 -0.03711177 0.01830000
v -0.10423866 -0.03723953 0.01830000
v -0.10425574 -0.03736927 0.01830000
v -0.10426144 -0.03750000 0.01830000
v -0.10425574 -0.03763073 0.01830000
v -0.10423866 -0.03776047 0.01830000
v -0.10421033 -0.03788823 0.01830000
v -0.10417099 -0.03801303 0.01830000
v -0.10412091 -0.03813393 0.01830000
v -0.10406049 -0.03825000 0.01830000
v -0.10399017 -0.03836036 0.01830000
v -0.10391051 -0.03846418 0.01830000
v -0.10382210 -0.03856066 0.01830000
v -0.10372563 -0.03864907 0.01830000
v -0.10362181 -0.03872873 0.01830000
v -0.10351145 -0.03879904 0.01830000
v -0.10339537 -0.03885946 0.01830000
v -0.10327448 -0.03890954 0.01830000
v -0.10314967 -0.03894889 0.01830000
v -0.10302192 -0.03897721 0.01830000
v -0.10289218 -0.03899429 0.01830000
v -0.10276145 -0.03900000 0.01830000
v -0.10263071 -0.03899429 0.01830000
v -0.10250098 -0.03897721 0.01830000
v -0.10237322 -0.03894889 0.01830000
v -0.10224842 -0.03890954 0.01830000
v -0.10212752 -0.03885946 0.01830000
v -0.10201145 -0.03879904 0.01830000
v -0.10190108 -0.03872873 0.01830000
v -0.10179727 -0.03864907 0.01830000
v -0.10170079 -0.03856066 0.01830000
v -0.10161238 -0.03846418 0.01830000
v -0.10153272 -0.03836036 0.01830000
v -0.10146241 -0.03825000 0.01830000
v -0.10140198 -0.03813393 0.01830000
v -0.10135191 -0.03801303 0.01830000
v -0.10131256 -0.03788823 0.01830000
v -0.10128424 -0.03776047 0.01830000
v -0.10126715 -0.03763073 0.01830000
v -0.10128379 0.03723953 0.07500000
v -0.10126670 0.03736927 0.07500000
v -0.10276100 0.03750000 0.07500000
v -0.10126100 0.03750000 0.07500000
v -0.10126670 0.03763073 0.07500000
v -0.10140154 0.03686607 0.07500000
v -0.10135146 0.03698697 0.07500000
v -0.10131211 0.03711177 0.07500000
v -0.10161193 0.03653582 0.07500000
v -0.10153227 0.03663963 0.07500000
v -0.10146196 0.03675000 0.07500000
v -0.10190064 0.03627127 0.07500000
v -0.10179682 0.03635093 0.07500000
v -0.10170034 0.03643934 0.07500000
v -0.10224797 0.03609046 0.07500000
v -0.10212708 0.03614054 0.07500000
v -0.10201100 0.03620096 0.07500000
v -0.10263027 0.03600571 0.07500000
v -0.10250053 0.03602279 0.07500000
v -0.10237277 0.03605111 0.07500000
v -0.10302147 0.03602279 0.07500000
v -0.10289174 0.03600571 0.07500000
v -0.10276100 0.03600000 0.07500000
v -0.10339493 0.03614054 0.07500000
v -0.10327403 0.03609046 0.07500000
v -0.10314923 0.03605111 0.07500000
v -0.10372518 0.03635093 0.07500000
v -0.10362136 0.03627127 0.07500000
v -0.10351100 0.03620096 0.07500000
v -0.10398973 0.03663963 0.07500000
v -0.10391007 0.03653582 0.07500000
v -0.10382166 0.03643934 0.07500000
v -0.10417054 0.03698697 0.07500000
v -0.10412046 0.03686607 0.07500000
v -0.10406004 0.03675000 0.07500000
v -0.10425529 0.03736927 0.07500000
v -0.10423821 0.03723953 0.07500000
v -0.10420989 0.03711177 0.07500000
v -0.10423821 0.03776047 0.07500000
v -0.10425529 0.03763073 0.07500000
v -0.10426100 0.03750000 0.07500000
v -0.10412046 0.03813393 0.07500000
v -0.10417054 0.03801303 0.07500000
v -0.10420989 0.03788823 0.07500000
v -0.10391007 0.03846418 0.07500000
v -0.10398973 0.03836036 0.07500000
v -0.10406004 0.03825000 0.07500000
v -0.10362136 0.03872873 0.07500000
v -0.10372518 0.03864907 0.07500000
v -0.10382166 0.03856066 0.07500000
v -0.10327403 0.03890954 0.07500000
v -0.10339493 0.03885946 0.07500000
v -0.10351100 0.03879904 0.07500000
v -0.10289174 0.03899429 0.07500000
v -0.10302147 0.03897721 0.07500000
v -0.10314923 0.03894889 0.07500000
v -0.10250053 0.03897721 0.07500000
v -0.10263027 0.03899429 0.07500000
v -0.10276100 0.03900000 0.07500000
v -0.10212708 0.03885946 0.07500000
v -0.10224797 0.03890954 0.07500000
v -0.10237277 0.03894889 0.07500000
v -0.10179682 0.03864907 0.07500000
v -0.10190064 0.03872873 0.07500000
v -0.10201100 0.03879904 0.07500000
v -0.10153227 0.03836036 0.07500000
v -0.10161193 0.03846418 0.07500000
v -0.10170034 0.03856066 0.07500000
v -0.10135146 0.03801303 0.07500000
v -0.10140154 0.03813393 0.07500000
v -0.10146196 0.03825000 0.07500000
v -0.10128379 0.03776047 0.07500000
v -0.10131211 0.03788823 0.07500000
v -0.10276145 -0.03750000 0.01830000
v -0.10250000 0.03720802 0.01470000
f 1 2 3
f 2 4 3
f 3 4 5
f 6 7 3
f 7 8 3
f 3 8 1
f 9 10 3
f 10 11 3
f 3 11 6
f 12 13 3
f 13 14 3
f 3 14 9
f 15 16 3
f 16 17 3
f 3 17 12
f 18 19 3
f 19 20 3
f 3 20 15
f 21 22 3
f 22 23 3
f 3 23 18
f 24 25 3
f 25 26 3
f 3 26 21
f 27 28 3
f 28 29 3
f 3 29 24
f 30 31 3
f 31 32 3
f 3 32 27
f 33 34 3
f 34 35 3
f 3 35 30
f 36 37 3
f 37 38 3
f 3 38 33
f 39 40 3
f 40 41 3
f 3 41 36
f 42 43 3
f 43 44 3
f 3 44 39
f 45 46 3
f 46 47 3
f 3 47 42
f 48 49 3
f 49 50 3
f 3 50 45
f 51 52 3
f 52 53 3
f 3 53 48
f 54 55 3
f 55 56 3
f 3 56 51
f 57 58 3
f 58 59 3
f 3 59 54
f 60 61 3
f 61 62 3
f 3 62 57
f 63 64 3
f 64 65 3
f 3 65 60
f 66 67 3
f 67 68 3
f 3 68 63
f 69 70 3
f 70 71 3
f 3 71 66
f 5 72 3
f 72 73 3
f 3 73 69
f 74 40 75
f 40 39 75
f 75 39 76
f 39 44 76
f 76 44 77
f 44 43 77
f 77 43 78
f 43 42 78
f 78 42 79
f 42 47 79
f 79 47 80
f 47 46 80
f 80 46 81
f 46 45 81
f 81 45 82
f 45 50 82
f 82 50 83
f 50 49 83
f 83 49 84
f 49 48 84
f 84 48 85
f 48 53 85
f 85 53 86
f 53 52 86
f 86 52 87
f 52 51 87
f 87 51 88
f 51 56 88
f 88 56 89
f 56 55 89
f 89 55 90
f 55 54 90
f 90 54 91
f 54 59 91
f 91 59 92
f 59 58 92
f 92 58 93
f 58 57 93
f 93 57 94
f 57 62 94
f 94 62 95
f 62 61 95
f 95 61 96
f 61 60 96
f 96 60 97
f 60 65 97
f 97 65 98
f 65 64 98
f 98 64 99
f 64 63 99
f 99 63 100
f 63 68 100
f 100 68 101
f 68 67 101
f 101 67 102
f 67 66 102
f 102 66 103
f 66 71 103
f 103 71 104
f 71 70 104
f 104 70 105
f 70 69 105
f 105 69 106
f 69 73 106
f 106 73 107
f 73 72 107
f 107 72 108
f 72 5 108
f 108 5 109
f 5 4 109
f 109 4 110
f 4 2 110
f 110 2 111
f 2 1 111
f 111 1 112
f 1 8 112
f 112 8 113
f 8 7 113
f 113 7 114
f 7 6 114
f 114 6 115
f 6 11 115
f 115 11 116
f 11 10 116
f 116 10 117
f 10 9 117
f 117 9 118
f 9 14 118
f 118 14 119
f 14 13 119
f 119 13 120
f 13 12 120
f 120 12 121
f 12 17 121
f 121 17 122
f 17 16 122
f 122 16 123
f 16 15 123
f 123 15 124
f 15 20 124
f 124 20 125
f 20 19 125
f 125 19 126
f 19 18 126
f 126 18 127
f 18 23 127
f 127 23 128
f 23 22 128
f 128 22 129
f 22 21 129
f 129 21 130
f 21 26 130
f 130 26 131
f 26 25 131
f 131 25 132
f 25 24 132
f 132 24 133
f 24 29 133
f 133 29 134
f 29 28 134
f 134 28 135
f 28 27 135
f 135 27 136
f 27 32 136
f 136 32 137
f 32 31 137
f 137 31 138
f 31 30 138
f 138 30 139
f 30 35 139
f 139 35 140
f 35 34 140
f 140 34 141
f 34 33 141
f 141 33 142
f 33 38 142
f 142 38 143
f 38 37 143
f 143 37 144
f 37 36 144
f 144 36 145
f 36 41 145
f 145 41 74
f 41 40 74
f 146 147 148
f 147 149 148
f 148 149 150
f 150 151 148
f 151 152 148
f 148 152 153
f 154 148 155
f 148 156 155
f 157 158 159
f 158 160 159
f 159 160 161
f 160 162 161
f 161 162 163
f 162 164 163
f 153 165 148
f 165 166 148
f 148 166 156
f 154 167 148
f 167 168 148
f 148 168 159
f 168 169 159
f 159 169 157
f 164 170 163
f 170 171 163
f 163 171 172
f 146 173 174
f 173 175 174
f 174 175 176
f 175 177 176
f 176 177 178
f 177 179 178
f 178 179 180
f 179 181 180
f 180 181 182
f 181 183 182
f 182 183 184
f 183 185 184
f 184 185 186
f 185 187 186
f 186 187 188
f 187 189 188
f 188 189 190
f 189 191 190
f 190 191 192
f 191 193 192
f 192 193 194
f 193 195 194
f 194 195 196
f 195 197 196
f 196 197 198
f 197 199 198
f 198 199 200
f 199 201 200
f 200 201 202
f 201 203 202
f 202 203 204
f 203 205 204
f 204 205 206
f 205 207 206
f 206 207 208
f 207 209 208
f 208 209 210
f 209 211 210
f 210 211 212
f 211 213 212
f 212 213 214
f 213 215 214
f 214 215 216
f 215 217 216
f 216 217 218
f 217 219 218
f 218 219 220
f 219 221 220
f 220 221 222
f 221 223 222
f 222 223 224
f 223 225 224
f 224 225 226
f 225 227 226
f 226 227 228
f 227 229 228
f 228 229 230
f 229 231 230
f 230 231 232
f 231 233 232
f 232 233 234
f 233 235 234
f 234 235 236
f 235 237 236
f 236 237 238
f 237 239 238
f 238 239 240
f 239 241 240
f 240 241 242
f 241 243 242
f 242 243 244
f 243 245 244
f 244 245 246
f 245 247 246
f 246 247 248
f 247 249 248
f 248 249 250
f 249 251 250
f 250 251 252
f 251 253 252
f 252 253 254
f 253 255 254
f 254 255 256
f 255 257 256
f 256 257 258
f 257 259 258
f 258 259 260
f 259 261 260
f 260 261 262
f 261 263 262
f 262 263 264
f 263 265 264
f 264 265 266
f 265 267 266
f 266 267 268
f 267 163 268
f 268 163 269
f 163 172 269
f 148 270 146
f 270 271 146
f 146 271 272
f 272 273 146
f 273 274 146
f 146 274 275
f 275 276 146
f 276 277 146
f 146 277 278
f 278 279 146
f 279 280 146
f 146 280 173
f 281 282 283
f 284 285 286
f 286 285 287
f 285 288 287
f 287 288 289
f 288 290 289
f 289 290 291
f 290 292 291
f 291 292 293
f 292 294 293
f 293 294 295
f 294 296 295
f 295 296 297
f 296 298 297
f 297 298 299
f 298 300 299
f 299 300 301
f 300 302 301
f 301 302 303
f 302 304 303
f 303 304 305
f 304 306 305
f 305 306 307
f 306 308 307
f 307 308 309
f 308 310 309
f 309 310 311
f 310 312 311
f 311 312 313
f 312 314 313
f 313 314 315
f 314 316 315
f 315 316 317
f 316 318 317
f 317 318 319
f 318 320 319
f 319 320 321
f 320 322 321
f 321 322 323
f 322 324 323
f 323 324 325
f 324 326 325
f 325 326 327
f 326 328 327
f 327 328 329
f 328 330 329
f 329 330 331
f 330 332 331
f 331 332 333
f 332 334 333
f 333 334 335
f 334 336 335
f 335 336 337
f 336 338 337
f 337 338 339
f 338 340 339
f 339 340 341
f 340 342 341
f 341 342 343
f 342 344 343
f 343 344 345
f 344 346 345
f 345 346 347
f 346 348 347
f 347 348 349
f 348 350 349
f 349 350 351
f 350 352 351
f 351 352 353
f 352 354 353
f 353 354 355
f 354 356 355
f 355 356 357
f 356 358 357
f 357 358 359
f 358 360 359
f 359 360 361
f 360 362 361
f 361 362 363
f 362 364 363
f 363 364 365
f 364 366 365
f 365 366 367
f 366 368 367
f 367 368 369
f 368 370 369
f 369 370 371
f 370 372 371
f 371 372 373
f 372 374 373
f 373 374 375
f 374 376 375
f 375 376 377
f 283 282 378
f 282 379 378
f 378 379 380
f 379 381 380
f 380 381 382
f 381 383 382
f 382 383 384
f 383 385 384
f 384 385 386
f 385 387 386
f 386 387 388
f 387 389 388
f 388 389 390
f 389 391 390
f 390 391 392
f 391 393 392
f 392 393 394
f 393 395 394
f 394 395 396
f 395 397 396
f 396 397 398
f 397 399 398
f 398 399 400
f 399 401 400
f 400 401 402
f 401 403 402
f 402 403 404
f 403 405 404
f 404 405 406
f 405 407 406
f 406 407 408
f 407 409 408
f 408 409 410
f 409 411 410
f 410 411 412
f 411 413 412
f 412 413 414
f 413 415 414
f 414 415 416
f 415 417 416
f 416 417 418
f 417 419 418
f 418 419 420
f 419 421 420
f 420 421 422
f 421 423 422
f 422 423 424
f 423 425 424
f 424 425 426
f 425 427 426
f 426 427 428
f 427 429 428
f 428 429 430
f 429 431 430
f 430 431 432
f 431 433 432
f 432 433 434
f 433 435 434
f 434 435 436
f 435 437 436
f 436 437 438
f 437 439 438
f 438 439 440
f 439 441 440
f 440 441 442
f 441 443 442
f 442 443 444
f 443 445 444
f 444 445 446
f 445 447 446
f 446 447 448
f 447 449 448
f 448 449 450
f 449 451 450
f 450 451 452
f 451 453 452
f 452 453 454
f 453 455 454
f 454 455 456
f 455 457 456
f 456 457 458
f 457 459 458
f 458 459 460
f 459 461 460
f 460 461 462
f 461 463 462
f 462 463 464
f 463 465 464
f 464 465 466
f 465 467 466
f 466 467 468
f 467 377 468
f 377 376 468
f 468 376 469
f 376 470 469
f 469 470 471
f 470 472 471
f 471 472 473
f 472 474 473
f 473 474 475
f 474 476 475
f 475 476 477
f 476 478 477
f 477 478 479
f 478 480 479
f 479 480 481
f 480 482 481
f 481 482 483
f 482 484 483
f 483 484 485
f 484 486 485
f 485 486 487
f 486 488 487
f 487 488 489
f 488 490 489
f 489 490 491
f 490 492 491
f 491 492 493
f 492 494 493
f 493 494 495
f 494 496 495
f 495 496 497
f 496 498 497
f 497 498 499
f 498 500 499
f 499 500 501
f 500 502 501
f 501 502 503
f 502 504 503
f 503 504 505
f 504 506 505
f 505 506 507
f 506 508 507
f 507 508 509
f 508 510 509
f 509 510 511
f 510 512 511
f 511 512 513
f 512 514 513
f 513 514 515
f 514 516 515
f 515 516 517
f 516 518 517
f 517 518 283
f 518 284 283
f 283 284 281
f 284 286 281
f 519 520 521
f 520 522 521
f 521 522 523
f 522 524 523
f 523 524 525
f 524 526 525
f 525 526 527
f 526 528 527
f 527 528 529
f 528 530 529
f 529 530 531
f 530 532 531
f 531 532 533
f 532 534 533
f 533 534 535
f 534 536 535
f 535 536 537
f 536 538 537
f 537 538 539
f 538 540 539
f 539 540 541
f 540 542 541
f 541 542 543
f 542 544 543
f 543 544 545
f 544 546 545
f 545 546 547
f 546 548 547
f 547 548 549
f 548 550 549
f 549 550 551
f 550 552 551
f 551 552 553
f 552 554 553
f 553 554 555
f 554 556 555
f 555 556 557
f 556 558 557
f 557 558 559
f 558 560 559
f 559 560 561
f 560 562 561
f 561 562 563
f 562 564 563
f 563 564 565
f 564 566 565
f 565 566 567
f 566 568 567
f 567 568 569
f 568 570 569
f 569 570 571
f 570 572 571
f 571 572 573
f 572 574 573
f 573 574 575
f 574 576 575
f 575 576 577
f 576 578 577
f 577 578 579
f 578 580 579
f 579 580 581
f 580 582 581
f 581 582 583
f 582 584 583
f 583 584 585
f 584 586 585
f 585 586 587
f 586 588 587
f 587 588 589
f 588 590 589
f 589 590 591
f 590 592 591
f 591 592 593
f 592 594 593
f 593 594 595
f 594 596 595
f 595 596 597
f 596 598 597
f 597 598 599
f 598 600 599
f 599 600 601
f 600 602 601
f 601 602 603
f 602 604 603
f 603 604 605
f 604 606 605
f 605 606 607
f 606 608 607
f 607 608 609
f 608 610 609
f 609 610 611
f 610 612 611
f 611 612 613
f 612 614 613
f 613 614 615
f 614 616 615
f 615 616 617
f 616 618 617
f 617 618 619
f 618 620 619
f 619 620 621
f 620 622 621
f 621 622 623
f 622 624 623
f 623 624 625
f 624 626 625
f 625 626 627
f 626 628 627
f 627 628 629
f 628 630 629
f 629 630 631
f 630 632 631
f 631 632 633
f 632 634 633
f 633 634 635
f 634 636 635
f 635 636 637
f 636 638 637
f 637 638 639
f 638 640 639
f 639 640 641
f 640 642 641
f 641 642 643
f 642 644 643
f 643 644 645
f 644 646 645
f 645 646 647
f 646 648 647
f 647 648 649
f 648 650 649
f 649 650 651
f 650 652 651
f 651 652 653
f 652 654 653
f 653 654 655
f 654 656 655
f 655 656 657
f 656 658 657
f 657 658 659
f 658 660 659
f 659 660 661
f 660 662 661
f 661 662 519
f 662 520 519
f 663 664 665
f 666 667 668
f 667 669 668
f 666 670 667
f 670 671 667
f 667 671 672
f 669 667 673
f 667 674 673
f 673 674 675
f 676 677 667
f 677 678 667
f 667 678 679
f 680 681 674
f 681 682 674
f 672 683 667
f 683 684 667
f 667 684 676
f 685 686 665
f 686 687 665
f 665 687 688
f 682 689 674
f 689 690 674
f 674 690 691
f 691 692 674
f 692 693 674
f 674 693 675
f 679 694 667
f 694 695 667
f 667 695 696
f 697 698 699
f 698 700 699
f 699 700 701
f 702 703 699
f 703 704 699
f 664 705 665
f 705 706 665
f 665 706 707
f 688 708 665
f 708 709 665
f 665 709 710
f 707 711 665
f 711 712 665
f 665 712 685
f 713 714 674
f 714 715 674
f 674 715 680
f 696 716 667
f 716 717 667
f 667 717 699
f 717 718 699
f 699 718 697
f 701 719 699
f 719 720 699
f 699 720 721
f 699 722 665
f 722 723 665
f 665 723 663
f 724 725 674
f 725 726 674
f 721 727 699
f 727 728 699
f 699 728 702
f 704 729 699
f 729 730 699
f 699 730 731
f 726 732 674
f 732 733 674
f 674 733 713
f 731 734 699
f 734 735 699
f 699 735 722
f 710 736 665
f 736 737 665
f 665 737 674
f 737 738 674
f 674 738 724
f 163 739 161
f 739 740 161
f 161 740 741
f 740 742 741
f 741 742 743
f 742 744 743
f 745 162 746
f 162 160 746
f 746 160 747
f 160 158 747
f 747 158 748
f 158 157 748
f 748 157 749
f 157 169 749
f 749 169 750
f 169 168 750
f 750 168 751
f 168 167 751
f 751 167 752
f 167 154 752
f 752 154 753
f 154 155 753
f 753 155 754
f 155 156 754
f 754 156 755
f 156 166 755
f 755 166 756
f 166 165 756
f 756 165 757
f 165 153 757
f 757 153 758
f 153 152 758
f 758 152 759
f 152 151 759
f 759 151 760
f 151 150 760
f 760 150 761
f 150 149 761
f 761 149 762
f 149 147 762
f 762 147 763
f 147 146 763
f 763 146 764
f 146 174 764
f 764 174 765
f 174 176 765
f 765 176 766
f 176 178 766
f 766 178 767
f 178 180 767
f 767 180 768
f 180 182 768
f 768 182 769
f 182 184 769
f 769 184 770
f 184 186 770
f 770 186 771
f 186 188 771
f 771 188 772
f 188 190 772
f 772 190 773
f 190 192 773
f 773 192 774
f 192 194 774
f 774 194 775
f 194 196 775
f 775 196 776
f 196 198 776
f 776 198 777
f 198 200 777
f 777 200 778
f 200 202 778
f 778 202 779
f 202 204 779
f 779 204 780
f 204 206 780
f 780 206 781
f 206 208 781
f 781 208 782
f 208 210 782
f 782 210 783
f 210 212 783
f 783 212 784
f 212 214 784
f 784 214 785
f 214 216 785
f 785 216 786
f 216 218 786
f 786 218 787
f 218 220 787
f 787 220 788
f 220 222 788
f 788 222 789
f 222 224 789
f 789 224 790
f 224 226 790
f 790 226 791
f 226 228 791
f 791 228 792
f 228 230 792
f 792 230 793
f 230 232 793
f 793 232 794
f 232 234 794
f 794 234 795
f 234 236 795
f 795 236 796
f 236 238 796
f 796 238 797
f 238 240 797
f 797 240 798
f 240 242 798
f 798 242 799
f 242 244 799
f 799 244 800
f 244 246 800
f 800 246 801
f 246 248 801
f 801 248 802
f 248 250 802
f 802 250 803
f 250 252 803
f 803 252 804
f 252 254 804
f 804 254 805
f 254 256 805
f 805 256 806
f 256 258 806
f 806 258 807
f 258 260 807
f 807 260 808
f 260 262 808
f 808 262 809
f 262 264 809
f 809 264 810
f 264 266 810
f 810 266 811
f 266 268 811
f 811 268 812
f 268 269 812
f 812 269 813
f 269 172 813
f 813 172 814
f 172 171 814
f 814 171 815
f 171 170 815
f 815 170 816
f 170 164 816
f 816 164 745
f 164 162 745
f 817 818 819
f 818 820 819
f 819 820 159
f 820 821 159
f 159 821 148
f 821 822 148
f 823 824 825
f 826 827 828
f 827 829 828
f 828 829 825
f 829 830 825
f 825 830 823
f 743 744 831
f 743 831 832
f 831 833 832
f 832 833 834
f 833 835 834
f 834 835 836
f 835 837 836
f 836 837 838
f 837 839 838
f 838 839 840
f 839 841 840
f 840 841 842
f 841 843 842
f 842 843 844
f 843 845 844
f 844 845 846
f 845 847 846
f 846 847 848
f 847 849 848
f 848 849 850
f 849 851 850
f 850 851 852
f 851 853 852
f 852 853 854
f 853 855 854
f 854 855 856
f 855 857 856
f 856 857 858
f 857 859 858
f 858 859 860
f 859 861 860
f 860 861 862
f 861 863 862
f 862 863 864
f 863 865 864
f 864 865 866
f 865 867 866
f 866 867 868
f 867 869 868
f 868 869 870
f 869 871 870
f 870 871 872
f 871 873 872
f 872 873 874
f 873 875 874
f 874 875 876
f 875 877 876
f 876 877 878
f 877 879 878
f 878 879 880
f 879 881 880
f 880 881 882
f 881 883 882
f 882 883 884
f 883 885 884
f 884 885 886
f 885 887 886
f 886 887 888
f 887 889 888
f 888 889 890
f 889 891 890
f 890 891 892
f 891 893 892
f 892 893 894
f 893 895 894
f 894 895 896
f 895 897 896
f 896 897 898
f 897 899 898
f 898 899 900
f 899 901 900
f 900 901 902
f 901 903 902
f 902 903 904
f 903 905 904
f 904 905 906
f 905 907 906
f 906 907 908
f 907 909 908
f 908 909 910
f 909 911 910
f 910 911 912
f 911 913 912
f 912 913 914
f 913 915 914
f 914 915 916
f 915 917 916
f 916 917 918
f 917 919 918
f 918 919 920
f 919 921 920
f 920 921 922
f 921 923 922
f 922 923 924
f 923 925 924
f 924 925 926
f 925 927 926
f 926 927 928
f 927 929 928
f 928 929 930
f 929 931 930
f 930 931 932
f 931 933 932
f 932 933 934
f 933 935 934
f 934 935 936
f 935 937 936
f 936 937 938
f 937 939 938
f 938 939 940
f 939 941 940
f 940 941 942
f 941 943 942
f 942 943 944
f 943 945 944
f 944 945 946
f 945 947 946
f 946 947 948
f 947 818 948
f 948 818 817
f 949 667 699
f 950 951 952
f 951 953 952
f 952 953 699
f 953 954 699
f 699 954 949
f 667 949 674
f 949 742 674
f 674 742 955
f 742 740 955
f 955 740 950
f 740 951 950
f 742 949 820
f 656 744 658
f 744 660 658
f 542 540 818
f 526 524 820
f 524 522 820
f 820 522 742
f 522 520 742
f 742 520 744
f 520 662 744
f 744 662 660
f 542 818 544
f 540 538 818
f 538 536 818
f 818 536 534
f 490 827 492
f 827 820 492
f 490 488 827
f 488 486 827
f 827 486 484
f 484 482 827
f 482 480 827
f 827 480 478
f 552 550 818
f 534 532 818
f 532 530 818
f 818 530 820
f 530 528 820
f 820 528 526
f 512 510 949
f 284 518 954
f 518 516 954
f 954 516 949
f 516 514 949
f 949 514 512
f 500 949 502
f 949 504 502
f 500 498 949
f 498 496 949
f 949 496 820
f 496 494 820
f 820 494 492
f 478 476 827
f 476 474 827
f 827 474 829
f 474 472 829
f 510 508 949
f 508 506 949
f 949 506 504
f 550 548 818
f 548 546 818
f 818 546 544
f 947 556 818
f 556 554 818
f 818 554 552
f 284 954 285
f 954 956 285
f 285 956 288
f 956 957 288
f 288 957 290
f 957 958 290
f 290 958 292
f 958 959 292
f 292 959 294
f 959 960 294
f 294 960 296
f 960 961 296
f 296 961 298
f 961 962 298
f 298 962 300
f 962 963 300
f 300 963 302
f 963 964 302
f 302 964 304
f 964 965 304
f 304 965 306
f 965 966 306
f 306 966 308
f 966 967 308
f 308 967 310
f 967 968 310
f 310 968 312
f 968 969 312
f 312 969 314
f 969 970 314
f 314 970 316
f 970 971 316
f 316 971 318
f 971 972 318
f 318 972 320
f 972 973 320
f 320 973 322
f 973 974 322
f 322 974 324
f 974 975 324
f 324 975 326
f 975 976 326
f 326 976 328
f 947 945 556
f 945 943 556
f 556 943 941
f 941 939 556
f 939 937 556
f 556 937 935
f 656 654 744
f 654 652 744
f 744 652 831
f 652 650 831
f 831 650 833
f 650 648 833
f 833 648 835
f 648 646 835
f 835 646 837
f 646 644 837
f 837 644 839
f 644 642 839
f 839 642 841
f 642 640 841
f 841 640 843
f 640 638 843
f 843 638 845
f 638 636 845
f 845 636 847
f 636 634 847
f 847 634 849
f 634 632 849
f 849 632 851
f 632 630 851
f 851 630 853
f 630 628 853
f 853 628 855
f 628 626 855
f 855 626 857
f 626 624 857
f 857 624 859
f 624 622 859
f 859 622 861
f 622 620 861
f 861 620 863
f 620 618 863
f 863 618 865
f 618 616 865
f 865 616 867
f 616 614 867
f 867 614 869
f 614 612 869
f 869 612 871
f 612 610 871
f 871 610 873
f 610 608 873
f 873 608 875
f 608 606 875
f 875 606 877
f 606 604 877
f 877 604 879
f 604 602 879
f 879 602 881
f 602 600 881
f 881 600 883
f 600 598 883
f 883 598 885
f 598 596 885
f 885 596 887
f 596 594 887
f 887 594 889
f 594 592 889
f 889 592 891
f 592 590 891
f 891 590 893
f 590 588 893
f 893 588 895
f 588 586 895
f 895 586 897
f 586 584 897
f 897 584 899
f 584 582 899
f 899 582 901
f 582 580 901
f 901 580 903
f 580 578 903
f 903 578 905
f 578 576 905
f 905 576 907
f 576 574 907
f 907 574 909
f 574 572 909
f 909 572 911
f 572 570 911
f 911 570 913
f 570 568 913
f 913 568 915
f 568 566 915
f 915 566 917
f 566 564 917
f 917 564 919
f 564 562 919
f 919 562 921
f 562 560 921
f 921 560 923
f 560 558 923
f 923 558 925
f 558 556 925
f 925 556 927
f 556 929 927
f 976 977 328
f 977 978 328
f 328 978 330
f 978 979 330
f 330 979 332
f 979 980 332
f 332 980 334
f 980 981 334
f 334 981 336
f 981 982 336
f 336 982 338
f 982 983 338
f 338 983 340
f 983 984 340
f 340 984 342
f 984 985 342
f 342 985 344
f 985 986 344
f 344 986 346
f 986 987 346
f 346 987 348
f 987 988 348
f 348 988 350
f 988 989 350
f 350 989 352
f 989 990 352
f 352 990 354
f 990 991 354
f 354 991 356
f 991 992 356
f 356 992 358
f 992 993 358
f 358 993 360
f 993 994 360
f 360 994 362
f 994 995 362
f 362 995 364
f 995 996 364
f 364 996 366
f 996 997 366
f 366 997 368
f 997 998 368
f 368 998 370
f 998 999 370
f 370 999 372
f 999 1000 372
f 372 1000 374
f 1000 1001 374
f 374 1001 376
f 1001 829 376
f 376 829 470
f 829 472 470
f 935 933 556
f 933 931 556
f 556 931 929
f 824 823 1002
f 823 821 1002
f 1002 821 1003
f 821 820 1003
f 1003 820 826
f 820 827 826
f 740 739 493
f 816 745 822
f 745 746 822
f 808 809 493
f 809 821 493
f 493 821 491
f 809 810 821
f 810 811 821
f 821 811 822
f 811 812 822
f 822 812 813
f 1004 1005 462
f 813 814 822
f 814 815 822
f 822 815 816
f 746 747 822
f 747 748 822
f 822 748 749
f 805 806 493
f 806 807 493
f 493 807 808
f 479 481 821
f 481 483 821
f 821 483 485
f 485 487 821
f 487 489 821
f 821 489 491
f 120 121 951
f 132 133 953
f 133 134 953
f 953 134 135
f 801 802 493
f 473 475 821
f 475 477 821
f 821 477 479
f 1006 1007 821
f 1005 1008 462
f 1008 1009 462
f 462 1009 1010
f 135 136 953
f 136 137 953
f 953 137 138
f 105 106 740
f 106 107 740
f 740 107 108
f 799 739 1011
f 466 468 821
f 1012 1013 821
f 1013 1004 821
f 830 460 462
f 1011 1014 799
f 1014 1015 799
f 799 1015 1016
f 1016 1017 799
f 1017 1018 799
f 799 1018 1019
f 1019 1020 799
f 1020 1021 799
f 799 1021 1022
f 739 799 493
f 799 800 493
f 493 800 801
f 468 469 821
f 469 471 821
f 821 471 473
f 112 113 951
f 113 114 951
f 121 122 951
f 122 123 951
f 951 123 124
f 497 499 138
f 140 141 493
f 141 142 493
f 76 77 493
f 77 78 493
f 493 78 79
f 96 97 740
f 97 98 740
f 740 98 99
f 802 803 493
f 803 804 493
f 493 804 805
f 1004 462 821
f 462 464 821
f 821 464 466
f 821 1023 1024
f 1024 1025 821
f 1025 1026 821
f 821 1026 1027
f 1007 1028 821
f 1028 1029 821
f 821 1029 1030
f 1010 1031 462
f 1031 1032 462
f 462 1032 830
f 1032 1033 830
f 1033 1034 830
f 1034 1035 830
f 830 1035 1036
f 1037 1038 830
f 1038 1039 830
f 830 1039 1040
f 1041 1042 823
f 1042 1043 823
f 823 1043 1044
f 1045 1046 823
f 1046 1047 823
f 823 1047 1048
f 1048 1049 823
f 1049 1050 823
f 823 1050 821
f 1050 1051 821
f 821 1051 1023
f 108 109 740
f 109 110 740
f 740 110 951
f 110 111 951
f 951 111 112
f 114 115 951
f 115 116 951
f 951 116 117
f 951 127 128
f 128 129 951
f 129 130 951
f 951 130 953
f 130 131 953
f 953 131 132
f 493 495 140
f 495 497 140
f 140 497 139
f 497 138 139
f 499 501 138
f 501 503 138
f 138 503 505
f 515 953 513
f 953 138 513
f 513 138 511
f 92 93 740
f 1027 1052 821
f 1052 1053 821
f 821 1053 1054
f 1055 1056 821
f 1056 1057 821
f 821 1057 1012
f 124 125 951
f 125 126 951
f 951 126 127
f 505 507 138
f 507 509 138
f 138 509 511
f 142 143 493
f 143 144 493
f 493 144 145
f 93 94 740
f 94 95 740
f 740 95 96
f 102 103 740
f 103 104 740
f 740 104 105
f 1030 1058 821
f 1058 1059 821
f 821 1059 1055
f 1036 1060 830
f 1060 1061 830
f 830 1061 1062
f 1063 1064 823
f 1044 1065 823
f 1065 1066 823
f 823 1066 1067
f 117 118 951
f 118 119 951
f 951 119 120
f 79 80 493
f 80 81 493
f 493 81 82
f 99 100 740
f 100 101 740
f 740 101 102
f 1054 1068 821
f 1068 1069 821
f 821 1069 1006
f 1040 1070 830
f 1070 1071 830
f 830 1071 1072
f 830 1073 1074
f 1064 1075 823
f 1075 1076 823
f 823 1076 1041
f 1067 1077 823
f 1077 1078 823
f 823 1078 1045
f 422 1079 420
f 1079 1080 420
f 420 1080 418
f 1080 1081 418
f 418 1081 416
f 1081 1082 416
f 416 1082 414
f 1082 1083 414
f 414 1083 412
f 1083 1084 412
f 412 1084 410
f 1084 1085 410
f 410 1085 408
f 1085 1086 408
f 408 1086 406
f 1086 1087 406
f 406 1087 404
f 1087 1088 404
f 404 1088 402
f 1088 1089 402
f 402 1089 400
f 1089 1090 400
f 400 1090 398
f 1090 1091 398
f 398 1091 396
f 1091 1092 396
f 396 1092 394
f 1092 1093 394
f 394 1093 392
f 1093 1094 392
f 392 1094 390
f 1094 1095 390
f 390 1095 388
f 1095 1096 388
f 388 1096 386
f 1096 1097 386
f 386 1097 384
f 1097 1098 384
f 384 1098 382
f 1098 1099 382
f 382 1099 380
f 1099 1100 380
f 380 1100 378
f 1100 1101 378
f 378 1101 283
f 1101 953 283
f 283 953 517
f 953 515 517
f 458 1102 456
f 1102 1103 456
f 456 1103 454
f 1103 1104 454
f 454 1104 452
f 1104 1105 452
f 452 1105 450
f 1105 1106 450
f 450 1106 448
f 1106 1107 448
f 448 1107 446
f 1107 1108 446
f 446 1108 444
f 1108 1109 444
f 444 1109 442
f 1109 1110 442
f 442 1110 440
f 1110 1111 440
f 440 1111 438
f 1111 1112 438
f 438 1112 436
f 1112 1113 436
f 436 1113 434
f 1113 1114 434
f 434 1114 432
f 1114 1115 432
f 432 1115 430
f 1115 1116 430
f 430 1116 428
f 1116 1117 428
f 428 1117 426
f 1117 1118 426
f 426 1118 424
f 1118 1119 424
f 424 1119 422
f 1119 1120 422
f 422 1120 1079
f 460 830 458
f 830 1121 458
f 458 1121 1122
f 145 74 493
f 74 75 493
f 493 75 76
f 86 87 740
f 87 88 740
f 740 88 89
f 1022 1123 799
f 1123 1124 799
f 799 1124 798
f 1124 1125 798
f 798 1125 797
f 1125 1126 797
f 797 1126 796
f 1126 1127 796
f 796 1127 795
f 1127 1128 795
f 795 1128 794
f 1128 1129 794
f 794 1129 793
f 1129 1130 793
f 793 1130 792
f 1130 1131 792
f 792 1131 791
f 1131 1132 791
f 791 1132 790
f 1132 1133 790
f 790 1133 789
f 1133 1134 789
f 789 1134 788
f 1134 1135 788
f 788 1135 787
f 1135 1136 787
f 787 1136 786
f 1136 1137 786
f 786 1137 785
f 1137 1138 785
f 785 1138 784
f 1138 1139 784
f 784 1139 783
f 1139 1140 783
f 783 1140 782
f 1140 1141 782
f 782 1141 781
f 1141 1142 781
f 781 1142 780
f 1142 1143 780
f 780 1143 779
f 1143 1144 779
f 779 1144 778
f 1144 1145 778
f 778 1145 777
f 1145 1146 777
f 777 1146 776
f 1146 1147 776
f 776 1147 775
f 1147 1148 775
f 775 1148 774
f 1148 1149 774
f 774 1149 773
f 1149 1150 773
f 773 1150 772
f 1150 1151 772
f 772 1151 771
f 1151 1152 771
f 771 1152 770
f 1152 1153 770
f 770 1153 769
f 1153 1154 769
f 769 1154 768
f 1154 1155 768
f 768 1155 767
f 1155 1156 767
f 767 1156 766
f 1156 1157 766
f 766 1157 765
f 1157 1158 765
f 765 1158 764
f 1158 1159 764
f 764 1159 763
f 1159 1160 763
f 763 1160 762
f 1160 1161 762
f 762 1161 761
f 1161 1162 761
f 761 1162 760
f 1162 1163 760
f 760 1163 759
f 1163 1164 759
f 759 1164 758
f 1164 1165 758
f 758 1165 757
f 1165 1166 757
f 757 1166 756
f 1166 1167 756
f 756 1167 755
f 1167 1168 755
f 755 1168 754
f 1168 1169 754
f 754 1169 753
f 1169 1170 753
f 753 1170 752
f 1170 1171 752
f 752 1171 751
f 1171 822 751
f 751 822 750
f 822 749 750
f 1062 1172 830
f 1172 1173 830
f 830 1173 1037
f 1072 1174 830
f 1174 1175 830
f 830 1175 1073
f 1074 1176 830
f 1176 1177 830
f 830 1177 823
f 1177 1178 823
f 823 1178 1063
f 1122 1179 458
f 1179 1180 458
f 458 1180 1102
f 82 83 493
f 83 84 493
f 493 84 740
f 84 85 740
f 740 85 86
f 89 90 740
f 90 91 740
f 740 91 92
f 375 377 1181
f 377 1182 1181
f 1183 1184 825
f 1184 828 825
f 739 163 267
f 739 267 1011
f 267 265 1011
f 1011 265 1014
f 265 263 1014
f 1014 263 1015
f 263 261 1015
f 1015 261 1016
f 261 259 1016
f 1016 259 1017
f 259 257 1017
f 1017 257 1018
f 257 255 1018
f 1018 255 1019
f 255 253 1019
f 1019 253 1020
f 253 251 1020
f 1020 251 1021
f 251 249 1021
f 1021 249 1022
f 249 247 1022
f 1022 247 1123
f 247 245 1123
f 1123 245 1124
f 245 243 1124
f 1124 243 1125
f 243 241 1125
f 1125 241 1126
f 241 239 1126
f 1126 239 1127
f 239 237 1127
f 1127 237 1128
f 237 235 1128
f 1128 235 1129
f 235 233 1129
f 1129 233 1130
f 233 231 1130
f 1130 231 1131
f 231 229 1131
f 1131 229 1132
f 229 227 1132
f 1132 227 1133
f 227 225 1133
f 1133 225 1134
f 225 223 1134
f 1134 223 1135
f 223 221 1135
f 1135 221 1136
f 221 219 1136
f 1136 219 1137
f 219 217 1137
f 1137 217 1138
f 217 215 1138
f 1138 215 1139
f 215 213 1139
f 1139 213 1140
f 213 211 1140
f 1140 211 1141
f 211 209 1141
f 1141 209 1142
f 209 207 1142
f 1142 207 1143
f 207 205 1143
f 1143 205 1144
f 205 203 1144
f 1144 203 1145
f 203 201 1145
f 1145 201 1146
f 201 199 1146
f 1146 199 1147
f 199 197 1147
f 1147 197 1148
f 197 195 1148
f 1148 195 1149
f 195 193 1149
f 1149 193 1150
f 193 191 1150
f 1150 191 1151
f 191 189 1151
f 1151 189 1152
f 189 187 1152
f 1152 187 1153
f 187 185 1153
f 1153 185 1154
f 185 183 1154
f 1154 183 1155
f 183 181 1155
f 1155 181 1156
f 181 179 1156
f 1156 179 1157
f 179 177 1157
f 1157 177 1158
f 177 175 1158
f 1158 175 1159
f 175 173 1159
f 1159 173 1160
f 173 280 1160
f 1160 280 1161
f 280 279 1161
f 1161 279 1162
f 279 278 1162
f 1162 278 1163
f 278 277 1163
f 1163 277 1164
f 277 276 1164
f 1164 276 1165
f 276 275 1165
f 1165 275 1166
f 275 274 1166
f 1166 274 1167
f 274 273 1167
f 1167 273 1168
f 273 272 1168
f 1168 272 1169
f 272 271 1169
f 1169 271 1170
f 271 270 1170
f 1170 270 1171
f 270 148 1171
f 1171 148 822
f 1185 1181 1001
f 1181 1182 1121
f 1121 1182 1122
f 1001 1000 1185
f 1000 999 1185
f 1185 999 1186
f 999 998 1186
f 1186 998 1187
f 998 997 1187
f 1187 997 1188
f 997 996 1188
f 1188 996 1189
f 996 995 1189
f 1189 995 1190
f 995 994 1190
f 1190 994 1191
f 994 993 1191
f 1191 993 1192
f 993 992 1192
f 1192 992 1193
f 992 991 1193
f 1193 991 1194
f 991 990 1194
f 1194 990 1195
f 990 989 1195
f 1195 989 1196
f 989 988 1196
f 1196 988 1197
f 988 987 1197
f 1197 987 1198
f 987 986 1198
f 1198 986 1199
f 986 985 1199
f 1199 985 1200
f 985 984 1200
f 1200 984 1201
f 984 983 1201
f 1201 983 1202
f 983 982 1202
f 1202 982 1203
f 982 981 1203
f 1203 981 1204
f 981 980 1204
f 1204 980 1205
f 980 979 1205
f 1205 979 1206
f 979 978 1206
f 1206 978 1207
f 978 977 1207
f 1207 977 1208
f 977 976 1208
f 1208 976 1209
f 976 975 1209
f 1209 975 1210
f 975 974 1210
f 1210 974 1211
f 974 973 1211
f 1211 973 1212
f 973 972 1212
f 1212 972 1213
f 972 971 1213
f 1213 971 1214
f 971 970 1214
f 1214 970 1215
f 970 969 1215
f 1215 969 1216
f 969 968 1216
f 1216 968 1217
f 968 967 1217
f 1217 967 1218
f 967 966 1218
f 1218 966 1219
f 966 965 1219
f 1219 965 1220
f 965 964 1220
f 1220 964 1221
f 964 963 1221
f 1221 963 1222
f 963 962 1222
f 1222 962 1223
f 962 961 1223
f 1223 961 1224
f 961 960 1224
f 1224 960 1225
f 960 959 1225
f 1225 959 1226
f 959 958 1226
f 1226 958 1227
f 958 957 1227
f 1227 957 1228
f 1229 1230 1101
f 1230 1231 1101
f 1101 1100 1229
f 1100 1099 1229
f 1229 1099 1232
f 1099 1098 1232
f 1232 1098 1233
f 1098 1097 1233
f 1233 1097 1234
f 1097 1096 1234
f 1234 1096 1235
f 1096 1095 1235
f 1235 1095 1236
f 1095 1094 1236
f 1236 1094 1237
f 1094 1093 1237
f 1237 1093 1238
f 1093 1092 1238
f 1238 1092 1239
f 1092 1091 1239
f 1239 1091 1240
f 1091 1090 1240
f 1240 1090 1241
f 1090 1089 1241
f 1241 1089 1242
f 1089 1088 1242
f 1242 1088 1243
f 1088 1087 1243
f 1243 1087 1244
f 1087 1086 1244
f 1244 1086 1245
f 1086 1085 1245
f 1245 1085 1246
f 1085 1084 1246
f 1246 1084 1247
f 1084 1083 1247
f 1247 1083 1248
f 1083 1082 1248
f 1248 1082 1249
f 1082 1081 1249
f 1249 1081 1250
f 1081 1080 1250
f 1250 1080 1251
f 1080 1079 1251
f 1251 1079 1252
f 1079 1120 1252
f 1252 1120 1253
f 1120 1119 1253
f 1253 1119 1254
f 1119 1118 1254
f 1254 1118 1255
f 1118 1117 1255
f 1255 1117 1256
f 1117 1116 1256
f 1256 1116 1257
f 1116 1115 1257
f 1257 1115 1258
f 1115 1114 1258
f 1258 1114 1259
f 1114 1113 1259
f 1259 1113 1260
f 1113 1112 1260
f 1260 1112 1261
f 1112 1111 1261
f 1261 1111 1262
f 1111 1110 1262
f 1262 1110 1263
f 1110 1109 1263
f 1263 1109 1264
f 1109 1108 1264
f 1264 1108 1265
f 1108 1107 1265
f 1265 1107 1266
f 1107 1106 1266
f 1266 1106 1267
f 1106 1105 1267
f 1267 1105 1268
f 1105 1104 1268
f 1268 1104 1269
f 1104 1103 1269
f 1269 1103 1270
f 1103 1102 1270
f 1270 1102 1271
f 1102 1180 1271
f 1271 1180 1272
f 1180 1179 1272
f 1272 1179 1273
f 1179 1122 1273
f 1273 1122 1274
f 1122 1182 1274
f 1181 1121 1001
f 1121 830 1001
f 1001 830 829
f 1228 957 1231
f 957 956 1231
f 1231 956 1101
f 956 954 1101
f 1101 954 953
f 1275 1184 1276
f 1184 1183 1276
f 282 281 1230
f 281 1231 1230
f 1276 1002 1275
f 1002 1003 1275
f 379 282 1230
f 379 1230 381
f 1230 1229 381
f 381 1229 383
f 1229 1232 383
f 383 1232 385
f 1232 1233 385
f 385 1233 387
f 1233 1234 387
f 387 1234 389
f 1234 1235 389
f 389 1235 391
f 1235 1236 391
f 391 1236 393
f 1236 1237 393
f 393 1237 395
f 1237 1238 395
f 395 1238 397
f 1238 1239 397
f 397 1239 399
f 1239 1240 399
f 399 1240 401
f 1240 1241 401
f 401 1241 403
f 1241 1242 403
f 403 1242 405
f 1242 1243 405
f 405 1243 407
f 1243 1244 407
f 407 1244 409
f 1244 1245 409
f 409 1245 411
f 1245 1246 411
f 411 1246 413
f 1246 1247 413
f 413 1247 415
f 1247 1248 415
f 415 1248 417
f 1248 1249 417
f 417 1249 419
f 1249 1250 419
f 419 1250 421
f 1250 1251 421
f 1251 1252 421
f 421 1252 423
f 1252 1253 423
f 423 1253 425
f 1253 1254 425
f 425 1254 427
f 1254 1255 427
f 427 1255 429
f 1255 1256 429
f 429 1256 431
f 1256 1257 431
f 431 1257 433
f 1257 1258 433
f 433 1258 435
f 1258 1259 435
f 435 1259 437
f 1259 1260 437
f 437 1260 439
f 1260 1261 439
f 439 1261 441
f 1261 1262 441
f 441 1262 443
f 1262 1263 443
f 443 1263 445
f 1263 1264 445
f 445 1264 447
f 1264 1265 447
f 447 1265 449
f 1265 1266 449
f 449 1266 451
f 1266 1267 451
f 451 1267 453
f 1267 1268 453
f 453 1268 455
f 1268 1269 455
f 455 1269 457
f 1269 1270 457
f 457 1270 459
f 1270 1271 459
f 459 1271 461
f 1271 1272 461
f 461 1272 463
f 1272 1273 463
f 463 1273 465
f 1273 1274 465
f 465 1274 467
f 1274 1182 467
f 467 1182 377
f 373 375 1181
f 329 1207 327
f 1207 1208 327
f 327 1208 325
f 1208 1209 325
f 325 1209 323
f 1209 1210 323
f 323 1210 321
f 1210 1211 321
f 321 1211 319
f 1211 1212 319
f 319 1212 317
f 1212 1213 317
f 317 1213 315
f 1213 1214 315
f 315 1214 313
f 1214 1215 313
f 313 1215 311
f 1215 1216 311
f 311 1216 309
f 1216 1217 309
f 309 1217 307
f 1217 1218 307
f 307 1218 305
f 1218 1219 305
f 305 1219 303
f 1219 1220 303
f 303 1220 301
f 1220 1221 301
f 301 1221 299
f 1221 1222 299
f 299 1222 297
f 1222 1223 297
f 297 1223 295
f 1223 1224 295
f 295 1224 293
f 1224 1225 293
f 293 1225 291
f 1225 1226 291
f 291 1226 289
f 1226 1227 289
f 289 1227 287
f 1227 1228 287
f 287 1228 286
f 1228 1231 286
f 286 1231 281
f 373 1181 371
f 1181 1185 371
f 371 1185 369
f 1185 1186 369
f 369 1186 367
f 1186 1187 367
f 367 1187 365
f 1187 1188 365
f 365 1188 363
f 1188 1189 363
f 363 1189 361
f 1189 1190 361
f 361 1190 359
f 1190 1191 359
f 359 1191 357
f 1191 1192 357
f 357 1192 355
f 1192 1193 355
f 355 1193 353
f 1193 1194 353
f 353 1194 351
f 1194 1195 351
f 351 1195 349
f 1195 1196 349
f 349 1196 347
f 1196 1197 347
f 347 1197 345
f 1197 1198 345
f 345 1198 343
f 1198 1199 343
f 343 1199 341
f 1199 1200 341
f 341 1200 339
f 1200 1201 339
f 339 1201 337
f 1201 1202 337
f 337 1202 335
f 1202 1203 335
f 335 1203 333
f 1203 1204 333
f 333 1204 331
f 1204 1205 331
f 331 1205 329
f 1205 1206 329
f 329 1206 1207
f 825 824 1183
f 824 1002 1183
f 1183 1002 1276
f 1277 955 952
f 955 950 952
f 665 1277 699
f 1277 952 699
f 1278 1279 1003
f 1280 1003 1281
f 1003 1282 1281
f 1283 1284 1275
f 1279 1285 1003
f 1285 1286 1003
f 1003 1286 1282
f 1283 1275 1287
f 1284 1288 1275
f 1288 1289 1275
f 1275 1289 1290
f 1291 1292 826
f 1292 1293 826
f 1280 1294 1003
f 1294 1295 1003
f 1003 1295 1275
f 1295 1296 1275
f 1275 1296 1287
f 1297 1298 828
f 1298 1299 828
f 828 1299 1300
f 1293 1301 826
f 1301 1302 826
f 826 1302 1003
f 1302 1303 1003
f 1003 1303 1278
f 1184 1304 1305
f 1306 1307 828
f 1307 1308 828
f 828 1308 1309
f 1309 1310 828
f 1310 1311 828
f 828 1311 1312
f 1313 1314 826
f 1315 1184 1316
f 1184 1275 1316
f 1316 1275 1317
f 1275 1290 1317
f 1315 1318 1184
f 1318 1319 1184
f 1184 1319 1320
f 1321 1322 1184
f 1322 1323 1184
f 1184 1323 828
f 1312 1324 828
f 1324 1325 828
f 828 1325 1297
f 1300 1326 828
f 1326 1327 828
f 828 1327 826
f 1327 1328 826
f 826 1328 1313
f 1329 1330 826
f 1330 1331 826
f 826 1331 1291
f 1320 1332 1184
f 1332 1333 1184
f 1184 1333 1304
f 1305 1334 1184
f 1334 1335 1184
f 1184 1335 1336
f 826 1337 1338
f 1336 1339 1184
f 1339 1340 1184
f 1184 1340 1321
f 1323 1341 828
f 1341 1342 828
f 828 1342 1343
f 1314 1344 826
f 1344 1345 826
f 826 1345 1337
f 1338 1346 826
f 1346 1347 826
f 826 1347 1329
f 1343 1348 828
f 1348 1349 828
f 828 1349 1306
f 665 674 1277
f 674 955 1277
f 1350 1279 1351
f 1279 1278 1351
f 1351 1278 1352
f 1278 1303 1352
f 1352 1303 1353
f 1303 1302 1353
f 1353 1302 1354
f 1302 1301 1354
f 1354 1301 1355
f 1301 1293 1355
f 1355 1293 1356
f 1293 1292 1356
f 1356 1292 1357
f 1292 1291 1357
f 1357 1291 1358
f 1291 1331 1358
f 1358 1331 1359
f 1331 1330 1359
f 1359 1330 1360
f 1330 1329 1360
f 1360 1329 1361
f 1329 1347 1361
f 1361 1347 1362
f 1347 1346 1362
f 1362 1346 1363
f 1346 1338 1363
f 1363 1338 1364
f 1338 1337 1364
f 1364 1337 1365
f 1337 1345 1365
f 1365 1345 1366
f 1345 1344 1366
f 1366 1344 1367
f 1344 1314 1367
f 1367 1314 1368
f 1314 1313 1368
f 1368 1313 1369
f 1313 1328 1369
f 1369 1328 1370
f 1328 1327 1370
f 1370 1327 1371
f 1327 1326 1371
f 1371 1326 1372
f 1326 1300 1372
f 1372 1300 1373
f 1300 1299 1373
f 1373 1299 1374
f 1299 1298 1374
f 1374 1298 1375
f 1298 1297 1375
f 1375 1297 1376
f 1297 1325 1376
f 1376 1325 1377
f 1325 1324 1377
f 1377 1324 1378
f 1324 1312 1378
f 1378 1312 1379
f 1312 1311 1379
f 1379 1311 1380
f 1311 1310 1380
f 1380 1310 1381
f 1310 1309 1381
f 1381 1309 1382
f 1309 1308 1382
f 1382 1308 1383
f 1308 1307 1383
f 1383 1307 1384
f 1307 1306 1384
f 1384 1306 1385
f 1306 1349 1385
f 1385 1349 1386
f 1349 1348 1386
f 1386 1348 1387
f 1348 1343 1387
f 1387 1343 1388
f 1343 1342 1388
f 1388 1342 1389
f 1342 1341 1389
f 1389 1341 1390
f 1341 1323 1390
f 1390 1323 1391
f 1323 1322 1391
f 1391 1322 1392
f 1322 1321 1392
f 1392 1321 1393
f 1321 1340 1393
f 1393 1340 1394
f 1340 1339 1394
f 1394 1339 1395
f 1339 1336 1395
f 1395 1336 1396
f 1336 1335 1396
f 1396 1335 1397
f 1335 1334 1397
f 1397 1334 1398
f 1334 1305 1398
f 1398 1305 1399
f 1305 1304 1399
f 1399 1304 1400
f 1304 1333 1400
f 1400 1333 1401
f 1333 1332 1401
f 1401 1332 1402
f 1332 1320 1402
f 1402 1320 1403
f 1320 1319 1403
f 1403 1319 1404
f 1319 1318 1404
f 1404 1318 1405
f 1318 1315 1405
f 1405 1315 1406
f 1315 1316 1406
f 1406 1316 1407
f 1316 1317 1407
f 1407 1317 1408
f 1317 1290 1408
f 1408 1290 1409
f 1290 1289 1409
f 1409 1289 1410
f 1289 1288 1410
f 1410 1288 1411
f 1288 1284 1411
f 1411 1284 1412
f 1284 1283 1412
f 1412 1283 1413
f 1283 1287 1413
f 1413 1287 1414
f 1287 1296 1414
f 1414 1296 1415
f 1296 1295 1415
f 1415 1295 1416
f 1295 1294 1416
f 1416 1294 1417
f 1294 1280 1417
f 1417 1280 1418
f 1280 1281 1418
f 1418 1281 1419
f 1281 1282 1419
f 1419 1282 1420
f 1282 1286 1420
f 1420 1286 1421
f 1286 1285 1421
f 1421 1285 1350
f 1285 1279 1350
f 529 531 743
f 817 819 741
f 529 743 527
f 659 661 743
f 661 519 743
f 743 519 521
f 521 523 743
f 523 525 743
f 743 525 527
f 653 655 743
f 655 657 743
f 743 657 659
f 741 743 817
f 743 531 817
f 817 531 948
f 531 533 948
f 948 533 946
f 533 535 946
f 946 535 944
f 535 537 944
f 944 537 942
f 537 539 942
f 942 539 940
f 539 541 940
f 940 541 938
f 541 543 938
f 938 543 936
f 543 545 936
f 936 545 934
f 545 547 934
f 934 547 932
f 547 549 932
f 932 549 930
f 549 551 930
f 930 551 928
f 551 553 928
f 928 553 926
f 553 555 926
f 926 555 924
f 555 557 924
f 924 557 922
f 557 559 922
f 922 559 920
f 559 561 920
f 920 561 918
f 561 563 918
f 918 563 916
f 563 565 916
f 916 565 914
f 565 567 914
f 914 567 912
f 567 569 912
f 912 569 910
f 569 571 910
f 910 571 908
f 571 573 908
f 908 573 906
f 573 575 906
f 906 575 904
f 575 577 904
f 904 577 902
f 577 579 902
f 902 579 900
f 579 581 900
f 900 581 898
f 581 583 898
f 898 583 896
f 583 585 896
f 896 585 894
f 585 587 894
f 894 587 892
f 587 589 892
f 892 589 890
f 589 591 890
f 890 591 888
f 591 593 888
f 888 593 886
f 593 595 886
f 886 595 884
f 595 597 884
f 884 597 882
f 597 599 882
f 882 599 880
f 599 601 880
f 880 601 878
f 601 603 878
f 878 603 876
f 603 605 876
f 876 605 874
f 605 607 874
f 874 607 872
f 607 609 872
f 872 609 870
f 609 611 870
f 870 611 868
f 611 613 868
f 868 613 866
f 613 615 866
f 866 615 864
f 615 617 864
f 864 617 862
f 617 619 862
f 862 619 860
f 619 621 860
f 860 621 858
f 621 623 858
f 858 623 856
f 623 625 856
f 856 625 854
f 625 627 854
f 854 627 852
f 627 629 852
f 852 629 850
f 629 631 850
f 850 631 848
f 631 633 848
f 848 633 846
f 633 635 846
f 846 635 844
f 635 637 844
f 844 637 842
f 637 639 842
f 842 639 840
f 639 641 840
f 840 641 838
f 641 643 838
f 838 643 836
f 643 645 836
f 836 645 834
f 645 647 834
f 834 647 832
f 647 649 832
f 832 649 743
f 649 651 743
f 743 651 653
f 1422 693 1423
f 693 692 1423
f 1423 692 1424
f 692 691 1424
f 1424 691 1425
f 691 690 1425
f 1425 690 1426
f 690 689 1426
f 1426 689 1427
f 689 682 1427
f 1427 682 1428
f 682 681 1428
f 1428 681 1429
f 681 680 1429
f 1429 680 1430
f 680 715 1430
f 1430 715 1431
f 715 714 1431
f 1431 714 1432
f 714 713 1432
f 1432 713 1433
f 713 733 1433
f 1433 733 1434
f 733 732 1434
f 1434 732 1435
f 732 726 1435
f 1435 726 1436
f 726 725 1436
f 1436 725 1437
f 725 724 1437
f 1437 724 1438
f 724 738 1438
f 1438 738 1439
f 738 737 1439
f 1439 737 1440
f 737 736 1440
f 1440 736 1441
f 736 710 1441
f 1441 710 1442
f 710 709 1442
f 1442 709 1443
f 709 708 1443
f 1443 708 1444
f 708 688 1444
f 1444 688 1445
f 688 687 1445
f 1445 687 1446
f 687 686 1446
f 1446 686 1447
f 686 685 1447
f 1447 685 1448
f 685 712 1448
f 1448 712 1449
f 712 711 1449
f 1449 711 1450
f 711 707 1450
f 1450 707 1451
f 707 706 1451
f 1451 706 1452
f 706 705 1452
f 1452 705 1453
f 705 664 1453
f 1453 664 1454
f 664 663 1454
f 1454 663 1455
f 663 723 1455
f 1455 723 1456
f 723 722 1456
f 1456 722 1457
f 722 735 1457
f 1457 735 1458
f 735 734 1458
f 1458 734 1459
f 734 731 1459
f 1459 731 1460
f 731 730 1460
f 1460 730 1461
f 730 729 1461
f 1461 729 1462
f 729 704 1462
f 1462 704 1463
f 704 703 1463
f 1463 703 1464
f 703 702 1464
f 1464 702 1465
f 702 728 1465
f 1465 728 1466
f 728 727 1466
f 1466 727 1467
f 727 721 1467
f 1467 721 1468
f 721 720 1468
f 1468 720 1469
f 720 719 1469
f 1469 719 1470
f 719 701 1470
f 1470 701 1471
f 701 700 1471
f 1471 700 1472
f 700 698 1472
f 1472 698 1473
f 698 697 1473
f 1473 697 1474
f 697 718 1474
f 1474 718 1475
f 718 717 1475
f 1475 717 1476
f 717 716 1476
f 1476 716 1477
f 716 696 1477
f 1477 696 1478
f 696 695 1478
f 1478 695 1479
f 695 694 1479
f 1479 694 1480
f 694 679 1480
f 1480 679 1481
f 679 678 1481
f 1481 678 1482
f 678 677 1482
f 1482 677 1483
f 677 676 1483
f 1483 676 1484
f 676 684 1484
f 1484 684 1485
f 684 683 1485
f 1485 683 1486
f 683 672 1486
f 1486 672 1487
f 672 671 1487
f 1487 671 1488
f 671 670 1488
f 1488 670 1489
f 670 666 1489
f 1489 666 1490
f 666 668 1490
f 1490 668 1491
f 668 669 1491
f 1491 669 1492
f 669 673 1492
f 1492 673 1493
f 673 675 1493
f 1493 675 1422
f 675 693 1422
f 1494 1495 1496
f 1495 1497 1496
f 1496 1497 1498
f 1499 1500 1496
f 1500 1501 1496
f 1496 1501 1494
f 1502 1503 1496
f 1503 1504 1496
f 1496 1504 1499
f 1505 1506 1496
f 1506 1507 1496
f 1496 1507 1502
f 1508 1509 1496
f 1509 1510 1496
f 1496 1510 1505
f 1511 1512 1496
f 1512 1513 1496
f 1496 1513 1508
f 1514 1515 1496
f 1515 1516 1496
f 1496 1516 1511
f 1517 1518 1496
f 1518 1519 1496
f 1496 1519 1514
f 1520 1521 1496
f 1521 1522 1496
f 1496 1522 1517
f 1523 1524 1496
f 1524 1525 1496
f 1496 1525 1520
f 1526 1527 1496
f 1527 1528 1496
f 1496 1528 1523
f 1529 1530 1496
f 1530 1531 1496
f 1496 1531 1526
f 1532 1533 1496
f 1533 1534 1496
f 1496 1534 1529
f 1535 1536 1496
f 1536 1537 1496
f 1496 1537 1532
f 1538 1539 1496
f 1539 1540 1496
f 1496 1540 1535
f 1541 1542 1496
f 1542 1543 1496
f 1496 1543 1538
f 1544 1545 1496
f 1545 1546 1496
f 1496 1546 1541
f 1547 1548 1496
f 1548 1549 1496
f 1496 1549 1544
f 1550 1551 1496
f 1551 1552 1496
f 1496 1552 1547
f 1553 1554 1496
f 1554 1555 1496
f 1496 1555 1550
f 1556 1557 1496
f 1557 1558 1496
f 1496 1558 1553
f 1559 1560 1496
f 1560 1561 1496
f 1496 1561 1556
f 1562 1563 1496
f 1563 1564 1496
f 1496 1564 1559
f 1498 1565 1496
f 1565 1566 1496
f 1496 1566 1562
f 741 819 161
f 819 159 161
f 1492 1493 1567
f 1493 1422 1567
f 1567 1422 1423
f 1489 1490 1567
f 1490 1491 1567
f 1567 1491 1492
f 1486 1487 1567
f 1487 1488 1567
f 1567 1488 1489
f 1483 1484 1567
f 1484 1485 1567
f 1567 1485 1486
f 1480 1481 1567
f 1481 1482 1567
f 1567 1482 1483
f 1477 1478 1567
f 1478 1479 1567
f 1567 1479 1480
f 1474 1475 1567
f 1475 1476 1567
f 1567 1476 1477
f 1471 1472 1567
f 1472 1473 1567
f 1567 1473 1474
f 1468 1469 1567
f 1469 1470 1567
f 1567 1470 1471
f 1465 1466 1567
f 1466 1467 1567
f 1567 1467 1468
f 1462 1463 1567
f 1463 1464 1567
f 1567 1464 1465
f 1459 1460 1567
f 1460 1461 1567
f 1567 1461 1462
f 1456 1457 1567
f 1457 1458 1567
f 1567 1458 1459
f 1453 1454 1567
f 1454 1455 1567
f 1567 1455 1456
f 1450 1451 1567
f 1451 1452 1567
f 1567 1452 1453
f 1447 1448 1567
f 1448 1449 1567
f 1567 1449 1450
f 1444 1445 1567
f 1445 1446 1567
f 1567 1446 1447
f 1441 1442 1567
f 1442 1443 1567
f 1567 1443 1444
f 1438 1439 1567
f 1439 1440 1567
f 1567 1440 1441
f 1435 1436 1567
f 1436 1437 1567
f 1567 1437 1438
f 1432 1433 1567
f 1433 1434 1567
f 1567 1434 1435
f 1429 1430 1567
f 1430 1431 1567
f 1567 1431 1432
f 1426 1427 1567
f 1427 1428 1567
f 1567 1428 1429
f 1423 1424 1567
f 1424 1425 1567
f 1567 1425 1426
f 1420 1421 1568
f 1421 1350 1568
f 1568 1350 1351
f 1417 1418 1568
f 1418 1419 1568
f 1568 1419 1420
f 1414 1415 1568
f 1415 1416 1568
f 1568 1416 1417
f 1411 1412 1568
f 1412 1413 1568
f 1568 1413 1414
f 1408 1409 1568
f 1409 1410 1568
f 1568 1410 1411
f 1405 1406 1568
f 1406 1407 1568
f 1568 1407 1408
f 1402 1403 1568
f 1403 1404 1568
f 1568 1404 1405
f 1399 1400 1568
f 1400 1401 1568
f 1568 1401 1402
f 1396 1397 1568
f 1397 1398 1568
f 1568 1398 1399
f 1393 1394 1568
f 1394 1395 1568
f 1568 1395 1396
f 1390 1391 1568
f 1391 1392 1568
f 1568 1392 1393
f 1387 1388 1568
f 1388 1389 1568
f 1568 1389 1390
f 1384 1385 1568
f 1385 1386 1568
f 1568 1386 1387
f 1381 1382 1568
f 1382 1383 1568
f 1568 1383 1384
f 1378 1379 1568
f 1379 1380 1568
f 1568 1380 1381
f 1375 1376 1568
f 1376 1377 1568
f 1568 1377 1378
f 1372 1373 1568
f 1373 1374 1568
f 1568 1374 1375
f 1369 1370 1568
f 1370 1371 1568
f 1568 1371 1372
f 1366 1367 1568
f 1367 1368 1568
f 1568 1368 1369
f 1363 1364 1568
f 1364 1365 1568
f 1568 1365 1366
f 1360 1361 1568
f 1361 1362 1568
f 1568 1362 1363
f 1357 1358 1568
f 1358 1359 1568
f 1568 1359 1360
f 1354 1355 1568
f 1355 1356 1568
f 1568 1356 1357
f 1351 1352 1568
f 1352 1353 1568
f 1568 1353 1354
f 1172 1533 1173
f 1533 1532 1173
f 1173 1532 1037
f 1532 1537 1037
f 1037 1537 1038
f 1537 1536 1038
f 1038 1536 1039
f 1536 1535 1039
f 1039 1535 1040
f 1535 1540 1040
f 1040 1540 1070
f 1540 1539 1070
f 1070 1539 1071
f 1539 1538 1071
f 1071 1538 1072
f 1538 1543 1072
f 1072 1543 1174
f 1543 1542 1174
f 1174 1542 1175
f 1542 1541 1175
f 1175 1541 1073
f 1541 1546 1073
f 1073 1546 1074
f 1546 1545 1074
f 1074 1545 1176
f 1545 1544 1176
f 1176 1544 1177
f 1544 1549 1177
f 1177 1549 1178
f 1549 1548 1178
f 1178 1548 1063
f 1548 1547 1063
f 1063 1547 1064
f 1547 1552 1064
f 1064 1552 1075
f 1552 1551 1075
f 1075 1551 1076
f 1551 1550 1076
f 1076 1550 1041
f 1550 1555 1041
f 1041 1555 1042
f 1555 1554 1042
f 1042 1554 1043
f 1554 1553 1043
f 1043 1553 1044
f 1553 1558 1044
f 1044 1558 1065
f 1558 1557 1065
f 1065 1557 1066
f 1557 1556 1066
f 1066 1556 1067
f 1556 1561 1067
f 1067 1561 1077
f 1561 1560 1077
f 1077 1560 1078
f 1560 1559 1078
f 1078 1559 1045
f 1559 1564 1045
f 1045 1564 1046
f 1564 1563 1046
f 1046 1563 1047
f 1563 1562 1047
f 1047 1562 1048
f 1562 1566 1048
f 1048 1566 1049
f 1566 1565 1049
f 1049 1565 1050
f 1565 1498 1050
f 1050 1498 1051
f 1498 1497 1051
f 1051 1497 1023
f 1497 1495 1023
f 1023 1495 1024
f 1495 1494 1024
f 1024 1494 1025
f 1494 1501 1025
f 1025 1501 1026
f 1501 1500 1026
f 1026 1500 1027
f 1500 1499 1027
f 1027 1499 1052
f 1499 1504 1052
f 1052 1504 1053
f 1504 1503 1053
f 1053 1503 1054
f 1503 1502 1054
f 1054 1502 1068
f 1502 1507 1068
f 1068 1507 1069
f 1507 1506 1069
f 1069 1506 1006
f 1506 1505 1006
f 1006 1505 1007
f 1505 1510 1007
f 1007 1510 1028
f 1510 1509 1028
f 1028 1509 1029
f 1509 1508 1029
f 1029 1508 1030
f 1508 1513 1030
f 1030 1513 1058
f 1513 1512 1058
f 1058 1512 1059
f 1512 1511 1059
f 1059 1511 1055
f 1511 1516 1055
f 1055 1516 1056
f 1516 1515 1056
f 1056 1515 1057
f 1515 1514 1057
f 1057 1514 1012
f 1514 1519 1012
f 1012 1519 1013
f 1519 1518 1013
f 1013 1518 1004
f 1518 1517 1004
f 1004 1517 1005
f 1517 1522 1005
f 1005 1522 1008
f 1522 1521 1008
f 1008 1521 1009
f 1521 1520 1009
f 1009 1520 1010
f 1520 1525 1010
f 1010 1525 1031
f 1525 1524 1031
f 1031 1524 1032
f 1524 1523 1032
f 1032 1523 1033
f 1523 1528 1033
f 1033 1528 1034
f 1528 1527 1034
f 1034 1527 1035
f 1527 1526 1035
f 1035 1526 1036
f 1526 1531 1036
f 1036 1531 1060
f 1531 1530 1060
f 1060 1530 1061
f 1530 1529 1061
f 1061 1529 1062
f 1529 1534 1062
f 1062 1534 1172
f 1534 1533 1172

