# https://github.com/mikedh/trimesh
v -0.00246202 0.02543412 -0.13405354
v -0.00249049 0.02521789 -0.13405354
v 0.00000000 0.02500000 -0.13405354
v -0.00250000 0.02500000 -0.13405354
v -0.00249049 0.02478211 -0.13405354
v -0.00226577 0.02605654 -0.13405354
v -0.00234923 0.02585505 -0.13405354
v -0.00241481 0.02564705 -0.13405354
v -0.00191511 0.02660697 -0.13405354
v -0.00204788 0.02643394 -0.13405354
v -0.00216506 0.02625000 -0.13405354
v -0.00143394 0.02704788 -0.13405354
v -0.00160697 0.02691511 -0.13405354
v -0.00176777 0.02676777 -0.13405354
v -0.00085505 0.02734923 -0.13405354
v -0.00105655 0.02726577 -0.13405354
v -0.00125000 0.02716506 -0.13405354
v -0.00021789 0.02749049 -0.13405354
v -0.00043412 0.02746202 -0.13405354
v -0.00064705 0.02741481 -0.13405354
v 0.00043412 0.02746202 -0.13405354
v 0.00021789 0.02749049 -0.13405354
v 0.00000000 0.02750000 -0.13405354
v 0.00105655 0.02726577 -0.13405354
v 0.00085505 0.02734923 -0.13405354
v 0.00064705 0.02741481 -0.13405354
v 0.00160697 0.02691511 -0.13405354
v 0.00143394 0.02704788 -0.13405354
v 0.00125000 0.02716506 -0.13405354
v 0.00204788 0.02643394 -0.13405354
v 0.00191511 0.02660697 -0.13405354
v 0.00176777 0.02676777 -0.13405354
v 0.00234923 0.02585505 -0.13405354
v 0.00226577 0.02605654 -0.13405354
v 0.00216506 0.02625000 -0.13405354
v 0.00249049 0.02521789 -0.13405354
v 0.00246202 0.02543412 -0.13405354
v 0.00241481 0.02564705 -0.13405354
v 0.00246202 0.02456588 -0.13405354
v 0.00249049 0.02478211 -0.13405354
v 0.00250000 0.02500000 -0.13405354
v 0.00226577 0.02394345 -0.13405354
v 0.00234923 0.02414495 -0.13405354
v 0.00241481 0.02435295 -0.13405354
v 0.00191511 0.02339303 -0.13405354
v 0.00204788 0.02356606 -0.13405354
v 0.00216506 0.02375000 -0.13405354
v 0.00143394 0.02295212 -0.13405354
v 0.00160697 0.02308489 -0.13405354
v 0.00176777 0.02323223 -0.13405354
v 0.00085505 0.02265077 -0.13405354
v 0.00105655 0.02273423 -0.13405354
v 0.00125000 0.02283494 -0.13405354
v 0.00021789 0.02250951 -0.13405354
v 0.00043412 0.02253798 -0.13405354
v 0.00064705 0.02258519 -0.13405354
v -0.00043412 0.02253798 -0.13405354
v -0.00021789 0.02250951 -0.13405354
v 0.00000000 0.02250000 -0.13405354
v -0.00105655 0.02273423 -0.13405354
v -0.00085505 0.02265077 -0.13405354
v -0.00064705 0.02258519 -0.13405354
v -0.00160697 0.02308489 -0.13405354
v -0.00143394 0.02295212 -0.13405354
v -0.00125000 0.02283494 -0.13405354
v -0.00204788 0.02356606 -0.13405354
v -0.00191511 0.02339303 -0.13405354
v -0.00176777 0.02323223 -0.13405354
v -0.00234923 0.02414495 -0.13405354
v -0.00226577 0.02394345 -0.13405354
v -0.00216506 0.02375000 -0.13405354
v -0.00246202 0.02456588 -0.13405354
v -0.00241481 0.02435295 -0.13405354
v -0.00250000 0.02500000 -0.11405354
v -0.00249049 0.02478211 -0.11405354
v -0.00246202 0.02456588 -0.11405354
v -0.00241481 0.02435295 -0.11405354
v -0.00234923 0.02414495 -0.11405354
v -0.00226577 0.02394345 -0.11405354
v -0.00216506 0.02375000 -0.11405354
v -0.00204788 0.02356606 -0.11405354
v -0.00191511 0.02339303 -0.11405354
v -0.00176777 0.02323223 -0.11405354
v -0.00160697 0.02308489 -0.11405354
v -0.00143394 0.02295212 -0.11405354
v -0.00125000 0.02283494 -0.11405354
v -0.00105655 0.02273423 -0.11405354
v -0.00085505 0.02265077 -0.11405354
v -0.00064705 0.02258519 -0.11405354
v -0.00043412 0.02253798 -0.11405354
v -0.00021789 0.02250951 -0.11405354
v 0.00000000 0.02250000 -0.11405354
v 0.00021789 0.02250951 -0.11405354
v 0.00043412 0.02253798 -0.11405354
v 0.00064705 0.02258519 -0.11405354
v 0.00085505 0.02265077 -0.11405354
v 0.00105655 0.02273423 -0.11405354
v 0.00125000 0.02283494 -0.11405354
v 0.00143394 0.02295212 -0.11405354
v 0.00160697 0.02308489 -0.11405354
v 0.00176777 0.02323223 -0.11405354
v 0.00191511 0.02339303 -0.11405354
v 0.00204788 0.02356606 -0.11405354
v 0.00216506 0.02375000 -0.11405354
v 0.00226577 0.02394345 -0.11405354
v 0.00234923 0.02414495 -0.11405354
v 0.00241481 0.02435295 -0.11405354
v 0.00246202 0.02456588 -0.11405354
v 0.00249049 0.02478211 -0.11405354
v 0.00250000 0.02500000 -0.11405354
v 0.00249049 0.02521789 -0.11405354
v 0.00246202 0.02543412 -0.11405354
v 0.00241481 0.02564705 -0.11405354
v 0.00234923 0.02585505 -0.11405354
v 0.00226577 0.02605654 -0.11405354
v 0.00216506 0.02625000 -0.11405354
v 0.00204788 0.02643394 -0.11405354
v 0.00191511 0.02660697 -0.11405354
v 0.00176777 0.02676777 -0.11405354
v 0.00160697 0.02691511 -0.11405354
v 0.00143394 0.02704788 -0.11405354
v 0.00125000 0.02716506 -0.11405354
v 0.00105655 0.02726577 -0.11405354
v 0.00085505 0.02734923 -0.11405354
v 0.00064705 0.02741481 -0.11405354
v 0.00043412 0.02746202 -0.11405354
v 0.00021789 0.02749049 -0.11405354
v 0.00000000 0.02750000 -0.11405354
v -0.00021789 0.02749049 -0.11405354
v -0.00043412 0.02746202 -0.11405354
v -0.00064705 0.02741481 -0.11405354
v -0.00085505 0.02734923 -0.11405354
v -0.00105655 0.02726577 -0.11405354
v -0.00125000 0.02716506 -0.11405354
v -0.00143394 0.02704788 -0.11405354
v -0.00160697 0.02691511 -0.11405354
v -0.00176777 0.02676777 -0.11405354
v -0.00191511 0.02660697 -0.11405354
v -0.00204788 0.02643394 -0.11405354
v -0.00216506 0.02625000 -0.11405354
v -0.00226577 0.02605654 -0.11405354
v -0.00234923 0.02585505 -0.11405354
v -0.00241481 0.02564705 -0.11405354
v -0.00246202 0.02543412 -0.11405354
v -0.00249049 0.02521789 -0.11405354
v 0.00000000 0.02500000 -0.11405354
v -0.00246202 -0.02456588 -0.13405354
v -0.00249049 -0.02478211 -0.13405354
v 0.00000000 -0.02500000 -0.13405354
v -0.00250000 -0.02500000 -0.13405354
v -0.00249049 -0.02521789 -0.13405354
v -0.00226577 -0.02394345 -0.13405354
v -0.00234923 -0.02414495 -0.13405354
v -0.00241481 -0.02435295 -0.13405354
v -0.00191511 -0.02339303 -0.13405354
v -0.00204788 -0.02356606 -0.13405354
v -0.00216506 -0.02375000 -0.13405354
v -0.00143394 -0.02295212 -0.13405354
v -0.00160697 -0.02308489 -0.13405354
v -0.00176777 -0.02323223 -0.13405354
v -0.00085505 -0.02265077 -0.13405354
v -0.00105655 -0.02273423 -0.13405354
v -0.00125000 -0.02283494 -0.13405354
v -0.00021789 -0.02250951 -0.13405354
v -0.00043412 -0.02253798 -0.13405354
v -0.00064705 -0.02258519 -0.13405354
v 0.00043412 -0.02253798 -0.13405354
v 0.00021789 -0.02250951 -0.13405354
v 0.00000000 -0.02250000 -0.13405354
v 0.00105655 -0.02273423 -0.13405354
v 0.00085505 -0.02265077 -0.13405354
v 0.00064705 -0.02258519 -0.13405354
v 0.00160697 -0.02308489 -0.13405354
v 0.00143394 -0.02295212 -0.13405354
v 0.00125000 -0.02283494 -0.13405354
v 0.00204788 -0.02356606 -0.13405354
v 0.00191511 -0.02339303 -0.13405354
v 0.00176777 -0.02323223 -0.13405354
v 0.00234923 -0.02414495 -0.13405354
v 0.00226577 -0.02394345 -0.13405354
v 0.00216506 -0.02375000 -0.13405354
v 0.00249049 -0.02478211 -0.13405354
v 0.00246202 -0.02456588 -0.13405354
v 0.00241481 -0.02435295 -0.13405354
v 0.00246202 -0.02543412 -0.13405354
v 0.00249049 -0.02521789 -0.13405354
v 0.00250000 -0.02500000 -0.13405354
v 0.00226577 -0.02605654 -0.13405354
v 0.00234923 -0.02585505 -0.13405354
v 0.00241481 -0.02564705 -0.13405354
v 0.00191511 -0.02660697 -0.13405354
v 0.00204788 -0.02643394 -0.13405354
v 0.00216506 -0.02625000 -0.13405354
v 0.00143394 -0.02704788 -0.13405354
v 0.00160697 -0.02691511 -0.13405354
v 0.00176777 -0.02676777 -0.13405354
v 0.00085505 -0.02734923 -0.13405354
v 0.00105655 -0.02726577 -0.13405354
v 0.00125000 -0.02716506 -0.13405354
v 0.00021789 -0.02749049 -0.13405354
v 0.00043412 -0.02746202 -0.13405354
v 0.00064705 -0.02741481 -0.13405354
v -0.00043412 -0.02746202 -0.13405354
v -0.00021789 -0.02749049 -0.13405354
v 0.00000000 -0.02750000 -0.13405354
v -0.00105655 -0.02726577 -0.13405354
v -0.00085505 -0.02734923 -0.13405354
v -0.00064705 -0.02741481 -0.13405354
v -0.00160697 -0.02691511 -0.13405354
v -0.00143394 -0.02704788 -0.13405354
v -0.00125000 -0.02716506 -0.13405354
v -0.00204788 -0.02643394 -0.13405354
v -0.00191511 -0.02660697 -0.13405354
v -0.00176777 -0.02676777 -0.13405354
v -0.00234923 -0.02585505 -0.13405354
v -0.00226577 -0.02605654 -0.13405354
v -0.00216506 -0.02625000 -0.13405354
v -0.00246202 -0.02543412 -0.13405354
v -0.00241481 -0.02564705 -0.13405354
v -0.00250000 -0.02500000 -0.11405354
v -0.00249049 -0.02521789 -0.11405354
v -0.00246202 -0.02543412 -0.11405354
v -0.00241481 -0.02564705 -0.11405354
v -0.00234923 -0.02585505 -0.11405354
v -0.00226577 -0.02605654 -0.11405354
v -0.00216506 -0.02625000 -0.11405354
v -0.00204788 -0.02643394 -0.11405354
v -0.00191511 -0.02660697 -0.11405354
v -0.00176777 -0.02676777 -0.11405354
v -0.00160697 -0.02691511 -0.11405354
v -0.00143394 -0.02704788 -0.11405354
v -0.00125000 -0.02716506 -0.11405354
v -0.00105655 -0.02726577 -0.11405354
v -0.00085505 -0.02734923 -0.11405354
v -0.00064705 -0.02741481 -0.11405354
v -0.00043412 -0.02746202 -0.11405354
v -0.00021789 -0.02749049 -0.11405354
v 0.00000000 -0.02750000 -0.11405354
v 0.00021789 -0.02749049 -0.11405354
v 0.00043412 -0.02746202 -0.11405354
v 0.00064705 -0.02741481 -0.11405354
v 0.00085505 -0.02734923 -0.11405354
v 0.00105655 -0.02726577 -0.11405354
v 0.00125000 -0.02716506 -0.11405354
v 0.00143394 -0.02704788 -0.11405354
v 0.00160697 -0.02691511 -0.11405354
v 0.00176777 -0.02676777 -0.11405354
v 0.00191511 -0.02660697 -0.11405354
v 0.00204788 -0.02643394 -0.11405354
v 0.00216506 -0.02625000 -0.11405354
v 0.00226577 -0.02605654 -0.11405354
v 0.00234923 -0.02585505 -0.11405354
v 0.00241481 -0.02564705 -0.11405354
v 0.00246202 -0.02543412 -0.11405354
v 0.00249049 -0.02521789 -0.11405354
v 0.00250000 -0.02500000 -0.11405354
v 0.00249049 -0.02478211 -0.11405354
v 0.00246202 -0.02456588 -0.11405354
v 0.00241481 -0.02435295 -0.11405354
v 0.00234923 -0.02414495 -0.11405354
v 0.00226577 -0.02394345 -0.11405354
v 0.00216506 -0.02375000 -0.11405354
v 0.00204788 -0.02356606 -0.11405354
v 0.00191511 -0.02339303 -0.11405354
v 0.00176777 -0.02323223 -0.11405354
v 0.00160697 -0.02308489 -0.11405354
v 0.00143394 -0.02295212 -0.11405354
v 0.00125000 -0.02283494 -0.11405354
v 0.00105655 -0.02273423 -0.11405354
v 0.00085505 -0.02265077 -0.11405354
v 0.00064705 -0.02258519 -0.11405354
v 0.00043412 -0.02253798 -0.11405354
v 0.00021789 -0.02250951 -0.11405354
v 0.00000000 -0.02250000 -0.11405354
v -0.00021789 -0.02250951 -0.11405354
v -0.00043412 -0.02253798 -0.11405354
v -0.00064705 -0.02258519 -0.11405354
v -0.00085505 -0.02265077 -0.11405354
v -0.00105655 -0.02273423 -0.11405354
v -0.00125000 -0.02283494 -0.11405354
v -0.00143394 -0.02295212 -0.11405354
v -0.00160697 -0.02308489 -0.11405354
v -0.00176777 -0.02323223 -0.11405354
v -0.00191511 -0.02339303 -0.11405354
v -0.00204788 -0.02356606 -0.11405354
v -0.00216506 -0.02375000 -0.11405354
v -0.00226577 -0.02394345 -0.11405354
v -0.00234923 -0.02414495 -0.11405354
v -0.00241481 -0.02435295 -0.11405354
v -0.00246202 -0.02456588 -0.11405354
v -0.00249049 -0.02478211 -0.11405354
v 0.00000000 -0.02500000 -0.11405354
v -0.01100000 -0.01625000 -0.02814583
v -0.01100000 -0.01373509 -0.02945500
v -0.01100000 -0.01275000 -0.03625000
v -0.01100000 -0.04157344 -0.03972277
v -0.01100000 -0.04484699 -0.03598607
v -0.01100000 -0.03336954 -0.03625000
v -0.01100000 -0.03697763 0.02448858
v -0.01100000 -0.03723909 0.02450000
v -0.01100000 -0.03336954 0.02850000
v -0.01100000 -0.02849777 0.04994124
v -0.01100000 -0.03050000 0.02850000
v -0.01100000 -0.01948385 0.05409833
v -0.01100000 -0.01474159 0.05557819
v -0.01100000 -0.01373509 0.02945500
v -0.01100000 0.03750056 -0.01851142
v -0.01100000 0.03723909 -0.01850000
v -0.01100000 0.03250000 -0.00000000
v -0.01100000 0.02521789 -0.05906305
v -0.01100000 0.02500000 -0.05905354
v -0.01100000 0.03000000 -0.05527677
v -0.01100000 -0.02478211 -0.09906305
v -0.01100000 -0.02500000 -0.09905354
v -0.01100000 -0.02468172 -0.09425000
v -0.01100000 -0.02643394 -0.05950566
v -0.01100000 -0.02660697 -0.05963843
v -0.01100000 -0.03000000 -0.05527677
v -0.01100000 -0.02741481 -0.06220059
v -0.01100000 -0.02734923 -0.06240859
v -0.01100000 -0.03000000 -0.08155354
v -0.01100000 -0.02521789 -0.05906305
v -0.01100000 -0.02543412 -0.05909152
v -0.01100000 -0.02564705 -0.05913873
v -0.01100000 -0.02585505 -0.05920431
v -0.01100000 -0.02676777 -0.05978578
v -0.01100000 -0.02691511 -0.05994657
v -0.01100000 -0.02704788 -0.06011960
v -0.01100000 -0.02716506 -0.06030354
v -0.01100000 -0.02726577 -0.06049700
v -0.01100000 -0.02734923 -0.06069849
v -0.01100000 -0.01417202 -0.05527342
v -0.01100000 -0.02308489 -0.05994657
v -0.01100000 -0.02323223 -0.05978578
v -0.01100000 -0.02605654 -0.05928777
v -0.01100000 -0.02625000 -0.05938848
v -0.01100000 -0.02253798 -0.06198766
v -0.01100000 -0.02250951 -0.06177143
v -0.01100000 -0.02015254 -0.05984746
v -0.01100000 -0.02339303 -0.05963843
v -0.01100000 -0.02356606 -0.05950566
v -0.01100000 -0.02375000 -0.05938848
v -0.01100000 -0.02456588 -0.05909152
v -0.01100000 -0.02478211 -0.05906305
v -0.01100000 -0.02500000 -0.05905354
v -0.01100000 -0.02741481 -0.06090650
v -0.01100000 -0.02746202 -0.06111942
v -0.01100000 -0.02749049 -0.06133565
v -0.01100000 -0.02750000 -0.06155354
v -0.01100000 -0.02749049 -0.06177143
v -0.01100000 -0.02746202 -0.06198766
v -0.01100000 -0.02726577 -0.06261009
v -0.01100000 -0.02716506 -0.06280354
v -0.01100000 -0.02704788 -0.06298748
v -0.01100000 -0.02334583 -0.06365307
v -0.01100000 -0.02468172 -0.06575000
v -0.01100000 -0.02375000 -0.06371860
v -0.01100000 -0.02356606 -0.06360142
v -0.01100000 -0.02339303 -0.06346865
v -0.01100000 -0.02323223 -0.06332131
v -0.01100000 -0.02250000 -0.06155354
v -0.01100000 -0.02250951 -0.06133565
v -0.01100000 -0.02253798 -0.06111942
v -0.01100000 -0.02283494 -0.06030354
v -0.01100000 -0.01634693 -0.05665417
v -0.01100000 -0.01831945 -0.05816773
v -0.01100000 -0.01425000 -0.05531828
v -0.01100000 -0.02295212 -0.06011960
v -0.01100000 -0.02394345 -0.05928777
v -0.01100000 -0.02414495 -0.05920431
v -0.01100000 -0.02435295 -0.05913873
v -0.01100000 -0.02691511 -0.06316051
v -0.01100000 -0.02676777 -0.06332131
v -0.01100000 -0.02660697 -0.06346865
v -0.01100000 -0.02500000 -0.06405354
v -0.01100000 -0.02478211 -0.06404403
v -0.01100000 -0.02456588 -0.06401556
v -0.01100000 -0.02435295 -0.06396836
v -0.01100000 -0.02308489 -0.06316051
v -0.01100000 -0.02295212 -0.06298748
v -0.01100000 -0.02183227 -0.06168055
v -0.01100000 -0.02283494 -0.06280354
v -0.01100000 -0.02273423 -0.06261009
v -0.01100000 -0.02265077 -0.06240859
v -0.01100000 -0.02258519 -0.06220059
v -0.01100000 -0.02643394 -0.06360142
v -0.01100000 -0.02625000 -0.06371860
v -0.01100000 -0.02605654 -0.06381931
v -0.01100000 -0.02543412 -0.06401556
v -0.01100000 -0.02752889 -0.07262366
v -0.01100000 -0.02806702 -0.07505102
v -0.01100000 -0.02839155 -0.07751606
v -0.01100000 -0.02414495 -0.06390277
v -0.01100000 -0.02394345 -0.06381931
v -0.01100000 -0.02258519 -0.06090650
v -0.01100000 -0.02265077 -0.06069849
v -0.01100000 -0.02273423 -0.06049700
v -0.01100000 -0.02585505 -0.06390277
v -0.01100000 -0.02564705 -0.06396836
v -0.01100000 -0.02521789 -0.06404403
v -0.01100000 -0.02582977 -0.06795538
v -0.01100000 -0.02678124 -0.07025243
v -0.01100000 -0.02258519 -0.10090649
v -0.01100000 -0.02265077 -0.10069849
v -0.01100000 -0.02015254 -0.10015254
v -0.01100000 -0.02582977 -0.09204462
v -0.01100000 -0.02478211 -0.10404403
v -0.01100000 -0.02456588 -0.10401556
v -0.01100000 -0.01275000 -0.10627677
v -0.01100000 -0.02435295 -0.10396836
v -0.01100000 -0.01831945 -0.10183226
v -0.01100000 -0.02250000 -0.10155354
v -0.01100000 -0.02250951 -0.10133565
v -0.01100000 -0.02850000 -0.08000000
v -0.01100000 -0.02845757 -0.08155465
v -0.01100000 -0.02839155 -0.08248394
v -0.01100000 -0.02726577 -0.10261009
v -0.01100000 -0.02716506 -0.10280354
v -0.01100000 -0.03000000 -0.10627677
v -0.01100000 -0.02704788 -0.10298748
v -0.01100000 -0.02691511 -0.10316051
v -0.01100000 -0.02521789 -0.10404403
v -0.01100000 -0.02500000 -0.10405354
v -0.01100000 -0.02414495 -0.10390277
v -0.01100000 -0.02394345 -0.10381931
v -0.01100000 -0.02375000 -0.10371861
v -0.01100000 -0.02356606 -0.10360143
v -0.01100000 -0.02339303 -0.10346866
v -0.01100000 -0.02323223 -0.10332131
v -0.01100000 -0.02394345 -0.09928777
v -0.01100000 -0.02414495 -0.09920431
v -0.01100000 -0.02334583 -0.09634693
v -0.01100000 -0.02435295 -0.09913873
v -0.01100000 -0.02456588 -0.09909152
v -0.01100000 -0.02585505 -0.09920431
v -0.01100000 -0.02605654 -0.09928777
v -0.01100000 -0.02625000 -0.09938848
v -0.01100000 -0.02643394 -0.09950566
v -0.01100000 -0.02660697 -0.09963843
v -0.01100000 -0.02750000 -0.10155354
v -0.01100000 -0.02749049 -0.10177143
v -0.01100000 -0.02746202 -0.10198766
v -0.01100000 -0.02676777 -0.10332131
v -0.01100000 -0.02660697 -0.10346866
v -0.01100000 -0.02643394 -0.10360143
v -0.01100000 -0.02625000 -0.10371861
v -0.01100000 -0.02605654 -0.10381931
v -0.01100000 -0.02585505 -0.10390277
v -0.01100000 -0.02308489 -0.10316051
v -0.01100000 -0.02295212 -0.10298748
v -0.01100000 -0.02283494 -0.10280354
v -0.01100000 -0.02253798 -0.10111942
v -0.01100000 -0.02183227 -0.09831945
v -0.01100000 -0.02308489 -0.09994657
v -0.01100000 -0.02323223 -0.09978577
v -0.01100000 -0.02339303 -0.09963843
v -0.01100000 -0.02356606 -0.09950566
v -0.01100000 -0.02375000 -0.09938848
v -0.01100000 -0.02521789 -0.09906305
v -0.01100000 -0.02543412 -0.09909152
v -0.01100000 -0.02678124 -0.08974757
v -0.01100000 -0.02806702 -0.08494897
v -0.01100000 -0.02752889 -0.08737634
v -0.01100000 -0.02564705 -0.09913873
v -0.01100000 -0.02676777 -0.09978577
v -0.01100000 -0.02691511 -0.09994657
v -0.01100000 -0.02704788 -0.10011960
v -0.01100000 -0.02716506 -0.10030355
v -0.01100000 -0.02726577 -0.10049700
v -0.01100000 -0.02734923 -0.10069849
v -0.01100000 -0.02741481 -0.10090649
v -0.01100000 -0.02746202 -0.10111942
v -0.01100000 -0.02749049 -0.10133565
v -0.01100000 -0.02741481 -0.10220059
v -0.01100000 -0.02734923 -0.10240860
v -0.01100000 -0.02564705 -0.10396836
v -0.01100000 -0.02543412 -0.10401556
v -0.01100000 -0.02265077 -0.10240860
v -0.01100000 -0.02258519 -0.10220059
v -0.01100000 -0.01634693 -0.10334583
v -0.01100000 -0.02253798 -0.10198766
v -0.01100000 -0.02250951 -0.10177143
v -0.01100000 -0.02273423 -0.10261009
v -0.01100000 -0.01425000 -0.10468172
v -0.01100000 -0.02273423 -0.10049700
v -0.01100000 -0.02283494 -0.10030355
v -0.01100000 -0.02295212 -0.10011960
v -0.01100000 -0.01275000 -0.17904867
v -0.01100000 -0.03000000 -0.17904867
v -0.01100000 0.03000000 -0.10627677
v -0.01100000 0.03000000 -0.17904867
v -0.01100000 0.01275000 -0.10627677
v -0.01100000 0.01275000 -0.17904867
v -0.01100000 0.02585505 -0.09920431
v -0.01100000 0.02564705 -0.09913873
v -0.01100000 0.03000000 -0.08155354
v -0.01100000 0.02839155 -0.08248394
v -0.01100000 0.02845757 -0.08155465
v -0.01100000 0.02660697 -0.09963843
v -0.01100000 0.02643394 -0.09950566
v -0.01100000 0.02625000 -0.09938848
v -0.01100000 0.02605654 -0.09928777
v -0.01100000 0.02500000 -0.09905354
v -0.01100000 0.02478211 -0.09906305
v -0.01100000 0.02468172 -0.09425000
v -0.01100000 0.02456588 -0.09909152
v -0.01100000 0.02334583 -0.09634693
v -0.01100000 0.02435295 -0.09913873
v -0.01100000 0.02414495 -0.09920431
v -0.01100000 0.02394345 -0.09928777
v -0.01100000 0.02375000 -0.09938848
v -0.01100000 0.02183227 -0.09831945
v -0.01100000 0.02521789 -0.10404403
v -0.01100000 0.02543412 -0.10401556
v -0.01100000 0.02564705 -0.10396836
v -0.01100000 0.02585505 -0.10390277
v -0.01100000 0.02356606 -0.09950566
v -0.01100000 0.02339303 -0.09963843
v -0.01100000 0.02323223 -0.09978577
v -0.01100000 0.02435295 -0.10396836
v -0.01100000 0.02456588 -0.10401556
v -0.01100000 0.02478211 -0.10404403
v -0.01100000 0.02500000 -0.10405354
v -0.01100000 0.02605654 -0.10381931
v -0.01100000 0.02625000 -0.10371861
v -0.01100000 0.02643394 -0.10360143
v -0.01100000 0.02521789 -0.09906305
v -0.01100000 0.02582977 -0.09204462
v -0.01100000 0.02543412 -0.09909152
v -0.01100000 0.02678124 -0.08974757
v -0.01100000 0.02752889 -0.08737634
v -0.01100000 0.02806702 -0.08494897
v -0.01100000 0.02323223 -0.10332131
v -0.01100000 0.02339303 -0.10346866
v -0.01100000 0.02356606 -0.10360143
v -0.01100000 0.02375000 -0.10371861
v -0.01100000 0.02394345 -0.10381931
v -0.01100000 0.02414495 -0.10390277
v -0.01100000 0.02660697 -0.10346866
v -0.01100000 0.02676777 -0.10332131
v -0.01100000 0.02691511 -0.10316051
v -0.01100000 0.02283494 -0.10280354
v -0.01100000 0.02295212 -0.10298748
v -0.01100000 0.02308489 -0.10316051
v -0.01100000 0.02704788 -0.10011960
v -0.01100000 0.02691511 -0.09994657
v -0.01100000 0.02676777 -0.09978577
v -0.01100000 0.02015254 -0.10015254
v -0.01100000 0.02273423 -0.10049700
v -0.01100000 0.02265077 -0.10069849
v -0.01100000 0.02746202 -0.10198766
v -0.01100000 0.02749049 -0.10177143
v -0.01100000 0.02750000 -0.10155354
v -0.01100000 0.02308489 -0.09994657
v -0.01100000 0.02295212 -0.10011960
v -0.01100000 0.02283494 -0.10030355
v -0.01100000 0.02250951 -0.10133565
v -0.01100000 0.01831945 -0.10183226
v -0.01100000 0.02253798 -0.10111942
v -0.01100000 0.02258519 -0.10090649
v -0.01100000 0.01276090 -0.10548351
v -0.01100000 0.01425000 -0.10468172
v -0.01100000 0.02704788 -0.10298748
v -0.01100000 0.02716506 -0.10280354
v -0.01100000 0.02726577 -0.10261009
v -0.01100000 0.02250000 -0.10155354
v -0.01100000 0.02250951 -0.10177143
v -0.01100000 0.01634693 -0.10334583
v -0.01100000 0.02734923 -0.10240860
v -0.01100000 0.02741481 -0.10220059
v -0.01100000 0.02734923 -0.10069849
v -0.01100000 0.02726577 -0.10049700
v -0.01100000 0.02716506 -0.10030355
v -0.01100000 0.02253798 -0.10198766
v -0.01100000 0.02258519 -0.10220059
v -0.01100000 0.02265077 -0.10240860
v -0.01100000 0.02273423 -0.10261009
v -0.01100000 0.02749049 -0.10133565
v -0.01100000 0.02746202 -0.10111942
v -0.01100000 0.02741481 -0.10090649
v -0.01100000 0.02605654 -0.05928777
v -0.01100000 0.02585505 -0.05920431
v -0.01100000 0.02456588 -0.05909152
v -0.01100000 0.02435295 -0.05913873
v -0.01100000 0.01417202 -0.05527342
v -0.01100000 0.02564705 -0.05913873
v -0.01100000 0.02543412 -0.05909152
v -0.01100000 0.02806702 -0.07505102
v -0.01100000 0.02752889 -0.07262366
v -0.01100000 0.02716506 -0.06030354
v -0.01100000 0.02704788 -0.06011960
v -0.01100000 0.01634693 -0.05665417
v -0.01100000 0.01425000 -0.05531828
v -0.01100000 0.02308489 -0.05994657
v -0.01100000 0.02323223 -0.05978578
v -0.01100000 0.02183227 -0.06168055
v -0.01100000 0.02265077 -0.06240859
v -0.01100000 0.02273423 -0.06261009
v -0.01100000 0.02456588 -0.06401556
v -0.01100000 0.02478211 -0.06404403
v -0.01100000 0.02468172 -0.06575000
v -0.01100000 0.02500000 -0.06405354
v -0.01100000 0.02582977 -0.06795538
v -0.01100000 0.02521789 -0.06404403
v -0.01100000 0.02543412 -0.06401556
v -0.01100000 0.02850000 -0.08000000
v -0.01100000 0.02839155 -0.07751606
v -0.01100000 0.02585505 -0.06390277
v -0.01100000 0.02564705 -0.06396836
v -0.01100000 0.02678124 -0.07025243
v -0.01100000 0.02691511 -0.05994657
v -0.01100000 0.02676777 -0.05978578
v -0.01100000 0.02660697 -0.05963843
v -0.01100000 0.02643394 -0.05950566
v -0.01100000 0.02625000 -0.05938848
v -0.01100000 0.02478211 -0.05906305
v -0.01100000 0.02414495 -0.05920431
v -0.01100000 0.02394345 -0.05928777
v -0.01100000 0.02375000 -0.05938848
v -0.01100000 0.02356606 -0.05950566
v -0.01100000 0.02339303 -0.05963843
v -0.01100000 0.02323223 -0.06332131
v -0.01100000 0.02339303 -0.06346865
v -0.01100000 0.02334583 -0.06365307
v -0.01100000 0.02356606 -0.06360142
v -0.01100000 0.02375000 -0.06371860
v -0.01100000 0.02394345 -0.06381931
v -0.01100000 0.02605654 -0.06381931
v -0.01100000 0.02625000 -0.06371860
v -0.01100000 0.02643394 -0.06360142
v -0.01100000 0.02258519 -0.06090650
v -0.01100000 0.02253798 -0.06111942
v -0.01100000 0.02015254 -0.05984746
v -0.01100000 0.02250951 -0.06133565
v -0.01100000 0.02250000 -0.06155354
v -0.01100000 0.02250951 -0.06177143
v -0.01100000 0.02253798 -0.06198766
v -0.01100000 0.02258519 -0.06220059
v -0.01100000 0.02414495 -0.06390277
v -0.01100000 0.02435295 -0.06396836
v -0.01100000 0.02295212 -0.06011960
v -0.01100000 0.02283494 -0.06030354
v -0.01100000 0.01831945 -0.05816773
v -0.01100000 0.02273423 -0.06049700
v -0.01100000 0.02265077 -0.06069849
v -0.01100000 0.02283494 -0.06280354
v -0.01100000 0.02295212 -0.06298748
v -0.01100000 0.02308489 -0.06316051
v -0.01100000 0.02749049 -0.06177143
v -0.01100000 0.02750000 -0.06155354
v -0.01100000 0.02749049 -0.06133565
v -0.01100000 0.02746202 -0.06111942
v -0.01100000 0.02741481 -0.06090650
v -0.01100000 0.02660697 -0.06346865
v -0.01100000 0.02676777 -0.06332131
v -0.01100000 0.02691511 -0.06316051
v -0.01100000 0.02704788 -0.06298748
v -0.01100000 0.02716506 -0.06280354
v -0.01100000 0.02726577 -0.06261009
v -0.01100000 0.02734923 -0.06240859
v -0.01100000 0.02741481 -0.06220059
v -0.01100000 0.02746202 -0.06198766
v -0.01100000 0.02734923 -0.06069849
v -0.01100000 0.02726577 -0.06049700
v -0.01100000 0.03050000 -0.03625000
v -0.01100000 0.04484699 -0.03598607
v -0.01100000 0.04157344 -0.03972277
v -0.01100000 0.03798957 -0.04316298
v -0.01100000 0.03412214 -0.04628099
v -0.01100000 0.03000000 -0.04905354
v -0.01100000 0.03050000 -0.02850000
v -0.01100000 0.04778579 -0.03198076
v -0.01100000 0.03428467 -0.02202095
v -0.01100000 0.03434132 -0.02227646
v -0.01100000 0.03464102 -0.02000000
v -0.01100000 0.03452017 -0.02023214
v -0.01100000 0.02945500 -0.01373509
v -0.01100000 0.03442001 -0.02252606
v -0.01100000 0.03452017 -0.02276785
v -0.01100000 0.03464102 -0.02300000
v -0.01100000 0.03983717 -0.02300000
v -0.01100000 0.03995802 -0.02276785
v -0.01100000 0.05036789 -0.02773672
v -0.01100000 0.04005817 -0.02252606
v -0.01100000 0.05257403 -0.02328565
v -0.01100000 0.04013687 -0.02227646
v -0.01100000 0.04019352 -0.02202095
v -0.01100000 0.04019352 -0.02097906
v -0.01100000 0.04013687 -0.02072354
v -0.01100000 0.05438773 -0.01866077
v -0.01100000 0.03442001 -0.02047394
v -0.01100000 0.03434132 -0.02072354
v -0.01100000 0.03428467 -0.02097906
v -0.01100000 0.03425051 -0.02123853
v -0.01100000 0.03423909 -0.02150000
v -0.01100000 0.03425051 -0.02176147
v -0.01100000 0.05579547 -0.01389660
v -0.01100000 0.03478163 -0.02322073
v -0.01100000 0.03494096 -0.02342836
v -0.01100000 0.03511777 -0.02362132
v -0.01100000 0.03531073 -0.02379813
v -0.01100000 0.03551836 -0.02395746
v -0.01100000 0.03573909 -0.02409808
v -0.01100000 0.03054001 -0.01111565
v -0.01100000 0.03551836 -0.01904254
v -0.01100000 0.03531073 -0.01920187
v -0.01100000 0.03511777 -0.01937868
v -0.01100000 0.04022768 -0.02176147
v -0.01100000 0.04023909 -0.02150000
v -0.01100000 0.04022768 -0.02123853
v -0.01100000 0.04005817 -0.02047394
v -0.01100000 0.03995802 -0.02023214
v -0.01100000 0.05678673 -0.00902869
v -0.01100000 0.03697763 -0.01851142
v -0.01100000 0.03671815 -0.01854558
v -0.01100000 0.03237633 -0.00283256
v -0.01100000 0.03646263 -0.01860222
v -0.01100000 0.03200625 -0.00564357
v -0.01100000 0.03621303 -0.01868092
v -0.01100000 0.03139259 -0.00841162
v -0.01100000 0.03597124 -0.01878108
v -0.01100000 0.03573909 -0.01890192
v -0.01100000 0.03494096 -0.01957164
v -0.01100000 0.03478163 -0.01977927
v -0.01100000 0.03597124 -0.02421892
v -0.01100000 0.03621303 -0.02431908
v -0.01100000 0.03646263 -0.02439778
v -0.01100000 0.03750056 -0.02448858
v -0.01100000 0.03776004 -0.02445442
v -0.01100000 0.03983717 -0.02000000
v -0.01100000 0.03969655 -0.01977927
v -0.01100000 0.05735411 -0.00409340
v -0.01100000 0.03953722 -0.01957164
v -0.01100000 0.05750000 -0.00000087
v -0.01100000 0.03936041 -0.01937868
v -0.01100000 0.03916746 -0.01920187
v -0.01100000 0.03895982 -0.01904254
v -0.01100000 0.03873909 -0.01890192
v -0.01100000 0.03850695 -0.01878108
v -0.01100000 0.03826515 -0.01868092
v -0.01100000 0.03801555 -0.01860222
v -0.01100000 0.03776004 -0.01854558
v -0.01100000 0.03801555 -0.02439778
v -0.01100000 0.03826515 -0.02431908
v -0.01100000 0.03850695 -0.02421892
v -0.01100000 0.03873909 -0.02409808
v -0.01100000 0.03895982 -0.02395746
v -0.01100000 0.03916746 -0.02379813
v -0.01100000 0.03936041 -0.02362132
v -0.01100000 0.03953722 -0.02342836
v -0.01100000 0.03969655 -0.02322073
v -0.01100000 0.03671815 -0.02445442
v -0.01100000 0.03697763 -0.02448858
v -0.01100000 0.03723909 -0.02450000
v -0.01100000 0.03442001 0.02047394
v -0.01100000 0.03452017 0.02023214
v -0.01100000 0.02945500 0.01373509
v -0.01100000 0.05534812 0.01558319
v -0.01100000 0.05648663 0.01074760
v -0.01100000 0.03995802 0.02023214
v -0.01100000 0.03425051 0.02176147
v -0.01100000 0.03423909 0.02150000
v -0.01100000 0.03425051 0.02123853
v -0.01100000 0.04005817 0.02047394
v -0.01100000 0.04013687 0.02072354
v -0.01100000 0.05379647 0.02030245
v -0.01100000 0.04019352 0.02097906
v -0.01100000 0.03464102 0.02300000
v -0.01100000 0.03452017 0.02276785
v -0.01100000 0.03050000 0.02850000
v -0.01100000 0.03442001 0.02252606
v -0.01100000 0.03434132 0.02227646
v -0.01100000 0.03428467 0.02202095
v -0.01100000 0.03428467 0.02097906
v -0.01100000 0.03434132 0.02072354
v -0.01100000 0.03750056 0.02448858
v -0.01100000 0.03723909 0.02450000
v -0.01100000 0.03697763 0.02448858
v -0.01100000 0.03621303 0.02431908
v -0.01100000 0.03597124 0.02421892
v -0.01100000 0.03573909 0.02409808
v -0.01100000 0.03464102 0.02000000
v -0.01100000 0.03478163 0.01977927
v -0.01100000 0.03494096 0.01957164
v -0.01100000 0.03953722 0.02342836
v -0.01100000 0.04950309 0.02925225
v -0.01100000 0.03969655 0.02322073
v -0.01100000 0.03983717 0.02300000
v -0.01100000 0.03671815 0.02445442
v -0.01100000 0.03646263 0.02439778
v -0.01100000 0.03551836 0.02395746
v -0.01100000 0.03531073 0.02379813
v -0.01100000 0.03511777 0.02362132
v -0.01100000 0.03511777 0.01937868
v -0.01100000 0.03531073 0.01920187
v -0.01100000 0.03054001 0.01111565
v -0.01100000 0.04022768 0.02123853
v -0.01100000 0.04023909 0.02150000
v -0.01100000 0.05184327 0.02487017
v -0.01100000 0.04022768 0.02176147
v -0.01100000 0.04019352 0.02202095
v -0.01100000 0.04013687 0.02227646
v -0.01100000 0.04005817 0.02252606
v -0.01100000 0.03995802 0.02276785
v -0.01100000 0.03826515 0.02431908
v -0.01100000 0.03801555 0.02439778
v -0.01100000 0.03776004 0.02445442
v -0.01100000 0.03494096 0.02342836
v -0.01100000 0.03478163 0.02322073
v -0.01100000 0.03936041 0.02362132
v -0.01100000 0.03916746 0.02379813
v -0.01100000 0.03895982 0.02395746
v -0.01100000 0.03873909 0.02409808
v -0.01100000 0.03850695 0.02421892
v -0.01100000 0.03551836 0.01904254
v -0.01100000 0.03573909 0.01890192
v -0.01100000 0.03139259 0.00841162
v -0.01100000 0.03597124 0.01878108
v -0.01100000 0.03200625 0.00564357
v -0.01100000 0.03723909 0.01850000
v -0.01100000 0.03750056 0.01851142
v -0.01100000 0.03776004 0.01854558
v -0.01100000 0.03801555 0.01860222
v -0.01100000 0.03826515 0.01868092
v -0.01100000 0.03850695 0.01878108
v -0.01100000 0.03873909 0.01890192
v -0.01100000 0.05720350 0.00583179
v -0.01100000 0.03969655 0.01977927
v -0.01100000 0.03983717 0.02000000
v -0.01100000 0.03895982 0.01904254
v -0.01100000 0.03916746 0.01920187
v -0.01100000 0.05749338 0.00087245
v -0.01100000 0.03936041 0.01937868
v -0.01100000 0.03953722 0.01957164
v -0.01100000 0.03621303 0.01868092
v -0.01100000 0.03646263 0.01860222
v -0.01100000 0.03237633 0.00283256
v -0.01100000 0.03671815 0.01854558
v -0.01100000 0.03697763 0.01851142
v -0.01100000 0.03666240 0.04429581
v -0.01100000 0.04034900 0.04096594
v -0.01100000 0.04373442 0.03733028
v -0.01100000 0.04679340 0.03341598
v -0.01100000 0.02408068 0.05221466
v -0.01100000 0.02849777 0.04994124
v -0.01100000 0.03270213 0.04729504
v -0.01100000 0.01474159 0.05557819
v -0.01100000 0.00229813 0.04492836
v -0.01100000 0.00212132 0.04512132
v -0.01100000 0.00496317 0.05728540
v -0.01100000 0.00126785 0.04571892
v -0.01100000 0.00102606 0.04581908
v -0.01100000 0.00026147 0.04598859
v -0.01100000 0.00000000 0.05750000
v -0.01100000 0.00052094 0.04595442
v -0.01100000 0.00077646 0.04589778
v -0.01100000 0.00000000 0.04600000
v -0.01100000 -0.00026147 0.04598859
v -0.01100000 -0.00496317 0.05728540
v -0.01100000 -0.00052094 0.04595442
v -0.01100000 -0.00077646 0.04589778
v -0.01100000 -0.00229813 0.04492836
v -0.01100000 -0.00245746 0.04472073
v -0.01100000 -0.00259808 0.04450000
v -0.01100000 -0.00271892 0.04426786
v -0.01100000 -0.00281908 0.04402606
v -0.01100000 -0.00289778 0.04377646
v -0.01100000 -0.00295442 0.04352095
v -0.01100000 0.00192836 0.04070187
v -0.01100000 0.01111565 0.03054001
v -0.01100000 0.00841162 0.03139259
v -0.01100000 0.00229813 0.04107164
v -0.01100000 0.00245746 0.04127927
v -0.01100000 0.01373509 0.02945500
v -0.01100000 0.00281908 0.04402606
v -0.01100000 0.00271892 0.04426786
v -0.01100000 0.00150000 0.04559807
v -0.01100000 0.00988929 0.05664320
v -0.01100000 0.00172073 0.04545746
v -0.01100000 0.00052094 0.04004558
v -0.01100000 0.00077646 0.04010222
v -0.01100000 0.00283256 0.03237633
v -0.01100000 0.00102606 0.04018092
v -0.01100000 0.00564357 0.03200625
v -0.01100000 0.00298858 0.04273853
v -0.01100000 0.00300000 0.04300000
v -0.01100000 0.00298858 0.04326147
v -0.01100000 0.00295442 0.04352095
v -0.01100000 0.00289778 0.04377646
v -0.01100000 0.00192836 0.04529813
v -0.01100000 -0.00150000 0.04559807
v -0.01100000 -0.00988929 0.05664320
v -0.01100000 -0.00126785 0.04571892
v -0.01100000 -0.00102606 0.04581908
v -0.01100000 -0.00172073 0.04545746
v -0.01100000 -0.00192836 0.04529813
v -0.01100000 -0.00212132 0.04512132
v -0.01100000 0.00026147 0.04001142
v -0.01100000 0.00000000 0.03250000
v -0.01100000 0.00000000 0.04000000
v -0.01100000 0.00126785 0.04028108
v -0.01100000 0.00150000 0.04040192
v -0.01100000 0.00172073 0.04054254
v -0.01100000 0.00259808 0.04150000
v -0.01100000 0.00271892 0.04173214
v -0.01100000 0.00281908 0.04197394
v -0.01100000 0.00259808 0.04450000
v -0.01100000 0.00245746 0.04472073
v -0.01100000 0.00212132 0.04087868
v -0.01100000 0.00289778 0.04222354
v -0.01100000 0.00295442 0.04247906
v -0.01100000 -0.00564357 0.03200625
v -0.01100000 -0.00126785 0.04028108
v -0.01100000 -0.00283256 0.03237633
v -0.01100000 -0.00102606 0.04018092
v -0.01100000 -0.00077646 0.04010222
v -0.01100000 -0.00052094 0.04004558
v -0.01100000 -0.00026147 0.04001142
v -0.01100000 -0.00298858 0.04273853
v -0.01100000 -0.00300000 0.04300000
v -0.01100000 -0.00298858 0.04326147
v -0.01100000 -0.00295442 0.04247906
v -0.01100000 -0.00289778 0.04222354
v -0.01100000 -0.00281908 0.04197394
v -0.01100000 -0.00271892 0.04173214
v -0.01100000 -0.00259808 0.04150000
v -0.01100000 -0.00245746 0.04127927
v -0.01100000 -0.00229813 0.04107164
v -0.01100000 -0.00212132 0.04087868
v -0.01100000 -0.01111565 0.03054001
v -0.01100000 -0.00192836 0.04070187
v -0.01100000 -0.00841162 0.03139259
v -0.01100000 -0.00172073 0.04054254
v -0.01100000 -0.00150000 0.04040192
v -0.01100000 -0.02408068 0.05221466
v -0.01100000 -0.01625000 0.02814583
v -0.01100000 -0.04950309 0.02925225
v -0.01100000 -0.04679340 0.03341598
v -0.01100000 -0.04373442 0.03733028
v -0.01100000 -0.04034900 0.04096594
v -0.01100000 -0.03666240 0.04429581
v -0.01100000 -0.03270213 0.04729504
v -0.01100000 -0.04022768 0.02123853
v -0.01100000 -0.04019352 0.02097906
v -0.01100000 -0.05379647 0.02030245
v -0.01100000 -0.03425051 0.02123853
v -0.01100000 -0.03423909 0.02150000
v -0.01100000 -0.03425051 0.02176147
v -0.01100000 -0.03428467 0.02202095
v -0.01100000 -0.03434132 0.02227646
v -0.01100000 -0.03442001 0.02252606
v -0.01100000 -0.03969655 0.02322073
v -0.01100000 -0.03953722 0.02342836
v -0.01100000 -0.03936041 0.02362132
v -0.01100000 -0.05534812 0.01558319
v -0.01100000 -0.03671815 0.02445442
v -0.01100000 -0.03452017 0.02276785
v -0.01100000 -0.03464102 0.02300000
v -0.01100000 -0.03478163 0.02322073
v -0.01100000 -0.03494096 0.02342836
v -0.01100000 -0.03511777 0.02362132
v -0.01100000 -0.03531073 0.02379813
v -0.01100000 -0.03826515 0.02431908
v -0.01100000 -0.03850695 0.02421892
v -0.01100000 -0.03873909 0.02409808
v -0.01100000 -0.03983717 0.02300000
v -0.01100000 -0.03995802 0.02276785
v -0.01100000 -0.05184327 0.02487017
v -0.01100000 -0.04005817 0.02252606
v -0.01100000 -0.04013687 0.02227646
v -0.01100000 -0.04019352 0.02202095
v -0.01100000 -0.04022768 0.02176147
v -0.01100000 -0.04023909 0.02150000
v -0.01100000 -0.05720350 0.00583179
v -0.01100000 -0.05648663 0.01074760
v -0.01100000 -0.03983717 0.02000000
v -0.01100000 -0.03551836 0.02395746
v -0.01100000 -0.03573909 0.02409808
v -0.01100000 -0.03597124 0.02421892
v -0.01100000 -0.03621303 0.02431908
v -0.01100000 -0.03646263 0.02439778
v -0.01100000 -0.03895982 0.02395746
v -0.01100000 -0.03916746 0.02379813
v -0.01100000 -0.04013687 0.02072354
v -0.01100000 -0.04005817 0.02047394
v -0.01100000 -0.03995802 0.02023214
v -0.01100000 -0.03336954 0.00000000
v -0.01100000 -0.03478163 0.01977927
v -0.01100000 -0.03464102 0.02000000
v -0.01100000 -0.03434132 0.02072354
v -0.01100000 -0.03428467 0.02097906
v -0.01100000 -0.03895982 0.01904254
v -0.01100000 -0.03873909 0.01890192
v -0.01100000 -0.05750000 -0.00000087
v -0.01100000 -0.03531073 0.01920187
v -0.01100000 -0.03551836 0.01904254
v -0.01100000 -0.03573909 0.01890192
v -0.01100000 -0.03511777 0.01937868
v -0.01100000 -0.03494096 0.01957164
v -0.01100000 -0.03452017 0.02023214
v -0.01100000 -0.03442001 0.02047394
v -0.01100000 -0.03750056 0.02448858
v -0.01100000 -0.03776004 0.02445442
v -0.01100000 -0.03801555 0.02439778
v -0.01100000 -0.03969655 0.01977927
v -0.01100000 -0.03953722 0.01957164
v -0.01100000 -0.05749338 0.00087245
v -0.01100000 -0.03936041 0.01937868
v -0.01100000 -0.03916746 0.01920187
v -0.01100000 -0.03776004 0.01854558
v -0.01100000 -0.03750056 0.01851142
v -0.01100000 -0.03723909 0.01850000
v -0.01100000 -0.03850695 0.01878108
v -0.01100000 -0.03826515 0.01868092
v -0.01100000 -0.03801555 0.01860222
v -0.01100000 -0.03697763 0.01851142
v -0.01100000 -0.03671815 0.01854558
v -0.01100000 -0.03646263 0.01860222
v -0.01100000 -0.03621303 0.01868092
v -0.01100000 -0.03597124 0.01878108
v -0.01100000 -0.03336954 -0.02850000
v -0.01100000 -0.03452017 -0.02276785
v -0.01100000 -0.03442001 -0.02252606
v -0.01100000 -0.03423909 -0.02150000
v -0.01100000 -0.03425051 -0.02123853
v -0.01100000 -0.03428467 -0.02097906
v -0.01100000 -0.03434132 -0.02072354
v -0.01100000 -0.03434132 -0.02227646
v -0.01100000 -0.03428467 -0.02202095
v -0.01100000 -0.03425051 -0.02176147
v -0.01100000 -0.03464102 -0.02000000
v -0.01100000 -0.03478163 -0.01977927
v -0.01100000 -0.03442001 -0.02047394
v -0.01100000 -0.03452017 -0.02023214
v -0.01100000 -0.03494096 -0.01957164
v -0.01100000 -0.03511777 -0.01937868
v -0.01100000 -0.03531073 -0.01920187
v -0.01100000 -0.04013687 -0.02072354
v -0.01100000 -0.05438773 -0.01866077
v -0.01100000 -0.04005817 -0.02047394
v -0.01100000 -0.05579547 -0.01389660
v -0.01100000 -0.04022768 -0.02176147
v -0.01100000 -0.04019352 -0.02202095
v -0.01100000 -0.05257403 -0.02328565
v -0.01100000 -0.04013687 -0.02227646
v -0.01100000 -0.05036789 -0.02773672
v -0.01100000 -0.04005817 -0.02252606
v -0.01100000 -0.03995802 -0.02276785
v -0.01100000 -0.03531073 -0.02379813
v -0.01100000 -0.03511777 -0.02362132
v -0.01100000 -0.03494096 -0.02342836
v -0.01100000 -0.03551836 -0.01904254
v -0.01100000 -0.03573909 -0.01890192
v -0.01100000 -0.03597124 -0.01878108
v -0.01100000 -0.03621303 -0.01868092
v -0.01100000 -0.03646263 -0.01860222
v -0.01100000 -0.03671815 -0.01854558
v -0.01100000 -0.04019352 -0.02097906
v -0.01100000 -0.04022768 -0.02123853
v -0.01100000 -0.04023909 -0.02150000
v -0.01100000 -0.03983717 -0.02300000
v -0.01100000 -0.03969655 -0.02322073
v -0.01100000 -0.04778579 -0.03198076
v -0.01100000 -0.03953722 -0.02342836
v -0.01100000 -0.03936041 -0.02362132
v -0.01100000 -0.03697763 -0.02448858
v -0.01100000 -0.03671815 -0.02445442
v -0.01100000 -0.03478163 -0.02322073
v -0.01100000 -0.03464102 -0.02300000
v -0.01100000 -0.03697763 -0.01851142
v -0.01100000 -0.03723909 -0.01850000
v -0.01100000 -0.03750056 -0.01851142
v -0.01100000 -0.03776004 -0.01854558
v -0.01100000 -0.03801555 -0.01860222
v -0.01100000 -0.03826515 -0.01868092
v -0.01100000 -0.05678673 -0.00902869
v -0.01100000 -0.03983717 -0.02000000
v -0.01100000 -0.03995802 -0.02023214
v -0.01100000 -0.03646263 -0.02439778
v -0.01100000 -0.03621303 -0.02431908
v -0.01100000 -0.03597124 -0.02421892
v -0.01100000 -0.03573909 -0.02409808
v -0.01100000 -0.03551836 -0.02395746
v -0.01100000 -0.03850695 -0.01878108
v -0.01100000 -0.03873909 -0.01890192
v -0.01100000 -0.03895982 -0.01904254
v -0.01100000 -0.03916746 -0.01920187
v -0.01100000 -0.03936041 -0.01937868
v -0.01100000 -0.05735411 -0.00409340
v -0.01100000 -0.03953722 -0.01957164
v -0.01100000 -0.03969655 -0.01977927
v -0.01100000 -0.03916746 -0.02379813
v -0.01100000 -0.03895982 -0.02395746
v -0.01100000 -0.03873909 -0.02409808
v -0.01100000 -0.03850695 -0.02421892
v -0.01100000 -0.03826515 -0.02431908
v -0.01100000 -0.03801555 -0.02439778
v -0.01100000 -0.03776004 -0.02445442
v -0.01100000 -0.03750056 -0.02448858
v -0.01100000 -0.03723909 -0.02450000
v -0.01100000 -0.03798957 -0.04316298
v -0.01100000 -0.03412214 -0.04628099
v -0.01100000 -0.03050000 -0.03625000
v -0.01100000 -0.03000000 -0.04905354
v -0.01100000 0.00289778 -0.04377646
v -0.01100000 0.00295442 -0.04352095
v -0.01100000 0.01276090 -0.05451649
v -0.01100000 0.00052094 -0.04004558
v -0.01100000 0.00026147 -0.04001142
v -0.01100000 0.01275000 -0.03625000
v -0.01100000 0.00000000 -0.04000000
v -0.01100000 -0.00026147 -0.04001142
v -0.01100000 -0.00052094 -0.04004558
v -0.01100000 0.00737634 -0.05247111
v -0.01100000 0.00494897 -0.05193298
v -0.01100000 0.00150000 -0.04559807
v -0.01100000 0.00229813 -0.04492836
v -0.01100000 0.00245746 -0.04472073
v -0.01100000 0.00974757 -0.05321876
v -0.01100000 0.00259808 -0.04450000
v -0.01100000 0.00271892 -0.04426786
v -0.01100000 0.00281908 -0.04402606
v -0.01100000 0.00281908 -0.04197394
v -0.01100000 0.00271892 -0.04173214
v -0.01100000 0.00229813 -0.04107164
v -0.01100000 0.00212132 -0.04087868
v -0.01100000 0.00192836 -0.04070187
v -0.01100000 0.00172073 -0.04054254
v -0.01100000 0.00150000 -0.04040192
v -0.01100000 0.00126785 -0.04028108
v -0.01100000 0.00102606 -0.04018092
v -0.01100000 0.00077646 -0.04010222
v -0.01100000 0.00052094 -0.04595442
v -0.01100000 0.00077646 -0.04589778
v -0.01100000 0.00248394 -0.05160845
v -0.01100000 0.00102606 -0.04581908
v -0.01100000 0.00126785 -0.04571892
v -0.01100000 0.00298858 -0.04326147
v -0.01100000 0.00300000 -0.04300000
v -0.01100000 0.00298858 -0.04273853
v -0.01100000 0.00259808 -0.04150000
v -0.01100000 0.00245746 -0.04127927
v -0.01100000 -0.00077646 -0.04010222
v -0.01100000 -0.00102606 -0.04018092
v -0.01100000 -0.00126785 -0.04028108
v -0.01100000 -0.00150000 -0.04040192
v -0.01100000 -0.00172073 -0.04054254
v -0.01100000 -0.00192836 -0.04070187
v -0.01100000 0.00026147 -0.04598859
v -0.01100000 0.00000000 -0.05150000
v -0.01100000 -0.00000000 -0.04600000
v -0.01100000 0.01204462 -0.05417023
v -0.01100000 0.00295442 -0.04247906
v -0.01100000 0.00289778 -0.04222354
v -0.01100000 -0.00212132 -0.04087868
v -0.01100000 -0.00229813 -0.04107164
v -0.01100000 -0.00245746 -0.04127927
v -0.01100000 -0.00259808 -0.04150000
v -0.01100000 -0.00271892 -0.04173214
v -0.01100000 -0.00281908 -0.04197394
v -0.01100000 -0.00289778 -0.04222354
v -0.01100000 -0.00295442 -0.04247906
v -0.01100000 -0.00298858 -0.04273853
v -0.01100000 -0.00974757 -0.05321876
v -0.01100000 -0.00229813 -0.04492836
v -0.01100000 -0.00212132 -0.04512132
v -0.01100000 -0.00494897 -0.05193298
v -0.01100000 -0.00126785 -0.04571892
v -0.01100000 -0.00248394 -0.05160845
v -0.01100000 -0.00102606 -0.04581908
v -0.01100000 -0.00077646 -0.04589778
v -0.01100000 -0.00052094 -0.04595442
v -0.01100000 -0.00026147 -0.04598859
v -0.01100000 0.00172073 -0.04545746
v -0.01100000 0.00192836 -0.04529813
v -0.01100000 0.00212132 -0.04512132
v -0.01100000 -0.00737634 -0.05247111
v -0.01100000 -0.00192836 -0.04529813
v -0.01100000 -0.00172073 -0.04545746
v -0.01100000 -0.00150000 -0.04559807
v -0.01100000 -0.00300000 -0.04300000
v -0.01100000 -0.00298858 -0.04326147
v -0.01100000 -0.01276090 -0.05451649
v -0.01100000 -0.00295442 -0.04352095
v -0.01100000 -0.00289778 -0.04377646
v -0.01100000 -0.00281908 -0.04402606
v -0.01100000 -0.00271892 -0.04426786
v -0.01100000 -0.00259808 -0.04450000
v -0.01100000 -0.01204462 -0.05417023
v -0.01100000 -0.00245746 -0.04472073
v -0.01100000 -0.01204462 -0.10582978
v -0.01100000 -0.00974757 -0.10678124
v -0.01100000 -0.00737634 -0.10752889
v -0.01100000 -0.00494897 -0.10806702
v -0.01100000 0.00494897 -0.10806702
v -0.01100000 0.00737634 -0.10752889
v -0.01100000 0.00974757 -0.10678124
v -0.01100000 0.01204462 -0.10582978
v -0.01100000 -0.00248394 -0.10839155
v -0.01100000 -0.00000000 -0.10850000
v -0.01100000 0.00248394 -0.10839155
v -0.01100000 0.00564357 -0.03200625
v -0.01100000 0.00841162 -0.03139259
v -0.01100000 0.01111565 -0.03054001
v -0.01100000 0.01373509 -0.02945500
v -0.01100000 -0.01111565 -0.03054001
v -0.01100000 -0.00841162 -0.03139259
v -0.01100000 -0.00564357 -0.03200625
v -0.01100000 -0.00283256 -0.03237633
v -0.01100000 0.00000000 -0.03250000
v -0.01100000 0.00283256 -0.03237633
v -0.01100000 -0.02814583 -0.01625000
v -0.01100000 -0.02662244 -0.01864123
v -0.01100000 -0.03050000 -0.02850000
v -0.01100000 -0.02489644 -0.02089060
v -0.01100000 -0.02298097 -0.02298097
v -0.01100000 -0.02089060 -0.02489644
v -0.01100000 -0.01864123 -0.02662244
v -0.01100000 -0.03237633 0.00283256
v -0.01100000 -0.03250000 0.00000000
v -0.01100000 -0.03237633 -0.00283256
v -0.01100000 -0.03200625 -0.00564357
v -0.01100000 -0.03139259 -0.00841162
v -0.01100000 -0.03054001 -0.01111565
v -0.01100000 -0.02945500 -0.01373509
v -0.01100000 -0.03200625 0.00564357
v -0.01100000 -0.02662244 0.01864123
v -0.01100000 -0.02814583 0.01625000
v -0.01100000 -0.01864123 0.02662244
v -0.01100000 -0.02089060 0.02489644
v -0.01100000 -0.02945500 0.01373509
v -0.01100000 -0.03054001 0.01111565
v -0.01100000 -0.03139259 0.00841162
v -0.01100000 -0.02298097 0.02298097
v -0.01100000 -0.02489644 0.02089060
v -0.01100000 0.02814583 0.01625000
v -0.01100000 0.02662244 0.01864123
v -0.01100000 0.02489644 0.02089060
v -0.01100000 0.02298097 0.02298097
v -0.01100000 0.02089060 0.02489644
v -0.01100000 0.01948385 0.05409833
v -0.01100000 0.01625000 0.02814583
v -0.01100000 0.01864123 0.02662244
v -0.01100000 0.01625000 -0.02814583
v -0.01100000 0.01864123 -0.02662244
v -0.01100000 0.02089060 -0.02489644
v -0.01100000 0.02298097 -0.02298097
v -0.01100000 0.02489644 -0.02089060
v -0.01100000 0.02662244 -0.01864123
v -0.01100000 0.02814583 -0.01625000
v -0.00100000 0.03250000 -0.00000000
v -0.00100000 0.03237633 0.00283256
v -0.00100000 0.03200625 0.00564357
v -0.00100000 0.03139259 0.00841162
v -0.00100000 0.03054001 0.01111565
v -0.00100000 0.02945500 0.01373509
v -0.00100000 0.02814583 0.01625000
v -0.00100000 0.02662244 0.01864123
v -0.00100000 0.02489644 0.02089060
v -0.00100000 0.02298097 0.02298097
v -0.00100000 0.02089060 0.02489644
v -0.00100000 0.01864123 0.02662244
v -0.00100000 0.01625000 0.02814583
v -0.00100000 0.01373509 0.02945500
v -0.00100000 0.01111565 0.03054001
v -0.00100000 0.00841162 0.03139259
v -0.00100000 0.00564357 0.03200625
v -0.00100000 0.00283256 0.03237633
v -0.00100000 0.00000000 0.03250000
v -0.00100000 -0.00283256 0.03237633
v -0.00100000 -0.00564357 0.03200625
v -0.00100000 -0.00841162 0.03139259
v -0.00100000 -0.01111565 0.03054001
v -0.00100000 -0.01373509 0.02945500
v -0.00100000 -0.01625000 0.02814583
v -0.00100000 -0.01864123 0.02662244
v -0.00100000 -0.02089060 0.02489644
v -0.00100000 -0.02298097 0.02298097
v -0.00100000 -0.02489644 0.02089060
v -0.00100000 -0.02662244 0.01864123
v -0.00100000 -0.02814583 0.01625000
v -0.00100000 -0.02945500 0.01373509
v -0.00100000 -0.03054001 0.01111565
v -0.00100000 -0.03139259 0.00841162
v -0.00100000 -0.03200625 0.00564357
v -0.00100000 -0.03237633 0.00283256
v -0.00100000 -0.03250000 0.00000000
v -0.00100000 -0.03237633 -0.00283256
v -0.00100000 -0.03200625 -0.00564357
v -0.00100000 -0.03139259 -0.00841162
v -0.00100000 -0.03054001 -0.01111565
v -0.00100000 -0.02945500 -0.01373509
v -0.00100000 -0.02814583 -0.01625000
v -0.00100000 -0.02662244 -0.01864123
v -0.00100000 -0.02489644 -0.02089060
v -0.00100000 -0.02298097 -0.02298097
v -0.00100000 -0.02089060 -0.02489644
v -0.00100000 -0.01864123 -0.02662244
v -0.00100000 -0.01625000 -0.02814583
v -0.00100000 -0.01373509 -0.02945500
v -0.00100000 -0.01111565 -0.03054001
v -0.00100000 -0.00841162 -0.03139259
v -0.00100000 -0.00564357 -0.03200625
v -0.00100000 -0.00283256 -0.03237633
v -0.00100000 0.00000000 -0.03250000
v -0.00100000 0.00283256 -0.03237633
v -0.00100000 0.00564357 -0.03200625
v -0.00100000 0.00841162 -0.03139259
v -0.00100000 0.01111565 -0.03054001
v -0.00100000 0.01373509 -0.02945500
v -0.00100000 0.01625000 -0.02814583
v -0.00100000 0.01864123 -0.02662244
v -0.00100000 0.02089060 -0.02489644
v -0.00100000 0.02298097 -0.02298097
v -0.00100000 0.02489644 -0.02089060
v -0.00100000 0.02662244 -0.01864123
v -0.00100000 0.02814583 -0.01625000
v -0.00100000 0.02945500 -0.01373509
v -0.00100000 0.03054001 -0.01111565
v -0.00100000 0.03139259 -0.00841162
v -0.00100000 0.03200625 -0.00564357
v -0.00100000 0.03237633 -0.00283256
v -0.00100000 0.02064875 -0.02948947
v -0.00100000 0.02314035 -0.02757760
v -0.00100000 0.02545584 -0.02545584
v -0.00100000 0.02757760 -0.02314035
v -0.00100000 0.02948947 -0.02064875
v -0.00100000 0.03117692 -0.01800000
v -0.00100000 0.03262708 -0.01521426
v -0.00100000 0.03382893 -0.01231273
v -0.00100000 0.03477333 -0.00931749
v -0.00100000 0.03545308 -0.00625133
v -0.00100000 0.03586301 -0.00313761
v -0.00100000 0.03600000 -0.00000000
v -0.00100000 0.03586301 0.00313761
v -0.00100000 0.03545308 0.00625133
v -0.00100000 0.03477333 0.00931749
v -0.00100000 0.03382893 0.01231273
v -0.00100000 0.03262708 0.01521426
v -0.00100000 0.03117692 0.01800000
v -0.00100000 0.02948947 0.02064875
v -0.00100000 0.02757760 0.02314035
v -0.00100000 0.02545584 0.02545584
v -0.00100000 0.02314035 0.02757760
v -0.00100000 0.02064875 0.02948947
v -0.00100000 0.01800000 0.03117692
v -0.00100000 0.01521426 0.03262708
v -0.00100000 0.01231273 0.03382893
v -0.00100000 0.00931749 0.03477333
v -0.00100000 0.00625133 0.03545308
v -0.00100000 0.00313761 0.03586301
v -0.00100000 0.00000000 0.03600000
v -0.00100000 -0.00313761 0.03586301
v -0.00100000 -0.00625133 0.03545308
v -0.00100000 -0.00931749 0.03477333
v -0.00100000 -0.01231273 0.03382893
v -0.00100000 -0.01521426 0.03262708
v -0.00100000 -0.01800000 0.03117692
v -0.00100000 -0.02064875 0.02948947
v -0.00100000 -0.02314035 0.02757760
v -0.00100000 -0.02545584 0.02545584
v -0.00100000 -0.02757760 0.02314035
v -0.00100000 -0.02948947 0.02064875
v -0.00100000 -0.03117692 0.01800000
v -0.00100000 -0.03262708 0.01521426
v -0.00100000 -0.03382893 0.01231273
v -0.00100000 -0.03477333 0.00931749
v -0.00100000 -0.03545308 0.00625133
v -0.00100000 -0.03586301 0.00313761
v -0.00100000 -0.03600000 0.00000000
v -0.00100000 -0.03586301 -0.00313761
v -0.00100000 -0.03545308 -0.00625133
v -0.00100000 -0.03477333 -0.00931749
v -0.00100000 -0.03382893 -0.01231273
v -0.00100000 -0.03262708 -0.01521426
v -0.00100000 -0.03117692 -0.01800000
v -0.00100000 -0.02948947 -0.02064875
v -0.00100000 -0.02757760 -0.02314035
v -0.00100000 -0.02545584 -0.02545584
v -0.00100000 -0.02314035 -0.02757760
v -0.00100000 -0.02064875 -0.02948947
v -0.00100000 -0.01800000 -0.03117692
v -0.00100000 -0.01521426 -0.03262708
v -0.00100000 -0.01231273 -0.03382893
v -0.00100000 -0.00931749 -0.03477333
v -0.00100000 -0.00625133 -0.03545308
v -0.00100000 -0.00313761 -0.03586301
v -0.00100000 0.00000000 -0.03600000
v -0.00100000 0.00313761 -0.03586301
v -0.00100000 0.00625133 -0.03545308
v -0.00100000 0.00931749 -0.03477333
v -0.00100000 0.01231273 -0.03382893
v -0.00100000 0.01521426 -0.03262708
v -0.00100000 0.01800000 -0.03117692
v 0.01100000 0.03600000 -0.00000000
v 0.01100000 0.03586301 0.00313761
v 0.01100000 0.03545308 0.00625133
v 0.01100000 0.03477333 0.00931749
v 0.01100000 0.03382893 0.01231273
v 0.01100000 0.03262708 0.01521426
v 0.01100000 0.03117692 0.01800000
v 0.01100000 0.02948947 0.02064875
v 0.01100000 0.02757760 0.02314035
v 0.01100000 0.02545584 0.02545584
v 0.01100000 0.02314035 0.02757760
v 0.01100000 0.02064875 0.02948947
v 0.01100000 0.01800000 0.03117692
v 0.01100000 0.01521426 0.03262708
v 0.01100000 0.01231273 0.03382893
v 0.01100000 0.00931749 0.03477333
v 0.01100000 0.00625133 0.03545308
v 0.01100000 0.00313761 0.03586301
v 0.01100000 0.00000000 0.03600000
v 0.01100000 -0.00313761 0.03586301
v 0.01100000 -0.00625133 0.03545308
v 0.01100000 -0.00931749 0.03477333
v 0.01100000 -0.01231273 0.03382893
v 0.01100000 -0.01521426 0.03262708
v 0.01100000 -0.01800000 0.03117692
v 0.01100000 -0.02064875 0.02948947
v 0.01100000 -0.02314035 0.02757760
v 0.01100000 -0.02545584 0.02545584
v 0.01100000 -0.02757760 0.02314035
v 0.01100000 -0.02948947 0.02064875
v 0.01100000 -0.03117692 0.01800000
v 0.01100000 -0.03262708 0.01521426
v 0.01100000 -0.03382893 0.01231273
v 0.01100000 -0.03477333 0.00931749
v 0.01100000 -0.03545308 0.00625133
v 0.01100000 -0.03586301 0.00313761
v 0.01100000 -0.03600000 0.00000000
v 0.01100000 -0.03586301 -0.00313761
v 0.01100000 -0.03545308 -0.00625133
v 0.01100000 -0.03477333 -0.00931749
v 0.01100000 -0.03382893 -0.01231273
v 0.01100000 -0.03262708 -0.01521426
v 0.01100000 -0.03117692 -0.01800000
v 0.01100000 -0.02948947 -0.02064875
v 0.01100000 -0.02757760 -0.02314035
v 0.01100000 -0.02545584 -0.02545584
v 0.01100000 -0.02314035 -0.02757760
v 0.01100000 -0.02064875 -0.02948947
v 0.01100000 -0.01800000 -0.03117692
v 0.01100000 -0.01521426 -0.03262708
v 0.01100000 -0.01231273 -0.03382893
v 0.01100000 -0.00931749 -0.03477333
v 0.01100000 -0.00625133 -0.03545308
v 0.01100000 -0.00313761 -0.03586301
v 0.01100000 0.00000000 -0.03600000
v 0.01100000 0.00313761 -0.03586301
v 0.01100000 0.00625133 -0.03545308
v 0.01100000 0.00931749 -0.03477333
v 0.01100000 0.01231273 -0.03382893
v 0.01100000 0.01521426 -0.03262708
v 0.01100000 0.01800000 -0.03117692
v 0.01100000 0.02064875 -0.02948947
v 0.01100000 0.02314035 -0.02757760
v 0.01100000 0.02545584 -0.02545584
v 0.01100000 0.02757760 -0.02314035
v 0.01100000 0.02948947 -0.02064875
v 0.01100000 0.03117692 -0.01800000
v 0.01100000 0.03262708 -0.01521426
v 0.01100000 0.03382893 -0.01231273
v 0.01100000 0.03477333 -0.00931749
v 0.01100000 0.03545308 -0.00625133
v 0.01100000 0.03586301 -0.00313761
v 0.01100000 0.02045495 0.03025000
v 0.01100000 0.01386202 -0.06552404
v 0.01100000 0.01374484 -0.06534009
v 0.01100000 0.00970495 -0.06532182
v 0.01100000 0.00496317 0.05728540
v 0.01100000 0.00450000 0.03800000
v 0.01100000 0.00970495 0.03800000
v 0.01100000 0.02414495 -0.05920431
v 0.01100000 0.02435295 -0.05913873
v 0.01100000 0.02045495 -0.03025000
v 0.01100000 0.02295212 -0.06011960
v 0.01100000 0.02308489 -0.05994657
v 0.01100000 0.03086955 -0.03025000
v 0.01100000 0.02500000 -0.05905354
v 0.01100000 0.02456588 -0.05909152
v 0.01100000 0.02478211 -0.05906305
v 0.01100000 0.02521789 -0.05906305
v 0.01100000 0.02543412 -0.05909152
v 0.01100000 0.02564705 -0.05913873
v 0.01100000 0.02585505 -0.05920431
v 0.01100000 0.03000000 -0.04905354
v 0.01100000 0.02605654 -0.05928777
v 0.01100000 0.02625000 -0.05938848
v 0.01100000 0.02643394 -0.05950566
v 0.01100000 0.02660697 -0.05963843
v 0.01100000 0.02676777 -0.05978578
v 0.01100000 0.02691511 -0.05994657
v 0.01100000 0.03000000 -0.06032182
v 0.01100000 0.02323223 -0.05978578
v 0.01100000 0.02339303 -0.05963843
v 0.01100000 0.02356606 -0.05950566
v 0.01100000 0.02375000 -0.05938848
v 0.01100000 0.02394345 -0.05928777
v 0.01100000 0.02564705 -0.06396836
v 0.01100000 0.03000000 -0.06532182
v 0.01100000 0.02585505 -0.06390277
v 0.01100000 0.02605654 -0.06381931
v 0.01100000 0.02746202 -0.06111942
v 0.01100000 0.02749049 -0.06133565
v 0.01100000 0.02660697 -0.06346865
v 0.01100000 0.02643394 -0.06360142
v 0.01100000 0.02625000 -0.06371860
v 0.01100000 0.02543412 -0.06401556
v 0.01100000 0.02521789 -0.06404403
v 0.01100000 0.02500000 -0.06405354
v 0.01100000 0.02265077 -0.06069849
v 0.01100000 0.02273423 -0.06049700
v 0.01100000 0.02045495 -0.06032182
v 0.01100000 0.02283494 -0.06030354
v 0.01100000 0.02478211 -0.06404403
v 0.01100000 0.02045495 -0.06532182
v 0.01100000 0.02456588 -0.06401556
v 0.01100000 0.02435295 -0.06396836
v 0.01100000 0.02250000 -0.06155354
v 0.01100000 0.02250951 -0.06133565
v 0.01100000 0.02704788 -0.06011960
v 0.01100000 0.02716506 -0.06030354
v 0.01100000 0.02726577 -0.06049700
v 0.01100000 0.02741481 -0.06220059
v 0.01100000 0.02734923 -0.06240859
v 0.01100000 0.02414495 -0.06390277
v 0.01100000 0.02394345 -0.06381931
v 0.01100000 0.02375000 -0.06371860
v 0.01100000 0.02356606 -0.06360142
v 0.01100000 0.02339303 -0.06346865
v 0.01100000 0.02323223 -0.06332131
v 0.01100000 0.02265077 -0.06240859
v 0.01100000 0.02273423 -0.06261009
v 0.01100000 0.02283494 -0.06280354
v 0.01100000 0.02734923 -0.06069849
v 0.01100000 0.02741481 -0.06090650
v 0.01100000 0.02726577 -0.06261009
v 0.01100000 0.02716506 -0.06280354
v 0.01100000 0.02704788 -0.06298748
v 0.01100000 0.02691511 -0.06316051
v 0.01100000 0.02676777 -0.06332131
v 0.01100000 0.02308489 -0.06316051
v 0.01100000 0.02295212 -0.06298748
v 0.01100000 0.02258519 -0.06220059
v 0.01100000 0.02253798 -0.06198766
v 0.01100000 0.02250951 -0.06177143
v 0.01100000 0.02253798 -0.06111942
v 0.01100000 0.02258519 -0.06090650
v 0.01100000 0.02750000 -0.06155354
v 0.01100000 0.02749049 -0.06177143
v 0.01100000 0.02746202 -0.06198766
v 0.01100000 0.02045495 -0.07029505
v 0.01100000 0.03000000 -0.07029505
v 0.01100000 0.03000000 -0.09873172
v 0.01100000 0.03000000 -0.08970495
v 0.01100000 0.02045495 -0.09873172
v 0.01100000 0.02045495 -0.08970495
v 0.01100000 0.02605654 -0.10381931
v 0.01100000 0.02585505 -0.10390277
v 0.01100000 0.03000000 -0.17904867
v 0.01100000 0.02543412 -0.09909152
v 0.01100000 0.02564705 -0.09913873
v 0.01100000 0.02500000 -0.10405354
v 0.01100000 0.02045495 -0.17904867
v 0.01100000 0.02521789 -0.10404403
v 0.01100000 0.02478211 -0.09906305
v 0.01100000 0.02500000 -0.09905354
v 0.01100000 0.02564705 -0.10396836
v 0.01100000 0.02543412 -0.10401556
v 0.01100000 0.02585505 -0.09920431
v 0.01100000 0.02605654 -0.09928777
v 0.01100000 0.02625000 -0.09938848
v 0.01100000 0.02676777 -0.10332131
v 0.01100000 0.02660697 -0.10346866
v 0.01100000 0.02478211 -0.10404403
v 0.01100000 0.02456588 -0.10401556
v 0.01100000 0.02435295 -0.10396836
v 0.01100000 0.02521789 -0.09906305
v 0.01100000 0.02323223 -0.09978577
v 0.01100000 0.02339303 -0.09963843
v 0.01100000 0.02356606 -0.09950566
v 0.01100000 0.02375000 -0.09938848
v 0.01100000 0.02394345 -0.09928777
v 0.01100000 0.02414495 -0.09920431
v 0.01100000 0.02435295 -0.09913873
v 0.01100000 0.02456588 -0.09909152
v 0.01100000 0.02643394 -0.09950566
v 0.01100000 0.02660697 -0.09963843
v 0.01100000 0.02676777 -0.09978577
v 0.01100000 0.02643394 -0.10360143
v 0.01100000 0.02625000 -0.10371861
v 0.01100000 0.02414495 -0.10390277
v 0.01100000 0.02394345 -0.10381931
v 0.01100000 0.02375000 -0.10371861
v 0.01100000 0.02356606 -0.10360143
v 0.01100000 0.02339303 -0.10346866
v 0.01100000 0.02323223 -0.10332131
v 0.01100000 0.02750000 -0.10155354
v 0.01100000 0.02749049 -0.10177143
v 0.01100000 0.02265077 -0.10240860
v 0.01100000 0.02273423 -0.10261009
v 0.01100000 0.02283494 -0.10280354
v 0.01100000 0.02258519 -0.10220059
v 0.01100000 0.02253798 -0.10198766
v 0.01100000 0.02250951 -0.10177143
v 0.01100000 0.02250000 -0.10155354
v 0.01100000 0.02250951 -0.10133565
v 0.01100000 0.02253798 -0.10111942
v 0.01100000 0.02258519 -0.10090649
v 0.01100000 0.02691511 -0.09994657
v 0.01100000 0.02704788 -0.10011960
v 0.01100000 0.02716506 -0.10030355
v 0.01100000 0.02308489 -0.10316051
v 0.01100000 0.02295212 -0.10298748
v 0.01100000 0.02283494 -0.10030355
v 0.01100000 0.02295212 -0.10011960
v 0.01100000 0.02308489 -0.09994657
v 0.01100000 0.02726577 -0.10049700
v 0.01100000 0.02734923 -0.10069849
v 0.01100000 0.02741481 -0.10090649
v 0.01100000 0.02746202 -0.10111942
v 0.01100000 0.02749049 -0.10133565
v 0.01100000 0.02726577 -0.10261009
v 0.01100000 0.02716506 -0.10280354
v 0.01100000 0.02265077 -0.10069849
v 0.01100000 0.02273423 -0.10049700
v 0.01100000 0.02704788 -0.10298748
v 0.01100000 0.02691511 -0.10316051
v 0.01100000 0.02746202 -0.10198766
v 0.01100000 0.02741481 -0.10220059
v 0.01100000 0.02734923 -0.10240860
v 0.01100000 -0.02394345 -0.10381931
v 0.01100000 -0.02414495 -0.10390277
v 0.01100000 -0.02045495 -0.17904867
v 0.01100000 -0.02435295 -0.10396836
v 0.01100000 -0.02456588 -0.10401556
v 0.01100000 -0.02543412 -0.10401556
v 0.01100000 -0.02564705 -0.10396836
v 0.01100000 -0.03000000 -0.17904867
v 0.01100000 -0.02734923 -0.10069849
v 0.01100000 -0.02726577 -0.10049700
v 0.01100000 -0.03000000 -0.09873172
v 0.01100000 -0.02478211 -0.10404403
v 0.01100000 -0.02500000 -0.10405354
v 0.01100000 -0.02521789 -0.10404403
v 0.01100000 -0.02750000 -0.10155354
v 0.01100000 -0.02749049 -0.10133565
v 0.01100000 -0.02414495 -0.09920431
v 0.01100000 -0.02394345 -0.09928777
v 0.01100000 -0.02045495 -0.09873172
v 0.01100000 -0.02375000 -0.09938848
v 0.01100000 -0.02741481 -0.10220059
v 0.01100000 -0.02734923 -0.10240860
v 0.01100000 -0.02726577 -0.10261009
v 0.01100000 -0.02746202 -0.10198766
v 0.01100000 -0.02749049 -0.10177143
v 0.01100000 -0.02746202 -0.10111942
v 0.01100000 -0.02741481 -0.10090649
v 0.01100000 -0.02521789 -0.09906305
v 0.01100000 -0.02500000 -0.09905354
v 0.01100000 -0.02478211 -0.09906305
v 0.01100000 -0.02456588 -0.09909152
v 0.01100000 -0.02435295 -0.09913873
v 0.01100000 -0.02585505 -0.10390277
v 0.01100000 -0.02605654 -0.10381931
v 0.01100000 -0.02625000 -0.10371861
v 0.01100000 -0.02643394 -0.10360143
v 0.01100000 -0.02660697 -0.10346866
v 0.01100000 -0.02676777 -0.10332131
v 0.01100000 -0.02691511 -0.10316051
v 0.01100000 -0.02704788 -0.10298748
v 0.01100000 -0.02716506 -0.10280354
v 0.01100000 -0.02691511 -0.09994657
v 0.01100000 -0.02676777 -0.09978577
v 0.01100000 -0.02660697 -0.09963843
v 0.01100000 -0.02643394 -0.09950566
v 0.01100000 -0.02625000 -0.09938848
v 0.01100000 -0.02605654 -0.09928777
v 0.01100000 -0.02585505 -0.09920431
v 0.01100000 -0.02564705 -0.09913873
v 0.01100000 -0.02543412 -0.09909152
v 0.01100000 -0.02339303 -0.10346866
v 0.01100000 -0.02323223 -0.10332131
v 0.01100000 -0.02308489 -0.10316051
v 0.01100000 -0.02716506 -0.10030355
v 0.01100000 -0.02704788 -0.10011960
v 0.01100000 -0.02356606 -0.10360143
v 0.01100000 -0.02375000 -0.10371861
v 0.01100000 -0.02356606 -0.09950566
v 0.01100000 -0.02339303 -0.09963843
v 0.01100000 -0.02323223 -0.09978577
v 0.01100000 -0.02308489 -0.09994657
v 0.01100000 -0.02295212 -0.10011960
v 0.01100000 -0.02283494 -0.10030355
v 0.01100000 -0.02265077 -0.10240860
v 0.01100000 -0.02273423 -0.10261009
v 0.01100000 -0.02273423 -0.10049700
v 0.01100000 -0.02265077 -0.10069849
v 0.01100000 -0.02258519 -0.10090649
v 0.01100000 -0.02283494 -0.10280354
v 0.01100000 -0.02295212 -0.10298748
v 0.01100000 -0.02253798 -0.10111942
v 0.01100000 -0.02250951 -0.10133565
v 0.01100000 -0.02250000 -0.10155354
v 0.01100000 -0.02250951 -0.10177143
v 0.01100000 -0.02253798 -0.10198766
v 0.01100000 -0.02258519 -0.10220059
v 0.01100000 -0.02734923 -0.06069849
v 0.01100000 -0.02726577 -0.06049700
v 0.01100000 -0.03000000 -0.06032182
v 0.01100000 -0.02265077 -0.06069849
v 0.01100000 -0.02045495 -0.06032182
v 0.01100000 -0.02273423 -0.06049700
v 0.01100000 -0.02283494 -0.06030354
v 0.01100000 -0.02750000 -0.06155354
v 0.01100000 -0.02749049 -0.06133565
v 0.01100000 -0.02746202 -0.06111942
v 0.01100000 -0.02741481 -0.06090650
v 0.01100000 -0.02339303 -0.06346865
v 0.01100000 -0.02356606 -0.06360142
v 0.01100000 -0.02045495 -0.06532182
v 0.01100000 -0.02375000 -0.06371860
v 0.01100000 -0.02394345 -0.06381931
v 0.01100000 -0.02414495 -0.06390277
v 0.01100000 -0.02435295 -0.06396836
v 0.01100000 -0.02456588 -0.06401556
v 0.01100000 -0.02478211 -0.06404403
v 0.01100000 -0.02500000 -0.06405354
v 0.01100000 -0.02625000 -0.06371860
v 0.01100000 -0.02643394 -0.06360142
v 0.01100000 -0.03000000 -0.06532182
v 0.01100000 -0.02660697 -0.06346865
v 0.01100000 -0.02676777 -0.06332131
v 0.01100000 -0.02691511 -0.06316051
v 0.01100000 -0.02704788 -0.06298748
v 0.01100000 -0.02716506 -0.06280354
v 0.01100000 -0.02726577 -0.06261009
v 0.01100000 -0.02734923 -0.06240859
v 0.01100000 -0.02741481 -0.06220059
v 0.01100000 -0.02746202 -0.06198766
v 0.01100000 -0.02749049 -0.06177143
v 0.01100000 -0.03000000 -0.07029505
v 0.01100000 -0.02045495 -0.07029505
v 0.01100000 -0.03000000 -0.08970495
v 0.01100000 -0.02045495 -0.08970495
v 0.01100000 -0.02521789 -0.06404403
v 0.01100000 -0.02543412 -0.06401556
v 0.01100000 -0.02564705 -0.06396836
v 0.01100000 -0.02258519 -0.06090650
v 0.01100000 -0.02253798 -0.06111942
v 0.01100000 -0.02250951 -0.06133565
v 0.01100000 -0.02585505 -0.06390277
v 0.01100000 -0.02605654 -0.06381931
v 0.01100000 -0.02258519 -0.06220059
v 0.01100000 -0.02265077 -0.06240859
v 0.01100000 -0.02250000 -0.06155354
v 0.01100000 -0.02250951 -0.06177143
v 0.01100000 -0.02253798 -0.06198766
v 0.01100000 -0.02273423 -0.06261009
v 0.01100000 -0.02283494 -0.06280354
v 0.01100000 -0.02295212 -0.06298748
v 0.01100000 -0.02308489 -0.06316051
v 0.01100000 -0.02323223 -0.06332131
v 0.01100000 -0.02456588 -0.05909152
v 0.01100000 -0.02045495 -0.03025000
v 0.01100000 -0.02478211 -0.05906305
v 0.01100000 -0.02500000 -0.05905354
v 0.01100000 -0.02435295 -0.05913873
v 0.01100000 -0.02414495 -0.05920431
v 0.01100000 -0.02394345 -0.05928777
v 0.01100000 -0.02375000 -0.05938848
v 0.01100000 -0.02356606 -0.05950566
v 0.01100000 -0.02339303 -0.05963843
v 0.01100000 -0.02323223 -0.05978578
v 0.01100000 -0.02308489 -0.05994657
v 0.01100000 -0.02295212 -0.06011960
v 0.01100000 -0.02716506 -0.06030354
v 0.01100000 -0.02704788 -0.06011960
v 0.01100000 -0.03000000 -0.04905354
v 0.01100000 -0.02691511 -0.05994657
v 0.01100000 -0.02676777 -0.05978578
v 0.01100000 -0.02521789 -0.05906305
v 0.01100000 -0.03086955 -0.03025000
v 0.01100000 -0.02543412 -0.05909152
v 0.01100000 -0.02625000 -0.05938848
v 0.01100000 -0.02605654 -0.05928777
v 0.01100000 -0.02585505 -0.05920431
v 0.01100000 -0.02564705 -0.05913873
v 0.01100000 -0.02660697 -0.05963843
v 0.01100000 -0.02643394 -0.05950566
v 0.01100000 -0.04484699 -0.03598607
v 0.01100000 -0.04157344 -0.03972277
v 0.01100000 -0.03811955 -0.03025000
v 0.01100000 -0.03798957 -0.04316298
v 0.01100000 -0.03412214 -0.04628099
v 0.01100000 -0.04778579 -0.03198076
v 0.01100000 -0.03850695 -0.02421892
v 0.01100000 -0.03873909 -0.02409808
v 0.01100000 -0.05036789 -0.02773672
v 0.01100000 -0.03969655 -0.02322073
v 0.01100000 -0.03983717 -0.02300000
v 0.01100000 -0.05678673 -0.00902869
v 0.01100000 -0.03969655 -0.01977927
v 0.01100000 -0.05735411 -0.00409340
v 0.01100000 -0.03953722 -0.01957164
v 0.01100000 -0.05749338 0.00087245
v 0.01100000 -0.03936041 -0.01937868
v 0.01100000 -0.03916746 -0.01920187
v 0.01100000 -0.03826515 -0.02431908
v 0.01100000 -0.03953722 -0.02342836
v 0.01100000 -0.03936041 -0.02362132
v 0.01100000 -0.03995802 -0.02276785
v 0.01100000 -0.04005817 -0.02252606
v 0.01100000 -0.05257403 -0.02328565
v 0.01100000 -0.04013687 -0.02227646
v 0.01100000 -0.04019352 -0.02202095
v 0.01100000 -0.04022768 -0.02176147
v 0.01100000 -0.04023909 -0.02150000
v 0.01100000 -0.05438773 -0.01866077
v 0.01100000 -0.04022768 -0.02123853
v 0.01100000 -0.04019352 -0.02097906
v 0.01100000 -0.04013687 -0.02072354
v 0.01100000 -0.05579547 -0.01389660
v 0.01100000 -0.04005817 -0.02047394
v 0.01100000 -0.03995802 -0.02023214
v 0.01100000 -0.03983717 -0.02000000
v 0.01100000 -0.03811955 0.00000000
v 0.01100000 -0.03850695 -0.01878108
v 0.01100000 -0.03895982 -0.02395746
v 0.01100000 -0.03916746 -0.02379813
v 0.01100000 -0.03895982 -0.01904254
v 0.01100000 -0.03873909 -0.01890192
v 0.01100000 -0.03873909 0.01890192
v 0.01100000 -0.03895982 0.01904254
v 0.01100000 -0.05534812 0.01558319
v 0.01100000 -0.05648663 0.01074760
v 0.01100000 -0.03995802 0.02023214
v 0.01100000 -0.05720350 0.00583179
v 0.01100000 -0.03969655 0.01977927
v 0.01100000 -0.03983717 0.02000000
v 0.01100000 -0.03776004 0.01854558
v 0.01100000 -0.03801555 0.01860222
v 0.01100000 -0.03826515 0.01868092
v 0.01100000 -0.03850695 0.01878108
v 0.01100000 -0.03916746 0.01920187
v 0.01100000 -0.03936041 0.01937868
v 0.01100000 -0.03953722 0.01957164
v 0.01100000 -0.04005817 0.02047394
v 0.01100000 -0.04013687 0.02072354
v 0.01100000 -0.05379647 0.02030245
v 0.01100000 -0.04019352 0.02097906
v 0.01100000 -0.03995802 0.02276785
v 0.01100000 -0.04950309 0.02925225
v 0.01100000 -0.04005817 0.02252606
v 0.01100000 -0.05184327 0.02487017
v 0.01100000 -0.04013687 0.02227646
v 0.01100000 -0.04019352 0.02202095
v 0.01100000 -0.04022768 0.02123853
v 0.01100000 -0.04023909 0.02150000
v 0.01100000 -0.04022768 0.02176147
v 0.01100000 -0.03873909 0.02409808
v 0.01100000 -0.03850695 0.02421892
v 0.01100000 -0.03811955 0.03025000
v 0.01100000 -0.03826515 0.02431908
v 0.01100000 -0.03801555 0.02439778
v 0.01100000 -0.03983717 0.02300000
v 0.01100000 -0.03969655 0.02322073
v 0.01100000 -0.03953722 0.02342836
v 0.01100000 -0.03936041 0.02362132
v 0.01100000 -0.03916746 0.02379813
v 0.01100000 -0.03895982 0.02395746
v 0.01100000 -0.04679340 0.03341598
v 0.01100000 -0.04373442 0.03733028
v 0.01100000 -0.04034900 0.04096594
v 0.01100000 -0.03811955 0.03800000
v 0.01100000 -0.03666240 0.04429581
v 0.01100000 -0.03086955 0.03800000
v 0.01100000 -0.03270213 0.04729504
v 0.01100000 -0.02849777 0.04994124
v 0.01100000 -0.02045495 0.03800000
v 0.01100000 -0.02408068 0.05221466
v 0.01100000 -0.00496317 0.05728540
v 0.01100000 -0.00988929 0.05664320
v 0.01100000 -0.00450000 0.03800000
v 0.01100000 -0.01474159 0.05557819
v 0.01100000 -0.01948385 0.05409833
v 0.01100000 0.00172073 0.04054254
v 0.01100000 0.00150000 0.04040192
v 0.01100000 0.00298858 0.04273853
v 0.01100000 0.00295442 0.04247906
v 0.01100000 0.00126785 0.04028108
v 0.01100000 0.00102606 0.04018092
v 0.01100000 0.00077646 0.04010222
v 0.01100000 0.00052094 0.04004558
v 0.01100000 0.00026147 0.04001142
v 0.01100000 0.00000000 0.04000000
v 0.01100000 -0.00026147 0.04001142
v 0.01100000 -0.00052094 0.04004558
v 0.01100000 -0.00289778 0.04377646
v 0.01100000 -0.00281908 0.04402606
v 0.01100000 -0.00271892 0.04426786
v 0.01100000 -0.00077646 0.04010222
v 0.01100000 -0.00102606 0.04018092
v 0.01100000 -0.00126785 0.04028108
v 0.01100000 -0.00259808 0.04450000
v 0.01100000 -0.00245746 0.04472073
v 0.01100000 -0.00229813 0.04492836
v 0.01100000 -0.00212132 0.04512132
v 0.01100000 -0.00192836 0.04529813
v 0.01100000 -0.00172073 0.04545746
v 0.01100000 -0.00150000 0.04559807
v 0.01100000 -0.00126785 0.04571892
v 0.01100000 -0.00102606 0.04581908
v 0.01100000 0.00126785 0.04571892
v 0.01100000 0.00102606 0.04581908
v 0.01100000 0.00077646 0.04589778
v 0.01100000 0.00271892 0.04173214
v 0.01100000 0.00259808 0.04150000
v 0.01100000 0.00245746 0.04127927
v 0.01100000 0.00229813 0.04107164
v 0.01100000 0.00212132 0.04087868
v 0.01100000 0.00192836 0.04070187
v 0.01100000 -0.00150000 0.04040192
v 0.01100000 -0.00172073 0.04054254
v 0.01100000 -0.00192836 0.04070187
v 0.01100000 -0.00026147 0.04598859
v 0.01100000 0.00000000 0.05750000
v 0.01100000 -0.00052094 0.04595442
v 0.01100000 -0.00077646 0.04589778
v 0.01100000 0.00000000 0.04600000
v 0.01100000 0.00026147 0.04598859
v 0.01100000 0.00052094 0.04595442
v 0.01100000 0.00150000 0.04559807
v 0.01100000 0.00172073 0.04545746
v 0.01100000 0.00192836 0.04529813
v 0.01100000 0.00281908 0.04402606
v 0.01100000 0.00289778 0.04377646
v 0.01100000 0.00289778 0.04222354
v 0.01100000 0.00281908 0.04197394
v 0.01100000 -0.00212132 0.04087868
v 0.01100000 -0.00229813 0.04107164
v 0.01100000 -0.00245746 0.04127927
v 0.01100000 -0.00259808 0.04150000
v 0.01100000 -0.00271892 0.04173214
v 0.01100000 -0.00281908 0.04197394
v 0.01100000 -0.00289778 0.04222354
v 0.01100000 -0.00295442 0.04247906
v 0.01100000 -0.00298858 0.04273853
v 0.01100000 -0.00300000 0.04300000
v 0.01100000 -0.00298858 0.04326147
v 0.01100000 -0.00295442 0.04352095
v 0.01100000 0.00212132 0.04512132
v 0.01100000 0.00229813 0.04492836
v 0.01100000 0.00245746 0.04472073
v 0.01100000 0.00295442 0.04352095
v 0.01100000 0.00298858 0.04326147
v 0.01100000 0.00300000 0.04300000
v 0.01100000 0.00259808 0.04450000
v 0.01100000 0.00271892 0.04426786
v 0.01100000 0.02408068 0.05221466
v 0.01100000 0.01948385 0.05409833
v 0.01100000 0.02045495 0.03800000
v 0.01100000 0.01474159 0.05557819
v 0.01100000 0.00988929 0.05664320
v 0.01100000 0.03086955 0.03800000
v 0.01100000 0.04373442 0.03733028
v 0.01100000 0.04034900 0.04096594
v 0.01100000 0.03666240 0.04429581
v 0.01100000 0.03270213 0.04729504
v 0.01100000 0.02849777 0.04994124
v 0.01100000 0.03478163 0.01977927
v 0.01100000 0.03464102 0.02000000
v 0.01100000 0.05534812 0.01558319
v 0.01100000 0.04013687 0.02072354
v 0.01100000 0.04005817 0.02047394
v 0.01100000 0.03425051 0.02123853
v 0.01100000 0.03423909 0.02150000
v 0.01100000 0.05648663 0.01074760
v 0.01100000 0.03801555 0.01860222
v 0.01100000 0.03776004 0.01854558
v 0.01100000 0.03597124 0.01878108
v 0.01100000 0.03573909 0.01890192
v 0.01100000 0.03551836 0.01904254
v 0.01100000 0.03531073 0.01920187
v 0.01100000 0.03511777 0.01937868
v 0.01100000 0.03494096 0.01957164
v 0.01100000 0.03428467 0.02097906
v 0.01100000 0.03452017 0.02023214
v 0.01100000 0.03442001 0.02047394
v 0.01100000 0.03434132 0.02072354
v 0.01100000 0.03425051 0.02176147
v 0.01100000 0.03428467 0.02202095
v 0.01100000 0.03434132 0.02227646
v 0.01100000 0.04019352 0.02097906
v 0.01100000 0.05379647 0.02030245
v 0.01100000 0.04022768 0.02123853
v 0.01100000 0.03995802 0.02023214
v 0.01100000 0.03983717 0.02000000
v 0.01100000 0.05720350 0.00583179
v 0.01100000 0.03826515 0.01868092
v 0.01100000 0.03697763 0.01851142
v 0.01100000 0.03671815 0.01854558
v 0.01100000 0.03646263 0.01860222
v 0.01100000 0.03621303 0.01868092
v 0.01100000 0.03442001 0.02252606
v 0.01100000 0.03452017 0.02276785
v 0.01100000 0.03086955 0.03025000
v 0.01100000 0.03464102 0.02300000
v 0.01100000 0.03478163 0.02322073
v 0.01100000 0.03895982 0.01904254
v 0.01100000 0.03873909 0.01890192
v 0.01100000 0.05750000 -0.00000087
v 0.01100000 0.03850695 0.01878108
v 0.01100000 0.03750056 0.01851142
v 0.01100000 0.03723909 0.01850000
v 0.01100000 0.03531073 0.02379813
v 0.01100000 0.03551836 0.02395746
v 0.01100000 0.03573909 0.02409808
v 0.01100000 0.03969655 0.02322073
v 0.01100000 0.03983717 0.02300000
v 0.01100000 0.04950309 0.02925225
v 0.01100000 0.03995802 0.02276785
v 0.01100000 0.05184327 0.02487017
v 0.01100000 0.04005817 0.02252606
v 0.01100000 0.04013687 0.02227646
v 0.01100000 0.04019352 0.02202095
v 0.01100000 0.04022768 0.02176147
v 0.01100000 0.04023909 0.02150000
v 0.01100000 0.03969655 0.01977927
v 0.01100000 0.03953722 0.01957164
v 0.01100000 0.05749338 0.00087245
v 0.01100000 0.03936041 0.01937868
v 0.01100000 0.03916746 0.01920187
v 0.01100000 0.03597124 0.02421892
v 0.01100000 0.03621303 0.02431908
v 0.01100000 0.03646263 0.02439778
v 0.01100000 0.03494096 0.02342836
v 0.01100000 0.03511777 0.02362132
v 0.01100000 0.03826515 0.02431908
v 0.01100000 0.03850695 0.02421892
v 0.01100000 0.04679340 0.03341598
v 0.01100000 0.03873909 0.02409808
v 0.01100000 0.03895982 0.02395746
v 0.01100000 0.03916746 0.02379813
v 0.01100000 0.03936041 0.02362132
v 0.01100000 0.03953722 0.02342836
v 0.01100000 0.03750056 0.02448858
v 0.01100000 0.03776004 0.02445442
v 0.01100000 0.03801555 0.02439778
v 0.01100000 0.03671815 0.02445442
v 0.01100000 0.03697763 0.02448858
v 0.01100000 0.03723909 0.02450000
v 0.01100000 0.03464102 -0.02300000
v 0.01100000 0.03452017 -0.02276785
v 0.01100000 0.03621303 -0.02431908
v 0.01100000 0.03597124 -0.02421892
v 0.01100000 0.03573909 -0.02409808
v 0.01100000 0.03551836 -0.02395746
v 0.01100000 0.03531073 -0.02379813
v 0.01100000 0.03511777 -0.02362132
v 0.01100000 0.03494096 -0.02342836
v 0.01100000 0.03478163 -0.02322073
v 0.01100000 0.03750056 -0.02448858
v 0.01100000 0.03723909 -0.02450000
v 0.01100000 0.03697763 -0.02448858
v 0.01100000 0.04022768 -0.02176147
v 0.01100000 0.04019352 -0.02202095
v 0.01100000 0.05257403 -0.02328565
v 0.01100000 0.04013687 -0.02227646
v 0.01100000 0.05036789 -0.02773672
v 0.01100000 0.04005817 -0.02252606
v 0.01100000 0.03995802 -0.02276785
v 0.01100000 0.03776004 -0.02445442
v 0.01100000 0.04778579 -0.03198076
v 0.01100000 0.03801555 -0.02439778
v 0.01100000 0.03826515 -0.02431908
v 0.01100000 0.03671815 -0.02445442
v 0.01100000 0.03646263 -0.02439778
v 0.01100000 0.03442001 -0.02252606
v 0.01100000 0.03434132 -0.02227646
v 0.01100000 0.03428467 -0.02202095
v 0.01100000 0.03425051 -0.02176147
v 0.01100000 0.03423909 -0.02150000
v 0.01100000 0.03425051 -0.02123853
v 0.01100000 0.03953722 -0.02342836
v 0.01100000 0.03969655 -0.02322073
v 0.01100000 0.03983717 -0.02300000
v 0.01100000 0.03452017 -0.02023214
v 0.01100000 0.03464102 -0.02000000
v 0.01100000 0.05579547 -0.01389660
v 0.01100000 0.05678673 -0.00902869
v 0.01100000 0.03983717 -0.02000000
v 0.01100000 0.03936041 -0.02362132
v 0.01100000 0.03916746 -0.02379813
v 0.01100000 0.03895982 -0.02395746
v 0.01100000 0.03873909 -0.02409808
v 0.01100000 0.03850695 -0.02421892
v 0.01100000 0.03428467 -0.02097906
v 0.01100000 0.03434132 -0.02072354
v 0.01100000 0.03442001 -0.02047394
v 0.01100000 0.04013687 -0.02072354
v 0.01100000 0.05438773 -0.01866077
v 0.01100000 0.04005817 -0.02047394
v 0.01100000 0.03995802 -0.02023214
v 0.01100000 0.04019352 -0.02097906
v 0.01100000 0.04022768 -0.02123853
v 0.01100000 0.04023909 -0.02150000
v 0.01100000 0.03531073 -0.01920187
v 0.01100000 0.03551836 -0.01904254
v 0.01100000 0.03573909 -0.01890192
v 0.01100000 0.03597124 -0.01878108
v 0.01100000 0.03621303 -0.01868092
v 0.01100000 0.03801555 -0.01860222
v 0.01100000 0.03826515 -0.01868092
v 0.01100000 0.03478163 -0.01977927
v 0.01100000 0.03494096 -0.01957164
v 0.01100000 0.03511777 -0.01937868
v 0.01100000 0.03850695 -0.01878108
v 0.01100000 0.03873909 -0.01890192
v 0.01100000 0.03895982 -0.01904254
v 0.01100000 0.03916746 -0.01920187
v 0.01100000 0.03936041 -0.01937868
v 0.01100000 0.05735411 -0.00409340
v 0.01100000 0.03953722 -0.01957164
v 0.01100000 0.03969655 -0.01977927
v 0.01100000 0.03723909 -0.01850000
v 0.01100000 0.03750056 -0.01851142
v 0.01100000 0.03646263 -0.01860222
v 0.01100000 0.03671815 -0.01854558
v 0.01100000 0.03697763 -0.01851142
v 0.01100000 0.03776004 -0.01854558
v 0.01100000 0.03798957 -0.04316298
v 0.01100000 0.04157344 -0.03972277
v 0.01100000 0.04484699 -0.03598607
v 0.01100000 0.03412214 -0.04628099
v 0.01100000 0.01840990 -0.06409010
v 0.01100000 0.01840039 -0.06430799
v 0.01100000 0.01696645 -0.06182433
v 0.01100000 0.01715990 -0.06192503
v 0.01100000 0.01734384 -0.06204222
v 0.01100000 0.01751687 -0.06217499
v 0.01100000 0.01767767 -0.06232233
v 0.01100000 0.01782501 -0.06248313
v 0.01100000 0.01795778 -0.06265616
v 0.01100000 0.01807497 -0.06284010
v 0.01100000 0.01817567 -0.06303355
v 0.01100000 0.01825913 -0.06323504
v 0.01100000 0.01832472 -0.06344305
v 0.01100000 0.01837192 -0.06365598
v 0.01100000 0.01840039 -0.06387221
v 0.01100000 0.01364413 -0.06514664
v 0.01100000 0.01356067 -0.06494515
v 0.01100000 0.01349509 -0.06473715
v 0.01100000 0.01344788 -0.06452422
v 0.01100000 0.01341942 -0.06430799
v 0.01100000 0.01340990 -0.06409010
v 0.01100000 0.01634402 -0.06162808
v 0.01100000 0.01655695 -0.06167528
v 0.01100000 0.01676495 -0.06174086
v 0.01100000 0.01837192 -0.06452422
v 0.01100000 0.01832472 -0.06473715
v 0.01100000 0.01825913 -0.06494515
v 0.01100000 0.01344788 -0.06365598
v 0.01100000 0.01349509 -0.06344305
v 0.01100000 0.00970495 -0.06032182
v 0.01100000 0.01374484 -0.06284010
v 0.01100000 0.01386202 -0.06265616
v 0.01100000 0.01399479 -0.06248313
v 0.01100000 0.01414214 -0.06232233
v 0.01100000 0.01341942 -0.06387221
v 0.01100000 0.01526286 -0.06167528
v 0.01100000 0.01547578 -0.06162808
v 0.01100000 0.01569201 -0.06159961
v 0.01100000 0.01590990 -0.06159010
v 0.01100000 0.01612779 -0.06159961
v 0.01100000 0.01430293 -0.06217499
v 0.01100000 0.01447596 -0.06204222
v 0.01100000 0.01465990 -0.06192503
v 0.01100000 0.01356067 -0.06323504
v 0.01100000 0.01364413 -0.06303355
v 0.01100000 0.01485336 -0.06182433
v 0.01100000 0.01505485 -0.06174086
v 0.01100000 0.01782501 -0.06569707
v 0.01100000 0.01767767 -0.06585786
v 0.01100000 0.01751687 -0.06600521
v 0.01100000 0.01734384 -0.06613798
v 0.01100000 0.01612779 -0.06658059
v 0.01100000 0.01590990 -0.06659010
v 0.01100000 0.01485336 -0.06635587
v 0.01100000 0.01465990 -0.06625516
v 0.01100000 0.00970495 -0.07029505
v 0.01100000 0.01447596 -0.06613798
v 0.01100000 0.01430293 -0.06600521
v 0.01100000 0.01414214 -0.06585786
v 0.01100000 0.01399479 -0.06569707
v 0.01100000 0.01817567 -0.06514664
v 0.01100000 0.01807497 -0.06534009
v 0.01100000 0.01795778 -0.06552404
v 0.01100000 0.01715990 -0.06625516
v 0.01100000 0.01696645 -0.06635587
v 0.01100000 0.01676495 -0.06643933
v 0.01100000 0.01569201 -0.06658059
v 0.01100000 0.01547578 -0.06655212
v 0.01100000 0.01526286 -0.06650491
v 0.01100000 0.01505485 -0.06643933
v 0.01100000 0.01655695 -0.06650491
v 0.01100000 0.01634402 -0.06655212
v 0.01100000 -0.00450000 -0.06532182
v 0.01100000 -0.01356067 -0.06494515
v 0.01100000 -0.01364413 -0.06514664
v 0.01100000 -0.01817567 -0.06514664
v 0.01100000 -0.01825913 -0.06494515
v 0.01100000 -0.01356067 -0.06323504
v 0.01100000 -0.01349509 -0.06344305
v 0.01100000 -0.00450000 -0.06032182
v 0.01100000 -0.01817567 -0.06303355
v 0.01100000 -0.01825913 -0.06323504
v 0.01100000 -0.01832472 -0.06344305
v 0.01100000 -0.01832472 -0.06473715
v 0.01100000 -0.01837192 -0.06452422
v 0.01100000 -0.01840039 -0.06430799
v 0.01100000 -0.01807497 -0.06284010
v 0.01100000 -0.01795778 -0.06265616
v 0.01100000 -0.01782501 -0.06248313
v 0.01100000 -0.01767767 -0.06232233
v 0.01100000 -0.01751687 -0.06217499
v 0.01100000 -0.01734384 -0.06204222
v 0.01100000 -0.01526286 -0.06167528
v 0.01100000 -0.01505485 -0.06174086
v 0.01100000 -0.01485336 -0.06182433
v 0.01100000 -0.01344788 -0.06365598
v 0.01100000 -0.01341942 -0.06387221
v 0.01100000 -0.01340990 -0.06409010
v 0.01100000 -0.01341942 -0.06430799
v 0.01100000 -0.01840990 -0.06409010
v 0.01100000 -0.01840039 -0.06387221
v 0.01100000 -0.01837192 -0.06365598
v 0.01100000 -0.01715990 -0.06192503
v 0.01100000 -0.01696645 -0.06182433
v 0.01100000 -0.01676495 -0.06174086
v 0.01100000 -0.01465990 -0.06192503
v 0.01100000 -0.01447596 -0.06204222
v 0.01100000 -0.01430293 -0.06217499
v 0.01100000 -0.01414214 -0.06232233
v 0.01100000 -0.01399479 -0.06248313
v 0.01100000 -0.01386202 -0.06265616
v 0.01100000 -0.01344788 -0.06452422
v 0.01100000 -0.01349509 -0.06473715
v 0.01100000 -0.01374484 -0.06284010
v 0.01100000 -0.01364413 -0.06303355
v 0.01100000 -0.01655695 -0.06167528
v 0.01100000 -0.01634402 -0.06162808
v 0.01100000 -0.01612779 -0.06159961
v 0.01100000 -0.01590990 -0.06159010
v 0.01100000 -0.01569201 -0.06159961
v 0.01100000 -0.01547578 -0.06162808
v 0.01100000 -0.01430293 -0.06600521
v 0.01100000 -0.01447596 -0.06613798
v 0.01100000 -0.00450000 -0.07029505
v 0.01100000 -0.01465990 -0.06625516
v 0.01100000 -0.01485336 -0.06635587
v 0.01100000 -0.01505485 -0.06643933
v 0.01100000 -0.01374484 -0.06534009
v 0.01100000 -0.01386202 -0.06552404
v 0.01100000 -0.01399479 -0.06569707
v 0.01100000 -0.01414214 -0.06585786
v 0.01100000 -0.01696645 -0.06635587
v 0.01100000 -0.01715990 -0.06625516
v 0.01100000 -0.01590990 -0.06659010
v 0.01100000 -0.01612779 -0.06658059
v 0.01100000 -0.01634402 -0.06655212
v 0.01100000 -0.01734384 -0.06613798
v 0.01100000 -0.01751687 -0.06600521
v 0.01100000 -0.01767767 -0.06585786
v 0.01100000 -0.01526286 -0.06650491
v 0.01100000 -0.01547578 -0.06655212
v 0.01100000 -0.01569201 -0.06658059
v 0.01100000 -0.01655695 -0.06650491
v 0.01100000 -0.01676495 -0.06643933
v 0.01100000 -0.01782501 -0.06569707
v 0.01100000 -0.01795778 -0.06552404
v 0.01100000 -0.01807497 -0.06534009
v 0.01100000 -0.00205212 -0.08563816
v 0.01100000 -0.00253571 -0.08543785
v 0.01100000 -0.00450000 -0.08970495
v 0.01100000 0.00000000 -0.08600000
v 0.01100000 -0.00052293 -0.08597717
v 0.01100000 0.00450000 -0.08970495
v 0.01100000 0.00424264 -0.08424264
v 0.01100000 0.00385673 -0.08459627
v 0.01100000 0.00052293 -0.08597717
v 0.01100000 0.00104189 -0.08590885
v 0.01100000 -0.00104189 -0.08590885
v 0.01100000 -0.00155291 -0.08579555
v 0.01100000 -0.00300000 -0.08519615
v 0.01100000 -0.00344146 -0.08491492
v 0.01100000 -0.00385673 -0.08459627
v 0.01100000 0.00344146 -0.08491492
v 0.01100000 0.00300000 -0.08519615
v 0.01100000 0.00253571 -0.08543785
v 0.01100000 0.00205212 -0.08563816
v 0.01100000 0.00155291 -0.08579555
v 0.01100000 0.00563816 -0.07794788
v 0.01100000 0.00543785 -0.07746429
v 0.01100000 0.00519615 -0.07700000
v 0.01100000 0.00579556 -0.07844709
v 0.01100000 0.00590885 -0.07895811
v 0.01100000 0.00597717 -0.07947706
v 0.01100000 0.00600000 -0.08000000
v 0.01100000 0.00597717 -0.08052293
v 0.01100000 0.00970495 -0.08970495
v 0.01100000 0.00590885 -0.08104189
v 0.01100000 0.00579556 -0.08155292
v 0.01100000 0.00563816 -0.08205212
v 0.01100000 0.00543785 -0.08253571
v 0.01100000 0.00519615 -0.08300000
v 0.01100000 0.00491491 -0.08344146
v 0.01100000 0.00459627 -0.08385672
v 0.01100000 -0.00424264 -0.07575736
v 0.01100000 -0.00385673 -0.07540374
v 0.01100000 -0.00344146 -0.07508509
v 0.01100000 -0.00300000 -0.07480384
v 0.01100000 -0.00253571 -0.07456215
v 0.01100000 -0.00205212 -0.07436185
v 0.01100000 -0.00155291 -0.07420444
v 0.01100000 -0.00104189 -0.07409115
v 0.01100000 -0.00052293 -0.07402283
v 0.01100000 -0.00000000 -0.07400000
v 0.01100000 0.00450000 -0.07029505
v 0.01100000 0.00052293 -0.07402283
v 0.01100000 0.00104189 -0.07409115
v 0.01100000 0.00155291 -0.07420444
v 0.01100000 0.00205212 -0.07436185
v 0.01100000 0.00253571 -0.07456215
v 0.01100000 0.00300000 -0.07480384
v 0.01100000 0.00344146 -0.07508509
v 0.01100000 0.00385673 -0.07540374
v 0.01100000 0.00424264 -0.07575736
v 0.01100000 0.00459627 -0.07614327
v 0.01100000 0.00491491 -0.07655854
v 0.01100000 -0.00519615 -0.08300000
v 0.01100000 -0.00543785 -0.08253571
v 0.01100000 -0.00424264 -0.08424264
v 0.01100000 -0.00459627 -0.08385672
v 0.01100000 -0.00491491 -0.08344146
v 0.01100000 -0.00543785 -0.07746429
v 0.01100000 -0.00519615 -0.07700000
v 0.01100000 -0.00491491 -0.07655854
v 0.01100000 -0.00459627 -0.07614327
v 0.01100000 -0.00590885 -0.07895811
v 0.01100000 -0.00579556 -0.07844709
v 0.01100000 -0.00563816 -0.07794788
v 0.01100000 -0.00563816 -0.08205212
v 0.01100000 -0.00579556 -0.08155292
v 0.01100000 -0.00590885 -0.08104189
v 0.01100000 -0.00597717 -0.08052293
v 0.01100000 -0.00600000 -0.08000000
v 0.01100000 -0.00597717 -0.07947706
v 0.01100000 -0.03434132 -0.02072354
v 0.01100000 -0.03428467 -0.02097906
v 0.01100000 -0.03425051 -0.02123853
v 0.01100000 -0.03423909 -0.02150000
v 0.01100000 -0.03425051 -0.02176147
v 0.01100000 -0.03428467 -0.02202095
v 0.01100000 -0.03434132 -0.02227646
v 0.01100000 -0.03442001 -0.02252606
v 0.01100000 -0.03478163 -0.01977927
v 0.01100000 -0.03464102 -0.02000000
v 0.01100000 -0.03478163 -0.02322073
v 0.01100000 -0.03494096 -0.02342836
v 0.01100000 -0.03551836 -0.02395746
v 0.01100000 -0.03573909 -0.02409808
v 0.01100000 -0.03597124 -0.02421892
v 0.01100000 -0.03826515 -0.01868092
v 0.01100000 -0.03801555 -0.01860222
v 0.01100000 -0.03776004 -0.01854558
v 0.01100000 -0.03551836 -0.01904254
v 0.01100000 -0.03531073 -0.01920187
v 0.01100000 -0.03511777 -0.01937868
v 0.01100000 -0.03494096 -0.01957164
v 0.01100000 -0.03452017 -0.02023214
v 0.01100000 -0.03442001 -0.02047394
v 0.01100000 -0.03452017 -0.02276785
v 0.01100000 -0.03464102 -0.02300000
v 0.01100000 -0.03511777 -0.02362132
v 0.01100000 -0.03531073 -0.02379813
v 0.01100000 -0.03750056 -0.01851142
v 0.01100000 -0.03723909 -0.01850000
v 0.01100000 -0.03697763 -0.01851142
v 0.01100000 -0.03597124 -0.01878108
v 0.01100000 -0.03573909 -0.01890192
v 0.01100000 -0.03750056 -0.02448858
v 0.01100000 -0.03723909 -0.02450000
v 0.01100000 -0.03697763 -0.02448858
v 0.01100000 -0.03776004 -0.02445442
v 0.01100000 -0.03801555 -0.02439778
v 0.01100000 -0.03671815 -0.01854558
v 0.01100000 -0.03646263 -0.01860222
v 0.01100000 -0.03621303 -0.01868092
v 0.01100000 -0.03621303 -0.02431908
v 0.01100000 -0.03646263 -0.02439778
v 0.01100000 -0.03671815 -0.02445442
v 0.01100000 -0.03442001 0.02047394
v 0.01100000 -0.03452017 0.02023214
v 0.01100000 -0.03464102 0.02000000
v 0.01100000 -0.03478163 0.02322073
v 0.01100000 -0.03464102 0.02300000
v 0.01100000 -0.03086955 0.03025000
v 0.01100000 -0.03452017 0.02276785
v 0.01100000 -0.03428467 0.02202095
v 0.01100000 -0.03425051 0.02176147
v 0.01100000 -0.03423909 0.02150000
v 0.01100000 -0.03425051 0.02123853
v 0.01100000 -0.03428467 0.02097906
v 0.01100000 -0.03434132 0.02072354
v 0.01100000 -0.03621303 0.02431908
v 0.01100000 -0.03597124 0.02421892
v 0.01100000 -0.03531073 0.02379813
v 0.01100000 -0.03511777 0.02362132
v 0.01100000 -0.03494096 0.02342836
v 0.01100000 -0.03442001 0.02252606
v 0.01100000 -0.03434132 0.02227646
v 0.01100000 -0.03621303 0.01868092
v 0.01100000 -0.03573909 0.02409808
v 0.01100000 -0.03551836 0.02395746
v 0.01100000 -0.03478163 0.01977927
v 0.01100000 -0.03494096 0.01957164
v 0.01100000 -0.03511777 0.01937868
v 0.01100000 -0.03531073 0.01920187
v 0.01100000 -0.03551836 0.01904254
v 0.01100000 -0.03573909 0.01890192
v 0.01100000 -0.03597124 0.01878108
v 0.01100000 -0.03776004 0.02445442
v 0.01100000 -0.03750056 0.02448858
v 0.01100000 -0.03723909 0.02450000
v 0.01100000 -0.03697763 0.02448858
v 0.01100000 -0.03671815 0.02445442
v 0.01100000 -0.03646263 0.02439778
v 0.01100000 -0.03646263 0.01860222
v 0.01100000 -0.03671815 0.01854558
v 0.01100000 -0.03697763 0.01851142
v 0.01100000 -0.03723909 0.01850000
v 0.01100000 -0.03750056 0.01851142
v 0.01100000 0.00172073 -0.04545746
v 0.01100000 0.00150000 -0.04559807
v 0.01100000 0.00450000 -0.06032182
v 0.01100000 -0.00229813 -0.04107164
v 0.01100000 -0.00212132 -0.04087868
v 0.01100000 -0.00026147 -0.04001142
v 0.01100000 0.00000000 -0.04000000
v 0.01100000 0.00126785 -0.04571892
v 0.01100000 0.00102606 -0.04581908
v 0.01100000 0.00077646 -0.04589778
v 0.01100000 -0.00026147 -0.04598859
v 0.01100000 -0.00052094 -0.04595442
v 0.01100000 -0.00192836 -0.04070187
v 0.01100000 -0.00172073 -0.04054254
v 0.01100000 -0.00150000 -0.04040192
v 0.01100000 -0.00126785 -0.04028108
v 0.01100000 0.00295442 -0.04352095
v 0.01100000 0.00289778 -0.04377646
v 0.01100000 0.00281908 -0.04402606
v 0.01100000 0.00271892 -0.04426786
v 0.01100000 0.00052094 -0.04595442
v 0.01100000 0.00026147 -0.04598859
v 0.01100000 0.00000000 -0.04600000
v 0.01100000 -0.00077646 -0.04589778
v 0.01100000 -0.00102606 -0.04581908
v 0.01100000 -0.00126785 -0.04571892
v 0.01100000 -0.00192836 -0.04529813
v 0.01100000 -0.00212132 -0.04512132
v 0.01100000 -0.00281908 -0.04197394
v 0.01100000 -0.00271892 -0.04173214
v 0.01100000 -0.00102606 -0.04018092
v 0.01100000 -0.00077646 -0.04010222
v 0.01100000 -0.00052094 -0.04004558
v 0.01100000 0.00026147 -0.04001142
v 0.01100000 0.00052094 -0.04004558
v 0.01100000 0.00077646 -0.04010222
v 0.01100000 0.00102606 -0.04018092
v 0.01100000 0.00192836 -0.04070187
v 0.01100000 0.00212132 -0.04087868
v 0.01100000 0.00229813 -0.04107164
v 0.01100000 0.00245746 -0.04127927
v 0.01100000 0.00281908 -0.04197394
v 0.01100000 0.00289778 -0.04222354
v 0.01100000 0.00300000 -0.04300000
v 0.01100000 0.00298858 -0.04326147
v 0.01100000 0.00259808 -0.04450000
v 0.01100000 0.00245746 -0.04472073
v 0.01100000 0.00229813 -0.04492836
v 0.01100000 -0.00150000 -0.04559807
v 0.01100000 -0.00172073 -0.04545746
v 0.01100000 -0.00259808 -0.04150000
v 0.01100000 -0.00245746 -0.04127927
v 0.01100000 0.00126785 -0.04028108
v 0.01100000 0.00150000 -0.04040192
v 0.01100000 0.00172073 -0.04054254
v 0.01100000 0.00259808 -0.04150000
v 0.01100000 0.00271892 -0.04173214
v 0.01100000 0.00212132 -0.04512132
v 0.01100000 0.00192836 -0.04529813
v 0.01100000 -0.00295442 -0.04352095
v 0.01100000 -0.00298858 -0.04326147
v 0.01100000 -0.00300000 -0.04300000
v 0.01100000 -0.00298858 -0.04273853
v 0.01100000 -0.00295442 -0.04247906
v 0.01100000 -0.00289778 -0.04222354
v 0.01100000 0.00295442 -0.04247906
v 0.01100000 0.00298858 -0.04273853
v 0.01100000 -0.00229813 -0.04492836
v 0.01100000 -0.00245746 -0.04472073
v 0.01100000 -0.00259808 -0.04450000
v 0.01100000 -0.00271892 -0.04426786
v 0.01100000 -0.00281908 -0.04402606
v 0.01100000 -0.00289778 -0.04377646
v 0.01100000 -0.02045495 0.03025000
v 0.01100000 0.01751687 -0.09782501
v 0.01100000 0.01734384 -0.09795778
v 0.01100000 0.01569201 -0.09840039
v 0.01100000 0.00970495 -0.09873172
v 0.01100000 0.01590990 -0.09840991
v 0.01100000 0.01612779 -0.09840039
v 0.01100000 0.01715990 -0.09807497
v 0.01100000 0.01696645 -0.09817567
v 0.01100000 0.01676495 -0.09825914
v 0.01100000 0.01547578 -0.09837192
v 0.01100000 0.01526286 -0.09832472
v 0.01100000 0.01505485 -0.09825914
v 0.01100000 0.01696645 -0.09364413
v 0.01100000 0.01715990 -0.09374484
v 0.01100000 0.01734384 -0.09386202
v 0.01100000 0.01751687 -0.09399479
v 0.01100000 0.01430293 -0.09399479
v 0.01100000 0.01447596 -0.09386202
v 0.01100000 0.01465990 -0.09374484
v 0.01100000 0.01485336 -0.09364413
v 0.01100000 0.01505485 -0.09356067
v 0.01100000 0.01569201 -0.09341942
v 0.01100000 0.01590990 -0.09340990
v 0.01100000 0.01612779 -0.09341942
v 0.01100000 0.01634402 -0.09344789
v 0.01100000 0.01767767 -0.09414214
v 0.01100000 0.01782501 -0.09430293
v 0.01100000 0.01795778 -0.09447596
v 0.01100000 0.01485336 -0.09817567
v 0.01100000 0.01465990 -0.09807497
v 0.01100000 0.01447596 -0.09795778
v 0.01100000 0.01374484 -0.09465990
v 0.01100000 0.01386202 -0.09447596
v 0.01100000 0.01526286 -0.09349509
v 0.01100000 0.01547578 -0.09344789
v 0.01100000 0.01655695 -0.09349509
v 0.01100000 0.01676495 -0.09356067
v 0.01100000 0.01840990 -0.09590990
v 0.01100000 0.01840039 -0.09612779
v 0.01100000 0.01655695 -0.09832472
v 0.01100000 0.01634402 -0.09837192
v 0.01100000 0.01430293 -0.09782501
v 0.01100000 0.01414214 -0.09767767
v 0.01100000 0.01399479 -0.09751687
v 0.01100000 0.01344788 -0.09547579
v 0.01100000 0.01349509 -0.09526286
v 0.01100000 0.01399479 -0.09430293
v 0.01100000 0.01414214 -0.09414214
v 0.01100000 0.01341942 -0.09569202
v 0.01100000 0.01807497 -0.09465990
v 0.01100000 0.01817567 -0.09485336
v 0.01100000 0.01825913 -0.09505485
v 0.01100000 0.01832472 -0.09526286
v 0.01100000 0.01837192 -0.09547579
v 0.01100000 0.01840039 -0.09569202
v 0.01100000 0.01386202 -0.09734385
v 0.01100000 0.01374484 -0.09715990
v 0.01100000 0.01364413 -0.09696645
v 0.01100000 0.01340990 -0.09590990
v 0.01100000 0.01341942 -0.09612779
v 0.01100000 0.01344788 -0.09634402
v 0.01100000 0.01837192 -0.09634402
v 0.01100000 0.01832472 -0.09655695
v 0.01100000 0.01825913 -0.09676495
v 0.01100000 0.01817567 -0.09696645
v 0.01100000 0.01807497 -0.09715990
v 0.01100000 0.01795778 -0.09734385
v 0.01100000 0.01356067 -0.09676495
v 0.01100000 0.01349509 -0.09655695
v 0.01100000 0.01356067 -0.09505485
v 0.01100000 0.01364413 -0.09485336
v 0.01100000 0.01782501 -0.09751687
v 0.01100000 0.01767767 -0.09767767
v 0.01100000 0.00970495 -0.17904867
v 0.01100000 0.00450000 -0.17904867
v 0.01100000 0.00450000 -0.09873172
v 0.01100000 -0.00450000 -0.17904867
v 0.01100000 -0.00450000 -0.09873172
v 0.01100000 0.00450000 -0.06532182
v 0.01100000 -0.01526286 -0.09349509
v 0.01100000 -0.01505485 -0.09356067
v 0.01100000 -0.01590990 -0.09840991
v 0.01100000 -0.01612779 -0.09840039
v 0.01100000 -0.01430293 -0.09782501
v 0.01100000 -0.01447596 -0.09795778
v 0.01100000 -0.01465990 -0.09807497
v 0.01100000 -0.01485336 -0.09817567
v 0.01100000 -0.01505485 -0.09825914
v 0.01100000 -0.01634402 -0.09837192
v 0.01100000 -0.01655695 -0.09832472
v 0.01100000 -0.01676495 -0.09825914
v 0.01100000 -0.01634402 -0.09344789
v 0.01100000 -0.01612779 -0.09341942
v 0.01100000 -0.01526286 -0.09832472
v 0.01100000 -0.01547578 -0.09837192
v 0.01100000 -0.01569201 -0.09840039
v 0.01100000 -0.01696645 -0.09817567
v 0.01100000 -0.01715990 -0.09807497
v 0.01100000 -0.01734384 -0.09795778
v 0.01100000 -0.01655695 -0.09349509
v 0.01100000 -0.01485336 -0.09364413
v 0.01100000 -0.01465990 -0.09374484
v 0.01100000 -0.01447596 -0.09386202
v 0.01100000 -0.01430293 -0.09399479
v 0.01100000 -0.01414214 -0.09414214
v 0.01100000 -0.01399479 -0.09430293
v 0.01100000 -0.01751687 -0.09782501
v 0.01100000 -0.01767767 -0.09767767
v 0.01100000 -0.01782501 -0.09751687
v 0.01100000 -0.01590990 -0.09340990
v 0.01100000 -0.01569201 -0.09341942
v 0.01100000 -0.01547578 -0.09344789
v 0.01100000 -0.01767767 -0.09414214
v 0.01100000 -0.01751687 -0.09399479
v 0.01100000 -0.01734384 -0.09386202
v 0.01100000 -0.01715990 -0.09374484
v 0.01100000 -0.01696645 -0.09364413
v 0.01100000 -0.01676495 -0.09356067
v 0.01100000 -0.01817567 -0.09696645
v 0.01100000 -0.01825913 -0.09676495
v 0.01100000 -0.01349509 -0.09526286
v 0.01100000 -0.01356067 -0.09505485
v 0.01100000 -0.01364413 -0.09485336
v 0.01100000 -0.01344788 -0.09547579
v 0.01100000 -0.01341942 -0.09569202
v 0.01100000 -0.01340990 -0.09590990
v 0.01100000 -0.01341942 -0.09612779
v 0.01100000 -0.01386202 -0.09734385
v 0.01100000 -0.01399479 -0.09751687
v 0.01100000 -0.01414214 -0.09767767
v 0.01100000 -0.01795778 -0.09734385
v 0.01100000 -0.01807497 -0.09715990
v 0.01100000 -0.01832472 -0.09526286
v 0.01100000 -0.01825913 -0.09505485
v 0.01100000 -0.01817567 -0.09485336
v 0.01100000 -0.01807497 -0.09465990
v 0.01100000 -0.01386202 -0.09447596
v 0.01100000 -0.01374484 -0.09465990
v 0.01100000 -0.01356067 -0.09676495
v 0.01100000 -0.01364413 -0.09696645
v 0.01100000 -0.01374484 -0.09715990
v 0.01100000 -0.01832472 -0.09655695
v 0.01100000 -0.01837192 -0.09634402
v 0.01100000 -0.01840039 -0.09612779
v 0.01100000 -0.01795778 -0.09447596
v 0.01100000 -0.01782501 -0.09430293
v 0.01100000 -0.01344788 -0.09634402
v 0.01100000 -0.01349509 -0.09655695
v 0.01100000 -0.01840990 -0.09590990
v 0.01100000 -0.01840039 -0.09569202
v 0.01100000 -0.01837192 -0.09547579
v 0.00700000 -0.00970553 -0.05320349
v 0.00700000 -0.00974757 -0.05321876
v 0.00700000 -0.01204462 -0.05417023
v 0.00700000 -0.01425000 -0.05531828
v 0.00700000 -0.01634693 -0.05665417
v 0.00700000 -0.01831945 -0.05816773
v 0.00700000 -0.02015254 -0.05984746
v 0.00700000 -0.02183227 -0.06168055
v 0.00700000 -0.02334583 -0.06365307
v 0.00700000 -0.02468172 -0.06575000
v 0.00700000 -0.02582977 -0.06795538
v 0.00700000 -0.02678124 -0.07025243
v 0.00700000 -0.02752889 -0.07262366
v 0.00700000 -0.02806702 -0.07505102
v 0.00700000 -0.02839155 -0.07751606
v 0.00700000 -0.02850000 -0.08000000
v 0.00700000 -0.02839155 -0.08248394
v 0.00700000 -0.02806702 -0.08494897
v 0.00700000 -0.02752889 -0.08737634
v 0.00700000 -0.02679651 -0.08970553
v 0.00700000 -0.02678124 -0.08974757
v 0.00700000 -0.02582977 -0.09204462
v 0.00700000 -0.02468172 -0.09425000
v 0.00700000 -0.02334583 -0.09634693
v 0.00700000 -0.02183227 -0.09831945
v 0.00700000 -0.02015254 -0.10015254
v 0.00700000 -0.01831945 -0.10183226
v 0.00700000 -0.01634693 -0.10334583
v 0.00700000 -0.01425000 -0.10468172
v 0.00700000 -0.01204462 -0.10582978
v 0.00700000 -0.00974757 -0.10678124
v 0.00700000 -0.00970553 -0.10679650
v 0.00700000 -0.00737634 -0.10752889
v 0.00700000 -0.00494897 -0.10806702
v 0.00700000 -0.00248394 -0.10839155
v 0.00700000 -0.00000000 -0.10850000
v 0.00700000 0.00248394 -0.10839155
v 0.00700000 0.00494897 -0.10806702
v 0.00700000 0.00737634 -0.10752889
v 0.00700000 0.00974757 -0.10678124
v 0.00700000 0.01204462 -0.10582978
v 0.00700000 0.01425000 -0.10468172
v 0.00700000 0.01634693 -0.10334583
v 0.00700000 0.01831945 -0.10183226
v 0.00700000 0.02015254 -0.10015254
v 0.00700000 0.02183227 -0.09831945
v 0.00700000 0.02334583 -0.09634693
v 0.00700000 0.02468172 -0.09425000
v 0.00700000 0.02582977 -0.09204462
v 0.00700000 0.02678124 -0.08974757
v 0.00700000 0.02679651 -0.08970553
v 0.00700000 0.02752889 -0.08737634
v 0.00700000 0.02806702 -0.08494897
v 0.00700000 0.02839155 -0.08248394
v 0.00700000 0.02850000 -0.08000000
v 0.00700000 0.01204462 -0.05417023
v 0.00700000 0.01425000 -0.05531828
v 0.00700000 0.01634693 -0.05665417
v 0.00700000 0.01831945 -0.05816773
v 0.00700000 0.02015254 -0.05984746
v 0.00700000 0.02183227 -0.06168055
v 0.00700000 0.02334583 -0.06365307
v 0.00700000 0.02468172 -0.06575000
v 0.00700000 0.02582977 -0.06795538
v 0.00700000 0.02678124 -0.07025243
v 0.00700000 0.02752889 -0.07262366
v 0.00700000 0.02806702 -0.07505102
v 0.00700000 0.02839155 -0.07751606
v 0.00700000 0.00974757 -0.05321876
v 0.00700000 0.00737634 -0.05247111
v 0.00700000 0.00494897 -0.05193298
v 0.00700000 0.00248394 -0.05160845
v 0.00700000 0.00000000 -0.05150000
v 0.00700000 -0.00248394 -0.05160845
v 0.00700000 -0.00494897 -0.05193298
v 0.00700000 -0.00737634 -0.05247111
v 0.00700000 0.01590990 -0.09340990
v 0.00700000 0.01569201 -0.09341942
v 0.00700000 0.01547578 -0.09344789
v 0.00700000 0.01526286 -0.09349509
v 0.00700000 0.01505485 -0.09356067
v 0.00700000 0.01485336 -0.09364413
v 0.00700000 0.01465990 -0.09374484
v 0.00700000 0.01447596 -0.09386202
v 0.00700000 0.01430293 -0.09399479
v 0.00700000 0.01414214 -0.09414214
v 0.00700000 0.01399479 -0.09430293
v 0.00700000 0.01386202 -0.09447596
v 0.00700000 0.01374484 -0.09465990
v 0.00700000 0.01364413 -0.09485336
v 0.00700000 0.01356067 -0.09505485
v 0.00700000 0.01349509 -0.09526286
v 0.00700000 0.01344788 -0.09547579
v 0.00700000 0.01341942 -0.09569202
v 0.00700000 0.01340990 -0.09590990
v 0.00700000 0.01341942 -0.09612779
v 0.00700000 0.01344788 -0.09634402
v 0.00700000 0.01349509 -0.09655695
v 0.00700000 0.01356067 -0.09676495
v 0.00700000 0.01364413 -0.09696645
v 0.00700000 0.01374484 -0.09715990
v 0.00700000 0.01386202 -0.09734385
v 0.00700000 0.01399479 -0.09751687
v 0.00700000 0.01414214 -0.09767767
v 0.00700000 0.01430293 -0.09782501
v 0.00700000 0.01447596 -0.09795778
v 0.00700000 0.01465990 -0.09807497
v 0.00700000 0.01485336 -0.09817567
v 0.00700000 0.01505485 -0.09825914
v 0.00700000 0.01526286 -0.09832472
v 0.00700000 0.01547578 -0.09837192
v 0.00700000 0.01569201 -0.09840039
v 0.00700000 0.01590990 -0.09840991
v 0.00700000 0.01612779 -0.09840039
v 0.00700000 0.01634402 -0.09837192
v 0.00700000 0.01655695 -0.09832472
v 0.00700000 0.01676495 -0.09825914
v 0.00700000 0.01696645 -0.09817567
v 0.00700000 0.01715990 -0.09807497
v 0.00700000 0.01734384 -0.09795778
v 0.00700000 0.01751687 -0.09782501
v 0.00700000 0.01767767 -0.09767767
v 0.00700000 0.01782501 -0.09751687
v 0.00700000 0.01795778 -0.09734385
v 0.00700000 0.01807497 -0.09715990
v 0.00700000 0.01817567 -0.09696645
v 0.00700000 0.01825913 -0.09676495
v 0.00700000 0.01832472 -0.09655695
v 0.00700000 0.01837192 -0.09634402
v 0.00700000 0.01840039 -0.09612779
v 0.00700000 0.01840990 -0.09590990
v 0.00700000 0.01840039 -0.09569202
v 0.00700000 0.01837192 -0.09547579
v 0.00700000 0.01832472 -0.09526286
v 0.00700000 0.01825913 -0.09505485
v 0.00700000 0.01817567 -0.09485336
v 0.00700000 0.01807497 -0.09465990
v 0.00700000 0.01795778 -0.09447596
v 0.00700000 0.01782501 -0.09430293
v 0.00700000 0.01767767 -0.09414214
v 0.00700000 0.01751687 -0.09399479
v 0.00700000 0.01734384 -0.09386202
v 0.00700000 0.01715990 -0.09374484
v 0.00700000 0.01696645 -0.09364413
v 0.00700000 0.01676495 -0.09356067
v 0.00700000 0.01655695 -0.09349509
v 0.00700000 0.01634402 -0.09344789
v 0.00700000 0.01612779 -0.09341942
v 0.00700000 -0.01590990 -0.06159010
v 0.00700000 -0.01612779 -0.06159961
v 0.00700000 -0.01634402 -0.06162808
v 0.00700000 -0.01655695 -0.06167528
v 0.00700000 -0.01676495 -0.06174086
v 0.00700000 -0.01696645 -0.06182433
v 0.00700000 -0.01715990 -0.06192503
v 0.00700000 -0.01734384 -0.06204222
v 0.00700000 -0.01751687 -0.06217499
v 0.00700000 -0.01767767 -0.06232233
v 0.00700000 -0.01782501 -0.06248313
v 0.00700000 -0.01795778 -0.06265616
v 0.00700000 -0.01807497 -0.06284010
v 0.00700000 -0.01817567 -0.06303355
v 0.00700000 -0.01825913 -0.06323504
v 0.00700000 -0.01832472 -0.06344305
v 0.00700000 -0.01837192 -0.06365598
v 0.00700000 -0.01840039 -0.06387221
v 0.00700000 -0.01840990 -0.06409010
v 0.00700000 -0.01840039 -0.06430799
v 0.00700000 -0.01837192 -0.06452422
v 0.00700000 -0.01832472 -0.06473715
v 0.00700000 -0.01825913 -0.06494515
v 0.00700000 -0.01817567 -0.06514664
v 0.00700000 -0.01807497 -0.06534009
v 0.00700000 -0.01795778 -0.06552404
v 0.00700000 -0.01782501 -0.06569707
v 0.00700000 -0.01767767 -0.06585786
v 0.00700000 -0.01751687 -0.06600521
v 0.00700000 -0.01734384 -0.06613798
v 0.00700000 -0.01715990 -0.06625516
v 0.00700000 -0.01696645 -0.06635587
v 0.00700000 -0.01676495 -0.06643933
v 0.00700000 -0.01655695 -0.06650491
v 0.00700000 -0.01634402 -0.06655212
v 0.00700000 -0.01612779 -0.06658059
v 0.00700000 -0.01590990 -0.06659010
v 0.00700000 -0.01569201 -0.06658059
v 0.00700000 -0.01547578 -0.06655212
v 0.00700000 -0.01526286 -0.06650491
v 0.00700000 -0.01505485 -0.06643933
v 0.00700000 -0.01485336 -0.06635587
v 0.00700000 -0.01465990 -0.06625516
v 0.00700000 -0.01447596 -0.06613798
v 0.00700000 -0.01430293 -0.06600521
v 0.00700000 -0.01414214 -0.06585786
v 0.00700000 -0.01399479 -0.06569707
v 0.00700000 -0.01386202 -0.06552404
v 0.00700000 -0.01374484 -0.06534009
v 0.00700000 -0.01364413 -0.06514664
v 0.00700000 -0.01356067 -0.06494515
v 0.00700000 -0.01349509 -0.06473715
v 0.00700000 -0.01344788 -0.06452422
v 0.00700000 -0.01341942 -0.06430799
v 0.00700000 -0.01340990 -0.06409010
v 0.00700000 -0.01341942 -0.06387221
v 0.00700000 -0.01344788 -0.06365598
v 0.00700000 -0.01349509 -0.06344305
v 0.00700000 -0.01356067 -0.06323504
v 0.00700000 -0.01364413 -0.06303355
v 0.00700000 -0.01374484 -0.06284010
v 0.00700000 -0.01386202 -0.06265616
v 0.00700000 -0.01399479 -0.06248313
v 0.00700000 -0.01414214 -0.06232233
v 0.00700000 -0.01430293 -0.06217499
v 0.00700000 -0.01447596 -0.06204222
v 0.00700000 -0.01465990 -0.06192503
v 0.00700000 -0.01485336 -0.06182433
v 0.00700000 -0.01505485 -0.06174086
v 0.00700000 -0.01526286 -0.06167528
v 0.00700000 -0.01547578 -0.06162808
v 0.00700000 -0.01569201 -0.06159961
v 0.00700000 -0.01590990 -0.09340990
v 0.00700000 -0.01612779 -0.09341942
v 0.00700000 -0.01634402 -0.09344789
v 0.00700000 -0.01655695 -0.09349509
v 0.00700000 -0.01676495 -0.09356067
v 0.00700000 -0.01696645 -0.09364413
v 0.00700000 -0.01715990 -0.09374484
v 0.00700000 -0.01734384 -0.09386202
v 0.00700000 -0.01751687 -0.09399479
v 0.00700000 -0.01767767 -0.09414214
v 0.00700000 -0.01782501 -0.09430293
v 0.00700000 -0.01795778 -0.09447596
v 0.00700000 -0.01807497 -0.09465990
v 0.00700000 -0.01817567 -0.09485336
v 0.00700000 -0.01825913 -0.09505485
v 0.00700000 -0.01832472 -0.09526286
v 0.00700000 -0.01837192 -0.09547579
v 0.00700000 -0.01840039 -0.09569202
v 0.00700000 -0.01840990 -0.09590990
v 0.00700000 -0.01840039 -0.09612779
v 0.00700000 -0.01837192 -0.09634402
v 0.00700000 -0.01832472 -0.09655695
v 0.00700000 -0.01825913 -0.09676495
v 0.00700000 -0.01817567 -0.09696645
v 0.00700000 -0.01807497 -0.09715990
v 0.00700000 -0.01795778 -0.09734385
v 0.00700000 -0.01782501 -0.09751687
v 0.00700000 -0.01767767 -0.09767767
v 0.00700000 -0.01751687 -0.09782501
v 0.00700000 -0.01734384 -0.09795778
v 0.00700000 -0.01715990 -0.09807497
v 0.00700000 -0.01696645 -0.09817567
v 0.00700000 -0.01676495 -0.09825914
v 0.00700000 -0.01655695 -0.09832472
v 0.00700000 -0.01634402 -0.09837192
v 0.00700000 -0.01612779 -0.09840039
v 0.00700000 -0.01590990 -0.09840991
v 0.00700000 -0.01569201 -0.09840039
v 0.00700000 -0.01547578 -0.09837192
v 0.00700000 -0.01526286 -0.09832472
v 0.00700000 -0.01505485 -0.09825914
v 0.00700000 -0.01485336 -0.09817567
v 0.00700000 -0.01465990 -0.09807497
v 0.00700000 -0.01447596 -0.09795778
v 0.00700000 -0.01430293 -0.09782501
v 0.00700000 -0.01414214 -0.09767767
v 0.00700000 -0.01399479 -0.09751687
v 0.00700000 -0.01386202 -0.09734385
v 0.00700000 -0.01374484 -0.09715990
v 0.00700000 -0.01364413 -0.09696645
v 0.00700000 -0.01356067 -0.09676495
v 0.00700000 -0.01349509 -0.09655695
v 0.00700000 -0.01344788 -0.09634402
v 0.00700000 -0.01341942 -0.09612779
v 0.00700000 -0.01340990 -0.09590990
v 0.00700000 -0.01341942 -0.09569202
v 0.00700000 -0.01344788 -0.09547579
v 0.00700000 -0.01349509 -0.09526286
v 0.00700000 -0.01356067 -0.09505485
v 0.00700000 -0.01364413 -0.09485336
v 0.00700000 -0.01374484 -0.09465990
v 0.00700000 -0.01386202 -0.09447596
v 0.00700000 -0.01399479 -0.09430293
v 0.00700000 -0.01414214 -0.09414214
v 0.00700000 -0.01430293 -0.09399479
v 0.00700000 -0.01447596 -0.09386202
v 0.00700000 -0.01465990 -0.09374484
v 0.00700000 -0.01485336 -0.09364413
v 0.00700000 -0.01505485 -0.09356067
v 0.00700000 -0.01526286 -0.09349509
v 0.00700000 -0.01547578 -0.09344789
v 0.00700000 -0.01569201 -0.09341942
v 0.00700000 0.01590990 -0.06159010
v 0.00700000 0.01569201 -0.06159961
v 0.00700000 0.01547578 -0.06162808
v 0.00700000 0.01526286 -0.06167528
v 0.00700000 0.01505485 -0.06174086
v 0.00700000 0.01485336 -0.06182433
v 0.00700000 0.01465990 -0.06192503
v 0.00700000 0.01447596 -0.06204222
v 0.00700000 0.01430293 -0.06217499
v 0.00700000 0.01414214 -0.06232233
v 0.00700000 0.01399479 -0.06248313
v 0.00700000 0.01386202 -0.06265616
v 0.00700000 0.01374484 -0.06284010
v 0.00700000 0.01364413 -0.06303355
v 0.00700000 0.01356067 -0.06323504
v 0.00700000 0.01349509 -0.06344305
v 0.00700000 0.01344788 -0.06365598
v 0.00700000 0.01341942 -0.06387221
v 0.00700000 0.01340990 -0.06409010
v 0.00700000 0.01341942 -0.06430799
v 0.00700000 0.01344788 -0.06452422
v 0.00700000 0.01349509 -0.06473715
v 0.00700000 0.01356067 -0.06494515
v 0.00700000 0.01364413 -0.06514664
v 0.00700000 0.01374484 -0.06534009
v 0.00700000 0.01386202 -0.06552404
v 0.00700000 0.01399479 -0.06569707
v 0.00700000 0.01414214 -0.06585786
v 0.00700000 0.01430293 -0.06600521
v 0.00700000 0.01447596 -0.06613798
v 0.00700000 0.01465990 -0.06625516
v 0.00700000 0.01485336 -0.06635587
v 0.00700000 0.01505485 -0.06643933
v 0.00700000 0.01526286 -0.06650491
v 0.00700000 0.01547578 -0.06655212
v 0.00700000 0.01569201 -0.06658059
v 0.00700000 0.01590990 -0.06659010
v 0.00700000 0.01612779 -0.06658059
v 0.00700000 0.01634402 -0.06655212
v 0.00700000 0.01655695 -0.06650491
v 0.00700000 0.01676495 -0.06643933
v 0.00700000 0.01696645 -0.06635587
v 0.00700000 0.01715990 -0.06625516
v 0.00700000 0.01734384 -0.06613798
v 0.00700000 0.01751687 -0.06600521
v 0.00700000 0.01767767 -0.06585786
v 0.00700000 0.01782501 -0.06569707
v 0.00700000 0.01795778 -0.06552404
v 0.00700000 0.01807497 -0.06534009
v 0.00700000 0.01817567 -0.06514664
v 0.00700000 0.01825913 -0.06494515
v 0.00700000 0.01832472 -0.06473715
v 0.00700000 0.01837192 -0.06452422
v 0.00700000 0.01840039 -0.06430799
v 0.00700000 0.01840990 -0.06409010
v 0.00700000 0.01840039 -0.06387221
v 0.00700000 0.01837192 -0.06365598
v 0.00700000 0.01832472 -0.06344305
v 0.00700000 0.01825913 -0.06323504
v 0.00700000 0.01817567 -0.06303355
v 0.00700000 0.01807497 -0.06284010
v 0.00700000 0.01795778 -0.06265616
v 0.00700000 0.01782501 -0.06248313
v 0.00700000 0.01767767 -0.06232233
v 0.00700000 0.01751687 -0.06217499
v 0.00700000 0.01734384 -0.06204222
v 0.00700000 0.01715990 -0.06192503
v 0.00700000 0.01696645 -0.06182433
v 0.00700000 0.01676495 -0.06174086
v 0.00700000 0.01655695 -0.06167528
v 0.00700000 0.01634402 -0.06162808
v 0.00700000 0.01612779 -0.06159961
v 0.00700000 0.00590885 -0.07895811
v 0.00700000 0.00579556 -0.07844709
v 0.00700000 0.00543785 -0.07746429
v 0.00700000 0.00519615 -0.07700000
v 0.00700000 0.00563816 -0.08205212
v 0.00700000 0.00579556 -0.08155292
v 0.00700000 0.00590885 -0.08104189
v 0.00700000 0.00597717 -0.08052293
v 0.00700000 0.00563816 -0.07794788
v 0.00700000 0.00300000 -0.07480384
v 0.00700000 0.00253571 -0.07456215
v 0.00700000 0.00205212 -0.07436185
v 0.00700000 0.00155291 -0.07420444
v 0.00700000 0.00104189 -0.07409115
v 0.00700000 0.00052293 -0.07402283
v 0.00700000 -0.00000000 -0.07400000
v 0.00700000 -0.00052293 -0.07402283
v 0.00700000 -0.00104189 -0.07409115
v 0.00700000 -0.00155291 -0.07420444
v 0.00700000 0.00155291 -0.08579555
v 0.00700000 0.00205212 -0.08563816
v 0.00700000 0.00253571 -0.08543785
v 0.00700000 0.00300000 -0.08519615
v 0.00700000 0.00519615 -0.08300000
v 0.00700000 0.00491491 -0.07655854
v 0.00700000 0.00459627 -0.07614327
v 0.00700000 0.00424264 -0.07575736
v 0.00700000 0.00385673 -0.07540374
v 0.00700000 0.00600000 -0.08000000
v 0.00700000 0.00597717 -0.07947706
v 0.00700000 -0.00300000 -0.08519615
v 0.00700000 -0.00253571 -0.08543785
v 0.00700000 -0.00970495 -0.08970495
v 0.00700000 -0.00205212 -0.08563816
v 0.00700000 0.00543785 -0.08253571
v 0.00700000 -0.00155291 -0.08579555
v 0.00700000 -0.00104189 -0.08590885
v 0.00700000 -0.00052293 -0.08597717
v 0.00700000 0.00344146 -0.08491492
v 0.00700000 0.00385673 -0.08459627
v 0.00700000 0.00424264 -0.08424264
v 0.00700000 0.00459627 -0.08385672
v 0.00700000 0.00491491 -0.08344146
v 0.00700000 0.00000000 -0.08600000
v 0.00700000 0.00052293 -0.08597717
v 0.00700000 0.00104189 -0.08590885
v 0.00700000 0.00344146 -0.07508509
v 0.00700000 -0.00424264 -0.08424264
v 0.00700000 -0.00385673 -0.08459627
v 0.00700000 -0.00344146 -0.08491492
v 0.00700000 -0.00205212 -0.07436185
v 0.00700000 -0.00253571 -0.07456215
v 0.00700000 -0.00300000 -0.07480384
v 0.00700000 -0.00519615 -0.08300000
v 0.00700000 -0.00491491 -0.08344146
v 0.00700000 -0.00459627 -0.08385672
v 0.00700000 -0.00344146 -0.07508509
v 0.00700000 -0.00385673 -0.07540374
v 0.00700000 -0.00424264 -0.07575736
v 0.00700000 -0.00459627 -0.07614327
v 0.00700000 -0.00491491 -0.07655854
v 0.00700000 -0.00519615 -0.07700000
v 0.00700000 -0.00543785 -0.07746429
v 0.00700000 -0.00563816 -0.07794788
v 0.00700000 -0.00579556 -0.07844709
v 0.00700000 -0.00590885 -0.07895811
v 0.00700000 -0.00597717 -0.07947706
v 0.00700000 -0.00600000 -0.08000000
v 0.00700000 -0.00597717 -0.08052293
v 0.00700000 -0.00590885 -0.08104189
v 0.00700000 -0.00579556 -0.08155292
v 0.00700000 -0.00563816 -0.08205212
v 0.00700000 -0.00543785 -0.08253571
f 1 2 3
f 2 4 3
f 3 4 5
f 6 7 3
f 7 8 3
f 3 8 1
f 9 10 3
f 10 11 3
f 3 11 6
f 12 13 3
f 13 14 3
f 3 14 9
f 15 16 3
f 16 17 3
f 3 17 12
f 18 19 3
f 19 20 3
f 3 20 15
f 21 22 3
f 22 23 3
f 3 23 18
f 24 25 3
f 25 26 3
f 3 26 21
f 27 28 3
f 28 29 3
f 3 29 24
f 30 31 3
f 31 32 3
f 3 32 27
f 33 34 3
f 34 35 3
f 3 35 30
f 36 37 3
f 37 38 3
f 3 38 33
f 39 40 3
f 40 41 3
f 3 41 36
f 42 43 3
f 43 44 3
f 3 44 39
f 45 46 3
f 46 47 3
f 3 47 42
f 48 49 3
f 49 50 3
f 3 50 45
f 51 52 3
f 52 53 3
f 3 53 48
f 54 55 3
f 55 56 3
f 3 56 51
f 57 58 3
f 58 59 3
f 3 59 54
f 60 61 3
f 61 62 3
f 3 62 57
f 63 64 3
f 64 65 3
f 3 65 60
f 66 67 3
f 67 68 3
f 3 68 63
f 69 70 3
f 70 71 3
f 3 71 66
f 5 72 3
f 72 73 3
f 3 73 69
f 4 74 5
f 74 75 5
f 5 75 72
f 75 76 72
f 72 76 73
f 76 77 73
f 73 77 69
f 77 78 69
f 69 78 70
f 78 79 70
f 70 79 71
f 79 80 71
f 71 80 66
f 80 81 66
f 66 81 67
f 81 82 67
f 67 82 68
f 82 83 68
f 68 83 63
f 83 84 63
f 63 84 64
f 84 85 64
f 64 85 65
f 85 86 65
f 65 86 60
f 86 87 60
f 60 87 61
f 87 88 61
f 61 88 62
f 88 89 62
f 62 89 57
f 89 90 57
f 57 90 58
f 90 91 58
f 58 91 59
f 91 92 59
f 59 92 54
f 92 93 54
f 54 93 55
f 93 94 55
f 55 94 56
f 94 95 56
f 56 95 51
f 95 96 51
f 51 96 52
f 96 97 52
f 52 97 53
f 97 98 53
f 53 98 48
f 98 99 48
f 48 99 49
f 99 100 49
f 49 100 50
f 100 101 50
f 50 101 45
f 101 102 45
f 45 102 46
f 102 103 46
f 46 103 47
f 103 104 47
f 47 104 42
f 104 105 42
f 42 105 43
f 105 106 43
f 43 106 44
f 106 107 44
f 44 107 39
f 107 108 39
f 39 108 40
f 108 109 40
f 40 109 41
f 109 110 41
f 41 110 36
f 110 111 36
f 36 111 37
f 111 112 37
f 37 112 38
f 112 113 38
f 38 113 33
f 113 114 33
f 33 114 34
f 114 115 34
f 34 115 35
f 115 116 35
f 35 116 30
f 116 117 30
f 30 117 31
f 117 118 31
f 31 118 32
f 118 119 32
f 32 119 27
f 119 120 27
f 27 120 28
f 120 121 28
f 28 121 29
f 121 122 29
f 29 122 24
f 122 123 24
f 24 123 25
f 123 124 25
f 25 124 26
f 124 125 26
f 26 125 21
f 125 126 21
f 21 126 22
f 126 127 22
f 22 127 23
f 127 128 23
f 23 128 18
f 128 129 18
f 18 129 19
f 129 130 19
f 19 130 20
f 130 131 20
f 20 131 15
f 131 132 15
f 15 132 16
f 132 133 16
f 16 133 17
f 133 134 17
f 17 134 12
f 134 135 12
f 12 135 13
f 135 136 13
f 13 136 14
f 136 137 14
f 14 137 9
f 137 138 9
f 9 138 10
f 138 139 10
f 10 139 11
f 139 140 11
f 11 140 6
f 140 141 6
f 6 141 7
f 141 142 7
f 7 142 8
f 142 143 8
f 8 143 1
f 143 144 1
f 1 144 2
f 144 145 2
f 2 145 4
f 145 74 4
f 76 75 146
f 75 74 146
f 146 74 145
f 79 78 146
f 78 77 146
f 146 77 76
f 82 81 146
f 81 80 146
f 146 80 79
f 85 84 146
f 84 83 146
f 146 83 82
f 88 87 146
f 87 86 146
f 146 86 85
f 91 90 146
f 90 89 146
f 146 89 88
f 94 93 146
f 93 92 146
f 146 92 91
f 97 96 146
f 96 95 146
f 146 95 94
f 100 99 146
f 99 98 146
f 146 98 97
f 103 102 146
f 102 101 146
f 146 101 100
f 106 105 146
f 105 104 146
f 146 104 103
f 109 108 146
f 108 107 146
f 146 107 106
f 112 111 146
f 111 110 146
f 146 110 109
f 115 114 146
f 114 113 146
f 146 113 112
f 118 117 146
f 117 116 146
f 146 116 115
f 121 120 146
f 120 119 146
f 146 119 118
f 124 123 146
f 123 122 146
f 146 122 121
f 127 126 146
f 126 125 146
f 146 125 124
f 130 129 146
f 129 128 146
f 146 128 127
f 133 132 146
f 132 131 146
f 146 131 130
f 136 135 146
f 135 134 146
f 146 134 133
f 139 138 146
f 138 137 146
f 146 137 136
f 142 141 146
f 141 140 146
f 146 140 139
f 145 144 146
f 144 143 146
f 146 143 142
f 147 148 149
f 148 150 149
f 149 150 151
f 152 153 149
f 153 154 149
f 149 154 147
f 155 156 149
f 156 157 149
f 149 157 152
f 158 159 149
f 159 160 149
f 149 160 155
f 161 162 149
f 162 163 149
f 149 163 158
f 164 165 149
f 165 166 149
f 149 166 161
f 167 168 149
f 168 169 149
f 149 169 164
f 170 171 149
f 171 172 149
f 149 172 167
f 173 174 149
f 174 175 149
f 149 175 170
f 176 177 149
f 177 178 149
f 149 178 173
f 179 180 149
f 180 181 149
f 149 181 176
f 182 183 149
f 183 184 149
f 149 184 179
f 185 186 149
f 186 187 149
f 149 187 182
f 188 189 149
f 189 190 149
f 149 190 185
f 191 192 149
f 192 193 149
f 149 193 188
f 194 195 149
f 195 196 149
f 149 196 191
f 197 198 149
f 198 199 149
f 149 199 194
f 200 201 149
f 201 202 149
f 149 202 197
f 203 204 149
f 204 205 149
f 149 205 200
f 206 207 149
f 207 208 149
f 149 208 203
f 209 210 149
f 210 211 149
f 149 211 206
f 212 213 149
f 213 214 149
f 149 214 209
f 215 216 149
f 216 217 149
f 149 217 212
f 151 218 149
f 218 219 149
f 149 219 215
f 150 220 151
f 220 221 151
f 151 221 218
f 221 222 218
f 218 222 219
f 222 223 219
f 219 223 215
f 223 224 215
f 215 224 216
f 224 225 216
f 216 225 217
f 225 226 217
f 217 226 212
f 226 227 212
f 212 227 213
f 227 228 213
f 213 228 214
f 228 229 214
f 214 229 209
f 229 230 209
f 209 230 210
f 230 231 210
f 210 231 211
f 231 232 211
f 211 232 206
f 232 233 206
f 206 233 207
f 233 234 207
f 207 234 208
f 234 235 208
f 208 235 203
f 235 236 203
f 203 236 204
f 236 237 204
f 204 237 205
f 237 238 205
f 205 238 200
f 238 239 200
f 200 239 201
f 239 240 201
f 201 240 202
f 240 241 202
f 202 241 197
f 241 242 197
f 197 242 198
f 242 243 198
f 198 243 199
f 243 244 199
f 199 244 194
f 244 245 194
f 194 245 195
f 245 246 195
f 195 246 196
f 246 247 196
f 196 247 191
f 247 248 191
f 191 248 192
f 248 249 192
f 192 249 193
f 249 250 193
f 193 250 188
f 250 251 188
f 188 251 189
f 251 252 189
f 189 252 190
f 252 253 190
f 190 253 185
f 253 254 185
f 185 254 186
f 254 255 186
f 186 255 187
f 255 256 187
f 187 256 182
f 256 257 182
f 182 257 183
f 257 258 183
f 183 258 184
f 258 259 184
f 184 259 179
f 259 260 179
f 179 260 180
f 260 261 180
f 180 261 181
f 261 262 181
f 181 262 176
f 262 263 176
f 176 263 177
f 263 264 177
f 177 264 178
f 264 265 178
f 178 265 173
f 265 266 173
f 173 266 174
f 266 267 174
f 174 267 175
f 267 268 175
f 175 268 170
f 268 269 170
f 170 269 171
f 269 270 171
f 171 270 172
f 270 271 172
f 172 271 167
f 271 272 167
f 167 272 168
f 272 273 168
f 168 273 169
f 273 274 169
f 169 274 164
f 274 275 164
f 164 275 165
f 275 276 165
f 165 276 166
f 276 277 166
f 166 277 161
f 277 278 161
f 161 278 162
f 278 279 162
f 162 279 163
f 279 280 163
f 163 280 158
f 280 281 158
f 158 281 159
f 281 282 159
f 159 282 160
f 282 283 160
f 160 283 155
f 283 284 155
f 155 284 156
f 284 285 156
f 156 285 157
f 285 286 157
f 157 286 152
f 286 287 152
f 152 287 153
f 287 288 153
f 153 288 154
f 288 289 154
f 154 289 147
f 289 290 147
f 147 290 148
f 290 291 148
f 148 291 150
f 291 220 150
f 222 221 292
f 221 220 292
f 292 220 291
f 225 224 292
f 224 223 292
f 292 223 222
f 228 227 292
f 227 226 292
f 292 226 225
f 231 230 292
f 230 229 292
f 292 229 228
f 234 233 292
f 233 232 292
f 292 232 231
f 237 236 292
f 236 235 292
f 292 235 234
f 240 239 292
f 239 238 292
f 292 238 237
f 243 242 292
f 242 241 292
f 292 241 240
f 246 245 292
f 245 244 292
f 292 244 243
f 249 248 292
f 248 247 292
f 292 247 246
f 252 251 292
f 251 250 292
f 292 250 249
f 255 254 292
f 254 253 292
f 292 253 252
f 258 257 292
f 257 256 292
f 292 256 255
f 261 260 292
f 260 259 292
f 292 259 258
f 264 263 292
f 263 262 292
f 292 262 261
f 267 266 292
f 266 265 292
f 292 265 264
f 270 269 292
f 269 268 292
f 292 268 267
f 273 272 292
f 272 271 292
f 292 271 270
f 276 275 292
f 275 274 292
f 292 274 273
f 279 278 292
f 278 277 292
f 292 277 276
f 282 281 292
f 281 280 292
f 292 280 279
f 285 284 292
f 284 283 292
f 292 283 282
f 288 287 292
f 287 286 292
f 292 286 285
f 291 290 292
f 290 289 292
f 292 289 288
f 293 294 295
f 296 297 298
f 299 300 301
f 302 303 301
f 304 305 306
f 307 308 309
f 310 311 312
f 313 314 315
f 316 317 318
f 319 320 321
f 322 323 318
f 323 324 318
f 318 324 325
f 317 326 318
f 326 327 318
f 318 327 328
f 328 329 318
f 329 330 318
f 318 330 331
f 332 333 334
f 325 335 318
f 335 336 318
f 318 336 316
f 337 338 339
f 334 340 332
f 340 341 332
f 332 341 342
f 343 344 318
f 344 345 318
f 318 345 322
f 331 346 318
f 346 347 318
f 318 347 348
f 348 349 318
f 349 350 318
f 318 350 321
f 350 351 321
f 321 351 319
f 320 352 321
f 352 353 321
f 321 353 354
f 355 356 357
f 357 358 355
f 358 359 355
f 355 359 360
f 338 361 339
f 361 362 339
f 339 362 363
f 364 365 366
f 332 367 333
f 367 365 333
f 333 365 368
f 365 364 368
f 342 369 332
f 369 370 332
f 332 370 371
f 354 372 321
f 372 373 321
f 321 373 374
f 375 376 356
f 376 377 356
f 356 377 378
f 360 379 355
f 379 380 355
f 355 380 381
f 380 382 381
f 382 383 381
f 383 384 381
f 381 384 339
f 384 385 339
f 339 385 337
f 374 386 321
f 386 387 321
f 321 387 388
f 389 390 321
f 390 391 321
f 321 391 392
f 378 393 356
f 393 394 356
f 356 394 357
f 363 395 339
f 395 396 339
f 339 396 366
f 396 397 366
f 366 397 364
f 388 398 321
f 398 399 321
f 321 399 389
f 375 356 400
f 356 401 400
f 400 401 389
f 401 402 389
f 389 402 390
f 403 404 405
f 315 314 406
f 407 408 409
f 408 410 409
f 411 412 413
f 392 414 321
f 414 415 321
f 321 415 416
f 417 418 419
f 418 420 419
f 419 420 421
f 422 423 419
f 423 407 419
f 410 424 409
f 424 425 409
f 409 425 426
f 426 427 409
f 427 428 409
f 409 428 429
f 430 431 432
f 431 433 432
f 432 433 315
f 433 434 315
f 315 434 313
f 321 435 436
f 436 437 321
f 437 438 321
f 321 438 439
f 440 441 419
f 441 442 419
f 421 443 419
f 443 444 419
f 419 444 445
f 445 446 419
f 446 447 419
f 419 447 448
f 429 449 409
f 449 450 409
f 409 450 451
f 411 413 405
f 413 452 405
f 405 452 403
f 453 454 455
f 455 456 453
f 456 457 453
f 453 457 432
f 457 458 432
f 432 458 430
f 314 459 406
f 459 460 406
f 406 460 461
f 416 462 321
f 462 463 321
f 321 463 435
f 463 461 435
f 435 461 464
f 461 460 464
f 439 465 321
f 465 466 321
f 321 466 467
f 467 468 321
f 468 469 321
f 321 469 470
f 470 471 321
f 471 472 321
f 321 472 419
f 472 473 419
f 419 473 440
f 442 474 419
f 474 475 419
f 419 475 417
f 448 476 419
f 476 477 419
f 419 477 422
f 478 479 480
f 479 481 480
f 480 481 411
f 481 482 411
f 411 482 412
f 451 483 409
f 483 478 409
f 409 478 484
f 478 480 484
f 404 485 405
f 485 486 405
f 405 486 453
f 486 487 453
f 453 487 454
f 407 409 419
f 409 488 419
f 419 488 489
f 490 491 492
f 491 493 492
f 494 495 496
f 497 498 496
f 499 500 496
f 500 501 496
f 501 502 496
f 496 502 494
f 503 504 505
f 504 506 505
f 505 506 507
f 506 508 507
f 507 508 509
f 509 510 507
f 510 511 507
f 507 511 512
f 513 514 490
f 514 515 490
f 490 515 516
f 511 517 512
f 517 518 512
f 512 518 519
f 520 521 492
f 521 522 492
f 492 522 490
f 522 523 490
f 490 523 513
f 516 524 490
f 524 525 490
f 490 525 526
f 503 505 527
f 505 528 527
f 527 528 529
f 528 530 529
f 529 530 495
f 530 531 495
f 495 531 496
f 531 532 496
f 496 532 497
f 533 534 492
f 534 535 492
f 492 535 536
f 536 537 492
f 537 538 492
f 492 538 520
f 526 539 490
f 539 540 490
f 490 540 541
f 542 543 492
f 543 544 492
f 492 544 533
f 545 546 496
f 546 547 496
f 496 547 499
f 548 549 550
f 551 552 490
f 552 553 490
f 519 554 512
f 554 555 512
f 512 555 548
f 555 556 548
f 548 556 549
f 557 558 559
f 558 548 559
f 559 548 560
f 548 550 560
f 492 561 562
f 541 563 490
f 563 564 490
f 490 564 565
f 557 566 558
f 566 567 558
f 558 567 568
f 565 569 490
f 569 570 490
f 490 570 551
f 571 572 496
f 572 573 496
f 496 573 545
f 567 574 568
f 574 575 568
f 568 575 562
f 575 576 562
f 562 576 492
f 576 577 492
f 492 577 542
f 553 578 490
f 578 579 490
f 490 579 496
f 579 580 496
f 496 580 571
f 581 582 312
f 583 584 585
f 582 586 312
f 586 587 312
f 312 587 310
f 496 588 589
f 590 591 312
f 592 593 594
f 593 585 594
f 594 585 595
f 596 597 598
f 599 600 601
f 600 602 601
f 601 602 603
f 602 604 603
f 603 604 605
f 498 606 496
f 606 607 496
f 496 607 588
f 608 496 609
f 496 589 609
f 609 589 605
f 589 610 605
f 605 610 603
f 591 611 312
f 611 612 312
f 312 612 613
f 613 614 312
f 614 615 312
f 312 615 581
f 583 585 616
f 584 617 585
f 617 618 585
f 585 618 619
f 619 620 585
f 620 621 585
f 585 621 595
f 622 623 624
f 623 625 624
f 624 625 601
f 625 626 601
f 601 626 627
f 608 628 496
f 628 629 496
f 496 629 630
f 631 632 633
f 632 634 633
f 633 634 596
f 634 635 596
f 596 635 636
f 636 637 596
f 637 638 596
f 596 638 597
f 627 639 601
f 639 640 601
f 601 640 599
f 594 641 592
f 641 642 592
f 592 642 643
f 642 644 643
f 643 644 633
f 644 645 633
f 633 645 631
f 598 646 596
f 646 647 596
f 596 647 624
f 647 648 624
f 624 648 622
f 312 649 650
f 650 651 312
f 651 652 312
f 312 652 653
f 630 654 496
f 654 655 496
f 496 655 656
f 656 657 496
f 657 658 496
f 496 658 659
f 659 660 496
f 660 661 496
f 496 661 312
f 661 662 312
f 312 662 649
f 653 663 312
f 663 664 312
f 312 664 590
f 665 666 667
f 667 668 665
f 668 669 665
f 665 669 670
f 671 672 666
f 673 674 671
f 675 676 677
f 674 678 671
f 678 679 671
f 671 679 680
f 681 682 683
f 682 684 683
f 683 684 685
f 684 686 685
f 685 686 687
f 688 689 690
f 676 691 677
f 691 692 677
f 677 692 693
f 693 694 677
f 694 695 677
f 677 695 671
f 695 696 671
f 671 696 673
f 690 689 697
f 680 698 671
f 698 699 671
f 671 699 700
f 700 701 671
f 701 702 671
f 671 702 703
f 704 705 677
f 705 706 677
f 677 706 707
f 687 708 685
f 708 709 685
f 685 709 690
f 709 710 690
f 690 710 688
f 689 711 697
f 711 712 697
f 697 712 713
f 308 714 309
f 714 715 309
f 309 715 716
f 715 717 716
f 716 717 718
f 717 719 718
f 718 719 720
f 719 721 720
f 720 721 704
f 721 722 704
f 704 722 705
f 707 723 677
f 723 724 677
f 677 724 675
f 703 725 671
f 725 726 671
f 671 726 727
f 728 729 672
f 712 730 713
f 730 731 713
f 713 731 732
f 731 733 732
f 732 733 734
f 733 735 734
f 734 735 736
f 736 737 734
f 737 738 734
f 734 738 739
f 739 740 734
f 740 741 734
f 734 741 309
f 741 742 309
f 309 742 307
f 729 743 672
f 743 744 672
f 672 744 745
f 745 746 672
f 746 747 672
f 672 747 748
f 748 749 672
f 749 750 672
f 672 750 683
f 750 751 683
f 683 751 681
f 727 752 671
f 752 753 671
f 671 753 672
f 753 754 672
f 672 754 728
f 755 756 757
f 758 759 760
f 761 762 757
f 762 763 757
f 760 764 758
f 764 765 758
f 758 765 766
f 765 767 766
f 768 769 770
f 769 771 770
f 771 772 770
f 772 773 770
f 770 773 761
f 763 774 757
f 774 775 757
f 757 775 755
f 776 777 770
f 777 778 770
f 779 780 770
f 780 781 770
f 756 782 757
f 782 783 757
f 757 783 784
f 785 786 787
f 786 788 787
f 778 789 770
f 789 790 770
f 770 790 779
f 781 791 770
f 791 792 770
f 770 792 793
f 784 794 757
f 794 795 757
f 757 795 796
f 767 797 766
f 797 798 766
f 766 798 799
f 798 800 799
f 799 800 801
f 801 802 799
f 802 803 799
f 799 803 786
f 803 804 786
f 786 804 788
f 805 806 786
f 806 807 786
f 793 808 770
f 808 809 770
f 770 809 768
f 785 810 786
f 810 811 786
f 786 811 812
f 812 813 786
f 813 814 786
f 786 814 805
f 795 815 796
f 815 816 796
f 796 816 817
f 816 818 817
f 817 818 819
f 820 821 309
f 821 822 309
f 309 822 734
f 822 823 734
f 823 824 734
f 824 825 734
f 734 825 826
f 827 828 759
f 828 829 759
f 759 829 760
f 826 830 734
f 830 831 734
f 734 831 832
f 831 833 832
f 832 833 827
f 833 834 827
f 827 834 828
f 818 835 819
f 835 836 819
f 819 836 837
f 836 838 837
f 837 838 309
f 838 839 309
f 309 839 820
f 840 841 770
f 841 842 770
f 807 776 786
f 776 770 786
f 786 770 843
f 770 842 843
f 844 845 770
f 845 846 770
f 770 846 840
f 847 848 849
f 850 851 852
f 853 854 855
f 854 850 855
f 855 850 856
f 850 852 856
f 853 857 854
f 857 858 854
f 854 858 859
f 858 860 859
f 859 860 861
f 862 863 305
f 863 864 305
f 305 864 865
f 865 866 305
f 866 867 305
f 305 867 868
f 869 870 871
f 872 873 874
f 847 875 876
f 851 850 877
f 850 878 877
f 877 878 879
f 880 881 882
f 881 883 882
f 882 883 884
f 874 885 847
f 885 886 847
f 847 886 887
f 887 888 847
f 888 889 847
f 847 889 875
f 847 849 878
f 849 890 878
f 878 890 879
f 891 892 893
f 892 859 893
f 893 859 894
f 859 861 894
f 891 895 892
f 895 896 892
f 892 896 305
f 896 897 305
f 305 897 862
f 880 882 898
f 882 899 898
f 898 899 900
f 883 901 884
f 901 902 884
f 884 902 871
f 902 903 871
f 871 903 869
f 873 904 874
f 904 905 874
f 874 905 906
f 876 907 847
f 907 908 847
f 847 908 848
f 870 869 874
f 869 909 874
f 874 909 872
f 906 910 874
f 910 911 874
f 874 911 885
f 912 913 914
f 913 915 914
f 915 916 914
f 916 917 914
f 914 917 899
f 917 918 899
f 899 918 900
f 919 306 920
f 306 305 920
f 920 305 921
f 305 868 921
f 919 922 306
f 922 923 306
f 306 923 924
f 924 925 306
f 925 926 306
f 306 926 927
f 927 928 306
f 928 929 306
f 306 929 930
f 929 931 930
f 930 931 932
f 931 933 932
f 932 933 912
f 933 934 912
f 912 934 913
f 304 306 935
f 306 936 935
f 935 936 302
f 937 938 301
f 938 939 301
f 301 939 940
f 940 941 301
f 941 942 301
f 301 942 302
f 943 944 945
f 946 947 301
f 947 948 301
f 948 949 301
f 949 950 301
f 301 950 951
f 952 937 953
f 937 954 953
f 945 944 955
f 299 301 956
f 951 957 301
f 957 958 301
f 301 958 959
f 959 960 301
f 960 961 301
f 301 961 962
f 963 964 937
f 964 965 937
f 952 966 937
f 966 967 937
f 937 967 968
f 967 969 968
f 968 969 970
f 970 971 968
f 971 972 968
f 968 972 945
f 972 973 945
f 945 973 943
f 974 975 976
f 962 977 301
f 977 978 301
f 301 978 979
f 979 980 301
f 980 981 301
f 301 981 956
f 965 982 937
f 982 983 937
f 937 983 954
f 944 984 955
f 984 985 955
f 955 985 975
f 985 986 975
f 975 986 976
f 987 988 989
f 990 991 987
f 991 946 987
f 992 993 994
f 995 987 996
f 987 997 996
f 995 998 987
f 998 999 987
f 987 999 988
f 989 1000 987
f 1000 1001 987
f 987 1001 990
f 300 1002 301
f 1002 1003 301
f 301 1003 937
f 1003 1004 937
f 937 1004 963
f 976 1005 974
f 1005 1006 974
f 974 1006 1007
f 1006 1008 1007
f 1007 1008 994
f 1008 1009 994
f 994 1009 992
f 1010 1011 987
f 1011 1012 987
f 993 1013 994
f 1013 1014 994
f 994 1014 987
f 1014 1015 987
f 987 1015 1010
f 1012 1016 987
f 1016 1017 987
f 987 1017 1018
f 1018 1019 987
f 1019 1020 987
f 987 1020 997
f 1021 1022 1023
f 1024 1025 987
f 1025 1026 987
f 987 1026 1027
f 1023 1028 1021
f 1028 1029 1021
f 1021 1029 1030
f 987 1031 1032
f 1027 1033 987
f 1033 1034 987
f 987 1034 1031
f 1032 1035 987
f 1035 1036 987
f 987 1036 1037
f 1038 1039 1040
f 1039 1041 1040
f 1042 1043 1044
f 1043 1045 1044
f 1044 1045 1046
f 1045 1047 1046
f 1046 1047 1048
f 1049 1050 1021
f 1050 1051 1021
f 1037 1052 987
f 1052 1053 987
f 987 1053 1054
f 1054 1055 987
f 1055 1056 987
f 987 1056 1057
f 1038 1058 1039
f 1058 1059 1039
f 1039 1059 1044
f 1059 1060 1044
f 1044 1060 1042
f 1048 1061 1046
f 1061 1062 1046
f 1046 1062 1063
f 1062 1064 1063
f 1063 1064 1065
f 1066 1067 1021
f 1051 1068 1021
f 1068 1069 1021
f 1021 1069 1022
f 1057 1070 987
f 1070 1071 987
f 987 1071 1072
f 1072 1073 987
f 1073 1074 987
f 987 1074 994
f 1074 1075 994
f 1076 1077 1041
f 1077 1078 1041
f 1041 1078 1040
f 1067 1079 1021
f 1079 1080 1021
f 1021 1080 1081
f 1081 1082 1021
f 1082 1083 1021
f 1021 1083 1049
f 1075 1084 994
f 1084 1085 994
f 994 1085 1086
f 1086 1087 994
f 1087 1088 994
f 994 1088 1089
f 1088 1090 1089
f 1089 1090 1076
f 1090 1091 1076
f 1076 1091 1077
f 1065 1092 1063
f 1092 1093 1063
f 1063 1093 1094
f 1094 1095 1063
f 1095 1096 1063
f 1063 1096 1097
f 1097 1098 1063
f 1098 1099 1063
f 1063 1099 1021
f 1099 1100 1021
f 1021 1100 1066
f 296 298 1101
f 1101 298 1102
f 298 1103 1102
f 1102 1103 1104
f 1105 1106 1107
f 1108 1109 1110
f 1109 1111 1110
f 1110 1111 295
f 1111 1112 295
f 295 1112 1113
f 1114 1115 1116
f 1107 1106 1110
f 1117 1118 1119
f 1120 1121 1107
f 1121 1122 1107
f 1107 1122 1105
f 1110 1123 1124
f 1125 1126 1110
f 1126 1127 1110
f 1127 1128 1110
f 1128 1129 1110
f 1110 1129 1130
f 1130 1131 1110
f 1131 1132 1110
f 1110 1132 1108
f 1133 1134 1135
f 1134 1136 1135
f 1135 1136 1115
f 1136 1137 1115
f 1115 1137 1116
f 1106 1138 1110
f 1138 1139 1110
f 1110 1139 1140
f 1124 1141 1110
f 1141 1142 1110
f 1110 1142 1125
f 1113 1143 295
f 1143 1144 295
f 295 1144 1145
f 1145 1146 295
f 1146 1147 295
f 295 1147 1148
f 1133 1135 1149
f 1135 1150 1149
f 1149 1150 1151
f 1120 1107 1118
f 1107 1152 1118
f 1118 1152 1119
f 1140 1153 1110
f 1153 1154 1110
f 1110 1154 1123
f 1148 1155 295
f 1155 1156 295
f 295 1156 1157
f 1157 1158 295
f 1158 1159 295
f 295 1159 1160
f 1160 1161 295
f 1161 1162 295
f 295 1162 1163
f 1164 1165 1166
f 1167 1168 1169
f 1168 1170 1169
f 1170 1171 1169
f 1171 1172 1169
f 1169 1172 1150
f 1172 1173 1150
f 1150 1173 1151
f 1116 1174 1114
f 1174 1175 1114
f 1114 1175 1119
f 1175 1176 1119
f 1119 1176 1117
f 1164 1166 1177
f 1166 1178 1177
f 1178 1179 1177
f 1177 1179 1167
f 1179 1180 1167
f 1167 1180 1168
f 1163 1181 295
f 1181 1182 295
f 295 1182 1183
f 1182 1184 1183
f 1183 1184 1185
f 1185 1186 1183
f 1186 1187 1183
f 1183 1187 1188
f 1164 1189 1165
f 1189 1183 1165
f 1165 1183 1190
f 1183 1188 1190
f 484 1191 409
f 1191 1192 409
f 409 1192 488
f 1192 1193 488
f 488 1193 1194
f 1195 1196 493
f 1196 1197 493
f 493 1197 492
f 1197 1198 492
f 492 1198 561
f 1194 1199 488
f 1199 1200 488
f 488 1200 493
f 1200 1201 493
f 493 1201 1195
f 1202 1203 1110
f 1203 1204 1110
f 1110 1204 1205
f 294 1206 295
f 1206 1207 295
f 295 1207 1208
f 1208 1209 295
f 1209 1210 295
f 295 1210 1110
f 1210 1211 1110
f 1110 1211 1202
f 371 343 332
f 343 318 332
f 332 318 1183
f 318 1104 1183
f 1183 1104 295
f 1104 1103 295
f 295 1103 293
f 1212 1213 1214
f 1213 1215 1214
f 1215 1216 1214
f 1216 1217 1214
f 1214 1217 1218
f 1219 1220 987
f 1220 1221 987
f 1030 1024 1021
f 1024 987 1021
f 1021 987 1222
f 987 1221 1222
f 1222 1223 1021
f 1223 1224 1021
f 1021 1224 1214
f 1224 1225 1214
f 1214 1225 1212
f 946 301 987
f 301 1226 987
f 987 1226 1219
f 303 1227 1228
f 302 936 303
f 936 1229 303
f 303 1229 1230
f 1228 1231 303
f 1231 1232 303
f 303 1232 301
f 1232 1233 301
f 301 1233 1226
f 1230 1234 303
f 1234 1235 303
f 303 1235 1227
f 761 757 770
f 757 1236 770
f 770 1236 1237
f 1237 1238 770
f 1238 1239 770
f 770 1239 1240
f 847 1241 874
f 1241 844 874
f 874 844 1242
f 844 770 1242
f 1242 770 1243
f 770 1240 1243
f 666 665 671
f 665 1244 671
f 671 1244 1245
f 1245 1246 671
f 1246 1247 671
f 671 1247 1248
f 1248 1249 671
f 1249 1250 671
f 671 1250 677
f 1205 1244 1110
f 1244 665 1110
f 1110 665 1107
f 665 670 1107
f 1107 670 585
f 670 312 585
f 585 312 616
f 312 311 616
f 1218 293 1214
f 293 1103 1214
f 1214 1103 1021
f 1103 298 1021
f 1021 298 1063
f 298 297 1063
f 309 1251 837
f 1251 1252 837
f 837 1252 819
f 1252 1253 819
f 819 1253 817
f 1253 1254 817
f 817 1254 796
f 1254 1255 796
f 796 1255 757
f 1255 1256 757
f 757 1256 1236
f 1256 1257 1236
f 1236 1257 1237
f 1257 1258 1237
f 1237 1258 1238
f 1258 1259 1238
f 1238 1259 1239
f 1259 1260 1239
f 1239 1260 1240
f 1260 1261 1240
f 1240 1261 1243
f 1261 1262 1243
f 1243 1262 1242
f 1262 1263 1242
f 1242 1263 874
f 1263 1264 874
f 874 1264 870
f 1264 1265 870
f 870 1265 871
f 1265 1266 871
f 871 1266 884
f 1266 1267 884
f 884 1267 882
f 1267 1268 882
f 882 1268 899
f 1268 1269 899
f 899 1269 914
f 1269 1270 914
f 914 1270 912
f 1270 1271 912
f 912 1271 932
f 1271 1272 932
f 932 1272 930
f 1272 1273 930
f 930 1273 306
f 1273 1274 306
f 306 1274 936
f 1274 1275 936
f 936 1275 1229
f 1275 1276 1229
f 1229 1276 1230
f 1276 1277 1230
f 1230 1277 1234
f 1277 1278 1234
f 1234 1278 1235
f 1278 1279 1235
f 1235 1279 1227
f 1279 1280 1227
f 1227 1280 1228
f 1280 1281 1228
f 1228 1281 1231
f 1281 1282 1231
f 1231 1282 1232
f 1282 1283 1232
f 1232 1283 1233
f 1283 1284 1233
f 1233 1284 1226
f 1284 1285 1226
f 1226 1285 1219
f 1285 1286 1219
f 1219 1286 1220
f 1286 1287 1220
f 1220 1287 1221
f 1287 1288 1221
f 1221 1288 1222
f 1288 1289 1222
f 1222 1289 1223
f 1289 1290 1223
f 1223 1290 1224
f 1290 1291 1224
f 1224 1291 1225
f 1291 1292 1225
f 1225 1292 1212
f 1292 1293 1212
f 1212 1293 1213
f 1293 1294 1213
f 1213 1294 1215
f 1294 1295 1215
f 1215 1295 1216
f 1295 1296 1216
f 1216 1296 1217
f 1296 1297 1217
f 1217 1297 1218
f 1297 1298 1218
f 1218 1298 293
f 1298 1299 293
f 293 1299 294
f 1299 1300 294
f 294 1300 1206
f 1300 1301 1206
f 1206 1301 1207
f 1301 1302 1207
f 1207 1302 1208
f 1302 1303 1208
f 1208 1303 1209
f 1303 1304 1209
f 1209 1304 1210
f 1304 1305 1210
f 1210 1305 1211
f 1305 1306 1211
f 1211 1306 1202
f 1306 1307 1202
f 1202 1307 1203
f 1307 1308 1203
f 1203 1308 1204
f 1308 1309 1204
f 1204 1309 1205
f 1309 1310 1205
f 1205 1310 1244
f 1310 1311 1244
f 1244 1311 1245
f 1311 1312 1245
f 1245 1312 1246
f 1312 1313 1246
f 1246 1313 1247
f 1313 1314 1247
f 1247 1314 1248
f 1314 1315 1248
f 1248 1315 1249
f 1315 1316 1249
f 1249 1316 1250
f 1316 1317 1250
f 1250 1317 677
f 1317 1318 677
f 677 1318 704
f 1318 1319 704
f 704 1319 720
f 1319 1320 720
f 720 1320 718
f 1320 1321 718
f 718 1321 716
f 1321 1322 716
f 716 1322 309
f 1322 1251 309
f 1312 1323 1313
f 1323 1324 1313
f 1313 1324 1314
f 1324 1325 1314
f 1314 1325 1315
f 1325 1326 1315
f 1315 1326 1316
f 1326 1327 1316
f 1316 1327 1317
f 1327 1328 1317
f 1317 1328 1318
f 1328 1329 1318
f 1318 1329 1319
f 1329 1330 1319
f 1319 1330 1320
f 1330 1331 1320
f 1320 1331 1321
f 1331 1332 1321
f 1321 1332 1322
f 1332 1333 1322
f 1322 1333 1251
f 1333 1334 1251
f 1251 1334 1252
f 1334 1335 1252
f 1252 1335 1253
f 1335 1336 1253
f 1253 1336 1254
f 1336 1337 1254
f 1254 1337 1255
f 1337 1338 1255
f 1255 1338 1256
f 1338 1339 1256
f 1256 1339 1257
f 1339 1340 1257
f 1257 1340 1258
f 1340 1341 1258
f 1258 1341 1259
f 1341 1342 1259
f 1259 1342 1260
f 1342 1343 1260
f 1260 1343 1261
f 1343 1344 1261
f 1261 1344 1262
f 1344 1345 1262
f 1262 1345 1263
f 1345 1346 1263
f 1263 1346 1264
f 1346 1347 1264
f 1264 1347 1265
f 1347 1348 1265
f 1265 1348 1266
f 1348 1349 1266
f 1266 1349 1267
f 1349 1350 1267
f 1267 1350 1268
f 1350 1351 1268
f 1268 1351 1269
f 1351 1352 1269
f 1269 1352 1270
f 1352 1353 1270
f 1270 1353 1271
f 1353 1354 1271
f 1271 1354 1272
f 1354 1355 1272
f 1272 1355 1273
f 1355 1356 1273
f 1273 1356 1274
f 1356 1357 1274
f 1274 1357 1275
f 1357 1358 1275
f 1275 1358 1276
f 1358 1359 1276
f 1276 1359 1277
f 1359 1360 1277
f 1277 1360 1278
f 1360 1361 1278
f 1278 1361 1279
f 1361 1362 1279
f 1279 1362 1280
f 1362 1363 1280
f 1280 1363 1281
f 1363 1364 1281
f 1281 1364 1282
f 1364 1365 1282
f 1282 1365 1283
f 1365 1366 1283
f 1283 1366 1284
f 1366 1367 1284
f 1284 1367 1285
f 1367 1368 1285
f 1285 1368 1286
f 1368 1369 1286
f 1286 1369 1287
f 1369 1370 1287
f 1287 1370 1288
f 1370 1371 1288
f 1288 1371 1289
f 1371 1372 1289
f 1289 1372 1290
f 1372 1373 1290
f 1290 1373 1291
f 1373 1374 1291
f 1291 1374 1292
f 1374 1375 1292
f 1292 1375 1293
f 1375 1376 1293
f 1293 1376 1294
f 1376 1377 1294
f 1294 1377 1295
f 1377 1378 1295
f 1295 1378 1296
f 1378 1379 1296
f 1296 1379 1297
f 1379 1380 1297
f 1297 1380 1298
f 1380 1381 1298
f 1298 1381 1299
f 1381 1382 1299
f 1299 1382 1300
f 1382 1383 1300
f 1300 1383 1301
f 1383 1384 1301
f 1301 1384 1302
f 1384 1385 1302
f 1302 1385 1303
f 1385 1386 1303
f 1303 1386 1304
f 1386 1387 1304
f 1304 1387 1305
f 1387 1388 1305
f 1305 1388 1306
f 1388 1389 1306
f 1306 1389 1307
f 1389 1390 1307
f 1307 1390 1308
f 1390 1391 1308
f 1308 1391 1309
f 1391 1392 1309
f 1309 1392 1310
f 1392 1393 1310
f 1310 1393 1311
f 1393 1394 1311
f 1311 1394 1312
f 1394 1323 1312
f 1334 1395 1335
f 1395 1396 1335
f 1335 1396 1336
f 1396 1397 1336
f 1336 1397 1337
f 1397 1398 1337
f 1337 1398 1338
f 1398 1399 1338
f 1338 1399 1339
f 1399 1400 1339
f 1339 1400 1340
f 1400 1401 1340
f 1340 1401 1341
f 1401 1402 1341
f 1341 1402 1342
f 1402 1403 1342
f 1342 1403 1343
f 1403 1404 1343
f 1343 1404 1344
f 1404 1405 1344
f 1344 1405 1345
f 1405 1406 1345
f 1345 1406 1346
f 1406 1407 1346
f 1346 1407 1347
f 1407 1408 1347
f 1347 1408 1348
f 1408 1409 1348
f 1348 1409 1349
f 1409 1410 1349
f 1349 1410 1350
f 1410 1411 1350
f 1350 1411 1351
f 1411 1412 1351
f 1351 1412 1352
f 1412 1413 1352
f 1352 1413 1353
f 1413 1414 1353
f 1353 1414 1354
f 1414 1415 1354
f 1354 1415 1355
f 1415 1416 1355
f 1355 1416 1356
f 1416 1417 1356
f 1356 1417 1357
f 1417 1418 1357
f 1357 1418 1358
f 1418 1419 1358
f 1358 1419 1359
f 1419 1420 1359
f 1359 1420 1360
f 1420 1421 1360
f 1360 1421 1361
f 1421 1422 1361
f 1361 1422 1362
f 1422 1423 1362
f 1362 1423 1363
f 1423 1424 1363
f 1363 1424 1364
f 1424 1425 1364
f 1364 1425 1365
f 1425 1426 1365
f 1365 1426 1366
f 1426 1427 1366
f 1366 1427 1367
f 1427 1428 1367
f 1367 1428 1368
f 1428 1429 1368
f 1368 1429 1369
f 1429 1430 1369
f 1369 1430 1370
f 1430 1431 1370
f 1370 1431 1371
f 1431 1432 1371
f 1371 1432 1372
f 1432 1433 1372
f 1372 1433 1373
f 1433 1434 1373
f 1373 1434 1374
f 1434 1435 1374
f 1374 1435 1375
f 1435 1436 1375
f 1375 1436 1376
f 1436 1437 1376
f 1376 1437 1377
f 1437 1438 1377
f 1377 1438 1378
f 1438 1439 1378
f 1378 1439 1379
f 1439 1440 1379
f 1379 1440 1380
f 1440 1441 1380
f 1380 1441 1381
f 1441 1442 1381
f 1381 1442 1382
f 1442 1443 1382
f 1382 1443 1383
f 1443 1444 1383
f 1383 1444 1384
f 1444 1445 1384
f 1384 1445 1385
f 1445 1446 1385
f 1385 1446 1386
f 1446 1447 1386
f 1386 1447 1387
f 1447 1448 1387
f 1387 1448 1388
f 1448 1449 1388
f 1388 1449 1389
f 1449 1450 1389
f 1389 1450 1390
f 1450 1451 1390
f 1390 1451 1391
f 1451 1452 1391
f 1391 1452 1392
f 1452 1453 1392
f 1392 1453 1393
f 1453 1454 1393
f 1393 1454 1394
f 1454 1455 1394
f 1394 1455 1323
f 1455 1456 1323
f 1323 1456 1324
f 1456 1457 1324
f 1324 1457 1325
f 1457 1458 1325
f 1325 1458 1326
f 1458 1459 1326
f 1326 1459 1327
f 1459 1460 1327
f 1327 1460 1328
f 1460 1461 1328
f 1328 1461 1329
f 1461 1462 1329
f 1329 1462 1330
f 1462 1463 1330
f 1330 1463 1331
f 1463 1464 1331
f 1331 1464 1332
f 1464 1465 1332
f 1332 1465 1333
f 1465 1466 1333
f 1333 1466 1334
f 1466 1395 1334
f 1406 1467 1407
f 1468 1469 1470
f 1471 1472 1473
f 1474 1475 1476
f 1477 1478 1476
f 1479 1476 1480
f 1475 1481 1476
f 1481 1482 1476
f 1476 1482 1480
f 1480 1483 1479
f 1483 1484 1479
f 1479 1484 1485
f 1485 1486 1487
f 1486 1488 1487
f 1488 1489 1487
f 1489 1490 1487
f 1487 1490 1491
f 1491 1492 1487
f 1492 1493 1487
f 1487 1493 1494
f 1478 1495 1476
f 1495 1496 1476
f 1476 1496 1497
f 1497 1498 1476
f 1498 1499 1476
f 1476 1499 1474
f 1500 1501 1502
f 1501 1503 1502
f 1504 1505 1494
f 1506 1507 1501
f 1507 1508 1501
f 1501 1508 1503
f 1500 1509 1501
f 1509 1510 1501
f 1501 1510 1511
f 1512 1513 1514
f 1513 1515 1514
f 1514 1515 1477
f 1511 1516 1517
f 1516 1518 1517
f 1517 1518 1519
f 1520 1521 1514
f 1493 1522 1494
f 1522 1523 1494
f 1494 1523 1524
f 1525 1526 1501
f 1519 1527 1517
f 1527 1528 1517
f 1517 1528 1529
f 1529 1530 1517
f 1530 1531 1517
f 1517 1531 1532
f 1533 1517 1534
f 1517 1535 1534
f 1524 1536 1494
f 1536 1537 1494
f 1494 1537 1504
f 1526 1538 1501
f 1538 1539 1501
f 1501 1539 1540
f 1540 1541 1501
f 1541 1542 1501
f 1501 1542 1506
f 1532 1543 1517
f 1543 1544 1517
f 1517 1544 1535
f 1533 1545 1517
f 1545 1546 1517
f 1517 1546 1514
f 1546 1547 1514
f 1514 1547 1520
f 1521 1548 1514
f 1548 1549 1514
f 1514 1549 1512
f 1505 1550 1494
f 1550 1551 1494
f 1494 1551 1501
f 1551 1552 1501
f 1501 1552 1525
f 1511 1517 1501
f 1517 1553 1501
f 1501 1553 1554
f 1555 1556 1557
f 1556 1558 1557
f 1559 1560 1561
f 1562 1563 1555
f 1564 1565 1566
f 1565 1561 1566
f 1567 1568 1557
f 1560 1569 1561
f 1569 1570 1561
f 1561 1570 1566
f 1563 1571 1555
f 1571 1572 1555
f 1555 1572 1573
f 1574 1575 1561
f 1564 1576 1565
f 1576 1577 1565
f 1565 1577 1578
f 1557 1568 1555
f 1568 1579 1555
f 1555 1579 1562
f 1580 1581 1557
f 1581 1582 1557
f 1582 1583 1557
f 1583 1584 1557
f 1557 1584 1585
f 1585 1586 1557
f 1586 1587 1557
f 1557 1587 1567
f 1573 1588 1555
f 1588 1589 1555
f 1555 1589 1590
f 1575 1591 1561
f 1591 1592 1561
f 1561 1592 1559
f 1578 1593 1565
f 1593 1594 1565
f 1565 1594 1595
f 1595 1596 1565
f 1596 1597 1565
f 1565 1597 1598
f 1599 1600 1555
f 1601 1565 1602
f 1565 1603 1602
f 1604 1605 1557
f 1605 1606 1557
f 1557 1606 1607
f 1607 1608 1557
f 1608 1609 1557
f 1557 1609 1610
f 1590 1611 1555
f 1611 1612 1555
f 1555 1612 1613
f 1598 1614 1565
f 1614 1615 1565
f 1565 1615 1603
f 1616 1617 1557
f 1617 1618 1557
f 1557 1618 1580
f 1613 1619 1555
f 1619 1620 1555
f 1555 1620 1621
f 1621 1622 1555
f 1622 1623 1555
f 1555 1623 1599
f 1624 1625 1561
f 1610 1626 1557
f 1626 1627 1557
f 1557 1627 1616
f 1625 1628 1561
f 1628 1629 1561
f 1561 1629 1574
f 1600 1630 1555
f 1630 1631 1555
f 1555 1631 1561
f 1631 1632 1561
f 1561 1632 1624
f 1633 1634 1635
f 1634 1636 1635
f 1635 1636 1637
f 1638 1639 1640
f 1641 1642 1643
f 1637 1644 1635
f 1644 1645 1635
f 1635 1645 1640
f 1645 1646 1640
f 1640 1646 1638
f 1643 1647 1648
f 1649 1650 1651
f 1650 1652 1651
f 1653 1643 1654
f 1643 1655 1654
f 1653 1656 1643
f 1656 1657 1643
f 1643 1657 1647
f 1648 1658 1643
f 1658 1659 1643
f 1643 1659 1641
f 1643 1660 1661
f 1662 1663 1651
f 1663 1664 1651
f 1651 1664 1649
f 1639 1665 1640
f 1665 1666 1640
f 1640 1666 1667
f 1667 1668 1640
f 1668 1669 1640
f 1640 1669 1670
f 1670 1671 1640
f 1671 1672 1640
f 1640 1672 1643
f 1672 1673 1643
f 1643 1673 1655
f 1674 1675 1643
f 1675 1676 1643
f 1643 1676 1677
f 1677 1678 1643
f 1678 1679 1643
f 1643 1679 1680
f 1680 1681 1643
f 1681 1682 1643
f 1643 1682 1660
f 1683 1635 1684
f 1635 1685 1684
f 1642 1686 1643
f 1686 1687 1643
f 1643 1687 1674
f 1683 1688 1635
f 1688 1689 1635
f 1635 1689 1633
f 1652 1690 1651
f 1690 1691 1651
f 1651 1691 1692
f 1692 1693 1651
f 1693 1694 1651
f 1651 1694 1695
f 1696 1697 1635
f 1695 1698 1651
f 1698 1699 1651
f 1651 1699 1700
f 1697 1701 1635
f 1701 1702 1635
f 1635 1702 1685
f 1700 1703 1651
f 1703 1704 1651
f 1651 1704 1705
f 1705 1706 1651
f 1706 1707 1651
f 1651 1707 1708
f 1709 1710 1711
f 1712 1713 1714
f 1713 1715 1714
f 1711 1716 1717
f 1717 1718 1711
f 1718 1719 1711
f 1711 1719 1709
f 1720 1721 1722
f 1721 1723 1722
f 1723 1724 1722
f 1724 1725 1722
f 1722 1725 1726
f 1726 1727 1722
f 1727 1728 1722
f 1722 1728 1729
f 1730 1731 1732
f 1731 1733 1732
f 1733 1734 1732
f 1734 1735 1732
f 1732 1735 1736
f 1736 1737 1732
f 1737 1738 1732
f 1732 1738 1739
f 1739 1740 1732
f 1740 1741 1732
f 1732 1741 1711
f 1741 1742 1711
f 1711 1742 1716
f 1729 1732 1722
f 1732 1743 1722
f 1722 1743 1744
f 1743 1745 1744
f 1744 1745 1746
f 1745 1643 1746
f 1746 1643 1651
f 1643 1661 1651
f 1651 1661 1662
f 1729 1747 1732
f 1747 1748 1732
f 1732 1748 1749
f 1712 1750 1713
f 1750 1751 1713
f 1713 1751 1752
f 1749 1753 1732
f 1753 1754 1732
f 1732 1754 1730
f 1722 1755 1756
f 1752 1757 1713
f 1757 1758 1713
f 1713 1758 1722
f 1758 1759 1722
f 1722 1759 1755
f 1756 1760 1722
f 1760 1761 1722
f 1722 1761 1762
f 1762 1763 1722
f 1763 1764 1722
f 1722 1764 1720
f 1765 1766 1767
f 1766 1768 1767
f 1765 1769 1766
f 1769 1770 1766
f 1766 1770 1771
f 1771 1772 1766
f 1772 1773 1766
f 1766 1773 1774
f 1774 1775 1766
f 1775 1776 1766
f 1766 1776 1713
f 1776 1777 1713
f 1713 1777 1715
f 1710 1778 1711
f 1778 1779 1711
f 1711 1779 1780
f 1779 1781 1780
f 1780 1781 1782
f 1768 1766 1783
f 1766 1784 1783
f 1783 1784 1785
f 1786 1787 1780
f 1787 1788 1780
f 1780 1788 1784
f 1788 1789 1784
f 1784 1789 1785
f 1782 1790 1780
f 1790 1791 1780
f 1780 1791 1786
f 1792 1793 1794
f 1793 1795 1794
f 1794 1795 1784
f 1795 1796 1784
f 1784 1796 1780
f 1797 1798 1799
f 1800 1801 1802
f 1803 1804 1805
f 1804 1806 1805
f 1805 1806 1807
f 1806 1808 1807
f 1807 1808 1809
f 1792 1794 1797
f 1794 1810 1797
f 1797 1810 1798
f 1801 1800 1811
f 1800 1797 1811
f 1811 1797 1812
f 1802 1813 1800
f 1813 1814 1800
f 1800 1814 1815
f 1814 1816 1815
f 1815 1816 1817
f 1817 1818 1815
f 1818 1819 1815
f 1815 1819 1820
f 1819 1821 1820
f 1821 1822 1820
f 1822 1823 1820
f 1820 1823 1824
f 1823 1825 1824
f 1825 1826 1824
f 1824 1826 1803
f 1826 1827 1803
f 1803 1827 1804
f 1828 1807 1829
f 1799 1830 1797
f 1830 1831 1797
f 1797 1831 1812
f 1809 1832 1807
f 1832 1833 1807
f 1807 1833 1829
f 1834 1835 1807
f 1836 1837 1838
f 1839 1840 1837
f 1840 1841 1837
f 1837 1841 1838
f 1842 1843 1828
f 1843 1844 1828
f 1828 1844 1807
f 1844 1845 1807
f 1807 1845 1834
f 1835 1846 1807
f 1846 1847 1807
f 1807 1847 1839
f 1847 1848 1839
f 1839 1848 1840
f 1838 1849 1836
f 1849 1850 1836
f 1836 1850 1851
f 1850 1852 1851
f 1853 1854 1855
f 1854 1856 1855
f 1855 1856 1857
f 1856 1858 1857
f 1852 1859 1851
f 1859 1860 1851
f 1851 1860 1856
f 1860 1861 1856
f 1856 1861 1858
f 1862 1863 1864
f 1863 1865 1864
f 1864 1865 1866
f 1853 1867 1854
f 1867 1868 1854
f 1854 1868 1869
f 1869 1870 1854
f 1870 1871 1854
f 1854 1871 1872
f 1872 1862 1854
f 1862 1864 1854
f 1854 1864 1873
f 1864 1874 1873
f 1875 1876 1877
f 1876 1878 1877
f 1877 1878 1879
f 1879 1878 1880
f 1878 1881 1880
f 1880 1881 1882
f 1883 1884 1885
f 1884 1886 1885
f 1885 1886 1881
f 1886 1887 1881
f 1881 1887 1882
f 1888 1889 1472
f 1890 1891 1472
f 1889 1892 1472
f 1892 1893 1472
f 1472 1893 1894
f 1894 1895 1472
f 1895 1896 1472
f 1472 1896 1897
f 1898 1899 1885
f 1900 1901 1883
f 1901 1902 1883
f 1899 1903 1885
f 1903 1904 1885
f 1885 1904 1905
f 1902 1906 1883
f 1906 1907 1883
f 1883 1907 1908
f 1908 1909 1883
f 1909 1910 1883
f 1883 1910 1911
f 1911 1912 1883
f 1912 1913 1883
f 1883 1913 1914
f 1915 1471 1916
f 1471 1917 1916
f 1918 1919 1472
f 1919 1920 1472
f 1472 1920 1921
f 1921 1922 1472
f 1922 1923 1472
f 1472 1923 1888
f 1905 1924 1885
f 1924 1925 1885
f 1885 1925 1926
f 1927 1928 1929
f 1928 1883 1929
f 1929 1883 1930
f 1883 1914 1930
f 1927 1931 1928
f 1931 1932 1928
f 1928 1932 1471
f 1932 1933 1471
f 1471 1933 1917
f 1915 1934 1471
f 1934 1935 1471
f 1471 1935 1936
f 1471 1937 1938
f 1891 1939 1472
f 1939 1940 1472
f 1472 1940 1918
f 1926 1941 1885
f 1941 1942 1885
f 1885 1942 1943
f 1943 1944 1885
f 1944 1945 1885
f 1885 1945 1946
f 1946 1947 1885
f 1947 1948 1885
f 1885 1948 1949
f 1949 1950 1885
f 1950 1951 1885
f 1885 1951 1883
f 1951 1952 1883
f 1883 1952 1900
f 1936 1953 1471
f 1953 1954 1471
f 1471 1954 1955
f 1938 1956 1471
f 1956 1957 1471
f 1471 1957 1472
f 1957 1958 1472
f 1472 1958 1890
f 1955 1959 1471
f 1959 1960 1471
f 1471 1960 1937
f 1961 1962 1963
f 1962 1964 1963
f 1963 1964 1473
f 1964 1965 1473
f 1473 1965 1471
f 1966 1967 1968
f 1968 1969 1966
f 1969 1970 1966
f 1966 1970 1963
f 1970 1971 1963
f 1963 1971 1961
f 1401 1972 1973
f 1974 1975 1976
f 1977 1978 1402
f 1974 1976 1979
f 1980 1981 1395
f 1399 1982 1400
f 1982 1983 1400
f 1400 1983 1984
f 1984 1985 1400
f 1985 1986 1400
f 1400 1986 1401
f 1986 1987 1401
f 1401 1987 1972
f 1977 1402 1988
f 1973 1989 1401
f 1989 1990 1401
f 1401 1990 1402
f 1990 1991 1402
f 1402 1991 1988
f 1978 1992 1402
f 1992 1993 1402
f 1402 1993 1994
f 1975 1974 1995
f 1974 1996 1995
f 1995 1996 1997
f 1976 1998 1979
f 1998 1999 1979
f 1979 1999 2000
f 1980 1395 2001
f 2002 2003 1398
f 2003 2004 1398
f 1398 2004 1399
f 2004 2005 1399
f 1399 2005 1982
f 2006 2007 2008
f 2007 2009 2008
f 2008 2009 2010
f 2011 2012 2013
f 2012 2014 2013
f 2013 2014 2001
f 1981 2015 1395
f 2015 2016 1395
f 1395 2016 1396
f 2016 2002 1396
f 1396 2002 1397
f 2002 1398 1397
f 2017 2018 2008
f 2018 2019 2008
f 2020 2021 2022
f 2021 2023 2022
f 2022 2023 2024
f 2023 2025 2024
f 2024 2025 2026
f 2026 2027 2024
f 2027 2028 2024
f 2024 2028 1996
f 2028 2029 1996
f 1996 2029 1997
f 1999 2030 2000
f 2030 2031 2000
f 2000 2031 2032
f 2031 2033 2032
f 2032 2033 2013
f 2033 2034 2013
f 2013 2034 2011
f 2019 2035 2008
f 2035 2036 2008
f 2008 2036 2037
f 2010 2038 2008
f 2038 2039 2008
f 2008 2039 2017
f 2040 2041 2042
f 2041 2043 2042
f 2042 2043 2044
f 2044 2045 2042
f 2045 2046 2042
f 2042 2046 2022
f 2046 2047 2022
f 2022 2047 2020
f 2048 2049 2042
f 2049 2050 2042
f 2042 2050 2040
f 2037 2051 2008
f 2051 2052 2008
f 2008 2052 2042
f 2052 2053 2042
f 2042 2053 2048
f 2054 2055 1479
f 2056 2057 1479
f 2057 2058 1479
f 2058 2059 1479
f 2059 2060 1479
f 1479 2060 2061
f 2061 2062 1479
f 2062 2063 1479
f 1479 2063 2054
f 2064 2065 1479
f 2065 2066 1479
f 2067 2068 2069
f 2068 2070 2069
f 2069 2070 2071
f 2070 2072 2071
f 2071 2072 2073
f 2074 2075 2076
f 2075 2077 2076
f 2066 2078 1479
f 2078 2079 1479
f 1479 2079 2056
f 2080 2081 1460
f 2081 2082 1460
f 2082 2083 1460
f 2083 2084 1460
f 1460 2084 2085
f 2086 2075 2087
f 2075 2071 2087
f 2087 2071 2088
f 2071 2073 2088
f 1461 2089 2090
f 2091 2092 2093
f 2086 2094 2075
f 2094 2095 2075
f 2075 2095 2096
f 2096 2097 2075
f 2097 2098 2075
f 2075 2098 2077
f 2085 2099 1460
f 2099 2100 1460
f 1460 2100 1461
f 2100 2101 1461
f 1461 2101 2089
f 2102 2103 2104
f 2103 2091 2104
f 2104 2091 2105
f 2091 2093 2105
f 2102 2106 2103
f 2106 2107 2103
f 2103 2107 2069
f 2107 2108 2069
f 2069 2108 2067
f 2109 2110 1462
f 2110 2111 1462
f 1462 2111 1463
f 2111 2112 1463
f 2112 2113 1463
f 1463 2113 1464
f 2001 1395 2013
f 1395 2114 2013
f 2013 2114 2115
f 2090 2116 1461
f 2116 2117 1461
f 1461 2117 1462
f 2117 2118 1462
f 1462 2118 2109
f 2115 2119 2013
f 2119 2120 2013
f 2013 2120 2121
f 2121 2122 2013
f 2122 2123 2013
f 2013 2123 2124
f 2123 2125 2124
f 2124 2125 2092
f 2125 2126 2092
f 2092 2126 2093
f 2127 2128 1465
f 2113 2129 1464
f 2129 2130 1464
f 1464 2130 1465
f 2130 2131 1465
f 1465 2131 2127
f 1395 1466 2114
f 1466 1465 2114
f 2114 1465 2132
f 1465 2128 2132
f 2133 2134 1479
f 2074 2064 2075
f 2064 1479 2075
f 2075 1479 2135
f 1479 2134 2135
f 1485 1487 1479
f 1487 2136 1479
f 1479 2136 2133
f 2137 2138 1517
f 2139 2140 1514
f 2140 2141 1514
f 1514 2141 2142
f 2142 2143 1514
f 2143 2144 1514
f 1514 2144 2145
f 2145 2146 1514
f 2146 2147 1514
f 1514 2147 2148
f 2148 2149 1514
f 2149 2150 1514
f 1514 2150 1517
f 2150 2151 1517
f 1517 2151 2137
f 1469 2152 1470
f 2152 2153 1470
f 1470 2153 2154
f 2154 2155 1470
f 2155 2156 1470
f 1470 2156 2157
f 2158 2159 1514
f 2159 2160 1514
f 1514 2160 2139
f 2138 2161 1517
f 2161 2162 1517
f 1517 2162 2163
f 2164 2165 2166
f 2167 2168 2166
f 2168 2169 2166
f 2166 2169 2170
f 2164 2166 2171
f 2166 2172 2173
f 2173 2174 2166
f 2174 2175 2166
f 2166 2175 1514
f 2175 2176 1514
f 1514 2176 2158
f 2170 2177 2166
f 2177 2178 2166
f 2166 2178 2179
f 2165 2180 2166
f 2180 2181 2166
f 2166 2181 2167
f 2179 2182 2166
f 2182 2183 2166
f 2166 2183 2172
f 2184 2185 1553
f 2185 2186 1553
f 1553 2186 2187
f 2188 2189 1553
f 2190 2191 2192
f 2191 2193 2192
f 2193 2194 2192
f 2194 2195 2192
f 2192 2195 2196
f 2163 2197 1517
f 2197 2198 1517
f 1517 2198 1553
f 2198 2199 1553
f 1553 2199 2184
f 2187 2200 1553
f 2200 2201 1553
f 1553 2201 2202
f 1553 2189 2192
f 2189 2203 2192
f 2192 2203 2204
f 2204 2205 2192
f 2205 2206 2192
f 2192 2206 2190
f 2202 2207 1553
f 2207 2208 1553
f 1553 2208 2188
f 2209 2210 2211
f 1722 2212 2213
f 2214 2215 2216
f 2217 1713 2218
f 1713 2219 2218
f 2213 2220 1722
f 2220 2221 1722
f 1722 2221 2222
f 2217 2223 1713
f 2223 2224 1713
f 1713 2224 2225
f 2225 2226 1713
f 2226 2227 1713
f 1713 2227 2228
f 2229 2230 2216
f 2230 2231 2216
f 2232 2233 2209
f 2233 2234 2209
f 2209 2234 2235
f 2222 2236 1722
f 2236 2237 1722
f 1722 2237 1713
f 2237 2238 1713
f 1713 2238 2219
f 2228 2239 1713
f 2239 2240 1713
f 1713 2240 2241
f 2231 2242 2216
f 2242 2243 2216
f 2216 2243 2244
f 2244 2245 2216
f 2245 2246 2216
f 2216 2246 2247
f 2235 2248 2209
f 2248 2249 2209
f 2209 2249 2210
f 2247 2250 2216
f 2250 2251 2216
f 2216 2251 2214
f 2241 2252 1713
f 2252 2253 1713
f 1713 2253 2254
f 2254 2255 1713
f 2255 2256 1713
f 1713 2256 2216
f 2256 2257 2216
f 2216 2257 2229
f 2258 2259 2260
f 2259 2261 2260
f 2261 2262 2260
f 2260 2262 2263
f 2264 2265 2260
f 2265 2266 2260
f 2266 2267 2260
f 2260 2267 2258
f 2268 2269 1744
f 2270 2271 1744
f 2271 2272 1744
f 2269 2273 1744
f 2273 2274 1744
f 1744 2274 2275
f 2263 2276 2260
f 2276 2277 2260
f 2260 2277 1744
f 2277 2278 1744
f 1744 2278 2270
f 2272 2279 1744
f 2279 2280 1744
f 1744 2280 2268
f 2275 2281 1744
f 2281 2282 1744
f 1744 2282 1722
f 2282 2283 1722
f 1722 2283 2212
f 2284 2285 2286
f 2286 2287 2288
f 2289 2290 2291
f 2287 2286 2292
f 2286 2289 2292
f 2292 2289 2293
f 2288 2294 2286
f 2294 2295 2286
f 2286 2295 2284
f 2285 2296 2286
f 2296 2297 2286
f 2286 2297 2298
f 2291 2299 2289
f 2299 2300 2289
f 2289 2300 2301
f 2301 2302 2289
f 2302 2303 2289
f 2289 2303 2293
f 2304 2192 2305
f 2192 2306 2305
f 2304 2307 2192
f 2307 2308 2192
f 2192 2308 2309
f 2310 2311 2312
f 2311 2313 2312
f 2313 2314 2312
f 2314 2315 2312
f 2312 2315 2316
f 2316 2317 2312
f 2317 2318 2312
f 2312 2318 2289
f 2318 2319 2289
f 2289 2319 2290
f 2320 2321 2260
f 2321 2322 2260
f 2322 2323 2260
f 2260 2323 2324
f 2324 2325 2260
f 2325 2326 2260
f 2260 2326 2327
f 2327 2328 2260
f 2328 2329 2260
f 2260 2329 2330
f 2329 2331 2330
f 2330 2331 2332
f 2332 2333 2330
f 2333 2334 2330
f 2330 2334 2335
f 2335 2336 2330
f 2336 2337 2330
f 2330 2337 2338
f 2338 2339 2330
f 2339 2340 2330
f 2330 2340 2192
f 2340 2341 2192
f 2192 2341 2306
f 2342 2343 1746
f 2298 2344 2286
f 2344 2345 2286
f 2286 2345 1746
f 2345 2346 1746
f 1746 2346 2342
f 2347 2348 1744
f 2348 2349 1744
f 1744 2349 2260
f 2349 2350 2260
f 2260 2350 2320
f 2351 2352 1744
f 2352 2353 1744
f 1744 2353 2347
f 2343 2354 1746
f 2354 2355 1746
f 1746 2355 2356
f 2356 2357 1746
f 2357 2358 1746
f 1746 2358 1744
f 2358 2359 1744
f 1744 2359 2351
f 2360 2361 1437
f 2361 2362 1437
f 1437 2362 2363
f 2364 2365 1784
f 2365 2366 1784
f 1784 2366 2367
f 1437 2368 2369
f 1784 2370 2371
f 2372 2373 1784
f 2373 2374 1784
f 1829 2375 1828
f 2375 2376 1828
f 1828 2376 2377
f 2378 2379 1436
f 2379 2380 1436
f 1436 2380 1437
f 2380 2381 1437
f 1437 2381 2368
f 2369 2382 1437
f 2382 2383 1437
f 1437 2383 2360
f 2367 2384 1784
f 2384 2385 1784
f 1784 2385 2370
f 2371 2386 1784
f 2386 2387 1784
f 1784 2387 2372
f 2377 2388 1828
f 2388 2389 1828
f 1828 2389 2390
f 1435 2391 1436
f 2391 2392 1436
f 1436 2392 2378
f 2393 1794 2394
f 1794 2395 2394
f 2393 2396 1794
f 2396 2397 1794
f 1794 2397 1810
f 2390 2398 1434
f 2398 2399 1434
f 1434 2399 1435
f 2399 2400 1435
f 1435 2400 2391
f 2374 2401 1784
f 2401 2402 1784
f 1784 2402 1794
f 2402 2403 1794
f 1794 2403 2395
f 2404 2405 1425
f 2405 2406 1425
f 2407 2408 2409
f 2408 2410 2409
f 2411 2412 1425
f 2412 2413 1425
f 1425 2413 2414
f 2414 2415 1425
f 2415 2416 1425
f 1425 2416 2404
f 2409 2417 2418
f 2419 2420 2409
f 2420 2421 2409
f 2409 2421 2407
f 2410 2422 2409
f 2422 2423 2409
f 2409 2423 2411
f 1428 1427 2424
f 2418 2425 2409
f 2425 2426 2409
f 2409 2426 2419
f 2406 2427 1425
f 2427 2428 1425
f 1425 2428 1426
f 2428 2429 1426
f 1426 2429 2430
f 2430 2431 1426
f 2431 2432 1426
f 1426 2432 1427
f 2432 2433 1427
f 1427 2433 2424
f 1866 2434 1864
f 2434 2435 1864
f 1864 2435 2436
f 1434 1433 2390
f 1433 1432 2390
f 2390 1432 1828
f 1432 1431 1828
f 1828 1431 1430
f 2436 2437 1864
f 2437 2438 1864
f 1864 2438 2409
f 2438 2439 2409
f 2409 2439 2417
f 2424 2440 1428
f 2440 2441 1428
f 1428 2441 1429
f 2441 2442 1429
f 1429 2442 1430
f 2442 2443 1430
f 1430 2443 1828
f 2443 2444 1828
f 1828 2444 1842
f 2445 2446 2447
f 2448 2449 1447
f 2450 2451 1449
f 2446 2452 2447
f 2452 2453 2447
f 2447 2453 2454
f 2455 2456 2216
f 2449 2457 1447
f 2457 2458 1447
f 1447 2458 1448
f 2458 2459 1448
f 1448 2459 2460
f 2461 2462 2447
f 2462 2463 2447
f 2447 2463 2464
f 2454 2465 2447
f 2465 2466 2447
f 2447 2466 2216
f 2466 2467 2216
f 2216 2467 2455
f 2456 2468 2216
f 2468 2469 2216
f 2216 2469 2470
f 2216 2471 2472
f 2473 2474 1447
f 2460 2475 1448
f 2475 2476 1448
f 1448 2476 1449
f 2476 2477 1449
f 1449 2477 2450
f 2451 2478 1449
f 2478 2479 1449
f 1449 2479 1450
f 2479 2480 1450
f 1450 2480 2481
f 2482 2483 1451
f 2483 2484 1451
f 1451 2484 2485
f 1451 2486 2487
f 2488 2489 1451
f 2489 2461 1451
f 2464 2490 2447
f 2490 2491 2447
f 2447 2491 2492
f 2470 2493 2216
f 2493 2494 2216
f 2216 2494 2471
f 2474 2495 1447
f 2495 2496 1447
f 1447 2496 2448
f 2481 2497 1450
f 2497 2498 1450
f 1450 2498 1451
f 2498 2499 1451
f 1451 2499 2482
f 2485 2500 1451
f 2500 2501 1451
f 1451 2501 2486
f 2492 2502 2447
f 2502 2503 2447
f 2447 2503 2445
f 2504 2505 1447
f 2505 2506 1447
f 1447 2506 2507
f 2507 2508 1447
f 2508 2509 1447
f 1447 2509 2473
f 2487 2510 1451
f 2510 2511 1451
f 1451 2511 2488
f 2472 2512 2216
f 2512 2513 2216
f 2216 2513 2514
f 2514 2515 2216
f 2515 2516 2216
f 2216 2516 2517
f 2461 2447 1451
f 2447 2166 1451
f 1451 2166 1452
f 1452 2166 1453
f 2166 1514 1453
f 1453 1514 1454
f 1477 1476 1514
f 1476 1455 1514
f 1514 1455 1454
f 1459 1479 1460
f 1479 2055 1460
f 1460 2055 2080
f 1459 1458 1479
f 1458 1457 1479
f 1479 1457 1476
f 1457 1456 1476
f 1476 1456 1455
f 1994 2006 1402
f 2006 2008 1402
f 1402 2008 1403
f 2008 1404 1403
f 1467 1406 2008
f 1406 1405 2008
f 2008 1405 1404
f 1473 1410 1963
f 1410 1409 1963
f 1963 1409 1408
f 1414 1472 1885
f 1472 1897 1885
f 1885 1897 1898
f 1414 1413 1472
f 1413 1412 1472
f 1472 1412 1473
f 1412 1411 1473
f 1473 1411 1410
f 1419 1418 1881
f 1418 1417 1881
f 1417 1416 1881
f 1881 1416 1885
f 1416 1415 1885
f 1885 1415 1414
f 2411 1425 2409
f 1425 1424 2409
f 2409 1424 1423
f 1420 2518 1421
f 2518 2409 1421
f 1421 2409 1422
f 2409 1423 1422
f 1440 1439 1784
f 2363 2364 1437
f 2364 1784 1437
f 1437 1784 1438
f 1784 1439 1438
f 2517 2504 2216
f 2504 1447 2216
f 2216 1447 1713
f 1447 1446 1713
f 1713 1446 1445
f 1445 1444 1713
f 1444 1443 1713
f 1713 1443 1766
f 1443 1442 1766
f 1766 1442 1784
f 1442 1441 1784
f 1784 1441 1440
f 2042 1967 2008
f 1967 1966 2008
f 2008 1966 1467
f 1966 1963 1467
f 1467 1963 1407
f 1963 1408 1407
f 2519 2520 1557
f 2521 2522 2523
f 2522 1557 2523
f 2523 1557 2524
f 2520 2525 1557
f 2525 2526 1557
f 1557 2526 2527
f 2521 2528 2522
f 2528 2529 2522
f 2522 2529 2530
f 2531 2532 1558
f 2532 2533 1558
f 1558 2533 2534
f 2535 2536 2312
f 2536 2537 2312
f 2537 2538 2312
f 2312 2538 2539
f 1558 2312 2540
f 2540 2541 1558
f 2541 2542 1558
f 1558 2542 2543
f 2534 2544 1558
f 2544 2545 1558
f 1558 2545 2546
f 2530 2547 2522
f 2547 2548 2522
f 2522 2548 2549
f 2550 2551 2312
f 2539 2552 2312
f 2552 2553 2312
f 2312 2553 2540
f 2543 2554 1558
f 2554 2555 1558
f 1558 2555 2531
f 2556 2557 1557
f 2527 2558 1557
f 2558 2559 1557
f 1557 2559 2524
f 2549 2560 2522
f 2560 2561 2522
f 2522 2561 2562
f 2563 2564 2312
f 2551 2565 2312
f 2565 2566 2312
f 2312 2566 2535
f 2563 2312 2567
f 2546 2568 1558
f 2568 2569 1558
f 1558 2569 2570
f 2570 2571 1558
f 2571 2572 1558
f 1558 2572 1557
f 2572 2573 1557
f 1557 2573 2556
f 2562 2574 2522
f 2574 2575 2522
f 2522 2575 2576
f 2577 2522 2578
f 2522 2579 2578
f 2557 2580 1557
f 2580 2581 1557
f 1557 2581 2582
f 2582 2583 1557
f 2583 2584 1557
f 1557 2584 2585
f 2576 2586 2522
f 2586 2587 2522
f 2522 2587 2579
f 2564 2588 2312
f 2588 2589 2312
f 2312 2589 2550
f 2585 2590 1557
f 2590 2591 1557
f 1557 2591 2519
f 1556 1554 1558
f 1554 1553 1558
f 1558 1553 2312
f 1553 2192 2312
f 2312 2192 2310
f 2192 2309 2310
f 1601 1604 1565
f 1604 1557 1565
f 1565 1557 2592
f 1557 2522 2592
f 2592 2522 2593
f 2522 2594 2593
f 2593 2594 2595
f 2594 2596 2595
f 2595 2596 1635
f 2196 1468 2192
f 1468 1470 2192
f 2192 1470 2330
f 1470 2597 2330
f 2330 2597 2260
f 2597 2209 2260
f 2260 2209 2264
f 2209 2211 2264
f 2157 2171 1470
f 2171 2166 1470
f 1470 2166 2597
f 2166 2447 2597
f 2597 2447 2209
f 2447 2216 2209
f 2209 2216 2232
f 2216 2215 2232
f 2598 2599 2286
f 1651 2600 2601
f 2602 2603 2596
f 2603 2604 2596
f 2604 2605 2596
f 2596 2605 2606
f 2601 2607 1651
f 2607 2608 1651
f 1651 2608 2609
f 2610 2611 1746
f 2606 2612 2596
f 2612 2613 2596
f 2596 2613 2614
f 2614 2600 2596
f 2600 1651 2596
f 2596 1651 1635
f 1651 1708 1635
f 1635 1708 1696
f 2609 2615 1651
f 2615 2616 1651
f 1651 2616 2617
f 2610 1746 2618
f 2599 2619 2286
f 2619 2620 2286
f 2286 2620 2621
f 2621 2622 2286
f 2622 2623 2286
f 2286 2623 2624
f 2617 2625 1651
f 2625 2626 1651
f 1651 2626 2627
f 2611 2628 1746
f 2628 2629 1746
f 1746 2629 2286
f 2629 2630 2286
f 2286 2630 2598
f 2631 2632 1746
f 2632 2633 1746
f 1746 2633 2634
f 2634 2635 1746
f 2635 2636 1746
f 1746 2636 2618
f 1651 2637 2638
f 2639 2286 2640
f 2286 2641 2640
f 2642 2643 2596
f 2643 2644 2596
f 2596 2644 2645
f 2646 2647 2596
f 2647 2648 2596
f 2596 2648 2602
f 2627 2649 1651
f 2649 2650 1651
f 1651 2650 2637
f 2651 2652 1746
f 2652 2653 1746
f 1746 2653 2654
f 2624 2655 2286
f 2655 2656 2286
f 2286 2656 2641
f 2657 2658 2596
f 2658 2659 2596
f 2596 2659 2646
f 2638 2660 1651
f 2660 2661 1651
f 1651 2661 2662
f 2654 2663 1746
f 2663 2664 1746
f 1746 2664 2631
f 2639 2642 2286
f 2642 2596 2286
f 2286 2596 2289
f 2596 2594 2289
f 2289 2594 2312
f 2594 2522 2312
f 2312 2522 2567
f 2522 2577 2567
f 2645 2665 2596
f 2665 2666 2596
f 2596 2666 2657
f 2662 2667 1651
f 2667 2668 1651
f 1651 2668 1746
f 2668 2669 1746
f 1746 2669 2651
f 1420 1419 2518
f 1419 1881 2518
f 2518 1881 2409
f 1881 1878 2409
f 2409 1878 1864
f 1878 1876 1864
f 1864 1876 1874
f 1876 1875 1874
f 1104 1780 1796
f 1104 1796 1102
f 1796 1795 1102
f 1102 1795 1101
f 1795 1793 1101
f 1101 1793 296
f 1793 1792 296
f 296 1792 297
f 1792 1797 297
f 297 1797 1063
f 1797 1800 1063
f 1063 1800 1046
f 1800 1815 1046
f 1046 1815 1044
f 1815 1820 1044
f 1044 1820 1039
f 1820 1824 1039
f 1039 1824 1041
f 1824 1803 1041
f 1041 1803 1076
f 1803 1805 1076
f 1076 1805 1089
f 1089 1805 994
f 1805 1807 994
f 994 1807 1007
f 1807 1839 1007
f 1007 1839 974
f 1839 1837 974
f 974 1837 975
f 1837 1836 975
f 975 1836 955
f 1836 1851 955
f 955 1851 945
f 1851 1856 945
f 945 1856 968
f 1856 1854 968
f 968 1854 937
f 1854 1873 937
f 937 1873 938
f 1873 1874 938
f 938 1874 939
f 1874 1875 939
f 939 1875 940
f 1875 1877 940
f 940 1877 941
f 1877 1879 941
f 941 1879 942
f 1879 1880 942
f 942 1880 302
f 1880 1882 302
f 302 1882 935
f 1882 1887 935
f 935 1887 304
f 1887 1886 304
f 304 1886 305
f 1886 1884 305
f 305 1884 892
f 1884 1883 892
f 892 1883 859
f 1883 1928 859
f 859 1928 854
f 1928 1471 854
f 854 1471 850
f 1471 1965 850
f 850 1965 878
f 1965 1964 878
f 878 1964 847
f 1964 1962 847
f 847 1962 1241
f 1962 1961 1241
f 1241 1961 844
f 1961 1971 844
f 844 1971 845
f 1971 1970 845
f 845 1970 846
f 1970 1969 846
f 846 1969 840
f 1969 1968 840
f 840 1968 841
f 1968 1967 841
f 841 1967 842
f 1967 2042 842
f 842 2042 843
f 2042 2022 843
f 843 2022 786
f 2022 2024 786
f 786 2024 799
f 2024 1996 799
f 799 1996 766
f 1996 1974 766
f 766 1974 758
f 1974 1979 758
f 758 1979 759
f 1979 2000 759
f 759 2000 827
f 2000 2032 827
f 827 2032 832
f 832 2032 734
f 2032 2013 734
f 734 2013 732
f 2013 2124 732
f 2124 2092 732
f 732 2092 713
f 2092 2091 713
f 713 2091 697
f 2091 2103 697
f 697 2103 690
f 2103 2069 690
f 690 2069 685
f 2069 2071 685
f 685 2071 683
f 2071 2075 683
f 683 2075 672
f 2075 2135 672
f 672 2135 666
f 2135 2134 666
f 666 2134 667
f 2134 2133 667
f 667 2133 668
f 2133 2136 668
f 668 2136 669
f 2136 1487 669
f 669 1487 670
f 1897 900 1898
f 900 918 1898
f 1898 918 1899
f 918 917 1899
f 1899 917 1903
f 917 916 1903
f 1903 916 1904
f 916 915 1904
f 1904 915 1905
f 915 913 1905
f 1905 913 1924
f 913 934 1924
f 1924 934 1925
f 934 933 1925
f 1925 933 1926
f 933 931 1926
f 1926 931 1941
f 931 929 1941
f 1941 929 1942
f 929 928 1942
f 1942 928 1943
f 928 927 1943
f 1943 927 1944
f 927 926 1944
f 1944 926 1945
f 926 925 1945
f 1945 925 1946
f 925 924 1946
f 1946 924 1947
f 924 923 1947
f 1947 923 1948
f 923 922 1948
f 1948 922 1949
f 922 919 1949
f 1949 919 1950
f 919 920 1950
f 1950 920 1951
f 920 921 1951
f 1951 921 1952
f 921 868 1952
f 1952 868 1900
f 868 867 1900
f 1900 867 1901
f 867 866 1901
f 1901 866 1902
f 866 865 1902
f 1902 865 1906
f 865 864 1906
f 1906 864 1907
f 864 863 1907
f 1907 863 1908
f 863 862 1908
f 1908 862 1909
f 862 897 1909
f 1909 897 1910
f 897 896 1910
f 1910 896 1911
f 896 895 1911
f 1911 895 1912
f 895 891 1912
f 1912 891 1913
f 891 893 1913
f 1913 893 1914
f 893 894 1914
f 1914 894 1930
f 894 861 1930
f 1930 861 1929
f 861 860 1929
f 1929 860 1927
f 860 858 1927
f 1927 858 1931
f 858 857 1931
f 1931 857 1932
f 857 853 1932
f 1932 853 1933
f 853 855 1933
f 1933 855 1917
f 855 856 1917
f 1917 856 1916
f 856 852 1916
f 1916 852 1915
f 852 851 1915
f 1915 851 1934
f 851 877 1934
f 1934 877 1935
f 877 879 1935
f 1935 879 1936
f 879 890 1936
f 1936 890 1953
f 890 849 1953
f 1953 849 1954
f 849 848 1954
f 1954 848 1955
f 848 908 1955
f 1955 908 1959
f 908 907 1959
f 1959 907 1960
f 907 876 1960
f 1960 876 1937
f 876 875 1937
f 1937 875 1938
f 875 889 1938
f 1938 889 1956
f 889 888 1956
f 1956 888 1957
f 888 887 1957
f 1957 887 1958
f 887 886 1958
f 1958 886 1890
f 886 885 1890
f 1890 885 1891
f 885 911 1891
f 1891 911 1939
f 911 910 1939
f 1939 910 1940
f 910 906 1940
f 1940 906 1918
f 906 905 1918
f 1918 905 1919
f 905 904 1919
f 1919 904 1920
f 904 873 1920
f 1920 873 1921
f 873 872 1921
f 1921 872 1922
f 872 909 1922
f 1922 909 1923
f 909 869 1923
f 1923 869 1888
f 869 903 1888
f 1888 903 1889
f 903 902 1889
f 1889 902 1892
f 902 901 1892
f 1892 901 1893
f 901 883 1893
f 1893 883 1894
f 883 881 1894
f 1894 881 1895
f 881 880 1895
f 1895 880 1896
f 880 898 1896
f 1896 898 1897
f 898 900 1897
f 2443 1012 2444
f 1012 1011 2444
f 2444 1011 1842
f 1011 1010 1842
f 1842 1010 1843
f 1010 1015 1843
f 1843 1015 1844
f 1015 1014 1844
f 1844 1014 1845
f 1014 1013 1845
f 1845 1013 1834
f 1013 993 1834
f 1834 993 1835
f 993 992 1835
f 1835 992 1846
f 992 1009 1846
f 1846 1009 1847
f 1009 1008 1847
f 1847 1008 1848
f 1008 1006 1848
f 1848 1006 1840
f 1006 1005 1840
f 1840 1005 1841
f 1005 976 1841
f 1841 976 1838
f 976 986 1838
f 1838 986 1849
f 986 985 1849
f 1849 985 1850
f 985 984 1850
f 1850 984 1852
f 984 944 1852
f 1852 944 1859
f 944 943 1859
f 1859 943 1860
f 943 973 1860
f 1860 973 1861
f 973 972 1861
f 1861 972 1858
f 972 971 1858
f 1858 971 1857
f 971 970 1857
f 1857 970 1855
f 970 969 1855
f 1855 969 1853
f 969 967 1853
f 1853 967 1867
f 967 966 1867
f 1867 966 1868
f 966 952 1868
f 1868 952 1869
f 952 953 1869
f 1869 953 1870
f 953 954 1870
f 1870 954 1871
f 954 983 1871
f 1871 983 1872
f 983 982 1872
f 1872 982 1862
f 982 965 1862
f 1862 965 1863
f 965 964 1863
f 1863 964 1865
f 964 963 1865
f 1865 963 1866
f 963 1004 1866
f 1866 1004 2434
f 1004 1003 2434
f 2434 1003 2435
f 1003 1002 2435
f 2435 1002 2436
f 1002 300 2436
f 2436 300 2437
f 300 299 2437
f 2437 299 2438
f 299 956 2438
f 2438 956 2439
f 956 981 2439
f 2439 981 2417
f 981 980 2417
f 2417 980 2418
f 980 979 2418
f 2418 979 2425
f 979 978 2425
f 2425 978 2426
f 978 977 2426
f 2426 977 2419
f 977 962 2419
f 2419 962 2420
f 962 961 2420
f 2420 961 2421
f 961 960 2421
f 2421 960 2407
f 960 959 2407
f 2407 959 2408
f 959 958 2408
f 2408 958 2410
f 958 957 2410
f 2410 957 2422
f 957 951 2422
f 2422 951 2423
f 951 950 2423
f 2423 950 2411
f 950 949 2411
f 2411 949 2412
f 949 948 2412
f 2412 948 2413
f 948 947 2413
f 2413 947 2414
f 947 946 2414
f 2414 946 2415
f 946 991 2415
f 2415 991 2416
f 991 990 2416
f 2416 990 2404
f 990 1001 2404
f 2404 1001 2405
f 1001 1000 2405
f 2405 1000 2406
f 1000 989 2406
f 2406 989 2427
f 989 988 2427
f 2427 988 2428
f 988 999 2428
f 2428 999 2429
f 999 998 2429
f 2429 998 2430
f 998 995 2430
f 2430 995 2431
f 995 996 2431
f 2431 996 2432
f 996 997 2432
f 2432 997 2433
f 997 1020 2433
f 2433 1020 2424
f 1020 1019 2424
f 2424 1019 2440
f 1019 1018 2440
f 2440 1018 2441
f 1018 1017 2441
f 2441 1017 2442
f 1017 1016 2442
f 2442 1016 2443
f 1016 1012 2443
f 2394 1100 2393
f 1100 1099 2393
f 2393 1099 2396
f 1099 1098 2396
f 2396 1098 2397
f 1098 1097 2397
f 2397 1097 1810
f 1097 1096 1810
f 1810 1096 1798
f 1096 1095 1798
f 1798 1095 1799
f 1095 1094 1799
f 1799 1094 1830
f 1094 1093 1830
f 1830 1093 1831
f 1093 1092 1831
f 1831 1092 1812
f 1092 1065 1812
f 1812 1065 1811
f 1065 1064 1811
f 1811 1064 1801
f 1064 1062 1801
f 1801 1062 1802
f 1062 1061 1802
f 1802 1061 1813
f 1061 1048 1813
f 1813 1048 1814
f 1048 1047 1814
f 1814 1047 1816
f 1047 1045 1816
f 1816 1045 1817
f 1045 1043 1817
f 1817 1043 1818
f 1043 1042 1818
f 1818 1042 1819
f 1042 1060 1819
f 1819 1060 1821
f 1060 1059 1821
f 1821 1059 1822
f 1059 1058 1822
f 1822 1058 1823
f 1058 1038 1823
f 1823 1038 1825
f 1038 1040 1825
f 1825 1040 1826
f 1040 1078 1826
f 1826 1078 1827
f 1078 1077 1827
f 1827 1077 1804
f 1077 1091 1804
f 1804 1091 1806
f 1091 1090 1806
f 1806 1090 1808
f 1090 1088 1808
f 1808 1088 1809
f 1088 1087 1809
f 1809 1087 1832
f 1087 1086 1832
f 1832 1086 1833
f 1086 1085 1833
f 1833 1085 1829
f 1085 1084 1829
f 1829 1084 2375
f 1084 1075 2375
f 2375 1075 2376
f 1075 1074 2376
f 2376 1074 2377
f 1074 1073 2377
f 2377 1073 2388
f 1073 1072 2388
f 2388 1072 2389
f 1072 1071 2389
f 2389 1071 2390
f 1071 1070 2390
f 2390 1070 2398
f 1070 1057 2398
f 2398 1057 2399
f 1057 1056 2399
f 2399 1056 2400
f 1056 1055 2400
f 2400 1055 2391
f 1055 1054 2391
f 2391 1054 2392
f 1054 1053 2392
f 2392 1053 2378
f 1053 1052 2378
f 2378 1052 2379
f 1052 1037 2379
f 2379 1037 2380
f 1037 1036 2380
f 2380 1036 2381
f 1036 1035 2381
f 2381 1035 2368
f 1035 1032 2368
f 2368 1032 2369
f 1032 1031 2369
f 2369 1031 2382
f 1031 1034 2382
f 2382 1034 2383
f 1034 1033 2383
f 2383 1033 2360
f 1033 1027 2360
f 2360 1027 2361
f 1027 1026 2361
f 2361 1026 2362
f 1026 1025 2362
f 2362 1025 2363
f 1025 1024 2363
f 2363 1024 2364
f 1024 1030 2364
f 2364 1030 2365
f 1030 1029 2365
f 2365 1029 2366
f 1029 1028 2366
f 2366 1028 2367
f 1028 1023 2367
f 2367 1023 2384
f 1023 1022 2384
f 2384 1022 2385
f 1022 1069 2385
f 2385 1069 2370
f 1069 1068 2370
f 2370 1068 2371
f 1068 1051 2371
f 2371 1051 2386
f 1051 1050 2386
f 2386 1050 2387
f 1050 1049 2387
f 2387 1049 2372
f 1049 1083 2372
f 2372 1083 2373
f 1083 1082 2373
f 2373 1082 2374
f 1082 1081 2374
f 2374 1081 2401
f 1081 1080 2401
f 2401 1080 2402
f 1080 1079 2402
f 2402 1079 2403
f 1079 1067 2403
f 2403 1067 2395
f 1067 1066 2395
f 2395 1066 2394
f 1066 1100 2394
f 2065 754 2066
f 754 753 2066
f 2066 753 2078
f 753 752 2078
f 2078 752 2079
f 752 727 2079
f 2079 727 2056
f 727 726 2056
f 2056 726 2057
f 726 725 2057
f 2057 725 2058
f 725 703 2058
f 2058 703 2059
f 703 702 2059
f 2059 702 2060
f 702 701 2060
f 2060 701 2061
f 701 700 2061
f 2061 700 2062
f 700 699 2062
f 2062 699 2063
f 699 698 2063
f 2063 698 2054
f 698 680 2054
f 2054 680 2055
f 680 679 2055
f 2055 679 2080
f 679 678 2080
f 2080 678 2081
f 678 674 2081
f 2081 674 2082
f 674 673 2082
f 2082 673 2083
f 673 696 2083
f 2083 696 2084
f 696 695 2084
f 2084 695 2085
f 695 694 2085
f 2085 694 2099
f 694 693 2099
f 2099 693 2100
f 693 692 2100
f 2100 692 2101
f 692 691 2101
f 2101 691 2089
f 691 676 2089
f 2089 676 2090
f 676 675 2090
f 2090 675 2116
f 675 724 2116
f 2116 724 2117
f 724 723 2117
f 2117 723 2118
f 723 707 2118
f 2118 707 2109
f 707 706 2109
f 2109 706 2110
f 706 705 2110
f 2110 705 2111
f 705 722 2111
f 2111 722 2112
f 722 721 2112
f 2112 721 2113
f 721 719 2113
f 2113 719 2129
f 719 717 2129
f 2129 717 2130
f 717 715 2130
f 2130 715 2131
f 715 714 2131
f 2131 714 2127
f 714 308 2127
f 2127 308 2128
f 308 307 2128
f 2128 307 2132
f 307 742 2132
f 2132 742 2114
f 742 741 2114
f 2114 741 2115
f 741 740 2115
f 2115 740 2119
f 740 739 2119
f 2119 739 2120
f 739 738 2120
f 2120 738 2121
f 738 737 2121
f 2121 737 2122
f 737 736 2122
f 2122 736 2123
f 736 735 2123
f 2123 735 2125
f 735 733 2125
f 2125 733 2126
f 733 731 2126
f 2126 731 2093
f 731 730 2093
f 2093 730 2105
f 730 712 2105
f 2105 712 2104
f 712 711 2104
f 2104 711 2102
f 711 689 2102
f 2102 689 2106
f 689 688 2106
f 2106 688 2107
f 688 710 2107
f 2107 710 2108
f 710 709 2108
f 2108 709 2067
f 709 708 2067
f 2067 708 2068
f 708 687 2068
f 2068 687 2070
f 687 686 2070
f 2070 686 2072
f 686 684 2072
f 2072 684 2073
f 684 682 2073
f 2073 682 2088
f 682 681 2088
f 2088 681 2087
f 681 751 2087
f 2087 751 2086
f 751 750 2086
f 2086 750 2094
f 750 749 2094
f 2094 749 2095
f 749 748 2095
f 2095 748 2096
f 748 747 2096
f 2096 747 2097
f 747 746 2097
f 2097 746 2098
f 746 745 2098
f 2098 745 2077
f 745 744 2077
f 2077 744 2076
f 744 743 2076
f 2076 743 2074
f 743 729 2074
f 2074 729 2064
f 729 728 2064
f 2064 728 2065
f 728 754 2065
f 1177 2670 1164
f 2670 2671 1164
f 1164 2671 1189
f 2671 2672 1189
f 1189 2672 1183
f 2672 332 1183
f 332 2672 367
f 2672 2673 367
f 367 2673 365
f 2673 2674 365
f 365 2674 366
f 2674 2675 366
f 366 2675 339
f 2675 2676 339
f 339 2676 381
f 2676 2677 381
f 381 2677 355
f 2677 2678 355
f 355 2678 356
f 2678 2679 356
f 356 2679 401
f 2679 2680 401
f 401 2680 402
f 2680 2681 402
f 402 2681 390
f 2681 2682 390
f 390 2682 391
f 2682 2683 391
f 391 2683 392
f 2683 2684 392
f 392 2684 414
f 2684 2685 414
f 414 2685 415
f 2685 2686 415
f 415 2686 416
f 416 2686 462
f 2686 2687 462
f 462 2687 463
f 2687 2688 463
f 2688 2689 463
f 463 2689 461
f 2689 2690 461
f 461 2690 406
f 2690 2691 406
f 406 2691 315
f 2691 2692 315
f 315 2692 432
f 2692 2693 432
f 432 2693 453
f 2693 2694 453
f 453 2694 405
f 2694 2695 405
f 405 2695 411
f 2695 2696 411
f 411 2696 480
f 2696 2697 480
f 480 2697 484
f 2697 2698 484
f 484 2698 1191
f 2698 2699 1191
f 1191 2699 1192
f 2699 2700 1192
f 1192 2700 1193
f 2700 2701 1193
f 2701 2702 1193
f 1193 2702 1194
f 2702 2703 1194
f 1194 2703 1199
f 2703 2704 1199
f 1199 2704 1200
f 2704 2705 1200
f 1200 2705 1201
f 2705 2706 1201
f 1201 2706 1195
f 2706 2707 1195
f 1195 2707 1196
f 2707 2708 1196
f 1196 2708 1197
f 2708 2709 1197
f 1197 2709 1198
f 2709 2710 1198
f 1198 2710 561
f 2710 2711 561
f 561 2711 562
f 562 2711 568
f 2711 2712 568
f 568 2712 558
f 2712 2713 558
f 558 2713 548
f 2713 2714 548
f 548 2714 512
f 2714 2715 512
f 512 2715 507
f 2715 2716 507
f 507 2716 505
f 2716 2717 505
f 505 2717 528
f 2717 2718 528
f 528 2718 530
f 2718 2719 530
f 530 2719 531
f 2719 2720 531
f 2720 2721 531
f 531 2721 532
f 2721 2722 532
f 532 2722 497
f 2722 2723 497
f 497 2723 498
f 2723 2724 498
f 1152 1107 2725
f 1107 585 2725
f 2725 585 2726
f 585 593 2726
f 2726 593 2727
f 593 592 2727
f 2727 592 2728
f 592 643 2728
f 2728 643 2729
f 643 633 2729
f 2729 633 2730
f 633 596 2730
f 2730 596 2731
f 596 624 2731
f 2731 624 2732
f 624 601 2732
f 2732 601 2733
f 601 603 2733
f 2733 603 2734
f 603 610 2734
f 2734 610 2735
f 610 589 2735
f 2735 589 2736
f 589 588 2736
f 2736 588 2737
f 588 607 2737
f 2737 607 2724
f 607 606 2724
f 2724 606 498
f 1152 2725 1119
f 2725 2738 1119
f 1119 2738 1114
f 2738 2739 1114
f 1114 2739 1115
f 2739 2740 1115
f 1115 2740 1135
f 2740 2741 1135
f 1135 2741 1150
f 2741 2742 1150
f 1150 2742 1169
f 2742 2743 1169
f 1169 2743 1167
f 2743 2744 1167
f 1167 2744 1177
f 2744 2745 1177
f 1177 2745 2670
f 2746 2541 2747
f 2541 2540 2747
f 2747 2540 2748
f 2540 2553 2748
f 2748 2553 2749
f 2553 2552 2749
f 2749 2552 2750
f 2552 2539 2750
f 2750 2539 2751
f 2539 2538 2751
f 2751 2538 2752
f 2538 2537 2752
f 2752 2537 2753
f 2537 2536 2753
f 2753 2536 2754
f 2536 2535 2754
f 2754 2535 2755
f 2535 2566 2755
f 2755 2566 2756
f 2566 2565 2756
f 2756 2565 2757
f 2565 2551 2757
f 2757 2551 2758
f 2551 2550 2758
f 2758 2550 2759
f 2550 2589 2759
f 2759 2589 2760
f 2589 2588 2760
f 2760 2588 2761
f 2588 2564 2761
f 2761 2564 2762
f 2564 2563 2762
f 2762 2563 2763
f 2563 2567 2763
f 2763 2567 2764
f 2567 2577 2764
f 2764 2577 2765
f 2577 2578 2765
f 2765 2578 2766
f 2578 2579 2766
f 2766 2579 2767
f 2579 2587 2767
f 2767 2587 2768
f 2587 2586 2768
f 2768 2586 2769
f 2586 2576 2769
f 2769 2576 2770
f 2576 2575 2770
f 2770 2575 2771
f 2575 2574 2771
f 2771 2574 2772
f 2574 2562 2772
f 2772 2562 2773
f 2562 2561 2773
f 2773 2561 2774
f 2561 2560 2774
f 2774 2560 2775
f 2560 2549 2775
f 2775 2549 2776
f 2549 2548 2776
f 2776 2548 2777
f 2548 2547 2777
f 2777 2547 2778
f 2547 2530 2778
f 2778 2530 2779
f 2530 2529 2779
f 2779 2529 2780
f 2529 2528 2780
f 2780 2528 2781
f 2528 2521 2781
f 2781 2521 2782
f 2521 2523 2782
f 2782 2523 2783
f 2523 2524 2783
f 2783 2524 2784
f 2524 2559 2784
f 2784 2559 2785
f 2559 2558 2785
f 2785 2558 2786
f 2558 2527 2786
f 2786 2527 2787
f 2527 2526 2787
f 2787 2526 2788
f 2526 2525 2788
f 2788 2525 2789
f 2525 2520 2789
f 2789 2520 2790
f 2520 2519 2790
f 2790 2519 2791
f 2519 2591 2791
f 2791 2591 2792
f 2591 2590 2792
f 2792 2590 2793
f 2590 2585 2793
f 2793 2585 2794
f 2585 2584 2794
f 2794 2584 2795
f 2584 2583 2795
f 2795 2583 2796
f 2583 2582 2796
f 2796 2582 2797
f 2582 2581 2797
f 2797 2581 2798
f 2581 2580 2798
f 2798 2580 2799
f 2580 2557 2799
f 2799 2557 2800
f 2557 2556 2800
f 2800 2556 2801
f 2556 2573 2801
f 2801 2573 2802
f 2573 2572 2802
f 2802 2572 2803
f 2572 2571 2803
f 2803 2571 2804
f 2571 2570 2804
f 2804 2570 2805
f 2570 2569 2805
f 2805 2569 2806
f 2569 2568 2806
f 2806 2568 2807
f 2568 2546 2807
f 2807 2546 2808
f 2546 2545 2808
f 2808 2545 2809
f 2545 2544 2809
f 2809 2544 2810
f 2544 2534 2810
f 2810 2534 2811
f 2534 2533 2811
f 2811 2533 2812
f 2533 2532 2812
f 2812 2532 2813
f 2532 2531 2813
f 2813 2531 2814
f 2531 2555 2814
f 2814 2555 2815
f 2555 2554 2815
f 2815 2554 2816
f 2554 2543 2816
f 2816 2543 2817
f 2543 2542 2817
f 2817 2542 2746
f 2542 2541 2746
f 2818 2255 2819
f 2255 2254 2819
f 2819 2254 2820
f 2254 2253 2820
f 2820 2253 2821
f 2253 2252 2821
f 2821 2252 2822
f 2252 2241 2822
f 2822 2241 2823
f 2241 2240 2823
f 2823 2240 2824
f 2240 2239 2824
f 2824 2239 2825
f 2239 2228 2825
f 2825 2228 2826
f 2228 2227 2826
f 2826 2227 2827
f 2227 2226 2827
f 2827 2226 2828
f 2226 2225 2828
f 2828 2225 2829
f 2225 2224 2829
f 2829 2224 2830
f 2224 2223 2830
f 2830 2223 2831
f 2223 2217 2831
f 2831 2217 2832
f 2217 2218 2832
f 2832 2218 2833
f 2218 2219 2833
f 2833 2219 2834
f 2219 2238 2834
f 2834 2238 2835
f 2238 2237 2835
f 2835 2237 2836
f 2237 2236 2836
f 2836 2236 2837
f 2236 2222 2837
f 2837 2222 2838
f 2222 2221 2838
f 2838 2221 2839
f 2221 2220 2839
f 2839 2220 2840
f 2220 2213 2840
f 2840 2213 2841
f 2213 2212 2841
f 2841 2212 2842
f 2212 2283 2842
f 2842 2283 2843
f 2283 2282 2843
f 2843 2282 2844
f 2282 2281 2844
f 2844 2281 2845
f 2281 2275 2845
f 2845 2275 2846
f 2275 2274 2846
f 2846 2274 2847
f 2274 2273 2847
f 2847 2273 2848
f 2273 2269 2848
f 2848 2269 2849
f 2269 2268 2849
f 2849 2268 2850
f 2268 2280 2850
f 2850 2280 2851
f 2280 2279 2851
f 2851 2279 2852
f 2279 2272 2852
f 2852 2272 2853
f 2272 2271 2853
f 2853 2271 2854
f 2271 2270 2854
f 2854 2270 2855
f 2270 2278 2855
f 2855 2278 2856
f 2278 2277 2856
f 2856 2277 2857
f 2277 2276 2857
f 2857 2276 2858
f 2276 2263 2858
f 2858 2263 2859
f 2263 2262 2859
f 2859 2262 2860
f 2262 2261 2860
f 2860 2261 2861
f 2261 2259 2861
f 2861 2259 2862
f 2259 2258 2862
f 2862 2258 2863
f 2258 2267 2863
f 2863 2267 2864
f 2267 2266 2864
f 2864 2266 2865
f 2266 2265 2865
f 2865 2265 2866
f 2265 2264 2866
f 2866 2264 2867
f 2264 2211 2867
f 2867 2211 2868
f 2211 2210 2868
f 2868 2210 2869
f 2210 2249 2869
f 2869 2249 2870
f 2249 2248 2870
f 2870 2248 2871
f 2248 2235 2871
f 2871 2235 2872
f 2235 2234 2872
f 2872 2234 2873
f 2234 2233 2873
f 2873 2233 2874
f 2233 2232 2874
f 2874 2232 2875
f 2232 2215 2875
f 2875 2215 2876
f 2215 2214 2876
f 2876 2214 2877
f 2214 2251 2877
f 2877 2251 2878
f 2251 2250 2878
f 2878 2250 2879
f 2250 2247 2879
f 2879 2247 2880
f 2247 2246 2880
f 2880 2246 2881
f 2246 2245 2881
f 2881 2245 2882
f 2245 2244 2882
f 2882 2244 2883
f 2244 2243 2883
f 2883 2243 2884
f 2243 2242 2884
f 2884 2242 2885
f 2242 2231 2885
f 2885 2231 2886
f 2231 2230 2886
f 2886 2230 2887
f 2230 2229 2887
f 2887 2229 2888
f 2229 2257 2888
f 2888 2257 2889
f 2257 2256 2889
f 2889 2256 2818
f 2256 2255 2818
f 2890 2628 2891
f 2628 2611 2891
f 2891 2611 2892
f 2611 2610 2892
f 2892 2610 2893
f 2610 2618 2893
f 2893 2618 2894
f 2618 2636 2894
f 2894 2636 2895
f 2636 2635 2895
f 2895 2635 2896
f 2635 2634 2896
f 2896 2634 2897
f 2634 2633 2897
f 2897 2633 2898
f 2633 2632 2898
f 2898 2632 2899
f 2632 2631 2899
f 2899 2631 2900
f 2631 2664 2900
f 2900 2664 2901
f 2664 2663 2901
f 2901 2663 2902
f 2663 2654 2902
f 2902 2654 2903
f 2654 2653 2903
f 2903 2653 2904
f 2653 2652 2904
f 2904 2652 2905
f 2652 2651 2905
f 2905 2651 2906
f 2651 2669 2906
f 2906 2669 2907
f 2669 2668 2907
f 2907 2668 2908
f 2668 2667 2908
f 2908 2667 2909
f 2667 2662 2909
f 2909 2662 2910
f 2662 2661 2910
f 2910 2661 2911
f 2661 2660 2911
f 2911 2660 2912
f 2660 2638 2912
f 2912 2638 2913
f 2638 2637 2913
f 2913 2637 2914
f 2637 2650 2914
f 2914 2650 2915
f 2650 2649 2915
f 2915 2649 2916
f 2649 2627 2916
f 2916 2627 2917
f 2627 2626 2917
f 2917 2626 2918
f 2626 2625 2918
f 2918 2625 2919
f 2625 2617 2919
f 2919 2617 2920
f 2617 2616 2920
f 2920 2616 2921
f 2616 2615 2921
f 2921 2615 2922
f 2615 2609 2922
f 2922 2609 2923
f 2609 2608 2923
f 2923 2608 2924
f 2608 2607 2924
f 2924 2607 2925
f 2607 2601 2925
f 2925 2601 2926
f 2601 2600 2926
f 2926 2600 2927
f 2600 2614 2927
f 2927 2614 2928
f 2614 2613 2928
f 2928 2613 2929
f 2613 2612 2929
f 2929 2612 2930
f 2612 2606 2930
f 2930 2606 2931
f 2606 2605 2931
f 2931 2605 2932
f 2605 2604 2932
f 2932 2604 2933
f 2604 2603 2933
f 2933 2603 2934
f 2603 2602 2934
f 2934 2602 2935
f 2602 2648 2935
f 2935 2648 2936
f 2648 2647 2936
f 2936 2647 2937
f 2647 2646 2937
f 2937 2646 2938
f 2646 2659 2938
f 2938 2659 2939
f 2659 2658 2939
f 2939 2658 2940
f 2658 2657 2940
f 2940 2657 2941
f 2657 2666 2941
f 2941 2666 2942
f 2666 2665 2942
f 2942 2665 2943
f 2665 2645 2943
f 2943 2645 2944
f 2645 2644 2944
f 2944 2644 2945
f 2644 2643 2945
f 2945 2643 2946
f 2643 2642 2946
f 2946 2642 2947
f 2642 2639 2947
f 2947 2639 2948
f 2639 2640 2948
f 2948 2640 2949
f 2640 2641 2949
f 2949 2641 2950
f 2641 2656 2950
f 2950 2656 2951
f 2656 2655 2951
f 2951 2655 2952
f 2655 2624 2952
f 2952 2624 2953
f 2624 2623 2953
f 2953 2623 2954
f 2623 2622 2954
f 2954 2622 2955
f 2622 2621 2955
f 2955 2621 2956
f 2621 2620 2956
f 2956 2620 2957
f 2620 2619 2957
f 2957 2619 2958
f 2619 2599 2958
f 2958 2599 2959
f 2599 2598 2959
f 2959 2598 2960
f 2598 2630 2960
f 2960 2630 2961
f 2630 2629 2961
f 2961 2629 2890
f 2629 2628 2890
f 2592 493 1565
f 493 491 1565
f 1565 491 1561
f 1640 489 1635
f 489 488 1635
f 1635 488 2595
f 488 493 2595
f 2595 493 2593
f 493 2592 2593
f 2962 2175 2963
f 2175 2174 2963
f 2963 2174 2964
f 2174 2173 2964
f 2964 2173 2965
f 2173 2172 2965
f 2965 2172 2966
f 2172 2183 2966
f 2966 2183 2967
f 2183 2182 2967
f 2967 2182 2968
f 2182 2179 2968
f 2968 2179 2969
f 2179 2178 2969
f 2969 2178 2970
f 2178 2177 2970
f 2970 2177 2971
f 2177 2170 2971
f 2971 2170 2972
f 2170 2169 2972
f 2972 2169 2973
f 2169 2168 2973
f 2973 2168 2974
f 2168 2167 2974
f 2974 2167 2975
f 2167 2181 2975
f 2975 2181 2976
f 2181 2180 2976
f 2976 2180 2977
f 2180 2165 2977
f 2977 2165 2978
f 2165 2164 2978
f 2978 2164 2979
f 2164 2171 2979
f 2979 2171 2980
f 2171 2157 2980
f 2980 2157 2981
f 2157 2156 2981
f 2981 2156 2982
f 2156 2155 2982
f 2982 2155 2983
f 2155 2154 2983
f 2983 2154 2984
f 2154 2153 2984
f 2984 2153 2985
f 2153 2152 2985
f 2985 2152 2986
f 2152 1469 2986
f 2986 1469 2987
f 1469 1468 2987
f 2987 1468 2988
f 1468 2196 2988
f 2988 2196 2989
f 2196 2195 2989
f 2989 2195 2990
f 2195 2194 2990
f 2990 2194 2991
f 2194 2193 2991
f 2991 2193 2992
f 2193 2191 2992
f 2992 2191 2993
f 2191 2190 2993
f 2993 2190 2994
f 2190 2206 2994
f 2994 2206 2995
f 2206 2205 2995
f 2995 2205 2996
f 2205 2204 2996
f 2996 2204 2997
f 2204 2203 2997
f 2997 2203 2998
f 2203 2189 2998
f 2998 2189 2999
f 2189 2188 2999
f 2999 2188 3000
f 2188 2208 3000
f 3000 2208 3001
f 2208 2207 3001
f 3001 2207 3002
f 2207 2202 3002
f 3002 2202 3003
f 2202 2201 3003
f 3003 2201 3004
f 2201 2200 3004
f 3004 2200 3005
f 2200 2187 3005
f 3005 2187 3006
f 2187 2186 3006
f 3006 2186 3007
f 2186 2185 3007
f 3007 2185 3008
f 2185 2184 3008
f 3008 2184 3009
f 2184 2199 3009
f 3009 2199 3010
f 2199 2198 3010
f 3010 2198 3011
f 2198 2197 3011
f 3011 2197 3012
f 2197 2163 3012
f 3012 2163 3013
f 2163 2162 3013
f 3013 2162 3014
f 2162 2161 3014
f 3014 2161 3015
f 2161 2138 3015
f 3015 2138 3016
f 2138 2137 3016
f 3016 2137 3017
f 2137 2151 3017
f 3017 2151 3018
f 2151 2150 3018
f 3018 2150 3019
f 2150 2149 3019
f 3019 2149 3020
f 2149 2148 3020
f 3020 2148 3021
f 2148 2147 3021
f 3021 2147 3022
f 2147 2146 3022
f 3022 2146 3023
f 2146 2145 3023
f 3023 2145 3024
f 2145 2144 3024
f 3024 2144 3025
f 2144 2143 3025
f 3025 2143 3026
f 2143 2142 3026
f 3026 2142 3027
f 2142 2141 3027
f 3027 2141 3028
f 2141 2140 3028
f 3028 2140 3029
f 2140 2139 3029
f 3029 2139 3030
f 2139 2160 3030
f 3030 2160 3031
f 2160 2159 3031
f 3031 2159 3032
f 2159 2158 3032
f 3032 2158 3033
f 2158 2176 3033
f 3033 2176 2962
f 2176 2175 2962
f 3033 2962 2727
f 3034 3035 2992
f 3036 3037 2990
f 3038 3039 2992
f 3039 3040 2992
f 2992 3040 3041
f 3035 3042 2992
f 3042 3036 2992
f 2992 3036 2991
f 3036 2990 2991
f 2726 3043 2725
f 3043 3044 2725
f 2725 3044 2738
f 3044 3045 2738
f 2738 3045 2739
f 3045 3046 2739
f 2739 3046 2740
f 3046 3047 2740
f 2740 3047 2741
f 3047 3048 2741
f 2741 3048 2742
f 3048 3049 2742
f 2742 3049 2743
f 3049 3050 2743
f 2743 3050 2744
f 3050 3051 2744
f 2744 3051 2745
f 3051 3052 2745
f 2745 3052 2670
f 3053 3054 2720
f 3054 3055 2720
f 2720 3055 3056
f 2995 2996 3057
f 3024 3025 2729
f 2727 2962 2726
f 2962 2963 2726
f 2726 2963 2964
f 3037 3058 2990
f 3058 3059 2990
f 2990 3059 2989
f 3059 3060 2989
f 2989 3060 2988
f 3060 3061 2988
f 3041 3062 2992
f 3062 3063 2992
f 2992 3063 3034
f 3064 3065 3066
f 3065 3067 3066
f 3038 2992 3068
f 2992 2993 3068
f 3068 2993 3057
f 2993 2994 3057
f 3057 2994 2995
f 3067 3069 3066
f 3069 3070 3066
f 3066 3070 3071
f 3056 3072 2720
f 3072 3073 2720
f 2720 3073 3074
f 3074 3075 2720
f 3075 3076 2720
f 2720 3076 3057
f 2733 3012 2732
f 3012 3013 2732
f 3013 3014 2732
f 3014 3015 2732
f 2732 3015 2731
f 3015 3016 2731
f 3025 3026 2729
f 3026 3027 2729
f 2729 3027 2728
f 3027 3028 2728
f 2728 3028 3029
f 3071 3077 3066
f 3077 3078 3066
f 3066 3078 2720
f 3078 3079 2720
f 2720 3079 3053
f 2996 2997 3057
f 2997 2998 3057
f 3057 2998 2720
f 2998 2999 2720
f 2720 2999 3000
f 3016 3017 2731
f 3017 3018 2731
f 2731 3018 2730
f 3018 3019 2730
f 2730 3019 3020
f 3029 3030 2728
f 3030 3031 2728
f 2728 3031 2727
f 3031 3032 2727
f 2727 3032 3033
f 2964 2965 2726
f 2965 2966 2726
f 2726 2966 2967
f 2967 2968 2726
f 2968 2969 2726
f 2726 2969 2970
f 2970 2971 2726
f 2971 2972 2726
f 2726 2972 2973
f 3061 3080 2988
f 3080 3043 2988
f 2988 3043 2987
f 3043 2986 2987
f 3081 3082 3066
f 3082 3083 3066
f 3066 3083 3064
f 3000 3001 2720
f 3001 3002 2720
f 2720 3002 2721
f 3002 3003 2721
f 2721 3003 2722
f 3003 3004 2722
f 2722 3004 2723
f 3004 3005 2723
f 2723 3005 2724
f 3005 3006 2724
f 2724 3006 2737
f 3006 3007 2737
f 2737 3007 2736
f 3007 3008 2736
f 2736 3008 2735
f 3008 3009 2735
f 2735 3009 2734
f 3009 3010 2734
f 2734 3010 2733
f 3010 3011 2733
f 2733 3011 3012
f 3020 3021 2730
f 3021 3022 2730
f 2730 3022 2729
f 3022 3023 2729
f 2729 3023 3024
f 2973 2974 2726
f 2974 2975 2726
f 2726 2975 3043
f 2975 2976 3043
f 3043 2976 2977
f 2977 2978 3043
f 2978 2979 3043
f 3043 2979 2980
f 2980 2981 3043
f 2981 2982 3043
f 3043 2982 2983
f 2983 2984 3043
f 2984 2985 3043
f 3043 2985 2986
f 3052 3084 2670
f 3084 3085 2670
f 2670 3085 3086
f 3087 3088 3066
f 3088 3089 3066
f 3066 3089 3081
f 3086 3090 2670
f 3090 3091 2670
f 2670 3091 3092
f 3092 3093 2670
f 3093 3094 2670
f 2670 3094 3095
f 3095 3096 2670
f 3096 3097 2670
f 2670 3097 3098
f 3098 3099 2670
f 3099 3100 2670
f 2670 3100 3066
f 3100 3101 3066
f 3101 3102 3066
f 3102 3103 3066
f 3066 3103 3104
f 3104 3105 3066
f 3105 3106 3066
f 3066 3106 3087
f 2858 2859 3066
f 2859 2860 3066
f 3066 2860 2861
f 2851 2852 2689
f 2852 2853 2689
f 2689 2853 3066
f 2853 2854 3066
f 3066 2854 2855
f 2855 2856 3066
f 2856 2857 3066
f 3066 2857 2858
f 2675 2821 2822
f 2821 2675 2820
f 2675 2674 2820
f 2820 2674 2819
f 2822 2823 2675
f 2823 2824 2675
f 2675 2824 2676
f 2876 2877 2670
f 2877 2878 2670
f 2887 2673 2886
f 2673 2672 2886
f 2886 2672 2885
f 2837 2679 2836
f 2679 2678 2836
f 2836 2678 2835
f 2878 2879 2670
f 2879 2880 2670
f 2670 2880 2881
f 2881 2882 2670
f 2882 2883 2670
f 2670 2883 2884
f 2887 2888 2673
f 2888 2889 2673
f 2673 2889 2674
f 2889 2818 2674
f 2674 2818 2819
f 2824 2825 2676
f 2825 2826 2676
f 2676 2826 2827
f 2861 2862 3066
f 2862 2863 3066
f 3066 2863 2864
f 2864 2865 3066
f 2865 2866 3066
f 3066 2866 2867
f 2837 2838 2679
f 2838 2839 2679
f 2679 2839 2680
f 2885 2672 2884
f 2672 2671 2884
f 2884 2671 2670
f 2827 2828 2676
f 2828 2829 2676
f 2676 2829 2677
f 2829 2830 2677
f 2677 2830 2831
f 2831 2832 2677
f 2832 2833 2677
f 2677 2833 2678
f 2833 2834 2678
f 2678 2834 2835
f 2839 2840 2680
f 2840 2841 2680
f 2680 2841 2681
f 2841 2842 2681
f 2681 2842 2682
f 2842 2843 2682
f 2682 2843 2683
f 2843 2844 2683
f 2683 2844 2684
f 2844 2845 2684
f 2684 2845 2685
f 2845 2846 2685
f 2685 2846 2686
f 2846 2847 2686
f 2686 2847 2687
f 2847 2848 2687
f 2687 2848 2688
f 2848 2849 2688
f 2688 2849 2689
f 2849 2850 2689
f 2689 2850 2851
f 2867 2868 3066
f 2868 2869 3066
f 3066 2869 2670
f 2869 2870 2670
f 2870 2871 2670
f 2871 2872 2670
f 2670 2872 2873
f 2873 2874 2670
f 2874 2875 2670
f 2670 2875 2876
f 2928 2929 2698
f 2960 2961 3066
f 2893 2894 2689
f 2960 3066 2959
f 2698 2929 2699
f 2925 2926 2697
f 2961 2890 3066
f 2890 2891 3066
f 3066 2891 2689
f 2891 2892 2689
f 2689 2892 2893
f 2695 2916 2917
f 2697 2926 2698
f 2926 2927 2698
f 2698 2927 2928
f 2929 2930 2699
f 2930 2931 2699
f 2699 2931 2700
f 2931 2932 2700
f 2700 2932 2701
f 2932 2933 2701
f 2701 2933 2934
f 2953 2954 3066
f 2954 2955 3066
f 3066 2955 2956
f 2956 2957 3066
f 2957 2958 3066
f 3066 2958 2959
f 2917 2918 2695
f 2918 2919 2695
f 2695 2919 2696
f 2919 2920 2696
f 2696 2920 2921
f 2921 2922 2696
f 2922 2923 2696
f 2696 2923 2697
f 2923 2924 2697
f 2697 2924 2925
f 2948 2949 3066
f 2949 2950 3066
f 2894 2895 2689
f 2895 2896 2689
f 2689 2896 2897
f 2950 2951 3066
f 2951 2952 3066
f 3066 2952 2953
f 2908 2693 2907
f 2693 2692 2907
f 2907 2692 2906
f 2934 2935 2701
f 2935 2936 2701
f 2701 2936 2937
f 2937 2938 2701
f 2938 2939 2701
f 2701 2939 2940
f 2897 2898 2689
f 2898 2899 2689
f 2689 2899 2900
f 2900 2901 2689
f 2901 2902 2689
f 2689 2902 2690
f 2902 2691 2690
f 2902 2903 2691
f 2903 2904 2691
f 2691 2904 2692
f 2904 2905 2692
f 2692 2905 2906
f 2908 2909 2693
f 2909 2910 2693
f 2693 2910 2694
f 2910 2911 2694
f 2694 2911 2912
f 2912 2913 2694
f 2913 2914 2694
f 2694 2914 2695
f 2914 2915 2695
f 2695 2915 2916
f 2944 2945 3066
f 2940 2941 2701
f 2941 2942 2701
f 2701 2942 3066
f 2942 2943 3066
f 3066 2943 2944
f 2945 2946 3066
f 2946 2947 3066
f 3066 2947 2948
f 2816 2817 2720
f 2749 2750 3066
f 2816 2720 2815
f 2817 2746 2720
f 2746 2747 2720
f 2720 2747 3066
f 2747 2748 3066
f 3066 2748 2749
f 2782 2712 2781
f 2712 2711 2781
f 2781 2711 2780
f 2811 2812 2720
f 2790 2791 2714
f 2812 2813 2720
f 2813 2814 2720
f 2720 2814 2815
f 2750 2751 3066
f 2751 2752 3066
f 3066 2752 2753
f 2753 2754 3066
f 2754 2755 3066
f 3066 2755 2756
f 2710 2778 2711
f 2778 2779 2711
f 2711 2779 2780
f 2786 2787 2713
f 2787 2788 2713
f 2713 2788 2714
f 2788 2789 2714
f 2714 2789 2790
f 2808 2809 2720
f 2809 2810 2720
f 2720 2810 2811
f 2782 2783 2712
f 2783 2784 2712
f 2712 2784 2713
f 2784 2785 2713
f 2713 2785 2786
f 2756 2757 3066
f 2757 2758 3066
f 3066 2758 2759
f 2759 2760 3066
f 2760 2761 3066
f 3066 2761 2762
f 2801 2717 2800
f 2717 2716 2800
f 2800 2716 2799
f 2791 2792 2714
f 2792 2793 2714
f 2714 2793 2715
f 2793 2794 2715
f 2715 2794 2795
f 2795 2796 2715
f 2796 2797 2715
f 2715 2797 2716
f 2797 2798 2716
f 2716 2798 2799
f 2801 2802 2717
f 2802 2803 2717
f 2717 2803 2718
f 2762 2763 3066
f 2763 2764 3066
f 3066 2764 2701
f 2764 2765 2701
f 2701 2765 2766
f 2766 2767 2701
f 2767 2768 2701
f 2701 2768 2702
f 2768 2769 2702
f 2702 2769 2703
f 2769 2770 2703
f 2703 2770 2704
f 2770 2771 2704
f 2704 2771 2705
f 2771 2772 2705
f 2705 2772 2706
f 2772 2773 2706
f 2706 2773 2707
f 2773 2774 2707
f 2707 2774 2708
f 2774 2775 2708
f 2708 2775 2709
f 2775 2776 2709
f 2709 2776 2710
f 2776 2777 2710
f 2710 2777 2778
f 2803 2804 2718
f 2804 2805 2718
f 2718 2805 2719
f 2805 2806 2719
f 2719 2806 2720
f 2806 2807 2720
f 2720 2807 2808
f 2287 3077 2288
f 3077 3071 2288
f 2288 3071 2294
f 3071 3070 2294
f 2294 3070 2295
f 3070 3069 2295
f 2295 3069 2284
f 3069 3067 2284
f 2284 3067 2285
f 3067 3065 2285
f 2285 3065 2296
f 3065 3064 2296
f 2296 3064 2297
f 3064 3083 2297
f 2297 3083 2298
f 3083 3082 2298
f 2298 3082 2344
f 3082 3081 2344
f 2344 3081 2345
f 3081 3089 2345
f 2345 3089 2346
f 3089 3088 2346
f 2346 3088 2342
f 3088 3087 2342
f 2342 3087 2343
f 3087 3106 2343
f 2343 3106 2354
f 3106 3105 2354
f 2354 3105 2355
f 3105 3104 2355
f 2355 3104 2356
f 3104 3103 2356
f 2356 3103 2357
f 3103 3102 2357
f 2357 3102 2358
f 3102 3101 2358
f 2358 3101 2359
f 3101 3100 2359
f 2359 3100 2351
f 3100 3099 2351
f 2351 3099 2352
f 3099 3098 2352
f 2352 3098 2353
f 3098 3097 2353
f 2353 3097 2347
f 3097 3096 2347
f 2347 3096 2348
f 3096 3095 2348
f 2348 3095 2349
f 3095 3094 2349
f 2349 3094 2350
f 3094 3093 2350
f 2350 3093 2320
f 3093 3092 2320
f 2320 3092 2321
f 3092 3091 2321
f 2321 3091 2322
f 3091 3090 2322
f 2322 3090 2323
f 3090 3086 2323
f 2323 3086 2324
f 3086 3085 2324
f 2324 3085 2325
f 3085 3084 2325
f 2325 3084 2326
f 3084 3052 2326
f 2326 3052 2327
f 3052 3051 2327
f 2327 3051 2328
f 3051 3050 2328
f 2328 3050 2329
f 3050 3049 2329
f 2329 3049 2331
f 3049 3048 2331
f 2331 3048 2332
f 3048 3047 2332
f 2332 3047 2333
f 3047 3046 2333
f 2333 3046 2334
f 3046 3045 2334
f 2334 3045 2335
f 3045 3044 2335
f 2335 3044 2336
f 3044 3043 2336
f 2336 3043 2337
f 3043 3080 2337
f 2337 3080 2338
f 3080 3061 2338
f 2338 3061 2339
f 3061 3060 2339
f 2339 3060 2340
f 3060 3059 2340
f 2340 3059 2341
f 3059 3058 2341
f 2341 3058 2306
f 3058 3037 2306
f 2306 3037 2305
f 3037 3036 2305
f 2305 3036 2304
f 3036 3042 2304
f 2304 3042 2307
f 3042 3035 2307
f 2307 3035 2308
f 3035 3034 2308
f 2308 3034 2309
f 3034 3063 2309
f 2309 3063 2310
f 3063 3062 2310
f 2310 3062 2311
f 3062 3041 2311
f 2311 3041 2313
f 3041 3040 2313
f 2313 3040 2314
f 3040 3039 2314
f 2314 3039 2315
f 3039 3038 2315
f 2315 3038 2316
f 3038 3068 2316
f 2316 3068 2317
f 3068 3057 2317
f 2317 3057 2318
f 3057 3076 2318
f 2318 3076 2319
f 3076 3075 2319
f 2319 3075 2290
f 3075 3074 2290
f 2290 3074 2291
f 3074 3073 2291
f 2291 3073 2299
f 3073 3072 2299
f 2299 3072 2300
f 3072 3056 2300
f 2300 3056 2301
f 3056 3055 2301
f 2301 3055 2302
f 3055 3054 2302
f 2302 3054 2303
f 3054 3053 2303
f 2303 3053 2293
f 3053 3079 2293
f 2293 3079 2292
f 3079 3078 2292
f 2292 3078 2287
f 3078 3077 2287
f 1645 423 1646
f 423 422 1646
f 1646 422 1638
f 422 477 1638
f 1638 477 1639
f 477 476 1639
f 1639 476 1665
f 476 448 1665
f 1665 448 1666
f 448 447 1666
f 1666 447 1667
f 447 446 1667
f 1667 446 1668
f 446 445 1668
f 1668 445 1669
f 445 444 1669
f 1669 444 1670
f 444 443 1670
f 1670 443 1671
f 443 421 1671
f 1671 421 1672
f 421 420 1672
f 1672 420 1673
f 420 418 1673
f 1673 418 1655
f 418 417 1655
f 1655 417 1654
f 417 475 1654
f 1654 475 1653
f 475 474 1653
f 1653 474 1656
f 474 442 1656
f 1656 442 1657
f 442 441 1657
f 1657 441 1647
f 441 440 1647
f 1647 440 1648
f 440 473 1648
f 1648 473 1658
f 473 472 1658
f 1658 472 1659
f 472 471 1659
f 1659 471 1641
f 471 470 1641
f 1641 470 1642
f 470 469 1642
f 1642 469 1686
f 469 468 1686
f 1686 468 1687
f 468 467 1687
f 1687 467 1674
f 467 466 1674
f 1674 466 1675
f 466 465 1675
f 1675 465 1676
f 465 439 1676
f 1676 439 1677
f 439 438 1677
f 1677 438 1678
f 438 437 1678
f 1678 437 1679
f 437 436 1679
f 1679 436 1680
f 436 435 1680
f 1680 435 1681
f 435 464 1681
f 1681 464 1682
f 464 460 1682
f 1682 460 1660
f 460 459 1660
f 1660 459 1661
f 459 314 1661
f 1661 314 1662
f 314 313 1662
f 1662 313 1663
f 313 434 1663
f 1663 434 1664
f 434 433 1664
f 1664 433 1649
f 433 431 1649
f 1649 431 1650
f 431 430 1650
f 1650 430 1652
f 430 458 1652
f 1652 458 1690
f 458 457 1690
f 1690 457 1691
f 457 456 1691
f 1691 456 1692
f 456 455 1692
f 1692 455 1693
f 455 454 1693
f 1693 454 1694
f 454 487 1694
f 1694 487 1695
f 487 486 1695
f 1695 486 1698
f 486 485 1698
f 1698 485 1699
f 485 404 1699
f 1699 404 1700
f 404 403 1700
f 1700 403 1703
f 403 452 1703
f 1703 452 1704
f 452 413 1704
f 1704 413 1705
f 413 412 1705
f 1705 412 1706
f 412 482 1706
f 1706 482 1707
f 482 481 1707
f 1707 481 1708
f 481 479 1708
f 1708 479 1696
f 479 478 1696
f 1696 478 1697
f 478 483 1697
f 1697 483 1701
f 483 451 1701
f 1701 451 1702
f 451 450 1702
f 1702 450 1685
f 450 449 1685
f 1685 449 1684
f 449 429 1684
f 1684 429 1683
f 429 428 1683
f 1683 428 1688
f 428 427 1688
f 1688 427 1689
f 427 426 1689
f 1689 426 1633
f 426 425 1633
f 1633 425 1634
f 425 424 1634
f 1634 424 1636
f 424 410 1636
f 1636 410 1637
f 410 408 1637
f 1637 408 1644
f 408 407 1644
f 1644 407 1645
f 407 423 1645
f 1564 523 1576
f 523 522 1576
f 1576 522 1577
f 522 521 1577
f 1577 521 1578
f 521 520 1578
f 1578 520 1593
f 520 538 1593
f 1593 538 1594
f 538 537 1594
f 1594 537 1595
f 537 536 1595
f 1595 536 1596
f 536 535 1596
f 1596 535 1597
f 535 534 1597
f 1597 534 1598
f 534 533 1598
f 1598 533 1614
f 533 544 1614
f 1614 544 1615
f 544 543 1615
f 1615 543 1603
f 543 542 1603
f 1603 542 1602
f 542 577 1602
f 1602 577 1601
f 577 576 1601
f 1601 576 1604
f 576 575 1604
f 1604 575 1605
f 575 574 1605
f 1605 574 1606
f 574 567 1606
f 1606 567 1607
f 567 566 1607
f 1607 566 1608
f 566 557 1608
f 1608 557 1609
f 557 559 1609
f 1609 559 1610
f 559 560 1610
f 1610 560 1626
f 560 550 1626
f 1626 550 1627
f 550 549 1627
f 1627 549 1616
f 549 556 1616
f 1616 556 1617
f 556 555 1617
f 1617 555 1618
f 555 554 1618
f 1618 554 1580
f 554 519 1580
f 1580 519 1581
f 519 518 1581
f 1581 518 1582
f 518 517 1582
f 1582 517 1583
f 517 511 1583
f 1583 511 1584
f 511 510 1584
f 1584 510 1585
f 510 509 1585
f 1585 509 1586
f 509 508 1586
f 1586 508 1587
f 508 506 1587
f 1587 506 1567
f 506 504 1567
f 1567 504 1568
f 504 503 1568
f 1568 503 1579
f 503 527 1579
f 1579 527 1562
f 527 529 1562
f 1562 529 1563
f 529 495 1563
f 1563 495 1571
f 495 494 1571
f 1571 494 1572
f 494 502 1572
f 1572 502 1573
f 502 501 1573
f 1573 501 1588
f 501 500 1588
f 1588 500 1589
f 500 499 1589
f 1589 499 1590
f 499 547 1590
f 1590 547 1611
f 547 546 1611
f 1611 546 1612
f 546 545 1612
f 1612 545 1613
f 545 573 1613
f 1613 573 1619
f 573 572 1619
f 1619 572 1620
f 572 571 1620
f 1620 571 1621
f 571 580 1621
f 1621 580 1622
f 580 579 1622
f 1622 579 1623
f 579 578 1623
f 1623 578 1599
f 578 553 1599
f 1599 553 1600
f 553 552 1600
f 1600 552 1630
f 552 551 1630
f 1630 551 1631
f 551 570 1631
f 1631 570 1632
f 570 569 1632
f 1632 569 1624
f 569 565 1624
f 1624 565 1625
f 565 564 1625
f 1625 564 1628
f 564 563 1628
f 1628 563 1629
f 563 541 1629
f 1629 541 1574
f 541 540 1574
f 1574 540 1575
f 540 539 1575
f 1575 539 1591
f 539 526 1591
f 1591 526 1592
f 526 525 1592
f 1592 525 1559
f 525 524 1559
f 1559 524 1560
f 524 516 1560
f 1560 516 1569
f 516 515 1569
f 1569 515 1570
f 515 514 1570
f 1570 514 1566
f 514 513 1566
f 1566 513 1564
f 513 523 1564
f 1729 375 1747
f 375 400 1747
f 1747 400 1748
f 400 389 1748
f 1748 389 1749
f 389 399 1749
f 1749 399 1753
f 399 398 1753
f 1753 398 1754
f 398 388 1754
f 1754 388 1730
f 388 387 1730
f 1730 387 1731
f 387 386 1731
f 1731 386 1733
f 386 374 1733
f 1733 374 1734
f 374 373 1734
f 1734 373 1735
f 373 372 1735
f 1735 372 1736
f 372 354 1736
f 1736 354 1737
f 354 353 1737
f 1737 353 1738
f 353 352 1738
f 1738 352 1739
f 352 320 1739
f 1739 320 1740
f 320 319 1740
f 1740 319 1741
f 319 351 1741
f 1741 351 1742
f 351 350 1742
f 1742 350 1716
f 350 349 1716
f 1716 349 1717
f 349 348 1717
f 1717 348 1718
f 348 347 1718
f 1718 347 1719
f 347 346 1719
f 1719 346 1709
f 346 331 1709
f 1709 331 1710
f 331 330 1710
f 1710 330 1778
f 330 329 1778
f 1778 329 1779
f 329 328 1779
f 1779 328 1781
f 328 327 1781
f 1781 327 1782
f 327 326 1782
f 1782 326 1790
f 326 317 1790
f 1790 317 1791
f 317 316 1791
f 1791 316 1786
f 316 336 1786
f 1786 336 1787
f 336 335 1787
f 1787 335 1788
f 335 325 1788
f 1788 325 1789
f 325 324 1789
f 1789 324 1785
f 324 323 1785
f 1785 323 1783
f 323 322 1783
f 1783 322 1768
f 322 345 1768
f 1768 345 1767
f 345 344 1767
f 1767 344 1765
f 344 343 1765
f 1765 343 1769
f 343 371 1769
f 1769 371 1770
f 371 370 1770
f 1770 370 1771
f 370 369 1771
f 1771 369 1772
f 369 342 1772
f 1772 342 1773
f 342 341 1773
f 1773 341 1774
f 341 340 1774
f 1774 340 1775
f 340 334 1775
f 1775 334 1776
f 334 333 1776
f 1776 333 1777
f 333 368 1777
f 1777 368 1715
f 368 364 1715
f 1715 364 1714
f 364 397 1714
f 1714 397 1712
f 397 396 1712
f 1712 396 1750
f 396 395 1750
f 1750 395 1751
f 395 363 1751
f 1751 363 1752
f 363 362 1752
f 1752 362 1757
f 362 361 1757
f 1757 361 1758
f 361 338 1758
f 1758 338 1759
f 338 337 1759
f 1759 337 1755
f 337 385 1755
f 1755 385 1756
f 385 384 1756
f 1756 384 1760
f 384 383 1760
f 1760 383 1761
f 383 382 1761
f 1761 382 1762
f 382 380 1762
f 1762 380 1763
f 380 379 1763
f 1763 379 1764
f 379 360 1764
f 1764 360 1720
f 360 359 1720
f 1720 359 1721
f 359 358 1721
f 1721 358 1723
f 358 357 1723
f 1723 357 1724
f 357 394 1724
f 1724 394 1725
f 394 393 1725
f 1725 393 1726
f 393 378 1726
f 1726 378 1727
f 378 377 1727
f 1727 377 1728
f 377 376 1728
f 1728 376 1729
f 376 375 1729
f 1511 602 1516
f 602 600 1516
f 1516 600 1518
f 600 599 1518
f 1518 599 1519
f 599 640 1519
f 1519 640 1527
f 640 639 1527
f 1527 639 1528
f 639 627 1528
f 1528 627 1529
f 627 626 1529
f 1529 626 1530
f 626 625 1530
f 1530 625 1531
f 625 623 1531
f 1531 623 1532
f 623 622 1532
f 1532 622 1543
f 622 648 1543
f 1543 648 1544
f 648 647 1544
f 1544 647 1535
f 647 646 1535
f 1535 646 1534
f 646 598 1534
f 1534 598 1533
f 598 597 1533
f 1533 597 1545
f 597 638 1545
f 1545 638 1546
f 638 637 1546
f 1546 637 1547
f 637 636 1547
f 1547 636 1520
f 636 635 1520
f 1520 635 1521
f 635 634 1521
f 1521 634 1548
f 634 632 1548
f 1548 632 1549
f 632 631 1549
f 1549 631 1512
f 631 645 1512
f 1512 645 1513
f 645 644 1513
f 1513 644 1515
f 644 642 1515
f 1515 642 1477
f 642 641 1477
f 1477 641 1478
f 641 594 1478
f 1478 594 1495
f 594 595 1495
f 1495 595 1496
f 595 621 1496
f 1496 621 1497
f 621 620 1497
f 1497 620 1498
f 620 619 1498
f 1498 619 1499
f 619 618 1499
f 1499 618 1474
f 618 617 1474
f 1474 617 1475
f 617 584 1475
f 1475 584 1481
f 584 583 1481
f 1481 583 1482
f 583 616 1482
f 1482 616 1480
f 616 311 1480
f 1480 311 1483
f 311 310 1483
f 1483 310 1484
f 310 587 1484
f 1484 587 1485
f 587 586 1485
f 1485 586 1486
f 586 582 1486
f 1486 582 1488
f 582 581 1488
f 1488 581 1489
f 581 615 1489
f 1489 615 1490
f 615 614 1490
f 1490 614 1491
f 614 613 1491
f 1491 613 1492
f 613 612 1492
f 1492 612 1493
f 612 611 1493
f 1493 611 1522
f 611 591 1522
f 1522 591 1523
f 591 590 1523
f 1523 590 1524
f 590 664 1524
f 1524 664 1536
f 664 663 1536
f 1536 663 1537
f 663 653 1537
f 1537 653 1504
f 653 652 1504
f 1504 652 1505
f 652 651 1505
f 1505 651 1550
f 651 650 1550
f 1550 650 1551
f 650 649 1551
f 1551 649 1552
f 649 662 1552
f 1552 662 1525
f 662 661 1525
f 1525 661 1526
f 661 660 1526
f 1526 660 1538
f 660 659 1538
f 1538 659 1539
f 659 658 1539
f 1539 658 1540
f 658 657 1540
f 1540 657 1541
f 657 656 1541
f 1541 656 1542
f 656 655 1542
f 1542 655 1506
f 655 654 1506
f 1506 654 1507
f 654 630 1507
f 1507 630 1508
f 630 629 1508
f 1508 629 1503
f 629 628 1503
f 1503 628 1502
f 628 608 1502
f 1502 608 1500
f 608 609 1500
f 1500 609 1509
f 609 605 1509
f 1509 605 1510
f 605 604 1510
f 1510 604 1511
f 604 602 1511
f 670 1487 312
f 1487 1494 312
f 1561 491 1555
f 491 490 1555
f 1555 490 1556
f 490 496 1556
f 1556 496 1554
f 496 312 1554
f 1554 312 1501
f 312 1494 1501
f 1780 1104 1711
f 1104 318 1711
f 1711 318 1732
f 318 321 1732
f 1732 321 1743
f 489 1640 419
f 1640 1643 419
f 419 1643 321
f 1643 1745 321
f 321 1745 1743
f 2467 1151 2455
f 1151 1173 2455
f 2455 1173 2456
f 1173 1172 2456
f 2456 1172 2468
f 1172 1171 2468
f 2468 1171 2469
f 1171 1170 2469
f 2469 1170 2470
f 1170 1168 2470
f 2470 1168 2493
f 1168 1180 2493
f 2493 1180 2494
f 1180 1179 2494
f 2494 1179 2471
f 1179 1178 2471
f 2471 1178 2472
f 1178 1166 2472
f 2472 1166 2512
f 1166 1165 2512
f 2512 1165 2513
f 1165 1190 2513
f 2513 1190 2514
f 1190 1188 2514
f 2514 1188 2515
f 1188 1187 2515
f 2515 1187 2516
f 1187 1186 2516
f 2516 1186 2517
f 1186 1185 2517
f 2517 1185 2504
f 1185 1184 2504
f 2504 1184 2505
f 1184 1182 2505
f 2505 1182 2506
f 1182 1181 2506
f 2506 1181 2507
f 1181 1163 2507
f 2507 1163 2508
f 1163 1162 2508
f 2508 1162 2509
f 1162 1161 2509
f 2509 1161 2473
f 1161 1160 2473
f 2473 1160 2474
f 1160 1159 2474
f 2474 1159 2495
f 1159 1158 2495
f 2495 1158 2496
f 1158 1157 2496
f 2496 1157 2448
f 1157 1156 2448
f 2448 1156 2449
f 1156 1155 2449
f 2449 1155 2457
f 1155 1148 2457
f 2457 1148 2458
f 1148 1147 2458
f 2458 1147 2459
f 1147 1146 2459
f 2459 1146 2460
f 1146 1145 2460
f 2460 1145 2475
f 1145 1144 2475
f 2475 1144 2476
f 1144 1143 2476
f 2476 1143 2477
f 1143 1113 2477
f 2477 1113 2450
f 1113 1112 2450
f 2450 1112 2451
f 1112 1111 2451
f 2451 1111 2478
f 1111 1109 2478
f 2478 1109 2479
f 1109 1108 2479
f 2479 1108 2480
f 1108 1132 2480
f 2480 1132 2481
f 1132 1131 2481
f 2481 1131 2497
f 1131 1130 2497
f 2497 1130 2498
f 1130 1129 2498
f 2498 1129 2499
f 1129 1128 2499
f 2499 1128 2482
f 1128 1127 2482
f 2482 1127 2483
f 1127 1126 2483
f 2483 1126 2484
f 1126 1125 2484
f 2484 1125 2485
f 1125 1142 2485
f 2485 1142 2500
f 1142 1141 2500
f 2500 1141 2501
f 1141 1124 2501
f 2501 1124 2486
f 1124 1123 2486
f 2486 1123 2487
f 1123 1154 2487
f 2487 1154 2510
f 1154 1153 2510
f 2510 1153 2511
f 1153 1140 2511
f 2511 1140 2488
f 1140 1139 2488
f 2488 1139 2489
f 1139 1138 2489
f 2489 1138 2461
f 1138 1106 2461
f 2461 1106 2462
f 1106 1105 2462
f 2462 1105 2463
f 1105 1122 2463
f 2463 1122 2464
f 1122 1121 2464
f 2464 1121 2490
f 1121 1120 2490
f 2490 1120 2491
f 1120 1118 2491
f 2491 1118 2492
f 1118 1117 2492
f 2492 1117 2502
f 1117 1176 2502
f 2502 1176 2503
f 1176 1175 2503
f 2503 1175 2445
f 1175 1174 2445
f 2445 1174 2446
f 1174 1116 2446
f 2446 1116 2452
f 1116 1137 2452
f 2452 1137 2453
f 1137 1136 2453
f 2453 1136 2454
f 1136 1134 2454
f 2454 1134 2465
f 1134 1133 2465
f 2465 1133 2466
f 1133 1149 2466
f 2466 1149 2467
f 1149 1151 2467
f 2016 820 2002
f 820 839 2002
f 2002 839 2003
f 839 838 2003
f 2003 838 2004
f 838 836 2004
f 2004 836 2005
f 836 835 2005
f 2005 835 1982
f 835 818 1982
f 1982 818 1983
f 818 816 1983
f 1983 816 1984
f 816 815 1984
f 1984 815 1985
f 815 795 1985
f 1985 795 1986
f 795 794 1986
f 1986 794 1987
f 794 784 1987
f 1987 784 1972
f 784 783 1972
f 1972 783 1973
f 783 782 1973
f 1973 782 1989
f 782 756 1989
f 1989 756 1990
f 756 755 1990
f 1990 755 1991
f 755 775 1991
f 1991 775 1988
f 775 774 1988
f 1988 774 1977
f 774 763 1977
f 1977 763 1978
f 763 762 1978
f 1978 762 1992
f 762 761 1992
f 1992 761 1993
f 761 773 1993
f 1993 773 1994
f 773 772 1994
f 1994 772 2006
f 772 771 2006
f 2006 771 2007
f 771 769 2007
f 2007 769 2009
f 769 768 2009
f 2009 768 2010
f 768 809 2010
f 2010 809 2038
f 809 808 2038
f 2038 808 2039
f 808 793 2039
f 2039 793 2017
f 793 792 2017
f 2017 792 2018
f 792 791 2018
f 2018 791 2019
f 791 781 2019
f 2019 781 2035
f 781 780 2035
f 2035 780 2036
f 780 779 2036
f 2036 779 2037
f 779 790 2037
f 2037 790 2051
f 790 789 2051
f 2051 789 2052
f 789 778 2052
f 2052 778 2053
f 778 777 2053
f 2053 777 2048
f 777 776 2048
f 2048 776 2049
f 776 807 2049
f 2049 807 2050
f 807 806 2050
f 2050 806 2040
f 806 805 2040
f 2040 805 2041
f 805 814 2041
f 2041 814 2043
f 814 813 2043
f 2043 813 2044
f 813 812 2044
f 2044 812 2045
f 812 811 2045
f 2045 811 2046
f 811 810 2046
f 2046 810 2047
f 810 785 2047
f 2047 785 2020
f 785 787 2020
f 2020 787 2021
f 787 788 2021
f 2021 788 2023
f 788 804 2023
f 2023 804 2025
f 804 803 2025
f 2025 803 2026
f 803 802 2026
f 2026 802 2027
f 802 801 2027
f 2027 801 2028
f 801 800 2028
f 2028 800 2029
f 800 798 2029
f 2029 798 1997
f 798 797 1997
f 1997 797 1995
f 797 767 1995
f 1995 767 1975
f 767 765 1975
f 1975 765 1976
f 765 764 1976
f 1976 764 1998
f 764 760 1998
f 1998 760 1999
f 760 829 1999
f 1999 829 2030
f 829 828 2030
f 2030 828 2031
f 828 834 2031
f 2031 834 2033
f 834 833 2033
f 2033 833 2034
f 833 831 2034
f 2034 831 2011
f 831 830 2011
f 2011 830 2012
f 830 826 2012
f 2012 826 2014
f 826 825 2014
f 2014 825 2001
f 825 824 2001
f 2001 824 1980
f 824 823 1980
f 1980 823 1981
f 823 822 1981
f 1981 822 2015
f 822 821 2015
f 2015 821 2016
f 821 820 2016

